{"type":"FeatureCollection","features":[{"type":"Feature","properties":{"kind":"land","ha":3.0},"geometry":{"type":"Polygon","coordinates":[[[89.64024,25.42593],[89.64024,25.42575],[89.64004,25.42575],[89.64002,25.42503],[89.63983,25.42504],[89.63981,25.42449],[89.63942,25.42468],[89.63944,25.4254],[89.63904,25.42541],[89.63903,25.42487],[89.63863,25.4247],[89.63861,25.42415],[89.63841,25.42416],[89.63841,25.4238],[89.63821,25.4238],[89.63822,25.42416],[89.63802,25.42417],[89.63803,25.42471],[89.63823,25.4247],[89.63824,25.42506],[89.63804,25.42507],[89.63804,25.42525],[89.63764,25.42526],[89.63765,25.42544],[89.63785,25.42543],[89.63785,25.42579],[89.63766,25.4258],[89.63766,25.42598],[89.64024,25.42593]]]}},{"type":"Feature","properties":{"kind":"land","ha":6.0},"geometry":{"type":"Polygon","coordinates":[[[89.67243,25.42535],[89.67242,25.42499],[89.67202,25.42481],[89.67201,25.42427],[89.6722,25.42427],[89.67221,25.42463],[89.67241,25.42463],[89.67241,25.42445],[89.673,25.42444],[89.673,25.42407],[89.6728,25.42408],[89.67278,25.42354],[89.67238,25.42336],[89.67238,25.42318],[89.67218,25.42319],[89.67217,25.42283],[89.67177,25.42265],[89.67177,25.42247],[89.67157,25.42248],[89.67156,25.4223],[89.67137,25.4223],[89.67136,25.42194],[89.67056,25.42195],[89.67037,25.42232],[89.66998,25.42232],[89.66999,25.42287],[89.67078,25.42267],[89.67079,25.42339],[89.67039,25.42322],[89.6704,25.42358],[89.6706,25.42358],[89.67061,25.42412],[89.67081,25.42411],[89.67082,25.42448],[89.67102,25.42447],[89.67102,25.42483],[89.67122,25.42483],[89.67123,25.42519],[89.67143,25.42519],[89.67143,25.42537],[89.67243,25.42535]]]}},{"type":"Feature","properties":{"kind":"land","ha":3.3},"geometry":{"type":"Polygon","coordinates":[[[89.70774,25.42236],[89.70773,25.42217],[89.70793,25.42217],[89.70794,25.42235],[89.70853,25.42234],[89.70853,25.42216],[89.70893,25.42215],[89.70892,25.42197],[89.70972,25.42196],[89.7097,25.42106],[89.7095,25.42106],[89.70949,25.42088],[89.7089,25.42089],[89.7089,25.42107],[89.7085,25.42108],[89.70851,25.42126],[89.70831,25.42126],[89.70831,25.42108],[89.70791,25.42109],[89.7079,25.42091],[89.70771,25.42091],[89.70732,25.42164],[89.70673,25.42165],[89.70674,25.42201],[89.70714,25.42219],[89.70714,25.42237],[89.70774,25.42236]]]}},{"type":"Feature","properties":{"kind":"land","ha":13.1},"geometry":{"type":"Polygon","coordinates":[[[89.64183,25.4259],[89.64183,25.42572],[89.64222,25.42571],[89.64222,25.42553],[89.64381,25.42569],[89.6442,25.42496],[89.6446,25.42513],[89.6446,25.42531],[89.645,25.4253],[89.64498,25.42458],[89.64478,25.42459],[89.64478,25.42422],[89.64458,25.42423],[89.64457,25.42405],[89.64358,25.42407],[89.64356,25.42334],[89.64396,25.42316],[89.64395,25.42298],[89.64415,25.42297],[89.64415,25.42279],[89.64435,25.42279],[89.64433,25.42207],[89.64314,25.42191],[89.64295,25.42263],[89.64275,25.42264],[89.64273,25.42173],[89.64214,25.42175],[89.64214,25.42193],[89.64194,25.42193],[89.64195,25.42229],[89.64136,25.4223],[89.64136,25.42248],[89.64096,25.42249],[89.64097,25.42285],[89.64077,25.42285],[89.64079,25.42375],[89.64099,25.42375],[89.64101,25.42447],[89.6412,25.42447],[89.64122,25.42519],[89.64102,25.42519],[89.64103,25.42574],[89.64083,25.42574],[89.64084,25.42592],[89.64183,25.4259]]]}},{"type":"Feature","properties":{"kind":"land","ha":3.7},"geometry":{"type":"Polygon","coordinates":[[[89.63504,25.42422],[89.63503,25.42386],[89.63523,25.42385],[89.63522,25.42367],[89.63582,25.42366],[89.63601,25.4233],[89.6368,25.4231],[89.6368,25.42292],[89.6364,25.42293],[89.6364,25.42275],[89.6362,25.42275],[89.63619,25.42257],[89.6358,25.42258],[89.63579,25.4224],[89.63559,25.4224],[89.63558,25.42168],[89.63538,25.42169],[89.63538,25.42151],[89.63557,25.4215],[89.63554,25.41988],[89.63515,25.42007],[89.63515,25.42025],[89.63495,25.42025],[89.63498,25.42169],[89.63518,25.42169],[89.63519,25.42223],[89.6348,25.42242],[89.63464,25.42423],[89.63504,25.42422]]]}},{"type":"Feature","properties":{"kind":"land","ha":3.6},"geometry":{"type":"Polygon","coordinates":[[[89.64114,25.4214],[89.64113,25.42104],[89.64133,25.42104],[89.64132,25.42086],[89.64152,25.42085],[89.64151,25.42049],[89.64171,25.42049],[89.64171,25.42031],[89.64191,25.42031],[89.64191,25.42049],[89.64251,25.42047],[89.64251,25.42066],[89.64271,25.42065],[89.64272,25.42119],[89.64332,25.42118],[89.64331,25.421],[89.64351,25.421],[89.6435,25.42046],[89.64389,25.42027],[89.64388,25.41973],[89.64368,25.41973],[89.64369,25.41991],[89.64309,25.41992],[89.6431,25.4201],[89.6423,25.42012],[89.64209,25.4194],[89.64169,25.41941],[89.64169,25.41959],[89.6411,25.4196],[89.6411,25.41978],[89.6409,25.41978],[89.64091,25.42032],[89.64052,25.42033],[89.64054,25.42123],[89.64093,25.42123],[89.64094,25.42141],[89.64114,25.4214]]]}},{"type":"Feature","properties":{"kind":"land","ha":4.3},"geometry":{"type":"Polygon","coordinates":[[[89.74984,25.42103],[89.74983,25.42049],[89.75003,25.42049],[89.75,25.41922],[89.7502,25.41922],[89.75016,25.41742],[89.74996,25.41742],[89.74995,25.41706],[89.75015,25.41706],[89.75014,25.41687],[89.74994,25.41688],[89.74992,25.41598],[89.74953,25.41598],[89.74952,25.4158],[89.74932,25.41581],[89.74932,25.41545],[89.74852,25.41528],[89.74852,25.41546],[89.74832,25.41546],[89.74834,25.41637],[89.74854,25.41636],[89.74855,25.4169],[89.74875,25.4169],[89.74876,25.41708],[89.74975,25.41706],[89.74977,25.41814],[89.74958,25.41815],[89.74959,25.41869],[89.74979,25.41869],[89.7498,25.41923],[89.7496,25.41923],[89.74963,25.42049],[89.74943,25.4205],[89.74945,25.42122],[89.74984,25.42103]]]}},{"type":"Feature","properties":{"kind":"land","ha":32.0},"geometry":{"type":"Polygon","coordinates":[[[89.74017,25.4241],[89.74016,25.42356],[89.74036,25.42355],[89.74035,25.42337],[89.74075,25.42337],[89.74076,25.42355],[89.74056,25.42355],[89.74057,25.42409],[89.74256,25.42406],[89.74255,25.42369],[89.74235,25.4237],[89.74234,25.42316],[89.74214,25.42316],[89.74212,25.42244],[89.74172,25.42227],[89.74172,25.42209],[89.74152,25.42209],[89.7415,25.42137],[89.7413,25.42137],[89.74127,25.42011],[89.74107,25.42011],[89.74106,25.41957],[89.74086,25.41957],[89.74084,25.41831],[89.74103,25.41831],[89.74103,25.41795],[89.74083,25.41795],[89.7408,25.41687],[89.7404,25.4167],[89.74043,25.41796],[89.73983,25.41797],[89.73963,25.41761],[89.73943,25.41762],[89.7394,25.41653],[89.739,25.41636],[89.73899,25.416],[89.73919,25.416],[89.73919,25.41582],[89.73959,25.41581],[89.73958,25.41563],[89.73918,25.41546],[89.73917,25.41491],[89.73897,25.41492],[89.73898,25.41528],[89.73878,25.41528],[89.73879,25.41564],[89.73859,25.41565],[89.7386,25.41619],[89.7384,25.41619],[89.73841,25.41655],[89.73821,25.41656],[89.7382,25.41601],[89.7378,25.41602],[89.7378,25.41584],[89.7376,25.41585],[89.73759,25.41548],[89.73679,25.41532],[89.7368,25.4155],[89.7372,25.41567],[89.73728,25.41928],[89.73748,25.41928],[89.73749,25.41964],[89.73769,25.41963],[89.7377,25.42036],[89.7379,25.42035],[89.73791,25.42071],[89.73811,25.42071],[89.7381,25.42017],[89.73849,25.41998],[89.73848,25.4198],[89.73888,25.41979],[89.73889,25.41997],[89.73908,25.41997],[89.73909,25.42033],[89.73949,25.4205],[89.7395,25.42086],[89.7399,25.42104],[89.73993,25.42212],[89.73973,25.42212],[89.73974,25.42248],[89.73895,25.42268],[89.73895,25.42286],[89.73816,25.42287],[89.73812,25.42125],[89.73732,25.4209],[89.73754,25.42198],[89.73734,25.42199],[89.73737,25.42343],[89.73757,25.42343],[89.73758,25.42379],[89.73738,25.42379],[89.73739,25.42397],[89.73639,25.42399],[89.73639,25.42381],[89.73599,25.42382],[89.73599,25.42364],[89.73539,25.42365],[89.73539,25.42347],[89.73519,25.42347],[89.73518,25.42311],[89.73478,25.42312],[89.73458,25.42276],[89.73398,25.42277],[89.73398,25.42295],[89.73279,25.42297],[89.73259,25.42262],[89.73219,25.42262],[89.732,25.42299],[89.7318,25.42299],[89.73182,25.42371],[89.73162,25.42372],[89.73162,25.4239],[89.73261,25.42388],[89.73261,25.4237],[89.7344,25.42367],[89.73439,25.42331],[89.73479,25.4233],[89.7348,25.42366],[89.7352,25.42383],[89.7352,25.42401],[89.7358,25.424],[89.7358,25.42418],[89.74017,25.4241]],[[89.73827,25.41908],[89.73847,25.41908],[89.73847,25.41926],[89.73867,25.41925],[89.73868,25.41962],[89.73828,25.41962],[89.73827,25.41908]]]}},{"type":"Feature","properties":{"kind":"land","ha":10.8},"geometry":{"type":"Polygon","coordinates":[[[89.71146,25.42012],[89.71146,25.41976],[89.71165,25.41976],[89.71165,25.4194],[89.71125,25.4194],[89.71124,25.41922],[89.71105,25.41923],[89.71105,25.41941],[89.71045,25.41942],[89.71025,25.41906],[89.71104,25.41886],[89.71103,25.41832],[89.71122,25.41832],[89.71122,25.41814],[89.71102,25.41814],[89.71101,25.4176],[89.71061,25.41743],[89.7106,25.41725],[89.71041,25.41725],[89.7104,25.41689],[89.71079,25.41688],[89.711,25.41724],[89.7112,25.41724],[89.7112,25.41742],[89.7116,25.41741],[89.71179,25.41705],[89.71199,25.41704],[89.71199,25.41686],[89.71179,25.41687],[89.71177,25.41596],[89.71197,25.41596],[89.71196,25.4156],[89.71216,25.4156],[89.71215,25.41542],[89.71175,25.41524],[89.71175,25.41506],[89.71135,25.41507],[89.71116,25.41543],[89.71076,25.41544],[89.71077,25.41562],[89.71057,25.41562],[89.71078,25.41634],[89.71039,25.41635],[89.71019,25.41671],[89.71,25.41672],[89.70999,25.41654],[89.70959,25.41655],[89.7096,25.41673],[89.7092,25.41673],[89.70921,25.41691],[89.70881,25.41692],[89.70881,25.4171],[89.70802,25.41712],[89.70803,25.41748],[89.70783,25.41748],[89.70783,25.41766],[89.70823,25.41765],[89.70844,25.41801],[89.70863,25.41801],[89.70864,25.41819],[89.70904,25.41818],[89.70924,25.41854],[89.70944,25.41853],[89.70945,25.41889],[89.70906,25.41908],[89.70906,25.41926],[89.70826,25.41928],[89.70828,25.42],[89.70907,25.4198],[89.70907,25.41962],[89.70986,25.41961],[89.71007,25.41997],[89.71047,25.41996],[89.71047,25.42014],[89.71146,25.42012]]]}},{"type":"Feature","properties":{"kind":"land","ha":19.4},"geometry":{"type":"Polygon","coordinates":[[[89.69858,25.42162],[89.69877,25.42126],[89.69937,25.42125],[89.69936,25.42107],[89.69976,25.42106],[89.69975,25.42088],[89.69995,25.42087],[89.69995,25.42051],[89.70034,25.42033],[89.70033,25.41996],[89.70053,25.41996],[89.70052,25.4196],[89.70091,25.41941],[89.70091,25.41905],[89.70111,25.41905],[89.70109,25.41851],[89.70129,25.4185],[89.70128,25.41778],[89.70147,25.41778],[89.70147,25.41742],[89.70166,25.41741],[89.70165,25.41687],[89.70185,25.41687],[89.70183,25.41579],[89.70203,25.41578],[89.70201,25.41488],[89.7022,25.41488],[89.70219,25.41434],[89.7018,25.41434],[89.70179,25.41416],[89.70159,25.41417],[89.7016,25.41435],[89.7014,25.41435],[89.70144,25.41615],[89.70124,25.41616],[89.70125,25.4167],[89.70086,25.41689],[89.70086,25.41707],[89.70066,25.41707],[89.70068,25.41797],[89.70049,25.41798],[89.7005,25.41852],[89.7003,25.41852],[89.70031,25.41888],[89.69991,25.41889],[89.69991,25.41907],[89.69912,25.41908],[89.69909,25.418],[89.69869,25.41783],[89.69848,25.41711],[89.69868,25.41711],[89.69864,25.41566],[89.69904,25.41566],[89.69904,25.41548],[89.69924,25.41547],[89.69923,25.41511],[89.69883,25.41494],[89.69882,25.41476],[89.69862,25.41476],[89.69862,25.41458],[89.69842,25.41459],[89.69841,25.41422],[89.69822,25.41423],[89.69821,25.41405],[89.69781,25.41405],[89.69781,25.41387],[89.69761,25.41388],[89.69761,25.4137],[89.69721,25.41371],[89.69721,25.41389],[89.69702,25.41389],[89.69704,25.41479],[89.69783,25.41496],[89.69783,25.41478],[89.69803,25.41477],[89.69805,25.41567],[89.69825,25.41567],[89.69826,25.41621],[89.69806,25.41622],[89.69809,25.4173],[89.69789,25.4173],[89.69789,25.41766],[89.6975,25.41767],[89.69728,25.41695],[89.69708,25.41696],[89.69708,25.4166],[89.69668,25.41678],[89.6967,25.4175],[89.6963,25.41751],[89.69629,25.41715],[89.69589,25.41698],[89.69593,25.41878],[89.69554,25.41897],[89.69555,25.41933],[89.69535,25.41933],[89.69536,25.42006],[89.69556,25.42005],[89.69555,25.41969],[89.69575,25.41969],[89.69575,25.41933],[89.69594,25.41932],[89.69594,25.41896],[89.69613,25.41896],[89.69611,25.41806],[89.69631,25.41805],[89.69631,25.41769],[89.6965,25.41769],[89.69651,25.41787],[89.69671,25.41787],[89.69672,25.41841],[89.69692,25.4184],[89.69693,25.41876],[89.69733,25.41894],[89.69733,25.41912],[89.69753,25.41911],[89.69754,25.41965],[89.69714,25.41966],[89.69715,25.41984],[89.69695,25.41985],[89.69696,25.42021],[89.69656,25.42039],[89.69657,25.42058],[89.69677,25.42057],[89.69677,25.42093],[89.69757,25.42092],[89.69755,25.41984],[89.69774,25.41983],[89.69774,25.41965],[89.69814,25.41982],[89.69814,25.41964],[89.69853,25.41964],[89.69854,25.42],[89.69834,25.42],[89.69836,25.4209],[89.69817,25.42091],[89.69817,25.42127],[89.69797,25.42127],[89.69798,25.42163],[89.69858,25.42162]]]}},{"type":"Feature","properties":{"kind":"land","ha":5.9},"geometry":{"type":"Polygon","coordinates":[[[89.75472,25.41697],[89.75469,25.41571],[89.75489,25.4157],[89.75488,25.41552],[89.75468,25.41553],[89.75467,25.41498],[89.75447,25.41499],[89.75446,25.41463],[89.75427,25.41463],[89.75426,25.41427],[89.75406,25.41427],[89.75405,25.41373],[89.75385,25.41374],[89.75384,25.41338],[89.75364,25.41338],[89.75362,25.41266],[89.75322,25.41249],[89.75322,25.4123],[89.75302,25.41231],[89.75302,25.41249],[89.75283,25.41249],[89.75283,25.41285],[89.75244,25.41304],[89.75244,25.41322],[89.75225,25.41323],[89.75225,25.41341],[89.75205,25.41341],[89.75207,25.41413],[89.75247,25.4143],[89.75246,25.41394],[89.75286,25.41394],[89.75286,25.41412],[89.75306,25.41411],[89.75307,25.41429],[89.75287,25.4143],[89.75288,25.41502],[89.75369,25.41536],[89.75369,25.41573],[89.75389,25.41572],[89.7539,25.41626],[89.7541,25.41626],[89.75412,25.4168],[89.75431,25.4168],[89.75432,25.41716],[89.75472,25.41697]]]}},{"type":"Feature","properties":{"kind":"land","ha":3.0},"geometry":{"type":"Polygon","coordinates":[[[89.64282,25.4165],[89.64281,25.41632],[89.64322,25.41649],[89.64321,25.41613],[89.64341,25.41613],[89.6434,25.41559],[89.64379,25.4154],[89.64378,25.41522],[89.64418,25.41521],[89.64439,25.41557],[89.64459,25.41556],[89.64457,25.41466],[89.64437,25.41467],[89.64436,25.41449],[89.64377,25.4145],[89.64378,25.41486],[89.64338,25.41486],[89.64337,25.4145],[89.64376,25.41432],[89.64376,25.41414],[89.64356,25.41414],[89.64356,25.41396],[89.64296,25.41397],[89.64298,25.41487],[89.64278,25.41487],[89.64279,25.41506],[89.64319,25.41523],[89.6432,25.41559],[89.6428,25.41578],[89.64281,25.41596],[89.64221,25.41597],[89.64221,25.41579],[89.64181,25.41579],[89.64183,25.41652],[89.64202,25.41651],[89.64203,25.41669],[89.64282,25.4165]]]}},{"type":"Feature","properties":{"kind":"land","ha":4.9},"geometry":{"type":"Polygon","coordinates":[[[89.65729,25.41497],[89.65748,25.41461],[89.65768,25.41461],[89.65768,25.41443],[89.65788,25.41442],[89.65787,25.41424],[89.65827,25.41423],[89.65827,25.41405],[89.65847,25.41405],[89.65846,25.41369],[89.65746,25.41371],[89.65726,25.41335],[89.65706,25.41335],[89.65705,25.41299],[89.65646,25.413],[89.65646,25.41336],[89.65587,25.41338],[89.65587,25.41356],[89.65547,25.41356],[89.65548,25.41374],[89.65488,25.41375],[89.65489,25.4143],[89.65409,25.41413],[89.6541,25.41449],[89.6553,25.41465],[89.6553,25.41483],[89.6557,25.41482],[89.65589,25.41446],[89.65609,25.41445],[89.6563,25.41481],[89.65649,25.41481],[89.6565,25.41499],[89.65729,25.41497]]]}},{"type":"Feature","properties":{"kind":"land","ha":7.4},"geometry":{"type":"Polygon","coordinates":[[[89.67662,25.41733],[89.67662,25.41715],[89.67682,25.41715],[89.6768,25.41642],[89.67719,25.41624],[89.67719,25.41606],[89.67759,25.41605],[89.67778,25.41568],[89.67798,25.41568],[89.67797,25.41532],[89.67817,25.41532],[89.67816,25.41496],[89.67836,25.41495],[89.67835,25.41477],[89.67915,25.41458],[89.67914,25.4144],[89.67954,25.41439],[89.67973,25.41402],[89.68013,25.41402],[89.68012,25.41384],[89.68052,25.41401],[89.68034,25.41474],[89.68074,25.41473],[89.68073,25.41455],[89.68093,25.41454],[89.68091,25.41346],[89.6813,25.41327],[89.6813,25.41309],[89.6815,25.41309],[89.68149,25.41291],[89.68169,25.41291],[89.68168,25.41255],[89.68208,25.41236],[89.68207,25.41218],[89.68227,25.41217],[89.68227,25.41199],[89.68247,25.41199],[89.68246,25.41163],[89.68266,25.41163],[89.68264,25.41108],[89.68225,25.41127],[89.68226,25.41145],[89.68206,25.41146],[89.68206,25.41164],[89.68186,25.41164],[89.68187,25.412],[89.68147,25.41201],[89.68128,25.41237],[89.68108,25.41238],[89.68109,25.41256],[89.6803,25.41275],[89.68011,25.41312],[89.67971,25.41312],[89.67952,25.41349],[89.67912,25.41349],[89.67913,25.41368],[89.67873,25.41368],[89.67854,25.41405],[89.67834,25.41405],[89.67834,25.41423],[89.67814,25.41423],[89.67815,25.41441],[89.67795,25.41442],[89.67795,25.4146],[89.67775,25.4146],[89.67776,25.41478],[89.67756,25.41479],[89.67757,25.41515],[89.67717,25.41533],[89.67718,25.4157],[89.67679,25.41588],[89.67679,25.41606],[89.67659,25.41607],[89.6766,25.41625],[89.6764,25.41625],[89.6764,25.41643],[89.67561,25.41663],[89.67562,25.41681],[89.67502,25.41682],[89.67503,25.417],[89.67562,25.41699],[89.67563,25.41717],[89.67622,25.41716],[89.67623,25.41734],[89.67662,25.41733]]]}},{"type":"Feature","properties":{"kind":"land","ha":55.7},"geometry":{"type":"Polygon","coordinates":[[[89.65009,25.42178],[89.65011,25.42268],[89.64991,25.42269],[89.64996,25.42485],[89.65016,25.42485],[89.65016,25.42521],[89.64977,25.4254],[89.64977,25.42558],[89.64958,25.42558],[89.64958,25.42576],[89.65018,25.42575],[89.65017,25.42539],[89.65057,25.42538],[89.65057,25.42574],[89.65117,25.42573],[89.65116,25.42519],[89.65136,25.42519],[89.65134,25.42429],[89.65153,25.42428],[89.65153,25.42392],[89.65192,25.42391],[89.65212,25.42355],[89.65231,25.42355],[89.65248,25.4221],[89.65287,25.42191],[89.65285,25.42101],[89.65305,25.42101],[89.65301,25.4192],[89.65282,25.41921],[89.65281,25.41885],[89.65221,25.41886],[89.65223,25.41994],[89.65204,25.41994],[89.65203,25.41976],[89.65163,25.41977],[89.65163,25.41941],[89.65103,25.41942],[89.65102,25.41888],[89.65142,25.41905],[89.65142,25.41923],[89.65182,25.41922],[89.65182,25.41904],[89.65202,25.41904],[89.65201,25.41886],[89.65181,25.41886],[89.65179,25.41796],[89.6516,25.41796],[89.65159,25.41778],[89.65119,25.41779],[89.651,25.41816],[89.6508,25.41816],[89.65081,25.41834],[89.65041,25.41835],[89.65041,25.41817],[89.65021,25.41817],[89.6502,25.41781],[89.65,25.41781],[89.64998,25.41673],[89.64978,25.41673],[89.64977,25.41619],[89.64997,25.41619],[89.64996,25.41601],[89.65036,25.416],[89.65055,25.41564],[89.65095,25.41581],[89.65094,25.41527],[89.65074,25.41527],[89.65073,25.41455],[89.65112,25.41436],[89.65112,25.41418],[89.65092,25.41419],[89.65091,25.41383],[89.65071,25.41383],[89.6507,25.41347],[89.6505,25.41347],[89.6505,25.41329],[89.6497,25.41331],[89.6495,25.41295],[89.6493,25.41295],[89.6493,25.41277],[89.6491,25.41278],[89.64909,25.4126],[89.6485,25.41261],[89.6485,25.41279],[89.6481,25.41279],[89.6481,25.41261],[89.64671,25.41264],[89.64671,25.41246],[89.64631,25.41246],[89.6461,25.41211],[89.6459,25.41211],[89.6459,25.41193],[89.6455,25.41194],[89.6455,25.41176],[89.6453,25.41176],[89.64529,25.4114],[89.6449,25.41159],[89.64469,25.41123],[89.64429,25.41124],[89.6443,25.41142],[89.6441,25.41142],[89.64411,25.41196],[89.64391,25.41197],[89.64393,25.41269],[89.64433,25.41286],[89.64433,25.41304],[89.64473,25.41303],[89.64473,25.41322],[89.64513,25.41321],[89.64514,25.41339],[89.64533,25.41338],[89.64533,25.4132],[89.64553,25.4132],[89.64551,25.41248],[89.64531,25.41248],[89.64531,25.41212],[89.6457,25.41211],[89.64571,25.4123],[89.64591,25.41229],[89.64591,25.41265],[89.64611,25.41265],[89.64614,25.41373],[89.64654,25.4139],[89.64655,25.41427],[89.64674,25.41426],[89.64675,25.41444],[89.64715,25.41444],[89.64715,25.4148],[89.64735,25.41479],[89.64736,25.41497],[89.64716,25.41498],[89.64717,25.41534],[89.64677,25.41534],[89.64658,25.41571],[89.64638,25.41571],[89.64639,25.41643],[89.646,25.41662],[89.64601,25.4168],[89.6456,25.41663],[89.64561,25.41681],[89.64541,25.41681],[89.6452,25.41646],[89.6454,25.41645],[89.64539,25.41609],[89.64579,25.41626],[89.64579,25.4159],[89.64618,25.41572],[89.64618,25.41554],[89.64598,25.41554],[89.64597,25.41536],[89.64558,25.41537],[89.64556,25.41464],[89.64536,25.41465],[89.64536,25.41447],[89.64476,25.41448],[89.64477,25.41466],[89.64516,25.41465],[89.64517,25.41483],[89.64537,25.41483],[89.64538,25.41537],[89.64518,25.41537],[89.64518,25.41555],[89.64459,25.41556],[89.6446,25.41611],[89.6444,25.41611],[89.64441,25.41647],[89.64421,25.41647],[89.64421,25.41665],[89.64342,25.41685],[89.64345,25.41811],[89.64385,25.41828],[89.64386,25.41847],[89.64405,25.41846],[89.64406,25.41864],[89.64426,25.41864],[89.64425,25.41828],[89.64445,25.41827],[89.64444,25.41773],[89.64463,25.41773],[89.64463,25.41737],[89.64502,25.41736],[89.64504,25.4179],[89.64583,25.41789],[89.64583,25.41771],[89.64603,25.4177],[89.64602,25.41734],[89.64622,25.41734],[89.64621,25.41698],[89.64661,25.41697],[89.64661,25.41715],[89.64681,25.41715],[89.64682,25.41787],[89.64643,25.41788],[89.64643,25.41806],[89.64683,25.41805],[89.64683,25.41823],[89.64703,25.41823],[89.64703,25.41841],[89.64684,25.41841],[89.64685,25.41895],[89.64744,25.41894],[89.64745,25.41912],[89.64765,25.41912],[89.64766,25.41966],[89.64806,25.41983],[89.64807,25.42019],[89.64887,25.42036],[89.64887,25.42054],[89.64867,25.42054],[89.64868,25.42091],[89.64829,25.42109],[89.64829,25.42145],[89.64809,25.42146],[89.6481,25.42182],[89.6483,25.42181],[89.6483,25.42199],[89.6487,25.42199],[89.64889,25.42162],[89.64909,25.42162],[89.64908,25.4209],[89.64888,25.4209],[89.64887,25.42072],[89.64907,25.42072],[89.64907,25.42054],[89.64947,25.42053],[89.64947,25.42089],[89.64987,25.42106],[89.64988,25.42124],[89.65008,25.42124],[89.65008,25.42142],[89.65028,25.42142],[89.65029,25.42178],[89.65009,25.42178]],[[89.65069,25.42177],[89.65089,25.42213],[89.65109,25.42213],[89.65109,25.42231],[89.65149,25.4223],[89.6515,25.42248],[89.65169,25.42248],[89.6517,25.42266],[89.6515,25.42266],[89.65152,25.42338],[89.65112,25.42357],[89.65113,25.42375],[89.65093,25.42375],[89.65093,25.42393],[89.65073,25.42394],[89.65074,25.42412],[89.65054,25.42412],[89.65032,25.4234],[89.65012,25.42341],[89.65011,25.42286],[89.65071,25.42285],[89.6505,25.4225],[89.6503,25.4225],[89.65029,25.42178],[89.65069,25.42177]],[[89.64842,25.41802],[89.64862,25.41802],[89.64862,25.4182],[89.64842,25.4182],[89.64842,25.41802]],[[89.64363,25.41703],[89.64402,25.41702],[89.64403,25.4172],[89.64423,25.4172],[89.64423,25.41738],[89.64363,25.41739],[89.64363,25.41703]]]}},{"type":"Feature","properties":{"kind":"land","ha":6.1},"geometry":{"type":"Polygon","coordinates":[[[89.74886,25.41275],[89.74885,25.41239],[89.74924,25.4122],[89.74924,25.41202],[89.74964,25.41201],[89.74963,25.41183],[89.75003,25.41182],[89.75002,25.41164],[89.75022,25.41164],[89.75021,25.41128],[89.75002,25.41128],[89.74999,25.41002],[89.74959,25.40985],[89.74958,25.40967],[89.74938,25.40967],[89.74938,25.40949],[89.74918,25.40949],[89.74917,25.40913],[89.74897,25.40914],[89.74897,25.40896],[89.74857,25.40896],[89.74858,25.40914],[89.74818,25.40915],[89.74818,25.40933],[89.74798,25.40933],[89.7482,25.41005],[89.7484,25.41005],[89.74844,25.41203],[89.74805,25.41204],[89.74804,25.41168],[89.74784,25.41168],[89.74783,25.41114],[89.74763,25.41115],[89.74764,25.41169],[89.74744,25.41169],[89.74745,25.41205],[89.74785,25.41223],[89.74786,25.41241],[89.74825,25.4124],[89.74826,25.41258],[89.74846,25.41257],[89.74846,25.41294],[89.74886,25.41275]]]}},{"type":"Feature","properties":{"kind":"land","ha":10.5},"geometry":{"type":"Polygon","coordinates":[[[89.67276,25.41361],[89.67275,25.41289],[89.67255,25.41289],[89.67254,25.41253],[89.67175,25.41255],[89.67174,25.41237],[89.67135,25.41237],[89.67114,25.41202],[89.67094,25.41202],[89.67094,25.41184],[89.67054,25.41185],[89.67054,25.41167],[89.67034,25.41167],[89.67033,25.41131],[89.66993,25.41132],[89.66994,25.4115],[89.66974,25.4115],[89.66972,25.41096],[89.66992,25.41095],[89.66992,25.41077],[89.66972,25.41078],[89.66972,25.4106],[89.66932,25.4106],[89.66932,25.41079],[89.66813,25.41081],[89.66813,25.41063],[89.66773,25.41063],[89.66752,25.41028],[89.66733,25.41028],[89.66732,25.4101],[89.66712,25.4101],[89.66712,25.40992],[89.66672,25.40993],[89.66672,25.40975],[89.66612,25.40976],[89.66613,25.41012],[89.66633,25.41012],[89.66634,25.41066],[89.66654,25.41066],[89.66655,25.41102],[89.66695,25.41119],[89.66695,25.41137],[89.66715,25.41137],[89.66715,25.41155],[89.66735,25.41154],[89.66736,25.41172],[89.66775,25.41172],[89.66776,25.4119],[89.66796,25.41189],[89.66796,25.41225],[89.66837,25.41243],[89.66837,25.41261],[89.66877,25.4126],[89.66897,25.41296],[89.66937,25.41295],[89.66958,25.41331],[89.66978,25.4133],[89.66978,25.41348],[89.67058,25.41347],[89.67056,25.41275],[89.67096,25.41274],[89.67116,25.4131],[89.67136,25.41309],[89.67137,25.41327],[89.67216,25.41344],[89.67217,25.41362],[89.67276,25.41361]]]}},{"type":"Feature","properties":{"kind":"land","ha":7.4},"geometry":{"type":"Polygon","coordinates":[[[89.66244,25.41416],[89.66243,25.4138],[89.66224,25.4138],[89.66223,25.41344],[89.66203,25.41344],[89.66202,25.4129],[89.66182,25.41291],[89.66181,25.41255],[89.66161,25.41255],[89.66179,25.41146],[89.66139,25.41147],[89.6614,25.41201],[89.661,25.41202],[89.661,25.41184],[89.6608,25.41184],[89.66078,25.41076],[89.66118,25.41075],[89.66115,25.40967],[89.66076,25.40986],[89.66076,25.41004],[89.66036,25.41005],[89.66036,25.40986],[89.66016,25.40987],[89.66015,25.40915],[89.65995,25.40915],[89.65994,25.40879],[89.65954,25.40862],[89.65956,25.40952],[89.65936,25.40952],[89.65936,25.4097],[89.65857,25.40972],[89.65858,25.41008],[89.65898,25.41025],[89.65898,25.41043],[89.65918,25.41043],[89.6594,25.41115],[89.6598,25.41132],[89.6598,25.41168],[89.66021,25.41185],[89.66021,25.41203],[89.66041,25.41203],[89.66042,25.41275],[89.66062,25.41275],[89.66063,25.41329],[89.66104,25.41346],[89.66104,25.41364],[89.66164,25.41363],[89.66164,25.41381],[89.66204,25.41381],[89.66224,25.41416],[89.66244,25.41416]]]}},{"type":"Feature","properties":{"kind":"land","ha":11.7},"geometry":{"type":"Polygon","coordinates":[[[89.69516,25.41085],[89.69516,25.41104],[89.69496,25.41104],[89.69497,25.4114],[89.69517,25.4114],[89.69518,25.41158],[89.69498,25.41158],[89.69498,25.41176],[89.69538,25.41193],[89.69541,25.41338],[89.69561,25.41337],[89.69562,25.41391],[89.69582,25.41391],[89.69581,25.41319],[89.69561,25.41319],[89.6956,25.41283],[89.69599,25.41264],[89.69599,25.41246],[89.69619,25.41246],[89.69618,25.41192],[89.69657,25.41173],[89.69674,25.41065],[89.69714,25.41046],[89.69713,25.41028],[89.69773,25.41027],[89.69775,25.41099],[89.69755,25.41099],[89.69756,25.41153],[89.69717,25.41172],[89.69718,25.41226],[89.69738,25.41226],[89.69737,25.41208],[89.69797,25.41207],[89.69797,25.41225],[89.69817,25.41224],[89.69816,25.4117],[89.69855,25.41151],[89.69855,25.41133],[89.69875,25.41133],[89.69874,25.41115],[89.69894,25.41115],[89.69893,25.41079],[89.69913,25.41078],[89.6991,25.40952],[89.69871,25.40953],[89.6987,25.40935],[89.69831,25.40935],[89.6983,25.40917],[89.6979,25.40918],[89.6979,25.409],[89.6975,25.40901],[89.6975,25.40883],[89.6969,25.40884],[89.6969,25.40866],[89.6967,25.40866],[89.6967,25.40848],[89.6969,25.40848],[89.69689,25.40812],[89.69709,25.40811],[89.69707,25.40757],[89.69668,25.40758],[89.69649,25.40794],[89.69589,25.40795],[89.69572,25.40904],[89.69552,25.40904],[89.69553,25.40958],[89.69593,25.40958],[89.69593,25.40994],[89.69574,25.40994],[89.69574,25.4103],[89.69554,25.41031],[89.69555,25.41067],[89.69516,25.41085]],[[89.69575,25.41066],[89.69575,25.41048],[89.69614,25.41048],[89.69596,25.4112],[89.69557,25.41139],[89.69555,25.41067],[89.69575,25.41066]]]}},{"type":"Feature","properties":{"kind":"land","ha":39.1},"geometry":{"type":"Polygon","coordinates":[[[89.68832,25.42506],[89.68831,25.42452],[89.68871,25.42451],[89.68872,25.42505],[89.68931,25.42504],[89.68931,25.42486],[89.68911,25.42486],[89.6891,25.42432],[89.6895,25.42431],[89.68949,25.42395],[89.69008,25.42394],[89.68986,25.42286],[89.69006,25.42286],[89.69005,25.4225],[89.68985,25.4225],[89.68985,25.42232],[89.68945,25.42233],[89.68926,25.42269],[89.68906,25.4227],[89.68906,25.42252],[89.68866,25.42253],[89.68845,25.42181],[89.68825,25.42181],[89.68824,25.42145],[89.68784,25.42128],[89.68783,25.42092],[89.68763,25.42092],[89.6876,25.41948],[89.6882,25.41947],[89.6882,25.41965],[89.6886,25.41964],[89.68859,25.41928],[89.68839,25.41928],[89.68838,25.41892],[89.68818,25.41892],[89.68818,25.41856],[89.68798,25.41857],[89.68797,25.41803],[89.68756,25.41785],[89.68756,25.41749],[89.68795,25.41748],[89.68816,25.41784],[89.68915,25.41782],[89.68915,25.41746],[89.68874,25.41729],[89.68874,25.41711],[89.68854,25.41711],[89.68853,25.41639],[89.68773,25.41623],[89.68772,25.41604],[89.68752,25.41605],[89.68752,25.41569],[89.68732,25.41569],[89.68731,25.41533],[89.68711,25.41533],[89.68708,25.41407],[89.68688,25.41407],[89.68685,25.41263],[89.68665,25.41264],[89.68656,25.40849],[89.68676,25.40848],[89.68675,25.40794],[89.68695,25.40794],[89.68692,25.40667],[89.68672,25.40668],[89.68655,25.40776],[89.68635,25.40777],[89.68636,25.40813],[89.68616,25.40813],[89.68617,25.40867],[89.68597,25.40868],[89.68598,25.40922],[89.68578,25.40922],[89.68579,25.40958],[89.68559,25.40959],[89.6856,25.40995],[89.6854,25.40995],[89.68541,25.41031],[89.68521,25.41032],[89.68522,25.41086],[89.68502,25.41086],[89.68503,25.41122],[89.68464,25.41141],[89.68466,25.41231],[89.68486,25.41231],[89.68486,25.41249],[89.68526,25.41248],[89.68526,25.4123],[89.68605,25.41229],[89.68605,25.41247],[89.68625,25.41246],[89.68626,25.413],[89.68607,25.41301],[89.68607,25.41337],[89.68667,25.41336],[89.6867,25.41462],[89.6865,25.41462],[89.6865,25.4148],[89.68591,25.41481],[89.68572,25.41518],[89.68552,25.41518],[89.68552,25.41536],[89.68572,25.41536],[89.68573,25.41572],[89.68553,25.41572],[89.68553,25.4159],[89.68514,25.41591],[89.68513,25.41555],[89.68493,25.41555],[89.68493,25.41537],[89.68453,25.41556],[89.68455,25.41628],[89.68435,25.41629],[89.68436,25.41665],[89.68456,25.41664],[89.68457,25.41719],[89.68437,25.41719],[89.68441,25.41899],[89.68461,25.41899],[89.68462,25.41971],[89.68482,25.41971],[89.68484,25.42025],[89.68524,25.42042],[89.68546,25.4215],[89.68566,25.4215],[89.68567,25.42186],[89.68586,25.42185],[89.68588,25.4224],[89.68628,25.42257],[89.68629,25.42311],[89.68669,25.42328],[89.6867,25.42346],[89.68689,25.42346],[89.68689,25.4231],[89.68708,25.4231],[89.68729,25.42345],[89.68749,25.42345],[89.68751,25.42435],[89.68791,25.42434],[89.68792,25.42488],[89.68772,25.42489],[89.68772,25.42507],[89.68832,25.42506]],[[89.68562,25.41987],[89.68602,25.41987],[89.68603,25.42023],[89.68583,25.42023],[89.68562,25.41987]],[[89.68521,25.41934],[89.68501,25.41934],[89.685,25.4188],[89.6848,25.41881],[89.68499,25.41844],[89.68519,25.41844],[89.6852,25.41862],[89.68579,25.41861],[89.68579,25.41843],[89.68638,25.41842],[89.68639,25.4186],[89.68619,25.4186],[89.6862,25.41896],[89.6858,25.41915],[89.68581,25.41933],[89.68541,25.41934],[89.68542,25.41952],[89.68522,25.41952],[89.68521,25.41934]],[[89.68497,25.41754],[89.68478,25.41754],[89.68477,25.41736],[89.68497,25.41736],[89.68497,25.41718],[89.68536,25.41717],[89.68537,25.41735],[89.68557,25.41735],[89.68557,25.41771],[89.68518,25.4179],[89.68497,25.41754]],[[89.68514,25.41609],[89.68574,25.41608],[89.68555,25.41645],[89.68535,25.41645],[89.68514,25.41609]]]}},{"type":"Feature","properties":{"kind":"land","ha":18.4},"geometry":{"type":"Polygon","coordinates":[[[89.76182,25.42369],[89.76182,25.42351],[89.76162,25.42352],[89.76159,25.42207],[89.76139,25.42208],[89.76137,25.42136],[89.76157,25.42135],[89.76155,25.42045],[89.76135,25.42045],[89.76135,25.42027],[89.76155,25.42027],[89.76151,25.41883],[89.76132,25.41883],[89.7613,25.41811],[89.7615,25.41811],[89.76149,25.41792],[89.7613,25.41793],[89.76129,25.41757],[89.76149,25.41756],[89.76145,25.41612],[89.76125,25.41612],[89.76123,25.41486],[89.76103,25.41487],[89.76102,25.4145],[89.76082,25.41451],[89.76081,25.41415],[89.76022,25.41416],[89.76021,25.4138],[89.76041,25.41379],[89.76041,25.41397],[89.76081,25.41397],[89.7608,25.41361],[89.7604,25.41343],[89.7604,25.41361],[89.76001,25.41362],[89.76,25.41326],[89.7602,25.41326],[89.76019,25.41308],[89.75979,25.41308],[89.75979,25.4129],[89.75999,25.4129],[89.75997,25.41218],[89.75977,25.41218],[89.75977,25.412],[89.75997,25.412],[89.75996,25.41146],[89.75956,25.41146],[89.75953,25.41002],[89.75933,25.41002],[89.75932,25.40966],[89.75912,25.40967],[89.75911,25.40931],[89.75871,25.40913],[89.7589,25.40877],[89.7585,25.4086],[89.7585,25.40842],[89.7583,25.40842],[89.7583,25.4086],[89.7579,25.40861],[89.7579,25.40825],[89.7577,25.40825],[89.75769,25.40807],[89.7573,25.40808],[89.75727,25.40681],[89.75747,25.40681],[89.75746,25.40663],[89.75726,25.40663],[89.75725,25.40609],[89.75705,25.4061],[89.75704,25.40538],[89.75684,25.40538],[89.75682,25.40484],[89.75663,25.40484],[89.75662,25.40448],[89.75622,25.40449],[89.75604,25.40521],[89.75564,25.40522],[89.75565,25.40576],[89.75585,25.40576],[89.75586,25.40612],[89.75606,25.40612],[89.75607,25.40666],[89.75627,25.40665],[89.75629,25.40737],[89.75648,25.40737],[89.7565,25.40791],[89.7567,25.40791],[89.7567,25.40827],[89.7569,25.40827],[89.75691,25.40863],[89.75711,25.40862],[89.75712,25.40916],[89.75732,25.40916],[89.75733,25.40952],[89.75753,25.40952],[89.75754,25.40988],[89.75773,25.40987],[89.75774,25.41023],[89.75814,25.41041],[89.75816,25.41095],[89.75835,25.41095],[89.75837,25.41149],[89.75857,25.41148],[89.75857,25.41184],[89.75898,25.41202],[89.75919,25.41273],[89.75939,25.41273],[89.7594,25.41309],[89.7596,25.41309],[89.75982,25.41417],[89.76002,25.41416],[89.76003,25.41452],[89.76022,25.41452],[89.76024,25.41506],[89.76044,25.41506],[89.76044,25.41542],[89.76064,25.41541],[89.76066,25.41614],[89.76086,25.41613],[89.76096,25.42046],[89.76076,25.42047],[89.7608,25.42245],[89.761,25.42245],[89.76101,25.42299],[89.76121,25.42298],[89.76123,25.42371],[89.76182,25.42369]],[[89.75831,25.40896],[89.75851,25.40896],[89.75851,25.40914],[89.75831,25.40914],[89.75831,25.40896]],[[89.75644,25.40557],[89.75664,25.40556],[89.75665,25.40592],[89.75645,25.40593],[89.75644,25.40557]]]}},{"type":"Feature","properties":{"kind":"land","ha":4.2},"geometry":{"type":"Polygon","coordinates":[[[89.70126,25.40822],[89.70125,25.40786],[89.70145,25.40785],[89.70144,25.40731],[89.70124,25.40731],[89.70121,25.40587],[89.7016,25.40568],[89.70158,25.4046],[89.70138,25.4046],[89.70137,25.40424],[89.70097,25.40407],[89.70097,25.40389],[89.70057,25.4039],[89.70039,25.40462],[89.70019,25.40463],[89.7002,25.40517],[89.7004,25.40516],[89.70039,25.40498],[89.70099,25.40497],[89.70099,25.40479],[89.70138,25.40478],[89.70139,25.40515],[89.70119,25.40515],[89.7012,25.40551],[89.701,25.40551],[89.70101,25.40605],[89.70082,25.40606],[89.70082,25.40624],[89.70022,25.40625],[89.70021,25.40553],[89.70001,25.40553],[89.69983,25.40626],[89.70003,25.40625],[89.70003,25.40661],[89.70023,25.40661],[89.70024,25.40679],[89.69984,25.40698],[89.69985,25.40716],[89.69965,25.40716],[89.69965,25.40734],[89.70025,25.40733],[89.70026,25.40769],[89.70065,25.40769],[89.70066,25.40787],[89.70086,25.40786],[89.70086,25.40822],[89.70126,25.40822]]]}},{"type":"Feature","properties":{"kind":"land","ha":3.5},"geometry":{"type":"Polygon","coordinates":[[[89.67543,25.40851],[89.67543,25.40815],[89.67562,25.40814],[89.67557,25.4058],[89.67577,25.40579],[89.67575,25.40489],[89.67595,25.40489],[89.67595,25.40471],[89.67554,25.40454],[89.67554,25.40436],[89.67515,25.40454],[89.67516,25.4049],[89.67496,25.40491],[89.67496,25.40509],[89.67476,25.40509],[89.67477,25.40527],[89.67496,25.40527],[89.67497,25.40563],[89.67517,25.40563],[89.67518,25.40617],[89.67479,25.40635],[89.6748,25.4069],[89.6746,25.4069],[89.67461,25.40708],[89.67481,25.40708],[89.67481,25.40744],[89.67462,25.40744],[89.67464,25.40834],[89.67504,25.40852],[89.67504,25.4087],[89.67543,25.40851]]]}},{"type":"Feature","properties":{"kind":"land","ha":60.3},"geometry":{"type":"Polygon","coordinates":[[[89.63634,25.42022],[89.63653,25.41986],[89.63673,25.41986],[89.63673,25.41968],[89.63772,25.41966],[89.63772,25.41948],[89.63831,25.41947],[89.63832,25.41965],[89.63852,25.41964],[89.63853,25.42019],[89.63972,25.42016],[89.63971,25.4198],[89.63991,25.4198],[89.6399,25.41926],[89.6397,25.41926],[89.63968,25.41836],[89.63948,25.41836],[89.63948,25.41818],[89.63848,25.4182],[89.63807,25.41749],[89.63747,25.4175],[89.63728,25.41786],[89.63689,25.41787],[89.63688,25.41751],[89.63648,25.41733],[89.63647,25.41715],[89.63627,25.41716],[89.63627,25.41698],[89.63607,25.41698],[89.63607,25.4168],[89.63627,25.4168],[89.63626,25.41644],[89.63646,25.41643],[89.63645,25.41625],[89.63626,25.41626],[89.63625,25.41589],[89.63645,25.41589],[89.63644,25.41553],[89.63664,25.41553],[89.63663,25.41535],[89.63703,25.41534],[89.63703,25.41516],[89.63722,25.41516],[89.63723,25.41534],[89.63763,25.41533],[89.63762,25.41515],[89.63782,25.41514],[89.63782,25.41532],[89.63802,25.41532],[89.63803,25.41568],[89.63823,25.41568],[89.63824,25.41622],[89.63844,25.41622],[89.63845,25.41658],[89.63885,25.41675],[89.63885,25.41693],[89.63925,25.41692],[89.63925,25.4171],[89.63965,25.4171],[89.63966,25.41764],[89.64007,25.41781],[89.64007,25.41799],[89.64027,25.41799],[89.64027,25.41817],[89.64107,25.41833],[89.64107,25.41852],[89.64127,25.41851],[89.64128,25.41887],[89.64168,25.41905],[89.64167,25.41869],[89.64148,25.41869],[89.64146,25.41779],[89.64126,25.41779],[89.64123,25.41635],[89.64103,25.41635],[89.64102,25.41617],[89.64122,25.41617],[89.64121,25.41544],[89.6408,25.41527],[89.64079,25.41455],[89.64059,25.41455],[89.64056,25.41311],[89.64036,25.41311],[89.64031,25.41077],[89.64051,25.41076],[89.6405,25.4104],[89.6407,25.4104],[89.64068,25.40968],[89.64048,25.40968],[89.64048,25.40932],[89.64067,25.40932],[89.64067,25.40914],[89.64047,25.40914],[89.64046,25.40878],[89.64027,25.40878],[89.64046,25.40842],[89.64006,25.40825],[89.64005,25.40807],[89.63985,25.40807],[89.63985,25.40789],[89.63965,25.40789],[89.63965,25.40771],[89.63945,25.40772],[89.63944,25.40753],[89.63925,25.40754],[89.63924,25.40736],[89.63904,25.40736],[89.63903,25.40664],[89.63883,25.40664],[89.63882,25.40646],[89.63843,25.40647],[89.63842,25.40611],[89.63862,25.40611],[89.63859,25.40502],[89.6384,25.40503],[89.63839,25.40485],[89.63799,25.40485],[89.6378,25.40522],[89.63741,25.40522],[89.63742,25.40595],[89.63703,25.40613],[89.63706,25.40776],[89.63627,25.40777],[89.63631,25.40958],[89.63611,25.40958],[89.63613,25.41048],[89.63593,25.41049],[89.63595,25.41121],[89.63575,25.41121],[89.63578,25.41247],[89.63558,25.41248],[89.6356,25.41338],[89.6352,25.41357],[89.63521,25.41375],[89.63501,25.41375],[89.63502,25.41429],[89.63482,25.4143],[89.63484,25.4152],[89.63464,25.4152],[89.63465,25.41556],[89.63445,25.41557],[89.63446,25.41593],[89.63407,25.41611],[89.63407,25.41629],[89.63387,25.4163],[89.63388,25.41648],[89.63368,25.41648],[89.63369,25.4172],[89.63349,25.41721],[89.63351,25.41775],[89.6339,25.41774],[89.63412,25.41846],[89.63432,25.41846],[89.63432,25.41882],[89.63373,25.41883],[89.63372,25.41865],[89.63333,25.41865],[89.63312,25.4183],[89.63273,25.41848],[89.63274,25.41903],[89.63353,25.41901],[89.63354,25.41919],[89.63374,25.41919],[89.63373,25.41901],[89.63472,25.41899],[89.63473,25.41917],[89.63453,25.41917],[89.63454,25.41954],[89.63573,25.41969],[89.63574,25.42006],[89.63594,25.42005],[89.63594,25.42023],[89.63634,25.42022]],[[89.6377,25.41858],[89.6379,25.41857],[89.6381,25.41893],[89.63771,25.41912],[89.6377,25.41858]],[[89.63963,25.41619],[89.63943,25.4162],[89.63943,25.41602],[89.63963,25.41601],[89.63962,25.41547],[89.63942,25.41548],[89.63941,25.41512],[89.63981,25.41511],[89.6398,25.41457],[89.6392,25.41458],[89.63919,25.41422],[89.63959,25.41403],[89.63957,25.41349],[89.64017,25.41348],[89.64018,25.41384],[89.64038,25.41384],[89.64038,25.41402],[89.64018,25.41402],[89.6402,25.41474],[89.6404,25.41474],[89.6404,25.4151],[89.64001,25.41529],[89.64001,25.41547],[89.63982,25.41547],[89.63984,25.41637],[89.63964,25.41638],[89.63963,25.41619]],[[89.63778,25.41316],[89.63798,25.41316],[89.63797,25.4128],[89.63817,25.41279],[89.63816,25.41261],[89.63836,25.41261],[89.63837,25.41297],[89.63817,25.41297],[89.63819,25.41387],[89.63859,25.41387],[89.6386,25.41423],[89.6384,25.41423],[89.63841,25.41459],[89.63821,25.4146],[89.63821,25.41496],[89.63782,25.41496],[89.63778,25.41316]],[[89.63641,25.41445],[89.63622,25.41445],[89.63621,25.41409],[89.63601,25.41409],[89.63599,25.41337],[89.63619,25.41337],[89.63619,25.41319],[89.63599,25.41319],[89.63597,25.41247],[89.63637,25.41228],[89.63636,25.4121],[89.63676,25.4121],[89.63697,25.41245],[89.63717,25.41245],[89.63717,25.41263],[89.63737,25.41263],[89.63738,25.41317],[89.63758,25.41316],[89.6376,25.41407],[89.63721,25.41425],[89.63721,25.41461],[89.63701,25.41462],[89.63702,25.4148],[89.63662,25.41481],[89.63641,25.41445]],[[89.63714,25.41137],[89.63694,25.41137],[89.63695,25.41155],[89.63655,25.41156],[89.63653,25.41066],[89.63673,25.41065],[89.63672,25.41011],[89.63731,25.4101],[89.63732,25.41028],[89.63712,25.41028],[89.63713,25.41083],[89.63733,25.41082],[89.63734,25.41118],[89.63754,25.41118],[89.63755,25.4119],[89.63715,25.41191],[89.63714,25.41137]],[[89.63869,25.40953],[89.63889,25.40953],[89.63893,25.41133],[89.63873,25.41134],[89.63874,25.41188],[89.63854,25.41188],[89.63834,25.41153],[89.63814,25.41153],[89.63813,25.41117],[89.63793,25.41117],[89.63791,25.40991],[89.6383,25.40972],[89.63829,25.40936],[89.63789,25.40919],[89.63788,25.40883],[89.63868,25.40881],[89.63869,25.40953]],[[89.63866,25.40827],[89.63886,25.40827],[89.63886,25.40809],[89.63926,25.40808],[89.63926,25.40844],[89.63946,25.40844],[89.63948,25.40898],[89.63888,25.40899],[89.63888,25.40881],[89.63868,25.40881],[89.63866,25.40827]],[[89.63689,25.40884],[89.63669,25.40885],[89.63669,25.40867],[89.63688,25.40866],[89.63688,25.40848],[89.63728,25.40848],[89.63748,25.40883],[89.63768,25.40883],[89.63769,25.40919],[89.6371,25.4092],[89.63689,25.40884]]]}},{"type":"Feature","properties":{"kind":"land","ha":41.4},"geometry":{"type":"Polygon","coordinates":[[[89.65316,25.4257],[89.65315,25.42552],[89.65355,25.42551],[89.65374,25.42515],[89.65394,25.42514],[89.65392,25.42424],[89.65412,25.42424],[89.65411,25.42388],[89.65391,25.42388],[89.65389,25.42298],[89.65449,25.42297],[89.65448,25.42279],[89.65468,25.42278],[89.65467,25.42224],[89.65487,25.42224],[89.65487,25.42242],[89.65587,25.4224],[89.65586,25.42222],[89.65646,25.42221],[89.65647,25.42293],[89.65667,25.42293],[89.65668,25.42311],[89.65707,25.4231],[89.65708,25.42346],[89.65728,25.42346],[89.65728,25.42364],[89.65768,25.42363],[89.65789,25.42399],[89.65809,25.42398],[89.65809,25.42416],[89.65829,25.42416],[89.65828,25.42362],[89.65788,25.42345],[89.65766,25.42273],[89.65726,25.42256],[89.65726,25.42237],[89.65706,25.42238],[89.65705,25.42184],[89.65625,25.42185],[89.65644,25.42149],[89.65664,25.42148],[89.65664,25.4213],[89.65684,25.4213],[89.65681,25.42022],[89.65661,25.42022],[89.65661,25.42004],[89.65601,25.42005],[89.656,25.41951],[89.6562,25.41951],[89.65619,25.41915],[89.65579,25.41897],[89.65579,25.41879],[89.65539,25.4188],[89.65518,25.41808],[89.65498,25.41808],[89.65497,25.41772],[89.65477,25.41773],[89.65476,25.41737],[89.65436,25.41719],[89.65436,25.41701],[89.65416,25.41702],[89.65415,25.41684],[89.65396,25.41684],[89.65374,25.41612],[89.65354,25.41612],[89.65353,25.41558],[89.65333,25.41559],[89.65332,25.41505],[89.65352,25.41504],[89.6535,25.41414],[89.6537,25.41414],[89.65369,25.41378],[89.65349,25.41378],[89.65348,25.41324],[89.65387,25.41305],[89.65385,25.41215],[89.65405,25.41214],[89.65405,25.41196],[89.65385,25.41197],[89.65384,25.41179],[89.65305,25.4118],[89.65305,25.41162],[89.65265,25.41163],[89.65265,25.41145],[89.65106,25.41148],[89.65105,25.4113],[89.65085,25.4113],[89.65085,25.41094],[89.65065,25.41094],[89.65064,25.41058],[89.65084,25.41058],[89.65083,25.41004],[89.65122,25.40985],[89.65122,25.40967],[89.65141,25.40967],[89.65138,25.40822],[89.65118,25.40823],[89.65117,25.40768],[89.65077,25.40751],[89.65077,25.40733],[89.65057,25.40733],[89.65056,25.40679],[89.65036,25.4068],[89.65035,25.40644],[89.65015,25.40644],[89.65014,25.40608],[89.64994,25.40608],[89.64994,25.40572],[89.65073,25.40571],[89.65071,25.40481],[89.65051,25.40481],[89.6505,25.40427],[89.6503,25.40427],[89.6503,25.40409],[89.6505,25.40409],[89.65049,25.40355],[89.65029,25.40355],[89.65028,25.40337],[89.64929,25.40339],[89.64931,25.40411],[89.6495,25.4041],[89.64951,25.40429],[89.64911,25.40447],[89.64912,25.40483],[89.64872,25.40484],[89.64873,25.4052],[89.64893,25.4052],[89.64894,25.40574],[89.64874,25.40574],[89.64876,25.40628],[89.64856,25.40629],[89.64858,25.40737],[89.64838,25.40737],[89.6484,25.4081],[89.6482,25.4081],[89.64821,25.40846],[89.64861,25.40863],[89.64861,25.40881],[89.64881,25.40881],[89.64882,25.40899],[89.64941,25.40898],[89.64942,25.40916],[89.64961,25.40916],[89.64963,25.41006],[89.64884,25.41007],[89.64863,25.40972],[89.64843,25.40972],[89.64846,25.4108],[89.64886,25.41079],[89.64906,25.41115],[89.64926,25.41115],[89.64926,25.41133],[89.64966,25.41132],[89.64967,25.4115],[89.64986,25.4115],[89.64987,25.41186],[89.65027,25.41203],[89.65028,25.41221],[89.65147,25.41201],[89.65148,25.41291],[89.65189,25.41309],[89.65189,25.41327],[89.65209,25.41326],[89.65209,25.41344],[89.65229,25.41344],[89.6523,25.41362],[89.65249,25.41362],[89.65251,25.41416],[89.65231,25.41416],[89.65233,25.41524],[89.65293,25.41523],[89.65293,25.41559],[89.65274,25.4156],[89.65276,25.4165],[89.65256,25.4165],[89.65256,25.41668],[89.65276,25.41668],[89.65277,25.41722],[89.65297,25.41722],[89.65298,25.41758],[89.65318,25.41758],[89.65318,25.41794],[89.65338,25.41793],[89.65339,25.41829],[89.65379,25.41847],[89.6538,25.41883],[89.6542,25.419],[89.65421,25.41936],[89.65441,25.41936],[89.65441,25.41954],[89.65421,25.41954],[89.65423,25.42044],[89.65403,25.42045],[89.65407,25.42225],[89.65388,25.42226],[89.65389,25.4228],[89.65369,25.4228],[89.6537,25.42352],[89.65351,25.42353],[89.65352,25.42407],[89.65312,25.42425],[89.65294,25.42498],[89.65255,25.42517],[89.65256,25.42553],[89.65236,25.42553],[89.65236,25.42571],[89.65316,25.4257]],[[89.65275,25.42516],[89.65314,25.42516],[89.65315,25.42534],[89.65275,25.42534],[89.65275,25.42516]],[[89.65408,25.42261],[89.65428,25.42261],[89.65428,25.42279],[89.65409,25.42279],[89.65408,25.42261]],[[89.65486,25.4217],[89.65466,25.4217],[89.65464,25.42098],[89.65484,25.42097],[89.65483,25.42061],[89.65503,25.42061],[89.65502,25.42025],[89.65542,25.42006],[89.65542,25.42024],[89.65582,25.42023],[89.65603,25.42059],[89.65622,25.42059],[89.65623,25.42077],[89.65643,25.42077],[89.65643,25.42095],[89.65623,25.42095],[89.65624,25.42113],[89.65584,25.42114],[89.65583,25.42096],[89.65564,25.42096],[89.65564,25.42114],[89.65544,25.42114],[89.65545,25.4215],[89.65565,25.4215],[89.65565,25.42168],[89.65545,25.42169],[89.65546,25.42187],[89.65486,25.42188],[89.65486,25.4217]],[[89.65295,25.4165],[89.65315,25.41649],[89.65316,25.41685],[89.65296,25.41686],[89.65295,25.4165]],[[89.64936,25.40681],[89.64976,25.40681],[89.64977,25.40699],[89.64996,25.40698],[89.64998,25.40753],[89.64958,25.40753],[89.64936,25.40681]]]}},{"type":"Feature","properties":{"kind":"land","ha":6.4},"geometry":{"type":"Polygon","coordinates":[[[89.6836,25.40926],[89.68359,25.4089],[89.68379,25.4089],[89.68378,25.40836],[89.68398,25.40835],[89.68395,25.40709],[89.68355,25.4071],[89.68354,25.40674],[89.68374,25.40673],[89.68374,25.40655],[89.68413,25.40654],[89.68413,25.40618],[89.68432,25.40618],[89.68431,25.40546],[89.68451,25.40545],[89.6845,25.40509],[89.6843,25.4051],[89.68429,25.40474],[89.68409,25.40474],[89.68409,25.40456],[89.68448,25.40437],[89.68448,25.40419],[89.68468,25.40419],[89.68467,25.40365],[89.68486,25.40364],[89.68484,25.40274],[89.68504,25.40274],[89.68503,25.40202],[89.68523,25.40201],[89.68521,25.40147],[89.68462,25.40148],[89.68464,25.40238],[89.68444,25.40239],[89.68445,25.40275],[89.68366,25.40312],[89.68368,25.40385],[89.68388,25.40384],[89.68388,25.40402],[89.68368,25.40403],[89.68369,25.40457],[89.68389,25.40456],[89.6839,25.40492],[89.6835,25.40475],[89.68331,25.40512],[89.68311,25.40512],[89.68311,25.4053],[89.68291,25.4053],[89.68292,25.40548],[89.68332,25.40548],[89.68332,25.40566],[89.68352,25.40565],[89.68353,25.40619],[89.68333,25.4062],[89.68335,25.40692],[89.68295,25.40711],[89.68297,25.40801],[89.68317,25.40801],[89.68318,25.40837],[89.68338,25.40836],[89.6834,25.40927],[89.6836,25.40926]]]}},{"type":"Feature","properties":{"kind":"land","ha":9.0},"geometry":{"type":"Polygon","coordinates":[[[89.65785,25.40395],[89.65784,25.40359],[89.65764,25.4036],[89.65764,25.40342],[89.65783,25.40341],[89.65783,25.40305],[89.65763,25.40306],[89.65762,25.40269],[89.65742,25.4027],[89.65741,25.40234],[89.65701,25.40216],[89.657,25.4018],[89.65661,25.40181],[89.65661,25.40199],[89.65641,25.40199],[89.65641,25.40181],[89.65601,25.40182],[89.65563,25.40255],[89.65484,25.40256],[89.65483,25.40238],[89.65443,25.40239],[89.65443,25.40221],[89.65244,25.40225],[89.65245,25.40243],[89.65205,25.40243],[89.65205,25.40261],[89.65166,25.40262],[89.65165,25.40244],[89.65066,25.40246],[89.65066,25.40228],[89.65006,25.40229],[89.65006,25.40211],[89.64966,25.40212],[89.64945,25.40176],[89.64925,25.40176],[89.64925,25.40158],[89.64905,25.40159],[89.64905,25.40141],[89.64885,25.40141],[89.64884,25.40123],[89.64865,25.40123],[89.64866,25.40177],[89.64906,25.40195],[89.64907,25.40249],[89.64987,25.40247],[89.65007,25.40283],[89.65047,25.40282],[89.65047,25.403],[89.65067,25.403],[89.65068,25.40318],[89.65167,25.40316],[89.65186,25.4028],[89.65265,25.40278],[89.65266,25.40297],[89.65465,25.40311],[89.65465,25.40329],[89.65545,25.40328],[89.65545,25.40346],[89.65605,25.40345],[89.65605,25.40363],[89.65665,25.40361],[89.65685,25.40397],[89.65785,25.40395]]]}},{"type":"Feature","properties":{"kind":"land","ha":3.6},"geometry":{"type":"Polygon","coordinates":[[[89.68845,25.40394],[89.68863,25.40321],[89.68902,25.40303],[89.68902,25.40285],[89.68922,25.40284],[89.68921,25.40266],[89.68961,25.40265],[89.68961,25.40247],[89.68981,25.40247],[89.68981,25.40283],[89.69001,25.40283],[89.69002,25.40301],[89.69041,25.40282],[89.69039,25.4021],[89.69059,25.40209],[89.69059,25.40191],[89.69039,25.40192],[89.69037,25.40084],[89.69076,25.40065],[89.69076,25.40047],[89.69095,25.40046],[89.69095,25.40028],[89.69115,25.40028],[89.69114,25.4001],[89.69075,25.40011],[89.69056,25.40047],[89.69036,25.40047],[89.69036,25.40066],[89.69016,25.40066],[89.69017,25.40084],[89.68997,25.40084],[89.68998,25.4012],[89.68978,25.40121],[89.68978,25.40139],[89.68939,25.4014],[89.68919,25.40176],[89.689,25.40176],[89.689,25.40194],[89.6888,25.40195],[89.68881,25.40231],[89.68861,25.40231],[89.68862,25.40285],[89.68842,25.40286],[89.68843,25.40322],[89.68804,25.4034],[89.68805,25.40413],[89.68845,25.40394]]]}},{"type":"Feature","properties":{"kind":"land","ha":14.3},"geometry":{"type":"Polygon","coordinates":[[[89.73799,25.40681],[89.73799,25.40663],[89.73878,25.40662],[89.73877,25.40626],[89.73897,25.40625],[89.73896,25.40553],[89.73935,25.40535],[89.73934,25.40498],[89.73954,25.40498],[89.73952,25.4039],[89.73971,25.40389],[89.73971,25.40371],[89.7405,25.4037],[89.74048,25.40262],[89.74068,25.40261],[89.74067,25.40207],[89.74047,25.40208],[89.74046,25.40153],[89.74026,25.40154],[89.74023,25.40028],[89.74003,25.40028],[89.74001,25.39938],[89.73962,25.39956],[89.73964,25.40047],[89.73944,25.40047],[89.73943,25.40029],[89.73904,25.4003],[89.73903,25.40012],[89.73824,25.40031],[89.73825,25.40067],[89.73805,25.40068],[89.73807,25.4014],[89.73926,25.40138],[89.73927,25.40192],[89.74007,25.4019],[89.74028,25.40262],[89.74008,25.40262],[89.74009,25.40298],[89.73989,25.40299],[89.7399,25.40335],[89.7395,25.40336],[89.73951,25.40354],[89.73931,25.40354],[89.73929,25.40282],[89.7389,25.40283],[89.7389,25.40301],[89.7387,25.40301],[89.73871,25.40355],[89.73891,25.40355],[89.73892,25.40373],[89.73872,25.40373],[89.73872,25.40391],[89.73832,25.40392],[89.73832,25.40374],[89.73772,25.40375],[89.73752,25.40339],[89.73732,25.4034],[89.7373,25.40268],[89.7371,25.40268],[89.73706,25.40088],[89.73746,25.40069],[89.73764,25.39996],[89.73803,25.39977],[89.73802,25.39941],[89.73782,25.39942],[89.73781,25.39888],[89.73742,25.39906],[89.73743,25.39943],[89.73723,25.39943],[89.73725,25.40015],[89.73705,25.40015],[89.73704,25.39997],[89.73665,25.39998],[89.73664,25.3998],[89.73644,25.3998],[89.73644,25.39962],[89.73604,25.39963],[89.73583,25.39927],[89.73564,25.39928],[89.73563,25.3991],[89.73543,25.3991],[89.73543,25.39892],[89.73463,25.39894],[89.73463,25.39876],[89.73423,25.39876],[89.73424,25.39912],[89.73444,25.39912],[89.73444,25.3993],[89.73484,25.39929],[89.73505,25.39965],[89.73525,25.39965],[89.73526,25.40001],[89.73566,25.40018],[89.73566,25.40036],[89.73626,25.40035],[89.73625,25.40017],[89.73645,25.40017],[89.73645,25.40035],[89.73665,25.40034],[89.73667,25.40088],[89.73686,25.40088],[89.73692,25.40341],[89.73712,25.4034],[89.73713,25.40376],[89.73733,25.40376],[89.73733,25.40412],[89.73753,25.40412],[89.73755,25.40466],[89.73735,25.40466],[89.73736,25.40502],[89.73716,25.40502],[89.73717,25.40557],[89.73737,25.40556],[89.73738,25.4061],[89.73758,25.4061],[89.73759,25.40664],[89.73779,25.40664],[89.73779,25.40682],[89.73799,25.40681]],[[89.73796,25.40555],[89.73776,25.40556],[89.73776,25.40537],[89.73796,25.40537],[89.73794,25.40465],[89.73814,25.40465],[89.73814,25.40447],[89.73873,25.40445],[89.73876,25.40554],[89.73856,25.40554],[89.73857,25.4059],[89.73837,25.4059],[89.73837,25.40609],[89.73798,25.40609],[89.73796,25.40555]]]}},{"type":"Feature","properties":{"kind":"land","ha":16.8},"geometry":{"type":"Polygon","coordinates":[[[89.64596,25.40561],[89.64615,25.40525],[89.64655,25.40524],[89.64655,25.40542],[89.64675,25.40542],[89.64654,25.4047],[89.64673,25.4047],[89.64673,25.40434],[89.64653,25.40434],[89.64652,25.40398],[89.64632,25.40398],[89.64632,25.4038],[89.64572,25.40381],[89.6457,25.40273],[89.6453,25.40256],[89.64529,25.4022],[89.6445,25.40239],[89.64468,25.40166],[89.64428,25.40149],[89.64428,25.40131],[89.64408,25.40131],[89.64407,25.40113],[89.64387,25.40114],[89.64387,25.40096],[89.64367,25.40096],[89.64366,25.4006],[89.64326,25.40043],[89.64326,25.40007],[89.64285,25.39989],[89.64285,25.39953],[89.64225,25.39954],[89.64206,25.39991],[89.64186,25.39991],[89.64187,25.40027],[89.64167,25.40028],[89.64168,25.40064],[89.64128,25.40082],[89.64129,25.40118],[89.6405,25.40138],[89.64051,25.40174],[89.64071,25.40174],[89.64072,25.4021],[89.64092,25.40209],[89.64092,25.40227],[89.64132,25.40227],[89.64152,25.40262],[89.64172,25.40262],[89.64175,25.40388],[89.64195,25.40388],[89.64193,25.40316],[89.64213,25.40315],[89.6421,25.40189],[89.6419,25.4019],[89.6419,25.40153],[89.6421,25.40153],[89.64207,25.40045],[89.64227,25.40044],[89.64226,25.40008],[89.64246,25.40008],[89.64248,25.40098],[89.64268,25.40098],[89.64269,25.40134],[89.64249,25.40134],[89.6425,25.40207],[89.6427,25.40206],[89.64271,25.40242],[89.64251,25.40243],[89.64252,25.40297],[89.64272,25.40296],[89.64273,25.40314],[89.64312,25.40314],[89.64334,25.40385],[89.64314,25.40386],[89.64314,25.40404],[89.64334,25.40404],[89.64335,25.4044],[89.64355,25.40439],[89.64355,25.40457],[89.64395,25.40457],[89.64397,25.40529],[89.64476,25.40527],[89.64476,25.40545],[89.64536,25.40544],[89.64536,25.40562],[89.64596,25.40561]],[[89.64575,25.40489],[89.64594,25.40489],[89.64594,25.40471],[89.64634,25.4047],[89.64635,25.40506],[89.64595,25.40525],[89.64575,25.40489]],[[89.6433,25.40205],[89.6435,25.40205],[89.6435,25.40223],[89.6433,25.40223],[89.6433,25.40205]]]}},{"type":"Feature","properties":{"kind":"land","ha":28.6},"geometry":{"type":"Polygon","coordinates":[[[89.74693,25.40647],[89.74693,25.40665],[89.74733,25.40664],[89.7473,25.40538],[89.7471,25.40538],[89.7471,25.4052],[89.74729,25.4052],[89.74729,25.40484],[89.74749,25.40483],[89.74748,25.40447],[89.74768,25.40447],[89.74768,25.40465],[89.74828,25.40464],[89.74847,25.40427],[89.74926,25.40426],[89.74926,25.40408],[89.74965,25.40407],[89.74966,25.40425],[89.74986,25.40425],[89.74986,25.40461],[89.75006,25.4046],[89.75007,25.40478],[89.74987,25.40479],[89.74988,25.40515],[89.74968,25.40515],[89.74969,25.40551],[89.74949,25.40552],[89.74952,25.40696],[89.74932,25.40696],[89.74935,25.40823],[89.74955,25.40822],[89.74956,25.40858],[89.75015,25.40857],[89.75013,25.40749],[89.75033,25.40749],[89.75031,25.40658],[89.75051,25.40658],[89.7505,25.40622],[89.75089,25.40603],[89.75089,25.40585],[89.75108,25.40585],[89.75108,25.40567],[89.75088,25.40567],[89.75087,25.40531],[89.75047,25.40514],[89.75047,25.40496],[89.75027,25.40496],[89.75025,25.40424],[89.75006,25.40424],[89.75005,25.40388],[89.74985,25.40389],[89.74984,25.40371],[89.74925,25.40372],[89.74925,25.4039],[89.74886,25.4039],[89.74865,25.40355],[89.74845,25.40355],[89.74845,25.40337],[89.74765,25.40339],[89.74765,25.4032],[89.74745,25.40321],[89.74742,25.40213],[89.74762,25.40212],[89.74761,25.4014],[89.7484,25.40157],[89.74838,25.40066],[89.74819,25.40067],[89.74818,25.40031],[89.74778,25.40031],[89.74757,25.3996],[89.74737,25.3996],[89.74736,25.39924],[89.74696,25.39907],[89.74695,25.39889],[89.74675,25.39889],[89.74675,25.39871],[89.74655,25.39871],[89.74654,25.39835],[89.74614,25.39818],[89.74614,25.398],[89.74594,25.398],[89.74594,25.39782],[89.74554,25.39783],[89.74553,25.39765],[89.74494,25.39766],[89.74496,25.39874],[89.74516,25.39874],[89.74516,25.39856],[89.74555,25.39855],[89.74556,25.39873],[89.74576,25.39873],[89.74577,25.39909],[89.74596,25.39909],[89.74597,25.39945],[89.74637,25.39962],[89.74638,25.3998],[89.74677,25.39979],[89.74678,25.39997],[89.74698,25.39997],[89.74699,25.40033],[89.7462,25.40052],[89.7462,25.40071],[89.7464,25.4007],[89.74642,25.4016],[89.74622,25.40161],[89.74622,25.40179],[89.74682,25.40178],[89.74682,25.40196],[89.74702,25.40195],[89.74703,25.40231],[89.74664,25.4025],[89.74663,25.40214],[89.74643,25.40214],[89.74643,25.40196],[89.74583,25.40198],[89.74582,25.40161],[89.74562,25.40162],[89.74562,25.40144],[89.74582,25.40143],[89.74581,25.40107],[89.74561,25.40108],[89.7456,25.40072],[89.7454,25.40072],[89.7454,25.40036],[89.7452,25.40036],[89.74519,25.4],[89.74479,25.40001],[89.7448,25.40019],[89.7442,25.4002],[89.74401,25.40057],[89.74381,25.40057],[89.74383,25.40147],[89.74403,25.40147],[89.74404,25.40201],[89.74424,25.40201],[89.74406,25.40273],[89.74446,25.4029],[89.74468,25.40362],[89.74487,25.40362],[89.7451,25.4047],[89.7455,25.40487],[89.74551,25.40541],[89.74571,25.40541],[89.74573,25.40631],[89.74593,25.40631],[89.74594,25.40685],[89.74634,25.40702],[89.74635,25.40738],[89.74675,25.40755],[89.74676,25.40773],[89.74695,25.40773],[89.74697,25.40845],[89.74717,25.40845],[89.74715,25.40773],[89.74735,25.40772],[89.74734,25.40736],[89.74715,25.40737],[89.74714,25.407],[89.74694,25.40701],[89.74693,25.40683],[89.74674,25.40683],[89.74673,25.40647],[89.74693,25.40647]],[[89.74653,25.40647],[89.74652,25.40629],[89.74672,25.40629],[89.74673,25.40647],[89.74653,25.40647]],[[89.74667,25.40395],[89.74706,25.40376],[89.74707,25.40394],[89.74727,25.40393],[89.74727,25.40429],[89.74688,25.4043],[89.74667,25.40395]],[[89.74566,25.40306],[89.74605,25.40305],[89.74626,25.40341],[89.74606,25.40341],[89.74607,25.40378],[89.74567,25.40378],[89.74566,25.40306]]]}},{"type":"Feature","properties":{"kind":"land","ha":7.1},"geometry":{"type":"Polygon","coordinates":[[[89.70511,25.40273],[89.70511,25.40255],[89.70531,25.40255],[89.70529,25.40164],[89.70549,25.40164],[89.70548,25.40128],[89.70568,25.40128],[89.70566,25.40074],[89.70606,25.40073],[89.70606,25.40055],[89.70626,25.40054],[89.70624,25.4],[89.70605,25.40001],[89.70604,25.39965],[89.70564,25.39947],[89.70563,25.39929],[89.70543,25.3993],[89.70543,25.39912],[89.70523,25.39912],[89.70522,25.39876],[89.70463,25.39877],[89.70462,25.39859],[89.70423,25.3986],[89.70422,25.39842],[89.70402,25.39842],[89.70402,25.39824],[89.70322,25.39807],[89.70322,25.39789],[89.70282,25.3979],[89.70283,25.39826],[89.70303,25.39826],[89.70306,25.3997],[89.70346,25.39987],[89.70346,25.40005],[89.70366,25.40005],[89.70368,25.40077],[89.70388,25.40077],[89.70388,25.40095],[89.70428,25.40094],[89.70427,25.40076],[89.70447,25.40076],[89.70446,25.4004],[89.70406,25.40022],[89.70425,25.39986],[89.70465,25.39985],[89.70486,25.40021],[89.70506,25.4002],[89.70506,25.40057],[89.70526,25.40056],[89.70527,25.40074],[89.70507,25.40075],[89.70508,25.40111],[89.70488,25.40111],[89.70509,25.40183],[89.7047,25.40202],[89.70472,25.40274],[89.70511,25.40273]]]}},{"type":"Feature","properties":{"kind":"land","ha":9.4},"geometry":{"type":"Polygon","coordinates":[[[89.70195,25.40333],[89.70194,25.40297],[89.70214,25.40297],[89.70211,25.40188],[89.70231,25.40188],[89.7023,25.40152],[89.7025,25.40152],[89.70249,25.40079],[89.70209,25.40062],[89.70208,25.40026],[89.70168,25.40009],[89.70167,25.39991],[89.70147,25.39991],[89.70146,25.39937],[89.70126,25.39937],[89.70126,25.39919],[89.70086,25.3992],[89.70088,25.39992],[89.70068,25.39992],[89.70068,25.4001],[89.70088,25.4001],[89.70089,25.40028],[89.70049,25.40029],[89.70048,25.40011],[89.70029,25.40011],[89.70027,25.39939],[89.70007,25.39939],[89.70006,25.39885],[89.69986,25.39886],[89.69984,25.39795],[89.69964,25.39796],[89.69963,25.39742],[89.69943,25.39742],[89.69943,25.39724],[89.69903,25.39725],[89.69902,25.39671],[89.69882,25.39671],[89.69881,25.39635],[89.69822,25.39636],[89.69823,25.3969],[89.69783,25.39709],[89.69784,25.39745],[89.69764,25.39745],[89.69765,25.39763],[89.69725,25.39764],[89.69725,25.39782],[89.69706,25.39783],[89.69706,25.39819],[89.69746,25.39836],[89.69747,25.39854],[89.69767,25.39854],[89.69766,25.39836],[89.69786,25.39835],[89.69785,25.39781],[89.69825,25.3978],[89.69825,25.39798],[89.69845,25.39798],[89.69846,25.39834],[89.69866,25.39834],[89.69868,25.39924],[89.69888,25.39924],[89.69888,25.3996],[89.69988,25.39958],[89.69989,25.40012],[89.69969,25.40012],[89.6997,25.40048],[89.6999,25.40048],[89.6999,25.40066],[89.7003,25.40065],[89.70029,25.40047],[89.70069,25.40047],[89.7009,25.40082],[89.7011,25.40082],[89.7011,25.40118],[89.70151,25.40135],[89.70151,25.40153],[89.70171,25.40153],[89.70172,25.40225],[89.70153,25.40226],[89.70154,25.4028],[89.70174,25.40279],[89.70175,25.40333],[89.70195,25.40333]]]}},{"type":"Feature","properties":{"kind":"land","ha":10.8},"geometry":{"type":"Polygon","coordinates":[[[89.73859,25.39814],[89.73859,25.39832],[89.7384,25.39832],[89.73841,25.39905],[89.73881,25.39922],[89.73883,25.39976],[89.73902,25.39976],[89.73902,25.3994],[89.73922,25.39939],[89.73921,25.39921],[89.73961,25.3992],[89.7396,25.39902],[89.7398,25.39902],[89.73979,25.39866],[89.73999,25.39866],[89.73999,25.39847],[89.74039,25.39847],[89.74058,25.3981],[89.74117,25.39809],[89.74116,25.39755],[89.74136,25.39755],[89.74134,25.39683],[89.74174,25.39664],[89.74173,25.39646],[89.74193,25.39645],[89.74192,25.39591],[89.74172,25.39592],[89.74171,25.39537],[89.74151,25.39538],[89.7415,25.3952],[89.73991,25.39487],[89.73992,25.39523],[89.73972,25.39523],[89.73975,25.39685],[89.73956,25.39686],[89.73956,25.39704],[89.73916,25.39687],[89.73894,25.39615],[89.73854,25.39598],[89.73853,25.39561],[89.73834,25.39562],[89.73834,25.39598],[89.73814,25.39598],[89.73818,25.39761],[89.73878,25.3976],[89.73879,25.39796],[89.73898,25.39795],[89.73899,25.39813],[89.73859,25.39814]],[[89.73919,25.39813],[89.73919,25.39831],[89.73899,25.39831],[89.73899,25.39813],[89.73919,25.39813]]]}},{"type":"Feature","properties":{"kind":"land","ha":12.5},"geometry":{"type":"Polygon","coordinates":[[[89.68715,25.39909],[89.68734,25.39873],[89.68754,25.39872],[89.68753,25.39854],[89.68773,25.39854],[89.68773,25.39836],[89.68852,25.39834],[89.68871,25.39798],[89.68891,25.39797],[89.6889,25.39743],[89.6885,25.39726],[89.68849,25.39708],[89.6883,25.39708],[89.68849,25.39672],[89.68869,25.39672],[89.68868,25.39635],[89.68848,25.39636],[89.68845,25.39491],[89.68805,25.39492],[89.68805,25.39474],[89.68785,25.39475],[89.68784,25.39438],[89.68764,25.39439],[89.68764,25.39421],[89.68704,25.39422],[89.68704,25.3944],[89.68685,25.3944],[89.68687,25.3953],[89.68567,25.39515],[89.68567,25.39533],[89.68548,25.39533],[89.6855,25.39623],[89.68569,25.39623],[89.68572,25.39731],[89.68592,25.39731],[89.68592,25.39767],[89.68612,25.39766],[89.68613,25.39803],[89.68593,25.39803],[89.68595,25.39875],[89.68615,25.39875],[89.68616,25.39911],[89.68635,25.3991],[89.68636,25.39928],[89.68715,25.39909]]]}},{"type":"Feature","properties":{"kind":"land","ha":7.4},"geometry":{"type":"Polygon","coordinates":[[[89.68386,25.40294],[89.68382,25.40132],[89.68362,25.40132],[89.68362,25.40114],[89.68382,25.40114],[89.68379,25.40005],[89.68399,25.40005],[89.68397,25.39897],[89.68417,25.39896],[89.68415,25.39824],[89.68395,25.39825],[89.68394,25.3977],[89.68374,25.39771],[89.68373,25.39735],[89.68413,25.39716],[89.68411,25.39626],[89.68391,25.39626],[89.6839,25.3959],[89.6837,25.3959],[89.6837,25.39572],[89.68389,25.39572],[89.68389,25.39536],[89.68369,25.39536],[89.68367,25.39464],[89.68347,25.39464],[89.68347,25.39428],[89.68327,25.39429],[89.68326,25.39393],[89.68306,25.39393],[89.6831,25.39555],[89.6829,25.39556],[89.68291,25.39628],[89.68271,25.39628],[89.68273,25.39682],[89.68293,25.39682],[89.68295,25.3979],[89.68315,25.3979],[89.68316,25.39826],[89.68335,25.39826],[89.68338,25.39934],[89.68318,25.39934],[89.68322,25.40115],[89.68283,25.40133],[89.68284,25.40206],[89.68344,25.40205],[89.68344,25.40223],[89.68364,25.40222],[89.68366,25.40294],[89.68386,25.40294]],[[89.68328,25.39501],[89.68348,25.39501],[89.68349,25.39519],[89.68329,25.39519],[89.68328,25.39501]]]}},{"type":"Feature","properties":{"kind":"land","ha":15.6},"geometry":{"type":"Polygon","coordinates":[[[89.66162,25.40371],[89.6616,25.40316],[89.66141,25.40317],[89.6614,25.40281],[89.6612,25.40281],[89.6612,25.40263],[89.661,25.40263],[89.66077,25.40155],[89.66058,25.40156],[89.66056,25.40102],[89.66016,25.40084],[89.6601,25.39778],[89.6599,25.39778],[89.65989,25.39742],[89.65969,25.39742],[89.65968,25.39688],[89.65928,25.39671],[89.65906,25.39599],[89.65866,25.39582],[89.65866,25.39564],[89.65846,25.39564],[89.65846,25.39546],[89.65786,25.39547],[89.65786,25.39529],[89.65746,25.3953],[89.65747,25.39566],[89.65707,25.39567],[89.65706,25.39549],[89.65687,25.39549],[89.65685,25.39495],[89.65705,25.39494],[89.65704,25.39458],[89.65724,25.39458],[89.65723,25.39404],[89.65644,25.39405],[89.65643,25.39387],[89.65623,25.39388],[89.65625,25.39442],[89.65645,25.39441],[89.65647,25.39568],[89.65667,25.39567],[89.65668,25.39603],[89.65648,25.39604],[89.65648,25.39622],[89.65609,25.39623],[89.65609,25.39641],[89.65629,25.3964],[89.65629,25.39658],[89.65709,25.39657],[89.65709,25.39675],[89.65848,25.39672],[89.65849,25.39726],[89.65869,25.39726],[89.65851,25.39799],[89.65831,25.39799],[89.65832,25.39817],[89.65851,25.39817],[89.65853,25.39907],[89.65834,25.39907],[89.65835,25.39961],[89.65815,25.39962],[89.65817,25.4007],[89.65837,25.4007],[89.65838,25.40088],[89.65877,25.40087],[89.65898,25.40123],[89.65918,25.40122],[89.65918,25.4014],[89.65938,25.4014],[89.65939,25.40176],[89.65979,25.40193],[89.6598,25.40247],[89.6602,25.40265],[89.66021,25.40301],[89.66041,25.40301],[89.66041,25.40319],[89.66081,25.40318],[89.66102,25.40354],[89.66122,25.40353],[89.66122,25.40371],[89.66162,25.40371]]]}},{"type":"Feature","properties":{"kind":"land","ha":127.8},"geometry":{"type":"Polygon","coordinates":[[[89.63349,25.42605],[89.63348,25.42551],[89.63328,25.42551],[89.63326,25.42479],[89.63346,25.42479],[89.63342,25.42316],[89.63362,25.42316],[89.6336,25.42208],[89.6338,25.42208],[89.63379,25.42171],[89.63399,25.42171],[89.63398,25.42135],[89.63418,25.42135],[89.63417,25.42099],[89.63437,25.42098],[89.63436,25.42062],[89.63456,25.42062],[89.63455,25.42008],[89.63395,25.42009],[89.63375,25.41973],[89.63295,25.41974],[89.63296,25.41992],[89.63256,25.41993],[89.63231,25.41741],[89.6325,25.41741],[89.63248,25.41614],[89.63287,25.41596],[89.63287,25.41577],[89.63306,25.41577],[89.63306,25.41559],[89.63326,25.41559],[89.63322,25.4136],[89.63342,25.4136],[89.63341,25.41324],[89.63361,25.41323],[89.63359,25.41251],[89.63398,25.41233],[89.63398,25.41215],[89.63418,25.41214],[89.63417,25.41196],[89.63437,25.41196],[89.63437,25.4116],[89.63396,25.41142],[89.63394,25.41034],[89.63414,25.41034],[89.63413,25.40998],[89.63453,25.40997],[89.63453,25.41015],[89.63473,25.41015],[89.63474,25.41051],[89.63454,25.41051],[89.63456,25.41123],[89.63515,25.41122],[89.63514,25.4105],[89.63533,25.4105],[89.63531,25.40941],[89.63551,25.40941],[89.63551,25.40923],[89.63531,25.40923],[89.6353,25.40869],[89.6351,25.4087],[89.63509,25.40833],[89.63489,25.40834],[89.63487,25.40762],[89.63468,25.40762],[89.63466,25.40672],[89.63486,25.40671],[89.63483,25.40545],[89.63503,25.40545],[89.63499,25.40382],[89.63519,25.40382],[89.63519,25.404],[89.63559,25.40399],[89.63558,25.40363],[89.63598,25.40345],[89.63597,25.40327],[89.63617,25.40326],[89.63617,25.40308],[89.63637,25.40308],[89.63636,25.40272],[89.63656,25.40271],[89.63655,25.40235],[89.63615,25.40236],[89.63613,25.40128],[89.63593,25.40128],[89.63592,25.40092],[89.63572,25.40092],[89.6357,25.40002],[89.6363,25.40001],[89.63629,25.39947],[89.63649,25.39947],[89.63647,25.39874],[89.63587,25.39875],[89.63567,25.3984],[89.63606,25.39821],[89.63606,25.39803],[89.63626,25.39803],[89.63625,25.39785],[89.63645,25.39784],[89.63644,25.39712],[89.63663,25.39712],[89.63663,25.39676],[89.63703,25.39693],[89.63703,25.39711],[89.63723,25.39711],[89.63746,25.39855],[89.63786,25.39854],[89.63785,25.39818],[89.63824,25.39799],[89.63824,25.39781],[89.63844,25.39781],[89.63844,25.39799],[89.63904,25.39798],[89.63903,25.39762],[89.63942,25.39743],[89.63941,25.39707],[89.63981,25.39688],[89.6398,25.39652],[89.6402,25.39651],[89.64021,25.39723],[89.64001,25.39724],[89.64002,25.3976],[89.63982,25.3976],[89.63983,25.39778],[89.63963,25.39778],[89.63964,25.39833],[89.64004,25.39832],[89.64005,25.39868],[89.63985,25.39868],[89.63984,25.3985],[89.63925,25.39851],[89.63906,25.39888],[89.63886,25.39888],[89.63887,25.39924],[89.63847,25.39925],[89.63846,25.39907],[89.63747,25.39909],[89.63748,25.39963],[89.63728,25.39963],[89.63729,25.39999],[89.63709,25.4],[89.6371,25.40036],[89.6369,25.40036],[89.63692,25.40108],[89.63751,25.40107],[89.63734,25.40216],[89.63754,25.40215],[89.63773,25.40179],[89.63852,25.4016],[89.63852,25.40141],[89.63891,25.40141],[89.63891,25.40123],[89.6397,25.40121],[89.6397,25.40103],[89.6403,25.40102],[89.64029,25.40084],[89.64069,25.40083],[89.64088,25.40047],[89.64108,25.40047],[89.64107,25.39993],[89.64127,25.39992],[89.64126,25.39974],[89.64206,25.39973],[89.64205,25.39955],[89.64185,25.39955],[89.64183,25.39865],[89.64203,25.39864],[89.64202,25.39828],[89.64222,25.39828],[89.64222,25.39792],[89.64241,25.39792],[89.64221,25.39756],[89.64201,25.39756],[89.642,25.3972],[89.6418,25.3972],[89.64179,25.39666],[89.64159,25.39667],[89.64178,25.3963],[89.64198,25.3963],[89.64198,25.39612],[89.64218,25.39611],[89.64217,25.39575],[89.64197,25.39576],[89.64175,25.39504],[89.64135,25.39487],[89.64135,25.39451],[89.64115,25.39451],[89.64114,25.39433],[89.64075,25.39434],[89.64075,25.39452],[89.64055,25.39452],[89.64056,25.39488],[89.64096,25.39505],[89.64097,25.39541],[89.64017,25.39525],[89.63998,25.39561],[89.63978,25.39562],[89.63978,25.3958],[89.63959,25.3958],[89.63959,25.39598],[89.63939,25.39598],[89.63939,25.3958],[89.63919,25.39581],[89.63918,25.39527],[89.63898,25.39527],[89.63897,25.39473],[89.63877,25.39473],[89.63876,25.39437],[89.63836,25.3942],[89.63835,25.39402],[89.63816,25.39402],[89.63815,25.39384],[89.63795,25.39384],[89.63795,25.39366],[89.63716,25.39368],[89.63715,25.3935],[89.63695,25.3935],[89.63696,25.39386],[89.63676,25.39387],[89.63677,25.39423],[89.63697,25.39422],[89.63697,25.3944],[89.63737,25.3944],[89.63737,25.39458],[89.63817,25.39456],[89.63817,25.39474],[89.63837,25.39474],[89.63838,25.3951],[89.63818,25.3951],[89.63821,25.39637],[89.63741,25.39638],[89.63742,25.39656],[89.63722,25.39656],[89.63721,25.39638],[89.63702,25.39639],[89.63701,25.39603],[89.63721,25.39602],[89.6372,25.39566],[89.6374,25.39566],[89.63739,25.3953],[89.63679,25.39531],[89.6368,25.39549],[89.6366,25.39549],[89.63661,25.39603],[89.63681,25.39603],[89.63682,25.39657],[89.63642,25.39658],[89.63643,25.39676],[89.63563,25.39677],[89.63544,25.39714],[89.63504,25.39715],[89.63505,25.39733],[89.63425,25.39734],[89.63427,25.39806],[89.63447,25.39806],[89.63448,25.39842],[89.63428,25.39842],[89.63429,25.39878],[89.63409,25.39879],[89.63407,25.39788],[89.63387,25.39789],[89.63387,25.39807],[89.63328,25.39808],[89.63328,25.39826],[89.63308,25.39826],[89.6333,25.39934],[89.63311,25.39935],[89.63313,25.40043],[89.63293,25.40043],[89.63295,25.40115],[89.63275,25.40116],[89.63276,25.40188],[89.63256,25.40188],[89.63257,25.40224],[89.63237,25.40225],[89.63238,25.40261],[89.63218,25.40261],[89.63219,25.40297],[89.63199,25.40298],[89.632,25.40334],[89.63161,25.40352],[89.63161,25.40388],[89.63142,25.40389],[89.63142,25.40425],[89.63182,25.40424],[89.63183,25.40478],[89.63203,25.40478],[89.63204,25.40496],[89.63223,25.40496],[89.63223,25.40478],[89.63302,25.40476],[89.63304,25.4053],[89.63264,25.40531],[89.63245,25.40567],[89.63185,25.40569],[89.63184,25.40532],[89.63165,25.40533],[89.63165,25.40569],[89.63126,25.4057],[89.63126,25.40588],[89.63086,25.40588],[89.63085,25.40552],[89.63046,25.40553],[89.63029,25.40698],[89.63009,25.40698],[89.63011,25.4077],[89.62991,25.40771],[89.62993,25.40861],[89.62973,25.40861],[89.62976,25.41024],[89.62996,25.41023],[89.62999,25.41149],[89.63019,25.41149],[89.63019,25.41167],[89.62999,25.41168],[89.63001,25.41258],[89.63021,25.41257],[89.63022,25.41311],[89.63042,25.41311],[89.63044,25.41365],[89.63063,25.41365],[89.63065,25.41455],[89.63085,25.41455],[89.63088,25.41599],[89.63108,25.41599],[89.63109,25.41653],[89.6309,25.41653],[89.6309,25.41671],[89.6311,25.41671],[89.63116,25.4196],[89.63096,25.4196],[89.63099,25.42104],[89.63079,25.42105],[89.63081,25.42159],[89.63061,25.42159],[89.63061,25.42177],[89.63101,25.42176],[89.63101,25.42194],[89.63062,25.42195],[89.63065,25.4234],[89.63045,25.4234],[89.63046,25.42376],[89.63065,25.42376],[89.63067,25.4243],[89.63087,25.42429],[89.63088,25.4252],[89.63108,25.42519],[89.6311,25.42573],[89.63149,25.42573],[89.6315,25.42609],[89.63349,25.42605]],[[89.63122,25.4223],[89.63142,25.4223],[89.63143,25.42284],[89.63123,25.42284],[89.63122,25.4223]],[[89.63198,25.42066],[89.63238,25.42066],[89.63238,25.42102],[89.63219,25.42102],[89.63198,25.42066]],[[89.63137,25.42031],[89.63157,25.42031],[89.63158,25.42049],[89.63138,25.42049],[89.63137,25.42031]],[[89.63194,25.41886],[89.63214,25.41886],[89.63214,25.41904],[89.63194,25.41904],[89.63194,25.41886]],[[89.63193,25.4185],[89.63173,25.4185],[89.63171,25.4176],[89.63191,25.4176],[89.63192,25.41796],[89.63212,25.41795],[89.63213,25.41868],[89.63194,25.41868],[89.63193,25.4185]],[[89.63129,25.41653],[89.63169,25.41652],[89.63171,25.41724],[89.6319,25.41724],[89.63191,25.41742],[89.63131,25.41743],[89.63129,25.41653]],[[89.632,25.41272],[89.6322,25.41272],[89.63221,25.41308],[89.63181,25.41309],[89.632,25.41272]],[[89.63432,25.40943],[89.63452,25.40943],[89.63452,25.40961],[89.63432,25.40961],[89.63432,25.40943]],[[89.63265,25.40567],[89.63324,25.40566],[89.63305,25.40603],[89.63265,25.40603],[89.63265,25.40567]],[[89.63221,25.40387],[89.63241,25.40387],[89.63241,25.40405],[89.63221,25.40405],[89.63221,25.40387]],[[89.63769,25.39999],[89.63808,25.3998],[89.63808,25.39962],[89.63828,25.39961],[89.63827,25.39943],[89.63847,25.39943],[89.63848,25.39979],[89.63809,25.39998],[89.6381,25.40052],[89.6385,25.40051],[89.6385,25.40069],[89.6383,25.4007],[89.63831,25.40106],[89.63771,25.40107],[89.63769,25.39999]],[[89.63949,25.40031],[89.63988,25.40031],[89.63989,25.40049],[89.63949,25.40049],[89.63949,25.40031]],[[89.63469,25.39914],[89.63508,25.39895],[89.63508,25.39877],[89.63548,25.39876],[89.63529,25.39949],[89.6349,25.39949],[89.63469,25.39914]],[[89.63349,25.39862],[89.63369,25.39861],[89.63369,25.39879],[89.63349,25.3988],[89.63349,25.39862]]]}},{"type":"Feature","properties":{"kind":"land","ha":4.2},"geometry":{"type":"Polygon","coordinates":[[[89.69327,25.39735],[89.69326,25.39699],[89.69346,25.39699],[89.69344,25.39609],[89.69364,25.39608],[89.69363,25.39572],[89.69383,25.39572],[89.69383,25.39554],[89.69402,25.39553],[89.69402,25.39517],[89.69421,25.39517],[89.6942,25.39463],[89.6944,25.39463],[89.69439,25.39426],[89.69459,25.39426],[89.69458,25.39354],[89.69417,25.39337],[89.69417,25.39319],[89.69397,25.39319],[89.69397,25.39301],[89.69377,25.39301],[89.69377,25.39283],[89.69357,25.39284],[89.69356,25.39247],[89.69336,25.39248],[89.69336,25.3923],[89.69296,25.39231],[89.69298,25.39321],[89.69318,25.3932],[89.69322,25.39501],[89.69342,25.395],[89.69342,25.39518],[89.69322,25.39519],[89.69326,25.39681],[89.69306,25.39682],[89.69307,25.39736],[89.69327,25.39735]]]}},{"type":"Feature","properties":{"kind":"land","ha":21.6},"geometry":{"type":"Polygon","coordinates":[[[89.75584,25.40504],[89.75563,25.40468],[89.75583,25.40468],[89.75582,25.4045],[89.75542,25.40432],[89.75541,25.40396],[89.75561,25.40396],[89.75561,25.40378],[89.75601,25.40377],[89.75601,25.40395],[89.75621,25.40395],[89.7562,25.40359],[89.756,25.40359],[89.75599,25.40305],[89.75579,25.40305],[89.75578,25.40251],[89.75558,25.40251],[89.75557,25.40215],[89.75537,25.40216],[89.75536,25.4018],[89.75517,25.4018],[89.75494,25.40072],[89.75474,25.40073],[89.75474,25.40036],[89.75454,25.40037],[89.75453,25.40019],[89.75433,25.40019],[89.75433,25.39983],[89.75393,25.39966],[89.75392,25.3993],[89.75352,25.39912],[89.7533,25.39841],[89.7531,25.39841],[89.75309,25.39805],[89.7529,25.39805],[89.75289,25.39769],[89.75249,25.3977],[89.75228,25.39734],[89.75208,25.39735],[89.7521,25.39789],[89.75249,25.39788],[89.7525,25.39824],[89.75171,25.39826],[89.7517,25.39771],[89.7515,25.39772],[89.75146,25.39628],[89.75166,25.39627],[89.75166,25.39609],[89.75146,25.39609],[89.75145,25.39573],[89.75125,25.39574],[89.75124,25.39538],[89.75105,25.39538],[89.75104,25.39502],[89.75084,25.39502],[89.75083,25.39466],[89.75063,25.39467],[89.75062,25.39431],[89.75043,25.39431],[89.75042,25.39395],[89.75022,25.39395],[89.75021,25.39341],[89.75001,25.39341],[89.75,25.39305],[89.7498,25.39306],[89.74979,25.39252],[89.74939,25.39234],[89.74938,25.39198],[89.74918,25.39199],[89.74917,25.39145],[89.74897,25.39145],[89.74896,25.39109],[89.74876,25.39109],[89.74876,25.39073],[89.74856,25.39073],[89.74855,25.39037],[89.74835,25.39038],[89.74834,25.38984],[89.74814,25.38984],[89.74813,25.3893],[89.74793,25.3893],[89.74792,25.38894],[89.74772,25.38895],[89.74771,25.38858],[89.74751,25.38859],[89.74732,25.38895],[89.74713,25.38896],[89.74713,25.38932],[89.74694,25.38932],[89.74695,25.38986],[89.74715,25.38986],[89.74716,25.39058],[89.74696,25.39058],[89.74698,25.39131],[89.74738,25.3913],[89.74737,25.39094],[89.74777,25.39111],[89.74778,25.39147],[89.74798,25.39147],[89.74799,25.39183],[89.74779,25.39183],[89.74779,25.39201],[89.74799,25.39201],[89.748,25.39255],[89.7484,25.39272],[89.74862,25.39344],[89.74902,25.39361],[89.74923,25.39433],[89.74943,25.39433],[89.74945,25.39487],[89.74964,25.39487],[89.74966,25.39541],[89.74985,25.3954],[89.74987,25.39594],[89.75007,25.39594],[89.75007,25.3963],[89.75027,25.3963],[89.75028,25.39666],[89.75048,25.39665],[89.75049,25.39702],[89.75069,25.39701],[89.75069,25.39737],[89.7511,25.39755],[89.7511,25.39791],[89.7515,25.39808],[89.75151,25.39844],[89.75191,25.39861],[89.75192,25.39879],[89.75212,25.39879],[89.75212,25.39897],[89.75232,25.39897],[89.75233,25.39933],[89.75273,25.3995],[89.75274,25.39986],[89.75314,25.40003],[89.75315,25.40039],[89.75335,25.40039],[89.75334,25.40021],[89.75374,25.4002],[89.75374,25.40038],[89.75394,25.40038],[89.75395,25.40074],[89.75355,25.40075],[89.75356,25.40111],[89.75376,25.40111],[89.75377,25.40147],[89.75397,25.40146],[89.75397,25.40182],[89.75417,25.40182],[89.75419,25.40236],[89.75438,25.40236],[89.75439,25.40272],[89.75459,25.40271],[89.7546,25.40307],[89.7548,25.40307],[89.75481,25.40361],[89.75501,25.40361],[89.75502,25.40397],[89.75522,25.40397],[89.75523,25.40451],[89.75543,25.4045],[89.75544,25.40522],[89.75584,25.40504]]]}},{"type":"Feature","properties":{"kind":"land","ha":10.3},"geometry":{"type":"Polygon","coordinates":[[[89.65882,25.39383],[89.6592,25.3931],[89.65979,25.39309],[89.65979,25.39273],[89.66018,25.39272],[89.66019,25.39308],[89.66059,25.39326],[89.66078,25.39253],[89.66097,25.39253],[89.66097,25.39217],[89.66116,25.39216],[89.66116,25.3918],[89.66136,25.3918],[89.66135,25.39144],[89.66174,25.39125],[89.66192,25.39052],[89.66232,25.39034],[89.6623,25.3898],[89.6625,25.38979],[89.6625,25.38943],[89.6621,25.38962],[89.66211,25.3898],[89.66191,25.3898],[89.6619,25.38926],[89.6615,25.38927],[89.6615,25.38945],[89.6613,25.38945],[89.66112,25.39018],[89.66092,25.39018],[89.66093,25.39072],[89.66134,25.3909],[89.66134,25.39108],[89.66055,25.39127],[89.66037,25.392],[89.66056,25.39199],[89.66057,25.39217],[89.66037,25.39218],[89.66037,25.39236],[89.66018,25.39236],[89.66016,25.39182],[89.65976,25.39165],[89.65975,25.39129],[89.65956,25.39129],[89.65955,25.39093],[89.65915,25.39112],[89.65916,25.3913],[89.65856,25.39131],[89.65856,25.39113],[89.65836,25.39113],[89.65836,25.39131],[89.65797,25.39132],[89.65776,25.39096],[89.65736,25.39097],[89.65716,25.39061],[89.65696,25.39061],[89.65695,25.39043],[89.65656,25.39062],[89.65657,25.39098],[89.65697,25.39116],[89.65698,25.39152],[89.65718,25.39151],[89.65718,25.39187],[89.65758,25.39187],[89.65759,25.39205],[89.65778,25.39204],[89.65779,25.3924],[89.6574,25.39259],[89.65719,25.39223],[89.65679,25.39224],[89.6566,25.39261],[89.6568,25.3926],[89.65681,25.39278],[89.65661,25.39279],[89.65661,25.39297],[89.65681,25.39296],[89.65682,25.39332],[89.65741,25.39331],[89.65742,25.39349],[89.65782,25.39349],[89.65782,25.39367],[89.65822,25.39366],[89.65822,25.39384],[89.65882,25.39383]],[[89.6588,25.39293],[89.659,25.39292],[89.659,25.3931],[89.6588,25.39311],[89.6588,25.39293]],[[89.65799,25.39258],[89.65839,25.39239],[89.65838,25.39185],[89.65818,25.39186],[89.65817,25.39168],[89.65857,25.39149],[89.65877,25.39184],[89.65897,25.39184],[89.65898,25.39202],[89.65917,25.39202],[89.65918,25.39238],[89.65879,25.39257],[89.65879,25.39275],[89.65859,25.39275],[89.6586,25.39293],[89.6582,25.39294],[89.65799,25.39258]]]}},{"type":"Feature","properties":{"kind":"land","ha":5.1},"geometry":{"type":"Polygon","coordinates":[[[89.68478,25.39083],[89.68478,25.39065],[89.68497,25.39065],[89.68497,25.39047],[89.68477,25.39047],[89.68476,25.38993],[89.68496,25.38992],[89.68495,25.38974],[89.68555,25.38973],[89.68576,25.39009],[89.68675,25.39007],[89.68675,25.39025],[89.68695,25.39025],[89.68696,25.39061],[89.68736,25.39078],[89.68734,25.38988],[89.68714,25.38988],[89.68713,25.38934],[89.68693,25.38935],[89.68692,25.38899],[89.68673,25.38899],[89.68672,25.38881],[89.68652,25.38881],[89.68652,25.38845],[89.68612,25.38846],[89.68611,25.3881],[89.68591,25.3881],[89.68591,25.38792],[89.68551,25.38793],[89.68553,25.38883],[89.68533,25.38884],[89.68534,25.38938],[89.68515,25.38938],[89.68514,25.3892],[89.68474,25.38921],[89.68472,25.3883],[89.68453,25.38831],[89.68452,25.38795],[89.68432,25.38795],[89.68433,25.38831],[89.68413,25.38832],[89.68414,25.38886],[89.68434,25.38885],[89.68439,25.39102],[89.68478,25.39083]]]}},{"type":"Feature","properties":{"kind":"land","ha":3.0},"geometry":{"type":"Polygon","coordinates":[[[89.68953,25.3902],[89.68953,25.39002],[89.68973,25.39002],[89.68972,25.38948],[89.68952,25.38948],[89.68951,25.38912],[89.68872,25.38913],[89.68871,25.38895],[89.68831,25.38896],[89.68831,25.3886],[89.68791,25.38861],[89.6879,25.38825],[89.6875,25.38807],[89.6875,25.38789],[89.6873,25.3879],[89.68729,25.38772],[89.6871,25.38772],[89.68709,25.38754],[89.68689,25.38754],[89.68689,25.38736],[89.68669,25.38737],[89.68669,25.38719],[89.68629,25.38719],[89.6865,25.38755],[89.68669,25.38755],[89.6867,25.38773],[89.6869,25.38772],[89.68711,25.38844],[89.68731,25.38844],[89.68732,25.38898],[89.68752,25.38898],[89.68752,25.38916],[89.68792,25.38915],[89.68813,25.38951],[89.68833,25.3895],[89.68833,25.38986],[89.68853,25.38986],[89.68854,25.39004],[89.68893,25.39003],[89.68914,25.39039],[89.68953,25.3902]]]}},{"type":"Feature","properties":{"kind":"land","ha":22.0},"geometry":{"type":"Polygon","coordinates":[[[89.63653,25.39225],[89.63652,25.39188],[89.63672,25.39188],[89.63672,25.39206],[89.63692,25.39206],[89.63694,25.39278],[89.63674,25.39278],[89.63675,25.39332],[89.63715,25.39332],[89.63714,25.39296],[89.63734,25.39295],[89.63733,25.39277],[89.63773,25.39277],[89.63773,25.39258],[89.63753,25.39259],[89.63752,25.39205],[89.63732,25.39205],[89.63751,25.39169],[89.63731,25.39169],[89.6373,25.39115],[89.6371,25.39115],[89.63709,25.39061],[89.63689,25.39061],[89.63688,25.39025],[89.63668,25.39026],[89.63668,25.39008],[89.63628,25.39008],[89.63627,25.38954],[89.63666,25.38936],[89.63666,25.38917],[89.63646,25.38918],[89.63645,25.38864],[89.63625,25.38864],[89.63624,25.38792],[89.63604,25.38792],[89.63603,25.38756],[89.63424,25.38759],[89.63425,25.38777],[89.63405,25.38778],[89.63384,25.38742],[89.63344,25.38743],[89.63344,25.38725],[89.63324,25.38725],[89.63324,25.38707],[89.63264,25.38708],[89.63266,25.3878],[89.63246,25.38781],[89.63246,25.38799],[89.63206,25.38799],[89.63208,25.38872],[89.63228,25.38871],[89.63229,25.38907],[89.63248,25.38907],[89.63249,25.38925],[89.63269,25.38925],[89.63251,25.39033],[89.63271,25.39033],[89.63273,25.39105],[89.63253,25.39105],[89.63254,25.39141],[89.63294,25.39159],[89.63295,25.39213],[89.63256,25.39232],[89.63256,25.3925],[89.63296,25.39249],[89.63296,25.39267],[89.63316,25.39267],[89.63315,25.39213],[89.63354,25.39194],[89.63354,25.39176],[89.63374,25.39175],[89.63374,25.39193],[89.63394,25.39193],[89.63395,25.39229],[89.63414,25.39229],[89.63415,25.39265],[89.63455,25.39264],[89.63476,25.393],[89.63515,25.39299],[89.63516,25.39317],[89.63595,25.39316],[89.63595,25.39298],[89.63634,25.39297],[89.63633,25.39225],[89.63653,25.39225]],[[89.63593,25.39226],[89.63593,25.39208],[89.63573,25.39208],[89.63572,25.39172],[89.63552,25.39172],[89.63571,25.391],[89.6359,25.39099],[89.63591,25.39117],[89.63631,25.39117],[89.63633,25.39225],[89.63593,25.39226]],[[89.6359,25.39081],[89.6361,25.39081],[89.6361,25.39099],[89.6359,25.39099],[89.6359,25.39081]],[[89.63609,25.39027],[89.63648,25.39026],[89.63649,25.39062],[89.6361,25.39081],[89.63609,25.39027]],[[89.63449,25.39012],[89.6343,25.39012],[89.63428,25.38958],[89.63448,25.38957],[89.63448,25.38939],[89.63507,25.38938],[89.63508,25.38974],[89.63528,25.38974],[89.63529,25.39028],[89.63549,25.39028],[89.6355,25.39046],[89.6347,25.39047],[89.63449,25.39012]],[[89.63426,25.3885],[89.63466,25.38849],[89.63447,25.38885],[89.63407,25.38886],[89.63426,25.3885]],[[89.63484,25.38776],[89.63524,25.38794],[89.63525,25.38812],[89.63485,25.38812],[89.63484,25.38776]]]}},{"type":"Feature","properties":{"kind":"land","ha":8.2},"geometry":{"type":"Polygon","coordinates":[[[89.65653,25.38918],[89.65653,25.389],[89.65672,25.38899],[89.65672,25.38881],[89.65692,25.38881],[89.65691,25.38845],[89.65652,25.38864],[89.65652,25.38882],[89.65593,25.38883],[89.65591,25.38811],[89.65611,25.3881],[89.6561,25.38792],[89.6563,25.38792],[89.65631,25.3881],[89.6569,25.38809],[89.6569,25.38791],[89.6571,25.3879],[89.6571,25.38808],[89.6577,25.38807],[89.6577,25.38825],[89.6583,25.38824],[89.65832,25.38915],[89.65871,25.38896],[89.6587,25.3886],[89.6585,25.3886],[89.6585,25.38842],[89.6587,25.38842],[89.65869,25.38788],[89.65908,25.38787],[89.65886,25.38679],[89.65925,25.3866],[89.65924,25.38606],[89.65964,25.38587],[89.65963,25.38551],[89.66022,25.3855],[89.66041,25.38514],[89.66061,25.38513],[89.66061,25.38477],[89.66021,25.38478],[89.6602,25.38442],[89.65981,25.38461],[89.65962,25.38533],[89.65923,25.38534],[89.65904,25.3857],[89.65884,25.38571],[89.65884,25.38589],[89.65805,25.3859],[89.65808,25.38753],[89.65769,25.38771],[89.65769,25.38789],[89.65749,25.3879],[89.65748,25.38736],[89.65728,25.38736],[89.65726,25.38646],[89.65766,25.38627],[89.65765,25.38573],[89.65745,25.38573],[89.65744,25.38555],[89.65705,25.38556],[89.65686,25.38592],[89.65646,25.38593],[89.65646,25.38611],[89.65626,25.38611],[89.65629,25.38738],[89.6559,25.38756],[89.6559,25.38775],[89.6557,25.38775],[89.65572,25.38847],[89.65552,25.38847],[89.65553,25.38884],[89.65593,25.38901],[89.65593,25.38919],[89.65613,25.38919],[89.65614,25.38937],[89.65653,25.38918]],[[89.65667,25.38647],[89.65687,25.38646],[89.65687,25.38664],[89.65667,25.38665],[89.65667,25.38647]]]}},{"type":"Feature","properties":{"kind":"land","ha":5.7},"geometry":{"type":"Polygon","coordinates":[[[89.7063,25.38484],[89.7063,25.38448],[89.7061,25.38448],[89.70608,25.38394],[89.70568,25.38377],[89.70568,25.38359],[89.70508,25.3836],[89.70508,25.38324],[89.70448,25.38325],[89.70449,25.38379],[89.70409,25.3838],[89.7039,25.38416],[89.7035,25.38399],[89.7035,25.38381],[89.7031,25.38382],[89.70311,25.384],[89.7033,25.38399],[89.70332,25.38453],[89.70391,25.38452],[89.70394,25.38561],[89.70434,25.38578],[89.70434,25.38596],[89.70454,25.38596],[89.70454,25.38614],[89.70514,25.38613],[89.70514,25.38631],[89.70534,25.3863],[89.70533,25.38594],[89.70553,25.38594],[89.70533,25.38558],[89.70572,25.38539],[89.70572,25.38521],[89.70611,25.38521],[89.7061,25.38484],[89.7063,25.38484]],[[89.70591,25.38485],[89.7059,25.38467],[89.7061,25.38466],[89.7061,25.38484],[89.70591,25.38485]]]}},{"type":"Feature","properties":{"kind":"land","ha":84.4},"geometry":{"type":"Polygon","coordinates":[[[89.71671,25.40577],[89.71667,25.40432],[89.71648,25.40433],[89.71647,25.40397],[89.71627,25.40397],[89.71623,25.40216],[89.71603,25.40217],[89.71598,25.39982],[89.71618,25.39982],[89.71616,25.39928],[89.71636,25.39927],[89.71635,25.39855],[89.71615,25.39856],[89.71612,25.39729],[89.71592,25.3973],[89.7159,25.39621],[89.71609,25.39621],[89.71606,25.39477],[89.71586,25.39477],[89.71584,25.39387],[89.71604,25.39387],[89.71603,25.39332],[89.71583,25.39333],[89.71579,25.39152],[89.71559,25.39153],[89.71558,25.39099],[89.71538,25.39099],[89.71538,25.39081],[89.71498,25.39082],[89.71497,25.39046],[89.71477,25.39046],[89.71476,25.38992],[89.71456,25.38992],[89.71456,25.38974],[89.71396,25.38975],[89.71376,25.3894],[89.71356,25.3894],[89.71355,25.38922],[89.71336,25.38922],[89.71335,25.38904],[89.71315,25.38905],[89.71314,25.38869],[89.71274,25.38851],[89.71274,25.38815],[89.71233,25.38798],[89.71232,25.38744],[89.71192,25.38726],[89.71171,25.38655],[89.71151,25.38655],[89.7115,25.38601],[89.7111,25.38602],[89.71109,25.38566],[89.71089,25.38566],[89.71088,25.38512],[89.71048,25.38512],[89.71028,25.38477],[89.71008,25.38477],[89.71007,25.38441],[89.70987,25.38441],[89.70987,25.38423],[89.70947,25.38424],[89.70946,25.38406],[89.70927,25.38406],[89.70926,25.3837],[89.70906,25.38371],[89.70905,25.38317],[89.70885,25.38317],[89.70887,25.38389],[89.70906,25.38389],[89.70908,25.38443],[89.70888,25.38443],[89.70889,25.38479],[89.70908,25.38479],[89.7091,25.38533],[89.7089,25.38533],[89.7089,25.38551],[89.70791,25.38553],[89.70772,25.3859],[89.70752,25.3859],[89.70753,25.38626],[89.70733,25.38627],[89.70735,25.38735],[89.70755,25.38734],[89.70755,25.38716],[89.70775,25.38716],[89.70774,25.3868],[89.70794,25.3868],[89.70792,25.38607],[89.70832,25.38607],[89.70833,25.38661],[89.70873,25.38678],[89.70876,25.38786],[89.70776,25.38788],[89.70756,25.38753],[89.70716,25.38753],[89.70717,25.38807],[89.70737,25.38807],[89.70739,25.38915],[89.70759,25.38915],[89.7076,25.38951],[89.7078,25.38951],[89.70781,25.39023],[89.70801,25.39022],[89.70802,25.39058],[89.70842,25.39076],[89.70864,25.39148],[89.70904,25.39165],[89.70925,25.39237],[89.70945,25.39236],[89.70946,25.39272],[89.70966,25.39272],[89.70967,25.39308],[89.71007,25.39325],[89.71008,25.39362],[89.71027,25.39361],[89.71028,25.39379],[89.71048,25.39379],[89.71049,25.39415],[89.71089,25.39432],[89.71089,25.39468],[89.7113,25.39486],[89.71131,25.3954],[89.71171,25.39557],[89.71172,25.39593],[89.71192,25.39593],[89.71192,25.39611],[89.71212,25.3961],[89.71213,25.39665],[89.71253,25.39682],[89.71254,25.397],[89.71273,25.397],[89.71275,25.39772],[89.71295,25.39771],[89.71296,25.39825],[89.71316,25.39825],[89.71317,25.39861],[89.71337,25.39861],[89.71337,25.39897],[89.71357,25.39897],[89.71358,25.39933],[89.71378,25.39932],[89.71379,25.39968],[89.71399,25.39968],[89.71399,25.40004],[89.71419,25.40004],[89.7142,25.4004],[89.7144,25.40039],[89.71441,25.40075],[89.71461,25.40075],[89.71461,25.40111],[89.71481,25.40111],[89.71482,25.40147],[89.71502,25.40147],[89.71504,25.40219],[89.71523,25.40218],[89.71525,25.40272],[89.71545,25.40272],[89.71548,25.40416],[89.71568,25.40416],[89.71569,25.40488],[89.71609,25.40505],[89.7161,25.40524],[89.7163,25.40523],[89.7163,25.40559],[89.7165,25.40559],[89.71651,25.40577],[89.71671,25.40577]],[[89.70922,25.39092],[89.70882,25.39075],[89.70881,25.39039],[89.70941,25.39038],[89.70942,25.3911],[89.70962,25.3911],[89.70963,25.39128],[89.70923,25.39128],[89.70922,25.39092]],[[89.71297,25.38977],[89.71337,25.38976],[89.71337,25.38994],[89.71357,25.38994],[89.71357,25.39012],[89.71318,25.39013],[89.71297,25.38977]],[[89.70858,25.38913],[89.70839,25.38913],[89.70838,25.38895],[89.70858,25.38895],[89.70858,25.38877],[89.70897,25.38876],[89.70899,25.3893],[89.70859,25.38949],[89.70858,25.38913]],[[89.71095,25.38818],[89.71075,25.38819],[89.71074,25.38783],[89.71114,25.38782],[89.71115,25.38818],[89.71134,25.38818],[89.71135,25.38836],[89.71095,25.38836],[89.71095,25.38818]]]}},{"type":"Feature","properties":{"kind":"land","ha":3.3},"geometry":{"type":"Polygon","coordinates":[[[89.70748,25.3841],[89.70747,25.38392],[89.70767,25.38391],[89.70767,25.38355],[89.70806,25.38336],[89.70805,25.38318],[89.70825,25.38318],[89.70825,25.383],[89.70845,25.383],[89.70842,25.38191],[89.70783,25.38193],[89.70784,25.38265],[89.70765,25.38265],[89.70765,25.38301],[89.70726,25.3832],[89.70726,25.38338],[89.70707,25.38338],[89.70706,25.3832],[89.70686,25.38321],[89.70685,25.38266],[89.70705,25.38266],[89.70703,25.38176],[89.70663,25.38159],[89.70662,25.38141],[89.70643,25.38141],[89.70643,25.38159],[89.70623,25.38159],[89.70626,25.38286],[89.70646,25.38285],[89.70648,25.38394],[89.70708,25.38392],[89.70708,25.3841],[89.70748,25.3841]]]}},{"type":"Feature","properties":{"kind":"land","ha":57.4},"geometry":{"type":"Polygon","coordinates":[[[89.64683,25.4],[89.64683,25.40018],[89.64703,25.40018],[89.64703,25.4],[89.64723,25.39999],[89.64722,25.39945],[89.64702,25.39946],[89.64701,25.39928],[89.64662,25.39928],[89.64661,25.39892],[89.64641,25.39893],[89.64639,25.3982],[89.6462,25.39821],[89.64619,25.39785],[89.64639,25.39784],[89.64618,25.39749],[89.64638,25.39748],[89.64635,25.39622],[89.64596,25.39641],[89.64596,25.39659],[89.64576,25.39659],[89.64577,25.39677],[89.64537,25.3966],[89.64535,25.39606],[89.64555,25.39605],[89.64554,25.39569],[89.64574,25.39569],[89.64574,25.39551],[89.64594,25.39551],[89.64593,25.39514],[89.64553,25.39497],[89.64552,25.39479],[89.64533,25.39479],[89.64514,25.39516],[89.64494,25.39516],[89.64493,25.39462],[89.64473,25.39463],[89.64467,25.3921],[89.64487,25.3921],[89.64486,25.39173],[89.64506,25.39173],[89.64505,25.39137],[89.64525,25.39137],[89.64524,25.39101],[89.64504,25.39101],[89.64503,25.39047],[89.64483,25.39047],[89.64483,25.39011],[89.64463,25.39011],[89.64462,25.38957],[89.64442,25.38958],[89.6444,25.38886],[89.6446,25.38885],[89.64458,25.38777],[89.64478,25.38777],[89.64477,25.38759],[89.64398,25.38778],[89.64377,25.38706],[89.64357,25.38707],[89.64356,25.3867],[89.64316,25.38653],[89.64316,25.38635],[89.64296,25.38635],[89.64295,25.38617],[89.64275,25.38618],[89.64274,25.38564],[89.64294,25.38563],[89.64294,25.38545],[89.64274,25.38546],[89.64273,25.38491],[89.64312,25.38491],[89.64309,25.38328],[89.64269,25.38311],[89.6427,25.38347],[89.6423,25.38366],[89.64231,25.38384],[89.64171,25.38385],[89.6417,25.38349],[89.6419,25.38349],[89.64189,25.38294],[89.64169,25.38295],[89.64169,25.38277],[89.64129,25.38277],[89.64128,25.38241],[89.64108,25.38242],[89.64106,25.38152],[89.64086,25.38152],[89.64083,25.38008],[89.64024,25.38009],[89.64005,25.38045],[89.63985,25.38045],[89.63986,25.381],[89.63966,25.381],[89.63967,25.38136],[89.63928,25.38155],[89.63928,25.38173],[89.63908,25.38173],[89.63911,25.38299],[89.63891,25.383],[89.63893,25.38408],[89.63913,25.38408],[89.63914,25.38426],[89.63894,25.38426],[89.63895,25.38462],[89.63875,25.38463],[89.63875,25.38499],[89.63916,25.38516],[89.63916,25.38534],[89.63936,25.38534],[89.63939,25.38696],[89.639,25.38715],[89.63901,25.38751],[89.63921,25.3875],[89.63921,25.38769],[89.6402,25.38767],[89.64021,25.38803],[89.64061,25.38802],[89.64061,25.3882],[89.64081,25.3882],[89.64081,25.38802],[89.6412,25.38801],[89.6412,25.38783],[89.6418,25.38782],[89.6418,25.38818],[89.64141,25.38837],[89.64141,25.38855],[89.64122,25.38855],[89.64122,25.38873],[89.64102,25.38874],[89.64103,25.38892],[89.64083,25.38892],[89.64084,25.38946],[89.64104,25.38946],[89.64104,25.38964],[89.64144,25.38963],[89.64144,25.38981],[89.64184,25.3898],[89.64205,25.39016],[89.64284,25.39015],[89.64283,25.38979],[89.64303,25.38978],[89.64303,25.3896],[89.64342,25.38959],[89.64343,25.38978],[89.64363,25.38977],[89.64363,25.39013],[89.64383,25.39013],[89.64384,25.39031],[89.64364,25.39031],[89.64365,25.39067],[89.64305,25.39068],[89.64306,25.39105],[89.64286,25.39105],[89.64286,25.39123],[89.64247,25.39124],[89.64247,25.39142],[89.64227,25.39142],[89.64226,25.3907],[89.64126,25.39072],[89.64126,25.39054],[89.64106,25.39054],[89.64105,25.39],[89.64065,25.39001],[89.64044,25.38929],[89.64024,25.38929],[89.64025,25.39001],[89.64045,25.39001],[89.64046,25.39055],[89.64066,25.39055],[89.64067,25.39091],[89.64107,25.39108],[89.64108,25.39126],[89.64147,25.39125],[89.64148,25.39143],[89.64168,25.39143],[89.64168,25.39179],[89.64188,25.39179],[89.64189,25.39233],[89.64209,25.39233],[89.6421,25.39287],[89.64251,25.39304],[89.64251,25.39322],[89.64271,25.39322],[89.64272,25.39376],[89.64292,25.39376],[89.64293,25.39412],[89.64313,25.39411],[89.64313,25.39447],[89.64333,25.39447],[89.64334,25.39483],[89.64374,25.395],[89.64375,25.39536],[89.64415,25.39554],[89.64417,25.39626],[89.64436,25.39626],[89.64437,25.39662],[89.64457,25.39661],[89.64458,25.39697],[89.64478,25.39697],[89.6448,25.39805],[89.64441,25.39824],[89.64441,25.39842],[89.64401,25.39825],[89.64399,25.39735],[89.64359,25.39735],[89.6434,25.39772],[89.6436,25.39771],[89.64361,25.39807],[89.64381,25.39807],[89.64381,25.39825],[89.64341,25.39826],[89.64341,25.3979],[89.64321,25.3979],[89.64322,25.39844],[89.64342,25.39844],[89.64343,25.3988],[89.64382,25.39879],[89.64383,25.39897],[89.64403,25.39897],[89.64403,25.39933],[89.64423,25.39933],[89.64424,25.39951],[89.64444,25.3995],[89.64443,25.39932],[89.64503,25.39931],[89.64503,25.39949],[89.64563,25.39948],[89.64583,25.39984],[89.64603,25.39984],[89.64604,25.40002],[89.64643,25.40001],[89.64644,25.40019],[89.64683,25.4]],[[89.64389,25.39265],[89.64369,25.39266],[89.64367,25.39194],[89.64387,25.39193],[89.64386,25.39139],[89.64426,25.39157],[89.64427,25.39211],[89.64447,25.3921],[89.64449,25.393],[89.6441,25.39301],[89.64389,25.39265]],[[89.64261,25.38853],[89.643,25.38852],[89.64301,25.3887],[89.64261,25.38871],[89.64261,25.38853]]]}},{"type":"Feature","properties":{"kind":"land","ha":8.1},"geometry":{"type":"Polygon","coordinates":[[[89.73943,25.3826],[89.73942,25.38224],[89.73962,25.38224],[89.73962,25.38206],[89.73982,25.38205],[89.73982,25.38223],[89.74022,25.38223],[89.74021,25.38205],[89.74002,25.38205],[89.74001,25.38169],[89.73981,25.38169],[89.7398,25.38133],[89.7396,25.38134],[89.7396,25.38116],[89.7392,25.38116],[89.73919,25.38062],[89.73899,25.38063],[89.73898,25.38027],[89.73918,25.38026],[89.73916,25.37936],[89.73876,25.37919],[89.73875,25.37901],[89.73816,25.37902],[89.73816,25.37884],[89.73796,25.37884],[89.73795,25.37848],[89.73755,25.37831],[89.73753,25.37777],[89.73694,25.37778],[89.73695,25.37832],[89.73715,25.37831],[89.73717,25.37922],[89.73737,25.37921],[89.73738,25.37957],[89.73758,25.37957],[89.73758,25.37975],[89.73778,25.37975],[89.73779,25.38011],[89.73739,25.38029],[89.7374,25.38048],[89.7372,25.38048],[89.73722,25.3812],[89.73741,25.3812],[89.73742,25.38156],[89.73782,25.38155],[89.73783,25.38209],[89.73823,25.38226],[89.73824,25.38244],[89.73863,25.38244],[89.73864,25.38262],[89.73943,25.3826]]]}},{"type":"Feature","properties":{"kind":"land","ha":18.8},"geometry":{"type":"Polygon","coordinates":[[[89.69351,25.38129],[89.6935,25.38111],[89.6949,25.38108],[89.69489,25.3809],[89.69549,25.38089],[89.69549,25.38107],[89.69668,25.38105],[89.69667,25.38069],[89.69707,25.3805],[89.69706,25.38014],[89.69686,25.38014],[89.69686,25.37996],[89.69646,25.37997],[89.69625,25.37961],[89.69605,25.37961],[89.69605,25.37925],[89.69565,25.37926],[89.69565,25.37908],[89.69545,25.37908],[89.69544,25.37872],[89.69524,25.37873],[89.69523,25.37819],[89.69503,25.37819],[89.69502,25.37765],[89.69482,25.37765],[89.69481,25.37729],[89.69461,25.37729],[89.69462,25.37748],[89.69303,25.3775],[89.69302,25.37732],[89.69243,25.37733],[89.69242,25.37715],[89.69223,25.37716],[89.69223,25.37752],[89.69203,25.37752],[89.69204,25.3777],[89.69164,25.37771],[89.69165,25.37807],[89.69185,25.37807],[89.69185,25.37825],[89.69165,25.37825],[89.69166,25.37843],[89.69106,25.37844],[89.69108,25.37916],[89.69148,25.37934],[89.69149,25.3797],[89.69109,25.37989],[89.6911,25.38007],[89.6907,25.38007],[89.69071,25.38043],[89.6913,25.38042],[89.69131,25.3806],[89.69151,25.3806],[89.69152,25.38114],[89.69172,25.38114],[89.69172,25.38132],[89.69351,25.38129]],[[89.69366,25.37912],[89.69386,25.37911],[89.69387,25.37947],[89.69367,25.37948],[89.69366,25.37912]]]}},{"type":"Feature","properties":{"kind":"land","ha":6.2},"geometry":{"type":"Polygon","coordinates":[[[89.63291,25.38112],[89.6329,25.38094],[89.63271,25.38094],[89.6327,25.38058],[89.6323,25.38041],[89.63229,25.38023],[89.6319,25.38024],[89.63189,25.38006],[89.63169,25.38006],[89.63169,25.3797],[89.63149,25.3797],[89.63168,25.37934],[89.63188,25.37933],[89.63187,25.37915],[89.63227,25.37915],[89.63226,25.37879],[89.63186,25.37861],[89.63185,25.37825],[89.63165,25.37825],[89.63164,25.37771],[89.63184,25.37771],[89.63183,25.37735],[89.63084,25.37737],[89.63084,25.37755],[89.63065,25.37755],[89.63064,25.37737],[89.63024,25.37738],[89.63024,25.3772],[89.62964,25.37721],[89.62965,25.37739],[89.62945,25.37739],[89.62946,25.37775],[89.62926,25.37776],[89.62927,25.3783],[89.62967,25.37847],[89.62968,25.37865],[89.63007,25.37864],[89.63008,25.37882],[89.63028,25.37882],[89.63028,25.37918],[89.63048,25.37918],[89.63049,25.37936],[89.63108,25.37935],[89.63109,25.37989],[89.63129,25.37989],[89.6313,25.38025],[89.6317,25.38042],[89.63171,25.38096],[89.63211,25.38077],[89.63231,25.38113],[89.63291,25.38112]]]}},{"type":"Feature","properties":{"kind":"land","ha":5.3},"geometry":{"type":"Polygon","coordinates":[[[89.70135,25.37663],[89.70135,25.37645],[89.70155,25.37645],[89.70154,25.37608],[89.70174,25.37608],[89.70173,25.3759],[89.70193,25.3759],[89.70194,25.37608],[89.70293,25.37606],[89.70292,25.37588],[89.70312,25.37588],[89.70331,25.37515],[89.7037,25.37496],[89.70368,25.37388],[89.70387,25.37388],[89.70387,25.37352],[89.70308,25.37371],[89.70287,25.37335],[89.70227,25.37336],[89.70228,25.37391],[89.70209,25.37391],[89.7021,25.37463],[89.7019,25.37463],[89.70191,25.37499],[89.70171,25.375],[89.70172,25.37536],[89.70132,25.37537],[89.70113,25.37573],[89.70094,25.37573],[89.70094,25.3761],[89.70074,25.3761],[89.70075,25.37628],[89.70095,25.37628],[89.70096,25.37664],[89.70135,25.37663]]]}},{"type":"Feature","properties":{"kind":"land","ha":17.6},"geometry":{"type":"Polygon","coordinates":[[[89.69764,25.37922],[89.69763,25.37904],[89.69843,25.37903],[89.69841,25.37813],[89.6988,25.37812],[89.6988,25.37794],[89.699,25.37794],[89.69899,25.37758],[89.69938,25.37739],[89.69937,25.37703],[89.69977,25.37684],[89.69976,25.3763],[89.69956,25.3763],[89.69953,25.37522],[89.69933,25.37522],[89.69931,25.37396],[89.6995,25.37396],[89.69948,25.37305],[89.69929,25.37306],[89.69928,25.37288],[89.69889,25.37307],[89.6989,25.37343],[89.6987,25.37343],[89.69871,25.37397],[89.69851,25.37397],[89.69853,25.37488],[89.69893,25.37469],[89.69893,25.37505],[89.69854,25.37506],[89.69854,25.37542],[89.69835,25.37542],[89.69855,25.37578],[89.69835,25.37578],[89.69837,25.3765],[89.69817,25.37651],[89.69816,25.37615],[89.69796,25.37615],[89.69796,25.37597],[89.69776,25.37597],[89.69775,25.37525],[89.69735,25.37526],[89.69734,25.37508],[89.69715,25.37508],[89.69714,25.37472],[89.69754,25.37471],[89.69733,25.37436],[89.69694,25.37454],[89.69693,25.37436],[89.69634,25.37438],[89.69613,25.37402],[89.69573,25.37403],[89.69555,25.37475],[89.69516,25.37494],[89.69516,25.3753],[89.69497,25.3753],[89.6952,25.37674],[89.69539,25.37674],[89.6954,25.3771],[89.6956,25.3771],[89.69561,25.37746],[89.69601,25.37763],[89.69601,25.37781],[89.69621,25.37781],[89.69623,25.37835],[89.69642,25.37834],[89.69643,25.37871],[89.69663,25.3787],[89.69664,25.37924],[89.69764,25.37922]],[[89.69679,25.37707],[89.69699,25.37707],[89.69699,25.37689],[89.69679,25.37689],[89.69678,25.37671],[89.69738,25.3767],[89.69738,25.37688],[89.69758,25.37688],[89.69759,25.37724],[89.69739,25.37724],[89.6974,25.3776],[89.6968,25.37762],[89.69679,25.37707]]]}},{"type":"Feature","properties":{"kind":"land","ha":8.8},"geometry":{"type":"Polygon","coordinates":[[[89.6376,25.37761],[89.6376,25.37743],[89.6378,25.37742],[89.63779,25.37706],[89.63818,25.37687],[89.63817,25.37651],[89.63778,25.37652],[89.63773,25.37454],[89.63753,25.37454],[89.63752,25.37382],[89.63732,25.37382],[89.63731,25.37346],[89.63672,25.37347],[89.63672,25.37365],[89.63632,25.37366],[89.63631,25.3733],[89.63612,25.3733],[89.63611,25.37294],[89.63591,25.37294],[89.63591,25.37276],[89.6363,25.37258],[89.63629,25.37222],[89.6351,25.37224],[89.63511,25.37278],[89.63472,25.37297],[89.63472,25.37315],[89.63433,25.37315],[89.63433,25.37333],[89.63413,25.37334],[89.63414,25.3737],[89.63454,25.37387],[89.63454,25.37405],[89.63494,25.37404],[89.63513,25.37368],[89.63612,25.37366],[89.63654,25.37438],[89.63693,25.37437],[89.63714,25.37473],[89.63734,25.37472],[89.63735,25.37544],[89.63716,25.37545],[89.63716,25.37581],[89.63677,25.376],[89.63677,25.37618],[89.63638,25.37618],[89.63638,25.37636],[89.63598,25.37619],[89.63598,25.37601],[89.63578,25.37601],[89.63577,25.37583],[89.63558,25.37584],[89.63556,25.37512],[89.63536,25.37512],[89.63536,25.37494],[89.63496,25.37495],[89.63477,25.37531],[89.63457,25.37531],[89.63458,25.37568],[89.63478,25.37567],[89.63478,25.37603],[89.63498,25.37603],[89.63499,25.37639],[89.63519,25.37639],[89.63519,25.37657],[89.63619,25.37655],[89.6364,25.37727],[89.6372,25.37743],[89.6372,25.37761],[89.6376,25.37761]]]}},{"type":"Feature","properties":{"kind":"land","ha":4.2},"geometry":{"type":"Polygon","coordinates":[[[89.70053,25.37556],[89.70053,25.37538],[89.70073,25.37538],[89.70071,25.37466],[89.70091,25.37465],[89.70086,25.37231],[89.70066,25.37231],[89.70065,25.37195],[89.70045,25.37195],[89.70045,25.37177],[89.70084,25.37159],[89.70083,25.37122],[89.70064,25.37123],[89.70064,25.37141],[89.70024,25.37142],[89.70004,25.37106],[89.69984,25.37106],[89.69965,25.37143],[89.69945,25.37143],[89.69946,25.37215],[89.69987,25.37233],[89.69987,25.37251],[89.70027,25.3725],[89.70028,25.37286],[89.69988,25.37305],[89.69989,25.37323],[89.69969,25.37323],[89.6999,25.37395],[89.7001,25.37395],[89.70014,25.37557],[89.70053,25.37556]]]}},{"type":"Feature","properties":{"kind":"land","ha":13.8},"geometry":{"type":"Polygon","coordinates":[[[89.69339,25.37587],[89.69338,25.37533],[89.69318,25.37534],[89.69317,25.37497],[89.69297,25.37498],[89.69297,25.3748],[89.69317,25.37479],[89.69316,25.37443],[89.69336,25.37443],[89.69335,25.37407],[89.69374,25.37388],[89.69371,25.37244],[89.69331,25.37245],[89.69332,25.37263],[89.69272,25.37264],[89.69271,25.3721],[89.69291,25.37209],[89.6929,25.37173],[89.6935,25.37172],[89.69349,25.37136],[89.69269,25.37137],[89.69269,25.37119],[89.69229,25.3712],[89.69229,25.37102],[89.69189,25.37103],[89.69168,25.37067],[89.69109,25.37068],[89.69088,25.37032],[89.69068,25.37033],[89.69068,25.37015],[89.69048,25.37015],[89.69048,25.37033],[89.68969,25.37035],[89.68969,25.37017],[89.68949,25.37017],[89.68948,25.36981],[89.68928,25.36981],[89.6893,25.37053],[89.6895,25.37053],[89.6895,25.37089],[89.6899,25.37088],[89.68991,25.37124],[89.69031,25.37124],[89.69032,25.37178],[89.68972,25.37179],[89.68993,25.37215],[89.68973,25.37215],[89.68973,25.37233],[89.69033,25.37232],[89.69033,25.37214],[89.69112,25.37212],[89.69112,25.37231],[89.69132,25.3723],[89.69133,25.37284],[89.69054,25.37286],[89.69054,25.37268],[89.69034,25.37268],[89.69034,25.37286],[89.69014,25.37286],[89.69035,25.37322],[89.69055,25.37322],[89.69056,25.37376],[89.69076,25.37376],[89.69077,25.37412],[89.69097,25.37411],[89.69097,25.37429],[89.69137,25.37429],[89.69157,25.37464],[89.69197,25.37464],[89.69198,25.375],[89.69218,25.37499],[89.69219,25.37553],[89.69259,25.37553],[89.69279,25.37588],[89.69339,25.37587]]]}},{"type":"Feature","properties":{"kind":"land","ha":4.9},"geometry":{"type":"Polygon","coordinates":[[[89.63334,25.37371],[89.63334,25.37353],[89.63354,25.37353],[89.63353,25.37317],[89.63413,25.37316],[89.6341,25.37207],[89.6343,25.37207],[89.63429,25.37171],[89.63489,25.3717],[89.63488,25.37134],[89.63449,25.37153],[89.63428,25.37117],[89.63408,25.37117],[89.63408,25.37081],[89.63467,25.3708],[89.63468,25.37098],[89.63507,25.37097],[89.63507,25.37079],[89.63527,25.37079],[89.63527,25.37115],[89.63587,25.37114],[89.63586,25.37078],[89.63546,25.37061],[89.63546,25.37043],[89.63387,25.37045],[89.63387,25.37063],[89.63348,25.37064],[89.63349,25.37136],[89.6331,25.37155],[89.6331,25.37173],[89.6329,25.37173],[89.63291,25.37191],[89.63271,25.37192],[89.63271,25.3721],[89.63251,25.3721],[89.63253,25.37282],[89.63233,25.37283],[89.63234,25.37301],[89.63253,25.373],[89.63255,25.37355],[89.63294,25.37354],[89.63295,25.3739],[89.63334,25.37371]],[[89.63292,25.37228],[89.63331,25.37227],[89.63333,25.37299],[89.63293,25.373],[89.63292,25.37228]]]}},{"type":"Feature","properties":{"kind":"land","ha":6.8},"geometry":{"type":"Polygon","coordinates":[[[89.70323,25.3719],[89.70323,25.37172],[89.70343,25.37172],[89.70342,25.37136],[89.70322,25.37136],[89.70322,25.37118],[89.70262,25.37119],[89.70261,25.37083],[89.70221,25.37066],[89.70219,25.36958],[89.70199,25.36958],[89.70199,25.3694],[89.70218,25.36939],[89.70218,25.36903],[89.70178,25.36886],[89.70178,25.36922],[89.70139,25.36923],[89.70118,25.36887],[89.70098,25.36888],[89.70097,25.36833],[89.70077,25.36834],[89.70076,25.36798],[89.70056,25.36798],[89.70056,25.3678],[89.70016,25.36781],[89.70017,25.36799],[89.69997,25.36799],[89.69996,25.36781],[89.69937,25.36782],[89.69938,25.36854],[89.69919,25.36855],[89.69922,25.36999],[89.69962,25.37016],[89.69962,25.36998],[89.70001,25.36998],[89.70001,25.3698],[89.70021,25.36979],[89.7002,25.36961],[89.7006,25.3696],[89.70081,25.36996],[89.70101,25.36996],[89.70101,25.37014],[89.70121,25.37013],[89.70122,25.3705],[89.70162,25.37067],[89.70162,25.37085],[89.70182,25.37085],[89.70182,25.37103],[89.70202,25.37102],[89.70203,25.3712],[89.70242,25.3712],[89.70243,25.37156],[89.70283,25.37173],[89.70284,25.37209],[89.70323,25.3719]]]}},{"type":"Feature","properties":{"kind":"land","ha":40.5},"geometry":{"type":"Polygon","coordinates":[[[89.66789,25.38175],[89.66788,25.38139],[89.66808,25.38139],[89.66806,25.38067],[89.66787,25.38067],[89.66785,25.37977],[89.66765,25.37977],[89.66763,25.37905],[89.66743,25.37905],[89.66744,25.37941],[89.66704,25.37942],[89.66704,25.37906],[89.66684,25.37906],[89.66681,25.37798],[89.66662,25.37799],[89.66661,25.37781],[89.66681,25.3778],[89.66678,25.37654],[89.66638,25.37637],[89.66638,25.37619],[89.66618,25.37619],[89.66617,25.37601],[89.66578,25.37602],[89.66577,25.37565],[89.66597,25.37565],[89.66595,25.37475],[89.66575,25.37475],[89.66574,25.37421],[89.66554,25.37421],[89.66553,25.37385],[89.66533,25.37386],[89.66511,25.37278],[89.66491,25.37278],[89.6649,25.37206],[89.66449,25.37189],[89.66449,25.37153],[89.66409,25.37153],[89.66409,25.37135],[89.66389,25.37136],[89.66367,25.37064],[89.66347,25.37064],[89.66346,25.36992],[89.66326,25.36992],[89.66325,25.36956],[89.66285,25.36939],[89.66285,25.36921],[89.66265,25.36921],[89.66264,25.36867],[89.66244,25.36868],[89.66243,25.36832],[89.66223,25.36832],[89.66222,25.36796],[89.66143,25.36797],[89.66164,25.36833],[89.66183,25.36833],[89.66164,25.36869],[89.66144,25.36869],[89.66146,25.36924],[89.66166,25.36923],[89.66166,25.36959],[89.66186,25.36959],[89.66187,25.36995],[89.66147,25.36996],[89.66146,25.3696],[89.66107,25.3696],[89.66107,25.36978],[89.66127,25.36978],[89.66128,25.37014],[89.66148,25.37014],[89.66148,25.3705],[89.66168,25.37049],[89.66169,25.37086],[89.66209,25.37103],[89.6621,25.37121],[89.66229,25.37121],[89.6623,25.37139],[89.6625,25.37138],[89.6625,25.37156],[89.6623,25.37157],[89.66232,25.37247],[89.66272,25.37228],[89.66271,25.3721],[89.66311,25.37209],[89.66312,25.37245],[89.66292,25.37246],[89.66293,25.37318],[89.66333,25.37317],[89.66333,25.37335],[89.66353,25.37335],[89.66353,25.37317],[89.66373,25.37316],[89.66372,25.37262],[89.66352,25.37263],[89.66351,25.37209],[89.6637,25.37208],[89.6637,25.3719],[89.6643,25.37189],[89.66431,25.37261],[89.66451,25.37261],[89.66453,25.37333],[89.66433,25.37333],[89.66434,25.3737],[89.66453,25.37369],[89.66457,25.37513],[89.66516,25.37512],[89.66517,25.3753],[89.66536,25.3753],[89.66538,25.37584],[89.66518,25.37585],[89.66518,25.37603],[89.66538,25.37602],[89.66539,25.37638],[89.66519,25.37639],[89.6652,25.37693],[89.6654,25.37692],[89.6654,25.37711],[89.66521,25.37711],[89.66521,25.37747],[89.66501,25.37747],[89.66502,25.37765],[89.66462,25.37766],[89.66463,25.3782],[89.66483,25.3782],[89.66484,25.37856],[89.66504,25.37856],[89.66505,25.37892],[89.66524,25.37891],[89.66525,25.37909],[89.66564,25.37891],[89.66564,25.37873],[89.66584,25.37872],[89.66585,25.37944],[89.66546,25.37963],[89.66547,25.37999],[89.66507,25.38],[89.66509,25.38108],[89.6649,25.38109],[89.66491,25.38163],[89.66471,25.38163],[89.66472,25.38235],[89.66453,25.38236],[89.66454,25.3829],[89.66434,25.3829],[89.66435,25.38326],[89.66395,25.38345],[89.66396,25.38363],[89.66376,25.38363],[89.66376,25.38381],[89.66356,25.38382],[89.66357,25.384],[89.66317,25.384],[89.66299,25.38473],[89.66279,25.38473],[89.6628,25.38509],[89.6626,25.3851],[89.66281,25.38545],[89.66261,25.38546],[89.66261,25.38582],[89.66222,25.38601],[89.66223,25.38619],[89.66203,25.38619],[89.66184,25.38692],[89.66165,25.38692],[89.66166,25.38764],[89.66127,25.38783],[89.66128,25.38837],[89.66148,25.38837],[89.66147,25.38819],[89.66187,25.38818],[89.66189,25.3889],[89.66228,25.38871],[89.66228,25.38889],[89.66248,25.38889],[89.6625,25.38943],[89.66289,25.38924],[89.66288,25.38906],[89.66308,25.38906],[89.66308,25.38888],[89.66328,25.38888],[89.66327,25.38851],[89.66347,25.38851],[89.66346,25.38815],[89.66306,25.38816],[89.66287,25.38852],[89.66267,25.38853],[89.66268,25.38871],[89.66248,25.38871],[89.66247,25.38817],[89.66267,25.38816],[89.66266,25.3878],[89.66286,25.3878],[89.66285,25.38744],[89.66324,25.38725],[89.66324,25.38707],[89.66364,25.38706],[89.66383,25.3867],[89.66402,25.3867],[89.66402,25.38652],[89.66442,25.38651],[89.66461,25.38614],[89.6652,25.38613],[89.66521,25.38649],[89.66561,25.38631],[89.66559,25.38577],[89.66579,25.38576],[89.66579,25.38558],[89.66539,25.38559],[89.66538,25.38523],[89.66558,25.38522],[89.66557,25.38486],[89.66577,25.38486],[89.66575,25.38396],[89.66595,25.38395],[89.66595,25.38377],[89.66634,25.38377],[89.66635,25.38413],[89.66655,25.38412],[89.66654,25.38376],[89.66694,25.38357],[89.66693,25.38321],[89.66733,25.38321],[89.66732,25.38303],[89.66752,25.38302],[89.6675,25.38212],[89.6677,25.38212],[89.66769,25.38176],[89.66789,25.38175]],[[89.6667,25.38177],[89.66669,25.38159],[89.6665,25.3816],[89.6665,25.38178],[89.6661,25.38179],[89.66609,25.38124],[89.66629,25.38124],[89.66628,25.38088],[89.66648,25.38088],[89.66627,25.38052],[89.66667,25.38051],[89.66667,25.38069],[89.66727,25.38068],[89.66727,25.3805],[89.66766,25.38049],[89.66788,25.38121],[89.66768,25.38122],[89.66769,25.38176],[89.6667,25.38177]],[[89.66226,25.38763],[89.66186,25.38764],[89.66185,25.38728],[89.66225,25.38709],[89.66224,25.38691],[89.66244,25.38691],[89.66242,25.38618],[89.66282,25.38618],[89.66282,25.386],[89.66302,25.38599],[89.66284,25.38708],[89.66245,25.38727],[89.66246,25.38799],[89.66227,25.38799],[89.66226,25.38763]],[[89.66476,25.38379],[89.66515,25.38361],[89.66515,25.38343],[89.66534,25.38342],[89.66534,25.38324],[89.66554,25.38324],[89.66553,25.38288],[89.66592,25.38269],[89.66592,25.38233],[89.66631,25.38214],[89.66632,25.38268],[89.66612,25.38269],[89.66613,25.38305],[89.66574,25.38324],[89.66574,25.38342],[89.66554,25.38342],[89.66555,25.3836],[89.66535,25.3836],[89.66535,25.38378],[89.66515,25.38379],[89.66516,25.38397],[89.66496,25.38397],[89.66496,25.38415],[89.66476,25.38416],[89.66476,25.38379]],[[89.66665,25.37979],[89.66685,25.37979],[89.66686,25.37997],[89.66666,25.37997],[89.66665,25.37979]]]}},{"type":"Feature","properties":{"kind":"land","ha":3.0},"geometry":{"type":"Polygon","coordinates":[[[89.64064,25.37105],[89.64063,25.37087],[89.64083,25.37087],[89.64084,25.37105],[89.64143,25.37104],[89.64142,25.37068],[89.64122,25.37068],[89.64119,25.36924],[89.64099,25.36924],[89.64098,25.3687],[89.64078,25.36871],[89.64076,25.36762],[89.64036,25.36763],[89.64038,25.36835],[89.64058,25.36835],[89.6406,25.36943],[89.64021,25.36962],[89.64021,25.3698],[89.64001,25.3698],[89.64002,25.37016],[89.63982,25.37017],[89.63984,25.37089],[89.64004,25.37088],[89.64004,25.37106],[89.64064,25.37105]]]}},{"type":"Feature","properties":{"kind":"land","ha":14.8},"geometry":{"type":"Polygon","coordinates":[[[89.74275,25.37099],[89.74274,25.37081],[89.74294,25.37081],[89.74293,25.37045],[89.74373,25.37043],[89.74393,25.37079],[89.74433,25.37078],[89.74429,25.36898],[89.74409,25.36898],[89.74407,25.36826],[89.74388,25.36826],[89.74387,25.3679],[89.74327,25.36791],[89.74326,25.36737],[89.74346,25.36737],[89.74344,25.36665],[89.74324,25.36665],[89.74324,25.36629],[89.74304,25.36629],[89.74302,25.36557],[89.74262,25.3654],[89.74263,25.36576],[89.74243,25.36576],[89.74222,25.36541],[89.74242,25.3654],[89.74241,25.36504],[89.74202,25.36505],[89.74181,25.36469],[89.74161,25.36469],[89.74163,25.36542],[89.74123,25.36542],[89.74123,25.36524],[89.74103,25.36525],[89.74102,25.36489],[89.74062,25.36489],[89.74063,25.36507],[89.74023,25.36508],[89.74004,25.36545],[89.73984,25.36545],[89.73987,25.36671],[89.73947,25.36672],[89.73928,25.36708],[89.73908,25.36709],[89.73911,25.36835],[89.7399,25.36798],[89.73989,25.36779],[89.73969,25.3678],[89.73969,25.36744],[89.73988,25.36743],[89.73988,25.36707],[89.74007,25.36707],[89.74008,25.36725],[89.74048,25.36724],[89.74047,25.36688],[89.74067,25.36688],[89.74065,25.36634],[89.74046,25.36634],[89.74045,25.36616],[89.74065,25.36616],[89.74065,25.36598],[89.74084,25.36597],[89.74085,25.36633],[89.74105,25.36633],[89.74105,25.36615],[89.74164,25.36614],[89.74165,25.36632],[89.74185,25.36631],[89.74206,25.36703],[89.74246,25.36703],[89.74248,25.36811],[89.74228,25.36811],[89.74229,25.36829],[89.74189,25.3683],[89.74191,25.3692],[89.74171,25.3692],[89.74172,25.36957],[89.74152,25.36957],[89.74153,25.37011],[89.74173,25.37011],[89.74174,25.37047],[89.74194,25.37046],[89.74196,25.37119],[89.74275,25.37099]],[[89.74269,25.36865],[89.74289,25.36864],[89.7429,25.36882],[89.7427,25.36883],[89.74269,25.36865]],[[89.74024,25.36562],[89.74044,25.36562],[89.74045,25.36598],[89.74025,25.36598],[89.74024,25.36562]]]}},{"type":"Feature","properties":{"kind":"land","ha":61.3},"geometry":{"type":"Polygon","coordinates":[[[89.68284,25.39303],[89.68283,25.39249],[89.68322,25.3923],[89.68299,25.39086],[89.68319,25.39086],[89.68317,25.38996],[89.68297,25.38996],[89.68297,25.38978],[89.68317,25.38978],[89.68316,25.38942],[89.68296,25.38942],[89.68294,25.3887],[89.68254,25.38853],[89.68254,25.38834],[89.68274,25.38834],[89.68271,25.38726],[89.68252,25.38726],[89.68251,25.3869],[89.68231,25.3869],[89.68229,25.386],[89.68249,25.386],[89.68247,25.38528],[89.68227,25.38528],[89.68226,25.38474],[89.68206,25.38474],[89.68204,25.38384],[89.68224,25.38384],[89.68222,25.38312],[89.68203,25.38312],[89.68202,25.38294],[89.68222,25.38294],[89.68221,25.38258],[89.68201,25.38258],[89.682,25.38204],[89.6816,25.38186],[89.68159,25.38132],[89.68139,25.38133],[89.68138,25.38097],[89.68118,25.38097],[89.68116,25.37989],[89.68096,25.37989],[89.68095,25.37935],[89.68055,25.37918],[89.68053,25.37845],[89.68033,25.37846],[89.68031,25.37756],[89.67991,25.37738],[89.67991,25.3772],[89.67931,25.37721],[89.67911,25.37686],[89.67891,25.37686],[89.6789,25.37668],[89.67871,25.37668],[89.67867,25.37524],[89.67946,25.37486],[89.67945,25.3745],[89.67965,25.3745],[89.67963,25.3736],[89.67943,25.3736],[89.67942,25.37324],[89.67902,25.37307],[89.67901,25.37271],[89.67861,25.37253],[89.67861,25.37235],[89.67821,25.37236],[89.67801,25.372],[89.67741,25.37201],[89.67741,25.37219],[89.67722,25.3722],[89.67721,25.37202],[89.67701,25.37202],[89.67701,25.37166],[89.6772,25.37166],[89.67719,25.37112],[89.67679,25.37094],[89.67679,25.37076],[89.67639,25.37077],[89.67618,25.37041],[89.67598,25.37042],[89.67598,25.37023],[89.67578,25.37024],[89.67578,25.37006],[89.67558,25.37006],[89.67558,25.36988],[89.67478,25.36972],[89.67456,25.369],[89.67436,25.369],[89.67436,25.36864],[89.67416,25.36864],[89.67415,25.36828],[89.67375,25.36811],[89.67374,25.36793],[89.67355,25.36793],[89.67354,25.36775],[89.67334,25.36776],[89.67334,25.36758],[89.67314,25.36758],[89.67314,25.3674],[89.67294,25.3674],[89.67293,25.36722],[89.67274,25.36723],[89.67273,25.36705],[89.67253,25.36705],[89.67253,25.36687],[89.67233,25.36687],[89.67233,25.36669],[89.67213,25.3667],[89.67212,25.36633],[89.67172,25.36616],[89.67172,25.36598],[89.67152,25.36598],[89.67151,25.3658],[89.67131,25.36581],[89.67131,25.36545],[89.67111,25.36545],[89.6711,25.36527],[89.6709,25.36527],[89.67112,25.36599],[89.67132,25.36599],[89.67133,25.36653],[89.67153,25.36653],[89.67154,25.36707],[89.67174,25.36706],[89.67175,25.36742],[89.67195,25.36742],[89.67196,25.36796],[89.67216,25.36796],[89.67217,25.36868],[89.67237,25.36868],[89.67238,25.36904],[89.67258,25.36903],[89.67258,25.36921],[89.67278,25.36921],[89.67279,25.36957],[89.67299,25.36957],[89.673,25.37011],[89.6732,25.37011],[89.6732,25.37029],[89.6736,25.37028],[89.67362,25.37136],[89.67382,25.37136],[89.67383,25.37172],[89.67403,25.37171],[89.67403,25.37189],[89.67423,25.37189],[89.67424,25.37243],[89.67444,25.37243],[89.67445,25.37279],[89.67465,25.37279],[89.67465,25.37297],[89.67485,25.37296],[89.67486,25.3735],[89.67506,25.3735],[89.67507,25.37386],[89.67527,25.37386],[89.67528,25.37458],[89.67548,25.37458],[89.67549,25.37512],[89.67569,25.37511],[89.6757,25.37547],[89.6759,25.37547],[89.67591,25.37583],[89.6761,25.37583],[89.67611,25.37619],[89.67651,25.37636],[89.67652,25.37672],[89.67732,25.37707],[89.67714,25.37779],[89.67734,25.37779],[89.67735,25.37833],[89.67755,25.37833],[89.67756,25.37887],[89.67776,25.37887],[89.67777,25.37923],[89.67797,25.37922],[89.67797,25.37958],[89.67817,25.37958],[89.6784,25.38066],[89.67859,25.38066],[89.6786,25.38084],[89.679,25.38083],[89.679,25.38119],[89.6794,25.38136],[89.67941,25.38154],[89.67981,25.38154],[89.68001,25.38189],[89.68021,25.38189],[89.68022,25.38207],[89.68041,25.38207],[89.68042,25.38225],[89.68081,25.38224],[89.68082,25.3826],[89.68102,25.3826],[89.68103,25.38296],[89.68083,25.38296],[89.68084,25.3835],[89.68064,25.38351],[89.68066,25.38405],[89.68046,25.38405],[89.68047,25.38441],[89.68027,25.38442],[89.68027,25.3846],[89.68107,25.38458],[89.68106,25.3844],[89.68126,25.3844],[89.68126,25.38458],[89.68146,25.38457],[89.68147,25.38493],[89.68167,25.38493],[89.68168,25.38547],[89.68148,25.38548],[89.68149,25.38566],[89.68069,25.38567],[89.6807,25.38585],[89.68089,25.38585],[89.6809,25.38621],[89.6811,25.38621],[89.68132,25.38728],[89.68152,25.38728],[89.68153,25.38782],[89.68173,25.38782],[89.68174,25.38818],[89.68194,25.38818],[89.68196,25.38908],[89.68176,25.38908],[89.68178,25.3898],[89.68198,25.3898],[89.68199,25.39052],[89.68219,25.39052],[89.6822,25.39088],[89.6824,25.39087],[89.68242,25.39178],[89.68222,25.39178],[89.68222,25.39196],[89.68242,25.39196],[89.68244,25.39268],[89.68263,25.39267],[89.68264,25.39304],[89.68284,25.39303]],[[89.68166,25.38439],[89.68146,25.38439],[89.68145,25.38385],[89.68165,25.38385],[89.68166,25.38439]],[[89.68164,25.38367],[89.68184,25.38366],[89.68184,25.38385],[89.68165,25.38385],[89.68164,25.38367]]]}},{"type":"Feature","properties":{"kind":"land","ha":43.3},"geometry":{"type":"Polygon","coordinates":[[[89.68848,25.37867],[89.68848,25.37849],[89.68908,25.37848],[89.68908,25.37866],[89.68948,25.37865],[89.68947,25.37847],[89.68967,25.37847],[89.68968,25.37865],[89.69067,25.37863],[89.69066,25.37827],[89.69026,25.37828],[89.69026,25.3781],[89.69066,25.37809],[89.69065,25.37773],[89.69104,25.37754],[89.69104,25.37736],[89.69084,25.37736],[89.69082,25.37646],[89.69042,25.37629],[89.69041,25.37575],[89.691,25.37574],[89.69099,25.37538],[89.69059,25.3752],[89.69059,25.37502],[89.69039,25.37503],[89.69038,25.37466],[89.68998,25.37449],[89.68998,25.37431],[89.68978,25.37431],[89.68978,25.3745],[89.68939,25.3745],[89.68938,25.37432],[89.68898,25.37433],[89.68898,25.37397],[89.68878,25.37397],[89.68877,25.37379],[89.68897,25.37379],[89.68896,25.37343],[89.68857,25.37343],[89.68836,25.37308],[89.68816,25.37308],[89.68816,25.3729],[89.68796,25.3729],[89.68796,25.37272],[89.68776,25.37273],[89.68775,25.37237],[89.68755,25.37237],[89.68753,25.37147],[89.68773,25.37146],[89.68772,25.37128],[89.68733,25.37129],[89.68732,25.37111],[89.68712,25.37111],[89.68711,25.37057],[89.68751,25.37039],[89.68749,25.36984],[89.68809,25.36983],[89.6881,25.37019],[89.6883,25.37019],[89.68833,25.37163],[89.68912,25.37162],[89.68913,25.3718],[89.68952,25.37179],[89.68951,25.37125],[89.68911,25.37108],[89.68911,25.3709],[89.68891,25.3709],[89.6889,25.37072],[89.68871,25.37072],[89.68869,25.37018],[89.68849,25.37019],[89.68848,25.36947],[89.68868,25.36946],[89.68867,25.3691],[89.68907,25.36909],[89.68906,25.36891],[89.68926,25.36891],[89.68927,25.36909],[89.68966,25.36908],[89.68967,25.36926],[89.68986,25.36926],[89.68986,25.36908],[89.69026,25.36907],[89.69025,25.36889],[89.69065,25.36888],[89.69086,25.36924],[89.69106,25.36924],[89.69106,25.36942],[89.69126,25.36941],[89.69127,25.36978],[89.69087,25.36978],[89.69087,25.36996],[89.69226,25.36994],[89.69226,25.36976],[89.69266,25.36975],[89.69266,25.36993],[89.69306,25.36992],[89.69305,25.36974],[89.69265,25.36957],[89.69265,25.36939],[89.69245,25.36939],[89.69245,25.36921],[89.69225,25.36922],[89.69224,25.36886],[89.69184,25.36868],[89.69183,25.3685],[89.69104,25.36834],[89.69103,25.36816],[89.69064,25.36816],[89.69063,25.3678],[89.69043,25.36781],[89.69042,25.36763],[89.69003,25.36763],[89.68982,25.36728],[89.68962,25.36728],[89.68962,25.3671],[89.68922,25.36711],[89.68901,25.36675],[89.68862,25.36676],[89.68861,25.36658],[89.68802,25.36659],[89.68801,25.36641],[89.68861,25.36639],[89.68861,25.36621],[89.689,25.36621],[89.68919,25.36584],[89.68939,25.36584],[89.68938,25.36548],[89.68919,25.36548],[89.68918,25.36512],[89.68878,25.36495],[89.68877,25.36477],[89.68857,25.36477],[89.68857,25.36459],[89.68817,25.3646],[89.68797,25.36424],[89.68777,25.36424],[89.68776,25.36406],[89.68737,25.36407],[89.68737,25.36425],[89.68697,25.36426],[89.68678,25.36462],[89.68658,25.36463],[89.68659,25.36481],[89.68639,25.36481],[89.6864,25.36517],[89.6862,25.36518],[89.68621,25.36572],[89.68601,25.36572],[89.68602,25.36608],[89.68582,25.36608],[89.68584,25.36681],[89.68564,25.36681],[89.68565,25.36735],[89.68585,25.36735],[89.68586,25.36771],[89.68606,25.36771],[89.68608,25.36897],[89.68628,25.36896],[89.68629,25.36933],[89.68589,25.36933],[89.68592,25.37041],[89.68612,25.37041],[89.68613,25.37113],[89.68633,25.37113],[89.68635,25.37185],[89.68655,25.37185],[89.68657,25.37275],[89.68676,25.37275],[89.68682,25.37545],[89.68702,25.37545],[89.68703,25.37599],[89.68723,25.37599],[89.68724,25.37653],[89.68764,25.37652],[89.68763,25.37616],[89.68783,25.37616],[89.68783,25.37597],[89.68842,25.37596],[89.68841,25.37542],[89.68861,25.37542],[89.68861,25.37524],[89.6896,25.37522],[89.6896,25.3754],[89.69,25.37539],[89.69,25.37557],[89.6902,25.37557],[89.69021,25.37593],[89.68981,25.37594],[89.68982,25.37612],[89.68883,25.37614],[89.68883,25.37632],[89.68863,25.37632],[89.68864,25.37668],[89.68884,25.37668],[89.68885,25.37722],[89.68865,25.37722],[89.68866,25.37758],[89.68846,25.37759],[89.68846,25.37777],[89.68807,25.37778],[89.68806,25.3776],[89.68786,25.3776],[89.68788,25.3785],[89.68808,25.3785],[89.68809,25.37868],[89.68848,25.37867]],[[89.68966,25.37811],[89.68927,25.37811],[89.68926,25.37793],[89.68946,25.37793],[89.68946,25.37775],[89.68985,25.37774],[89.68986,25.37792],[89.69006,25.37792],[89.69006,25.37828],[89.68967,25.37829],[89.68966,25.37811]],[[89.68662,25.36607],[89.68681,25.36607],[89.68682,25.36625],[89.68662,25.36625],[89.68662,25.36607]],[[89.68641,25.36571],[89.68661,25.36571],[89.68661,25.36589],[89.68641,25.36589],[89.68641,25.36571]]]}},{"type":"Feature","properties":{"kind":"land","ha":33.6},"geometry":{"type":"Polygon","coordinates":[[[89.6562,25.39243],[89.65619,25.39189],[89.65639,25.39189],[89.65637,25.39117],[89.65597,25.39099],[89.65576,25.39027],[89.65536,25.3901],[89.65535,25.38974],[89.65515,25.38974],[89.65515,25.38956],[89.65495,25.38957],[89.65494,25.38921],[89.65454,25.38903],[89.65432,25.38832],[89.65413,25.38832],[89.65412,25.38796],[89.65392,25.38796],[89.65391,25.3876],[89.65351,25.38743],[89.65351,25.38725],[89.65331,25.38725],[89.65309,25.38653],[89.65269,25.38636],[89.65248,25.38564],[89.65208,25.38547],[89.65186,25.38475],[89.65166,25.38475],[89.65166,25.38439],[89.65146,25.3844],[89.65145,25.38386],[89.65125,25.38386],[89.65124,25.3835],[89.65104,25.3835],[89.65103,25.38296],[89.65083,25.38296],[89.65082,25.3826],[89.65062,25.38261],[89.65061,25.38207],[89.65041,25.38207],[89.65041,25.38171],[89.65021,25.38171],[89.65019,25.38117],[89.65,25.38117],[89.64998,25.38063],[89.64979,25.38064],[89.64978,25.38028],[89.64958,25.38028],[89.64957,25.37992],[89.64937,25.37992],[89.64936,25.37956],[89.64917,25.37956],[89.64915,25.37866],[89.64895,25.37867],[89.64893,25.37794],[89.64873,25.37795],[89.6487,25.3765],[89.6485,25.37651],[89.6485,25.37615],[89.6483,25.37615],[89.64829,25.37597],[89.64809,25.37597],[89.64808,25.37525],[89.64828,25.37525],[89.64827,25.37489],[89.64847,25.37488],[89.64846,25.37452],[89.64826,25.37453],[89.64824,25.37362],[89.64844,25.37362],[89.64843,25.37308],[89.64882,25.37289],[89.64882,25.37271],[89.64902,25.37271],[89.64901,25.37253],[89.64921,25.37252],[89.6492,25.37216],[89.6494,25.37216],[89.6494,25.37198],[89.6496,25.37198],[89.64958,25.37143],[89.64998,25.37143],[89.64999,25.37161],[89.65078,25.37159],[89.65078,25.37141],[89.65117,25.37141],[89.65117,25.37123],[89.65137,25.37122],[89.65136,25.37086],[89.65156,25.37086],[89.65154,25.36996],[89.65174,25.36995],[89.65172,25.36923],[89.65192,25.36923],[89.6519,25.36814],[89.6521,25.36814],[89.65209,25.36796],[89.65169,25.36779],[89.65168,25.36743],[89.65148,25.36743],[89.65146,25.36653],[89.65107,25.36672],[89.65108,25.3669],[89.65068,25.3669],[89.65067,25.36636],[89.65086,25.36636],[89.65086,25.366],[89.65106,25.36599],[89.65105,25.36563],[89.65125,25.36563],[89.65124,25.36527],[89.65144,25.36526],[89.65142,25.36454],[89.65083,25.36455],[89.65083,25.36473],[89.65063,25.36474],[89.65065,25.36564],[89.65045,25.36564],[89.65048,25.36673],[89.65028,25.36673],[89.65028,25.36709],[89.65009,25.36709],[89.65009,25.36727],[89.64989,25.36728],[89.6499,25.36782],[89.6497,25.36782],[89.64972,25.36872],[89.64953,25.36873],[89.64954,25.36927],[89.64914,25.36946],[89.64915,25.36964],[89.64895,25.36964],[89.64895,25.36982],[89.64876,25.36983],[89.64876,25.37001],[89.64856,25.37001],[89.64856,25.37019],[89.64837,25.37019],[89.64818,25.37092],[89.64779,25.37111],[89.64779,25.37129],[89.64799,25.37128],[89.648,25.37182],[89.6484,25.37164],[89.64839,25.37128],[89.64878,25.37109],[89.64878,25.37091],[89.64898,25.3709],[89.64897,25.37054],[89.64917,25.37054],[89.64916,25.37018],[89.64936,25.37018],[89.64935,25.36981],[89.64955,25.36981],[89.64955,25.36963],[89.65034,25.36962],[89.65055,25.36997],[89.65015,25.37016],[89.65016,25.37034],[89.64976,25.37035],[89.64957,25.37071],[89.64937,25.37072],[89.64938,25.37126],[89.64918,25.37126],[89.64919,25.37162],[89.6488,25.37181],[89.6488,25.37199],[89.6486,25.37199],[89.64861,25.37217],[89.64841,25.37218],[89.64841,25.37236],[89.64761,25.37219],[89.6476,25.37165],[89.6474,25.37165],[89.6474,25.37147],[89.64661,25.37149],[89.64661,25.37185],[89.64681,25.37185],[89.64682,25.37203],[89.64662,25.37203],[89.64663,25.37239],[89.64643,25.37239],[89.64644,25.37275],[89.64663,25.37275],[89.64665,25.37329],[89.64684,25.37329],[89.64684,25.37311],[89.64724,25.3731],[89.64723,25.37274],[89.64743,25.37274],[89.64742,25.37256],[89.64783,25.37273],[89.64783,25.37309],[89.64803,25.37309],[89.64785,25.37381],[89.64765,25.37382],[89.64786,25.37453],[89.64747,25.37472],[89.64748,25.37508],[89.64728,25.37509],[89.6475,25.37617],[89.6473,25.37617],[89.64731,25.37653],[89.64771,25.37652],[89.64772,25.37706],[89.64792,25.37706],[89.64793,25.37742],[89.64833,25.37759],[89.64833,25.37777],[89.64853,25.37777],[89.64859,25.3803],[89.64878,25.38029],[89.64879,25.38065],[89.6484,25.38084],[89.6484,25.38102],[89.6482,25.38103],[89.64821,25.38121],[89.64801,25.38121],[89.64802,25.38157],[89.64861,25.38156],[89.6486,25.38102],[89.649,25.38101],[89.649,25.38119],[89.6494,25.38118],[89.6494,25.38137],[89.6496,25.38136],[89.64963,25.38244],[89.64983,25.38244],[89.64983,25.3828],[89.65003,25.3828],[89.65004,25.38316],[89.65044,25.38333],[89.65045,25.38369],[89.65065,25.38369],[89.65066,25.38423],[89.65086,25.38423],[89.65087,25.38459],[89.65106,25.38458],[89.65107,25.38476],[89.65127,25.38476],[89.65148,25.38548],[89.65168,25.38548],[89.65169,25.38584],[89.65189,25.38583],[89.65189,25.38619],[89.65209,25.38619],[89.6521,25.38655],[89.6525,25.38672],[89.65251,25.38708],[89.65271,25.38708],[89.65271,25.38726],[89.65291,25.38726],[89.65293,25.38798],[89.65313,25.38798],[89.65314,25.38888],[89.65334,25.38887],[89.65335,25.38924],[89.65375,25.38941],[89.65376,25.38959],[89.65396,25.38959],[89.65396,25.38977],[89.65416,25.38976],[89.65416,25.38994],[89.65436,25.38994],[89.65436,25.39012],[89.65456,25.39012],[89.65478,25.39083],[89.65518,25.39101],[89.65518,25.39119],[89.65538,25.39118],[89.65581,25.39262],[89.6562,25.39243]],[[89.65114,25.36996],[89.65094,25.36997],[89.65094,25.36961],[89.65113,25.3696],[89.65113,25.36942],[89.65153,25.36941],[89.65134,25.37014],[89.65115,25.37014],[89.65114,25.36996]],[[89.65009,25.36745],[89.65049,25.36745],[89.65049,25.36727],[89.65069,25.36726],[89.6507,25.3678],[89.6503,25.36781],[89.65009,25.36745]]]}},{"type":"Feature","properties":{"kind":"land","ha":9.6},"geometry":{"type":"Polygon","coordinates":[[[89.72559,25.3677],[89.72578,25.36734],[89.72598,25.36733],[89.72597,25.36715],[89.72617,25.36715],[89.72616,25.36679],[89.72636,25.36678],[89.72635,25.36606],[89.72575,25.36607],[89.72556,25.36644],[89.72536,25.36644],[89.72536,25.36662],[89.72477,25.36663],[89.72495,25.36591],[89.72534,25.36572],[89.72534,25.36536],[89.72494,25.36537],[89.72494,25.36519],[89.72474,25.36519],[89.72473,25.36501],[89.72493,25.365],[89.72491,25.36428],[89.72472,25.36429],[89.7247,25.36357],[89.7243,25.36357],[89.7241,25.36322],[89.7239,25.36322],[89.7239,25.3634],[89.7237,25.3634],[89.72371,25.36376],[89.72351,25.36377],[89.72352,25.36413],[89.72392,25.3643],[89.72393,25.36448],[89.72214,25.36451],[89.72195,25.36488],[89.72235,25.36487],[89.72255,25.36523],[89.72295,25.36522],[89.72296,25.36576],[89.72256,25.36577],[89.72258,25.36631],[89.72298,25.36648],[89.72298,25.36667],[89.72318,25.36666],[89.72318,25.36684],[89.72338,25.36684],[89.72339,25.36702],[89.72438,25.367],[89.72459,25.36736],[89.72479,25.36735],[89.72479,25.36753],[89.72519,25.36753],[89.72519,25.36771],[89.72559,25.3677]]]}},{"type":"Feature","properties":{"kind":"land","ha":58.0},"geometry":{"type":"Polygon","coordinates":[[[89.72947,25.38152],[89.72967,25.38152],[89.72968,25.3817],[89.72988,25.3817],[89.72988,25.38206],[89.73028,25.38223],[89.73029,25.38259],[89.73069,25.38277],[89.7307,25.38295],[89.7309,25.38294],[89.7309,25.38312],[89.7311,25.38312],[89.7311,25.3833],[89.7313,25.3833],[89.73131,25.38348],[89.7315,25.38347],[89.73151,25.38365],[89.73171,25.38365],[89.73171,25.38383],[89.73191,25.38383],[89.73192,25.38419],[89.73232,25.38436],[89.73232,25.38454],[89.73252,25.38454],[89.73253,25.38472],[89.73272,25.38471],[89.73273,25.38489],[89.73293,25.38489],[89.73314,25.38561],[89.73394,25.38595],[89.73395,25.38631],[89.73435,25.38649],[89.73437,25.38703],[89.73477,25.3872],[89.73477,25.38738],[89.73497,25.38738],[89.73497,25.38756],[89.73517,25.38756],[89.73518,25.38792],[89.73558,25.38809],[89.73559,25.38845],[89.73579,25.38845],[89.7358,25.38881],[89.7362,25.38898],[89.73642,25.39006],[89.73662,25.39006],[89.73663,25.3906],[89.73643,25.3906],[89.73644,25.39096],[89.73684,25.39095],[89.73705,25.39131],[89.73724,25.39131],[89.73725,25.39149],[89.73745,25.39148],[89.73744,25.39112],[89.73724,25.39113],[89.73723,25.39059],[89.73703,25.39059],[89.73702,25.39005],[89.73682,25.39005],[89.73679,25.38861],[89.73638,25.38844],[89.73638,25.38825],[89.73618,25.38826],[89.73617,25.38772],[89.73597,25.38772],[89.73596,25.38736],[89.73576,25.38736],[89.73576,25.387],[89.73556,25.38701],[89.73555,25.38665],[89.73535,25.38665],[89.73534,25.38629],[89.73514,25.38629],[89.73514,25.38593],[89.73494,25.38594],[89.73493,25.38575],[89.73454,25.38576],[89.73433,25.38541],[89.73413,25.38541],[89.73392,25.38469],[89.73372,25.38469],[89.73371,25.38415],[89.73331,25.38416],[89.7333,25.38398],[89.73311,25.38398],[89.7331,25.38362],[89.7327,25.38345],[89.73268,25.38273],[89.73248,25.38273],[89.73247,25.38237],[89.73227,25.38238],[89.73227,25.38201],[89.73187,25.38184],[89.73186,25.38166],[89.73166,25.38166],[89.73166,25.38148],[89.73146,25.38149],[89.73145,25.38113],[89.73125,25.38113],[89.73125,25.38095],[89.73105,25.38095],[89.73084,25.38024],[89.73043,25.38006],[89.73043,25.3797],[89.73023,25.37971],[89.73022,25.37953],[89.73003,25.37953],[89.72981,25.37881],[89.72961,25.37881],[89.7296,25.37845],[89.72941,25.37846],[89.7294,25.3781],[89.7292,25.3781],[89.72919,25.37774],[89.72899,25.37774],[89.72898,25.37738],[89.72858,25.37721],[89.72858,25.37703],[89.72838,25.37703],[89.72837,25.37667],[89.72817,25.37668],[89.72817,25.3765],[89.72797,25.3765],[89.72776,25.37578],[89.72756,25.37578],[89.72755,25.37542],[89.72715,25.37525],[89.72714,25.37507],[89.72695,25.37507],[89.72694,25.37489],[89.72674,25.3749],[89.72653,25.37418],[89.72613,25.37419],[89.72612,25.37383],[89.72553,25.37384],[89.72553,25.37402],[89.72533,25.37402],[89.72534,25.37438],[89.72514,25.37439],[89.72514,25.37421],[89.72494,25.37421],[89.72493,25.37385],[89.72473,25.37385],[89.72472,25.37349],[89.72453,25.37349],[89.72452,25.37313],[89.72412,25.37296],[89.72411,25.37278],[89.72391,25.37278],[89.72391,25.3726],[89.72371,25.37261],[89.72371,25.37243],[89.72351,25.37243],[89.7235,25.37225],[89.72331,25.37225],[89.7233,25.37207],[89.7231,25.37208],[89.7231,25.37172],[89.72269,25.37154],[89.72269,25.37136],[89.72249,25.37137],[89.72249,25.37119],[89.72229,25.37119],[89.72228,25.37101],[89.72209,25.37101],[89.72208,25.37083],[89.72188,25.37084],[89.72188,25.37066],[89.72148,25.37066],[89.72128,25.37031],[89.72088,25.37031],[89.72067,25.36996],[89.72027,25.36996],[89.72007,25.36961],[89.71927,25.36944],[89.71906,25.36908],[89.71886,25.36909],[89.71886,25.36891],[89.71866,25.36891],[89.71866,25.36873],[89.71846,25.36873],[89.71846,25.36855],[89.71806,25.36856],[89.71785,25.3682],[89.71765,25.36821],[89.71765,25.36803],[89.71725,25.36803],[89.71705,25.36768],[89.71665,25.36768],[89.71644,25.36733],[89.71604,25.36733],[89.71584,25.36698],[89.71504,25.36681],[89.71483,25.36645],[89.71463,25.36646],[89.71463,25.36628],[89.71383,25.36611],[89.71363,25.36576],[89.71343,25.36576],[89.71342,25.36558],[89.71322,25.36558],[89.71322,25.3654],[89.71302,25.36541],[89.71301,25.36504],[89.71262,25.36505],[89.71241,25.36469],[89.71201,25.3647],[89.71181,25.36434],[89.71161,25.36435],[89.7116,25.36417],[89.7114,25.36417],[89.7114,25.36399],[89.7112,25.36399],[89.7112,25.36381],[89.711,25.36382],[89.711,25.36364],[89.7106,25.36365],[89.71039,25.36329],[89.71019,25.36329],[89.71019,25.36311],[89.7092,25.36313],[89.70919,25.36295],[89.7086,25.36296],[89.70859,25.36278],[89.70839,25.36278],[89.7084,25.36296],[89.708,25.36297],[89.70781,25.36334],[89.7088,25.36332],[89.70901,25.36367],[89.70961,25.36366],[89.70961,25.36384],[89.71,25.36366],[89.71001,25.36402],[89.71021,25.36401],[89.71021,25.36419],[89.71061,25.36419],[89.71062,25.36473],[89.71102,25.36472],[89.71101,25.36436],[89.71141,25.36435],[89.71142,25.36471],[89.71162,25.36471],[89.71162,25.36489],[89.71142,25.36489],[89.71143,25.36543],[89.71163,25.36543],[89.71164,25.36561],[89.71183,25.36561],[89.71183,25.36543],[89.71223,25.36542],[89.71224,25.36596],[89.71244,25.36596],[89.71244,25.36614],[89.71284,25.36613],[89.71305,25.36649],[89.71384,25.36665],[89.71405,25.36701],[89.71485,25.36718],[89.71485,25.36736],[89.71525,25.36735],[89.71546,25.36771],[89.71585,25.3677],[89.71606,25.36806],[89.71626,25.36805],[89.71626,25.36823],[89.71666,25.36823],[89.71687,25.36858],[89.71767,25.36875],[89.71787,25.36911],[89.71827,25.3691],[89.71827,25.36928],[89.71847,25.36928],[89.71848,25.36964],[89.71868,25.36963],[89.71869,25.36999],[89.71908,25.36999],[89.71929,25.37034],[89.71969,25.37034],[89.71969,25.37052],[89.72009,25.37051],[89.72009,25.37069],[89.72029,25.37069],[89.72051,25.3714],[89.72091,25.37158],[89.72091,25.37176],[89.72111,25.37175],[89.72111,25.37193],[89.72131,25.37193],[89.72132,25.37211],[89.72151,25.37211],[89.72152,25.37247],[89.72192,25.37264],[89.72193,25.37282],[89.72213,25.37282],[89.72213,25.373],[89.72233,25.37299],[89.72233,25.37317],[89.72253,25.37317],[89.72254,25.37335],[89.72273,25.37335],[89.72274,25.37371],[89.72314,25.37388],[89.72316,25.37442],[89.72335,25.37442],[89.72336,25.37478],[89.72356,25.37478],[89.72357,25.37514],[89.72397,25.37531],[89.72399,25.37639],[89.72419,25.37639],[89.7242,25.37657],[89.724,25.37657],[89.72401,25.37693],[89.72381,25.37694],[89.72381,25.37712],[89.72361,25.37712],[89.72362,25.37748],[89.72323,25.37767],[89.72325,25.37839],[89.72364,25.37838],[89.72383,25.37802],[89.72403,25.37802],[89.72402,25.37747],[89.72422,25.37747],[89.72421,25.37711],[89.7254,25.37709],[89.72541,25.37745],[89.72561,25.37745],[89.72562,25.37817],[89.72602,25.37816],[89.72623,25.37852],[89.72643,25.37851],[89.72643,25.37887],[89.72663,25.37887],[89.72664,25.37905],[89.72703,25.37904],[89.72724,25.3794],[89.72764,25.37939],[89.72784,25.37975],[89.72804,25.37975],[89.72805,25.38011],[89.72845,25.38028],[89.72846,25.38046],[89.72866,25.38046],[89.72866,25.38064],[89.72886,25.38063],[89.72886,25.38081],[89.72906,25.38081],[89.72907,25.38117],[89.72947,25.38134],[89.72947,25.38152]],[[89.72946,25.38098],[89.72966,25.38098],[89.72967,25.38134],[89.72947,25.38134],[89.72946,25.38098]],[[89.73168,25.38257],[89.73148,25.38257],[89.73148,25.38239],[89.73188,25.38238],[89.73189,25.38274],[89.73208,25.38274],[89.73209,25.38292],[89.73149,25.38293],[89.73168,25.38257]],[[89.72904,25.38009],[89.72944,25.38008],[89.72945,25.38026],[89.72905,25.38027],[89.72904,25.38009]],[[89.72558,25.37618],[89.72578,25.37618],[89.72578,25.37636],[89.72558,25.37636],[89.72558,25.37618]]]}},{"type":"Feature","properties":{"kind":"land","ha":6.5},"geometry":{"type":"Polygon","coordinates":[[[89.64493,25.36737],[89.64492,25.36701],[89.64512,25.367],[89.64509,25.36592],[89.6449,25.36592],[89.64489,25.36574],[89.64528,25.36556],[89.64527,25.36483],[89.64547,25.36483],[89.64547,25.36501],[89.64587,25.365],[89.64588,25.36555],[89.64608,25.36554],[89.64609,25.3659],[89.64629,25.3659],[89.64629,25.36608],[89.64689,25.36607],[89.64727,25.36534],[89.64766,25.36533],[89.64766,25.36497],[89.64725,25.3648],[89.64725,25.36462],[89.64705,25.36462],[89.64705,25.36444],[89.64685,25.36444],[89.64684,25.3639],[89.64664,25.36391],[89.64664,25.36373],[89.64604,25.36374],[89.64605,25.36428],[89.64625,25.36428],[89.64625,25.36446],[89.64606,25.36446],[89.64606,25.36464],[89.64586,25.36464],[89.64586,25.36446],[89.64546,25.36447],[89.64545,25.36411],[89.64506,25.3643],[89.64506,25.36448],[89.64486,25.36448],[89.64487,25.36484],[89.64467,25.36485],[89.64469,25.36557],[89.64389,25.3654],[89.64389,25.36522],[89.64329,25.36523],[89.6433,25.36541],[89.6431,25.36541],[89.64331,25.36613],[89.64371,25.36613],[89.64371,25.36631],[89.64391,25.3663],[89.64392,25.36666],[89.64432,25.36666],[89.64452,25.36701],[89.64472,25.36701],[89.64473,25.36737],[89.64493,25.36737]]]}},{"type":"Feature","properties":{"kind":"land","ha":24.4},"geometry":{"type":"Polygon","coordinates":[[[89.69649,25.37221],[89.69648,25.37185],[89.69668,25.37184],[89.69667,25.37148],[89.69647,25.37149],[89.69646,25.37112],[89.69626,25.37113],[89.69626,25.37095],[89.69646,25.37094],[89.69645,25.37058],[89.69665,25.37058],[89.69663,25.36986],[89.69683,25.36985],[89.69682,25.36931],[89.69702,25.36931],[89.69701,25.36895],[89.69721,25.36894],[89.6972,25.36876],[89.6978,25.36875],[89.69782,25.36966],[89.69802,25.36965],[89.69803,25.37001],[89.69783,25.37002],[89.69786,25.37146],[89.69826,25.37145],[89.69845,25.37109],[89.69865,25.37108],[89.69864,25.37072],[89.69844,25.37073],[89.69837,25.36766],[89.69857,25.36766],[89.69856,25.3673],[89.69777,25.36749],[89.69777,25.36731],[89.69757,25.36731],[89.69756,25.36695],[89.69776,25.36695],[89.69774,25.36623],[89.69735,25.36623],[89.69714,25.36588],[89.69753,25.36569],[89.69753,25.36551],[89.69773,25.36551],[89.69772,25.36515],[89.69792,25.36514],[89.69791,25.36478],[89.69771,25.36478],[89.6977,25.36442],[89.69751,25.36443],[89.6975,25.36425],[89.6977,25.36424],[89.6977,25.36406],[89.69809,25.36406],[89.6981,25.36424],[89.6983,25.36423],[89.69849,25.36387],[89.69908,25.36386],[89.69907,25.36332],[89.69808,25.36333],[89.69808,25.36351],[89.69788,25.36352],[89.69788,25.36334],[89.69768,25.36334],[89.69767,25.36298],[89.69727,25.36281],[89.69727,25.36263],[89.69647,25.36264],[89.69649,25.36354],[89.69689,25.36354],[89.6971,25.36389],[89.6963,25.36391],[89.69631,25.36445],[89.69612,25.36445],[89.69612,25.36481],[89.69592,25.36482],[89.69593,25.36518],[89.69573,25.36518],[89.69574,25.36554],[89.69554,25.36555],[89.69555,25.36591],[89.69515,25.36573],[89.69515,25.36555],[89.69495,25.36556],[89.69496,25.3661],[89.69476,25.3661],[89.69478,25.36682],[89.69498,25.36682],[89.69499,25.36736],[89.69519,25.36736],[89.6952,25.36808],[89.6954,25.36808],[89.69522,25.3688],[89.69482,25.36881],[89.69463,25.36917],[89.69443,25.36918],[89.69444,25.36972],[89.69425,25.36972],[89.69425,25.3699],[89.69306,25.36992],[89.69326,25.37028],[89.69446,25.37026],[89.69445,25.37008],[89.69465,25.37007],[89.69466,25.37062],[89.69426,25.37044],[89.69428,25.37116],[89.69468,25.37134],[89.69468,25.37152],[89.69488,25.37151],[89.69489,25.37188],[89.69509,25.37187],[89.69509,25.37205],[89.69569,25.37204],[89.69569,25.37222],[89.69649,25.37221]],[[89.69719,25.36822],[89.69699,25.36823],[89.69698,25.36769],[89.69737,25.3675],[89.69758,25.36786],[89.69778,25.36785],[89.69778,25.36803],[89.69798,25.36803],[89.69799,25.36839],[89.69779,25.36839],[89.69779,25.36821],[89.69739,25.36822],[89.6974,25.36858],[89.6972,25.36858],[89.69719,25.36822]],[[89.6956,25.36789],[89.6954,25.3679],[89.69537,25.36681],[89.69577,25.36681],[89.69578,25.36735],[89.69618,25.36752],[89.69619,25.36788],[89.69599,25.36788],[89.696,25.36806],[89.6956,25.36807],[89.6956,25.36789]]]}},{"type":"Feature","properties":{"kind":"land","ha":3.1},"geometry":{"type":"Polygon","coordinates":[[[89.64131,25.36563],[89.64131,25.36545],[89.64191,25.36544],[89.6419,25.36508],[89.64229,25.36507],[89.64229,25.36489],[89.64249,25.36488],[89.64248,25.36434],[89.64208,25.36417],[89.64206,25.36363],[89.64226,25.36362],[89.64226,25.36326],[89.64146,25.36328],[89.64147,25.36364],[89.64108,25.36383],[89.64108,25.36401],[89.64068,25.36401],[89.64071,25.3651],[89.64111,25.36527],[89.64111,25.36563],[89.64131,25.36563]]]}},{"type":"Feature","properties":{"kind":"land","ha":12.0},"geometry":{"type":"Polygon","coordinates":[[[89.69314,25.36487],[89.69314,25.36451],[89.69274,25.36433],[89.69273,25.36415],[89.69412,25.36413],[89.6941,25.36305],[89.6943,25.36304],[89.69429,25.36286],[89.69409,25.36287],[89.69408,25.36232],[89.69428,25.36232],[89.69426,25.3616],[89.69407,25.3616],[89.69406,25.36142],[89.69445,25.36123],[89.69444,25.36051],[89.69424,25.36052],[89.69403,25.3598],[89.69362,25.35963],[89.69362,25.35944],[89.69342,25.35945],[89.69342,25.35927],[89.69302,25.35928],[89.69283,25.35964],[89.69303,25.35964],[89.69304,25.36036],[89.69264,25.36018],[89.69264,25.36],[89.69224,25.36001],[89.69225,25.36037],[89.69186,25.36056],[89.69187,25.36128],[89.69167,25.36129],[89.69168,25.36147],[89.69108,25.36148],[89.69106,25.36039],[89.69086,25.3604],[89.69084,25.35968],[89.69065,25.35968],[89.69064,25.35932],[89.69024,25.35933],[89.69005,25.35969],[89.68985,25.35969],[89.68986,25.35987],[89.68966,25.35988],[89.68966,25.36006],[89.68986,25.36006],[89.68987,25.3606],[89.68967,25.3606],[89.68968,25.36078],[89.68988,25.36078],[89.68989,25.36132],[89.69009,25.36131],[89.69009,25.36149],[89.69069,25.36148],[89.6909,25.3622],[89.6913,25.36238],[89.69131,25.36256],[89.6915,25.36255],[89.69151,25.36291],[89.69211,25.3629],[89.69211,25.36308],[89.69251,25.36307],[89.69251,25.36326],[89.69172,25.36327],[89.69173,25.36363],[89.69193,25.36363],[89.69193,25.36399],[89.69233,25.36416],[89.69234,25.36452],[89.69274,25.36469],[89.69275,25.36488],[89.69314,25.36487]],[[89.69249,25.36235],[89.69229,25.36236],[89.69228,25.36164],[89.69208,25.36164],[89.69206,25.36092],[89.69285,25.36054],[89.69285,25.36072],[89.69345,25.36071],[89.69366,25.36107],[89.69385,25.36106],[89.69386,25.36125],[89.69366,25.36125],[89.69368,25.36197],[89.69387,25.36197],[89.69388,25.36233],[89.69309,25.36252],[89.6931,25.3627],[89.6925,25.36271],[89.69249,25.36235]]]}},{"type":"Feature","properties":{"kind":"land","ha":15.4},"geometry":{"type":"Polygon","coordinates":[[[89.705,25.37097],[89.70498,25.37025],[89.70479,25.37025],[89.70477,25.36971],[89.70458,25.36971],[89.70455,25.36845],[89.70435,25.36845],[89.70434,25.36791],[89.70394,25.36774],[89.70393,25.36738],[89.70373,25.36738],[89.70372,25.36684],[89.70392,25.36684],[89.70391,25.36648],[89.70371,25.36648],[89.70368,25.3654],[89.70349,25.3654],[89.70347,25.3645],[89.70327,25.3645],[89.70326,25.36414],[89.70306,25.36414],[89.70304,25.36324],[89.70324,25.36324],[89.70321,25.36198],[89.70301,25.36198],[89.70299,25.3609],[89.70339,25.36089],[89.70338,25.36071],[89.70398,25.3607],[89.70398,25.36088],[89.70458,25.36087],[89.70459,25.36123],[89.70499,25.3614],[89.70499,25.36158],[89.70519,25.36158],[89.7052,25.36194],[89.7056,25.36211],[89.7056,25.36229],[89.706,25.36229],[89.706,25.36247],[89.7064,25.36246],[89.7064,25.36228],[89.70659,25.36227],[89.70659,25.36191],[89.70619,25.36174],[89.70618,25.36156],[89.70578,25.36157],[89.70558,25.36121],[89.70538,25.36121],[89.70538,25.36103],[89.70518,25.36104],[89.70517,25.36086],[89.70478,25.36086],[89.70477,25.36068],[89.70418,25.3607],[89.70417,25.36051],[89.70397,25.36052],[89.70397,25.36016],[89.70377,25.36016],[89.70376,25.3598],[89.70336,25.35963],[89.70335,25.35945],[89.70316,25.35945],[89.70315,25.35909],[89.70275,25.35892],[89.70274,25.35874],[89.70254,25.35874],[89.70254,25.35856],[89.70234,25.35856],[89.70234,25.35838],[89.70214,25.35839],[89.70213,25.35821],[89.70194,25.35821],[89.70193,25.35803],[89.70173,25.35803],[89.70174,25.35839],[89.70135,25.35858],[89.70138,25.3602],[89.70158,25.3602],[89.7016,25.3611],[89.7018,25.3611],[89.70182,25.36182],[89.70202,25.36182],[89.70204,25.36308],[89.70224,25.36308],[89.70226,25.3638],[89.70246,25.36379],[89.70247,25.36452],[89.70267,25.36451],[89.70268,25.36487],[89.70288,25.36487],[89.7029,25.36595],[89.7031,25.36595],[89.70313,25.36703],[89.70332,25.36703],[89.70334,25.36793],[89.70354,25.36793],[89.70355,25.36847],[89.70396,25.36864],[89.70397,25.36918],[89.70417,25.36918],[89.70417,25.36954],[89.70437,25.36954],[89.70438,25.3699],[89.70458,25.36989],[89.7048,25.37097],[89.705,25.37097]]]}},{"type":"Feature","properties":{"kind":"land","ha":29.0},"geometry":{"type":"Polygon","coordinates":[[[89.74072,25.36056],[89.74071,25.3602],[89.74151,25.36036],[89.74172,25.36072],[89.74192,25.36072],[89.74193,25.36144],[89.74213,25.36144],[89.74213,25.36126],[89.74253,25.36125],[89.74253,25.36161],[89.74214,25.36162],[89.74214,25.3618],[89.74274,25.36179],[89.74273,25.36143],[89.74312,25.36124],[89.74312,25.36106],[89.74371,25.36105],[89.74375,25.36285],[89.74395,25.36285],[89.74396,25.36303],[89.74376,25.36303],[89.74377,25.36357],[89.74397,25.36357],[89.74396,25.36339],[89.74436,25.36338],[89.74441,25.36554],[89.74421,25.36555],[89.74424,25.36699],[89.74444,25.36699],[89.74446,25.36771],[89.74486,25.36788],[89.74491,25.36987],[89.7451,25.36986],[89.74506,25.36806],[89.74526,25.36806],[89.74523,25.36679],[89.74503,25.3668],[89.74501,25.36553],[89.74481,25.36554],[89.7448,25.36518],[89.7446,25.36518],[89.74456,25.3632],[89.74436,25.3632],[89.74435,25.36284],[89.74415,25.36284],[89.74414,25.3623],[89.74434,25.3623],[89.74413,25.36194],[89.74433,25.36194],[89.7443,25.36067],[89.7441,25.36068],[89.74407,25.35941],[89.74387,25.35942],[89.74386,25.35888],[89.74366,25.35888],[89.74366,25.35852],[89.74266,25.35854],[89.74267,25.35872],[89.74247,25.35872],[89.74248,25.35908],[89.74268,25.35908],[89.74268,25.35926],[89.74328,25.35925],[89.74328,25.35943],[89.74348,25.35943],[89.7431,25.36015],[89.7427,25.36016],[89.7427,25.35998],[89.7423,25.35999],[89.74228,25.35909],[89.74208,25.35909],[89.74207,25.35873],[89.74167,25.35856],[89.74165,25.35784],[89.74185,25.35783],[89.74184,25.35747],[89.74165,25.35747],[89.74164,25.35711],[89.74084,25.35695],[89.74084,25.35713],[89.74065,25.35713],[89.74065,25.35749],[89.74026,25.3575],[89.74005,25.35714],[89.73945,25.35715],[89.73947,25.3577],[89.73927,25.3577],[89.73928,25.35806],[89.73908,25.35806],[89.73908,25.35824],[89.73868,25.35825],[89.73848,25.35789],[89.73808,25.3579],[89.73808,25.35772],[89.73788,25.35773],[89.73788,25.35791],[89.73768,25.35791],[89.7377,25.35845],[89.7381,25.35862],[89.7381,25.3588],[89.7383,25.3588],[89.73831,25.35916],[89.73851,25.35916],[89.73851,25.35934],[89.73871,25.35933],[89.73872,25.35988],[89.73892,25.35987],[89.73894,25.36059],[89.73913,25.36059],[89.73914,25.36095],[89.73934,25.36095],[89.73934,25.36113],[89.73974,25.36112],[89.73976,25.36184],[89.73956,25.36185],[89.73957,25.36221],[89.73937,25.36221],[89.73938,25.36257],[89.73918,25.36257],[89.73918,25.36275],[89.73879,25.36276],[89.73878,25.36258],[89.73819,25.36259],[89.73819,25.36295],[89.738,25.36296],[89.738,25.36332],[89.73781,25.36332],[89.73781,25.3635],[89.73801,25.3635],[89.73802,25.36386],[89.73842,25.36403],[89.73842,25.36421],[89.73922,25.3642],[89.73923,25.36492],[89.73943,25.36492],[89.73943,25.3651],[89.73983,25.36491],[89.73982,25.36437],[89.73962,25.36437],[89.73961,25.36419],[89.74001,25.36418],[89.74001,25.36436],[89.7414,25.36434],[89.74159,25.36397],[89.74179,25.36397],[89.74159,25.36361],[89.74119,25.36362],[89.74116,25.36254],[89.74156,25.36253],[89.74156,25.36235],[89.74136,25.36235],[89.74135,25.36199],[89.74056,25.36201],[89.74052,25.36056],[89.74072,25.36056]],[[89.74033,25.36057],[89.74034,25.36111],[89.73994,25.36112],[89.73993,25.36057],[89.73973,25.36058],[89.73971,25.35986],[89.74051,25.35984],[89.74052,25.36056],[89.74033,25.36057]],[[89.73938,25.36275],[89.73978,25.36274],[89.73977,25.36238],[89.74017,25.36238],[89.74016,25.36219],[89.74056,25.36219],[89.74057,25.36273],[89.74018,25.36274],[89.73999,25.3631],[89.73979,25.3631],[89.73979,25.36328],[89.73959,25.36329],[89.73961,25.36401],[89.73941,25.36401],[89.73938,25.36275]]]}},{"type":"Feature","properties":{"kind":"land","ha":8.4},"geometry":{"type":"Polygon","coordinates":[[[89.64915,25.36079],[89.64915,25.36061],[89.64935,25.36061],[89.64934,25.36043],[89.64954,25.36043],[89.64954,25.36025],[89.64974,25.36024],[89.64973,25.36006],[89.64993,25.36006],[89.64993,25.35988],[89.65033,25.35987],[89.65032,25.35969],[89.65052,25.35969],[89.65051,25.35933],[89.65091,25.35914],[89.6509,25.35896],[89.6511,25.35895],[89.65109,25.35841],[89.65089,25.35842],[89.65088,25.35806],[89.65167,25.35786],[89.65167,25.35768],[89.65207,25.35785],[89.65208,25.35839],[89.65248,25.35857],[89.6525,25.35929],[89.6523,25.35929],[89.65232,25.36038],[89.65212,25.36038],[89.65213,25.36056],[89.65233,25.36056],[89.65234,25.36092],[89.65313,25.3609],[89.65313,25.36072],[89.65352,25.36071],[89.65368,25.35891],[89.65348,25.35891],[89.65348,25.35855],[89.65328,25.35855],[89.65327,25.35819],[89.65307,25.3582],[89.65305,25.35729],[89.65265,25.35712],[89.65264,25.35676],[89.65185,25.35677],[89.65186,25.35732],[89.65146,25.35732],[89.65127,25.35769],[89.65087,25.35769],[89.65068,25.35806],[89.65029,25.35807],[89.65031,25.35933],[89.65012,25.35933],[89.65012,25.35951],[89.64892,25.35935],[89.64893,25.35971],[89.64854,25.3599],[89.64876,25.36098],[89.64915,25.36079]]]}},{"type":"Feature","properties":{"kind":"land","ha":4.4},"geometry":{"type":"Polygon","coordinates":[[[89.66939,25.35971],[89.66935,25.35772],[89.66955,25.35772],[89.66952,25.35664],[89.66972,25.35663],[89.66972,25.35645],[89.67011,25.35644],[89.67013,25.35717],[89.66993,25.35717],[89.66994,25.35753],[89.67034,25.35752],[89.67053,25.35716],[89.67073,25.35715],[89.67051,25.35644],[89.67031,25.35644],[89.6703,25.35572],[89.6701,25.35572],[89.67009,25.35554],[89.6697,25.35555],[89.6697,25.35573],[89.66911,25.35574],[89.6691,25.35556],[89.66871,25.35557],[89.66872,25.35611],[89.66892,25.3561],[89.66893,25.35683],[89.66873,25.35683],[89.66879,25.35954],[89.66899,25.35953],[89.669,25.35989],[89.66939,25.35971]]]}},{"type":"Feature","properties":{"kind":"land","ha":4.6},"geometry":{"type":"Polygon","coordinates":[[[89.71381,25.35619],[89.7138,25.35583],[89.7136,25.35583],[89.71359,25.35529],[89.71339,25.35529],[89.71339,25.35511],[89.71239,25.35513],[89.71239,25.35495],[89.71199,25.35496],[89.71179,25.3546],[89.71159,25.3546],[89.71158,25.35442],[89.71079,25.35426],[89.71078,25.35408],[89.71058,25.35408],[89.71057,25.35354],[89.71077,25.35353],[89.71076,25.35317],[89.71036,25.35318],[89.71036,25.353],[89.70977,25.35301],[89.70979,25.35427],[89.71019,25.35445],[89.7102,25.35463],[89.7104,25.35462],[89.7104,25.35481],[89.7106,25.3548],[89.7106,25.35498],[89.7108,25.35498],[89.71081,25.35516],[89.711,25.35515],[89.71101,25.35534],[89.71181,25.3555],[89.71181,25.35568],[89.71241,25.35567],[89.71261,25.35603],[89.71281,25.35602],[89.71282,25.3562],[89.71381,25.35619]]]}},{"type":"Feature","properties":{"kind":"land","ha":3.7},"geometry":{"type":"Polygon","coordinates":[[[89.69379,25.35818],[89.69378,25.35782],[89.69358,25.35782],[89.69358,25.35746],[89.69338,25.35746],[89.69337,25.35728],[89.69318,25.35729],[89.69296,25.35657],[89.69256,25.3564],[89.69255,25.35585],[89.69215,25.35568],[89.69214,25.35532],[89.69194,25.35532],[89.69192,25.3546],[89.69173,25.35461],[89.69171,25.35407],[89.69151,25.35407],[89.6915,25.35353],[89.6913,25.35353],[89.6913,25.35317],[89.6911,25.35317],[89.6911,25.35335],[89.6909,25.35336],[89.69095,25.35534],[89.69115,25.35534],[89.69115,25.3557],[89.69155,25.35587],[89.69156,25.35605],[89.69176,25.35605],[89.69176,25.35623],[89.69196,25.35623],[89.69196,25.35641],[89.69216,25.3564],[89.69217,25.35658],[89.69237,25.35658],[89.69237,25.35676],[89.69257,25.35676],[89.69257,25.35694],[89.69277,25.35693],[89.69298,25.35765],[89.69339,25.35782],[89.69339,25.35801],[89.69359,25.358],[89.69359,25.35818],[89.69379,25.35818]]]}},{"type":"Feature","properties":{"kind":"land","ha":15.8},"geometry":{"type":"Polygon","coordinates":[[[89.67258,25.36037],[89.67258,25.36001],[89.67278,25.36001],[89.67276,25.35946],[89.67296,25.35946],[89.67295,25.35874],[89.67275,25.35874],[89.67274,25.35838],[89.67313,25.35819],[89.6729,25.35675],[89.6733,25.35657],[89.67328,25.35603],[89.67288,25.35585],[89.67288,25.35567],[89.67308,25.35567],[89.67307,25.35531],[89.67327,25.3553],[89.67326,25.35494],[89.67306,25.35495],[89.67304,25.35404],[89.67284,25.35405],[89.67283,25.35351],[89.67263,25.35351],[89.67264,25.35369],[89.67184,25.35371],[89.67183,25.35316],[89.67123,25.35317],[89.67124,25.35336],[89.67084,25.35336],[89.67085,25.35354],[89.67005,25.35356],[89.66986,25.35392],[89.67085,25.3539],[89.67086,25.35408],[89.67106,25.35408],[89.67107,25.3548],[89.67127,25.3548],[89.67128,25.35516],[89.67108,25.35516],[89.6711,25.35607],[89.6713,25.35606],[89.67131,25.35678],[89.67112,25.35679],[89.67112,25.35715],[89.67132,25.35714],[89.67134,25.35805],[89.67154,25.35804],[89.67155,25.3584],[89.67135,25.35841],[89.67135,25.35859],[89.67036,25.35861],[89.67037,25.35897],[89.66998,25.35915],[89.66998,25.35933],[89.66978,25.35934],[89.66979,25.3597],[89.67019,25.35987],[89.67019,25.36005],[89.67139,25.36003],[89.67139,25.36021],[89.67199,25.3602],[89.67199,25.36038],[89.67258,25.36037]]]}},{"type":"Feature","properties":{"kind":"land","ha":7.3},"geometry":{"type":"Polygon","coordinates":[[[89.68372,25.36107],[89.68368,25.35909],[89.68348,25.35909],[89.68347,25.35837],[89.68366,25.35836],[89.68366,25.35818],[89.68346,25.35819],[89.68343,25.35674],[89.68363,25.35674],[89.68362,25.3562],[89.68342,25.3562],[89.68341,25.35602],[89.68361,25.35602],[89.68358,25.35439],[89.68378,25.35439],[89.68377,25.35403],[89.68337,25.35404],[89.68337,25.35386],[89.68317,25.35386],[89.68316,25.35332],[89.68335,25.35332],[89.68335,25.35313],[89.68375,25.35313],[89.68395,25.35348],[89.68415,25.35348],[89.68434,25.35312],[89.68474,25.35311],[89.68474,25.35293],[89.68613,25.3529],[89.68612,25.35254],[89.68532,25.35238],[89.68532,25.3522],[89.68492,25.3522],[89.68492,25.35238],[89.68512,25.35238],[89.68513,25.35274],[89.68473,25.35257],[89.68472,25.35239],[89.68453,25.35239],[89.68453,25.35257],[89.68374,25.35259],[89.68374,25.35277],[89.68334,25.35277],[89.68314,25.35242],[89.68294,25.35242],[89.68293,25.35206],[89.68253,25.35189],[89.68252,25.35171],[89.68233,25.35171],[89.68235,25.35261],[89.68254,25.35261],[89.68258,25.35441],[89.68278,25.35441],[89.68281,25.35567],[89.68301,25.35567],[89.68304,25.35693],[89.68324,25.35693],[89.68325,25.35747],[89.68305,25.35747],[89.68308,25.3591],[89.68328,25.35909],[89.68331,25.36017],[89.68351,25.36017],[89.68353,25.36107],[89.68372,25.36107]]]}},{"type":"Feature","properties":{"kind":"land","ha":97.1},"geometry":{"type":"Polygon","coordinates":[[[89.74593,25.3888],[89.74612,25.38843],[89.74672,25.38842],[89.74691,25.38806],[89.74731,25.38823],[89.7473,25.38787],[89.7471,25.38787],[89.74709,25.38733],[89.74689,25.38734],[89.7469,25.38788],[89.7467,25.38788],[89.7465,25.38752],[89.7461,25.38753],[89.7461,25.38735],[89.7459,25.38736],[89.74588,25.38645],[89.74568,25.38646],[89.74567,25.38592],[89.74547,25.38592],[89.74546,25.38556],[89.74506,25.38539],[89.74505,25.38521],[89.74486,25.38521],[89.74485,25.38503],[89.74465,25.38503],[89.74465,25.38485],[89.74485,25.38485],[89.74484,25.38449],[89.74464,25.38449],[89.74462,25.38377],[89.74443,25.38377],[89.74442,25.38341],[89.74422,25.38342],[89.74421,25.38306],[89.74401,25.38306],[89.744,25.3827],[89.74381,25.3827],[89.74358,25.38162],[89.74338,25.38163],[89.74338,25.38127],[89.74318,25.38127],[89.74317,25.38109],[89.74297,25.38109],[89.74276,25.38038],[89.74256,25.38038],[89.74255,25.38002],[89.74215,25.37985],[89.74211,25.37786],[89.7425,25.37767],[89.7425,25.37785],[89.7429,25.37785],[89.7429,25.37767],[89.74329,25.37766],[89.74329,25.37748],[89.74349,25.37747],[89.74328,25.37712],[89.74308,25.37712],[89.74308,25.37694],[89.74268,25.37695],[89.74267,25.37641],[89.74287,25.3764],[89.74286,25.37622],[89.74326,25.37621],[89.74326,25.37603],[89.74365,25.37603],[89.74384,25.37566],[89.74404,25.37566],[89.74383,25.37494],[89.74403,25.37494],[89.74402,25.37458],[89.74422,25.37457],[89.74421,25.37421],[89.74401,25.37422],[89.74401,25.37404],[89.74421,25.37403],[89.7442,25.37385],[89.7438,25.37368],[89.74379,25.37332],[89.74359,25.37332],[89.7436,25.37368],[89.7434,25.37369],[89.74342,25.37459],[89.74322,25.37459],[89.74323,25.37477],[89.74243,25.37479],[89.74202,25.37407],[89.74123,25.37409],[89.74122,25.37391],[89.74102,25.37391],[89.74102,25.37355],[89.74023,25.37374],[89.74022,25.37338],[89.74002,25.37339],[89.74001,25.37321],[89.73982,25.37321],[89.73982,25.37339],[89.73883,25.37341],[89.73882,25.37323],[89.73862,25.37323],[89.73884,25.37395],[89.73904,25.37395],[89.73905,25.37449],[89.73866,25.37468],[89.73845,25.37432],[89.73825,25.37432],[89.73825,25.37414],[89.73805,25.37415],[89.73803,25.37342],[89.73763,25.37325],[89.73762,25.37271],[89.73722,25.37272],[89.73702,25.37236],[89.73682,25.37236],[89.7368,25.37146],[89.7366,25.37147],[89.73659,25.37129],[89.73679,25.37128],[89.73678,25.37092],[89.73718,25.37073],[89.73717,25.37037],[89.73697,25.37038],[89.73697,25.3702],[89.73657,25.3702],[89.73657,25.37002],[89.73597,25.37003],[89.73597,25.36985],[89.73537,25.36986],[89.73537,25.36968],[89.73497,25.36969],[89.73476,25.36933],[89.73456,25.36934],[89.73456,25.36898],[89.73415,25.3688],[89.73415,25.36862],[89.73395,25.36863],[89.73395,25.36845],[89.73375,25.36845],[89.73375,25.36827],[89.73355,25.36827],[89.73354,25.36809],[89.73334,25.3681],[89.73334,25.36792],[89.73314,25.36792],[89.73313,25.36738],[89.73293,25.36738],[89.7329,25.36594],[89.7327,25.36594],[89.73269,25.3654],[89.73249,25.36541],[89.73248,25.36505],[89.73208,25.36505],[89.73208,25.36469],[89.73227,25.36469],[89.73224,25.36324],[89.73204,25.36325],[89.73204,25.36307],[89.73144,25.36308],[89.73144,25.3629],[89.73124,25.3629],[89.73143,25.36254],[89.73223,25.3627],[89.73219,25.3609],[89.73199,25.3609],[89.73199,25.36072],[89.73218,25.36072],[89.73218,25.36036],[89.73238,25.36035],[89.73237,25.36017],[89.73257,25.36017],[89.73256,25.35981],[89.73217,25.36],[89.73216,25.35946],[89.73235,25.35945],[89.73234,25.35873],[89.73274,25.3589],[89.73274,25.35872],[89.73293,25.35872],[89.73293,25.35836],[89.73233,25.35837],[89.73214,25.35873],[89.73154,25.35875],[89.73154,25.35838],[89.73193,25.3582],[89.73193,25.35802],[89.73212,25.35801],[89.73212,25.35765],[89.73192,25.35766],[89.73191,25.35748],[89.73112,25.35749],[89.73113,25.35785],[89.73093,25.35785],[89.73093,25.35804],[89.73113,25.35803],[89.73114,25.35857],[89.73094,25.35858],[89.73096,25.35948],[89.73136,25.35947],[89.73137,25.35965],[89.73196,25.35964],[89.73197,25.36],[89.73177,25.36],[89.73178,25.36037],[89.73138,25.36037],[89.73139,25.36091],[89.731,25.3611],[89.73101,25.36128],[89.73061,25.36129],[89.7306,25.36093],[89.7302,25.36076],[89.7302,25.36058],[89.73,25.36058],[89.72996,25.35878],[89.73015,25.35877],[89.73015,25.35841],[89.72975,25.35824],[89.72972,25.35734],[89.72953,25.35734],[89.72958,25.3595],[89.72938,25.35951],[89.72938,25.35987],[89.72919,25.35987],[89.72919,25.36023],[89.72939,25.36023],[89.7294,25.36041],[89.7292,25.36041],[89.72921,25.36114],[89.72862,25.36115],[89.72841,25.36079],[89.72821,25.36079],[89.72821,25.36043],[89.7286,25.36024],[89.72857,25.35898],[89.72877,25.35898],[89.72876,25.35844],[89.72856,25.35844],[89.72853,25.35736],[89.72893,25.35717],[89.72892,25.35681],[89.72912,25.35681],[89.7291,25.3559],[89.7289,25.35591],[89.72891,25.35627],[89.72871,25.35627],[89.72871,25.35645],[89.72831,25.35646],[89.72831,25.3561],[89.72811,25.3561],[89.7281,25.35556],[89.7279,25.35556],[89.72787,25.3543],[89.72767,25.35431],[89.72768,25.35485],[89.72748,25.35485],[89.72749,25.35503],[89.72709,25.35486],[89.72708,25.3545],[89.72628,25.35451],[89.72609,25.35488],[89.7259,25.35488],[89.7259,25.35506],[89.7257,25.35506],[89.72569,25.35434],[89.72549,25.35435],[89.72548,25.35399],[89.72568,25.35398],[89.72566,25.35344],[89.72526,25.35327],[89.72526,25.35309],[89.72506,25.35309],[89.72505,25.35273],[89.72485,25.35273],[89.72482,25.35129],[89.72462,25.35129],[89.72461,25.35057],[89.72441,25.35058],[89.72442,25.35112],[89.72383,25.35113],[89.72383,25.35131],[89.72363,25.35131],[89.72364,25.35167],[89.72404,25.35185],[89.72404,25.35203],[89.72444,25.35202],[89.72425,25.35238],[89.72445,25.35238],[89.72446,25.35274],[89.72466,25.35274],[89.72467,25.35346],[89.72487,25.35345],[89.72489,25.35436],[89.72509,25.35435],[89.72511,25.35544],[89.72492,25.35544],[89.72493,25.35616],[89.72513,25.35616],[89.72516,25.35742],[89.72477,25.35761],[89.72477,25.35779],[89.72398,25.3578],[89.72399,25.35834],[89.72359,25.35853],[89.7236,25.35889],[89.72301,25.3589],[89.72282,25.35927],[89.72361,25.35925],[89.72361,25.35943],[89.72401,25.35943],[89.72402,25.35961],[89.72521,25.35959],[89.72521,25.35977],[89.72541,25.35976],[89.72542,25.36012],[89.72601,25.36011],[89.72602,25.36029],[89.72641,25.36028],[89.72662,25.36064],[89.72682,25.36064],[89.72682,25.36082],[89.72702,25.36081],[89.72703,25.361],[89.72722,25.36099],[89.72723,25.36117],[89.72782,25.36116],[89.72804,25.36188],[89.72844,25.36205],[89.72844,25.36223],[89.72924,25.3624],[89.72925,25.36258],[89.73044,25.36256],[89.73044,25.36274],[89.73084,25.36273],[89.73085,25.36309],[89.73065,25.36309],[89.73064,25.36291],[89.73005,25.36292],[89.73005,25.3631],[89.73045,25.36328],[89.73046,25.36346],[89.73066,25.36345],[89.73066,25.36364],[89.73086,25.36363],[89.73087,25.36399],[89.73107,25.36399],[89.73108,25.36453],[89.73148,25.3647],[89.7315,25.36542],[89.73169,25.36542],[89.7317,25.36578],[89.7319,25.36578],[89.73191,25.36596],[89.7321,25.36595],[89.73212,25.3665],[89.73231,25.36649],[89.73233,25.36739],[89.73253,25.36739],[89.73255,25.36793],[89.73274,25.36793],[89.73276,25.36847],[89.73316,25.36864],[89.73297,25.36901],[89.73317,25.369],[89.73319,25.37009],[89.73339,25.37008],[89.7334,25.37044],[89.7336,25.37044],[89.7336,25.37062],[89.7338,25.37062],[89.73401,25.37133],[89.73441,25.37151],[89.73442,25.37187],[89.73462,25.37186],[89.73462,25.37204],[89.73522,25.37203],[89.73524,25.37293],[89.73564,25.37311],[89.73565,25.37329],[89.73584,25.37328],[89.73585,25.37365],[89.73625,25.37382],[89.73626,25.37418],[89.73666,25.37417],[89.73666,25.37435],[89.73686,25.37435],[89.73687,25.37471],[89.73727,25.3747],[89.73747,25.37506],[89.73827,25.37504],[89.73827,25.37522],[89.73867,25.37522],[89.73867,25.3754],[89.73887,25.37539],[89.73887,25.37521],[89.73927,25.37521],[89.73907,25.37557],[89.73868,25.37558],[89.73869,25.37594],[89.73888,25.37594],[89.7389,25.37648],[89.7393,25.37665],[89.7393,25.37683],[89.7395,25.37683],[89.7395,25.37701],[89.7397,25.377],[89.73972,25.37772],[89.73933,25.37791],[89.73933,25.37809],[89.73993,25.37808],[89.73994,25.3788],[89.74014,25.3788],[89.74015,25.37916],[89.74035,25.37916],[89.74036,25.37988],[89.74077,25.38005],[89.74077,25.38023],[89.74156,25.38022],[89.74157,25.38058],[89.74177,25.38057],[89.74177,25.38075],[89.74158,25.38076],[89.74159,25.38148],[89.74179,25.38148],[89.74179,25.3813],[89.74238,25.38128],[89.74239,25.38146],[89.74259,25.38146],[89.7428,25.38218],[89.743,25.38218],[89.74301,25.38272],[89.74341,25.38289],[89.74342,25.38343],[89.74362,25.38343],[89.74363,25.38379],[89.74403,25.38378],[89.74404,25.38414],[89.74444,25.38431],[89.74445,25.38468],[89.74425,25.38468],[89.74425,25.38486],[89.74326,25.38488],[89.74326,25.38506],[89.74406,25.38504],[89.74387,25.38541],[89.74367,25.38541],[89.74368,25.38577],[89.74288,25.38579],[89.74269,25.38615],[89.74249,25.38616],[89.7425,25.38634],[89.74289,25.38633],[89.7429,25.38651],[89.7431,25.38651],[89.7431,25.38687],[89.7435,25.38686],[89.74371,25.38722],[89.74391,25.38721],[89.74391,25.38739],[89.74411,25.38739],[89.74411,25.38757],[89.74431,25.38757],[89.74432,25.38775],[89.74452,25.38774],[89.74452,25.38792],[89.74472,25.38792],[89.74473,25.38828],[89.74513,25.38845],[89.74513,25.38863],[89.74533,25.38863],[89.74533,25.38881],[89.74593,25.3888]],[[89.74065,25.375],[89.74105,25.37499],[89.74105,25.37517],[89.74066,25.37518],[89.74065,25.375]],[[89.74023,25.37411],[89.74043,25.3741],[89.74043,25.37392],[89.74083,25.37391],[89.74084,25.37446],[89.74024,25.37447],[89.74023,25.37411]],[[89.73499,25.37059],[89.73479,25.3706],[89.73478,25.37024],[89.73518,25.37041],[89.73519,25.37077],[89.73499,25.37077],[89.73499,25.37059]],[[89.72942,25.36131],[89.72962,25.36131],[89.72962,25.36167],[89.72943,25.36167],[89.72942,25.36131]],[[89.72799,25.35989],[89.7278,25.3599],[89.72777,25.35882],[89.72797,25.35881],[89.72799,25.35971],[89.72819,25.35971],[89.7282,25.36007],[89.728,25.36007],[89.72799,25.35989]],[[89.72556,25.35777],[89.72576,25.35777],[89.72575,25.35723],[89.72595,25.35723],[89.72594,25.35686],[89.72614,25.35686],[89.72631,25.35577],[89.72651,25.35577],[89.72651,25.35559],[89.72631,25.35559],[89.7263,25.35505],[89.72669,25.35505],[89.72671,25.35559],[89.7271,25.35558],[89.72731,25.35594],[89.72751,25.35593],[89.72751,25.35611],[89.72731,25.35612],[89.72732,25.3563],[89.72692,25.3563],[89.72695,25.35757],[89.72655,25.35757],[89.72636,25.35794],[89.72616,25.35794],[89.72598,25.35867],[89.72558,25.35868],[89.72556,25.35777]]]}},{"type":"Feature","properties":{"kind":"land","ha":15.5},"geometry":{"type":"Polygon","coordinates":[[[89.71417,25.35437],[89.71415,25.35383],[89.71435,25.35383],[89.71434,25.35347],[89.71454,25.35347],[89.71454,25.35328],[89.71414,25.35329],[89.71414,25.35311],[89.71394,25.35312],[89.71392,25.35239],[89.71432,25.35221],[89.71432,25.35239],[89.71452,25.35238],[89.71451,25.35202],[89.71431,25.35203],[89.7143,25.35148],[89.7141,25.35149],[89.71409,25.35113],[89.71369,25.35095],[89.71367,25.34987],[89.71347,25.34988],[89.71346,25.34951],[89.71326,25.34952],[89.71325,25.34916],[89.71306,25.34916],[89.71303,25.34808],[89.71283,25.34808],[89.71284,25.34826],[89.71224,25.34827],[89.71243,25.34791],[89.71263,25.34791],[89.71263,25.34773],[89.71223,25.34755],[89.71222,25.34737],[89.71202,25.34738],[89.71205,25.34846],[89.71225,25.34845],[89.71226,25.349],[89.71246,25.34899],[89.71247,25.34953],[89.71208,25.34972],[89.71207,25.34954],[89.71187,25.34954],[89.71188,25.34972],[89.71168,25.34973],[89.71169,25.35009],[89.71129,25.35028],[89.7113,25.35046],[89.7109,25.35046],[89.71091,25.35083],[89.71071,25.35083],[89.71071,25.35101],[89.71031,25.35084],[89.71031,25.35066],[89.71011,25.35066],[89.71011,25.35048],[89.70991,25.35048],[89.7099,25.3503],[89.7097,25.35031],[89.7097,25.35013],[89.7095,25.35013],[89.7095,25.34995],[89.7093,25.34995],[89.7093,25.34977],[89.7089,25.34978],[89.70891,25.35032],[89.70812,25.35033],[89.70812,25.35052],[89.70772,25.35052],[89.70773,25.3507],[89.70753,25.35071],[89.70754,25.35107],[89.70774,25.35106],[89.70774,25.35124],[89.70814,25.35124],[89.70815,25.35178],[89.70795,25.35178],[89.70795,25.35196],[89.70815,25.35196],[89.70816,25.35232],[89.70856,25.35231],[89.70855,25.35213],[89.70875,25.35213],[89.70874,25.35177],[89.70894,25.35176],[89.70895,25.35212],[89.70935,25.3523],[89.70936,25.35248],[89.70995,25.35247],[89.70994,25.35175],[89.71013,25.35174],[89.71014,25.35192],[89.71034,25.35192],[89.71035,25.35246],[89.71075,25.35245],[89.71073,25.35173],[89.71093,25.35173],[89.71092,25.35137],[89.71152,25.35136],[89.71152,25.35154],[89.71192,25.35153],[89.71192,25.35171],[89.71212,25.35171],[89.71212,25.35152],[89.71271,25.35151],[89.7129,25.35115],[89.7133,25.35114],[89.7133,25.35132],[89.7135,25.35132],[89.71353,25.35258],[89.71313,25.35259],[89.71314,25.35277],[89.71254,25.35278],[89.71254,25.3526],[89.71214,25.35261],[89.71216,25.35333],[89.71255,25.35332],[89.71256,25.3535],[89.71276,25.3535],[89.71276,25.35386],[89.71356,25.35384],[89.71376,25.3542],[89.71396,25.3542],[89.71397,25.35438],[89.71417,25.35437]],[[89.71171,25.35099],[89.71151,25.35099],[89.7115,25.35063],[89.7119,25.35063],[89.71189,25.35027],[89.71269,25.35043],[89.7127,25.35079],[89.7123,25.35098],[89.71231,25.35134],[89.71191,25.35135],[89.71171,25.35099]]]}},{"type":"Feature","properties":{"kind":"land","ha":11.0},"geometry":{"type":"Polygon","coordinates":[[[89.7293,25.3559],[89.72928,25.355],[89.72947,25.35499],[89.72947,25.35463],[89.72966,25.35463],[89.72983,25.35318],[89.73003,25.35318],[89.73002,25.35282],[89.73022,25.35281],[89.73019,25.35155],[89.73039,25.35155],[89.73038,25.35101],[89.72998,25.35101],[89.72977,25.35066],[89.72957,25.35066],[89.72956,25.35012],[89.72976,25.35012],[89.72976,25.34994],[89.73055,25.34992],[89.73054,25.34956],[89.73094,25.34955],[89.73094,25.34973],[89.73114,25.34973],[89.73133,25.349],[89.73152,25.349],[89.73152,25.34864],[89.73171,25.34864],[89.73169,25.34737],[89.73188,25.34737],[89.73187,25.34683],[89.73227,25.34664],[89.73206,25.34628],[89.73166,25.34629],[89.73167,25.34647],[89.73087,25.34649],[89.73066,25.34613],[89.73047,25.34613],[89.73046,25.34595],[89.73007,25.34596],[89.73007,25.34614],[89.73047,25.34631],[89.73048,25.34667],[89.73068,25.34667],[89.73069,25.34721],[89.73089,25.34721],[89.7309,25.34775],[89.7311,25.34774],[89.7311,25.34792],[89.7309,25.34793],[89.73091,25.34829],[89.73071,25.34829],[89.73072,25.34847],[89.73032,25.34848],[89.73032,25.3483],[89.73012,25.3483],[89.73011,25.34794],[89.72971,25.34795],[89.72972,25.34831],[89.72992,25.34831],[89.72993,25.34885],[89.72973,25.34885],[89.72975,25.34957],[89.72955,25.34958],[89.72955,25.34976],[89.72936,25.34976],[89.72934,25.34922],[89.72954,25.34922],[89.72953,25.34868],[89.72933,25.34868],[89.72932,25.34832],[89.72913,25.34832],[89.72912,25.34814],[89.72872,25.34815],[89.72873,25.34851],[89.72853,25.34851],[89.72855,25.34924],[89.72795,25.34925],[89.72796,25.34961],[89.72856,25.3496],[89.72856,25.34978],[89.72876,25.34977],[89.72878,25.35068],[89.72898,25.35067],[89.72899,25.35121],[89.72939,25.35121],[89.72939,25.35139],[89.72959,25.35138],[89.72963,25.35319],[89.72943,25.35319],[89.72944,25.35355],[89.72924,25.35355],[89.72925,25.35392],[89.72905,25.35392],[89.72907,25.35464],[89.72887,25.35464],[89.72888,25.355],[89.72908,25.355],[89.7291,25.3559],[89.7293,25.3559]],[[89.73054,25.3492],[89.73093,25.34919],[89.73094,25.34937],[89.73054,25.34938],[89.73054,25.3492]]]}},{"type":"Feature","properties":{"kind":"land","ha":17.1},"geometry":{"type":"Polygon","coordinates":[[[89.69755,25.35757],[89.69753,25.35649],[89.69733,25.35649],[89.69731,25.35559],[89.69711,25.35559],[89.69709,25.35487],[89.6969,25.35487],[89.69688,25.35433],[89.69669,25.35434],[89.69667,25.35379],[89.69647,25.3538],[89.69647,25.35344],[89.69627,25.35344],[89.69625,25.35272],[89.69605,25.35272],[89.69604,25.35218],[89.69584,25.35218],[89.69582,25.3511],[89.69562,25.35111],[89.6956,25.35038],[89.69541,25.35039],[89.6954,25.35003],[89.695,25.35003],[89.695,25.34985],[89.6948,25.34986],[89.69479,25.3495],[89.69439,25.34932],[89.69438,25.34896],[89.69418,25.34897],[89.69417,25.34843],[89.69397,25.34843],[89.69396,25.34807],[89.69377,25.34807],[89.69376,25.34771],[89.69336,25.34754],[89.69332,25.34609],[89.69313,25.3461],[89.69313,25.34628],[89.69293,25.34628],[89.69294,25.34664],[89.69274,25.34665],[89.69275,25.34701],[89.69255,25.34701],[89.69256,25.34737],[89.69236,25.34738],[89.69237,25.34792],[89.69198,25.3481],[89.69199,25.34865],[89.6916,25.34883],[89.69161,25.34937],[89.69122,25.34956],[89.69122,25.34992],[89.69103,25.34993],[89.69104,25.35047],[89.69064,25.35029],[89.69064,25.35066],[89.69025,25.35084],[89.69026,25.35102],[89.69006,25.35103],[89.69007,25.35157],[89.68987,25.35157],[89.68987,25.35175],[89.69027,25.35175],[89.69029,25.35247],[89.69049,25.35246],[89.69049,25.35264],[89.69069,25.35264],[89.69068,25.35246],[89.69108,25.35245],[89.69106,25.35155],[89.69145,25.35136],[89.69145,25.35118],[89.69165,25.35118],[89.69165,25.35136],[89.69205,25.35135],[89.69205,25.35117],[89.69244,25.35116],[89.69244,25.3508],[89.69263,25.3508],[89.69262,25.35026],[89.69282,25.35025],[89.69281,25.34971],[89.69321,25.34971],[89.69341,25.35006],[89.69361,25.35006],[89.69361,25.35024],[89.69381,25.35024],[89.69382,25.35042],[89.69402,25.35041],[89.69402,25.35059],[89.69422,25.35059],[89.69422,25.35077],[89.69442,25.35077],[89.69443,25.35095],[89.69482,25.35094],[89.69483,25.35112],[89.69502,25.35112],[89.69503,25.35148],[89.69523,25.35147],[89.69524,25.35202],[89.69544,25.35201],[89.69545,25.35255],[89.69565,25.35255],[89.69567,25.35345],[89.69587,25.35345],[89.69588,25.35399],[89.69628,25.35416],[89.69629,25.35452],[89.69649,25.35452],[89.6965,25.35506],[89.6967,25.35506],[89.69671,25.3556],[89.69691,25.35559],[89.69692,25.35614],[89.69673,25.35614],[89.69673,25.3565],[89.69693,25.3565],[89.69694,25.35704],[89.69714,25.35703],[89.69715,25.35739],[89.69735,25.35739],[89.69735,25.35757],[89.69755,25.35757]],[[89.69257,25.34809],[89.69277,25.34809],[89.69277,25.34791],[89.69317,25.34808],[89.69298,25.34845],[89.69258,25.34845],[89.69257,25.34809]]]}},{"type":"Feature","properties":{"kind":"land","ha":20.8},"geometry":{"type":"Polygon","coordinates":[[[89.65036,25.35247],[89.65035,25.35193],[89.65055,25.35192],[89.65053,25.35102],[89.65013,25.35103],[89.65013,25.35085],[89.64993,25.35085],[89.64991,25.35013],[89.64972,25.35013],[89.64971,25.34977],[89.64951,25.34978],[89.6495,25.34942],[89.6487,25.34925],[89.64868,25.34835],[89.64849,25.34835],[89.64847,25.34745],[89.64827,25.34745],[89.64826,25.34727],[89.64806,25.34728],[89.64807,25.34764],[89.64787,25.34764],[89.64788,25.348],[89.64749,25.34819],[89.64747,25.34747],[89.64767,25.34746],[89.64766,25.3471],[89.64806,25.3471],[89.64805,25.34637],[89.64785,25.34638],[89.64784,25.3462],[89.64745,25.3462],[89.64745,25.34639],[89.64685,25.3464],[89.64686,25.34658],[89.64646,25.34658],[89.64646,25.34676],[89.64607,25.34677],[89.64607,25.34695],[89.64587,25.34695],[89.64588,25.34732],[89.64529,25.34733],[89.64528,25.34697],[89.64488,25.34697],[89.64488,25.34715],[89.64508,25.34715],[89.64509,25.34769],[89.6447,25.34788],[89.64471,25.34806],[89.64451,25.34806],[89.6443,25.34771],[89.6441,25.34771],[89.64411,25.34807],[89.64431,25.34807],[89.64432,25.34843],[89.64472,25.3486],[89.64472,25.34878],[89.64511,25.34859],[89.64511,25.34841],[89.64551,25.34841],[89.6455,25.34823],[89.6463,25.34821],[89.64632,25.34911],[89.64652,25.34911],[89.64652,25.34929],[89.64632,25.34929],[89.64633,25.34947],[89.64593,25.34948],[89.64592,25.34912],[89.64572,25.34912],[89.64572,25.34894],[89.64512,25.34895],[89.64515,25.35004],[89.64534,25.35003],[89.64535,25.35039],[89.64555,25.35039],[89.64555,25.35057],[89.64575,25.35057],[89.64577,25.35147],[89.64617,25.35146],[89.64616,25.3511],[89.64596,25.3511],[89.64595,25.35038],[89.64634,25.3502],[89.64634,25.35038],[89.64674,25.35037],[89.64675,25.35091],[89.64656,25.35091],[89.64657,25.35182],[89.64638,25.35182],[89.64639,25.35236],[89.64698,25.35235],[89.64698,25.35217],[89.64738,25.35216],[89.64737,25.35198],[89.64757,25.35198],[89.64756,25.35144],[89.64776,25.35143],[89.64775,25.35125],[89.64756,25.35126],[89.64755,25.3509],[89.64735,25.3509],[89.64735,25.35072],[89.64774,25.35071],[89.64795,25.35107],[89.64815,25.35107],[89.64815,25.35125],[89.64795,25.35125],[89.64796,25.35161],[89.64836,25.3516],[89.64837,25.35196],[89.64876,25.35196],[89.64876,25.35178],[89.64935,25.35177],[89.64936,25.35213],[89.64897,25.35213],[89.64897,25.35231],[89.64996,25.3523],[89.64997,25.35248],[89.65036,25.35247]],[[89.64935,25.3514],[89.64994,25.35139],[89.64995,25.35157],[89.64935,25.35159],[89.64935,25.3514]],[[89.64608,25.34749],[89.64648,25.34767],[89.64649,25.34785],[89.64609,25.34785],[89.64608,25.34749]]]}},{"type":"Feature","properties":{"kind":"land","ha":38.6},"geometry":{"type":"Polygon","coordinates":[[[89.70381,25.34446],[89.70362,25.34446],[89.7036,25.34392],[89.70321,25.34393],[89.70322,25.34447],[89.70302,25.34447],[89.70303,25.34483],[89.70263,25.34484],[89.70244,25.34521],[89.70224,25.34521],[89.70229,25.34755],[89.7021,25.34756],[89.7021,25.34774],[89.7015,25.34775],[89.70154,25.34919],[89.70174,25.34919],[89.70175,25.34991],[89.70274,25.34989],[89.70276,25.35061],[89.70296,25.35061],[89.70297,25.35097],[89.70316,25.35097],[89.70319,25.35223],[89.70339,25.35223],[89.70341,25.35295],[89.70321,25.35295],[89.70322,25.35331],[89.70381,25.3533],[89.70402,25.35366],[89.70422,25.35366],[89.70423,25.35402],[89.70442,25.35401],[89.70443,25.35437],[89.70463,25.35437],[89.70464,25.35455],[89.70503,25.35454],[89.70524,25.3549],[89.70564,25.35489],[89.70564,25.35507],[89.70584,25.35507],[89.70581,25.35381],[89.70601,25.3538],[89.706,25.35362],[89.70641,25.3538],[89.70643,25.3547],[89.70702,25.35469],[89.70702,25.35451],[89.70741,25.3545],[89.70761,25.35413],[89.7078,25.35413],[89.7078,25.35377],[89.70859,25.35376],[89.70859,25.35358],[89.70878,25.35357],[89.70878,25.35321],[89.70858,25.35321],[89.70857,25.35285],[89.70837,25.35286],[89.70837,25.35268],[89.70757,25.35251],[89.70755,25.35179],[89.70715,25.35162],[89.70715,25.35144],[89.70675,25.35144],[89.70654,25.35109],[89.70635,25.35109],[89.70613,25.35037],[89.70593,25.35038],[89.70592,25.35001],[89.70612,25.35001],[89.70612,25.34983],[89.70632,25.34983],[89.70632,25.35001],[89.70672,25.35],[89.70672,25.35018],[89.70712,25.35017],[89.70711,25.34981],[89.70671,25.34964],[89.70671,25.34946],[89.7075,25.34926],[89.70749,25.34908],[89.70729,25.34909],[89.70729,25.34891],[89.70689,25.34891],[89.70669,25.34856],[89.70649,25.34856],[89.70648,25.34838],[89.70629,25.34838],[89.70628,25.3482],[89.70608,25.34821],[89.70608,25.34803],[89.70588,25.34803],[89.70588,25.34785],[89.70568,25.34785],[89.70546,25.34714],[89.70526,25.34714],[89.70525,25.3466],[89.70485,25.34642],[89.70484,25.34606],[89.70464,25.34607],[89.70463,25.34553],[89.70443,25.34553],[89.70443,25.34517],[89.70403,25.345],[89.70402,25.34482],[89.70382,25.34482],[89.70381,25.34446]],[[89.70385,25.3459],[89.70365,25.3459],[89.70365,25.34609],[89.70326,25.34609],[89.70324,25.34537],[89.70344,25.34537],[89.70343,25.34483],[89.70382,25.34482],[89.70385,25.3459]],[[89.70351,25.3488],[89.70332,25.3488],[89.70332,25.34916],[89.70312,25.34916],[89.70313,25.34934],[89.70273,25.34935],[89.70273,25.34917],[89.70253,25.34917],[89.70252,25.34881],[89.70232,25.34882],[89.70231,25.34846],[89.70251,25.34845],[89.70251,25.34827],[89.7033,25.34826],[89.70331,25.34844],[89.70351,25.34843],[89.70351,25.3488]],[[89.7035,25.34807],[89.7037,25.34807],[89.70368,25.34717],[89.70348,25.34717],[89.70347,25.34681],[89.70367,25.34681],[89.70366,25.34663],[89.70446,25.34661],[89.70446,25.34679],[89.70466,25.34679],[89.70467,25.34715],[89.70447,25.34715],[89.70448,25.34751],[89.70428,25.34752],[89.70429,25.34788],[89.70389,25.34807],[89.70391,25.34861],[89.70371,25.34861],[89.7037,25.34843],[89.70351,25.34843],[89.7035,25.34807]]]}},{"type":"Feature","properties":{"kind":"land","ha":6.4},"geometry":{"type":"Polygon","coordinates":[[[89.72966,25.34579],[89.72986,25.34578],[89.72987,25.34596],[89.73007,25.34596],[89.73004,25.34506],[89.73024,25.34505],[89.73023,25.34451],[89.73003,25.34452],[89.73001,25.34361],[89.72962,25.34362],[89.72962,25.3438],[89.72902,25.34381],[89.72902,25.34345],[89.72861,25.34328],[89.72861,25.3431],[89.72841,25.3431],[89.72841,25.34292],[89.72821,25.34292],[89.7282,25.34256],[89.7286,25.34256],[89.72859,25.34238],[89.72819,25.3422],[89.72798,25.34149],[89.72759,25.34167],[89.72759,25.34185],[89.72719,25.34186],[89.7272,25.34204],[89.7274,25.34204],[89.72741,25.34258],[89.72721,25.34258],[89.72721,25.34276],[89.72682,25.34277],[89.72661,25.34241],[89.72601,25.34242],[89.72602,25.34279],[89.72642,25.34296],[89.72643,25.34314],[89.72682,25.34313],[89.72683,25.34331],[89.72723,25.3433],[89.72723,25.34367],[89.72743,25.34366],[89.72744,25.34384],[89.72823,25.34383],[89.72824,25.34419],[89.72844,25.34418],[89.72845,25.34473],[89.72885,25.34472],[89.72885,25.3449],[89.72905,25.34489],[89.72906,25.34526],[89.72946,25.34543],[89.72946,25.34561],[89.72966,25.34561],[89.72966,25.34579]],[[89.72966,25.34542],[89.72985,25.34542],[89.72986,25.3456],[89.72966,25.34561],[89.72966,25.34542]]]}},{"type":"Feature","properties":{"kind":"land","ha":5.8},"geometry":{"type":"Polygon","coordinates":[[[89.70823,25.34672],[89.70822,25.346],[89.70782,25.34601],[89.70782,25.34583],[89.70762,25.34583],[89.70761,25.34547],[89.70741,25.34547],[89.70741,25.34529],[89.70761,25.34529],[89.70758,25.34403],[89.70778,25.34402],[89.70777,25.34384],[89.70837,25.34383],[89.70836,25.34347],[89.70856,25.34347],[89.70852,25.34148],[89.70891,25.34148],[89.7089,25.34112],[89.70871,25.34112],[89.7087,25.34094],[89.7085,25.34094],[89.70851,25.3413],[89.70831,25.34131],[89.70832,25.34149],[89.70812,25.34149],[89.70814,25.34239],[89.70794,25.3424],[89.70795,25.34276],[89.70775,25.34276],[89.70775,25.34294],[89.70736,25.34295],[89.70717,25.34331],[89.70677,25.34332],[89.70678,25.34368],[89.70638,25.34387],[89.70639,25.34423],[89.70619,25.34423],[89.70621,25.34496],[89.70641,25.34495],[89.70642,25.34531],[89.70661,25.34531],[89.70663,25.34585],[89.70722,25.34584],[89.70743,25.3462],[89.70763,25.34619],[89.70763,25.34637],[89.70783,25.34637],[89.70783,25.34655],[89.70803,25.34655],[89.70804,25.34673],[89.70823,25.34672]],[[89.70795,25.34294],[89.70815,25.34293],[89.70815,25.34311],[89.70796,25.34312],[89.70795,25.34294]]]}},{"type":"Feature","properties":{"kind":"land","ha":7.7},"geometry":{"type":"Polygon","coordinates":[[[89.70902,25.34653],[89.70902,25.34635],[89.70922,25.34634],[89.70922,25.34616],[89.70961,25.34616],[89.70962,25.34634],[89.71021,25.34633],[89.7102,25.34596],[89.70981,25.34597],[89.7096,25.34562],[89.7098,25.34561],[89.70979,25.34543],[89.71039,25.34542],[89.71039,25.34524],[89.71058,25.34524],[89.71056,25.34433],[89.71116,25.34432],[89.71115,25.34378],[89.71095,25.34379],[89.71094,25.34342],[89.71055,25.34361],[89.71054,25.34325],[89.71034,25.34326],[89.71031,25.34181],[89.71071,25.3418],[89.71068,25.34054],[89.71048,25.34055],[89.71046,25.33964],[89.71026,25.33965],[89.71025,25.33911],[89.71005,25.33911],[89.71004,25.33875],[89.70984,25.33875],[89.70984,25.33857],[89.70945,25.33876],[89.70946,25.33912],[89.70965,25.33912],[89.70966,25.33948],[89.70986,25.33947],[89.70986,25.33965],[89.71006,25.33965],[89.71007,25.34001],[89.71027,25.34001],[89.71028,25.34055],[89.71008,25.34055],[89.7101,25.34145],[89.70971,25.34146],[89.70971,25.34164],[89.70951,25.34165],[89.70952,25.34201],[89.70992,25.34218],[89.71014,25.3429],[89.70954,25.34291],[89.70954,25.34273],[89.70934,25.34273],[89.70934,25.34291],[89.70914,25.34292],[89.70915,25.3431],[89.70935,25.34309],[89.70937,25.34418],[89.70898,25.34436],[89.70899,25.3449],[89.70939,25.3449],[89.70938,25.34472],[89.70958,25.34471],[89.70959,25.34507],[89.7092,25.34526],[89.7092,25.34562],[89.709,25.34563],[89.70901,25.34581],[89.70821,25.34582],[89.70822,25.346],[89.70862,25.34599],[89.70863,25.34672],[89.70902,25.34653]]]}},{"type":"Feature","properties":{"kind":"land","ha":29.8},"geometry":{"type":"Polygon","coordinates":[[[89.66408,25.35294],[89.66428,25.35294],[89.66429,25.35348],[89.66449,25.35348],[89.66449,25.35366],[89.66489,25.35365],[89.66492,25.35491],[89.66512,25.35491],[89.66515,25.35671],[89.66535,25.35671],[89.66536,25.35707],[89.66516,25.35708],[89.66519,25.35816],[89.66479,25.35835],[89.6648,25.35853],[89.6646,25.35853],[89.66461,25.35889],[89.66441,25.35889],[89.66442,25.35962],[89.66423,25.35962],[89.66423,25.35998],[89.66403,25.35998],[89.66405,25.36052],[89.66385,25.36053],[89.66386,25.36089],[89.66346,25.36108],[89.66347,25.36126],[89.66327,25.36126],[89.66327,25.36144],[89.66307,25.36144],[89.66308,25.36181],[89.66288,25.36181],[89.66289,25.36235],[89.6625,25.36254],[89.66251,25.36272],[89.66231,25.36272],[89.66231,25.36308],[89.66251,25.36308],[89.66253,25.3638],[89.66233,25.3638],[89.66233,25.36399],[89.66174,25.364],[89.66175,25.36472],[89.66215,25.36471],[89.66214,25.36435],[89.66254,25.36416],[89.66253,25.36398],[89.66273,25.36398],[89.66273,25.3638],[89.66293,25.36379],[89.66292,25.36361],[89.66312,25.36361],[89.66312,25.36343],[89.66332,25.36343],[89.66331,25.36325],[89.66371,25.36324],[89.66371,25.36342],[89.66332,25.36361],[89.66333,25.36415],[89.66294,25.36434],[89.66294,25.36452],[89.66374,25.3645],[89.66373,25.36432],[89.66393,25.36432],[89.66391,25.36342],[89.66411,25.36341],[89.66406,25.36107],[89.66445,25.36088],[89.66445,25.3607],[89.66465,25.36069],[89.66462,25.35961],[89.66502,25.35942],[89.66501,25.35906],[89.66521,25.35906],[89.6652,25.35888],[89.666,25.35887],[89.66579,25.35851],[89.66559,25.35851],[89.66554,25.35617],[89.66534,25.35617],[89.66532,25.35509],[89.66552,25.35508],[89.6655,25.35436],[89.6657,25.35436],[89.66569,25.35382],[89.66549,25.35382],[89.66546,25.35274],[89.66527,25.35274],[89.66525,25.3522],[89.66506,25.3522],[89.66502,25.3504],[89.66482,25.3504],[89.6648,25.34968],[89.665,25.34968],[89.66499,25.34914],[89.66479,25.34914],[89.66477,25.34842],[89.66497,25.34842],[89.66496,25.34769],[89.66535,25.34769],[89.66533,25.34678],[89.66553,25.34678],[89.66552,25.34624],[89.66532,25.34624],[89.66531,25.34588],[89.66551,25.34588],[89.66551,25.34552],[89.6657,25.34551],[89.66568,25.34443],[89.66548,25.34444],[89.66548,25.34425],[89.66568,25.34425],[89.66565,25.34317],[89.66545,25.34317],[89.66542,25.34173],[89.66522,25.34173],[89.6652,25.34065],[89.665,25.34065],[89.66499,25.34029],[89.66479,25.3403],[89.66477,25.33939],[89.66458,25.3394],[89.66456,25.33886],[89.66437,25.33886],[89.6644,25.34048],[89.6646,25.34048],[89.66461,25.34084],[89.66481,25.34084],[89.66481,25.3412],[89.66442,25.34121],[89.66441,25.34103],[89.66421,25.34103],[89.66422,25.34121],[89.66402,25.34121],[89.66405,25.34248],[89.66385,25.34248],[89.66386,25.34284],[89.66406,25.34284],[89.66406,25.3432],[89.66387,25.3432],[89.66388,25.34392],[89.66368,25.34393],[89.6637,25.34465],[89.6635,25.34465],[89.66353,25.34591],[89.66393,25.34609],[89.66394,25.34645],[89.66354,25.34664],[89.66354,25.34646],[89.66334,25.34646],[89.66337,25.3479],[89.66377,25.3479],[89.66378,25.34826],[89.66417,25.34825],[89.66418,25.34861],[89.66379,25.34862],[89.6638,25.34916],[89.6636,25.34916],[89.66363,25.35061],[89.66343,25.35061],[89.66344,25.35097],[89.66364,25.35097],[89.66366,25.35187],[89.66386,25.35186],[89.66386,25.35223],[89.66406,25.35222],[89.66408,25.35294]],[[89.66439,25.34915],[89.66441,25.35005],[89.66402,25.35006],[89.66401,25.3497],[89.66381,25.3497],[89.6638,25.34916],[89.66439,25.34915]],[[89.66404,25.35132],[89.66444,25.35131],[89.66445,25.35167],[89.66425,25.35168],[89.66425,25.35186],[89.66445,25.35185],[89.66446,25.35221],[89.66406,25.35222],[89.66404,25.35132]],[[89.66468,25.35311],[89.66527,25.3531],[89.66528,25.35346],[89.66469,25.35347],[89.66468,25.35311]],[[89.66382,25.35024],[89.66402,25.35024],[89.66402,25.35042],[89.66383,25.35042],[89.66382,25.35024]],[[89.66399,25.34879],[89.66458,25.34878],[89.66459,25.34896],[89.66399,25.34897],[89.66399,25.34879]],[[89.66485,25.34264],[89.66504,25.34264],[89.66505,25.34282],[89.66485,25.34282],[89.66485,25.34264]]]}},{"type":"Feature","properties":{"kind":"land","ha":17.0},"geometry":{"type":"Polygon","coordinates":[[[89.68393,25.35222],[89.68392,25.35186],[89.68372,25.35186],[89.68371,25.35132],[89.68351,25.35133],[89.68349,25.35061],[89.68329,25.35061],[89.68328,25.35007],[89.68308,25.35007],[89.68307,25.34953],[89.68267,25.34936],[89.68267,25.34918],[89.68247,25.34918],[89.68246,25.34882],[89.68226,25.34882],[89.68225,25.34828],[89.68205,25.34829],[89.68204,25.34756],[89.68184,25.34757],[89.68183,25.34721],[89.68163,25.34721],[89.68161,25.34649],[89.68142,25.34649],[89.68141,25.34613],[89.68121,25.34613],[89.6812,25.34577],[89.681,25.34578],[89.68099,25.34506],[89.68119,25.34505],[89.68117,25.34451],[89.68098,25.34451],[89.68096,25.34397],[89.68076,25.34398],[89.68075,25.34344],[89.68055,25.34344],[89.68051,25.34127],[89.68031,25.34128],[89.6803,25.34092],[89.6805,25.34091],[89.68048,25.34001],[89.68068,25.34001],[89.68062,25.33748],[89.68082,25.33748],[89.68076,25.33477],[89.68056,25.33478],[89.68057,25.33514],[89.68018,25.33532],[89.68018,25.3355],[89.67998,25.33551],[89.68002,25.33731],[89.68022,25.33731],[89.68023,25.33767],[89.68003,25.33767],[89.68004,25.33821],[89.68044,25.33839],[89.68045,25.33875],[89.68025,25.33875],[89.68029,25.34056],[89.68009,25.34056],[89.6801,25.34092],[89.6799,25.34092],[89.67991,25.34111],[89.67951,25.34111],[89.67951,25.34093],[89.67931,25.34094],[89.67928,25.33985],[89.67908,25.33986],[89.67908,25.3395],[89.67868,25.3395],[89.67869,25.34004],[89.67849,25.34005],[89.67853,25.34149],[89.67872,25.34149],[89.67874,25.34203],[89.67913,25.34202],[89.67912,25.34148],[89.67932,25.34148],[89.67932,25.3413],[89.67972,25.34147],[89.67972,25.34165],[89.68012,25.34164],[89.68013,25.34218],[89.68033,25.34218],[89.68033,25.34236],[89.68013,25.34236],[89.68015,25.34327],[89.67995,25.34327],[89.67997,25.34381],[89.67957,25.344],[89.67959,25.3449],[89.67979,25.3449],[89.6798,25.34544],[89.68,25.34544],[89.68002,25.34634],[89.68022,25.34633],[89.68023,25.34687],[89.68043,25.34687],[89.68044,25.34723],[89.68064,25.34723],[89.68065,25.34759],[89.68105,25.34776],[89.68106,25.3483],[89.68126,25.3483],[89.68127,25.34866],[89.68146,25.34866],[89.68148,25.3492],[89.68167,25.34919],[89.68168,25.34956],[89.68208,25.34973],[89.68231,25.35081],[89.68271,25.35098],[89.68271,25.35134],[89.68311,25.35133],[89.68332,25.35169],[89.68352,25.35169],[89.68352,25.35205],[89.68372,25.35205],[89.68373,25.35223],[89.68393,25.35222]]]}},{"type":"Feature","properties":{"kind":"land","ha":10.8},"geometry":{"type":"Polygon","coordinates":[[[89.70351,25.33977],[89.7035,25.33941],[89.7037,25.33941],[89.7037,25.33923],[89.7035,25.33923],[89.70348,25.33851],[89.70368,25.3385],[89.70367,25.33778],[89.70347,25.33779],[89.70345,25.33688],[89.70365,25.33688],[89.70362,25.3358],[89.70342,25.3358],[89.70341,25.33526],[89.70361,25.33526],[89.70361,25.33508],[89.70341,25.33508],[89.7034,25.33472],[89.7032,25.33472],[89.70319,25.33436],[89.70279,25.33419],[89.70279,25.33401],[89.70259,25.33401],[89.70237,25.33329],[89.70198,25.3333],[89.70197,25.33312],[89.70138,25.33313],[89.70137,25.33295],[89.70038,25.33297],[89.70039,25.33333],[89.70019,25.33333],[89.7002,25.33351],[89.6996,25.33353],[89.69958,25.3328],[89.69939,25.33281],[89.69919,25.33317],[89.69939,25.33317],[89.69941,25.33371],[89.69981,25.33388],[89.69982,25.3346],[89.69962,25.33461],[89.69964,25.33515],[89.69983,25.33515],[89.69984,25.33551],[89.70004,25.3355],[89.70003,25.33514],[89.70023,25.33514],[89.70022,25.3346],[89.70002,25.3346],[89.7,25.33388],[89.7004,25.33387],[89.70039,25.33351],[89.70059,25.33351],[89.7006,25.33387],[89.7008,25.33386],[89.70082,25.33495],[89.70122,25.33512],[89.70123,25.3353],[89.70143,25.3353],[89.70143,25.33566],[89.70184,25.33583],[89.70184,25.33601],[89.70204,25.33601],[89.70204,25.33619],[89.70224,25.33618],[89.70226,25.33691],[89.70246,25.3369],[89.70246,25.33708],[89.70286,25.33708],[89.70286,25.33744],[89.70306,25.33743],[89.70307,25.33797],[89.70327,25.33797],[89.7033,25.33905],[89.7031,25.33906],[89.70311,25.33942],[89.70331,25.33941],[89.70331,25.33977],[89.70351,25.33977]]]}},{"type":"Feature","properties":{"kind":"land","ha":46.1},"geometry":{"type":"Polygon","coordinates":[[[89.71753,25.3359],[89.71753,25.33626],[89.71794,25.33644],[89.71794,25.33662],[89.71814,25.33661],[89.71814,25.33679],[89.71834,25.33679],[89.71834,25.33697],[89.71894,25.33696],[89.71896,25.33786],[89.71916,25.33786],[89.71918,25.33894],[89.71938,25.33894],[89.7194,25.33966],[89.7192,25.33966],[89.7192,25.33984],[89.7194,25.33984],[89.71941,25.3402],[89.71961,25.3402],[89.71963,25.3411],[89.71924,25.34129],[89.71924,25.34147],[89.71964,25.34164],[89.71964,25.34182],[89.71984,25.34182],[89.71985,25.34218],[89.72025,25.34235],[89.72026,25.34253],[89.72085,25.34252],[89.72086,25.3427],[89.72165,25.34269],[89.72164,25.34232],[89.72144,25.34233],[89.72144,25.34215],[89.72104,25.34216],[89.72103,25.34143],[89.72083,25.34144],[89.72082,25.34126],[89.72162,25.34124],[89.72163,25.3416],[89.72182,25.3416],[89.72184,25.34214],[89.72204,25.34214],[89.72204,25.3425],[89.72224,25.34249],[89.72225,25.34267],[89.72264,25.34267],[89.72285,25.34302],[89.72305,25.34302],[89.72304,25.34284],[89.72364,25.34283],[89.72364,25.34265],[89.72324,25.34266],[89.72323,25.34211],[89.72342,25.34211],[89.72342,25.34175],[89.72421,25.34174],[89.72421,25.34156],[89.72441,25.34155],[89.7244,25.34119],[89.72479,25.34118],[89.72521,25.3419],[89.72541,25.34189],[89.7254,25.34171],[89.72639,25.3417],[89.72639,25.34151],[89.72659,25.34151],[89.72657,25.34079],[89.72617,25.34062],[89.72617,25.34044],[89.72597,25.34044],[89.72597,25.34026],[89.72577,25.34026],[89.72576,25.34008],[89.72556,25.34009],[89.72556,25.33991],[89.72536,25.33991],[89.72535,25.33937],[89.72455,25.3392],[89.72454,25.33884],[89.72414,25.33867],[89.72414,25.33849],[89.72374,25.33868],[89.72375,25.33904],[89.72355,25.33904],[89.72356,25.33922],[89.72336,25.33922],[89.72315,25.33887],[89.72295,25.33887],[89.72295,25.33869],[89.72275,25.33869],[89.72275,25.33851],[89.72255,25.33852],[89.72255,25.33834],[89.72235,25.33834],[89.72234,25.33816],[89.72214,25.33816],[89.72214,25.33798],[89.72194,25.33799],[89.72194,25.33781],[89.72174,25.33781],[89.72173,25.33745],[89.72133,25.33728],[89.72132,25.33692],[89.72092,25.33674],[89.72091,25.33638],[89.72071,25.33639],[89.72071,25.33621],[89.72031,25.33621],[89.72011,25.33586],[89.71991,25.33586],[89.7199,25.3355],[89.7197,25.3355],[89.71969,25.33478],[89.71949,25.33478],[89.71948,25.33442],[89.71928,25.33443],[89.71928,25.33425],[89.71908,25.33425],[89.71907,25.33389],[89.71867,25.33372],[89.71866,25.33318],[89.71826,25.333],[89.71824,25.33246],[89.71805,25.33246],[89.71804,25.3321],[89.71784,25.33211],[89.71783,25.33157],[89.71763,25.33157],[89.7176,25.33049],[89.71721,25.33049],[89.717,25.33014],[89.7168,25.33014],[89.71683,25.33122],[89.71702,25.33122],[89.71703,25.33158],[89.71723,25.33158],[89.71724,25.33212],[89.71744,25.33211],[89.71745,25.3323],[89.71725,25.3323],[89.71725,25.33248],[89.71646,25.33249],[89.71645,25.33231],[89.71606,25.33232],[89.71606,25.3325],[89.71566,25.33251],[89.71569,25.33359],[89.71589,25.33359],[89.7159,25.33413],[89.7155,25.33432],[89.71551,25.3345],[89.71531,25.3345],[89.71531,25.33468],[89.71512,25.33468],[89.71494,25.33577],[89.71514,25.33577],[89.71515,25.33613],[89.71634,25.33611],[89.71635,25.33647],[89.71595,25.33665],[89.71597,25.3372],[89.71636,25.33719],[89.71655,25.33682],[89.71735,25.33681],[89.71734,25.33645],[89.71714,25.33645],[89.71713,25.33591],[89.71753,25.3359]],[[89.71673,25.33592],[89.71691,25.33519],[89.71711,25.33519],[89.71713,25.33591],[89.71673,25.33592]],[[89.72317,25.33977],[89.72357,25.33994],[89.72358,25.34012],[89.72298,25.34013],[89.72317,25.33977]],[[89.71893,25.33642],[89.71873,25.33642],[89.71872,25.33588],[89.71912,25.33605],[89.71913,25.3366],[89.71893,25.3366],[89.71893,25.33642]],[[89.71952,25.33623],[89.71972,25.33622],[89.71973,25.33658],[89.71953,25.33659],[89.71952,25.33623]],[[89.71871,25.33534],[89.71851,25.33534],[89.71849,25.3348],[89.7177,25.33482],[89.7177,25.33464],[89.7175,25.33464],[89.71748,25.33374],[89.71708,25.33357],[89.71707,25.33338],[89.71747,25.3332],[89.71746,25.33302],[89.71806,25.33301],[89.71806,25.33319],[89.71826,25.33318],[89.71827,25.33354],[89.71847,25.33354],[89.71848,25.33408],[89.71868,25.33408],[89.7187,25.33498],[89.71909,25.33497],[89.7193,25.33533],[89.7195,25.33533],[89.71951,25.33569],[89.71891,25.3357],[89.71871,25.33534]]]}},{"type":"Feature","properties":{"kind":"land","ha":3.1},"geometry":{"type":"Polygon","coordinates":[[[89.70335,25.33237],[89.70333,25.33165],[89.70313,25.33166],[89.70312,25.33111],[89.70292,25.33112],[89.70291,25.33058],[89.70271,25.33058],[89.7027,25.33022],[89.70231,25.33041],[89.70231,25.33023],[89.70191,25.33023],[89.70191,25.33042],[89.70112,25.33043],[89.70112,25.33061],[89.70093,25.33061],[89.70093,25.33079],[89.70113,25.33079],[89.70114,25.33115],[89.70133,25.33115],[89.70135,25.33169],[89.70175,25.33186],[89.70175,25.33204],[89.70235,25.33203],[89.70234,25.33167],[89.70214,25.33167],[89.70214,25.33149],[89.70253,25.33131],[89.70315,25.33238],[89.70335,25.33237]]]}},{"type":"Feature","properties":{"kind":"land","ha":15.5},"geometry":{"type":"Polygon","coordinates":[[[89.72956,25.3411],[89.72955,25.34073],[89.72915,25.34056],[89.72914,25.3402],[89.72874,25.34003],[89.72874,25.33985],[89.72854,25.33985],[89.72853,25.33967],[89.72834,25.33967],[89.72833,25.33949],[89.72813,25.3395],[89.72813,25.33932],[89.72793,25.33932],[89.72792,25.33896],[89.72752,25.33879],[89.72752,25.33861],[89.72732,25.33861],[89.72731,25.33843],[89.72712,25.33843],[89.72711,25.33825],[89.72691,25.33826],[89.72691,25.33808],[89.72671,25.33808],[89.7267,25.33772],[89.7263,25.33755],[89.72629,25.33719],[89.72609,25.33719],[89.72609,25.33683],[89.72569,25.33665],[89.72568,25.33647],[89.72548,25.33648],[89.72548,25.3363],[89.72528,25.3363],[89.72527,25.33594],[89.72487,25.33577],[89.72487,25.33559],[89.72467,25.33559],[89.72466,25.33541],[89.72447,25.33541],[89.72446,25.33505],[89.72426,25.33506],[89.72426,25.33488],[89.72406,25.33488],[89.72384,25.33416],[89.72364,25.33417],[89.72364,25.33381],[89.72344,25.33381],[89.72343,25.33345],[89.72303,25.33327],[89.72302,25.33291],[89.72262,25.33274],[89.7224,25.33202],[89.72221,25.33203],[89.7222,25.33167],[89.7218,25.33149],[89.72179,25.33131],[89.72159,25.33132],[89.72161,25.33204],[89.72141,25.33204],[89.72121,25.33168],[89.72101,25.33169],[89.721,25.33133],[89.7208,25.33133],[89.72079,25.33097],[89.7202,25.33098],[89.72019,25.3308],[89.71999,25.3308],[89.71999,25.33044],[89.71979,25.33045],[89.71978,25.32991],[89.71938,25.32991],[89.71937,25.32973],[89.71918,25.32974],[89.71919,25.33028],[89.71939,25.33027],[89.71939,25.33063],[89.71959,25.33063],[89.71961,25.33135],[89.71981,25.33135],[89.71982,25.33171],[89.72001,25.33171],[89.72002,25.33207],[89.72042,25.33224],[89.72043,25.3326],[89.72083,25.33277],[89.72105,25.33349],[89.72125,25.33349],[89.72125,25.33367],[89.72165,25.33366],[89.72162,25.33258],[89.72202,25.33257],[89.72203,25.33293],[89.72243,25.33311],[89.72244,25.33365],[89.72264,25.33364],[89.72265,25.334],[89.72285,25.334],[89.72285,25.33436],[89.72305,25.33436],[89.72307,25.33508],[89.72227,25.33509],[89.7223,25.33636],[89.7225,25.33635],[89.72251,25.33653],[89.7229,25.33653],[89.72289,25.33598],[89.72269,25.33599],[89.72269,25.33581],[89.72308,25.33562],[89.72329,25.33598],[89.72349,25.33597],[89.72349,25.33615],[89.72369,25.33615],[89.72369,25.33633],[89.72389,25.33633],[89.72391,25.33705],[89.7247,25.33703],[89.72491,25.33739],[89.72511,25.33739],[89.72511,25.33775],[89.72531,25.33774],[89.72532,25.33793],[89.72571,25.33792],[89.72592,25.33827],[89.72652,25.33826],[89.72672,25.33862],[89.72692,25.33862],[89.72693,25.33898],[89.72733,25.33915],[89.72733,25.33933],[89.72753,25.33933],[89.72754,25.33951],[89.72774,25.3395],[89.72774,25.33968],[89.72794,25.33968],[89.72794,25.33986],[89.72814,25.33986],[89.72814,25.34004],[89.72834,25.34003],[89.72835,25.3404],[89.72855,25.34039],[89.72855,25.34057],[89.72895,25.34056],[89.72916,25.34092],[89.72936,25.34092],[89.72936,25.3411],[89.72956,25.3411]]]}},{"type":"Feature","properties":{"kind":"land","ha":6.1},"geometry":{"type":"Polygon","coordinates":[[[89.6631,25.33545],[89.6633,25.33545],[89.66331,25.33581],[89.66411,25.33616],[89.66412,25.3367],[89.66432,25.3367],[89.6642,25.33146],[89.66401,25.33147],[89.66398,25.33038],[89.66378,25.33039],[89.66361,25.33147],[89.66322,25.33166],[89.66322,25.33184],[89.66302,25.33185],[89.66302,25.33203],[89.66283,25.33203],[89.66283,25.33239],[89.66323,25.3322],[89.66324,25.33256],[89.66343,25.33256],[89.66344,25.33274],[89.66304,25.33293],[89.66306,25.33365],[89.66227,25.33402],[89.66228,25.33439],[89.66268,25.33456],[89.66269,25.33474],[89.66289,25.33474],[89.66289,25.33492],[89.66309,25.33491],[89.6631,25.33545]],[[89.66308,25.33455],[89.66288,25.33456],[89.66287,25.33419],[89.66327,25.33401],[89.66326,25.33383],[89.66346,25.33382],[89.66347,25.334],[89.66366,25.334],[89.66368,25.3349],[89.66329,25.33509],[89.66329,25.33491],[89.66309,25.33491],[89.66308,25.33455]]]}},{"type":"Feature","properties":{"kind":"land","ha":75.3},"geometry":{"type":"Polygon","coordinates":[[[89.64043,25.33406],[89.64043,25.33424],[89.64063,25.33423],[89.64065,25.33496],[89.64085,25.33495],[89.64106,25.33567],[89.64146,25.33584],[89.64146,25.33602],[89.64166,25.33602],[89.64167,25.3362],[89.64147,25.3362],[89.64148,25.33657],[89.64128,25.33657],[89.64129,25.33693],[89.64088,25.33676],[89.64088,25.33658],[89.64049,25.33676],[89.6405,25.3373],[89.6403,25.33731],[89.64033,25.33857],[89.64013,25.33858],[89.64014,25.33894],[89.63994,25.33894],[89.63995,25.33948],[89.63975,25.33948],[89.63978,25.34075],[89.63998,25.34074],[89.63999,25.34147],[89.6396,25.34165],[89.6396,25.34183],[89.63941,25.34184],[89.6392,25.34148],[89.639,25.34148],[89.63904,25.34311],[89.63884,25.34311],[89.63884,25.34329],[89.63844,25.3433],[89.63845,25.34348],[89.63805,25.34349],[89.63806,25.34403],[89.63747,25.34404],[89.63746,25.34386],[89.63726,25.34386],[89.63727,25.34404],[89.63707,25.34404],[89.63728,25.3444],[89.63748,25.3444],[89.63748,25.34458],[89.63768,25.34458],[89.63768,25.34476],[89.63887,25.34455],[89.63868,25.34492],[89.63848,25.34492],[89.63848,25.3451],[89.63888,25.34528],[89.63889,25.34564],[89.6385,25.34582],[89.63851,25.34637],[89.63831,25.34637],[89.63834,25.34763],[89.63814,25.34764],[89.63815,25.348],[89.63795,25.348],[89.63796,25.34836],[89.63757,25.34855],[89.63758,25.34945],[89.63719,25.34946],[89.63719,25.34964],[89.63699,25.34964],[89.637,25.35],[89.63661,25.35019],[89.63661,25.35037],[89.63641,25.35037],[89.63642,25.35055],[89.63622,25.35056],[89.63604,25.35128],[89.63564,25.35147],[89.63565,25.35165],[89.63545,25.35165],[89.63546,25.35202],[89.63526,25.35202],[89.63527,25.35256],[89.63547,25.35256],[89.63547,25.35274],[89.63586,25.35255],[89.63586,25.35237],[89.63606,25.35237],[89.63605,25.352],[89.63625,25.352],[89.63625,25.35218],[89.63665,25.35217],[89.63665,25.35199],[89.63704,25.35199],[89.63704,25.35181],[89.63744,25.3518],[89.63743,25.35162],[89.63763,25.35162],[89.63762,25.35125],[89.63802,25.35107],[89.63801,25.35089],[89.63821,25.35088],[89.6382,25.35052],[89.6386,25.35033],[89.63859,25.34997],[89.63898,25.34979],[89.63897,25.34943],[89.63937,25.34924],[89.63954,25.34815],[89.63974,25.34815],[89.63973,25.34761],[89.63993,25.3476],[89.63992,25.34724],[89.64012,25.34724],[89.64011,25.34688],[89.64031,25.34687],[89.6403,25.34651],[89.6405,25.34651],[89.64049,25.34615],[89.64069,25.34615],[89.64068,25.3456],[89.64048,25.34561],[89.64047,25.34525],[89.63988,25.34526],[89.63987,25.3449],[89.64047,25.34489],[89.64046,25.34471],[89.64026,25.34471],[89.64025,25.34417],[89.64005,25.34417],[89.64005,25.34399],[89.64064,25.34398],[89.64065,25.34416],[89.64105,25.34415],[89.64105,25.34433],[89.64145,25.34433],[89.64165,25.34468],[89.64185,25.34468],[89.64187,25.34558],[89.64207,25.34558],[89.64189,25.3463],[89.64169,25.34631],[89.64169,25.34649],[89.64129,25.3465],[89.6413,25.34686],[89.6411,25.34686],[89.64112,25.3474],[89.64151,25.34739],[89.64151,25.34721],[89.64171,25.34721],[89.64172,25.34757],[89.64152,25.34757],[89.64153,25.34812],[89.64133,25.34812],[89.64134,25.34848],[89.64114,25.34848],[89.64137,25.34992],[89.64117,25.34993],[89.64118,25.35047],[89.64158,25.35028],[89.64156,25.34938],[89.64195,25.34919],[89.64195,25.34937],[89.64215,25.34937],[89.64214,25.34901],[89.64195,25.34901],[89.64191,25.34721],[89.6421,25.3472],[89.64209,25.34666],[89.64229,25.34666],[89.64227,25.34576],[89.64247,25.34575],[89.64246,25.34539],[89.64266,25.34539],[89.64265,25.34467],[89.64284,25.34466],[89.64284,25.3443],[89.64303,25.3443],[89.64303,25.34394],[89.64323,25.34393],[89.64322,25.34357],[89.64342,25.34357],[89.64341,25.34321],[89.64361,25.34321],[89.64359,25.34266],[89.64399,25.34248],[89.64398,25.34212],[89.64437,25.34193],[89.64437,25.34175],[89.64457,25.34174],[89.64456,25.34156],[89.64476,25.34156],[89.64475,25.3412],[89.64515,25.34119],[89.64515,25.34101],[89.64535,25.34101],[89.64534,25.34065],[89.64494,25.34065],[89.64494,25.34047],[89.64474,25.34048],[89.64473,25.33994],[89.64532,25.33993],[89.64553,25.34028],[89.64612,25.34027],[89.64612,25.34009],[89.64652,25.34008],[89.64671,25.33972],[89.64691,25.33972],[89.6469,25.33954],[89.6471,25.33953],[89.64709,25.33899],[89.64689,25.339],[89.64689,25.33881],[89.64709,25.33881],[89.64708,25.33845],[89.64668,25.33828],[89.64667,25.3381],[89.64647,25.3381],[89.64647,25.33792],[89.64627,25.33792],[89.64605,25.33684],[89.64585,25.33685],[89.64584,25.33649],[89.64544,25.33631],[89.64544,25.33613],[89.64524,25.33614],[89.64523,25.3356],[89.64483,25.3356],[89.64486,25.33687],[89.64466,25.33687],[89.64448,25.33759],[89.64428,25.3376],[89.64429,25.33796],[89.64389,25.33815],[89.6439,25.33833],[89.64251,25.33835],[89.6425,25.33817],[89.64231,25.33818],[89.6423,25.33781],[89.6421,25.33782],[89.6421,25.33764],[89.64229,25.33763],[89.64228,25.33709],[89.64268,25.33727],[89.64269,25.33763],[89.64289,25.33762],[89.64289,25.3378],[89.64329,25.3378],[89.64328,25.33744],[89.64348,25.33743],[89.64348,25.33725],[89.64328,25.33726],[89.64327,25.33707],[89.64347,25.33707],[89.64344,25.33563],[89.64324,25.33563],[89.64324,25.33527],[89.64284,25.33528],[89.64265,25.33564],[89.64225,25.33565],[89.64225,25.33547],[89.64205,25.33547],[89.64204,25.33493],[89.64243,25.33474],[89.64243,25.33456],[89.64282,25.33456],[89.64283,25.33492],[89.64322,25.33473],[89.64322,25.33437],[89.64302,25.33437],[89.643,25.33365],[89.6428,25.33365],[89.6428,25.33347],[89.6422,25.33348],[89.64221,25.33384],[89.64182,25.33403],[89.64182,25.33421],[89.64162,25.33422],[89.64162,25.33404],[89.64102,25.33405],[89.64082,25.33369],[89.64002,25.3337],[89.64001,25.33316],[89.64041,25.33297],[89.6404,25.33279],[89.64,25.33262],[89.63999,25.33226],[89.63979,25.33226],[89.63978,25.33172],[89.63958,25.33173],[89.63958,25.33137],[89.63938,25.33137],[89.63937,25.33101],[89.63897,25.33083],[89.63896,25.33065],[89.63877,25.33066],[89.63876,25.33048],[89.63856,25.33048],[89.63856,25.3303],[89.63836,25.3303],[89.63837,25.33066],[89.63877,25.33084],[89.63878,25.3312],[89.63858,25.3312],[89.63858,25.33138],[89.63818,25.33121],[89.63818,25.33103],[89.63798,25.33103],[89.63798,25.33085],[89.63738,25.33086],[89.63738,25.33068],[89.63718,25.33069],[89.63719,25.33105],[89.63738,25.33104],[89.6374,25.33158],[89.63759,25.33158],[89.63761,25.33212],[89.63801,25.3323],[89.63801,25.33248],[89.63821,25.33247],[89.63842,25.33319],[89.63862,25.33319],[89.63863,25.33355],[89.63903,25.33354],[89.63923,25.3339],[89.63943,25.33389],[89.63944,25.33426],[89.63964,25.33425],[89.63964,25.33443],[89.64004,25.33443],[89.64003,25.33406],[89.64043,25.33406]],[[89.63963,25.33407],[89.63963,25.33389],[89.64003,25.33388],[89.64003,25.33406],[89.63963,25.33407]],[[89.63866,25.34402],[89.63886,25.34401],[89.63886,25.34419],[89.63866,25.3442],[89.63866,25.34402]],[[89.64182,25.34306],[89.64221,25.34305],[89.64222,25.34323],[89.64182,25.34324],[89.64182,25.34306]],[[89.64121,25.34271],[89.64101,25.34271],[89.64101,25.34235],[89.6412,25.34235],[89.6412,25.34217],[89.6416,25.34216],[89.6416,25.34234],[89.6418,25.34234],[89.64181,25.34288],[89.64122,25.34289],[89.64121,25.34271]],[[89.64159,25.3418],[89.64139,25.3418],[89.64137,25.34072],[89.64236,25.3407],[89.64237,25.34124],[89.64198,25.34143],[89.64199,25.34197],[89.64159,25.34198],[89.64159,25.3418]],[[89.64036,25.34001],[89.64056,25.34001],[89.64055,25.33983],[89.64095,25.33982],[89.64097,25.34091],[89.64038,25.34092],[89.64036,25.34001]],[[89.64173,25.33927],[89.64213,25.33908],[89.64212,25.3389],[89.64232,25.3389],[89.64232,25.33872],[89.64272,25.33889],[89.64272,25.33907],[89.64292,25.33907],[89.64293,25.33961],[89.64273,25.33961],[89.64274,25.33979],[89.64175,25.33981],[89.64173,25.33927]],[[89.64352,25.33906],[89.64391,25.33887],[89.64392,25.33941],[89.64352,25.33942],[89.64352,25.33906]],[[89.64131,25.33783],[89.64111,25.33784],[89.64109,25.33711],[89.64129,25.33711],[89.6413,25.33747],[89.6415,25.33747],[89.6415,25.33783],[89.6417,25.33782],[89.64171,25.33819],[89.64131,25.33819],[89.64131,25.33783]],[[89.63921,25.33264],[89.6394,25.33263],[89.63941,25.33281],[89.63921,25.33282],[89.63921,25.33264]]]}},{"type":"Feature","properties":{"kind":"land","ha":10.5},"geometry":{"type":"Polygon","coordinates":[[[89.67165,25.33584],[89.67164,25.33566],[89.67184,25.33566],[89.67184,25.33548],[89.67164,25.33548],[89.6716,25.33368],[89.6718,25.33367],[89.67179,25.33331],[89.67199,25.33331],[89.67198,25.33295],[89.67218,25.33294],[89.67217,25.33258],[89.67257,25.33239],[89.67256,25.33221],[89.67276,25.33221],[89.67274,25.33113],[89.67234,25.33095],[89.67233,25.33059],[89.67253,25.33059],[89.67251,25.32987],[89.67231,25.32987],[89.6723,25.32951],[89.6725,25.32951],[89.6725,25.32933],[89.67151,25.32935],[89.67151,25.32953],[89.67131,25.32953],[89.67133,25.33043],[89.67113,25.33044],[89.67114,25.3308],[89.67094,25.3308],[89.67077,25.33225],[89.67038,25.33243],[89.67039,25.33261],[89.67019,25.33262],[89.6702,25.33316],[89.67,25.33316],[89.67002,25.33407],[89.67022,25.33406],[89.67023,25.33478],[89.67043,25.33478],[89.67044,25.33496],[89.67083,25.33495],[89.67084,25.33531],[89.67124,25.33549],[89.67125,25.33585],[89.67165,25.33584]]]}},{"type":"Feature","properties":{"kind":"land","ha":67.2},"geometry":{"type":"Polygon","coordinates":[[[89.68966,25.35085],[89.68964,25.34995],[89.68983,25.34995],[89.68982,25.34941],[89.69022,25.34922],[89.69021,25.34904],[89.69041,25.34904],[89.69039,25.34831],[89.69059,25.34831],[89.69058,25.34795],[89.69078,25.34795],[89.69078,25.34758],[89.69097,25.34758],[89.69097,25.34722],[89.69116,25.34722],[89.69116,25.34686],[89.69135,25.34685],[89.69153,25.34577],[89.69173,25.34576],[89.69172,25.3454],[89.69192,25.3454],[89.69191,25.34522],[89.69211,25.34521],[89.69209,25.34431],[89.69229,25.34431],[89.69225,25.3425],[89.69205,25.34251],[89.69204,25.34179],[89.69184,25.34179],[89.69183,25.34143],[89.69163,25.34143],[89.69162,25.34107],[89.69143,25.34108],[89.6914,25.33999],[89.6912,25.34],[89.69118,25.33909],[89.69078,25.33892],[89.69077,25.3382],[89.69057,25.3382],[89.69056,25.33784],[89.68977,25.33786],[89.68995,25.33713],[89.68955,25.33714],[89.68956,25.3375],[89.68936,25.3375],[89.68915,25.33715],[89.68896,25.33715],[89.68894,25.33661],[89.68914,25.3366],[89.68913,25.33624],[89.68894,25.33625],[89.68893,25.33607],[89.68834,25.33608],[89.68832,25.33536],[89.68812,25.33536],[89.68811,25.33482],[89.68791,25.33482],[89.6879,25.33446],[89.6875,25.33429],[89.6875,25.33411],[89.6873,25.33411],[89.6873,25.33429],[89.68691,25.3343],[89.6869,25.33394],[89.6867,25.33394],[89.68669,25.33358],[89.68709,25.33339],[89.68727,25.33267],[89.68747,25.33266],[89.68746,25.3323],[89.68766,25.3323],[89.68765,25.33212],[89.68845,25.33211],[89.68843,25.33156],[89.68803,25.33139],[89.68803,25.33121],[89.68783,25.33121],[89.68783,25.33103],[89.68763,25.33104],[89.68762,25.33068],[89.68801,25.33049],[89.68801,25.33031],[89.68821,25.3303],[89.68799,25.32959],[89.6878,25.32959],[89.68778,25.32887],[89.68699,25.32888],[89.68698,25.32852],[89.68777,25.32851],[89.68776,25.32797],[89.68736,25.32779],[89.68735,25.32761],[89.68696,25.32762],[89.68675,25.32726],[89.68655,25.32727],[89.68654,25.32673],[89.68634,25.32673],[89.68633,25.32637],[89.68594,25.32638],[89.68593,25.3262],[89.68514,25.32621],[89.68514,25.32603],[89.68494,25.32603],[89.68495,25.32657],[89.68535,25.32675],[89.68535,25.32693],[89.68516,25.32693],[89.68516,25.32711],[89.68476,25.32712],[89.68476,25.32694],[89.68436,25.32695],[89.68437,25.32749],[89.68417,25.32749],[89.68419,25.32821],[89.68399,25.32822],[89.684,25.32876],[89.68381,25.32876],[89.68382,25.3293],[89.68362,25.32931],[89.68363,25.33003],[89.68344,25.33003],[89.68344,25.33039],[89.68325,25.3304],[89.68325,25.33076],[89.68306,25.33076],[89.68306,25.33112],[89.68286,25.33112],[89.68287,25.33149],[89.68248,25.33167],[89.68248,25.33185],[89.68228,25.33186],[89.68229,25.33222],[89.6819,25.33241],[89.6819,25.33259],[89.68171,25.33259],[89.68171,25.33295],[89.68211,25.33276],[89.6821,25.33258],[89.6823,25.33258],[89.6823,25.3324],[89.68269,25.33239],[89.68269,25.33221],[89.68329,25.3322],[89.68328,25.33202],[89.68368,25.33201],[89.68367,25.33183],[89.68387,25.33183],[89.68387,25.33165],[89.68427,25.33164],[89.68427,25.332],[89.68447,25.332],[89.68448,25.33254],[89.68489,25.33271],[89.68489,25.33307],[89.68509,25.33307],[89.6851,25.33361],[89.6853,25.33361],[89.68531,25.33397],[89.68551,25.33396],[89.68552,25.33451],[89.68592,25.33468],[89.68594,25.33558],[89.68614,25.33558],[89.68615,25.33612],[89.68635,25.33611],[89.68636,25.33666],[89.68656,25.33665],[89.68658,25.33737],[89.68678,25.33737],[89.68678,25.33773],[89.68698,25.33773],[89.68699,25.33809],[89.68739,25.33826],[89.68741,25.33898],[89.68761,25.33898],[89.68761,25.33934],[89.68781,25.33934],[89.68783,25.34006],[89.68823,25.34023],[89.68823,25.34041],[89.68843,25.34041],[89.68844,25.34095],[89.68864,25.34095],[89.68865,25.34131],[89.68885,25.3413],[89.68886,25.34202],[89.68927,25.3422],[89.68948,25.34292],[89.68968,25.34291],[89.68969,25.34345],[89.68989,25.34345],[89.6899,25.34381],[89.6903,25.34398],[89.69031,25.34434],[89.6905,25.34434],[89.69052,25.34506],[89.69072,25.34506],[89.69075,25.3465],[89.69036,25.34669],[89.69037,25.34705],[89.69017,25.34705],[89.69019,25.34796],[89.68979,25.34814],[89.68981,25.34905],[89.68962,25.34905],[89.68962,25.34941],[89.68943,25.34941],[89.68944,25.34996],[89.68924,25.34996],[89.68926,25.35104],[89.68966,25.35085]]]}},{"type":"Feature","properties":{"kind":"land","ha":4.2},"geometry":{"type":"Polygon","coordinates":[[[89.71692,25.32635],[89.7169,25.32581],[89.71671,25.32581],[89.7167,25.32545],[89.7163,25.32528],[89.71629,25.3251],[89.71609,25.3251],[89.71588,25.32438],[89.71548,25.32421],[89.71547,25.32403],[89.71528,25.32403],[89.71527,25.32367],[89.71427,25.32369],[89.71427,25.32351],[89.71387,25.32352],[89.71387,25.32334],[89.71288,25.32336],[89.71288,25.32354],[89.71248,25.32354],[89.71249,25.32372],[89.71229,25.32373],[89.7125,25.32408],[89.71329,25.32407],[89.71329,25.32389],[89.71388,25.32388],[89.71389,25.32406],[89.71428,25.32405],[89.71449,25.32441],[89.71469,25.3244],[89.7147,25.32477],[89.71489,25.32476],[89.7149,25.32512],[89.7157,25.32529],[89.7157,25.32547],[89.7159,25.32547],[89.71592,25.32601],[89.71611,25.326],[89.71612,25.32618],[89.71651,25.32618],[89.71652,25.32636],[89.71692,25.32635]]]}},{"type":"Feature","properties":{"kind":"land","ha":6.2},"geometry":{"type":"Polygon","coordinates":[[[89.69951,25.32938],[89.69948,25.32829],[89.69988,25.32811],[89.69986,25.32738],[89.70046,25.32737],[89.70045,25.32719],[89.70065,25.32719],[89.70063,25.32611],[89.70082,25.3261],[89.70082,25.32574],[89.70221,25.32572],[89.7022,25.32536],[89.7016,25.32537],[89.70159,25.32483],[89.70139,25.32483],[89.7014,25.32501],[89.7004,25.32503],[89.70041,25.32521],[89.70001,25.32522],[89.6998,25.32486],[89.69961,25.32486],[89.6996,25.32468],[89.6994,25.32469],[89.69938,25.32378],[89.69898,25.32361],[89.69898,25.32343],[89.69878,25.32343],[89.69879,25.32379],[89.69859,25.3238],[89.69859,25.32398],[89.69879,25.32397],[89.6988,25.32452],[89.6992,25.32469],[89.69921,25.32487],[89.69941,25.32487],[89.69962,25.32558],[89.69982,25.32558],[89.69984,25.32666],[89.69905,25.32668],[89.69909,25.3283],[89.69889,25.3283],[89.6989,25.32885],[89.6991,25.32884],[89.69911,25.32938],[89.69951,25.32938]]]}},{"type":"Feature","properties":{"kind":"land","ha":3.0},"geometry":{"type":"Polygon","coordinates":[[[89.64755,25.32382],[89.64775,25.32382],[89.64776,25.32418],[89.64796,25.32418],[89.64798,25.32508],[89.64857,25.32507],[89.64876,25.3247],[89.64896,25.3247],[89.64874,25.32362],[89.64854,25.32362],[89.64852,25.32254],[89.64832,25.32254],[89.64832,25.32236],[89.64812,25.32237],[89.64812,25.32255],[89.64773,25.32256],[89.64773,25.32274],[89.64733,25.32274],[89.64714,25.32311],[89.64694,25.32311],[89.64695,25.32365],[89.64736,25.32383],[89.64735,25.32365],[89.64755,25.32364],[89.64755,25.32382]],[[89.64754,25.32328],[89.64834,25.32345],[89.64834,25.32363],[89.64755,25.32364],[89.64754,25.32328]]]}},{"type":"Feature","properties":{"kind":"land","ha":264.2},"geometry":{"type":"Polygon","coordinates":[[[89.62238,25.35351],[89.62237,25.35315],[89.62217,25.35315],[89.62219,25.35406],[89.62199,25.35406],[89.62199,25.35388],[89.62179,25.35388],[89.62178,25.35352],[89.62158,25.35353],[89.62158,25.35317],[89.62138,25.35317],[89.62137,25.35281],[89.62117,25.35281],[89.62116,25.35245],[89.62096,25.35245],[89.62096,25.35209],[89.62076,25.3521],[89.62075,25.35174],[89.62035,25.35156],[89.62035,25.35138],[89.61995,25.35139],[89.61976,25.35175],[89.61996,25.35175],[89.61996,25.35193],[89.62036,25.35192],[89.62036,25.3521],[89.62056,25.3521],[89.62057,25.35246],[89.62077,25.35246],[89.62078,25.35318],[89.62098,25.35318],[89.621,25.35426],[89.6212,25.35426],[89.62142,25.35533],[89.62162,25.35533],[89.62163,25.35569],[89.62183,25.35569],[89.62184,25.35605],[89.62204,25.35605],[89.62205,25.35659],[89.62225,25.35658],[89.62225,25.35694],[89.62245,25.35694],[89.62246,25.3573],[89.62286,25.35747],[89.62287,25.35784],[89.62307,25.35783],[89.62309,25.35873],[89.62329,25.35873],[89.6233,25.35927],[89.6235,25.35927],[89.6235,25.35963],[89.6239,25.3598],[89.62391,25.35998],[89.62411,25.35998],[89.62411,25.36034],[89.62431,25.36034],[89.62432,25.36052],[89.62471,25.36051],[89.62472,25.36087],[89.62492,25.36087],[89.62474,25.36159],[89.62494,25.36159],[89.62496,25.36249],[89.62536,25.36266],[89.62536,25.36284],[89.62576,25.36284],[89.62577,25.36338],[89.62617,25.36355],[89.62618,25.36391],[89.62638,25.36391],[89.6266,25.36499],[89.6268,25.36498],[89.62681,25.36571],[89.62701,25.3657],[89.62704,25.36679],[89.62723,25.36678],[89.62724,25.36714],[89.62744,25.36714],[89.62744,25.36732],[89.62764,25.36732],[89.62765,25.36786],[89.62806,25.36803],[89.62802,25.36641],[89.62782,25.36641],[89.6278,25.36551],[89.62741,25.36552],[89.6274,25.36534],[89.6272,25.36534],[89.62718,25.36444],[89.62738,25.36443],[89.62737,25.36371],[89.62717,25.36371],[89.62716,25.36335],[89.62756,25.36335],[89.62776,25.3637],[89.62796,25.3637],[89.62797,25.36406],[89.62817,25.36406],[89.6284,25.3655],[89.6286,25.36549],[89.62861,25.36604],[89.62881,25.36603],[89.62885,25.36802],[89.62925,25.36819],[89.62944,25.36783],[89.63004,25.36781],[89.63004,25.368],[89.63044,25.36799],[89.63042,25.36709],[89.63002,25.36691],[89.63001,25.36673],[89.62982,25.36674],[89.62981,25.36638],[89.62941,25.3662],[89.6294,25.36584],[89.6292,25.36584],[89.62919,25.3653],[89.62958,25.36512],[89.62958,25.36494],[89.62938,25.36494],[89.62937,25.36458],[89.62917,25.36458],[89.62916,25.36386],[89.62896,25.36386],[89.62894,25.36314],[89.62914,25.36314],[89.62935,25.3635],[89.62955,25.36349],[89.62955,25.36385],[89.62975,25.36385],[89.62976,25.36403],[89.63015,25.36402],[89.63036,25.36438],[89.63056,25.36438],[89.63077,25.36509],[89.63097,25.36509],[89.63098,25.36545],[89.63138,25.36544],[89.63119,25.36581],[89.63138,25.36581],[89.63139,25.36617],[89.63179,25.36634],[89.6318,25.36652],[89.632,25.36652],[89.63181,25.36724],[89.63221,25.36705],[89.63221,25.36741],[89.63202,25.36742],[89.63203,25.36832],[89.63243,25.36831],[89.63262,25.36795],[89.63302,25.36794],[89.63302,25.36812],[89.63322,25.36812],[89.63323,25.36848],[89.63442,25.36846],[89.63442,25.36828],[89.63541,25.36826],[89.63562,25.36862],[89.63522,25.3688],[89.63523,25.36899],[89.63503,25.36899],[89.63504,25.36953],[89.63544,25.36952],[89.63543,25.36934],[89.63563,25.36934],[89.63562,25.3688],[89.63641,25.36842],[89.6364,25.36806],[89.6366,25.36806],[89.63659,25.36752],[89.63679,25.36751],[89.63677,25.36661],[89.63716,25.36642],[89.63715,25.36588],[89.63754,25.36588],[89.63756,25.36642],[89.63775,25.36641],[89.63758,25.3675],[89.63778,25.3675],[89.63778,25.36768],[89.63739,25.36786],[89.6374,25.36822],[89.6372,25.36823],[89.63721,25.36895],[89.63741,25.36895],[89.63741,25.36877],[89.63761,25.36876],[89.6376,25.3684],[89.6378,25.3684],[89.63779,25.36804],[89.63799,25.36803],[89.63798,25.36749],[89.63837,25.3673],[89.63837,25.36712],[89.63856,25.36712],[89.63856,25.36676],[89.63836,25.36676],[89.63835,25.36658],[89.63875,25.3664],[89.63874,25.36622],[89.63894,25.36621],[89.63893,25.36585],[89.63933,25.36584],[89.63932,25.36548],[89.63892,25.36531],[89.63892,25.36513],[89.63912,25.36513],[89.63911,25.36476],[89.63931,25.36476],[89.6393,25.3644],[89.6395,25.3644],[89.63949,25.36404],[89.63929,25.36404],[89.63929,25.36386],[89.63949,25.36386],[89.63948,25.36349],[89.63868,25.36351],[89.63868,25.36315],[89.63828,25.36315],[89.63828,25.36297],[89.63768,25.36299],[89.63768,25.36317],[89.63729,25.36317],[89.63728,25.36299],[89.63748,25.36299],[89.63746,25.36209],[89.63766,25.36208],[89.63766,25.3619],[89.63865,25.36188],[89.63864,25.36152],[89.63884,25.36152],[89.63884,25.36134],[89.63943,25.36133],[89.63981,25.3606],[89.64021,25.36059],[89.64021,25.36041],[89.64041,25.36041],[89.64059,25.35968],[89.64079,25.35968],[89.64078,25.35932],[89.64098,25.35932],[89.64097,25.35896],[89.64177,25.3593],[89.64196,25.35894],[89.64157,25.35894],[89.64156,25.35858],[89.64195,25.3584],[89.64195,25.35822],[89.64274,25.3582],[89.64273,25.35784],[89.64233,25.35767],[89.64214,25.35803],[89.64135,25.35823],[89.64135,25.35841],[89.64076,25.35842],[89.64076,25.3586],[89.64056,25.3586],[89.64057,25.35896],[89.64017,25.35879],[89.64035,25.3577],[89.64074,25.35752],[89.64092,25.35679],[89.64112,25.35679],[89.64111,25.35625],[89.64131,25.35624],[89.6413,25.35588],[89.6415,25.35588],[89.64147,25.35461],[89.64186,25.35443],[89.64186,25.35425],[89.64206,25.35424],[89.64205,25.35388],[89.64165,25.35371],[89.64164,25.35335],[89.64184,25.35334],[89.64183,25.35262],[89.64223,25.3528],[89.64223,25.35298],[89.64243,25.35297],[89.64242,25.35243],[89.64222,25.35244],[89.64221,25.35207],[89.64201,25.35208],[89.64201,25.3519],[89.64141,25.35191],[89.64142,25.35227],[89.64122,25.35227],[89.64123,25.35245],[89.64083,25.35246],[89.64084,25.35282],[89.64044,25.35265],[89.64043,25.35247],[89.64003,25.35247],[89.64003,25.35229],[89.63963,25.3523],[89.63964,25.35284],[89.64005,25.35302],[89.64005,25.3532],[89.64025,25.35319],[89.64024,25.35301],[89.64064,25.35301],[89.64066,25.35373],[89.64046,25.35373],[89.64047,25.35409],[89.64007,25.35428],[89.64008,25.35446],[89.63988,25.35446],[89.6397,25.35519],[89.63852,25.35575],[89.63852,25.35611],[89.63813,25.3563],[89.63814,25.35666],[89.63794,25.35666],[89.63794,25.35684],[89.63754,25.35667],[89.63754,25.35649],[89.63734,25.35649],[89.63734,25.35631],[89.63714,25.35632],[89.63713,25.35614],[89.63654,25.35615],[89.63655,25.35651],[89.63635,25.35651],[89.63635,25.35669],[89.63655,25.35669],[89.63656,25.35705],[89.63696,25.35704],[89.63696,25.3574],[89.63676,25.35741],[89.63678,25.35795],[89.63658,25.35795],[89.63659,25.35831],[89.63639,25.35832],[89.63639,25.35868],[89.63659,25.35867],[89.63662,25.36012],[89.63643,25.36012],[89.63646,25.36156],[89.63626,25.36157],[89.63627,25.36193],[89.63607,25.36193],[89.63608,25.36265],[89.63589,25.36266],[89.63591,25.36374],[89.63551,25.36375],[89.63551,25.36357],[89.63531,25.36357],[89.6353,25.36321],[89.6349,25.36322],[89.6349,25.36304],[89.6347,25.36304],[89.63468,25.36214],[89.63448,25.36214],[89.63448,25.36196],[89.63408,25.36197],[89.63407,25.36161],[89.63388,25.36161],[89.63386,25.36107],[89.63367,25.36107],[89.63366,25.36089],[89.63307,25.3609],[89.63286,25.36054],[89.63246,25.36055],[89.63226,25.36019],[89.63206,25.3602],[89.63205,25.36002],[89.63186,25.36002],[89.63185,25.35984],[89.63145,25.35985],[89.63145,25.35949],[89.63105,25.35931],[89.63104,25.35913],[89.63084,25.35914],[89.63084,25.35896],[89.63064,25.35896],[89.63063,25.3586],[89.63023,25.35843],[89.63022,25.35806],[89.63002,25.35807],[89.63002,25.35771],[89.62962,25.35753],[89.62961,25.35717],[89.62941,25.35718],[89.62941,25.357],[89.62921,25.357],[89.6292,25.35646],[89.629,25.35646],[89.62899,25.3561],[89.62879,25.35611],[89.62878,25.35574],[89.62858,25.35575],[89.62857,25.35521],[89.62837,25.35521],[89.62837,25.35485],[89.62797,25.35468],[89.62796,25.35432],[89.62776,25.35432],[89.62775,25.35378],[89.62755,25.35378],[89.62753,25.3527],[89.62712,25.35253],[89.62712,25.35216],[89.62692,25.35217],[89.62665,25.34892],[89.62645,25.34893],[89.62643,25.34784],[89.62623,25.34785],[89.62617,25.34532],[89.62598,25.34533],[89.62597,25.34515],[89.62617,25.34514],[89.62616,25.3446],[89.62596,25.3446],[89.62592,25.34298],[89.62573,25.34298],[89.62568,25.341],[89.62588,25.341],[89.62587,25.34045],[89.62567,25.34046],[89.62566,25.33974],[89.62585,25.33973],[89.62585,25.33937],[89.62605,25.33937],[89.62603,25.33865],[89.62642,25.33846],[89.62641,25.33792],[89.62621,25.33792],[89.6262,25.33756],[89.6264,25.33756],[89.6264,25.33738],[89.6268,25.33737],[89.62679,25.33719],[89.62719,25.33718],[89.62719,25.337],[89.62738,25.337],[89.62738,25.33664],[89.62758,25.33663],[89.62757,25.33645],[89.62737,25.33646],[89.62736,25.3361],[89.62756,25.33609],[89.62756,25.33573],[89.62775,25.33573],[89.62773,25.33465],[89.62793,25.33464],[89.62792,25.33428],[89.62812,25.33428],[89.62811,25.33392],[89.62851,25.33373],[89.62829,25.33301],[89.62849,25.33301],[89.62849,25.33283],[89.62808,25.33265],[89.62789,25.33302],[89.6273,25.33303],[89.62729,25.33285],[89.6271,25.33285],[89.62709,25.33249],[89.6263,25.33269],[89.62629,25.33251],[89.6259,25.33251],[89.6259,25.33269],[89.6257,25.3327],[89.62569,25.33234],[89.6255,25.33234],[89.62548,25.3318],[89.62568,25.33179],[89.62568,25.33143],[89.62468,25.33145],[89.62448,25.33109],[89.62526,25.33072],[89.62525,25.33036],[89.62565,25.33017],[89.62564,25.32999],[89.62624,25.32998],[89.62624,25.33016],[89.62644,25.33016],[89.62644,25.32998],[89.62664,25.32997],[89.62663,25.32979],[89.62584,25.32981],[89.62583,25.32963],[89.62544,25.32963],[89.62543,25.32945],[89.62524,25.32946],[89.62523,25.32909],[89.62562,25.32891],[89.62561,25.32819],[89.626,25.32818],[89.62602,25.32908],[89.62622,25.32908],[89.62623,25.32944],[89.62643,25.32943],[89.62643,25.32961],[89.62762,25.32959],[89.62763,25.32977],[89.62782,25.32977],[89.62784,25.33031],[89.62744,25.33032],[89.62723,25.32996],[89.62684,25.32997],[89.62684,25.33033],[89.62664,25.33033],[89.62666,25.33105],[89.62686,25.33105],[89.62687,25.33141],[89.62746,25.3314],[89.62747,25.33158],[89.62786,25.33157],[89.62786,25.33139],[89.62826,25.33139],[89.62825,25.33103],[89.62864,25.33084],[89.62864,25.33066],[89.62884,25.33065],[89.62883,25.33047],[89.62943,25.33046],[89.62922,25.33011],[89.62902,25.33011],[89.62902,25.32993],[89.62882,25.32993],[89.62882,25.32975],[89.62862,25.32976],[89.62861,25.32958],[89.62842,25.32958],[89.62841,25.3294],[89.62821,25.3294],[89.62821,25.32904],[89.6284,25.32904],[89.62839,25.32832],[89.62859,25.32831],[89.62858,25.32813],[89.62918,25.32812],[89.62918,25.3283],[89.62938,25.3283],[89.62939,25.32866],[89.62959,25.32866],[89.6296,25.32902],[89.63039,25.329],[89.63039,25.32918],[89.63099,25.32917],[89.63098,25.32899],[89.63138,25.32899],[89.63138,25.3288],[89.63158,25.3288],[89.63157,25.32844],[89.63177,25.32844],[89.63176,25.32808],[89.63215,25.32789],[89.63215,25.32771],[89.63255,25.3277],[89.63254,25.32734],[89.63274,25.32734],[89.63272,25.3268],[89.63292,25.32679],[89.63291,25.32607],[89.63311,25.32607],[89.6331,25.32589],[89.6335,25.32588],[89.63329,25.32552],[89.63309,25.32553],[89.63309,25.32516],[89.63269,25.32499],[89.63268,25.32481],[89.63188,25.32464],[89.63168,25.32429],[89.63148,25.32429],[89.63147,25.32411],[89.63108,25.32412],[89.63107,25.32394],[89.63088,25.32394],[89.63087,25.32376],[89.63007,25.32359],[89.63007,25.32341],[89.62967,25.32342],[89.62967,25.32324],[89.62927,25.32325],[89.62907,25.32289],[89.62887,25.32289],[89.62886,25.32253],[89.62866,25.32254],[89.62866,25.32236],[89.62786,25.32237],[89.62787,25.32255],[89.62727,25.32256],[89.62749,25.32328],[89.62768,25.32328],[89.62769,25.32364],[89.62749,25.32364],[89.6275,25.32382],[89.6265,25.32384],[89.62651,25.3242],[89.62612,25.32439],[89.62612,25.32457],[89.62592,25.32457],[89.62592,25.32421],[89.62612,25.32421],[89.6261,25.3233],[89.6259,25.32331],[89.62591,25.32403],[89.62571,25.32403],[89.62572,25.32421],[89.62532,25.32422],[89.62511,25.32386],[89.62492,25.32387],[89.62491,25.32369],[89.62471,25.32369],[89.62473,25.32459],[89.62493,25.32459],[89.62495,25.32531],[89.62515,25.32531],[89.62515,25.32549],[89.62495,25.32549],[89.62496,25.32603],[89.62476,25.32603],[89.6246,25.32748],[89.6244,25.32749],[89.62441,25.32785],[89.62421,25.32785],[89.62421,25.32803],[89.62401,25.32803],[89.62402,25.32839],[89.62422,25.32839],[89.62422,25.32857],[89.62462,25.32856],[89.62464,25.32929],[89.62424,25.32947],[89.62425,25.32965],[89.62405,25.32966],[89.62387,25.33038],[89.62367,25.33039],[89.62367,25.33075],[89.62328,25.33093],[89.62329,25.3313],[89.62289,25.3313],[89.6227,25.33167],[89.6225,25.33167],[89.62251,25.33185],[89.62231,25.33185],[89.62213,25.33258],[89.62193,25.33258],[89.62193,25.33294],[89.62174,25.33295],[89.62176,25.33403],[89.62156,25.33403],[89.62157,25.33457],[89.62118,25.33476],[89.62119,25.33512],[89.62099,25.33513],[89.621,25.33567],[89.6208,25.33567],[89.62081,25.33621],[89.62042,25.3364],[89.62042,25.33658],[89.62023,25.33658],[89.62023,25.33676],[89.62003,25.33677],[89.62004,25.33713],[89.61965,25.33732],[89.61965,25.3375],[89.61886,25.33769],[89.61887,25.33805],[89.61907,25.33805],[89.61908,25.33859],[89.61947,25.33858],[89.61949,25.33949],[89.61989,25.33948],[89.61988,25.33912],[89.62028,25.33893],[89.62027,25.33875],[89.62047,25.33875],[89.62047,25.33857],[89.62067,25.33856],[89.62066,25.33838],[89.62086,25.33838],[89.62086,25.3382],[89.62165,25.33818],[89.62165,25.338],[89.62204,25.338],[89.62202,25.33709],[89.62242,25.33709],[89.62242,25.33727],[89.62262,25.33726],[89.62263,25.33762],[89.62302,25.33744],[89.62302,25.33726],[89.62322,25.33725],[89.6232,25.33635],[89.623,25.33635],[89.62299,25.33599],[89.62319,25.33599],[89.62318,25.33563],[89.62338,25.33563],[89.62338,25.33545],[89.62318,25.33545],[89.62318,25.33527],[89.62357,25.33526],[89.62357,25.33508],[89.62377,25.33508],[89.62377,25.33526],[89.62397,25.33525],[89.62416,25.33489],[89.62436,25.33489],[89.62436,25.33471],[89.62455,25.3347],[89.62454,25.33416],[89.62434,25.33416],[89.62434,25.33398],[89.62454,25.33398],[89.62453,25.3338],[89.62533,25.33379],[89.62552,25.33342],[89.62592,25.33341],[89.62613,25.33413],[89.62593,25.33414],[89.62594,25.3345],[89.62574,25.3345],[89.62576,25.33522],[89.62556,25.33523],[89.62557,25.33559],[89.62537,25.33559],[89.62538,25.33613],[89.62558,25.33613],[89.62559,25.33649],[89.62539,25.33649],[89.6254,25.33685],[89.6252,25.33686],[89.6252,25.33704],[89.625,25.33704],[89.62501,25.3374],[89.62481,25.33741],[89.62482,25.33759],[89.62442,25.33759],[89.62442,25.33777],[89.62462,25.33777],[89.62463,25.33813],[89.62483,25.33813],[89.62484,25.33885],[89.62445,25.33904],[89.62445,25.33922],[89.62425,25.33922],[89.62407,25.33995],[89.62387,25.33995],[89.62388,25.34031],[89.62408,25.34031],[89.6241,25.34121],[89.62371,25.3414],[89.62371,25.34158],[89.62311,25.34159],[89.62311,25.34141],[89.62271,25.34141],[89.62252,25.34178],[89.62292,25.34195],[89.62296,25.34357],[89.62435,25.34355],[89.62434,25.34319],[89.62414,25.34319],[89.62414,25.34301],[89.62434,25.34301],[89.62432,25.34229],[89.62452,25.34228],[89.62451,25.34192],[89.62431,25.34193],[89.6243,25.3412],[89.62469,25.34102],[89.62468,25.34066],[89.62488,25.34065],[89.62488,25.34047],[89.62508,25.34047],[89.62509,25.34119],[89.62529,25.34119],[89.62529,25.34137],[89.6251,25.34137],[89.62511,25.34191],[89.62491,25.34192],[89.62493,25.343],[89.62513,25.34299],[89.62514,25.34336],[89.62494,25.34336],[89.62495,25.3439],[89.62456,25.34409],[89.62457,25.34445],[89.62497,25.34462],[89.62497,25.3448],[89.62517,25.3448],[89.62517,25.34498],[89.62497,25.34498],[89.62498,25.34516],[89.62458,25.34517],[89.62438,25.34481],[89.62398,25.34482],[89.62379,25.34518],[89.62359,25.34519],[89.62359,25.34537],[89.62339,25.34537],[89.6234,25.34555],[89.6232,25.34556],[89.62321,25.34592],[89.6238,25.34591],[89.6238,25.34573],[89.62479,25.34571],[89.6248,25.34589],[89.62499,25.34588],[89.62501,25.34643],[89.6256,25.34642],[89.62561,25.3466],[89.6258,25.34659],[89.62581,25.34695],[89.62601,25.34695],[89.62605,25.34857],[89.62624,25.34857],[89.62627,25.34965],[89.62607,25.34966],[89.62608,25.3502],[89.62628,25.35019],[89.6263,25.3511],[89.6261,25.3511],[89.62611,25.35146],[89.62631,25.35146],[89.62632,25.352],[89.62612,25.352],[89.62614,25.3529],[89.62673,25.35289],[89.62674,25.35307],[89.62694,25.35307],[89.62695,25.35343],[89.62675,25.35343],[89.62678,25.35506],[89.62639,25.35525],[89.62638,25.35507],[89.62599,25.35507],[89.62578,25.35471],[89.62558,25.35472],[89.62557,25.35418],[89.62537,25.35418],[89.62536,25.35346],[89.62496,25.35329],[89.62495,25.35311],[89.62475,25.35311],[89.62476,25.35329],[89.62416,25.3533],[89.62417,25.35348],[89.62377,25.35349],[89.62376,25.35331],[89.62357,25.35331],[89.62356,25.35295],[89.62316,25.35278],[89.62315,25.3526],[89.62295,25.3526],[89.62293,25.3517],[89.62194,25.35172],[89.62195,25.3519],[89.62175,25.3519],[89.62176,25.35244],[89.62216,25.35261],[89.62216,25.35279],[89.62276,25.35278],[89.62276,25.35296],[89.62257,25.35297],[89.62257,25.35333],[89.62277,25.35332],[89.62278,25.35351],[89.62238,25.35351]],[[89.63942,25.36061],[89.63941,25.36025],[89.63981,25.36024],[89.63981,25.3606],[89.63942,25.36061]],[[89.62317,25.3535],[89.62318,25.35386],[89.62298,25.35386],[89.62278,25.35351],[89.62317,25.3535]],[[89.63713,25.36498],[89.63733,25.36498],[89.63731,25.36444],[89.63771,25.36425],[89.6377,25.36407],[89.6383,25.36406],[89.63812,25.36514],[89.63773,25.36533],[89.63774,25.36551],[89.63754,25.36551],[89.63754,25.3657],[89.63714,25.3657],[89.63713,25.36498]],[[89.63633,25.36481],[89.63653,25.36481],[89.63653,25.36499],[89.63673,25.36499],[89.63674,25.36535],[89.63634,25.36536],[89.63633,25.36481]],[[89.63175,25.36435],[89.63215,25.36435],[89.63216,25.36471],[89.63176,25.36472],[89.63175,25.36435]],[[89.63353,25.36378],[89.63333,25.36379],[89.63332,25.36342],[89.63352,25.36342],[89.63351,25.36306],[89.63331,25.36306],[89.6333,25.3627],[89.63311,25.36271],[89.6331,25.36235],[89.6333,25.36234],[89.63329,25.36216],[89.63369,25.36233],[89.6337,25.3627],[89.6341,25.36287],[89.63411,25.36305],[89.6343,25.36305],[89.63432,25.36377],[89.63393,25.36395],[89.63394,25.3645],[89.63354,25.3645],[89.63353,25.36378]],[[89.63453,25.36412],[89.63453,25.36431],[89.63433,25.36431],[89.63433,25.36413],[89.63453,25.36412]],[[89.63413,25.36413],[89.63413,25.36395],[89.63432,25.36395],[89.63433,25.36413],[89.63413,25.36413]],[[89.62795,25.36334],[89.62815,25.36334],[89.62816,25.36352],[89.62796,25.36352],[89.62795,25.36334]],[[89.62873,25.36242],[89.62853,25.36243],[89.6285,25.36116],[89.6283,25.36117],[89.6283,25.36099],[89.6285,25.36098],[89.62849,25.36062],[89.62909,25.36061],[89.62909,25.36097],[89.62969,25.36096],[89.62969,25.36114],[89.63009,25.36114],[89.63011,25.36186],[89.62991,25.36186],[89.62991,25.36204],[89.62971,25.36204],[89.62971,25.36186],[89.62931,25.36187],[89.62932,25.36205],[89.62892,25.36206],[89.62893,25.3626],[89.62873,25.3626],[89.62873,25.36242]],[[89.63048,25.36077],[89.63088,25.36076],[89.63089,25.36112],[89.63069,25.36113],[89.63048,25.36077]],[[89.6251,25.35996],[89.6247,25.35997],[89.62469,25.35961],[89.6243,25.35961],[89.62429,25.35943],[89.6241,25.35944],[89.62409,25.35908],[89.62389,25.35908],[89.62388,25.3589],[89.62408,25.3589],[89.62408,25.35854],[89.62427,25.35853],[89.62426,25.35781],[89.62406,25.35781],[89.62405,25.35745],[89.62425,25.35745],[89.62425,25.35727],[89.62464,25.35726],[89.62485,25.35762],[89.62505,25.35762],[89.62507,25.35852],[89.62527,25.35851],[89.62528,25.35906],[89.62548,25.35905],[89.62549,25.35977],[89.62529,25.35978],[89.6253,25.36014],[89.6251,25.36014],[89.6251,25.35996]],[[89.62785,25.35847],[89.62745,25.3583],[89.62744,25.35775],[89.62763,25.35775],[89.62762,25.35703],[89.62742,25.35703],[89.62741,25.35667],[89.62801,25.35666],[89.62802,25.35738],[89.62822,25.35738],[89.62824,25.35828],[89.62804,25.35828],[89.62805,25.35865],[89.62825,25.35864],[89.62826,25.35918],[89.62786,25.35919],[89.62785,25.35847]],[[89.63715,25.35704],[89.63775,25.35703],[89.63775,25.35721],[89.63716,25.35722],[89.63715,25.35704]],[[89.62483,25.35672],[89.62463,25.35672],[89.62463,25.35654],[89.62443,25.35654],[89.62441,25.35564],[89.62421,25.35565],[89.6242,25.35528],[89.62401,25.35529],[89.624,25.35493],[89.6238,25.35493],[89.62379,25.35439],[89.62359,25.35439],[89.62357,25.35367],[89.62397,25.35366],[89.62418,25.35402],[89.62457,25.35401],[89.62458,25.35419],[89.62478,25.35419],[89.62478,25.35455],[89.62459,25.35456],[89.62459,25.35474],[89.62479,25.35473],[89.6248,25.35509],[89.62519,25.35509],[89.6254,25.35544],[89.6256,25.35544],[89.62561,25.3558],[89.6258,25.3558],[89.62582,25.35634],[89.62542,25.35653],[89.62543,25.35707],[89.62504,25.35707],[89.62483,25.35672]],[[89.62323,25.3562],[89.62303,25.35621],[89.62302,25.35585],[89.62283,25.35585],[89.62282,25.35549],[89.62322,25.35548],[89.62322,25.35566],[89.62342,25.35566],[89.62343,25.35638],[89.62323,25.35638],[89.62323,25.3562]],[[89.62504,25.33866],[89.62543,25.33866],[89.62545,25.33938],[89.62506,25.33957],[89.62504,25.33866]],[[89.62638,25.33629],[89.62657,25.33629],[89.62657,25.33593],[89.62677,25.33593],[89.62676,25.33557],[89.62696,25.33556],[89.62698,25.33682],[89.62659,25.33683],[89.62659,25.33701],[89.62639,25.33702],[89.62638,25.33629]],[[89.62141,25.3362],[89.62181,25.3362],[89.62162,25.33656],[89.62142,25.33656],[89.62141,25.3362]],[[89.62691,25.3334],[89.62731,25.33339],[89.62731,25.33357],[89.62751,25.33357],[89.62753,25.33465],[89.62733,25.33465],[89.62734,25.33483],[89.62694,25.33484],[89.62691,25.3334]],[[89.62432,25.33326],[89.62413,25.33327],[89.62412,25.33309],[89.62432,25.33308],[89.62431,25.33272],[89.6255,25.3327],[89.62551,25.33306],[89.62531,25.33306],[89.62532,25.33324],[89.62472,25.33326],[89.62453,25.33362],[89.62433,25.33362],[89.62432,25.33326]],[[89.627,25.32834],[89.6268,25.32834],[89.6268,25.32816],[89.62719,25.32816],[89.6274,25.32851],[89.62701,25.3287],[89.627,25.32834]],[[89.63155,25.32736],[89.63174,25.32735],[89.63175,25.32772],[89.63155,25.32772],[89.63155,25.32736]],[[89.62498,25.32693],[89.62538,25.32693],[89.62539,25.32747],[89.62499,25.32747],[89.62498,25.32693]],[[89.62794,25.3258],[89.62774,25.3258],[89.62773,25.32562],[89.62813,25.32543],[89.62812,25.32525],[89.62793,25.32526],[89.62792,25.3249],[89.62772,25.3249],[89.62771,25.32454],[89.62791,25.32453],[89.62791,25.32435],[89.6283,25.32435],[89.62851,25.3247],[89.62871,25.3247],[89.62872,25.32524],[89.62892,25.32524],[89.62893,25.3256],[89.62873,25.3256],[89.62874,25.32614],[89.62795,25.32634],[89.62794,25.3258]],[[89.6311,25.32502],[89.6313,25.32502],[89.63131,25.32556],[89.63111,25.32556],[89.6311,25.32502]],[[89.62573,25.32493],[89.62613,25.32475],[89.62614,25.32529],[89.62575,25.32548],[89.62573,25.32493]]]}},{"type":"Feature","properties":{"kind":"land","ha":4.1},"geometry":{"type":"Polygon","coordinates":[[[89.65774,25.32635],[89.65793,25.32598],[89.65813,25.32598],[89.65812,25.3258],[89.65792,25.3258],[89.65791,25.32526],[89.65811,25.32526],[89.65808,25.32399],[89.65848,25.32381],[89.65846,25.3229],[89.65826,25.32291],[89.65825,25.32255],[89.65805,25.32255],[89.65805,25.32237],[89.65844,25.32218],[89.65844,25.322],[89.65804,25.32183],[89.65803,25.32165],[89.65764,25.32184],[89.65764,25.32202],[89.65744,25.32202],[89.65747,25.3231],[89.65767,25.3231],[89.65769,25.324],[89.65749,25.324],[89.6575,25.32436],[89.6573,25.32437],[89.6573,25.32455],[89.6571,25.32455],[89.65713,25.32563],[89.65693,25.32564],[89.65694,25.326],[89.65734,25.32617],[89.65734,25.32635],[89.65774,25.32635]]]}},{"type":"Feature","properties":{"kind":"land","ha":8.8},"geometry":{"type":"Polygon","coordinates":[[[89.68825,25.32308],[89.68825,25.32327],[89.68845,25.32326],[89.68864,25.3229],[89.68884,25.32289],[89.68883,25.32235],[89.68903,25.32235],[89.68902,25.32199],[89.68922,25.32198],[89.6892,25.32144],[89.68901,25.32145],[89.68899,25.32054],[89.68819,25.32038],[89.68798,25.32002],[89.68778,25.32002],[89.68777,25.31966],[89.68737,25.31949],[89.68737,25.31931],[89.68657,25.31914],[89.68658,25.31933],[89.68618,25.31933],[89.68618,25.31951],[89.68579,25.31952],[89.68599,25.31988],[89.68619,25.31987],[89.68619,25.32005],[89.68639,25.32005],[89.68641,25.32059],[89.68621,25.3206],[89.68622,25.32132],[89.68662,25.32131],[89.68661,25.32077],[89.6872,25.32076],[89.68721,25.32112],[89.68681,25.32113],[89.68683,25.32185],[89.68663,25.32185],[89.68664,25.32239],[89.68684,25.32239],[89.68685,25.32275],[89.68725,25.32274],[89.68745,25.3231],[89.68785,25.32309],[89.68785,25.32327],[89.68825,25.32308]]]}},{"type":"Feature","properties":{"kind":"land","ha":17.2},"geometry":{"type":"Polygon","coordinates":[[[89.67589,25.33017],[89.67608,25.3298],[89.67628,25.3298],[89.67628,25.32962],[89.67648,25.32962],[89.67647,25.32944],[89.67667,25.32943],[89.67667,25.32925],[89.67687,25.32925],[89.67686,25.32907],[89.67706,25.32906],[89.67724,25.32834],[89.67744,25.32834],[89.67743,25.32797],[89.67783,25.32779],[89.67782,25.32743],[89.67802,25.32742],[89.67801,25.32724],[89.67821,25.32724],[89.6782,25.32652],[89.67839,25.32651],[89.67838,25.32597],[89.67858,25.32597],[89.67857,25.32561],[89.67877,25.3256],[89.67894,25.32416],[89.67914,25.32415],[89.67912,25.32361],[89.67932,25.32361],[89.67931,25.32325],[89.67951,25.32324],[89.6795,25.3227],[89.6797,25.3227],[89.67969,25.32216],[89.67989,25.32215],[89.67988,25.32179],[89.67949,25.32198],[89.67949,25.32216],[89.67929,25.32217],[89.67931,25.32289],[89.67911,25.32289],[89.67912,25.32325],[89.67872,25.32344],[89.67873,25.32362],[89.67853,25.32362],[89.67853,25.3238],[89.67833,25.32381],[89.67834,25.32399],[89.67814,25.32399],[89.67814,25.32417],[89.67795,25.32417],[89.67796,25.32472],[89.67776,25.32472],[89.67778,25.32562],[89.67739,25.32581],[89.67741,25.32689],[89.67721,25.3269],[89.67722,25.32726],[89.67702,25.32726],[89.67702,25.32744],[89.67683,25.32744],[89.67664,25.32817],[89.67644,25.32817],[89.67645,25.32853],[89.67606,25.32872],[89.67606,25.3289],[89.67547,25.32891],[89.67546,25.32873],[89.67527,25.32874],[89.67526,25.32837],[89.67486,25.3282],[89.67485,25.32784],[89.67445,25.32767],[89.67444,25.32731],[89.67404,25.32713],[89.67403,25.32695],[89.67384,25.32696],[89.67383,25.32678],[89.67363,25.32678],[89.67363,25.32642],[89.67343,25.32642],[89.67341,25.3257],[89.67321,25.3257],[89.6732,25.32516],[89.673,25.32517],[89.67299,25.32481],[89.6728,25.32481],[89.67257,25.32373],[89.67238,25.32373],[89.67237,25.32337],[89.67217,25.32338],[89.67216,25.32302],[89.67196,25.32302],[89.67195,25.32248],[89.67155,25.32231],[89.67133,25.32123],[89.67113,25.32123],[89.67111,25.32033],[89.67091,25.32033],[89.67089,25.31925],[89.67069,25.31925],[89.67068,25.31889],[89.67048,25.3189],[89.67052,25.3207],[89.67072,25.3207],[89.67074,25.3216],[89.67094,25.32159],[89.67096,25.32268],[89.67116,25.32267],[89.67117,25.32321],[89.67137,25.32321],[89.67139,25.32393],[89.67159,25.32393],[89.6716,25.32447],[89.6718,25.32447],[89.6718,25.32483],[89.672,25.32482],[89.67202,25.32555],[89.67222,25.32554],[89.67222,25.3259],[89.67242,25.3259],[89.67243,25.32608],[89.67263,25.32608],[89.67264,25.32662],[89.67304,25.32679],[89.67305,25.32715],[89.67324,25.32715],[89.67325,25.32733],[89.67345,25.32732],[89.67345,25.32769],[89.67386,25.32786],[89.67386,25.32822],[89.67426,25.32839],[89.67427,25.32857],[89.67447,25.32857],[89.67447,25.32875],[89.67467,25.32875],[89.67488,25.32946],[89.67529,25.32964],[89.67529,25.33],[89.67549,25.33],[89.6755,25.33018],[89.67589,25.33017]]]}},{"type":"Feature","properties":{"kind":"land","ha":3.1},"geometry":{"type":"Polygon","coordinates":[[[89.62471,25.32369],[89.62471,25.32351],[89.62431,25.32334],[89.62431,25.32316],[89.62411,25.32316],[89.6241,25.32298],[89.6239,25.32298],[89.6239,25.3228],[89.6237,25.3228],[89.62369,25.32226],[89.62329,25.32209],[89.62308,25.32137],[89.62288,25.32138],[89.62287,25.32101],[89.62247,25.32084],[89.62246,25.32048],[89.62206,25.32031],[89.62206,25.32013],[89.62186,25.32013],[89.62185,25.31995],[89.62165,25.31995],[89.62165,25.31977],[89.62145,25.31978],[89.62145,25.3196],[89.62105,25.3196],[89.62106,25.32014],[89.62146,25.32032],[89.62147,25.3205],[89.62167,25.32049],[89.62167,25.32068],[89.62187,25.32067],[89.62187,25.32085],[89.62207,25.32085],[89.62207,25.32103],[89.62227,25.32103],[89.62229,25.32193],[89.62269,25.3221],[89.6227,25.32228],[89.6229,25.32228],[89.6229,25.32246],[89.6235,25.32245],[89.62351,25.32335],[89.62392,25.32352],[89.62392,25.3237],[89.62471,25.32369]]]}},{"type":"Feature","properties":{"kind":"land","ha":6.8},"geometry":{"type":"Polygon","coordinates":[[[89.71445,25.32278],[89.71444,25.32224],[89.71424,25.32225],[89.71423,25.32189],[89.71404,25.32189],[89.71402,25.32099],[89.71342,25.321],[89.71323,25.32136],[89.71303,25.32137],[89.71321,25.32064],[89.71281,25.32047],[89.71282,25.32065],[89.71262,25.32065],[89.71241,25.3203],[89.71221,25.3203],[89.7122,25.31976],[89.7124,25.31975],[89.71238,25.31885],[89.71258,25.31885],[89.71257,25.31831],[89.71276,25.3183],[89.71278,25.31884],[89.71298,25.31884],[89.71297,25.31848],[89.71317,25.31848],[89.71316,25.3183],[89.71276,25.31812],[89.71276,25.31794],[89.71216,25.31795],[89.71195,25.3176],[89.71136,25.31761],[89.71157,25.31796],[89.71176,25.31796],[89.71177,25.31814],[89.71197,25.31814],[89.71197,25.31832],[89.71217,25.31831],[89.71218,25.31868],[89.71178,25.31886],[89.71179,25.31904],[89.71159,25.31905],[89.71159,25.31923],[89.7114,25.31923],[89.7114,25.31959],[89.7116,25.31959],[89.71162,25.32031],[89.71182,25.32031],[89.71184,25.32121],[89.71164,25.32121],[89.71164,25.32139],[89.71204,25.32139],[89.71204,25.32157],[89.71224,25.32156],[89.71226,25.32246],[89.71246,25.32246],[89.71246,25.32264],[89.71266,25.32264],[89.71266,25.32246],[89.71325,25.32245],[89.71346,25.3228],[89.71445,25.32278]]]}},{"type":"Feature","properties":{"kind":"land","ha":6.4},"geometry":{"type":"Polygon","coordinates":[[[89.68937,25.32],[89.68937,25.31982],[89.68976,25.31981],[89.68976,25.31963],[89.68996,25.31962],[89.68995,25.31926],[89.68975,25.31927],[89.68974,25.31873],[89.68994,25.31872],[89.68992,25.318],[89.68972,25.318],[89.68972,25.31782],[89.69011,25.31764],[89.69011,25.31746],[89.69031,25.31745],[89.69031,25.31763],[89.69091,25.31762],[89.6909,25.31744],[89.6901,25.31728],[89.6901,25.31709],[89.6897,25.3171],[89.68971,25.31728],[89.68951,25.31729],[89.68951,25.31711],[89.68931,25.31711],[89.68931,25.31729],[89.68812,25.31731],[89.68793,25.31768],[89.68773,25.31768],[89.68773,25.31786],[89.68734,25.31787],[89.68735,25.31823],[89.68775,25.3184],[89.68775,25.31858],[89.68755,25.31859],[89.68756,25.31913],[89.68776,25.31912],[89.68777,25.31948],[89.68797,25.31948],[89.68797,25.31966],[89.68837,25.31965],[89.68837,25.31983],[89.68897,25.31982],[89.68897,25.32],[89.68937,25.32]],[[89.68893,25.3182],[89.68933,25.31819],[89.68914,25.31856],[89.68894,25.31856],[89.68893,25.3182]]]}},{"type":"Feature","properties":{"kind":"land","ha":12.5},"geometry":{"type":"Polygon","coordinates":[[[89.61612,25.32132],[89.61612,25.32113],[89.61632,25.32113],[89.61631,25.32095],[89.61651,25.32095],[89.61651,25.32077],[89.61671,25.32076],[89.6167,25.32058],[89.6169,25.32058],[89.6169,25.3204],[89.6171,25.3204],[89.61709,25.32003],[89.61748,25.31985],[89.61766,25.31912],[89.61786,25.31912],[89.61786,25.31876],[89.61825,25.31857],[89.61824,25.31839],[89.61844,25.31839],[89.61844,25.31821],[89.61864,25.3182],[89.61863,25.31802],[89.61883,25.31802],[89.61883,25.31784],[89.61903,25.31783],[89.61902,25.31747],[89.61942,25.31747],[89.61941,25.31729],[89.61961,25.31728],[89.6196,25.31674],[89.61861,25.31676],[89.6186,25.3164],[89.6184,25.3164],[89.6184,25.31658],[89.61821,25.31659],[89.61821,25.31695],[89.61861,25.31694],[89.61862,25.3173],[89.61842,25.3173],[89.61843,25.31766],[89.61803,25.31785],[89.61804,25.31803],[89.61784,25.31804],[89.61784,25.31822],[89.61745,25.31822],[89.61744,25.31804],[89.61724,25.31805],[89.61724,25.31769],[89.61744,25.31768],[89.6174,25.31624],[89.6176,25.31624],[89.61758,25.31533],[89.61719,25.31552],[89.61719,25.3157],[89.617,25.3157],[89.61681,25.31643],[89.61661,25.31643],[89.61662,25.31679],[89.61623,25.31698],[89.61623,25.31716],[89.61584,25.31717],[89.61564,25.31753],[89.61545,25.31754],[89.61545,25.3179],[89.61506,25.31809],[89.61507,25.31845],[89.61487,25.31845],[89.61488,25.31899],[89.61468,25.31899],[89.6147,25.31954],[89.6145,25.31954],[89.6145,25.3199],[89.61411,25.32009],[89.61412,25.32027],[89.61392,25.32027],[89.61392,25.32063],[89.61412,25.32063],[89.61431,25.32026],[89.61491,25.32025],[89.61512,25.32061],[89.61492,25.32061],[89.61493,25.32116],[89.61573,25.32132],[89.61573,25.3215],[89.61612,25.32132]],[[89.61489,25.31953],[89.61529,25.31953],[89.61529,25.31934],[89.61549,25.31934],[89.61548,25.31898],[89.61568,25.31898],[89.61567,25.3188],[89.61686,25.31859],[89.61686,25.31841],[89.61745,25.3184],[89.61745,25.31858],[89.61765,25.31858],[89.61746,25.31895],[89.61726,25.31895],[89.61727,25.31913],[89.61647,25.31914],[89.61648,25.31932],[89.61608,25.31933],[89.61608,25.31951],[89.61589,25.31951],[89.61589,25.31969],[89.6151,25.31989],[89.61489,25.31953]]]}},{"type":"Feature","properties":{"kind":"land","ha":3.4},"geometry":{"type":"Polygon","coordinates":[[[89.6881,25.31623],[89.68829,25.31586],[89.68848,25.31586],[89.68848,25.31568],[89.68828,25.31568],[89.68827,25.31532],[89.68867,25.31514],[89.68866,25.31477],[89.68905,25.31459],[89.68905,25.31441],[89.68945,25.3144],[89.68943,25.31386],[89.68924,25.31386],[89.68923,25.31368],[89.68883,25.31369],[89.68884,25.31405],[89.68845,25.31406],[89.68843,25.31315],[89.68803,25.31316],[89.68804,25.31352],[89.68784,25.31353],[89.68786,25.31443],[89.68766,25.31443],[89.68767,25.31497],[89.68747,25.31498],[89.68749,25.3157],[89.68729,25.3157],[89.6873,25.31624],[89.6881,25.31623]]]}},{"type":"Feature","properties":{"kind":"land","ha":3.9},"geometry":{"type":"Polygon","coordinates":[[[89.62555,25.31627],[89.62554,25.31591],[89.62574,25.31591],[89.62572,25.31501],[89.62612,25.31518],[89.62612,25.31536],[89.62731,25.31534],[89.62731,25.31516],[89.62711,25.31516],[89.62711,25.31498],[89.62671,25.31499],[89.62671,25.31481],[89.62631,25.31482],[89.62631,25.31464],[89.62611,25.31464],[89.62611,25.31482],[89.62571,25.31483],[89.62551,25.31447],[89.62531,25.31447],[89.62531,25.31429],[89.62451,25.31431],[89.62451,25.31413],[89.62411,25.31413],[89.62411,25.31395],[89.62371,25.31396],[89.62372,25.31432],[89.62392,25.31432],[89.62393,25.31486],[89.62413,25.31486],[89.62413,25.31522],[89.62433,25.31521],[89.62434,25.31575],[89.62474,25.31575],[89.62475,25.31611],[89.62495,25.3161],[89.62495,25.31628],[89.62555,25.31627]]]}},{"type":"Feature","properties":{"kind":"land","ha":21.7},"geometry":{"type":"Polygon","coordinates":[[[89.70848,25.32217],[89.70848,25.32199],[89.70868,25.32199],[89.70868,25.32217],[89.70888,25.32217],[89.70888,25.32198],[89.70907,25.32198],[89.70906,25.32144],[89.70866,25.32127],[89.70866,25.32109],[89.70846,25.32109],[89.70845,25.32091],[89.70826,25.32091],[89.70825,25.32073],[89.70805,25.32074],[89.70805,25.32056],[89.70725,25.32039],[89.70704,25.32003],[89.70665,25.32004],[89.70644,25.31968],[89.70624,25.31969],[89.70624,25.31951],[89.70604,25.31951],[89.70604,25.31933],[89.70524,25.31916],[89.70503,25.31881],[89.70463,25.31881],[89.70463,25.31863],[89.70423,25.31864],[89.70403,25.31828],[89.70383,25.31829],[89.70382,25.31793],[89.70362,25.31793],[89.70362,25.31775],[89.70322,25.31776],[89.70301,25.3174],[89.70282,25.3174],[89.70281,25.31722],[89.70222,25.31723],[89.70221,25.31687],[89.70241,25.31687],[89.7024,25.31633],[89.7022,25.31633],[89.70218,25.31579],[89.70178,25.31562],[89.70178,25.31544],[89.70138,25.31544],[89.70136,25.31454],[89.70077,25.31455],[89.70077,25.31473],[89.70037,25.31474],[89.70037,25.31456],[89.70017,25.31456],[89.70018,25.31493],[89.69978,25.31493],[89.69978,25.31475],[89.69958,25.31476],[89.69975,25.31367],[89.69956,25.31367],[89.69954,25.31295],[89.69994,25.31312],[89.69993,25.31258],[89.69973,25.31259],[89.69973,25.31277],[89.69914,25.31278],[89.69914,25.3126],[89.69894,25.3126],[89.69892,25.31206],[89.69912,25.31206],[89.69912,25.3117],[89.69892,25.3117],[89.69891,25.31152],[89.69832,25.31153],[89.69811,25.31117],[89.69771,25.31118],[89.69772,25.31136],[89.69752,25.31136],[89.69754,25.31245],[89.69734,25.31245],[89.69735,25.31263],[89.69755,25.31263],[89.69756,25.31317],[89.69776,25.31316],[89.69777,25.31353],[89.69796,25.31352],[89.69798,25.31406],[89.69817,25.31406],[89.69818,25.31442],[89.69858,25.31459],[89.69859,25.31477],[89.69879,25.31477],[89.69879,25.31495],[89.69899,25.31495],[89.699,25.31531],[89.6994,25.31548],[89.69941,25.31584],[89.69981,25.31601],[89.69981,25.3162],[89.70001,25.31619],[89.70001,25.31637],[89.70021,25.31637],[89.70022,25.31655],[89.70061,25.31654],[89.70062,25.31672],[89.70101,25.31671],[89.70102,25.3169],[89.70122,25.31689],[89.7012,25.31617],[89.7008,25.31618],[89.7008,25.31582],[89.70139,25.31581],[89.7014,25.31635],[89.7016,25.31634],[89.70161,25.3167],[89.70181,25.3167],[89.70182,25.31706],[89.70142,25.31707],[89.70143,25.31743],[89.70183,25.3176],[89.70183,25.31778],[89.70203,25.31778],[89.70203,25.31796],[89.70223,25.31796],[89.70224,25.31832],[89.70264,25.31849],[89.70265,25.31867],[89.70284,25.31867],[89.70285,25.31885],[89.70305,25.31884],[89.70305,25.31902],[89.70325,25.31902],[89.70325,25.3192],[89.70345,25.3192],[89.70346,25.31938],[89.70365,25.31937],[89.70366,25.31955],[89.70406,25.31955],[89.70406,25.31973],[89.70446,25.31972],[89.70445,25.31954],[89.70505,25.31953],[89.70506,25.31989],[89.70466,25.3199],[89.70466,25.32008],[89.70506,25.32025],[89.70507,25.32043],[89.70527,25.32043],[89.70527,25.32061],[89.70567,25.3206],[89.70587,25.32096],[89.70627,25.32095],[89.70648,25.32131],[89.70668,25.3213],[89.70668,25.32148],[89.70688,25.32148],[89.70688,25.32166],[89.70708,25.32166],[89.70708,25.32184],[89.70728,25.32183],[89.70729,25.32201],[89.70808,25.322],[89.70809,25.32218],[89.70848,25.32217]],[[89.69999,25.31511],[89.70018,25.31511],[89.70019,25.31547],[89.69999,25.31547],[89.69999,25.31511]],[[89.69877,25.31387],[89.69896,25.31386],[89.69897,25.31404],[89.69877,25.31405],[89.69877,25.31387]]]}},{"type":"Feature","properties":{"kind":"land","ha":4.6},"geometry":{"type":"Polygon","coordinates":[[[89.62727,25.31336],[89.62727,25.31318],[89.62747,25.31317],[89.62745,25.31245],[89.62725,25.31245],[89.62725,25.31227],[89.62645,25.31229],[89.62646,25.31247],[89.62606,25.31247],[89.62605,25.31211],[89.62585,25.31212],[89.62585,25.31194],[89.62505,25.31177],[89.62505,25.31159],[89.62465,25.3116],[89.62465,25.31142],[89.62425,25.31142],[89.62425,25.31124],[89.62345,25.31126],[89.62348,25.31234],[89.62427,25.31251],[89.62428,25.31269],[89.62487,25.31268],[89.62488,25.31286],[89.62527,25.31285],[89.62528,25.31303],[89.62647,25.31301],[89.62647,25.31319],[89.62687,25.31318],[89.62687,25.31336],[89.62727,25.31336]]]}},{"type":"Feature","properties":{"kind":"land","ha":8.8},"geometry":{"type":"Polygon","coordinates":[[[89.68118,25.3178],[89.68117,25.31726],[89.68137,25.31725],[89.68134,25.31617],[89.68114,25.31618],[89.68113,25.31563],[89.68133,25.31563],[89.68132,25.31527],[89.68152,25.31527],[89.68152,25.31509],[89.68172,25.31508],[89.68151,25.31472],[89.68171,25.31472],[89.6817,25.31436],[89.6819,25.31436],[89.68189,25.314],[89.68209,25.31399],[89.68209,25.31381],[89.68228,25.31381],[89.68229,25.31399],[89.68269,25.31398],[89.68268,25.3138],[89.68288,25.3138],[89.68287,25.31344],[89.68208,25.31345],[89.68207,25.31327],[89.68227,25.31327],[89.68225,25.31218],[89.68245,25.31218],[89.68242,25.3111],[89.68262,25.31109],[89.68261,25.31037],[89.68221,25.31038],[89.68221,25.31056],[89.68201,25.31056],[89.68202,25.31093],[89.68182,25.31093],[89.68162,25.31057],[89.68142,25.31058],[89.68141,25.31003],[89.68101,25.31004],[89.68102,25.31058],[89.68063,25.31077],[89.68063,25.31095],[89.68043,25.31095],[89.68045,25.31186],[89.68085,25.31203],[89.68086,25.31221],[89.68126,25.3122],[89.68126,25.31238],[89.68106,25.31239],[89.68109,25.31347],[89.68069,25.31366],[89.68069,25.31348],[89.68049,25.31348],[89.68073,25.31528],[89.68093,25.31528],[89.68098,25.3178],[89.68118,25.3178]],[[89.68091,25.31437],[89.68131,25.31455],[89.68131,25.31473],[89.68091,25.31474],[89.68091,25.31437]]]}},{"type":"Feature","properties":{"kind":"land","ha":20.4},"geometry":{"type":"Polygon","coordinates":[[[89.6643,25.32659],[89.66428,25.32569],[89.66447,25.32568],[89.66446,25.32514],[89.66466,25.32514],[89.66465,25.3246],[89.66485,25.32459],[89.66482,25.32351],[89.66502,25.32351],[89.66501,25.32279],[89.66521,25.32278],[89.66518,25.32152],[89.66538,25.32152],[89.66531,25.31845],[89.66511,25.31845],[89.66507,25.31647],[89.66487,25.31647],[89.66486,25.31611],[89.66506,25.31611],[89.66503,25.31484],[89.66483,25.31485],[89.66483,25.31467],[89.66443,25.31467],[89.66442,25.31431],[89.66462,25.31431],[89.66461,25.31395],[89.66481,25.31394],[89.66481,25.31376],[89.66461,25.31377],[89.6646,25.31305],[89.6644,25.31305],[89.66438,25.31215],[89.66398,25.31215],[89.66377,25.3118],[89.66318,25.31181],[89.66317,25.31163],[89.66298,25.31163],[89.66297,25.31127],[89.66277,25.31127],[89.66276,25.31073],[89.66256,25.31074],[89.66254,25.30983],[89.66214,25.30966],[89.66216,25.31056],[89.66236,25.31056],[89.66237,25.31128],[89.66257,25.31128],[89.66259,25.312],[89.66278,25.312],[89.66281,25.31308],[89.66301,25.31307],[89.66303,25.31416],[89.66323,25.31415],[89.66326,25.31578],[89.66366,25.31559],[89.66365,25.31541],[89.66405,25.31558],[89.66406,25.31594],[89.66367,25.31613],[89.66367,25.31631],[89.66327,25.31614],[89.66328,25.3165],[89.66348,25.3165],[89.66351,25.31812],[89.66332,25.31812],[89.66334,25.31921],[89.66314,25.31921],[89.66315,25.31957],[89.66295,25.31957],[89.66297,25.3203],[89.66356,25.32028],[89.66356,25.3201],[89.66396,25.3201],[89.66395,25.31992],[89.66415,25.31991],[89.66415,25.32009],[89.66435,25.32009],[89.66436,25.32045],[89.66456,25.32045],[89.66457,25.32081],[89.66476,25.3208],[89.66477,25.32098],[89.66457,25.32099],[89.6646,25.32225],[89.6644,25.32225],[89.66443,25.3237],[89.66423,25.3237],[89.66424,25.32424],[89.66405,25.32425],[89.66405,25.32461],[89.66366,25.32479],[89.66366,25.32498],[89.66386,25.32497],[89.66388,25.32587],[89.66408,25.32587],[89.6641,25.32659],[89.6643,25.32659]],[[89.66414,25.31937],[89.66394,25.31938],[89.66393,25.31883],[89.66432,25.31883],[89.66434,25.31955],[89.66414,25.31955],[89.66414,25.31937]],[[89.66381,25.31342],[89.66401,25.31342],[89.66422,25.31414],[89.66382,25.31414],[89.66381,25.31342]]]}},{"type":"Feature","properties":{"kind":"land","ha":3.6},"geometry":{"type":"Polygon","coordinates":[[[89.68962,25.31313],[89.68961,25.31295],[89.68941,25.31296],[89.68933,25.30899],[89.68952,25.30898],[89.6895,25.30808],[89.68911,25.30809],[89.68892,25.30881],[89.68873,25.30882],[89.68874,25.30936],[89.68835,25.30955],[89.68836,25.31027],[89.68816,25.31027],[89.68817,25.31063],[89.68856,25.31044],[89.68856,25.31026],[89.68876,25.31026],[89.68877,25.31062],[89.68896,25.31062],[89.68878,25.31134],[89.68858,25.31135],[89.6886,25.31207],[89.689,25.31224],[89.689,25.31242],[89.6892,25.31242],[89.68922,25.31314],[89.68962,25.31313]]]}},{"type":"Feature","properties":{"kind":"land","ha":3.4},"geometry":{"type":"Polygon","coordinates":[[[89.65504,25.31214],[89.65503,25.31159],[89.65483,25.3116],[89.65481,25.31034],[89.65461,25.31034],[89.65458,25.30926],[89.65439,25.30926],[89.65438,25.3089],[89.65418,25.3089],[89.65418,25.30872],[89.65398,25.30873],[89.65399,25.30927],[89.6536,25.30945],[89.6536,25.30982],[89.6534,25.30982],[89.65341,25.31],[89.65361,25.31],[89.65365,25.3118],[89.65385,25.3118],[89.65384,25.31162],[89.65444,25.31161],[89.65464,25.31196],[89.65484,25.31196],[89.65485,25.31214],[89.65504,25.31214]]]}},{"type":"Feature","properties":{"kind":"land","ha":4.5},"geometry":{"type":"Polygon","coordinates":[[[89.6989,25.31116],[89.6989,25.3108],[89.69929,25.31079],[89.69929,25.31061],[89.69909,25.31061],[89.69908,25.31025],[89.69888,25.31026],[89.69887,25.30971],[89.69867,25.30972],[89.69866,25.309],[89.69846,25.309],[89.69845,25.30864],[89.69825,25.30864],[89.69824,25.30792],[89.69784,25.30793],[89.69782,25.30703],[89.69802,25.30702],[89.69801,25.30648],[89.69781,25.30649],[89.69762,25.30685],[89.69742,25.30685],[89.69744,25.30758],[89.69724,25.30758],[89.69724,25.30794],[89.69744,25.30794],[89.69746,25.30848],[89.69726,25.30848],[89.69727,25.3092],[89.69747,25.3092],[89.69748,25.30956],[89.69768,25.30956],[89.69769,25.3101],[89.69789,25.31009],[89.69771,25.31082],[89.6985,25.3108],[89.69871,25.31116],[89.6989,25.31116]]]}},{"type":"Feature","properties":{"kind":"land","ha":29.1},"geometry":{"type":"Polygon","coordinates":[[[89.65616,25.31789],[89.65635,25.31753],[89.65655,25.31752],[89.65655,25.31734],[89.65734,25.31715],[89.65753,25.31678],[89.65773,25.31678],[89.65772,25.3166],[89.65792,25.3166],[89.65792,25.31642],[89.65812,25.31641],[89.6583,25.31569],[89.6581,25.31569],[89.6581,25.31551],[89.65829,25.31551],[89.65829,25.31515],[89.65849,25.31514],[89.65848,25.31496],[89.65868,25.31496],[89.65886,25.31423],[89.65906,25.31423],[89.65905,25.31369],[89.65925,25.31368],[89.65924,25.31314],[89.65943,25.31314],[89.65941,25.31206],[89.65961,25.31205],[89.6596,25.31151],[89.6594,25.31152],[89.65937,25.31007],[89.65917,25.31008],[89.65914,25.30881],[89.65894,25.30882],[89.65892,25.30791],[89.65852,25.30774],[89.65851,25.3072],[89.65831,25.3072],[89.65831,25.30702],[89.65612,25.30706],[89.65613,25.30724],[89.65593,25.30725],[89.65598,25.30941],[89.65618,25.30941],[89.6562,25.31049],[89.6564,25.31049],[89.65643,25.31211],[89.65663,25.31211],[89.65666,25.31355],[89.65706,25.31354],[89.65706,25.31372],[89.65726,25.31372],[89.65727,25.31426],[89.65708,25.31426],[89.65708,25.31445],[89.65668,25.31445],[89.65669,25.31499],[89.6565,25.315],[89.65652,25.3159],[89.65632,25.3159],[89.65633,25.31644],[89.65613,25.31645],[89.65614,25.31681],[89.65594,25.31681],[89.65595,25.31717],[89.65575,25.31718],[89.65576,25.31754],[89.65556,25.31754],[89.65557,25.3179],[89.65537,25.31791],[89.65537,25.31809],[89.65616,25.31789]],[[89.65682,25.31174],[89.65702,25.31174],[89.65702,25.31192],[89.65683,25.31192],[89.65682,25.31174]]]}},{"type":"Feature","properties":{"kind":"land","ha":3.8},"geometry":{"type":"Polygon","coordinates":[[[89.63532,25.30888],[89.6353,25.30816],[89.6355,25.30815],[89.63549,25.30761],[89.63568,25.30761],[89.63566,25.30635],[89.63546,25.30635],[89.63545,25.30599],[89.63505,25.30582],[89.63505,25.30564],[89.63485,25.30564],[89.63484,25.30528],[89.63504,25.30528],[89.63502,25.30455],[89.63463,25.30474],[89.63465,25.30582],[89.63426,25.30601],[89.63447,25.30637],[89.63467,25.30636],[89.63468,25.30727],[89.63429,25.30745],[89.6343,25.30763],[89.6341,25.30764],[89.6343,25.308],[89.6345,25.30799],[89.63451,25.30853],[89.63471,25.30853],[89.63472,25.30889],[89.63532,25.30888]]]}},{"type":"Feature","properties":{"kind":"land","ha":6.4},"geometry":{"type":"Polygon","coordinates":[[[89.68139,25.30931],[89.68139,25.30913],[89.68159,25.30913],[89.68157,25.30859],[89.68137,25.30859],[89.68137,25.30823],[89.68117,25.30823],[89.68115,25.30751],[89.68135,25.30751],[89.68135,25.30733],[89.68194,25.30732],[89.68195,25.3075],[89.68234,25.30749],[89.68253,25.30713],[89.68273,25.30712],[89.68273,25.30694],[89.68293,25.30694],[89.68288,25.30495],[89.68308,25.30495],[89.68307,25.30441],[89.68287,25.30441],[89.68286,25.30405],[89.68266,25.30405],[89.68266,25.30387],[89.68226,25.30388],[89.68226,25.3037],[89.68186,25.30371],[89.68187,25.30389],[89.68167,25.30389],[89.68167,25.30407],[89.68187,25.30407],[89.68191,25.30605],[89.68172,25.30606],[89.68172,25.30642],[89.68153,25.30642],[89.68153,25.3066],[89.68133,25.30661],[89.68134,25.30697],[89.68095,25.30715],[89.68095,25.30733],[89.68075,25.30734],[89.68076,25.30752],[89.68056,25.30752],[89.68056,25.3077],[89.68036,25.30771],[89.68037,25.30807],[89.68057,25.30806],[89.68059,25.30915],[89.68079,25.30914],[89.6808,25.30932],[89.68139,25.30931]]]}},{"type":"Feature","properties":{"kind":"land","ha":30.8},"geometry":{"type":"Polygon","coordinates":[[[89.62251,25.31344],[89.6225,25.31308],[89.62309,25.31307],[89.62288,25.31235],[89.62268,25.31235],[89.62267,25.31163],[89.62287,25.31163],[89.62286,25.31127],[89.62266,25.31127],[89.62264,25.31037],[89.62304,25.31036],[89.62302,25.30982],[89.62322,25.30982],[89.62322,25.30964],[89.62362,25.30963],[89.6236,25.30873],[89.6234,25.30873],[89.62339,25.30837],[89.62319,25.30837],[89.62338,25.30801],[89.62378,25.30818],[89.6238,25.30872],[89.62399,25.30872],[89.62398,25.308],[89.62457,25.30799],[89.62458,25.30817],[89.62478,25.30817],[89.6248,25.30925],[89.62579,25.30923],[89.62577,25.30833],[89.62557,25.30833],[89.62556,25.30761],[89.62634,25.30724],[89.62635,25.30742],[89.62675,25.30741],[89.62676,25.30795],[89.62696,25.30795],[89.62696,25.30831],[89.62736,25.30812],[89.62756,25.30848],[89.62776,25.30847],[89.62777,25.30883],[89.62817,25.30901],[89.62817,25.30919],[89.62857,25.30918],[89.62857,25.30936],[89.62877,25.30936],[89.62899,25.31008],[89.62938,25.31007],[89.62938,25.30989],[89.62918,25.30989],[89.62917,25.30935],[89.62977,25.30934],[89.62977,25.30952],[89.63017,25.30951],[89.63017,25.30969],[89.63056,25.30951],[89.63056,25.30915],[89.63015,25.30897],[89.63015,25.30879],[89.62936,25.30881],[89.62935,25.30826],[89.62915,25.30827],[89.62914,25.30809],[89.62835,25.3081],[89.62834,25.30792],[89.62775,25.30793],[89.62754,25.30757],[89.62734,25.30758],[89.62733,25.30686],[89.62713,25.30686],[89.62711,25.30596],[89.62731,25.30595],[89.6273,25.30559],[89.6271,25.3056],[89.62708,25.3047],[89.62629,25.30471],[89.6263,25.30507],[89.6265,25.30507],[89.6265,25.30525],[89.6263,25.30525],[89.62631,25.30543],[89.62591,25.30544],[89.6259,25.30526],[89.62571,25.30526],[89.6257,25.3049],[89.6255,25.3049],[89.6255,25.30472],[89.62569,25.30472],[89.62569,25.30436],[89.62549,25.30436],[89.62548,25.304],[89.62508,25.30383],[89.62508,25.30365],[89.62468,25.30366],[89.62468,25.30347],[89.62408,25.30349],[89.6241,25.30421],[89.6239,25.30421],[89.6239,25.30457],[89.62371,25.30457],[89.62371,25.30476],[89.62351,25.30476],[89.6233,25.30404],[89.6231,25.30404],[89.62309,25.30368],[89.62289,25.30369],[89.62289,25.30351],[89.62249,25.30351],[89.62231,25.30424],[89.62211,25.30424],[89.62212,25.30478],[89.62192,25.30479],[89.62195,25.30605],[89.62215,25.30605],[89.62216,25.30641],[89.62196,25.30641],[89.62198,25.30749],[89.62178,25.3075],[89.62181,25.30858],[89.62161,25.30858],[89.62162,25.30894],[89.62142,25.30895],[89.62146,25.31093],[89.62186,25.31093],[89.62187,25.31147],[89.62227,25.31164],[89.62228,25.31218],[89.62169,25.31219],[89.62148,25.31183],[89.62128,25.31184],[89.62129,25.31238],[89.62149,25.31238],[89.6215,25.31274],[89.6217,25.31273],[89.6217,25.31291],[89.6219,25.31291],[89.62191,25.31327],[89.62211,25.31327],[89.62211,25.31345],[89.62251,25.31344]],[[89.62209,25.31255],[89.62249,25.31254],[89.6225,25.3129],[89.6221,25.31291],[89.62209,25.31255]],[[89.62555,25.30707],[89.62575,25.30707],[89.62575,25.30725],[89.62555,25.30725],[89.62555,25.30707]],[[89.62296,25.30675],[89.62335,25.30657],[89.62335,25.30639],[89.62374,25.30638],[89.62374,25.3062],[89.62473,25.30618],[89.62473,25.306],[89.62493,25.306],[89.62472,25.30564],[89.62452,25.30564],[89.62451,25.30492],[89.62471,25.30492],[89.62471,25.3051],[89.62511,25.30509],[89.62511,25.30545],[89.62552,25.30563],[89.62552,25.30599],[89.62572,25.30598],[89.62573,25.30652],[89.62554,25.30653],[89.62554,25.30671],[89.62475,25.3069],[89.62475,25.30708],[89.62455,25.30709],[89.62455,25.30691],[89.62356,25.30692],[89.62356,25.3071],[89.62297,25.30712],[89.62296,25.30675]],[[89.62313,25.30549],[89.62333,25.30548],[89.62332,25.3053],[89.62372,25.3053],[89.62373,25.30548],[89.62392,25.30547],[89.62393,25.30583],[89.62314,25.30585],[89.62313,25.30549]]]}},{"type":"Feature","properties":{"kind":"land","ha":4.5},"geometry":{"type":"Polygon","coordinates":[[[89.63405,25.30547],[89.63404,25.30511],[89.63424,25.30511],[89.63424,25.30493],[89.63404,25.30493],[89.634,25.30313],[89.6342,25.30312],[89.63419,25.30276],[89.63439,25.30276],[89.63438,25.30258],[89.63498,25.30257],[89.63499,25.30311],[89.63519,25.30311],[89.63518,25.30257],[89.63577,25.30255],[89.63577,25.30219],[89.63616,25.30201],[89.63614,25.30128],[89.63575,25.30129],[89.63575,25.30165],[89.63556,25.30166],[89.63556,25.30202],[89.63537,25.30202],[89.63537,25.3022],[89.63497,25.30221],[89.63496,25.30149],[89.63476,25.30149],[89.63477,25.30221],[89.63458,25.30222],[89.63458,25.3024],[89.63438,25.3024],[89.63438,25.30222],[89.63378,25.30223],[89.63379,25.30259],[89.6334,25.30278],[89.6334,25.30296],[89.6332,25.30296],[89.63321,25.30314],[89.63301,25.30315],[89.63301,25.30351],[89.63282,25.30351],[89.63284,25.30441],[89.63324,25.30459],[89.63324,25.30477],[89.63344,25.30476],[89.63365,25.30548],[89.63405,25.30547]]]}},{"type":"Feature","properties":{"kind":"land","ha":6.8},"geometry":{"type":"Polygon","coordinates":[[[89.68164,25.30281],[89.68184,25.30245],[89.68164,25.30245],[89.68163,25.30227],[89.68084,25.30228],[89.68083,25.30192],[89.68024,25.30193],[89.68023,25.30157],[89.68043,25.30157],[89.68042,25.30139],[89.68022,25.30139],[89.68022,25.30103],[89.68002,25.30103],[89.68001,25.30085],[89.67981,25.30086],[89.67981,25.3005],[89.68001,25.30049],[89.68,25.30031],[89.6806,25.3003],[89.6806,25.30048],[89.6808,25.30048],[89.68079,25.30012],[89.68039,25.30013],[89.68039,25.29995],[89.67979,25.29996],[89.6798,25.30014],[89.67801,25.30017],[89.67802,25.30035],[89.67762,25.30036],[89.67762,25.30018],[89.67742,25.30018],[89.67743,25.30054],[89.67723,25.30054],[89.67723,25.30072],[89.67743,25.30072],[89.67744,25.30108],[89.67764,25.30108],[89.67764,25.30144],[89.67804,25.30143],[89.67805,25.30179],[89.67845,25.30197],[89.67845,25.30215],[89.67885,25.30214],[89.67906,25.3025],[89.67926,25.30249],[89.67926,25.30267],[89.67965,25.30249],[89.67965,25.3023],[89.68005,25.3023],[89.68005,25.30248],[89.68064,25.30247],[89.68065,25.30265],[89.68124,25.30264],[89.68125,25.30282],[89.68164,25.30281]]]}},{"type":"Feature","properties":{"kind":"land","ha":201.4},"geometry":{"type":"Polygon","coordinates":[[[89.63783,25.31515],[89.63783,25.31479],[89.63802,25.31479],[89.63801,25.31425],[89.63722,25.31426],[89.63721,25.3139],[89.63701,25.3139],[89.637,25.31318],[89.6372,25.31318],[89.63718,25.31228],[89.63777,25.31227],[89.63799,25.31298],[89.63818,25.31298],[89.6382,25.31352],[89.63839,25.31352],[89.63839,25.31316],[89.63858,25.31315],[89.63855,25.31153],[89.63875,25.31153],[89.63874,25.31098],[89.63854,25.31099],[89.63855,25.31135],[89.63835,25.31135],[89.63835,25.31153],[89.63815,25.31154],[89.63813,25.31063],[89.63833,25.31063],[89.63832,25.31027],[89.63793,25.31046],[89.63792,25.3101],[89.63772,25.3101],[89.63772,25.30992],[89.63732,25.30993],[89.63713,25.31029],[89.63693,25.3103],[89.63694,25.31048],[89.63674,25.31048],[89.63674,25.31066],[89.63655,25.31066],[89.63655,25.31084],[89.63635,25.31085],[89.63636,25.31121],[89.63616,25.31121],[89.63617,25.31175],[89.63597,25.31176],[89.636,25.31302],[89.6362,25.31302],[89.63621,25.31338],[89.63581,25.31338],[89.6356,25.31303],[89.63541,25.31303],[89.6354,25.31285],[89.6352,25.31285],[89.6352,25.31267],[89.635,25.31268],[89.63501,25.31322],[89.63481,25.31322],[89.63483,25.31412],[89.63444,25.31431],[89.63444,25.31449],[89.63464,25.31449],[89.63465,25.31467],[89.63524,25.31466],[89.63526,25.31538],[89.63546,25.31538],[89.63546,25.31574],[89.63566,25.31573],[89.63567,25.31609],[89.63547,25.3161],[89.63548,25.31646],[89.63528,25.31646],[89.63528,25.31664],[89.63449,25.31666],[89.63449,25.31648],[89.63389,25.31649],[89.63368,25.31577],[89.63328,25.31559],[89.63327,25.31523],[89.63287,25.31506],[89.63286,25.31488],[89.63247,25.31489],[89.63249,25.31597],[89.63269,25.31597],[89.6327,25.31633],[89.6329,25.31632],[89.6329,25.3165],[89.6331,25.3165],[89.63311,25.31686],[89.6333,25.31686],[89.63331,25.31704],[89.63311,25.31704],[89.63312,25.3174],[89.63272,25.31741],[89.63272,25.31723],[89.63252,25.31723],[89.63251,25.31687],[89.63231,25.31688],[89.6323,25.31651],[89.6321,25.31652],[89.6321,25.31634],[89.63131,25.31653],[89.63131,25.31635],[89.63111,25.31636],[89.6311,25.31599],[89.6307,25.31582],[89.6307,25.31564],[89.6303,25.31565],[89.6303,25.31583],[89.6301,25.31583],[89.62992,25.31656],[89.63012,25.31655],[89.63013,25.31691],[89.63033,25.31691],[89.63033,25.31709],[89.63073,25.31708],[89.63093,25.31744],[89.63133,25.31743],[89.63154,25.31779],[89.63253,25.31777],[89.63254,25.31813],[89.63293,25.31813],[89.63294,25.31831],[89.63314,25.3183],[89.63313,25.31812],[89.63373,25.31811],[89.63375,25.31902],[89.63395,25.31901],[89.63395,25.31937],[89.63435,25.31955],[89.63436,25.31973],[89.63456,25.31972],[89.63456,25.3199],[89.63476,25.3199],[89.63477,25.32026],[89.63497,25.32026],[89.63497,25.32044],[89.63596,25.32042],[89.63597,25.3206],[89.63616,25.3206],[89.63617,25.32096],[89.63736,25.32094],[89.63757,25.32129],[89.63777,25.32129],[89.63777,25.32147],[89.63797,25.32147],[89.63798,25.32201],[89.63818,25.322],[89.63819,25.32237],[89.63839,25.32236],[89.63839,25.32254],[89.63899,25.32253],[89.639,25.32307],[89.6394,25.32325],[89.63941,25.32361],[89.64021,25.32395],[89.64042,25.32467],[89.64062,25.32467],[89.64063,25.32521],[89.64083,25.32521],[89.64084,25.32575],[89.64104,25.32574],[89.64105,25.3261],[89.64145,25.3261],[89.64146,25.32682],[89.64106,25.32665],[89.64106,25.32647],[89.64086,25.32647],[89.64086,25.32629],[89.64066,25.32629],[89.64065,25.32593],[89.64025,25.32576],[89.64024,25.3254],[89.63984,25.32522],[89.63984,25.32504],[89.63964,25.32505],[89.63963,25.32469],[89.63943,25.32469],[89.63944,25.32505],[89.63924,25.32505],[89.63924,25.32523],[89.63944,25.32523],[89.63945,25.32577],[89.63986,25.32595],[89.63986,25.32613],[89.64006,25.32612],[89.64006,25.3263],[89.64026,25.3263],[89.64026,25.32648],[89.64046,25.32648],[89.64047,25.32666],[89.64067,25.32665],[89.64068,25.32737],[89.64088,25.32737],[89.64088,25.32755],[89.64128,25.32754],[89.64128,25.32736],[89.64108,25.32737],[89.64107,25.32701],[89.64167,25.327],[89.64167,25.32718],[89.64187,25.32717],[89.64188,25.32753],[89.64148,25.32772],[89.64149,25.3279],[89.64129,25.32791],[89.64129,25.32809],[89.64149,25.32808],[89.64149,25.32826],[89.64189,25.32826],[89.6421,25.32861],[89.6423,25.32861],[89.6423,25.32897],[89.64271,25.32914],[89.64272,25.32968],[89.64292,25.32968],[89.64292,25.33004],[89.64332,25.33022],[89.64333,25.3304],[89.64353,25.33039],[89.64353,25.33057],[89.64373,25.33057],[89.64373,25.33075],[89.64393,25.33075],[89.64394,25.33093],[89.64413,25.33092],[89.64414,25.3311],[89.64434,25.3311],[89.64433,25.33092],[89.64473,25.33091],[89.64475,25.33181],[89.64515,25.33199],[89.64515,25.33217],[89.64535,25.33216],[89.64536,25.33234],[89.64555,25.33234],[89.64556,25.33252],[89.64576,25.33252],[89.64577,25.33288],[89.64596,25.33288],[89.64598,25.3336],[89.64618,25.33359],[89.64619,25.33395],[89.64638,25.33395],[89.64639,25.33431],[89.64659,25.33431],[89.6466,25.33467],[89.6468,25.33466],[89.64702,25.33574],[89.64722,25.33574],[89.64723,25.3361],[89.64742,25.3361],[89.64743,25.33646],[89.64763,25.33645],[89.64764,25.337],[89.64784,25.33699],[89.64785,25.33735],[89.64825,25.33753],[89.64826,25.33807],[89.64846,25.33806],[89.64847,25.33843],[89.64867,25.33842],[89.64889,25.3395],[89.64909,25.3395],[89.64911,25.34058],[89.64931,25.34058],[89.64932,25.3413],[89.64952,25.34129],[89.64955,25.34256],[89.64975,25.34255],[89.64978,25.34382],[89.64998,25.34381],[89.65,25.34508],[89.6502,25.34507],[89.65023,25.34615],[89.65042,25.34615],[89.65044,25.34669],[89.65063,25.34669],[89.65065,25.34723],[89.65084,25.34723],[89.65088,25.34885],[89.65108,25.34885],[89.65109,25.34957],[89.65129,25.34956],[89.65132,25.35065],[89.65151,25.35064],[89.65153,25.35155],[89.65173,25.35154],[89.65174,25.35208],[89.65194,25.35208],[89.65196,25.35262],[89.65215,25.35262],[89.65217,25.35334],[89.65178,25.35353],[89.65178,25.35371],[89.65158,25.35371],[89.65159,25.35425],[89.65179,25.35425],[89.6518,25.35461],[89.652,25.35461],[89.65201,25.35497],[89.65221,25.35496],[89.65221,25.35532],[89.65301,25.35531],[89.65321,25.35567],[89.65341,25.35566],[89.65363,25.35638],[89.65383,25.35638],[89.65383,25.35674],[89.65403,25.35674],[89.65404,25.3571],[89.65424,25.35709],[89.65425,25.35745],[89.65444,25.35745],[89.65446,25.35799],[89.65465,25.35799],[89.65466,25.35835],[89.65506,25.35852],[89.65508,25.35906],[89.65527,25.35906],[89.65527,25.3587],[89.65546,25.35869],[89.65546,25.35833],[89.65526,25.35834],[89.65525,25.3578],[89.65505,25.3578],[89.65504,25.35744],[89.65484,25.35744],[89.65483,25.35708],[89.65464,25.35709],[89.65463,25.35672],[89.65443,25.35673],[89.65442,25.35637],[89.65422,25.35637],[89.65421,25.35601],[89.65402,25.35601],[89.65401,25.35565],[89.65381,25.35566],[89.6538,25.3553],[89.6536,25.3553],[89.65359,25.35476],[89.65339,25.35476],[89.65338,25.3544],[89.65319,25.3544],[89.65316,25.35314],[89.65296,25.35314],[89.65294,25.35224],[89.65274,25.35225],[89.65273,25.3517],[89.65253,25.35171],[89.65252,25.35135],[89.65232,25.35135],[89.65231,25.35081],[89.65192,25.35082],[89.6519,25.35028],[89.6523,25.35027],[89.65229,25.34991],[89.65209,25.34991],[89.65208,25.34901],[89.65188,25.34901],[89.65186,25.34847],[89.65206,25.34847],[89.65204,25.34721],[89.65223,25.3472],[89.65221,25.34612],[89.65201,25.34612],[89.65199,25.34522],[89.65179,25.34522],[89.65177,25.34432],[89.65158,25.34433],[89.65156,25.3436],[89.65136,25.34361],[89.65135,25.34289],[89.65115,25.34289],[89.65114,25.34253],[89.65094,25.34253],[89.65093,25.34217],[89.65073,25.34217],[89.65072,25.34145],[89.65052,25.34146],[89.65051,25.34092],[89.65031,25.34092],[89.6503,25.34056],[89.6501,25.34056],[89.65008,25.33948],[89.64988,25.33948],[89.64987,25.33912],[89.64967,25.33913],[89.64967,25.33876],[89.64947,25.33877],[89.64946,25.33841],[89.64926,25.33841],[89.64904,25.33733],[89.64884,25.33734],[89.64883,25.33697],[89.64863,25.33698],[89.64863,25.3368],[89.64843,25.3368],[89.64842,25.33608],[89.64822,25.33608],[89.64821,25.33572],[89.64781,25.33555],[89.6478,25.33519],[89.6476,25.33519],[89.64759,25.33447],[89.64739,25.33447],[89.64738,25.33411],[89.64718,25.33412],[89.64717,25.33339],[89.64697,25.3334],[89.64696,25.33304],[89.64676,25.33304],[89.64675,25.3325],[89.64635,25.33233],[89.64613,25.33161],[89.64594,25.33161],[89.64591,25.33035],[89.64551,25.33018],[89.6455,25.33],[89.64511,25.33],[89.6449,25.32965],[89.6447,25.32965],[89.6447,25.32947],[89.6445,25.32947],[89.64449,25.32911],[89.64409,25.32894],[89.64388,25.32822],[89.64368,25.32822],[89.64367,25.32786],[89.64347,25.32787],[89.64346,25.32751],[89.64327,25.32751],[89.64325,25.32679],[89.64305,25.32679],[89.64304,25.32643],[89.64284,25.32643],[89.64282,25.32535],[89.64262,25.32535],[89.64261,25.32463],[89.64241,25.32464],[89.6424,25.3241],[89.6422,25.3241],[89.64217,25.32284],[89.64237,25.32283],[89.64236,25.32247],[89.64296,25.32246],[89.64296,25.32264],[89.64316,25.32264],[89.64318,25.32336],[89.64357,25.32335],[89.64376,25.32299],[89.64396,25.32298],[89.64396,25.3228],[89.64435,25.3228],[89.64435,25.32262],[89.64495,25.32261],[89.64494,25.32242],[89.64554,25.32241],[89.64553,25.32223],[89.64593,25.32223],[89.64593,25.32205],[89.64632,25.32204],[89.64632,25.32186],[89.64414,25.3219],[89.64413,25.32172],[89.64393,25.32172],[89.64412,25.32136],[89.64432,25.32135],[89.64432,25.32117],[89.64452,25.32117],[89.64451,25.32099],[89.6457,25.32079],[89.64589,25.32042],[89.64609,25.32042],[89.64607,25.3197],[89.64568,25.3197],[89.64549,25.32007],[89.64449,25.32009],[89.64449,25.31973],[89.64468,25.31972],[89.64468,25.31954],[89.64508,25.31953],[89.64507,25.31935],[89.64547,25.31935],[89.64566,25.31898],[89.64606,25.31898],[89.64605,25.3188],[89.64685,25.31878],[89.64684,25.31842],[89.64704,25.31842],[89.64683,25.31806],[89.64644,25.31807],[89.64643,25.31789],[89.64623,25.31789],[89.64622,25.31735],[89.64642,25.31734],[89.64641,25.31698],[89.64621,25.31699],[89.6462,25.31627],[89.6454,25.31592],[89.6454,25.3161],[89.645,25.31611],[89.64501,25.31629],[89.64481,25.31629],[89.6448,25.31593],[89.645,25.31593],[89.645,25.31575],[89.64638,25.31572],[89.64639,25.3159],[89.64758,25.31588],[89.64779,25.3166],[89.64799,25.31659],[89.648,25.31696],[89.6484,25.31713],[89.64841,25.31749],[89.64821,25.31749],[89.64821,25.31767],[89.64782,25.31768],[89.64782,25.31786],[89.64762,25.31786],[89.64763,25.31823],[89.64803,25.31822],[89.64804,25.31894],[89.64785,25.31894],[89.64786,25.31985],[89.64906,25.31982],[89.64926,25.32018],[89.64946,25.32018],[89.64944,25.31928],[89.64904,25.3191],[89.64904,25.31892],[89.64864,25.31893],[89.64864,25.31875],[89.64844,25.31875],[89.64843,25.31839],[89.64922,25.3182],[89.64921,25.31802],[89.65041,25.31799],[89.6504,25.31781],[89.65139,25.3178],[89.65139,25.31762],[89.65218,25.3176],[89.65237,25.31688],[89.65276,25.31669],[89.65276,25.31651],[89.65295,25.31651],[89.65295,25.31632],[89.65315,25.31632],[89.65314,25.31596],[89.65334,25.31596],[89.65333,25.31542],[89.65253,25.31543],[89.65233,25.31507],[89.65213,25.31508],[89.65213,25.3149],[89.65193,25.3149],[89.65192,25.31472],[89.65172,25.31472],[89.65172,25.31454],[89.65152,25.31455],[89.65152,25.31437],[89.65112,25.31437],[89.65112,25.31419],[89.65092,25.3142],[89.65091,25.31383],[89.65051,25.31366],[89.65051,25.31348],[89.65031,25.31348],[89.6503,25.31312],[89.6501,25.31313],[89.65009,25.31241],[89.64989,25.31241],[89.64988,25.31205],[89.64968,25.31205],[89.64967,25.31151],[89.64947,25.31151],[89.64946,25.31115],[89.64966,25.31115],[89.64965,25.31043],[89.64945,25.31043],[89.64943,25.30953],[89.64963,25.30953],[89.64962,25.30935],[89.64942,25.30935],[89.64938,25.30754],[89.64919,25.30755],[89.64917,25.30683],[89.64897,25.30683],[89.64895,25.30593],[89.64875,25.30593],[89.64874,25.30539],[89.64854,25.30539],[89.64854,25.30503],[89.64834,25.30504],[89.64832,25.30413],[89.6491,25.30376],[89.6491,25.30358],[89.6489,25.30358],[89.64888,25.30268],[89.64928,25.30267],[89.64927,25.30231],[89.64907,25.30232],[89.64906,25.30177],[89.64886,25.30178],[89.64885,25.30124],[89.64865,25.30124],[89.64864,25.30088],[89.64824,25.30071],[89.64823,25.30035],[89.64783,25.30017],[89.64783,25.29999],[89.64763,25.3],[89.64763,25.29982],[89.64743,25.29982],[89.64742,25.29946],[89.64722,25.29946],[89.64703,25.29983],[89.64683,25.29983],[89.64684,25.30019],[89.64664,25.30019],[89.64665,25.30037],[89.64685,25.30037],[89.64685,25.30073],[89.64705,25.30073],[89.64706,25.30091],[89.64725,25.3009],[89.64726,25.30127],[89.64746,25.30126],[89.64748,25.30234],[89.64729,25.30235],[89.64729,25.30253],[89.64749,25.30253],[89.6475,25.30289],[89.64769,25.30288],[89.6477,25.30324],[89.6475,25.30325],[89.64752,25.30379],[89.64792,25.30396],[89.64793,25.30468],[89.64813,25.30468],[89.64816,25.30594],[89.64856,25.30612],[89.64857,25.30684],[89.64877,25.30683],[89.64878,25.30701],[89.64858,25.30702],[89.64859,25.30756],[89.64879,25.30756],[89.6488,25.3081],[89.649,25.30809],[89.64901,25.30881],[89.64882,25.30882],[89.64882,25.30918],[89.64863,25.30918],[89.64863,25.30954],[89.64843,25.30955],[89.64849,25.31189],[89.64809,25.31208],[89.6481,25.31226],[89.64373,25.31234],[89.64374,25.31288],[89.64334,25.31289],[89.64334,25.31271],[89.64314,25.31271],[89.64315,25.31289],[89.64255,25.3129],[89.64255,25.31308],[89.64216,25.31309],[89.64197,25.31345],[89.64177,25.31346],[89.64177,25.31364],[89.64157,25.31364],[89.64158,25.31382],[89.64138,25.31383],[89.64138,25.31401],[89.64118,25.31401],[89.64119,25.31419],[89.64099,25.31419],[89.64099,25.31437],[89.6408,25.31438],[89.6408,25.31456],[89.6406,25.31456],[89.64061,25.31474],[89.64041,25.31475],[89.64041,25.31493],[89.64001,25.31493],[89.64002,25.31529],[89.64042,25.31547],[89.64043,25.31565],[89.64003,25.31583],[89.64004,25.31602],[89.63984,25.31602],[89.63984,25.3162],[89.63905,25.31621],[89.63904,25.31603],[89.63885,25.31604],[89.63887,25.31712],[89.63867,25.31712],[89.63868,25.31748],[89.63848,25.31749],[89.63849,25.31785],[89.63829,25.31785],[89.63829,25.31803],[89.6379,25.31804],[89.63791,25.31876],[89.63831,25.31893],[89.63832,25.31929],[89.63852,25.31929],[89.63852,25.31947],[89.63872,25.31947],[89.63876,25.32109],[89.63896,25.32109],[89.63896,25.32127],[89.63856,25.32128],[89.63855,25.32073],[89.63775,25.32057],[89.63775,25.32039],[89.63755,25.32039],[89.63755,25.32057],[89.63716,25.32058],[89.63715,25.3204],[89.63695,25.3204],[89.63695,25.32004],[89.63635,25.32005],[89.63615,25.31969],[89.63595,25.3197],[89.63594,25.31934],[89.63574,25.31934],[89.63593,25.31898],[89.63633,25.31897],[89.63632,25.31879],[89.63673,25.31896],[89.63669,25.31752],[89.63709,25.31733],[89.63708,25.31697],[89.63648,25.31698],[89.63647,25.31644],[89.63627,25.31644],[89.63627,25.31626],[89.63647,25.31626],[89.63646,25.3159],[89.63725,25.31588],[89.63725,25.31552],[89.63764,25.31534],[89.63764,25.31516],[89.63783,25.31515]],[[89.65192,25.351],[89.65172,25.351],[89.65172,25.35082],[89.65192,25.35082],[89.65192,25.351]],[[89.63744,25.31516],[89.63743,25.31498],[89.63763,25.31498],[89.63764,25.31516],[89.63744,25.31516]],[[89.6515,25.34992],[89.6517,25.34992],[89.65171,25.35028],[89.65151,25.35028],[89.6515,25.34992]],[[89.65127,25.34848],[89.65147,25.34848],[89.65147,25.34866],[89.65127,25.34866],[89.65127,25.34848]],[[89.64038,25.32251],[89.64018,25.32251],[89.64017,25.32197],[89.64056,25.32178],[89.64056,25.3216],[89.64075,25.3216],[89.64075,25.32142],[89.64095,25.32141],[89.64094,25.32123],[89.64114,25.32123],[89.64114,25.32105],[89.64134,25.32105],[89.64133,25.32087],[89.64173,25.32086],[89.64173,25.32068],[89.64193,25.32067],[89.64192,25.32031],[89.64212,25.32031],[89.64211,25.32013],[89.6429,25.31993],[89.6429,25.31975],[89.6433,25.31975],[89.64349,25.31938],[89.64388,25.31938],[89.64409,25.31973],[89.64429,25.31973],[89.64429,25.31991],[89.64389,25.31992],[89.6439,25.3201],[89.6435,25.3201],[89.64351,25.32028],[89.64311,25.32029],[89.64311,25.32047],[89.64272,25.32048],[89.64272,25.32084],[89.64233,25.32103],[89.64234,25.32139],[89.64194,25.32158],[89.64195,25.32194],[89.64156,25.32194],[89.64137,25.32231],[89.64117,25.32231],[89.64117,25.32249],[89.64097,25.3225],[89.64098,25.32268],[89.64058,25.32268],[89.64058,25.32286],[89.64038,25.32287],[89.64038,25.32251]],[[89.64405,25.31793],[89.64385,25.31793],[89.64385,25.31775],[89.64424,25.31756],[89.64424,25.31738],[89.64444,25.31738],[89.64443,25.3172],[89.64483,25.31719],[89.64503,25.31755],[89.64523,25.31755],[89.64524,25.31773],[89.64504,25.31773],[89.64505,25.31809],[89.64426,25.31829],[89.64405,25.31793]],[[89.64124,25.31654],[89.64164,25.31653],[89.64164,25.31689],[89.64125,25.3169],[89.64124,25.31654]],[[89.64083,25.31618],[89.64103,25.31618],[89.64104,25.31636],[89.64084,25.31636],[89.64083,25.31618]],[[89.64122,25.31581],[89.64182,25.3158],[89.64183,25.31616],[89.64123,25.31617],[89.64122,25.31581]],[[89.64201,25.31526],[89.6424,25.31525],[89.64241,25.31561],[89.64201,25.31562],[89.64201,25.31526]],[[89.6414,25.31473],[89.64199,25.31472],[89.642,25.3149],[89.6422,25.31489],[89.6422,25.31507],[89.64161,25.31508],[89.6414,25.31473]],[[89.64833,25.31388],[89.64853,25.31388],[89.64853,25.31406],[89.64833,25.31406],[89.64833,25.31388]],[[89.64375,25.31324],[89.64415,25.31323],[89.64414,25.31305],[89.64454,25.31305],[89.64454,25.31323],[89.64474,25.31322],[89.64475,25.31358],[89.64376,25.3136],[89.64375,25.31324]],[[89.63755,25.31101],[89.63774,25.311],[89.63775,25.31136],[89.63795,25.31136],[89.63796,25.3119],[89.63757,25.31209],[89.63755,25.31101]],[[89.64789,25.30288],[89.64829,25.30287],[89.64829,25.30305],[89.6479,25.30306],[89.64789,25.30288]]]}},{"type":"Feature","properties":{"kind":"land","ha":7.9},"geometry":{"type":"Polygon","coordinates":[[[89.68344,25.30314],[89.68363,25.30277],[89.68383,25.30277],[89.68382,25.30259],[89.68402,25.30259],[89.68401,25.30204],[89.68421,25.30204],[89.68418,25.3006],[89.68438,25.30059],[89.68437,25.30023],[89.68457,25.30023],[89.68456,25.30005],[89.68476,25.30005],[89.68475,25.29969],[89.68495,25.29968],[89.68495,25.2995],[89.68475,25.2995],[89.68472,25.29842],[89.68453,25.29843],[89.68452,25.29807],[89.68392,25.29808],[89.68394,25.29898],[89.68374,25.29898],[89.68375,25.29916],[89.68335,25.29917],[89.68314,25.29881],[89.68295,25.29882],[89.68294,25.29864],[89.68274,25.29864],[89.68274,25.29846],[89.68235,25.29865],[89.68236,25.29901],[89.68255,25.299],[89.68256,25.29918],[89.68295,25.29918],[89.68296,25.29954],[89.68316,25.29953],[89.68316,25.29971],[89.68297,25.29972],[89.683,25.30116],[89.6828,25.30116],[89.68281,25.30171],[89.68261,25.30171],[89.68263,25.30225],[89.68243,25.30225],[89.68243,25.30262],[89.68224,25.30262],[89.68244,25.30298],[89.68264,25.30297],[89.68264,25.30315],[89.68344,25.30314]]]}},{"type":"Feature","properties":{"kind":"land","ha":12.2},"geometry":{"type":"Polygon","coordinates":[[[89.62828,25.30485],[89.62845,25.30341],[89.62864,25.3034],[89.62861,25.3016],[89.6288,25.3016],[89.62879,25.30105],[89.62919,25.30087],[89.62898,25.30051],[89.62878,25.30051],[89.62875,25.29907],[89.62835,25.2989],[89.62834,25.29872],[89.62775,25.29873],[89.62756,25.29909],[89.62736,25.2991],[89.62738,25.29982],[89.62718,25.29982],[89.62719,25.30018],[89.62619,25.3002],[89.6262,25.30038],[89.626,25.30038],[89.62601,25.3011],[89.62621,25.3011],[89.62622,25.30146],[89.62642,25.30146],[89.62643,25.302],[89.62663,25.302],[89.62664,25.30236],[89.62683,25.30235],[89.62685,25.30307],[89.62645,25.30308],[89.62625,25.30272],[89.62605,25.30273],[89.62606,25.30327],[89.62626,25.30327],[89.62627,25.30363],[89.62647,25.30362],[89.62647,25.30398],[89.62667,25.30398],[89.62666,25.30344],[89.62706,25.30343],[89.62726,25.30379],[89.62746,25.30379],[89.62747,25.30415],[89.62787,25.30432],[89.62789,25.30504],[89.62828,25.30485]]]}},{"type":"Feature","properties":{"kind":"land","ha":8.7},"geometry":{"type":"Polygon","coordinates":[[[89.65482,25.30203],[89.65501,25.30167],[89.65521,25.30166],[89.65521,25.30148],[89.65541,25.30148],[89.6554,25.30094],[89.65559,25.30094],[89.65558,25.30021],[89.65578,25.30021],[89.65573,25.29786],[89.65553,25.29787],[89.65553,25.29805],[89.65513,25.29806],[89.65518,25.30004],[89.65538,25.30004],[89.65538,25.30022],[89.65499,25.3004],[89.655,25.30095],[89.6544,25.30096],[89.6542,25.3006],[89.6538,25.30061],[89.65339,25.29989],[89.65259,25.29973],[89.65259,25.29955],[89.65219,25.29955],[89.65198,25.2992],[89.65159,25.2992],[89.65158,25.29884],[89.65138,25.29885],[89.65137,25.29866],[89.65098,25.29867],[89.65077,25.29831],[89.65057,25.29832],[89.65058,25.29868],[89.65098,25.29885],[89.6512,25.29957],[89.65139,25.29957],[89.6514,25.29993],[89.6518,25.3001],[89.65182,25.30064],[89.65201,25.30064],[89.65202,25.301],[89.65242,25.30117],[89.65243,25.30135],[89.65262,25.30135],[89.65263,25.30153],[89.65283,25.30153],[89.65283,25.30171],[89.65303,25.3017],[89.65303,25.30188],[89.65323,25.30188],[89.65324,25.30206],[89.65482,25.30203]]]}},{"type":"Feature","properties":{"kind":"land","ha":3.5},"geometry":{"type":"Polygon","coordinates":[[[89.63839,25.30431],[89.63839,25.30413],[89.63859,25.30413],[89.63837,25.30341],[89.63818,25.30341],[89.63816,25.30269],[89.63855,25.3025],[89.63854,25.30214],[89.63835,25.30215],[89.63833,25.30161],[89.63853,25.3016],[89.63851,25.30052],[89.63871,25.30052],[89.63868,25.29907],[89.63888,25.29907],[89.63884,25.29745],[89.63864,25.29745],[89.63866,25.29835],[89.63846,25.29836],[89.63849,25.29944],[89.63829,25.29944],[89.63833,25.30143],[89.63793,25.30143],[89.63793,25.30125],[89.63773,25.30126],[89.63775,25.30198],[89.63755,25.30198],[89.63758,25.30324],[89.63777,25.30324],[89.63779,25.30396],[89.63799,25.30396],[89.638,25.30432],[89.63839,25.30431]]]}},{"type":"Feature","properties":{"kind":"land","ha":7.8},"geometry":{"type":"Polygon","coordinates":[[[89.68172,25.29739],[89.68172,25.29721],[89.68212,25.29721],[89.68212,25.29739],[89.68252,25.29738],[89.68271,25.29702],[89.68291,25.29701],[89.68289,25.29647],[89.6827,25.29647],[89.68269,25.29611],[89.68308,25.29593],[89.68308,25.29574],[89.68328,25.29574],[89.68328,25.2961],[89.68348,25.2961],[89.68349,25.29628],[89.68388,25.29627],[89.68389,25.29663],[89.68409,25.29663],[89.68408,25.29609],[89.68447,25.2959],[89.68447,25.29572],[89.68467,25.29572],[89.68466,25.29554],[89.68486,25.29553],[89.68486,25.29535],[89.68406,25.29537],[89.68407,25.29555],[89.68367,25.29555],[89.68366,25.29501],[89.68386,25.29501],[89.68383,25.29393],[89.68363,25.29393],[89.68363,25.29375],[89.68343,25.29375],[89.68343,25.29393],[89.68304,25.29394],[89.68285,25.29431],[89.68265,25.29431],[89.68266,25.29467],[89.68286,25.29467],[89.68287,25.29521],[89.68227,25.29522],[89.68227,25.29504],[89.68207,25.29504],[89.68226,25.29468],[89.68246,25.29467],[89.68245,25.29431],[89.68126,25.29415],[89.68126,25.29433],[89.68106,25.29434],[89.68107,25.2947],[89.68127,25.29469],[89.68128,25.29524],[89.68108,25.29524],[89.68109,25.29578],[89.68089,25.29578],[89.6809,25.29597],[89.6811,25.29596],[89.6811,25.29632],[89.6813,25.29632],[89.68131,25.2965],[89.68151,25.2965],[89.68153,25.2974],[89.68172,25.29739]]]}},{"type":"Feature","properties":{"kind":"land","ha":8.9},"geometry":{"type":"Polygon","coordinates":[[[89.66995,25.31259],[89.66993,25.31169],[89.67012,25.31168],[89.67012,25.31132],[89.66992,25.31133],[89.66989,25.31024],[89.6697,25.31025],[89.66964,25.3079],[89.66945,25.3079],[89.66943,25.30736],[89.66924,25.30737],[89.66919,25.30538],[89.66899,25.30539],[89.66896,25.30376],[89.66876,25.30377],[89.66873,25.30232],[89.66853,25.30233],[89.6685,25.30106],[89.6683,25.30107],[89.66826,25.29926],[89.66846,25.29926],[89.66836,25.29475],[89.66856,25.29474],[89.66855,25.29438],[89.66875,25.29438],[89.66873,25.29312],[89.66853,25.29312],[89.66855,25.2942],[89.66835,25.29421],[89.66836,25.29457],[89.66816,25.29457],[89.6682,25.2962],[89.668,25.2962],[89.66804,25.29818],[89.66784,25.29819],[89.66794,25.3027],[89.66814,25.30269],[89.66816,25.30378],[89.66836,25.30377],[89.66839,25.30522],[89.66859,25.30521],[89.66862,25.30648],[89.66882,25.30647],[89.66884,25.30719],[89.66903,25.30719],[89.66905,25.30791],[89.66925,25.30791],[89.66928,25.30917],[89.66947,25.30917],[89.66951,25.31079],[89.66971,25.31079],[89.66975,25.31259],[89.66995,25.31259]]]}},{"type":"Feature","properties":{"kind":"land","ha":4.5},"geometry":{"type":"Polygon","coordinates":[[[89.68545,25.29534],[89.68564,25.29498],[89.68584,25.29497],[89.68584,25.29479],[89.68603,25.29479],[89.68602,25.29425],[89.68562,25.29407],[89.68561,25.29371],[89.68581,25.29371],[89.68582,25.29389],[89.68681,25.29387],[89.6868,25.29369],[89.687,25.29369],[89.68698,25.29261],[89.6854,25.29281],[89.6854,25.293],[89.6852,25.293],[89.6852,25.29282],[89.6848,25.29283],[89.6848,25.29265],[89.6844,25.29265],[89.6844,25.29283],[89.6842,25.29284],[89.68422,25.29356],[89.68462,25.29373],[89.68463,25.29391],[89.68482,25.29391],[89.68483,25.29409],[89.68503,25.29409],[89.68504,25.29463],[89.68524,25.29462],[89.68525,25.29516],[89.68505,25.29517],[89.68505,25.29535],[89.68545,25.29534]]]}},{"type":"Feature","properties":{"kind":"land","ha":6.5},"geometry":{"type":"Polygon","coordinates":[[[89.62441,25.30041],[89.62438,25.29915],[89.62558,25.29931],[89.62558,25.29949],[89.62618,25.29948],[89.62615,25.29821],[89.62595,25.29822],[89.62594,25.29786],[89.62575,25.29786],[89.62572,25.2966],[89.62552,25.2966],[89.62548,25.29462],[89.62568,25.29461],[89.62565,25.29353],[89.62545,25.29353],[89.62547,25.29408],[89.62527,25.29408],[89.62529,25.29498],[89.62509,25.29498],[89.6251,25.29571],[89.6249,25.29571],[89.62492,25.29643],[89.62512,25.29643],[89.62513,25.29679],[89.62473,25.29698],[89.62474,25.29716],[89.62454,25.29716],[89.62454,25.29734],[89.62434,25.29734],[89.62435,25.2977],[89.62415,25.29771],[89.62417,25.29825],[89.62397,25.29825],[89.62401,25.30024],[89.62421,25.30023],[89.62421,25.30041],[89.62441,25.30041]],[[89.62535,25.29787],[89.62515,25.29787],[89.62514,25.29733],[89.62554,25.2975],[89.62555,25.29804],[89.62535,25.29805],[89.62535,25.29787]]]}},{"type":"Feature","properties":{"kind":"land","ha":9.5},"geometry":{"type":"Polygon","coordinates":[[[89.66459,25.29464],[89.66457,25.29373],[89.66477,25.29373],[89.66476,25.29319],[89.66495,25.29319],[89.66494,25.29264],[89.66474,25.29265],[89.66472,25.29175],[89.66492,25.29174],[89.66491,25.2912],[89.66511,25.2912],[89.6651,25.29084],[89.6649,25.29084],[89.66489,25.2903],[89.66509,25.2903],[89.66509,25.29012],[89.66489,25.29012],[89.66488,25.28958],[89.66507,25.28957],[89.66506,25.28885],[89.66486,25.28886],[89.66485,25.28849],[89.66465,25.2885],[89.66466,25.28886],[89.66446,25.28886],[89.66447,25.28904],[89.66367,25.28906],[89.66368,25.28942],[89.66348,25.28942],[89.66349,25.28996],[89.66369,25.28996],[89.6637,25.29014],[89.6635,25.29014],[89.6635,25.29032],[89.6637,25.29032],[89.66371,25.29086],[89.66391,25.29086],[89.66392,25.2914],[89.66372,25.2914],[89.66375,25.29267],[89.66355,25.29267],[89.66356,25.29285],[89.66316,25.29286],[89.66295,25.2925],[89.66256,25.29251],[89.66256,25.29269],[89.66236,25.29269],[89.66238,25.29341],[89.66258,25.29341],[89.66258,25.29377],[89.66299,25.29394],[89.66299,25.2943],[89.66319,25.2943],[89.6632,25.29448],[89.66359,25.29447],[89.6636,25.29465],[89.66459,25.29464]]]}},{"type":"Feature","properties":{"kind":"land","ha":12.2},"geometry":{"type":"Polygon","coordinates":[[[89.68684,25.28611],[89.68664,25.28611],[89.68663,25.28575],[89.68643,25.28576],[89.68643,25.28594],[89.68584,25.28595],[89.68565,25.28631],[89.68545,25.28632],[89.68545,25.2865],[89.68526,25.2865],[89.68527,25.28704],[89.68487,25.28705],[89.68486,25.28651],[89.68367,25.28653],[89.68367,25.28671],[89.68347,25.28671],[89.68349,25.28725],[89.68368,25.28725],[89.68368,25.28707],[89.68408,25.28706],[89.68408,25.28724],[89.68428,25.28724],[89.68429,25.2876],[89.68449,25.2876],[89.6845,25.28814],[89.6843,25.28814],[89.68431,25.2885],[89.68391,25.28869],[89.68392,25.28905],[89.68372,25.28906],[89.68374,25.2896],[89.68393,25.28959],[89.68396,25.29068],[89.68376,25.29068],[89.68377,25.29122],[89.68397,25.29122],[89.68397,25.2914],[89.68437,25.29139],[89.68437,25.29121],[89.68457,25.29121],[89.68477,25.29156],[89.68517,25.29156],[89.68517,25.29138],[89.68576,25.29136],[89.68577,25.29173],[89.68617,25.29172],[89.68617,25.2919],[89.68637,25.29189],[89.68636,25.29153],[89.68596,25.29136],[89.68595,25.291],[89.68575,25.291],[89.68575,25.29082],[89.68515,25.29083],[89.68515,25.29065],[89.68495,25.29066],[89.68494,25.2903],[89.68534,25.29011],[89.68533,25.28993],[89.68573,25.2901],[89.6855,25.28866],[89.6853,25.28867],[89.68529,25.28794],[89.68549,25.28794],[89.68547,25.2874],[89.68607,25.28739],[89.68628,25.28775],[89.68647,25.28774],[89.68648,25.28792],[89.68727,25.28773],[89.68727,25.28791],[89.68747,25.2879],[89.68748,25.28826],[89.68708,25.28827],[89.68709,25.28863],[89.68828,25.28861],[89.68806,25.28753],[89.68766,25.28736],[89.68765,25.28718],[89.68745,25.28718],[89.68745,25.287],[89.68725,25.28701],[89.68724,25.28628],[89.68684,25.28629],[89.68684,25.28611]],[[89.68684,25.28647],[89.68704,25.28647],[89.68705,25.28683],[89.68645,25.28684],[89.68645,25.28666],[89.68625,25.28666],[89.68624,25.2863],[89.68684,25.28629],[89.68684,25.28647]],[[89.68768,25.28826],[89.68788,25.28826],[89.68788,25.28844],[89.68768,25.28844],[89.68768,25.28826]]]}},{"type":"Feature","properties":{"kind":"land","ha":4.5},"geometry":{"type":"Polygon","coordinates":[[[89.6587,25.28879],[89.6587,25.28861],[89.6589,25.2886],[89.65889,25.28806],[89.65988,25.28804],[89.65984,25.28642],[89.65965,25.28642],[89.65964,25.28606],[89.65944,25.28607],[89.65942,25.28516],[89.65922,25.28517],[89.65922,25.28499],[89.65882,25.28499],[89.65882,25.28517],[89.65863,25.28518],[89.65864,25.2859],[89.65884,25.2859],[89.65884,25.28608],[89.65864,25.28608],[89.65865,25.28644],[89.65845,25.28644],[89.65848,25.28753],[89.65868,25.28752],[89.65868,25.2877],[89.65809,25.28771],[89.65809,25.2879],[89.65789,25.2879],[89.65789,25.28808],[89.65809,25.28808],[89.6581,25.28862],[89.6583,25.28861],[89.65831,25.28879],[89.6587,25.28879]]]}},{"type":"Feature","properties":{"kind":"land","ha":58.0},"geometry":{"type":"Polygon","coordinates":[[[89.63185,25.29559],[89.63185,25.29577],[89.63166,25.29577],[89.63166,25.29613],[89.63186,25.29613],[89.63187,25.29667],[89.63207,25.29666],[89.63209,25.29739],[89.63229,25.29738],[89.63229,25.29774],[89.63249,25.29774],[89.6325,25.29792],[89.6327,25.29792],[89.6327,25.29828],[89.6329,25.29827],[89.63291,25.29882],[89.63331,25.29899],[89.63331,25.29881],[89.63391,25.2988],[89.63391,25.29898],[89.63411,25.29897],[89.63412,25.29934],[89.63491,25.29914],[89.63489,25.2986],[89.63449,25.29843],[89.63449,25.29825],[89.63389,25.29826],[89.6337,25.29862],[89.63351,25.29862],[89.6333,25.29827],[89.6331,25.29827],[89.6331,25.29809],[89.6329,25.29809],[89.63287,25.29701],[89.63307,25.29701],[89.63306,25.29647],[89.63345,25.29628],[89.63345,25.2961],[89.63365,25.29609],[89.63364,25.29555],[89.63384,25.29555],[89.63383,25.29519],[89.63403,25.29519],[89.63402,25.29501],[89.63442,25.295],[89.63424,25.29572],[89.63464,25.2959],[89.63464,25.29608],[89.63503,25.29589],[89.63503,25.29553],[89.63542,25.29534],[89.63542,25.29516],[89.63561,25.29516],[89.6358,25.29443],[89.636,25.29443],[89.63598,25.29389],[89.63618,25.29388],[89.63617,25.29352],[89.63657,25.29334],[89.63656,25.29279],[89.63675,25.29279],[89.63673,25.29189],[89.63693,25.29188],[89.63693,25.2917],[89.63713,25.2917],[89.63715,25.2926],[89.63755,25.29278],[89.63757,25.29386],[89.63777,25.29386],[89.63777,25.29404],[89.63837,25.29403],[89.63856,25.29366],[89.63876,25.29366],[89.63873,25.29257],[89.63893,25.29257],[89.63893,25.29221],[89.63912,25.29221],[89.63914,25.29293],[89.63894,25.29293],[89.63895,25.29347],[89.63915,25.29347],[89.63914,25.29311],[89.63954,25.2931],[89.63973,25.29274],[89.63993,25.29273],[89.64011,25.29201],[89.63991,25.29201],[89.63989,25.29111],[89.64009,25.29111],[89.64009,25.29093],[89.64049,25.29092],[89.64049,25.29128],[89.6403,25.29128],[89.6403,25.29164],[89.6401,25.29165],[89.64011,25.29183],[89.6409,25.29163],[89.64091,25.29199],[89.6411,25.29199],[89.64112,25.29253],[89.64131,25.29253],[89.64133,25.29307],[89.64152,25.29307],[89.64154,25.29361],[89.64174,25.2936],[89.64174,25.29396],[89.64214,25.29414],[89.64215,25.29432],[89.64254,25.29431],[89.64275,25.29467],[89.64315,25.29466],[89.64315,25.29484],[89.64335,25.29484],[89.64314,25.29412],[89.64294,25.29412],[89.64293,25.29376],[89.64273,25.29377],[89.64272,25.29341],[89.64252,25.29341],[89.64252,25.29305],[89.64232,25.29305],[89.64231,25.29269],[89.64191,25.29252],[89.64191,25.29234],[89.64171,25.29234],[89.64148,25.2909],[89.64108,25.29091],[89.64087,25.29055],[89.64068,25.29055],[89.64066,25.28983],[89.64046,25.28984],[89.64045,25.2893],[89.64025,25.2893],[89.64023,25.2884],[89.64003,25.2884],[89.64002,25.28786],[89.63982,25.28786],[89.63982,25.2875],[89.63962,25.28751],[89.63961,25.28714],[89.63941,25.28715],[89.6394,25.28661],[89.6392,25.28661],[89.63919,25.28625],[89.63879,25.28608],[89.63878,25.28572],[89.63859,25.28572],[89.63857,25.28482],[89.63837,25.28482],[89.63838,25.28536],[89.63798,25.28537],[89.63799,25.28555],[89.63759,25.28556],[89.63738,25.2852],[89.63699,25.28521],[89.63699,25.28539],[89.63679,25.28539],[89.637,25.28575],[89.6372,25.28574],[89.63721,25.28647],[89.63682,25.28665],[89.63683,25.28719],[89.63663,25.2872],[89.63665,25.28792],[89.63685,25.28792],[89.63685,25.28828],[89.63666,25.28828],[89.63666,25.28864],[89.63647,25.28864],[89.63648,25.28919],[89.63608,25.28937],[89.63609,25.28955],[89.63589,25.28956],[89.63589,25.28974],[89.6357,25.28974],[89.6357,25.28992],[89.6353,25.28993],[89.63531,25.29011],[89.63431,25.29013],[89.63431,25.28995],[89.63391,25.28995],[89.63391,25.28977],[89.63331,25.28978],[89.63332,25.28996],[89.63312,25.28997],[89.63313,25.29051],[89.63333,25.29051],[89.63335,25.29123],[89.63315,25.29123],[89.63315,25.29159],[89.63276,25.29178],[89.63277,25.29196],[89.63257,25.29196],[89.63257,25.29232],[89.63178,25.29252],[89.63199,25.29288],[89.63159,25.29288],[89.63159,25.2927],[89.63099,25.29271],[89.63079,25.29236],[89.63059,25.29236],[89.63059,25.29218],[89.63019,25.29219],[89.6302,25.29273],[89.6304,25.29272],[89.63041,25.29308],[89.63061,25.29308],[89.63061,25.29344],[89.63101,25.29362],[89.63102,25.2938],[89.63181,25.29378],[89.63202,25.29414],[89.63222,25.29414],[89.63225,25.29576],[89.63185,25.29559]],[[89.63245,25.29576],[89.63245,25.29594],[89.63226,25.29594],[89.63225,25.29576],[89.63245,25.29576]],[[89.63534,25.29173],[89.63613,25.29136],[89.63614,25.2919],[89.63594,25.2919],[89.63595,25.29226],[89.63575,25.29227],[89.63575,25.29245],[89.63536,25.29245],[89.63534,25.29173]],[[89.63932,25.29202],[89.63892,25.29203],[89.63891,25.29167],[89.63931,25.29166],[89.63932,25.29202]],[[89.63931,25.29148],[89.63911,25.29148],[89.6391,25.29094],[89.63929,25.29094],[89.6393,25.29112],[89.6397,25.29111],[89.6397,25.29129],[89.6395,25.2913],[89.63951,25.29166],[89.63931,25.29166],[89.63931,25.29148]],[[89.64108,25.29109],[89.64128,25.29109],[89.64129,25.29145],[89.64109,25.29145],[89.64108,25.29109]],[[89.6361,25.29028],[89.6363,25.29027],[89.63629,25.28973],[89.63649,25.28973],[89.63648,25.28937],[89.63668,25.28936],[89.63667,25.289],[89.63687,25.289],[89.63686,25.28864],[89.63706,25.28863],[89.63705,25.28809],[89.63744,25.2879],[89.63743,25.28754],[89.63763,25.28754],[89.63763,25.28736],[89.63803,25.28735],[89.63805,25.28826],[89.63785,25.28826],[89.63786,25.28898],[89.63766,25.28898],[89.63767,25.28934],[89.63728,25.28953],[89.6371,25.29026],[89.6367,25.29045],[89.63671,25.29099],[89.63612,25.291],[89.6361,25.29028]]]}},{"type":"Feature","properties":{"kind":"land","ha":4.2},"geometry":{"type":"Polygon","coordinates":[[[89.66482,25.28687],[89.6648,25.28633],[89.6652,25.28614],[89.66518,25.28542],[89.66538,25.28542],[89.66536,25.2847],[89.66576,25.28451],[89.66575,25.28415],[89.66535,25.28415],[89.66535,25.28397],[89.66495,25.28398],[89.66495,25.2838],[89.66475,25.2838],[89.66474,25.28344],[89.66415,25.28345],[89.66416,25.284],[89.66396,25.284],[89.66396,25.28418],[89.66416,25.28418],[89.66417,25.28472],[89.66398,25.28472],[89.66401,25.28634],[89.66421,25.28634],[89.66422,25.2867],[89.66442,25.2867],[89.66442,25.28688],[89.66482,25.28687]]]}},{"type":"Feature","properties":{"kind":"land","ha":11.0},"geometry":{"type":"Polygon","coordinates":[[[89.68902,25.28625],[89.689,25.28535],[89.6892,25.28535],[89.68919,25.2848],[89.6872,25.28484],[89.6872,25.28466],[89.6874,25.28466],[89.68739,25.2843],[89.68759,25.28429],[89.68756,25.28303],[89.68816,25.28302],[89.68815,25.28284],[89.68835,25.28283],[89.68835,25.28265],[89.68795,25.28266],[89.68795,25.28248],[89.68775,25.28248],[89.68774,25.28212],[89.68754,25.28213],[89.68754,25.28195],[89.68774,25.28194],[89.68773,25.28158],[89.68753,25.28159],[89.68753,25.28177],[89.68694,25.28178],[89.68694,25.28196],[89.68655,25.28196],[89.68636,25.28233],[89.68616,25.28233],[89.68616,25.28251],[89.68557,25.28252],[89.68557,25.28288],[89.68518,25.28289],[89.68518,25.28307],[89.68498,25.28308],[89.68499,25.28344],[89.68519,25.28343],[89.6852,25.28397],[89.68481,25.28416],[89.68481,25.28434],[89.68521,25.28434],[89.68521,25.28452],[89.68501,25.28452],[89.68504,25.2856],[89.68484,25.28561],[89.68484,25.28579],[89.68603,25.28576],[89.68603,25.28558],[89.68583,25.28559],[89.68582,25.28523],[89.68682,25.28521],[89.68702,25.28557],[89.68861,25.28554],[89.68882,25.28589],[89.68862,25.2859],[89.68863,25.28626],[89.68902,25.28625]]]}},{"type":"Feature","properties":{"kind":"land","ha":4.7},"geometry":{"type":"Polygon","coordinates":[[[89.65841,25.28446],[89.6584,25.28392],[89.65879,25.28373],[89.65879,25.28355],[89.65899,25.28355],[89.65898,25.28337],[89.65918,25.28336],[89.65917,25.28282],[89.65956,25.28263],[89.65955,25.28209],[89.65975,25.28209],[89.65975,25.28191],[89.65994,25.28191],[89.65995,25.28209],[89.66054,25.28208],[89.66054,25.28189],[89.66074,25.28189],[89.66072,25.28117],[89.65994,25.28154],[89.65993,25.28136],[89.65953,25.28137],[89.65933,25.28101],[89.65913,25.28102],[89.65894,25.28138],[89.65874,25.28139],[89.65875,25.28157],[89.65855,25.28157],[89.65856,25.28211],[89.65836,25.28211],[89.65838,25.28284],[89.65818,25.28284],[89.65818,25.28302],[89.65778,25.28303],[89.65759,25.28339],[89.6574,25.2834],[89.65741,25.28394],[89.65781,25.28411],[89.65781,25.28429],[89.65801,25.28429],[89.65801,25.28447],[89.65841,25.28446]]]}},{"type":"Feature","properties":{"kind":"land","ha":4.1},"geometry":{"type":"Polygon","coordinates":[[[89.68554,25.28144],[89.68573,25.28108],[89.68593,25.28107],[89.68593,25.28089],[89.68613,25.28089],[89.68612,25.28071],[89.68632,25.28071],[89.68653,25.28106],[89.68672,25.28106],[89.68673,25.28124],[89.68693,25.28124],[89.68693,25.28142],[89.68733,25.28141],[89.68732,25.28105],[89.68712,25.28105],[89.6871,25.28015],[89.6867,25.28016],[89.6867,25.27998],[89.6865,25.27998],[89.68649,25.27962],[89.6863,25.27962],[89.68629,25.27944],[89.68589,25.27945],[89.68589,25.27927],[89.68609,25.27927],[89.68608,25.2789],[89.68588,25.27891],[89.68587,25.27855],[89.68568,25.27855],[89.68567,25.27837],[89.68528,25.27838],[89.68529,25.2791],[89.68509,25.2791],[89.68531,25.27982],[89.68511,25.27982],[89.68512,25.28019],[89.68552,25.28036],[89.68553,25.28072],[89.68493,25.28073],[89.68493,25.28091],[89.68474,25.28091],[89.68494,25.28127],[89.68514,25.28127],[89.68514,25.28145],[89.68554,25.28144]]]}},{"type":"Feature","properties":{"kind":"land","ha":3.6},"geometry":{"type":"Polygon","coordinates":[[[89.63078,25.28261],[89.63097,25.28224],[89.63117,25.28224],[89.63116,25.28188],[89.63136,25.28188],[89.63135,25.2817],[89.63215,25.28168],[89.63214,25.2815],[89.63254,25.28149],[89.63252,25.28077],[89.63233,25.28078],[89.63231,25.28024],[89.63212,25.28024],[89.6321,25.27934],[89.6317,25.27952],[89.63171,25.2797],[89.63151,25.27971],[89.63152,25.28025],[89.63192,25.28042],[89.63174,25.28115],[89.63134,25.28134],[89.63134,25.28116],[89.63114,25.28116],[89.63113,25.28062],[89.63073,25.28062],[89.63055,25.28135],[89.63016,25.28154],[89.63017,25.2819],[89.62997,25.2819],[89.62998,25.28262],[89.63078,25.28261]]]}},{"type":"Feature","properties":{"kind":"land","ha":6.4},"geometry":{"type":"Polygon","coordinates":[[[89.63495,25.28272],[89.63514,25.28235],[89.63554,25.28234],[89.63573,25.28198],[89.63652,25.28178],[89.63651,25.2816],[89.63731,25.28159],[89.6371,25.28123],[89.6373,25.28123],[89.63727,25.28015],[89.63747,25.28014],[89.63747,25.27978],[89.63707,25.27979],[89.63706,25.27961],[89.63607,25.27963],[89.63607,25.27945],[89.63627,25.27944],[89.63626,25.27908],[89.63547,25.2791],[89.63526,25.27874],[89.63487,25.27893],[89.63487,25.27911],[89.63467,25.27911],[89.63468,25.27965],[89.63448,25.27966],[89.63449,25.27984],[89.63409,25.27984],[89.6341,25.2802],[89.6345,25.2802],[89.6347,25.28055],[89.6349,25.28055],[89.6349,25.28037],[89.6351,25.28037],[89.63508,25.27964],[89.63528,25.27964],[89.63527,25.27946],[89.63567,25.27945],[89.63548,25.27982],[89.63528,25.27982],[89.63529,25.28],[89.63569,25.28018],[89.63569,25.28036],[89.63589,25.28035],[89.6359,25.28071],[89.6361,25.28071],[89.6361,25.28089],[89.63571,25.28108],[89.63571,25.28126],[89.63551,25.28126],[89.63552,25.28144],[89.63512,25.28145],[89.63494,25.28217],[89.63454,25.28236],[89.63455,25.28272],[89.63495,25.28272]]]}},{"type":"Feature","properties":{"kind":"land","ha":9.8},"geometry":{"type":"Polygon","coordinates":[[[89.66252,25.28186],[89.66271,25.28149],[89.66291,25.28149],[89.66291,25.28131],[89.66331,25.2813],[89.6633,25.28112],[89.6635,25.28112],[89.6635,25.28094],[89.66389,25.28093],[89.66408,25.28057],[89.66428,25.28056],[89.66428,25.28038],[89.66508,25.28073],[89.66508,25.28055],[89.66567,25.28054],[89.66567,25.28036],[89.66606,25.28035],[89.66627,25.28071],[89.66667,25.2807],[89.66685,25.27998],[89.66665,25.27998],[89.66664,25.27962],[89.66684,25.27961],[89.66684,25.27943],[89.66723,25.27943],[89.66742,25.27906],[89.66762,25.27906],[89.66763,25.27924],[89.66802,25.27923],[89.66803,25.27941],[89.66842,25.27941],[89.66862,25.27904],[89.66881,25.27904],[89.66881,25.27886],[89.66901,25.27885],[89.669,25.27867],[89.6694,25.27867],[89.66939,25.27831],[89.66959,25.2783],[89.66958,25.27794],[89.66978,25.27794],[89.66978,25.27776],[89.66879,25.27777],[89.66879,25.27796],[89.66859,25.27796],[89.6686,25.27832],[89.6684,25.27832],[89.66841,25.2785],[89.66801,25.27851],[89.66801,25.27869],[89.66603,25.27873],[89.66602,25.27855],[89.66523,25.27856],[89.66504,25.27893],[89.66464,25.27893],[89.66465,25.27911],[89.66445,25.27912],[89.66445,25.2793],[89.66366,25.27931],[89.66366,25.27949],[89.66346,25.2795],[89.66348,25.28004],[89.66328,25.28004],[89.66329,25.2804],[89.66289,25.28059],[89.6629,25.28077],[89.6627,25.28077],[89.6627,25.28095],[89.6625,25.28096],[89.66251,25.28114],[89.66231,25.28114],[89.66213,25.28187],[89.66252,25.28186]]]}},{"type":"Feature","properties":{"kind":"land","ha":7.7},"geometry":{"type":"Polygon","coordinates":[[[89.64364,25.28094],[89.64364,25.28075],[89.64384,25.28075],[89.64383,25.28021],[89.64422,25.28002],[89.64422,25.27984],[89.64441,25.27984],[89.64441,25.27948],[89.64461,25.27947],[89.6446,25.27929],[89.6448,25.27929],[89.64478,25.27857],[89.64518,25.27838],[89.64517,25.2782],[89.64557,25.27819],[89.64576,25.27783],[89.64596,25.27783],[89.64595,25.27764],[89.64674,25.27745],[89.64674,25.27709],[89.64694,25.27709],[89.64692,25.27636],[89.64652,25.27637],[89.64653,25.27655],[89.64613,25.27656],[89.64613,25.27674],[89.64594,25.27674],[89.64594,25.2771],[89.64555,25.27729],[89.64556,25.27765],[89.64536,25.27766],[89.64537,25.27802],[89.64457,25.27803],[89.64458,25.27821],[89.64418,25.27822],[89.64418,25.2784],[89.64399,25.2784],[89.64399,25.27858],[89.64359,25.27859],[89.64339,25.27823],[89.64359,25.27823],[89.64357,25.27769],[89.64377,25.27768],[89.64393,25.27588],[89.64353,25.27588],[89.64334,25.27625],[89.64295,25.27625],[89.64295,25.27662],[89.64276,25.27662],[89.64278,25.2777],[89.64258,25.27771],[89.64259,25.27789],[89.64278,25.27788],[89.6428,25.27842],[89.64299,25.27842],[89.64301,25.27896],[89.64281,25.27896],[89.64281,25.27915],[89.64301,25.27914],[89.64302,25.27968],[89.64342,25.27986],[89.64343,25.28022],[89.64323,25.28022],[89.64325,25.28094],[89.64364,25.28094]]]}},{"type":"Feature","properties":{"kind":"land","ha":15.1},"geometry":{"type":"Polygon","coordinates":[[[89.63524,25.27784],[89.63524,25.27766],[89.63543,25.27765],[89.63543,25.27747],[89.63583,25.27765],[89.63583,25.27783],[89.63623,25.27782],[89.63642,25.27745],[89.63722,25.27744],[89.63741,25.27708],[89.63761,25.27707],[89.6376,25.27671],[89.63799,25.27652],[89.63799,25.27634],[89.63818,25.27634],[89.63815,25.2749],[89.63796,25.2749],[89.63794,25.27436],[89.63834,25.27417],[89.63833,25.27381],[89.63853,25.27381],[89.63852,25.27327],[89.63812,25.27345],[89.63813,25.27363],[89.63793,25.27364],[89.63793,25.27382],[89.63773,25.27382],[89.63774,25.27418],[89.63754,25.27419],[89.63755,25.27437],[89.63655,25.27438],[89.63636,25.27475],[89.63597,25.27476],[89.63597,25.27494],[89.63577,25.27494],[89.63578,25.27512],[89.63538,25.27513],[89.63538,25.27531],[89.63479,25.27532],[89.63479,25.2755],[89.6344,25.27551],[89.6342,25.27587],[89.63341,25.27588],[89.63341,25.27606],[89.63302,25.27607],[89.63283,25.27644],[89.63204,25.27663],[89.63185,25.27699],[89.63165,25.277],[89.63166,25.27736],[89.63146,25.27736],[89.63146,25.27754],[89.63245,25.27753],[89.63245,25.27735],[89.63265,25.27734],[89.63265,25.27752],[89.63345,25.27751],[89.63344,25.27733],[89.63443,25.27731],[89.63443,25.27713],[89.63483,25.27712],[89.63464,25.27749],[89.63444,25.27749],[89.63444,25.27767],[89.63484,25.27784],[89.63485,25.27802],[89.63524,25.27784]],[[89.63421,25.27623],[89.63441,25.27623],[89.63441,25.27641],[89.63422,25.27641],[89.63421,25.27623]]]}},{"type":"Feature","properties":{"kind":"land","ha":19.1},"geometry":{"type":"Polygon","coordinates":[[[89.67374,25.2775],[89.67376,25.27823],[89.67356,25.27823],[89.67357,25.27859],[89.67337,25.27859],[89.67338,25.27896],[89.67318,25.27896],[89.67319,25.27932],[89.67299,25.27932],[89.673,25.27968],[89.6726,25.27987],[89.67261,25.28005],[89.67241,25.28006],[89.67242,25.2806],[89.67203,25.28078],[89.67202,25.2806],[89.67163,25.28061],[89.67164,25.28097],[89.67144,25.28098],[89.67147,25.28242],[89.67127,25.28242],[89.67129,25.28314],[89.67109,25.28315],[89.67112,25.28459],[89.67151,25.2844],[89.67151,25.28422],[89.67171,25.28422],[89.67169,25.28332],[89.67189,25.28331],[89.67184,25.28133],[89.67224,25.2815],[89.67225,25.28186],[89.67245,25.28186],[89.67245,25.28204],[89.67265,25.28204],[89.67287,25.28275],[89.67306,25.28275],[89.67307,25.28293],[89.67346,25.28292],[89.67343,25.28148],[89.67363,25.28148],[89.67362,25.28112],[89.67382,25.28111],[89.67381,25.28039],[89.674,25.28039],[89.674,25.28003],[89.67439,25.27984],[89.67439,25.27966],[89.67458,25.27966],[89.67458,25.27929],[89.67537,25.2791],[89.67556,25.27874],[89.67595,25.27873],[89.67595,25.27855],[89.67675,25.27889],[89.67674,25.27853],[89.67654,25.27854],[89.67653,25.27763],[89.67633,25.27764],[89.67631,25.27692],[89.67651,25.27691],[89.67651,25.27673],[89.6769,25.27673],[89.67687,25.27546],[89.67707,25.27546],[89.67706,25.2751],[89.67726,25.27509],[89.67726,25.27473],[89.67745,25.27473],[89.67745,25.27437],[89.67764,25.27437],[89.67764,25.274],[89.67783,25.274],[89.67783,25.27364],[89.67822,25.27345],[89.67822,25.27327],[89.67841,25.27327],[89.67841,25.27309],[89.67881,25.27308],[89.67883,25.27398],[89.67903,25.27398],[89.67903,25.27434],[89.67923,25.27434],[89.67924,25.27452],[89.67943,25.27451],[89.67942,25.27397],[89.67922,25.27398],[89.67921,25.27325],[89.67941,25.27325],[89.6794,25.27307],[89.68,25.27306],[89.67999,25.27288],[89.6798,25.27288],[89.67979,25.27252],[89.67939,25.27235],[89.67938,25.27217],[89.67918,25.27217],[89.67917,25.27163],[89.67858,25.27164],[89.67858,25.27182],[89.67818,25.27183],[89.6782,25.27237],[89.678,25.27237],[89.67801,25.27273],[89.67781,25.27274],[89.67781,25.2731],[89.67762,25.2731],[89.67762,25.27346],[89.67723,25.27365],[89.67724,25.27401],[89.67704,25.27402],[89.67687,25.2751],[89.67667,25.27511],[89.67669,25.27601],[89.67609,25.27602],[89.6759,25.27638],[89.6757,25.27639],[89.67571,25.27657],[89.67551,25.27657],[89.67551,25.27675],[89.67531,25.27675],[89.67533,25.2773],[89.67394,25.27732],[89.67394,25.2775],[89.67374,25.2775]],[[89.67414,25.2775],[89.67415,25.27804],[89.67395,25.27804],[89.67394,25.2775],[89.67414,25.2775]]]}},{"type":"Feature","properties":{"kind":"land","ha":4.2},"geometry":{"type":"Polygon","coordinates":[[[89.64669,25.2751],[89.64669,25.27474],[89.64708,25.27456],[89.64707,25.27438],[89.64727,25.27437],[89.64727,25.27401],[89.64746,25.27401],[89.64745,25.27347],[89.64765,25.27346],[89.64764,25.2731],[89.64744,25.27311],[89.64744,25.27274],[89.64764,25.27274],[89.64763,25.27238],[89.64783,25.27238],[89.64782,25.2722],[89.64802,25.27219],[89.64801,25.27183],[89.64781,25.27184],[89.64781,25.27166],[89.64801,25.27165],[89.64799,25.27093],[89.6474,25.27094],[89.64741,25.27166],[89.64721,25.27167],[89.64722,25.27203],[89.64683,25.27221],[89.64683,25.27239],[89.64664,25.2724],[89.64665,25.27312],[89.64645,25.27312],[89.64646,25.27348],[89.64626,25.27349],[89.64627,25.27367],[89.64607,25.27367],[89.64607,25.27385],[89.64627,25.27385],[89.64629,25.27475],[89.64609,25.27475],[89.6461,25.27512],[89.6459,25.27512],[89.64591,25.27548],[89.64669,25.2751]]]}},{"type":"Feature","properties":{"kind":"land","ha":9.5},"geometry":{"type":"Polygon","coordinates":[[[89.67185,25.27249],[89.67185,25.27285],[89.67166,25.27285],[89.67167,25.27357],[89.67187,25.27357],[89.67188,25.27393],[89.67149,25.27412],[89.67151,25.2752],[89.6719,25.27501],[89.67189,25.27465],[89.67229,25.27446],[89.67228,25.27428],[89.67248,25.27428],[89.67247,25.27374],[89.67267,25.27373],[89.67266,25.27337],[89.67286,25.27337],[89.67285,25.27301],[89.67324,25.27282],[89.67324,25.27264],[89.67344,25.27264],[89.67343,25.27228],[89.67363,25.27227],[89.67361,25.27137],[89.67341,25.27137],[89.67341,25.27119],[89.6736,25.27119],[89.6736,25.27083],[89.6738,25.27083],[89.67379,25.27065],[89.67419,25.27064],[89.67418,25.27028],[89.67438,25.27027],[89.67437,25.26973],[89.67417,25.26974],[89.67416,25.26956],[89.67377,25.26956],[89.67358,25.26993],[89.67298,25.26994],[89.67278,25.26958],[89.67258,25.26958],[89.67274,25.26814],[89.67314,25.26795],[89.67313,25.26777],[89.67333,25.26777],[89.67333,25.26759],[89.67353,25.26758],[89.67352,25.2674],[89.67332,25.2674],[89.67332,25.26704],[89.67292,25.26705],[89.67292,25.26723],[89.67272,25.26724],[89.67274,25.26796],[89.67254,25.26796],[89.67255,25.26832],[89.67215,25.26833],[89.67217,25.26905],[89.67197,25.26905],[89.67202,25.27122],[89.67182,25.27122],[89.67184,25.2723],[89.67204,25.2723],[89.67204,25.27248],[89.67185,25.27249]],[[89.67244,25.27229],[89.67243,25.27211],[89.67283,25.27211],[89.67284,25.27247],[89.67245,25.27265],[89.67245,25.27302],[89.67206,25.27302],[89.67204,25.27248],[89.67244,25.27229]]]}},{"type":"Feature","properties":{"kind":"land","ha":49.4},"geometry":{"type":"Polygon","coordinates":[[[89.70108,25.28386],[89.7011,25.28495],[89.7009,25.28495],[89.70092,25.28585],[89.70073,25.28586],[89.70074,25.2864],[89.70054,25.2864],[89.70055,25.28676],[89.70035,25.28677],[89.70037,25.28749],[89.70017,25.28749],[89.70019,25.28857],[89.69999,25.28858],[89.7,25.28912],[89.69981,25.28912],[89.69981,25.28948],[89.69962,25.28949],[89.69963,25.29003],[89.69983,25.29002],[89.69983,25.2902],[89.69963,25.29021],[89.69965,25.29093],[89.69945,25.29093],[89.69946,25.29148],[89.69926,25.29148],[89.69929,25.29256],[89.69909,25.29256],[89.6991,25.29311],[89.6989,25.29311],[89.69891,25.29329],[89.69871,25.29329],[89.6987,25.29311],[89.69831,25.29312],[89.69831,25.29348],[89.69812,25.29349],[89.69813,25.29403],[89.69853,25.2942],[89.69854,25.29492],[89.69874,25.29492],[89.69876,25.29564],[89.69856,25.29564],[89.69859,25.29709],[89.69839,25.29709],[89.6984,25.29745],[89.6982,25.29745],[89.69821,25.29781],[89.69782,25.298],[89.69764,25.29873],[89.69744,25.29873],[89.69745,25.29945],[89.69686,25.29946],[89.69687,25.30001],[89.69667,25.30001],[89.69668,25.30055],[89.69688,25.30055],[89.69687,25.30019],[89.69727,25.3],[89.69726,25.29982],[89.69766,25.29999],[89.69769,25.30107],[89.69749,25.30108],[89.69751,25.3018],[89.6977,25.30179],[89.69772,25.30252],[89.69733,25.3027],[89.69734,25.30307],[89.69714,25.30307],[89.69714,25.30325],[89.69734,25.30325],[89.69735,25.30361],[89.69775,25.30378],[89.69775,25.30396],[89.69795,25.30396],[89.69796,25.30432],[89.69776,25.30432],[89.69777,25.30468],[89.69717,25.30469],[89.69697,25.30434],[89.69677,25.30434],[89.69674,25.30326],[89.69694,25.30325],[89.69694,25.30307],[89.69674,25.30308],[89.69674,25.3029],[89.69693,25.30289],[89.69692,25.30235],[89.69712,25.30235],[89.69711,25.30199],[89.69691,25.30199],[89.69689,25.30091],[89.69649,25.30091],[89.69652,25.302],[89.69632,25.302],[89.69634,25.30272],[89.69653,25.30272],[89.69654,25.30308],[89.69634,25.30308],[89.69635,25.30344],[89.69615,25.30345],[89.69617,25.30417],[89.69637,25.30417],[89.69642,25.30633],[89.69622,25.30633],[89.69624,25.30724],[89.69644,25.30723],[89.69644,25.30741],[89.69683,25.30723],[89.69682,25.30686],[89.69702,25.30686],[89.69702,25.30668],[89.69722,25.30668],[89.69721,25.30614],[89.69681,25.30614],[89.69659,25.30543],[89.69699,25.30524],[89.69698,25.30506],[89.69778,25.30522],[89.6978,25.30612],[89.6982,25.3063],[89.69818,25.3054],[89.69838,25.30539],[89.69837,25.30503],[89.69857,25.30503],[89.69855,25.30413],[89.69875,25.30412],[89.6987,25.30178],[89.6989,25.30177],[89.69886,25.30033],[89.69906,25.30033],[89.69904,25.29924],[89.69924,25.29924],[89.6992,25.29762],[89.6994,25.29761],[89.69937,25.29653],[89.69957,25.29653],[89.69955,25.29544],[89.69975,25.29544],[89.69972,25.29436],[89.69992,25.29435],[89.69991,25.29381],[89.70011,25.29381],[89.70009,25.29291],[89.70029,25.2929],[89.70027,25.29218],[89.70047,25.29218],[89.70046,25.29164],[89.70066,25.29163],[89.70062,25.29019],[89.70082,25.29019],[89.70081,25.28965],[89.70101,25.28964],[89.701,25.28928],[89.7012,25.28928],[89.70118,25.28819],[89.70137,25.28819],[89.70136,25.28747],[89.70156,25.28747],[89.70154,25.28674],[89.70174,25.28674],[89.70173,25.28638],[89.70193,25.28638],[89.70192,25.28583],[89.70212,25.28583],[89.70208,25.28439],[89.70228,25.28438],[89.70227,25.28402],[89.70247,25.28402],[89.70264,25.28257],[89.70284,25.28257],[89.70283,25.28203],[89.70302,25.28202],[89.70301,25.28148],[89.70321,25.28148],[89.70337,25.27967],[89.70357,25.27967],[89.70355,25.27895],[89.70375,25.27894],[89.70373,25.27804],[89.70393,25.27804],[89.70392,25.2775],[89.70411,25.27749],[89.70409,25.27659],[89.70429,25.27659],[89.70428,25.27605],[89.70448,25.27604],[89.70447,25.2755],[89.70467,25.2755],[89.70466,25.27514],[89.70486,25.27513],[89.70484,25.27441],[89.70504,25.27441],[89.70503,25.27387],[89.70483,25.27387],[89.70482,25.27369],[89.70522,25.2735],[89.7054,25.27278],[89.7056,25.27277],[89.70557,25.27169],[89.70577,25.27169],[89.70576,25.27133],[89.70557,25.27133],[89.70556,25.27097],[89.70536,25.27097],[89.70535,25.27079],[89.70614,25.27042],[89.70614,25.27024],[89.70594,25.27024],[89.70593,25.2697],[89.70632,25.26951],[89.70632,25.26933],[89.70651,25.26933],[89.7065,25.2686],[89.70689,25.26842],[89.70688,25.26806],[89.70708,25.26805],[89.70708,25.26787],[89.70728,25.26787],[89.70726,25.26715],[89.70746,25.26714],[89.70744,25.26642],[89.70704,25.26625],[89.70703,25.26589],[89.70663,25.26571],[89.70663,25.26553],[89.70643,25.26554],[89.70644,25.2659],[89.70624,25.2659],[89.70626,25.2668],[89.70606,25.26681],[89.70609,25.26807],[89.70589,25.26807],[89.7059,25.26862],[89.7057,25.26862],[89.70572,25.26916],[89.70552,25.26916],[89.70553,25.26989],[89.70533,25.26989],[89.70535,25.27043],[89.70515,25.27043],[89.70517,25.27134],[89.70497,25.27134],[89.70498,25.2717],[89.70478,25.2717],[89.70481,25.27315],[89.70461,25.27315],[89.70463,25.27405],[89.70443,25.27406],[89.70445,25.2746],[89.70425,25.2746],[89.70426,25.27496],[89.70406,25.27497],[89.70407,25.27551],[89.70387,25.27551],[89.70371,25.27696],[89.70351,25.27696],[89.70351,25.27732],[89.70332,25.27733],[89.70333,25.27805],[89.70313,25.27805],[89.70314,25.27841],[89.70294,25.27842],[89.70277,25.2795],[89.70257,25.27951],[89.70258,25.28005],[89.70238,25.28005],[89.7024,25.28077],[89.7022,25.28078],[89.70221,25.28132],[89.70202,25.28132],[89.70202,25.28168],[89.70183,25.28169],[89.70185,25.28259],[89.70165,25.28259],[89.70165,25.28295],[89.70146,25.28296],[89.70147,25.2835],[89.70127,25.2835],[89.70128,25.28386],[89.70108,25.28386]],[[89.70297,25.2795],[89.70297,25.27968],[89.70277,25.27968],[89.70277,25.2795],[89.70297,25.2795]],[[89.70148,25.28386],[89.70148,25.28404],[89.70128,25.28404],[89.70128,25.28386],[89.70148,25.28386]],[[89.69929,25.29274],[89.69949,25.29274],[89.69949,25.29292],[89.69929,25.29292],[89.69929,25.29274]],[[89.70203,25.28204],[89.70223,25.28204],[89.70223,25.28222],[89.70204,25.28222],[89.70203,25.28204]],[[89.7024,25.28095],[89.7026,25.28095],[89.70261,25.28113],[89.70241,25.28113],[89.7024,25.28095]],[[89.70259,25.28023],[89.70279,25.28022],[89.70279,25.28058],[89.70259,25.28059],[89.70259,25.28023]],[[89.70498,25.27188],[89.70518,25.27188],[89.70518,25.27206],[89.70499,25.27206],[89.70498,25.27188]]]}},{"type":"Feature","properties":{"kind":"land","ha":12.5},"geometry":{"type":"Polygon","coordinates":[[[89.66041,25.27612],[89.66041,25.27594],[89.661,25.27593],[89.661,25.27575],[89.6614,25.27574],[89.66159,25.27538],[89.66198,25.27537],[89.66198,25.27519],[89.66158,25.2752],[89.66158,25.27502],[89.66118,25.27502],[89.66098,25.27467],[89.66078,25.27467],[89.66077,25.27431],[89.66057,25.27431],[89.66056,25.27359],[89.66075,25.27359],[89.66075,25.27341],[89.66115,25.2734],[89.66116,25.27394],[89.66156,25.27393],[89.66155,25.27357],[89.66135,25.27358],[89.66134,25.27304],[89.66173,25.27285],[89.66173,25.27267],[89.66193,25.27266],[89.66192,25.27248],[89.66212,25.27248],[89.66211,25.27194],[89.66171,25.27177],[89.6617,25.27141],[89.6619,25.2714],[89.66189,25.27122],[89.66229,25.27121],[89.6625,25.27157],[89.6627,25.27157],[89.6627,25.27175],[89.6629,25.27174],[89.66289,25.27138],[89.66249,25.27121],[89.66249,25.27103],[89.66229,25.27103],[89.66227,25.27031],[89.66247,25.27031],[89.66247,25.27013],[89.66206,25.26995],[89.66205,25.26941],[89.66165,25.26924],[89.66166,25.2696],[89.66146,25.2696],[89.66147,25.26979],[89.66107,25.26979],[89.66106,25.26925],[89.66126,25.26925],[89.66125,25.26889],[89.66085,25.26871],[89.66081,25.26709],[89.66101,25.26709],[89.66096,25.26492],[89.66076,25.26492],[89.66077,25.26529],[89.66057,25.26529],[89.6606,25.26655],[89.66021,25.26674],[89.66021,25.26692],[89.65982,25.26693],[89.65983,25.26747],[89.66003,25.26746],[89.66003,25.26783],[89.66023,25.26782],[89.66025,25.26854],[89.66005,25.26855],[89.66007,25.26945],[89.66027,25.26945],[89.66028,25.26981],[89.66047,25.2698],[89.66048,25.27016],[89.66028,25.27017],[89.66029,25.27071],[89.6601,25.27071],[89.66011,25.27143],[89.66051,25.27161],[89.66068,25.27016],[89.66108,25.27015],[89.66109,25.27069],[89.66129,25.27069],[89.66133,25.2725],[89.66113,25.2725],[89.66113,25.27268],[89.66034,25.27269],[89.66033,25.27251],[89.65994,25.27252],[89.65995,25.27288],[89.66014,25.27288],[89.66016,25.27342],[89.65996,25.27342],[89.66,25.27523],[89.6598,25.27523],[89.65981,25.27559],[89.65961,25.27559],[89.65961,25.27577],[89.65981,25.27577],[89.65981,25.27595],[89.66021,25.27594],[89.66021,25.27612],[89.66041,25.27612]]]}},{"type":"Feature","properties":{"kind":"land","ha":34.8},"geometry":{"type":"Polygon","coordinates":[[[89.68792,25.27237],[89.68812,25.27237],[89.68814,25.27309],[89.68794,25.2731],[89.68795,25.27346],[89.68775,25.27346],[89.68776,25.27382],[89.68736,25.27383],[89.68737,25.27455],[89.68777,25.27454],[89.68778,25.27472],[89.68797,25.27472],[89.68799,25.27544],[89.6876,25.27563],[89.68761,25.27617],[89.68801,25.27616],[89.68801,25.27634],[89.68821,25.27634],[89.68822,25.27706],[89.68842,25.27706],[89.68843,25.27724],[89.68922,25.27722],[89.68943,25.27758],[89.68982,25.27757],[89.68983,25.27775],[89.69042,25.27774],[89.69043,25.2781],[89.69063,25.2781],[89.69063,25.27828],[89.69123,25.27827],[89.69101,25.27755],[89.69082,25.27756],[89.6908,25.27701],[89.6912,25.27683],[89.69118,25.27628],[89.69079,25.27629],[89.69079,25.27647],[89.69059,25.27648],[89.69061,25.2772],[89.69041,25.2772],[89.69041,25.27702],[89.69021,25.27702],[89.69019,25.2763],[89.68999,25.27631],[89.68999,25.27595],[89.68979,25.27595],[89.68979,25.27613],[89.689,25.27614],[89.689,25.27632],[89.6882,25.27616],[89.68839,25.27579],[89.68859,25.27579],[89.68859,25.27561],[89.68879,25.27561],[89.68878,25.27543],[89.68898,25.27542],[89.68898,25.27524],[89.68918,25.27524],[89.68914,25.2738],[89.68875,25.2738],[89.68874,25.27344],[89.68913,25.27325],[89.68913,25.27307],[89.68933,25.27307],[89.68951,25.27234],[89.68971,25.27234],[89.68969,25.27162],[89.68949,25.27162],[89.6895,25.2718],[89.6889,25.27181],[89.68888,25.27091],[89.68908,25.27091],[89.68907,25.27055],[89.68868,25.27056],[89.68867,25.27019],[89.68887,25.27019],[89.68886,25.26983],[89.68906,25.26983],[89.68905,25.26965],[89.68945,25.26964],[89.68944,25.2691],[89.68964,25.26909],[89.68964,25.26927],[89.68984,25.26927],[89.68985,25.26963],[89.69005,25.26963],[89.69005,25.26999],[89.69045,25.27016],[89.69046,25.27034],[89.69085,25.27033],[89.69066,25.2707],[89.69047,25.2707],[89.69047,25.27106],[89.69067,25.27106],[89.69068,25.27124],[89.69107,25.27123],[89.69108,25.27141],[89.69167,25.2714],[89.69147,25.27105],[89.69127,25.27105],[89.69126,25.27069],[89.69106,25.27069],[89.69106,25.27051],[89.69126,25.27051],[89.69125,25.27033],[89.69165,25.27032],[89.69164,25.26996],[89.69184,25.26996],[89.69183,25.2696],[89.69203,25.26959],[89.69202,25.26923],[89.69222,25.26923],[89.69222,25.26905],[89.69261,25.26904],[89.69261,25.26886],[89.69281,25.26886],[89.69259,25.26814],[89.6922,25.26814],[89.69219,25.26778],[89.69239,25.26778],[89.69235,25.26634],[89.69196,25.26634],[89.69195,25.26616],[89.69235,25.26598],[89.69233,25.26543],[89.69293,25.26542],[89.69294,25.26597],[89.69314,25.26596],[89.69314,25.26614],[89.69295,25.26615],[89.69296,25.26687],[89.69316,25.26686],[89.69316,25.26704],[89.69356,25.26704],[89.69358,25.26776],[89.69378,25.26775],[89.69378,25.26794],[89.69358,25.26794],[89.69359,25.2683],[89.69379,25.2683],[89.69379,25.26848],[89.69439,25.26847],[89.69439,25.26865],[89.69479,25.26864],[89.69457,25.26792],[89.69437,25.26792],[89.69436,25.2672],[89.69416,25.26721],[89.69415,25.26666],[89.69395,25.26667],[89.69394,25.26613],[89.69374,25.26613],[89.69373,25.26559],[89.69353,25.26559],[89.69352,25.26505],[89.69332,25.26506],[89.69331,25.26451],[89.69311,25.26452],[89.6931,25.26416],[89.6929,25.26416],[89.6929,25.26398],[89.6921,25.26399],[89.69212,25.26472],[89.69172,25.26472],[89.69153,25.26509],[89.69133,25.26509],[89.69134,25.26527],[89.69114,25.26528],[89.69114,25.26546],[89.69095,25.26546],[89.69076,25.26619],[89.69056,25.26619],[89.69057,25.26655],[89.69037,25.26655],[89.69039,25.26709],[89.69058,25.26709],[89.69059,25.26727],[89.69079,25.26727],[89.69078,25.26709],[89.69118,25.26708],[89.69119,25.26762],[89.69099,25.26763],[89.691,25.26799],[89.6908,25.26799],[89.69082,25.26853],[89.69042,25.26872],[89.6906,25.26763],[89.6904,25.26764],[89.6904,25.26782],[89.69001,25.26782],[89.69001,25.268],[89.68941,25.26801],[89.6896,25.26765],[89.6898,25.26765],[89.68979,25.26711],[89.68959,25.26711],[89.6896,25.26729],[89.6892,25.2673],[89.68921,25.26766],[89.68901,25.26766],[89.68901,25.26784],[89.68862,25.26785],[89.68862,25.26803],[89.68842,25.26803],[89.68843,25.26839],[89.68823,25.2684],[89.68824,25.26894],[89.68785,25.26913],[89.68786,25.26949],[89.68707,25.2695],[89.68707,25.26968],[89.68747,25.26967],[89.6875,25.27112],[89.6873,25.27112],[89.68731,25.27148],[89.68691,25.27167],[89.68689,25.27077],[89.6865,25.27078],[89.6865,25.27096],[89.6861,25.27096],[89.68611,25.27114],[89.68591,25.27115],[89.68593,25.27205],[89.68613,25.27205],[89.68614,25.27241],[89.68654,25.27258],[89.68654,25.27276],[89.68694,25.27275],[89.68713,25.27239],[89.68733,25.27238],[89.68732,25.2722],[89.68792,25.27219],[89.68792,25.27237]],[[89.68791,25.27201],[89.68811,25.27201],[89.68812,25.27219],[89.68792,25.27219],[89.68791,25.27201]],[[89.6881,25.27165],[89.6883,25.27164],[89.68831,25.27201],[89.68811,25.27201],[89.6881,25.27165]],[[89.6883,25.27146],[89.6881,25.27147],[89.68809,25.27111],[89.68829,25.2711],[89.68829,25.27092],[89.68868,25.27092],[89.6887,25.27146],[89.6883,25.27164],[89.6883,25.27146]],[[89.68844,25.26893],[89.68864,25.26893],[89.68864,25.26911],[89.68845,25.26912],[89.68844,25.26893]],[[89.68924,25.26892],[89.68904,25.26892],[89.68903,25.26874],[89.68923,25.26874],[89.68924,25.26892]],[[89.68922,25.26838],[89.68942,25.26838],[89.68942,25.2682],[89.69001,25.26818],[89.69002,25.26855],[89.68982,25.26855],[89.68983,25.26873],[89.68923,25.26874],[89.68922,25.26838]],[[89.69116,25.266],[89.69155,25.26599],[89.69176,25.26635],[89.69156,25.26635],[89.69157,25.26689],[89.69118,25.2669],[89.69116,25.266]]]}},{"type":"Feature","properties":{"kind":"land","ha":3.4},"geometry":{"type":"Polygon","coordinates":[[[89.66396,25.26595],[89.66395,25.26559],[89.66415,25.26559],[89.66414,25.26504],[89.66513,25.26503],[89.66511,25.26412],[89.66531,25.26412],[89.6653,25.26376],[89.6655,25.26376],[89.66549,25.2634],[89.66589,25.26339],[89.66608,25.26302],[89.66628,25.26302],[89.66628,25.26284],[89.66548,25.26285],[89.66529,25.26322],[89.66509,25.26322],[89.6651,25.2634],[89.6649,25.26341],[89.6649,25.26359],[89.6647,25.26359],[89.66471,25.26377],[89.66451,25.26377],[89.66451,25.26395],[89.66412,25.26396],[89.66393,25.26433],[89.66353,25.26433],[89.66353,25.26451],[89.66433,25.2645],[89.66414,25.26486],[89.66335,25.26506],[89.66334,25.2647],[89.66314,25.2647],[89.66296,25.26543],[89.66316,25.26542],[89.66316,25.26578],[89.66336,25.26578],[89.66337,25.26596],[89.66396,25.26595]]]}},{"type":"Feature","properties":{"kind":"land","ha":24.8},"geometry":{"type":"Polygon","coordinates":[[[89.65456,25.28994],[89.65454,25.28922],[89.65474,25.28922],[89.65473,25.28868],[89.65493,25.28867],[89.65509,25.28687],[89.65529,25.28686],[89.65526,25.2856],[89.65546,25.2856],[89.65545,25.28505],[89.65564,25.28505],[89.65562,25.28397],[89.65582,25.28397],[89.6558,25.28306],[89.65619,25.28288],[89.65619,25.28251],[89.65638,25.28251],[89.65636,25.28161],[89.65656,25.28161],[89.65655,25.28106],[89.65675,25.28106],[89.65674,25.2807],[89.65694,25.2807],[89.65693,25.28015],[89.65713,25.28015],[89.6571,25.27907],[89.6573,25.27907],[89.65728,25.27816],[89.65748,25.27816],[89.65746,25.27726],[89.65766,25.27725],[89.65764,25.27635],[89.65784,25.27635],[89.65781,25.2749],[89.658,25.2749],[89.65798,25.27364],[89.65818,25.27363],[89.65813,25.27165],[89.65833,25.27165],[89.65832,25.27129],[89.65812,25.27129],[89.65812,25.27093],[89.65851,25.27074],[89.65849,25.26984],[89.65869,25.26984],[89.65868,25.26929],[89.65828,25.26912],[89.65827,25.26894],[89.65787,25.26895],[89.65766,25.26823],[89.65746,25.26823],[89.65745,25.26769],[89.65725,25.2677],[89.65724,25.26733],[89.65705,25.26734],[89.65702,25.26626],[89.65682,25.26626],[89.65679,25.26464],[89.65659,25.26464],[89.65657,25.26392],[89.65617,25.26374],[89.65617,25.26356],[89.65597,25.26357],[89.65597,25.26339],[89.65577,25.26339],[89.65576,25.26321],[89.65557,25.26321],[89.65556,25.26303],[89.65477,25.26305],[89.65478,25.26341],[89.65458,25.26341],[89.65458,25.26359],[89.65498,25.26377],[89.65499,25.26395],[89.65538,25.26394],[89.65539,25.2643],[89.65559,25.2643],[89.65559,25.26448],[89.65599,25.26447],[89.65601,25.26555],[89.65621,25.26555],[89.65622,25.26609],[89.65642,25.26609],[89.65645,25.26717],[89.65664,25.26716],[89.65673,25.27113],[89.65713,25.27131],[89.65714,25.27149],[89.65674,25.27149],[89.65675,25.27204],[89.65695,25.27203],[89.65696,25.27257],[89.65716,25.27257],[89.65719,25.27383],[89.65739,25.27383],[89.65743,25.27581],[89.65723,25.27582],[89.65725,25.27654],[89.65705,25.27654],[89.65706,25.27708],[89.65686,25.27709],[89.65688,25.27781],[89.65668,25.27781],[89.6567,25.27872],[89.6565,25.27872],[89.65652,25.27944],[89.65632,25.27944],[89.65633,25.28017],[89.65594,25.28017],[89.65595,25.28089],[89.65575,25.2809],[89.65576,25.28144],[89.65557,25.28144],[89.65557,25.2818],[89.65518,25.28199],[89.65518,25.28217],[89.65499,25.28218],[89.65499,25.28254],[89.6548,25.28254],[89.65481,25.28308],[89.65501,25.28308],[89.65503,25.28416],[89.65483,25.28416],[89.65489,25.28669],[89.65469,25.28669],[89.65472,25.28796],[89.65452,25.28796],[89.65454,25.28886],[89.65434,25.28887],[89.65436,25.28995],[89.65456,25.28994]]]}},{"type":"Feature","properties":{"kind":"land","ha":8.8},"geometry":{"type":"Polygon","coordinates":[[[89.66708,25.26337],[89.66727,25.263],[89.66826,25.26298],[89.66826,25.26262],[89.66845,25.26262],[89.66845,25.26244],[89.66825,25.26244],[89.66824,25.26208],[89.66765,25.26209],[89.66764,25.26173],[89.66844,25.2619],[89.66843,25.26172],[89.66903,25.26171],[89.66902,25.26117],[89.66882,25.26117],[89.66881,25.26081],[89.66861,25.26081],[89.66861,25.26045],[89.66841,25.26045],[89.6684,25.26009],[89.668,25.2601],[89.66799,25.25938],[89.66759,25.25921],[89.66758,25.25903],[89.66738,25.25903],[89.66738,25.25885],[89.66718,25.25885],[89.66718,25.25867],[89.66698,25.25868],[89.66698,25.2585],[89.66658,25.2585],[89.66657,25.25832],[89.66598,25.25833],[89.66598,25.25851],[89.66578,25.25852],[89.66581,25.25978],[89.66561,25.25978],[89.66565,25.26123],[89.66604,25.26122],[89.66623,25.26086],[89.66643,25.26085],[89.66642,25.26049],[89.66662,25.26049],[89.66662,25.26031],[89.66642,25.26031],[89.6664,25.25941],[89.66699,25.2594],[89.66681,25.26012],[89.66701,25.26012],[89.66704,25.26156],[89.66744,25.26156],[89.66745,25.2621],[89.66706,25.26228],[89.66688,25.26301],[89.66668,25.26301],[89.66668,25.26319],[89.66628,25.2632],[89.66629,25.26338],[89.66708,25.26337]]]}},{"type":"Feature","properties":{"kind":"land","ha":6.7},"geometry":{"type":"Polygon","coordinates":[[[89.62078,25.26095],[89.62078,25.26077],[89.62098,25.26076],[89.62097,25.2604],[89.62057,25.26023],[89.62056,25.26005],[89.61997,25.26006],[89.61996,25.2597],[89.61956,25.25971],[89.61956,25.25934],[89.62015,25.25933],[89.62016,25.25969],[89.62076,25.25968],[89.62095,25.25932],[89.62114,25.25932],[89.62114,25.25914],[89.62094,25.25914],[89.62093,25.25878],[89.62053,25.25861],[89.62053,25.25842],[89.62013,25.25843],[89.62013,25.25825],[89.61934,25.25827],[89.61913,25.25791],[89.61873,25.25792],[89.61873,25.25773],[89.61853,25.25774],[89.61853,25.25756],[89.61813,25.25757],[89.61792,25.25721],[89.61772,25.25721],[89.61772,25.25703],[89.61732,25.25704],[89.61733,25.2574],[89.61753,25.2574],[89.61754,25.25794],[89.61774,25.25793],[89.61775,25.25829],[89.61795,25.25829],[89.61795,25.25865],[89.61815,25.25865],[89.61816,25.25901],[89.61856,25.25918],[89.61856,25.25936],[89.61876,25.25936],[89.61877,25.25954],[89.61897,25.25954],[89.61898,25.26008],[89.61938,25.26025],[89.61938,25.26043],[89.61958,25.26043],[89.61959,25.26079],[89.61979,25.26078],[89.61979,25.26097],[89.62078,25.26095]]]}},{"type":"Feature","properties":{"kind":"land","ha":11.5},"geometry":{"type":"Polygon","coordinates":[[[89.65849,25.26063],[89.65848,25.26045],[89.65908,25.26044],[89.65907,25.2599],[89.65927,25.2599],[89.65926,25.25954],[89.65946,25.25953],[89.65944,25.25899],[89.65964,25.25899],[89.65964,25.25881],[89.66083,25.25879],[89.66121,25.25806],[89.6624,25.25804],[89.66261,25.25839],[89.6628,25.25839],[89.66259,25.25767],[89.66219,25.2575],[89.66219,25.25732],[89.66199,25.25732],[89.66198,25.25678],[89.66178,25.25678],[89.66177,25.25642],[89.66157,25.25643],[89.66157,25.25625],[89.66137,25.25625],[89.66137,25.25643],[89.66078,25.25644],[89.66057,25.25608],[89.65958,25.2561],[89.65959,25.25646],[89.65919,25.25665],[89.6592,25.25683],[89.659,25.25683],[89.65901,25.25738],[89.65881,25.25738],[89.65882,25.25774],[89.65843,25.25793],[89.65844,25.25829],[89.65824,25.25829],[89.65824,25.25847],[89.65804,25.25848],[89.65806,25.25938],[89.65786,25.25938],[89.65788,25.2601],[89.65768,25.26011],[89.6577,25.26083],[89.65849,25.26063]]]}},{"type":"Feature","properties":{"kind":"land","ha":18.4},"geometry":{"type":"Polygon","coordinates":[[[89.71861,25.26008],[89.71861,25.2599],[89.72,25.25987],[89.72,25.26005],[89.72099,25.26004],[89.72099,25.25986],[89.72059,25.25986],[89.72059,25.25968],[89.72039,25.25969],[89.72039,25.25951],[89.7186,25.25954],[89.71861,25.25972],[89.71821,25.25973],[89.7182,25.25918],[89.71859,25.259],[89.71859,25.25882],[89.71878,25.25881],[89.71878,25.25845],[89.71897,25.25845],[89.71897,25.25827],[89.71937,25.25826],[89.71936,25.2579],[89.71956,25.2579],[89.71955,25.25772],[89.72015,25.25771],[89.72015,25.25789],[89.72055,25.25788],[89.72055,25.25806],[89.72095,25.25805],[89.72133,25.25732],[89.72173,25.25731],[89.72172,25.25713],[89.72192,25.25713],[89.72191,25.25659],[89.72072,25.25661],[89.72073,25.25697],[89.72053,25.25698],[89.72053,25.25716],[89.72014,25.25716],[89.72014,25.25734],[89.71974,25.25735],[89.71974,25.25717],[89.71954,25.25717],[89.71953,25.25681],[89.71913,25.25664],[89.71913,25.25646],[89.71893,25.25646],[89.71892,25.25592],[89.71931,25.25574],[89.71931,25.25555],[89.7197,25.25555],[89.71969,25.25501],[89.71949,25.25501],[89.7195,25.25519],[89.7191,25.2552],[89.7191,25.25538],[89.71871,25.25539],[89.71871,25.25557],[89.71812,25.25558],[89.71812,25.25576],[89.71772,25.25576],[89.71773,25.25594],[89.71753,25.25595],[89.71775,25.25703],[89.71736,25.25721],[89.71736,25.2574],[89.71716,25.2574],[89.71717,25.25758],[89.71677,25.25759],[89.71678,25.25777],[89.71658,25.25777],[89.71657,25.25741],[89.71637,25.25741],[89.71637,25.25723],[89.71657,25.25723],[89.71656,25.25687],[89.71735,25.25667],[89.71734,25.25649],[89.71675,25.2565],[89.71654,25.25615],[89.71634,25.25615],[89.71635,25.25651],[89.71516,25.25653],[89.71516,25.25671],[89.71457,25.25672],[89.71457,25.25691],[89.71378,25.25692],[89.71399,25.25764],[89.7138,25.25764],[89.71381,25.25818],[89.71421,25.25836],[89.71422,25.25872],[89.71462,25.25889],[89.71462,25.25907],[89.71482,25.25907],[89.71482,25.25889],[89.71601,25.25886],[89.716,25.2585],[89.71639,25.25832],[89.71639,25.25814],[89.71659,25.25813],[89.71679,25.25849],[89.71719,25.25848],[89.7172,25.25884],[89.7168,25.25903],[89.71682,25.25957],[89.71761,25.25956],[89.71761,25.25974],[89.71801,25.25973],[89.71801,25.25991],[89.71821,25.25991],[89.71822,25.26009],[89.71861,25.26008]]]}},{"type":"Feature","properties":{"kind":"land","ha":29.6},"geometry":{"type":"Polygon","coordinates":[[[89.67906,25.26658],[89.67905,25.26622],[89.67865,25.26604],[89.67863,25.26514],[89.67843,25.26515],[89.67843,25.26479],[89.67823,25.26479],[89.67822,25.26461],[89.67803,25.26461],[89.67802,25.26425],[89.67782,25.26425],[89.6778,25.26353],[89.67761,25.26354],[89.67759,25.26282],[89.67739,25.26282],[89.67738,25.26228],[89.67698,25.2621],[89.67697,25.26174],[89.67677,25.26175],[89.67655,25.26067],[89.67635,25.26067],[89.67634,25.26031],[89.67614,25.26031],[89.67613,25.25977],[89.67593,25.25978],[89.67592,25.25906],[89.67572,25.25906],[89.67571,25.2587],[89.67551,25.2587],[89.6755,25.25798],[89.6753,25.25798],[89.67529,25.25762],[89.67509,25.25763],[89.67508,25.2569],[89.67548,25.25708],[89.67567,25.25671],[89.67587,25.25671],[89.67584,25.25545],[89.67544,25.25527],[89.67544,25.25545],[89.67485,25.25546],[89.67484,25.2551],[89.67504,25.2551],[89.67503,25.25492],[89.67583,25.25491],[89.67602,25.25454],[89.67582,25.25454],[89.6758,25.25382],[89.6754,25.25365],[89.67538,25.25239],[89.67518,25.25239],[89.67517,25.25203],[89.67497,25.25203],[89.67496,25.25167],[89.67476,25.25168],[89.67476,25.25132],[89.67436,25.25132],[89.67436,25.25114],[89.67416,25.25115],[89.67417,25.25151],[89.67457,25.25168],[89.67478,25.2524],[89.67498,25.25239],[89.67499,25.25276],[89.67479,25.25276],[89.67479,25.25294],[89.6744,25.25295],[89.6744,25.25313],[89.6738,25.25314],[89.67401,25.25349],[89.67421,25.25349],[89.67421,25.25367],[89.67441,25.25367],[89.67442,25.25421],[89.67422,25.25421],[89.67424,25.25493],[89.67404,25.25494],[89.67405,25.2553],[89.67365,25.25531],[89.67365,25.25513],[89.67345,25.25513],[89.67364,25.25476],[89.67384,25.25476],[89.67383,25.2544],[89.67344,25.25441],[89.67343,25.25423],[89.67323,25.25423],[89.67322,25.25369],[89.67342,25.25369],[89.67341,25.25333],[89.67301,25.25333],[89.67321,25.25297],[89.67301,25.25297],[89.673,25.25243],[89.6722,25.25244],[89.67221,25.25281],[89.67261,25.25298],[89.67262,25.25334],[89.67242,25.25334],[89.67242,25.25352],[89.67262,25.25352],[89.67263,25.25388],[89.67223,25.25389],[89.67203,25.25353],[89.67143,25.25354],[89.67125,25.25427],[89.67145,25.25426],[89.67146,25.25462],[89.67165,25.25462],[89.67166,25.25498],[89.67186,25.25498],[89.67187,25.25534],[89.67207,25.25533],[89.67207,25.2557],[89.67227,25.25569],[89.67228,25.25605],[89.67268,25.25623],[89.6727,25.25695],[89.6729,25.25694],[89.67291,25.25749],[89.67311,25.25748],[89.67311,25.25784],[89.67331,25.25784],[89.67353,25.25892],[89.67393,25.25909],[89.67394,25.25927],[89.67414,25.25927],[89.67414,25.25945],[89.67434,25.25944],[89.67435,25.25981],[89.67455,25.2598],[89.67457,25.2607],[89.67497,25.26088],[89.67498,25.2616],[89.67518,25.2616],[89.6752,25.2625],[89.6754,25.26249],[89.6754,25.26267],[89.6758,25.26267],[89.6758,25.26285],[89.6762,25.26266],[89.6762,25.26284],[89.6766,25.26283],[89.67661,25.26319],[89.6768,25.26319],[89.67682,25.26409],[89.67702,25.26409],[89.67703,25.26445],[89.67743,25.26462],[89.67744,25.26498],[89.67784,25.26516],[89.67784,25.26534],[89.67804,25.26533],[89.67805,25.26569],[89.67845,25.26587],[89.67846,25.26623],[89.67886,25.2664],[89.67886,25.26658],[89.67906,25.26658]],[[89.67514,25.25961],[89.67494,25.25961],[89.67493,25.25943],[89.67513,25.25943],[89.67513,25.25907],[89.67532,25.25907],[89.67534,25.25979],[89.67554,25.25978],[89.67555,25.26033],[89.67515,25.26033],[89.67514,25.25961]],[[89.67491,25.25817],[89.67471,25.25817],[89.6747,25.25781],[89.6751,25.25781],[89.67511,25.25835],[89.67491,25.25835],[89.67491,25.25817]],[[89.67426,25.25584],[89.67466,25.25601],[89.67467,25.25619],[89.67486,25.25619],[89.67487,25.25637],[89.67427,25.25638],[89.67426,25.25584]]]}},{"type":"Feature","properties":{"kind":"land","ha":17.1},"geometry":{"type":"Polygon","coordinates":[[[89.68645,25.26843],[89.68644,25.26825],[89.68724,25.26823],[89.68723,25.26787],[89.68762,25.26769],[89.68762,25.26751],[89.68782,25.2675],[89.68781,25.26732],[89.68801,25.26732],[89.68819,25.26659],[89.68858,25.26641],[89.68858,25.26623],[89.68878,25.26622],[89.68896,25.2655],[89.68916,25.26549],[89.68915,25.26513],[89.68955,25.26494],[89.68954,25.26458],[89.68974,25.26458],[89.68972,25.26386],[89.68992,25.26385],[89.6899,25.26295],[89.6901,25.26295],[89.69008,25.26241],[89.69028,25.2624],[89.69026,25.2615],[89.69046,25.2615],[89.69045,25.26096],[89.69065,25.26095],[89.6906,25.25897],[89.69041,25.25897],[89.69039,25.25807],[89.69058,25.25807],[89.69056,25.25698],[89.69016,25.25699],[89.69016,25.25681],[89.68996,25.25681],[89.68994,25.25591],[89.69033,25.25572],[89.69032,25.25518],[89.69012,25.25519],[89.69012,25.25483],[89.68992,25.25483],[89.68967,25.25267],[89.68947,25.25267],[89.68945,25.25177],[89.68925,25.25177],[89.68925,25.25141],[89.68905,25.25142],[89.68903,25.25051],[89.68843,25.25053],[89.68843,25.25034],[89.68823,25.25035],[89.68825,25.25107],[89.68845,25.25107],[89.68847,25.25233],[89.68867,25.25233],[89.68868,25.25287],[89.68888,25.25286],[89.68889,25.25322],[89.68909,25.25322],[89.6891,25.25394],[89.6893,25.25394],[89.68935,25.25592],[89.68954,25.25592],[89.68956,25.25682],[89.68976,25.25682],[89.68979,25.25808],[89.68959,25.25808],[89.68961,25.25881],[89.68941,25.25881],[89.68945,25.26061],[89.68925,25.26062],[89.68927,25.26152],[89.68907,25.26152],[89.68908,25.26206],[89.68889,25.26207],[89.68891,25.26315],[89.68911,25.26315],[89.68912,25.26387],[89.68932,25.26387],[89.68933,25.26441],[89.68894,25.26459],[89.68895,25.26477],[89.68875,25.26478],[89.68875,25.26496],[89.68855,25.26496],[89.68856,25.26514],[89.68836,25.26515],[89.68818,25.26587],[89.68798,25.26588],[89.68799,25.26624],[89.68759,25.26642],[89.6876,25.2666],[89.6874,25.26661],[89.6874,25.26679],[89.6872,25.26679],[89.68721,25.26697],[89.68701,25.26698],[89.68701,25.26716],[89.68682,25.26716],[89.68683,25.2677],[89.68643,25.26789],[89.68644,25.26807],[89.68624,25.26807],[89.68625,25.26843],[89.68645,25.26843]]]}},{"type":"Feature","properties":{"kind":"land","ha":6.2},"geometry":{"type":"Polygon","coordinates":[[[89.7264,25.25308],[89.72639,25.2529],[89.72659,25.25289],[89.72658,25.25235],[89.72678,25.25235],[89.72674,25.25072],[89.72634,25.25055],[89.72634,25.25037],[89.72614,25.25038],[89.72611,25.24929],[89.72631,25.24929],[89.72629,25.24839],[89.72668,25.2482],[89.72668,25.24802],[89.72688,25.24802],[89.72687,25.24783],[89.72727,25.24783],[89.72726,25.24729],[89.72686,25.24711],[89.72685,25.24657],[89.72665,25.24658],[89.72664,25.24621],[89.72644,25.24622],[89.72645,25.24658],[89.72625,25.24658],[89.72608,25.24767],[89.72588,25.24767],[89.72589,25.24839],[89.7257,25.2484],[89.7257,25.24858],[89.72511,25.24859],[89.72511,25.24877],[89.72491,25.24877],[89.72492,25.24931],[89.72532,25.24913],[89.72531,25.24895],[89.72571,25.24894],[89.72572,25.24966],[89.72533,25.24985],[89.72534,25.25003],[89.72514,25.25003],[89.72515,25.25057],[89.72555,25.25075],[89.72555,25.25093],[89.72575,25.25092],[89.72575,25.25074],[89.72615,25.25074],[89.72615,25.2511],[89.72596,25.2511],[89.72598,25.252],[89.72558,25.25219],[89.72579,25.25255],[89.72599,25.25254],[89.726,25.25308],[89.7264,25.25308]]]}},{"type":"Feature","properties":{"kind":"land","ha":6.3},"geometry":{"type":"Polygon","coordinates":[[[89.71261,25.249],[89.7128,25.24864],[89.713,25.24863],[89.71299,25.24809],[89.71319,25.24809],[89.71318,25.24791],[89.71378,25.2479],[89.71377,25.24753],[89.71397,25.24753],[89.71396,25.24717],[89.71416,25.24717],[89.71415,25.24681],[89.71435,25.2468],[89.71434,25.24662],[89.71474,25.24661],[89.71474,25.24643],[89.71613,25.24641],[89.71632,25.24604],[89.71592,25.24605],[89.71592,25.24623],[89.71434,25.24626],[89.71434,25.24644],[89.71275,25.24647],[89.71275,25.24629],[89.71176,25.24631],[89.71177,25.24685],[89.71217,25.24702],[89.71217,25.2472],[89.71139,25.24758],[89.71142,25.24902],[89.71261,25.249]]]}},{"type":"Feature","properties":{"kind":"land","ha":188.2},"geometry":{"type":"Polygon","coordinates":[[[89.61876,25.26838],[89.61875,25.26802],[89.61855,25.26803],[89.61855,25.26785],[89.61815,25.26785],[89.61815,25.26767],[89.61775,25.26768],[89.61776,25.26804],[89.61796,25.26804],[89.61796,25.2684],[89.61816,25.26839],[89.61817,25.26876],[89.61837,25.26875],[89.61838,25.26911],[89.61878,25.26929],[89.61899,25.27],[89.61939,25.27018],[89.6194,25.27036],[89.61979,25.27035],[89.62,25.27071],[89.6202,25.2707],[89.6202,25.27088],[89.6204,25.27088],[89.62041,25.27142],[89.62021,25.27143],[89.62021,25.27125],[89.61981,25.27125],[89.61982,25.27161],[89.61962,25.27162],[89.61964,25.27252],[89.61984,25.27252],[89.61985,25.27288],[89.61965,25.27288],[89.61965,25.27306],[89.61926,25.27307],[89.61925,25.27289],[89.61905,25.27289],[89.61929,25.27469],[89.61949,25.27469],[89.6195,25.27505],[89.6197,25.27505],[89.61973,25.27685],[89.61993,25.27685],[89.61996,25.27793],[89.61976,25.27793],[89.61979,25.27956],[89.61959,25.27956],[89.61961,25.2801],[89.6206,25.28008],[89.62059,25.2799],[89.62079,25.2799],[89.62078,25.27954],[89.62138,25.27953],[89.6214,25.28025],[89.621,25.28044],[89.62101,25.28062],[89.62081,25.28062],[89.62082,25.28098],[89.62062,25.28099],[89.62062,25.28117],[89.62022,25.28117],[89.62003,25.28154],[89.61984,25.28154],[89.61984,25.2819],[89.61945,25.28209],[89.61946,25.28263],[89.61907,25.28282],[89.61907,25.283],[89.61887,25.283],[89.61889,25.28354],[89.61869,25.28355],[89.61871,25.28445],[89.6189,25.28445],[89.61891,25.28463],[89.61851,25.28463],[89.61834,25.28572],[89.61814,25.28572],[89.61815,25.28626],[89.61795,25.28627],[89.61796,25.28663],[89.61776,25.28663],[89.61778,25.28771],[89.61759,25.28772],[89.61759,25.28808],[89.61739,25.28808],[89.61724,25.28989],[89.61704,25.28989],[89.61707,25.29134],[89.61687,25.29134],[89.6169,25.2926],[89.6167,25.29261],[89.61671,25.29315],[89.61651,25.29315],[89.61653,25.29423],[89.61614,25.29424],[89.61615,25.2946],[89.61654,25.29459],[89.61657,25.29604],[89.61677,25.29603],[89.61679,25.29676],[89.61719,25.29693],[89.61719,25.29711],[89.61739,25.29711],[89.61739,25.29729],[89.61759,25.29728],[89.61763,25.29909],[89.61724,25.29928],[89.61724,25.29946],[89.61704,25.29946],[89.61706,25.30018],[89.61726,25.30018],[89.61729,25.30162],[89.61749,25.30162],[89.61752,25.30306],[89.61792,25.30305],[89.61811,25.30269],[89.6189,25.30286],[89.61871,25.30322],[89.61832,25.30323],[89.61832,25.30341],[89.61772,25.30342],[89.61774,25.30396],[89.61754,25.30396],[89.61759,25.30649],[89.61799,25.30648],[89.618,25.3072],[89.61781,25.30721],[89.61782,25.30775],[89.61802,25.30774],[89.61802,25.30811],[89.61822,25.3081],[89.61823,25.30846],[89.61803,25.30847],[89.61805,25.30955],[89.61825,25.30955],[89.61823,25.30864],[89.61843,25.30864],[89.61844,25.30882],[89.61883,25.30881],[89.61882,25.30809],[89.61862,25.30809],[89.61861,25.30773],[89.61841,25.30774],[89.61841,25.30756],[89.61861,25.30755],[89.61856,25.30557],[89.61876,25.30557],[89.61874,25.30466],[89.61894,25.30466],[89.61892,25.30358],[89.61912,25.30357],[89.61908,25.30177],[89.61868,25.30178],[89.61868,25.3016],[89.61888,25.30159],[89.61886,25.30087],[89.61906,25.30087],[89.61905,25.30033],[89.61885,25.30033],[89.61878,25.29708],[89.61898,25.29708],[89.61895,25.29582],[89.61915,25.29581],[89.61913,25.29491],[89.61873,25.29492],[89.61874,25.2951],[89.61854,25.2951],[89.61855,25.29564],[89.61816,25.29583],[89.61815,25.29565],[89.61795,25.29565],[89.61795,25.29529],[89.61775,25.2953],[89.61774,25.29475],[89.61754,25.29476],[89.61753,25.29458],[89.61793,25.29439],[89.61792,25.29421],[89.61812,25.29421],[89.61812,25.29403],[89.61832,25.29402],[89.61831,25.29384],[89.61871,25.29383],[89.61871,25.29365],[89.6191,25.29365],[89.61911,25.29383],[89.61931,25.29382],[89.61928,25.29256],[89.61908,25.29256],[89.61907,25.2922],[89.61887,25.29221],[89.61887,25.29185],[89.61926,25.29166],[89.61925,25.29148],[89.61965,25.29147],[89.61964,25.29111],[89.61945,25.29111],[89.61943,25.29057],[89.61963,25.29057],[89.61962,25.29003],[89.61982,25.29002],[89.61981,25.28966],[89.62001,25.28966],[89.61999,25.28894],[89.62019,25.28893],[89.61998,25.28822],[89.61978,25.28822],[89.61976,25.2875],[89.61996,25.28749],[89.61995,25.28695],[89.61975,25.28696],[89.61974,25.28642],[89.61994,25.28641],[89.61993,25.28605],[89.62013,25.28605],[89.62012,25.28569],[89.62032,25.28568],[89.62031,25.28532],[89.62051,25.28532],[89.6205,25.2846],[89.62069,25.28459],[89.62069,25.28441],[89.62109,25.28441],[89.62107,25.2835],[89.62127,25.2835],[89.62126,25.28296],[89.62145,25.28296],[89.62145,25.28259],[89.62164,25.28259],[89.62164,25.28223],[89.62184,25.28223],[89.62183,25.28187],[89.62203,25.28186],[89.6222,25.28078],[89.6224,25.28077],[89.62239,25.28023],[89.62259,25.28023],[89.62256,25.27897],[89.62295,25.27878],[89.62294,25.27824],[89.62274,25.27824],[89.62273,25.27788],[89.62293,25.27788],[89.62291,25.27679],[89.62271,25.2768],[89.6227,25.27644],[89.6225,25.27644],[89.62249,25.2759],[89.62229,25.2759],[89.62228,25.27536],[89.62248,25.27536],[89.62247,25.27464],[89.62227,25.27464],[89.62226,25.27446],[89.62246,25.27445],[89.62245,25.27409],[89.62265,25.27409],[89.62266,25.27427],[89.62305,25.27426],[89.62306,25.27444],[89.62326,25.27444],[89.62347,25.27516],[89.62367,25.27516],[89.62368,25.27552],[89.62387,25.27551],[89.62388,25.27587],[89.62408,25.27587],[89.62409,25.27623],[89.62429,25.27623],[89.6243,25.27677],[89.6245,25.27676],[89.62451,25.27731],[89.62471,25.2773],[89.62471,25.27766],[89.62491,25.27766],[89.62492,25.27784],[89.62531,25.27783],[89.6255,25.27747],[89.6257,25.27747],[89.6257,25.27728],[89.6259,25.27728],[89.62589,25.2771],[89.62609,25.2771],[89.62609,25.27692],[89.62629,25.27691],[89.62628,25.27673],[89.62648,25.27673],[89.62648,25.27655],[89.62668,25.27655],[89.62667,25.27618],[89.62706,25.276],[89.62706,25.27582],[89.62726,25.27581],[89.62725,25.27563],[89.62765,25.27563],[89.62784,25.27526],[89.62804,25.27526],[89.62803,25.27508],[89.62823,25.27507],[89.62823,25.27489],[89.62843,25.27489],[89.62842,25.27471],[89.62862,25.27471],[89.62861,25.27398],[89.6294,25.27379],[89.62959,25.27343],[89.62978,25.27342],[89.62978,25.27324],[89.63018,25.27323],[89.63037,25.27287],[89.63057,25.27287],[89.63056,25.27269],[89.63135,25.27249],[89.63154,25.27177],[89.63193,25.27158],[89.63192,25.27122],[89.63231,25.27103],[89.63231,25.27085],[89.63271,25.27084],[89.6327,25.27048],[89.63309,25.27029],[89.63308,25.26993],[89.63348,25.26993],[89.63367,25.26956],[89.63387,25.26956],[89.63387,25.26938],[89.63406,25.26937],[89.63406,25.26919],[89.63426,25.26919],[89.63425,25.26901],[89.63445,25.26901],[89.63445,25.26865],[89.63484,25.26846],[89.63483,25.26828],[89.63503,25.26827],[89.63503,25.26809],[89.63523,25.26809],[89.63522,25.26773],[89.63542,25.26773],[89.63541,25.26718],[89.6356,25.26718],[89.63559,25.26646],[89.6352,25.26665],[89.63521,25.26719],[89.63501,25.26719],[89.63502,25.26755],[89.63462,25.26774],[89.63463,25.26792],[89.63443,25.26792],[89.63444,25.26828],[89.63404,25.26847],[89.63405,25.26865],[89.63385,25.26866],[89.63385,25.26884],[89.63326,25.26885],[89.63307,25.26921],[89.63287,25.26922],[89.63288,25.26958],[89.63248,25.26976],[89.63249,25.26994],[89.63209,25.26995],[89.6319,25.27032],[89.6317,25.27032],[89.63171,25.2705],[89.63151,25.2705],[89.63152,25.27086],[89.63112,25.27105],[89.63113,25.27159],[89.63074,25.27178],[89.63075,25.27196],[89.63055,25.27196],[89.63055,25.27214],[89.63015,25.27215],[89.62996,25.27252],[89.62917,25.27235],[89.62917,25.27253],[89.62857,25.27254],[89.62858,25.27272],[89.62778,25.27274],[89.62779,25.27292],[89.62719,25.27293],[89.62699,25.27257],[89.62679,25.27257],[89.62678,25.27203],[89.62658,25.27203],[89.62657,25.27167],[89.62617,25.2715],[89.62617,25.27132],[89.62597,25.27132],[89.62596,25.27114],[89.62577,25.27115],[89.62576,25.27097],[89.62556,25.27097],[89.62556,25.27079],[89.62516,25.2708],[89.62496,25.27044],[89.62476,25.27044],[89.62475,25.27026],[89.62456,25.27027],[89.62455,25.27009],[89.62435,25.27009],[89.62434,25.26937],[89.62414,25.26937],[89.62413,25.26901],[89.62373,25.26902],[89.62371,25.26793],[89.62351,25.26794],[89.62348,25.26649],[89.62328,25.2665],[89.62327,25.26578],[89.62287,25.2656],[89.62286,25.26542],[89.62266,25.26543],[89.62266,25.26525],[89.62246,25.26525],[89.62246,25.26507],[89.62226,25.26507],[89.62225,25.26471],[89.62185,25.26454],[89.62185,25.26436],[89.62165,25.26436],[89.62163,25.26364],[89.62123,25.26347],[89.62123,25.26329],[89.62103,25.26329],[89.62103,25.26311],[89.62083,25.26311],[89.62082,25.26293],[89.62063,25.26294],[89.62062,25.26276],[89.62023,25.26276],[89.62022,25.26258],[89.62002,25.26259],[89.62001,25.26186],[89.61981,25.26187],[89.6198,25.26133],[89.6196,25.26133],[89.61959,25.26097],[89.61919,25.2608],[89.61918,25.26025],[89.61878,25.26008],[89.61877,25.2599],[89.61858,25.2599],[89.61836,25.25919],[89.61796,25.25901],[89.61795,25.25865],[89.61755,25.25848],[89.61755,25.2583],[89.61735,25.2583],[89.61735,25.25812],[89.61715,25.25812],[89.61714,25.25794],[89.61695,25.25795],[89.61694,25.25777],[89.61674,25.25777],[89.61672,25.25687],[89.61653,25.25687],[89.61651,25.25597],[89.61631,25.25597],[89.6163,25.25543],[89.6159,25.25526],[89.61589,25.25508],[89.6155,25.25508],[89.61549,25.2549],[89.61569,25.2549],[89.61568,25.25436],[89.61548,25.25436],[89.61546,25.25346],[89.61526,25.25346],[89.61525,25.2531],[89.61506,25.25311],[89.61481,25.25095],[89.61461,25.25095],[89.6146,25.25023],[89.6144,25.25023],[89.61437,25.24879],[89.61397,25.24861],[89.61396,25.24843],[89.61377,25.24844],[89.61376,25.24826],[89.61296,25.24809],[89.61298,25.24863],[89.61278,25.24864],[89.61278,25.24882],[89.61219,25.24883],[89.61217,25.24828],[89.61198,25.24829],[89.61196,25.24757],[89.61176,25.24757],[89.61177,25.24775],[89.61097,25.24776],[89.61098,25.24795],[89.61118,25.24794],[89.61118,25.2483],[89.61138,25.2483],[89.61119,25.24866],[89.61139,25.24866],[89.6114,25.2492],[89.6116,25.2492],[89.61161,25.24956],[89.6118,25.24955],[89.61181,25.24992],[89.61201,25.24991],[89.61202,25.25045],[89.61222,25.25045],[89.61224,25.25153],[89.61264,25.25153],[89.61264,25.25135],[89.61284,25.25134],[89.61304,25.2517],[89.61384,25.25168],[89.61403,25.25132],[89.61422,25.25132],[89.61423,25.2515],[89.61443,25.25149],[89.61444,25.25222],[89.61464,25.25221],[89.61466,25.25329],[89.61427,25.25348],[89.61427,25.25366],[89.61408,25.25367],[89.61409,25.25421],[89.61329,25.25422],[89.6133,25.2544],[89.61369,25.25439],[89.6137,25.25458],[89.6133,25.25458],[89.61331,25.25512],[89.61371,25.25512],[89.61371,25.2553],[89.61391,25.25529],[89.61392,25.25565],[89.61412,25.25565],[89.61412,25.25583],[89.61472,25.25582],[89.61473,25.25618],[89.61433,25.25637],[89.61434,25.25655],[89.61453,25.25655],[89.61454,25.25691],[89.61415,25.25709],[89.61415,25.25727],[89.61435,25.25727],[89.61436,25.25745],[89.61475,25.25744],[89.61474,25.2569],[89.61534,25.25689],[89.61534,25.25707],[89.61554,25.25707],[89.61575,25.25779],[89.61595,25.25778],[89.61597,25.25869],[89.61617,25.25868],[89.61618,25.2594],[89.61658,25.25958],[89.61659,25.25976],[89.61679,25.25975],[89.61679,25.25994],[89.61719,25.25993],[89.61739,25.26029],[89.61759,25.26028],[89.6176,25.26046],[89.61779,25.26046],[89.6178,25.26082],[89.6176,25.26082],[89.6176,25.26064],[89.6172,25.26065],[89.6172,25.26047],[89.617,25.26047],[89.617,25.26065],[89.61681,25.26066],[89.61681,25.26102],[89.61701,25.26101],[89.61703,25.26174],[89.61723,25.26173],[89.61724,25.26245],[89.61764,25.26263],[89.61786,25.26335],[89.61805,25.26334],[89.61806,25.2637],[89.61826,25.2637],[89.61828,25.26442],[89.61847,25.26442],[89.61849,25.26496],[89.61868,25.26496],[89.61869,25.26532],[89.61849,25.26532],[89.61851,25.26586],[89.6187,25.26586],[89.61871,25.26622],[89.61891,25.26621],[89.61892,25.26676],[89.61932,25.26675],[89.61932,25.26693],[89.61952,25.26693],[89.61953,25.26729],[89.61914,25.26747],[89.61914,25.26765],[89.61954,25.26765],[89.61955,25.26819],[89.61935,25.26819],[89.61935,25.26837],[89.61876,25.26838]],[[89.61995,25.26836],[89.61996,25.26872],[89.62016,25.26872],[89.62017,25.26926],[89.61997,25.26926],[89.61996,25.26908],[89.61957,25.26909],[89.61956,25.26891],[89.61917,25.26892],[89.61916,25.26856],[89.61936,25.26855],[89.61935,25.26837],[89.61995,25.26836]],[[89.61796,25.30522],[89.61836,25.30521],[89.61837,25.30557],[89.61797,25.30558],[89.61796,25.30522]],[[89.61835,25.30467],[89.61855,25.30467],[89.61855,25.30485],[89.61835,25.30485],[89.61835,25.30467]],[[89.61769,25.30197],[89.61809,25.30197],[89.6181,25.30233],[89.6177,25.30234],[89.61769,25.30197]],[[89.61745,25.29999],[89.61765,25.29999],[89.61765,25.30017],[89.61746,25.30017],[89.61745,25.29999]],[[89.6192,25.28877],[89.61939,25.28877],[89.61938,25.28823],[89.61958,25.28822],[89.6196,25.28895],[89.6192,25.28895],[89.6192,25.28877]],[[89.62196,25.2788],[89.62176,25.2788],[89.62176,25.27862],[89.62196,25.27861],[89.62196,25.2788]],[[89.62194,25.27807],[89.62234,25.27789],[89.62215,25.27861],[89.62196,25.27861],[89.62194,25.27807]],[[89.62212,25.27681],[89.62212,25.27699],[89.62232,25.27698],[89.62233,25.27753],[89.62193,25.27753],[89.62192,25.27681],[89.62212,25.27681]],[[89.62172,25.27681],[89.62151,25.27646],[89.62131,25.27646],[89.6213,25.27592],[89.6211,25.27592],[89.6211,25.27574],[89.6215,25.27574],[89.6215,25.27592],[89.6217,25.27591],[89.62171,25.27627],[89.62191,25.27627],[89.62192,25.27681],[89.62172,25.27681]],[[89.62427,25.27569],[89.62507,25.27567],[89.62507,25.27585],[89.62487,25.27586],[89.62489,25.2764],[89.62449,25.2764],[89.62427,25.27569]],[[89.62545,25.27494],[89.62546,25.2753],[89.62526,25.27531],[89.62526,25.27549],[89.62487,25.27549],[89.62486,25.27531],[89.62506,25.27531],[89.62505,25.27495],[89.62545,25.27494]],[[89.62466,25.27496],[89.62465,25.27478],[89.62426,25.27478],[89.62425,25.2746],[89.62405,25.27461],[89.62405,25.27425],[89.62444,25.27406],[89.62443,25.27352],[89.62463,25.27351],[89.62463,25.27369],[89.62522,25.27368],[89.62523,25.27386],[89.62503,25.27387],[89.62504,25.27423],[89.62524,25.27422],[89.62525,25.27477],[89.62505,25.27477],[89.62505,25.27495],[89.62466,25.27496]],[[89.62643,25.2742],[89.62663,25.2742],[89.62663,25.27438],[89.62643,25.27438],[89.62643,25.2742]],[[89.62561,25.27314],[89.62601,25.27313],[89.62601,25.27349],[89.62562,25.2735],[89.62561,25.27314]],[[89.62421,25.2728],[89.62401,25.2728],[89.62402,25.27316],[89.62363,25.27317],[89.62362,25.27281],[89.62401,25.27262],[89.62401,25.27244],[89.6246,25.27243],[89.62461,25.27261],[89.6248,25.27261],[89.62482,25.27315],[89.62462,25.27315],[89.62462,25.27333],[89.62422,25.27334],[89.62421,25.2728]],[[89.6258,25.27277],[89.626,25.27277],[89.626,25.27295],[89.6258,25.27295],[89.6258,25.27277]],[[89.62043,25.27214],[89.62023,25.27215],[89.62022,25.27179],[89.62062,25.27178],[89.62062,25.27196],[89.62082,25.27196],[89.62083,25.2725],[89.62044,25.27269],[89.62043,25.27214]],[[89.62459,25.27189],[89.62479,25.27189],[89.6248,25.27225],[89.6244,25.27225],[89.62459,25.27189]],[[89.62457,25.27081],[89.62496,25.2708],[89.62498,25.27134],[89.62517,25.27134],[89.62518,25.27152],[89.62478,25.27153],[89.62457,25.27081]],[[89.62438,25.27117],[89.62457,25.27117],[89.62458,25.27135],[89.62438,25.27135],[89.62438,25.27117]],[[89.62237,25.2703],[89.62257,25.2703],[89.62278,25.27066],[89.62238,25.27085],[89.62237,25.2703]],[[89.62297,25.27029],[89.62336,25.27029],[89.62317,25.27065],[89.62298,25.27066],[89.62297,25.27029]],[[89.62197,25.27013],[89.62217,25.27013],[89.62217,25.27031],[89.62198,25.27031],[89.62197,25.27013]],[[89.62157,25.26996],[89.62177,25.26995],[89.62177,25.27014],[89.62158,25.27014],[89.62157,25.26996]],[[89.62134,25.26834],[89.62154,25.26833],[89.62154,25.26851],[89.62134,25.26852],[89.62134,25.26834]],[[89.62232,25.26778],[89.62252,25.26778],[89.62252,25.26814],[89.62233,25.26814],[89.62232,25.26778]],[[89.62289,25.26669],[89.62329,25.26686],[89.62329,25.26704],[89.6229,25.26705],[89.62289,25.26669]],[[89.62229,25.26652],[89.62249,25.26651],[89.6225,25.26687],[89.6223,25.26688],[89.62229,25.26652]],[[89.62166,25.2649],[89.62206,25.2649],[89.62206,25.26508],[89.62166,25.26508],[89.62166,25.2649]],[[89.62027,25.26475],[89.62047,25.26474],[89.62047,25.26492],[89.62027,25.26493],[89.62027,25.26475]],[[89.61966,25.26422],[89.61946,25.26422],[89.61946,25.26386],[89.61985,25.26385],[89.61986,25.26403],[89.62005,25.26403],[89.62006,25.26439],[89.61967,25.2644],[89.61966,25.26422]],[[89.62104,25.26383],[89.62104,25.26365],[89.62144,25.26364],[89.62145,25.26436],[89.62105,25.26437],[89.62105,25.26419],[89.62085,25.2642],[89.62084,25.26383],[89.62104,25.26383]],[[89.62065,25.26384],[89.62064,25.26366],[89.62084,25.26365],[89.62084,25.26383],[89.62065,25.26384]],[[89.61821,25.26117],[89.61841,25.26117],[89.61841,25.26153],[89.61821,25.26153],[89.61821,25.26117]],[[89.613,25.24989],[89.6134,25.24989],[89.61341,25.25043],[89.61301,25.25044],[89.613,25.24989]]]}},{"type":"Feature","properties":{"kind":"land","ha":4.3},"geometry":{"type":"Polygon","coordinates":[[[89.72453,25.2495],[89.72453,25.24932],[89.72433,25.24933],[89.72432,25.24896],[89.72452,25.24896],[89.72451,25.2486],[89.72471,25.2486],[89.72469,25.24787],[89.72489,25.24787],[89.72484,25.24553],[89.72504,25.24552],[89.72502,25.2448],[89.72522,25.2448],[89.72521,25.24426],[89.72501,25.24426],[89.72502,25.24462],[89.72482,25.24462],[89.72483,25.24517],[89.72463,25.24517],[89.72465,25.24589],[89.72445,25.24589],[89.72446,25.24625],[89.72407,25.24644],[89.72407,25.24662],[89.72367,25.24663],[89.7235,25.24772],[89.7233,25.24772],[89.72351,25.24844],[89.72391,25.24861],[89.72394,25.24951],[89.72413,25.24951],[89.72414,25.24969],[89.72453,25.2495]]]}},{"type":"Feature","properties":{"kind":"land","ha":5.8},"geometry":{"type":"Polygon","coordinates":[[[89.66998,25.25068],[89.66998,25.2505],[89.66958,25.25033],[89.66957,25.25015],[89.66917,25.25015],[89.66895,25.24907],[89.66855,25.2489],[89.66834,25.24818],[89.66794,25.24801],[89.66793,25.24783],[89.66773,25.24783],[89.66773,25.24765],[89.66733,25.24766],[89.66713,25.2473],[89.66693,25.24731],[89.66671,25.24659],[89.66652,25.24659],[89.66651,25.24623],[89.66611,25.24606],[89.6661,25.24588],[89.66591,25.24588],[89.66589,25.24516],[89.66569,25.24516],[89.66568,25.2448],[89.66528,25.24463],[89.66507,25.24391],[89.66467,25.24392],[89.66468,25.24428],[89.66508,25.24445],[89.66509,25.24481],[89.66529,25.24481],[89.66531,25.24571],[89.66571,25.24588],[89.66572,25.24661],[89.66612,25.24678],[89.66614,25.24732],[89.66654,25.24749],[89.66654,25.24767],[89.66674,25.24767],[89.66675,25.24803],[89.66715,25.2482],[89.66716,25.24857],[89.66756,25.24874],[89.66777,25.24946],[89.66817,25.24963],[89.66817,25.24981],[89.66837,25.24981],[89.66838,25.24999],[89.66858,25.24998],[89.66858,25.25016],[89.66878,25.25016],[89.66878,25.25034],[89.66958,25.25051],[89.66958,25.25069],[89.66998,25.25068]]]}},{"type":"Feature","properties":{"kind":"land","ha":8.9},"geometry":{"type":"Polygon","coordinates":[[[89.72163,25.24414],[89.72124,25.24433],[89.72124,25.24451],[89.72105,25.24451],[89.72126,25.24523],[89.72146,25.24523],[89.72147,25.24559],[89.72206,25.24558],[89.72207,25.24612],[89.72187,25.24612],[89.72188,25.24648],[89.72228,25.24648],[89.72247,25.24611],[89.72267,25.24611],[89.72266,25.24593],[89.72286,25.24592],[89.72286,25.24574],[89.72306,25.24574],[89.72324,25.24501],[89.72344,25.24501],[89.72343,25.24447],[89.72362,25.24447],[89.7236,25.24356],[89.7238,25.24356],[89.72379,25.24302],[89.72439,25.24301],[89.72437,25.24247],[89.72497,25.24246],[89.725,25.24372],[89.7254,25.24389],[89.72538,25.24299],[89.72558,25.24299],[89.72555,25.2419],[89.72516,25.24209],[89.72516,25.24227],[89.72477,25.24228],[89.72476,25.2421],[89.72417,25.24211],[89.72398,25.24283],[89.72359,25.24284],[89.72357,25.24212],[89.72317,25.24195],[89.72314,25.24068],[89.72275,25.24069],[89.72275,25.24105],[89.72256,25.24106],[89.72256,25.24124],[89.72216,25.24124],[89.72217,25.2416],[89.72257,25.2416],[89.72258,25.24214],[89.72278,25.24213],[89.72279,25.24268],[89.72259,25.24268],[89.72262,25.24376],[89.72242,25.24377],[89.72242,25.24395],[89.72183,25.24396],[89.72204,25.24468],[89.72164,25.24468],[89.72163,25.24414]],[[89.72165,25.24486],[89.72145,25.24487],[89.72145,25.24469],[89.72164,25.24468],[89.72165,25.24486]]]}},{"type":"Feature","properties":{"kind":"land","ha":3.4},"geometry":{"type":"Polygon","coordinates":[[[89.65161,25.24578],[89.6516,25.24505],[89.6514,25.24506],[89.65139,25.2447],[89.65119,25.2447],[89.65097,25.24362],[89.65077,25.24363],[89.65076,25.24308],[89.65036,25.24291],[89.65036,25.24273],[89.64996,25.24274],[89.64975,25.24238],[89.64936,25.24239],[89.64935,25.24221],[89.64916,25.24221],[89.64915,25.24185],[89.64855,25.24186],[89.64855,25.24168],[89.64835,25.24168],[89.64836,25.24223],[89.64876,25.2424],[89.64877,25.24258],[89.64897,25.24258],[89.64897,25.24276],[89.64917,25.24275],[89.64938,25.24347],[89.64978,25.24364],[89.64979,25.24382],[89.64998,25.24382],[89.64999,25.244],[89.65019,25.244],[89.65019,25.24418],[89.65079,25.24417],[89.65079,25.24435],[89.65099,25.24434],[89.651,25.24489],[89.6512,25.24488],[89.65122,25.24578],[89.65161,25.24578]]]}},{"type":"Feature","properties":{"kind":"land","ha":3.2},"geometry":{"type":"Polygon","coordinates":[[[89.62974,25.24364],[89.62973,25.2431],[89.63012,25.24291],[89.63011,25.24255],[89.62991,25.24256],[89.62991,25.24219],[89.6295,25.24202],[89.6295,25.24184],[89.6293,25.24184],[89.62929,25.24148],[89.6291,25.24149],[89.62907,25.2404],[89.62887,25.24041],[89.62889,25.24095],[89.62849,25.24096],[89.62848,25.2406],[89.62828,25.2406],[89.62829,25.24096],[89.62789,25.24097],[89.6279,25.24115],[89.6281,25.24114],[89.6281,25.2415],[89.6283,25.2415],[89.62853,25.24294],[89.62893,25.24311],[89.62894,25.24329],[89.62933,25.24329],[89.62954,25.24364],[89.62974,25.24364]],[[89.62911,25.24203],[89.62912,25.24239],[89.62892,25.24239],[89.62891,25.24203],[89.62911,25.24203]],[[89.62871,25.24203],[89.6285,25.24132],[89.6289,25.24149],[89.62891,25.24203],[89.62871,25.24203]]]}},{"type":"Feature","properties":{"kind":"land","ha":3.7},"geometry":{"type":"Polygon","coordinates":[[[89.64462,25.24356],[89.64459,25.24229],[89.64439,25.2423],[89.64438,25.24157],[89.64398,25.2414],[89.64395,25.24014],[89.64355,25.24015],[89.64335,25.23979],[89.64315,25.23979],[89.64315,25.23997],[89.64296,25.23998],[89.64298,25.24124],[89.64338,25.24123],[89.64359,25.24195],[89.64379,25.24195],[89.64362,25.24303],[89.64342,25.24304],[89.64343,25.24358],[89.64462,25.24356]]]}},{"type":"Feature","properties":{"kind":"land","ha":10.9},"geometry":{"type":"Polygon","coordinates":[[[89.64594,25.24931],[89.64593,25.24913],[89.64613,25.24912],[89.64612,25.24876],[89.64632,25.24876],[89.64631,25.24822],[89.64611,25.24822],[89.64608,25.24696],[89.64588,25.24696],[89.64586,25.24588],[89.64606,25.24588],[89.64605,25.24552],[89.64644,25.24533],[89.64644,25.24515],[89.64664,25.24514],[89.64682,25.24442],[89.64721,25.24423],[89.6472,25.24369],[89.647,25.24369],[89.647,25.24333],[89.6472,25.24333],[89.64719,25.24315],[89.64699,25.24315],[89.64699,25.24279],[89.64679,25.24279],[89.64678,25.24225],[89.64697,25.24225],[89.64697,25.24189],[89.64736,25.24188],[89.64737,25.24224],[89.64757,25.24224],[89.64756,25.24188],[89.64776,25.24188],[89.64773,25.24061],[89.64753,25.24062],[89.64753,25.24025],[89.64793,25.24043],[89.64793,25.24061],[89.64853,25.2406],[89.64851,25.24006],[89.64811,25.23988],[89.64811,25.2397],[89.64791,25.23971],[89.64791,25.23953],[89.64751,25.23953],[89.64752,25.24007],[89.64693,25.24009],[89.64691,25.23954],[89.64651,25.23937],[89.64651,25.23919],[89.64631,25.23919],[89.64631,25.23901],[89.64611,25.23902],[89.64611,25.23884],[89.64571,25.23884],[89.64572,25.2392],[89.64552,25.23921],[89.64552,25.23939],[89.64513,25.2394],[89.64513,25.23958],[89.64493,25.23958],[89.64494,25.23976],[89.64573,25.23993],[89.64594,25.24028],[89.64614,25.24028],[89.64615,25.241],[89.64635,25.241],[89.64638,25.24244],[89.64618,25.24244],[89.6462,25.24335],[89.64601,25.24335],[89.64602,25.24425],[89.64583,25.24426],[89.64584,25.24498],[89.64564,25.24498],[89.64566,25.24552],[89.64546,25.24553],[89.64549,25.24715],[89.64569,25.24715],[89.6457,25.24769],[89.6459,25.24768],[89.6459,25.24786],[89.64571,25.24787],[89.64572,25.24859],[89.64592,25.24859],[89.64592,25.24877],[89.64573,25.24877],[89.64573,25.24913],[89.64554,25.24913],[89.64554,25.2495],[89.64594,25.24931]]]}},{"type":"Feature","properties":{"kind":"land","ha":13.4},"geometry":{"type":"Polygon","coordinates":[[[89.71303,25.24105],[89.71304,25.24141],[89.71284,25.24142],[89.71285,25.24178],[89.71246,25.24196],[89.71246,25.24232],[89.71286,25.24232],[89.71286,25.2425],[89.71306,25.24249],[89.71307,25.24285],[89.71208,25.24287],[89.71208,25.24305],[89.71268,25.24304],[89.71288,25.2434],[89.71367,25.2432],[89.71367,25.24302],[89.71407,25.24302],[89.71406,25.24284],[89.71446,25.24283],[89.71446,25.24265],[89.71465,25.24265],[89.71465,25.24228],[89.71504,25.2421],[89.71503,25.24174],[89.71542,25.24155],[89.7154,25.24065],[89.7156,25.24064],[89.71559,25.2401],[89.71539,25.24011],[89.71538,25.23974],[89.71518,25.23975],[89.71499,25.24011],[89.7146,25.24012],[89.71459,25.23976],[89.71439,25.23976],[89.71438,25.23922],[89.71477,25.23903],[89.71476,25.23867],[89.71496,25.23867],[89.71494,25.23777],[89.71534,25.23776],[89.71534,25.23794],[89.71594,25.23793],[89.71593,25.23775],[89.71613,25.23775],[89.71614,25.23793],[89.71633,25.23792],[89.71652,25.23756],[89.71672,25.23755],[89.71671,25.23719],[89.71691,25.23719],[89.7169,25.23647],[89.7165,25.23647],[89.71631,25.23684],[89.71611,25.23684],[89.71612,25.2372],[89.71533,25.23722],[89.71512,25.23686],[89.71492,25.23686],[89.71492,25.23668],[89.71452,25.23669],[89.71453,25.23705],[89.71414,25.23724],[89.71414,25.23742],[89.71394,25.23742],[89.71376,25.23815],[89.71356,25.23815],[89.71358,25.23906],[89.71338,25.23906],[89.7134,25.2396],[89.7132,25.2396],[89.7132,25.23996],[89.71301,25.23997],[89.71301,25.24015],[89.71321,25.24015],[89.71323,25.24105],[89.71303,25.24105]],[[89.71343,25.24104],[89.71344,25.2414],[89.71324,25.24141],[89.71323,25.24105],[89.71343,25.24104]]]}},{"type":"Feature","properties":{"kind":"land","ha":151.3},"geometry":{"type":"Polygon","coordinates":[[[89.63869,25.25377],[89.63889,25.25377],[89.63889,25.25395],[89.63949,25.25394],[89.63968,25.25357],[89.63988,25.25357],[89.63987,25.25321],[89.64027,25.25338],[89.64027,25.25356],[89.64047,25.25356],[89.64048,25.2541],[89.64068,25.25409],[89.64068,25.25428],[89.64108,25.25427],[89.64107,25.25391],[89.64147,25.25372],[89.6415,25.25516],[89.6417,25.25516],[89.64171,25.2557],[89.64151,25.2557],[89.64152,25.25625],[89.64172,25.25624],[89.64173,25.2566],[89.64252,25.25659],[89.64252,25.25677],[89.64272,25.25677],[89.64274,25.25767],[89.64294,25.25766],[89.64295,25.25803],[89.64275,25.25803],[89.64276,25.25839],[89.64296,25.25839],[89.64296,25.25857],[89.64157,25.25859],[89.64158,25.25913],[89.64139,25.25914],[89.64139,25.2595],[89.64119,25.2595],[89.6412,25.25968],[89.6408,25.25951],[89.64081,25.25987],[89.64021,25.25988],[89.64023,25.2606],[89.64062,25.26059],[89.64063,25.26095],[89.64043,25.26096],[89.64044,25.26132],[89.64024,25.26132],[89.64025,25.2615],[89.64104,25.26149],[89.64104,25.26167],[89.64124,25.26167],[89.64125,25.26203],[89.64204,25.26201],[89.64223,25.26165],[89.64263,25.26164],[89.64281,25.26092],[89.6436,25.26072],[89.6436,25.26054],[89.644,25.26053],[89.64399,25.26035],[89.64459,25.26034],[89.64458,25.26016],[89.64478,25.26016],[89.64477,25.2598],[89.64497,25.25979],[89.64496,25.25907],[89.64515,25.25907],[89.64515,25.25889],[89.64594,25.25887],[89.64615,25.25923],[89.64655,25.25922],[89.64654,25.25904],[89.64674,25.25904],[89.64673,25.25868],[89.64713,25.25849],[89.6471,25.25741],[89.6475,25.25722],[89.64749,25.25704],[89.64789,25.25703],[89.64789,25.25685],[89.64808,25.25685],[89.64829,25.25721],[89.64809,25.25721],[89.64811,25.25793],[89.6487,25.25792],[89.6487,25.25774],[89.6489,25.25774],[89.64889,25.25738],[89.64928,25.25719],[89.64928,25.25701],[89.64948,25.25701],[89.64946,25.25646],[89.64966,25.25646],[89.64966,25.2561],[89.64985,25.2561],[89.64985,25.25574],[89.65024,25.25555],[89.65023,25.25519],[89.65043,25.25518],[89.65042,25.25464],[89.65022,25.25465],[89.65021,25.25428],[89.65041,25.25428],[89.6504,25.25374],[89.6506,25.25374],[89.65059,25.25356],[89.65099,25.25355],[89.651,25.25391],[89.6514,25.25408],[89.65139,25.2539],[89.65159,25.2539],[89.65158,25.25354],[89.65178,25.25353],[89.65178,25.25317],[89.65118,25.25318],[89.65118,25.253],[89.65098,25.25301],[89.65097,25.25265],[89.65057,25.25247],[89.65057,25.25229],[89.65037,25.2523],[89.65036,25.25212],[89.64977,25.25213],[89.6498,25.25339],[89.6496,25.25339],[89.64961,25.25393],[89.64941,25.25394],[89.64942,25.25448],[89.64903,25.25467],[89.64903,25.25485],[89.64864,25.25485],[89.64864,25.25504],[89.64844,25.25504],[89.64826,25.25576],[89.64806,25.25577],[89.64807,25.25613],[89.64768,25.25632],[89.64768,25.2565],[89.64748,25.2565],[89.64748,25.25668],[89.64729,25.25668],[89.64729,25.25686],[89.64709,25.25687],[89.6471,25.25723],[89.6469,25.25723],[89.64691,25.25741],[89.64671,25.25742],[89.6467,25.25724],[89.64631,25.25724],[89.6463,25.25706],[89.64571,25.25707],[89.6457,25.25653],[89.64609,25.25634],[89.64608,25.2558],[89.64568,25.25599],[89.64568,25.25581],[89.64548,25.25581],[89.64547,25.25545],[89.64587,25.25527],[89.64587,25.25563],[89.64627,25.25562],[89.64627,25.25544],[89.64607,25.25544],[89.64606,25.25508],[89.64566,25.25509],[89.64565,25.25437],[89.64585,25.25436],[89.64584,25.254],[89.64544,25.25383],[89.64543,25.25347],[89.64523,25.25347],[89.64523,25.25329],[89.64543,25.25329],[89.64542,25.25293],[89.64522,25.25293],[89.64521,25.25257],[89.64482,25.25258],[89.64482,25.25276],[89.64462,25.25276],[89.64462,25.25258],[89.64442,25.25258],[89.64441,25.25222],[89.64421,25.25223],[89.6442,25.25187],[89.64401,25.25187],[89.644,25.25151],[89.6438,25.25151],[89.6438,25.25133],[89.6434,25.25134],[89.6434,25.25116],[89.6424,25.25118],[89.64242,25.25172],[89.64202,25.25172],[89.6418,25.25101],[89.6414,25.25083],[89.6414,25.25065],[89.6412,25.25066],[89.64119,25.2503],[89.641,25.2503],[89.64099,25.25012],[89.64079,25.25012],[89.64078,25.24958],[89.64118,25.24975],[89.64117,25.24939],[89.64157,25.24921],[89.64177,25.24956],[89.64158,25.24957],[89.64158,25.24993],[89.64138,25.24993],[89.64139,25.25011],[89.64179,25.25028],[89.64179,25.25047],[89.64199,25.25046],[89.642,25.25082],[89.6422,25.25082],[89.6422,25.251],[89.6424,25.251],[89.64258,25.25027],[89.64298,25.25026],[89.64298,25.25008],[89.64317,25.25008],[89.64317,25.24972],[89.64257,25.24973],[89.64256,25.24937],[89.64296,25.24918],[89.64274,25.24846],[89.64294,25.24846],[89.64292,25.24774],[89.64253,25.24774],[89.64251,25.24702],[89.64231,25.24703],[89.64233,25.24757],[89.64213,25.24757],[89.64213,25.24775],[89.64134,25.24777],[89.64133,25.24759],[89.64114,25.24759],[89.64114,25.24777],[89.64074,25.24778],[89.64074,25.2476],[89.64054,25.2476],[89.64053,25.24724],[89.64073,25.24724],[89.64072,25.24669],[89.64032,25.24652],[89.64031,25.24634],[89.64012,25.24634],[89.64011,25.24616],[89.64051,25.24616],[89.64051,25.24598],[89.6407,25.24597],[89.6407,25.24561],[89.6403,25.24544],[89.64029,25.24508],[89.64108,25.24506],[89.64107,25.24434],[89.64067,25.24435],[89.64066,25.24399],[89.64046,25.24399],[89.64045,25.24345],[89.64085,25.24362],[89.64086,25.2438],[89.64125,25.24362],[89.64123,25.24271],[89.64043,25.24255],[89.64021,25.24147],[89.63981,25.24148],[89.63982,25.24166],[89.63922,25.24167],[89.63924,25.24275],[89.63905,25.24275],[89.63905,25.24293],[89.63945,25.24311],[89.63946,25.24365],[89.63966,25.24364],[89.63968,25.24437],[89.63928,25.24437],[89.63928,25.24455],[89.63909,25.24456],[89.63909,25.24492],[89.63929,25.24491],[89.63931,25.24564],[89.63911,25.24564],[89.63911,25.24582],[89.63812,25.24584],[89.63812,25.24566],[89.63772,25.24566],[89.63774,25.24657],[89.63794,25.24656],[89.63795,25.24728],[89.63815,25.24728],[89.63816,25.24764],[89.63836,25.24764],[89.63836,25.24782],[89.63856,25.24782],[89.63857,25.24818],[89.63877,25.24817],[89.63858,25.24854],[89.63877,25.24853],[89.63878,25.24871],[89.63818,25.24872],[89.63818,25.24854],[89.63739,25.24856],[89.63738,25.24838],[89.63659,25.24839],[89.6366,25.24893],[89.6364,25.24894],[89.63641,25.2493],[89.63602,25.24949],[89.63602,25.24967],[89.63543,25.24968],[89.63541,25.24914],[89.63522,25.24914],[89.63521,25.24878],[89.63501,25.24878],[89.63499,25.24788],[89.63479,25.24788],[89.63497,25.2468],[89.63477,25.2468],[89.63476,25.24644],[89.63515,25.24625],[89.63536,25.24661],[89.63556,25.24661],[89.63556,25.24679],[89.63576,25.24678],[89.63576,25.24696],[89.63596,25.24696],[89.63595,25.24624],[89.63714,25.24622],[89.63712,25.24531],[89.63692,25.24532],[89.63691,25.24478],[89.6373,25.24459],[89.6373,25.24441],[89.6365,25.24442],[89.63649,25.24406],[89.6361,25.24407],[89.63609,25.24353],[89.63589,25.24353],[89.63588,25.24317],[89.63568,25.24317],[89.63568,25.24299],[89.63528,25.243],[89.63507,25.24264],[89.63468,25.24265],[89.63467,25.24247],[89.63448,25.24247],[89.63447,25.24211],[89.63407,25.24194],[89.63406,25.24176],[89.63387,25.24176],[89.63385,25.24122],[89.63425,25.24139],[89.63426,25.24158],[89.63446,25.24157],[89.63446,25.24175],[89.63466,25.24175],[89.63466,25.24193],[89.63486,25.24193],[89.63486,25.24211],[89.63546,25.2421],[89.63564,25.24137],[89.63604,25.24118],[89.63603,25.24082],[89.63623,25.24082],[89.63622,25.24064],[89.63642,25.24063],[89.63641,25.24009],[89.63661,25.24009],[89.6366,25.23991],[89.6372,25.2399],[89.63721,25.24026],[89.63701,25.24026],[89.63701,25.24044],[89.63741,25.24044],[89.6376,25.24007],[89.6378,25.24007],[89.63779,25.23989],[89.63799,25.23988],[89.63796,25.23862],[89.63757,25.23863],[89.63758,25.23899],[89.63718,25.23918],[89.63719,25.23936],[89.63659,25.23937],[89.63658,25.23883],[89.63618,25.23865],[89.63618,25.23847],[89.63498,25.23831],[89.63479,25.23868],[89.63499,25.23867],[89.635,25.23904],[89.6354,25.23921],[89.6354,25.23939],[89.6356,25.23939],[89.63561,25.23975],[89.63581,25.23974],[89.63581,25.2401],[89.63562,25.24011],[89.63562,25.24029],[89.63522,25.24029],[89.63502,25.23994],[89.63482,25.23994],[89.63481,25.23976],[89.63462,25.23976],[89.63461,25.23958],[89.63441,25.23959],[89.63441,25.23941],[89.63421,25.23941],[89.6342,25.23869],[89.634,25.23869],[89.63399,25.23851],[89.6336,25.23852],[89.63361,25.23906],[89.63341,25.23906],[89.63341,25.23924],[89.63262,25.23926],[89.63262,25.23908],[89.63202,25.23909],[89.63182,25.23873],[89.63162,25.23873],[89.63161,25.23819],[89.6318,25.23819],[89.6318,25.23801],[89.6312,25.23802],[89.63121,25.23838],[89.63082,25.23839],[89.63082,25.23857],[89.63122,25.23856],[89.63122,25.23892],[89.63162,25.2391],[89.63163,25.23928],[89.63183,25.23927],[89.63183,25.23945],[89.63243,25.23944],[89.63243,25.23962],[89.63283,25.23962],[89.63283,25.23998],[89.63303,25.23997],[89.63305,25.24069],[89.63265,25.24052],[89.63264,25.24034],[89.63245,25.24034],[89.63244,25.24016],[89.63224,25.24017],[89.63224,25.23999],[89.63184,25.23999],[89.63185,25.24054],[89.63146,25.24054],[89.63147,25.2409],[89.63187,25.24108],[89.63187,25.24144],[89.63207,25.24143],[89.63208,25.24161],[89.63227,25.24161],[89.63228,25.24197],[89.63248,25.24197],[89.63249,25.24251],[89.63269,25.24251],[89.6327,25.24287],[89.6329,25.24286],[89.63291,25.24358],[89.63311,25.24358],[89.63312,25.24394],[89.63332,25.24394],[89.63332,25.2443],[89.63352,25.2443],[89.63355,25.24556],[89.63315,25.24557],[89.63316,25.24575],[89.63296,25.24575],[89.63297,25.24629],[89.63337,25.24628],[89.63337,25.24646],[89.63357,25.24646],[89.63358,25.24682],[89.63318,25.24683],[89.63318,25.24701],[89.63359,25.24718],[89.6336,25.2479],[89.6338,25.2479],[89.63381,25.24844],[89.63361,25.24845],[89.63362,25.24863],[89.63381,25.24862],[89.63385,25.25007],[89.63404,25.25006],[89.63405,25.25042],[89.63365,25.25025],[89.63366,25.25079],[89.63386,25.25079],[89.63387,25.25115],[89.63407,25.25114],[89.63407,25.25133],[89.63447,25.25132],[89.63467,25.25168],[89.63487,25.25167],[89.63488,25.25185],[89.63508,25.25185],[89.63508,25.25221],[89.63528,25.25221],[89.6353,25.25293],[89.6355,25.25292],[89.63573,25.25472],[89.63593,25.25472],[89.63594,25.25508],[89.63574,25.25509],[89.63575,25.25563],[89.63595,25.25562],[89.63596,25.25616],[89.63616,25.25616],[89.63616,25.25634],[89.63597,25.25635],[89.636,25.25779],[89.6358,25.25779],[89.63582,25.25869],[89.63622,25.25887],[89.63643,25.25959],[89.63683,25.25958],[89.63683,25.25976],[89.63743,25.25975],[89.63764,25.26011],[89.63783,25.2601],[89.63784,25.26046],[89.63903,25.26026],[89.63902,25.26008],[89.63922,25.26008],[89.63921,25.25954],[89.63901,25.25954],[89.63902,25.2599],[89.63882,25.2599],[89.63882,25.25972],[89.63862,25.25973],[89.63861,25.25937],[89.63881,25.25936],[89.6388,25.259],[89.6392,25.25881],[89.63919,25.25863],[89.63939,25.25863],[89.63938,25.25809],[89.63958,25.25809],[89.63957,25.25791],[89.63997,25.25808],[89.63995,25.25682],[89.64034,25.25663],[89.64034,25.25681],[89.64074,25.2568],[89.64073,25.25626],[89.64053,25.25626],[89.64051,25.25536],[89.64031,25.25536],[89.64029,25.25446],[89.63989,25.25447],[89.6399,25.25465],[89.6393,25.25466],[89.6393,25.25448],[89.6391,25.25448],[89.63872,25.25521],[89.63832,25.25522],[89.63833,25.25558],[89.63774,25.25559],[89.63773,25.25541],[89.63753,25.25541],[89.63755,25.25596],[89.63715,25.25596],[89.63714,25.2556],[89.63734,25.2556],[89.63734,25.25542],[89.63693,25.25524],[89.63693,25.25506],[89.63653,25.25507],[89.63651,25.25417],[89.63632,25.25417],[89.6363,25.25345],[89.6365,25.25345],[89.63647,25.25218],[89.63667,25.25218],[89.63667,25.252],[89.63647,25.252],[89.63645,25.2511],[89.63665,25.2511],[89.63665,25.25128],[89.63685,25.25128],[89.63686,25.25164],[89.63706,25.25163],[89.63706,25.25199],[89.63746,25.25217],[89.63747,25.25253],[89.63787,25.25252],[89.63788,25.25288],[89.63807,25.25288],[89.63809,25.25342],[89.63848,25.25341],[89.63869,25.25377]],[[89.6368,25.24893],[89.6368,25.24911],[89.6366,25.24911],[89.6366,25.24893],[89.6368,25.24893]],[[89.63378,25.24682],[89.63378,25.247],[89.63358,25.247],[89.63358,25.24682],[89.63378,25.24682]],[[89.63828,25.25305],[89.63848,25.25305],[89.63847,25.25269],[89.63926,25.25268],[89.63926,25.25286],[89.63946,25.25285],[89.63927,25.25322],[89.63907,25.25322],[89.63908,25.2534],[89.63848,25.25341],[89.63828,25.25305]],[[89.64122,25.26058],[89.64142,25.26058],[89.64141,25.2604],[89.64181,25.26057],[89.64181,25.26039],[89.6428,25.26037],[89.64281,25.26073],[89.64241,25.26056],[89.64241,25.26074],[89.64202,25.26075],[89.64202,25.26093],[89.64182,25.26093],[89.64182,25.26075],[89.64142,25.26076],[89.64143,25.26112],[89.64123,25.26112],[89.64122,25.26058]],[[89.64393,25.25765],[89.64373,25.25765],[89.64372,25.25711],[89.64352,25.25711],[89.64352,25.25675],[89.64372,25.25675],[89.6437,25.25621],[89.64331,25.25621],[89.64347,25.25477],[89.64308,25.25477],[89.64307,25.25459],[89.64287,25.2546],[89.64306,25.25387],[89.64365,25.25386],[89.64368,25.25494],[89.64387,25.25494],[89.64388,25.2553],[89.64408,25.2553],[89.6441,25.2562],[89.6439,25.2562],[89.64391,25.25656],[89.64411,25.25656],[89.64412,25.25692],[89.64431,25.25692],[89.64433,25.25764],[89.64394,25.25783],[89.64393,25.25765]],[[89.63894,25.25611],[89.63914,25.25611],[89.63913,25.25593],[89.63874,25.25593],[89.63873,25.25575],[89.63853,25.25576],[89.63872,25.25539],[89.63932,25.25538],[89.63933,25.25592],[89.63953,25.25592],[89.63954,25.25628],[89.63914,25.25647],[89.63894,25.25611]],[[89.63991,25.25519],[89.64011,25.25519],[89.64011,25.25537],[89.63991,25.25537],[89.63991,25.25519]],[[89.64465,25.25402],[89.64445,25.25403],[89.64444,25.25349],[89.64503,25.25348],[89.64525,25.25419],[89.64545,25.25419],[89.64545,25.25455],[89.64526,25.25455],[89.64526,25.25473],[89.64466,25.25475],[89.64465,25.25402]],[[89.64383,25.25278],[89.64363,25.25278],[89.64361,25.25188],[89.64381,25.25187],[89.64382,25.25223],[89.64401,25.25223],[89.64402,25.25259],[89.64422,25.25259],[89.64423,25.25295],[89.64384,25.25314],[89.64383,25.25278]],[[89.63983,25.25158],[89.64023,25.25158],[89.64044,25.25229],[89.64005,25.2523],[89.63983,25.25158]],[[89.63545,25.25094],[89.63565,25.25094],[89.63565,25.25112],[89.63605,25.25111],[89.63607,25.25183],[89.63587,25.25183],[89.63587,25.25201],[89.63548,25.25202],[89.63545,25.25094]],[[89.63725,25.25145],[89.63764,25.25126],[89.63765,25.25144],[89.63784,25.25144],[89.63785,25.2518],[89.63746,25.25181],[89.63725,25.25145]],[[89.63563,25.25003],[89.63662,25.25002],[89.63663,25.2502],[89.63683,25.25019],[89.63683,25.25037],[89.63643,25.25038],[89.63644,25.25056],[89.63564,25.25058],[89.63563,25.25003]],[[89.63781,25.24963],[89.63781,25.24999],[89.63762,25.25],[89.63761,25.24964],[89.63781,25.24963]],[[89.63741,25.24964],[89.63741,25.24946],[89.6376,25.24946],[89.63761,25.24964],[89.63741,25.24964]],[[89.63721,25.24946],[89.6372,25.24928],[89.6374,25.24928],[89.63741,25.24946],[89.63721,25.24946]],[[89.63954,25.24744],[89.63895,25.24745],[89.63874,25.24709],[89.63854,25.24709],[89.63854,25.24691],[89.63814,25.24692],[89.63814,25.24656],[89.63833,25.24656],[89.63833,25.24638],[89.63893,25.24637],[89.63893,25.24673],[89.63933,25.2469],[89.63934,25.24708],[89.63954,25.24708],[89.63954,25.24726],[89.63974,25.24725],[89.63974,25.24743],[89.63994,25.24743],[89.63995,25.24761],[89.63955,25.24762],[89.63954,25.24744]],[[89.63555,25.24606],[89.63574,25.24606],[89.63575,25.24624],[89.63555,25.24624],[89.63555,25.24606]],[[89.63553,25.24534],[89.63533,25.24535],[89.63532,25.24481],[89.63552,25.2448],[89.63551,25.24444],[89.63571,25.24444],[89.6357,25.24426],[89.63511,25.24427],[89.6349,25.24391],[89.63451,25.24392],[89.63452,25.24464],[89.63432,25.24464],[89.63433,25.245],[89.63394,25.24501],[89.63393,25.24483],[89.63373,25.24483],[89.63372,25.24429],[89.63411,25.2441],[89.63411,25.24392],[89.63431,25.24392],[89.6343,25.24374],[89.6339,25.24357],[89.6339,25.24339],[89.6337,25.24339],[89.63369,25.24303],[89.63449,25.24301],[89.63469,25.24337],[89.63489,25.24337],[89.6349,25.24355],[89.63509,25.24355],[89.6351,25.24373],[89.63589,25.24371],[89.6359,25.24425],[89.6361,25.24425],[89.63611,25.24461],[89.63631,25.24461],[89.63632,25.24515],[89.63553,25.24552],[89.63553,25.24534]],[[89.63443,25.24013],[89.63423,25.24013],[89.63422,25.23977],[89.63462,25.23994],[89.63463,25.24031],[89.63443,25.24031],[89.63443,25.24013]],[[89.63539,25.23867],[89.63558,25.23866],[89.63559,25.23884],[89.63539,25.23885],[89.63539,25.23867]]]}},{"type":"Feature","properties":{"kind":"land","ha":3.9},"geometry":{"type":"Polygon","coordinates":[[[89.66384,25.24231],[89.66384,25.24195],[89.66364,25.24195],[89.66363,25.24177],[89.66383,25.24177],[89.66382,25.24141],[89.66343,25.24141],[89.6634,25.24015],[89.6636,25.24015],[89.66359,25.23979],[89.66319,25.23961],[89.66318,25.23907],[89.66298,25.23907],[89.66297,25.23871],[89.66257,25.23854],[89.66276,25.23818],[89.66296,25.23817],[89.66294,25.23709],[89.66313,25.23709],[89.66313,25.23691],[89.66293,25.23691],[89.66293,25.23673],[89.66213,25.23674],[89.66214,25.23692],[89.66194,25.23693],[89.66195,25.23747],[89.66215,25.23746],[89.66217,25.23819],[89.66236,25.23818],[89.66239,25.23945],[89.66259,25.23944],[89.66261,25.24016],[89.6628,25.24016],[89.66303,25.24124],[89.66322,25.24124],[89.66323,25.2416],[89.66343,25.24159],[89.66344,25.24213],[89.66364,25.24213],[89.66364,25.24231],[89.66384,25.24231]]]}},{"type":"Feature","properties":{"kind":"land","ha":5.6},"geometry":{"type":"Polygon","coordinates":[[[89.71935,25.23949],[89.71933,25.23877],[89.71913,25.23877],[89.71912,25.23823],[89.71892,25.23824],[89.71889,25.23697],[89.71869,25.23698],[89.71869,25.23662],[89.71849,25.23662],[89.71845,25.235],[89.71825,25.235],[89.71825,25.23464],[89.71805,25.23464],[89.71804,25.23446],[89.71765,25.23447],[89.71767,25.23537],[89.71786,25.23537],[89.71788,25.23609],[89.71808,25.23608],[89.71809,25.23663],[89.71789,25.23663],[89.7179,25.23681],[89.7181,25.23681],[89.71811,25.23735],[89.71791,25.23735],[89.71791,25.23753],[89.71752,25.23754],[89.71752,25.2379],[89.71733,25.2379],[89.71735,25.23881],[89.71775,25.23898],[89.71775,25.23916],[89.71795,25.23916],[89.71795,25.23934],[89.71815,25.23933],[89.71816,25.23951],[89.71935,25.23949]]]}},{"type":"Feature","properties":{"kind":"land","ha":4.3},"geometry":{"type":"Polygon","coordinates":[[[89.63913,25.23734],[89.63913,25.23752],[89.63993,25.2375],[89.63992,25.23732],[89.64032,25.23732],[89.64031,25.23677],[89.63991,25.2366],[89.6399,25.23642],[89.6395,25.23643],[89.63949,25.23571],[89.63929,25.23571],[89.63929,25.23553],[89.6381,25.23555],[89.6381,25.23573],[89.6377,25.23574],[89.63773,25.23682],[89.63793,25.23682],[89.63794,25.23736],[89.63833,25.23735],[89.63834,25.23753],[89.63913,25.23734]]]}},{"type":"Feature","properties":{"kind":"land","ha":7.0},"geometry":{"type":"Polygon","coordinates":[[[89.67515,25.24192],[89.67514,25.24156],[89.67534,25.24156],[89.67532,25.24102],[89.67552,25.24101],[89.67551,25.24029],[89.6759,25.2401],[89.6759,25.23992],[89.67609,25.23992],[89.67628,25.23919],[89.67667,25.23901],[89.67666,25.23847],[89.67705,25.23828],[89.67705,25.2381],[89.67725,25.23809],[89.67724,25.23791],[89.67744,25.23791],[89.67743,25.23755],[89.67782,25.23736],[89.67782,25.23718],[89.67802,25.23718],[89.67781,25.23682],[89.67801,25.23682],[89.67801,25.23664],[89.67741,25.23665],[89.67741,25.23647],[89.67721,25.23647],[89.6772,25.23611],[89.6774,25.23611],[89.6774,25.23593],[89.67779,25.23592],[89.67778,25.2352],[89.67738,25.23502],[89.67737,25.23484],[89.67698,25.23503],[89.67699,25.23539],[89.67719,25.23539],[89.67719,25.23557],[89.67699,25.23557],[89.677,25.23611],[89.67681,25.23612],[89.67682,25.23666],[89.67662,25.23666],[89.67664,25.23756],[89.67625,25.23775],[89.67625,25.23793],[89.67605,25.23794],[89.67606,25.23812],[89.67586,25.23812],[89.67587,25.23866],[89.67548,25.23885],[89.67548,25.23903],[89.67508,25.23904],[89.67509,25.23958],[89.6749,25.23958],[89.67491,25.2403],[89.67471,25.24031],[89.67472,25.24049],[89.67432,25.24049],[89.67433,25.24067],[89.67452,25.24067],[89.67453,25.24103],[89.67473,25.24103],[89.67475,25.24193],[89.67515,25.24192]]]}},{"type":"Feature","properties":{"kind":"land","ha":5.0},"geometry":{"type":"Polygon","coordinates":[[[89.66437,25.23905],[89.66436,25.23887],[89.66476,25.23886],[89.66476,25.23868],[89.66495,25.23868],[89.66495,25.23832],[89.66475,25.23832],[89.66471,25.23634],[89.6649,25.23633],[89.66488,25.23525],[89.66508,25.23525],[89.66507,25.2347],[89.66526,25.2347],[89.66526,25.23434],[89.66506,25.23434],[89.66505,25.23416],[89.66426,25.23418],[89.6643,25.23616],[89.66411,25.23617],[89.66411,25.23653],[89.66372,25.23671],[89.66373,25.2369],[89.66353,25.2369],[89.66355,25.2378],[89.66374,25.2378],[89.66375,25.23798],[89.66355,25.23798],[89.66356,25.23852],[89.66376,25.23852],[89.66377,25.23906],[89.66437,25.23905]]]}},{"type":"Feature","properties":{"kind":"land","ha":217.0},"geometry":{"type":"Polygon","coordinates":[[[89.70991,25.25266],[89.70993,25.2532],[89.70973,25.2532],[89.70974,25.25356],[89.70993,25.25356],[89.70993,25.25338],[89.71013,25.25338],[89.71011,25.25266],[89.71031,25.25265],[89.7103,25.25229],[89.7101,25.25229],[89.71008,25.25121],[89.71028,25.25121],[89.71027,25.25085],[89.71047,25.25084],[89.71043,25.24922],[89.71003,25.24905],[89.71004,25.24923],[89.70984,25.24923],[89.70983,25.24905],[89.70964,25.24905],[89.70962,25.24815],[89.71001,25.24815],[89.71001,25.24796],[89.7106,25.24795],[89.7106,25.24759],[89.7102,25.24778],[89.7102,25.2476],[89.71,25.2476],[89.70998,25.24688],[89.70979,25.24689],[89.70978,25.24671],[89.70998,25.2467],[89.70997,25.24634],[89.70977,25.24634],[89.70976,25.24562],[89.70956,25.24563],[89.70954,25.24454],[89.70973,25.24454],[89.70972,25.244],[89.71012,25.24417],[89.71014,25.24471],[89.71033,25.24471],[89.71034,25.24507],[89.71014,25.24507],[89.71016,25.24562],[89.71035,25.24561],[89.71037,25.24615],[89.71056,25.24615],[89.71056,25.24597],[89.71135,25.24595],[89.71154,25.24559],[89.71194,25.24558],[89.71192,25.24468],[89.71172,25.24468],[89.71171,25.24414],[89.71191,25.24414],[89.7119,25.2436],[89.7117,25.2436],[89.71169,25.24324],[89.71109,25.24325],[89.71109,25.24307],[89.71069,25.24308],[89.71069,25.2429],[89.7103,25.24309],[89.71028,25.24236],[89.71008,25.24237],[89.71007,25.24201],[89.70967,25.24183],[89.70967,25.24165],[89.70947,25.24166],[89.70946,25.24112],[89.70926,25.24112],[89.70925,25.2404],[89.70905,25.2404],[89.70902,25.23914],[89.70882,25.23914],[89.70878,25.23734],[89.70858,25.23734],[89.70852,25.23464],[89.70872,25.23463],[89.70869,25.23319],[89.70849,25.23319],[89.7085,25.23373],[89.7083,25.23374],[89.70832,25.23428],[89.70792,25.23447],[89.70793,25.23465],[89.70753,25.23447],[89.70752,25.23411],[89.70712,25.23412],[89.70713,25.2343],[89.70693,25.2343],[89.70694,25.23467],[89.70654,25.23485],[89.70655,25.23521],[89.70715,25.2352],[89.70714,25.23502],[89.70754,25.23502],[89.70755,25.23538],[89.70735,25.23538],[89.70736,25.23574],[89.70716,25.23574],[89.70716,25.23592],[89.70696,25.23593],[89.70697,25.23629],[89.70658,25.23648],[89.70658,25.23666],[89.70638,25.23666],[89.70639,25.23684],[89.70619,25.23684],[89.70601,25.23757],[89.70561,25.23776],[89.70562,25.23794],[89.70542,25.23794],[89.70543,25.2383],[89.70504,25.23849],[89.70504,25.23867],[89.70484,25.23867],[89.70485,25.23885],[89.70465,25.23886],[89.70446,25.23958],[89.70407,25.23977],[89.70408,25.23995],[89.70388,25.23996],[89.70389,25.2405],[89.7035,25.24068],[89.70351,25.24123],[89.70312,25.24141],[89.70312,25.24159],[89.70292,25.2416],[89.70292,25.24142],[89.70252,25.24142],[89.70233,25.24179],[89.70213,25.24179],[89.70214,25.24197],[89.70194,25.24198],[89.70194,25.24216],[89.70115,25.24235],[89.70116,25.24253],[89.70096,25.24254],[89.70097,25.2429],[89.70077,25.2429],[89.70078,25.24344],[89.70058,25.24344],[89.70059,25.24381],[89.70039,25.24381],[89.70039,25.24399],[89.7,25.244],[89.70001,25.24454],[89.69962,25.24473],[89.69963,25.24545],[89.70043,25.24579],[89.70046,25.24688],[89.70007,25.24706],[89.70009,25.24797],[89.69989,25.24797],[89.69989,25.24815],[89.6993,25.24816],[89.69931,25.2487],[89.69971,25.2487],[89.69972,25.24942],[89.69952,25.24942],[89.69955,25.25068],[89.69935,25.25069],[89.69936,25.25087],[89.69955,25.25086],[89.6996,25.25285],[89.6998,25.25284],[89.6998,25.25303],[89.6996,25.25303],[89.69962,25.25375],[89.69982,25.25375],[89.69984,25.25483],[89.70004,25.25483],[89.70005,25.25537],[89.70025,25.25536],[89.70026,25.2559],[89.70046,25.2559],[89.70047,25.25644],[89.70087,25.25662],[89.70109,25.25733],[89.70129,25.25733],[89.70152,25.25877],[89.70171,25.25877],[89.70172,25.25913],[89.70192,25.25912],[89.70195,25.26039],[89.70215,25.26038],[89.70216,25.26092],[89.70256,25.2611],[89.70256,25.26128],[89.70276,25.26127],[89.70277,25.26163],[89.70396,25.26161],[89.70396,25.26143],[89.70415,25.26143],[89.70414,25.26071],[89.70374,25.26053],[89.70373,25.26017],[89.70353,25.26018],[89.70352,25.25945],[89.70371,25.25945],[89.70371,25.25927],[89.70411,25.25926],[89.7043,25.2589],[89.70489,25.25889],[89.70489,25.25871],[89.70509,25.2587],[89.70509,25.25888],[89.70549,25.25888],[89.70548,25.2587],[89.70568,25.25869],[89.70569,25.25887],[89.70588,25.25887],[89.7059,25.25941],[89.7057,25.25941],[89.70571,25.25978],[89.70551,25.25978],[89.70551,25.25996],[89.70571,25.25996],[89.70573,25.26068],[89.70513,25.26069],[89.70511,25.25997],[89.70531,25.25996],[89.70531,25.2596],[89.70511,25.25961],[89.7051,25.25925],[89.7047,25.25925],[89.70472,25.26015],[89.70492,25.26015],[89.70493,25.26051],[89.70473,25.26052],[89.70474,25.26088],[89.70454,25.26088],[89.70454,25.26106],[89.70435,25.26106],[89.70438,25.26251],[89.70458,25.2625],[89.70458,25.26268],[89.70517,25.26267],[89.70517,25.26249],[89.70616,25.26247],[89.70635,25.26211],[89.70675,25.2621],[89.70694,25.26174],[89.70734,25.26173],[89.70733,25.26155],[89.70773,25.26154],[89.70773,25.26172],[89.70853,25.26171],[89.70872,25.26134],[89.70892,25.26134],[89.70891,25.26116],[89.70911,25.26116],[89.7091,25.2608],[89.7089,25.2608],[89.7089,25.26062],[89.7091,25.26062],[89.70909,25.26025],[89.70949,25.26025],[89.70948,25.26007],[89.70968,25.26006],[89.70969,25.26024],[89.71008,25.26024],[89.71027,25.25987],[89.71007,25.25988],[89.71007,25.2597],[89.71027,25.25969],[89.71027,25.25951],[89.71106,25.2595],[89.71106,25.25968],[89.71126,25.25967],[89.71145,25.25931],[89.71125,25.25931],[89.71125,25.25895],[89.71144,25.25895],[89.71144,25.25877],[89.71243,25.25875],[89.71262,25.25839],[89.71282,25.25838],[89.71281,25.25802],[89.71301,25.25802],[89.713,25.25748],[89.71339,25.25729],[89.71318,25.25693],[89.71299,25.25693],[89.71298,25.25675],[89.71278,25.25676],[89.71278,25.25658],[89.71199,25.25659],[89.71199,25.25677],[89.7114,25.25678],[89.7114,25.25696],[89.711,25.25697],[89.71081,25.25734],[89.71061,25.25734],[89.71062,25.25752],[89.71022,25.25753],[89.71001,25.25717],[89.70942,25.25718],[89.7094,25.25628],[89.7092,25.25628],[89.70919,25.25592],[89.70899,25.25592],[89.70898,25.2552],[89.70918,25.2552],[89.70917,25.25466],[89.70876,25.25449],[89.70875,25.25394],[89.70855,25.25395],[89.70855,25.25359],[89.70874,25.25358],[89.70873,25.25304],[89.70893,25.25304],[89.70892,25.25268],[89.70991,25.25266]],[[89.70872,25.25268],[89.70872,25.25232],[89.70891,25.25232],[89.70892,25.25268],[89.70872,25.25268]],[[89.70692,25.26066],[89.70672,25.26066],[89.70671,25.2603],[89.70711,25.26047],[89.70712,25.26101],[89.70732,25.26101],[89.70733,25.26119],[89.70693,25.2612],[89.70692,25.26066]],[[89.70275,25.26073],[89.70315,25.26072],[89.70315,25.26091],[89.70275,25.26091],[89.70275,25.26073]],[[89.7085,25.26045],[89.7087,25.26044],[89.70871,25.2608],[89.70851,25.26081],[89.7085,25.26045]],[[89.70729,25.25975],[89.70809,25.25973],[89.7081,25.26027],[89.70731,25.26029],[89.70729,25.25975]],[[89.70888,25.25972],[89.70928,25.25971],[89.70928,25.25989],[89.70888,25.2599],[89.70888,25.25972]],[[89.70866,25.25882],[89.70906,25.25881],[89.70907,25.25935],[89.70867,25.25936],[89.70866,25.25882]],[[89.71044,25.25843],[89.71064,25.25842],[89.71065,25.25914],[89.71046,25.25915],[89.71044,25.25843]],[[89.70686,25.25831],[89.70706,25.25831],[89.70706,25.25813],[89.70746,25.2583],[89.70727,25.25866],[89.70687,25.25867],[89.70686,25.25831]],[[89.70744,25.25722],[89.70763,25.25721],[89.70761,25.25631],[89.70801,25.2563],[89.70801,25.25612],[89.70821,25.25612],[89.70823,25.2572],[89.70803,25.25721],[89.70805,25.25793],[89.70745,25.25794],[89.70744,25.25722]],[[89.70845,25.24944],[89.70865,25.24943],[89.70866,25.24979],[89.70846,25.2498],[89.7085,25.25142],[89.7087,25.25142],[89.7087,25.25178],[89.70851,25.25178],[89.70851,25.25214],[89.70832,25.25215],[89.70832,25.25251],[89.70793,25.2527],[89.70794,25.25306],[89.70755,25.25324],[89.70755,25.25342],[89.70735,25.25343],[89.70736,25.25397],[89.70756,25.25397],[89.70758,25.25469],[89.70738,25.25469],[89.70739,25.25505],[89.70719,25.25506],[89.7072,25.25542],[89.7074,25.25541],[89.7074,25.25577],[89.70662,25.25615],[89.70663,25.25651],[89.70703,25.25668],[89.70704,25.25722],[89.70665,25.25741],[89.70665,25.25759],[89.70625,25.2576],[89.70605,25.25724],[89.70486,25.25744],[89.70486,25.25726],[89.70466,25.25727],[89.70465,25.25673],[89.70484,25.25672],[89.70484,25.25636],[89.70464,25.25637],[89.70463,25.25582],[89.70482,25.25582],[89.70481,25.2551],[89.70501,25.2551],[89.705,25.25473],[89.7052,25.25473],[89.70519,25.25419],[89.70538,25.25419],[89.70537,25.25346],[89.70557,25.25346],[89.70555,25.25292],[89.70516,25.25293],[89.70515,25.25257],[89.70555,25.25256],[89.70555,25.25274],[89.70575,25.25274],[89.70574,25.25237],[89.70594,25.25237],[89.70593,25.25219],[89.70554,25.2522],[89.70553,25.25184],[89.70593,25.25183],[89.70592,25.25165],[89.70612,25.25165],[89.70611,25.25129],[89.70631,25.25128],[89.70649,25.2502],[89.70668,25.25019],[89.70667,25.24965],[89.70687,25.24965],[89.70689,25.25055],[89.70768,25.25017],[89.70768,25.25053],[89.70788,25.25053],[89.70787,25.25017],[89.70827,25.25016],[89.70826,25.24944],[89.70806,25.24944],[89.70805,25.24926],[89.70825,25.24926],[89.70825,25.24908],[89.70805,25.24908],[89.70804,25.24854],[89.70784,25.24855],[89.70782,25.24782],[89.70822,25.24782],[89.70824,25.24854],[89.70843,25.24854],[89.70845,25.24944]],[[89.70843,25.24835],[89.70863,25.24835],[89.70863,25.24853],[89.70843,25.24854],[89.70843,25.24835]],[[89.70263,25.25532],[89.70303,25.25531],[89.70304,25.25567],[89.70343,25.25567],[89.70344,25.25603],[89.70284,25.25604],[89.70263,25.25532]],[[89.70382,25.25512],[89.70421,25.25511],[89.70422,25.25529],[89.70442,25.25529],[89.70442,25.25565],[89.70423,25.25565],[89.70423,25.25583],[89.70383,25.25584],[89.70382,25.25512]],[[89.70262,25.25478],[89.70302,25.25477],[89.70302,25.25513],[89.70263,25.25514],[89.70262,25.25478]],[[89.70513,25.25166],[89.70493,25.25167],[89.70492,25.25131],[89.70532,25.2513],[89.70534,25.25202],[89.70494,25.25203],[89.70513,25.25166]],[[89.7057,25.25075],[89.70551,25.25075],[89.7055,25.25039],[89.70609,25.25038],[89.70611,25.25092],[89.70571,25.25093],[89.7057,25.25075]],[[89.70467,25.24897],[89.70507,25.24914],[89.70508,25.2495],[89.70528,25.2495],[89.70528,25.24968],[89.70489,25.24968],[89.70467,25.24897]],[[89.70645,25.24875],[89.70665,25.24875],[89.70666,25.24893],[89.70646,25.24893],[89.70645,25.24875]],[[89.70426,25.24825],[89.70406,25.24825],[89.70406,25.24807],[89.70445,25.24807],[89.70447,25.24861],[89.70407,25.24862],[89.70426,25.24825]],[[89.70664,25.24803],[89.70703,25.24802],[89.70704,25.2482],[89.70664,25.24821],[89.70664,25.24803]],[[89.70862,25.24799],[89.70842,25.24799],[89.70841,25.24763],[89.70742,25.24765],[89.70741,25.24711],[89.70721,25.24711],[89.7072,25.24675],[89.7074,25.24675],[89.70741,25.24693],[89.708,25.24692],[89.70821,25.24728],[89.70841,25.24727],[89.7084,25.24709],[89.709,25.24708],[89.709,25.24726],[89.7094,25.24725],[89.70941,25.2478],[89.70921,25.2478],[89.70922,25.24816],[89.70862,25.24817],[89.70862,25.24799]],[[89.70385,25.24772],[89.70405,25.24771],[89.70405,25.24789],[89.70386,25.2479],[89.70385,25.24772]],[[89.70403,25.24699],[89.70443,25.24698],[89.70443,25.24716],[89.70404,25.24717],[89.70403,25.24699]],[[89.7072,25.24639],[89.7066,25.2464],[89.70659,25.24604],[89.70679,25.24604],[89.70679,25.24586],[89.70719,25.24603],[89.70719,25.24621],[89.70739,25.24621],[89.7074,25.24657],[89.7072,25.24657],[89.7072,25.24639]],[[89.70501,25.24625],[89.70521,25.24625],[89.70521,25.24643],[89.70501,25.24643],[89.70501,25.24625]],[[89.70877,25.246],[89.70858,25.24601],[89.70856,25.24546],[89.70896,25.24546],[89.70917,25.24581],[89.70937,25.24581],[89.70937,25.24617],[89.70918,25.24618],[89.70918,25.24636],[89.70878,25.24636],[89.70877,25.246]],[[89.7036,25.24556],[89.7038,25.24555],[89.70381,25.24573],[89.70361,25.24574],[89.7036,25.24556]],[[89.71153,25.24505],[89.71173,25.24505],[89.71174,25.24541],[89.71134,25.24541],[89.71153,25.24505]],[[89.70834,25.24421],[89.70834,25.24439],[89.70814,25.24439],[89.70814,25.24421],[89.70834,25.24421]],[[89.70794,25.24421],[89.70794,25.24403],[89.70814,25.24403],[89.70814,25.24421],[89.70794,25.24421]],[[89.70932,25.24383],[89.70952,25.24382],[89.70952,25.244],[89.70933,25.24401],[89.70932,25.24383]],[[89.70515,25.24354],[89.70535,25.24354],[89.70535,25.2439],[89.70516,25.2439],[89.70515,25.24354]],[[89.70773,25.24349],[89.70812,25.24349],[89.70813,25.24385],[89.70754,25.24386],[89.70773,25.24349]],[[89.70852,25.2433],[89.70871,25.2433],[89.70872,25.24348],[89.70852,25.24348],[89.70852,25.2433]],[[89.70787,25.24115],[89.70807,25.24114],[89.70808,25.2415],[89.70788,25.24151],[89.70787,25.24115]],[[89.70766,25.24043],[89.70806,25.24042],[89.70806,25.24078],[89.70767,25.24079],[89.70766,25.24043]],[[89.70784,25.23988],[89.70765,25.23989],[89.70764,25.23953],[89.70804,25.23952],[89.70805,25.24006],[89.70785,25.24006],[89.70784,25.23988]],[[89.70816,25.23627],[89.70837,25.23662],[89.70798,25.23681],[89.70777,25.23645],[89.70816,25.23627]],[[89.70737,25.23646],[89.70736,25.2361],[89.70776,25.23609],[89.70777,25.23645],[89.70737,25.23646]],[[89.70796,25.23591],[89.70815,25.23591],[89.70816,25.23609],[89.70796,25.23609],[89.70796,25.23591]]]}},{"type":"Feature","properties":{"kind":"land","ha":24.8},"geometry":{"type":"Polygon","coordinates":[[[89.64842,25.23555],[89.64802,25.23555],[89.64801,25.23519],[89.64821,25.23519],[89.64821,25.23501],[89.64761,25.23502],[89.64761,25.23484],[89.64721,25.23485],[89.647,25.23449],[89.64641,25.2345],[89.6464,25.23396],[89.646,25.23396],[89.646,25.23378],[89.6454,25.2338],[89.6454,25.23361],[89.6452,25.23362],[89.64501,25.23398],[89.64421,25.234],[89.64422,25.23418],[89.64382,25.23418],[89.64383,25.23436],[89.64482,25.23435],[89.64482,25.23453],[89.64522,25.23452],[89.64521,25.23416],[89.64561,25.23415],[89.64562,25.23469],[89.64582,25.23469],[89.64583,25.23523],[89.64603,25.23523],[89.64604,25.23559],[89.64584,25.23559],[89.64584,25.23577],[89.64525,25.23578],[89.64504,25.23543],[89.64484,25.23543],[89.64484,25.23525],[89.64364,25.23509],[89.64344,25.23473],[89.64304,25.23474],[89.64304,25.23456],[89.64284,25.23456],[89.64283,25.23438],[89.64244,25.23439],[89.64243,25.23421],[89.64184,25.23422],[89.64204,25.23458],[89.64224,25.23457],[89.64225,25.23475],[89.64304,25.23492],[89.64305,25.2351],[89.64344,25.23509],[89.64365,25.23545],[89.64405,25.23544],[89.64425,25.2358],[89.64445,25.2358],[89.64446,25.23598],[89.64485,25.23597],[89.64486,25.23615],[89.64545,25.23614],[89.64546,25.23632],[89.64605,25.23631],[89.64605,25.23649],[89.64665,25.23648],[89.64665,25.23666],[89.64725,25.23665],[89.64725,25.23683],[89.64785,25.23682],[89.64785,25.237],[89.64845,25.23699],[89.64845,25.23717],[89.64885,25.23716],[89.64885,25.23734],[89.64925,25.23734],[89.64925,25.23752],[89.65183,25.23747],[89.65183,25.23729],[89.65203,25.23729],[89.65201,25.23674],[89.65241,25.23692],[89.65241,25.23674],[89.65261,25.23673],[89.65262,25.2371],[89.65282,25.23709],[89.65282,25.23727],[89.65262,25.23728],[89.65262,25.23746],[89.65303,25.23763],[89.65304,25.23817],[89.65284,25.23817],[89.65285,25.23853],[89.65304,25.23853],[89.65305,25.23889],[89.65285,25.2389],[89.65286,25.23908],[89.65167,25.2391],[89.65167,25.23928],[89.65207,25.23945],[89.65208,25.23963],[89.65287,25.23962],[89.65287,25.23944],[89.65306,25.23943],[89.65308,25.24016],[89.65328,25.24015],[89.65329,25.24069],[89.65349,25.24069],[89.65349,25.24087],[89.6531,25.24106],[89.6531,25.24124],[89.65291,25.24124],[89.65291,25.2416],[89.65371,25.24159],[89.6537,25.24123],[89.65409,25.24104],[89.65408,25.24068],[89.65428,25.24067],[89.65426,25.23959],[89.65406,25.2396],[89.65405,25.23924],[89.65366,25.23924],[89.65365,25.23906],[89.65345,25.23907],[89.65345,25.23889],[89.65384,25.2387],[89.65384,25.23852],[89.65423,25.23851],[89.65423,25.23815],[89.65443,25.23815],[89.65441,25.23742],[89.65421,25.23743],[89.65419,25.23653],[89.65399,25.23653],[89.65399,25.23635],[89.65359,25.23636],[89.65339,25.236],[89.65319,25.236],[89.65318,25.23546],[89.65337,25.23546],[89.65337,25.2351],[89.65317,25.2351],[89.65317,25.23528],[89.65278,25.23529],[89.65259,25.23565],[89.6502,25.23569],[89.65,25.23534],[89.6494,25.23535],[89.6494,25.23517],[89.6488,25.23518],[89.6488,25.235],[89.6484,25.235],[89.64861,25.23536],[89.64901,25.23535],[89.64901,25.23554],[89.64861,25.23554],[89.64862,25.23572],[89.64842,25.23573],[89.64842,25.23555]],[[89.64843,25.23609],[89.64803,25.23609],[89.64802,25.23573],[89.64842,25.23573],[89.64843,25.23609]],[[89.64943,25.23643],[89.64942,25.23625],[89.64962,25.23625],[89.64963,25.23643],[89.64982,25.23642],[89.64983,25.23678],[89.64963,25.23679],[89.64964,25.23697],[89.64924,25.23698],[89.64903,25.23662],[89.64943,25.23643]],[[89.64884,25.23662],[89.64863,25.23626],[89.64903,25.23626],[89.64903,25.23662],[89.64884,25.23662]]]}},{"type":"Feature","properties":{"kind":"land","ha":11.2},"geometry":{"type":"Polygon","coordinates":[[[89.63197,25.23656],[89.63196,25.23638],[89.63216,25.23638],[89.63216,25.2362],[89.63295,25.23636],[89.63295,25.236],[89.63275,25.23601],[89.63274,25.23583],[89.63334,25.23582],[89.63313,25.23546],[89.63294,25.23546],[89.63293,25.23528],[89.63273,25.23529],[89.63273,25.23492],[89.63232,25.23475],[89.63232,25.23457],[89.63212,25.23457],[89.63212,25.23439],[89.63271,25.23438],[89.63272,25.23456],[89.63311,25.23456],[89.63312,25.23474],[89.63351,25.23473],[89.63372,25.23509],[89.63432,25.23508],[89.63452,25.23543],[89.63492,25.23543],[89.63471,25.23507],[89.63451,25.23507],[89.63451,25.23471],[89.63471,25.23471],[89.6347,25.23453],[89.6351,25.2347],[89.63511,25.23488],[89.6357,25.23487],[89.6357,25.23505],[89.6361,25.23504],[89.63611,25.23522],[89.6363,25.23522],[89.6363,25.23486],[89.6359,25.23469],[89.63589,25.23451],[89.63569,25.23451],[89.63569,25.23433],[89.63489,25.23416],[89.63469,25.23381],[89.63449,25.23381],[89.63448,25.23363],[89.63429,25.23363],[89.63428,25.23345],[89.63388,25.23346],[89.63368,25.2331],[89.63328,25.23311],[89.63328,25.23293],[89.63288,25.23294],[89.63288,25.23312],[89.63209,25.23313],[89.6323,25.23349],[89.6317,25.2335],[89.63151,25.23386],[89.63131,25.23387],[89.63132,25.23423],[89.63092,25.23405],[89.63092,25.23387],[89.63032,25.23388],[89.63013,25.23425],[89.62973,25.23426],[89.62975,25.2348],[89.62994,25.23479],[89.62995,25.23515],[89.63035,25.23497],[89.63034,25.23479],[89.63074,25.23478],[89.63094,25.23514],[89.63134,25.23513],[89.63116,25.23585],[89.63096,25.23586],[89.63097,25.2364],[89.63117,25.2364],[89.63117,25.23658],[89.63157,25.23657],[89.63157,25.23675],[89.63197,25.23656]],[[89.63155,25.23549],[89.63175,25.23548],[89.63175,25.23584],[89.63155,25.23585],[89.63155,25.23549]]]}},{"type":"Feature","properties":{"kind":"land","ha":3.6},"geometry":{"type":"Polygon","coordinates":[[[89.71545,25.23379],[89.71544,25.23343],[89.71564,25.23342],[89.71562,25.2327],[89.71542,25.2327],[89.71539,25.23126],[89.71499,25.23109],[89.71499,25.23091],[89.71459,25.23091],[89.71458,25.23055],[89.71418,25.23038],[89.71418,25.2302],[89.71398,25.2302],[89.71398,25.23002],[89.71378,25.23003],[89.71377,25.22985],[89.71358,25.22985],[89.71358,25.23003],[89.71338,25.23003],[89.71339,25.23058],[89.71379,25.23075],[89.71401,25.23147],[89.71441,25.23164],[89.71463,25.23272],[89.71483,25.23272],[89.71484,25.23326],[89.71524,25.23343],[89.71525,25.23379],[89.71545,25.23379]]]}},{"type":"Feature","properties":{"kind":"land","ha":7.2},"geometry":{"type":"Polygon","coordinates":[[[89.61327,25.23473],[89.61327,25.23437],[89.61366,25.23418],[89.61366,25.234],[89.61385,25.234],[89.61384,25.23345],[89.61364,25.23346],[89.61364,25.2331],[89.61344,25.2331],[89.61343,25.23256],[89.61323,25.23256],[89.61322,25.23238],[89.61283,25.23239],[89.61261,25.23167],[89.61241,25.23168],[89.6124,25.23095],[89.6128,25.23095],[89.6128,25.23113],[89.613,25.23112],[89.61298,25.2304],[89.61318,25.2304],[89.61318,25.23022],[89.61298,25.23022],[89.61298,25.23004],[89.61238,25.23005],[89.61217,25.22969],[89.61198,25.2297],[89.61199,25.23024],[89.61219,25.23024],[89.61219,25.23042],[89.6118,25.2306],[89.61182,25.23151],[89.61201,25.2315],[89.61202,25.23186],[89.61222,25.23186],[89.61223,25.2324],[89.61203,25.2324],[89.61204,25.23276],[89.61184,25.23277],[89.61184,25.23241],[89.61164,25.23241],[89.61163,25.23205],[89.61143,25.23205],[89.61142,25.23169],[89.61103,25.2317],[89.61084,25.23206],[89.61103,25.23206],[89.61104,25.23224],[89.61064,25.23243],[89.61065,25.23261],[89.61025,25.23244],[89.61026,25.2328],[89.61045,25.23279],[89.61047,25.23369],[89.61067,25.23369],[89.61067,25.23351],[89.61106,25.2335],[89.61106,25.23332],[89.61146,25.23332],[89.61147,25.23368],[89.61187,25.23385],[89.61187,25.23403],[89.61207,25.23403],[89.61205,25.23313],[89.61245,25.23312],[89.61265,25.23348],[89.61285,25.23347],[89.61287,25.23455],[89.61248,25.23456],[89.61248,25.23474],[89.61327,25.23473]],[[89.61238,25.23023],[89.61278,25.23041],[89.61279,25.23059],[89.61239,25.23059],[89.61238,25.23023]]]}},{"type":"Feature","properties":{"kind":"land","ha":5.5},"geometry":{"type":"Polygon","coordinates":[[[89.63883,25.23265],[89.63882,25.23229],[89.63842,25.23212],[89.63842,25.23193],[89.63822,25.23194],[89.63821,25.23176],[89.63782,25.23176],[89.63781,25.23158],[89.63722,25.2316],[89.63721,25.23141],[89.63682,25.23142],[89.63661,25.23106],[89.63641,25.23107],[89.63641,25.23089],[89.63621,25.23089],[89.63621,25.23071],[89.63601,25.23071],[89.636,25.23053],[89.63581,25.23054],[89.6358,25.23036],[89.6356,25.23036],[89.6356,25.23],[89.6354,25.23],[89.63539,25.22946],[89.63458,25.22912],[89.63457,25.22857],[89.63437,25.22858],[89.63437,25.22822],[89.63377,25.22823],[89.63378,25.22841],[89.63338,25.22841],[89.63337,25.22787],[89.63277,25.22788],[89.63278,25.22806],[89.63258,25.22807],[89.63259,25.22879],[89.63299,25.22896],[89.633,25.22914],[89.6332,25.22914],[89.6332,25.22932],[89.6336,25.22931],[89.6338,25.22967],[89.6342,25.22966],[89.63441,25.23002],[89.6346,25.23002],[89.63461,25.2302],[89.63481,25.23019],[89.63481,25.23037],[89.63521,25.23037],[89.63562,25.23108],[89.63602,25.23108],[89.63622,25.23143],[89.63662,25.23143],[89.63682,25.23178],[89.63762,25.23195],[89.63763,25.23213],[89.63802,25.23212],[89.63823,25.23248],[89.63863,25.23247],[89.63863,25.23265],[89.63883,25.23265]]]}},{"type":"Feature","properties":{"kind":"land","ha":98.7},"geometry":{"type":"Polygon","coordinates":[[[89.61316,25.24773],[89.61315,25.24737],[89.61354,25.24718],[89.61354,25.247],[89.61393,25.24699],[89.61393,25.24681],[89.61492,25.24679],[89.61491,25.24607],[89.61471,25.24607],[89.6147,25.24589],[89.61451,25.2459],[89.61451,25.24608],[89.61391,25.24609],[89.61389,25.24519],[89.61409,25.24518],[89.61409,25.245],[89.61449,25.245],[89.61448,25.24481],[89.61408,25.24464],[89.61408,25.24446],[89.61309,25.24448],[89.61307,25.24394],[89.61327,25.24393],[89.61326,25.24357],[89.61346,25.24357],[89.61345,25.24303],[89.61365,25.24302],[89.61365,25.24284],[89.61404,25.24284],[89.61425,25.24319],[89.61445,25.24319],[89.61464,25.24283],[89.61484,25.24282],[89.61483,25.24264],[89.61503,25.24264],[89.61503,25.24246],[89.61523,25.24245],[89.61522,25.24227],[89.61601,25.24226],[89.61601,25.24208],[89.61621,25.24208],[89.61621,25.24226],[89.61681,25.24225],[89.6168,25.24189],[89.617,25.24188],[89.61699,25.24134],[89.61778,25.24133],[89.61778,25.24115],[89.61817,25.24114],[89.61817,25.24096],[89.61857,25.24095],[89.61856,25.24041],[89.61816,25.24042],[89.61816,25.2406],[89.61777,25.24061],[89.61777,25.24079],[89.61757,25.24079],[89.61755,25.23989],[89.61794,25.2397],[89.61794,25.23952],[89.61814,25.23952],[89.61813,25.23915],[89.61773,25.23916],[89.61774,25.23934],[89.61734,25.23935],[89.61735,25.23953],[89.61715,25.23953],[89.61714,25.23935],[89.61694,25.23936],[89.61694,25.239],[89.61733,25.23881],[89.61732,25.23845],[89.61752,25.23844],[89.61752,25.23826],[89.61772,25.23826],[89.61771,25.2379],[89.6181,25.23771],[89.6181,25.23753],[89.61829,25.23753],[89.61829,25.23735],[89.61849,25.23734],[89.61849,25.23716],[89.61868,25.23716],[89.61868,25.23698],[89.61888,25.23698],[89.61887,25.23679],[89.61907,25.23679],[89.61907,25.23643],[89.61847,25.23644],[89.61846,25.23608],[89.61906,25.23607],[89.61905,25.23553],[89.61885,25.23553],[89.61884,25.23535],[89.62003,25.23515],[89.62024,25.23551],[89.62123,25.23549],[89.62122,25.23531],[89.62083,25.23532],[89.62082,25.23514],[89.62063,25.23514],[89.62061,25.2346],[89.62081,25.23459],[89.62081,25.23441],[89.62061,25.23442],[89.62061,25.23424],[89.621,25.23405],[89.62099,25.23387],[89.62119,25.23387],[89.62119,25.23369],[89.62139,25.23368],[89.62138,25.2335],[89.62158,25.2335],[89.62158,25.23332],[89.62078,25.23333],[89.62078,25.23315],[89.62058,25.23315],[89.62058,25.23297],[89.62098,25.23297],[89.62097,25.23279],[89.62117,25.23278],[89.62117,25.2326],[89.62156,25.2326],[89.62135,25.23188],[89.62115,25.23188],[89.62114,25.23134],[89.62094,25.23134],[89.62094,25.23116],[89.62034,25.23117],[89.62034,25.23099],[89.62014,25.231],[89.62013,25.23064],[89.61973,25.23064],[89.61971,25.22956],[89.61931,25.22957],[89.61931,25.22939],[89.61852,25.2294],[89.61831,25.22904],[89.61811,25.22905],[89.61811,25.22887],[89.61791,25.22887],[89.61791,25.22869],[89.61771,25.22869],[89.61769,25.22797],[89.61749,25.22798],[89.6175,25.22834],[89.6171,25.22816],[89.61689,25.22744],[89.61649,25.22727],[89.61648,25.22709],[89.61629,25.22709],[89.61627,25.22619],[89.61567,25.2262],[89.61568,25.22656],[89.61588,25.22656],[89.61588,25.22692],[89.61608,25.22692],[89.61609,25.22746],[89.61629,25.22745],[89.61631,25.22818],[89.61671,25.22835],[89.61673,25.22943],[89.61634,25.22962],[89.61635,25.23034],[89.61616,25.23035],[89.61616,25.23053],[89.61576,25.23053],[89.61577,25.23089],[89.61458,25.23091],[89.61438,25.23056],[89.61398,25.23074],[89.61403,25.23291],[89.61383,25.23291],[89.61384,25.23345],[89.61424,25.23345],[89.61425,25.23399],[89.61464,25.2338],[89.61464,25.23362],[89.61523,25.23361],[89.61525,25.23415],[89.61485,25.23434],[89.61486,25.23452],[89.61466,25.23452],[89.61466,25.2347],[89.61426,25.23453],[89.61426,25.23435],[89.61366,25.23436],[89.61367,25.23472],[89.61328,25.23491],[89.61328,25.23509],[89.61388,25.23508],[89.61388,25.23526],[89.61408,25.23526],[89.61409,25.2358],[89.6137,25.23598],[89.6137,25.23616],[89.6135,25.23617],[89.61351,25.23653],[89.61331,25.23653],[89.61331,25.23635],[89.61291,25.23636],[89.61271,25.236],[89.61251,25.23601],[89.6125,25.23582],[89.61231,25.23583],[89.6123,25.23565],[89.6119,25.23565],[89.61191,25.23602],[89.61211,25.23601],[89.61211,25.23619],[89.61251,25.23619],[89.61253,25.23691],[89.61233,25.23691],[89.61234,25.23727],[89.61214,25.23728],[89.61215,25.23764],[89.61155,25.23765],[89.61157,25.23837],[89.61137,25.23837],[89.61137,25.23873],[89.61217,25.2389],[89.61218,25.23926],[89.61198,25.23926],[89.61199,25.23944],[89.61159,25.23945],[89.61159,25.23963],[89.6108,25.23965],[89.61079,25.2391],[89.61059,25.23911],[89.61059,25.23893],[89.61019,25.23893],[89.61,25.2393],[89.6096,25.23931],[89.60961,25.23949],[89.60901,25.2395],[89.60901,25.23968],[89.60862,25.23968],[89.60843,25.24005],[89.60823,25.24005],[89.60823,25.24023],[89.60744,25.24025],[89.60744,25.24043],[89.60705,25.24043],[89.60705,25.24061],[89.60685,25.24062],[89.60685,25.2408],[89.60844,25.24059],[89.60844,25.24077],[89.60904,25.24076],[89.60903,25.24058],[89.60943,25.24057],[89.60943,25.24039],[89.60962,25.24039],[89.60962,25.24021],[89.61002,25.2402],[89.61002,25.24038],[89.61022,25.24038],[89.61023,25.24092],[89.61083,25.24091],[89.61103,25.24127],[89.61143,25.24126],[89.61143,25.24144],[89.61163,25.24144],[89.61164,25.24162],[89.61243,25.2416],[89.61242,25.24142],[89.61282,25.24141],[89.61283,25.24178],[89.61323,25.24177],[89.61324,25.24231],[89.61304,25.24231],[89.61305,25.24303],[89.61286,25.24304],[89.61286,25.2434],[89.61247,25.24359],[89.61247,25.24377],[89.61208,25.24377],[89.61187,25.24342],[89.61167,25.24342],[89.61167,25.24324],[89.61088,25.24325],[89.61088,25.24361],[89.61168,25.24378],[89.61189,25.24414],[89.61209,25.24414],[89.61209,25.2445],[89.61229,25.24449],[89.6123,25.24503],[89.6125,25.24503],[89.61253,25.24629],[89.61273,25.24629],[89.61274,25.24683],[89.61294,25.24683],[89.61296,25.24773],[89.61316,25.24773]],[[89.61352,25.24646],[89.61372,25.24645],[89.61373,25.24663],[89.61353,25.24664],[89.61352,25.24646]],[[89.61442,25.24175],[89.61481,25.24156],[89.61481,25.24138],[89.61521,25.24155],[89.61521,25.24191],[89.61502,25.24192],[89.61502,25.2421],[89.61442,25.24211],[89.61442,25.24175]],[[89.61381,25.2414],[89.61401,25.24139],[89.61402,25.24175],[89.61382,25.24176],[89.61381,25.2414]],[[89.61558,25.24064],[89.61618,25.24063],[89.61599,25.241],[89.61559,25.241],[89.61558,25.24064]],[[89.61656,25.2399],[89.61636,25.23991],[89.61635,25.23955],[89.61675,25.23954],[89.61676,25.2399],[89.61696,25.2399],[89.61696,25.24008],[89.61656,25.24008],[89.61656,25.2399]],[[89.61398,25.23995],[89.61378,25.23995],[89.61378,25.23977],[89.61398,25.23977],[89.61398,25.23995]],[[89.61397,25.23941],[89.61417,25.23941],[89.61413,25.2376],[89.61433,25.2376],[89.61432,25.23724],[89.61452,25.23723],[89.61453,25.23759],[89.61472,25.23759],[89.61474,25.23849],[89.61455,25.2385],[89.61457,25.23958],[89.61437,25.23958],[89.61437,25.23976],[89.61398,25.23977],[89.61397,25.23941]],[[89.61622,25.23341],[89.61642,25.23341],[89.61643,25.23395],[89.61623,25.23395],[89.61622,25.23341]],[[89.61558,25.23144],[89.61637,25.23124],[89.61638,25.2316],[89.61559,25.2318],[89.61558,25.23144]],[[89.61419,25.23128],[89.61459,25.23128],[89.61459,25.23146],[89.6142,25.23146],[89.61419,25.23128]],[[89.61597,25.23089],[89.61617,25.23089],[89.61617,25.23107],[89.61597,25.23107],[89.61597,25.23089]],[[89.61694,25.22979],[89.61733,25.2296],[89.61734,25.23014],[89.61714,25.23015],[89.61694,25.22979]],[[89.61793,25.22977],[89.61813,25.22977],[89.61814,25.23013],[89.61794,25.23013],[89.61793,25.22977]]]}},{"type":"Feature","properties":{"kind":"land","ha":18.2},"geometry":{"type":"Polygon","coordinates":[[[89.68562,25.23108],[89.68562,25.2309],[89.68582,25.2309],[89.686,25.23017],[89.6862,25.23017],[89.68619,25.22963],[89.68658,25.22944],[89.68657,25.22908],[89.68677,25.22908],[89.68676,25.22854],[89.68656,25.22854],[89.68655,25.22818],[89.68635,25.22818],[89.68633,25.22692],[89.68593,25.22675],[89.68591,25.22621],[89.68611,25.2262],[89.6861,25.22584],[89.6863,25.22584],[89.68629,25.22548],[89.68589,25.2253],[89.68588,25.22476],[89.68608,25.22476],[89.68608,25.22458],[89.68647,25.22457],[89.68647,25.22439],[89.68687,25.22438],[89.68685,25.22384],[89.68705,25.22384],[89.68704,25.22348],[89.68724,25.22347],[89.68724,25.22329],[89.68664,25.2233],[89.68665,25.22366],[89.68626,25.22385],[89.68626,25.22403],[89.68547,25.22405],[89.68547,25.22387],[89.68527,25.22387],[89.68525,25.22297],[89.68545,25.22296],[89.68544,25.2226],[89.68564,25.2226],[89.68563,25.22224],[89.68543,25.22224],[89.68543,25.22206],[89.68503,25.22225],[89.68504,25.22261],[89.68484,25.22261],[89.68485,25.2228],[89.68445,25.2228],[89.68445,25.22298],[89.68426,25.22299],[89.68427,25.22353],[89.68387,25.22372],[89.68388,25.2239],[89.68368,25.2239],[89.68368,25.22408],[89.68349,25.22408],[89.68349,25.22444],[89.6831,25.22463],[89.68311,25.22481],[89.68291,25.22482],[89.68291,25.22518],[89.68272,25.22518],[89.68272,25.22554],[89.68233,25.22573],[89.68234,25.22609],[89.68195,25.22628],[89.68195,25.22664],[89.68176,25.22664],[89.68177,25.22718],[89.68157,25.22719],[89.68159,25.22827],[89.6814,25.22827],[89.6816,25.22863],[89.6818,25.22863],[89.68198,25.2279],[89.68238,25.22771],[89.68237,25.22753],[89.68257,25.22753],[89.68255,25.22663],[89.68294,25.22644],[89.68294,25.22626],[89.68314,25.22626],[89.68313,25.22608],[89.68333,25.22607],[89.68333,25.22589],[89.68353,25.22589],[89.68352,25.22571],[89.68392,25.2257],[89.68411,25.22534],[89.68431,25.22533],[89.6843,25.22515],[89.68509,25.22496],[89.6853,25.22531],[89.6855,25.22531],[89.6855,25.22549],[89.6857,25.22549],[89.68571,25.22603],[89.68532,25.22622],[89.68533,25.22658],[89.68493,25.22658],[89.68492,25.22604],[89.68472,25.22605],[89.68434,25.22678],[89.68454,25.22677],[89.68456,25.22785],[89.68476,25.22785],[89.68477,25.22821],[89.68457,25.22822],[89.68458,25.22876],[89.68478,25.22875],[89.68479,25.22911],[89.68499,25.22911],[89.68499,25.22947],[89.68519,25.22947],[89.68521,25.23019],[89.68501,25.23019],[89.68502,25.23073],[89.68482,25.23074],[89.68483,25.23092],[89.68523,25.23109],[89.68523,25.23127],[89.68562,25.23108]]]}},{"type":"Feature","properties":{"kind":"land","ha":5.0},"geometry":{"type":"Polygon","coordinates":[[[89.61748,25.22707],[89.61746,25.22653],[89.61727,25.22654],[89.61725,25.22599],[89.61706,25.226],[89.61705,25.22582],[89.61725,25.22581],[89.61724,25.22545],[89.61764,25.22545],[89.61764,25.22563],[89.61883,25.2256],[89.61884,25.22579],[89.61904,25.22578],[89.61902,25.22506],[89.61942,25.22505],[89.61941,25.22469],[89.61961,25.22469],[89.6196,25.22433],[89.6194,25.22433],[89.61939,25.22379],[89.61919,25.22379],[89.61918,25.22307],[89.61898,25.22308],[89.61897,25.2229],[89.61858,25.22308],[89.61859,25.22344],[89.61839,25.22345],[89.6184,25.22399],[89.61801,25.22418],[89.61802,25.22454],[89.61762,25.22472],[89.61763,25.2249],[89.61723,25.22491],[89.61723,25.22473],[89.61703,25.22473],[89.61704,25.2251],[89.61684,25.2251],[89.61686,25.226],[89.61666,25.226],[89.61667,25.22637],[89.61647,25.22637],[89.61647,25.22655],[89.61667,25.22655],[89.61667,25.22673],[89.61707,25.22672],[89.61728,25.22708],[89.61748,25.22707]]]}},{"type":"Feature","properties":{"kind":"land","ha":3.4},"geometry":{"type":"Polygon","coordinates":[[[89.61625,25.22529],[89.61624,25.22475],[89.61643,25.22475],[89.61642,25.22402],[89.61681,25.22384],[89.6168,25.22329],[89.617,25.22329],[89.61699,25.22293],[89.61719,25.22293],[89.61717,25.2222],[89.61737,25.2222],[89.61736,25.22184],[89.61717,25.22184],[89.61716,25.22166],[89.61657,25.22167],[89.61656,25.22149],[89.61617,25.22168],[89.61619,25.22276],[89.61599,25.22277],[89.616,25.22313],[89.6158,25.22313],[89.61585,25.22512],[89.61604,25.22511],[89.61605,25.22529],[89.61625,25.22529]]]}},{"type":"Feature","properties":{"kind":"land","ha":19.8},"geometry":{"type":"Polygon","coordinates":[[[89.63145,25.2308],[89.63143,25.23007],[89.63183,25.23007],[89.63203,25.23042],[89.63223,25.23042],[89.63222,25.2297],[89.63202,25.2297],[89.63201,25.22934],[89.63181,25.22935],[89.6318,25.22898],[89.63161,25.22899],[89.63159,25.22827],[89.63119,25.22827],[89.63099,25.22792],[89.63059,25.22792],[89.63059,25.22774],[89.63039,25.22775],[89.63036,25.22648],[89.63016,25.22649],[89.63016,25.22631],[89.63055,25.22612],[89.63054,25.22558],[89.63014,25.22558],[89.63012,25.2245],[89.62972,25.22433],[89.6295,25.22325],[89.6293,25.22325],[89.62928,25.22253],[89.62968,25.22234],[89.62967,25.22198],[89.62987,25.22198],[89.62985,25.22126],[89.62946,25.22145],[89.62947,25.22199],[89.62907,25.22199],[89.62908,25.22217],[89.62868,25.222],[89.62867,25.22164],[89.62827,25.22165],[89.62828,25.22183],[89.62808,25.22183],[89.62809,25.22237],[89.62789,25.22238],[89.6279,25.22274],[89.6275,25.22274],[89.6273,25.22239],[89.6271,25.22239],[89.62688,25.22167],[89.62648,25.2215],[89.6265,25.22204],[89.6261,25.22223],[89.62611,25.22241],[89.62571,25.22241],[89.62571,25.22259],[89.62552,25.2226],[89.62552,25.22296],[89.62592,25.22313],[89.62593,25.22331],[89.62632,25.22331],[89.62653,25.22366],[89.62673,25.22366],[89.62673,25.22384],[89.62693,25.22384],[89.62693,25.22402],[89.62733,25.22401],[89.62754,25.22437],[89.62813,25.22436],[89.62814,25.2249],[89.62775,25.22509],[89.62776,25.22527],[89.62816,25.22544],[89.62817,25.22598],[89.62837,25.22598],[89.62837,25.22634],[89.62877,25.22651],[89.62878,25.22687],[89.62898,25.22687],[89.62899,25.22741],[89.62919,25.22741],[89.6292,25.22777],[89.629,25.22777],[89.629,25.22795],[89.6294,25.22812],[89.62941,25.22831],[89.62961,25.2283],[89.62961,25.22848],[89.62981,25.22848],[89.62981,25.22866],[89.63001,25.22866],[89.63002,25.2292],[89.63042,25.22937],[89.63043,25.22991],[89.63084,25.23008],[89.63085,25.23081],[89.63145,25.2308]],[[89.62895,25.22524],[89.62934,25.22524],[89.62915,25.2256],[89.62895,25.22561],[89.62895,25.22524]],[[89.62812,25.22382],[89.62773,25.224],[89.62751,25.22328],[89.62811,25.22327],[89.62812,25.22382]],[[89.62712,25.22329],[89.62711,25.22311],[89.62751,25.2231],[89.62751,25.22328],[89.62712,25.22329]],[[89.62811,25.22309],[89.6283,25.22309],[89.62831,25.22327],[89.62811,25.22327],[89.62811,25.22309]]]}},{"type":"Feature","properties":{"kind":"land","ha":5.2},"geometry":{"type":"Polygon","coordinates":[[[89.6747,25.22172],[89.67469,25.22099],[89.67489,25.22099],[89.67487,25.22045],[89.67507,25.22045],[89.67506,25.2199],[89.67545,25.21972],[89.67545,25.21936],[89.67505,25.21918],[89.67503,25.21864],[89.67543,25.21845],[89.67542,25.21827],[89.67424,25.21848],[89.67405,25.21884],[89.67365,25.21885],[89.67365,25.21903],[89.67345,25.21903],[89.67328,25.22012],[89.67368,25.22029],[89.67371,25.22173],[89.6747,25.22172]]]}},{"type":"Feature","properties":{"kind":"land","ha":14.9},"geometry":{"type":"Polygon","coordinates":[[[89.67959,25.22722],[89.67977,25.2265],[89.67997,25.22649],[89.67994,25.22541],[89.68014,25.22541],[89.68013,25.22505],[89.68033,25.22504],[89.68032,25.22468],[89.68052,25.22468],[89.68051,25.22414],[89.68071,25.22413],[89.6807,25.22377],[89.6809,25.22377],[89.68089,25.22341],[89.68109,25.2234],[89.68108,25.22304],[89.68148,25.22286],[89.68147,25.22268],[89.68167,25.22267],[89.68167,25.22249],[89.68186,25.22249],[89.68186,25.22231],[89.68206,25.2223],[89.68205,25.22212],[89.68166,25.22213],[89.68147,25.2225],[89.68087,25.22251],[89.68086,25.22215],[89.68067,25.22215],[89.68064,25.22107],[89.68103,25.22088],[89.68104,25.22124],[89.68223,25.22122],[89.68244,25.22158],[89.68283,25.22139],[89.68282,25.22103],[89.68203,25.22104],[89.68203,25.22086],[89.68183,25.22086],[89.68182,25.22032],[89.68162,25.22033],[89.68161,25.21997],[89.682,25.21978],[89.682,25.2196],[89.6824,25.21959],[89.68239,25.21941],[89.68279,25.2194],[89.68298,25.21904],[89.68338,25.21903],[89.68356,25.21831],[89.68376,25.2183],[89.68375,25.21794],[89.68395,25.21794],[89.68394,25.21758],[89.68414,25.21757],[89.68413,25.21703],[89.68373,25.21704],[89.68373,25.21722],[89.68353,25.21722],[89.68354,25.21758],[89.68315,25.21777],[89.68316,25.21813],[89.68296,25.21814],[89.68296,25.21832],[89.68257,25.21832],[89.68238,25.21869],[89.68218,25.21869],[89.68218,25.21887],[89.68198,25.21888],[89.68199,25.21906],[89.68179,25.21906],[89.68179,25.21924],[89.6814,25.21925],[89.6814,25.21943],[89.6812,25.21943],[89.68119,25.21907],[89.6806,25.21908],[89.68041,25.21945],[89.68021,25.21945],[89.68021,25.21963],[89.68002,25.21963],[89.67983,25.22036],[89.67963,25.22036],[89.67986,25.22144],[89.67966,25.22145],[89.67967,25.22181],[89.67947,25.22181],[89.67949,25.22271],[89.67969,25.22271],[89.6797,25.22343],[89.6795,25.22343],[89.67952,25.22416],[89.67932,25.22416],[89.67933,25.2247],[89.67913,25.2247],[89.67915,25.22561],[89.67896,25.22561],[89.67898,25.22669],[89.67878,25.2267],[89.67879,25.22706],[89.67919,25.22723],[89.67919,25.22741],[89.67959,25.22722]]]}},{"type":"Feature","properties":{"kind":"land","ha":133.8},"geometry":{"type":"Polygon","coordinates":[[[89.68943,25.24184],[89.68943,25.24166],[89.68963,25.24166],[89.68961,25.24076],[89.68981,25.24075],[89.68977,25.23913],[89.68937,25.23896],[89.68937,25.23878],[89.68917,25.23878],[89.68916,25.2386],[89.68896,25.2386],[89.68896,25.23842],[89.68876,25.23843],[89.68876,25.23825],[89.68836,25.23825],[89.68836,25.23807],[89.68816,25.23808],[89.68815,25.23772],[89.68795,25.23772],[89.68794,25.23718],[89.68774,25.23718],[89.68773,25.23664],[89.68793,25.23664],[89.68793,25.23646],[89.68832,25.23645],[89.68833,25.23663],[89.68912,25.23662],[89.68933,25.23697],[89.68952,25.23697],[89.68953,25.23715],[89.69012,25.23714],[89.69031,25.23677],[89.69051,25.23677],[89.69051,25.23659],[89.69071,25.23659],[89.69089,25.23586],[89.69109,25.23586],[89.69107,25.23514],[89.69146,25.23495],[89.69146,25.23477],[89.69166,25.23476],[89.69165,25.23458],[89.69205,25.23458],[89.69205,25.2344],[89.69225,25.23439],[89.69224,25.23403],[89.69244,25.23403],[89.69242,25.23349],[89.69223,25.23349],[89.69221,25.23259],[89.6924,25.23258],[89.6924,25.23222],[89.69259,25.23222],[89.69258,25.23168],[89.69298,25.23185],[89.69299,25.23203],[89.69319,25.23203],[89.69319,25.23221],[89.69339,25.23221],[89.69338,25.23184],[89.69377,25.23166],[89.69376,25.23112],[89.69396,25.23111],[89.69394,25.23039],[89.69434,25.2302],[89.69433,25.22984],[89.69453,25.22984],[89.69451,25.22894],[89.6947,25.22893],[89.6947,25.22857],[89.69489,25.22857],[89.69489,25.22821],[89.69509,25.2282],[89.69508,25.22784],[89.69528,25.22784],[89.69527,25.22748],[89.69547,25.22748],[89.69545,25.22675],[89.69565,25.22675],[89.69564,25.22639],[89.69524,25.22622],[89.69524,25.22604],[89.69504,25.22604],[89.69502,25.22532],[89.69542,25.22531],[89.69543,25.22567],[89.69562,25.22567],[89.69563,25.22585],[89.69603,25.22584],[89.69619,25.22439],[89.69639,25.22439],[89.69633,25.22186],[89.69593,25.22169],[89.69612,25.22097],[89.69572,25.22079],[89.69569,25.21971],[89.69529,25.21954],[89.69528,25.21882],[89.69547,25.21881],[89.69547,25.21845],[89.69566,25.21845],[89.69566,25.21809],[89.69585,25.21808],[89.69585,25.21772],[89.69644,25.21771],[89.69662,25.21662],[89.69642,25.21663],[89.69641,25.21645],[89.69602,25.21646],[89.69603,25.21718],[89.69583,25.21718],[89.69584,25.21736],[89.69524,25.21737],[89.69522,25.21647],[89.69503,25.21647],[89.69501,25.21593],[89.69541,25.21592],[89.69542,25.21629],[89.69581,25.21628],[89.69581,25.21592],[89.696,25.21591],[89.69597,25.21447],[89.69557,25.2143],[89.69557,25.21412],[89.69537,25.21412],[89.69537,25.21394],[89.69517,25.21394],[89.69515,25.21322],[89.69495,25.21323],[89.69495,25.21305],[89.69455,25.21305],[89.69457,25.21377],[89.69437,25.21378],[89.69438,25.21414],[89.69399,25.21433],[89.69399,25.21451],[89.69359,25.21451],[89.6934,25.21488],[89.69301,25.21489],[89.69301,25.21525],[89.69282,25.21525],[89.69282,25.21543],[89.69302,25.21543],[89.69303,25.21597],[89.69243,25.21598],[89.69266,25.21706],[89.69226,25.21707],[89.69226,25.21688],[89.69206,25.21689],[89.69207,25.21725],[89.69167,25.21744],[89.69168,25.21762],[89.69148,25.21762],[89.69148,25.2178],[89.69128,25.2178],[89.69129,25.21799],[89.69109,25.21799],[89.69109,25.21817],[89.6905,25.21818],[89.69031,25.21854],[89.69011,25.21855],[89.69011,25.21873],[89.68992,25.21873],[89.68993,25.21927],[89.69052,25.21926],[89.69053,25.21962],[89.69073,25.21962],[89.69075,25.22034],[89.69035,25.22053],[89.69037,25.22125],[89.69096,25.22124],[89.69115,25.22088],[89.69175,25.22086],[89.69177,25.22195],[89.69197,25.22194],[89.69198,25.2223],[89.69178,25.22231],[89.69178,25.22249],[89.69139,25.2225],[89.6912,25.22286],[89.691,25.22286],[89.691,25.22304],[89.69061,25.22305],[89.69042,25.22342],[89.69022,25.22342],[89.69022,25.2236],[89.68983,25.22361],[89.68985,25.22487],[89.69005,25.22487],[89.69006,25.22523],[89.68986,25.22523],[89.68987,25.22577],[89.68967,25.22578],[89.6899,25.22685],[89.6897,25.22686],[89.68973,25.22812],[89.68953,25.22812],[89.68954,25.22867],[89.68934,25.22867],[89.68935,25.22903],[89.68896,25.22922],[89.68898,25.2303],[89.68859,25.23049],[89.6886,25.23103],[89.6888,25.23103],[89.6888,25.23121],[89.6886,25.23121],[89.68862,25.23175],[89.68881,25.23175],[89.68883,25.23247],[89.68863,25.23247],[89.68864,25.23265],[89.68883,25.23265],[89.68891,25.23608],[89.68812,25.23609],[89.68811,25.23591],[89.68752,25.23592],[89.68751,25.23574],[89.68712,25.23575],[89.68691,25.23539],[89.68671,25.2354],[89.68671,25.23522],[89.68631,25.23522],[89.6861,25.23487],[89.68531,25.2347],[89.6853,25.23434],[89.6851,25.23434],[89.68509,25.23398],[89.68489,25.23398],[89.68489,25.23362],[89.68469,25.23363],[89.68468,25.23327],[89.68448,25.23327],[89.68447,25.23291],[89.68428,25.23291],[89.68426,25.23237],[89.68407,25.23238],[89.68406,25.2322],[89.68386,25.2322],[89.68387,25.23256],[89.68347,25.23257],[89.68348,25.23275],[89.68288,25.23276],[89.68268,25.2324],[89.68248,25.2324],[89.68247,25.23222],[89.68228,25.23223],[89.68227,25.23187],[89.68147,25.23188],[89.68149,25.23242],[89.68188,25.23242],[89.68209,25.23277],[89.68249,25.23277],[89.68249,25.23313],[89.68289,25.2333],[89.6829,25.23366],[89.6833,25.23383],[89.68331,25.23401],[89.68351,25.23401],[89.68351,25.23419],[89.68371,25.23419],[89.68371,25.23437],[89.68391,25.23436],[89.68392,25.23472],[89.68432,25.2349],[89.68432,25.23508],[89.68452,25.23507],[89.68453,25.23525],[89.68492,25.23525],[89.68513,25.2356],[89.68533,25.2356],[89.68533,25.23578],[89.68553,25.23578],[89.68534,25.23614],[89.68514,25.23615],[89.68515,25.23651],[89.68535,25.2365],[89.68535,25.23686],[89.68555,25.23686],[89.68577,25.23794],[89.68597,25.23794],[89.68598,25.2383],[89.68638,25.23847],[89.68639,25.23865],[89.68658,25.23865],[89.68659,25.23883],[89.68679,25.23882],[89.68679,25.239],[89.68699,25.239],[89.68699,25.23918],[89.68719,25.23918],[89.6872,25.23936],[89.68739,25.23935],[89.6874,25.23971],[89.6878,25.23989],[89.68781,25.24025],[89.68801,25.24025],[89.68802,25.24079],[89.68842,25.24096],[89.68843,25.24132],[89.68863,25.24132],[89.68864,25.24168],[89.68883,25.24167],[89.68884,25.24185],[89.68943,25.24184]],[[89.68387,25.23274],[89.68407,25.23274],[89.68408,25.2331],[89.68388,25.2331],[89.68387,25.23274]],[[89.69276,25.23095],[89.69296,25.23095],[89.69295,25.23041],[89.69335,25.2304],[89.69336,25.23076],[89.69316,25.23077],[89.69317,25.23149],[89.69278,25.23168],[89.69276,25.23095]],[[89.69291,25.22842],[89.69311,25.22842],[89.69309,25.2277],[89.69329,25.2277],[89.69328,25.22733],[89.69348,25.22733],[89.69347,25.22715],[89.69367,25.22715],[89.69367,25.22679],[89.69406,25.22678],[89.69388,25.2275],[89.69368,25.22751],[89.69369,25.22805],[89.69389,25.22805],[89.6939,25.22823],[89.6935,25.22841],[89.69351,25.22877],[89.69331,25.22878],[89.69333,25.2295],[89.69293,25.22951],[89.69291,25.22842]],[[89.6936,25.21506],[89.6938,25.21505],[89.69381,25.21523],[89.69361,25.21524],[89.6936,25.21506]],[[89.69399,25.21469],[89.69439,25.21468],[89.69439,25.21486],[89.694,25.21487],[89.69399,25.21469]]]}},{"type":"Feature","properties":{"kind":"land","ha":86.0},"geometry":{"type":"Polygon","coordinates":[[[89.59037,25.22123],[89.59056,25.22087],[89.59095,25.22086],[89.59096,25.22122],[89.59136,25.2214],[89.59137,25.22194],[89.59117,25.22194],[89.59118,25.22212],[89.59078,25.22213],[89.5906,25.22285],[89.5904,25.22286],[89.59041,25.22322],[89.59021,25.22322],[89.59021,25.2234],[89.58982,25.22341],[89.58983,25.22395],[89.58963,25.22395],[89.58964,25.22431],[89.58983,25.22431],[89.58984,25.22467],[89.59004,25.22467],[89.59005,25.22503],[89.58985,25.22503],[89.58986,25.22539],[89.58966,25.2254],[89.58968,25.2263],[89.58929,25.22649],[89.58929,25.22667],[89.58909,25.22667],[89.5891,25.22721],[89.5889,25.22722],[89.58892,25.22776],[89.58971,25.22792],[89.58992,25.22828],[89.59012,25.22828],[89.59013,25.229],[89.58993,25.229],[89.58994,25.22936],[89.58974,25.22937],[89.58975,25.22955],[89.58955,25.22955],[89.58955,25.22937],[89.58875,25.22938],[89.58876,25.22975],[89.58837,25.22993],[89.58837,25.23011],[89.58817,25.23012],[89.58818,25.2303],[89.58798,25.2303],[89.58799,25.23066],[89.58779,25.23066],[89.58784,25.23301],[89.58803,25.23301],[89.58802,25.23247],[89.58842,25.23246],[89.58841,25.2321],[89.58821,25.2321],[89.58821,25.23192],[89.58841,25.23192],[89.5884,25.23156],[89.5886,25.23155],[89.58859,25.23101],[89.58879,25.23101],[89.58878,25.23083],[89.58977,25.23081],[89.58955,25.22973],[89.58995,25.22972],[89.58996,25.23009],[89.59055,25.23007],[89.59076,25.23043],[89.59096,25.23043],[89.59096,25.23061],[89.59116,25.23061],[89.59113,25.22934],[89.59133,25.22934],[89.59131,25.22844],[89.59151,25.22843],[89.59148,25.22699],[89.59168,25.22699],[89.59167,25.22681],[89.59148,25.22681],[89.59147,25.22645],[89.59186,25.22626],[89.59186,25.22608],[89.59206,25.22608],[89.59205,25.2259],[89.59284,25.2257],[89.59285,25.22624],[89.59325,25.22642],[89.59326,25.2266],[89.59346,25.22659],[89.59346,25.22677],[89.59386,25.22677],[89.59385,25.22659],[89.59405,25.22658],[89.59403,25.22586],[89.59443,25.22567],[89.59442,25.22549],[89.59462,25.22549],[89.59461,25.22477],[89.59381,25.22442],[89.59381,25.2246],[89.59341,25.22461],[89.59342,25.22479],[89.59302,25.2248],[89.59301,25.22426],[89.59321,25.22425],[89.59319,25.22335],[89.59339,25.22335],[89.59337,25.22262],[89.59357,25.22262],[89.59375,25.2219],[89.59415,25.22171],[89.59414,25.22153],[89.59434,25.22152],[89.59434,25.22134],[89.59473,25.22134],[89.59492,25.22097],[89.59532,25.22097],[89.59551,25.2206],[89.59591,25.22059],[89.5961,25.22023],[89.5963,25.22023],[89.59629,25.22005],[89.59649,25.22004],[89.59648,25.21968],[89.59688,25.21949],[89.59686,25.21895],[89.59706,25.21895],[89.59705,25.21841],[89.59685,25.21841],[89.59686,25.21877],[89.59646,25.21878],[89.59647,25.21896],[89.59627,25.21896],[89.59628,25.21932],[89.59588,25.21951],[89.59589,25.21969],[89.59569,25.2197],[89.5957,25.22006],[89.5953,25.22024],[89.59531,25.22042],[89.59511,25.22043],[89.59511,25.22061],[89.59492,25.22061],[89.59492,25.22079],[89.59472,25.2208],[89.59472,25.22098],[89.59453,25.22098],[89.59453,25.22116],[89.59394,25.22117],[89.59394,25.22153],[89.59374,25.22154],[89.59375,25.22172],[89.59315,25.22173],[89.59314,25.22118],[89.59353,25.221],[89.59353,25.22082],[89.59373,25.22081],[89.59391,25.22009],[89.59411,25.22008],[89.59409,25.21918],[89.5933,25.21938],[89.59331,25.21956],[89.59291,25.21956],[89.59272,25.21993],[89.59232,25.21994],[89.59213,25.2203],[89.59173,25.22031],[89.59174,25.22049],[89.59114,25.2205],[89.59113,25.21996],[89.59152,25.21977],[89.59152,25.21959],[89.59172,25.21959],[89.5917,25.21886],[89.5919,25.21886],[89.59189,25.21832],[89.59228,25.21813],[89.59228,25.21777],[89.59267,25.21758],[89.59266,25.2174],[89.59286,25.2174],[89.59286,25.21704],[89.59325,25.21685],[89.59324,25.21667],[89.59404,25.21666],[89.59403,25.21648],[89.59384,25.21648],[89.59383,25.21612],[89.59343,25.21595],[89.59341,25.21522],[89.59361,25.21522],[89.59361,25.21504],[89.59341,25.21504],[89.5934,25.21468],[89.59379,25.21449],[89.59379,25.21431],[89.59438,25.2143],[89.59438,25.21412],[89.59458,25.21412],[89.59474,25.21231],[89.59454,25.21232],[89.59453,25.21159],[89.59492,25.21141],[89.59491,25.21123],[89.59511,25.21122],[89.59511,25.21086],[89.5953,25.21086],[89.59529,25.21032],[89.59569,25.21013],[89.59568,25.20995],[89.59588,25.20995],[89.59587,25.20959],[89.59548,25.20959],[89.59547,25.20941],[89.59527,25.20942],[89.59527,25.20923],[89.59547,25.20923],[89.59546,25.20887],[89.59526,25.20887],[89.59526,25.20869],[89.59486,25.2087],[89.59487,25.20906],[89.59467,25.20906],[89.59467,25.20925],[89.59428,25.20925],[89.59428,25.20943],[89.59388,25.20944],[89.59388,25.20908],[89.59348,25.20909],[89.59348,25.20891],[89.59328,25.20891],[89.59327,25.20837],[89.59347,25.20836],[89.59346,25.208],[89.59385,25.20782],[89.59385,25.20764],[89.59266,25.20784],[89.59266,25.20802],[89.59247,25.20802],[89.59247,25.20838],[89.59208,25.20857],[89.5921,25.20965],[89.59289,25.20946],[89.5929,25.20964],[89.5931,25.20963],[89.5931,25.20999],[89.59251,25.21001],[89.5925,25.20982],[89.59231,25.20983],[89.59231,25.21001],[89.59211,25.21001],[89.59212,25.21037],[89.59192,25.21038],[89.59193,25.21074],[89.59213,25.21073],[89.59214,25.21146],[89.59194,25.21146],[89.59195,25.21164],[89.59234,25.21163],[89.59235,25.21199],[89.59255,25.21199],[89.59256,25.21253],[89.59296,25.2127],[89.59301,25.21505],[89.59281,25.21505],[89.59283,25.21578],[89.59263,25.21578],[89.59264,25.21614],[89.59244,25.21614],[89.59246,25.21705],[89.59167,25.21724],[89.59148,25.2176],[89.59128,25.21761],[89.59129,25.21797],[89.59109,25.21797],[89.5911,25.21851],[89.59071,25.2187],[89.59071,25.21888],[89.59051,25.21888],[89.59052,25.21906],[89.59012,25.21907],[89.59012,25.21925],[89.58933,25.21927],[89.58913,25.21891],[89.58893,25.21891],[89.58892,25.21873],[89.58872,25.21874],[89.58872,25.21855],[89.58852,25.21856],[89.58853,25.21892],[89.58833,25.21892],[89.58833,25.21874],[89.58793,25.21875],[89.58793,25.21857],[89.58713,25.21858],[89.58713,25.2184],[89.58673,25.21841],[89.58672,25.21787],[89.58692,25.21786],[89.58692,25.21768],[89.58732,25.21786],[89.58731,25.21768],[89.58771,25.21767],[89.58792,25.21803],[89.58811,25.21802],[89.58812,25.2182],[89.58832,25.2182],[89.5883,25.2173],[89.5881,25.2173],[89.58809,25.21694],[89.5875,25.21695],[89.58749,25.21677],[89.5871,25.21678],[89.58688,25.21606],[89.58648,25.21589],[89.58648,25.21571],[89.58628,25.21571],[89.58631,25.21715],[89.58592,25.21734],[89.58592,25.2177],[89.58533,25.21771],[89.58512,25.21735],[89.58493,25.21736],[89.58492,25.217],[89.58472,25.217],[89.58472,25.21682],[89.58432,25.21701],[89.58433,25.21755],[89.58453,25.21755],[89.58454,25.21773],[89.58434,25.21773],[89.58434,25.21791],[89.58454,25.21791],[89.58455,25.21827],[89.58495,25.21844],[89.58495,25.21862],[89.58515,25.21862],[89.58536,25.21934],[89.58556,25.21933],[89.58558,25.22023],[89.58598,25.22041],[89.5862,25.22113],[89.58639,25.22112],[89.58641,25.22166],[89.58621,25.22167],[89.58623,25.22257],[89.58663,25.22274],[89.58663,25.22292],[89.58683,25.22292],[89.58704,25.22364],[89.58724,25.22363],[89.58725,25.224],[89.58765,25.22417],[89.58765,25.22435],[89.58785,25.22435],[89.58786,25.22453],[89.58805,25.22452],[89.58807,25.22506],[89.58787,25.22507],[89.58787,25.22543],[89.58768,25.22543],[89.58768,25.22579],[89.58788,25.22579],[89.58789,25.22597],[89.58749,25.22616],[89.58752,25.22742],[89.58772,25.22742],[89.58773,25.22796],[89.58793,25.22795],[89.58789,25.22633],[89.58809,25.22633],[89.58808,25.22579],[89.58828,25.22578],[89.58827,25.22524],[89.58847,25.22524],[89.58845,25.22434],[89.58805,25.22416],[89.58804,25.22398],[89.58784,25.22399],[89.58784,25.22362],[89.58803,25.22362],[89.58803,25.22344],[89.58843,25.22343],[89.58841,25.22271],[89.5888,25.22252],[89.5888,25.22216],[89.5884,25.22217],[89.5884,25.22199],[89.5882,25.22199],[89.58818,25.22109],[89.58838,25.22109],[89.58839,25.22145],[89.58879,25.22162],[89.58879,25.2218],[89.58919,25.2218],[89.58918,25.22162],[89.58938,25.22161],[89.58939,25.22215],[89.58919,25.22216],[89.5892,25.22252],[89.5894,25.22251],[89.5894,25.22269],[89.58921,25.2227],[89.58922,25.22342],[89.58961,25.22323],[89.58961,25.22287],[89.59,25.22268],[89.59,25.2225],[89.59039,25.2225],[89.59039,25.22232],[89.59059,25.22231],[89.59037,25.22159],[89.58998,25.2216],[89.58997,25.22124],[89.59037,25.22123]],[[89.58977,25.22124],[89.58976,25.22088],[89.58996,25.22088],[89.58997,25.22124],[89.58977,25.22124]],[[89.59034,25.22954],[89.59054,25.22953],[89.59054,25.22971],[89.59035,25.22972],[89.59034,25.22954]],[[89.5895,25.22721],[89.5899,25.2272],[89.58989,25.22702],[89.59009,25.22701],[89.59008,25.22629],[89.58988,25.2263],[89.58987,25.22575],[89.59046,25.22574],[89.59046,25.22592],[89.59066,25.22592],[89.59069,25.227],[89.59049,25.22701],[89.5905,25.22737],[89.5903,25.22737],[89.5903,25.22755],[89.58971,25.22756],[89.5895,25.22721]],[[89.58697,25.22003],[89.58677,25.22003],[89.58676,25.21967],[89.58716,25.21967],[89.58715,25.21948],[89.58735,25.21948],[89.58736,25.21984],[89.58756,25.21984],[89.58756,25.22002],[89.58716,25.22003],[89.58717,25.22021],[89.58697,25.22021],[89.58697,25.22003]]]}},{"type":"Feature","properties":{"kind":"land","ha":6.2},"geometry":{"type":"Polygon","coordinates":[[[89.63171,25.21563],[89.63171,25.21545],[89.63191,25.21545],[89.63189,25.21436],[89.63169,25.21437],[89.63167,25.21364],[89.63127,25.21347],[89.63127,25.21329],[89.63147,25.21329],[89.63143,25.21148],[89.63103,25.21131],[89.63102,25.21113],[89.63122,25.21113],[89.6312,25.21004],[89.631,25.21005],[89.63098,25.20896],[89.63078,25.20897],[89.63077,25.20843],[89.63057,25.20843],[89.63056,25.20807],[89.63036,25.20807],[89.63035,25.20771],[89.63016,25.20772],[89.63014,25.20699],[89.62994,25.207],[89.62993,25.20664],[89.62974,25.20664],[89.62974,25.20682],[89.62954,25.20682],[89.62956,25.20755],[89.62975,25.20754],[89.62977,25.20808],[89.63017,25.20826],[89.63018,25.2088],[89.62978,25.2088],[89.62979,25.20899],[89.62998,25.20898],[89.63,25.2097],[89.6302,25.2097],[89.63021,25.21042],[89.63041,25.21042],[89.63044,25.2115],[89.63063,25.2115],[89.63065,25.21204],[89.63084,25.21203],[89.63087,25.21312],[89.63107,25.21311],[89.63108,25.21366],[89.63128,25.21365],[89.63129,25.21419],[89.63149,25.21419],[89.63151,25.21527],[89.63131,25.21528],[89.63132,25.21582],[89.63171,25.21563]]]}},{"type":"Feature","properties":{"kind":"land","ha":4.2},"geometry":{"type":"Polygon","coordinates":[[[89.62754,25.20596],[89.62773,25.20559],[89.62793,25.20559],[89.62792,25.20541],[89.62812,25.20541],[89.62812,25.20522],[89.62772,25.20523],[89.62752,25.20487],[89.62652,25.20489],[89.62652,25.20471],[89.62573,25.20473],[89.62572,25.20455],[89.62513,25.20456],[89.62492,25.2042],[89.62472,25.2042],[89.62472,25.20402],[89.62432,25.20403],[89.62432,25.20385],[89.62372,25.20386],[89.62372,25.20368],[89.62332,25.20369],[89.62332,25.2035],[89.62292,25.20351],[89.62272,25.20315],[89.62252,25.20316],[89.62251,25.20298],[89.62212,25.20298],[89.62213,25.20353],[89.62272,25.20352],[89.62293,25.20387],[89.62333,25.20387],[89.62353,25.20422],[89.62373,25.20422],[89.62374,25.2044],[89.62393,25.2044],[89.62394,25.20476],[89.62454,25.20475],[89.62454,25.20493],[89.62494,25.20492],[89.62494,25.2051],[89.62554,25.20509],[89.62554,25.20527],[89.62613,25.20526],[89.62614,25.20544],[89.62654,25.20543],[89.62654,25.20561],[89.62674,25.20561],[89.62674,25.20579],[89.62714,25.20578],[89.62714,25.20596],[89.62754,25.20596]]]}},{"type":"Feature","properties":{"kind":"land","ha":59.0},"geometry":{"type":"Polygon","coordinates":[[[89.61793,25.22039],[89.61792,25.22003],[89.61752,25.21985],[89.61752,25.21967],[89.61771,25.21967],[89.61771,25.21931],[89.6179,25.2193],[89.6177,25.21895],[89.61809,25.21876],[89.61809,25.21858],[89.61829,25.21858],[89.61807,25.21786],[89.61827,25.21785],[89.61826,25.21749],[89.61846,25.21749],[89.61846,25.21731],[89.61826,25.21731],[89.61825,25.21713],[89.61865,25.21694],[89.61864,25.21658],[89.61903,25.2164],[89.61903,25.21622],[89.61923,25.21621],[89.61922,25.21567],[89.61941,25.21567],[89.61941,25.21549],[89.61981,25.21548],[89.61981,25.21566],[89.61961,25.21566],[89.61962,25.21602],[89.61942,25.21603],[89.61943,25.21657],[89.61923,25.21657],[89.61924,25.21693],[89.61904,25.21694],[89.61905,25.21712],[89.61925,25.21711],[89.61926,25.21766],[89.61847,25.21803],[89.61848,25.21839],[89.61888,25.21856],[89.61889,25.21911],[89.6185,25.21929],[89.61851,25.21965],[89.6189,25.21965],[89.61891,25.21983],[89.6195,25.21982],[89.6195,25.21964],[89.6197,25.21963],[89.6199,25.21999],[89.6205,25.21998],[89.62048,25.2189],[89.62008,25.21908],[89.62007,25.21854],[89.61967,25.21837],[89.61967,25.21819],[89.61947,25.21819],[89.61946,25.21765],[89.61985,25.21746],[89.61984,25.2171],[89.62023,25.21692],[89.62023,25.21656],[89.62042,25.21655],[89.62041,25.21565],[89.6208,25.21546],[89.62079,25.21492],[89.62157,25.21455],[89.62156,25.21382],[89.62136,25.21383],[89.62135,25.21365],[89.62155,25.21364],[89.62155,25.21328],[89.62174,25.21328],[89.62174,25.2131],[89.62214,25.21309],[89.62213,25.21291],[89.62253,25.2129],[89.62253,25.21272],[89.62292,25.21272],[89.62292,25.21254],[89.62132,25.2122],[89.62132,25.21202],[89.62112,25.21203],[89.62111,25.21167],[89.62092,25.21167],[89.62094,25.21275],[89.62074,25.21276],[89.62075,25.21312],[89.62055,25.21312],[89.62055,25.2133],[89.61956,25.21332],[89.61957,25.2135],[89.61937,25.2135],[89.61938,25.21404],[89.61958,25.21404],[89.61959,25.2144],[89.61978,25.2144],[89.61979,25.21476],[89.61999,25.21475],[89.61999,25.21494],[89.6196,25.21512],[89.6196,25.21494],[89.6194,25.21495],[89.61939,25.21458],[89.61899,25.21459],[89.61879,25.21423],[89.61859,25.21424],[89.61857,25.21352],[89.61838,25.21352],[89.61837,25.21334],[89.61857,25.21334],[89.61856,25.21279],[89.61876,25.21279],[89.61875,25.21225],[89.61953,25.21187],[89.61952,25.21151],[89.61932,25.21152],[89.61931,25.21098],[89.61951,25.21097],[89.6195,25.21043],[89.62029,25.21006],[89.62027,25.20915],[89.62007,25.20916],[89.62002,25.20699],[89.62022,25.20699],[89.62021,25.20645],[89.62001,25.20645],[89.62,25.20609],[89.6198,25.20609],[89.61979,25.20555],[89.61939,25.20538],[89.6194,25.20556],[89.6192,25.20556],[89.61921,25.2061],[89.61901,25.20611],[89.61903,25.20701],[89.61923,25.20701],[89.61924,25.20755],[89.61904,25.20755],[89.61906,25.20863],[89.61867,25.20882],[89.61868,25.209],[89.61848,25.20901],[89.61849,25.20937],[89.61829,25.20937],[89.61828,25.20919],[89.61808,25.20919],[89.61807,25.20865],[89.61787,25.20866],[89.61787,25.20829],[89.61747,25.20812],[89.61746,25.20794],[89.61726,25.20794],[89.61725,25.2074],[89.61705,25.20741],[89.61705,25.20705],[89.61685,25.20705],[89.61684,25.20669],[89.61664,25.20669],[89.61663,25.20633],[89.61683,25.20633],[89.61682,25.20579],[89.61702,25.20578],[89.61702,25.2056],[89.61721,25.2056],[89.61722,25.20578],[89.61761,25.20577],[89.61762,25.20595],[89.61802,25.20595],[89.618,25.2054],[89.6182,25.2054],[89.61818,25.20432],[89.61798,25.20432],[89.61797,25.20378],[89.61757,25.20361],[89.61756,25.20343],[89.61657,25.20344],[89.61657,25.20326],[89.61617,25.20327],[89.61616,25.20291],[89.61557,25.20292],[89.61557,25.20274],[89.61537,25.20274],[89.61536,25.2022],[89.61516,25.20221],[89.61515,25.20203],[89.61476,25.20203],[89.61476,25.20221],[89.61456,25.20222],[89.61458,25.20312],[89.61538,25.2031],[89.61538,25.20328],[89.61558,25.20328],[89.61557,25.2031],[89.61577,25.2031],[89.61578,25.20328],[89.61597,25.20327],[89.61599,25.20382],[89.61658,25.2038],[89.61658,25.20399],[89.61678,25.20398],[89.61659,25.20435],[89.61639,25.20435],[89.61641,25.20507],[89.61661,25.20507],[89.61662,25.20561],[89.61602,25.20562],[89.61582,25.20526],[89.61562,25.20527],[89.61562,25.20509],[89.61522,25.20509],[89.61501,25.20474],[89.61462,25.20474],[89.61461,25.20456],[89.61422,25.20457],[89.61422,25.20475],[89.61442,25.20475],[89.61443,25.20511],[89.61462,25.2051],[89.61463,25.20546],[89.61483,25.20546],[89.61486,25.20672],[89.61526,25.2069],[89.61526,25.20708],[89.61546,25.20707],[89.61549,25.20834],[89.61529,25.20834],[89.6153,25.2087],[89.6151,25.2087],[89.6151,25.20888],[89.6155,25.20888],[89.61551,25.20924],[89.61531,25.20924],[89.61533,25.21014],[89.61553,25.21014],[89.61554,25.21068],[89.61574,25.21068],[89.61574,25.21086],[89.61554,25.21086],[89.61555,25.21122],[89.61535,25.21123],[89.61535,25.21141],[89.61555,25.2114],[89.61557,25.21231],[89.61577,25.2123],[89.61577,25.21248],[89.61617,25.21248],[89.61618,25.21302],[89.61678,25.21301],[89.61679,25.21337],[89.61698,25.21336],[89.617,25.21391],[89.61719,25.2139],[89.6172,25.21408],[89.617,25.21409],[89.61701,25.21463],[89.61681,25.21463],[89.61682,25.21499],[89.61662,25.21499],[89.61663,25.21518],[89.61703,25.21535],[89.61703,25.21553],[89.61723,25.21553],[89.61724,25.21589],[89.61704,25.21589],[89.61704,25.21607],[89.61664,25.21608],[89.61645,25.21644],[89.61626,25.21645],[89.61626,25.21681],[89.61646,25.2168],[89.61648,25.2177],[89.61688,25.21788],[89.61692,25.21986],[89.61712,25.21986],[89.61713,25.22022],[89.61753,25.22039],[89.61753,25.22057],[89.61793,25.22039]],[[89.61948,25.21873],[89.61988,25.21873],[89.61989,25.21927],[89.61949,25.21928],[89.61948,25.21873]],[[89.61785,25.2166],[89.61804,25.21659],[89.61805,25.21677],[89.61785,25.21678],[89.61785,25.2166]],[[89.61758,25.21353],[89.61778,25.21353],[89.61778,25.21335],[89.61818,25.21352],[89.61819,25.21388],[89.61759,25.21389],[89.61758,25.21353]],[[89.61717,25.21264],[89.61776,25.21263],[89.61777,25.21299],[89.61757,25.21299],[89.61757,25.21317],[89.61718,25.21318],[89.61717,25.21264]],[[89.61636,25.21193],[89.61616,25.21193],[89.61616,25.21175],[89.61635,25.21175],[89.61635,25.21139],[89.61675,25.21156],[89.61675,25.21192],[89.61695,25.21192],[89.61696,25.21228],[89.61656,25.21229],[89.61636,25.21193]],[[89.6187,25.21008],[89.61929,25.21007],[89.6193,25.21025],[89.6189,25.21026],[89.61891,25.21062],[89.61871,25.21063],[89.6187,25.21008]],[[89.6173,25.20975],[89.6175,25.20974],[89.61751,25.20993],[89.61731,25.20993],[89.6173,25.20975]]]}},{"type":"Feature","properties":{"kind":"land","ha":52.0},"geometry":{"type":"Polygon","coordinates":[[[89.70521,25.21069],[89.70501,25.21033],[89.70481,25.21034],[89.70481,25.21016],[89.70461,25.21016],[89.70459,25.20944],[89.70499,25.20961],[89.70498,25.20907],[89.70518,25.20907],[89.70516,25.20817],[89.70536,25.20816],[89.70535,25.2078],[89.70613,25.20743],[89.70612,25.2067],[89.70592,25.20671],[89.70591,25.20617],[89.7063,25.20616],[89.70632,25.2067],[89.70672,25.20687],[89.70672,25.20705],[89.70712,25.20705],[89.70711,25.20669],[89.70731,25.20668],[89.7073,25.2065],[89.7077,25.2065],[89.7077,25.20631],[89.70809,25.20631],[89.7081,25.20667],[89.7083,25.20666],[89.70852,25.20774],[89.70773,25.20794],[89.70774,25.20848],[89.70814,25.20847],[89.70815,25.20883],[89.70776,25.20902],[89.70776,25.2092],[89.70756,25.20921],[89.70757,25.20975],[89.70797,25.20956],[89.70796,25.20938],[89.70836,25.20937],[89.70837,25.20973],[89.70876,25.20972],[89.70876,25.20954],[89.70896,25.20954],[89.70894,25.20882],[89.70933,25.20863],[89.70932,25.20809],[89.70952,25.20809],[89.70951,25.20773],[89.71011,25.20771],[89.7101,25.20753],[89.7103,25.20753],[89.71029,25.20717],[89.71069,25.20698],[89.71068,25.20644],[89.71107,25.20625],[89.71106,25.20607],[89.71146,25.20625],[89.71169,25.20769],[89.71229,25.20767],[89.71248,25.20731],[89.71268,25.20731],[89.71267,25.20713],[89.71287,25.20712],[89.71285,25.20604],[89.71265,25.20604],[89.71265,25.20586],[89.71284,25.20586],[89.7128,25.20406],[89.71261,25.20406],[89.71259,25.20334],[89.71239,25.20334],[89.71231,25.19955],[89.71191,25.19956],[89.71189,25.19866],[89.7113,25.19867],[89.71128,25.19795],[89.71069,25.19796],[89.7105,25.19832],[89.7103,25.19833],[89.7103,25.19851],[89.7101,25.19851],[89.71011,25.19869],[89.70991,25.19869],[89.70991,25.19887],[89.70971,25.19888],[89.70973,25.19942],[89.70933,25.19943],[89.70934,25.19979],[89.70894,25.19997],[89.70895,25.20016],[89.70875,25.20016],[89.70876,25.20052],[89.70837,25.20071],[89.70838,25.20125],[89.70799,25.20144],[89.70799,25.2018],[89.7076,25.20198],[89.7076,25.20217],[89.70741,25.20217],[89.70741,25.20235],[89.70721,25.20235],[89.70722,25.20253],[89.70702,25.20254],[89.70702,25.20272],[89.70663,25.20272],[89.70643,25.20309],[89.70624,25.20309],[89.70624,25.20327],[89.70604,25.20328],[89.70605,25.20346],[89.70585,25.20346],[89.70585,25.20364],[89.70565,25.20364],[89.70566,25.20383],[89.70546,25.20383],[89.70546,25.20401],[89.70507,25.20402],[89.70506,25.20384],[89.70486,25.20384],[89.70486,25.20348],[89.70466,25.20348],[89.70465,25.2033],[89.70327,25.20333],[89.70327,25.20369],[89.70347,25.20368],[89.70348,25.20387],[89.70387,25.20386],[89.70388,25.20404],[89.70368,25.20404],[89.70369,25.2044],[89.70349,25.20441],[89.7035,25.20477],[89.70389,25.20458],[89.70388,25.2044],[89.70448,25.20439],[89.70448,25.20457],[89.70468,25.20457],[89.70469,25.20493],[89.70449,25.20493],[89.7045,25.20547],[89.7047,25.20547],[89.70471,25.20565],[89.7051,25.20564],[89.70513,25.20672],[89.70493,25.20673],[89.70495,25.20763],[89.70456,25.20782],[89.70456,25.20818],[89.70437,25.20818],[89.7044,25.20962],[89.7042,25.20963],[89.70422,25.21053],[89.70442,25.21053],[89.70442,25.21071],[89.70521,25.21069]],[[89.70458,25.20908],[89.70478,25.20908],[89.70479,25.20926],[89.70459,25.20926],[89.70458,25.20908]],[[89.70477,25.20835],[89.70496,25.20835],[89.70497,25.20853],[89.70477,25.20853],[89.70477,25.20835]],[[89.70889,25.20647],[89.70869,25.20648],[89.70869,25.2063],[89.70829,25.2063],[89.70829,25.20612],[89.70809,25.20613],[89.70808,25.20577],[89.70768,25.20559],[89.70768,25.20541],[89.70748,25.20542],[89.70747,25.20524],[89.70728,25.20524],[89.70727,25.20506],[89.70647,25.20489],[89.70645,25.20381],[89.70724,25.2038],[89.70724,25.20362],[89.70764,25.20361],[89.70764,25.20397],[89.70784,25.20397],[89.70785,25.20415],[89.70824,25.20414],[89.70824,25.20396],[89.70844,25.20395],[89.70843,25.20359],[89.70883,25.20359],[89.70883,25.20377],[89.70903,25.20376],[89.70904,25.20449],[89.70924,25.20448],[89.70925,25.20484],[89.71004,25.20483],[89.71004,25.20465],[89.71044,25.20464],[89.71043,25.20428],[89.71063,25.20428],[89.71062,25.20373],[89.71081,25.20373],[89.71081,25.20337],[89.711,25.20337],[89.711,25.20319],[89.7114,25.20318],[89.7114,25.20336],[89.7116,25.20336],[89.71161,25.20372],[89.71141,25.20372],[89.71142,25.20408],[89.71102,25.20427],[89.71103,25.20445],[89.71083,25.20445],[89.71083,25.20463],[89.71064,25.20464],[89.71064,25.20482],[89.71044,25.20482],[89.71045,25.20518],[89.71006,25.20537],[89.71006,25.20555],[89.70986,25.20555],[89.70987,25.20591],[89.70967,25.20592],[89.70969,25.20682],[89.7091,25.20683],[89.70889,25.20647]],[[89.70649,25.20543],[89.70688,25.20525],[89.70689,25.20561],[89.70709,25.2056],[89.70709,25.20578],[89.70689,25.20579],[89.7069,25.20597],[89.7065,25.20598],[89.70649,25.20543]],[[89.7082,25.20215],[89.7084,25.20215],[89.7084,25.20233],[89.7086,25.20233],[89.70861,25.20287],[89.70822,25.20288],[89.7082,25.20215]],[[89.70899,25.20214],[89.70939,25.20213],[89.70939,25.20231],[89.709,25.20232],[89.70899,25.20214]]]}},{"type":"Feature","properties":{"kind":"land","ha":3.4},"geometry":{"type":"Polygon","coordinates":[[[89.6201,25.20158],[89.6201,25.2014],[89.6203,25.20139],[89.62008,25.20067],[89.61989,25.20068],[89.62008,25.20031],[89.61968,25.20032],[89.61968,25.20014],[89.61948,25.20014],[89.61967,25.19978],[89.61947,25.19978],[89.61946,25.19924],[89.61906,25.19907],[89.61905,25.19871],[89.61885,25.19871],[89.61884,25.19799],[89.61864,25.19799],[89.61863,25.19763],[89.61843,25.19764],[89.61842,25.19691],[89.61802,25.19674],[89.61783,25.19747],[89.61803,25.19746],[89.61804,25.19782],[89.61844,25.198],[89.61844,25.19818],[89.61864,25.19817],[89.61866,25.19889],[89.61886,25.19889],[89.61886,25.19925],[89.61906,25.19925],[89.61907,25.19961],[89.61867,25.19962],[89.61869,25.20052],[89.61889,25.20052],[89.6191,25.20123],[89.61951,25.20141],[89.61951,25.20159],[89.6201,25.20158]]]}},{"type":"Feature","properties":{"kind":"land","ha":5.3},"geometry":{"type":"Polygon","coordinates":[[[89.61668,25.19929],[89.61668,25.19911],[89.61708,25.1991],[89.61707,25.19892],[89.61747,25.19892],[89.61745,25.19819],[89.61705,25.19802],[89.61704,25.19766],[89.61685,25.19766],[89.61684,25.19748],[89.61645,25.19749],[89.61624,25.19713],[89.61604,25.19714],[89.61604,25.19696],[89.61584,25.19696],[89.61584,25.19678],[89.61564,25.19678],[89.61563,25.1966],[89.61543,25.19661],[89.61543,25.19642],[89.61523,25.19643],[89.61523,25.19625],[89.61503,25.19625],[89.61503,25.19607],[89.61483,25.19607],[89.61482,25.19589],[89.61403,25.19591],[89.61404,25.19645],[89.61424,25.19645],[89.61426,25.19717],[89.61445,25.19716],[89.61446,25.19734],[89.61486,25.19734],[89.61506,25.19769],[89.61546,25.19769],[89.61546,25.19787],[89.61566,25.19786],[89.61567,25.19823],[89.61607,25.1984],[89.61608,25.19894],[89.61588,25.19894],[89.61589,25.19912],[89.61608,25.19912],[89.61609,25.1993],[89.61668,25.19929]]]}},{"type":"Feature","properties":{"kind":"land","ha":68.7},"geometry":{"type":"Polygon","coordinates":[[[89.65559,25.22802],[89.65559,25.22766],[89.65578,25.22765],[89.65577,25.22711],[89.65617,25.22692],[89.65615,25.22638],[89.65635,25.22638],[89.65634,25.22602],[89.65654,25.22601],[89.65654,25.22583],[89.65694,25.22583],[89.65692,25.22529],[89.65712,25.22528],[89.65711,25.22492],[89.65751,25.22473],[89.6575,25.22455],[89.6577,25.22455],[89.65788,25.22382],[89.65808,25.22382],[89.65807,25.22346],[89.65827,25.22346],[89.65827,25.2231],[89.65866,25.22291],[89.65865,25.22255],[89.65885,25.22254],[89.65884,25.22236],[89.65904,25.22236],[89.65904,25.222],[89.65923,25.222],[89.65922,25.22145],[89.65942,25.22145],[89.65941,25.22109],[89.6598,25.2209],[89.6598,25.22072],[89.66,25.22072],[89.65999,25.22036],[89.66019,25.22035],[89.66017,25.21927],[89.65977,25.2191],[89.65976,25.21874],[89.66055,25.21854],[89.66074,25.21818],[89.66094,25.21817],[89.66093,25.21799],[89.66113,25.21799],[89.66113,25.21781],[89.66152,25.2178],[89.66152,25.21762],[89.66172,25.21762],[89.66171,25.21744],[89.6625,25.21724],[89.66269,25.21688],[89.66289,25.21688],[89.66288,25.21651],[89.66328,25.21633],[89.66327,25.21615],[89.66347,25.21614],[89.66347,25.21596],[89.66367,25.21596],[89.66366,25.21578],[89.66386,25.21578],[89.66385,25.21541],[89.66424,25.21523],[89.66424,25.21505],[89.66444,25.21504],[89.66444,25.21486],[89.66463,25.21486],[89.66463,25.21468],[89.66483,25.21467],[89.66482,25.21449],[89.66561,25.2143],[89.6658,25.21394],[89.6662,25.21393],[89.66639,25.21356],[89.66659,25.21356],[89.66658,25.2132],[89.66678,25.2132],[89.66678,25.21302],[89.66717,25.21301],[89.66716,25.21247],[89.66755,25.21228],[89.66755,25.2121],[89.66775,25.2121],[89.66774,25.21191],[89.66794,25.21191],[89.66794,25.21173],[89.66833,25.21172],[89.66853,25.21136],[89.66872,25.21136],[89.66872,25.21118],[89.66931,25.21116],[89.66931,25.21098],[89.66951,25.21098],[89.6695,25.21044],[89.66989,25.21025],[89.66989,25.21007],[89.67028,25.21006],[89.67047,25.2097],[89.67067,25.2097],[89.67067,25.20952],[89.67106,25.20951],[89.67125,25.20914],[89.67145,25.20914],[89.67145,25.20896],[89.67185,25.20895],[89.67184,25.20877],[89.67204,25.20877],[89.67203,25.20823],[89.67282,25.20821],[89.67281,25.20785],[89.67321,25.20766],[89.6732,25.20748],[89.67399,25.20729],[89.67399,25.20711],[89.67438,25.2071],[89.67457,25.20674],[89.67477,25.20673],[89.67477,25.20655],[89.67497,25.20655],[89.67496,25.20619],[89.67516,25.20619],[89.67515,25.20601],[89.67555,25.206],[89.67574,25.20563],[89.67614,25.20563],[89.67633,25.20526],[89.67653,25.20526],[89.67652,25.2049],[89.67731,25.2047],[89.6775,25.20434],[89.6777,25.20433],[89.67769,25.20415],[89.67789,25.20415],[89.67789,25.20397],[89.67809,25.20397],[89.67808,25.20379],[89.67828,25.20378],[89.67828,25.2036],[89.67847,25.2036],[89.67847,25.20342],[89.67867,25.20341],[89.67866,25.20305],[89.67906,25.20305],[89.67925,25.20268],[89.67945,25.20268],[89.67944,25.20232],[89.67983,25.20213],[89.67983,25.20195],[89.68002,25.20195],[89.68002,25.20177],[89.68022,25.20176],[89.68022,25.20158],[89.68041,25.20158],[89.68041,25.20122],[89.6808,25.20103],[89.68079,25.20085],[89.68099,25.20085],[89.68098,25.20048],[89.68138,25.2003],[89.68137,25.19994],[89.68157,25.19993],[89.68156,25.19957],[89.68195,25.19938],[89.68195,25.1992],[89.68215,25.1992],[89.68214,25.19902],[89.68373,25.19917],[89.68374,25.19935],[89.68413,25.19916],[89.68392,25.19845],[89.68372,25.19845],[89.68371,25.19809],[89.68351,25.19809],[89.68349,25.19719],[89.68309,25.19702],[89.68309,25.19684],[89.68289,25.19684],[89.68288,25.19666],[89.68249,25.19667],[89.68228,25.19631],[89.68208,25.19631],[89.68208,25.19613],[89.68188,25.19614],[89.68188,25.19596],[89.68148,25.19614],[89.6815,25.19669],[89.6811,25.19669],[89.6811,25.19687],[89.68091,25.19688],[89.68091,25.19724],[89.68111,25.19723],[89.68113,25.19796],[89.68073,25.19814],[89.68074,25.19832],[89.68034,25.19833],[89.68035,25.19887],[89.68016,25.19888],[89.68014,25.19815],[89.67974,25.19798],[89.67973,25.19762],[89.67953,25.19762],[89.67955,25.19834],[89.67915,25.19835],[89.67933,25.19763],[89.67914,25.19763],[89.67913,25.19727],[89.67953,25.19726],[89.67952,25.19708],[89.67972,25.19708],[89.6797,25.19636],[89.6801,25.19635],[89.6801,25.19617],[89.68029,25.19617],[89.68029,25.1958],[89.68009,25.19581],[89.68007,25.19509],[89.68027,25.19508],[89.68026,25.19454],[89.68006,25.19455],[89.68005,25.194],[89.67985,25.19401],[89.67983,25.19329],[89.67924,25.1933],[89.67924,25.19348],[89.67885,25.19348],[89.67886,25.19385],[89.67866,25.19385],[89.67872,25.19674],[89.67892,25.19673],[89.67894,25.19763],[89.67874,25.19764],[89.67876,25.19872],[89.67896,25.19872],[89.67897,25.19908],[89.67877,25.19908],[89.67878,25.19944],[89.67858,25.19945],[89.67859,25.19999],[89.67879,25.19998],[89.6788,25.20052],[89.67841,25.20071],[89.67842,25.20107],[89.67822,25.20108],[89.67824,25.20198],[89.67785,25.20217],[89.67785,25.20235],[89.67765,25.20235],[89.67747,25.20308],[89.67708,25.20326],[89.67708,25.20344],[89.67688,25.20345],[89.67689,25.20381],[89.67649,25.20381],[89.6765,25.204],[89.6759,25.20401],[89.67571,25.20437],[89.67551,25.20437],[89.67552,25.20455],[89.67532,25.20456],[89.67532,25.20474],[89.67513,25.20474],[89.67513,25.20492],[89.67493,25.20493],[89.67494,25.20511],[89.67474,25.20511],[89.67475,25.20547],[89.67435,25.20566],[89.67436,25.20584],[89.67416,25.20584],[89.67416,25.20602],[89.67377,25.20603],[89.67358,25.20639],[89.67338,25.2064],[89.67338,25.20658],[89.67298,25.20659],[89.67279,25.20695],[89.6726,25.20695],[89.6726,25.20713],[89.6724,25.20714],[89.67241,25.20732],[89.67162,25.20751],[89.67162,25.20787],[89.67123,25.20806],[89.67123,25.20824],[89.67104,25.20825],[89.67104,25.20843],[89.67084,25.20843],[89.67085,25.20861],[89.67045,25.20862],[89.67045,25.2088],[89.67026,25.2088],[89.67026,25.20916],[89.66947,25.20936],[89.66948,25.20954],[89.66908,25.20954],[89.6687,25.21027],[89.6683,25.21028],[89.66811,25.21064],[89.66791,25.21065],[89.66792,25.21083],[89.66772,25.21083],[89.66772,25.21101],[89.66693,25.21121],[89.66694,25.21139],[89.66674,25.21139],[89.66675,25.21193],[89.66636,25.21194],[89.66617,25.2123],[89.66597,25.21231],[89.66617,25.21267],[89.66578,25.21267],[89.66577,25.21249],[89.66557,25.2125],[89.66558,25.21268],[89.66518,25.21268],[89.6648,25.21341],[89.6644,25.21342],[89.66421,25.21378],[89.66402,25.21379],[89.66402,25.21397],[89.66382,25.21397],[89.66382,25.21415],[89.66363,25.21415],[89.66363,25.21434],[89.66343,25.21434],[89.66344,25.2147],[89.66305,25.21489],[89.66305,25.21507],[89.66285,25.21507],[89.66286,25.21543],[89.66207,25.21563],[89.66188,25.21599],[89.66168,25.21599],[89.66169,25.21618],[89.66149,25.21618],[89.66149,25.21636],[89.66129,25.21636],[89.6613,25.21654],[89.6607,25.21655],[89.66069,25.21601],[89.66029,25.21584],[89.66029,25.21602],[89.6601,25.21602],[89.66013,25.21747],[89.65993,25.21747],[89.65993,25.21765],[89.65934,25.21766],[89.65934,25.21784],[89.65894,25.21785],[89.65895,25.21803],[89.65835,25.21804],[89.65835,25.21786],[89.65815,25.21786],[89.65814,25.2175],[89.65774,25.21733],[89.65774,25.21715],[89.65734,25.21716],[89.65733,25.2168],[89.65753,25.21679],[89.65752,25.21607],[89.65732,25.21607],[89.65731,25.21553],[89.65691,25.21536],[89.65691,25.21572],[89.65672,25.21572],[89.65672,25.2159],[89.65692,25.2159],[89.65695,25.21716],[89.65714,25.21716],[89.65716,25.2177],[89.65756,25.21787],[89.65756,25.21823],[89.65796,25.21841],[89.65797,25.21859],[89.65817,25.21859],[89.65819,25.21967],[89.65839,25.21966],[89.6584,25.22039],[89.65821,25.22039],[89.65822,25.22093],[89.65783,25.22112],[89.65784,25.22166],[89.65764,25.22166],[89.65765,25.22202],[89.65745,25.22203],[89.65746,25.22257],[89.65726,25.22257],[89.65727,25.22293],[89.65707,25.22294],[89.65708,25.22348],[89.65669,25.22367],[89.6567,25.22403],[89.6565,25.22403],[89.65652,25.22493],[89.65632,25.22494],[89.65633,25.2253],[89.65613,25.2253],[89.65596,25.22639],[89.65576,25.22639],[89.65577,25.22693],[89.65557,25.22693],[89.65558,25.22748],[89.65538,25.22748],[89.6554,25.22802],[89.65559,25.22802]],[[89.67786,25.20253],[89.67805,25.20252],[89.67805,25.20216],[89.67844,25.20216],[89.67845,25.2027],[89.67826,25.2027],[89.67826,25.20306],[89.67807,25.20306],[89.67807,25.20324],[89.67767,25.20325],[89.67786,25.20253]],[[89.67882,25.20143],[89.67902,25.20142],[89.67903,25.2016],[89.67883,25.20161],[89.67882,25.20143]],[[89.67976,25.19906],[89.68016,25.19906],[89.68016,25.19924],[89.67977,25.19924],[89.67976,25.19906]],[[89.68056,25.19905],[89.68095,25.19904],[89.68096,25.19922],[89.68056,25.19923],[89.68056,25.19905]]]}},{"type":"Feature","properties":{"kind":"land","ha":21.0},"geometry":{"type":"Polygon","coordinates":[[[89.71871,25.21081],[89.7187,25.21044],[89.7189,25.21044],[89.71889,25.2099],[89.71928,25.20989],[89.71946,25.20917],[89.71966,25.20916],[89.71963,25.2079],[89.71983,25.2079],[89.71982,25.20718],[89.71962,25.20718],[89.71981,25.20681],[89.71961,25.20682],[89.71958,25.20556],[89.71978,25.20555],[89.71974,25.20393],[89.71994,25.20392],[89.71991,25.2023],[89.72011,25.2023],[89.72009,25.20176],[89.72029,25.20175],[89.72028,25.20121],[89.72048,25.20121],[89.72045,25.19994],[89.72005,25.19977],[89.72005,25.19959],[89.72044,25.19958],[89.72043,25.19922],[89.72063,25.19922],[89.7206,25.19778],[89.7208,25.19777],[89.72078,25.19687],[89.72098,25.19687],[89.72094,25.19524],[89.72114,25.19524],[89.72113,25.19506],[89.72074,25.19507],[89.72073,25.1947],[89.72093,25.1947],[89.72085,25.19109],[89.72065,25.1911],[89.72066,25.19164],[89.72046,25.19164],[89.72049,25.1929],[89.72029,25.19291],[89.72031,25.19381],[89.72012,25.19381],[89.72013,25.19435],[89.71993,25.19436],[89.71994,25.1949],[89.71955,25.19509],[89.71975,25.19544],[89.71995,25.19544],[89.71996,25.19562],[89.72035,25.19561],[89.72037,25.19616],[89.72017,25.19616],[89.72018,25.19652],[89.71998,25.19652],[89.71998,25.1967],[89.71958,25.19671],[89.71961,25.19797],[89.71941,25.19798],[89.71944,25.19906],[89.71924,25.19906],[89.71926,25.19979],[89.71906,25.19979],[89.71908,25.20069],[89.71928,25.20069],[89.71928,25.20087],[89.71908,25.20087],[89.7191,25.20177],[89.7189,25.20178],[89.71894,25.20322],[89.71874,25.20322],[89.71877,25.20449],[89.71857,25.20449],[89.71877,25.20485],[89.71858,25.20485],[89.71861,25.20648],[89.71841,25.20648],[89.71845,25.20792],[89.71825,25.20793],[89.7183,25.21027],[89.7185,25.21027],[89.71851,25.21081],[89.71871,25.21081]],[[89.71845,25.2081],[89.71865,25.2081],[89.71867,25.209],[89.71847,25.209],[89.71845,25.2081]],[[89.71905,25.20827],[89.71885,25.20828],[89.71885,25.2081],[89.71904,25.20809],[89.71905,25.20827]],[[89.71904,25.20791],[89.71884,25.20792],[89.71882,25.20683],[89.71941,25.20682],[89.71943,25.20772],[89.71923,25.20773],[89.71924,25.20809],[89.71904,25.20809],[89.71904,25.20791]],[[89.71879,25.20557],[89.71899,25.20557],[89.71899,25.20575],[89.71879,25.20575],[89.71879,25.20557]],[[89.71894,25.20358],[89.71914,25.20358],[89.71915,25.20394],[89.71895,25.20394],[89.71894,25.20358]],[[89.71911,25.20231],[89.71931,25.20231],[89.71932,25.20249],[89.71912,25.2025],[89.71911,25.20231]],[[89.71929,25.20123],[89.71949,25.20123],[89.71949,25.20141],[89.71929,25.20141],[89.71929,25.20123]]]}},{"type":"Feature","properties":{"kind":"land","ha":52.2},"geometry":{"type":"Polygon","coordinates":[[[89.60157,25.20696],[89.60117,25.20696],[89.60118,25.20715],[89.60138,25.20714],[89.60141,25.20877],[89.60121,25.20877],[89.60125,25.21039],[89.60085,25.21058],[89.60086,25.21094],[89.60066,25.21094],[89.60067,25.21113],[89.60047,25.21113],[89.60049,25.21239],[89.6003,25.2124],[89.6003,25.21276],[89.60011,25.21276],[89.60011,25.21294],[89.59991,25.21294],[89.59973,25.21367],[89.59953,25.21367],[89.59955,25.21439],[89.59935,25.2144],[89.59935,25.21476],[89.59896,25.21495],[89.59897,25.21513],[89.59877,25.21513],[89.59858,25.21585],[89.59819,25.21586],[89.59818,25.21568],[89.59838,25.21568],[89.59837,25.21514],[89.59876,25.21495],[89.59873,25.21351],[89.59913,25.2135],[89.59932,25.21313],[89.59952,25.21313],[89.59951,25.21277],[89.59971,25.21277],[89.59969,25.21168],[89.59988,25.21168],[89.59988,25.21132],[89.60027,25.21131],[89.60025,25.21023],[89.60005,25.21023],[89.60005,25.21005],[89.60025,25.21005],[89.60023,25.20933],[89.60043,25.20932],[89.60041,25.2086],[89.60061,25.2086],[89.60061,25.20824],[89.60041,25.20824],[89.60036,25.20626],[89.60017,25.20626],[89.60015,25.20554],[89.59995,25.20554],[89.59993,25.20428],[89.59973,25.20428],[89.59971,25.20338],[89.59891,25.20303],[89.59889,25.20231],[89.59869,25.20232],[89.59869,25.20214],[89.59889,25.20213],[89.59888,25.20177],[89.59908,25.20177],[89.59907,25.20141],[89.59867,25.20141],[89.59867,25.20123],[89.59708,25.20126],[89.59708,25.2009],[89.59668,25.20073],[89.59667,25.20055],[89.59647,25.20055],[89.5967,25.20163],[89.5961,25.20164],[89.5961,25.20182],[89.59591,25.20182],[89.59591,25.20218],[89.59631,25.20236],[89.59632,25.20254],[89.59652,25.20253],[89.59652,25.2029],[89.59692,25.20307],[89.59693,25.20325],[89.59713,25.20325],[89.59713,25.20361],[89.59733,25.2036],[89.59735,25.20432],[89.59715,25.20433],[89.59715,25.20451],[89.59735,25.20451],[89.59736,25.20487],[89.59775,25.20468],[89.59776,25.20504],[89.59796,25.20504],[89.59796,25.20522],[89.59856,25.20521],[89.59855,25.20466],[89.59874,25.20466],[89.59874,25.2043],[89.59913,25.20429],[89.59914,25.20465],[89.59954,25.20483],[89.59957,25.20609],[89.59937,25.20609],[89.59939,25.207],[89.59959,25.20699],[89.59959,25.20735],[89.5994,25.20736],[89.5994,25.20772],[89.5996,25.20771],[89.59961,25.20789],[89.59941,25.2079],[89.59941,25.20808],[89.59961,25.20808],[89.59964,25.2097],[89.59984,25.2097],[89.59985,25.21024],[89.59966,25.21024],[89.59967,25.21078],[89.59947,25.21079],[89.59948,25.21115],[89.59928,25.21115],[89.59929,25.21151],[89.59889,25.21152],[89.5989,25.21188],[89.5985,25.21207],[89.59851,25.21225],[89.59831,25.21225],[89.59831,25.21243],[89.59811,25.21243],[89.59812,25.21261],[89.59792,25.21262],[89.59792,25.2128],[89.59773,25.2128],[89.59773,25.21298],[89.59733,25.21299],[89.59734,25.21317],[89.59714,25.21317],[89.59715,25.21353],[89.59695,25.21354],[89.59697,25.21444],[89.59618,25.21481],[89.59619,25.21536],[89.59659,25.21553],[89.5966,25.21571],[89.5968,25.21571],[89.5968,25.21589],[89.59641,25.21607],[89.59641,25.21625],[89.59582,25.21626],[89.59582,25.21663],[89.59562,25.21663],[89.59564,25.21717],[89.59544,25.21717],[89.59544,25.21735],[89.59663,25.21733],[89.59664,25.21751],[89.59723,25.2175],[89.59724,25.21804],[89.59744,25.21804],[89.59743,25.21768],[89.59783,25.21749],[89.59782,25.21731],[89.59802,25.21731],[89.59802,25.21713],[89.59821,25.21712],[89.59821,25.21694],[89.59841,25.21694],[89.59841,25.21676],[89.5986,25.21676],[89.5986,25.2164],[89.59899,25.21621],[89.59898,25.21603],[89.59918,25.21602],[89.59918,25.21566],[89.59937,25.21566],[89.59937,25.2153],[89.59976,25.21511],[89.59976,25.21493],[89.59995,25.21493],[89.59995,25.21475],[89.60015,25.21474],[89.60014,25.21438],[89.60034,25.21438],[89.60033,25.21384],[89.60053,25.21384],[89.60051,25.21311],[89.60071,25.21311],[89.6007,25.21257],[89.6009,25.21257],[89.60088,25.21202],[89.60108,25.21202],[89.60107,25.21148],[89.60127,25.21148],[89.60126,25.21111],[89.60146,25.21111],[89.60164,25.21003],[89.60183,25.21002],[89.60183,25.20966],[89.60202,25.20966],[89.60201,25.20894],[89.60221,25.20893],[89.6022,25.20839],[89.60239,25.20839],[89.60238,25.20785],[89.60258,25.20784],[89.60255,25.20658],[89.60275,25.20658],[89.60274,25.20585],[89.60294,25.20585],[89.60293,25.20549],[89.60273,25.20549],[89.60273,25.20531],[89.60292,25.20531],[89.60291,25.20459],[89.60271,25.20459],[89.6027,25.20423],[89.6023,25.20406],[89.6023,25.20388],[89.6019,25.20388],[89.60189,25.20352],[89.60229,25.20334],[89.60228,25.20297],[89.60188,25.2028],[89.60187,25.20262],[89.60148,25.20263],[89.60147,25.20209],[89.60127,25.20209],[89.60126,25.20173],[89.60106,25.20173],[89.60124,25.20065],[89.60104,25.20065],[89.60099,25.19812],[89.60079,25.19813],[89.60077,25.19741],[89.60057,25.19741],[89.60057,25.19705],[89.60037,25.19705],[89.60036,25.19687],[89.60017,25.19687],[89.60015,25.19633],[89.59975,25.19616],[89.59975,25.19598],[89.59955,25.19598],[89.59934,25.19526],[89.59914,25.19527],[89.59912,25.19437],[89.59892,25.19437],[89.59891,25.19401],[89.59872,25.19401],[89.59869,25.19293],[89.5983,25.19294],[89.5983,25.19312],[89.5981,25.19312],[89.59811,25.19366],[89.59791,25.19367],[89.59792,25.19385],[89.59832,25.19384],[89.59832,25.19402],[89.59852,25.19402],[89.59856,25.19618],[89.59876,25.19618],[89.59877,25.19654],[89.59917,25.19671],[89.59918,25.19707],[89.59938,25.19707],[89.59938,25.19725],[89.59997,25.19724],[89.59998,25.19742],[89.60018,25.19742],[89.59999,25.19814],[89.5998,25.19814],[89.5998,25.19851],[89.6,25.1985],[89.60001,25.19886],[89.60021,25.19886],[89.60022,25.1994],[89.59983,25.19959],[89.59982,25.19941],[89.59943,25.19941],[89.59943,25.19978],[89.59963,25.19977],[89.59964,25.20013],[89.59984,25.20013],[89.59984,25.20031],[89.60004,25.20031],[89.60006,25.20121],[89.60026,25.20121],[89.60027,25.20175],[89.60047,25.20174],[89.60048,25.20246],[89.60068,25.20246],[89.60071,25.2039],[89.60091,25.2039],[89.60092,25.20426],[89.60112,25.20426],[89.60113,25.20498],[89.60133,25.20498],[89.60136,25.20642],[89.60156,25.20642],[89.60157,25.20696]],[[89.60069,25.21203],[89.60067,25.21149],[89.60087,25.21148],[89.60088,25.21202],[89.60069,25.21203]],[[89.60155,25.20588],[89.60175,25.20587],[89.60176,25.20641],[89.60156,25.20642],[89.60155,25.20588]],[[89.59702,25.21678],[89.59722,25.21678],[89.59721,25.2166],[89.59761,25.21659],[89.5978,25.21623],[89.5982,25.21622],[89.5982,25.21658],[89.59781,25.21677],[89.59781,25.21695],[89.59702,25.21715],[89.59702,25.21678]],[[89.59973,25.21385],[89.59993,25.21385],[89.59994,25.21421],[89.59974,25.21421],[89.59973,25.21385]],[[89.60143,25.20949],[89.60162,25.20948],[89.60163,25.20966],[89.60143,25.20967],[89.60143,25.20949]],[[89.60141,25.20895],[89.60161,25.20894],[89.60162,25.20912],[89.60142,25.20913],[89.60141,25.20895]],[[89.6016,25.2084],[89.6018,25.2084],[89.60181,25.20876],[89.60161,25.20876],[89.6016,25.2084]]]}},{"type":"Feature","properties":{"kind":"land","ha":4.8},"geometry":{"type":"Polygon","coordinates":[[[89.61163,25.19505],[89.61162,25.19433],[89.61182,25.19432],[89.61181,25.19414],[89.61221,25.19414],[89.61218,25.19305],[89.61238,25.19305],[89.61238,25.19287],[89.61278,25.19286],[89.61297,25.1925],[89.61316,25.19249],[89.61316,25.19231],[89.61356,25.19231],[89.61356,25.19249],[89.61396,25.19248],[89.61398,25.19338],[89.61418,25.19338],[89.61418,25.19356],[89.61458,25.19355],[89.61477,25.19319],[89.61496,25.19318],[89.61475,25.19247],[89.61435,25.19247],[89.61415,25.19212],[89.61316,25.19213],[89.61315,25.19195],[89.61295,25.19196],[89.61295,25.1916],[89.61275,25.1916],[89.61276,25.19214],[89.61236,25.19215],[89.61237,25.19233],[89.61217,25.19233],[89.61215,25.19125],[89.61195,25.19125],[89.61195,25.19143],[89.61175,25.19144],[89.61176,25.1918],[89.61156,25.1918],[89.61158,25.1927],[89.61138,25.19271],[89.6114,25.19343],[89.6112,25.19343],[89.61123,25.19469],[89.61143,25.19469],[89.61143,25.19505],[89.61163,25.19505]]]}},{"type":"Feature","properties":{"kind":"land","ha":4.9},"geometry":{"type":"Polygon","coordinates":[[[89.59675,25.19477],[89.59674,25.19423],[89.59654,25.19423],[89.59652,25.19333],[89.59612,25.19334],[89.59612,25.19316],[89.59592,25.19316],[89.5961,25.19207],[89.5957,25.19208],[89.59569,25.19154],[89.59589,25.19154],[89.59587,25.19063],[89.59547,25.19082],[89.59529,25.19155],[89.59509,25.19155],[89.5951,25.19191],[89.5947,25.19192],[89.59471,25.1921],[89.59431,25.1921],[89.59431,25.19228],[89.59412,25.19229],[89.59433,25.19301],[89.59473,25.193],[89.59472,25.19282],[89.59492,25.19282],[89.59492,25.193],[89.59512,25.19299],[89.59514,25.19389],[89.59554,25.19407],[89.59576,25.19479],[89.59675,25.19477]]]}},{"type":"Feature","properties":{"kind":"land","ha":3.9},"geometry":{"type":"Polygon","coordinates":[[[89.68256,25.19071],[89.68255,25.19035],[89.68235,25.19035],[89.68234,25.18981],[89.68293,25.1898],[89.68293,25.18962],[89.68313,25.18962],[89.68311,25.18871],[89.68212,25.18873],[89.68191,25.18838],[89.68131,25.18839],[89.68131,25.18803],[89.6815,25.18802],[89.68149,25.18748],[89.68129,25.18748],[89.68129,25.1873],[89.68089,25.18731],[89.6809,25.18767],[89.6807,25.18767],[89.68071,25.18786],[89.68091,25.18785],[89.68092,25.18839],[89.68053,25.18858],[89.68053,25.18876],[89.68073,25.18876],[89.68075,25.18966],[89.68114,25.18965],[89.68114,25.18929],[89.68153,25.18928],[89.68236,25.19071],[89.68256,25.19071]],[[89.68213,25.18927],[89.68233,25.18927],[89.68233,25.18945],[89.68213,25.18945],[89.68213,25.18927]]]}},{"type":"Feature","properties":{"kind":"land","ha":3.4},"geometry":{"type":"Polygon","coordinates":[[[89.61055,25.19074],[89.61054,25.19037],[89.61093,25.19019],[89.61073,25.18983],[89.61053,25.18983],[89.61053,25.18965],[89.61013,25.18966],[89.61012,25.18948],[89.60993,25.18948],[89.61011,25.18876],[89.61031,25.18875],[89.61029,25.18785],[89.61009,25.18786],[89.61009,25.18768],[89.61028,25.18767],[89.61028,25.18731],[89.60988,25.18732],[89.60989,25.18768],[89.60969,25.18768],[89.60969,25.1875],[89.60909,25.18751],[89.60909,25.18769],[89.6089,25.1877],[89.6089,25.18788],[89.6091,25.18787],[89.60911,25.18823],[89.6093,25.18823],[89.60932,25.18877],[89.60912,25.18878],[89.60912,25.18896],[89.60932,25.18895],[89.60933,25.18949],[89.60973,25.18967],[89.60974,25.19021],[89.60955,25.19021],[89.60955,25.19039],[89.60995,25.19057],[89.60995,25.19075],[89.61055,25.19074]]]}},{"type":"Feature","properties":{"kind":"land","ha":10.7},"geometry":{"type":"Polygon","coordinates":[[[89.60657,25.19008],[89.60676,25.18972],[89.60696,25.18972],[89.60674,25.189],[89.60694,25.18899],[89.60693,25.18863],[89.60713,25.18863],[89.60712,25.18809],[89.60672,25.18791],[89.60671,25.18737],[89.6071,25.18737],[89.60711,25.18755],[89.60731,25.18754],[89.60712,25.18791],[89.60751,25.1879],[89.6077,25.18754],[89.6079,25.18753],[89.60768,25.18645],[89.60788,25.18645],[89.60787,25.18591],[89.60767,25.18591],[89.60766,25.18573],[89.60707,25.18574],[89.60709,25.18646],[89.60689,25.18647],[89.60689,25.18665],[89.6063,25.18666],[89.6063,25.18702],[89.60551,25.18703],[89.6053,25.18668],[89.60491,25.18668],[89.60492,25.18722],[89.60452,25.18723],[89.60432,25.18687],[89.60412,25.18688],[89.60393,25.18724],[89.60373,25.18725],[89.60376,25.18869],[89.60396,25.18869],[89.60395,25.18851],[89.60455,25.18849],[89.60456,25.18886],[89.60416,25.18904],[89.60417,25.1894],[89.60536,25.18938],[89.60537,25.18956],[89.60576,25.18956],[89.60577,25.18992],[89.60617,25.18991],[89.60617,25.19009],[89.60657,25.19008]]]}},{"type":"Feature","properties":{"kind":"land","ha":8.4},"geometry":{"type":"Polygon","coordinates":[[[89.68147,25.19542],[89.68146,25.19506],[89.68126,25.19506],[89.68125,25.19452],[89.68105,25.19453],[89.68104,25.19381],[89.68123,25.1938],[89.68123,25.19344],[89.68143,25.19344],[89.68141,25.1929],[89.68101,25.19272],[89.681,25.19236],[89.6806,25.19219],[89.6806,25.19201],[89.6804,25.19201],[89.68039,25.19129],[89.68019,25.19129],[89.68018,25.19075],[89.67998,25.19076],[89.67996,25.19003],[89.67976,25.19004],[89.67975,25.1895],[89.67955,25.1895],[89.67954,25.18896],[89.67934,25.18896],[89.67933,25.18842],[89.67913,25.18843],[89.67913,25.18806],[89.67893,25.18807],[89.67891,25.18717],[89.67851,25.18699],[89.6785,25.18663],[89.6783,25.18664],[89.67807,25.1852],[89.67767,25.18502],[89.67767,25.18484],[89.67747,25.18485],[89.67746,25.18467],[89.67727,25.18467],[89.67726,25.18449],[89.67687,25.1845],[89.67666,25.18414],[89.67646,25.18414],[89.67646,25.18396],[89.67626,25.18397],[89.67625,25.18378],[89.67606,25.18379],[89.67605,25.18361],[89.67585,25.18361],[89.67587,25.18415],[89.67606,25.18415],[89.67607,25.18451],[89.67647,25.18468],[89.67648,25.18486],[89.67687,25.18486],[89.67688,25.18504],[89.67708,25.18503],[89.67729,25.18575],[89.67749,25.18575],[89.6775,25.18611],[89.67769,25.18611],[89.6777,25.18647],[89.6779,25.18646],[89.67791,25.187],[89.67811,25.187],[89.67812,25.18736],[89.67832,25.18736],[89.67832,25.18772],[89.67873,25.18789],[89.67895,25.18933],[89.67915,25.18933],[89.67917,25.18987],[89.67936,25.18987],[89.67939,25.19095],[89.67959,25.19094],[89.67961,25.19185],[89.6802,25.19184],[89.68021,25.1922],[89.68041,25.19219],[89.68043,25.19309],[89.68003,25.1931],[89.68004,25.19346],[89.68044,25.19364],[89.68045,25.194],[89.68064,25.19399],[89.68066,25.19471],[89.68086,25.19471],[89.68087,25.19543],[89.68068,25.19544],[89.68068,25.1958],[89.68147,25.19542]]]}},{"type":"Feature","properties":{"kind":"land","ha":9.7},"geometry":{"type":"Polygon","coordinates":[[[89.61705,25.18882],[89.61705,25.18863],[89.61725,25.18863],[89.61724,25.18827],[89.61704,25.18827],[89.61702,25.18719],[89.61662,25.18702],[89.61661,25.18666],[89.61641,25.18666],[89.6164,25.18612],[89.6162,25.18612],[89.61619,25.18576],[89.616,25.18577],[89.61599,25.18559],[89.6156,25.18559],[89.61559,25.18541],[89.615,25.18542],[89.61479,25.18506],[89.61439,25.18507],[89.61441,25.18579],[89.61401,25.1858],[89.61401,25.18562],[89.61342,25.18563],[89.61341,25.18545],[89.61321,25.18545],[89.6132,25.18473],[89.613,25.18474],[89.61299,25.18437],[89.61279,25.18438],[89.61279,25.18402],[89.61239,25.18402],[89.6124,25.18457],[89.6122,25.18457],[89.61222,25.18529],[89.61242,25.18529],[89.61243,25.18601],[89.61263,25.18601],[89.61264,25.18673],[89.61284,25.18672],[89.61285,25.18708],[89.61305,25.18708],[89.61306,25.18762],[89.61326,25.18762],[89.61326,25.1878],[89.61386,25.18779],[89.61384,25.18707],[89.61424,25.18688],[89.61423,25.1867],[89.61403,25.1867],[89.61403,25.18634],[89.61383,25.18635],[89.61382,25.18617],[89.61422,25.18598],[89.61422,25.18616],[89.61462,25.18615],[89.61462,25.18633],[89.61482,25.18633],[89.61483,25.18669],[89.61523,25.18686],[89.61523,25.18704],[89.61543,25.18704],[89.61564,25.18776],[89.61604,25.18793],[89.61605,25.18811],[89.61625,25.18811],[89.61626,25.18865],[89.61645,25.18865],[89.61646,25.18883],[89.61705,25.18882]]]}},{"type":"Feature","properties":{"kind":"land","ha":5.8},"geometry":{"type":"Polygon","coordinates":[[[89.61165,25.18674],[89.61164,25.1862],[89.61184,25.1862],[89.61181,25.18494],[89.61162,25.18494],[89.61161,25.18476],[89.61121,25.18477],[89.6112,25.18423],[89.6116,25.18422],[89.61158,25.1835],[89.6102,25.18352],[89.6102,25.1837],[89.6098,25.18371],[89.60961,25.18407],[89.60941,25.18408],[89.60942,25.18426],[89.60922,25.18426],[89.60924,25.18498],[89.60964,25.18516],[89.60964,25.18534],[89.61023,25.18533],[89.61024,25.18569],[89.61064,25.18568],[89.61064,25.18586],[89.61084,25.18586],[89.61086,25.18676],[89.61165,25.18674]]]}},{"type":"Feature","properties":{"kind":"land","ha":18.1},"geometry":{"type":"Polygon","coordinates":[[[89.6865,25.18956],[89.68646,25.18793],[89.68666,25.18793],[89.6866,25.18522],[89.6868,25.18522],[89.68678,25.18432],[89.68698,25.18431],[89.68695,25.18287],[89.68655,25.18288],[89.68655,25.1827],[89.68635,25.1827],[89.68635,25.18288],[89.68595,25.18289],[89.68596,25.18325],[89.68576,25.18325],[89.68577,25.18343],[89.68498,25.18363],[89.685,25.18453],[89.6846,25.18454],[89.68459,25.18418],[89.6844,25.18418],[89.68438,25.18364],[89.68419,25.18364],[89.68418,25.18346],[89.68339,25.18347],[89.68338,25.18329],[89.68319,25.1833],[89.68318,25.18294],[89.68298,25.18294],[89.68296,25.18222],[89.68336,25.18203],[89.68335,25.18185],[89.68355,25.18185],[89.68355,25.18167],[89.68375,25.18166],[89.68373,25.18112],[89.68393,25.18112],[89.68393,25.18094],[89.68373,25.18094],[89.68372,25.18058],[89.68332,25.18041],[89.68333,25.18095],[89.68294,25.18114],[89.68294,25.18132],[89.68275,25.18132],[89.68275,25.1815],[89.68255,25.1815],[89.68256,25.18187],[89.68236,25.18187],[89.68258,25.18259],[89.68277,25.18258],[89.68278,25.18294],[89.68139,25.18297],[89.6814,25.18315],[89.681,25.18316],[89.68101,25.18334],[89.67982,25.18336],[89.67982,25.18372],[89.67943,25.18373],[89.67924,25.18409],[89.67944,25.18409],[89.67944,25.18427],[89.67984,25.18426],[89.67984,25.18462],[89.68004,25.18462],[89.68006,25.18534],[89.68045,25.18533],[89.68064,25.18497],[89.68084,25.18497],[89.68084,25.18478],[89.68104,25.18478],[89.68105,25.18514],[89.68145,25.18532],[89.68145,25.1855],[89.68165,25.18549],[89.68165,25.18567],[89.68244,25.18548],[89.68244,25.18566],[89.68264,25.18565],[89.68264,25.18547],[89.68284,25.18547],[89.68283,25.18511],[89.68204,25.18512],[89.68203,25.18476],[89.68302,25.18475],[89.68302,25.18456],[89.68321,25.18456],[89.6832,25.18402],[89.6838,25.18401],[89.684,25.18437],[89.6842,25.18436],[89.68421,25.18454],[89.6844,25.18454],[89.68441,25.18472],[89.6848,25.18471],[89.68481,25.18489],[89.6852,25.18489],[89.6852,25.18471],[89.68599,25.18469],[89.686,25.18487],[89.6862,25.18487],[89.6862,25.18523],[89.6864,25.18523],[89.68642,25.18595],[89.68603,25.18613],[89.68603,25.18631],[89.68563,25.18632],[89.68564,25.1865],[89.68544,25.18651],[89.68545,25.18687],[89.68525,25.18687],[89.68525,25.18705],[89.68545,25.18705],[89.68546,25.18759],[89.68566,25.18759],[89.68567,25.18813],[89.68587,25.18812],[89.68589,25.18902],[89.68609,25.18902],[89.6861,25.18956],[89.6865,25.18956]]]}},{"type":"Feature","properties":{"kind":"land","ha":5.7},"geometry":{"type":"Polygon","coordinates":[[[89.67823,25.18321],[89.67822,25.18285],[89.67802,25.18285],[89.67801,25.18249],[89.67781,25.18249],[89.6778,25.18195],[89.6776,25.18196],[89.6776,25.18159],[89.6772,25.18142],[89.67718,25.18088],[89.67698,25.18088],[89.67697,25.17998],[89.67656,25.17981],[89.67655,25.17927],[89.67616,25.17945],[89.67616,25.17927],[89.67596,25.17928],[89.67577,25.17964],[89.67537,25.17965],[89.67536,25.17911],[89.67516,25.17911],[89.67516,25.17929],[89.67497,25.1793],[89.67498,25.18002],[89.67518,25.18001],[89.67519,25.18037],[89.67539,25.18037],[89.67539,25.18055],[89.67559,25.18055],[89.6756,25.18091],[89.676,25.18108],[89.67622,25.18216],[89.67662,25.18233],[89.67662,25.18251],[89.67722,25.1825],[89.67742,25.18286],[89.67762,25.18286],[89.67763,25.18304],[89.67783,25.18303],[89.67783,25.1834],[89.67823,25.18321]]]}},{"type":"Feature","properties":{"kind":"land","ha":4.4},"geometry":{"type":"Polygon","coordinates":[[[89.60941,25.18372],[89.6094,25.18354],[89.6098,25.18371],[89.60979,25.18299],[89.60959,25.18299],[89.60959,25.18281],[89.60939,25.18281],[89.60939,25.18299],[89.60899,25.183],[89.60899,25.18282],[89.60879,25.18282],[89.60917,25.1821],[89.60957,25.18209],[89.60956,25.18173],[89.60917,25.18173],[89.60917,25.18192],[89.60897,25.18192],[89.60897,25.18174],[89.60857,25.18175],[89.60857,25.18156],[89.60837,25.18157],[89.60836,25.18121],[89.60875,25.18102],[89.60874,25.18048],[89.60834,25.18031],[89.60813,25.17959],[89.60773,25.17959],[89.60774,25.18014],[89.60794,25.18013],[89.60795,25.18049],[89.60775,25.1805],[89.60777,25.18158],[89.60797,25.18158],[89.60801,25.1832],[89.6086,25.18319],[89.60862,25.18391],[89.60941,25.18372]]]}},{"type":"Feature","properties":{"kind":"land","ha":3.4},"geometry":{"type":"Polygon","coordinates":[[[89.68451,25.18039],[89.68451,25.18021],[89.68471,25.1802],[89.6847,25.17984],[89.6849,25.17984],[89.68488,25.17912],[89.68508,25.17911],[89.68506,25.17821],[89.68486,25.17821],[89.68485,25.17767],[89.68465,25.17768],[89.68465,25.1775],[89.68484,25.17749],[89.68483,25.17695],[89.68503,25.17695],[89.68502,25.17659],[89.68522,25.17658],[89.68521,25.17604],[89.68541,25.17604],[89.68539,25.17514],[89.68519,25.17514],[89.68518,25.17478],[89.68479,25.17479],[89.6848,25.17551],[89.6846,25.17551],[89.68464,25.17714],[89.68444,25.17714],[89.68445,25.17768],[89.68425,25.17768],[89.68426,25.17804],[89.68446,25.17804],[89.68448,25.17876],[89.68428,25.17877],[89.6843,25.17985],[89.6841,25.17985],[89.68411,25.18039],[89.68451,25.18039]]]}},{"type":"Feature","properties":{"kind":"land","ha":9.4},"geometry":{"type":"Polygon","coordinates":[[[89.61297,25.18347],[89.61296,25.18311],[89.61256,25.18294],[89.61256,25.18276],[89.61236,25.18276],[89.61235,25.18204],[89.61254,25.18204],[89.61253,25.18131],[89.61273,25.18131],[89.61269,25.17969],[89.61289,25.17968],[89.61286,25.17824],[89.61246,25.17825],[89.61245,25.17771],[89.61205,25.17753],[89.61205,25.17735],[89.61185,25.17736],[89.61184,25.17699],[89.61204,25.17699],[89.61202,25.17609],[89.61222,25.17609],[89.6122,25.17518],[89.612,25.17519],[89.61202,25.17591],[89.61182,25.17591],[89.61182,25.17609],[89.61103,25.17611],[89.61105,25.17683],[89.61144,25.17682],[89.61145,25.177],[89.61164,25.177],[89.61166,25.17772],[89.61146,25.17772],[89.61147,25.17808],[89.61167,25.17808],[89.61167,25.17844],[89.61148,25.17845],[89.61148,25.17881],[89.61228,25.17879],[89.61248,25.17915],[89.61268,25.17915],[89.61269,25.17933],[89.61249,25.17933],[89.61249,25.17969],[89.6123,25.17969],[89.6123,25.17987],[89.6119,25.17988],[89.61191,25.18006],[89.61151,25.18007],[89.6115,25.17971],[89.61111,25.17972],[89.6111,25.17953],[89.61071,25.17954],[89.61071,25.17972],[89.61091,25.17972],[89.61092,25.18044],[89.61033,25.18045],[89.61012,25.18009],[89.60973,25.1801],[89.60973,25.18046],[89.60993,25.18046],[89.60994,25.18082],[89.61014,25.18082],[89.61015,25.18136],[89.61035,25.18135],[89.61036,25.18171],[89.61055,25.18171],[89.61058,25.18297],[89.61097,25.18279],[89.61097,25.18261],[89.61117,25.1826],[89.61116,25.18242],[89.61136,25.18242],[89.61136,25.18206],[89.61095,25.18188],[89.61095,25.1817],[89.61075,25.18171],[89.61075,25.18153],[89.61095,25.18152],[89.61094,25.18134],[89.61154,25.18133],[89.61154,25.18151],[89.61174,25.18151],[89.61175,25.18187],[89.61215,25.18204],[89.61217,25.18295],[89.61257,25.18312],[89.61257,25.1833],[89.61277,25.1833],[89.61277,25.18348],[89.61297,25.18347]]]}},{"type":"Feature","properties":{"kind":"land","ha":3.5},"geometry":{"type":"Polygon","coordinates":[[[89.66303,25.17753],[89.66302,25.17735],[89.66262,25.17717],[89.66262,25.17699],[89.66222,25.177],[89.66202,25.17664],[89.66182,25.17665],[89.66181,25.17646],[89.66162,25.17647],[89.6616,25.17575],[89.66199,25.17556],[89.66199,25.17538],[89.66159,25.17539],[89.66139,25.17503],[89.66119,25.17503],[89.66118,25.17485],[89.66099,25.17486],[89.66099,25.17504],[89.66059,25.17504],[89.66059,25.17468],[89.66019,25.17469],[89.66017,25.17397],[89.65938,25.17398],[89.65939,25.17434],[89.65899,25.17435],[89.659,25.17453],[89.65939,25.17452],[89.6596,25.17488],[89.6598,25.17488],[89.6598,25.17506],[89.66,25.17505],[89.66,25.17523],[89.6602,25.17523],[89.66021,25.17559],[89.66061,25.17576],[89.66061,25.17594],[89.66081,25.17594],[89.66082,25.17612],[89.66101,25.17612],[89.66102,25.1763],[89.66122,25.1763],[89.66122,25.17666],[89.66142,25.17665],[89.66143,25.17683],[89.66182,25.17683],[89.66203,25.17718],[89.66223,25.17718],[89.66223,25.17736],[89.66263,25.17735],[89.66263,25.17753],[89.66303,25.17753]]]}},{"type":"Feature","properties":{"kind":"land","ha":16.8},"geometry":{"type":"Polygon","coordinates":[[[89.70433,25.17984],[89.70433,25.17966],[89.70473,25.17966],[89.70473,25.17984],[89.70493,25.17983],[89.70492,25.17929],[89.70531,25.1791],[89.70531,25.17892],[89.70511,25.17893],[89.70509,25.17821],[89.70469,25.17821],[89.70449,25.17786],[89.70567,25.17765],[89.70586,25.17729],[89.70626,25.17728],[89.70625,25.17692],[89.70665,25.17673],[89.70663,25.17619],[89.70683,25.17619],[89.70682,25.17565],[89.70662,25.17565],[89.70661,25.17529],[89.70681,25.17529],[89.70681,25.17511],[89.7076,25.17509],[89.70758,25.17437],[89.70718,25.1742],[89.70718,25.17402],[89.70698,25.17402],[89.70697,25.17366],[89.70657,25.17349],[89.70657,25.17331],[89.70617,25.17331],[89.70617,25.17313],[89.70577,25.17314],[89.70578,25.1735],[89.70558,25.1735],[89.70559,25.17369],[89.70519,25.17369],[89.70519,25.17351],[89.70479,25.17352],[89.70458,25.17316],[89.70438,25.17317],[89.70438,25.17299],[89.70359,25.173],[89.7034,25.17336],[89.7032,25.17337],[89.7032,25.17355],[89.70301,25.17355],[89.70302,25.17409],[89.70322,25.17409],[89.70322,25.17445],[89.70342,25.17445],[89.70341,25.17409],[89.70401,25.17407],[89.70401,25.17426],[89.70362,25.17426],[89.70362,25.17444],[89.70382,25.17444],[89.70383,25.1748],[89.70402,25.1748],[89.70403,25.17516],[89.70443,25.17515],[89.70442,25.17497],[89.70462,25.17497],[89.70463,25.17533],[89.70443,25.17533],[89.70444,25.17551],[89.70463,25.17551],[89.70465,25.17605],[89.70485,25.17605],[89.70486,25.17659],[89.70466,25.17659],[89.70445,25.17623],[89.70425,25.17624],[89.70425,25.17606],[89.70405,25.17606],[89.70405,25.17588],[89.70365,25.17589],[89.70365,25.17571],[89.70305,25.17572],[89.70285,25.17536],[89.70265,25.17536],[89.70286,25.17608],[89.70326,25.17625],[89.70327,25.17643],[89.70366,25.17643],[89.70367,25.17661],[89.70387,25.1766],[89.70388,25.17733],[89.70408,25.17732],[89.70414,25.17985],[89.70433,25.17984]],[[89.70584,25.17621],[89.70604,25.1762],[89.70605,25.17656],[89.70585,25.17657],[89.70584,25.17621]]]}},{"type":"Feature","properties":{"kind":"land","ha":12.9},"geometry":{"type":"Polygon","coordinates":[[[89.72587,25.1762],[89.72586,25.17584],[89.72626,25.17565],[89.72625,25.17547],[89.72704,25.17528],[89.72703,25.17474],[89.72683,25.17474],[89.72682,25.17438],[89.72642,25.1742],[89.72642,25.17402],[89.72662,25.17402],[89.72661,25.17384],[89.72701,25.17383],[89.72702,25.17419],[89.72761,25.17418],[89.7276,25.17364],[89.7272,25.17365],[89.7272,25.17347],[89.727,25.17347],[89.727,25.17329],[89.7272,25.17329],[89.72719,25.17293],[89.72679,25.17275],[89.72678,25.17257],[89.72659,25.17258],[89.72658,25.1724],[89.72638,25.1724],[89.72638,25.17222],[89.72618,25.17222],[89.72618,25.17204],[89.72578,25.17205],[89.72577,25.17169],[89.72537,25.17152],[89.72536,25.17116],[89.72517,25.17116],[89.72516,25.17098],[89.72436,25.17081],[89.72417,25.17118],[89.72378,25.17119],[89.72357,25.17083],[89.72337,25.17083],[89.72337,25.17065],[89.72317,25.17066],[89.72317,25.17047],[89.72277,25.17048],[89.72278,25.17102],[89.72298,25.17102],[89.72299,25.17138],[89.72319,25.17138],[89.72321,25.17228],[89.72341,25.17228],[89.72343,25.17354],[89.72323,25.17354],[89.72325,25.17408],[89.72364,25.17408],[89.72364,25.1739],[89.72384,25.17389],[89.72382,25.17299],[89.72421,25.1728],[89.72421,25.17298],[89.72441,25.17298],[89.72442,25.17352],[89.72462,25.17352],[89.72463,25.17406],[89.72483,25.17405],[89.72484,25.17441],[89.72504,25.17441],[89.72505,25.17477],[89.72545,25.17494],[89.72546,25.17531],[89.72565,25.1753],[89.72548,25.17639],[89.72587,25.1762]],[[89.725,25.17261],[89.7254,25.1726],[89.7254,25.17278],[89.7256,25.17278],[89.72559,25.1726],[89.72579,25.17259],[89.7258,25.17295],[89.7254,25.17296],[89.72541,25.17332],[89.72502,25.17351],[89.725,25.17261]]]}},{"type":"Feature","properties":{"kind":"land","ha":6.0},"geometry":{"type":"Polygon","coordinates":[[[89.65896,25.17309],[89.65895,25.17236],[89.65934,25.17218],[89.65934,25.172],[89.65954,25.17199],[89.65953,25.17181],[89.65993,25.17181],[89.65992,25.17126],[89.65972,25.17127],[89.65971,25.17091],[89.6601,25.17072],[89.6601,25.17054],[89.6603,25.17054],[89.66029,25.17036],[89.6595,25.17037],[89.6595,25.17019],[89.6585,25.17021],[89.65831,25.17057],[89.65812,25.17058],[89.65811,25.17039],[89.65772,25.1704],[89.65772,25.17076],[89.65653,25.17078],[89.65654,25.17114],[89.65694,25.17114],[89.65695,25.1715],[89.65735,25.17167],[89.65736,25.17221],[89.65756,25.17221],[89.65756,25.17257],[89.65776,25.17257],[89.65777,25.17293],[89.65856,25.17291],[89.65857,25.17309],[89.65896,25.17309]],[[89.65893,25.17146],[89.65875,25.17219],[89.65815,25.1722],[89.65815,25.17202],[89.65795,25.17202],[89.65794,25.17148],[89.65893,25.17146]],[[89.65774,25.17148],[89.65774,25.1713],[89.65793,25.1713],[89.65794,25.17148],[89.65774,25.17148]]]}},{"type":"Feature","properties":{"kind":"land","ha":11.1},"geometry":{"type":"Polygon","coordinates":[[[89.60971,25.17938],[89.60971,25.1792],[89.60991,25.17919],[89.6099,25.17901],[89.6101,25.17901],[89.6101,25.17883],[89.61029,25.17883],[89.61029,25.17865],[89.61069,25.17864],[89.61068,25.17828],[89.61088,25.17828],[89.61086,25.17737],[89.61066,25.17738],[89.61065,25.17684],[89.61045,25.17684],[89.61044,25.17648],[89.61024,25.17648],[89.61024,25.17612],[89.60984,25.17595],[89.60983,25.17559],[89.60963,25.17559],[89.60958,25.17306],[89.60938,25.17307],[89.60935,25.17162],[89.60836,25.17164],[89.60815,25.17128],[89.60775,25.17129],[89.60775,25.17093],[89.60735,25.17094],[89.60716,25.1713],[89.60736,25.1713],[89.60736,25.17166],[89.60756,25.17166],[89.60758,25.17256],[89.60738,25.17256],[89.60739,25.17274],[89.60759,25.17274],[89.6076,25.17346],[89.6078,25.17346],[89.60779,25.17291],[89.60838,25.1729],[89.60839,25.17345],[89.60859,25.17344],[89.6086,25.1738],[89.609,25.17398],[89.60901,25.17434],[89.60881,25.17434],[89.60883,25.17506],[89.60902,25.17506],[89.60903,25.17542],[89.60943,25.17559],[89.60944,25.17577],[89.60963,25.17577],[89.60945,25.1765],[89.60925,25.1765],[89.60926,25.17686],[89.60966,25.17703],[89.60967,25.17757],[89.60928,25.17776],[89.60928,25.17794],[89.60909,25.17795],[89.60909,25.17813],[89.60869,25.17795],[89.60867,25.17705],[89.60827,25.17706],[89.60829,25.17778],[89.60849,25.17778],[89.60849,25.17814],[89.6083,25.17814],[89.60831,25.17868],[89.6091,25.17867],[89.60911,25.17921],[89.60931,25.17921],[89.60932,25.17957],[89.60971,25.17938]],[[89.60877,25.17254],[89.60897,25.17253],[89.60897,25.17271],[89.60878,25.17272],[89.60877,25.17254]]]}},{"type":"Feature","properties":{"kind":"land","ha":177.4},"geometry":{"type":"Polygon","coordinates":[[[89.69111,25.20066],[89.6911,25.20048],[89.69229,25.20028],[89.69228,25.2001],[89.69268,25.20009],[89.69268,25.19991],[89.69327,25.1999],[89.69327,25.19972],[89.69366,25.19971],[89.69366,25.19953],[89.69406,25.19953],[89.69405,25.19934],[89.69445,25.19934],[89.69464,25.19897],[89.69484,25.19897],[89.69483,25.19861],[89.69522,25.19842],[89.69521,25.19806],[89.69561,25.19787],[89.6956,25.19769],[89.6958,25.19769],[89.6958,25.19751],[89.69659,25.19731],[89.69678,25.19695],[89.69757,25.19675],[89.69756,25.19639],[89.69795,25.19621],[89.69795,25.19602],[89.69815,25.19602],[89.69814,25.19584],[89.69834,25.19584],[89.69833,25.19548],[89.69872,25.19529],[89.69872,25.19511],[89.69892,25.1951],[89.69891,25.19492],[89.69911,25.19492],[89.69911,25.19474],[89.69951,25.19473],[89.6997,25.19437],[89.70009,25.19436],[89.70028,25.194],[89.70088,25.19399],[89.70087,25.19344],[89.70067,25.19345],[89.70066,25.19309],[89.70105,25.1929],[89.70105,25.19272],[89.70125,25.19272],[89.70124,25.19235],[89.70144,25.19235],[89.70143,25.19217],[89.70163,25.19217],[89.70161,25.19108],[89.70181,25.19108],[89.7018,25.19072],[89.702,25.19072],[89.70199,25.19054],[89.70259,25.19053],[89.70261,25.19143],[89.703,25.19142],[89.70301,25.1916],[89.7036,25.19159],[89.7036,25.19141],[89.7038,25.19141],[89.70379,25.19104],[89.70399,25.19104],[89.70398,25.19086],[89.70378,25.19086],[89.70378,25.1905],[89.70397,25.1905],[89.70397,25.19014],[89.70416,25.19014],[89.70416,25.18977],[89.70455,25.18959],[89.70455,25.18941],[89.70474,25.1894],[89.70474,25.18922],[89.70494,25.18922],[89.70493,25.18904],[89.70513,25.18903],[89.70513,25.18885],[89.70612,25.18884],[89.70612,25.18866],[89.70592,25.18866],[89.70591,25.1883],[89.7063,25.18811],[89.70629,25.18775],[89.7055,25.18795],[89.7055,25.18776],[89.7053,25.18777],[89.70528,25.18669],[89.70448,25.18634],[89.70447,25.18598],[89.70467,25.18598],[89.70466,25.18579],[89.70447,25.1858],[89.70446,25.18544],[89.70426,25.18544],[89.70425,25.1849],[89.70445,25.1849],[89.70444,25.18472],[89.70504,25.1847],[89.70524,25.18506],[89.70584,25.18505],[89.70583,25.18451],[89.70622,25.1845],[89.70622,25.18432],[89.70642,25.18432],[89.70642,25.18468],[89.70662,25.18468],[89.70663,25.18486],[89.70702,25.18485],[89.70723,25.18521],[89.70743,25.1852],[89.70743,25.18538],[89.70763,25.18538],[89.70764,25.18574],[89.70725,25.18593],[89.70725,25.18611],[89.70705,25.18611],[89.70706,25.18665],[89.70667,25.18684],[89.70668,25.1872],[89.70707,25.18701],[89.70707,25.18683],[89.70727,25.18683],[89.70726,25.18665],[89.70746,25.18665],[89.70746,25.18647],[89.70765,25.18646],[89.70765,25.18628],[89.70785,25.18628],[89.70784,25.1861],[89.70804,25.18609],[89.70802,25.18519],[89.70961,25.18516],[89.70961,25.18534],[89.71001,25.18534],[89.70978,25.1839],[89.70998,25.18389],[89.70997,25.18371],[89.71037,25.1837],[89.71036,25.18316],[89.71056,25.18316],[89.71052,25.18172],[89.71072,25.18171],[89.71069,25.18045],[89.71089,25.18045],[89.71087,25.17936],[89.71107,25.17936],[89.71102,25.17738],[89.71082,25.17738],[89.71081,25.17684],[89.71061,25.17684],[89.71061,25.17666],[89.70962,25.17668],[89.70962,25.1765],[89.70902,25.17651],[89.70883,25.17687],[89.70863,25.17688],[89.70864,25.17706],[89.70824,25.17689],[89.70824,25.17707],[89.70784,25.17707],[89.70785,25.17725],[89.70765,25.17726],[89.70766,25.1778],[89.70865,25.17778],[89.70867,25.17868],[89.70847,25.17869],[89.70848,25.17905],[89.70828,25.17905],[89.70829,25.17941],[89.7079,25.1796],[89.70769,25.17924],[89.70749,25.17925],[89.70749,25.17906],[89.70769,25.17906],[89.70768,25.17852],[89.70748,25.17852],[89.70747,25.17834],[89.70708,25.17835],[89.70689,25.17871],[89.70669,25.17872],[89.70669,25.17854],[89.70629,25.17855],[89.70611,25.17927],[89.70591,25.17927],[89.70592,25.17964],[89.70611,25.17963],[89.70612,25.17981],[89.70651,25.1798],[89.70672,25.18016],[89.70692,25.18016],[89.70692,25.18034],[89.70712,25.18034],[89.70713,25.18052],[89.70732,25.18051],[89.70734,25.18105],[89.70694,25.18106],[89.70693,25.1807],[89.70673,25.1807],[89.70675,25.18124],[89.70635,25.18125],[89.70635,25.18143],[89.70615,25.18144],[89.70615,25.18126],[89.70575,25.18126],[89.70555,25.18091],[89.70535,25.18091],[89.70536,25.18127],[89.70496,25.18146],[89.70497,25.18164],[89.70477,25.18164],[89.70478,25.18218],[89.70399,25.1822],[89.704,25.18274],[89.7042,25.18273],[89.70421,25.1831],[89.70441,25.18309],[89.70442,25.18381],[89.70403,25.184],[89.70404,25.18454],[89.70364,25.18455],[89.70365,25.18473],[89.70325,25.18474],[89.70326,25.18492],[89.70306,25.18492],[89.70308,25.18582],[89.70288,25.18583],[89.70289,25.18619],[89.70249,25.18638],[89.7025,25.18656],[89.7023,25.18656],[89.7023,25.18674],[89.70211,25.18674],[89.70211,25.1871],[89.70172,25.18729],[89.70173,25.18747],[89.70153,25.18748],[89.70154,25.18784],[89.70114,25.18784],[89.70095,25.18821],[89.70075,25.18821],[89.70075,25.18839],[89.70056,25.1884],[89.70056,25.18858],[89.70036,25.18858],[89.70037,25.18876],[89.70017,25.18876],[89.70018,25.18913],[89.69978,25.18931],[89.69979,25.18949],[89.69959,25.1895],[89.69959,25.18968],[89.69939,25.18968],[89.6994,25.18986],[89.69821,25.18988],[89.69802,25.19025],[89.69782,25.19025],[89.69803,25.19061],[89.69822,25.19061],[89.69823,25.19079],[89.69803,25.19079],[89.69804,25.19115],[89.69764,25.19098],[89.69763,25.1908],[89.69704,25.19081],[89.69707,25.19225],[89.69687,25.19225],[89.69688,25.19243],[89.69628,25.19245],[89.69609,25.19281],[89.69589,25.19281],[89.6959,25.19299],[89.6957,25.193],[89.69571,25.19336],[89.69551,25.19336],[89.69551,25.19354],[89.69512,25.19355],[89.69492,25.19391],[89.69473,25.19392],[89.69473,25.1941],[89.69354,25.1943],[89.69355,25.19448],[89.69315,25.19449],[89.69316,25.19467],[89.69276,25.19468],[89.69276,25.19486],[89.69237,25.19486],[89.69237,25.19504],[89.69178,25.19505],[89.69177,25.19487],[89.69197,25.19487],[89.69195,25.19415],[89.69215,25.19415],[89.69214,25.19342],[89.69234,25.19342],[89.69233,25.19324],[89.69213,25.19324],[89.69211,25.19198],[89.69191,25.19198],[89.6919,25.19162],[89.6917,25.19163],[89.69163,25.18856],[89.69183,25.18856],[89.6918,25.18693],[89.6916,25.18694],[89.69153,25.18369],[89.69172,25.18368],[89.69172,25.1835],[89.69152,25.18351],[89.69151,25.18315],[89.69171,25.18314],[89.6917,25.1826],[89.6915,25.18261],[89.69148,25.1817],[89.69128,25.18171],[89.69128,25.18135],[89.69088,25.18135],[89.69086,25.18063],[89.69126,25.18044],[89.69125,25.18026],[89.69086,25.18027],[89.69078,25.17702],[89.69059,25.17703],[89.69058,25.17685],[89.69019,25.17685],[89.69017,25.17631],[89.69077,25.1763],[89.69078,25.17666],[89.69117,25.17666],[89.69117,25.17629],[89.69156,25.17611],[89.69155,25.17593],[89.69195,25.17592],[89.69213,25.17519],[89.69233,25.17519],[89.69231,25.17429],[89.69251,25.17428],[89.69251,25.1741],[89.69211,25.17411],[89.69212,25.17447],[89.69172,25.17466],[89.69173,25.17484],[89.69153,25.17484],[89.69153,25.17466],[89.69113,25.17467],[89.69112,25.17413],[89.69072,25.17396],[89.6907,25.17305],[89.6905,25.17306],[89.69043,25.16981],[89.69063,25.16981],[89.69061,25.16927],[89.69042,25.16927],[89.69041,25.16909],[89.69021,25.16909],[89.69022,25.16945],[89.69002,25.16946],[89.6901,25.17307],[89.6899,25.17307],[89.68992,25.17379],[89.68972,25.17379],[89.68973,25.17415],[89.68953,25.17416],[89.68956,25.17524],[89.68936,25.17524],[89.68936,25.17561],[89.68917,25.17561],[89.68917,25.17579],[89.68897,25.17579],[89.68898,25.17633],[89.68938,25.17633],[89.68938,25.17651],[89.68958,25.1765],[89.68959,25.17686],[89.68979,25.17686],[89.68981,25.17776],[89.68941,25.17777],[89.68923,25.1785],[89.68963,25.17849],[89.68963,25.17867],[89.69023,25.17866],[89.69022,25.17848],[89.69042,25.17847],[89.69042,25.17865],[89.69062,25.17865],[89.69064,25.17937],[89.69044,25.17938],[89.69047,25.18064],[89.69007,25.18083],[89.69008,25.18101],[89.68988,25.18101],[89.69009,25.18173],[89.6899,25.18173],[89.68996,25.18444],[89.68976,25.18444],[89.68978,25.18552],[89.68958,25.18553],[89.68961,25.18697],[89.68942,25.18698],[89.6895,25.19058],[89.6899,25.19076],[89.6899,25.19112],[89.68951,25.19112],[89.68954,25.19239],[89.68973,25.19238],[89.68974,25.19275],[89.68994,25.19274],[89.68994,25.19256],[89.69033,25.19255],[89.69034,25.19291],[89.69074,25.19309],[89.69075,25.19345],[89.69095,25.19345],[89.69096,25.19417],[89.69057,25.19417],[89.69038,25.19454],[89.69018,25.19454],[89.69018,25.19472],[89.68998,25.19473],[89.68999,25.19491],[89.68979,25.19491],[89.68979,25.19509],[89.6894,25.1951],[89.6894,25.19546],[89.6898,25.19545],[89.6898,25.19563],[89.68941,25.19564],[89.68942,25.19618],[89.68922,25.19618],[89.68926,25.19781],[89.68906,25.19781],[89.68907,25.19817],[89.68867,25.19836],[89.68868,25.19854],[89.68848,25.19854],[89.6885,25.19927],[89.6883,25.19927],[89.6883,25.19945],[89.68751,25.19946],[89.68751,25.19964],[89.68731,25.19965],[89.68732,25.19983],[89.68811,25.19981],[89.68811,25.19963],[89.6895,25.19961],[89.6897,25.19997],[89.6899,25.19996],[89.68992,25.20068],[89.69111,25.20066]],[[89.68971,25.19148],[89.69011,25.19147],[89.69012,25.19184],[89.68972,25.19184],[89.68971,25.19148]],[[89.68998,25.18534],[89.69017,25.18534],[89.69018,25.1857],[89.68979,25.18571],[89.68998,25.18534]],[[89.7082,25.18447],[89.70801,25.18447],[89.708,25.18411],[89.7082,25.18411],[89.70819,25.18393],[89.70859,25.18392],[89.70858,25.18338],[89.70897,25.18337],[89.70898,25.18355],[89.70918,25.18355],[89.70918,25.18391],[89.70879,25.18409],[89.7088,25.18446],[89.7084,25.18446],[89.70841,25.18464],[89.70821,25.18465],[89.7082,25.18447]],[[89.70658,25.18269],[89.70678,25.18269],[89.70678,25.18287],[89.70698,25.18286],[89.70699,25.18341],[89.70659,25.18341],[89.70658,25.18269]],[[89.69032,25.18317],[89.69052,25.18316],[89.69053,25.18353],[89.69033,25.18353],[89.69032,25.18317]],[[89.68974,25.17452],[89.68994,25.17451],[89.68994,25.17487],[89.68975,25.17488],[89.68974,25.17452]],[[89.68992,25.17397],[89.69012,25.17397],[89.69013,25.17415],[89.68993,25.17415],[89.68992,25.17397]]]}},{"type":"Feature","properties":{"kind":"land","ha":6.6},"geometry":{"type":"Polygon","coordinates":[[[89.64404,25.17101],[89.64423,25.17064],[89.64443,25.17064],[89.64443,25.17046],[89.64463,25.17046],[89.64462,25.17009],[89.64502,25.17009],[89.64501,25.16973],[89.64422,25.16992],[89.6442,25.1692],[89.64341,25.16921],[89.64341,25.16903],[89.64222,25.16905],[89.64203,25.16942],[89.64163,25.16943],[89.64163,25.16961],[89.64123,25.16943],[89.64104,25.1698],[89.64045,25.16981],[89.64045,25.16999],[89.64006,25.17],[89.64006,25.17018],[89.63986,25.17018],[89.63986,25.17036],[89.64026,25.17035],[89.64027,25.17053],[89.64046,25.17053],[89.64047,25.17071],[89.64126,25.1707],[89.64126,25.17052],[89.64264,25.17049],[89.64265,25.17085],[89.64285,25.17085],[89.64285,25.17103],[89.64404,25.17101]]]}},{"type":"Feature","properties":{"kind":"land","ha":26.0},"geometry":{"type":"Polygon","coordinates":[[[89.69389,25.17372],[89.69388,25.17336],[89.69408,25.17335],[89.69407,25.17317],[89.69447,25.17317],[89.69446,25.17299],[89.69605,25.17296],[89.69605,25.17314],[89.69645,25.17313],[89.69645,25.17295],[89.69744,25.17293],[89.69743,25.17275],[89.69823,25.17274],[89.69822,25.17256],[89.69842,25.17255],[89.69821,25.17183],[89.69781,25.17166],[89.6978,25.17148],[89.69741,25.17149],[89.6972,25.17113],[89.6968,25.17114],[89.6968,25.17078],[89.6966,25.17078],[89.69679,25.17042],[89.69718,25.17041],[89.69717,25.16987],[89.69697,25.16987],[89.69697,25.16951],[89.69657,25.16934],[89.69656,25.16916],[89.69636,25.16916],[89.69636,25.16898],[89.69675,25.16879],[89.69676,25.16897],[89.69715,25.16897],[89.69734,25.1686],[89.69754,25.1686],[89.69754,25.16842],[89.69734,25.16842],[89.69733,25.16806],[89.69693,25.16789],[89.69693,25.16771],[89.69653,25.16771],[89.69652,25.16717],[89.69612,25.16718],[89.69612,25.167],[89.69552,25.16701],[89.69552,25.16683],[89.69532,25.16683],[89.69549,25.16575],[89.6951,25.16593],[89.69511,25.16612],[89.69491,25.16612],[89.69492,25.16648],[89.69472,25.16648],[89.69472,25.16666],[89.69353,25.16669],[89.69353,25.16651],[89.69293,25.16652],[89.69293,25.16634],[89.69273,25.16634],[89.69274,25.16688],[89.69235,25.16707],[89.69236,25.16743],[89.69216,25.16743],[89.69237,25.16779],[89.69256,25.16779],[89.69258,25.16851],[89.69238,25.16851],[89.69239,25.16869],[89.69199,25.16852],[89.69198,25.16834],[89.69178,25.16834],[89.69178,25.16816],[89.69158,25.16816],[89.69157,25.16762],[89.69197,25.16762],[89.69196,25.16744],[89.69176,25.16744],[89.69176,25.16726],[89.69136,25.16727],[89.69137,25.16745],[89.69117,25.16745],[89.69118,25.16799],[89.69138,25.16799],[89.6914,25.16889],[89.6912,25.16889],[89.69121,25.16925],[89.6918,25.16924],[89.69182,25.16997],[89.69202,25.16996],[89.69203,25.17032],[89.69242,25.17032],[89.69261,25.16995],[89.69301,25.16994],[89.69322,25.1703],[89.69341,25.1703],[89.69342,25.17048],[89.69362,25.17047],[89.69362,25.17065],[89.69382,25.17065],[89.69381,25.17029],[89.6944,25.17028],[89.69441,25.17046],[89.69481,25.17045],[89.69501,25.17081],[89.69521,25.17081],[89.69522,25.17135],[89.69641,25.17115],[89.69641,25.17133],[89.69661,25.17132],[89.69662,25.17186],[89.69682,25.17186],[89.69682,25.17204],[89.69663,25.17204],[89.69663,25.17222],[89.69623,25.17223],[89.69622,25.17187],[89.69603,25.17187],[89.69602,25.17169],[89.69543,25.1717],[89.69543,25.17189],[89.69464,25.1719],[89.69464,25.17208],[89.69425,25.17209],[89.69406,25.17245],[89.69386,25.17246],[89.69387,25.173],[89.69367,25.173],[89.69369,25.17372],[89.69389,25.17372]],[[89.69538,25.16954],[89.69498,25.16955],[89.69478,25.16919],[89.69458,25.16919],[89.69457,25.16883],[89.69496,25.16864],[89.69496,25.16846],[89.69516,25.16846],[89.69515,25.16828],[89.69555,25.16827],[89.69555,25.16845],[89.69575,25.16845],[89.69576,25.16881],[89.69596,25.16881],[89.69597,25.16953],[89.69578,25.16953],[89.69578,25.16971],[89.69538,25.16972],[89.69538,25.16954]],[[89.69494,25.16756],[89.69474,25.16757],[89.69474,25.16739],[89.69454,25.16739],[89.69454,25.16721],[89.69572,25.16719],[89.69554,25.16791],[89.69515,25.16792],[89.69494,25.16756]],[[89.69294,25.16688],[89.69314,25.16687],[89.69314,25.16705],[89.69295,25.16706],[89.69294,25.16688]]]}},{"type":"Feature","properties":{"kind":"land","ha":13.8},"geometry":{"type":"Polygon","coordinates":[[[89.72591,25.1688],[89.7259,25.16862],[89.7263,25.16861],[89.72629,25.16843],[89.72689,25.16842],[89.72688,25.16806],[89.72668,25.16806],[89.72668,25.16788],[89.72688,25.16788],[89.72687,25.16752],[89.72727,25.16751],[89.72725,25.16679],[89.72745,25.16679],[89.72744,25.16661],[89.72823,25.16641],[89.72824,25.16659],[89.72863,25.16658],[89.72882,25.16622],[89.72922,25.16621],[89.72941,25.16585],[89.72961,25.16584],[89.7296,25.16566],[89.7298,25.16566],[89.7298,25.16548],[89.73,25.16548],[89.72999,25.1653],[89.73019,25.16529],[89.73018,25.16493],[89.73058,25.16492],[89.73058,25.16474],[89.73077,25.16474],[89.73077,25.16456],[89.72958,25.16476],[89.72959,25.16494],[89.72899,25.16495],[89.729,25.16531],[89.72841,25.16532],[89.7282,25.16497],[89.72761,25.16498],[89.72761,25.16516],[89.72721,25.16517],[89.72702,25.16553],[89.72682,25.16553],[89.72683,25.16571],[89.72663,25.16572],[89.72663,25.16554],[89.72583,25.16555],[89.72583,25.16537],[89.72504,25.16539],[89.72504,25.16557],[89.72464,25.16557],[89.72465,25.16575],[89.72425,25.16576],[89.72426,25.16594],[89.72346,25.16596],[89.72347,25.16614],[89.72307,25.16614],[89.72308,25.16651],[89.72288,25.16651],[89.72289,25.16705],[89.7225,25.16724],[89.72251,25.1676],[89.72231,25.1676],[89.72231,25.16778],[89.7233,25.16776],[89.7233,25.16758],[89.7237,25.16758],[89.72369,25.1674],[89.72409,25.16739],[89.72409,25.16721],[89.72448,25.1672],[89.72469,25.16756],[89.72508,25.16755],[89.72528,25.16719],[89.72587,25.16718],[89.72587,25.16736],[89.72627,25.16735],[89.72628,25.16789],[89.72589,25.16808],[89.72589,25.16826],[89.7257,25.16826],[89.72571,25.1688],[89.72591,25.1688]]]}},{"type":"Feature","properties":{"kind":"land","ha":3.4},"geometry":{"type":"Polygon","coordinates":[[[89.60852,25.17019],[89.6085,25.16929],[89.6081,25.16912],[89.6081,25.16894],[89.6079,25.16894],[89.60789,25.16822],[89.60828,25.16821],[89.60828,25.16785],[89.60847,25.16785],[89.60845,25.16695],[89.60826,25.16695],[89.60825,25.16677],[89.60766,25.16678],[89.60767,25.16714],[89.60727,25.16733],[89.60728,25.16769],[89.60689,25.16788],[89.60689,25.16806],[89.60669,25.16806],[89.6067,25.16842],[89.6069,25.16842],[89.6069,25.1686],[89.6075,25.16859],[89.6075,25.16877],[89.6077,25.16876],[89.60771,25.16913],[89.60751,25.16913],[89.60752,25.16949],[89.60732,25.16949],[89.60732,25.16967],[89.60812,25.16984],[89.60833,25.1702],[89.60852,25.17019]]]}},{"type":"Feature","properties":{"kind":"land","ha":4.3},"geometry":{"type":"Polygon","coordinates":[[[89.65472,25.16955],[89.65491,25.16919],[89.65511,25.16919],[89.65511,25.16937],[89.65571,25.16935],[89.65571,25.16917],[89.65531,25.169],[89.6553,25.16882],[89.65491,25.16883],[89.6547,25.16847],[89.6545,25.16847],[89.65432,25.1692],[89.65392,25.16921],[89.65371,25.16849],[89.65351,25.16849],[89.6535,25.16813],[89.6533,25.16813],[89.65329,25.16759],[89.65289,25.16742],[89.65289,25.16724],[89.65229,25.16725],[89.65248,25.16689],[89.65268,25.16688],[89.65267,25.16616],[89.65247,25.16616],[89.65246,25.16562],[89.65206,25.16545],[89.65205,25.16527],[89.65185,25.16527],[89.65185,25.16509],[89.65145,25.1651],[89.65146,25.16528],[89.65165,25.16528],[89.65167,25.166],[89.65187,25.16599],[89.65188,25.16654],[89.65208,25.16653],[89.65211,25.16779],[89.6523,25.16779],[89.65231,25.16815],[89.65251,25.16815],[89.65252,25.16851],[89.65291,25.1685],[89.65312,25.16886],[89.65332,25.16886],[89.65332,25.16904],[89.65352,25.16903],[89.65353,25.16921],[89.65372,25.16921],[89.65373,25.16939],[89.65432,25.16938],[89.65433,25.16956],[89.65472,25.16955]]]}},{"type":"Feature","properties":{"kind":"land","ha":13.0},"geometry":{"type":"Polygon","coordinates":[[[89.66366,25.17011],[89.66365,25.16975],[89.66345,25.16976],[89.66344,25.16922],[89.66364,25.16921],[89.66364,25.16903],[89.66403,25.16902],[89.66422,25.16866],[89.66442,25.16866],[89.66441,25.1683],[89.66461,25.16829],[89.66461,25.16811],[89.66401,25.16812],[89.66401,25.16794],[89.66361,25.16795],[89.66362,25.16831],[89.66323,25.1685],[89.66323,25.16868],[89.66303,25.16868],[89.66304,25.16886],[89.66264,25.16887],[89.66264,25.16869],[89.66204,25.1687],[89.66205,25.16906],[89.66165,25.16907],[89.66145,25.16871],[89.66165,25.16871],[89.66164,25.16853],[89.66084,25.16836],[89.66084,25.16818],[89.65985,25.1682],[89.65985,25.16802],[89.65945,25.16802],[89.65924,25.16767],[89.65904,25.16767],[89.65904,25.16749],[89.66003,25.16747],[89.66004,25.16765],[89.66123,25.16763],[89.66122,25.16745],[89.66083,25.16746],[89.66082,25.16728],[89.65963,25.1673],[89.65963,25.16712],[89.65903,25.16713],[89.65903,25.16695],[89.65863,25.16696],[89.65863,25.16678],[89.65883,25.16677],[89.65882,25.16641],[89.65862,25.16641],[89.65861,25.16587],[89.65742,25.16589],[89.65742,25.16608],[89.65723,25.16608],[89.65722,25.1659],[89.65682,25.16591],[89.65662,25.16555],[89.65642,25.16555],[89.65642,25.16537],[89.65622,25.16537],[89.65621,25.16501],[89.65581,25.16502],[89.65582,25.1652],[89.65602,25.1652],[89.65603,25.16592],[89.65623,25.16592],[89.65623,25.1661],[89.65584,25.16628],[89.65585,25.16646],[89.65565,25.16647],[89.65565,25.16665],[89.65525,25.16666],[89.65525,25.16648],[89.65466,25.16649],[89.65466,25.16685],[89.65486,25.16684],[89.65487,25.16702],[89.65566,25.16701],[89.65567,25.16737],[89.65686,25.16735],[89.65685,25.16699],[89.65724,25.1668],[89.65724,25.16662],[89.65783,25.16661],[89.65785,25.16751],[89.65805,25.16751],[89.65805,25.16769],[89.65786,25.16769],[89.65788,25.16877],[89.65768,25.16878],[89.6577,25.1695],[89.6581,25.16967],[89.6581,25.17003],[89.6583,25.17003],[89.65829,25.16931],[89.65809,25.16931],[89.65808,25.16895],[89.65868,25.16894],[89.65866,25.1684],[89.65906,25.16839],[89.65907,25.16875],[89.65927,25.16875],[89.65927,25.16893],[89.65967,25.16892],[89.65986,25.16856],[89.66065,25.16854],[89.66065,25.16872],[89.66105,25.16872],[89.66105,25.1689],[89.66125,25.16889],[89.66126,25.16926],[89.66106,25.16926],[89.66107,25.16944],[89.66226,25.1696],[89.66226,25.16978],[89.66306,25.16976],[89.66306,25.16994],[89.66346,25.16994],[89.66346,25.17012],[89.66366,25.17011]]]}},{"type":"Feature","properties":{"kind":"land","ha":6.2},"geometry":{"type":"Polygon","coordinates":[[[89.64924,25.16388],[89.64964,25.16387],[89.64965,25.16405],[89.65004,25.16386],[89.65004,25.16404],[89.65044,25.16403],[89.65044,25.16421],[89.65084,25.16421],[89.65084,25.16439],[89.65104,25.16438],[89.65105,25.16475],[89.65144,25.16474],[89.65144,25.16456],[89.65124,25.16456],[89.65122,25.16348],[89.65102,25.16348],[89.65101,25.16276],[89.6512,25.16276],[89.65119,25.16222],[89.65099,25.16222],[89.65099,25.16186],[89.65059,25.16169],[89.65058,25.16132],[89.65038,25.16133],[89.65038,25.16115],[89.65018,25.16115],[89.65018,25.16133],[89.64978,25.16134],[89.64978,25.16116],[89.64919,25.16117],[89.64918,25.16099],[89.64879,25.161],[89.6488,25.16154],[89.6486,25.16154],[89.64861,25.1619],[89.64901,25.16207],[89.64901,25.16226],[89.64921,25.16225],[89.64923,25.16297],[89.64883,25.16316],[89.64886,25.16424],[89.64905,25.16424],[89.64904,25.1637],[89.64924,25.16369],[89.64924,25.16388]],[[89.64924,25.16351],[89.64944,25.16351],[89.64944,25.16369],[89.64924,25.16369],[89.64924,25.16351]],[[89.65001,25.16278],[89.64982,25.16278],[89.6498,25.16206],[89.6504,25.16205],[89.6504,25.16223],[89.6506,25.16223],[89.65061,25.16259],[89.65021,25.16278],[89.65022,25.16296],[89.65002,25.16296],[89.65001,25.16278]]]}},{"type":"Feature","properties":{"kind":"land","ha":4.2},"geometry":{"type":"Polygon","coordinates":[[[89.73513,25.16466],[89.73531,25.16357],[89.73551,25.16357],[89.73548,25.16249],[89.73568,25.16248],[89.73567,25.16176],[89.73586,25.16176],[89.73585,25.16122],[89.73605,25.16121],[89.73604,25.16085],[89.73644,25.16084],[89.73663,25.16048],[89.73683,25.16048],[89.73682,25.1603],[89.73583,25.16031],[89.73582,25.15995],[89.73562,25.15996],[89.73561,25.15942],[89.73581,25.15941],[89.7358,25.15905],[89.73541,25.15906],[89.73542,25.1596],[89.73522,25.1596],[89.73526,25.16141],[89.73506,25.16141],[89.73508,25.16231],[89.73488,25.16232],[89.7349,25.16322],[89.73471,25.16322],[89.73474,25.16485],[89.73513,25.16466]]]}},{"type":"Feature","properties":{"kind":"land","ha":6.7},"geometry":{"type":"Polygon","coordinates":[[[89.72794,25.16226],[89.72794,25.16208],[89.72833,25.16208],[89.72833,25.1619],[89.72853,25.16189],[89.72851,25.16099],[89.72871,25.16099],[89.7287,25.16081],[89.7291,25.16098],[89.72911,25.16134],[89.72951,25.16133],[89.7297,25.16097],[89.7299,25.16097],[89.72989,25.16078],[89.73029,25.16078],[89.73028,25.16024],[89.73047,25.16023],[89.73047,25.15987],[89.73067,25.15987],[89.73064,25.15879],[89.73044,25.15879],[89.73044,25.15861],[89.73122,25.15823],[89.73122,25.15787],[89.73022,25.15789],[89.73003,25.15826],[89.72984,25.15826],[89.72984,25.15844],[89.72964,25.15844],[89.72965,25.15862],[89.72945,25.15863],[89.72945,25.15881],[89.72925,25.15881],[89.72926,25.15899],[89.72906,25.159],[89.72906,25.15918],[89.72886,25.15918],[89.72868,25.1599],[89.72848,25.15991],[89.7285,25.16045],[89.7283,25.16045],[89.72831,25.16081],[89.72791,25.161],[89.72773,25.16173],[89.72753,25.16173],[89.72755,25.16227],[89.72794,25.16226]]]}},{"type":"Feature","properties":{"kind":"land","ha":6.1},"geometry":{"type":"Polygon","coordinates":[[[89.67677,25.16176],[89.67676,25.16158],[89.67696,25.16157],[89.67694,25.16085],[89.67675,25.16085],[89.67673,25.16013],[89.67653,25.16014],[89.67652,25.15959],[89.67612,25.15942],[89.67612,25.15924],[89.67592,25.15924],[89.67591,25.15906],[89.67571,25.15907],[89.67571,25.15889],[89.67551,25.15889],[89.67551,25.15871],[89.67531,25.15871],[89.67531,25.15853],[89.67511,25.15854],[89.67511,25.15872],[89.67432,25.15873],[89.67435,25.16036],[89.67455,25.16035],[89.67456,25.16053],[89.67495,25.16052],[89.67496,25.16071],[89.67516,25.1607],[89.67517,25.16124],[89.67557,25.16142],[89.67557,25.1616],[89.67597,25.16159],[89.67597,25.16177],[89.67637,25.16176],[89.67637,25.16194],[89.67677,25.16176]]]}},{"type":"Feature","properties":{"kind":"land","ha":3.6},"geometry":{"type":"Polygon","coordinates":[[[89.7243,25.1589],[89.72429,25.15872],[89.72528,25.1587],[89.72547,25.15834],[89.72587,25.15833],[89.72586,25.15779],[89.72546,25.1578],[89.72527,25.15816],[89.72468,25.15817],[89.72467,25.15763],[89.72447,25.15764],[89.72446,25.15728],[89.72426,25.15728],[89.72426,25.1571],[89.72446,25.15709],[89.72445,25.15673],[89.72425,25.15674],[89.72424,25.15638],[89.72404,25.15638],[89.72404,25.1562],[89.72325,25.15621],[89.72325,25.15658],[89.72306,25.15658],[89.72306,25.15676],[89.72326,25.15676],[89.72327,25.15712],[89.72386,25.15711],[89.72387,25.15747],[89.72348,25.15765],[89.7235,25.15856],[89.7239,25.15873],[89.7239,25.15891],[89.7243,25.1589]]]}},{"type":"Feature","properties":{"kind":"land","ha":4.5},"geometry":{"type":"Polygon","coordinates":[[[89.64463,25.16125],[89.64462,25.16107],[89.64502,25.16106],[89.64498,25.15908],[89.64458,25.15891],[89.64457,25.15872],[89.64437,25.15873],[89.64437,25.15855],[89.64397,25.15855],[89.64377,25.1582],[89.64357,25.1582],[89.64357,25.15802],[89.64337,25.15802],[89.64336,25.15784],[89.64316,25.15785],[89.64316,25.15767],[89.64237,25.15768],[89.64236,25.1575],[89.64217,25.1575],[89.64217,25.15768],[89.64197,25.15769],[89.64198,25.15805],[89.64238,25.15822],[89.64239,25.15876],[89.64279,25.15876],[89.64279,25.15894],[89.64339,25.15893],[89.64339,25.15911],[89.64379,25.1591],[89.644,25.15982],[89.6442,25.15981],[89.64423,25.16108],[89.64442,25.16107],[89.64443,25.16125],[89.64463,25.16125]]]}},{"type":"Feature","properties":{"kind":"land","ha":3.0},"geometry":{"type":"Polygon","coordinates":[[[89.68234,25.16274],[89.68234,25.16256],[89.68253,25.16255],[89.68252,25.16201],[89.68272,25.16201],[89.6827,25.16111],[89.6829,25.1611],[89.68288,25.16002],[89.68327,25.15983],[89.68326,25.15947],[89.68306,25.15948],[89.68305,25.15893],[89.68285,25.15894],[89.68284,25.1584],[89.68304,25.15839],[89.68303,25.15803],[89.68283,25.15804],[89.6828,25.15659],[89.683,25.15659],[89.68299,25.15623],[89.6826,25.15642],[89.68267,25.15948],[89.68247,25.15949],[89.68245,25.15876],[89.68225,25.15877],[89.68228,25.15985],[89.68247,25.15985],[89.68251,25.16129],[89.68231,25.16129],[89.68232,25.16166],[89.68212,25.16166],[89.68213,25.16202],[89.68193,25.16202],[89.68194,25.16274],[89.68234,25.16274]]]}},{"type":"Feature","properties":{"kind":"land","ha":4.6},"geometry":{"type":"Polygon","coordinates":[[[89.68096,25.16312],[89.68094,25.1624],[89.68114,25.1624],[89.68113,25.16168],[89.68132,25.16167],[89.68108,25.15951],[89.68128,25.15951],[89.68127,25.15915],[89.68147,25.15914],[89.68143,25.15734],[89.68103,25.15717],[89.68104,25.15771],[89.68064,25.15771],[89.68062,25.15645],[89.68042,25.15646],[89.68039,25.15537],[89.68,25.15538],[89.67999,25.1552],[89.6798,25.1552],[89.67981,25.15592],[89.68001,25.15592],[89.68004,25.15718],[89.68023,25.15718],[89.68025,25.1579],[89.68045,25.1579],[89.68047,25.1588],[89.68067,25.1588],[89.68068,25.15952],[89.68088,25.15952],[89.6809,25.16042],[89.6807,25.16042],[89.68072,25.16114],[89.68092,25.16114],[89.68094,25.16204],[89.68074,25.16204],[89.68076,25.16313],[89.68096,25.16312]]]}},{"type":"Feature","properties":{"kind":"land","ha":3.8},"geometry":{"type":"Polygon","coordinates":[[[89.72999,25.15645],[89.72999,25.15627],[89.73019,25.15627],[89.73037,25.15554],[89.73076,25.15535],[89.73076,25.15517],[89.73096,25.15517],[89.73094,25.15445],[89.73074,25.15445],[89.73074,25.15427],[89.72955,25.15411],[89.72955,25.15429],[89.72935,25.1543],[89.72935,25.15412],[89.72915,25.15412],[89.72916,25.15466],[89.72896,25.15467],[89.72898,25.15539],[89.72918,25.15538],[89.72919,25.15592],[89.72899,25.15593],[89.729,25.15647],[89.72999,25.15645]]]}},{"type":"Feature","properties":{"kind":"land","ha":4.6},"geometry":{"type":"Polygon","coordinates":[[[89.64957,25.16062],[89.64956,25.16026],[89.64916,25.16009],[89.64915,25.15973],[89.64896,25.15973],[89.64895,25.15955],[89.64856,25.15956],[89.64835,25.1592],[89.64815,25.1592],[89.64815,25.15902],[89.64795,25.15903],[89.64795,25.15884],[89.64775,25.15885],[89.64774,25.15867],[89.64735,25.15868],[89.64734,25.15849],[89.64715,25.1585],[89.64714,25.15832],[89.64674,25.15832],[89.64654,25.15797],[89.64634,25.15797],[89.64634,25.15779],[89.64614,25.15779],[89.64613,25.15725],[89.64533,25.15709],[89.64533,25.15691],[89.64493,25.15691],[89.64493,25.15673],[89.64433,25.15674],[89.64433,25.15656],[89.64393,25.15657],[89.64372,25.15621],[89.64333,25.15622],[89.64312,25.15586],[89.64292,25.15587],[89.64292,25.15569],[89.64272,25.15569],[89.64272,25.15551],[89.64252,25.15551],[89.64253,25.15605],[89.64293,25.15623],[89.64294,25.15641],[89.64373,25.15657],[89.64394,25.15693],[89.64474,25.1571],[89.64474,25.15728],[89.64514,25.15727],[89.64534,25.15763],[89.64554,25.15762],[89.64554,25.1578],[89.64574,25.1578],[89.64575,25.15816],[89.64615,25.15816],[89.64635,25.15851],[89.64655,25.15851],[89.64655,25.15869],[89.64675,25.15869],[89.64676,25.15887],[89.64695,25.15886],[89.64696,25.15904],[89.64716,25.15904],[89.64716,25.15922],[89.64736,25.15922],[89.64737,25.15976],[89.64757,25.15975],[89.64757,25.15993],[89.64856,25.15992],[89.64877,25.16027],[89.64917,25.16027],[89.64917,25.16045],[89.64937,25.16044],[89.64937,25.16062],[89.64957,25.16062]]]}},{"type":"Feature","properties":{"kind":"land","ha":3.3},"geometry":{"type":"Polygon","coordinates":[[[89.60503,25.15491],[89.60522,25.15491],[89.60522,25.15473],[89.60482,25.15474],[89.60463,25.1551],[89.60424,25.15511],[89.60424,25.15529],[89.60404,25.15529],[89.60406,25.15601],[89.60386,25.15602],[89.60387,25.15656],[89.60407,25.15656],[89.60406,25.15619],[89.60426,25.15619],[89.60425,25.15583],[89.60524,25.15581],[89.60525,25.15599],[89.60564,25.15599],[89.60565,25.15635],[89.60605,25.15634],[89.60604,25.15598],[89.60643,25.15579],[89.60642,25.15525],[89.60662,25.15525],[89.60661,25.15489],[89.60681,25.15488],[89.60681,25.1547],[89.6074,25.15469],[89.6074,25.15451],[89.6076,25.15451],[89.60759,25.15415],[89.60719,25.15415],[89.60719,25.15397],[89.60659,25.15398],[89.6066,25.15416],[89.6064,25.15417],[89.60641,25.15489],[89.60622,25.15489],[89.60622,25.15525],[89.60483,25.15528],[89.60503,25.15491]],[[89.60484,25.15546],[89.60464,25.15546],[89.60464,25.15528],[89.60483,25.15528],[89.60484,25.15546]]]}},{"type":"Feature","properties":{"kind":"land","ha":5.0},"geometry":{"type":"Polygon","coordinates":[[[89.72401,25.15494],[89.72401,25.15476],[89.72421,25.15475],[89.72419,25.15421],[89.724,25.15422],[89.72399,25.15385],[89.72419,25.15385],[89.72418,25.15367],[89.72458,25.15366],[89.72457,25.1533],[89.72437,25.15331],[89.72436,25.15277],[89.72416,25.15277],[89.72415,25.15205],[89.72434,25.15204],[89.72434,25.15168],[89.72453,25.15168],[89.72453,25.1515],[89.72413,25.15133],[89.72413,25.15114],[89.72393,25.15115],[89.72371,25.15043],[89.72312,25.15044],[89.72313,25.15098],[89.72333,25.15098],[89.72334,25.15134],[89.72314,25.15134],[89.72315,25.15188],[89.72335,25.15188],[89.72336,25.15242],[89.72316,25.15243],[89.72319,25.15351],[89.72299,25.15351],[89.723,25.15387],[89.72319,25.15387],[89.72322,25.15495],[89.72401,25.15494]]]}},{"type":"Feature","properties":{"kind":"land","ha":3.7},"geometry":{"type":"Polygon","coordinates":[[[89.67082,25.15302],[89.67101,25.15229],[89.67081,25.1523],[89.6708,25.15194],[89.6712,25.15193],[89.6714,25.15229],[89.6716,25.15228],[89.6716,25.15246],[89.6722,25.15245],[89.6722,25.15227],[89.6718,25.1521],[89.67179,25.15174],[89.67139,25.15156],[89.67138,25.15138],[89.67118,25.15139],[89.67118,25.15121],[89.67098,25.15121],[89.67098,25.15103],[89.67078,25.15103],[89.67078,25.15085],[89.67018,25.15086],[89.66999,25.15123],[89.66979,25.15123],[89.66981,25.15195],[89.66961,25.15196],[89.66962,25.15232],[89.66942,25.15232],[89.66944,25.15304],[89.67082,25.15302]]]}},{"type":"Feature","properties":{"kind":"land","ha":9.6},"geometry":{"type":"Polygon","coordinates":[[[89.72639,25.15471],[89.72658,25.15471],[89.7266,25.15525],[89.72679,25.15525],[89.72678,25.15471],[89.72718,25.1547],[89.72718,25.15488],[89.72738,25.15488],[89.72737,25.15451],[89.72777,25.15451],[89.72777,25.15433],[89.72876,25.15431],[89.72875,25.15413],[89.72895,25.15412],[89.72894,25.15358],[89.72874,25.15359],[89.72874,25.15341],[89.72893,25.1534],[89.72893,25.15304],[89.72873,25.15305],[89.72872,25.15287],[89.72793,25.15288],[89.72793,25.1527],[89.72773,25.1527],[89.72774,25.15324],[89.72754,25.15325],[89.72733,25.15253],[89.72693,25.15236],[89.72692,25.15218],[89.72673,25.15218],[89.72672,25.15182],[89.72652,25.15182],[89.72652,25.15164],[89.72632,25.15165],[89.72629,25.15056],[89.7261,25.15057],[89.72609,25.15021],[89.72589,25.15021],[89.72588,25.14985],[89.72568,25.14985],[89.72568,25.14967],[89.72588,25.14967],[89.72587,25.14931],[89.72567,25.14931],[89.72565,25.14859],[89.72546,25.14859],[89.72544,25.14769],[89.72524,25.1477],[89.72521,25.14643],[89.72462,25.14644],[89.72462,25.14662],[89.72442,25.14663],[89.72446,25.14825],[89.72485,25.14824],[89.72486,25.14842],[89.72506,25.14842],[89.72508,25.14968],[89.72528,25.14968],[89.72529,25.15004],[89.72549,25.15004],[89.7255,25.1504],[89.72569,25.15039],[89.72571,25.15094],[89.72591,25.15093],[89.72592,25.15165],[89.72612,25.15165],[89.72614,25.15255],[89.72634,25.15255],[89.72634,25.15273],[89.72614,25.15273],[89.72616,25.15363],[89.72636,25.15363],[89.72639,25.15471]],[[89.72636,25.15345],[89.72656,25.15345],[89.72656,25.15363],[89.72636,25.15363],[89.72636,25.15345]]]}},{"type":"Feature","properties":{"kind":"land","ha":3.9},"geometry":{"type":"Polygon","coordinates":[[[89.60614,25.15128],[89.60613,25.1511],[89.60653,25.1511],[89.60672,25.15073],[89.60692,25.15073],[89.6069,25.14965],[89.60729,25.14946],[89.60727,25.14874],[89.60708,25.14874],[89.60707,25.14856],[89.60668,25.14857],[89.60667,25.14821],[89.60627,25.14821],[89.60627,25.14803],[89.60587,25.14804],[89.60588,25.14858],[89.60608,25.14858],[89.6061,25.1493],[89.6057,25.14949],[89.60571,25.15003],[89.60552,25.15003],[89.60554,25.15093],[89.60594,25.15111],[89.60594,25.15129],[89.60614,25.15128]]]}},{"type":"Feature","properties":{"kind":"land","ha":4.3},"geometry":{"type":"Polygon","coordinates":[[[89.6779,25.15036],[89.67788,25.14946],[89.67769,25.14947],[89.67768,25.14929],[89.67788,25.14928],[89.67787,25.14892],[89.67807,25.14892],[89.67807,25.14874],[89.67787,25.14874],[89.67786,25.1482],[89.67746,25.14803],[89.67745,25.14785],[89.67725,25.14785],[89.67725,25.14767],[89.67705,25.14767],[89.67705,25.14749],[89.67685,25.1475],[89.67685,25.14731],[89.67665,25.14732],[89.67664,25.14696],[89.67644,25.14696],[89.67644,25.14678],[89.67624,25.14678],[89.67624,25.14696],[89.67605,25.14697],[89.67605,25.14733],[89.67625,25.14733],[89.67626,25.14787],[89.67607,25.14787],[89.67608,25.14841],[89.67628,25.14841],[89.6763,25.14949],[89.67709,25.14948],[89.67711,25.1502],[89.6777,25.15019],[89.67771,25.15037],[89.6779,25.15036]]]}},{"type":"Feature","properties":{"kind":"land","ha":18.9},"geometry":{"type":"Polygon","coordinates":[[[89.63457,25.15493],[89.63457,25.15475],[89.63417,25.15458],[89.63417,25.1544],[89.63397,25.1544],[89.63396,25.15404],[89.63376,25.15404],[89.63375,25.15332],[89.63355,25.15333],[89.63354,25.15297],[89.63334,25.15297],[89.63333,25.15261],[89.63353,25.1526],[89.63353,25.15242],[89.63373,25.15242],[89.63373,25.1526],[89.63413,25.15259],[89.63414,25.15313],[89.63434,25.15313],[89.63435,25.15349],[89.63475,25.15367],[89.63475,25.15385],[89.63495,25.15384],[89.63496,25.1542],[89.63515,25.1542],[89.63516,25.15438],[89.63634,25.15418],[89.63635,25.15436],[89.63694,25.15435],[89.63692,25.15345],[89.63672,25.15345],[89.63672,25.15309],[89.63632,25.15292],[89.63631,25.15274],[89.63611,25.15274],[89.63611,25.15238],[89.63591,25.15238],[89.63589,25.15148],[89.63609,25.15148],[89.63607,25.15075],[89.63567,25.15058],[89.63567,25.1504],[89.63547,25.1504],[89.63546,25.15022],[89.63586,25.15004],[89.63585,25.14986],[89.63625,25.15003],[89.63647,25.15075],[89.63667,25.15074],[89.63667,25.1511],[89.63707,25.15128],[89.63708,25.15146],[89.63728,25.15145],[89.63728,25.15164],[89.63748,25.15163],[89.63748,25.15181],[89.63768,25.15181],[89.63769,25.15217],[89.63789,25.15217],[89.63789,25.15235],[89.63809,25.15234],[89.6381,25.1527],[89.63829,25.1527],[89.63831,25.15324],[89.63811,25.15324],[89.63811,25.15343],[89.6389,25.15341],[89.63911,25.15377],[89.6401,25.15375],[89.6399,25.15339],[89.6397,25.1534],[89.63969,25.15322],[89.6395,25.15322],[89.63949,25.15304],[89.63929,25.15304],[89.63929,25.15268],[89.63909,25.15269],[89.63908,25.15214],[89.63828,25.1518],[89.63827,25.15144],[89.63787,25.15126],[89.63786,25.15108],[89.63766,25.15109],[89.63766,25.15091],[89.63726,25.15091],[89.63726,25.15055],[89.63686,25.15038],[89.63685,25.15002],[89.63645,25.14984],[89.63644,25.14966],[89.63625,25.14967],[89.63624,25.14949],[89.63604,25.14949],[89.63604,25.14913],[89.63584,25.14913],[89.63582,25.14841],[89.63562,25.14842],[89.63562,25.14824],[89.63522,25.14824],[89.63522,25.14788],[89.63502,25.14788],[89.63501,25.1477],[89.63462,25.14771],[89.63441,25.14735],[89.63421,25.14736],[89.63422,25.14772],[89.63442,25.14772],[89.63443,25.14808],[89.63463,25.14807],[89.63463,25.14843],[89.63483,25.14843],[89.63484,25.14897],[89.63504,25.14897],[89.63505,25.14933],[89.63525,25.14932],[89.63526,25.14987],[89.63506,25.14987],[89.63507,25.15023],[89.63487,25.15023],[89.63487,25.15041],[89.63448,25.15042],[89.63447,25.15006],[89.63427,25.15006],[89.63429,25.15079],[89.63409,25.15079],[89.63409,25.15097],[89.6337,25.15098],[89.6337,25.15116],[89.6339,25.15115],[89.63391,25.15188],[89.63372,25.15188],[89.63372,25.15206],[89.63332,25.15207],[89.63331,25.15153],[89.63351,25.15152],[89.63351,25.15134],[89.63331,25.15134],[89.6333,25.15098],[89.63369,25.1508],[89.63369,25.15062],[89.63329,25.15062],[89.63309,25.15027],[89.63289,25.15027],[89.6329,25.15063],[89.6327,25.15063],[89.63273,25.15226],[89.63234,25.15244],[89.63235,25.15299],[89.63255,25.15298],[89.63256,25.15334],[89.63296,25.15352],[89.63297,25.15388],[89.63337,25.15405],[89.63337,25.15423],[89.63357,25.15423],[89.63357,25.15441],[89.63377,25.1544],[89.63377,25.15459],[89.63397,25.15458],[89.63398,25.15476],[89.63417,25.15476],[89.63418,25.15494],[89.63457,25.15493]],[[89.63514,25.15348],[89.63494,25.15348],[89.63493,25.15294],[89.63473,25.15294],[89.63472,25.15258],[89.63512,25.1524],[89.63511,25.15222],[89.63551,25.15221],[89.63554,25.15383],[89.63534,25.15384],[89.63514,25.15348]]]}},{"type":"Feature","properties":{"kind":"land","ha":14.3},"geometry":{"type":"Polygon","coordinates":[[[89.73854,25.14835],[89.73874,25.14835],[89.73872,25.14763],[89.73912,25.14762],[89.73912,25.1478],[89.73972,25.14779],[89.73972,25.14797],[89.74051,25.14795],[89.74052,25.14832],[89.74072,25.14831],[89.74073,25.14885],[89.74093,25.14885],[89.74094,25.14921],[89.74173,25.1492],[89.74192,25.14883],[89.74212,25.14883],[89.74211,25.14847],[89.74171,25.14847],[89.7419,25.14775],[89.7415,25.14794],[89.7413,25.14758],[89.7411,25.14758],[89.74109,25.1474],[89.7409,25.14741],[89.74089,25.14723],[89.7401,25.14742],[89.7401,25.14724],[89.7399,25.14724],[89.73989,25.1467],[89.74009,25.1467],[89.74006,25.14526],[89.74025,25.14525],[89.74024,25.14471],[89.73985,25.14472],[89.73985,25.1449],[89.73965,25.1449],[89.73947,25.14563],[89.73908,25.14582],[89.73908,25.146],[89.73888,25.146],[89.73889,25.14618],[89.73849,25.14619],[89.7383,25.14655],[89.7381,25.14656],[89.73811,25.14674],[89.73751,25.14675],[89.73732,25.14711],[89.73712,25.14711],[89.73713,25.1473],[89.73633,25.14713],[89.73633,25.14731],[89.73614,25.14731],[89.73615,25.14785],[89.73654,25.14767],[89.73654,25.14749],[89.73713,25.14748],[89.73714,25.14802],[89.73694,25.14802],[89.73696,25.14856],[89.73676,25.14857],[89.73677,25.14911],[89.73637,25.14911],[89.73638,25.14929],[89.73618,25.1493],[89.73619,25.14966],[89.73599,25.14966],[89.73599,25.14984],[89.73639,25.14984],[89.73639,25.15002],[89.73659,25.15001],[89.7366,25.15055],[89.7368,25.15055],[89.7368,25.15037],[89.73739,25.15036],[89.7376,25.15072],[89.7378,25.15071],[89.73779,25.15053],[89.73819,25.15052],[89.73838,25.15016],[89.73858,25.15016],[89.73857,25.14998],[89.73917,25.14996],[89.73917,25.14978],[89.73936,25.14978],[89.73935,25.14924],[89.73895,25.14907],[89.73895,25.14889],[89.73875,25.14889],[89.73874,25.14871],[89.73855,25.14871],[89.73854,25.14835]],[[89.73856,25.14925],[89.73817,25.14944],[89.73817,25.14962],[89.73777,25.14963],[89.73775,25.14855],[89.73834,25.14854],[89.73835,25.14872],[89.73855,25.14871],[89.73856,25.14925]]]}},{"type":"Feature","properties":{"kind":"land","ha":3.1},"geometry":{"type":"Polygon","coordinates":[[[89.6148,25.14824],[89.61479,25.14788],[89.61499,25.14788],[89.61499,25.1477],[89.61479,25.1477],[89.61478,25.14734],[89.61498,25.14734],[89.61497,25.14698],[89.61517,25.14697],[89.61516,25.14661],[89.61555,25.14643],[89.61555,25.14624],[89.61575,25.14624],[89.61573,25.14552],[89.61593,25.14552],[89.61592,25.14516],[89.61572,25.14516],[89.61572,25.1448],[89.61552,25.1448],[89.61551,25.14462],[89.61512,25.14463],[89.61512,25.14481],[89.61492,25.14481],[89.61493,25.14517],[89.61473,25.14518],[89.61474,25.14536],[89.61513,25.14535],[89.61514,25.14553],[89.61534,25.14553],[89.61535,25.14607],[89.61436,25.14609],[89.61436,25.14627],[89.61416,25.14627],[89.61438,25.14699],[89.61418,25.14699],[89.61419,25.14753],[89.61399,25.14754],[89.614,25.1479],[89.61439,25.14771],[89.61441,25.14843],[89.6148,25.14824]]]}},{"type":"Feature","properties":{"kind":"land","ha":3.5},"geometry":{"type":"Polygon","coordinates":[[[89.62847,25.14764],[89.62846,25.1471],[89.62866,25.1471],[89.62865,25.14673],[89.62845,25.14674],[89.62844,25.14638],[89.62824,25.14638],[89.62823,25.14584],[89.62803,25.14584],[89.62805,25.14656],[89.62726,25.14658],[89.62724,25.14568],[89.62704,25.14568],[89.62702,25.1446],[89.62682,25.1446],[89.62681,25.14424],[89.62641,25.14407],[89.62641,25.14389],[89.62621,25.14389],[89.62623,25.14497],[89.62643,25.14497],[89.62646,25.14623],[89.62665,25.14623],[89.62666,25.14659],[89.62706,25.14676],[89.62707,25.14694],[89.62726,25.14694],[89.62727,25.14712],[89.62747,25.14712],[89.62747,25.1473],[89.62767,25.14729],[89.62767,25.14747],[89.62787,25.14747],[89.62787,25.14765],[89.62847,25.14764]]]}},{"type":"Feature","properties":{"kind":"land","ha":7.8},"geometry":{"type":"Polygon","coordinates":[[[89.60786,25.14819],[89.60785,25.148],[89.60805,25.148],[89.60804,25.14728],[89.60823,25.14728],[89.6082,25.14565],[89.6078,25.14566],[89.60781,25.14584],[89.60761,25.14584],[89.60762,25.14638],[89.60742,25.14639],[89.60743,25.14675],[89.60763,25.14675],[89.60764,25.14747],[89.60685,25.1473],[89.60684,25.14676],[89.60703,25.14676],[89.607,25.14531],[89.6072,25.14531],[89.60719,25.14495],[89.60739,25.14494],[89.60738,25.14458],[89.60778,25.14458],[89.60797,25.14421],[89.60817,25.14421],[89.60814,25.14277],[89.60794,25.14277],[89.60794,25.14259],[89.60714,25.1426],[89.60715,25.14278],[89.60695,25.14279],[89.60696,25.14315],[89.60676,25.14315],[89.60677,25.14387],[89.60658,25.14388],[89.60658,25.14424],[89.60639,25.14424],[89.60642,25.14604],[89.60662,25.14604],[89.60663,25.14622],[89.60623,25.14641],[89.60624,25.14659],[89.60604,25.14659],[89.60605,25.14731],[89.60645,25.14749],[89.60667,25.14821],[89.60746,25.14819],[89.60746,25.14837],[89.60786,25.14819]]]}},{"type":"Feature","properties":{"kind":"land","ha":75.3},"geometry":{"type":"Polygon","coordinates":[[[89.59438,25.18615],[89.59437,25.18561],[89.59397,25.18543],[89.59397,25.18525],[89.59377,25.18525],[89.59377,25.18507],[89.59357,25.18508],[89.59355,25.18418],[89.59335,25.18418],[89.59334,25.18382],[89.59314,25.18382],[89.59314,25.18364],[89.59294,25.18364],[89.59273,25.18293],[89.59253,25.18293],[89.59252,25.18239],[89.59212,25.18222],[89.59209,25.18095],[89.59189,25.18096],[89.59188,25.18041],[89.59168,25.18042],[89.59166,25.17915],[89.59146,25.17916],[89.59141,25.17699],[89.59161,25.17699],[89.59155,25.1741],[89.59175,25.1741],[89.59174,25.17356],[89.59154,25.17356],[89.59151,25.17248],[89.59171,25.17248],[89.59168,25.17067],[89.59187,25.17067],[89.59186,25.17013],[89.59206,25.17012],[89.59205,25.16958],[89.59225,25.16958],[89.59224,25.16922],[89.59244,25.16921],[89.59242,25.16831],[89.59262,25.16831],[89.5926,25.16759],[89.5928,25.16758],[89.59279,25.16704],[89.59299,25.16704],[89.59295,25.16523],[89.59315,25.16523],[89.59314,25.16487],[89.59334,25.16487],[89.59333,25.16432],[89.59372,25.16414],[89.59371,25.16396],[89.59391,25.16395],[89.59389,25.16305],[89.59429,25.16286],[89.59428,25.16268],[89.59448,25.16268],[89.59447,25.16232],[89.59487,25.16213],[89.59486,25.16195],[89.59506,25.16195],[89.59506,25.16177],[89.59525,25.16176],[89.59525,25.1614],[89.59564,25.16122],[89.59564,25.16104],[89.59583,25.16103],[89.59583,25.16067],[89.59602,25.16067],[89.59602,25.16049],[89.59721,25.16047],[89.5972,25.15992],[89.5974,25.15992],[89.59739,25.15974],[89.59779,25.15973],[89.59797,25.15901],[89.59757,25.15884],[89.59756,25.15829],[89.59776,25.15829],[89.59776,25.15811],[89.59855,25.1581],[89.59855,25.15828],[89.59875,25.15827],[89.59876,25.15863],[89.59915,25.15863],[89.59935,25.15826],[89.59954,25.15826],[89.59954,25.15808],[89.59974,25.15808],[89.59972,25.15735],[89.59952,25.15736],[89.59952,25.15718],[89.59873,25.15737],[89.59874,25.15755],[89.59834,25.15756],[89.59833,25.1572],[89.59774,25.15721],[89.59774,25.15739],[89.59734,25.1574],[89.59751,25.15595],[89.59771,25.15594],[89.59769,25.15504],[89.59789,25.15504],[89.59789,25.15486],[89.59828,25.15485],[89.59847,25.15449],[89.59867,25.15448],[89.59867,25.1543],[89.59886,25.1543],[89.59886,25.15412],[89.59906,25.15412],[89.59906,25.15394],[89.59985,25.15392],[89.59984,25.15374],[89.60024,25.15373],[89.60024,25.15355],[89.60063,25.15355],[89.60082,25.15318],[89.60102,25.15318],[89.60102,25.153],[89.60161,25.15299],[89.60162,25.15317],[89.60182,25.15317],[89.60182,25.15353],[89.60202,25.15352],[89.60201,25.15298],[89.6024,25.15279],[89.60259,25.15207],[89.60278,25.15207],[89.60278,25.1517],[89.60198,25.15172],[89.60197,25.151],[89.60236,25.15081],[89.60233,25.14937],[89.60272,25.14918],[89.60269,25.14773],[89.60289,25.14773],[89.60288,25.14737],[89.60308,25.14737],[89.60305,25.1461],[89.60286,25.14611],[89.60284,25.14539],[89.60304,25.14538],[89.60303,25.14502],[89.60283,25.14502],[89.60282,25.14448],[89.60262,25.14449],[89.6026,25.1434],[89.6024,25.14341],[89.60239,25.14305],[89.6022,25.14305],[89.60217,25.14179],[89.60197,25.14179],[89.60197,25.14161],[89.60177,25.14161],[89.60178,25.14197],[89.60118,25.14199],[89.60119,25.14217],[89.60099,25.14217],[89.60099,25.14235],[89.60139,25.14234],[89.60139,25.14252],[89.60179,25.14252],[89.60179,25.1427],[89.60199,25.14269],[89.60201,25.14341],[89.60181,25.14342],[89.60181,25.1436],[89.60201,25.1436],[89.60201,25.14378],[89.60181,25.14378],[89.60182,25.14396],[89.60202,25.14396],[89.60202,25.14414],[89.60182,25.14414],[89.60184,25.14486],[89.60164,25.14487],[89.60165,25.14541],[89.60185,25.1454],[89.60186,25.14612],[89.60147,25.14631],[89.60148,25.14649],[89.60128,25.1465],[89.60129,25.14704],[89.60109,25.14704],[89.6011,25.14758],[89.6015,25.14776],[89.60151,25.14812],[89.60092,25.14813],[89.60092,25.14831],[89.60072,25.14831],[89.60073,25.14885],[89.60113,25.14903],[89.60113,25.14885],[89.60172,25.14883],[89.6017,25.14793],[89.6023,25.14792],[89.60232,25.14882],[89.60193,25.14901],[89.60193,25.14937],[89.60154,25.14956],[89.60154,25.14974],[89.60135,25.14974],[89.60135,25.14992],[89.60115,25.14993],[89.60116,25.15011],[89.60096,25.15011],[89.60096,25.15029],[89.60076,25.1503],[89.60077,25.15066],[89.60038,25.15084],[89.6002,25.15157],[89.6,25.15157],[89.6,25.15193],[89.59981,25.15194],[89.59982,25.15266],[89.59943,25.15285],[89.59943,25.15303],[89.59904,25.15303],[89.59904,25.15339],[89.59885,25.1534],[89.59885,25.15358],[89.59845,25.15359],[89.59826,25.15395],[89.59806,25.15395],[89.59807,25.15413],[89.59787,25.15414],[89.59787,25.15432],[89.59768,25.15432],[89.59768,25.1545],[89.59748,25.1545],[89.59749,25.15487],[89.5971,25.15505],[89.59712,25.15596],[89.59731,25.15595],[89.59732,25.15613],[89.59692,25.15632],[89.59693,25.1565],[89.59673,25.1565],[89.59694,25.15686],[89.59674,25.15686],[89.59675,25.15723],[89.59635,25.15741],[89.59636,25.15759],[89.59576,25.1576],[89.59575,25.15706],[89.59595,25.15706],[89.59593,25.15634],[89.59633,25.15651],[89.59633,25.15633],[89.59653,25.15633],[89.59652,25.15579],[89.59612,25.15561],[89.59611,25.15525],[89.5965,25.15506],[89.59649,25.1547],[89.59689,25.15452],[89.59688,25.15433],[89.59708,25.15433],[89.59708,25.15415],[89.59728,25.15415],[89.59727,25.15397],[89.59747,25.15396],[89.59746,25.1536],[89.59766,25.1536],[89.59766,25.15342],[89.59805,25.15341],[89.59824,25.15305],[89.59844,25.15304],[89.59844,25.15286],[89.59883,25.15286],[89.59883,25.1525],[89.59902,25.15249],[89.59902,25.15231],[89.59882,25.15232],[89.59882,25.15195],[89.59862,25.15196],[89.59861,25.15178],[89.59822,25.15196],[89.59822,25.15215],[89.59803,25.15215],[89.59803,25.15233],[89.59783,25.15233],[89.59784,25.15251],[89.59744,25.15252],[89.59744,25.1527],[89.59724,25.1527],[89.59726,25.15361],[89.59667,25.15362],[89.59667,25.1538],[89.59647,25.1538],[89.59649,25.15452],[89.59629,25.15453],[89.5963,25.15489],[89.59591,25.15507],[89.59591,25.15525],[89.59532,25.15526],[89.59532,25.15545],[89.59512,25.15545],[89.59494,25.15617],[89.59474,25.15618],[89.59476,25.1569],[89.59495,25.1569],[89.59496,25.15726],[89.59476,25.15726],[89.59477,25.15744],[89.59437,25.15745],[89.59419,25.15817],[89.59379,25.15836],[89.5938,25.15854],[89.5936,25.15854],[89.59362,25.15963],[89.59342,25.15963],[89.59343,25.15999],[89.59323,25.15999],[89.59324,25.16017],[89.59304,25.16018],[89.59306,25.16126],[89.59326,25.16126],[89.59326,25.16144],[89.59366,25.16143],[89.59366,25.16161],[89.59347,25.16161],[89.59367,25.16197],[89.59347,25.16198],[89.59349,25.16252],[89.59329,25.16252],[89.5933,25.16306],[89.5931,25.16307],[89.5931,25.16325],[89.59271,25.16325],[89.59272,25.16397],[89.59253,25.16398],[89.59253,25.16434],[89.59174,25.16435],[89.59175,25.16489],[89.59155,25.1649],[89.59156,25.16508],[89.59175,25.16507],[89.59177,25.1658],[89.59138,25.16598],[89.5914,25.16707],[89.5912,25.16707],[89.59121,25.16761],[89.59102,25.16761],[89.59105,25.16906],[89.59124,25.16905],[89.59125,25.16941],[89.59086,25.16942],[89.59086,25.1696],[89.59066,25.16961],[89.59066,25.16979],[89.59086,25.16978],[89.59087,25.17014],[89.59067,25.17015],[89.59069,25.17087],[89.59049,25.17087],[89.59049,25.17105],[89.59069,25.17105],[89.59071,25.17177],[89.59011,25.17178],[89.59012,25.17214],[89.59032,25.17214],[89.59033,25.17268],[89.59053,25.17268],[89.59054,25.17304],[89.59093,25.17303],[89.59074,25.17339],[89.59094,25.17339],[89.59095,25.17375],[89.59035,25.17376],[89.59035,25.17358],[89.59015,25.17359],[89.59004,25.17756],[89.59023,25.17756],[89.59025,25.17828],[89.59045,25.17827],[89.59046,25.17881],[89.59086,25.17881],[89.59089,25.18025],[89.59108,25.18025],[89.5911,25.18097],[89.5915,25.18114],[89.59152,25.18223],[89.59172,25.18222],[89.59173,25.18258],[89.59193,25.18258],[89.59194,25.18312],[89.59214,25.18312],[89.59214,25.18348],[89.59234,25.18347],[89.59235,25.18402],[89.59255,25.18401],[89.59256,25.18437],[89.59276,25.18437],[89.59276,25.18455],[89.59296,25.18455],[89.59297,25.18491],[89.59337,25.18508],[89.59337,25.18526],[89.59357,25.18526],[89.59357,25.18544],[89.59377,25.18544],[89.59378,25.1858],[89.59418,25.18597],[89.59418,25.18615],[89.59438,25.18615]],[[89.59039,25.17575],[89.59059,25.17574],[89.5906,25.17592],[89.5904,25.17593],[89.59039,25.17575]],[[89.59097,25.17502],[89.59137,25.17483],[89.59137,25.17519],[89.59098,25.17538],[89.59097,25.17502]],[[89.59095,25.17393],[89.59115,25.17393],[89.59115,25.17411],[89.59095,25.17411],[89.59095,25.17393]],[[89.59521,25.15978],[89.59561,25.15959],[89.5956,25.15941],[89.596,25.1594],[89.59581,25.15977],[89.59561,25.15977],[89.59562,25.16013],[89.59522,25.16032],[89.59521,25.15978]],[[89.60195,25.15009],[89.60215,25.15009],[89.60215,25.15045],[89.60196,25.15046],[89.60195,25.15009]]]}},{"type":"Feature","properties":{"kind":"land","ha":7.2},"geometry":{"type":"Polygon","coordinates":[[[89.60967,25.14942],[89.60966,25.14924],[89.60986,25.14923],[89.60985,25.14887],[89.61005,25.14887],[89.61005,25.14869],[89.61025,25.14868],[89.61024,25.14814],[89.61043,25.14814],[89.61043,25.14796],[89.61083,25.14795],[89.61061,25.14723],[89.61041,25.14724],[89.6104,25.1467],[89.6108,25.14651],[89.61097,25.14542],[89.61117,25.14542],[89.61115,25.14434],[89.61095,25.14434],[89.61094,25.14398],[89.61074,25.14398],[89.61073,25.14344],[89.61112,25.14325],[89.61111,25.14271],[89.61131,25.14271],[89.61131,25.14253],[89.61111,25.14253],[89.61109,25.14181],[89.61089,25.14181],[89.61089,25.14145],[89.6097,25.14147],[89.60971,25.1422],[89.61031,25.14219],[89.61033,25.14327],[89.61013,25.14327],[89.61015,25.14399],[89.60995,25.144],[89.60997,25.1449],[89.61017,25.1449],[89.61021,25.14688],[89.61001,25.14688],[89.61002,25.14724],[89.60982,25.14725],[89.60984,25.14797],[89.60964,25.14797],[89.60965,25.14833],[89.60945,25.14834],[89.60946,25.14888],[89.60926,25.14888],[89.60928,25.1496],[89.60967,25.14942]]]}},{"type":"Feature","properties":{"kind":"land","ha":3.6},"geometry":{"type":"Polygon","coordinates":[[[89.62977,25.14347],[89.62976,25.14329],[89.62936,25.14311],[89.62936,25.14293],[89.62916,25.14294],[89.62915,25.14257],[89.62896,25.14258],[89.62894,25.14186],[89.62814,25.14169],[89.62814,25.14133],[89.62794,25.14133],[89.62792,25.14043],[89.62772,25.14043],[89.62772,25.14061],[89.62713,25.14062],[89.62692,25.14027],[89.62653,25.14027],[89.62673,25.14063],[89.62693,25.14063],[89.62693,25.14081],[89.62713,25.14081],[89.62714,25.14099],[89.62733,25.14098],[89.62735,25.14188],[89.62755,25.14188],[89.62757,25.1426],[89.62777,25.1426],[89.62777,25.14296],[89.62857,25.14313],[89.62857,25.14331],[89.62897,25.1433],[89.62897,25.14348],[89.62977,25.14347]]]}},{"type":"Feature","properties":{"kind":"land","ha":43.2},"geometry":{"type":"Polygon","coordinates":[[[89.6911,25.16438],[89.69088,25.1633],[89.69108,25.1633],[89.69107,25.16276],[89.69087,25.16276],[89.69086,25.1624],[89.69066,25.16241],[89.69065,25.16205],[89.69025,25.16187],[89.69021,25.16007],[89.69002,25.16007],[89.68998,25.15845],[89.69018,25.15844],[89.69017,25.15826],[89.69057,25.15826],[89.69076,25.15789],[89.69096,25.15789],[89.69096,25.15771],[89.69076,25.15771],[89.69075,25.15717],[89.69114,25.15698],[89.69113,25.15662],[89.69034,25.15664],[89.69034,25.15682],[89.68994,25.15682],[89.68995,25.157],[89.68975,25.15701],[89.68975,25.15719],[89.68876,25.15721],[89.68876,25.15703],[89.68816,25.15704],[89.68796,25.15668],[89.68776,25.15668],[89.68776,25.1565],[89.68756,25.15651],[89.68755,25.15615],[89.68735,25.15615],[89.68734,25.15543],[89.68694,25.15525],[89.68693,25.15507],[89.68673,25.15508],[89.68673,25.1549],[89.68653,25.1549],[89.68631,25.15382],[89.68611,25.15383],[89.6861,25.15346],[89.6859,25.15347],[89.68589,25.15275],[89.68569,25.15275],[89.68567,25.15185],[89.68547,25.15185],[89.68546,25.15131],[89.68526,25.15131],[89.68525,25.15059],[89.68505,25.1506],[89.68503,25.14987],[89.68483,25.14988],[89.68483,25.14952],[89.68463,25.14952],[89.68462,25.14916],[89.68442,25.14916],[89.68439,25.1479],[89.6842,25.1479],[89.68418,25.14718],[89.68398,25.14719],[89.68398,25.14701],[89.68358,25.14701],[89.68339,25.14738],[89.683,25.14738],[89.68298,25.14684],[89.68338,25.14666],[89.68337,25.14629],[89.68357,25.14629],[89.68356,25.14611],[89.68317,25.14612],[89.68315,25.14558],[89.68296,25.14558],[89.68295,25.14522],[89.68275,25.14522],[89.68275,25.14504],[89.68255,25.14505],[89.68254,25.1445],[89.68234,25.14451],[89.68233,25.14415],[89.68193,25.14397],[89.68192,25.14361],[89.68152,25.14344],[89.68152,25.14326],[89.68132,25.14326],[89.68107,25.1411],[89.68088,25.14111],[89.6809,25.14237],[89.68012,25.14274],[89.68013,25.14328],[89.68053,25.14328],[89.68034,25.144],[89.67995,25.14401],[89.67994,25.14347],[89.67835,25.1435],[89.67835,25.14332],[89.67815,25.14332],[89.67813,25.14242],[89.67793,25.14242],[89.67792,25.14206],[89.67812,25.14206],[89.67812,25.14188],[89.67871,25.14187],[89.6787,25.14133],[89.6783,25.14115],[89.67829,25.14097],[89.6781,25.14098],[89.67808,25.14043],[89.67828,25.14043],[89.67827,25.14007],[89.67847,25.14007],[89.67847,25.1397],[89.67866,25.1397],[89.67865,25.13916],[89.67786,25.13935],[89.67766,25.139],[89.67726,25.139],[89.67726,25.13919],[89.67667,25.1392],[89.67667,25.13902],[89.67627,25.13902],[89.67629,25.13992],[89.67669,25.1401],[89.67691,25.14118],[89.67711,25.14117],[89.67713,25.14226],[89.67733,25.14225],[89.67734,25.14279],[89.67754,25.14279],[89.67755,25.14333],[89.67775,25.14333],[89.67776,25.14369],[89.67796,25.14368],[89.67797,25.14441],[89.67817,25.1444],[89.67818,25.14494],[89.67838,25.14494],[89.67839,25.1453],[89.67879,25.14547],[89.6788,25.14584],[89.6792,25.14601],[89.6792,25.14619],[89.6794,25.14619],[89.6794,25.14637],[89.6796,25.14636],[89.67961,25.14654],[89.6798,25.14654],[89.67981,25.1469],[89.68021,25.14707],[89.68022,25.14725],[89.68041,25.14725],[89.68042,25.14743],[89.68062,25.14743],[89.68062,25.14761],[89.68142,25.14777],[89.68142,25.14795],[89.68162,25.14795],[89.68163,25.14831],[89.68183,25.14831],[89.68183,25.14849],[89.68223,25.14848],[89.68243,25.14884],[89.68263,25.14883],[89.68263,25.14901],[89.68283,25.14901],[89.68284,25.14919],[89.68303,25.14919],[89.68304,25.14937],[89.68324,25.14937],[89.68324,25.14955],[89.68344,25.14954],[89.68345,25.1499],[89.68385,25.15008],[89.68385,25.15026],[89.68405,25.15025],[89.68426,25.15097],[89.68446,25.15097],[89.68447,25.15133],[89.68467,25.15132],[89.68468,25.15187],[89.68488,25.15186],[89.68489,25.15222],[89.68508,25.15222],[89.68509,25.15258],[89.68529,25.15258],[89.6853,25.15294],[89.6855,25.15293],[89.68551,25.15348],[89.68571,25.15347],[89.68571,25.15383],[89.68591,25.15383],[89.68592,25.15437],[89.68612,25.15437],[89.68614,25.15509],[89.68634,25.15508],[89.68634,25.15545],[89.68654,25.15544],[89.68637,25.15653],[89.68677,25.1567],[89.68677,25.15688],[89.68697,25.15688],[89.68698,25.15724],[89.68678,25.15724],[89.68678,25.15742],[89.68718,25.15742],[89.68739,25.15777],[89.68759,25.15777],[89.68759,25.15795],[89.68779,25.15795],[89.68779,25.15813],[89.68799,25.15812],[89.688,25.15848],[89.6884,25.15866],[89.6884,25.15884],[89.6886,25.15883],[89.6886,25.15901],[89.6888,25.15901],[89.68881,25.15919],[89.6894,25.15918],[89.6894,25.159],[89.68979,25.15899],[89.68962,25.16008],[89.68982,25.16008],[89.68983,25.16044],[89.69002,25.16043],[89.69007,25.16242],[89.69027,25.16241],[89.69027,25.16277],[89.69047,25.16277],[89.69049,25.16349],[89.69069,25.16349],[89.6907,25.16403],[89.6909,25.16403],[89.6909,25.16439],[89.6911,25.16438]],[[89.68302,25.14847],[89.68282,25.14847],[89.68282,25.14829],[89.68262,25.14829],[89.68261,25.14793],[89.6838,25.14791],[89.68401,25.14827],[89.68381,25.14827],[89.68382,25.14863],[89.68342,25.14864],[89.68342,25.14882],[89.68323,25.14882],[89.68302,25.14847]],[[89.68139,25.14633],[89.68099,25.14634],[89.68099,25.14616],[89.68079,25.14616],[89.68057,25.14544],[89.68117,25.14543],[89.68117,25.14561],[89.68157,25.1456],[89.68177,25.14596],[89.68197,25.14596],[89.68198,25.14614],[89.68217,25.14614],[89.68218,25.1465],[89.68139,25.14651],[89.68139,25.14633]],[[89.68176,25.14524],[89.68136,25.14507],[89.68135,25.14489],[89.68096,25.14489],[89.68095,25.14471],[89.68115,25.14471],[89.68114,25.14399],[89.68154,25.14416],[89.68154,25.14434],[89.68174,25.14434],[89.68174,25.14452],[89.68194,25.14452],[89.68196,25.14524],[89.68215,25.14523],[89.68216,25.14541],[89.68177,25.1456],[89.68176,25.14524]],[[89.68016,25.14491],[89.68056,25.1449],[89.68057,25.14526],[89.68037,25.14527],[89.68016,25.14491]]]}},{"type":"Feature","properties":{"kind":"land","ha":4.3},"geometry":{"type":"Polygon","coordinates":[[[89.63238,25.14504],[89.63237,25.1445],[89.63197,25.14433],[89.63175,25.14361],[89.63156,25.14361],[89.63154,25.14307],[89.63114,25.1429],[89.63114,25.14272],[89.63094,25.14272],[89.63093,25.14218],[89.63073,25.14219],[89.63072,25.14182],[89.63033,25.14183],[89.63011,25.14111],[89.62992,25.14112],[89.62991,25.14076],[89.62971,25.14076],[89.6297,25.1404],[89.6295,25.1404],[89.6295,25.14004],[89.6293,25.14004],[89.62929,25.1395],[89.62909,25.13951],[89.62909,25.13969],[89.62889,25.13969],[89.6289,25.14005],[89.6287,25.14006],[89.62871,25.14042],[89.62911,25.14059],[89.62911,25.14077],[89.62931,25.14077],[89.62932,25.14095],[89.62952,25.14094],[89.62953,25.14148],[89.62913,25.14149],[89.62894,25.14186],[89.62914,25.14185],[89.62915,25.14221],[89.62954,25.14221],[89.62954,25.14203],[89.62974,25.14202],[89.62973,25.14166],[89.63013,25.14183],[89.63013,25.14202],[89.63033,25.14201],[89.63034,25.14237],[89.63074,25.14255],[89.63075,25.14291],[89.63095,25.1429],[89.63096,25.14363],[89.63057,25.14381],[89.63058,25.14417],[89.63077,25.14417],[89.63078,25.14435],[89.63117,25.14434],[89.63118,25.14452],[89.63177,25.14451],[89.63198,25.14487],[89.63218,25.14487],[89.63218,25.14505],[89.63238,25.14504]]]}},{"type":"Feature","properties":{"kind":"land","ha":3.5},"geometry":{"type":"Polygon","coordinates":[[[89.65984,25.14022],[89.65983,25.13968],[89.66022,25.13949],[89.66001,25.13914],[89.65823,25.13917],[89.65822,25.13899],[89.65704,25.13901],[89.65703,25.13883],[89.65663,25.13883],[89.65663,25.13865],[89.65643,25.13866],[89.65644,25.13884],[89.65545,25.13886],[89.65545,25.13904],[89.65525,25.13904],[89.65546,25.1394],[89.65585,25.13939],[89.65586,25.13957],[89.65744,25.13954],[89.65745,25.13972],[89.65804,25.13971],[89.65805,25.13989],[89.65844,25.13989],[89.65845,25.14007],[89.65904,25.14006],[89.65904,25.14024],[89.65984,25.14022]],[[89.65843,25.13952],[89.65863,25.13952],[89.65863,25.13934],[89.65962,25.13932],[89.65963,25.13968],[89.65943,25.13969],[89.65943,25.13987],[89.65864,25.13988],[89.65843,25.13952]]]}},{"type":"Feature","properties":{"kind":"land","ha":9.2},"geometry":{"type":"Polygon","coordinates":[[[89.67479,25.1441],[89.67479,25.14374],[89.67439,25.14357],[89.67417,25.14285],[89.67377,25.14268],[89.67355,25.1416],[89.67335,25.1416],[89.67334,25.14124],[89.67314,25.14125],[89.67313,25.14052],[89.67293,25.14053],[89.67292,25.13999],[89.67272,25.13999],[89.67271,25.13963],[89.67251,25.13963],[89.6725,25.13909],[89.6723,25.13909],[89.6723,25.13873],[89.6719,25.13856],[89.67187,25.13748],[89.67167,25.13748],[89.67167,25.13712],[89.67147,25.13712],[89.67146,25.13658],[89.67106,25.13659],[89.67106,25.13677],[89.67087,25.13677],[89.67087,25.13713],[89.67048,25.13732],[89.67049,25.1375],[89.67029,25.13751],[89.67029,25.13769],[89.67049,25.13768],[89.6705,25.13804],[89.6707,25.13804],[89.67072,25.13912],[89.67092,25.13912],[89.67093,25.13948],[89.67112,25.13948],[89.67113,25.13984],[89.67153,25.14001],[89.67154,25.14037],[89.67174,25.14037],[89.67175,25.14091],[89.67195,25.14091],[89.67196,25.14127],[89.67215,25.14126],[89.67216,25.14144],[89.67236,25.14144],[89.67257,25.14216],[89.67297,25.14233],[89.67297,25.14251],[89.67317,25.14251],[89.67318,25.14287],[89.67358,25.14304],[89.67359,25.1434],[89.67399,25.14358],[89.67399,25.14376],[89.67439,25.14375],[89.6746,25.14411],[89.67479,25.1441]]]}},{"type":"Feature","properties":{"kind":"land","ha":3.4},"geometry":{"type":"Polygon","coordinates":[[[89.72461,25.13724],[89.7246,25.1367],[89.72499,25.13669],[89.72499,25.13651],[89.72519,25.13651],[89.72518,25.13615],[89.72438,25.13598],[89.72437,25.13526],[89.72417,25.13526],[89.72417,25.13508],[89.72357,25.13509],[89.72319,25.13582],[89.72279,25.13583],[89.72259,25.13547],[89.72239,25.13547],[89.72239,25.13529],[89.72199,25.1353],[89.72177,25.13458],[89.72137,25.13441],[89.72138,25.13477],[89.72158,25.13477],[89.7216,25.13549],[89.722,25.13566],[89.722,25.13584],[89.7222,25.13584],[89.7222,25.13602],[89.7224,25.13602],[89.72241,25.13638],[89.72261,25.13637],[89.72261,25.13655],[89.72321,25.13654],[89.72341,25.1369],[89.72361,25.1369],[89.7236,25.13635],[89.7234,25.13636],[89.7234,25.13618],[89.72359,25.13617],[89.72359,25.13581],[89.72398,25.13581],[89.72399,25.13599],[89.72419,25.13598],[89.7242,25.13652],[89.7244,25.13652],[89.72441,25.13724],[89.72461,25.13724]]]}},{"type":"Feature","properties":{"kind":"land","ha":278.8},"geometry":{"type":"Polygon","coordinates":[[[89.60314,25.17841],[89.60315,25.17859],[89.60295,25.1786],[89.60274,25.17824],[89.60294,25.17823],[89.60294,25.17805],[89.60254,25.17788],[89.60253,25.1777],[89.60234,25.1777],[89.60233,25.17752],[89.60213,25.17753],[89.60213,25.17717],[89.60173,25.17699],[89.60172,25.17681],[89.60152,25.17682],[89.60152,25.17664],[89.60132,25.17664],[89.60133,25.177],[89.60153,25.177],[89.60154,25.17754],[89.60115,25.17772],[89.60115,25.17791],[89.60075,25.17791],[89.60074,25.17719],[89.60054,25.17719],[89.60052,25.17629],[89.60072,25.17629],[89.60071,25.17593],[89.60131,25.17592],[89.60131,25.1761],[89.60171,25.17609],[89.60212,25.17681],[89.60251,25.17662],[89.60251,25.17644],[89.60211,25.17626],[89.60209,25.17554],[89.6011,25.17556],[89.6011,25.17538],[89.6007,25.17539],[89.60049,25.17467],[89.60029,25.17467],[89.60028,25.17431],[89.60008,25.17431],[89.60008,25.17395],[89.59967,25.17378],[89.59967,25.1736],[89.59927,25.17361],[89.59907,25.17325],[89.59828,25.17326],[89.59828,25.17362],[89.59808,25.17363],[89.5981,25.17417],[89.5979,25.17417],[89.59791,25.17453],[89.59831,25.17471],[89.59831,25.17489],[89.59851,25.17488],[89.59853,25.17615],[89.59873,25.17614],[89.59874,25.17668],[89.59815,25.17669],[89.59815,25.17651],[89.59795,25.17652],[89.59773,25.1758],[89.59733,25.17563],[89.59732,25.1749],[89.59712,25.17491],[89.5971,25.17419],[89.5975,25.174],[89.59747,25.17292],[89.59827,25.1729],[89.59806,25.17254],[89.59786,25.17255],[89.59786,25.17237],[89.59766,25.17237],[89.59766,25.17219],[89.59726,25.1722],[89.59743,25.17075],[89.59802,25.17074],[89.59823,25.1711],[89.59843,25.17109],[89.59844,25.17164],[89.59824,25.17164],[89.59825,25.172],[89.59845,25.172],[89.59846,25.17272],[89.59886,25.17271],[89.59886,25.17289],[89.59946,25.17288],[89.59946,25.17306],[89.59986,25.17305],[89.59985,25.17287],[89.60005,25.17287],[89.60004,25.17233],[89.59984,25.17233],[89.59983,25.17179],[89.59943,25.17162],[89.59943,25.17144],[89.59923,25.17144],[89.59922,25.17126],[89.59903,25.17126],[89.59902,25.1709],[89.59882,25.17091],[89.59881,25.17037],[89.59841,25.17019],[89.5984,25.17001],[89.59821,25.17001],[89.5982,25.16983],[89.59781,25.16984],[89.5976,25.16948],[89.5972,25.16949],[89.5972,25.16931],[89.597,25.16931],[89.59701,25.16949],[89.59681,25.1695],[89.59682,25.17004],[89.59702,25.17004],[89.59702,25.17022],[89.59663,25.1704],[89.59664,25.17076],[89.59644,25.17077],[89.59644,25.17095],[89.59604,25.17096],[89.59603,25.17041],[89.59583,25.17042],[89.59583,25.17024],[89.59603,25.17023],[89.59602,25.16969],[89.59582,25.1697],[89.59582,25.16952],[89.59522,25.16953],[89.59521,25.16916],[89.59541,25.16916],[89.5954,25.16862],[89.5956,25.16862],[89.59559,25.16826],[89.59598,25.16807],[89.59597,25.16753],[89.59637,25.16752],[89.59636,25.16734],[89.59656,25.16734],[89.59655,25.1668],[89.59675,25.16679],[89.59673,25.16589],[89.59633,25.1659],[89.59614,25.16626],[89.59595,25.16626],[89.59596,25.16681],[89.59576,25.16681],[89.59577,25.16717],[89.59537,25.16736],[89.59538,25.16772],[89.59518,25.16772],[89.5952,25.16844],[89.59481,25.16863],[89.59482,25.16953],[89.59502,25.16953],[89.59504,25.17043],[89.59524,25.17043],[89.59526,25.17115],[89.59486,25.17134],[89.59486,25.17116],[89.59466,25.17116],[89.59465,25.17062],[89.59445,25.17062],[89.59444,25.17026],[89.59424,25.17026],[89.59426,25.17099],[89.59406,25.17099],[89.59407,25.17135],[89.59427,25.17135],[89.59428,25.17171],[89.59447,25.1717],[89.59448,25.17189],[89.59468,25.17188],[89.59467,25.17152],[89.59487,25.17152],[89.59489,25.1726],[89.59509,25.1726],[89.59509,25.17278],[89.59431,25.17315],[89.59432,25.17369],[89.59412,25.1737],[89.59412,25.17388],[89.59432,25.17387],[89.59433,25.17441],[89.59453,25.17441],[89.59455,25.17531],[89.59435,25.17532],[89.59436,25.17568],[89.59396,25.17568],[89.59397,25.17605],[89.59417,25.17604],[89.59417,25.17622],[89.59397,25.17623],[89.59398,25.17641],[89.59437,25.1764],[89.59438,25.17658],[89.59458,25.17658],[89.59459,25.17712],[89.59479,25.17711],[89.59481,25.1782],[89.59461,25.1782],[89.59464,25.17946],[89.59484,25.17946],[89.59485,25.18],[89.59465,25.18],[89.59465,25.18019],[89.59485,25.18018],[89.59486,25.18072],[89.59466,25.18073],[89.59468,25.18127],[89.59508,25.18144],[89.59508,25.1818],[89.59528,25.1818],[89.59529,25.18198],[89.59548,25.18198],[89.5953,25.1827],[89.5951,25.1827],[89.59511,25.18307],[89.59531,25.18306],[89.59533,25.18396],[89.59553,25.18396],[89.59554,25.18468],[89.59574,25.18468],[89.59576,25.1854],[89.59595,25.1854],[89.59597,25.18594],[89.59636,25.18593],[89.59634,25.18467],[89.59614,25.18467],[89.59612,25.18395],[89.59592,25.18395],[89.59592,25.18377],[89.59612,25.18377],[89.59611,25.18341],[89.59631,25.18341],[89.5963,25.18322],[89.5965,25.18322],[89.59649,25.18268],[89.59688,25.18249],[89.59688,25.18231],[89.59648,25.18214],[89.59648,25.18196],[89.59608,25.18197],[89.59607,25.1816],[89.59587,25.18161],[89.59586,25.18107],[89.59566,25.18107],[89.59566,25.18071],[89.59585,25.18071],[89.59585,25.18053],[89.59625,25.1807],[89.59625,25.18088],[89.59645,25.18088],[89.59622,25.17944],[89.59603,25.17944],[89.596,25.17836],[89.5964,25.17835],[89.5964,25.17817],[89.5962,25.17817],[89.59619,25.17763],[89.59599,25.17763],[89.596,25.17818],[89.5958,25.17818],[89.59579,25.17782],[89.5956,25.17782],[89.59558,25.17728],[89.59518,25.17711],[89.59518,25.17675],[89.59557,25.17656],[89.59556,25.17602],[89.59576,25.17601],[89.59573,25.17475],[89.59553,25.17475],[89.59551,25.17403],[89.59571,25.17403],[89.59571,25.17385],[89.59591,25.17385],[89.59592,25.17421],[89.59611,25.1742],[89.59612,25.17456],[89.59632,25.17456],[89.59632,25.17474],[89.59652,25.17474],[89.59651,25.17438],[89.59671,25.17437],[89.59672,25.17491],[89.59712,25.17509],[89.59714,25.17563],[89.59674,25.17582],[89.59675,25.176],[89.59655,25.176],[89.59655,25.17618],[89.59635,25.17618],[89.59636,25.17655],[89.59616,25.17655],[89.59617,25.17709],[89.59637,25.17709],[89.59639,25.17781],[89.59679,25.17798],[89.59679,25.17816],[89.59699,25.17816],[89.59701,25.17888],[89.5972,25.17888],[89.59722,25.17942],[89.59741,25.17941],[89.59743,25.17996],[89.59762,25.17995],[89.59764,25.18067],[89.59784,25.18067],[89.59784,25.18085],[89.59744,25.18086],[89.59744,25.1805],[89.59724,25.1805],[89.59724,25.18068],[89.59685,25.18069],[89.59685,25.18087],[89.59665,25.18087],[89.59666,25.18105],[89.59685,25.18105],[89.59686,25.18123],[89.59805,25.18121],[89.59805,25.18157],[89.59846,25.18174],[89.59826,25.18211],[89.59807,25.18211],[89.59807,25.18247],[89.59788,25.18248],[89.59789,25.18302],[89.59848,25.18301],[89.59847,25.18265],[89.59867,25.18264],[89.59867,25.18246],[89.59887,25.18246],[89.59887,25.18282],[89.59907,25.18282],[89.59908,25.183],[89.59928,25.18299],[89.59927,25.18281],[89.60006,25.1828],[89.60026,25.18243],[89.60045,25.18243],[89.60046,25.18261],[89.60066,25.18261],[89.60066,25.18297],[89.60106,25.18314],[89.60108,25.18368],[89.60148,25.18386],[89.60148,25.18404],[89.60168,25.18403],[89.6017,25.18493],[89.6019,25.18493],[89.6019,25.18511],[89.6023,25.1851],[89.60229,25.18492],[89.60249,25.18492],[89.60247,25.18402],[89.60207,25.18403],[89.60207,25.18366],[89.60266,25.18365],[89.60267,25.1842],[89.60307,25.18401],[89.60306,25.18383],[89.60326,25.18382],[89.60305,25.18347],[89.60266,25.18347],[89.60265,25.18329],[89.60246,25.1833],[89.60244,25.18276],[89.60284,25.18257],[89.60284,25.18275],[89.60324,25.18274],[89.60323,25.1822],[89.60283,25.18203],[89.60282,25.18185],[89.60223,25.18186],[89.60223,25.18204],[89.60183,25.18204],[89.60183,25.18186],[89.60123,25.18187],[89.60122,25.18133],[89.60103,25.18134],[89.601,25.18025],[89.6012,25.18025],[89.60119,25.17971],[89.60099,25.17971],[89.60097,25.17881],[89.60117,25.17881],[89.60116,25.17845],[89.60136,25.17844],[89.60137,25.1788],[89.60157,25.1788],[89.60158,25.17952],[89.60198,25.1797],[89.60199,25.17988],[89.60179,25.17988],[89.6018,25.18024],[89.60219,25.18023],[89.60238,25.17987],[89.60258,25.17987],[89.60257,25.1795],[89.60277,25.1795],[89.60277,25.17932],[89.60336,25.17931],[89.60337,25.17949],[89.60475,25.17947],[89.60475,25.17929],[89.60495,25.17928],[89.60515,25.17964],[89.60535,25.17964],[89.60518,25.18072],[89.60498,25.18073],[89.60498,25.18091],[89.60518,25.1809],[89.60519,25.18126],[89.60479,25.18109],[89.60478,25.18073],[89.60438,25.18074],[89.60438,25.18056],[89.60418,25.18056],[89.6042,25.18128],[89.6044,25.18128],[89.6044,25.18164],[89.60421,25.18164],[89.60422,25.18236],[89.60383,25.18255],[89.60383,25.18273],[89.60403,25.18273],[89.60404,25.18309],[89.60364,25.1831],[89.60365,25.18328],[89.60345,25.18328],[89.60345,25.18364],[89.60365,25.18364],[89.60366,25.18418],[89.60347,25.18418],[89.60348,25.18472],[89.60328,25.18473],[89.60329,25.18527],[89.60349,25.18526],[89.6035,25.18563],[89.60409,25.18561],[89.60428,25.18525],[89.60448,25.18525],[89.60447,25.18471],[89.60487,25.1847],[89.60466,25.18434],[89.60446,25.18434],[89.60446,25.18416],[89.60426,25.18417],[89.60425,25.18381],[89.60464,25.18362],[89.60464,25.18344],[89.60484,25.18344],[89.60485,25.1838],[89.60504,25.18379],[89.60506,25.18433],[89.60525,25.18433],[89.60527,25.18487],[89.60567,25.18505],[89.60588,25.18576],[89.60608,25.18576],[89.60604,25.18396],[89.60584,25.18396],[89.60583,25.18342],[89.60603,25.18341],[89.60602,25.18305],[89.60622,25.18305],[89.60619,25.18179],[89.60658,25.1816],[89.60636,25.18052],[89.60656,25.18052],[89.60655,25.18016],[89.60675,25.18015],[89.60675,25.17997],[89.60695,25.17997],[89.60694,25.17961],[89.60674,25.17961],[89.60673,25.17925],[89.60594,25.17926],[89.60592,25.17836],[89.60612,25.17836],[89.60612,25.17818],[89.60592,25.17818],[89.60591,25.178],[89.60552,25.17801],[89.6055,25.17711],[89.6057,25.1771],[89.60569,25.17692],[89.60708,25.1769],[89.60687,25.17618],[89.60667,25.17618],[89.60666,25.176],[89.60627,25.17601],[89.60626,25.17565],[89.60665,25.17546],[89.60663,25.17456],[89.60703,25.17455],[89.60703,25.17473],[89.60723,25.17473],[89.60705,25.17545],[89.60785,25.17562],[89.60785,25.17598],[89.60825,25.17616],[89.60825,25.17579],[89.60805,25.1758],[89.60801,25.17399],[89.60722,25.17419],[89.60722,25.17401],[89.60682,25.17401],[89.60681,25.17365],[89.60641,25.17348],[89.60641,25.1733],[89.60621,25.1733],[89.60621,25.17312],[89.60601,25.17313],[89.6062,25.17276],[89.6058,25.17259],[89.60579,25.17241],[89.6056,25.17241],[89.6056,25.17277],[89.6058,25.17277],[89.60581,25.17331],[89.60562,25.17331],[89.60564,25.1744],[89.60524,25.1744],[89.60525,25.17458],[89.60505,25.17459],[89.60484,25.17423],[89.60464,25.17423],[89.60464,25.17405],[89.60444,25.17406],[89.60442,25.17315],[89.60462,25.17315],[89.60461,25.17261],[89.60441,25.17261],[89.6044,25.17225],[89.6042,25.17226],[89.60419,25.17171],[89.60379,25.17154],[89.60379,25.17136],[89.60359,25.17136],[89.60358,25.171],[89.60319,25.17101],[89.60298,25.17065],[89.60278,25.17066],[89.60278,25.17048],[89.60258,25.17048],[89.60255,25.16922],[89.60215,25.16904],[89.60215,25.16886],[89.60195,25.16887],[89.60193,25.16778],[89.60153,25.16761],[89.60152,25.16725],[89.60132,25.16725],[89.60131,25.16653],[89.60051,25.16618],[89.6005,25.166],[89.6009,25.166],[89.60087,25.16491],[89.60068,25.16492],[89.60067,25.16474],[89.60008,25.16475],[89.60005,25.1633],[89.60025,25.1633],[89.60025,25.16348],[89.60065,25.16347],[89.60064,25.16329],[89.60084,25.16329],[89.60082,25.16239],[89.60121,25.1622],[89.60121,25.16202],[89.60141,25.16202],[89.6014,25.16184],[89.6016,25.16183],[89.60161,25.16201],[89.6022,25.162],[89.60221,25.16236],[89.60201,25.16237],[89.60205,25.16435],[89.60225,25.16435],[89.60228,25.16579],[89.60248,25.16579],[89.60249,25.16633],[89.60269,25.16633],[89.6027,25.16687],[89.6029,25.16686],[89.6029,25.16704],[89.6031,25.16704],[89.60309,25.1665],[89.60329,25.1665],[89.60328,25.16632],[89.60348,25.16631],[89.60349,25.16667],[89.60409,25.16666],[89.60408,25.1663],[89.60368,25.16613],[89.60367,25.16577],[89.60387,25.16576],[89.60386,25.16558],[89.60525,25.16556],[89.60524,25.16484],[89.60563,25.16465],[89.60563,25.16447],[89.60642,25.16446],[89.6064,25.16373],[89.6066,25.16373],[89.60659,25.16337],[89.60699,25.16336],[89.60699,25.16318],[89.60718,25.16318],[89.60717,25.16264],[89.60737,25.16263],[89.60737,25.16245],[89.60796,25.16244],[89.60797,25.16262],[89.60836,25.16262],[89.60855,25.16225],[89.60895,25.16224],[89.60916,25.1626],[89.60876,25.16279],[89.60877,25.16333],[89.60858,25.16333],[89.60858,25.16351],[89.60917,25.1635],[89.60918,25.16368],[89.60938,25.16368],[89.60938,25.16404],[89.60958,25.16404],[89.60959,25.1644],[89.60999,25.16439],[89.60998,25.16421],[89.61018,25.16421],[89.61017,25.16385],[89.60998,25.16385],[89.60996,25.16313],[89.61055,25.16312],[89.61056,25.1633],[89.61096,25.16329],[89.61095,25.16311],[89.61115,25.16311],[89.61114,25.16275],[89.61153,25.16256],[89.61153,25.16238],[89.61173,25.16238],[89.61172,25.16184],[89.61192,25.16183],[89.61191,25.16165],[89.61231,25.16164],[89.61231,25.16182],[89.61251,25.16182],[89.6125,25.16146],[89.6129,25.16145],[89.61309,25.16109],[89.61329,25.16109],[89.61328,25.16072],[89.61288,25.16073],[89.61269,25.1611],[89.6125,25.1611],[89.6125,25.16128],[89.6121,25.16129],[89.61211,25.16147],[89.61191,25.16147],[89.6119,25.16093],[89.6115,25.16094],[89.61129,25.16058],[89.6107,25.16059],[89.6107,25.16077],[89.6105,25.16077],[89.61052,25.16131],[89.61012,25.1615],[89.61013,25.16186],[89.60993,25.16187],[89.60994,25.16205],[89.60954,25.16205],[89.60953,25.16151],[89.60992,25.16133],[89.6099,25.16024],[89.6097,25.16025],[89.60968,25.15952],[89.61008,25.15934],[89.61028,25.15969],[89.61048,25.15969],[89.61049,25.16005],[89.61089,25.16023],[89.61107,25.1595],[89.61147,25.15931],[89.61146,25.15913],[89.61087,25.15914],[89.61086,25.15896],[89.60948,25.15899],[89.60947,25.15881],[89.60967,25.1588],[89.60946,25.15808],[89.60965,25.15808],[89.60965,25.15772],[89.60984,25.15772],[89.60985,25.1579],[89.61025,25.15789],[89.61024,25.15771],[89.61044,25.15771],[89.61022,25.15663],[89.61042,25.15662],[89.61041,25.15644],[89.61081,25.15644],[89.61081,25.15662],[89.61101,25.15661],[89.61102,25.15715],[89.61142,25.15715],[89.61142,25.15733],[89.61162,25.15732],[89.61164,25.15805],[89.61183,25.15804],[89.61185,25.15858],[89.61165,25.15859],[89.61165,25.15877],[89.61205,25.15894],[89.61206,25.15912],[89.61225,25.15912],[89.61226,25.15948],[89.61266,25.15965],[89.61267,25.15983],[89.61286,25.15983],[89.61287,25.16019],[89.61327,25.16036],[89.61327,25.16018],[89.61367,25.16018],[89.61366,25.16],[89.61386,25.15999],[89.61388,25.16089],[89.61368,25.1609],[89.61369,25.16126],[89.61349,25.16126],[89.6135,25.1618],[89.6139,25.1618],[89.61391,25.16216],[89.61371,25.16216],[89.61372,25.16252],[89.61332,25.16253],[89.61333,25.16325],[89.61294,25.16344],[89.61295,25.1638],[89.61315,25.1638],[89.61315,25.16398],[89.61375,25.16397],[89.61374,25.16378],[89.61394,25.16378],[89.61393,25.16324],[89.61433,25.16323],[89.61434,25.16395],[89.61414,25.16396],[89.61416,25.16486],[89.61396,25.16486],[89.61398,25.16541],[89.61378,25.16541],[89.61379,25.16613],[89.6134,25.16632],[89.61341,25.16686],[89.61321,25.16686],[89.61322,25.16722],[89.61302,25.16723],[89.61304,25.16813],[89.61284,25.16813],[89.61285,25.16831],[89.61245,25.16832],[89.61247,25.1694],[89.61267,25.1694],[89.61268,25.16994],[89.61249,25.16994],[89.6125,25.17067],[89.6127,25.17066],[89.61269,25.1703],[89.61289,25.1703],[89.61287,25.1694],[89.61307,25.16939],[89.61306,25.16903],[89.61326,25.16903],[89.61326,25.16885],[89.61345,25.16884],[89.61342,25.1674],[89.61362,25.1674],[89.61361,25.16704],[89.61381,25.16703],[89.6138,25.16667],[89.614,25.16667],[89.614,25.16649],[89.61479,25.16647],[89.61459,25.16612],[89.61498,25.16593],[89.61497,25.16575],[89.61537,25.16592],[89.61537,25.16574],[89.61577,25.16573],[89.61576,25.16537],[89.61556,25.16538],[89.61556,25.1652],[89.61536,25.1652],[89.61536,25.16538],[89.61497,25.16539],[89.61496,25.16521],[89.61457,25.16521],[89.61455,25.16467],[89.61475,25.16467],[89.61475,25.16431],[89.61494,25.16431],[89.61493,25.16358],[89.61532,25.1634],[89.61531,25.16285],[89.61551,25.16285],[89.61549,25.16195],[89.61569,25.16195],[89.61568,25.16177],[89.61548,25.16177],[89.61548,25.16159],[89.61568,25.16158],[89.61567,25.16104],[89.61587,25.16104],[89.61586,25.16068],[89.61606,25.16068],[89.61605,25.16031],[89.61644,25.16013],[89.61644,25.15995],[89.61664,25.15994],[89.61663,25.15976],[89.61723,25.15975],[89.61743,25.16011],[89.61783,25.1601],[89.61783,25.16028],[89.61843,25.16027],[89.61842,25.16009],[89.61862,25.16009],[89.61861,25.15973],[89.61842,25.15973],[89.6184,25.15919],[89.618,25.15902],[89.61799,25.15829],[89.61779,25.1583],[89.6178,25.15866],[89.61741,25.15885],[89.61741,25.15903],[89.61721,25.15903],[89.61721,25.15921],[89.61702,25.15921],[89.61702,25.15939],[89.61662,25.1594],[89.61663,25.15958],[89.61564,25.1596],[89.61543,25.15924],[89.61523,25.15925],[89.61523,25.15907],[89.61503,25.15907],[89.61501,25.15817],[89.61521,25.15816],[89.61521,25.15834],[89.61581,25.15833],[89.6158,25.15815],[89.616,25.15815],[89.61599,25.15743],[89.61618,25.15742],[89.61617,25.15688],[89.61637,25.15688],[89.61635,25.15598],[89.61674,25.15579],[89.61674,25.15561],[89.61694,25.15561],[89.61694,25.15543],[89.61713,25.15542],[89.61713,25.15524],[89.61733,25.15524],[89.61732,25.1547],[89.61771,25.15469],[89.61772,25.15505],[89.61792,25.15505],[89.61793,25.15541],[89.61812,25.1554],[89.61813,25.15558],[89.61893,25.15575],[89.61892,25.15557],[89.61932,25.15556],[89.61951,25.1552],[89.61971,25.1552],[89.61989,25.15447],[89.62009,25.15447],[89.62008,25.15429],[89.61989,25.15429],[89.61987,25.15375],[89.62007,25.15375],[89.62006,25.1532],[89.61986,25.15321],[89.61985,25.15285],[89.62005,25.15284],[89.62004,25.15212],[89.61984,25.15213],[89.61981,25.15086],[89.61961,25.15087],[89.61961,25.1505],[89.61921,25.15051],[89.61923,25.15141],[89.61903,25.15142],[89.61902,25.15106],[89.61883,25.15106],[89.6188,25.14998],[89.6196,25.15014],[89.6196,25.14996],[89.6194,25.14997],[89.61937,25.14888],[89.61957,25.14888],[89.61953,25.14708],[89.61973,25.14707],[89.61972,25.14671],[89.61992,25.14671],[89.6199,25.14581],[89.6201,25.1458],[89.62009,25.14544],[89.62029,25.14544],[89.62027,25.14454],[89.62047,25.14453],[89.62046,25.14417],[89.62066,25.14417],[89.62065,25.14381],[89.62105,25.14362],[89.62103,25.14272],[89.62083,25.14272],[89.62081,25.142],[89.62061,25.142],[89.62062,25.14236],[89.62023,25.14237],[89.62022,25.14201],[89.62002,25.14201],[89.6198,25.14094],[89.6196,25.14094],[89.61958,25.14004],[89.61938,25.14004],[89.61937,25.1395],[89.61898,25.13951],[89.61896,25.13896],[89.61856,25.13879],[89.61854,25.13789],[89.61814,25.13772],[89.61814,25.13735],[89.61794,25.13736],[89.61793,25.13682],[89.61773,25.13682],[89.61772,25.13646],[89.61732,25.13629],[89.61732,25.13611],[89.61712,25.13611],[89.61711,25.13593],[89.61692,25.13593],[89.61692,25.13629],[89.61673,25.1363],[89.61673,25.13666],[89.61653,25.13666],[89.61654,25.13702],[89.61694,25.1372],[89.61695,25.13738],[89.61715,25.13737],[89.61717,25.13864],[89.61737,25.13863],[89.61738,25.13899],[89.61818,25.13934],[89.6182,25.14042],[89.618,25.14043],[89.61801,25.14079],[89.6188,25.14059],[89.61881,25.14095],[89.61901,25.14095],[89.61903,25.14203],[89.61943,25.14221],[89.61943,25.14202],[89.61982,25.14202],[89.61983,25.1422],[89.62002,25.14219],[89.62004,25.14274],[89.61984,25.14274],[89.61985,25.14328],[89.61965,25.14328],[89.61966,25.14383],[89.61946,25.14383],[89.61948,25.14455],[89.61928,25.14455],[89.61931,25.14582],[89.61951,25.14581],[89.61951,25.14617],[89.61932,25.14618],[89.61932,25.14636],[89.61873,25.14637],[89.61871,25.14583],[89.61891,25.14582],[89.61891,25.14564],[89.61851,25.14565],[89.61851,25.14547],[89.61811,25.14566],[89.61812,25.14584],[89.61772,25.14585],[89.61752,25.14549],[89.61732,25.14549],[89.61731,25.14513],[89.61691,25.14514],[89.61672,25.1455],[89.61653,25.14551],[89.61654,25.14605],[89.61674,25.14604],[89.61674,25.14622],[89.61595,25.14624],[89.61596,25.14696],[89.61576,25.14696],[89.61579,25.14805],[89.61559,25.14805],[89.6156,25.14841],[89.61599,25.1484],[89.616,25.14858],[89.61639,25.14858],[89.6164,25.14876],[89.61659,25.14875],[89.61661,25.14966],[89.61642,25.14966],[89.61642,25.15002],[89.61623,25.15002],[89.61624,25.15074],[89.61664,25.15074],[89.61664,25.1511],[89.61684,25.1511],[89.61686,25.15182],[89.61666,25.15182],[89.61666,25.152],[89.61587,25.15201],[89.61586,25.15165],[89.61606,25.15165],[89.61604,25.15075],[89.61545,25.15076],[89.61546,25.1513],[89.61507,25.15149],[89.61508,25.15221],[89.61469,25.1524],[89.6147,25.15276],[89.6143,25.15258],[89.61411,25.15295],[89.61351,25.15296],[89.61351,25.15278],[89.61331,25.15278],[89.61312,25.15315],[89.61292,25.15315],[89.61292,25.15333],[89.61273,25.15333],[89.61273,25.15351],[89.61233,25.15352],[89.61233,25.15316],[89.61213,25.15316],[89.61212,25.15298],[89.61153,25.15299],[89.61152,25.15263],[89.61132,25.15264],[89.61132,25.15228],[89.61151,25.15227],[89.61149,25.15137],[89.61109,25.1512],[89.61109,25.15102],[89.61089,25.15102],[89.6109,25.15138],[89.61051,25.15157],[89.61051,25.15175],[89.61091,25.15192],[89.61092,25.15228],[89.61072,25.15229],[89.61072,25.15247],[89.61033,25.15247],[89.61034,25.15302],[89.61054,25.15301],[89.61054,25.15319],[89.61034,25.1532],[89.61035,25.15356],[89.61015,25.15356],[89.61019,25.15518],[89.61039,25.15518],[89.61039,25.15536],[89.61,25.15555],[89.61,25.15573],[89.6098,25.15573],[89.60982,25.15645],[89.60962,25.15646],[89.60963,25.15682],[89.60923,25.15701],[89.60923,25.15683],[89.60883,25.15683],[89.60883,25.15665],[89.60843,25.15666],[89.60843,25.1563],[89.60862,25.15629],[89.60861,25.15575],[89.60841,25.15576],[89.60841,25.1554],[89.60821,25.1554],[89.60821,25.15558],[89.60742,25.15559],[89.60742,25.15541],[89.60722,25.15542],[89.60723,25.15578],[89.60683,25.15578],[89.60664,25.15615],[89.60644,25.15615],[89.60647,25.15742],[89.60667,25.15741],[89.60667,25.15777],[89.60707,25.15759],[89.60705,25.15704],[89.60725,25.15704],[89.60725,25.15686],[89.60765,25.15703],[89.60764,25.15667],[89.60784,25.15667],[89.60784,25.15649],[89.60824,25.15666],[89.60824,25.15684],[89.60844,25.15684],[89.60845,25.15738],[89.60785,25.15739],[89.60788,25.15847],[89.60808,25.15847],[89.60808,25.15865],[89.60788,25.15865],[89.60789,25.15901],[89.6075,25.1592],[89.6075,25.15938],[89.6073,25.15939],[89.60733,25.16065],[89.60753,25.16065],[89.60754,25.16119],[89.60715,25.16137],[89.60715,25.16155],[89.60695,25.16156],[89.60696,25.16174],[89.60676,25.16174],[89.60677,25.16228],[89.60638,25.16247],[89.60638,25.16283],[89.60619,25.16284],[89.60619,25.16302],[89.6052,25.16303],[89.6052,25.16321],[89.60481,25.16322],[89.60442,25.16395],[89.60403,25.16396],[89.60382,25.1636],[89.60362,25.1636],[89.6036,25.1627],[89.6038,25.1627],[89.6038,25.16252],[89.6042,25.16251],[89.60419,25.16215],[89.60458,25.16196],[89.60457,25.1616],[89.60497,25.16141],[89.60514,25.16033],[89.60534,25.16032],[89.60533,25.15978],[89.60513,25.15979],[89.60495,25.16051],[89.60455,25.1607],[89.60456,25.16088],[89.60416,25.1607],[89.60415,25.16052],[89.60376,25.16071],[89.60375,25.16017],[89.60395,25.16017],[89.60394,25.15981],[89.60354,25.15963],[89.60353,25.15909],[89.60373,25.15909],[89.60372,25.15873],[89.60392,25.15872],[89.6039,25.15782],[89.60429,25.15763],[89.60429,25.15745],[89.60448,25.15745],[89.60448,25.15727],[89.60488,25.15726],[89.60487,25.15708],[89.60507,25.15708],[89.60487,25.15672],[89.60467,25.15672],[89.60467,25.15691],[89.60427,25.15691],[89.60428,25.15709],[89.60388,25.1571],[89.60387,25.15656],[89.60367,25.15656],[89.60368,25.15692],[89.60329,25.15711],[89.60329,25.15729],[89.60309,25.15729],[89.6031,25.15747],[89.6029,25.15748],[89.6029,25.15766],[89.6027,25.15766],[89.60252,25.15839],[89.60232,25.15839],[89.60233,25.15875],[89.60293,25.15874],[89.60293,25.15892],[89.60313,25.15892],[89.60314,25.15964],[89.60275,25.15983],[89.60275,25.16001],[89.60236,25.16001],[89.60236,25.1602],[89.60216,25.1602],[89.60218,25.1611],[89.60198,25.1611],[89.60199,25.16128],[89.60139,25.1613],[89.60139,25.16111],[89.60119,25.16112],[89.601,25.16148],[89.6008,25.16149],[89.60081,25.16167],[89.60061,25.16167],[89.60061,25.16185],[89.60041,25.16185],[89.60042,25.16203],[89.59982,25.16204],[89.59982,25.16186],[89.59962,25.16187],[89.59943,25.16223],[89.59903,25.16224],[89.59904,25.16242],[89.59884,25.16242],[89.59884,25.1626],[89.59924,25.1626],[89.59925,25.16314],[89.59905,25.16314],[89.59906,25.1635],[89.59886,25.16351],[89.59887,25.16387],[89.59848,25.16405],[89.59848,25.16423],[89.59828,25.16424],[89.5983,25.16496],[89.5987,25.16513],[89.5987,25.16531],[89.5991,25.16531],[89.59911,25.16567],[89.59891,25.16567],[89.59892,25.16621],[89.59912,25.16621],[89.59912,25.16657],[89.59932,25.16657],[89.59933,25.16693],[89.59973,25.1671],[89.59973,25.16692],[89.60012,25.16691],[89.60013,25.16709],[89.60033,25.16709],[89.60033,25.16745],[89.60014,25.16745],[89.60016,25.16854],[89.60036,25.16853],[89.60036,25.16871],[89.60096,25.1687],[89.60096,25.16888],[89.60116,25.16888],[89.60117,25.16924],[89.60157,25.16941],[89.60157,25.16959],[89.60177,25.16959],[89.60177,25.16977],[89.60217,25.16976],[89.60217,25.16995],[89.60237,25.16994],[89.6024,25.1712],[89.60279,25.1712],[89.6028,25.17138],[89.603,25.17137],[89.60301,25.1721],[89.60281,25.1721],[89.60285,25.1739],[89.60305,25.1739],[89.60306,25.17426],[89.60286,25.17427],[89.60289,25.17571],[89.60309,25.17571],[89.60308,25.17534],[89.60367,25.17533],[89.60368,25.17551],[89.60388,25.17551],[89.60387,25.17515],[89.60426,25.17496],[89.60426,25.17478],[89.60446,25.17478],[89.60445,25.1746],[89.60485,25.17477],[89.60486,25.17513],[89.60506,25.17513],[89.60508,25.17603],[89.60528,25.17603],[89.60528,25.17639],[89.60548,25.17638],[89.60549,25.17657],[89.60509,25.17675],[89.60489,25.1764],[89.60469,25.1764],[89.60468,25.17604],[89.60428,25.17586],[89.60428,25.17568],[89.60408,25.17569],[89.60409,25.17623],[89.60449,25.1764],[89.60449,25.17658],[89.60469,25.17658],[89.60471,25.1773],[89.60432,25.17749],[89.60432,25.17785],[89.60412,25.17785],[89.60413,25.17803],[89.60373,25.17786],[89.60373,25.17804],[89.60353,25.17804],[89.60354,25.1784],[89.60314,25.17841]],[[89.61152,25.16184],[89.61152,25.16166],[89.61171,25.16165],[89.61172,25.16184],[89.61152,25.16184]],[[89.60522,25.16412],[89.60503,25.16448],[89.60463,25.16449],[89.60463,25.16413],[89.60443,25.16413],[89.60442,25.16395],[89.60522,25.16412]],[[89.60394,25.1784],[89.60393,25.17822],[89.60453,25.17821],[89.60453,25.17839],[89.60473,25.17838],[89.60474,25.17892],[89.60395,25.17894],[89.60395,25.17876],[89.60355,25.17877],[89.60354,25.1784],[89.60394,25.1784]],[[89.60423,25.1829],[89.60443,25.1829],[89.60443,25.18308],[89.60424,25.18309],[89.60423,25.1829]],[[89.60579,25.18143],[89.60559,25.18144],[89.60558,25.18108],[89.60597,25.18089],[89.60597,25.18053],[89.60617,25.18052],[89.60599,25.18161],[89.60579,25.18161],[89.60579,25.18143]],[[89.59963,25.18118],[89.59983,25.18118],[89.59982,25.18082],[89.60002,25.18081],[89.60003,25.18099],[89.60022,25.18099],[89.60023,25.18135],[89.59984,25.18154],[89.59963,25.18118]],[[89.59918,25.1783],[89.59958,25.17847],[89.59958,25.17865],[89.59918,25.17866],[89.59918,25.1783]],[[89.59876,25.17723],[89.59895,25.17722],[89.59895,25.17686],[89.59914,25.17686],[89.59915,25.17704],[89.59935,25.17703],[89.59936,25.17758],[89.59896,25.17758],[89.59897,25.17776],[89.59877,25.17777],[89.59876,25.17723]],[[89.60565,25.17512],[89.60546,25.17512],[89.60545,25.17476],[89.60585,25.17493],[89.60586,25.1753],[89.60566,25.1753],[89.60565,25.17512]],[[89.59546,25.17133],[89.59566,25.17132],[89.59566,25.17168],[89.59547,25.17169],[89.59546,25.17133]],[[89.59971,25.16602],[89.59991,25.16601],[89.59991,25.16637],[89.59972,25.16638],[89.59971,25.16602]],[[89.60327,25.16541],[89.60327,25.16577],[89.60307,25.16578],[89.60307,25.16542],[89.60327,25.16541]],[[89.60287,25.16542],[89.60287,25.16524],[89.60306,25.16524],[89.60307,25.16542],[89.60287,25.16542]],[[89.60262,25.1629],[89.60242,25.1629],[89.60241,25.16272],[89.60261,25.16272],[89.60261,25.16236],[89.6034,25.16234],[89.6034,25.16252],[89.6032,25.16253],[89.60321,25.16289],[89.60301,25.16289],[89.60302,25.16325],[89.60262,25.16326],[89.60262,25.1629]],[[89.61092,25.16167],[89.61112,25.16167],[89.61113,25.16221],[89.61093,25.16221],[89.61092,25.16167]],[[89.60338,25.16144],[89.60378,25.16143],[89.60378,25.16161],[89.60398,25.16161],[89.60397,25.16143],[89.60437,25.16142],[89.60438,25.16178],[89.60418,25.16179],[89.60418,25.16197],[89.60379,25.16197],[89.60379,25.16216],[89.60359,25.16216],[89.60338,25.16144]],[[89.61345,25.15946],[89.61385,25.15945],[89.61383,25.15855],[89.61403,25.15855],[89.61423,25.1589],[89.61443,25.1589],[89.61444,25.15926],[89.61405,25.15945],[89.61405,25.15963],[89.61385,25.15963],[89.61386,25.15981],[89.61346,25.15982],[89.61345,25.15946]],[[89.61181,25.15678],[89.6122,25.15677],[89.6124,25.15641],[89.61259,25.1564],[89.61258,25.15586],[89.61238,25.15587],[89.61238,25.15551],[89.61297,25.1555],[89.61298,25.15604],[89.61278,25.15604],[89.61279,25.15622],[89.61299,25.15622],[89.613,25.15676],[89.6128,25.15676],[89.61281,25.15712],[89.61241,25.15731],[89.61242,25.15749],[89.61202,25.1575],[89.61181,25.15678]],[[89.61497,25.15636],[89.61477,25.15637],[89.61476,25.15582],[89.61516,25.156],[89.61517,25.15654],[89.61498,25.15654],[89.61497,25.15636]],[[89.61357,25.15585],[89.61377,25.15584],[89.61378,25.15602],[89.61358,25.15603],[89.61357,25.15585]],[[89.61376,25.15512],[89.61395,25.15512],[89.61396,25.15548],[89.61376,25.15548],[89.61376,25.15512]],[[89.61652,25.15435],[89.61671,25.15435],[89.61671,25.15399],[89.61631,25.15417],[89.61631,25.15399],[89.61611,25.154],[89.6161,25.15345],[89.6165,25.15345],[89.6167,25.15381],[89.6171,25.1538],[89.61712,25.1547],[89.61692,25.1547],[89.61693,25.15506],[89.61673,25.15507],[89.61652,25.15435]],[[89.61315,25.15459],[89.61295,25.15459],[89.61294,25.15405],[89.61353,25.15404],[89.61354,25.15422],[89.61374,25.15422],[89.61375,25.15476],[89.61315,25.15477],[89.61315,25.15459]],[[89.6187,25.15431],[89.61889,25.15431],[89.61889,25.15413],[89.61909,25.15412],[89.6191,25.15448],[89.6189,25.15449],[89.6189,25.15467],[89.61851,25.15468],[89.6187,25.15431]],[[89.61412,25.15349],[89.61451,25.15348],[89.61433,25.15421],[89.61453,25.1542],[89.61453,25.15439],[89.61414,25.15439],[89.61412,25.15349]],[[89.61451,25.15312],[89.6147,25.15312],[89.61471,25.1533],[89.61451,25.1533],[89.61451,25.15312]],[[89.61906,25.15286],[89.61926,25.15286],[89.61927,25.15322],[89.61907,25.15322],[89.61906,25.15286]],[[89.61782,25.15036],[89.61762,25.15036],[89.61761,25.15],[89.61781,25.15],[89.6178,25.14963],[89.6182,25.14963],[89.61822,25.15053],[89.61842,25.15053],[89.61843,25.15107],[89.61823,25.15107],[89.61823,25.15125],[89.61784,25.15126],[89.61782,25.15036]],[[89.61797,25.14801],[89.61817,25.148],[89.61818,25.14854],[89.61798,25.14855],[89.61797,25.14801]],[[89.61717,25.14766],[89.61697,25.14766],[89.61696,25.1473],[89.61755,25.14729],[89.61756,25.14747],[89.61796,25.14747],[89.61776,25.14783],[89.61717,25.14784],[89.61717,25.14766]]]}},{"type":"Feature","properties":{"kind":"land","ha":42.4},"geometry":{"type":"Polygon","coordinates":[[[89.7107,25.15392],[89.71068,25.15284],[89.71048,25.15284],[89.71046,25.15212],[89.71066,25.15211],[89.71064,25.15121],[89.71044,25.15122],[89.71044,25.15085],[89.71083,25.15085],[89.71084,25.15121],[89.71104,25.1512],[89.71105,25.15175],[89.71125,25.15174],[89.71126,25.1521],[89.71165,25.1521],[89.71164,25.15137],[89.71144,25.15138],[89.71143,25.15102],[89.71123,25.15102],[89.71121,25.15012],[89.71102,25.15012],[89.71101,25.14976],[89.71081,25.14977],[89.71079,25.14904],[89.71059,25.14905],[89.71058,25.14851],[89.71038,25.14851],[89.71038,25.14815],[89.71018,25.14815],[89.71016,25.14743],[89.71036,25.14743],[89.71036,25.14725],[89.71016,25.14725],[89.71014,25.14653],[89.71034,25.14652],[89.71033,25.14598],[89.71013,25.14599],[89.71014,25.14635],[89.70974,25.14636],[89.70973,25.14581],[89.70993,25.14581],[89.70992,25.14563],[89.71032,25.14562],[89.71031,25.14508],[89.71011,25.14509],[89.71011,25.1449],[89.70971,25.14491],[89.70971,25.14509],[89.70912,25.1451],[89.70912,25.14492],[89.70892,25.14493],[89.70889,25.14348],[89.70869,25.14349],[89.70868,25.14295],[89.70907,25.14276],[89.70906,25.14258],[89.70946,25.14257],[89.70944,25.14185],[89.70925,25.14185],[89.70924,25.14149],[89.70904,25.14149],[89.70903,25.14113],[89.70824,25.14097],[89.70803,25.14061],[89.70783,25.14061],[89.70782,25.14007],[89.70762,25.14008],[89.70761,25.13972],[89.70741,25.13972],[89.7074,25.13918],[89.7072,25.13918],[89.7072,25.13882],[89.707,25.13883],[89.70699,25.13846],[89.70659,25.13829],[89.70638,25.13757],[89.70618,25.13758],[89.70617,25.13704],[89.70577,25.13686],[89.70576,25.1365],[89.70556,25.1365],[89.70555,25.13632],[89.70536,25.13633],[89.70514,25.13561],[89.70494,25.13561],[89.70494,25.13525],[89.70454,25.13508],[89.70453,25.13472],[89.70433,25.13472],[89.70433,25.13454],[89.70413,25.13455],[89.70412,25.13418],[89.70372,25.13401],[89.70372,25.13383],[89.70352,25.13383],[89.70351,25.13365],[89.70332,25.13366],[89.70331,25.13348],[89.70311,25.13348],[89.70311,25.1333],[89.70291,25.1333],[89.70292,25.13385],[89.70332,25.13402],[89.70334,25.13456],[89.70353,25.13456],[89.70376,25.136],[89.70396,25.13599],[89.70397,25.13635],[89.70417,25.13635],[89.70419,25.13743],[89.70399,25.13744],[89.70401,25.13798],[89.7042,25.13797],[89.70421,25.13833],[89.70441,25.13833],[89.70443,25.13941],[89.70463,25.13941],[89.70464,25.13977],[89.70484,25.13977],[89.70484,25.13995],[89.70504,25.13994],[89.70525,25.14066],[89.70545,25.14066],[89.70546,25.1412],[89.70566,25.1412],[89.70568,25.14192],[89.70588,25.14191],[89.70588,25.14227],[89.70608,25.14227],[89.7063,25.14335],[89.7065,25.14335],[89.70651,25.14389],[89.70671,25.14388],[89.70673,25.14443],[89.70692,25.14442],[89.70694,25.14496],[89.70734,25.14514],[89.70734,25.1455],[89.70754,25.14549],[89.70755,25.14567],[89.70774,25.14567],[89.70775,25.14603],[89.70815,25.1462],[89.70816,25.14675],[89.70836,25.14674],[89.70837,25.1471],[89.70857,25.1471],[89.70859,25.14818],[89.70879,25.14818],[89.7088,25.14854],[89.709,25.14853],[89.709,25.1489],[89.7092,25.14889],[89.70921,25.14925],[89.70941,25.14925],[89.70942,25.14979],[89.70962,25.14979],[89.70965,25.15123],[89.70985,25.15123],[89.70987,25.15231],[89.71007,25.15231],[89.7101,25.15339],[89.71029,25.15338],[89.71031,25.15393],[89.7107,25.15392]],[[89.7077,25.1435],[89.70829,25.14349],[89.7083,25.14385],[89.7077,25.14387],[89.7077,25.1435]]]}},{"type":"Feature","properties":{"kind":"land","ha":22.8},"geometry":{"type":"Polygon","coordinates":[[[89.72911,25.15232],[89.7291,25.15214],[89.7287,25.15196],[89.7287,25.1516],[89.7285,25.15161],[89.72848,25.15088],[89.72828,25.15089],[89.72826,25.14981],[89.72806,25.14981],[89.72805,25.14909],[89.72785,25.14909],[89.72782,25.14765],[89.72762,25.14765],[89.7276,25.14675],[89.7274,25.14675],[89.72721,25.13827],[89.72701,25.13828],[89.72698,25.13701],[89.72679,25.13702],[89.72677,25.1363],[89.72657,25.1363],[89.72655,25.1354],[89.72635,25.1354],[89.72634,25.13468],[89.72614,25.13468],[89.72613,25.13414],[89.72573,25.13397],[89.72572,25.13361],[89.72552,25.13361],[89.7253,25.13253],[89.7249,25.13254],[89.72492,25.13326],[89.72472,25.13327],[89.72472,25.13345],[89.72512,25.13362],[89.72513,25.1338],[89.72533,25.1338],[89.72534,25.13434],[89.72554,25.13433],[89.72554,25.13469],[89.72574,25.13469],[89.72576,25.13559],[89.72596,25.13559],[89.72597,25.13595],[89.72617,25.13595],[89.7262,25.13721],[89.72639,25.13721],[89.7264,25.13757],[89.7266,25.13756],[89.72663,25.13883],[89.72683,25.13882],[89.72685,25.1399],[89.72665,25.13991],[89.72665,25.13973],[89.72645,25.13973],[89.72643,25.13865],[89.72602,25.13848],[89.72602,25.13812],[89.72562,25.13794],[89.72561,25.13776],[89.72541,25.13777],[89.72541,25.1374],[89.72521,25.13741],[89.7252,25.13723],[89.72461,25.13724],[89.72462,25.13778],[89.72502,25.13795],[89.72503,25.13831],[89.72523,25.13831],[89.72523,25.13849],[89.72543,25.13849],[89.72545,25.13921],[89.72564,25.1392],[89.72568,25.14065],[89.72587,25.14064],[89.7259,25.14173],[89.7261,25.14172],[89.72617,25.14515],[89.72637,25.14515],[89.72641,25.14677],[89.72661,25.14677],[89.72664,25.14821],[89.72684,25.14821],[89.72688,25.15001],[89.72707,25.15001],[89.72709,25.15073],[89.72749,25.1509],[89.72771,25.15162],[89.7279,25.15162],[89.72791,25.15198],[89.72831,25.15215],[89.72832,25.15233],[89.72871,25.15232],[89.72872,25.1525],[89.72911,25.15232]]]}},{"type":"Feature","properties":{"kind":"land","ha":10.2},"geometry":{"type":"Polygon","coordinates":[[[89.65446,25.13905],[89.65445,25.13887],[89.65366,25.13871],[89.65345,25.13835],[89.65325,25.13835],[89.65325,25.13817],[89.65305,25.13818],[89.65304,25.13782],[89.65285,25.13782],[89.65284,25.13764],[89.65245,25.13765],[89.65243,25.13711],[89.65224,25.13711],[89.65223,25.13693],[89.65184,25.13694],[89.65163,25.13658],[89.65143,25.13658],[89.65143,25.1364],[89.65123,25.1364],[89.65122,25.13622],[89.65083,25.13623],[89.65062,25.13587],[89.65042,25.13588],[89.65042,25.13552],[89.65002,25.13534],[89.65001,25.13498],[89.64961,25.13499],[89.64941,25.13463],[89.64921,25.13464],[89.6492,25.13446],[89.64901,25.13446],[89.649,25.13428],[89.64861,25.13429],[89.6486,25.13411],[89.64781,25.13412],[89.6478,25.13394],[89.64622,25.13397],[89.64622,25.13415],[89.64583,25.13415],[89.64582,25.13397],[89.64543,25.13398],[89.64542,25.1338],[89.64463,25.13382],[89.64463,25.13363],[89.64423,25.13364],[89.64423,25.13346],[89.64383,25.13347],[89.64383,25.13329],[89.64343,25.1333],[89.64322,25.13294],[89.64302,25.13294],[89.64302,25.13276],[89.64282,25.13276],[89.64282,25.13258],[89.64262,25.13259],[89.64262,25.13241],[89.64242,25.13241],[89.64241,25.13205],[89.64201,25.13206],[89.64202,25.13224],[89.64222,25.13223],[89.64222,25.13259],[89.64242,25.13259],[89.64243,25.13295],[89.64283,25.13313],[89.64283,25.13331],[89.64303,25.1333],[89.64304,25.13348],[89.64323,25.13348],[89.64324,25.13366],[89.64344,25.13366],[89.64344,25.13384],[89.64384,25.13383],[89.64404,25.13419],[89.64424,25.13418],[89.64425,25.13436],[89.64444,25.13436],[89.64445,25.13454],[89.64663,25.1345],[89.64663,25.13468],[89.64723,25.13467],[89.64723,25.13485],[89.64822,25.13483],[89.64822,25.13501],[89.64882,25.135],[89.64882,25.13518],[89.64942,25.13517],[89.64962,25.13553],[89.64982,25.13553],[89.64983,25.13571],[89.65002,25.1357],[89.65003,25.13588],[89.65023,25.13588],[89.65023,25.13606],[89.65043,25.13606],[89.65044,25.1366],[89.65064,25.1366],[89.65065,25.13714],[89.65085,25.13713],[89.65086,25.13749],[89.65105,25.13749],[89.65106,25.13785],[89.65146,25.13784],[89.65147,25.13821],[89.65166,25.1382],[89.65167,25.13838],[89.65246,25.13837],[89.65246,25.13855],[89.65286,25.13854],[89.65307,25.1389],[89.65346,25.13889],[89.65347,25.13907],[89.65446,25.13905]],[[89.64463,25.134],[89.64483,25.13399],[89.64484,25.13417],[89.64464,25.13418],[89.64463,25.134]]]}},{"type":"Feature","properties":{"kind":"land","ha":21.8},"geometry":{"type":"Polygon","coordinates":[[[89.74018,25.14182],[89.74017,25.14128],[89.74036,25.14128],[89.74016,25.14092],[89.74036,25.14092],[89.74035,25.14074],[89.74015,25.14074],[89.74014,25.14038],[89.73975,25.14039],[89.73974,25.14003],[89.74014,25.14002],[89.74013,25.13984],[89.73974,25.13985],[89.73972,25.13913],[89.73992,25.13912],[89.7399,25.13822],[89.7395,25.13823],[89.7393,25.13787],[89.7391,25.13787],[89.73909,25.13769],[89.7389,25.1377],[89.73889,25.13734],[89.73869,25.13734],[89.73866,25.13608],[89.73846,25.13608],[89.73845,25.13572],[89.73805,25.13555],[89.73805,25.13537],[89.73785,25.13537],[89.73784,25.13501],[89.73744,25.13484],[89.73744,25.13466],[89.73665,25.13485],[89.73664,25.13449],[89.73644,25.13449],[89.73644,25.13431],[89.73565,25.13451],[89.73566,25.13487],[89.73546,25.13487],[89.73526,25.13452],[89.73506,25.13452],[89.73524,25.13379],[89.73544,25.13379],[89.73543,25.13325],[89.73523,25.13325],[89.73522,25.13289],[89.73502,25.1329],[89.73503,25.13326],[89.73483,25.13326],[89.73484,25.13344],[89.73444,25.13345],[89.73444,25.13363],[89.73424,25.13363],[89.73424,25.13345],[89.73404,25.13345],[89.73403,25.13291],[89.73363,25.13274],[89.73363,25.13256],[89.73343,25.13256],[89.73342,25.13238],[89.73323,25.13239],[89.73322,25.13221],[89.73302,25.13221],[89.73302,25.13185],[89.73282,25.13185],[89.73281,25.13167],[89.73242,25.13168],[89.73221,25.13132],[89.73201,25.13133],[89.73201,25.13115],[89.73181,25.13115],[89.73181,25.13097],[89.73161,25.13097],[89.7316,25.13079],[89.73121,25.1308],[89.7312,25.13062],[89.73001,25.13046],[89.73022,25.13082],[89.73041,25.13081],[89.73042,25.13099],[89.73062,25.13099],[89.73062,25.13117],[89.73082,25.13117],[89.73082,25.13135],[89.73102,25.13134],[89.73103,25.13153],[89.73122,25.13152],[89.73123,25.1317],[89.73143,25.1317],[89.73143,25.13188],[89.73183,25.13187],[89.73203,25.13223],[89.73243,25.13222],[89.73263,25.13258],[89.73283,25.13257],[89.73284,25.13294],[89.73324,25.13311],[89.73325,25.13347],[89.73365,25.13364],[89.73365,25.13382],[89.73405,25.13382],[89.73426,25.13453],[89.73446,25.13453],[89.73447,25.13507],[89.73467,25.13507],[89.73468,25.13543],[89.73508,25.1356],[89.73509,25.13596],[89.73529,25.13596],[89.73529,25.13614],[89.73549,25.13614],[89.73571,25.13721],[89.73611,25.13739],[89.73612,25.13757],[89.73631,25.13756],[89.73632,25.13792],[89.73652,25.13792],[89.73654,25.13864],[89.73694,25.13882],[89.73694,25.139],[89.73813,25.13897],[89.73811,25.13825],[89.73852,25.13843],[89.73854,25.13933],[89.73873,25.13932],[89.73874,25.13969],[89.73914,25.13986],[89.73915,25.14004],[89.73934,25.14003],[89.73935,25.1404],[89.73975,25.14057],[89.73976,25.14093],[89.73996,25.14093],[89.73978,25.14165],[89.73997,25.14165],[89.73998,25.14183],[89.74018,25.14182]],[[89.73788,25.13681],[89.73828,25.13681],[89.73828,25.13699],[89.73848,25.13698],[89.73849,25.13734],[89.7381,25.13753],[89.73788,25.13681]]]}},{"type":"Feature","properties":{"kind":"land","ha":4.2},"geometry":{"type":"Polygon","coordinates":[[[89.70278,25.13619],[89.70277,25.13583],[89.70297,25.13583],[89.70295,25.13511],[89.70275,25.13511],[89.70274,25.13475],[89.70255,25.13476],[89.70254,25.13439],[89.70214,25.13422],[89.70213,25.13404],[89.70194,25.13404],[89.70193,25.13368],[89.70153,25.13351],[89.70152,25.13333],[89.70133,25.13333],[89.70132,25.13315],[89.70112,25.13316],[89.70112,25.13298],[89.70092,25.13298],[89.70092,25.1328],[89.70072,25.1328],[89.70071,25.13262],[89.70052,25.13263],[89.70051,25.13245],[89.70031,25.13245],[89.70031,25.13227],[89.70011,25.13227],[89.70011,25.13209],[89.69991,25.1321],[89.6997,25.13138],[89.6993,25.1312],[89.69929,25.13102],[89.69909,25.13103],[89.69909,25.13085],[89.69889,25.13085],[89.6989,25.13121],[89.6993,25.13139],[89.6993,25.13157],[89.6995,25.13156],[89.69951,25.13192],[89.69971,25.13192],[89.69972,25.13228],[89.70012,25.13245],[89.70012,25.13263],[89.70032,25.13263],[89.70053,25.13335],[89.70093,25.13352],[89.70094,25.1337],[89.70114,25.1337],[89.70114,25.13406],[89.70134,25.13406],[89.70135,25.1346],[89.70155,25.13459],[89.70156,25.13495],[89.70176,25.13495],[89.70177,25.13531],[89.70196,25.13531],[89.70198,25.13585],[89.70217,25.13584],[89.70218,25.13621],[89.70238,25.1362],[89.70238,25.13638],[89.70278,25.13619]]]}},{"type":"Feature","properties":{"kind":"land","ha":7.9},"geometry":{"type":"Polygon","coordinates":[[[89.62761,25.13538],[89.62761,25.1352],[89.62781,25.1352],[89.62778,25.13412],[89.62758,25.13412],[89.62758,25.13376],[89.62777,25.13375],[89.62777,25.13339],[89.62757,25.1334],[89.62756,25.13286],[89.62716,25.13268],[89.62715,25.1325],[89.62696,25.13251],[89.62695,25.13233],[89.62675,25.13233],[89.62693,25.13124],[89.62653,25.13125],[89.62654,25.13161],[89.62615,25.1318],[89.62615,25.13198],[89.62575,25.13199],[89.62576,25.13235],[89.62537,25.13253],[89.62538,25.13289],[89.62518,25.1329],[89.6252,25.1338],[89.6254,25.1338],[89.62542,25.13488],[89.62582,25.13505],[89.62582,25.13523],[89.62662,25.13522],[89.62661,25.13504],[89.62701,25.13503],[89.62722,25.13539],[89.62761,25.13538]],[[89.62561,25.13433],[89.6258,25.13433],[89.62581,25.13469],[89.62561,25.1347],[89.62561,25.13433]]]}},{"type":"Feature","properties":{"kind":"land","ha":4.4},"geometry":{"type":"Polygon","coordinates":[[[89.61479,25.1385],[89.61478,25.13814],[89.61458,25.13814],[89.61458,25.13778],[89.61438,25.13778],[89.61457,25.13742],[89.61437,25.13742],[89.61434,25.13598],[89.61414,25.13598],[89.61412,25.13508],[89.61392,25.13508],[89.6139,25.13382],[89.61409,25.13382],[89.61409,25.13346],[89.61528,25.13361],[89.61527,25.13307],[89.61507,25.13308],[89.61507,25.1329],[89.61467,25.1329],[89.61446,25.13255],[89.61427,25.13255],[89.61425,25.13201],[89.61445,25.132],[89.61444,25.13128],[89.61405,25.13147],[89.61405,25.13165],[89.61345,25.13166],[89.61345,25.1313],[89.61325,25.1313],[89.61327,25.13221],[89.61347,25.1322],[89.61348,25.13292],[89.61368,25.13292],[89.61374,25.13581],[89.61394,25.1358],[89.61396,25.13689],[89.61416,25.13688],[89.61418,25.13797],[89.61438,25.13796],[89.6144,25.13868],[89.61479,25.1385]]]}},{"type":"Feature","properties":{"kind":"land","ha":5.5},"geometry":{"type":"Polygon","coordinates":[[[89.62365,25.13563],[89.62364,25.13527],[89.62404,25.13508],[89.62403,25.1349],[89.62423,25.1349],[89.62423,25.13472],[89.62442,25.13472],[89.62442,25.13436],[89.62462,25.13435],[89.6246,25.13345],[89.62479,25.13345],[89.62479,25.13309],[89.62498,25.13308],[89.62496,25.132],[89.62535,25.13181],[89.62535,25.13163],[89.62515,25.13164],[89.62514,25.13091],[89.62474,25.13074],[89.62473,25.13056],[89.62453,25.13056],[89.62454,25.13092],[89.62415,25.13111],[89.62415,25.13129],[89.62396,25.1313],[89.62398,25.13238],[89.62378,25.13238],[89.62379,25.13292],[89.62359,25.13293],[89.62362,25.13419],[89.62342,25.13419],[89.62344,25.13491],[89.62305,25.1351],[89.62305,25.13546],[89.62325,25.13546],[89.62325,25.13564],[89.62365,25.13563]]]}},{"type":"Feature","properties":{"kind":"land","ha":17.0},"geometry":{"type":"Polygon","coordinates":[[[89.6009,25.1382],[89.60069,25.13748],[89.60029,25.13731],[89.60029,25.13713],[89.60107,25.13675],[89.60106,25.13639],[89.60126,25.13639],[89.60126,25.13621],[89.60165,25.1362],[89.60165,25.13602],[89.60145,25.13602],[89.60144,25.13566],[89.60164,25.13566],[89.60164,25.13548],[89.60184,25.13548],[89.60184,25.13566],[89.60244,25.13565],[89.60242,25.1351],[89.60282,25.13492],[89.60281,25.13474],[89.60301,25.13473],[89.603,25.13401],[89.6028,25.13402],[89.60279,25.13347],[89.60298,25.13347],[89.60298,25.13329],[89.60338,25.13328],[89.60338,25.13346],[89.60358,25.13346],[89.60359,25.134],[89.60339,25.134],[89.6034,25.13437],[89.6038,25.13436],[89.6038,25.13454],[89.604,25.13454],[89.60399,25.13436],[89.60439,25.13435],[89.60439,25.13453],[89.60459,25.13453],[89.6046,25.13489],[89.605,25.13506],[89.60498,25.13398],[89.60518,25.13397],[89.60516,25.13307],[89.60535,25.13307],[89.60535,25.13271],[89.60515,25.13271],[89.60515,25.13253],[89.60455,25.13254],[89.60454,25.13218],[89.60414,25.13201],[89.60414,25.13183],[89.60394,25.13183],[89.60394,25.13165],[89.60374,25.13165],[89.60373,25.13147],[89.60354,25.13148],[89.60353,25.13129],[89.60314,25.1313],[89.60293,25.13094],[89.60234,25.13095],[89.60239,25.1333],[89.60258,25.1333],[89.6026,25.13384],[89.6022,25.13403],[89.60221,25.13439],[89.60201,25.13439],[89.60202,25.13493],[89.60163,25.13494],[89.60142,25.13458],[89.60122,25.13458],[89.60121,25.13404],[89.60082,25.13405],[89.60082,25.13423],[89.60062,25.13423],[89.60063,25.13478],[89.60043,25.13478],[89.60044,25.13496],[89.60004,25.13479],[89.60003,25.13461],[89.59984,25.13461],[89.59983,25.13443],[89.59963,25.13443],[89.59944,25.1348],[89.59924,25.1348],[89.59925,25.13498],[89.59905,25.13498],[89.59906,25.13534],[89.59926,25.13534],[89.59907,25.13571],[89.59926,25.1357],[89.59928,25.13642],[89.59968,25.1366],[89.59968,25.13678],[89.59949,25.13678],[89.59949,25.13714],[89.5991,25.13733],[89.5991,25.13751],[89.59851,25.13752],[89.59851,25.13734],[89.59831,25.13734],[89.5983,25.13698],[89.5981,25.13699],[89.59809,25.13644],[89.5977,25.13663],[89.5977,25.13681],[89.5979,25.13681],[89.59791,25.13735],[89.59811,25.13735],[89.59812,25.13771],[89.59852,25.13788],[89.59852,25.13824],[89.59892,25.13823],[89.59892,25.13842],[89.6009,25.1382]],[[89.59966,25.13588],[89.59947,25.13588],[89.59945,25.13498],[89.59965,25.13497],[89.59965,25.13515],[89.60005,25.13515],[89.60005,25.13533],[89.60044,25.13514],[89.60045,25.13532],[89.60064,25.13532],[89.60066,25.13586],[89.60046,25.13586],[89.60046,25.13604],[89.59967,25.13606],[89.59966,25.13588]],[[89.60203,25.13511],[89.60223,25.13511],[89.60223,25.13529],[89.60203,25.13529],[89.60203,25.13511]],[[89.60336,25.13256],[89.60356,25.13256],[89.60356,25.13274],[89.60337,25.13274],[89.60336,25.13256]]]}},{"type":"Feature","properties":{"kind":"land","ha":15.3},"geometry":{"type":"Polygon","coordinates":[[[89.61487,25.14229],[89.61486,25.14192],[89.61466,25.14193],[89.61465,25.14121],[89.61445,25.14121],[89.61444,25.14085],[89.61424,25.14085],[89.61423,25.14013],[89.61403,25.14013],[89.614,25.13869],[89.6138,25.13869],[89.61379,25.13833],[89.6136,25.13834],[89.61358,25.1378],[89.61339,25.1378],[89.61333,25.13527],[89.61313,25.13528],[89.61312,25.13474],[89.61292,25.13474],[89.61291,25.1342],[89.61272,25.1342],[89.61271,25.13384],[89.61251,25.13384],[89.6125,25.13348],[89.6121,25.13331],[89.61209,25.13295],[89.6119,25.13295],[89.61188,25.13241],[89.61169,25.13241],[89.61168,25.13205],[89.61148,25.13206],[89.61147,25.13152],[89.61127,25.13152],[89.61126,25.13116],[89.61106,25.13116],[89.61106,25.1308],[89.61026,25.13063],[89.61005,25.13028],[89.60986,25.13028],[89.60985,25.1301],[89.60946,25.13011],[89.60949,25.13191],[89.60989,25.1319],[89.60972,25.13299],[89.60991,25.13299],[89.60992,25.13335],[89.61012,25.13334],[89.61013,25.13371],[89.61033,25.1337],[89.61034,25.13424],[89.61093,25.13423],[89.61091,25.13315],[89.6113,25.13314],[89.61131,25.13332],[89.61151,25.13332],[89.61152,25.13386],[89.61172,25.13386],[89.61173,25.13458],[89.61193,25.13458],[89.61196,25.13584],[89.61176,25.13584],[89.61176,25.13602],[89.61196,25.13602],[89.61197,25.13638],[89.61217,25.13638],[89.61217,25.13656],[89.61237,25.13655],[89.6124,25.13782],[89.61318,25.13762],[89.61322,25.13907],[89.61302,25.13907],[89.61302,25.13925],[89.61322,25.13925],[89.61324,25.14015],[89.61344,25.14015],[89.61344,25.14051],[89.61364,25.1405],[89.61365,25.14086],[89.61385,25.14086],[89.61387,25.14176],[89.61407,25.14176],[89.61407,25.14194],[89.61447,25.14193],[89.61467,25.14229],[89.61487,25.14229]],[[89.61069,25.13225],[89.61049,25.13226],[89.61048,25.13171],[89.61088,25.13171],[89.61089,25.13243],[89.61069,25.13243],[89.61069,25.13225]]]}},{"type":"Feature","properties":{"kind":"land","ha":3.7},"geometry":{"type":"Polygon","coordinates":[[[89.68924,25.13391],[89.6892,25.13193],[89.689,25.13193],[89.68898,25.13085],[89.68878,25.13085],[89.68877,25.13049],[89.68857,25.1305],[89.68857,25.13014],[89.68837,25.13014],[89.68836,25.1296],[89.68796,25.12943],[89.68774,25.12871],[89.68754,25.12871],[89.68754,25.12835],[89.68734,25.12835],[89.68733,25.12799],[89.68693,25.128],[89.68695,25.12872],[89.68715,25.12872],[89.68716,25.12908],[89.68735,25.12908],[89.68736,25.12926],[89.68756,25.12925],[89.68777,25.12997],[89.68797,25.12997],[89.68798,25.13069],[89.68818,25.13068],[89.68819,25.13123],[89.68839,25.13122],[89.68841,25.13194],[89.68861,25.13194],[89.68863,25.1332],[89.68883,25.1332],[89.68884,25.13356],[89.68904,25.13356],[89.68905,25.13392],[89.68924,25.13391]]]}},{"type":"Feature","properties":{"kind":"land","ha":3.8},"geometry":{"type":"Polygon","coordinates":[[[89.67601,25.12711],[89.67621,25.12711],[89.6762,25.12657],[89.6756,25.12658],[89.67561,25.12694],[89.67541,25.12695],[89.67541,25.12713],[89.67522,25.12713],[89.67521,25.12695],[89.67422,25.12697],[89.67425,25.12841],[89.67485,25.1284],[89.67504,25.12803],[89.67524,25.12803],[89.67523,25.12785],[89.67543,25.12785],[89.67543,25.12803],[89.67563,25.12802],[89.67566,25.12947],[89.67586,25.12946],[89.67587,25.12964],[89.67666,25.12945],[89.67664,25.12891],[89.67645,25.12891],[89.67644,25.12855],[89.67624,25.12855],[89.67621,25.12729],[89.67601,25.1273],[89.67601,25.12711]],[[89.67625,25.1291],[89.67585,25.1291],[89.67584,25.12856],[89.67624,25.12855],[89.67625,25.1291]],[[89.67603,25.12784],[89.67583,25.12784],[89.67582,25.1273],[89.67601,25.1273],[89.67603,25.12784]]]}},{"type":"Feature","properties":{"kind":"land","ha":6.0},"geometry":{"type":"Polygon","coordinates":[[[89.59879,25.13192],[89.59878,25.13156],[89.59898,25.13156],[89.59897,25.13137],[89.59937,25.13137],[89.59937,25.13155],[89.59957,25.13154],[89.59957,25.13136],[89.60016,25.13135],[89.60016,25.13117],[89.60036,25.13117],[89.60035,25.13063],[89.60074,25.13044],[89.60073,25.13008],[89.60153,25.13025],[89.60152,25.13007],[89.60172,25.13006],[89.6017,25.1288],[89.6013,25.12863],[89.60129,25.12845],[89.60109,25.12845],[89.60109,25.12827],[89.60089,25.12827],[89.60089,25.12809],[89.60069,25.1281],[89.60069,25.12792],[89.60049,25.12792],[89.60048,25.12774],[89.59989,25.12775],[89.5999,25.12847],[89.6001,25.12847],[89.60011,25.12901],[89.60031,25.129],[89.60032,25.12919],[89.60071,25.12918],[89.60072,25.12936],[89.60091,25.12936],[89.60093,25.1299],[89.60053,25.1299],[89.60034,25.13027],[89.60014,25.13027],[89.60014,25.13045],[89.59896,25.13065],[89.59895,25.13029],[89.59855,25.13012],[89.59855,25.12994],[89.59815,25.12995],[89.59815,25.13013],[89.59796,25.13013],[89.59798,25.13121],[89.59838,25.13139],[89.59839,25.13193],[89.59879,25.13192]],[[89.59876,25.13084],[89.59896,25.13083],[89.59897,25.13119],[89.59877,25.1312],[89.59876,25.13084]]]}},{"type":"Feature","properties":{"kind":"land","ha":14.8},"geometry":{"type":"Polygon","coordinates":[[[89.69638,25.12494],[89.6964,25.12584],[89.6966,25.12584],[89.6966,25.12602],[89.6976,25.126],[89.69744,25.12781],[89.69764,25.12781],[89.69764,25.12799],[89.69804,25.12798],[89.69823,25.12761],[89.69882,25.1276],[89.69903,25.12796],[89.69922,25.12796],[89.69923,25.12814],[89.69943,25.12813],[89.69943,25.12831],[89.69963,25.12831],[89.69963,25.12849],[89.69983,25.12849],[89.69983,25.12867],[89.70023,25.12866],[89.70024,25.12884],[89.70043,25.12884],[89.70043,25.12866],[89.70102,25.12865],[89.70104,25.12919],[89.70144,25.12936],[89.70144,25.12954],[89.70164,25.12954],[89.7016,25.12773],[89.7014,25.12774],[89.70138,25.12702],[89.70079,25.12703],[89.70079,25.12721],[89.7006,25.12721],[89.70059,25.12703],[89.6996,25.12705],[89.69961,25.12741],[89.69922,25.1276],[89.69921,25.12742],[89.69901,25.12742],[89.69901,25.12706],[89.69821,25.12707],[89.69821,25.12671],[89.6984,25.12671],[89.6984,25.12653],[89.69899,25.12652],[89.6992,25.12687],[89.6994,25.12687],[89.69939,25.12669],[89.69979,25.12668],[89.69978,25.12632],[89.70018,25.12632],[89.70017,25.12577],[89.69957,25.12578],[89.69957,25.1256],[89.69937,25.12561],[89.69935,25.12471],[89.69915,25.12471],[89.69915,25.12435],[89.69934,25.12435],[89.69933,25.1238],[89.69973,25.1238],[89.69973,25.12398],[89.70052,25.12396],[89.70051,25.12324],[89.70011,25.12307],[89.7001,25.12289],[89.69892,25.12291],[89.69912,25.12327],[89.69892,25.12327],[89.69896,25.12489],[89.69797,25.12491],[89.69776,25.12455],[89.69756,25.12456],[89.69756,25.1242],[89.69775,25.12419],[89.69774,25.12365],[89.69734,25.12348],[89.69733,25.12312],[89.69694,25.12313],[89.69693,25.12276],[89.69653,25.12277],[89.69653,25.12259],[89.69633,25.1226],[89.69655,25.12367],[89.69695,25.12385],[89.69698,25.12493],[89.69638,25.12494]],[[89.69737,25.12492],[89.69758,25.12528],[89.69778,25.12528],[89.69778,25.12546],[89.69818,25.12545],[89.69819,25.12581],[89.69759,25.12582],[89.69759,25.12564],[89.69739,25.12564],[89.69738,25.12528],[89.69698,25.12511],[89.69698,25.12493],[89.69737,25.12492]]]}},{"type":"Feature","properties":{"kind":"land","ha":23.0},"geometry":{"type":"Polygon","coordinates":[[[89.67347,25.12879],[89.67346,25.12842],[89.67366,25.12842],[89.67364,25.1277],[89.67344,25.1277],[89.67341,25.12608],[89.67321,25.12608],[89.6732,25.12536],[89.673,25.12536],[89.67297,25.1241],[89.67317,25.1241],[89.67316,25.12392],[89.67356,25.12391],[89.67377,25.12427],[89.67396,25.12426],[89.67397,25.12444],[89.67417,25.12444],[89.67416,25.12408],[89.67436,25.12408],[89.67435,25.1239],[89.67515,25.12406],[89.67515,25.12388],[89.67574,25.12387],[89.67595,25.12423],[89.67674,25.12439],[89.67675,25.12457],[89.67714,25.12457],[89.67735,25.12492],[89.67775,25.12492],[89.67799,25.12708],[89.67819,25.12708],[89.67818,25.12671],[89.67838,25.12671],[89.67836,25.12599],[89.67817,25.12599],[89.67816,25.12581],[89.67836,25.12581],[89.67832,25.124],[89.67792,25.12383],[89.67792,25.12365],[89.67772,25.12365],[89.67791,25.12329],[89.67811,25.12329],[89.67809,25.12256],[89.67789,25.12257],[89.67788,25.12203],[89.67748,25.12185],[89.67743,25.11969],[89.67585,25.11972],[89.67586,25.12026],[89.67606,25.12026],[89.67607,25.12062],[89.67567,25.1208],[89.67568,25.12098],[89.67528,25.12099],[89.67508,25.12063],[89.67448,25.12064],[89.67448,25.12083],[89.67409,25.12083],[89.67409,25.12101],[89.67389,25.12102],[89.6739,25.12138],[89.6737,25.12138],[89.67372,25.12192],[89.67352,25.12193],[89.67353,25.12265],[89.67333,25.12265],[89.67334,25.12301],[89.67314,25.12302],[89.67315,25.12338],[89.67295,25.12338],[89.67296,25.12374],[89.67276,25.12374],[89.67277,25.12411],[89.67257,25.12411],[89.67259,25.12465],[89.67239,25.12465],[89.6724,25.12538],[89.6722,25.12538],[89.67222,25.12592],[89.67202,25.12592],[89.67204,25.12701],[89.67224,25.127],[89.67222,25.12628],[89.67242,25.12628],[89.67242,25.1261],[89.67281,25.12609],[89.67283,25.12681],[89.67263,25.12681],[89.67264,25.127],[89.67283,25.12699],[89.67285,25.12771],[89.67265,25.12772],[89.67266,25.1279],[89.67285,25.12789],[89.67287,25.12844],[89.67306,25.12843],[89.67307,25.12879],[89.67347,25.12879]],[[89.67649,25.12169],[89.67629,25.1217],[89.67628,25.12133],[89.67648,25.12133],[89.67647,25.12115],[89.67727,25.12132],[89.67728,25.12186],[89.67649,25.12187],[89.67649,25.12169]],[[89.67645,25.12007],[89.67705,25.12006],[89.67705,25.12042],[89.67685,25.12042],[89.67687,25.12096],[89.67647,25.12097],[89.67645,25.12007]]]}},{"type":"Feature","properties":{"kind":"land","ha":16.0},"geometry":{"type":"Polygon","coordinates":[[[89.63232,25.12357],[89.63232,25.12393],[89.63212,25.12393],[89.63213,25.12411],[89.63312,25.12409],[89.63312,25.12391],[89.63331,25.12391],[89.63331,25.12355],[89.6343,25.12353],[89.63429,25.12335],[89.63449,25.12335],[89.63448,25.12281],[89.63488,25.1228],[89.63487,25.12262],[89.63408,25.12263],[89.63427,25.12227],[89.63447,25.12226],[89.63446,25.12208],[89.63486,25.12208],[89.63505,25.12171],[89.63525,25.12171],[89.63525,25.12153],[89.63643,25.12133],[89.63644,25.12169],[89.63624,25.12169],[89.63626,25.12241],[89.63586,25.1226],[89.63587,25.12296],[89.63567,25.12296],[89.63568,25.12333],[89.63608,25.12332],[89.63627,25.12295],[89.63647,25.12295],[89.63646,25.12259],[89.63666,25.12259],[89.63665,25.12241],[89.63705,25.1224],[89.63704,25.12222],[89.63724,25.12221],[89.63743,25.12149],[89.63782,25.12148],[89.63762,25.12113],[89.63801,25.12094],[89.638,25.12076],[89.6382,25.12075],[89.6382,25.12057],[89.6384,25.12057],[89.63838,25.11985],[89.63858,25.11984],[89.63857,25.11948],[89.63818,25.11967],[89.63818,25.11985],[89.63798,25.11986],[89.63799,25.12004],[89.63779,25.12004],[89.63779,25.12022],[89.6376,25.12022],[89.6376,25.1204],[89.63701,25.12041],[89.63701,25.12059],[89.63661,25.1206],[89.63662,25.12078],[89.63622,25.12079],[89.63622,25.12097],[89.63543,25.12098],[89.63544,25.12116],[89.63504,25.12117],[89.63504,25.12135],[89.63465,25.12136],[89.63446,25.12172],[89.63347,25.12174],[89.63347,25.12192],[89.63307,25.12193],[89.63308,25.12211],[89.63268,25.12212],[89.63268,25.1223],[89.63209,25.12231],[89.63209,25.12249],[89.6317,25.12249],[89.6317,25.12267],[89.63111,25.12269],[89.63111,25.12287],[89.63071,25.12287],[89.63033,25.1236],[89.62994,25.12361],[89.62975,25.12397],[89.62955,25.12398],[89.62955,25.12416],[89.62916,25.12416],[89.62897,25.12453],[89.62877,25.12453],[89.62877,25.12471],[89.62837,25.12472],[89.62838,25.1249],[89.62719,25.12492],[89.627,25.12528],[89.6266,25.12529],[89.62661,25.12565],[89.62681,25.12565],[89.62681,25.12583],[89.6272,25.12564],[89.6272,25.12546],[89.62819,25.12544],[89.6284,25.1258],[89.6286,25.1258],[89.6286,25.12598],[89.6288,25.12597],[89.62862,25.1267],[89.62822,25.12689],[89.62823,25.12743],[89.62843,25.12743],[89.62844,25.12761],[89.62804,25.12779],[89.62805,25.12815],[89.62845,25.12815],[89.62863,25.12742],[89.62903,25.12741],[89.62903,25.1276],[89.62923,25.12759],[89.62922,25.12723],[89.62902,25.12723],[89.62901,25.12651],[89.6294,25.12633],[89.62939,25.12578],[89.62959,25.12578],[89.62958,25.1256],[89.62998,25.12577],[89.62997,25.12523],[89.62958,25.12542],[89.62957,25.12506],[89.63017,25.12505],[89.63015,25.12451],[89.63055,25.12432],[89.63054,25.12414],[89.63074,25.12414],[89.63074,25.12396],[89.63094,25.12395],[89.63093,25.12377],[89.63113,25.12377],[89.63112,25.12341],[89.63152,25.1234],[89.63171,25.12304],[89.6323,25.12302],[89.6323,25.12284],[89.6327,25.12284],[89.63269,25.12266],[89.63329,25.12265],[89.63329,25.12301],[89.6329,25.12319],[89.63291,25.12338],[89.63271,25.12338],[89.63271,25.12356],[89.63232,25.12357]],[[89.63291,25.12356],[89.63291,25.12374],[89.63272,25.12374],[89.63271,25.12356],[89.63291,25.12356]]]}},{"type":"Feature","properties":{"kind":"land","ha":9.9},"geometry":{"type":"Polygon","coordinates":[[[89.59391,25.12623],[89.5939,25.12605],[89.5941,25.12605],[89.59409,25.1255],[89.59449,25.1255],[89.5945,25.12586],[89.59469,25.12585],[89.5947,25.12603],[89.59509,25.12603],[89.59509,25.12585],[89.59549,25.12584],[89.59568,25.12548],[89.59587,25.12547],[89.59587,25.12511],[89.59567,25.12512],[89.59567,25.12493],[89.59527,25.12494],[89.59527,25.12476],[89.59487,25.12477],[89.59486,25.12441],[89.59446,25.12441],[89.59446,25.12423],[89.59327,25.12425],[89.59327,25.12407],[89.59307,25.12408],[89.59305,25.12318],[89.59265,25.123],[89.59264,25.12264],[89.59244,25.12264],[89.59244,25.12246],[89.59264,25.12246],[89.59263,25.1221],[89.59283,25.1221],[89.59282,25.12174],[89.59242,25.12156],[89.59242,25.12138],[89.59222,25.12139],[89.59222,25.1212],[89.59182,25.12121],[89.59182,25.12103],[89.59142,25.12104],[89.59123,25.1214],[89.59083,25.12141],[89.59063,25.12105],[89.59043,25.12106],[89.59042,25.12069],[89.59022,25.1207],[89.59021,25.11998],[89.59001,25.11998],[89.59003,25.12088],[89.59023,25.12088],[89.59023,25.12124],[89.59043,25.12124],[89.59044,25.12142],[89.59063,25.12141],[89.59085,25.12213],[89.59105,25.12213],[89.59105,25.12249],[89.59125,25.12249],[89.59126,25.12285],[89.59146,25.12284],[89.59147,25.1232],[89.59187,25.12338],[89.59208,25.1241],[89.59228,25.12409],[89.59228,25.12445],[89.59268,25.12463],[89.59269,25.12481],[89.59289,25.1248],[89.5931,25.12552],[89.5933,25.12552],[89.59331,25.12624],[89.59351,25.12624],[89.59352,25.12642],[89.59391,25.12623]],[[89.59186,25.12302],[89.59225,25.12301],[89.59226,25.12319],[89.59186,25.1232],[89.59186,25.12302]],[[89.59144,25.12194],[89.59164,25.12194],[89.59164,25.12212],[89.59144,25.12212],[89.59144,25.12194]]]}},{"type":"Feature","properties":{"kind":"land","ha":13.2},"geometry":{"type":"Polygon","coordinates":[[[89.59646,25.12492],[89.59645,25.12474],[89.59665,25.12474],[89.59665,25.12456],[89.59645,25.12456],[89.59644,25.12402],[89.59664,25.12402],[89.59662,25.12329],[89.59682,25.12329],[89.59682,25.12311],[89.59741,25.1231],[89.59741,25.12328],[89.59781,25.12327],[89.59781,25.12309],[89.59801,25.12309],[89.59799,25.12255],[89.5972,25.12256],[89.5972,25.12238],[89.5968,25.12239],[89.5968,25.12221],[89.5964,25.12221],[89.5964,25.12203],[89.5962,25.12204],[89.59618,25.12132],[89.59638,25.12131],[89.59637,25.12095],[89.59657,25.12095],[89.59656,25.12059],[89.59637,25.12059],[89.59636,25.12023],[89.59616,25.12023],[89.59616,25.12005],[89.59655,25.11987],[89.59654,25.11932],[89.59495,25.11917],[89.59494,25.11899],[89.59376,25.11901],[89.59376,25.11919],[89.59297,25.11921],[89.59298,25.11975],[89.59318,25.11974],[89.59318,25.1201],[89.59358,25.1201],[89.59379,25.12046],[89.59398,25.12045],[89.59399,25.12081],[89.59419,25.12081],[89.59421,25.12153],[89.59461,25.1217],[89.59461,25.12188],[89.59481,25.12188],[89.59482,25.12224],[89.59501,25.12224],[89.59502,25.12242],[89.59522,25.12242],[89.59523,25.12314],[89.59543,25.12313],[89.59544,25.12349],[89.59524,25.1235],[89.59524,25.12368],[89.59485,25.12369],[89.59485,25.12405],[89.59565,25.12403],[89.59565,25.12421],[89.59605,25.12421],[89.59605,25.12439],[89.59625,25.12438],[89.59607,25.12511],[89.59646,25.12492]]]}},{"type":"Feature","properties":{"kind":"land","ha":17.8},"geometry":{"type":"Polygon","coordinates":[[[89.62973,25.12307],[89.62992,25.12271],[89.63012,25.1227],[89.63011,25.12234],[89.6309,25.12215],[89.63109,25.12178],[89.63168,25.12177],[89.63168,25.12159],[89.63207,25.12158],[89.63226,25.12122],[89.63246,25.12122],[89.63246,25.12104],[89.63286,25.12103],[89.63285,25.12085],[89.63305,25.12085],[89.63305,25.12067],[89.63383,25.12047],[89.63383,25.12029],[89.63443,25.12028],[89.63442,25.1201],[89.63482,25.12009],[89.63481,25.11991],[89.63521,25.1199],[89.63521,25.11972],[89.6356,25.11972],[89.6356,25.11954],[89.636,25.11953],[89.63599,25.11935],[89.63678,25.11934],[89.63678,25.11915],[89.63737,25.11914],[89.63737,25.11896],[89.63915,25.11893],[89.63934,25.11857],[89.63974,25.11856],[89.63974,25.11838],[89.64013,25.11837],[89.64014,25.11873],[89.64034,25.11873],[89.64053,25.11837],[89.64073,25.11836],[89.64072,25.11818],[89.64092,25.11818],[89.6409,25.11728],[89.64051,25.11728],[89.6405,25.11692],[89.6403,25.11693],[89.6403,25.11675],[89.6399,25.11675],[89.6399,25.11693],[89.63971,25.11694],[89.6397,25.11676],[89.63931,25.11676],[89.63931,25.11694],[89.63872,25.11695],[89.63872,25.11713],[89.63832,25.11714],[89.63833,25.11732],[89.63773,25.11733],[89.63754,25.1177],[89.63715,25.1177],[89.63715,25.11788],[89.63695,25.11789],[89.63694,25.11753],[89.63675,25.11753],[89.63674,25.11735],[89.63615,25.11736],[89.63615,25.11754],[89.63595,25.11754],[89.63596,25.11791],[89.63398,25.11794],[89.63397,25.11776],[89.63358,25.11777],[89.63339,25.11813],[89.6326,25.11833],[89.63241,25.11869],[89.63281,25.11868],[89.63301,25.11904],[89.63321,25.11904],[89.63322,25.1194],[89.63361,25.11939],[89.63362,25.11975],[89.63323,25.11994],[89.63323,25.12012],[89.63284,25.12013],[89.63265,25.12049],[89.63245,25.1205],[89.63245,25.12068],[89.63225,25.12068],[89.63226,25.12086],[89.63147,25.12105],[89.63128,25.12142],[89.63088,25.12143],[89.63089,25.12179],[89.63069,25.12179],[89.63069,25.12197],[89.6303,25.12198],[89.6303,25.12216],[89.62971,25.12217],[89.62952,25.12253],[89.62932,25.12254],[89.62933,25.12308],[89.62973,25.12307]],[[89.6334,25.11885],[89.63321,25.11886],[89.6332,25.1185],[89.63379,25.11849],[89.6338,25.11867],[89.63399,25.11866],[89.63399,25.11848],[89.63419,25.11848],[89.63419,25.11866],[89.63439,25.11866],[89.63439,25.11848],[89.63458,25.11847],[89.63459,25.11865],[89.63479,25.11865],[89.63479,25.11883],[89.6342,25.11884],[89.6342,25.11902],[89.63341,25.11903],[89.6334,25.11885]]]}},{"type":"Feature","properties":{"kind":"land","ha":16.4},"geometry":{"type":"Polygon","coordinates":[[[89.68037,25.12704],[89.68036,25.12668],[89.68056,25.12667],[89.68054,25.12595],[89.68074,25.12595],[89.68073,25.12541],[89.68093,25.1254],[89.68091,25.12468],[89.68111,25.12468],[89.68108,25.12341],[89.68128,25.12341],[89.68123,25.12124],[89.68104,25.12125],[89.68102,25.12053],[89.68082,25.12053],[89.68081,25.11999],[89.68061,25.11999],[89.6806,25.11927],[89.6804,25.11927],[89.68039,25.11873],[89.68019,25.11874],[89.68018,25.1182],[89.68037,25.11819],[89.68037,25.11801],[89.67997,25.11784],[89.67996,25.11748],[89.67976,25.11748],[89.67976,25.1173],[89.68015,25.11711],[89.68016,25.11729],[89.68035,25.11729],[89.68037,25.11783],[89.68056,25.11783],[89.68057,25.11819],[89.68097,25.11818],[89.68118,25.11854],[89.68197,25.1187],[89.68198,25.11888],[89.68237,25.11888],[89.68238,25.11906],[89.68277,25.11905],[89.68278,25.11923],[89.68317,25.11922],[89.68317,25.11904],[89.68277,25.11887],[89.68276,25.11869],[89.68257,25.11869],[89.68256,25.11851],[89.68236,25.11852],[89.68236,25.11834],[89.68216,25.11834],[89.68195,25.11762],[89.68175,25.11763],[89.68174,25.11726],[89.68094,25.11692],[89.68073,25.1162],[89.68053,25.1162],[89.68052,25.11584],[89.68012,25.11567],[89.68012,25.11549],[89.67992,25.11549],[89.67992,25.11531],[89.67932,25.11532],[89.67932,25.1155],[89.67913,25.11551],[89.67914,25.11623],[89.67934,25.11623],[89.67935,25.11659],[89.67975,25.11676],[89.67975,25.11694],[89.67916,25.11695],[89.67915,25.11677],[89.67876,25.11678],[89.67877,25.11714],[89.67837,25.11733],[89.67838,25.11751],[89.67798,25.11751],[89.67799,25.11805],[89.67819,25.11805],[89.67819,25.11823],[89.67899,25.11822],[89.67899,25.1184],[89.67919,25.11839],[89.67921,25.11912],[89.6794,25.11911],[89.67941,25.11947],[89.67961,25.11947],[89.67962,25.12001],[89.67982,25.12001],[89.67985,25.12163],[89.68005,25.12163],[89.68007,25.12235],[89.68027,25.12235],[89.68028,25.12307],[89.68048,25.12306],[89.6805,25.12415],[89.68031,25.12415],[89.68033,25.12541],[89.68014,25.12542],[89.68017,25.12686],[89.67997,25.12686],[89.67998,25.12722],[89.68037,25.12704]]]}},{"type":"Feature","properties":{"kind":"land","ha":3.9},"geometry":{"type":"Polygon","coordinates":[[[89.6849,25.11685],[89.68469,25.11613],[89.68588,25.11629],[89.68588,25.11593],[89.68548,25.11575],[89.68547,25.11557],[89.68527,25.11558],[89.68527,25.1154],[89.68507,25.1154],[89.68507,25.11522],[89.68487,25.11522],[89.68487,25.11504],[89.68427,25.11505],[89.68406,25.1147],[89.68387,25.1147],[89.68386,25.11452],[89.68347,25.11453],[89.68346,25.11435],[89.68307,25.11435],[89.68306,25.11417],[89.68286,25.11418],[89.68288,25.11508],[89.68308,25.11507],[89.68309,25.11544],[89.68329,25.11543],[89.6833,25.11579],[89.6837,25.11597],[89.6837,25.11615],[89.6839,25.11614],[89.6839,25.11632],[89.6843,25.11632],[89.6843,25.1165],[89.6845,25.11649],[89.68451,25.11685],[89.6849,25.11685]]]}},{"type":"Feature","properties":{"kind":"land","ha":11.0},"geometry":{"type":"Polygon","coordinates":[[[89.69662,25.11772],[89.69662,25.11754],[89.69681,25.11753],[89.69681,25.11717],[89.69661,25.11718],[89.6966,25.11699],[89.6968,25.11699],[89.69679,25.11663],[89.69719,25.11662],[89.69719,25.11644],[89.69758,25.11644],[89.69758,25.11626],[89.69778,25.11625],[89.69776,25.11553],[89.69737,25.11572],[89.69737,25.11554],[89.69717,25.11554],[89.69716,25.11518],[89.69676,25.11519],[89.69656,25.11483],[89.69636,25.11483],[89.69635,25.11447],[89.69555,25.11431],[89.69535,25.11395],[89.69475,25.11396],[89.69476,25.11414],[89.69515,25.11413],[89.69517,25.11486],[89.69458,25.11487],[89.69437,25.11451],[89.69397,25.11452],[89.69398,25.1147],[89.69378,25.1147],[89.69379,25.11506],[89.69339,25.11507],[89.6934,25.11543],[89.69301,25.11562],[89.69301,25.1158],[89.69281,25.1158],[89.69282,25.11616],[89.69302,25.11616],[89.69302,25.11634],[89.69342,25.11633],[89.69362,25.11669],[89.69442,25.11667],[89.69442,25.11685],[89.69482,25.11685],[89.69482,25.11703],[89.69522,25.11702],[89.69522,25.1172],[89.69562,25.11719],[89.69582,25.11755],[89.69602,25.11755],[89.69603,25.11773],[89.69662,25.11772]]]}},{"type":"Feature","properties":{"kind":"land","ha":6.2},"geometry":{"type":"Polygon","coordinates":[[[89.69281,25.11562],[89.6928,25.11544],[89.693,25.11544],[89.69298,25.11435],[89.69278,25.11436],[89.69277,25.114],[89.69297,25.11399],[89.69297,25.11381],[89.69277,25.11382],[89.69276,25.11346],[89.69236,25.11328],[89.69236,25.1131],[89.69216,25.1131],[89.69215,25.11292],[89.69196,25.11293],[89.69195,25.11275],[89.69175,25.11275],[89.69174,25.11221],[89.69134,25.11204],[89.69134,25.11186],[89.69114,25.11186],[89.69114,25.11168],[89.69074,25.11169],[89.69074,25.11187],[89.69054,25.11187],[89.69056,25.11241],[89.69095,25.1124],[89.69096,25.11259],[89.69135,25.11258],[89.69136,25.11276],[89.69156,25.11275],[89.69157,25.1133],[89.69137,25.1133],[89.69137,25.11348],[89.69078,25.11349],[89.69077,25.11313],[89.69018,25.11314],[89.69019,25.11368],[89.69058,25.11368],[89.69059,25.11386],[89.69079,25.11385],[89.69081,25.11475],[89.69121,25.11493],[89.69121,25.11511],[89.69181,25.1151],[89.69181,25.11528],[89.69201,25.11527],[89.69202,25.11563],[89.69281,25.11562]]]}},{"type":"Feature","properties":{"kind":"land","ha":22.8},"geometry":{"type":"Polygon","coordinates":[[[89.67045,25.13606],[89.67045,25.13588],[89.67085,25.13587],[89.67084,25.13569],[89.67064,25.13569],[89.67064,25.13533],[89.67084,25.13533],[89.67082,25.13461],[89.67062,25.13461],[89.6706,25.13353],[89.6704,25.13353],[89.67038,25.13281],[89.67019,25.13282],[89.67017,25.13191],[89.66997,25.13192],[89.67016,25.13155],[89.67036,25.13155],[89.67035,25.13119],[89.67015,25.13119],[89.67014,25.13083],[89.66994,25.13083],[89.66994,25.13065],[89.67034,25.13065],[89.67032,25.13011],[89.67052,25.1301],[89.6705,25.1292],[89.67031,25.1292],[89.67029,25.12866],[89.67049,25.12866],[89.67048,25.12812],[89.67068,25.12811],[89.67063,25.12613],[89.67083,25.12613],[89.67083,25.12576],[89.67102,25.12576],[89.67101,25.12504],[89.67121,25.12504],[89.67119,25.12413],[89.67138,25.12413],[89.67137,25.12359],[89.67157,25.12359],[89.67156,25.12304],[89.67176,25.12304],[89.67174,25.12232],[89.67194,25.12232],[89.67187,25.11889],[89.67226,25.1187],[89.67222,25.11708],[89.67262,25.11707],[89.6726,25.11635],[89.6724,25.11635],[89.67237,25.11473],[89.67217,25.11473],[89.67216,25.11419],[89.67196,25.11419],[89.67195,25.11383],[89.67176,25.11384],[89.67173,25.11257],[89.67153,25.11258],[89.67151,25.11185],[89.67112,25.11186],[89.67111,25.11168],[89.67092,25.11168],[89.67093,25.11241],[89.67133,25.11258],[89.67135,25.11366],[89.67116,25.11367],[89.67119,25.11511],[89.67079,25.11512],[89.6708,25.1153],[89.67099,25.11529],[89.67101,25.11583],[89.6712,25.11583],[89.67121,25.11619],[89.67141,25.11619],[89.67142,25.11673],[89.67122,25.11673],[89.67125,25.11782],[89.67105,25.11782],[89.67108,25.11926],[89.67088,25.11927],[89.67089,25.11945],[89.67049,25.11945],[89.6705,25.11981],[89.6709,25.11999],[89.67093,25.12125],[89.67073,25.12125],[89.67075,25.12252],[89.67036,25.1227],[89.67038,25.12361],[89.67058,25.1236],[89.67059,25.12414],[89.6702,25.12415],[89.6702,25.12451],[89.67,25.12452],[89.67001,25.12488],[89.66981,25.12488],[89.66982,25.12524],[89.66962,25.12524],[89.66963,25.12543],[89.66903,25.12544],[89.66924,25.12579],[89.66963,25.12561],[89.66964,25.12579],[89.66983,25.12578],[89.66964,25.12615],[89.67004,25.12632],[89.67007,25.1274],[89.66987,25.12741],[89.66988,25.12777],[89.66908,25.12778],[89.66908,25.1276],[89.66888,25.1276],[89.66889,25.12797],[89.66929,25.12796],[89.66949,25.12832],[89.66969,25.12831],[89.66969,25.12849],[89.66989,25.12849],[89.66973,25.1303],[89.66934,25.13048],[89.66935,25.13066],[89.66975,25.13084],[89.66976,25.13156],[89.66956,25.13156],[89.66957,25.13174],[89.66977,25.13174],[89.66979,25.13264],[89.66998,25.13264],[89.67,25.13354],[89.6702,25.13354],[89.67022,25.13444],[89.67042,25.13444],[89.67044,25.13552],[89.67024,25.13552],[89.67026,25.13606],[89.67045,25.13606]],[[89.67076,25.12288],[89.67116,25.12287],[89.67117,25.12323],[89.67077,25.12324],[89.67076,25.12288]]]}},{"type":"Feature","properties":{"kind":"land","ha":4.5},"geometry":{"type":"Polygon","coordinates":[[[89.64287,25.11634],[89.64285,25.1158],[89.64305,25.11579],[89.64299,25.11309],[89.64319,25.11308],[89.64317,25.112],[89.64277,25.11201],[89.64278,25.11219],[89.64198,25.1122],[89.64198,25.11202],[89.64139,25.11203],[89.64139,25.11239],[89.64179,25.11257],[89.64182,25.11401],[89.64202,25.11401],[89.64203,25.11437],[89.64223,25.11436],[89.64224,25.11473],[89.64243,25.11472],[89.64246,25.11599],[89.64266,25.11598],[89.64267,25.11634],[89.64287,25.11634]]]}},{"type":"Feature","properties":{"kind":"land","ha":11.5},"geometry":{"type":"Polygon","coordinates":[[[89.71173,25.11076],[89.71193,25.11076],[89.71192,25.11022],[89.71212,25.11021],[89.7121,25.10931],[89.71229,25.10931],[89.71229,25.10913],[89.71269,25.10912],[89.71267,25.10858],[89.71248,25.10858],[89.71247,25.1084],[89.71208,25.10841],[89.71208,25.10859],[89.71188,25.10859],[89.7117,25.10932],[89.7113,25.10933],[89.71132,25.10987],[89.71112,25.10987],[89.71113,25.11023],[89.71093,25.11024],[89.71094,25.1106],[89.71074,25.1106],[89.71075,25.11132],[89.71055,25.11133],[89.71057,25.11187],[89.71037,25.11187],[89.71039,25.11277],[89.71019,25.11278],[89.71025,25.11548],[89.71045,25.11548],[89.71047,25.11656],[89.71027,25.11656],[89.71035,25.11981],[89.71054,25.11981],[89.71054,25.11945],[89.71073,25.11944],[89.71072,25.11872],[89.71052,25.11873],[89.71052,25.11855],[89.71071,25.11854],[89.71069,25.11764],[89.71089,25.11764],[89.71087,25.11655],[89.71107,25.11655],[89.71105,25.11583],[89.71125,25.11583],[89.71118,25.11276],[89.71138,25.11275],[89.71136,25.11185],[89.71156,25.11185],[89.71155,25.11149],[89.71135,25.11149],[89.71135,25.11131],[89.71194,25.1113],[89.71235,25.11201],[89.71295,25.112],[89.71314,25.11164],[89.71334,25.11164],[89.71332,25.11073],[89.71351,25.11073],[89.7135,25.11019],[89.71311,25.1102],[89.71292,25.11056],[89.71272,25.11056],[89.71272,25.11074],[89.71252,25.11075],[89.71253,25.11093],[89.71273,25.11092],[89.71273,25.11129],[89.71254,25.11129],[89.71253,25.11111],[89.71214,25.11112],[89.71213,25.11094],[89.71174,25.11094],[89.71173,25.11076]],[[89.71174,25.11112],[89.71134,25.11113],[89.71134,25.11077],[89.71174,25.11094],[89.71174,25.11112]]]}},{"type":"Feature","properties":{"kind":"land","ha":11.3},"geometry":{"type":"Polygon","coordinates":[[[89.59524,25.11429],[89.59523,25.11357],[89.59543,25.11357],[89.59541,25.11303],[89.59522,25.11303],[89.5952,25.11213],[89.595,25.11213],[89.59499,25.11159],[89.59479,25.11159],[89.59478,25.11105],[89.59498,25.11105],[89.59497,25.11087],[89.59477,25.11087],[89.59477,25.11069],[89.59418,25.1107],[89.59419,25.11124],[89.59379,25.11125],[89.59358,25.11089],[89.59319,25.1109],[89.59318,25.11072],[89.59259,25.11073],[89.59257,25.10983],[89.59277,25.10982],[89.59276,25.10928],[89.59296,25.10928],[89.59295,25.10892],[89.59255,25.10892],[89.59256,25.10911],[89.59216,25.10911],[89.59219,25.11038],[89.59199,25.11038],[89.59199,25.11056],[89.5914,25.11057],[89.59139,25.11039],[89.59119,25.11039],[89.591,25.11076],[89.59081,25.11076],[89.59081,25.11094],[89.59061,25.11094],[89.59062,25.11149],[89.59102,25.1113],[89.59101,25.11112],[89.59141,25.11111],[89.5914,25.11093],[89.5916,25.11093],[89.59161,25.11111],[89.5918,25.1111],[89.59182,25.11183],[89.59162,25.11183],[89.59163,25.11201],[89.59123,25.11202],[89.59123,25.1122],[89.59143,25.11219],[89.59143,25.11237],[89.59203,25.11236],[89.59203,25.11218],[89.59222,25.11218],[89.59243,25.11254],[89.59263,25.11253],[89.59264,25.11307],[89.59284,25.11307],[89.59284,25.11343],[89.59304,25.11343],[89.59305,25.11379],[89.59384,25.1136],[89.59384,25.11341],[89.59443,25.1134],[89.59443,25.11358],[89.59463,25.11358],[89.59464,25.11394],[89.59484,25.11394],[89.59485,25.11448],[89.59524,25.11429]],[[89.5942,25.11178],[89.5944,25.11178],[89.5944,25.11196],[89.5942,25.11196],[89.5942,25.11178]]]}},{"type":"Feature","properties":{"kind":"land","ha":14.0},"geometry":{"type":"Polygon","coordinates":[[[89.64234,25.11021],[89.64233,25.11003],[89.64174,25.11004],[89.64173,25.10986],[89.64094,25.10988],[89.64094,25.10969],[89.64054,25.1097],[89.64054,25.10952],[89.64014,25.10953],[89.64014,25.10935],[89.63974,25.10936],[89.63974,25.10917],[89.63875,25.10919],[89.63874,25.10901],[89.63835,25.10902],[89.63834,25.10884],[89.63795,25.10885],[89.63794,25.10867],[89.63755,25.10867],[89.63754,25.10849],[89.63715,25.1085],[89.63714,25.10832],[89.63675,25.10833],[89.63674,25.10815],[89.63635,25.10815],[89.63614,25.10779],[89.63574,25.1078],[89.63574,25.10762],[89.63554,25.10763],[89.63554,25.10744],[89.63494,25.10746],[89.63494,25.10727],[89.63415,25.10729],[89.63414,25.10711],[89.63394,25.10711],[89.63393,25.10657],[89.63413,25.10657],[89.63413,25.10639],[89.63373,25.10621],[89.63372,25.10603],[89.63353,25.10604],[89.63353,25.1064],[89.63254,25.10641],[89.63235,25.10678],[89.63196,25.10679],[89.63195,25.10661],[89.63136,25.10662],[89.63136,25.1068],[89.63037,25.10681],[89.63037,25.10699],[89.63018,25.107],[89.63038,25.10736],[89.63058,25.10735],[89.63058,25.10753],[89.63078,25.10753],[89.63079,25.10771],[89.63098,25.10771],[89.63099,25.10807],[89.63139,25.10824],[89.6314,25.10842],[89.63159,25.10842],[89.6316,25.1086],[89.6318,25.10859],[89.63181,25.10914],[89.6322,25.10913],[89.63222,25.10967],[89.63241,25.10967],[89.63242,25.10985],[89.63321,25.10983],[89.63321,25.10965],[89.63301,25.10966],[89.633,25.10929],[89.6332,25.10929],[89.63319,25.10893],[89.63358,25.10874],[89.63358,25.10856],[89.63398,25.10856],[89.63397,25.10837],[89.63476,25.10836],[89.63477,25.10854],[89.63536,25.10853],[89.63536,25.10835],[89.63615,25.10834],[89.63616,25.10852],[89.63675,25.10851],[89.63675,25.10869],[89.63715,25.10868],[89.63715,25.10886],[89.63755,25.10885],[89.63755,25.10903],[89.63795,25.10903],[89.63816,25.10938],[89.63895,25.10955],[89.63896,25.10973],[89.64015,25.10989],[89.64015,25.11007],[89.64075,25.11006],[89.64075,25.11024],[89.64234,25.11021]]]}},{"type":"Feature","properties":{"kind":"land","ha":26.9},"geometry":{"type":"Polygon","coordinates":[[[89.61401,25.12985],[89.614,25.12931],[89.6138,25.12931],[89.61379,25.12895],[89.61359,25.12895],[89.61356,25.12751],[89.61316,25.12733],[89.61316,25.12715],[89.61296,25.12716],[89.61296,25.12698],[89.61276,25.12698],[89.61273,25.12572],[89.61253,25.12572],[89.61252,25.12518],[89.61232,25.12518],[89.61231,25.12446],[89.61211,25.12447],[89.6121,25.12392],[89.6119,25.12393],[89.61189,25.12339],[89.61149,25.12321],[89.61127,25.12213],[89.61087,25.12196],[89.61064,25.12052],[89.61044,25.12052],[89.61043,25.11998],[89.61023,25.11999],[89.61022,25.11944],[89.61002,25.11945],[89.61,25.11855],[89.6098,25.11855],[89.60979,25.11783],[89.60959,25.11783],[89.60957,25.11693],[89.60937,25.11693],[89.60936,25.11639],[89.60916,25.11639],[89.60916,25.11603],[89.60896,25.11604],[89.60894,25.11532],[89.60874,25.11532],[89.60873,25.11442],[89.60853,25.11442],[89.6085,25.11316],[89.6083,25.11316],[89.60829,25.11262],[89.60809,25.11262],[89.60808,25.11208],[89.60788,25.11209],[89.60785,25.11064],[89.60765,25.11065],[89.60764,25.10974],[89.60783,25.10974],[89.60782,25.1092],[89.60762,25.1092],[89.60759,25.10776],[89.60739,25.10776],[89.60739,25.1074],[89.60719,25.1074],[89.60718,25.10704],[89.60679,25.10705],[89.60656,25.10561],[89.60616,25.10544],[89.60618,25.10634],[89.60637,25.10634],[89.6064,25.10778],[89.6066,25.10778],[89.60661,25.10832],[89.60642,25.10832],[89.60644,25.10958],[89.60664,25.10958],[89.60665,25.11012],[89.60685,25.11012],[89.60686,25.11066],[89.60706,25.11066],[89.60707,25.11102],[89.60727,25.11101],[89.60729,25.1121],[89.60709,25.1121],[89.6071,25.11246],[89.6073,25.11246],[89.60731,25.113],[89.60751,25.11299],[89.60752,25.11354],[89.60772,25.11353],[89.60773,25.11443],[89.60793,25.11443],[89.60794,25.11497],[89.60814,25.11497],[89.60815,25.11533],[89.60835,25.11533],[89.60835,25.11551],[89.60815,25.11551],[89.60817,25.11605],[89.60797,25.11605],[89.60797,25.11624],[89.60817,25.11623],[89.60819,25.11713],[89.60839,25.11713],[89.60839,25.11749],[89.60859,25.11749],[89.6086,25.11785],[89.6088,25.11785],[89.60881,25.11857],[89.60901,25.11856],[89.60904,25.11983],[89.60924,25.11982],[89.60924,25.12018],[89.60944,25.12018],[89.60966,25.12126],[89.60986,25.12126],[89.60987,25.1218],[89.61007,25.12179],[89.6103,25.12323],[89.6105,25.12323],[89.61051,25.12377],[89.61071,25.12377],[89.61072,25.12431],[89.61092,25.12431],[89.61093,25.12485],[89.61113,25.12484],[89.61114,25.12557],[89.61134,25.12556],[89.61135,25.12592],[89.61155,25.12592],[89.61156,25.12664],[89.61176,25.12664],[89.61177,25.12718],[89.61197,25.12718],[89.61198,25.12772],[89.61218,25.12771],[89.6122,25.12862],[89.6124,25.12861],[89.61241,25.12915],[89.61261,25.12915],[89.61262,25.12951],[89.61281,25.12951],[89.61281,25.12933],[89.6134,25.12932],[89.61361,25.12967],[89.61381,25.12967],[89.61381,25.12985],[89.61401,25.12985]],[[89.61089,25.12286],[89.61128,25.12286],[89.61129,25.12322],[89.6109,25.1234],[89.61089,25.12286]],[[89.61006,25.12107],[89.61045,25.12106],[89.61046,25.12143],[89.61006,25.12143],[89.61006,25.12107]]]}},{"type":"Feature","properties":{"kind":"land","ha":6.0},"geometry":{"type":"Polygon","coordinates":[[[89.59137,25.10931],[89.59136,25.10877],[89.59116,25.10877],[89.59115,25.10841],[89.59095,25.10841],[89.59095,25.10823],[89.59075,25.10823],[89.59075,25.10787],[89.59094,25.10787],[89.59093,25.10733],[89.59073,25.10733],[89.59072,25.10679],[89.59052,25.10679],[89.59052,25.10643],[89.59032,25.10644],[89.59029,25.10517],[89.59009,25.10518],[89.59008,25.10464],[89.58968,25.10446],[89.58969,25.10464],[89.58949,25.10465],[89.5895,25.10501],[89.5893,25.10501],[89.58931,25.10555],[89.58911,25.10556],[89.58912,25.1061],[89.58892,25.1061],[89.58896,25.1079],[89.58916,25.1079],[89.58919,25.10916],[89.58938,25.10916],[89.58937,25.10826],[89.58956,25.10826],[89.58955,25.10771],[89.58935,25.10772],[89.58934,25.107],[89.59013,25.10698],[89.59014,25.10716],[89.59033,25.10716],[89.59034,25.10752],[89.58995,25.10771],[89.58995,25.10789],[89.58975,25.10789],[89.58977,25.10861],[89.59017,25.10879],[89.59017,25.10861],[89.59076,25.1086],[89.59077,25.10914],[89.59097,25.10913],[89.59097,25.10931],[89.59137,25.10931]]]}},{"type":"Feature","properties":{"kind":"land","ha":33.1},"geometry":{"type":"Polygon","coordinates":[[[89.59829,25.11767],[89.59828,25.11731],[89.59887,25.1173],[89.59908,25.11765],[89.59948,25.11765],[89.59947,25.11747],[89.60027,25.11745],[89.60046,25.11709],[89.60105,25.11708],[89.60105,25.1169],[89.60184,25.11688],[89.60185,25.11725],[89.60205,25.11724],[89.60224,25.11688],[89.60243,25.11687],[89.60244,25.11723],[89.60323,25.11722],[89.60323,25.11704],[89.60303,25.11704],[89.60302,25.11632],[89.60262,25.11615],[89.60261,25.11597],[89.60222,25.11598],[89.60221,25.11579],[89.60201,25.1158],[89.602,25.11508],[89.6018,25.11508],[89.6018,25.1149],[89.602,25.1149],[89.60198,25.11435],[89.60238,25.11417],[89.60237,25.11399],[89.60257,25.11398],[89.60257,25.1138],[89.60277,25.1138],[89.60276,25.11362],[89.60177,25.11364],[89.60176,25.1131],[89.60156,25.1131],[89.60156,25.11292],[89.60116,25.11293],[89.60113,25.11166],[89.60133,25.11166],[89.60132,25.11112],[89.60152,25.11111],[89.60148,25.10931],[89.60128,25.10931],[89.60128,25.10913],[89.60148,25.10913],[89.60146,25.10823],[89.60166,25.10822],[89.60169,25.10985],[89.60189,25.10984],[89.60185,25.10804],[89.60165,25.10804],[89.60164,25.1075],[89.60144,25.10751],[89.60143,25.10678],[89.60123,25.10679],[89.60122,25.10625],[89.60102,25.10625],[89.60101,25.10589],[89.60062,25.1059],[89.60061,25.10553],[89.60081,25.10553],[89.60079,25.10499],[89.60039,25.10482],[89.60038,25.10391],[89.60018,25.10392],[89.60016,25.10302],[89.59996,25.10302],[89.59995,25.10266],[89.59956,25.10285],[89.59956,25.10303],[89.59976,25.10302],[89.59977,25.10338],[89.59898,25.1034],[89.59898,25.10376],[89.59859,25.10377],[89.5984,25.10413],[89.59879,25.10412],[89.599,25.10448],[89.5992,25.10448],[89.59922,25.10574],[89.59942,25.10574],[89.59945,25.10682],[89.59964,25.10682],[89.59966,25.10736],[89.59985,25.10735],[89.59986,25.10789],[89.60006,25.10789],[89.60007,25.10825],[89.60027,25.10825],[89.60032,25.11059],[89.60052,25.11059],[89.60054,25.11149],[89.60094,25.11167],[89.60094,25.11203],[89.60075,25.11203],[89.60076,25.11275],[89.60096,25.11275],[89.60097,25.11311],[89.60057,25.11312],[89.60039,25.11384],[89.59999,25.11403],[89.6,25.11439],[89.6002,25.11439],[89.6002,25.11457],[89.6008,25.11456],[89.6008,25.11474],[89.601,25.11473],[89.60101,25.11509],[89.6014,25.11509],[89.60142,25.11563],[89.60102,25.11582],[89.60104,25.11636],[89.60084,25.11636],[89.60084,25.11654],[89.60044,25.11655],[89.60045,25.11673],[89.59966,25.11674],[89.59945,25.11638],[89.59925,25.11639],[89.59925,25.11621],[89.59905,25.11621],[89.59905,25.11603],[89.59885,25.11603],[89.59884,25.11585],[89.59785,25.11587],[89.59765,25.11551],[89.59666,25.11553],[89.59645,25.11517],[89.59605,25.11518],[89.59605,25.115],[89.59565,25.11501],[89.59586,25.11536],[89.59566,25.11537],[89.59567,25.11555],[89.59547,25.11555],[89.59546,25.11537],[89.59507,25.11538],[89.59506,25.1152],[89.59407,25.11522],[89.59408,25.1154],[89.59368,25.1154],[89.59368,25.11522],[89.59328,25.11523],[89.59328,25.11541],[89.59249,25.11542],[89.5923,25.11579],[89.5921,25.11579],[89.59211,25.11597],[89.5929,25.11614],[89.59311,25.1165],[89.5935,25.11649],[89.59351,25.11667],[89.59371,25.11667],[89.59372,25.11721],[89.59392,25.1172],[89.59392,25.11738],[89.59431,25.1172],[89.59431,25.11702],[89.59451,25.11701],[89.5945,25.11683],[89.5947,25.11683],[89.5947,25.11665],[89.5949,25.11665],[89.59489,25.11646],[89.59529,25.11646],[89.59549,25.11682],[89.59569,25.11681],[89.59588,25.11645],[89.59648,25.11644],[89.59668,25.11679],[89.59688,25.11679],[89.59688,25.11697],[89.59708,25.11697],[89.59709,25.11751],[89.59729,25.11751],[89.5973,25.11769],[89.59829,25.11767]],[[89.59919,25.10412],[89.59959,25.10411],[89.59959,25.10429],[89.59979,25.10429],[89.59979,25.10447],[89.5994,25.10447],[89.59919,25.10412]]]}},{"type":"Feature","properties":{"kind":"land","ha":13.6},"geometry":{"type":"Polygon","coordinates":[[[89.62835,25.10523],[89.62835,25.10505],[89.62855,25.10504],[89.62854,25.1045],[89.62834,25.1045],[89.62833,25.10432],[89.62853,25.10432],[89.62853,25.10414],[89.62912,25.10413],[89.62913,25.10431],[89.62933,25.10431],[89.62932,25.10413],[89.62972,25.10412],[89.62971,25.10394],[89.62991,25.10393],[89.62992,25.10412],[89.63051,25.1041],[89.6307,25.10374],[89.63209,25.10372],[89.6321,25.10408],[89.6325,25.10425],[89.63249,25.10389],[89.63269,25.10389],[89.63268,25.1037],[89.63228,25.10353],[89.63228,25.10335],[89.63208,25.10335],[89.63207,25.10299],[89.63167,25.10282],[89.63167,25.10264],[89.63127,25.10265],[89.63127,25.10247],[89.63048,25.10248],[89.63027,25.10212],[89.62987,25.10213],[89.62987,25.10195],[89.62888,25.10197],[89.62887,25.10179],[89.62729,25.10182],[89.62729,25.102],[89.6269,25.102],[89.62671,25.10273],[89.62632,25.10273],[89.62632,25.10292],[89.62612,25.10292],[89.62613,25.10328],[89.62633,25.10328],[89.62634,25.10382],[89.62674,25.10399],[89.62675,25.10417],[89.62694,25.10417],[89.62695,25.10435],[89.62715,25.10434],[89.62715,25.10471],[89.62755,25.10488],[89.62756,25.10506],[89.62776,25.10506],[89.62776,25.10524],[89.62835,25.10523]]]}},{"type":"Feature","properties":{"kind":"land","ha":11.2},"geometry":{"type":"Polygon","coordinates":[[[89.66564,25.10618],[89.66562,25.1051],[89.66522,25.10493],[89.66521,25.10475],[89.66502,25.10475],[89.66501,25.10457],[89.66481,25.10457],[89.66481,25.10439],[89.66461,25.1044],[89.66461,25.10422],[89.66441,25.10422],[89.66441,25.10404],[89.66421,25.10404],[89.6642,25.10368],[89.6638,25.10351],[89.6638,25.10333],[89.6636,25.10333],[89.66359,25.10315],[89.6634,25.10316],[89.66339,25.10298],[89.66319,25.10298],[89.66319,25.1028],[89.66299,25.1028],[89.66299,25.10262],[89.66279,25.10263],[89.66278,25.10226],[89.66238,25.10209],[89.66238,25.10191],[89.66317,25.10208],[89.66338,25.10243],[89.66358,25.10243],[89.66358,25.10261],[89.66398,25.1026],[89.66418,25.10296],[89.66438,25.10296],[89.66439,25.10314],[89.66458,25.10313],[89.66459,25.10332],[89.66479,25.10331],[89.66479,25.10349],[89.66499,25.10349],[89.66499,25.10367],[89.66519,25.10367],[89.66519,25.10385],[89.66539,25.10384],[89.6654,25.10402],[89.66559,25.10402],[89.66559,25.10366],[89.66579,25.10365],[89.66578,25.10347],[89.66697,25.10345],[89.66696,25.10291],[89.66617,25.10293],[89.66596,25.10257],[89.66537,25.10258],[89.66536,25.1024],[89.66497,25.10241],[89.66476,25.10205],[89.66456,25.10205],[89.66455,25.10169],[89.66436,25.10169],[89.66435,25.10151],[89.66395,25.10152],[89.66375,25.10116],[89.66296,25.10118],[89.66295,25.101],[89.66216,25.10101],[89.66216,25.10119],[89.66157,25.1012],[89.66157,25.10138],[89.66098,25.10139],[89.66098,25.10158],[89.66039,25.10159],[89.6602,25.10195],[89.6604,25.10195],[89.6604,25.10213],[89.66099,25.10212],[89.661,25.1023],[89.66139,25.10229],[89.6614,25.10247],[89.66179,25.10246],[89.662,25.10282],[89.6622,25.10282],[89.6622,25.103],[89.6624,25.10299],[89.6624,25.10317],[89.6626,25.10317],[89.66261,25.10353],[89.66301,25.10352],[89.66301,25.1037],[89.66361,25.10369],[89.66361,25.10405],[89.66401,25.10423],[89.66402,25.10441],[89.66422,25.1044],[89.66422,25.10459],[89.66442,25.10458],[89.66463,25.1053],[89.66483,25.1053],[89.66485,25.10602],[89.66504,25.10601],[89.66505,25.10619],[89.66564,25.10618]]]}},{"type":"Feature","properties":{"kind":"land","ha":3.3},"geometry":{"type":"Polygon","coordinates":[[[89.639,25.10251],[89.63919,25.10215],[89.63939,25.10214],[89.63937,25.10142],[89.63997,25.10141],[89.64016,25.10104],[89.63976,25.10087],[89.63975,25.10069],[89.63916,25.1007],[89.63916,25.10052],[89.63836,25.10054],[89.63836,25.10017],[89.63796,25.1],[89.63795,25.09982],[89.63755,25.09983],[89.63758,25.10091],[89.63778,25.10091],[89.63778,25.10109],[89.63837,25.10108],[89.63858,25.10143],[89.63878,25.10143],[89.63859,25.10179],[89.63839,25.1018],[89.63841,25.10252],[89.639,25.10251]]]}},{"type":"Feature","properties":{"kind":"land","ha":3.2},"geometry":{"type":"Polygon","coordinates":[[[89.59818,25.10305],[89.59817,25.10287],[89.59837,25.10287],[89.59836,25.10214],[89.59796,25.10215],[89.59795,25.10179],[89.59756,25.1018],[89.59755,25.10162],[89.59735,25.10162],[89.59735,25.10126],[89.59695,25.10109],[89.59693,25.10055],[89.59634,25.10056],[89.59634,25.10038],[89.59614,25.10038],[89.59615,25.10092],[89.59635,25.10092],[89.59636,25.10164],[89.59616,25.10164],[89.59617,25.10182],[89.59657,25.102],[89.59658,25.10236],[89.59677,25.10235],[89.59678,25.10253],[89.59717,25.10253],[89.59718,25.10289],[89.59758,25.10288],[89.59758,25.10306],[89.59818,25.10305]]]}},{"type":"Feature","properties":{"kind":"land","ha":3.6},"geometry":{"type":"Polygon","coordinates":[[[89.65701,25.1011],[89.657,25.10092],[89.6576,25.10091],[89.65759,25.10073],[89.65839,25.10072],[89.65837,25.1],[89.65778,25.10001],[89.65757,25.09965],[89.65737,25.09965],[89.65737,25.09947],[89.65777,25.09947],[89.65776,25.09911],[89.65756,25.09911],[89.65756,25.09893],[89.65716,25.09894],[89.65717,25.0993],[89.65657,25.09931],[89.65638,25.09967],[89.65599,25.09968],[89.65599,25.10004],[89.6558,25.10004],[89.6558,25.1004],[89.6562,25.10058],[89.65621,25.10076],[89.65641,25.10075],[89.65641,25.10094],[89.65661,25.10093],[89.65661,25.10111],[89.65701,25.1011]]]}},{"type":"Feature","properties":{"kind":"land","ha":64.9},"geometry":{"type":"Polygon","coordinates":[[[89.7046,25.11089],[89.70459,25.11035],[89.70498,25.11034],[89.70517,25.10998],[89.70537,25.10998],[89.70536,25.10944],[89.70556,25.10943],[89.70553,25.10799],[89.70592,25.1078],[89.70589,25.10672],[89.7057,25.10672],[89.70567,25.10546],[89.70587,25.10546],[89.70584,25.10419],[89.70604,25.10419],[89.70601,25.10311],[89.7064,25.10292],[89.70658,25.10183],[89.70678,25.10183],[89.70677,25.10129],[89.70696,25.10128],[89.70695,25.10056],[89.70715,25.10056],[89.70713,25.10002],[89.70694,25.10002],[89.70693,25.09984],[89.70634,25.09985],[89.70636,25.10075],[89.70596,25.10094],[89.70596,25.10076],[89.70576,25.10076],[89.70575,25.1004],[89.70556,25.10041],[89.70555,25.10005],[89.70535,25.10005],[89.70535,25.09987],[89.70495,25.09988],[89.70493,25.09897],[89.70473,25.09898],[89.70473,25.0988],[89.70374,25.09882],[89.70373,25.09864],[89.70354,25.09864],[89.70352,25.09774],[89.70371,25.09773],[89.70371,25.09755],[89.70451,25.09772],[89.70471,25.09808],[89.70491,25.09807],[89.7049,25.09753],[89.7047,25.09753],[89.70469,25.09717],[89.70449,25.09718],[89.70449,25.097],[89.70409,25.097],[89.70409,25.09682],[89.7035,25.09683],[89.70351,25.09738],[89.70331,25.09738],[89.7031,25.09702],[89.70291,25.09703],[89.7029,25.09685],[89.7027,25.09685],[89.70251,25.09721],[89.70271,25.09721],[89.70272,25.09757],[89.70292,25.09757],[89.70293,25.09793],[89.70312,25.09792],[89.70314,25.09865],[89.70334,25.09864],[89.70335,25.09936],[89.70316,25.09937],[89.70316,25.09955],[89.70356,25.09972],[89.7036,25.10171],[89.7034,25.10171],[89.70342,25.10261],[89.70323,25.10262],[89.70323,25.10298],[89.70304,25.10298],[89.70305,25.1037],[89.70325,25.1037],[89.70325,25.10388],[89.70266,25.10389],[89.70266,25.10407],[89.70227,25.10408],[89.70228,25.10444],[89.70267,25.10443],[89.70268,25.10479],[89.70228,25.1048],[89.70228,25.10462],[89.70169,25.10463],[89.70148,25.10427],[89.70128,25.10428],[89.70128,25.1041],[89.70108,25.1041],[89.70107,25.10392],[89.70068,25.10393],[89.70067,25.10374],[89.70008,25.10376],[89.70008,25.10358],[89.69928,25.10359],[89.69928,25.10341],[89.69888,25.10342],[89.69868,25.10306],[89.69848,25.10306],[89.69848,25.10288],[89.69828,25.10289],[89.69827,25.10271],[89.69807,25.10271],[89.69807,25.10235],[89.69767,25.10218],[89.69766,25.10199],[89.69746,25.102],[89.69747,25.10236],[89.69708,25.10237],[89.69689,25.10309],[89.6965,25.10328],[89.69651,25.10364],[89.69671,25.10364],[89.69672,25.104],[89.69691,25.10399],[89.69692,25.10435],[89.69712,25.10435],[89.69713,25.10471],[89.69753,25.10489],[89.69754,25.10525],[89.69794,25.10542],[89.69794,25.10578],[89.69834,25.10595],[89.69835,25.10613],[89.69855,25.10613],[89.69855,25.10631],[89.69875,25.10631],[89.69875,25.10649],[89.69895,25.10648],[89.69895,25.10666],[89.69915,25.10666],[89.69916,25.10702],[89.69956,25.10719],[89.69956,25.10738],[89.69976,25.10737],[89.69977,25.10755],[89.69997,25.10755],[89.69997,25.10773],[89.70017,25.10773],[89.70017,25.10791],[89.70037,25.1079],[89.70037,25.10808],[89.70057,25.10808],[89.70058,25.10826],[89.70077,25.10826],[89.70078,25.10844],[89.70098,25.10843],[89.70098,25.10861],[89.70138,25.10861],[89.70138,25.10879],[89.70158,25.10878],[89.70159,25.10914],[89.70199,25.10932],[89.70199,25.1095],[89.70219,25.10949],[89.70219,25.10967],[89.70239,25.10967],[89.70239,25.10985],[89.70259,25.10985],[89.7026,25.11003],[89.70279,25.11002],[89.7028,25.1102],[89.703,25.1102],[89.703,25.11038],[89.7032,25.11038],[89.7032,25.11056],[89.7034,25.11055],[89.70341,25.11073],[89.7042,25.1109],[89.70421,25.11108],[89.7046,25.11089]],[[89.70396,25.10892],[89.70376,25.10892],[89.70375,25.10838],[89.70415,25.10855],[89.70416,25.1091],[89.70396,25.1091],[89.70396,25.10892]]]}},{"type":"Feature","properties":{"kind":"land","ha":3.5},"geometry":{"type":"Polygon","coordinates":[[[89.66352,25.09972],[89.66371,25.09936],[89.66351,25.09936],[89.66351,25.09918],[89.66291,25.09919],[89.66291,25.09883],[89.66251,25.09866],[89.6625,25.09848],[89.6623,25.09848],[89.6623,25.0983],[89.6621,25.09831],[89.6621,25.09813],[89.6619,25.09813],[89.6619,25.09795],[89.6617,25.09795],[89.66169,25.09777],[89.6615,25.09778],[89.66149,25.0976],[89.66129,25.0976],[89.66129,25.09742],[89.66109,25.09742],[89.66109,25.09724],[89.66089,25.09724],[89.66089,25.09706],[89.66049,25.09707],[89.66028,25.09671],[89.65989,25.09672],[89.65968,25.09636],[89.65948,25.09637],[89.65948,25.09619],[89.65888,25.0962],[89.65889,25.09656],[89.65929,25.09673],[89.6593,25.09691],[89.65949,25.09691],[89.6595,25.09709],[89.6597,25.09709],[89.6597,25.09727],[89.6599,25.09726],[89.6599,25.09744],[89.6601,25.09744],[89.6601,25.09762],[89.6605,25.09761],[89.66071,25.09797],[89.6609,25.09797],[89.66091,25.09815],[89.6613,25.09814],[89.66151,25.0985],[89.66171,25.09849],[89.66171,25.09867],[89.66191,25.09867],[89.66191,25.09885],[89.66211,25.09885],[89.66212,25.09903],[89.66232,25.09902],[89.66232,25.0992],[89.66272,25.0992],[89.66292,25.09955],[89.66312,25.09955],[89.66312,25.09973],[89.66352,25.09972]]]}},{"type":"Feature","properties":{"kind":"land","ha":4.7},"geometry":{"type":"Polygon","coordinates":[[[89.67694,25.09696],[89.67692,25.09623],[89.67613,25.09625],[89.67612,25.09571],[89.67592,25.09571],[89.67592,25.09589],[89.67553,25.0959],[89.67553,25.09608],[89.67514,25.09609],[89.67493,25.09573],[89.67433,25.09574],[89.67433,25.09538],[89.67413,25.09538],[89.67413,25.09556],[89.67374,25.09557],[89.67355,25.09593],[89.67275,25.09595],[89.67276,25.09613],[89.67236,25.09614],[89.67237,25.09668],[89.67435,25.09664],[89.67456,25.097],[89.67694,25.09696]]]}},{"type":"Feature","properties":{"kind":"land","ha":28.1},"geometry":{"type":"Polygon","coordinates":[[[89.68345,25.09557],[89.68345,25.09576],[89.68365,25.09575],[89.68365,25.09593],[89.68346,25.09594],[89.68349,25.09738],[89.68329,25.09738],[89.68329,25.09756],[89.6831,25.09757],[89.68309,25.09739],[89.6825,25.0974],[89.68249,25.09722],[89.6821,25.09722],[89.68209,25.09704],[89.6811,25.09706],[89.6809,25.0967],[89.67991,25.09672],[89.67989,25.09618],[89.6797,25.09618],[89.67969,25.096],[89.6791,25.09601],[89.67912,25.09692],[89.67932,25.09691],[89.67932,25.09709],[89.67893,25.09728],[89.67895,25.09818],[89.67915,25.09818],[89.67915,25.09836],[89.67994,25.09835],[89.67995,25.09853],[89.68034,25.09852],[89.68035,25.0987],[89.68094,25.09869],[89.68113,25.09832],[89.68153,25.09832],[89.68152,25.09814],[89.68212,25.09813],[89.68232,25.09848],[89.68272,25.09848],[89.68273,25.09902],[89.68293,25.09901],[89.68293,25.09919],[89.68551,25.09915],[89.68551,25.09933],[89.68591,25.09932],[89.68591,25.0995],[89.68671,25.09949],[89.6867,25.09931],[89.6871,25.0993],[89.68709,25.09894],[89.68729,25.09893],[89.6873,25.0993],[89.68769,25.09929],[89.68769,25.09911],[89.68789,25.0991],[89.68787,25.09856],[89.68807,25.09856],[89.68807,25.0982],[89.68846,25.09819],[89.68867,25.09855],[89.68906,25.09854],[89.68907,25.09872],[89.68927,25.09872],[89.68927,25.09908],[89.68888,25.09909],[89.68889,25.09945],[89.68928,25.09926],[89.68948,25.09962],[89.68988,25.09961],[89.68988,25.09979],[89.69048,25.09978],[89.69047,25.09942],[89.69007,25.09925],[89.69007,25.09906],[89.68987,25.09907],[89.68986,25.09871],[89.69006,25.0987],[89.69005,25.09816],[89.68985,25.09817],[89.68984,25.09762],[89.68964,25.09763],[89.68963,25.09745],[89.68924,25.09746],[89.68922,25.09673],[89.68902,25.09674],[89.68902,25.09656],[89.68823,25.09657],[89.68824,25.09693],[89.68764,25.09694],[89.68765,25.09712],[89.68606,25.09715],[89.68606,25.09697],[89.68566,25.09698],[89.68566,25.0968],[89.68526,25.09681],[89.68526,25.09663],[89.68486,25.09663],[89.68486,25.09645],[89.68446,25.09646],[89.68425,25.0961],[89.68406,25.09611],[89.68404,25.09538],[89.68384,25.09539],[89.68383,25.09503],[89.68364,25.09503],[89.68362,25.09449],[89.68343,25.09449],[89.68341,25.09395],[89.68322,25.09395],[89.68321,25.09377],[89.68262,25.09378],[89.68264,25.09469],[89.68204,25.0947],[89.68205,25.09488],[89.68185,25.09488],[89.68186,25.0956],[89.68206,25.0956],[89.68207,25.09578],[89.68246,25.09577],[89.68267,25.09613],[89.68326,25.09612],[89.68325,25.09558],[89.68345,25.09557]],[[89.68305,25.09558],[89.68305,25.0954],[89.68325,25.0954],[89.68325,25.09558],[89.68305,25.09558]],[[89.68285,25.09541],[89.68285,25.09522],[89.68304,25.09522],[89.68305,25.0954],[89.68285,25.09541]],[[89.68609,25.09841],[89.68648,25.09841],[89.68649,25.09859],[89.68669,25.09858],[89.68669,25.09876],[89.6861,25.09878],[89.68609,25.09841]],[[89.68291,25.09829],[89.68331,25.09828],[89.68331,25.09847],[89.68292,25.09847],[89.68291,25.09829]],[[89.68351,25.09828],[89.6839,25.09827],[89.6839,25.09809],[89.6843,25.09827],[89.6843,25.09845],[89.68351,25.09846],[89.68351,25.09828]]]}},{"type":"Feature","properties":{"kind":"land","ha":6.1},"geometry":{"type":"Polygon","coordinates":[[[89.67812,25.09657],[89.67812,25.09639],[89.67831,25.09639],[89.6783,25.09567],[89.6779,25.09568],[89.67789,25.09531],[89.67749,25.09514],[89.67749,25.09496],[89.67729,25.09496],[89.67729,25.09478],[89.67689,25.09479],[89.67668,25.09443],[89.67609,25.09444],[89.67588,25.09409],[89.67549,25.09409],[89.67548,25.09391],[89.67449,25.09393],[89.6745,25.09411],[89.6739,25.09412],[89.6739,25.09394],[89.6733,25.09395],[89.6733,25.09377],[89.6729,25.09378],[89.6727,25.09342],[89.6725,25.09343],[89.67251,25.09379],[89.67212,25.09397],[89.67212,25.09415],[89.67192,25.09416],[89.67193,25.09434],[89.67232,25.09433],[89.67232,25.09415],[89.67291,25.09414],[89.67312,25.0945],[89.67392,25.09466],[89.67412,25.09502],[89.67432,25.09502],[89.67432,25.0952],[89.67472,25.09519],[89.67472,25.09501],[89.67531,25.095],[89.67552,25.09536],[89.67571,25.09535],[89.67571,25.09517],[89.6767,25.09516],[89.67671,25.09552],[89.67711,25.09569],[89.67711,25.09587],[89.67731,25.09587],[89.67731,25.09605],[89.67751,25.09604],[89.67752,25.09658],[89.67812,25.09657]]]}},{"type":"Feature","properties":{"kind":"land","ha":14.9},"geometry":{"type":"Polygon","coordinates":[[[89.6064,25.09839],[89.6064,25.09803],[89.60659,25.09803],[89.6068,25.09839],[89.60739,25.09838],[89.60739,25.0982],[89.60779,25.09819],[89.60798,25.09782],[89.60818,25.09782],[89.60817,25.09764],[89.60916,25.09762],[89.60916,25.09744],[89.60936,25.09744],[89.60936,25.09762],[89.60976,25.09761],[89.60995,25.09725],[89.61015,25.09724],[89.61014,25.09706],[89.61034,25.09706],[89.61034,25.09688],[89.61053,25.09688],[89.61053,25.0967],[89.61073,25.09669],[89.61071,25.09597],[89.61111,25.09596],[89.61111,25.09578],[89.6113,25.09578],[89.61145,25.09325],[89.61105,25.09326],[89.61086,25.09362],[89.61066,25.09363],[89.61067,25.09399],[89.60968,25.094],[89.60967,25.09364],[89.60908,25.09365],[89.60908,25.09383],[89.60869,25.09384],[89.6087,25.09438],[89.6091,25.09456],[89.6091,25.09474],[89.6093,25.09473],[89.6093,25.09491],[89.6095,25.09491],[89.6095,25.09509],[89.6101,25.09508],[89.61012,25.09598],[89.60972,25.09599],[89.60953,25.09635],[89.60894,25.09636],[89.60894,25.09654],[89.60854,25.09655],[89.60835,25.09692],[89.60796,25.09692],[89.60796,25.0971],[89.60737,25.09711],[89.60736,25.09693],[89.60657,25.09695],[89.60656,25.09659],[89.60676,25.09658],[89.60675,25.09604],[89.60695,25.09604],[89.60694,25.09568],[89.60714,25.09567],[89.60693,25.09495],[89.60712,25.09495],[89.60711,25.09423],[89.6075,25.09404],[89.60749,25.0935],[89.60769,25.0935],[89.60767,25.0926],[89.60747,25.0926],[89.60747,25.09278],[89.60728,25.09278],[89.60728,25.09314],[89.60708,25.09315],[89.60709,25.09333],[89.60669,25.09333],[89.6067,25.09351],[89.6065,25.09352],[89.60651,25.09388],[89.60631,25.09388],[89.60632,25.09424],[89.60651,25.09424],[89.60653,25.09514],[89.60633,25.09515],[89.60634,25.09551],[89.60614,25.09551],[89.60615,25.09569],[89.60635,25.09569],[89.60636,25.09623],[89.60596,25.09642],[89.60597,25.0966],[89.60557,25.0966],[89.6056,25.09787],[89.6058,25.09786],[89.60581,25.0984],[89.6064,25.09839]]]}},{"type":"Feature","properties":{"kind":"land","ha":35.8},"geometry":{"type":"Polygon","coordinates":[[[89.60398,25.10566],[89.60394,25.10385],[89.60414,25.10385],[89.60411,25.10259],[89.60431,25.10258],[89.60429,25.10168],[89.60449,25.10168],[89.60448,25.10095],[89.60467,25.10095],[89.60465,25.09969],[89.60445,25.09969],[89.60444,25.09951],[89.60464,25.09951],[89.60461,25.09806],[89.60441,25.09807],[89.60441,25.09789],[89.60362,25.0979],[89.60362,25.09808],[89.60342,25.09808],[89.60343,25.09863],[89.60363,25.09862],[89.60364,25.0988],[89.60344,25.09881],[89.60345,25.09917],[89.60325,25.09917],[89.60325,25.09935],[89.60286,25.09936],[89.60265,25.099],[89.60245,25.099],[89.60246,25.09937],[89.60206,25.09937],[89.60225,25.09901],[89.60166,25.09902],[89.60145,25.09866],[89.60126,25.09866],[89.60124,25.09794],[89.60163,25.09776],[89.60163,25.09757],[89.60143,25.09758],[89.60142,25.09704],[89.60182,25.09721],[89.60183,25.09757],[89.60222,25.09756],[89.60223,25.09811],[89.60243,25.0981],[89.6024,25.09666],[89.6022,25.09666],[89.60219,25.09612],[89.60199,25.09612],[89.60197,25.09486],[89.60177,25.09486],[89.60176,25.0945],[89.60156,25.09451],[89.60156,25.09433],[89.60176,25.09432],[89.60175,25.09414],[89.60215,25.09414],[89.60234,25.09377],[89.60194,25.0936],[89.60194,25.09342],[89.60174,25.09342],[89.60174,25.09324],[89.60114,25.09325],[89.60093,25.09289],[89.60074,25.0929],[89.60073,25.09272],[89.60034,25.09272],[89.60034,25.0929],[89.60054,25.0929],[89.60056,25.09398],[89.60076,25.09398],[89.60077,25.0947],[89.60097,25.0947],[89.60098,25.09506],[89.60058,25.09507],[89.60038,25.09471],[89.60018,25.09471],[89.60017,25.09435],[89.59997,25.09435],[89.59997,25.09417],[89.59957,25.09418],[89.59957,25.094],[89.59937,25.094],[89.59937,25.09364],[89.59897,25.09365],[89.59898,25.09401],[89.59858,25.09402],[89.59858,25.0942],[89.59839,25.0942],[89.59838,25.09402],[89.59799,25.09403],[89.59799,25.09421],[89.5972,25.09422],[89.59721,25.09476],[89.59761,25.09494],[89.59761,25.09512],[89.59781,25.09511],[89.59781,25.0953],[89.59821,25.09529],[89.5982,25.09493],[89.598,25.09493],[89.598,25.09457],[89.5978,25.09457],[89.5978,25.09439],[89.59819,25.09439],[89.5984,25.09474],[89.5986,25.09474],[89.5986,25.09492],[89.599,25.09491],[89.599,25.09509],[89.5992,25.09509],[89.59921,25.09563],[89.59882,25.09582],[89.59884,25.09672],[89.59923,25.09671],[89.59944,25.09707],[89.59964,25.09707],[89.59964,25.09725],[89.59984,25.09725],[89.60005,25.09796],[89.60045,25.09814],[89.60045,25.09832],[89.60065,25.09831],[89.60066,25.09867],[89.60106,25.09867],[89.60106,25.09885],[89.60126,25.09884],[89.60127,25.09921],[89.60146,25.0992],[89.60148,25.09992],[89.60108,25.09975],[89.60109,25.10011],[89.60129,25.10011],[89.60129,25.10029],[89.60089,25.1003],[89.60091,25.10102],[89.60111,25.10101],[89.60111,25.10137],[89.60092,25.10138],[89.60093,25.10192],[89.60113,25.10192],[89.60114,25.10246],[89.60134,25.10245],[89.60134,25.10281],[89.60154,25.10281],[89.60155,25.10335],[89.60195,25.10353],[89.60196,25.10407],[89.60216,25.10406],[89.60217,25.10442],[89.60257,25.1046],[89.60257,25.10478],[89.60277,25.10477],[89.60278,25.10496],[89.60297,25.10495],[89.60298,25.10513],[89.60318,25.10513],[89.60318,25.10549],[89.60338,25.10549],[89.60339,25.10567],[89.60398,25.10566]],[[89.60308,25.10062],[89.60288,25.10062],[89.60287,25.10026],[89.60327,25.10007],[89.60327,25.10025],[89.60347,25.10025],[89.60348,25.10079],[89.60308,25.1008],[89.60308,25.10062]],[[89.59982,25.09634],[89.60002,25.09634],[89.60002,25.09652],[89.59982,25.09652],[89.59982,25.09634]]]}},{"type":"Feature","properties":{"kind":"land","ha":4.0},"geometry":{"type":"Polygon","coordinates":[[[89.59166,25.09486],[89.59165,25.0945],[89.59185,25.0945],[89.5918,25.09215],[89.5916,25.09215],[89.5916,25.09179],[89.5914,25.0918],[89.59139,25.09162],[89.591,25.09162],[89.591,25.0918],[89.5908,25.09181],[89.59082,25.09253],[89.59062,25.09253],[89.59063,25.09289],[89.59043,25.0929],[89.59043,25.09308],[89.59024,25.09308],[89.59024,25.09326],[89.59044,25.09326],[89.59045,25.0938],[89.59065,25.0938],[89.59066,25.09452],[89.59086,25.09451],[89.59087,25.09488],[89.59166,25.09486]]]}},{"type":"Feature","properties":{"kind":"land","ha":16.9},"geometry":{"type":"Polygon","coordinates":[[[89.65652,25.09696],[89.65651,25.09642],[89.65671,25.09642],[89.65669,25.0957],[89.65649,25.0957],[89.65648,25.0948],[89.65608,25.09462],[89.65607,25.09444],[89.65587,25.09445],[89.65587,25.09427],[89.65567,25.09427],[89.65566,25.09391],[89.65606,25.09372],[89.65606,25.0939],[89.65665,25.09389],[89.65665,25.09371],[89.65625,25.09354],[89.65625,25.09336],[89.65585,25.09336],[89.65585,25.09318],[89.65565,25.09319],[89.65564,25.09283],[89.65524,25.09283],[89.65504,25.09248],[89.65484,25.09248],[89.65484,25.0923],[89.65464,25.0923],[89.65463,25.09212],[89.65444,25.09213],[89.65443,25.09195],[89.65404,25.09195],[89.65403,25.09159],[89.65363,25.0916],[89.65363,25.09142],[89.65343,25.09142],[89.65346,25.09269],[89.65365,25.09268],[89.65366,25.09304],[89.65386,25.09304],[89.65386,25.09322],[89.65327,25.09323],[89.65306,25.09287],[89.65267,25.09288],[89.65246,25.09252],[89.65226,25.09253],[89.65245,25.0918],[89.65165,25.09182],[89.65165,25.09163],[89.65125,25.09164],[89.65125,25.09146],[89.65105,25.09146],[89.65104,25.09092],[89.65064,25.09075],[89.65064,25.09057],[89.64945,25.09059],[89.64947,25.09149],[89.64987,25.09167],[89.64987,25.09185],[89.65007,25.09184],[89.65007,25.09202],[89.65027,25.09202],[89.65027,25.0922],[89.65067,25.09219],[89.65088,25.09255],[89.65108,25.09255],[89.65108,25.09273],[89.65128,25.09272],[89.65128,25.0929],[89.65168,25.0929],[89.65188,25.09325],[89.65208,25.09325],[89.65209,25.09343],[89.65228,25.09343],[89.65229,25.09379],[89.65249,25.09379],[89.65249,25.09397],[89.65289,25.09396],[89.6531,25.09432],[89.65329,25.09431],[89.6533,25.09449],[89.6535,25.09449],[89.6535,25.09467],[89.6537,25.09467],[89.6537,25.09485],[89.6539,25.09484],[89.65391,25.0952],[89.65431,25.09538],[89.65431,25.09556],[89.65451,25.09555],[89.65451,25.09573],[89.65471,25.09573],[89.65472,25.09609],[89.65492,25.09609],[89.65492,25.09627],[89.65591,25.09625],[89.65632,25.09697],[89.65652,25.09696]]]}},{"type":"Feature","properties":{"kind":"land","ha":3.5},"geometry":{"type":"Polygon","coordinates":[[[89.60353,25.09357],[89.60352,25.09339],[89.60372,25.09339],[89.60371,25.09303],[89.60411,25.09302],[89.6043,25.09265],[89.6045,25.09265],[89.60449,25.09247],[89.60489,25.09246],[89.60488,25.09192],[89.60409,25.09212],[89.60409,25.0923],[89.6037,25.0923],[89.6037,25.09248],[89.6033,25.09249],[89.6033,25.09231],[89.60271,25.09232],[89.6027,25.09214],[89.60231,25.09215],[89.6023,25.09197],[89.60191,25.09197],[89.6017,25.09162],[89.6013,25.09162],[89.6013,25.09144],[89.60051,25.09146],[89.60071,25.09181],[89.60091,25.09181],[89.60092,25.09199],[89.60131,25.09198],[89.60152,25.09234],[89.60172,25.09234],[89.60172,25.09252],[89.60192,25.09252],[89.60192,25.0927],[89.60212,25.09269],[89.60212,25.09287],[89.60252,25.09287],[89.60273,25.09322],[89.60292,25.09322],[89.60293,25.0934],[89.60313,25.0934],[89.60313,25.09358],[89.60353,25.09357]]]}},{"type":"Feature","properties":{"kind":"land","ha":3.3},"geometry":{"type":"Polygon","coordinates":[[[89.69582,25.09048],[89.6958,25.08957],[89.69561,25.08958],[89.6956,25.0894],[89.69599,25.08921],[89.69599,25.08885],[89.69638,25.08884],[89.69639,25.08902],[89.69659,25.08902],[89.69658,25.08884],[89.69678,25.08884],[89.69678,25.08865],[89.69658,25.08866],[89.69656,25.08794],[89.69636,25.08794],[89.69636,25.08776],[89.69596,25.08777],[89.69597,25.08795],[89.69557,25.08795],[89.69557,25.08814],[89.69498,25.08815],[89.69498,25.08833],[89.69479,25.08833],[89.6948,25.08905],[89.6946,25.08906],[89.69461,25.08942],[89.69501,25.08959],[89.69502,25.08995],[89.69522,25.08995],[89.69522,25.09013],[89.69542,25.09012],[89.69543,25.09048],[89.69582,25.09048]]]}},{"type":"Feature","properties":{"kind":"land","ha":53.8},"geometry":{"type":"Polygon","coordinates":[[[89.67177,25.09633],[89.67177,25.09615],[89.67157,25.09615],[89.67155,25.09525],[89.67115,25.09507],[89.67115,25.09489],[89.67095,25.0949],[89.67093,25.09418],[89.67073,25.09418],[89.67073,25.094],[89.67093,25.094],[89.67092,25.09382],[89.67052,25.09364],[89.67052,25.09346],[89.67032,25.09347],[89.67032,25.09328],[89.67052,25.09328],[89.67051,25.09292],[89.6709,25.09273],[89.6709,25.09255],[89.67109,25.09255],[89.67109,25.09219],[89.67128,25.09218],[89.67128,25.09182],[89.67147,25.09182],[89.67147,25.09164],[89.67207,25.09163],[89.67206,25.09145],[89.67285,25.09143],[89.67286,25.09161],[89.67365,25.0916],[89.67365,25.09178],[89.67405,25.09177],[89.67404,25.09123],[89.67443,25.09123],[89.67464,25.09158],[89.67484,25.09158],[89.67484,25.09176],[89.67504,25.09176],[89.67504,25.09194],[89.67623,25.09191],[89.67624,25.0921],[89.67723,25.09208],[89.67723,25.09226],[89.67783,25.09225],[89.67783,25.09243],[89.67823,25.09242],[89.67823,25.0926],[89.67863,25.09259],[89.67863,25.09277],[89.68041,25.09274],[89.68041,25.09256],[89.6814,25.09254],[89.68161,25.0929],[89.6818,25.0929],[89.68181,25.09308],[89.68201,25.09307],[89.68201,25.09325],[89.68221,25.09325],[89.68221,25.09343],[89.68241,25.09343],[89.68218,25.09199],[89.68198,25.09199],[89.68197,25.09145],[89.68177,25.09145],[89.68176,25.09073],[89.68156,25.09074],[89.68155,25.09037],[89.68135,25.09038],[89.68135,25.0902],[89.68115,25.0902],[89.68114,25.08984],[89.68074,25.08967],[89.68074,25.08949],[89.68054,25.08949],[89.68056,25.09057],[89.68076,25.09057],[89.68077,25.09093],[89.68057,25.09093],[89.68058,25.09111],[89.68098,25.09129],[89.68098,25.09147],[89.68118,25.09146],[89.68119,25.09183],[89.68099,25.09183],[89.68099,25.09201],[89.6806,25.09202],[89.68059,25.09184],[89.68,25.09185],[89.67979,25.09149],[89.6794,25.0915],[89.67939,25.09132],[89.6782,25.09134],[89.6782,25.09116],[89.6778,25.09116],[89.6776,25.09081],[89.6774,25.09081],[89.67739,25.09063],[89.6772,25.09063],[89.67719,25.09045],[89.67699,25.09046],[89.67699,25.09028],[89.67679,25.09028],[89.67679,25.0901],[89.67659,25.0901],[89.67659,25.08992],[89.67579,25.08976],[89.67558,25.0894],[89.67519,25.08941],[89.675,25.08977],[89.67421,25.08979],[89.6742,25.08961],[89.67381,25.08961],[89.6738,25.08943],[89.6734,25.08944],[89.6734,25.08926],[89.673,25.08927],[89.673,25.08909],[89.67122,25.08912],[89.67122,25.0893],[89.67102,25.0893],[89.67103,25.08966],[89.67143,25.08984],[89.67144,25.09002],[89.67163,25.09001],[89.67164,25.09037],[89.67085,25.09039],[89.67085,25.09021],[89.67045,25.09021],[89.67044,25.09003],[89.67025,25.09004],[89.67024,25.08986],[89.66965,25.08987],[89.66946,25.09023],[89.66886,25.09024],[89.66886,25.09006],[89.66906,25.09006],[89.66905,25.0897],[89.66984,25.08968],[89.66983,25.08932],[89.66944,25.08933],[89.66943,25.08915],[89.66825,25.08917],[89.66825,25.08935],[89.66785,25.08936],[89.66804,25.08899],[89.66785,25.089],[89.66784,25.08882],[89.66745,25.08882],[89.66745,25.089],[89.66686,25.08902],[89.66683,25.08793],[89.66644,25.08794],[89.66663,25.08758],[89.66603,25.08759],[89.66603,25.08741],[89.66583,25.08741],[89.66583,25.08759],[89.66544,25.0876],[89.66544,25.08778],[89.66504,25.08778],[89.66505,25.08796],[89.66445,25.08798],[89.66446,25.08834],[89.66426,25.08834],[89.66428,25.08888],[89.66447,25.08888],[89.66448,25.08924],[89.66468,25.08924],[89.66469,25.0896],[89.66489,25.08959],[89.6649,25.09031],[89.6651,25.09031],[89.66511,25.09067],[89.66531,25.09067],[89.66531,25.09103],[89.66551,25.09103],[89.66552,25.09121],[89.66611,25.09119],[89.66612,25.09174],[89.66632,25.09173],[89.66633,25.09209],[89.66653,25.09209],[89.66653,25.09227],[89.66693,25.09226],[89.66713,25.09262],[89.66733,25.09262],[89.66734,25.09298],[89.66814,25.09332],[89.66815,25.09369],[89.66855,25.09386],[89.66855,25.09404],[89.66875,25.09404],[89.66875,25.09422],[89.66935,25.0942],[89.66955,25.09456],[89.66975,25.09456],[89.66975,25.09474],[89.66995,25.09474],[89.66996,25.09492],[89.67015,25.09491],[89.67016,25.09509],[89.67036,25.09509],[89.67036,25.09527],[89.67056,25.09527],[89.67056,25.09545],[89.67076,25.09544],[89.67076,25.09562],[89.67096,25.09562],[89.67097,25.09598],[89.67117,25.09598],[89.67118,25.09634],[89.67137,25.09633],[89.67138,25.09651],[89.67177,25.09633]]]}},{"type":"Feature","properties":{"kind":"land","ha":12.2},"geometry":{"type":"Polygon","coordinates":[[[89.6274,25.10687],[89.62739,25.10669],[89.62699,25.10651],[89.62699,25.10633],[89.62679,25.10634],[89.62679,25.10616],[89.62659,25.10616],[89.62659,25.10598],[89.62639,25.10598],[89.62617,25.10526],[89.62577,25.10509],[89.62577,25.10491],[89.62557,25.10491],[89.62557,25.10473],[89.62537,25.10474],[89.62516,25.10402],[89.62496,25.10402],[89.62495,25.10366],[89.62475,25.10367],[89.62474,25.1033],[89.62434,25.10313],[89.62434,25.10277],[89.62394,25.1026],[89.62393,25.10242],[89.62373,25.10242],[89.62373,25.10224],[89.62353,25.10224],[89.62352,25.10188],[89.62333,25.10189],[89.62332,25.1017],[89.62312,25.10171],[89.6229,25.10063],[89.62271,25.10063],[89.6227,25.10027],[89.6225,25.10028],[89.62249,25.09991],[89.62229,25.09992],[89.62228,25.09938],[89.62208,25.09938],[89.62206,25.09848],[89.62187,25.09848],[89.62186,25.09812],[89.62166,25.09812],[89.62164,25.09722],[89.62144,25.09723],[89.6214,25.09506],[89.6212,25.09506],[89.62118,25.09398],[89.62098,25.09398],[89.62097,25.09362],[89.62117,25.09362],[89.62115,25.09254],[89.62095,25.09254],[89.62093,25.09164],[89.62113,25.09164],[89.62111,25.09109],[89.62131,25.09109],[89.62129,25.09001],[89.62109,25.09001],[89.62109,25.08983],[89.62129,25.08983],[89.62126,25.08875],[89.62086,25.08857],[89.62086,25.08839],[89.62026,25.0884],[89.62026,25.08822],[89.62006,25.08823],[89.62007,25.08841],[89.61987,25.08841],[89.61988,25.08895],[89.62008,25.08895],[89.62009,25.08949],[89.62029,25.08948],[89.62032,25.09111],[89.62052,25.09111],[89.62054,25.09201],[89.62074,25.092],[89.62078,25.09417],[89.62098,25.09417],[89.62104,25.09687],[89.62124,25.09687],[89.62127,25.09831],[89.62147,25.09831],[89.62147,25.09867],[89.62167,25.09867],[89.62168,25.09903],[89.62188,25.09902],[89.6219,25.09993],[89.6221,25.09992],[89.62211,25.10064],[89.62231,25.10064],[89.62232,25.10118],[89.62252,25.10118],[89.62253,25.10154],[89.62272,25.10153],[89.62273,25.1019],[89.62293,25.10189],[89.62294,25.10225],[89.62314,25.10225],[89.62315,25.10279],[89.62355,25.10296],[89.62355,25.10314],[89.62375,25.10314],[89.62376,25.1035],[89.62396,25.1035],[89.62396,25.10368],[89.62416,25.10368],[89.62437,25.10439],[89.62457,25.10439],[89.62458,25.10475],[89.62498,25.10492],[89.62499,25.10529],[89.62539,25.10546],[89.62539,25.10564],[89.62559,25.10564],[89.62559,25.10582],[89.62579,25.10581],[89.62579,25.10599],[89.62599,25.10599],[89.626,25.10617],[89.62619,25.10617],[89.6262,25.10635],[89.62659,25.10634],[89.6268,25.1067],[89.627,25.10669],[89.627,25.10687],[89.6274,25.10687]]]}},{"type":"Feature","properties":{"kind":"land","ha":6.4},"geometry":{"type":"Polygon","coordinates":[[[89.702,25.09181],[89.70199,25.09145],[89.70179,25.09145],[89.70179,25.09127],[89.70199,25.09127],[89.70198,25.09109],[89.70178,25.09109],[89.70176,25.09019],[89.70117,25.0902],[89.70076,25.08948],[89.70096,25.08948],[89.70095,25.0893],[89.70135,25.08929],[89.70133,25.08857],[89.70113,25.08858],[89.70113,25.0884],[89.70133,25.08839],[89.70132,25.08821],[89.70192,25.0882],[89.70191,25.08784],[89.7023,25.08765],[89.70231,25.08783],[89.70251,25.08783],[89.70251,25.08819],[89.70291,25.08818],[89.7029,25.08764],[89.7025,25.08747],[89.70249,25.08711],[89.70229,25.08711],[89.70228,25.08675],[89.70208,25.08675],[89.70208,25.08657],[89.70168,25.08658],[89.70148,25.08622],[89.70108,25.08623],[89.70109,25.08659],[89.7007,25.08678],[89.70071,25.08714],[89.70111,25.08731],[89.70111,25.08767],[89.70012,25.08769],[89.70013,25.08787],[89.69993,25.08788],[89.69994,25.08842],[89.69974,25.08842],[89.69975,25.0886],[89.70015,25.08877],[89.70036,25.08949],[89.70056,25.08949],[89.70057,25.08985],[89.70077,25.08985],[89.70077,25.09021],[89.70097,25.0902],[89.70098,25.09056],[89.70118,25.09056],[89.70119,25.09128],[89.70159,25.09145],[89.7016,25.09164],[89.7018,25.09163],[89.7018,25.09181],[89.702,25.09181]]]}},{"type":"Feature","properties":{"kind":"land","ha":34.6},"geometry":{"type":"Polygon","coordinates":[[[89.70923,25.09601],[89.70922,25.09583],[89.70942,25.09582],[89.70942,25.09564],[89.70961,25.09564],[89.70961,25.09546],[89.70981,25.09546],[89.7098,25.0951],[89.71,25.09509],[89.70999,25.09491],[89.71039,25.0949],[89.71058,25.09454],[89.71078,25.09454],[89.71077,25.09436],[89.71097,25.09435],[89.71096,25.09381],[89.71135,25.09362],[89.71135,25.09326],[89.71154,25.09326],[89.71153,25.09272],[89.71133,25.09272],[89.71133,25.09254],[89.71093,25.09255],[89.71091,25.09165],[89.71051,25.09147],[89.71051,25.09111],[89.71011,25.09112],[89.7101,25.09094],[89.70991,25.09094],[89.71009,25.09022],[89.70989,25.09022],[89.70988,25.08968],[89.70908,25.08933],[89.70907,25.08915],[89.70927,25.08915],[89.70926,25.08879],[89.70946,25.08878],[89.70945,25.08842],[89.70926,25.08843],[89.70925,25.08807],[89.70905,25.08807],[89.70904,25.08771],[89.70864,25.08754],[89.70843,25.08682],[89.70823,25.08682],[89.70823,25.08664],[89.70783,25.08665],[89.70782,25.08629],[89.70723,25.0863],[89.70725,25.0872],[89.70686,25.08739],[89.70686,25.08775],[89.70647,25.08776],[89.70646,25.08758],[89.70627,25.08758],[89.70626,25.08722],[89.70606,25.08722],[89.70605,25.08686],[89.70585,25.08686],[89.70585,25.08668],[89.70625,25.08668],[89.70623,25.08614],[89.70643,25.08613],[89.70643,25.08595],[89.70742,25.08593],[89.70741,25.08557],[89.70701,25.0854],[89.707,25.08504],[89.7068,25.08504],[89.70679,25.0845],[89.70659,25.08451],[89.70661,25.08523],[89.70681,25.08522],[89.70681,25.0854],[89.70642,25.08559],[89.70642,25.08577],[89.70623,25.08578],[89.70622,25.08541],[89.70642,25.08541],[89.7064,25.08487],[89.706,25.0847],[89.706,25.08452],[89.70481,25.08454],[89.70481,25.08436],[89.70421,25.08437],[89.7042,25.08401],[89.70401,25.08401],[89.70382,25.08438],[89.70362,25.08438],[89.70383,25.0851],[89.70502,25.08508],[89.70502,25.08526],[89.70542,25.08525],[89.70543,25.08561],[89.70583,25.0856],[89.70583,25.08578],[89.70603,25.08578],[89.70604,25.08614],[89.70564,25.08633],[89.70565,25.08651],[89.70525,25.08652],[89.70525,25.08633],[89.70445,25.08635],[89.70446,25.08671],[89.70466,25.08671],[89.70467,25.08707],[89.70487,25.08706],[89.70487,25.08724],[89.70507,25.08724],[89.70528,25.08796],[89.70568,25.08813],[89.70569,25.08831],[89.70588,25.08831],[89.70589,25.08849],[89.70609,25.08849],[89.70609,25.08867],[89.70629,25.08866],[89.70629,25.08884],[89.70709,25.08883],[89.70709,25.08901],[89.70729,25.089],[89.70732,25.09063],[89.70713,25.09063],[89.70713,25.09099],[89.70694,25.091],[89.70694,25.09118],[89.70714,25.09117],[89.70715,25.09153],[89.70635,25.09155],[89.70616,25.09191],[89.70636,25.09191],[89.70637,25.09227],[89.70657,25.09227],[89.70657,25.09245],[89.70696,25.09226],[89.70696,25.09208],[89.70736,25.09225],[89.70757,25.09297],[89.70777,25.09297],[89.70779,25.09369],[89.70799,25.09368],[89.70799,25.09405],[89.70819,25.09404],[89.70822,25.09512],[89.70841,25.09512],[89.70843,25.09566],[89.70883,25.09584],[89.70883,25.0962],[89.70923,25.09601]]]}},{"type":"Feature","properties":{"kind":"land","ha":18.7},"geometry":{"type":"Polygon","coordinates":[[[89.59006,25.09417],[89.59006,25.09435],[89.59026,25.09434],[89.59025,25.0938],[89.58985,25.09381],[89.58985,25.09345],[89.59004,25.09345],[89.59002,25.09236],[89.59022,25.09236],[89.59021,25.092],[89.59001,25.092],[89.59001,25.09164],[89.58981,25.09164],[89.58979,25.09092],[89.59019,25.09074],[89.59018,25.09056],[89.59038,25.09055],[89.59036,25.08983],[89.59056,25.08983],[89.59056,25.08947],[89.59095,25.08946],[89.59116,25.08982],[89.59155,25.08981],[89.59176,25.09017],[89.59196,25.09016],[89.59193,25.08872],[89.59232,25.08871],[89.59232,25.08835],[89.59172,25.08836],[89.59171,25.08782],[89.59191,25.08782],[89.59189,25.08692],[89.59149,25.08674],[89.59149,25.08656],[89.59129,25.08656],[89.59128,25.08638],[89.59109,25.08639],[89.59108,25.08603],[89.59068,25.08585],[89.59067,25.08567],[89.58988,25.08551],[89.58988,25.08569],[89.58949,25.08569],[89.58948,25.08551],[89.58908,25.08552],[89.58908,25.08534],[89.58789,25.08518],[89.58791,25.08626],[89.58811,25.08626],[89.58812,25.0868],[89.58832,25.0868],[89.58855,25.08824],[89.58875,25.08823],[89.58875,25.08859],[89.58895,25.08859],[89.58896,25.08877],[89.58915,25.08877],[89.58917,25.08949],[89.58897,25.08949],[89.58899,25.09058],[89.58919,25.09057],[89.58921,25.09147],[89.58941,25.09147],[89.58943,25.09237],[89.58963,25.09237],[89.58967,25.09435],[89.59006,25.09417]]]}},{"type":"Feature","properties":{"kind":"land","ha":5.8},"geometry":{"type":"Polygon","coordinates":[[[89.64722,25.08846],[89.64722,25.08828],[89.64682,25.08811],[89.64681,25.08793],[89.64662,25.08793],[89.64661,25.08775],[89.64641,25.08776],[89.6464,25.08722],[89.646,25.08704],[89.646,25.08686],[89.6458,25.08687],[89.6458,25.08669],[89.6456,25.08669],[89.64559,25.08633],[89.64579,25.08632],[89.64578,25.08578],[89.64498,25.0858],[89.64496,25.0849],[89.64456,25.08472],[89.64456,25.08454],[89.64416,25.08455],[89.64416,25.08419],[89.64396,25.08419],[89.64395,25.08401],[89.64336,25.08402],[89.64317,25.08439],[89.64297,25.08439],[89.64298,25.08457],[89.64338,25.08474],[89.64338,25.08492],[89.64358,25.08492],[89.64358,25.0851],[89.64378,25.0851],[89.64378,25.08528],[89.64398,25.08527],[89.64399,25.08545],[89.64418,25.08545],[89.6442,25.08617],[89.6446,25.08635],[89.64461,25.08671],[89.645,25.0867],[89.64501,25.08688],[89.64521,25.08688],[89.64521,25.08706],[89.64501,25.08706],[89.64502,25.0876],[89.64482,25.08761],[89.64483,25.08779],[89.64542,25.08777],[89.64563,25.08813],[89.64583,25.08813],[89.64583,25.08831],[89.64662,25.0883],[89.64663,25.08848],[89.64722,25.08846]]]}},{"type":"Feature","properties":{"kind":"land","ha":10.7},"geometry":{"type":"Polygon","coordinates":[[[89.62025,25.08786],[89.62044,25.0875],[89.62064,25.08749],[89.62063,25.08713],[89.62103,25.08694],[89.62101,25.08622],[89.62121,25.08622],[89.6212,25.08604],[89.6218,25.08603],[89.62178,25.08531],[89.62159,25.08531],[89.62158,25.08495],[89.62138,25.08495],[89.62137,25.08459],[89.62097,25.08442],[89.62076,25.0837],[89.62056,25.0837],[89.62055,25.08334],[89.62035,25.08335],[89.62037,25.08389],[89.62017,25.08389],[89.61996,25.08353],[89.61957,25.08354],[89.61956,25.08336],[89.61936,25.08336],[89.61936,25.083],[89.61876,25.08301],[89.61877,25.08337],[89.61857,25.08338],[89.61859,25.0841],[89.61839,25.0841],[89.6184,25.08483],[89.6186,25.08482],[89.61861,25.08518],[89.61822,25.08537],[89.61823,25.08609],[89.61863,25.08627],[89.61844,25.08663],[89.61884,25.08662],[89.61883,25.08626],[89.61903,25.08626],[89.61924,25.08662],[89.61963,25.08661],[89.61964,25.08679],[89.61944,25.08679],[89.61945,25.08733],[89.61965,25.08733],[89.61966,25.08787],[89.62025,25.08786]],[[89.61921,25.08535],[89.61961,25.08553],[89.61961,25.08571],[89.61922,25.08571],[89.61921,25.08535]],[[89.6192,25.08499],[89.6194,25.08499],[89.6194,25.08517],[89.6192,25.08517],[89.6192,25.08499]],[[89.62018,25.08425],[89.62057,25.08406],[89.62058,25.08479],[89.62019,25.08479],[89.62018,25.08425]],[[89.61879,25.0841],[89.61918,25.08391],[89.61917,25.08373],[89.61937,25.08372],[89.61938,25.08391],[89.61957,25.0839],[89.61959,25.08444],[89.61899,25.08445],[89.61879,25.0841]]]}},{"type":"Feature","properties":{"kind":"land","ha":5.0},"geometry":{"type":"Polygon","coordinates":[[[89.69607,25.08379],[89.69607,25.08361],[89.69627,25.08361],[89.69624,25.08217],[89.69604,25.08217],[89.69603,25.08181],[89.69583,25.08181],[89.69582,25.08127],[89.69483,25.08129],[89.69483,25.08147],[89.69464,25.08147],[89.69464,25.08183],[89.69385,25.08185],[89.69386,25.08203],[89.69346,25.08204],[89.69367,25.08239],[89.69386,25.08239],[89.69387,25.08257],[89.69407,25.08257],[89.69407,25.08275],[89.69427,25.08274],[89.69428,25.08311],[89.69468,25.08328],[89.69468,25.08346],[89.69488,25.08346],[89.69488,25.08364],[89.69508,25.08363],[89.69508,25.08381],[89.69607,25.08379]]]}},{"type":"Feature","properties":{"kind":"land","ha":14.7},"geometry":{"type":"Polygon","coordinates":[[[89.60663,25.09027],[89.60643,25.09027],[89.60644,25.09063],[89.60624,25.09063],[89.60625,25.091],[89.60605,25.091],[89.60604,25.09082],[89.60545,25.09083],[89.60546,25.09119],[89.60526,25.09119],[89.60526,25.09137],[89.60546,25.09137],[89.60547,25.09155],[89.60665,25.09153],[89.60665,25.09135],[89.60685,25.09135],[89.60684,25.09099],[89.60723,25.0908],[89.60723,25.09062],[89.60743,25.09061],[89.60742,25.09043],[89.60762,25.09043],[89.60762,25.09025],[89.60782,25.09025],[89.60781,25.09007],[89.60801,25.09006],[89.60799,25.08916],[89.60819,25.08916],[89.60818,25.0888],[89.60778,25.08862],[89.60777,25.08808],[89.60797,25.08808],[89.60796,25.08772],[89.60816,25.08771],[89.60815,25.08735],[89.60835,25.08735],[89.60834,25.08681],[89.60873,25.08662],[89.60873,25.08644],[89.60912,25.08643],[89.60912,25.08625],[89.60932,25.08625],[89.6093,25.08535],[89.6095,25.08534],[89.60949,25.08516],[89.61009,25.08515],[89.61008,25.08497],[89.61048,25.08515],[89.61049,25.08551],[89.61029,25.08551],[89.61032,25.08677],[89.61012,25.08678],[89.61013,25.08714],[89.60993,25.08714],[89.60994,25.0875],[89.60955,25.08769],[89.60955,25.08787],[89.60935,25.08787],[89.60936,25.08841],[89.60916,25.08842],[89.60917,25.0886],[89.60937,25.08859],[89.60938,25.08914],[89.60958,25.08913],[89.60958,25.08949],[89.60978,25.08949],[89.60977,25.08913],[89.60997,25.08913],[89.60997,25.08894],[89.61017,25.08894],[89.61016,25.08858],[89.61036,25.08858],[89.61053,25.08749],[89.61033,25.08749],[89.61033,25.08731],[89.61053,25.08731],[89.61052,25.08695],[89.61072,25.08695],[89.61072,25.08677],[89.61112,25.08694],[89.6113,25.08621],[89.6115,25.08621],[89.61149,25.08567],[89.61109,25.08568],[89.61107,25.08495],[89.61088,25.08496],[89.61087,25.0846],[89.61067,25.0846],[89.61067,25.08442],[89.61047,25.08442],[89.61025,25.08371],[89.61006,25.08371],[89.61003,25.08227],[89.60983,25.08227],[89.60984,25.08281],[89.60964,25.08281],[89.60965,25.08317],[89.60945,25.08318],[89.60946,25.08354],[89.60907,25.08373],[89.60907,25.08391],[89.60887,25.08391],[89.60889,25.08463],[89.60869,25.08464],[89.6087,25.085],[89.6085,25.085],[89.60851,25.08572],[89.60812,25.08591],[89.60812,25.08609],[89.60793,25.08609],[89.60795,25.08699],[89.60775,25.087],[89.60776,25.08736],[89.60756,25.08736],[89.60756,25.08772],[89.60737,25.08773],[89.60737,25.08809],[89.60718,25.08809],[89.60718,25.08845],[89.60699,25.08846],[89.607,25.089],[89.6066,25.08918],[89.6066,25.08882],[89.6064,25.08883],[89.60639,25.08865],[89.606,25.08883],[89.60621,25.08919],[89.60641,25.08919],[89.60641,25.08955],[89.60622,25.08955],[89.60623,25.09009],[89.60662,25.09009],[89.60663,25.09027]],[[89.60681,25.08972],[89.60701,25.08972],[89.60701,25.08954],[89.6076,25.08953],[89.60761,25.08989],[89.60702,25.0899],[89.60702,25.09008],[89.60662,25.09009],[89.60681,25.08972]]]}},{"type":"Feature","properties":{"kind":"land","ha":4.1},"geometry":{"type":"Polygon","coordinates":[[[89.706,25.08434],[89.70599,25.08397],[89.70619,25.08397],[89.70617,25.08325],[89.70597,25.08325],[89.70596,25.08289],[89.70577,25.0829],[89.70576,25.08272],[89.70556,25.08272],[89.70555,25.08218],[89.70535,25.08218],[89.70534,25.08146],[89.70514,25.08146],[89.70513,25.08092],[89.70493,25.08093],[89.70492,25.08038],[89.70472,25.08039],[89.70451,25.07967],[89.70411,25.0795],[89.7041,25.07932],[89.7039,25.07932],[89.7039,25.07914],[89.7035,25.07915],[89.70373,25.08023],[89.70413,25.0804],[89.70413,25.08058],[89.70433,25.08058],[89.70433,25.08076],[89.70413,25.08076],[89.70414,25.08112],[89.70474,25.08111],[89.70475,25.08183],[89.70515,25.082],[89.70516,25.08237],[89.70476,25.08237],[89.70477,25.08255],[89.70457,25.08256],[89.70458,25.08292],[89.70498,25.08309],[89.70498,25.08327],[89.70518,25.08327],[89.70519,25.08363],[89.70559,25.0838],[89.7056,25.08416],[89.70579,25.08416],[89.7058,25.08434],[89.706,25.08434]]]}},{"type":"Feature","properties":{"kind":"land","ha":10.3},"geometry":{"type":"Polygon","coordinates":[[[89.63923,25.08554],[89.63922,25.08518],[89.63902,25.08518],[89.63901,25.08464],[89.63821,25.08429],[89.6382,25.08393],[89.6378,25.08376],[89.6378,25.08358],[89.6376,25.08358],[89.6376,25.0834],[89.6374,25.08341],[89.6374,25.08323],[89.6372,25.08323],[89.63719,25.08287],[89.63679,25.08269],[89.63678,25.08233],[89.63638,25.08216],[89.63638,25.08198],[89.63618,25.08198],[89.63618,25.0818],[89.63598,25.08181],[89.63598,25.08163],[89.63558,25.08163],[89.63557,25.08127],[89.63537,25.08128],[89.63536,25.08073],[89.63516,25.08074],[89.63515,25.0802],[89.63495,25.0802],[89.63495,25.07984],[89.63475,25.07984],[89.63474,25.07966],[89.63455,25.07967],[89.63454,25.0793],[89.63434,25.07931],[89.63433,25.07895],[89.63453,25.07894],[89.63452,25.07822],[89.63411,25.07805],[89.63413,25.07895],[89.63354,25.07896],[89.63354,25.07878],[89.63334,25.07878],[89.63333,25.07842],[89.63313,25.07843],[89.63312,25.07789],[89.63292,25.07789],[89.63291,25.07735],[89.63271,25.07735],[89.63276,25.07952],[89.63316,25.07969],[89.63316,25.07987],[89.63336,25.07987],[89.63337,25.08023],[89.63357,25.08022],[89.63357,25.08041],[89.63377,25.0804],[89.63398,25.08112],[89.63438,25.08129],[89.63439,25.08147],[89.63478,25.08147],[89.6348,25.08219],[89.635,25.08218],[89.635,25.08255],[89.6352,25.08254],[89.63521,25.08272],[89.6356,25.08272],[89.63561,25.08308],[89.63601,25.08325],[89.63601,25.08343],[89.63621,25.08343],[89.63622,25.08361],[89.63681,25.0836],[89.63702,25.08395],[89.63721,25.08395],[89.63722,25.08413],[89.63742,25.08413],[89.63742,25.08431],[89.63782,25.0843],[89.63802,25.08466],[89.63842,25.08465],[89.63863,25.08537],[89.63903,25.08536],[89.63903,25.08554],[89.63923,25.08554]]]}},{"type":"Feature","properties":{"kind":"land","ha":10.0},"geometry":{"type":"Polygon","coordinates":[[[89.61001,25.08154],[89.61001,25.08136],[89.6102,25.08136],[89.61019,25.08082],[89.60979,25.08064],[89.60979,25.08028],[89.61018,25.0801],[89.61017,25.07992],[89.61037,25.07991],[89.61036,25.07937],[89.60996,25.0792],[89.60996,25.07902],[89.60956,25.07902],[89.60956,25.07884],[89.60896,25.07885],[89.60896,25.07867],[89.60817,25.07869],[89.60816,25.07851],[89.60777,25.07851],[89.60776,25.07833],[89.60756,25.07834],[89.60756,25.07798],[89.60775,25.07797],[89.60775,25.07779],[89.60874,25.07778],[89.60874,25.07759],[89.60794,25.07761],[89.60794,25.07743],[89.60754,25.07744],[89.60755,25.07762],[89.60676,25.07763],[89.60676,25.07781],[89.60617,25.07782],[89.60616,25.07764],[89.60656,25.07763],[89.60655,25.07745],[89.60675,25.07745],[89.60675,25.07727],[89.60635,25.0771],[89.60634,25.07692],[89.60595,25.07692],[89.60595,25.0771],[89.60575,25.07711],[89.60576,25.07747],[89.60537,25.07747],[89.60537,25.07765],[89.60557,25.07765],[89.60557,25.07783],[89.60597,25.07782],[89.60618,25.07854],[89.60658,25.07854],[89.60658,25.07872],[89.60678,25.07871],[89.60679,25.07907],[89.60639,25.07926],[89.6064,25.07962],[89.6066,25.07962],[89.6066,25.0798],[89.6072,25.07979],[89.6074,25.08015],[89.6076,25.08014],[89.60761,25.08032],[89.6078,25.08032],[89.6078,25.08014],[89.6082,25.08013],[89.6082,25.08049],[89.6084,25.08049],[89.60841,25.08085],[89.60861,25.08085],[89.60861,25.08103],[89.60881,25.08102],[89.60881,25.08084],[89.6094,25.08083],[89.60942,25.08155],[89.61001,25.08154]]]}},{"type":"Feature","properties":{"kind":"land","ha":3.2},"geometry":{"type":"Polygon","coordinates":[[[89.7193,25.07669],[89.7193,25.07651],[89.7197,25.0765],[89.71969,25.07632],[89.71989,25.07632],[89.71987,25.0756],[89.72007,25.0756],[89.72006,25.07505],[89.72065,25.07504],[89.72065,25.07468],[89.72025,25.07469],[89.72025,25.07451],[89.72005,25.07451],[89.72004,25.07415],[89.71925,25.07417],[89.71925,25.07435],[89.71886,25.07435],[89.71886,25.07471],[89.71867,25.07472],[89.71867,25.07508],[89.71887,25.07508],[89.71888,25.07562],[89.71908,25.07561],[89.71909,25.07597],[89.71889,25.07598],[89.71891,25.0767],[89.7193,25.07669]]]}},{"type":"Feature","properties":{"kind":"land","ha":4.2},"geometry":{"type":"Polygon","coordinates":[[[89.70069,25.07739],[89.70068,25.07703],[89.70088,25.07703],[89.70087,25.07649],[89.70107,25.07648],[89.70105,25.07558],[89.70065,25.07541],[89.70064,25.07523],[89.69985,25.07524],[89.69964,25.07489],[89.69945,25.07489],[89.69944,25.07453],[89.69924,25.07453],[89.69923,25.07399],[89.69883,25.074],[89.69884,25.07418],[89.69864,25.07418],[89.69866,25.07526],[89.69906,25.07544],[89.69907,25.0758],[89.69947,25.07579],[89.69947,25.07597],[89.69967,25.07597],[89.69968,25.07651],[89.69988,25.07651],[89.69989,25.07687],[89.70008,25.07686],[89.70009,25.07722],[89.70029,25.07722],[89.7003,25.07758],[89.70069,25.07739]]]}},{"type":"Feature","properties":{"kind":"land","ha":29.6},"geometry":{"type":"Polygon","coordinates":[[[89.71373,25.08456],[89.71372,25.08419],[89.71392,25.08419],[89.71392,25.08401],[89.71411,25.08401],[89.7141,25.08347],[89.7143,25.08346],[89.71429,25.0831],[89.71449,25.0831],[89.71449,25.08292],[89.71468,25.08291],[89.71468,25.08255],[89.71507,25.08236],[89.71506,25.08218],[89.71526,25.08218],[89.71526,25.082],[89.71546,25.082],[89.71545,25.08182],[89.71585,25.08181],[89.71604,25.08144],[89.71624,25.08144],[89.71623,25.08108],[89.71662,25.08089],[89.71662,25.08071],[89.71682,25.08071],[89.71681,25.08035],[89.71701,25.08034],[89.717,25.08016],[89.71661,25.08017],[89.71642,25.08054],[89.71622,25.08054],[89.71622,25.08072],[89.71563,25.08073],[89.71544,25.08109],[89.71524,25.0811],[89.71525,25.08146],[89.71505,25.08146],[89.71504,25.08128],[89.71405,25.0813],[89.71406,25.08148],[89.71327,25.0815],[89.71326,25.08131],[89.71346,25.08131],[89.71345,25.08095],[89.71365,25.08095],[89.71364,25.08059],[89.71384,25.08058],[89.71383,25.08004],[89.71422,25.07985],[89.71421,25.07931],[89.7146,25.07912],[89.71459,25.0784],[89.71498,25.0784],[89.71498,25.07822],[89.71518,25.07821],[89.71516,25.07767],[89.71477,25.07786],[89.71478,25.07804],[89.71438,25.07805],[89.71437,25.07768],[89.71417,25.07769],[89.71417,25.07751],[89.71437,25.0775],[89.71436,25.07714],[89.71456,25.07714],[89.71455,25.07678],[89.71376,25.07679],[89.71374,25.07607],[89.71414,25.07606],[89.71433,25.0757],[89.71453,25.0757],[89.71452,25.07534],[89.71432,25.07534],[89.71432,25.07516],[89.71392,25.07517],[89.71391,25.07481],[89.71351,25.07481],[89.71332,25.07518],[89.71293,25.07518],[89.71293,25.07536],[89.71234,25.07538],[89.71233,25.0752],[89.71214,25.0752],[89.71233,25.07483],[89.71213,25.07484],[89.71212,25.07466],[89.71173,25.07485],[89.71174,25.07503],[89.71154,25.07503],[89.71152,25.07431],[89.71172,25.0743],[89.7117,25.07358],[89.7119,25.07358],[89.71189,25.07304],[89.71149,25.07304],[89.71131,25.07377],[89.71111,25.07377],[89.71113,25.07431],[89.71093,25.07432],[89.71094,25.07468],[89.71074,25.07468],[89.71075,25.07522],[89.71115,25.0754],[89.71115,25.07522],[89.71174,25.07521],[89.71195,25.07592],[89.71235,25.07592],[89.71236,25.07628],[89.71216,25.07628],[89.71216,25.0761],[89.71176,25.07611],[89.71157,25.07647],[89.71137,25.07648],[89.71138,25.07666],[89.71118,25.07666],[89.71118,25.07684],[89.71098,25.07684],[89.711,25.07775],[89.7114,25.07774],[89.71161,25.0781],[89.71082,25.07847],[89.71083,25.07883],[89.71103,25.07883],[89.71103,25.07901],[89.71083,25.07901],[89.71084,25.07937],[89.71064,25.07938],[89.71065,25.07974],[89.71105,25.07973],[89.71125,25.08009],[89.71145,25.08008],[89.71127,25.08081],[89.71147,25.08081],[89.71148,25.08135],[89.71168,25.08134],[89.71169,25.0817],[89.71248,25.08187],[89.71269,25.08223],[89.71289,25.08222],[89.71289,25.08259],[89.7127,25.08259],[89.71269,25.08241],[89.7121,25.08242],[89.71211,25.08278],[89.7123,25.08278],[89.71231,25.08296],[89.7129,25.08295],[89.71291,25.08313],[89.7131,25.08312],[89.71311,25.08348],[89.71351,25.08366],[89.71353,25.08456],[89.71373,25.08456]]]}},{"type":"Feature","properties":{"kind":"land","ha":8.8},"geometry":{"type":"Polygon","coordinates":[[[89.72853,25.07255],[89.72852,25.07237],[89.72872,25.07237],[89.72872,25.07219],[89.72891,25.07218],[89.72891,25.072],[89.72911,25.072],[89.7291,25.07164],[89.72949,25.07145],[89.72949,25.07127],[89.73008,25.07126],[89.73008,25.07108],[89.73028,25.07108],[89.73027,25.0709],[89.72968,25.07091],[89.72967,25.07073],[89.72948,25.07073],[89.72947,25.07055],[89.72967,25.07055],[89.72966,25.07018],[89.72986,25.07018],[89.72985,25.06982],[89.72926,25.06983],[89.72926,25.07001],[89.72847,25.07003],[89.72847,25.07021],[89.72808,25.07021],[89.72808,25.07039],[89.72769,25.0704],[89.72769,25.07058],[89.72729,25.07059],[89.7271,25.07095],[89.72691,25.07096],[89.72691,25.07114],[89.72671,25.07114],[89.72672,25.07132],[89.72632,25.07133],[89.72613,25.07169],[89.72573,25.0717],[89.72554,25.07207],[89.72534,25.07207],[89.72535,25.07243],[89.72595,25.07242],[89.72595,25.0726],[89.72694,25.07258],[89.72695,25.07294],[89.72675,25.07295],[89.72676,25.07349],[89.72637,25.07349],[89.72638,25.07385],[89.72618,25.07386],[89.72618,25.07404],[89.72658,25.07403],[89.72677,25.07367],[89.72697,25.07366],[89.72696,25.07348],[89.72736,25.07348],[89.72755,25.07311],[89.72775,25.07311],[89.72774,25.07293],[89.72814,25.07292],[89.72833,25.07256],[89.72853,25.07255]],[[89.72734,25.07257],[89.72753,25.07221],[89.72773,25.07221],[89.72772,25.07203],[89.72792,25.07202],[89.72792,25.07184],[89.72832,25.07201],[89.72833,25.07256],[89.72734,25.07257]]]}},{"type":"Feature","properties":{"kind":"land","ha":6.5},"geometry":{"type":"Polygon","coordinates":[[[89.62733,25.07582],[89.62733,25.07564],[89.62772,25.07564],[89.62772,25.07545],[89.62712,25.07547],[89.62692,25.07511],[89.62652,25.07512],[89.62652,25.07493],[89.62632,25.07494],[89.62632,25.07476],[89.62691,25.07475],[89.62691,25.07457],[89.62631,25.07458],[89.62611,25.07422],[89.62591,25.07422],[89.6259,25.07386],[89.6255,25.07369],[89.6255,25.07351],[89.6253,25.07351],[89.62529,25.07333],[89.6249,25.07334],[89.62469,25.07298],[89.62449,25.07299],[89.62449,25.0728],[89.62429,25.07281],[89.62429,25.07263],[89.62409,25.07263],[89.62408,25.07227],[89.62388,25.07227],[89.62388,25.07209],[89.62348,25.0721],[89.62327,25.07138],[89.62307,25.07139],[89.62306,25.07102],[89.62266,25.07085],[89.62265,25.07031],[89.62225,25.07014],[89.62225,25.06996],[89.62185,25.06996],[89.62186,25.07032],[89.62206,25.07032],[89.62207,25.07086],[89.62227,25.07086],[89.62228,25.07122],[89.62268,25.07139],[89.62269,25.07193],[89.62309,25.07211],[89.6231,25.07247],[89.6235,25.07264],[89.6235,25.07282],[89.6237,25.07282],[89.6237,25.073],[89.6239,25.073],[89.62411,25.07371],[89.62451,25.07389],[89.62452,25.07407],[89.62472,25.07406],[89.62472,25.07424],[89.62492,25.07424],[89.62492,25.07442],[89.62512,25.07442],[89.62513,25.07496],[89.62553,25.07513],[89.62553,25.07531],[89.62573,25.07531],[89.62574,25.07567],[89.62614,25.07566],[89.62614,25.07584],[89.62733,25.07582]]]}},{"type":"Feature","properties":{"kind":"land","ha":6.0},"geometry":{"type":"Polygon","coordinates":[[[89.59536,25.07296],[89.59536,25.07278],[89.59555,25.07277],[89.59553,25.07169],[89.59592,25.0715],[89.5961,25.07042],[89.59649,25.07023],[89.59668,25.0695],[89.59628,25.06951],[89.59628,25.06969],[89.59608,25.06969],[89.59608,25.06951],[89.59568,25.06952],[89.59569,25.0697],[89.59529,25.06971],[89.5953,25.06989],[89.5949,25.0699],[89.59491,25.07026],[89.59471,25.07026],[89.59471,25.07044],[89.59511,25.07043],[89.59512,25.07079],[89.59472,25.0708],[89.59453,25.07117],[89.59433,25.07117],[89.59434,25.07135],[89.59394,25.07118],[89.59393,25.071],[89.59373,25.071],[89.59373,25.07082],[89.59353,25.07082],[89.59353,25.07064],[89.59333,25.07065],[89.59333,25.07046],[89.59352,25.07046],[89.59352,25.0701],[89.59312,25.07029],[89.59315,25.07137],[89.59335,25.07137],[89.59335,25.07155],[89.59394,25.07154],[89.59395,25.07172],[89.59415,25.07171],[89.59416,25.07244],[89.59436,25.07243],[89.59437,25.07279],[89.59456,25.07279],[89.59457,25.07297],[89.59536,25.07296]]]}},{"type":"Feature","properties":{"kind":"land","ha":4.2},"geometry":{"type":"Polygon","coordinates":[[[89.71182,25.06979],[89.71181,25.06961],[89.71201,25.06961],[89.71201,25.06943],[89.7128,25.06923],[89.71299,25.06887],[89.71319,25.06886],[89.71318,25.06868],[89.71378,25.06867],[89.71377,25.06849],[89.71456,25.06848],[89.71456,25.0683],[89.71496,25.06829],[89.71495,25.06811],[89.71594,25.06809],[89.71594,25.06791],[89.71733,25.06788],[89.71733,25.06806],[89.71872,25.06804],[89.71871,25.06786],[89.7195,25.06784],[89.7195,25.06766],[89.72029,25.06765],[89.72029,25.06747],[89.72068,25.06746],[89.72087,25.0671],[89.72107,25.06709],[89.72107,25.06691],[89.72127,25.06691],[89.72126,25.06673],[89.72146,25.06673],[89.72146,25.06655],[89.72106,25.06655],[89.72087,25.06692],[89.72067,25.06692],[89.72068,25.0671],[89.72008,25.06711],[89.72009,25.06729],[89.71929,25.06731],[89.7193,25.06749],[89.71851,25.0675],[89.71851,25.06768],[89.71712,25.06771],[89.71712,25.06753],[89.71653,25.06754],[89.71653,25.06772],[89.71494,25.06775],[89.71495,25.06793],[89.71455,25.06794],[89.71456,25.06812],[89.71376,25.06813],[89.71377,25.06831],[89.71317,25.06832],[89.71318,25.0685],[89.71278,25.06851],[89.71259,25.06887],[89.71239,25.06888],[89.7124,25.06906],[89.712,25.06906],[89.71201,25.06925],[89.71161,25.06925],[89.71161,25.06943],[89.71141,25.06944],[89.71143,25.06998],[89.71182,25.06979]]]}},{"type":"Feature","properties":{"kind":"land","ha":47.0},"geometry":{"type":"Polygon","coordinates":[[[89.59008,25.07612],[89.58988,25.07612],[89.58989,25.07666],[89.59009,25.07666],[89.59009,25.07684],[89.59049,25.07683],[89.59048,25.07665],[89.59068,25.07665],[89.59067,25.07629],[89.59087,25.07628],[89.59109,25.077],[89.59128,25.077],[89.5913,25.0779],[89.5915,25.0779],[89.59151,25.07826],[89.59171,25.07825],[89.59171,25.07843],[89.59191,25.07843],[89.59192,25.07897],[89.59212,25.07897],[89.59213,25.07933],[89.59232,25.07933],[89.59234,25.07987],[89.59194,25.07987],[89.59195,25.08024],[89.59214,25.08023],[89.59215,25.08059],[89.59235,25.08059],[89.59235,25.08077],[89.59255,25.08077],[89.59256,25.08113],[89.59296,25.0813],[89.59296,25.08148],[89.59316,25.08148],[89.59317,25.08202],[89.59337,25.08202],[89.59338,25.08238],[89.59358,25.08237],[89.59359,25.0831],[89.59379,25.08309],[89.5938,25.08345],[89.594,25.08345],[89.594,25.08363],[89.5938,25.08363],[89.59401,25.08399],[89.59381,25.08399],[89.59382,25.08454],[89.59402,25.08453],[89.59402,25.08471],[89.59442,25.08471],[89.59442,25.08452],[89.59422,25.08453],[89.59421,25.08417],[89.59461,25.08434],[89.59463,25.08524],[89.59503,25.08542],[89.59503,25.0856],[89.59523,25.08559],[89.59523,25.08577],[89.59543,25.08577],[89.59544,25.08595],[89.59563,25.08595],[89.59564,25.08613],[89.59584,25.08612],[89.59585,25.08667],[89.59605,25.08666],[89.59605,25.08702],[89.59625,25.08702],[89.59626,25.0872],[89.59645,25.0872],[89.59667,25.08791],[89.59707,25.08809],[89.59707,25.08845],[89.59727,25.08845],[89.59726,25.0879],[89.59706,25.08791],[89.59706,25.08755],[89.59686,25.08755],[89.59685,25.08701],[89.59665,25.08701],[89.59664,25.08665],[89.59644,25.08666],[89.59643,25.08629],[89.59624,25.0863],[89.59623,25.08594],[89.59583,25.08576],[89.59562,25.08505],[89.59542,25.08505],[89.59541,25.08469],[89.59501,25.08451],[89.5948,25.0838],[89.5946,25.0838],[89.59459,25.08344],[89.59439,25.08344],[89.59439,25.08308],[89.59419,25.08308],[89.59418,25.08272],[89.59398,25.08273],[89.59397,25.08237],[89.59357,25.08219],[89.59356,25.08165],[89.59336,25.08166],[89.59335,25.08093],[89.59315,25.08094],[89.59314,25.08022],[89.59294,25.08022],[89.59293,25.07968],[89.59273,25.07968],[89.59271,25.07896],[89.59251,25.07896],[89.59251,25.0786],[89.59231,25.07861],[89.5923,25.07824],[89.5921,25.07825],[89.5921,25.07789],[89.5919,25.07789],[89.59188,25.07717],[89.59168,25.07717],[89.59167,25.07663],[89.59246,25.07662],[89.59246,25.07644],[89.59286,25.07643],[89.59286,25.07661],[89.59346,25.0766],[89.59345,25.07642],[89.59365,25.07642],[89.59364,25.07605],[89.59384,25.07605],[89.59383,25.07551],[89.59403,25.07551],[89.59403,25.07569],[89.59463,25.07568],[89.59462,25.0755],[89.59482,25.07549],[89.59481,25.07513],[89.59501,25.07513],[89.5948,25.07477],[89.59381,25.07479],[89.59381,25.07461],[89.59341,25.07461],[89.59323,25.07534],[89.59264,25.07535],[89.59263,25.07481],[89.59302,25.07462],[89.59301,25.07444],[89.59321,25.07444],[89.59321,25.07426],[89.594,25.07406],[89.594,25.07424],[89.5942,25.07424],[89.59439,25.07388],[89.59459,25.07387],[89.59458,25.07333],[89.59378,25.07334],[89.59359,25.07371],[89.59339,25.07371],[89.5934,25.07389],[89.5928,25.0739],[89.59281,25.07408],[89.59241,25.07409],[89.59242,25.07445],[89.59183,25.07446],[89.59182,25.07428],[89.59202,25.07428],[89.59201,25.07374],[89.59181,25.07374],[89.5918,25.07338],[89.592,25.07338],[89.59199,25.07302],[89.59179,25.07302],[89.59178,25.0723],[89.59158,25.0723],[89.59157,25.07176],[89.59196,25.07157],[89.59196,25.07139],[89.59216,25.07139],[89.59215,25.07121],[89.59235,25.0712],[89.59234,25.07084],[89.59254,25.07084],[89.59254,25.07066],[89.59214,25.07049],[89.59213,25.07031],[89.59154,25.07032],[89.59133,25.06996],[89.59114,25.06996],[89.59113,25.06978],[89.59093,25.06978],[89.59093,25.06942],[89.59073,25.06943],[89.59072,25.06889],[89.59091,25.06888],[89.59091,25.0687],[89.59171,25.06887],[89.59171,25.06905],[89.59231,25.06904],[89.5923,25.06868],[89.59289,25.06867],[89.59289,25.06849],[89.59328,25.06848],[89.59347,25.06775],[89.59307,25.06776],[89.59308,25.06812],[89.59268,25.06813],[89.59269,25.06831],[89.59189,25.06832],[89.59189,25.06814],[89.59149,25.06815],[89.59149,25.06797],[89.59109,25.06798],[89.5909,25.06834],[89.59071,25.06834],[89.59071,25.06852],[89.59051,25.06853],[89.59051,25.06871],[89.59032,25.06871],[89.59032,25.06889],[89.59012,25.0689],[89.59013,25.06926],[89.58974,25.06944],[89.58975,25.06999],[89.58995,25.06998],[89.58995,25.07034],[89.59015,25.07034],[89.59016,25.07088],[89.58897,25.07072],[89.58897,25.07054],[89.58857,25.07055],[89.58837,25.07019],[89.58817,25.07019],[89.58816,25.07001],[89.58777,25.07002],[89.58796,25.06966],[89.58816,25.06965],[89.58815,25.06947],[89.58835,25.06947],[89.58834,25.06875],[89.58814,25.06875],[89.58814,25.06893],[89.58755,25.06894],[89.58754,25.06858],[89.58695,25.06859],[89.58698,25.07003],[89.58738,25.07021],[89.58759,25.07093],[89.58779,25.07092],[89.58779,25.07128],[89.5874,25.07147],[89.58741,25.07165],[89.58721,25.07165],[89.5872,25.07147],[89.58661,25.07148],[89.58664,25.07311],[89.58645,25.07311],[89.58646,25.07365],[89.58666,25.07365],[89.58668,25.07473],[89.58727,25.07472],[89.58728,25.0749],[89.58747,25.0749],[89.58749,25.07562],[89.58729,25.07562],[89.5873,25.07598],[89.5871,25.07599],[89.58711,25.07635],[89.58731,25.07635],[89.58731,25.07653],[89.58771,25.07652],[89.58771,25.0767],[89.58751,25.0767],[89.58752,25.07706],[89.58772,25.07706],[89.58772,25.07724],[89.58832,25.07723],[89.5883,25.07651],[89.58791,25.0767],[89.5879,25.07616],[89.5881,25.07615],[89.58809,25.07579],[89.58789,25.07579],[89.58789,25.07561],[89.58828,25.07561],[89.58849,25.07596],[89.58869,25.07596],[89.58869,25.07614],[89.58889,25.07614],[89.5889,25.07668],[89.58969,25.07648],[89.58967,25.07576],[89.59007,25.07576],[89.59008,25.07612]],[[89.59147,25.07663],[89.59147,25.07645],[89.59127,25.07646],[89.59126,25.0761],[89.59107,25.0761],[89.59105,25.07538],[89.59125,25.07537],[89.59124,25.07501],[89.59104,25.07502],[89.59104,25.07484],[89.59124,25.07483],[89.59123,25.07465],[89.59163,25.07465],[89.59163,25.07483],[89.59144,25.07483],[89.59144,25.07519],[89.59184,25.07536],[89.59186,25.07627],[89.59166,25.07627],[89.59167,25.07663],[89.59147,25.07663]],[[89.59006,25.07558],[89.58987,25.07558],[89.58986,25.07522],[89.59025,25.07503],[89.59024,25.07467],[89.58984,25.0745],[89.58984,25.07432],[89.59083,25.0743],[89.59086,25.07592],[89.59047,25.07611],[89.59027,25.07575],[89.59007,25.07576],[89.59006,25.07558]],[[89.58846,25.07452],[89.58866,25.07452],[89.58864,25.07398],[89.58825,25.07398],[89.58824,25.0738],[89.58864,25.07362],[89.58863,25.07343],[89.58883,25.07343],[89.58901,25.07271],[89.58941,25.0727],[89.58962,25.07306],[89.58981,25.07305],[89.58982,25.07323],[89.59061,25.07322],[89.59061,25.0734],[89.59101,25.07339],[89.59082,25.07376],[89.58924,25.07397],[89.58925,25.07451],[89.58965,25.0745],[89.58985,25.07486],[89.58867,25.07506],[89.58866,25.0747],[89.58846,25.0747],[89.58846,25.07452]],[[89.58846,25.07488],[89.58827,25.07489],[89.58826,25.0747],[89.58846,25.0747],[89.58846,25.07488]],[[89.58765,25.07363],[89.58804,25.07363],[89.58805,25.07381],[89.58765,25.07381],[89.58765,25.07363]],[[89.58781,25.07219],[89.58801,25.07218],[89.588,25.07182],[89.5882,25.07182],[89.58822,25.07254],[89.58802,25.07254],[89.58803,25.0729],[89.58783,25.07291],[89.58781,25.07219]],[[89.58901,25.07235],[89.5892,25.07234],[89.58921,25.07252],[89.58901,25.07253],[89.58901,25.07235]],[[89.58839,25.07127],[89.58859,25.07127],[89.58859,25.07145],[89.58839,25.07145],[89.58839,25.07127]]]}},{"type":"Feature","properties":{"kind":"land","ha":45.3},"geometry":{"type":"Polygon","coordinates":[[[89.61004,25.07378],[89.61044,25.07377],[89.61028,25.07558],[89.61068,25.07576],[89.61068,25.07594],[89.61088,25.07593],[89.6109,25.07702],[89.61071,25.07702],[89.61072,25.07774],[89.61033,25.07793],[89.61033,25.07811],[89.60974,25.07812],[89.60974,25.07794],[89.60934,25.07795],[89.60934,25.07776],[89.60874,25.07778],[89.60874,25.07796],[89.60914,25.07795],[89.60935,25.07831],[89.60954,25.0783],[89.60955,25.07848],[89.60975,25.07848],[89.60975,25.07866],[89.60995,25.07866],[89.60995,25.07884],[89.61015,25.07883],[89.61015,25.07901],[89.61095,25.079],[89.61095,25.07918],[89.61115,25.07918],[89.61116,25.07972],[89.61136,25.07971],[89.61137,25.08008],[89.61097,25.08026],[89.61099,25.08098],[89.61139,25.08116],[89.6114,25.08188],[89.6116,25.08188],[89.61164,25.08386],[89.61184,25.08386],[89.61183,25.08314],[89.61222,25.08295],[89.61221,25.08241],[89.61241,25.0824],[89.61238,25.08132],[89.61258,25.08132],[89.61257,25.08096],[89.61277,25.08095],[89.61276,25.08059],[89.61296,25.08059],[89.61295,25.07987],[89.61315,25.07986],[89.61314,25.0795],[89.61334,25.0795],[89.61332,25.07878],[89.61352,25.07877],[89.61351,25.07841],[89.61371,25.07841],[89.61369,25.07769],[89.61389,25.07768],[89.61388,25.07714],[89.61408,25.07714],[89.61407,25.0766],[89.61427,25.0766],[89.61425,25.07605],[89.61445,25.07605],[89.61444,25.07551],[89.61424,25.07551],[89.61424,25.07533],[89.61444,25.07533],[89.61442,25.07479],[89.61423,25.07479],[89.61422,25.07443],[89.61481,25.07442],[89.61481,25.07424],[89.61441,25.07407],[89.6144,25.0737],[89.6142,25.07371],[89.6142,25.07353],[89.6144,25.07352],[89.61439,25.07316],[89.61399,25.07299],[89.61398,25.07245],[89.61358,25.07246],[89.61377,25.07209],[89.61358,25.07209],[89.61357,25.07173],[89.61317,25.07156],[89.61316,25.07138],[89.61297,25.07138],[89.61296,25.07102],[89.61276,25.07103],[89.61274,25.0703],[89.61235,25.07049],[89.61236,25.07085],[89.61196,25.07086],[89.61197,25.07104],[89.61137,25.07105],[89.61137,25.07087],[89.61117,25.07087],[89.61116,25.07051],[89.61097,25.07052],[89.61096,25.07016],[89.61116,25.07015],[89.61115,25.06979],[89.61135,25.06979],[89.61134,25.06961],[89.61174,25.0696],[89.61174,25.06978],[89.61194,25.06978],[89.61195,25.07032],[89.61234,25.07013],[89.61234,25.06977],[89.61214,25.06977],[89.61213,25.06923],[89.61173,25.06906],[89.61172,25.0687],[89.61152,25.0687],[89.61151,25.06834],[89.61132,25.06834],[89.6113,25.0678],[89.6115,25.0678],[89.6115,25.06762],[89.6111,25.06745],[89.61109,25.06727],[89.6109,25.06727],[89.61088,25.06673],[89.61069,25.06673],[89.61067,25.06583],[89.61047,25.06583],[89.61045,25.06511],[89.61005,25.06494],[89.60986,25.0653],[89.60967,25.0653],[89.60967,25.06567],[89.60948,25.06567],[89.60949,25.06621],[89.60929,25.06621],[89.6093,25.06657],[89.6091,25.06658],[89.60911,25.06694],[89.60871,25.06713],[89.60872,25.06731],[89.60832,25.06731],[89.60835,25.06876],[89.60855,25.06875],[89.60857,25.06966],[89.60877,25.06965],[89.60881,25.07182],[89.60921,25.07181],[89.60921,25.07199],[89.60941,25.07199],[89.60943,25.07271],[89.60983,25.07288],[89.60984,25.07342],[89.61004,25.07342],[89.61004,25.07378]],[[89.61153,25.06888],[89.61133,25.06889],[89.61133,25.06925],[89.61054,25.06926],[89.61034,25.0689],[89.61053,25.0689],[89.61052,25.06836],[89.61012,25.06818],[89.61011,25.06764],[89.61031,25.06764],[89.61031,25.06746],[89.6107,25.06745],[89.61071,25.06763],[89.6109,25.06763],[89.61092,25.06835],[89.61132,25.06852],[89.61132,25.06871],[89.61152,25.0687],[89.61153,25.06888]],[[89.61003,25.07306],[89.61042,25.07287],[89.61042,25.07269],[89.61081,25.07268],[89.6108,25.07196],[89.6104,25.07197],[89.61038,25.07089],[89.61058,25.07088],[89.61058,25.07125],[89.61098,25.07142],[89.61099,25.0716],[89.61119,25.0716],[89.6112,25.07214],[89.6114,25.07213],[89.6114,25.07231],[89.6118,25.07231],[89.61182,25.07321],[89.61201,25.07321],[89.61202,25.07375],[89.61222,25.07374],[89.61223,25.0741],[89.61243,25.0741],[89.61246,25.07554],[89.61266,25.07554],[89.61267,25.07608],[89.61287,25.07608],[89.61287,25.07626],[89.61267,25.07626],[89.61268,25.07644],[89.61228,25.07645],[89.61228,25.07627],[89.61208,25.07627],[89.61207,25.07591],[89.61128,25.07593],[89.61127,25.07556],[89.61167,25.07556],[89.61164,25.07411],[89.61124,25.07412],[89.61103,25.07376],[89.61084,25.07377],[89.61083,25.07359],[89.61024,25.0736],[89.61023,25.07342],[89.61004,25.07342],[89.61003,25.07306]],[[89.6118,25.08169],[89.6116,25.0817],[89.6116,25.08152],[89.61179,25.08151],[89.6118,25.08169]],[[89.61179,25.08133],[89.61199,25.08133],[89.61199,25.08151],[89.61179,25.08151],[89.61179,25.08133]],[[89.61234,25.07934],[89.61214,25.07934],[89.61214,25.07898],[89.61194,25.07898],[89.61193,25.07862],[89.61232,25.07843],[89.61231,25.07807],[89.61251,25.07807],[89.61251,25.07789],[89.61231,25.07789],[89.61229,25.07699],[89.61269,25.07698],[89.61269,25.07716],[89.61289,25.07716],[89.6129,25.0777],[89.6127,25.07771],[89.61272,25.07861],[89.61312,25.07878],[89.61313,25.07932],[89.61294,25.07933],[89.61294,25.07951],[89.61235,25.07952],[89.61234,25.07934]],[[89.61325,25.07553],[89.61305,25.07553],[89.61304,25.07499],[89.61344,25.07517],[89.61345,25.07571],[89.61326,25.07571],[89.61325,25.07553]],[[89.61283,25.07445],[89.61263,25.07446],[89.61263,25.07428],[89.61302,25.07409],[89.61304,25.07481],[89.61284,25.07482],[89.61283,25.07445]],[[89.61105,25.07431],[89.61105,25.07449],[89.61085,25.07449],[89.61085,25.07431],[89.61105,25.07431]],[[89.61065,25.07431],[89.61065,25.07413],[89.61084,25.07413],[89.61085,25.07431],[89.61065,25.07431]],[[89.61361,25.07372],[89.61381,25.07372],[89.61382,25.07408],[89.61362,25.07408],[89.61361,25.07372]],[[89.61237,25.07139],[89.61257,25.07139],[89.61258,25.07175],[89.61238,25.07175],[89.61237,25.07139]],[[89.60957,25.07018],[89.60937,25.07018],[89.60937,25.06982],[89.60917,25.06983],[89.60914,25.06838],[89.60973,25.06837],[89.60973,25.06855],[89.60993,25.06855],[89.60994,25.06891],[89.61014,25.06891],[89.61015,25.06927],[89.61034,25.06926],[89.61037,25.07035],[89.61017,25.07035],[89.61017,25.07053],[89.60978,25.07054],[89.60957,25.07018]]]}},{"type":"Feature","properties":{"kind":"land","ha":17.4},"geometry":{"type":"Polygon","coordinates":[[[89.65114,25.07702],[89.65113,25.07666],[89.65073,25.07649],[89.65072,25.07613],[89.65052,25.07613],[89.65052,25.07595],[89.65032,25.07596],[89.65031,25.07559],[89.64991,25.07542],[89.64991,25.07506],[89.64951,25.07489],[89.64929,25.07417],[89.64909,25.07417],[89.64909,25.07381],[89.64869,25.07364],[89.64868,25.07346],[89.64848,25.07346],[89.64848,25.0731],[89.64828,25.0731],[89.64827,25.07292],[89.64808,25.07293],[89.64786,25.07221],[89.64746,25.07204],[89.64746,25.07186],[89.64726,25.07186],[89.64726,25.07168],[89.64706,25.07168],[89.64705,25.07132],[89.64685,25.07132],[89.64684,25.07078],[89.64644,25.07061],[89.64643,25.07025],[89.64623,25.07025],[89.64622,25.06971],[89.64603,25.06971],[89.64601,25.06899],[89.64561,25.069],[89.6454,25.06828],[89.645,25.06811],[89.645,25.06793],[89.6448,25.06793],[89.64479,25.06775],[89.6446,25.06775],[89.64459,25.06757],[89.64439,25.06758],[89.64438,25.06704],[89.64458,25.06703],[89.64457,25.06667],[89.64497,25.06667],[89.64496,25.06648],[89.64516,25.06648],[89.64514,25.06522],[89.64533,25.06521],[89.64533,25.06503],[89.64573,25.06503],[89.64592,25.06466],[89.64611,25.06466],[89.6461,25.06412],[89.6463,25.06411],[89.64629,25.06357],[89.64649,25.06357],[89.64648,25.06339],[89.6449,25.06342],[89.6449,25.0636],[89.64451,25.0636],[89.64451,25.06379],[89.64411,25.06379],[89.64411,25.06343],[89.64391,25.06344],[89.64373,25.06416],[89.64333,25.06435],[89.64336,25.06561],[89.64316,25.06561],[89.64315,25.06507],[89.64256,25.06508],[89.64237,25.06545],[89.64217,25.06545],[89.64217,25.06563],[89.64197,25.06564],[89.64199,25.06654],[89.64239,25.06671],[89.6424,25.06689],[89.6426,25.06689],[89.6426,25.06707],[89.6428,25.06706],[89.64281,25.06743],[89.643,25.06742],[89.64301,25.0676],[89.6434,25.0676],[89.64341,25.06778],[89.64361,25.06777],[89.64361,25.06813],[89.64401,25.06831],[89.64402,25.06849],[89.64422,25.06848],[89.64422,25.06884],[89.64462,25.06902],[89.64463,25.0692],[89.64482,25.06919],[89.64483,25.06937],[89.64503,25.06937],[89.64503,25.06973],[89.64543,25.06973],[89.64544,25.07009],[89.64583,25.07008],[89.64585,25.07062],[89.64625,25.07079],[89.64625,25.07115],[89.64665,25.07133],[89.64666,25.07151],[89.64686,25.0715],[89.64686,25.07187],[89.64726,25.07204],[89.64727,25.07222],[89.64747,25.07222],[89.64768,25.07293],[89.64808,25.07311],[89.64808,25.07329],[89.64828,25.07328],[89.64829,25.07365],[89.64869,25.07382],[89.6487,25.07418],[89.6489,25.07418],[89.64891,25.07472],[89.64911,25.07471],[89.64911,25.07507],[89.64951,25.07525],[89.64952,25.07543],[89.64972,25.07542],[89.64972,25.07561],[89.64992,25.0756],[89.64992,25.07578],[89.65012,25.07578],[89.65033,25.0765],[89.65073,25.07667],[89.65074,25.07703],[89.65114,25.07702]],[[89.64511,25.06396],[89.6455,25.06377],[89.6455,25.06359],[89.6457,25.06358],[89.6457,25.06376],[89.6459,25.06376],[89.64591,25.06448],[89.64571,25.06449],[89.64572,25.06467],[89.64512,25.06468],[89.64511,25.06396]]]}},{"type":"Feature","properties":{"kind":"land","ha":3.5},"geometry":{"type":"Polygon","coordinates":[[[89.59581,25.06591],[89.5958,25.06573],[89.5964,25.06572],[89.59639,25.06554],[89.59659,25.06553],[89.59658,25.06499],[89.59678,25.06499],[89.59677,25.06463],[89.59697,25.06462],[89.59694,25.06336],[89.59714,25.06336],[89.59713,25.06282],[89.59653,25.06283],[89.59634,25.06319],[89.59615,25.0632],[89.59615,25.06338],[89.59595,25.06338],[89.59596,25.06356],[89.59576,25.06356],[89.59578,25.06465],[89.59539,25.06483],[89.59539,25.06501],[89.59559,25.06501],[89.5956,25.06537],[89.5954,25.06537],[89.5954,25.06555],[89.5956,25.06555],[89.59561,25.06591],[89.59581,25.06591]]]}},{"type":"Feature","properties":{"kind":"land","ha":114.2},"geometry":{"type":"Polygon","coordinates":[[[89.67698,25.08053],[89.67698,25.08089],[89.67659,25.08108],[89.6766,25.08126],[89.6764,25.08126],[89.6764,25.08144],[89.6762,25.08145],[89.67621,25.08181],[89.67582,25.08181],[89.67582,25.08218],[89.67563,25.08218],[89.67563,25.08236],[89.67523,25.08237],[89.67524,25.08255],[89.67504,25.08255],[89.67486,25.08328],[89.67446,25.08346],[89.67447,25.08364],[89.67427,25.08365],[89.67428,25.08401],[89.67408,25.08401],[89.67408,25.08419],[89.67389,25.0842],[89.6739,25.08492],[89.67351,25.08511],[89.67352,25.08547],[89.67332,25.08547],[89.67333,25.08601],[89.67313,25.08601],[89.67314,25.08638],[89.67453,25.08635],[89.67452,25.08617],[89.67472,25.08617],[89.67474,25.08725],[89.67534,25.08724],[89.67534,25.08706],[89.67573,25.08705],[89.67574,25.08723],[89.67593,25.08723],[89.67592,25.08669],[89.67612,25.08668],[89.67613,25.08704],[89.67633,25.08704],[89.67633,25.08722],[89.67673,25.08721],[89.67672,25.08703],[89.67751,25.08702],[89.67751,25.08684],[89.6781,25.08683],[89.6781,25.08665],[89.6787,25.08664],[89.67889,25.08627],[89.67908,25.08627],[89.67908,25.08609],[89.67928,25.08608],[89.67927,25.0859],[89.67987,25.08589],[89.67987,25.08607],[89.68066,25.08606],[89.68067,25.08624],[89.68087,25.08624],[89.68087,25.0866],[89.68107,25.08659],[89.68109,25.0875],[89.68149,25.08767],[89.6815,25.08785],[89.68189,25.08784],[89.68208,25.08748],[89.68228,25.08747],[89.68227,25.08675],[89.68207,25.08676],[89.68206,25.08639],[89.68245,25.08621],[89.68266,25.08656],[89.68286,25.08656],[89.68286,25.08692],[89.68326,25.0871],[89.68327,25.08746],[89.68367,25.08763],[89.68369,25.08835],[89.68349,25.08835],[89.6835,25.08872],[89.6837,25.08871],[89.6837,25.08889],[89.68429,25.08888],[89.6845,25.08924],[89.6847,25.08923],[89.6847,25.08942],[89.6849,25.08941],[89.6849,25.08959],[89.6851,25.08959],[89.68555,25.09175],[89.68574,25.09174],[89.68575,25.0921],[89.68595,25.0921],[89.68596,25.09246],[89.68616,25.09246],[89.68617,25.093],[89.68637,25.093],[89.68637,25.09336],[89.68657,25.09335],[89.68659,25.09407],[89.68679,25.09407],[89.6868,25.09461],[89.6872,25.09478],[89.68721,25.09515],[89.6874,25.09514],[89.68741,25.09532],[89.68761,25.09532],[89.68762,25.09586],[89.68782,25.09586],[89.68779,25.09459],[89.68759,25.0946],[89.68757,25.09388],[89.68738,25.09388],[89.68735,25.0928],[89.68715,25.0928],[89.68714,25.09208],[89.68694,25.09208],[89.68693,25.09172],[89.68673,25.09172],[89.68671,25.09082],[89.68652,25.09083],[89.68647,25.08884],[89.68628,25.08885],[89.68626,25.0883],[89.68607,25.08831],[89.68605,25.08777],[89.68566,25.08795],[89.68567,25.08831],[89.68527,25.08832],[89.68507,25.08796],[89.68546,25.08778],[89.68546,25.0876],[89.68565,25.08759],[89.68565,25.08741],[89.68585,25.08741],[89.68584,25.08705],[89.68604,25.08704],[89.68602,25.08614],[89.68582,25.08615],[89.68581,25.08579],[89.68561,25.08579],[89.6856,25.08507],[89.6858,25.08506],[89.6858,25.08542],[89.686,25.08542],[89.68601,25.08578],[89.68641,25.08596],[89.68662,25.08667],[89.68682,25.08667],[89.68684,25.08739],[89.68763,25.08738],[89.6876,25.08593],[89.6874,25.08594],[89.6874,25.08576],[89.68759,25.08575],[89.68758,25.08485],[89.68777,25.08485],[89.68776,25.08431],[89.68815,25.08412],[89.68815,25.08394],[89.68835,25.08393],[89.68834,25.08375],[89.68874,25.08375],[89.68874,25.08357],[89.68893,25.08356],[89.68892,25.08302],[89.68912,25.08302],[89.6891,25.08212],[89.6887,25.08212],[89.68871,25.0823],[89.68831,25.08231],[89.68832,25.08249],[89.68812,25.08249],[89.68813,25.08304],[89.68793,25.08304],[89.68794,25.08358],[89.68775,25.08358],[89.68775,25.08376],[89.68735,25.08377],[89.68735,25.08359],[89.68715,25.0836],[89.68716,25.08378],[89.68696,25.08378],[89.68697,25.0845],[89.68677,25.0845],[89.68678,25.08468],[89.68599,25.0847],[89.68598,25.08434],[89.68637,25.08433],[89.68637,25.08415],[89.68597,25.08416],[89.68597,25.08398],[89.68557,25.08398],[89.68559,25.08453],[89.68539,25.08453],[89.68538,25.08435],[89.68479,25.08436],[89.68479,25.08418],[89.68459,25.08418],[89.68458,25.08364],[89.68497,25.08363],[89.68496,25.08309],[89.68476,25.0831],[89.68473,25.08147],[89.68453,25.08148],[89.68452,25.08112],[89.68432,25.08112],[89.68432,25.08094],[89.68412,25.08094],[89.68411,25.0804],[89.68451,25.08039],[89.6845,25.08021],[89.6843,25.08022],[89.6843,25.08004],[89.6839,25.08004],[89.6837,25.07969],[89.6833,25.07987],[89.6833,25.07969],[89.6831,25.0797],[89.68307,25.07825],[89.68287,25.07826],[89.68285,25.077],[89.68324,25.07699],[89.68326,25.07771],[89.68365,25.07752],[89.68365,25.07734],[89.68404,25.07733],[89.68403,25.07697],[89.68384,25.07698],[89.68383,25.0768],[89.68344,25.0768],[89.68343,25.07644],[89.68382,25.07644],[89.68382,25.07626],[89.68402,25.07625],[89.68401,25.07571],[89.6844,25.07552],[89.68439,25.07534],[89.68459,25.07534],[89.68459,25.07516],[89.68479,25.07515],[89.68478,25.07479],[89.68438,25.07462],[89.68438,25.07444],[89.68418,25.07444],[89.68417,25.07408],[89.68437,25.07408],[89.68435,25.07336],[89.68415,25.07336],[89.68416,25.07354],[89.68376,25.07355],[89.68377,25.07391],[89.68357,25.07391],[89.68378,25.07463],[89.68359,25.07464],[89.68359,25.075],[89.6834,25.075],[89.68341,25.07554],[89.68321,25.07554],[89.68322,25.07591],[89.68342,25.0759],[89.68342,25.07608],[89.68303,25.07627],[89.68302,25.07609],[89.68283,25.07609],[89.68281,25.07519],[89.683,25.07519],[89.683,25.07483],[89.68319,25.07482],[89.68319,25.07446],[89.68279,25.07447],[89.68279,25.07465],[89.6826,25.07465],[89.6826,25.07501],[89.68241,25.07502],[89.68241,25.07538],[89.68222,25.07538],[89.68222,25.07574],[89.68203,25.07575],[89.68203,25.07611],[89.68164,25.07629],[89.68165,25.07666],[89.68145,25.07666],[89.68143,25.07576],[89.68163,25.07575],[89.68161,25.07503],[89.68181,25.07503],[89.68178,25.0734],[89.68217,25.07322],[89.68216,25.07286],[89.68196,25.07286],[89.68195,25.07232],[89.68215,25.07231],[89.68214,25.07213],[89.68314,25.07212],[89.68314,25.0723],[89.68373,25.07229],[89.68372,25.07174],[89.68352,25.07175],[89.68351,25.07121],[89.68311,25.07103],[89.6831,25.07067],[89.6827,25.0705],[89.6827,25.07032],[89.6829,25.07032],[89.68287,25.06905],[89.68267,25.06906],[89.68266,25.06852],[89.68286,25.06851],[89.68284,25.06761],[89.68264,25.06761],[89.68262,25.06653],[89.68242,25.06653],[89.68241,25.06617],[89.68202,25.06618],[89.68201,25.066],[89.68221,25.066],[89.68217,25.06437],[89.68177,25.0642],[89.68175,25.0633],[89.68156,25.0633],[89.68154,25.06276],[89.68135,25.06276],[89.68133,25.06222],[89.68114,25.06223],[89.68113,25.06186],[89.68093,25.06187],[89.68092,25.06151],[89.68052,25.06133],[89.68033,25.0617],[89.68013,25.0617],[89.68014,25.06188],[89.67994,25.06189],[89.67994,25.06207],[89.67975,25.06207],[89.67995,25.06243],[89.68015,25.06242],[89.68016,25.06278],[89.68036,25.06278],[89.68036,25.06314],[89.67958,25.06334],[89.67957,25.06298],[89.67937,25.06298],[89.67935,25.06226],[89.67916,25.06226],[89.67917,25.0628],[89.67897,25.06281],[89.67898,25.06317],[89.67878,25.06317],[89.67879,25.06389],[89.67919,25.06407],[89.6792,25.06443],[89.67881,25.06443],[89.67881,25.06479],[89.67921,25.06497],[89.67922,25.06515],[89.67961,25.06514],[89.67961,25.06478],[89.6798,25.06478],[89.67982,25.0655],[89.68002,25.06549],[89.68004,25.06658],[89.68024,25.06657],[89.68025,25.06711],[89.68085,25.0671],[89.68086,25.06765],[89.68047,25.06783],[89.68047,25.06801],[89.68067,25.06801],[89.68068,25.06837],[89.68087,25.06837],[89.68087,25.06801],[89.68106,25.068],[89.68104,25.0671],[89.68124,25.0671],[89.68145,25.06745],[89.68165,25.06745],[89.68165,25.06763],[89.68185,25.06763],[89.68186,25.06799],[89.68205,25.06798],[89.68207,25.06853],[89.68226,25.06852],[89.68227,25.06888],[89.68207,25.06889],[89.68208,25.06907],[89.68168,25.06907],[89.68169,25.06925],[89.68188,25.06925],[89.6819,25.06979],[89.6817,25.0698],[89.68171,25.07052],[89.68152,25.07052],[89.68152,25.07088],[89.68132,25.07089],[89.68133,25.07125],[89.68153,25.07124],[89.68153,25.07142],[89.68134,25.07143],[89.68134,25.07179],[89.68115,25.07179],[89.68115,25.07197],[89.68135,25.07197],[89.68137,25.07305],[89.68117,25.07305],[89.68119,25.07396],[89.681,25.07396],[89.681,25.07432],[89.68081,25.07432],[89.68083,25.07523],[89.68043,25.07523],[89.68043,25.07541],[89.68023,25.07542],[89.68024,25.07578],[89.68084,25.07577],[89.68086,25.07667],[89.68046,25.07686],[89.68047,25.07704],[89.68027,25.07704],[89.68006,25.07668],[89.67987,25.07669],[89.67987,25.07705],[89.68007,25.07705],[89.68008,25.07723],[89.67968,25.07741],[89.6797,25.07832],[89.67951,25.07832],[89.67953,25.0794],[89.67933,25.0794],[89.67933,25.07922],[89.67853,25.07924],[89.67834,25.0796],[89.67815,25.07961],[89.67815,25.07979],[89.67795,25.07979],[89.67796,25.08015],[89.67757,25.08034],[89.67757,25.08052],[89.67698,25.08053]],[[89.68209,25.06979],[89.6821,25.06997],[89.6819,25.06997],[89.6819,25.06979],[89.68209,25.06979]],[[89.67973,25.0794],[89.67973,25.07976],[89.67954,25.07976],[89.67953,25.0794],[89.67973,25.0794]],[[89.67993,25.07976],[89.67992,25.07939],[89.68012,25.07939],[89.68012,25.07921],[89.68032,25.07921],[89.6805,25.07848],[89.68129,25.07829],[89.68131,25.07937],[89.68151,25.07937],[89.68153,25.08027],[89.68173,25.08026],[89.68174,25.08081],[89.68194,25.0808],[89.68197,25.08225],[89.68217,25.08224],[89.68218,25.08278],[89.68258,25.08296],[89.68259,25.08332],[89.68239,25.08332],[89.68239,25.0835],[89.6814,25.08352],[89.68141,25.08406],[89.68161,25.08406],[89.68162,25.08442],[89.68182,25.08441],[89.68182,25.08459],[89.68162,25.0846],[89.68164,25.08532],[89.68085,25.08533],[89.68084,25.08515],[89.68065,25.08516],[89.68065,25.08534],[89.68005,25.08535],[89.68006,25.08553],[89.67927,25.08554],[89.67925,25.085],[89.67945,25.085],[89.67944,25.08464],[89.67904,25.08446],[89.67904,25.08428],[89.67845,25.08429],[89.67844,25.08411],[89.67824,25.08412],[89.67805,25.08448],[89.67786,25.08449],[89.67786,25.08485],[89.67727,25.08486],[89.67727,25.08468],[89.67687,25.08468],[89.67687,25.08486],[89.67667,25.08487],[89.67668,25.08523],[89.67688,25.08522],[89.67689,25.08559],[89.67709,25.08558],[89.67709,25.08594],[89.67729,25.08594],[89.6773,25.08612],[89.6771,25.08612],[89.6771,25.0863],[89.67671,25.08631],[89.6767,25.08613],[89.6765,25.08613],[89.67649,25.08559],[89.67609,25.08542],[89.67628,25.08506],[89.67648,25.08505],[89.67647,25.08469],[89.67627,25.08469],[89.67627,25.08451],[89.67568,25.08452],[89.67567,25.08416],[89.67587,25.08416],[89.67586,25.08398],[89.67626,25.08397],[89.67626,25.08379],[89.67665,25.08379],[89.67665,25.0836],[89.67704,25.0836],[89.67704,25.08342],[89.67823,25.0834],[89.67822,25.08322],[89.67902,25.0832],[89.67902,25.08338],[89.67962,25.08337],[89.67961,25.08319],[89.68001,25.08318],[89.6802,25.08282],[89.6804,25.08282],[89.68038,25.08209],[89.68018,25.0821],[89.68015,25.08083],[89.68035,25.08083],[89.68035,25.08065],[89.67995,25.08048],[89.67994,25.0803],[89.67975,25.0803],[89.67973,25.07976],[89.67993,25.07976]],[[89.67777,25.08052],[89.67777,25.0807],[89.67758,25.0807],[89.67757,25.08052],[89.67777,25.08052]],[[89.68443,25.08599],[89.68403,25.086],[89.68402,25.08564],[89.68383,25.08564],[89.68381,25.08492],[89.68361,25.08492],[89.68361,25.08474],[89.68321,25.08475],[89.6832,25.08421],[89.6836,25.0842],[89.68359,25.08402],[89.68379,25.08402],[89.68378,25.0833],[89.68417,25.08329],[89.68418,25.08347],[89.68437,25.08347],[89.68439,25.08401],[89.68399,25.08419],[89.68401,25.08492],[89.68421,25.08491],[89.68421,25.08509],[89.68461,25.08509],[89.68462,25.08545],[89.68481,25.08544],[89.68483,25.08598],[89.68443,25.08617],[89.68443,25.08599]],[[89.67372,25.08564],[89.67451,25.08545],[89.67432,25.08581],[89.67353,25.08601],[89.67372,25.08564]],[[89.68256,25.08205],[89.68236,25.08206],[89.68235,25.08134],[89.68314,25.0815],[89.68316,25.08222],[89.68277,25.08241],[89.68256,25.08205]],[[89.68233,25.08061],[89.68213,25.08062],[89.68212,25.0799],[89.68231,25.07989],[89.68231,25.07971],[89.68271,25.0797],[89.68271,25.07989],[89.68311,25.07988],[89.68312,25.0806],[89.68292,25.0806],[89.68293,25.08078],[89.68233,25.08079],[89.68233,25.08061]],[[89.68189,25.07846],[89.68169,25.07846],[89.68168,25.07792],[89.68148,25.07792],[89.68147,25.07738],[89.68166,25.07738],[89.68166,25.0772],[89.68186,25.07719],[89.68187,25.07755],[89.68206,25.07755],[89.68209,25.07881],[89.68229,25.07881],[89.6823,25.07917],[89.68191,25.07936],[89.68189,25.07846]],[[89.68143,25.06655],[89.68163,25.06655],[89.68163,25.06673],[89.68143,25.06673],[89.68143,25.06655]],[[89.68063,25.06621],[89.68043,25.06621],[89.68041,25.06513],[89.6806,25.06512],[89.68059,25.0644],[89.68039,25.0644],[89.68038,25.06386],[89.68058,25.06386],[89.68057,25.06368],[89.68097,25.06367],[89.68118,25.06403],[89.68137,25.06403],[89.68138,25.06439],[89.68118,25.06439],[89.6812,25.06511],[89.6814,25.06511],[89.68142,25.06601],[89.68162,25.06601],[89.68162,25.06619],[89.68083,25.06656],[89.68063,25.06621]],[[89.68055,25.06278],[89.68075,25.06277],[89.68076,25.06313],[89.68056,25.06314],[89.68055,25.06278]]]}},{"type":"Feature","properties":{"kind":"land","ha":7.8},"geometry":{"type":"Polygon","coordinates":[[[89.59029,25.06745],[89.59048,25.06708],[89.59068,25.06708],[89.59047,25.06672],[89.59067,25.06672],[89.59059,25.06293],[89.59098,25.06274],[89.59077,25.06203],[89.59018,25.06204],[89.59019,25.06258],[89.5898,25.06276],[89.58959,25.06241],[89.58939,25.06241],[89.58939,25.06223],[89.58919,25.06223],[89.58919,25.06205],[89.58899,25.06206],[89.58901,25.06332],[89.58961,25.06331],[89.58961,25.06349],[89.58941,25.06349],[89.58942,25.06367],[89.58902,25.06368],[89.58883,25.06405],[89.58863,25.06405],[89.58865,25.06477],[89.58845,25.06477],[89.58846,25.06532],[89.58885,25.06513],[89.58885,25.06495],[89.58905,25.06494],[89.58904,25.06476],[89.58924,25.06476],[89.58945,25.06512],[89.58965,25.06511],[89.58965,25.06547],[89.58985,25.06547],[89.58986,25.06583],[89.58966,25.06584],[89.58967,25.06638],[89.58947,25.06638],[89.58948,25.06674],[89.58988,25.06691],[89.58989,25.06746],[89.59029,25.06745]],[[89.58903,25.06386],[89.58922,25.06386],[89.58923,25.06404],[89.58903,25.06404],[89.58903,25.06386]]]}},{"type":"Feature","properties":{"kind":"land","ha":3.7},"geometry":{"type":"Polygon","coordinates":[[[89.70474,25.06324],[89.70473,25.0627],[89.70493,25.0627],[89.70492,25.06234],[89.70512,25.06233],[89.70511,25.06197],[89.70531,25.06197],[89.70528,25.06088],[89.70548,25.06088],[89.70546,25.06016],[89.70527,25.06016],[89.70525,25.05962],[89.70486,25.05981],[89.70487,25.05999],[89.70467,25.05999],[89.70467,25.06017],[89.70447,25.06018],[89.70448,25.06054],[89.70428,25.06054],[89.7043,25.06108],[89.7041,25.06109],[89.70411,25.06181],[89.70392,25.06181],[89.70393,25.06271],[89.70434,25.06289],[89.70434,25.06307],[89.70454,25.06306],[89.70454,25.06324],[89.70474,25.06324]]]}},{"type":"Feature","properties":{"kind":"land","ha":4.0},"geometry":{"type":"Polygon","coordinates":[[[89.64767,25.06319],[89.64765,25.06247],[89.64745,25.06247],[89.64745,25.06211],[89.64784,25.06192],[89.64782,25.0612],[89.64822,25.06137],[89.64824,25.06191],[89.64843,25.06191],[89.64846,25.06317],[89.64866,25.06317],[89.64863,25.06173],[89.64843,25.06173],[89.64842,25.06119],[89.64822,25.06119],[89.6482,25.06011],[89.648,25.06011],[89.64799,25.05975],[89.64779,25.05976],[89.64782,25.06084],[89.64762,25.06084],[89.64763,25.06156],[89.64723,25.06139],[89.64723,25.06103],[89.64703,25.06103],[89.64703,25.06121],[89.64624,25.06123],[89.64625,25.06159],[89.64605,25.06159],[89.64606,25.06213],[89.64586,25.06214],[89.64587,25.0625],[89.64607,25.06249],[89.64607,25.06267],[89.64706,25.06266],[89.64707,25.06284],[89.64726,25.06283],[89.64728,25.06337],[89.64767,25.06319]]]}},{"type":"Feature","properties":{"kind":"land","ha":28.4},"geometry":{"type":"Polygon","coordinates":[[[89.72693,25.06302],[89.72692,25.06247],[89.72731,25.06229],[89.7273,25.06211],[89.7275,25.0621],[89.72749,25.06174],[89.7269,25.06175],[89.72669,25.0614],[89.72709,25.06121],[89.72708,25.06103],[89.72748,25.06102],[89.72747,25.06066],[89.72767,25.06066],[89.72766,25.06048],[89.72806,25.06047],[89.72805,25.06011],[89.72885,25.06027],[89.72904,25.05991],[89.72943,25.0599],[89.72964,25.06026],[89.73004,25.06025],[89.73024,25.06061],[89.73044,25.0606],[89.73044,25.06078],[89.73124,25.06095],[89.73145,25.06131],[89.73165,25.0613],[89.73166,25.06185],[89.73186,25.06184],[89.73185,25.06166],[89.73284,25.06164],[89.73285,25.06182],[89.73304,25.06182],[89.73304,25.06164],[89.73324,25.06164],[89.73321,25.06055],[89.73281,25.06038],[89.73281,25.0602],[89.73261,25.0602],[89.73261,25.06002],[89.73241,25.06003],[89.7324,25.05967],[89.7322,25.05967],[89.7322,25.05949],[89.7314,25.05932],[89.73141,25.0595],[89.72982,25.05953],[89.72982,25.05935],[89.72942,25.05936],[89.72942,25.05918],[89.72882,25.05919],[89.72883,25.05937],[89.72863,25.05937],[89.72864,25.05974],[89.72844,25.05974],[89.72823,25.05938],[89.72804,25.05939],[89.72803,25.0592],[89.72783,25.05921],[89.72783,25.05885],[89.72763,25.05885],[89.72762,25.05867],[89.72723,25.05868],[89.72722,25.05814],[89.72761,25.05795],[89.7276,25.05759],[89.7278,25.05758],[89.72779,25.05704],[89.72798,25.05704],[89.72777,25.05632],[89.72718,25.05633],[89.727,25.05742],[89.72621,25.05743],[89.72621,25.05761],[89.72562,25.05762],[89.72562,25.05744],[89.72542,25.05745],[89.72542,25.05763],[89.72522,25.05763],[89.72502,25.05727],[89.72482,25.05728],[89.72482,25.05746],[89.72462,25.05746],[89.72463,25.05782],[89.72443,25.05783],[89.72445,25.05855],[89.72405,25.05856],[89.72386,25.05892],[89.72367,25.05892],[89.72367,25.05928],[89.72328,25.05947],[89.72329,25.05965],[89.72289,25.05966],[89.72289,25.05984],[89.7227,25.05984],[89.72271,25.06057],[89.72251,25.06057],[89.72254,25.06183],[89.72294,25.06201],[89.72295,25.06237],[89.72335,25.06254],[89.72335,25.06272],[89.72355,25.06272],[89.72356,25.0629],[89.72395,25.06289],[89.72394,25.06253],[89.72375,25.06253],[89.72373,25.06199],[89.72393,25.06199],[89.72392,25.06163],[89.72412,25.06162],[89.72412,25.06144],[89.72451,25.06144],[89.72451,25.06125],[89.72471,25.06125],[89.72468,25.06017],[89.72488,25.06017],[89.72489,25.06053],[89.72509,25.06052],[89.72509,25.0607],[89.72489,25.06071],[89.72491,25.06143],[89.72531,25.0616],[89.72533,25.06232],[89.72553,25.06232],[89.72553,25.06268],[89.72652,25.06266],[89.72653,25.06302],[89.72693,25.06302]],[[89.72626,25.0596],[89.72606,25.0596],[89.72605,25.05924],[89.72565,25.05907],[89.72564,25.05853],[89.72584,25.05852],[89.72583,25.05816],[89.72642,25.05815],[89.72643,25.05833],[89.72682,25.05832],[89.72683,25.05851],[89.72703,25.0585],[89.72703,25.05886],[89.72743,25.05904],[89.72744,25.05922],[89.72764,25.05921],[89.72745,25.05958],[89.72705,25.05958],[89.72705,25.05976],[89.72626,25.05978],[89.72626,25.0596]]]}},{"type":"Feature","properties":{"kind":"land","ha":3.6},"geometry":{"type":"Polygon","coordinates":[[[89.60057,25.0568],[89.60056,25.05662],[89.60116,25.05661],[89.60135,25.05625],[89.60115,25.05625],[89.60114,25.05589],[89.60095,25.05589],[89.60094,25.05553],[89.60074,25.05553],[89.60074,25.05535],[89.60014,25.05536],[89.60014,25.05518],[89.59994,25.05519],[89.59993,25.05483],[89.59973,25.05483],[89.59972,25.05429],[89.59952,25.05429],[89.59952,25.05393],[89.59932,25.05393],[89.59914,25.05466],[89.59894,25.05466],[89.59895,25.05502],[89.59855,25.05503],[89.59855,25.05521],[89.59836,25.05521],[89.59837,25.05576],[89.59876,25.05575],[89.59876,25.05557],[89.59955,25.05555],[89.59956,25.05574],[89.59975,25.05573],[89.59977,25.05645],[89.59997,25.05645],[89.59997,25.05663],[89.60037,25.05662],[89.60037,25.0568],[89.60057,25.0568]]]}},{"type":"Feature","properties":{"kind":"land","ha":62.6},"geometry":{"type":"Polygon","coordinates":[[[89.64178,25.06564],[89.64177,25.06546],[89.64197,25.06545],[89.64196,25.06509],[89.64216,25.06509],[89.64215,25.06473],[89.64255,25.06454],[89.64254,25.06436],[89.64274,25.06436],[89.64274,25.06418],[89.64293,25.06417],[89.64293,25.06381],[89.64312,25.06381],[89.64311,25.06327],[89.64331,25.06327],[89.6433,25.0629],[89.6435,25.0629],[89.64349,25.06254],[89.64369,25.06254],[89.64368,25.062],[89.64388,25.06199],[89.64387,25.06163],[89.64426,25.06144],[89.64426,25.06126],[89.64446,25.06126],[89.64464,25.06053],[89.64484,25.06053],[89.64483,25.06017],[89.64503,25.06017],[89.64502,25.05999],[89.64562,25.05998],[89.64581,25.05961],[89.64621,25.05978],[89.64621,25.05996],[89.64681,25.05995],[89.6468,25.05977],[89.64641,25.05978],[89.64638,25.05852],[89.64658,25.05851],[89.64657,25.05833],[89.64617,25.05816],[89.64617,25.0578],[89.64577,25.05781],[89.64577,25.05763],[89.64557,25.05763],[89.64556,25.05727],[89.64516,25.05728],[89.64517,25.05746],[89.64497,25.05746],[89.64498,25.05818],[89.64479,25.05818],[89.64479,25.05855],[89.6446,25.05855],[89.6446,25.05873],[89.64381,25.05874],[89.64381,25.05892],[89.64361,25.05893],[89.64362,25.05929],[89.64323,25.0593],[89.64302,25.05894],[89.64282,25.05894],[89.64281,25.05822],[89.6432,25.05803],[89.64319,25.05785],[89.64339,25.05785],[89.64339,25.05767],[89.64359,25.05766],[89.64357,25.05694],[89.64396,25.05676],[89.64396,25.05658],[89.64416,25.05657],[89.64415,25.05621],[89.64435,25.05621],[89.64434,25.05585],[89.64414,25.05585],[89.64414,25.05567],[89.64374,25.05568],[89.64374,25.0555],[89.64354,25.0555],[89.64352,25.05442],[89.64371,25.05441],[89.64371,25.05405],[89.64391,25.05405],[89.6439,25.05369],[89.6437,25.05369],[89.64368,25.05279],[89.64309,25.0528],[89.6429,25.05316],[89.6427,25.05317],[89.6427,25.05335],[89.64231,25.05336],[89.6423,25.05299],[89.6419,25.05282],[89.64155,25.05499],[89.64115,25.055],[89.64137,25.05608],[89.64117,25.05608],[89.64118,25.05644],[89.64098,25.05645],[89.64099,25.05663],[89.64079,25.05663],[89.6408,25.05699],[89.6406,25.057],[89.64061,25.05754],[89.64022,25.05754],[89.64022,25.05772],[89.64042,25.05772],[89.64042,25.05808],[89.64062,25.05808],[89.64064,25.0588],[89.64103,25.05861],[89.64104,25.05915],[89.64144,25.05933],[89.64145,25.05987],[89.64165,25.05987],[89.64166,25.06023],[89.64245,25.06021],[89.64248,25.06166],[89.6417,25.06203],[89.64171,25.06239],[89.64131,25.06258],[89.64132,25.06276],[89.64092,25.06277],[89.64091,25.06241],[89.64072,25.06241],[89.64067,25.06042],[89.64048,25.06043],[89.64046,25.05953],[89.64065,25.05952],[89.64064,25.05898],[89.63867,25.0592],[89.63866,25.05902],[89.63827,25.05902],[89.63826,25.05884],[89.63806,25.05885],[89.63806,25.05867],[89.63766,25.05867],[89.63766,25.05831],[89.63746,25.05832],[89.63745,25.05813],[89.63726,25.05814],[89.63726,25.05832],[89.63686,25.05833],[89.63686,25.05815],[89.63646,25.05815],[89.63627,25.05852],[89.63588,25.05852],[89.63587,25.05834],[89.63567,25.05835],[89.63567,25.05799],[89.63547,25.05799],[89.63546,25.05763],[89.63507,25.05764],[89.6351,25.05908],[89.6355,25.05925],[89.6355,25.05943],[89.6357,25.05943],[89.6357,25.05961],[89.6359,25.05961],[89.63591,25.06015],[89.63611,25.06014],[89.63612,25.06069],[89.63573,25.06087],[89.63573,25.06105],[89.63534,25.06106],[89.63534,25.06142],[89.63574,25.06159],[89.63575,25.06178],[89.63634,25.06176],[89.63635,25.06195],[89.63674,25.06194],[89.63695,25.0623],[89.63715,25.06229],[89.63715,25.06247],[89.63735,25.06247],[89.63735,25.06265],[89.63755,25.06265],[89.63755,25.06283],[89.63775,25.06282],[89.63776,25.063],[89.63835,25.06299],[89.63856,25.06335],[89.63875,25.06335],[89.63876,25.06353],[89.63896,25.06352],[89.63896,25.0637],[89.63936,25.0637],[89.63936,25.06388],[89.63956,25.06387],[89.63957,25.06423],[89.63997,25.06441],[89.63997,25.06477],[89.64037,25.06494],[89.64038,25.06512],[89.64058,25.06512],[89.64058,25.0653],[89.64078,25.0653],[89.64078,25.06548],[89.64118,25.06547],[89.64118,25.06565],[89.64178,25.06564]],[[89.64158,25.05644],[89.64198,25.05661],[89.64198,25.05679],[89.64159,25.0568],[89.64158,25.05644]]]}},{"type":"Feature","properties":{"kind":"land","ha":20.9},"geometry":{"type":"Polygon","coordinates":[[[89.59309,25.05946],[89.59309,25.05928],[89.59329,25.05927],[89.59328,25.05909],[89.59368,25.05909],[89.59387,25.05872],[89.59407,25.05872],[89.59406,25.05836],[89.59445,25.05817],[89.59445,25.05781],[89.59484,25.0578],[89.59484,25.05762],[89.59504,25.05762],[89.59504,25.05798],[89.59524,25.05798],[89.59525,25.05816],[89.59564,25.05815],[89.59564,25.05797],[89.59663,25.05795],[89.59661,25.05687],[89.597,25.05668],[89.597,25.0565],[89.59719,25.0565],[89.59718,25.05596],[89.59738,25.05595],[89.59737,25.05559],[89.59678,25.0556],[89.59657,25.05525],[89.59637,25.05525],[89.59637,25.05507],[89.59617,25.05507],[89.59614,25.05363],[89.59634,25.05363],[89.59633,25.05326],[89.59613,25.05327],[89.59614,25.05345],[89.59574,25.05346],[89.59575,25.05364],[89.59535,25.05364],[89.59516,25.05401],[89.59496,25.05401],[89.59497,25.05437],[89.59458,25.05456],[89.59458,25.05474],[89.59438,25.05474],[89.59439,25.05492],[89.59419,25.05493],[89.5942,25.05529],[89.5938,25.05547],[89.59381,25.05566],[89.59361,25.05566],[89.59361,25.05584],[89.59341,25.05584],[89.59342,25.05602],[89.59322,25.05603],[89.59322,25.05621],[89.59303,25.05621],[89.59303,25.05639],[89.59283,25.05639],[89.59284,25.05657],[89.59264,25.05658],[89.59264,25.05676],[89.59225,25.05677],[89.59205,25.05713],[89.59186,25.05713],[89.59186,25.05731],[89.59146,25.05732],[89.59146,25.05696],[89.59126,25.05696],[89.59107,25.05733],[89.59067,25.05733],[89.59068,25.05751],[89.59048,25.05752],[89.59049,25.05788],[89.59029,25.05788],[89.59029,25.05824],[89.5901,25.05825],[89.5901,25.05861],[89.58991,25.05861],[89.58991,25.05897],[89.58972,25.05898],[89.58972,25.05934],[89.58992,25.05933],[89.58992,25.05915],[89.59051,25.05914],[89.5905,25.0586],[89.5907,25.0586],[89.59069,25.05824],[89.59089,25.05823],[89.59089,25.05805],[89.59128,25.05805],[89.59129,25.05841],[89.59109,25.05841],[89.59109,25.05859],[89.59129,25.05859],[89.5913,25.05895],[89.59249,25.05893],[89.5927,25.05965],[89.59309,25.05946]]]}},{"type":"Feature","properties":{"kind":"land","ha":8.3},"geometry":{"type":"Polygon","coordinates":[[[89.63682,25.05652],[89.63682,25.05616],[89.63721,25.05597],[89.6372,25.05561],[89.6376,25.05579],[89.63762,25.05651],[89.63801,25.0565],[89.6382,25.05614],[89.6386,25.05613],[89.63858,25.05523],[89.63897,25.05504],[89.63897,25.05486],[89.63877,25.05486],[89.63877,25.05468],[89.63896,25.05468],[89.63895,25.05396],[89.63875,25.05396],[89.63874,25.05342],[89.63894,25.05342],[89.63893,25.05305],[89.63913,25.05305],[89.63912,25.05287],[89.63952,25.05286],[89.63952,25.05268],[89.63971,25.05268],[89.63992,25.05304],[89.64012,25.05303],[89.64013,25.05357],[89.64053,25.05375],[89.64053,25.05393],[89.64073,25.05393],[89.64074,25.05411],[89.64093,25.0541],[89.64092,25.05356],[89.64052,25.05339],[89.64051,25.05303],[89.64071,25.05302],[89.6407,25.05266],[89.6409,25.05266],[89.6409,25.05248],[89.6411,25.05247],[89.64109,25.05211],[89.6407,25.0523],[89.6407,25.05248],[89.6403,25.05249],[89.64031,25.05267],[89.63991,25.05268],[89.63991,25.0525],[89.63951,25.0525],[89.63951,25.05232],[89.63931,25.05233],[89.63912,25.05269],[89.63872,25.0527],[89.63873,25.05288],[89.63853,25.05288],[89.63854,25.05324],[89.63815,25.05343],[89.63815,25.05361],[89.63795,25.05361],[89.63796,25.05379],[89.63756,25.05362],[89.63756,25.05398],[89.63736,25.05399],[89.63737,25.05417],[89.63697,25.05417],[89.63678,25.05454],[89.63658,25.05454],[89.63659,25.05472],[89.63619,25.05473],[89.636,25.05509],[89.6362,25.05509],[89.63622,25.05599],[89.63582,25.056],[89.63583,25.05618],[89.63623,25.05635],[89.63623,25.05653],[89.63682,25.05652]],[[89.63718,25.05471],[89.63738,25.05471],[89.63739,25.05507],[89.63719,25.05507],[89.63718,25.05471]]]}},{"type":"Feature","properties":{"kind":"land","ha":26.4},"geometry":{"type":"Polygon","coordinates":[[[89.68455,25.07317],[89.68453,25.07263],[89.68473,25.07263],[89.68472,25.07209],[89.68512,25.07226],[89.68508,25.07064],[89.68489,25.07064],[89.68483,25.06793],[89.68463,25.06794],[89.68462,25.0674],[89.68442,25.0674],[89.68441,25.06686],[89.68421,25.06686],[89.6842,25.06632],[89.684,25.06633],[89.68398,25.06524],[89.68378,25.06525],[89.68376,25.06434],[89.68356,25.06435],[89.68354,25.06327],[89.68334,25.06327],[89.68332,25.06255],[89.68313,25.06255],[89.68311,25.06201],[89.68292,25.06201],[89.6829,25.06147],[89.68271,25.06148],[89.6827,25.06111],[89.6825,25.06112],[89.68249,25.06058],[89.68209,25.0604],[89.68208,25.06004],[89.68188,25.06005],[89.68187,25.0595],[89.68167,25.05951],[89.68166,25.05915],[89.68147,25.05915],[89.68145,25.05825],[89.68105,25.05808],[89.68103,25.05753],[89.68063,25.05736],[89.68062,25.05682],[89.68042,25.05682],[89.68041,25.0561],[89.68021,25.05611],[89.68019,25.05502],[89.67999,25.05503],[89.67998,25.05449],[89.67978,25.05449],[89.67976,25.05377],[89.67957,25.05377],[89.67955,25.05305],[89.67935,25.05305],[89.67934,25.05251],[89.67914,25.05251],[89.67911,25.05089],[89.6793,25.05089],[89.67929,25.05017],[89.67909,25.05017],[89.67891,25.05089],[89.67871,25.0509],[89.67872,25.05126],[89.67752,25.05074],[89.67753,25.0511],[89.67772,25.0511],[89.67774,25.05182],[89.67754,25.05182],[89.67754,25.05164],[89.67714,25.05165],[89.67715,25.05183],[89.67695,25.05183],[89.67697,25.05273],[89.67716,25.05273],[89.67718,25.05327],[89.67638,25.05329],[89.67639,25.05347],[89.67659,25.05346],[89.67661,25.05455],[89.67681,25.05454],[89.67682,25.05508],[89.67702,25.05508],[89.67703,25.05544],[89.67743,25.05561],[89.67743,25.05598],[89.67763,25.05597],[89.67764,25.05615],[89.67803,25.05614],[89.678,25.0547],[89.6782,25.0547],[89.67819,25.05452],[89.678,25.05452],[89.67797,25.05326],[89.67836,25.05307],[89.67835,25.05253],[89.67855,25.05253],[89.67854,25.05216],[89.67874,25.05216],[89.67874,25.05234],[89.67894,25.05234],[89.67898,25.05414],[89.67878,25.05415],[89.6788,25.05487],[89.67899,25.05486],[89.679,25.05522],[89.6792,25.05522],[89.67921,25.05558],[89.67941,25.05558],[89.67943,25.05648],[89.67962,25.05648],[89.67964,25.05702],[89.67983,25.05701],[89.67984,25.0572],[89.67944,25.0572],[89.67944,25.05702],[89.67884,25.05703],[89.67885,25.05739],[89.67905,25.05739],[89.67905,25.05757],[89.67945,25.05756],[89.67946,25.05792],[89.67966,25.05792],[89.67966,25.05828],[89.67986,25.05828],[89.67987,25.05846],[89.68046,25.05845],[89.68047,25.05899],[89.68087,25.05916],[89.68088,25.05952],[89.68108,25.05952],[89.68108,25.0597],[89.68128,25.0597],[89.68129,25.06024],[89.68149,25.06023],[89.68151,25.06114],[89.68171,25.06113],[89.68171,25.06149],[89.68191,25.06149],[89.68192,25.06203],[89.68212,25.06203],[89.68214,25.06275],[89.68234,25.06275],[89.68234,25.06311],[89.68254,25.0631],[89.68255,25.06346],[89.68275,25.06346],[89.68277,25.06454],[89.68297,25.06454],[89.68298,25.0649],[89.68318,25.0649],[89.68318,25.06508],[89.68338,25.06507],[89.68339,25.06543],[89.68358,25.06543],[89.68362,25.06687],[89.68342,25.06688],[89.68342,25.06706],[89.68402,25.06705],[89.68402,25.06723],[89.68422,25.06722],[89.68423,25.06776],[89.68443,25.06776],[89.68426,25.06921],[89.68446,25.0692],[89.68447,25.06993],[89.68428,25.06993],[89.6843,25.07101],[89.6841,25.07102],[89.68413,25.0721],[89.68393,25.0721],[89.68395,25.073],[89.68434,25.073],[89.68435,25.07318],[89.68455,25.07317]],[[89.68413,25.07228],[89.68433,25.07228],[89.68433,25.07246],[89.68413,25.07246],[89.68413,25.07228]]]}},{"type":"Feature","properties":{"kind":"land","ha":96.5},"geometry":{"type":"Polygon","coordinates":[[[89.6236,25.06831],[89.62362,25.06903],[89.62401,25.06902],[89.62422,25.06938],[89.62442,25.06938],[89.62442,25.06956],[89.62462,25.06955],[89.62462,25.06973],[89.62502,25.06973],[89.62522,25.07008],[89.62542,25.07008],[89.62543,25.07026],[89.62562,25.07026],[89.62563,25.07044],[89.62583,25.07043],[89.62583,25.07061],[89.62603,25.07061],[89.62603,25.07079],[89.62623,25.07079],[89.62623,25.07097],[89.62643,25.07097],[89.62644,25.07133],[89.62684,25.07132],[89.62684,25.07168],[89.62724,25.07185],[89.62725,25.07203],[89.62745,25.07203],[89.62745,25.07221],[89.62765,25.07221],[89.62765,25.07239],[89.62785,25.07238],[89.62785,25.07256],[89.62805,25.07256],[89.62806,25.07274],[89.62825,25.07274],[89.62826,25.07292],[89.62846,25.07291],[89.62846,25.0731],[89.62866,25.07309],[89.62867,25.07345],[89.62886,25.07345],[89.62888,25.07399],[89.62907,25.07399],[89.62908,25.07417],[89.62928,25.07416],[89.62926,25.07362],[89.62946,25.07362],[89.62945,25.0729],[89.62925,25.0729],[89.62924,25.07254],[89.62904,25.07254],[89.62903,25.072],[89.62883,25.07201],[89.62883,25.07164],[89.62843,25.07147],[89.62842,25.07129],[89.62822,25.07129],[89.62822,25.07111],[89.62802,25.07112],[89.62802,25.07094],[89.62782,25.07094],[89.62781,25.07058],[89.62761,25.07058],[89.62761,25.0704],[89.62721,25.07041],[89.62701,25.07005],[89.62681,25.07006],[89.62681,25.06988],[89.62661,25.06988],[89.6266,25.0697],[89.62641,25.0697],[89.6264,25.06934],[89.626,25.06935],[89.6258,25.06899],[89.6256,25.06899],[89.62559,25.06863],[89.62519,25.06864],[89.62499,25.06828],[89.62479,25.06829],[89.62479,25.06811],[89.62459,25.06811],[89.62458,25.06793],[89.62439,25.06793],[89.62438,25.06775],[89.62418,25.06776],[89.62418,25.06758],[89.62398,25.06758],[89.62398,25.0674],[89.62378,25.0674],[89.62378,25.06722],[89.62358,25.06723],[89.62357,25.06686],[89.62317,25.06669],[89.62317,25.06651],[89.62297,25.06651],[89.62296,25.06633],[89.62277,25.06634],[89.62276,25.06616],[89.62256,25.06616],[89.62256,25.06598],[89.62236,25.06598],[89.62236,25.06562],[89.62196,25.06545],[89.62195,25.06527],[89.62175,25.06527],[89.62175,25.06509],[89.62155,25.0651],[89.62155,25.06491],[89.62135,25.06492],[89.62135,25.06474],[89.62115,25.06474],[89.62114,25.06456],[89.62095,25.06456],[89.62094,25.06438],[89.62074,25.06439],[89.62074,25.06421],[89.62054,25.06421],[89.62053,25.06385],[89.62013,25.06368],[89.62013,25.0635],[89.61993,25.0635],[89.61992,25.06314],[89.61973,25.06314],[89.61972,25.06296],[89.61952,25.06296],[89.61931,25.06225],[89.61891,25.06207],[89.61891,25.06189],[89.61871,25.0619],[89.61871,25.06172],[89.61851,25.06172],[89.6185,25.06136],[89.6181,25.06119],[89.6181,25.061],[89.6179,25.06101],[89.61768,25.06029],[89.61749,25.06029],[89.61748,25.05993],[89.61708,25.05976],[89.61707,25.05958],[89.61688,25.05958],[89.61687,25.0594],[89.61667,25.05941],[89.61667,25.05922],[89.61647,25.05923],[89.61646,25.05887],[89.61606,25.05869],[89.61606,25.05851],[89.61586,25.05852],[89.61586,25.05816],[89.61546,25.05798],[89.61545,25.0578],[89.61525,25.05781],[89.61525,25.05763],[89.61505,25.05763],[89.61505,25.05745],[89.61485,25.05745],[89.61464,25.05673],[89.61444,25.05674],[89.61443,25.05638],[89.61403,25.0562],[89.61403,25.05602],[89.61383,25.05603],[89.61382,25.05585],[89.61363,25.05585],[89.61362,25.05567],[89.61342,25.05567],[89.61342,25.05531],[89.61302,25.05514],[89.61301,25.05496],[89.61282,25.05496],[89.61281,25.05478],[89.61261,25.05478],[89.61261,25.0546],[89.61241,25.05461],[89.61241,25.05443],[89.61221,25.05443],[89.61219,25.05371],[89.61179,25.05353],[89.61179,25.05335],[89.61159,25.05336],[89.61159,25.05318],[89.61139,25.05318],[89.61138,25.05264],[89.61177,25.05263],[89.61176,25.05209],[89.61157,25.05209],[89.61156,25.05173],[89.61136,25.05174],[89.61136,25.05156],[89.61116,25.05156],[89.61114,25.05084],[89.61074,25.05067],[89.61078,25.05229],[89.61058,25.05229],[89.61059,25.05283],[89.61039,25.05284],[89.6104,25.05338],[89.6106,25.05338],[89.61061,25.05374],[89.61041,25.05374],[89.61047,25.05663],[89.61027,25.05663],[89.61033,25.05916],[89.61013,25.05916],[89.61019,25.06187],[89.61039,25.06186],[89.61041,25.06295],[89.61061,25.06294],[89.61062,25.06348],[89.61102,25.06366],[89.61102,25.06384],[89.61122,25.06383],[89.61123,25.06419],[89.61162,25.06419],[89.61163,25.06455],[89.61183,25.06454],[89.61184,25.06509],[89.61204,25.06508],[89.61205,25.06544],[89.61224,25.06544],[89.61226,25.06616],[89.61246,25.06616],[89.61247,25.06652],[89.61266,25.06652],[89.61267,25.06688],[89.61287,25.06687],[89.61288,25.06741],[89.61308,25.06741],[89.61309,25.06777],[89.61349,25.06794],[89.6137,25.06866],[89.6139,25.06866],[89.61391,25.0692],[89.61411,25.0692],[89.61412,25.06956],[89.61431,25.06955],[89.61432,25.06992],[89.61452,25.06991],[89.61453,25.07027],[89.61473,25.07027],[89.61473,25.07063],[89.61513,25.0708],[89.61492,25.07009],[89.61472,25.07009],[89.61471,25.06973],[89.61452,25.06973],[89.6145,25.06919],[89.61431,25.06919],[89.61429,25.06865],[89.6141,25.06866],[89.61409,25.06811],[89.61389,25.06812],[89.61388,25.06776],[89.61368,25.06776],[89.61367,25.06722],[89.61347,25.06722],[89.61345,25.06614],[89.61365,25.06614],[89.61364,25.06596],[89.61344,25.06596],[89.61344,25.0656],[89.61324,25.0656],[89.61323,25.06524],[89.61303,25.06525],[89.61279,25.06308],[89.61259,25.06309],[89.61256,25.06182],[89.61296,25.06182],[89.61297,25.06218],[89.61317,25.06217],[89.61298,25.06254],[89.61278,25.06254],[89.61279,25.0629],[89.61298,25.0629],[89.61299,25.06308],[89.61338,25.06307],[89.61338,25.06289],[89.61437,25.06288],[89.61458,25.06323],[89.61477,25.06323],[89.61478,25.06341],[89.61498,25.06341],[89.61498,25.06359],[89.61518,25.06358],[89.61518,25.06376],[89.61538,25.06376],[89.61537,25.0634],[89.61517,25.0634],[89.61517,25.06322],[89.61556,25.06303],[89.61557,25.06322],[89.61576,25.06321],[89.61578,25.06411],[89.61559,25.06412],[89.61559,25.0643],[89.61579,25.06429],[89.6158,25.06466],[89.61599,25.06465],[89.616,25.06501],[89.6162,25.06501],[89.6162,25.06519],[89.6166,25.06518],[89.6168,25.06554],[89.617,25.06554],[89.61701,25.06572],[89.6172,25.06571],[89.61721,25.06589],[89.61741,25.06589],[89.61741,25.06607],[89.61781,25.06606],[89.61801,25.06642],[89.61821,25.06642],[89.61821,25.0666],[89.61841,25.06659],[89.61842,25.06678],[89.61861,25.06677],[89.61862,25.06695],[89.61961,25.06693],[89.61961,25.06711],[89.62001,25.06711],[89.62001,25.06729],[89.62041,25.06728],[89.62061,25.06764],[89.62081,25.06764],[89.62082,25.06782],[89.62101,25.06781],[89.62102,25.06799],[89.62122,25.06799],[89.62122,25.06817],[89.62221,25.06815],[89.62221,25.06833],[89.62261,25.06833],[89.62282,25.06868],[89.62301,25.06868],[89.62302,25.06886],[89.62322,25.06886],[89.62321,25.0685],[89.62341,25.06849],[89.6234,25.06831],[89.6236,25.06831]],[[89.62321,25.06831],[89.623,25.06796],[89.6228,25.06796],[89.62279,25.06742],[89.62319,25.06759],[89.62319,25.06777],[89.62339,25.06777],[89.6234,25.06831],[89.62321,25.06831]],[[89.6178,25.06552],[89.61819,25.06552],[89.6182,25.0657],[89.6178,25.0657],[89.6178,25.06552]],[[89.61798,25.06498],[89.61818,25.06497],[89.61818,25.06515],[89.61799,25.06516],[89.61798,25.06498]],[[89.61639,25.06483],[89.61659,25.06482],[89.6166,25.065],[89.6164,25.06501],[89.61639,25.06483]],[[89.61816,25.06407],[89.61836,25.06407],[89.61836,25.06425],[89.61816,25.06425],[89.61816,25.06407]],[[89.61815,25.06353],[89.61855,25.06352],[89.61855,25.0637],[89.61815,25.06371],[89.61815,25.06353]],[[89.61674,25.06265],[89.61714,25.06265],[89.61715,25.06301],[89.61675,25.06301],[89.61674,25.06265]],[[89.61515,25.0625],[89.61555,25.06249],[89.61556,25.06285],[89.61516,25.06286],[89.61515,25.0625]],[[89.61515,25.06214],[89.61495,25.06214],[89.61493,25.06124],[89.61533,25.06123],[89.61514,25.06196],[89.61534,25.06196],[89.61535,25.06232],[89.61515,25.06232],[89.61515,25.06214]],[[89.61653,25.06212],[89.61693,25.06211],[89.61693,25.06193],[89.61712,25.06192],[89.61713,25.06229],[89.61654,25.0623],[89.61653,25.06212]],[[89.61571,25.06087],[89.61552,25.06087],[89.61551,25.06069],[89.61591,25.06068],[89.61591,25.06086],[89.61611,25.06086],[89.61612,25.06122],[89.61592,25.06122],[89.61571,25.06087]],[[89.61274,25.06074],[89.61254,25.06074],[89.61254,25.06056],[89.61274,25.06056],[89.61273,25.06038],[89.61313,25.06037],[89.61331,25.05965],[89.61351,25.05964],[89.6135,25.05928],[89.61389,25.05909],[89.61389,25.05891],[89.61409,25.05891],[89.6141,25.05927],[89.61429,25.05927],[89.61431,25.06017],[89.61392,25.06036],[89.61392,25.06054],[89.61353,25.06054],[89.61353,25.06072],[89.61333,25.06073],[89.61334,25.06109],[89.61295,25.0611],[89.61274,25.06074]],[[89.61491,25.06034],[89.61531,25.06033],[89.61531,25.06069],[89.61492,25.0607],[89.61491,25.06034]],[[89.61133,25.05986],[89.61173,25.05985],[89.61174,25.06039],[89.61135,25.06058],[89.61133,25.05986]],[[89.61232,25.05966],[89.61272,25.05966],[89.61273,25.0602],[89.61233,25.0602],[89.61232,25.05966]],[[89.6145,25.0598],[89.6149,25.0598],[89.61491,25.06016],[89.61451,25.06017],[89.6145,25.0598]],[[89.61488,25.05908],[89.61528,25.05907],[89.61529,25.05943],[89.61489,25.05944],[89.61488,25.05908]],[[89.61248,25.05804],[89.61229,25.05804],[89.61227,25.05714],[89.61266,25.05695],[89.61266,25.05677],[89.61305,25.05676],[89.61306,25.05694],[89.61325,25.05694],[89.61325,25.05676],[89.61365,25.05675],[89.61365,25.05711],[89.61385,25.05711],[89.61387,25.05801],[89.61407,25.05801],[89.61408,25.05855],[89.61369,25.05874],[89.61368,25.05856],[89.61309,25.05857],[89.61309,25.05875],[89.6129,25.05875],[89.61291,25.05929],[89.61251,25.0593],[89.61248,25.05804]],[[89.61488,25.05871],[89.61507,25.05871],[89.61508,25.05889],[89.61488,25.0589],[89.61488,25.05871]]]}},{"type":"Feature","properties":{"kind":"land","ha":19.6},"geometry":{"type":"Polygon","coordinates":[[[89.63132,25.0586],[89.63111,25.05789],[89.63071,25.05789],[89.63051,25.05754],[89.63031,25.05754],[89.6303,25.05736],[89.63011,25.05736],[89.63009,25.05682],[89.6293,25.05666],[89.62929,25.05629],[89.62909,25.0563],[89.62909,25.05612],[89.62829,25.05595],[89.62809,25.05559],[89.62789,25.0556],[89.62788,25.05506],[89.62768,25.05506],[89.62767,25.05452],[89.62747,25.05452],[89.62746,25.05416],[89.62726,25.05416],[89.62727,25.05434],[89.62687,25.05435],[89.62687,25.05417],[89.62667,25.05417],[89.62666,25.05381],[89.62646,25.05382],[89.62646,25.05346],[89.62626,25.05346],[89.62625,25.0531],[89.62605,25.0531],[89.62605,25.05292],[89.62565,25.05293],[89.62565,25.05275],[89.62466,25.05277],[89.62447,25.05349],[89.62428,25.0535],[89.62427,25.05313],[89.62387,25.05314],[89.62367,25.05278],[89.62347,25.05279],[89.62347,25.05261],[89.62267,25.05244],[89.62266,25.0519],[89.62246,25.0519],[89.62245,25.05154],[89.62205,25.05137],[89.62205,25.05119],[89.62185,25.05119],[89.62183,25.05029],[89.62103,25.04994],[89.62102,25.04958],[89.62122,25.04958],[89.62119,25.04795],[89.62039,25.04779],[89.62039,25.04761],[89.61999,25.04761],[89.62,25.04816],[89.6198,25.04816],[89.61982,25.04906],[89.62002,25.04906],[89.62003,25.04942],[89.62023,25.04942],[89.62023,25.04978],[89.62063,25.04995],[89.62064,25.05031],[89.62084,25.05031],[89.62085,25.05085],[89.62125,25.05102],[89.62126,25.0512],[89.62145,25.0512],[89.62146,25.05156],[89.62166,25.05156],[89.62166,25.05174],[89.62186,25.05173],[89.62187,25.05209],[89.62227,25.05209],[89.62227,25.05227],[89.62247,25.05226],[89.62249,25.05335],[89.62289,25.05352],[89.62289,25.0537],[89.62309,25.0537],[89.6231,25.05388],[89.62329,25.05387],[89.6233,25.05405],[89.6235,25.05405],[89.62348,25.05351],[89.62329,25.05351],[89.62328,25.05333],[89.62368,25.05333],[89.62368,25.05351],[89.62388,25.0535],[89.62389,25.05386],[89.62409,25.05386],[89.62408,25.05368],[89.62468,25.05367],[89.62468,25.05385],[89.62488,25.05385],[89.62491,25.05547],[89.62452,25.05548],[89.62452,25.05584],[89.62472,25.05583],[89.62473,25.05619],[89.62493,25.05619],[89.62494,25.05655],[89.62534,25.05673],[89.62534,25.05691],[89.62593,25.0569],[89.62592,25.05635],[89.62572,25.05636],[89.62572,25.05618],[89.62611,25.05599],[89.62612,25.05617],[89.62671,25.05616],[89.62651,25.0558],[89.62631,25.05581],[89.6263,25.05563],[89.6267,25.05544],[89.6269,25.0558],[89.6271,25.05579],[89.6271,25.05597],[89.6279,25.05596],[89.6279,25.05632],[89.6281,25.05632],[89.62811,25.05686],[89.62851,25.05703],[89.62852,25.05721],[89.62872,25.05721],[89.62872,25.05739],[89.62912,25.05738],[89.62932,25.05774],[89.62972,25.05773],[89.62992,25.05809],[89.63012,25.05808],[89.63012,25.05827],[89.63032,25.05826],[89.63033,25.05844],[89.63092,25.05843],[89.63092,25.05861],[89.63132,25.0586]]]}},{"type":"Feature","properties":{"kind":"land","ha":25.2},"geometry":{"type":"Polygon","coordinates":[[[89.60837,25.06045],[89.60833,25.05847],[89.60853,25.05847],[89.60845,25.0545],[89.60864,25.05449],[89.60861,25.05305],[89.60881,25.05305],[89.60893,25.04943],[89.60873,25.04944],[89.60873,25.04908],[89.60813,25.04909],[89.60814,25.04927],[89.60774,25.04927],[89.60774,25.04909],[89.60754,25.0491],[89.60753,25.04874],[89.60694,25.04875],[89.60694,25.04893],[89.60674,25.04893],[89.60674,25.04875],[89.60654,25.04875],[89.60652,25.04785],[89.60593,25.04786],[89.60572,25.0475],[89.60552,25.04751],[89.60551,25.04697],[89.60472,25.04698],[89.60472,25.04716],[89.60413,25.04717],[89.60415,25.04807],[89.60435,25.04807],[89.60435,25.04843],[89.60455,25.04843],[89.60456,25.04897],[89.60476,25.04897],[89.60477,25.04951],[89.60497,25.0495],[89.60498,25.04986],[89.60538,25.05004],[89.60539,25.0504],[89.60558,25.05039],[89.60559,25.05058],[89.60579,25.05057],[89.606,25.05129],[89.6062,25.05129],[89.60621,25.05165],[89.6064,25.05164],[89.60641,25.052],[89.60661,25.052],[89.60662,25.05236],[89.60682,25.05236],[89.60683,25.05326],[89.60703,25.05326],[89.60704,25.0538],[89.60724,25.0538],[89.60728,25.0556],[89.60748,25.0556],[89.60749,25.05596],[89.60729,25.05596],[89.6073,25.0565],[89.6075,25.0565],[89.60751,25.05722],[89.60731,25.05722],[89.60733,25.05776],[89.60752,25.05776],[89.60755,25.05902],[89.60775,25.05902],[89.60776,25.05974],[89.60757,25.05975],[89.60757,25.05993],[89.60777,25.05992],[89.60778,25.06046],[89.60798,25.06046],[89.60798,25.06064],[89.60837,25.06045]],[[89.60678,25.05092],[89.60698,25.05091],[89.60698,25.05055],[89.60737,25.05036],[89.60736,25.05018],[89.60756,25.05018],[89.60756,25.05],[89.60795,25.04999],[89.60797,25.05053],[89.60777,25.05054],[89.60778,25.0509],[89.60758,25.0509],[89.60758,25.05126],[89.60719,25.05145],[89.6072,25.05163],[89.6066,25.05164],[89.60678,25.05092]]]}},{"type":"Feature","properties":{"kind":"land","ha":34.4},"geometry":{"type":"Polygon","coordinates":[[[89.69702,25.06356],[89.69721,25.0632],[89.69741,25.06319],[89.6974,25.06301],[89.6976,25.06301],[89.6976,25.06283],[89.69779,25.06283],[89.69779,25.06265],[89.69799,25.06264],[89.69817,25.06192],[89.69837,25.06191],[89.69836,25.06155],[89.69856,25.06155],[89.69855,25.06119],[89.69875,25.06118],[89.69874,25.06064],[89.69913,25.06046],[89.69913,25.06027],[89.69932,25.06027],[89.69932,25.06009],[89.69952,25.06009],[89.69951,25.05991],[89.69971,25.0599],[89.69971,25.05972],[89.69991,25.05972],[89.6999,25.05954],[89.7001,25.05954],[89.7001,25.05935],[89.70029,25.05935],[89.70029,25.05917],[89.70069,25.05916],[89.70068,25.05898],[89.70088,25.05898],[89.70087,25.05862],[89.70126,25.05843],[89.70126,25.05807],[89.70165,25.05788],[89.70165,25.0577],[89.70184,25.0577],[89.70184,25.05752],[89.70204,25.05751],[89.70203,25.05715],[89.70242,25.05697],[89.70241,25.05661],[89.70281,25.05642],[89.7028,25.05624],[89.703,25.05623],[89.70318,25.05551],[89.70338,25.0555],[89.70337,25.05514],[89.70357,25.05514],[89.70356,25.05478],[89.70376,25.05478],[89.70375,25.05442],[89.70395,25.05441],[89.70394,25.05387],[89.70433,25.05368],[89.70431,25.05278],[89.70451,25.05278],[89.70449,25.05206],[89.70469,25.05205],[89.70468,25.05169],[89.70488,25.05169],[89.70487,25.05133],[89.70507,25.05132],[89.70507,25.05114],[89.70566,25.05113],[89.70566,25.05095],[89.70586,25.05095],[89.70585,25.05059],[89.70624,25.0504],[89.70624,25.05022],[89.70643,25.05021],[89.70641,25.04913],[89.70661,25.04913],[89.7066,25.04877],[89.7068,25.04876],[89.70679,25.04822],[89.70698,25.04822],[89.70698,25.04786],[89.70776,25.04748],[89.70775,25.04676],[89.70794,25.04676],[89.70794,25.0464],[89.70813,25.04639],[89.70813,25.04603],[89.70852,25.04585],[89.70851,25.04566],[89.70891,25.04566],[89.70889,25.04494],[89.70909,25.04493],[89.70908,25.04457],[89.70948,25.04438],[89.70947,25.0442],[89.70967,25.0442],[89.70965,25.04348],[89.70985,25.04347],[89.70985,25.04329],[89.70965,25.0433],[89.70962,25.04203],[89.70942,25.04204],[89.70942,25.04168],[89.70902,25.04187],[89.70903,25.04205],[89.70883,25.04205],[89.70883,25.04223],[89.70864,25.04223],[89.70886,25.04331],[89.70866,25.04332],[89.70867,25.04386],[89.70828,25.04404],[89.70828,25.04422],[89.70809,25.04423],[89.7081,25.04477],[89.7079,25.04477],[89.7079,25.04495],[89.70751,25.04496],[89.70751,25.04514],[89.70731,25.04515],[89.70733,25.04605],[89.70694,25.04623],[89.70695,25.0466],[89.70675,25.0466],[89.70676,25.04714],[89.70637,25.04733],[89.70638,25.04769],[89.70599,25.04788],[89.7062,25.04859],[89.706,25.0486],[89.70601,25.04878],[89.70561,25.04879],[89.70561,25.04861],[89.70541,25.04861],[89.70542,25.04933],[89.70523,25.04933],[89.70524,25.04988],[89.70504,25.04988],[89.70505,25.05024],[89.70485,25.05024],[89.70486,25.0506],[89.70466,25.05061],[89.70467,25.05097],[89.70447,25.05097],[89.70448,25.05151],[89.70409,25.0517],[89.70391,25.05243],[89.70371,25.05243],[89.70372,25.05279],[89.70332,25.05298],[89.70333,25.05316],[89.70313,25.05316],[89.70313,25.05334],[89.70294,25.05335],[89.70294,25.05371],[89.70255,25.0539],[89.70256,25.05426],[89.70236,25.05426],[89.70237,25.05444],[89.70197,25.05445],[89.70178,25.05481],[89.70158,25.05482],[89.70159,25.055],[89.70139,25.055],[89.70121,25.05572],[89.70081,25.05591],[89.70082,25.05609],[89.70062,25.0561],[89.70062,25.05628],[89.70043,25.05628],[89.70043,25.05664],[89.70004,25.05683],[89.70004,25.05701],[89.69965,25.05702],[89.69965,25.0572],[89.69945,25.0572],[89.69927,25.05793],[89.69888,25.05793],[89.69869,25.0583],[89.69849,25.0583],[89.69849,25.05848],[89.69829,25.05849],[89.6983,25.05885],[89.6981,25.05885],[89.69812,25.05939],[89.69792,25.05939],[89.69793,25.05976],[89.69773,25.05976],[89.69774,25.0603],[89.69754,25.0603],[89.69755,25.06085],[89.69716,25.06103],[89.69716,25.06121],[89.69697,25.06122],[89.69699,25.0623],[89.6966,25.06249],[89.6966,25.06267],[89.6964,25.06267],[89.69641,25.06303],[89.69621,25.06304],[89.69622,25.06322],[89.69602,25.06322],[89.69602,25.0634],[89.69642,25.06339],[89.69642,25.06357],[89.69702,25.06356]]]}},{"type":"Feature","properties":{"kind":"land","ha":47.9},"geometry":{"type":"Polygon","coordinates":[[[89.63001,25.05303],[89.63001,25.05267],[89.6302,25.05267],[89.6302,25.05231],[89.63,25.05231],[89.62998,25.05159],[89.62958,25.05142],[89.62958,25.05124],[89.62978,25.05123],[89.62977,25.05087],[89.63016,25.05068],[89.63016,25.0505],[89.63056,25.05068],[89.63055,25.0505],[89.63075,25.05049],[89.63074,25.04995],[89.63114,25.04994],[89.63134,25.0503],[89.63174,25.05029],[89.63175,25.05066],[89.63135,25.05084],[89.63138,25.05193],[89.63177,25.05192],[89.63177,25.05174],[89.63236,25.05173],[89.63237,25.05191],[89.63276,25.0519],[89.63277,25.05208],[89.63316,25.05207],[89.63315,25.05153],[89.63275,25.05136],[89.63275,25.05118],[89.63255,25.05118],[89.63255,25.051],[89.63235,25.05101],[89.63213,25.04993],[89.63193,25.04993],[89.63191,25.04903],[89.63151,25.04885],[89.63151,25.04867],[89.63111,25.04868],[89.63109,25.0476],[89.63089,25.0476],[89.63088,25.04706],[89.63107,25.04706],[89.63107,25.0467],[89.63087,25.0467],[89.63086,25.04634],[89.63066,25.04634],[89.63066,25.04616],[89.63046,25.04617],[89.63045,25.04562],[89.63124,25.04561],[89.63143,25.04525],[89.63163,25.04524],[89.63161,25.04434],[89.63141,25.04434],[89.63141,25.04416],[89.63161,25.04416],[89.6316,25.0438],[89.63239,25.04379],[89.63241,25.04469],[89.633,25.04468],[89.633,25.04432],[89.6332,25.04431],[89.63318,25.04359],[89.63338,25.04359],[89.63335,25.04214],[89.63315,25.04215],[89.63314,25.04197],[89.63255,25.04198],[89.63255,25.0418],[89.63215,25.0418],[89.63215,25.04162],[89.63175,25.04181],[89.63176,25.04199],[89.63156,25.04199],[89.63156,25.04218],[89.63117,25.04218],[89.63118,25.04254],[89.63098,25.04255],[89.63099,25.04291],[89.63118,25.0429],[89.6312,25.04345],[89.6308,25.04345],[89.6308,25.04327],[89.6306,25.04328],[89.63041,25.04364],[89.63021,25.04364],[89.63022,25.04418],[89.62982,25.04401],[89.62964,25.04474],[89.62944,25.04474],[89.62945,25.0451],[89.62906,25.04529],[89.62907,25.04601],[89.62887,25.04601],[89.62889,25.04692],[89.62869,25.04692],[89.6287,25.04728],[89.6285,25.04728],[89.62851,25.04746],[89.62831,25.04747],[89.62832,25.04783],[89.62812,25.04783],[89.62812,25.04801],[89.62792,25.04802],[89.62786,25.04513],[89.62766,25.04513],[89.62766,25.04495],[89.62726,25.04496],[89.62725,25.04406],[89.62744,25.04405],[89.62744,25.04369],[89.62763,25.04369],[89.62763,25.04351],[89.62664,25.04353],[89.62645,25.04389],[89.62605,25.0439],[89.62586,25.04426],[89.62567,25.04427],[89.62567,25.04445],[89.62547,25.04445],[89.62547,25.04463],[89.62528,25.04463],[89.62549,25.04535],[89.62569,25.04535],[89.62569,25.04553],[89.62549,25.04553],[89.6255,25.04589],[89.62511,25.0459],[89.6251,25.04572],[89.6249,25.04572],[89.62508,25.04464],[89.62488,25.04464],[89.62487,25.0441],[89.62467,25.0441],[89.62466,25.04374],[89.62407,25.04375],[89.62408,25.04411],[89.62448,25.04429],[89.62448,25.04465],[89.62429,25.04465],[89.62429,25.04501],[89.6239,25.0452],[89.62391,25.04538],[89.62371,25.04538],[89.62371,25.04556],[89.62351,25.04557],[89.62352,25.04575],[89.62332,25.04575],[89.62333,25.04611],[89.62313,25.04611],[89.62334,25.04683],[89.62374,25.04683],[89.62374,25.04701],[89.62434,25.047],[89.62454,25.04735],[89.62474,25.04735],[89.62474,25.04753],[89.62494,25.04753],[89.62476,25.04825],[89.62456,25.04826],[89.62457,25.0488],[89.62477,25.04879],[89.62479,25.04952],[89.62518,25.04951],[89.62539,25.04987],[89.62677,25.04984],[89.62677,25.04966],[89.62756,25.04965],[89.62757,25.04983],[89.62776,25.04982],[89.62776,25.04964],[89.62895,25.04962],[89.62896,25.05016],[89.62916,25.05016],[89.62916,25.05034],[89.62896,25.05034],[89.62898,25.05088],[89.62878,25.05089],[89.62879,25.05161],[89.62899,25.05161],[89.629,25.05215],[89.6292,25.05214],[89.62922,25.05305],[89.63001,25.05303]],[[89.63053,25.04941],[89.63033,25.04942],[89.63032,25.04906],[89.62993,25.04906],[89.62992,25.04888],[89.62953,25.04889],[89.62953,25.04907],[89.62933,25.04907],[89.62934,25.04943],[89.62875,25.04945],[89.62873,25.04872],[89.62893,25.04872],[89.62892,25.04818],[89.62912,25.04818],[89.62911,25.04763],[89.6293,25.04763],[89.6293,25.04745],[89.63009,25.04744],[89.6303,25.04779],[89.6305,25.04779],[89.6305,25.04815],[89.6309,25.04832],[89.63091,25.04887],[89.63111,25.04886],[89.63112,25.04922],[89.63092,25.04923],[89.63093,25.04959],[89.63053,25.04959],[89.63053,25.04941]]]}},{"type":"Feature","properties":{"kind":"land","ha":8.0},"geometry":{"type":"Polygon","coordinates":[[[89.71092,25.04706],[89.71091,25.04634],[89.7113,25.04616],[89.71129,25.04597],[89.71149,25.04597],[89.71149,25.04579],[89.71169,25.04579],[89.71167,25.04525],[89.71128,25.04525],[89.71127,25.04507],[89.71226,25.04505],[89.71226,25.04487],[89.71246,25.04487],[89.71245,25.04451],[89.71265,25.04451],[89.71244,25.04379],[89.71224,25.04379],[89.71223,25.04361],[89.71243,25.04361],[89.71242,25.04325],[89.71262,25.04324],[89.71259,25.04198],[89.7124,25.04198],[89.71239,25.0418],[89.71278,25.04162],[89.71278,25.04144],[89.71357,25.04142],[89.71356,25.04106],[89.71376,25.04106],[89.71376,25.04088],[89.71415,25.04087],[89.71415,25.04051],[89.71395,25.04051],[89.71394,25.04015],[89.71374,25.04015],[89.71374,25.03997],[89.71334,25.03998],[89.71335,25.04034],[89.71296,25.04053],[89.71296,25.04071],[89.71276,25.04071],[89.71277,25.04089],[89.71257,25.0409],[89.71257,25.04108],[89.71238,25.04108],[89.71238,25.04126],[89.71198,25.04127],[89.712,25.04181],[89.71121,25.04219],[89.71123,25.04309],[89.71103,25.04309],[89.71106,25.04417],[89.71125,25.04417],[89.71126,25.04435],[89.71106,25.04435],[89.71109,25.04562],[89.7107,25.04581],[89.7107,25.04599],[89.7105,25.04599],[89.71053,25.04707],[89.71092,25.04706]]]}},{"type":"Feature","properties":{"kind":"land","ha":7.0},"geometry":{"type":"Polygon","coordinates":[[[89.60628,25.04587],[89.60647,25.04551],[89.60667,25.0455],[89.60667,25.04532],[89.60686,25.04532],[89.60686,25.04514],[89.60706,25.04513],[89.60705,25.04477],[89.60744,25.04459],[89.60744,25.04423],[89.60763,25.04422],[89.60761,25.04314],[89.60781,25.04314],[89.60777,25.04133],[89.60737,25.04134],[89.60738,25.04152],[89.60718,25.04152],[89.60719,25.04188],[89.60699,25.04189],[89.607,25.04225],[89.6066,25.04225],[89.60641,25.04262],[89.60621,25.04262],[89.60623,25.04334],[89.60583,25.04335],[89.60563,25.04299],[89.60523,25.043],[89.60525,25.0439],[89.60565,25.04408],[89.60565,25.04426],[89.60585,25.04425],[89.60587,25.04497],[89.60567,25.04498],[89.60569,25.04588],[89.60628,25.04587]]]}},{"type":"Feature","properties":{"kind":"land","ha":3.8},"geometry":{"type":"Polygon","coordinates":[[[89.64586,25.04373],[89.64606,25.04372],[89.64605,25.043],[89.64624,25.043],[89.64625,25.04336],[89.64645,25.04335],[89.64645,25.04354],[89.64665,25.04353],[89.64663,25.04245],[89.64702,25.04244],[89.647,25.04154],[89.64681,25.04154],[89.6468,25.04136],[89.64641,25.04137],[89.64641,25.04155],[89.64621,25.04155],[89.64601,25.0412],[89.64581,25.0412],[89.6458,25.04102],[89.64561,25.04102],[89.6456,25.04084],[89.6454,25.04085],[89.6454,25.04067],[89.645,25.04067],[89.64501,25.04085],[89.64422,25.04087],[89.64422,25.04105],[89.64402,25.04105],[89.64403,25.04141],[89.64482,25.0414],[89.64483,25.04158],[89.64522,25.04157],[89.64543,25.04193],[89.64563,25.04193],[89.64564,25.04265],[89.64584,25.04264],[89.64586,25.04373]],[[89.64584,25.04246],[89.64603,25.04246],[89.64604,25.04264],[89.64584,25.04264],[89.64584,25.04246]]]}},{"type":"Feature","properties":{"kind":"land","ha":11.8},"geometry":{"type":"Polygon","coordinates":[[[89.72507,25.04157],[89.72505,25.04103],[89.72446,25.04104],[89.72445,25.0405],[89.72425,25.0405],[89.72424,25.04014],[89.72464,25.04014],[89.72463,25.03996],[89.72444,25.03996],[89.72442,25.03924],[89.72422,25.03924],[89.72421,25.03888],[89.72402,25.03888],[89.72401,25.03852],[89.72381,25.03853],[89.7238,25.03799],[89.7236,25.03799],[89.72359,25.03763],[89.72339,25.03763],[89.72338,25.03691],[89.72358,25.03691],[89.72357,25.03673],[89.72337,25.03673],[89.72337,25.03637],[89.72317,25.03637],[89.72316,25.03601],[89.72217,25.03603],[89.72217,25.03621],[89.72178,25.03622],[89.72179,25.03658],[89.72219,25.03675],[89.7222,25.03729],[89.72181,25.03748],[89.72182,25.0382],[89.72162,25.03821],[89.72164,25.03893],[89.72184,25.03892],[89.72184,25.0391],[89.72164,25.03911],[89.72167,25.04037],[89.72227,25.04036],[89.72247,25.04072],[89.72267,25.04071],[89.72267,25.04089],[89.72327,25.04088],[89.72328,25.04124],[89.72368,25.04142],[89.72368,25.0416],[89.72507,25.04157]],[[89.72264,25.03945],[89.72244,25.03945],[89.72244,25.03909],[89.72283,25.03909],[89.72284,25.03927],[89.72303,25.03926],[89.72304,25.03962],[89.72265,25.03963],[89.72264,25.03945]]]}},{"type":"Feature","properties":{"kind":"land","ha":5.0},"geometry":{"type":"Polygon","coordinates":[[[89.72562,25.03994],[89.72561,25.0394],[89.72541,25.0394],[89.7254,25.03886],[89.7252,25.03886],[89.72518,25.03796],[89.72538,25.03796],[89.72538,25.03778],[89.72518,25.03778],[89.72516,25.03706],[89.72556,25.03687],[89.72555,25.03651],[89.72614,25.0365],[89.72614,25.03632],[89.72653,25.03631],[89.72654,25.03649],[89.72674,25.03649],[89.72674,25.03685],[89.72714,25.03684],[89.72713,25.03648],[89.72792,25.03647],[89.72792,25.03628],[89.72812,25.03628],[89.72811,25.03592],[89.72415,25.03599],[89.72416,25.03653],[89.72436,25.03653],[89.72439,25.03779],[89.72459,25.03779],[89.7246,25.03833],[89.7248,25.03833],[89.72481,25.03905],[89.72501,25.03905],[89.72502,25.03941],[89.72522,25.0394],[89.72523,25.04012],[89.72562,25.03994]]]}},{"type":"Feature","properties":{"kind":"land","ha":8.3},"geometry":{"type":"Polygon","coordinates":[[[89.70821,25.04098],[89.7082,25.04062],[89.7084,25.04061],[89.7084,25.04043],[89.7082,25.04044],[89.70818,25.03971],[89.70799,25.03972],[89.70798,25.03918],[89.70778,25.03918],[89.70777,25.039],[89.70738,25.03901],[89.70737,25.03883],[89.70717,25.03883],[89.70717,25.03847],[89.70697,25.03847],[89.70697,25.03829],[89.70716,25.03829],[89.70716,25.03811],[89.70756,25.0381],[89.70776,25.03846],[89.70796,25.03846],[89.70796,25.03864],[89.70816,25.03863],[89.70817,25.03917],[89.70857,25.03917],[89.70858,25.03953],[89.70897,25.03952],[89.70898,25.03988],[89.70938,25.03987],[89.70935,25.03861],[89.70915,25.03861],[89.70914,25.03807],[89.70894,25.03808],[89.70893,25.03772],[89.70874,25.03772],[89.70873,25.03754],[89.70794,25.03737],[89.70793,25.03701],[89.70773,25.03702],[89.70771,25.03629],[89.70653,25.03632],[89.70653,25.03668],[89.70693,25.03685],[89.70695,25.03739],[89.70714,25.03739],[89.70715,25.03757],[89.70695,25.03757],[89.70695,25.03775],[89.70656,25.03776],[89.70655,25.03758],[89.70636,25.03758],[89.70635,25.03722],[89.70615,25.03722],[89.70613,25.03632],[89.70573,25.03633],[89.70575,25.03687],[89.70594,25.03687],[89.70596,25.03777],[89.70636,25.03794],[89.70637,25.03848],[89.70657,25.03848],[89.70639,25.03921],[89.70659,25.0392],[89.7066,25.03956],[89.70679,25.03956],[89.70681,25.0401],[89.707,25.0401],[89.707,25.03974],[89.70719,25.03973],[89.7074,25.04009],[89.70799,25.04008],[89.708,25.04044],[89.7076,25.04027],[89.70761,25.04081],[89.70781,25.0408],[89.70782,25.04098],[89.70821,25.04098]]]}},{"type":"Feature","properties":{"kind":"land","ha":8.6},"geometry":{"type":"Polygon","coordinates":[[[89.72028,25.04022],[89.72026,25.03931],[89.72006,25.03932],[89.72005,25.0386],[89.71985,25.0386],[89.71985,25.03878],[89.71926,25.03879],[89.71926,25.03861],[89.71906,25.03861],[89.71905,25.03807],[89.71865,25.0379],[89.71864,25.03754],[89.71844,25.03754],[89.71843,25.037],[89.71922,25.03717],[89.71943,25.03752],[89.72022,25.03733],[89.72023,25.03769],[89.72042,25.03769],[89.72043,25.03787],[89.72082,25.03786],[89.7208,25.0366],[89.72099,25.03659],[89.72099,25.03623],[89.72138,25.03622],[89.72138,25.03604],[89.71979,25.03607],[89.7198,25.03643],[89.71901,25.03645],[89.71882,25.03681],[89.71842,25.03682],[89.71841,25.03628],[89.71802,25.03647],[89.71802,25.03665],[89.71763,25.03665],[89.71762,25.03629],[89.71782,25.03629],[89.71781,25.03611],[89.71544,25.03615],[89.71544,25.03651],[89.71564,25.03651],[89.71565,25.03669],[89.71604,25.03668],[89.71625,25.03704],[89.71645,25.03704],[89.71645,25.03722],[89.71665,25.03721],[89.71666,25.03757],[89.71705,25.03757],[89.71706,25.03775],[89.71765,25.03774],[89.71765,25.03792],[89.71805,25.03791],[89.71826,25.03827],[89.71846,25.03826],[89.71846,25.03844],[89.71866,25.03844],[89.71867,25.0388],[89.71886,25.0388],[89.71887,25.03898],[89.71926,25.03897],[89.71947,25.03933],[89.71967,25.03932],[89.71968,25.03987],[89.72008,25.04004],[89.72008,25.04022],[89.72028,25.04022]],[[89.72,25.03643],[89.7202,25.03643],[89.7202,25.03661],[89.72,25.03661],[89.72,25.03643]]]}},{"type":"Feature","properties":{"kind":"land","ha":118.5},"geometry":{"type":"Polygon","coordinates":[[[89.58209,25.06398],[89.58213,25.06579],[89.58193,25.06579],[89.58194,25.06633],[89.58175,25.06633],[89.58176,25.06724],[89.58157,25.06724],[89.58158,25.06778],[89.58138,25.06779],[89.5814,25.06887],[89.5812,25.06887],[89.58122,25.06959],[89.58102,25.0696],[89.58103,25.06996],[89.58083,25.06996],[89.58085,25.07104],[89.58065,25.07105],[89.58067,25.07159],[89.58106,25.0714],[89.58107,25.07194],[89.58067,25.07195],[89.58068,25.07231],[89.58088,25.07231],[89.58091,25.07375],[89.58071,25.07375],[89.58072,25.07429],[89.58052,25.0743],[89.58053,25.07466],[89.58033,25.07466],[89.58035,25.0752],[89.58054,25.0752],[89.58055,25.07556],[89.58035,25.07556],[89.58039,25.07737],[89.58059,25.07737],[89.5806,25.07809],[89.5808,25.07808],[89.58082,25.07899],[89.58102,25.07898],[89.58103,25.07934],[89.58123,25.07934],[89.58124,25.08006],[89.58104,25.08007],[89.58105,25.08025],[89.58124,25.08024],[89.58127,25.08151],[89.58147,25.0815],[89.58148,25.08204],[89.58168,25.08204],[89.58169,25.08258],[89.58189,25.08258],[89.58191,25.08348],[89.5821,25.08348],[89.58211,25.08384],[89.58231,25.08383],[89.58232,25.08419],[89.58272,25.08437],[89.58293,25.08509],[89.58333,25.08508],[89.58333,25.08526],[89.58353,25.08526],[89.58354,25.0858],[89.58374,25.08579],[89.58377,25.08724],[89.58417,25.08741],[89.58418,25.08813],[89.58478,25.08812],[89.58479,25.08866],[89.58439,25.08867],[89.5844,25.08903],[89.5846,25.08903],[89.58461,25.08957],[89.58481,25.08957],[89.58482,25.09029],[89.58502,25.09028],[89.58502,25.08992],[89.58541,25.08992],[89.58542,25.0901],[89.58561,25.09009],[89.58542,25.09046],[89.58522,25.09046],[89.58523,25.09064],[89.58563,25.09082],[89.58563,25.091],[89.58583,25.09099],[89.58583,25.09117],[89.58603,25.09117],[89.58604,25.09135],[89.58623,25.09135],[89.58645,25.09206],[89.58665,25.09206],[89.58666,25.09296],[89.58647,25.09297],[89.58647,25.09333],[89.58687,25.0935],[89.58709,25.09422],[89.58729,25.09422],[89.58729,25.09458],[89.58749,25.09457],[89.58748,25.09403],[89.58728,25.09404],[89.58727,25.09367],[89.58708,25.09368],[89.58705,25.09223],[89.58685,25.09224],[89.58684,25.0917],[89.58664,25.0917],[89.58663,25.09116],[89.58643,25.09116],[89.58641,25.09044],[89.58622,25.09044],[89.5862,25.0899],[89.58601,25.08991],[89.586,25.08955],[89.5858,25.08955],[89.58578,25.08847],[89.58558,25.08847],[89.58557,25.08811],[89.58537,25.08811],[89.58537,25.08775],[89.58517,25.08775],[89.58516,25.08721],[89.58496,25.08722],[89.58495,25.08686],[89.58475,25.08686],[89.58475,25.0865],[89.58455,25.0865],[89.58453,25.08578],[89.58433,25.08578],[89.58433,25.08542],[89.58413,25.08543],[89.58412,25.08507],[89.58392,25.08507],[89.58391,25.08471],[89.58372,25.08471],[89.5837,25.08381],[89.5835,25.08381],[89.58349,25.08327],[89.58329,25.08327],[89.58327,25.08237],[89.58307,25.08238],[89.58306,25.08183],[89.58286,25.08184],[89.58285,25.0813],[89.58265,25.0813],[89.58264,25.08076],[89.58244,25.08076],[89.58243,25.08004],[89.58223,25.08004],[89.58222,25.07968],[89.58183,25.07969],[89.58182,25.07933],[89.58202,25.07933],[89.582,25.07842],[89.5818,25.07843],[89.58179,25.07771],[89.58159,25.07771],[89.58157,25.07681],[89.58137,25.07681],[89.58136,25.07645],[89.58156,25.07645],[89.58156,25.07627],[89.58136,25.07627],[89.5813,25.07356],[89.5815,25.07356],[89.58146,25.07157],[89.58166,25.07157],[89.58164,25.07085],[89.58184,25.07085],[89.58182,25.06976],[89.58202,25.06976],[89.58199,25.0685],[89.58219,25.06849],[89.58218,25.06795],[89.58237,25.06795],[89.58236,25.06723],[89.58256,25.06722],[89.58255,25.06668],[89.58274,25.06668],[89.58273,25.06596],[89.58293,25.06595],[89.58291,25.06505],[89.58311,25.06505],[89.58309,25.06451],[89.58329,25.0645],[89.58327,25.06324],[89.58346,25.06324],[89.58344,25.06233],[89.58364,25.06233],[89.58359,25.05962],[89.58378,25.05962],[89.58377,25.05908],[89.58397,25.05908],[89.58394,25.05781],[89.58414,25.05781],[89.58413,25.05745],[89.58433,25.05744],[89.58433,25.05708],[89.58452,25.05708],[89.58452,25.05672],[89.58471,25.05672],[89.5847,25.05599],[89.5849,25.05599],[89.58489,25.05563],[89.58509,25.05563],[89.58508,25.05509],[89.58527,25.05508],[89.58526,25.05418],[89.58565,25.05399],[89.58583,25.05327],[89.58603,25.05326],[89.58602,25.0529],[89.58641,25.05272],[89.5864,25.05217],[89.5866,25.05217],[89.58659,25.05181],[89.58698,25.05162],[89.58698,25.05144],[89.58718,25.05144],[89.58718,25.05126],[89.58737,25.05125],[89.58737,25.05107],[89.58757,25.05107],[89.58756,25.05089],[89.58776,25.05089],[89.58775,25.05035],[89.58795,25.05034],[89.58794,25.04998],[89.58873,25.04997],[89.58892,25.0496],[89.58912,25.0496],[89.58912,25.04942],[89.58951,25.04941],[89.58951,25.04905],[89.5899,25.04886],[89.5899,25.04868],[89.59009,25.04868],[89.59009,25.0485],[89.59068,25.04849],[89.59068,25.04831],[89.59108,25.0483],[89.59107,25.04812],[89.59147,25.04812],[89.59146,25.04793],[89.59186,25.04793],[89.59186,25.04775],[89.59225,25.04774],[89.59225,25.04756],[89.59284,25.04755],[89.59284,25.04737],[89.59324,25.04736],[89.59323,25.04718],[89.59363,25.04717],[89.59362,25.04699],[89.59402,25.04699],[89.59401,25.04663],[89.59441,25.04644],[89.5944,25.04626],[89.5946,25.04626],[89.5946,25.04607],[89.59499,25.04607],[89.59498,25.04571],[89.59538,25.04552],[89.59537,25.04534],[89.59616,25.04514],[89.59635,25.04478],[89.59655,25.04478],[89.59655,25.0446],[89.59674,25.04459],[89.59674,25.04441],[89.59694,25.04441],[89.59693,25.04423],[89.59733,25.04422],[89.59752,25.04386],[89.59772,25.04385],[89.59772,25.04367],[89.59791,25.04367],[89.59791,25.04349],[89.59811,25.04349],[89.5981,25.04331],[89.5983,25.0433],[89.5983,25.04312],[89.5985,25.04312],[89.59849,25.04294],[89.59869,25.04293],[89.59869,25.04275],[89.59888,25.04275],[89.59907,25.04203],[89.59946,25.04184],[89.59946,25.04166],[89.59965,25.04165],[89.59965,25.04129],[89.59984,25.04129],[89.59983,25.04075],[89.60003,25.04075],[89.60002,25.04038],[89.60022,25.04038],[89.6002,25.03948],[89.6004,25.03948],[89.6004,25.03929],[89.60079,25.03929],[89.60098,25.03892],[89.60118,25.03892],[89.60118,25.03874],[89.60138,25.03874],[89.60136,25.03819],[89.59938,25.03823],[89.59959,25.03859],[89.5992,25.03877],[89.5992,25.03895],[89.599,25.03896],[89.59901,25.0395],[89.59882,25.0395],[89.59882,25.03986],[89.59843,25.04005],[89.59844,25.04023],[89.59804,25.04024],[89.59785,25.0406],[89.59765,25.04061],[89.59765,25.04079],[89.59746,25.04079],[89.59746,25.04097],[89.59726,25.04097],[89.59727,25.04115],[89.59707,25.04116],[89.59707,25.04134],[89.59668,25.04135],[89.59649,25.04171],[89.59609,25.04172],[89.59609,25.0419],[89.59589,25.0419],[89.5959,25.04226],[89.59551,25.04245],[89.59551,25.04263],[89.59532,25.04263],[89.59532,25.04281],[89.59512,25.04282],[89.59494,25.04354],[89.59415,25.04392],[89.59397,25.04464],[89.59338,25.04465],[89.59338,25.04483],[89.59298,25.04484],[89.59299,25.0452],[89.5926,25.04539],[89.5926,25.04557],[89.59241,25.04557],[89.59241,25.04575],[89.59221,25.04576],[89.59222,25.04594],[89.59202,25.04594],[89.59202,25.04612],[89.59162,25.04613],[89.59143,25.04649],[89.59124,25.04649],[89.59124,25.04686],[89.59046,25.04705],[89.59026,25.04741],[89.59007,25.04742],[89.59007,25.0476],[89.58967,25.0476],[89.58948,25.04797],[89.5887,25.04816],[89.5887,25.04834],[89.5883,25.04835],[89.58831,25.04853],[89.58751,25.04836],[89.58751,25.04818],[89.58731,25.04819],[89.5873,25.04783],[89.5871,25.04783],[89.58708,25.04693],[89.58668,25.04675],[89.58646,25.04568],[89.58627,25.04568],[89.58625,25.04478],[89.58605,25.04478],[89.58604,25.04424],[89.58584,25.04424],[89.58583,25.0437],[89.58543,25.04353],[89.58521,25.04245],[89.58501,25.04245],[89.58499,25.04173],[89.5848,25.04173],[89.58478,25.04083],[89.58458,25.04083],[89.58455,25.03957],[89.58415,25.0394],[89.58417,25.0403],[89.58437,25.0403],[89.58439,25.04138],[89.58419,25.04138],[89.58421,25.04228],[89.58382,25.04247],[89.58362,25.04211],[89.58342,25.04212],[89.58341,25.04194],[89.58302,25.04194],[89.58301,25.04176],[89.58282,25.04177],[89.58259,25.04069],[89.58219,25.04052],[89.58219,25.04033],[89.58199,25.04034],[89.58198,25.0398],[89.58158,25.03962],[89.58157,25.03926],[89.58098,25.03927],[89.58098,25.03909],[89.58078,25.0391],[89.58079,25.03982],[89.58099,25.03981],[89.581,25.04017],[89.5812,25.04017],[89.5812,25.04035],[89.5814,25.04035],[89.58141,25.04107],[89.58122,25.04107],[89.58121,25.04071],[89.58081,25.04072],[89.58082,25.04108],[89.58043,25.04127],[89.58044,25.04181],[89.58084,25.04198],[89.58086,25.04307],[89.58106,25.04306],[89.58109,25.04451],[89.58089,25.04451],[89.5809,25.04487],[89.5807,25.04487],[89.58072,25.04559],[89.58091,25.04559],[89.58093,25.04613],[89.58112,25.04613],[89.58113,25.04649],[89.58133,25.04649],[89.58134,25.04685],[89.58174,25.04702],[89.58174,25.0472],[89.58194,25.0472],[89.58195,25.04756],[89.58214,25.04756],[89.58213,25.04683],[89.58233,25.04683],[89.58231,25.04593],[89.58251,25.04592],[89.5825,25.04574],[89.5821,25.04557],[89.58209,25.04503],[89.58189,25.04503],[89.58188,25.04431],[89.58208,25.04431],[89.58228,25.04467],[89.58248,25.04466],[89.58248,25.04484],[89.58268,25.04484],[89.58269,25.0452],[89.58309,25.04537],[89.5831,25.04573],[89.5835,25.04591],[89.5835,25.04609],[89.5837,25.04608],[89.5837,25.04626],[89.5839,25.04626],[89.58391,25.0468],[89.58352,25.04699],[89.58352,25.04717],[89.58392,25.04734],[89.58393,25.04789],[89.58433,25.04806],[89.58455,25.04878],[89.58475,25.04877],[89.58476,25.04932],[89.58495,25.04931],[89.58496,25.04967],[89.58536,25.04985],[89.58537,25.05003],[89.58556,25.05002],[89.58555,25.04948],[89.58575,25.04948],[89.58575,25.0493],[89.58614,25.04929],[89.58614,25.04893],[89.58673,25.04892],[89.58673,25.0491],[89.58634,25.04911],[89.58635,25.04947],[89.58654,25.04946],[89.58657,25.05073],[89.58617,25.05073],[89.58598,25.0511],[89.58579,25.0511],[89.58579,25.05128],[89.58559,25.05129],[89.58559,25.05147],[89.5854,25.05147],[89.5854,25.05165],[89.5852,25.05165],[89.58521,25.05183],[89.58501,25.05184],[89.58502,25.0522],[89.58482,25.0522],[89.58484,25.0531],[89.58444,25.05329],[89.58445,25.05365],[89.58425,25.05366],[89.58427,25.05438],[89.58407,25.05438],[89.58391,25.05619],[89.58371,25.05619],[89.58372,25.05673],[89.58353,25.05674],[89.58354,25.05728],[89.58334,25.05728],[89.58335,25.05764],[89.58315,25.05765],[89.58316,25.05819],[89.58296,25.05819],[89.58298,25.05927],[89.58279,25.05928],[89.58281,25.06018],[89.583,25.06018],[89.58301,25.06054],[89.58321,25.06053],[89.58321,25.06071],[89.58341,25.06071],[89.58342,25.06125],[89.58303,25.06126],[89.58303,25.06144],[89.58343,25.06143],[89.58344,25.06197],[89.58324,25.06198],[89.58325,25.06252],[89.58285,25.06252],[89.58286,25.06271],[89.58306,25.0627],[89.58306,25.06306],[89.58267,25.06307],[89.58266,25.06271],[89.58226,25.06272],[89.58229,25.06398],[89.58209,25.06398]],[[89.58517,25.08794],[89.58497,25.08794],[89.58497,25.08776],[89.58517,25.08775],[89.58517,25.08794]],[[89.58673,25.04874],[89.58692,25.04874],[89.58693,25.04892],[89.58673,25.04892],[89.58673,25.04874]],[[89.58269,25.06397],[89.5827,25.06451],[89.5825,25.06452],[89.5825,25.06434],[89.5823,25.06434],[89.58229,25.06398],[89.58269,25.06397]],[[89.5846,25.08885],[89.58499,25.08884],[89.585,25.0892],[89.5848,25.08921],[89.5846,25.08885]],[[89.58104,25.07068],[89.58144,25.07067],[89.58144,25.07085],[89.58105,25.07086],[89.58104,25.07068]],[[89.58289,25.06415],[89.58309,25.06415],[89.58309,25.06433],[89.58289,25.06433],[89.58289,25.06415]],[[89.58187,25.04395],[89.58167,25.04395],[89.58166,25.04359],[89.58147,25.0436],[89.58146,25.04324],[89.58126,25.04324],[89.58125,25.04252],[89.58144,25.04251],[89.58144,25.04233],[89.58184,25.04251],[89.58184,25.04269],[89.58204,25.04268],[89.58207,25.04413],[89.58187,25.04413],[89.58187,25.04395]],[[89.58462,25.04264],[89.58481,25.04264],[89.58502,25.04299],[89.58463,25.04318],[89.58462,25.04264]]]}},{"type":"Feature","properties":{"kind":"land","ha":17.0},"geometry":{"type":"Polygon","coordinates":[[[89.64031,25.04328],[89.64029,25.04274],[89.64049,25.04274],[89.64048,25.04238],[89.64068,25.04237],[89.64046,25.0413],[89.64066,25.04129],[89.64065,25.04093],[89.64085,25.04093],[89.64084,25.04057],[89.64025,25.04058],[89.64025,25.04076],[89.64005,25.04076],[89.64007,25.0413],[89.63987,25.04131],[89.63944,25.03987],[89.63983,25.03968],[89.63984,25.03986],[89.64142,25.03983],[89.64139,25.03839],[89.64099,25.03822],[89.64099,25.03804],[89.64079,25.03804],[89.64078,25.03768],[89.64058,25.03768],[89.64058,25.0375],[89.63444,25.03761],[89.63444,25.03779],[89.63523,25.03778],[89.63524,25.03796],[89.63563,25.03795],[89.63564,25.03813],[89.63603,25.03812],[89.63604,25.03831],[89.63643,25.0383],[89.63664,25.03866],[89.63684,25.03865],[89.63684,25.03883],[89.63704,25.03883],[89.63685,25.03919],[89.63665,25.0392],[89.63666,25.03974],[89.63726,25.03973],[89.63725,25.03919],[89.63764,25.03918],[89.63785,25.03954],[89.63805,25.03953],[89.63806,25.04007],[89.63846,25.04025],[89.63847,25.04079],[89.63867,25.04079],[89.63868,25.04115],[89.63887,25.04114],[89.63888,25.04168],[89.63908,25.04168],[89.63909,25.04204],[89.63949,25.04222],[89.63949,25.0424],[89.63969,25.04239],[89.63971,25.04311],[89.63991,25.04311],[89.63991,25.04329],[89.64031,25.04328]]]}},{"type":"Feature","properties":{"kind":"land","ha":63.0},"geometry":{"type":"Polygon","coordinates":[[[89.64774,25.05723],[89.64813,25.05722],[89.64812,25.05668],[89.64832,25.05668],[89.6483,25.05578],[89.6485,25.05577],[89.64849,25.05523],[89.64829,25.05523],[89.64828,25.05469],[89.64848,25.05469],[89.64846,25.05415],[89.64866,25.05414],[89.64865,25.05342],[89.64885,25.05342],[89.64883,25.05288],[89.64903,25.05287],[89.649,25.05161],[89.64881,25.05162],[89.64876,25.04945],[89.64856,25.04945],[89.64853,25.04819],[89.64834,25.04819],[89.64832,25.04747],[89.64852,25.04747],[89.64851,25.04693],[89.64871,25.04692],[89.64867,25.04512],[89.64886,25.04512],[89.64885,25.04458],[89.64905,25.04457],[89.64902,25.04313],[89.64922,25.04312],[89.64919,25.04204],[89.64939,25.04204],[89.64938,25.0415],[89.64977,25.04131],[89.64977,25.04113],[89.64997,25.04113],[89.64996,25.04095],[89.65016,25.04094],[89.65034,25.03986],[89.65053,25.03985],[89.65029,25.03769],[89.65009,25.03769],[89.65008,25.03733],[89.6489,25.03735],[89.6489,25.03754],[89.6491,25.03753],[89.6491,25.03771],[89.6489,25.03772],[89.64893,25.03898],[89.64913,25.03897],[89.64917,25.04078],[89.64897,25.04078],[89.64896,25.04024],[89.64856,25.04007],[89.64855,25.03971],[89.64835,25.03971],[89.64834,25.03899],[89.64794,25.03918],[89.64794,25.039],[89.64754,25.039],[89.64755,25.03936],[89.64716,25.03955],[89.64716,25.03937],[89.64696,25.03937],[89.64695,25.03901],[89.64615,25.03885],[89.64595,25.03849],[89.64575,25.03849],[89.64575,25.03831],[89.64555,25.03832],[89.64554,25.03778],[89.64514,25.03778],[89.64515,25.03814],[89.64495,25.03815],[89.64495,25.03833],[89.64416,25.03834],[89.64418,25.03924],[89.64398,25.03925],[89.64399,25.03961],[89.64379,25.03961],[89.6438,25.03979],[89.6436,25.0398],[89.6436,25.03962],[89.6434,25.03962],[89.64339,25.03908],[89.64378,25.03889],[89.64377,25.03835],[89.64337,25.03818],[89.64315,25.03746],[89.64216,25.03747],[89.6422,25.03928],[89.64181,25.03947],[89.64181,25.03965],[89.64221,25.03964],[89.64221,25.03982],[89.64241,25.03982],[89.64242,25.04018],[89.64222,25.04018],[89.64223,25.04072],[89.64203,25.04073],[89.64204,25.04109],[89.64184,25.04109],[89.64185,25.04145],[89.64165,25.04145],[89.6417,25.0438],[89.64151,25.0438],[89.64151,25.04398],[89.64191,25.04398],[89.64191,25.04416],[89.64211,25.04415],[89.64211,25.04433],[89.64191,25.04434],[89.64192,25.04452],[89.64132,25.04453],[89.64133,25.04471],[89.64113,25.04471],[89.64115,25.04561],[89.64155,25.04579],[89.64174,25.04542],[89.64194,25.04542],[89.64193,25.04524],[89.64213,25.04524],[89.64213,25.04506],[89.64233,25.04505],[89.64232,25.04469],[89.64271,25.0445],[89.64269,25.04378],[89.6425,25.04379],[89.64248,25.04324],[89.64288,25.04306],[89.64287,25.04288],[89.64307,25.04287],[89.64307,25.04305],[89.64347,25.04305],[89.64347,25.04287],[89.64367,25.04286],[89.64345,25.04214],[89.64325,25.04215],[89.64344,25.04178],[89.64304,25.04161],[89.64304,25.04125],[89.64343,25.04106],[89.64342,25.04088],[89.64362,25.04088],[89.64362,25.0407],[89.64382,25.04069],[89.64381,25.04051],[89.64401,25.04051],[89.64401,25.04033],[89.6452,25.04031],[89.64519,25.03995],[89.64558,25.03976],[89.64558,25.03958],[89.64676,25.03956],[89.64677,25.03974],[89.64736,25.03973],[89.64737,25.03991],[89.64756,25.03991],[89.64757,25.04027],[89.64737,25.04027],[89.64739,25.04099],[89.64779,25.04116],[89.6478,25.04153],[89.648,25.04152],[89.64801,25.04224],[89.64821,25.04224],[89.64822,25.04278],[89.64842,25.04278],[89.64843,25.0435],[89.64863,25.0435],[89.64864,25.04386],[89.64825,25.04404],[89.64825,25.04422],[89.64845,25.04422],[89.64848,25.04566],[89.64769,25.04568],[89.6477,25.0464],[89.64731,25.04659],[89.64732,25.04677],[89.64692,25.04678],[89.64692,25.0466],[89.64672,25.0466],[89.64671,25.04642],[89.64691,25.04641],[89.64688,25.04515],[89.64708,25.04515],[89.64707,25.04461],[89.64667,25.04461],[89.64647,25.04426],[89.64608,25.04444],[89.64608,25.04462],[89.64588,25.04463],[89.64589,25.04481],[89.64569,25.04481],[89.64569,25.04499],[89.64549,25.045],[89.64551,25.04554],[89.64531,25.04554],[89.64531,25.04572],[89.64492,25.04573],[89.64472,25.04609],[89.64453,25.0461],[89.64453,25.04628],[89.64433,25.04628],[89.64436,25.04736],[89.64476,25.04754],[89.64478,25.04844],[89.64497,25.04843],[89.64498,25.0488],[89.64478,25.0488],[89.6448,25.04952],[89.645,25.04952],[89.64501,25.05006],[89.64521,25.05006],[89.64521,25.05042],[89.64541,25.05041],[89.64543,25.05113],[89.64563,25.05113],[89.64564,25.05167],[89.64584,25.05167],[89.64585,25.05221],[89.64605,25.05221],[89.64606,25.05311],[89.64626,25.0531],[89.64627,25.05347],[89.64647,25.05346],[89.64648,25.05382],[89.64667,25.05382],[89.64669,25.05436],[89.64688,25.05436],[89.64688,25.054],[89.64707,25.05399],[89.64707,25.05363],[89.64726,25.05363],[89.64728,25.05417],[89.64747,25.05417],[89.64753,25.05687],[89.64773,25.05687],[89.64774,25.05723]],[[89.64773,25.05669],[89.64792,25.05669],[89.64793,25.05687],[89.64773,25.05687],[89.64773,25.05669]],[[89.64679,25.05003],[89.64639,25.04985],[89.64639,25.04967],[89.64619,25.04968],[89.64619,25.0495],[89.64599,25.0495],[89.64598,25.04932],[89.64579,25.04932],[89.64577,25.04878],[89.64597,25.04878],[89.64597,25.0486],[89.64636,25.04859],[89.64655,25.04823],[89.64695,25.0484],[89.64698,25.04966],[89.64718,25.04966],[89.64719,25.05038],[89.6468,25.05039],[89.64679,25.05003]],[[89.64494,25.04681],[89.64553,25.0468],[89.64554,25.04734],[89.64495,25.04735],[89.64494,25.04681]],[[89.64936,25.04041],[89.64976,25.04059],[89.64976,25.04077],[89.64937,25.04078],[89.64936,25.04041]]]}}]}