{"type":"FeatureCollection","features":[{"type":"Feature","properties":{"kind":"land","ha":5.9},"geometry":{"type":"Polygon","coordinates":[[[89.67203,25.42536],[89.67202,25.42481],[89.67182,25.42482],[89.67181,25.42428],[89.67161,25.42428],[89.6716,25.42392],[89.6714,25.42392],[89.67139,25.42356],[89.67199,25.42355],[89.67199,25.42373],[89.67239,25.42372],[89.67261,25.42444],[89.67301,25.42462],[89.67301,25.4248],[89.67321,25.42479],[89.67321,25.42497],[89.67341,25.42497],[89.67322,25.42533],[89.67382,25.42532],[89.67401,25.42496],[89.67441,25.42495],[89.6744,25.42459],[89.674,25.4246],[89.67398,25.42388],[89.67359,25.42388],[89.67358,25.4237],[89.67299,25.42371],[89.67278,25.42336],[89.67258,25.42336],[89.67258,25.42318],[89.67218,25.42319],[89.67218,25.42301],[89.67138,25.42302],[89.67138,25.42284],[89.67038,25.42286],[89.67039,25.42304],[89.66999,25.42305],[89.67,25.42341],[89.6702,25.4234],[89.67021,25.42376],[89.6704,25.42376],[89.67041,25.42394],[89.67061,25.42394],[89.67082,25.42466],[89.67122,25.42483],[89.67124,25.42537],[89.67203,25.42536]]]}},{"type":"Feature","properties":{"kind":"land","ha":14.0},"geometry":{"type":"Polygon","coordinates":[[[89.71852,25.4245],[89.71851,25.42432],[89.71811,25.42415],[89.71811,25.42397],[89.71791,25.42397],[89.71789,25.42325],[89.71889,25.42323],[89.71891,25.42413],[89.71871,25.42414],[89.71872,25.4245],[89.7217,25.42444],[89.72149,25.42409],[89.72129,25.42409],[89.72129,25.42391],[89.72109,25.42391],[89.72108,25.42373],[89.72089,25.42374],[89.72088,25.42338],[89.72108,25.42337],[89.72107,25.42301],[89.72146,25.42282],[89.72146,25.42264],[89.72166,25.42264],[89.72165,25.42246],[89.72205,25.42245],[89.72204,25.42227],[89.72145,25.42228],[89.72144,25.4221],[89.72105,25.42211],[89.72084,25.42175],[89.72064,25.42176],[89.72064,25.42158],[89.71984,25.42159],[89.71964,25.42123],[89.71924,25.42124],[89.71924,25.42106],[89.71745,25.42109],[89.71744,25.42091],[89.71665,25.42093],[89.71666,25.42129],[89.71646,25.42129],[89.71649,25.42273],[89.71689,25.42291],[89.7169,25.42327],[89.7173,25.42326],[89.7173,25.42344],[89.7175,25.42344],[89.71771,25.42416],[89.71791,25.42415],[89.71792,25.42451],[89.71852,25.4245]],[[89.71926,25.42232],[89.71986,25.42231],[89.71987,25.42285],[89.71928,25.42286],[89.71926,25.42232]]]}},{"type":"Feature","properties":{"kind":"land","ha":3.0},"geometry":{"type":"Polygon","coordinates":[[[89.68967,25.42323],[89.68967,25.42305],[89.68987,25.42304],[89.68986,25.42268],[89.68966,25.42269],[89.68965,25.42215],[89.68985,25.42214],[89.68984,25.42196],[89.69044,25.42195],[89.69043,25.42141],[89.69023,25.42141],[89.69022,25.42123],[89.68983,25.42124],[89.68982,25.42106],[89.68923,25.42107],[89.68923,25.42143],[89.68904,25.42144],[89.68904,25.42162],[89.68884,25.42162],[89.68884,25.42144],[89.68844,25.42145],[89.68844,25.42163],[89.68824,25.42163],[89.68847,25.42271],[89.68886,25.4227],[89.68907,25.42306],[89.68927,25.42306],[89.68927,25.42324],[89.68967,25.42323]]]}},{"type":"Feature","properties":{"kind":"land","ha":6.6},"geometry":{"type":"Polygon","coordinates":[[[89.74136,25.42408],[89.74136,25.42372],[89.74175,25.42371],[89.74176,25.42407],[89.74236,25.42406],[89.74235,25.42388],[89.74255,25.42387],[89.74253,25.42315],[89.74213,25.42298],[89.74212,25.42244],[89.74192,25.42244],[89.74191,25.42208],[89.74231,25.42207],[89.74233,25.4228],[89.74273,25.42279],[89.7427,25.42171],[89.7425,25.42171],[89.74247,25.42009],[89.74227,25.42009],[89.74225,25.41919],[89.74205,25.41919],[89.74204,25.41901],[89.74184,25.41902],[89.74188,25.42064],[89.74129,25.42065],[89.74128,25.42047],[89.74108,25.42047],[89.7411,25.42138],[89.7413,25.42137],[89.74131,25.42173],[89.74111,25.42174],[89.74112,25.42228],[89.74053,25.42229],[89.74053,25.42247],[89.74093,25.42246],[89.74095,25.42318],[89.74075,25.42319],[89.74076,25.42355],[89.74056,25.42355],[89.74056,25.42391],[89.74017,25.42392],[89.74017,25.4241],[89.74136,25.42408]]]}},{"type":"Feature","properties":{"kind":"land","ha":5.0},"geometry":{"type":"Polygon","coordinates":[[[89.73576,25.4222],[89.73574,25.42166],[89.73594,25.42165],[89.73592,25.42075],[89.73612,25.42075],[89.73611,25.4202],[89.7367,25.42019],[89.7367,25.42001],[89.7369,25.42001],[89.73688,25.41929],[89.73668,25.41929],[89.73668,25.41911],[89.73608,25.41912],[89.73608,25.41876],[89.73588,25.41877],[89.73587,25.41858],[89.73548,25.41859],[89.73529,25.41896],[89.73469,25.41897],[89.73469,25.41879],[89.73429,25.41879],[89.7343,25.41916],[89.7347,25.41933],[89.73474,25.42131],[89.73494,25.42131],[89.73493,25.42095],[89.73513,25.42095],[89.73513,25.42076],[89.73572,25.42075],[89.73553,25.42112],[89.73533,25.42112],[89.73535,25.42202],[89.73555,25.42202],[89.73556,25.4222],[89.73576,25.4222]]]}},{"type":"Feature","properties":{"kind":"land","ha":10.8},"geometry":{"type":"Polygon","coordinates":[[[89.71534,25.42456],[89.71533,25.42438],[89.71514,25.42438],[89.71512,25.42366],[89.71492,25.42367],[89.71491,25.42331],[89.71451,25.42313],[89.71451,25.42295],[89.71431,25.42296],[89.71431,25.42278],[89.71411,25.42278],[89.7141,25.4226],[89.7143,25.42259],[89.7143,25.42241],[89.71469,25.42241],[89.71469,25.42223],[89.71568,25.42221],[89.71569,25.42239],[89.71589,25.42239],[89.71606,25.4213],[89.71626,25.4213],[89.71625,25.42093],[89.71645,25.42093],[89.71645,25.42075],[89.71565,25.42077],[89.71564,25.42022],[89.71524,25.42005],[89.71523,25.41951],[89.71542,25.41951],[89.71542,25.41915],[89.71581,25.41896],[89.71581,25.41878],[89.71621,25.41895],[89.71621,25.41913],[89.71661,25.41912],[89.71661,25.4193],[89.71701,25.41912],[89.7168,25.41876],[89.7166,25.41876],[89.7166,25.41858],[89.7164,25.41859],[89.71639,25.41841],[89.71619,25.41841],[89.71619,25.41823],[89.71599,25.41823],[89.71599,25.41805],[89.71579,25.41806],[89.71579,25.41787],[89.71539,25.41788],[89.7154,25.41842],[89.7152,25.41843],[89.71522,25.41933],[89.71502,25.41933],[89.71504,25.41987],[89.71484,25.41988],[89.71485,25.42042],[89.71465,25.42042],[89.71466,25.42078],[89.71426,25.42097],[89.71427,25.42133],[89.71407,25.42134],[89.71409,25.42206],[89.71389,25.42206],[89.7139,25.42242],[89.7135,25.42243],[89.71331,25.42279],[89.71311,25.4228],[89.71312,25.42316],[89.71273,25.42335],[89.71273,25.42353],[89.71253,25.42353],[89.71235,25.42426],[89.71196,25.42444],[89.71196,25.42462],[89.71534,25.42456]]]}},{"type":"Feature","properties":{"kind":"land","ha":5.0},"geometry":{"type":"Polygon","coordinates":[[[89.68216,25.42517],[89.68214,25.42409],[89.68194,25.42409],[89.68193,25.42373],[89.68173,25.42373],[89.68172,25.42337],[89.68153,25.42338],[89.68151,25.42284],[89.68132,25.42284],[89.68131,25.42248],[89.68111,25.42248],[89.68089,25.4214],[89.68069,25.42141],[89.68068,25.42087],[89.68048,25.42087],[89.68046,25.41997],[89.68026,25.41997],[89.68023,25.41853],[89.68003,25.41853],[89.68004,25.41925],[89.67984,25.41926],[89.67989,25.42124],[89.68009,25.42124],[89.6801,25.42196],[89.6803,25.42196],[89.68031,25.4225],[89.68051,25.42249],[89.68052,25.42285],[89.68072,25.42285],[89.68073,25.42339],[89.68093,25.42339],[89.68094,25.42393],[89.68114,25.42393],[89.68116,25.42465],[89.68136,25.42464],[89.68137,25.42519],[89.68216,25.42517]]]}},{"type":"Feature","properties":{"kind":"land","ha":15.8},"geometry":{"type":"Polygon","coordinates":[[[89.72898,25.42142],[89.72897,25.42106],[89.72937,25.42087],[89.72936,25.42069],[89.72956,25.42069],[89.72956,25.42051],[89.73075,25.42049],[89.73075,25.42067],[89.73115,25.42066],[89.73115,25.42048],[89.73194,25.42046],[89.73194,25.42064],[89.73234,25.42064],[89.73234,25.42046],[89.73333,25.42044],[89.73334,25.42062],[89.73393,25.42061],[89.73394,25.42079],[89.73433,25.42078],[89.73433,25.4206],[89.73453,25.4206],[89.73452,25.42023],[89.73412,25.42006],[89.73411,25.41988],[89.73332,25.4199],[89.73311,25.41954],[89.73272,25.41955],[89.73252,25.41991],[89.73193,25.41992],[89.73193,25.4201],[89.73173,25.42011],[89.73173,25.41993],[89.73054,25.41995],[89.73053,25.41977],[89.72994,25.41978],[89.72994,25.41996],[89.72915,25.41997],[89.72915,25.42015],[89.72856,25.42016],[89.72853,25.41908],[89.72972,25.41906],[89.72971,25.41834],[89.7301,25.41815],[89.73009,25.41779],[89.73029,25.41779],[89.73008,25.41707],[89.72967,25.4169],[89.72946,25.41618],[89.72926,25.41618],[89.72924,25.41546],[89.72885,25.41547],[89.72885,25.41565],[89.72865,25.41565],[89.72868,25.41673],[89.72848,25.41674],[89.72849,25.4171],[89.72829,25.4171],[89.72849,25.41746],[89.72869,25.41746],[89.7287,25.41764],[89.72909,25.41763],[89.72911,25.41817],[89.72891,25.41817],[89.72891,25.41835],[89.72832,25.41836],[89.72832,25.41854],[89.72772,25.41856],[89.72773,25.41874],[89.72713,25.41875],[89.72694,25.41911],[89.72635,25.41912],[89.72634,25.41894],[89.72594,25.41895],[89.72594,25.41877],[89.72515,25.41878],[89.72514,25.4186],[89.72455,25.41862],[89.72454,25.41843],[89.72395,25.41845],[89.72394,25.41827],[89.72354,25.41827],[89.72354,25.41809],[89.72334,25.4181],[89.72334,25.41792],[89.72294,25.41792],[89.72273,25.41757],[89.72254,25.41757],[89.72253,25.41739],[89.72213,25.4174],[89.72214,25.41758],[89.72194,25.41758],[89.72195,25.41812],[89.72215,25.41812],[89.72215,25.4183],[89.72295,25.41846],[89.72296,25.41864],[89.72335,25.41864],[89.72336,25.41882],[89.72376,25.41881],[89.72376,25.41899],[89.72436,25.41898],[89.72436,25.41916],[89.72575,25.41913],[89.72575,25.41931],[89.72655,25.4193],[89.72655,25.41948],[89.72735,25.41947],[89.72736,25.42001],[89.72716,25.42001],[89.72717,25.42019],[89.72736,25.42019],[89.72738,25.42073],[89.72778,25.4209],[89.72778,25.42108],[89.72798,25.42108],[89.72798,25.42126],[89.72878,25.42124],[89.72878,25.42142],[89.72898,25.42142]]]}},{"type":"Feature","properties":{"kind":"land","ha":11.5},"geometry":{"type":"Polygon","coordinates":[[[89.63642,25.42365],[89.63641,25.42347],[89.63721,25.42346],[89.63679,25.42274],[89.63699,25.42274],[89.63697,25.42184],[89.63717,25.42183],[89.63716,25.42111],[89.63656,25.42112],[89.63656,25.42094],[89.63616,25.42095],[89.63614,25.41987],[89.63534,25.42006],[89.63533,25.41952],[89.63513,25.41952],[89.63514,25.4197],[89.63474,25.41971],[89.63433,25.419],[89.63353,25.41883],[89.63352,25.41847],[89.63372,25.41847],[89.63371,25.41793],[89.63391,25.41792],[89.63389,25.41738],[89.63349,25.41721],[89.63349,25.41703],[89.63309,25.41703],[89.63309,25.41685],[89.63249,25.41686],[89.6325,25.41704],[89.6323,25.41705],[89.63231,25.41741],[89.63211,25.41741],[89.63213,25.41831],[89.63233,25.41831],[89.63233,25.41849],[89.63273,25.41848],[89.63293,25.41884],[89.63333,25.41883],[89.63333,25.41902],[89.63353,25.41901],[89.63354,25.41955],[89.63374,25.41955],[89.63379,25.42153],[89.63399,25.42153],[89.634,25.42207],[89.6342,25.42207],[89.63419,25.42189],[89.63459,25.42188],[89.63459,25.42206],[89.63479,25.42206],[89.6348,25.42242],[89.6352,25.42259],[89.6352,25.42277],[89.6354,25.42277],[89.6354,25.42259],[89.6356,25.42258],[89.63559,25.42222],[89.63539,25.42223],[89.63539,25.42205],[89.63559,25.42204],[89.63557,25.42132],[89.63517,25.42115],[89.63517,25.42097],[89.63536,25.42096],[89.63536,25.42078],[89.63576,25.42078],[89.63596,25.42113],[89.63616,25.42113],[89.63617,25.42167],[89.63637,25.42167],[89.6364,25.42293],[89.6362,25.42293],[89.63621,25.42312],[89.63561,25.42313],[89.63582,25.42348],[89.63601,25.42348],[89.63602,25.42366],[89.63642,25.42365]]]}},{"type":"Feature","properties":{"kind":"land","ha":17.8},"geometry":{"type":"Polygon","coordinates":[[[89.70717,25.42363],[89.70716,25.42309],[89.70755,25.4229],[89.70755,25.42272],[89.70775,25.42272],[89.70774,25.42254],[89.70794,25.42253],[89.70794,25.42235],[89.70813,25.42235],[89.70813,25.42217],[89.70853,25.42216],[89.70872,25.4218],[89.70912,25.42179],[89.70911,25.42143],[89.70931,25.42142],[89.70929,25.42088],[89.70969,25.42069],[89.70968,25.42033],[89.70988,25.42033],[89.70986,25.41943],[89.70946,25.41944],[89.70945,25.41889],[89.70965,25.41889],[89.70964,25.41853],[89.70984,25.41853],[89.70983,25.41798],[89.71002,25.41798],[89.71001,25.41726],[89.70981,25.41726],[89.7098,25.41672],[89.709,25.41674],[89.709,25.41656],[89.7088,25.41656],[89.70879,25.41602],[89.70859,25.41602],[89.70859,25.41584],[89.70878,25.41584],[89.70878,25.41548],[89.70838,25.41548],[89.70838,25.41567],[89.70818,25.41567],[89.70819,25.41603],[89.70799,25.41603],[89.70801,25.41657],[89.7082,25.41657],[89.70821,25.41693],[89.70841,25.41693],[89.70822,25.41729],[89.70802,25.4173],[89.70803,25.41766],[89.70823,25.41765],[89.70824,25.41819],[89.70784,25.4182],[89.70786,25.41874],[89.70707,25.41912],[89.70689,25.41984],[89.70649,25.41985],[89.70649,25.42003],[89.70629,25.42004],[89.70611,25.42076],[89.70631,25.42076],[89.70632,25.42112],[89.70612,25.42112],[89.70612,25.4213],[89.70573,25.42131],[89.70573,25.42149],[89.70593,25.42149],[89.70594,25.42185],[89.70554,25.42185],[89.70535,25.42222],[89.70455,25.42223],[89.70476,25.42259],[89.70536,25.42258],[89.70536,25.42276],[89.70556,25.42276],[89.70594,25.42203],[89.70634,25.42202],[89.70637,25.42346],[89.70657,25.42346],[89.70657,25.42364],[89.70717,25.42363]],[[89.70769,25.42019],[89.70789,25.42019],[89.70788,25.41983],[89.70808,25.41982],[89.70807,25.41946],[89.70827,25.41946],[89.70826,25.4191],[89.70866,25.41909],[89.70867,25.41963],[89.70828,25.41982],[89.7083,25.4209],[89.70771,25.42091],[89.70769,25.42019]]]}},{"type":"Feature","properties":{"kind":"land","ha":10.4},"geometry":{"type":"Polygon","coordinates":[[[89.69716,25.4202],[89.69715,25.42002],[89.69755,25.42002],[89.69772,25.41857],[89.69752,25.41857],[89.69751,25.41821],[89.69731,25.41822],[89.69731,25.41803],[89.69711,25.41804],[89.6971,25.41768],[89.6967,25.41769],[89.69673,25.41913],[89.69654,25.41913],[89.69654,25.41949],[89.69635,25.4195],[89.69635,25.41968],[89.69595,25.41968],[89.69595,25.4195],[89.69575,25.41951],[89.69574,25.41897],[89.69534,25.41879],[89.69533,25.41861],[89.69513,25.41862],[89.69512,25.41789],[89.69472,25.41772],[89.69471,25.41754],[89.69451,25.41754],[89.69451,25.41736],[89.69431,25.41737],[89.69431,25.41719],[89.69411,25.41719],[89.69408,25.41593],[89.69348,25.41594],[89.69328,25.41558],[89.69308,25.41559],[89.69307,25.41541],[89.69288,25.41541],[89.69287,25.41523],[89.69367,25.41521],[89.69365,25.41449],[89.69325,25.41432],[89.69325,25.41414],[89.69364,25.41413],[89.69364,25.41395],[89.69324,25.41378],[89.69324,25.41396],[89.69284,25.41397],[89.69285,25.41415],[89.69245,25.41415],[89.69246,25.41451],[89.69266,25.41451],[89.69267,25.41505],[89.69227,25.41506],[89.69228,25.41542],[89.69268,25.41541],[89.69289,25.41613],[89.69329,25.4163],[89.69332,25.41739],[89.69292,25.41757],[89.69294,25.4183],[89.69334,25.41847],[89.69335,25.41865],[89.69394,25.41864],[89.69395,25.41882],[89.69434,25.41881],[89.69455,25.41917],[89.69475,25.41916],[89.69476,25.41953],[89.69495,25.41952],[89.69496,25.41988],[89.69556,25.41987],[89.69577,25.42023],[89.69716,25.4202]],[[89.69369,25.41648],[89.69389,25.41647],[89.6939,25.41665],[89.6937,25.41666],[89.69369,25.41648]]]}},{"type":"Feature","properties":{"kind":"land","ha":11.8},"geometry":{"type":"Polygon","coordinates":[[[89.68547,25.42186],[89.68546,25.42168],[89.68506,25.42151],[89.68505,25.42097],[89.68465,25.42079],[89.68443,25.42008],[89.68424,25.42008],[89.68423,25.41972],[89.68403,25.41972],[89.68402,25.41936],[89.68382,25.41936],[89.68381,25.41864],[89.684,25.41864],[89.684,25.41828],[89.6842,25.41828],[89.68419,25.41809],[89.68399,25.4181],[89.68398,25.41774],[89.68379,25.41774],[89.68378,25.41756],[89.68358,25.41756],[89.68356,25.41666],[89.68376,25.41666],[89.68375,25.4163],[89.68395,25.41629],[89.68394,25.41593],[89.68315,25.41595],[89.68314,25.41559],[89.68274,25.41541],[89.68253,25.4147],[89.68233,25.4147],[89.68231,25.4138],[89.68171,25.41381],[89.68152,25.41417],[89.68132,25.41418],[89.68133,25.41436],[89.68113,25.41436],[89.68114,25.41472],[89.68094,25.41472],[89.68095,25.41527],[89.68075,25.41527],[89.68076,25.41563],[89.68056,25.41563],[89.68057,25.416],[89.68137,25.41616],[89.68137,25.41634],[89.68157,25.41634],[89.68158,25.4167],[89.68198,25.41687],[89.68199,25.41741],[89.68219,25.41741],[89.6822,25.41777],[89.6826,25.41794],[89.68261,25.4183],[89.6828,25.4183],[89.68282,25.41902],[89.68302,25.41902],[89.68303,25.41938],[89.68323,25.41938],[89.68323,25.41956],[89.68343,25.41955],[89.68344,25.42009],[89.68384,25.42027],[89.68385,25.42081],[89.68426,25.42098],[89.68426,25.42116],[89.68446,25.42116],[89.68446,25.42134],[89.68466,25.42133],[89.68466,25.42152],[89.68486,25.42151],[89.68487,25.42169],[89.68507,25.42169],[89.68507,25.42187],[89.68547,25.42186]]]}},{"type":"Feature","properties":{"kind":"land","ha":8.6},"geometry":{"type":"Polygon","coordinates":[[[89.64939,25.41728],[89.64939,25.4171],[89.64959,25.4171],[89.64958,25.41674],[89.64997,25.41655],[89.64997,25.41637],[89.65057,25.41636],[89.65056,25.41618],[89.65017,25.41619],[89.65015,25.41564],[89.65055,25.41546],[89.65054,25.41528],[89.65214,25.41543],[89.65212,25.41489],[89.65193,25.41489],[89.65191,25.41417],[89.65211,25.41417],[89.6521,25.4138],[89.6517,25.41363],[89.6517,25.41345],[89.6515,25.41345],[89.65149,25.41327],[89.6511,25.41328],[89.65111,25.41382],[89.65091,25.41383],[89.65092,25.41419],[89.65052,25.41437],[89.65053,25.41455],[89.65013,25.41456],[89.65013,25.41474],[89.64934,25.41476],[89.64934,25.41458],[89.64914,25.41458],[89.64912,25.41386],[89.64852,25.41387],[89.64854,25.41459],[89.64815,25.41478],[89.64816,25.41514],[89.64835,25.41514],[89.64837,25.41586],[89.64817,25.41586],[89.64817,25.41604],[89.64837,25.41604],[89.64838,25.4164],[89.64818,25.4164],[89.6482,25.41712],[89.64879,25.41711],[89.6488,25.41729],[89.64939,25.41728]]]}},{"type":"Feature","properties":{"kind":"land","ha":8.9},"geometry":{"type":"Polygon","coordinates":[[[89.70539,25.41536],[89.70537,25.4141],[89.70576,25.41409],[89.70577,25.41445],[89.70637,25.41444],[89.70658,25.41516],[89.70698,25.41515],[89.70698,25.41533],[89.70738,25.41514],[89.70737,25.41496],[89.70757,25.41496],[89.70756,25.41424],[89.70775,25.41423],[89.70774,25.41369],[89.70695,25.41371],[89.70692,25.41244],[89.70712,25.41244],[89.70711,25.4119],[89.70691,25.4119],[89.7069,25.41172],[89.70631,25.41173],[89.7063,25.41155],[89.70591,25.41156],[89.70572,25.41192],[89.70493,25.41212],[89.70493,25.41248],[89.70454,25.41267],[89.70455,25.41303],[89.70415,25.41322],[89.70416,25.4134],[89.70396,25.4134],[89.70396,25.41358],[89.70416,25.41358],[89.70417,25.41394],[89.70457,25.41411],[89.70458,25.41429],[89.70477,25.41429],[89.70478,25.41465],[89.70458,25.41465],[89.70459,25.41501],[89.70439,25.41502],[89.7044,25.4152],[89.70499,25.41519],[89.705,25.41537],[89.70539,25.41536]],[[89.70656,25.41407],[89.70696,25.41407],[89.70696,25.41443],[89.70657,25.41444],[89.70656,25.41407]],[[89.70533,25.41247],[89.70573,25.41247],[89.70572,25.41229],[89.70612,25.41228],[89.70593,25.41264],[89.70533,25.41265],[89.70533,25.41247]]]}},{"type":"Feature","properties":{"kind":"land","ha":11.0},"geometry":{"type":"Polygon","coordinates":[[[89.75533,25.41786],[89.75532,25.4175],[89.75572,25.41749],[89.75572,25.41731],[89.75592,25.41731],[89.75591,25.41695],[89.75611,25.41694],[89.75609,25.4164],[89.75629,25.4164],[89.75628,25.41604],[89.75648,25.41603],[89.75647,25.41567],[89.75628,25.41568],[89.75627,25.41532],[89.75587,25.41532],[89.75587,25.41514],[89.75547,25.41515],[89.75547,25.41497],[89.75527,25.41497],[89.75527,25.41515],[89.75507,25.41516],[89.75508,25.41552],[89.75528,25.41551],[89.75528,25.4157],[89.75568,25.41569],[89.7557,25.41641],[89.7547,25.41643],[89.75464,25.41354],[89.75444,25.41355],[89.7544,25.41174],[89.7546,25.41174],[89.75458,25.41084],[89.75478,25.41083],[89.75476,25.41011],[89.75456,25.41011],[89.75455,25.40975],[89.75435,25.40976],[89.75417,25.41048],[89.75378,25.41067],[89.75379,25.41139],[89.7536,25.4114],[89.75361,25.41194],[89.75321,25.41212],[89.75326,25.41429],[89.75346,25.41429],[89.75347,25.41483],[89.75367,25.41482],[89.7537,25.41609],[89.7539,25.41608],[89.75391,25.41662],[89.75411,25.41662],[89.75413,25.41734],[89.75433,25.41734],[89.75434,25.4177],[89.75493,25.41769],[89.75494,25.41787],[89.75533,25.41786]],[[89.75452,25.41697],[89.75472,25.41697],[89.75472,25.41733],[89.75453,25.41733],[89.75452,25.41697]]]}},{"type":"Feature","properties":{"kind":"land","ha":3.6},"geometry":{"type":"Polygon","coordinates":[[[89.71829,25.41422],[89.71826,25.41314],[89.71806,25.41314],[89.71804,25.41206],[89.71784,25.41206],[89.71781,25.4108],[89.71742,25.41099],[89.71741,25.41063],[89.71721,25.41063],[89.71721,25.41045],[89.71681,25.41046],[89.71682,25.41064],[89.71662,25.41064],[89.71663,25.41136],[89.71683,25.41136],[89.71686,25.41244],[89.71705,25.41244],[89.71727,25.41315],[89.71747,25.41315],[89.71748,25.41351],[89.71788,25.41369],[89.71789,25.41405],[89.71808,25.41404],[89.71809,25.41422],[89.71829,25.41422]]]}},{"type":"Feature","properties":{"kind":"land","ha":32.6},"geometry":{"type":"Polygon","coordinates":[[[89.63227,25.42499],[89.63227,25.42481],[89.63207,25.42481],[89.63206,25.42445],[89.63186,25.42446],[89.63185,25.4241],[89.63205,25.42409],[89.63205,25.42391],[89.63245,25.4239],[89.63223,25.42319],[89.63203,25.42319],[89.63203,25.42283],[89.63242,25.42264],[89.63241,25.42228],[89.63321,25.42227],[89.63321,25.42263],[89.63341,25.42262],[89.6334,25.4219],[89.633,25.42173],[89.63299,25.42155],[89.63279,25.42155],[89.63279,25.42137],[89.63259,25.42137],[89.63258,25.42083],[89.63238,25.42084],[89.63237,25.42048],[89.63217,25.42048],[89.63216,25.41976],[89.63196,25.41976],[89.63191,25.41742],[89.63171,25.41742],[89.63165,25.41453],[89.63185,25.41453],[89.63178,25.41146],[89.63158,25.41147],[89.63159,25.41183],[89.63139,25.41183],[89.63141,25.41255],[89.63121,25.41256],[89.63122,25.4131],[89.63102,25.4131],[89.63102,25.41328],[89.63063,25.41329],[89.63061,25.41275],[89.63021,25.41257],[89.63021,25.41221],[89.63001,25.41222],[89.63,25.41204],[89.6298,25.41204],[89.62959,25.41132],[89.62919,25.41133],[89.6292,25.41187],[89.62881,25.41206],[89.62882,25.4126],[89.62902,25.41259],[89.62903,25.41296],[89.62923,25.41295],[89.62924,25.41349],[89.62944,25.41349],[89.62945,25.41385],[89.62964,25.41385],[89.62965,25.41403],[89.62925,25.41403],[89.62925,25.41385],[89.62865,25.41386],[89.62866,25.41441],[89.62886,25.4144],[89.62887,25.41494],[89.62927,25.41512],[89.62929,25.41584],[89.62969,25.41583],[89.62973,25.41764],[89.62993,25.41763],[89.62995,25.41871],[89.62975,25.41872],[89.62975,25.4189],[89.62995,25.4189],[89.62996,25.41908],[89.62976,25.41908],[89.62977,25.41962],[89.62997,25.41962],[89.62998,25.41998],[89.62978,25.41998],[89.62979,25.42034],[89.62959,25.42035],[89.62959,25.42071],[89.6294,25.42071],[89.6294,25.42089],[89.6296,25.42089],[89.62961,25.42143],[89.62981,25.42142],[89.62981,25.42161],[89.62961,25.42161],[89.62963,25.42233],[89.62983,25.42233],[89.62984,25.42269],[89.63004,25.42268],[89.63004,25.42305],[89.63024,25.42304],[89.63026,25.42376],[89.63046,25.42376],[89.63046,25.42412],[89.63087,25.42429],[89.63087,25.42447],[89.63107,25.42447],[89.63107,25.42465],[89.63127,25.42465],[89.63127,25.42483],[89.63167,25.42482],[89.63168,25.425],[89.63227,25.42499]],[[89.63124,25.4232],[89.63104,25.42321],[89.63102,25.42249],[89.63142,25.42248],[89.63163,25.42284],[89.63183,25.42283],[89.63183,25.42319],[89.63164,25.4232],[89.63164,25.42338],[89.63124,25.42338],[89.63124,25.4232]],[[89.63162,25.42248],[89.63182,25.42247],[89.63182,25.42265],[89.63162,25.42266],[89.63162,25.42248]],[[89.63084,25.41419],[89.63104,25.41418],[89.63105,25.41436],[89.63085,25.41437],[89.63084,25.41419]],[[89.62962,25.41258],[89.62982,25.41258],[89.62983,25.41312],[89.62963,25.41313],[89.62962,25.41258]]]}},{"type":"Feature","properties":{"kind":"land","ha":3.2},"geometry":{"type":"Polygon","coordinates":[[[89.63246,25.41524],[89.63244,25.41434],[89.63283,25.41415],[89.63282,25.41343],[89.63262,25.41343],[89.63259,25.41235],[89.63279,25.41235],[89.63276,25.41072],[89.63216,25.41073],[89.63217,25.41109],[89.63197,25.4111],[89.63197,25.41128],[89.63217,25.41128],[89.63218,25.41182],[89.63199,25.41182],[89.63206,25.41543],[89.63246,25.41524]]]}},{"type":"Feature","properties":{"kind":"land","ha":9.8},"geometry":{"type":"Polygon","coordinates":[[[89.64322,25.41685],[89.64322,25.41667],[89.64382,25.41666],[89.64381,25.41648],[89.64401,25.41648],[89.64399,25.41558],[89.64438,25.41539],[89.64438,25.41521],[89.64458,25.4152],[89.64458,25.41502],[89.64477,25.41502],[89.64477,25.41484],[89.64497,25.41484],[89.64496,25.41447],[89.64516,25.41447],[89.64515,25.41411],[89.64535,25.41411],[89.64535,25.41393],[89.64614,25.41391],[89.64614,25.41373],[89.64653,25.41372],[89.64655,25.41445],[89.64774,25.41442],[89.64773,25.41388],[89.64753,25.41389],[89.64753,25.41371],[89.64693,25.41372],[89.64694,25.4139],[89.64674,25.4139],[89.64673,25.41354],[89.64693,25.41354],[89.64692,25.41336],[89.64673,25.41336],[89.64671,25.41246],[89.6471,25.41227],[89.64709,25.41209],[89.64729,25.41209],[89.64729,25.41191],[89.64789,25.4119],[89.64788,25.41171],[89.64808,25.41171],[89.64807,25.41135],[89.64847,25.41116],[89.64846,25.4108],[89.64866,25.4108],[89.64864,25.41026],[89.64805,25.41027],[89.64805,25.41045],[89.64785,25.41045],[89.64786,25.41081],[89.64747,25.411],[89.64747,25.41118],[89.64727,25.41118],[89.64729,25.41173],[89.64709,25.41173],[89.64709,25.41191],[89.64669,25.41192],[89.6467,25.4121],[89.6457,25.41211],[89.64551,25.41248],[89.64531,25.41248],[89.64532,25.41266],[89.64512,25.41267],[89.64512,25.41285],[89.64493,25.41285],[89.64493,25.41303],[89.64473,25.41303],[89.64473,25.41322],[89.64434,25.41322],[89.64415,25.41359],[89.64395,25.41359],[89.64396,25.41431],[89.64357,25.4145],[89.64378,25.41522],[89.64339,25.41541],[89.6434,25.41559],[89.6432,25.41559],[89.6432,25.41577],[89.643,25.41577],[89.64301,25.41613],[89.64281,25.41614],[89.64283,25.41704],[89.64322,25.41685]]]}},{"type":"Feature","properties":{"kind":"land","ha":20.0},"geometry":{"type":"Polygon","coordinates":[[[89.62852,25.42614],[89.62851,25.42578],[89.62871,25.42578],[89.62869,25.42487],[89.62849,25.42488],[89.62848,25.42452],[89.62829,25.42452],[89.62828,25.42416],[89.62808,25.42416],[89.62807,25.42362],[89.62787,25.42363],[89.62785,25.4229],[89.62765,25.42291],[89.62764,25.42219],[89.62744,25.42219],[89.62743,25.42165],[89.62723,25.42165],[89.62722,25.42129],[89.62702,25.42129],[89.62701,25.42057],[89.62681,25.42058],[89.62678,25.41931],[89.62658,25.41932],[89.62656,25.41841],[89.62637,25.41842],[89.62637,25.41878],[89.62617,25.41878],[89.62616,25.41824],[89.62636,25.41824],[89.62634,25.41734],[89.62614,25.41734],[89.62613,25.4168],[89.62593,25.4168],[89.6259,25.41536],[89.6261,25.41535],[89.62605,25.41283],[89.62585,25.41283],[89.62582,25.41157],[89.62562,25.41157],[89.6256,25.41085],[89.62541,25.41085],[89.62539,25.41031],[89.6252,25.41032],[89.62519,25.40996],[89.62499,25.40996],[89.62501,25.41068],[89.6252,25.41068],[89.62521,25.41104],[89.62501,25.41104],[89.62504,25.41249],[89.62524,25.41248],[89.62525,25.41266],[89.62564,25.41266],[89.62566,25.41338],[89.62527,25.41356],[89.62529,25.41465],[89.62509,25.41465],[89.62514,25.417],[89.62534,25.41699],[89.62542,25.42078],[89.62562,25.42078],[89.62564,25.42186],[89.62584,25.42186],[89.62586,25.42276],[89.62606,25.42276],[89.62608,25.42348],[89.62628,25.42347],[89.62629,25.42401],[89.62649,25.42401],[89.6265,25.42455],[89.6267,25.42455],[89.62671,25.42509],[89.62691,25.42509],[89.62692,25.42545],[89.62711,25.42544],[89.62713,25.42617],[89.62852,25.42614]],[[89.6283,25.42506],[89.6285,25.42506],[89.6285,25.42542],[89.62831,25.42542],[89.6283,25.42506]],[[89.6264,25.42004],[89.6266,25.42004],[89.6266,25.42022],[89.6264,25.42022],[89.6264,25.42004]],[[89.62546,25.41356],[89.62586,25.41355],[89.62587,25.41373],[89.62547,25.41374],[89.62546,25.41356]]]}},{"type":"Feature","properties":{"kind":"land","ha":26.3},"geometry":{"type":"Polygon","coordinates":[[[89.66963,25.41565],[89.66962,25.41529],[89.66922,25.41512],[89.66922,25.41494],[89.66902,25.41494],[89.66901,25.4144],[89.66881,25.4144],[89.66897,25.41296],[89.66917,25.41295],[89.66917,25.41277],[89.66976,25.41276],[89.66996,25.4124],[89.66976,25.4124],[89.66975,25.41222],[89.66916,25.41223],[89.66916,25.41241],[89.66876,25.41242],[89.66876,25.41224],[89.66836,25.41225],[89.66836,25.41207],[89.66816,25.41207],[89.66815,25.41153],[89.66795,25.41153],[89.66794,25.41117],[89.66774,25.41117],[89.66773,25.41081],[89.66754,25.41082],[89.66752,25.41028],[89.66733,25.41028],[89.66732,25.4101],[89.66692,25.41011],[89.66672,25.40975],[89.66652,25.40975],[89.66651,25.40939],[89.66611,25.40922],[89.66611,25.40904],[89.66571,25.40905],[89.6655,25.40869],[89.6653,25.40869],[89.6653,25.40851],[89.6651,25.40852],[89.6651,25.40834],[89.6649,25.40834],[89.66491,25.4087],[89.66412,25.40889],[89.66413,25.40962],[89.66433,25.40961],[89.66434,25.40997],[89.66454,25.40997],[89.66454,25.41015],[89.66474,25.41015],[89.66475,25.41051],[89.66515,25.41068],[89.66516,25.41122],[89.66496,25.41123],[89.66497,25.41141],[89.66417,25.4116],[89.66417,25.41124],[89.66377,25.41107],[89.66376,25.41089],[89.66356,25.41089],[89.66356,25.41053],[89.66336,25.41053],[89.66335,25.41035],[89.66315,25.41036],[89.66315,25.40999],[89.66275,25.41],[89.66257,25.41073],[89.66237,25.41073],[89.66236,25.41055],[89.66197,25.41056],[89.66197,25.41092],[89.66238,25.41109],[89.66238,25.41145],[89.66258,25.41145],[89.66259,25.41163],[89.66298,25.41162],[89.66299,25.4118],[89.66319,25.4118],[89.6632,25.41234],[89.6634,25.41234],[89.6634,25.41252],[89.6638,25.41251],[89.664,25.41287],[89.6642,25.41286],[89.66421,25.41304],[89.6646,25.41304],[89.66461,25.41322],[89.66501,25.41321],[89.66501,25.41339],[89.66541,25.41338],[89.66541,25.41356],[89.66561,25.41356],[89.66562,25.4141],[89.66542,25.4141],[89.66543,25.41447],[89.66523,25.41447],[89.66523,25.41429],[89.66463,25.4143],[89.66464,25.41448],[89.66504,25.41465],[89.66504,25.41483],[89.66524,25.41483],[89.66524,25.41501],[89.66544,25.41501],[89.66545,25.41519],[89.66564,25.41518],[89.66565,25.41536],[89.66585,25.41536],[89.66585,25.41554],[89.66625,25.41553],[89.66623,25.41481],[89.66603,25.41482],[89.66603,25.41445],[89.66662,25.41444],[89.66662,25.41426],[89.66682,25.41426],[89.66682,25.41444],[89.66722,25.41443],[89.66722,25.41461],[89.66762,25.41461],[89.66783,25.41496],[89.66842,25.41495],[89.66843,25.41513],[89.66882,25.41513],[89.66884,25.41567],[89.66963,25.41565]],[[89.66562,25.41428],[89.66582,25.41428],[89.66583,25.41464],[89.66563,25.41464],[89.66562,25.41428]],[[89.66499,25.41249],[89.66479,25.41249],[89.66479,25.41231],[89.66459,25.41232],[89.66458,25.41195],[89.66478,25.41195],[89.66478,25.41213],[89.66538,25.41212],[89.66538,25.4123],[89.66558,25.4123],[89.66559,25.41284],[89.6652,25.41285],[89.66499,25.41249]]]}},{"type":"Feature","properties":{"kind":"land","ha":40.6},"geometry":{"type":"Polygon","coordinates":[[[89.65534,25.42566],[89.65534,25.42548],[89.65573,25.42547],[89.65574,25.42565],[89.65673,25.42563],[89.65651,25.42455],[89.6569,25.42437],[89.6569,25.42419],[89.6571,25.42418],[89.65709,25.42382],[89.65748,25.42363],[89.65748,25.42345],[89.65768,25.42345],[89.65767,25.42309],[89.65806,25.4229],[89.65806,25.42254],[89.65845,25.42235],[89.65863,25.42163],[89.65883,25.42162],[89.65882,25.42126],[89.65902,25.42126],[89.6592,25.42017],[89.65939,25.42017],[89.65936,25.41855],[89.65956,25.41854],[89.65954,25.41782],[89.65974,25.41782],[89.6597,25.41619],[89.6599,25.41619],[89.65986,25.41439],[89.66006,25.41438],[89.66005,25.41384],[89.65985,25.41384],[89.65982,25.41258],[89.66023,25.41276],[89.66023,25.41312],[89.66043,25.41311],[89.66044,25.41329],[89.66123,25.41346],[89.66144,25.41382],[89.66184,25.41381],[89.66205,25.41417],[89.66224,25.41416],[89.66225,25.41452],[89.66245,25.41452],[89.66245,25.4147],[89.66285,25.41469],[89.66286,25.41487],[89.66305,25.41487],[89.66284,25.41415],[89.66244,25.41398],[89.66243,25.4138],[89.66224,25.4138],[89.66202,25.41308],[89.66162,25.41291],[89.66162,25.41273],[89.66142,25.41273],[89.66141,25.41237],[89.66101,25.4122],[89.661,25.41184],[89.6606,25.41167],[89.6606,25.41148],[89.6604,25.41149],[89.66039,25.41131],[89.66,25.41132],[89.65999,25.41095],[89.65959,25.41078],[89.65958,25.4106],[89.65938,25.4106],[89.65938,25.41042],[89.65918,25.41043],[89.65918,25.41025],[89.65898,25.41025],[89.65897,25.41007],[89.65878,25.41007],[89.65877,25.40971],[89.65797,25.40955],[89.65776,25.40919],[89.65756,25.40919],[89.65754,25.40829],[89.65774,25.40829],[89.65774,25.40811],[89.65734,25.40811],[89.65735,25.40848],[89.65715,25.40848],[89.65717,25.4092],[89.65697,25.4092],[89.65699,25.41011],[89.65679,25.41011],[89.65683,25.41209],[89.65703,25.41209],[89.65705,25.41281],[89.65725,25.41281],[89.65726,25.41335],[89.65746,25.41335],[89.65748,25.41443],[89.65768,25.41443],[89.65776,25.41803],[89.65756,25.41804],[89.65758,25.41876],[89.65738,25.41876],[89.65738,25.41912],[89.65758,25.41912],[89.65759,25.4193],[89.65739,25.4193],[89.65743,25.42129],[89.65723,25.42129],[89.65724,25.42183],[89.65705,25.42184],[89.65705,25.4222],[89.65686,25.4222],[89.65687,25.42274],[89.65667,25.42275],[89.65668,25.42311],[89.65628,25.42329],[89.65629,25.42348],[89.65609,25.42348],[89.6561,25.42384],[89.6557,25.42403],[89.65571,25.42439],[89.65532,25.42458],[89.65532,25.42476],[89.65512,25.42476],[89.65513,25.42512],[89.65493,25.42512],[89.65494,25.42548],[89.65474,25.42549],[89.65475,25.42567],[89.65534,25.42566]],[[89.65894,25.41765],[89.65934,25.41782],[89.65935,25.41801],[89.65895,25.41801],[89.65894,25.41765]]]}},{"type":"Feature","properties":{"kind":"land","ha":31.1},"geometry":{"type":"Polygon","coordinates":[[[89.74052,25.41308],[89.74051,25.4129],[89.74012,25.41291],[89.73991,25.41255],[89.73971,25.41256],[89.73971,25.41238],[89.73951,25.41238],[89.73952,25.41274],[89.73892,25.41275],[89.73893,25.41311],[89.73933,25.41329],[89.73934,25.41365],[89.73954,25.41364],[89.73954,25.41382],[89.74053,25.41381],[89.74055,25.41435],[89.74114,25.41434],[89.74115,25.41452],[89.74135,25.41451],[89.74135,25.41487],[89.74155,25.41487],[89.74157,25.41577],[89.74177,25.41577],[89.74178,25.41631],[89.74198,25.41631],[89.74182,25.41811],[89.74202,25.41811],[89.74203,25.41829],[89.74242,25.41828],[89.74263,25.41864],[89.74283,25.41864],[89.74285,25.41972],[89.74305,25.41971],[89.74311,25.42206],[89.7437,25.42205],[89.74367,25.42079],[89.74387,25.42078],[89.74386,25.42024],[89.74406,25.42024],[89.74405,25.4197],[89.74385,25.4197],[89.74384,25.41934],[89.74364,25.41934],[89.74363,25.41898],[89.74343,25.41899],[89.74343,25.41862],[89.74362,25.41862],[89.74362,25.41826],[89.74401,25.41825],[89.74402,25.41861],[89.74422,25.41861],[89.74422,25.41879],[89.74462,25.4186],[89.74461,25.41824],[89.74501,25.41841],[89.74501,25.41823],[89.74521,25.41823],[89.7452,25.41787],[89.7454,25.41787],[89.74539,25.41751],[89.74479,25.41752],[89.7448,25.4177],[89.7444,25.4177],[89.74439,25.41752],[89.74479,25.41734],[89.74478,25.41697],[89.74498,25.41697],[89.74497,25.41679],[89.74576,25.4166],[89.74575,25.41605],[89.74535,25.41588],[89.74534,25.41552],[89.74514,25.41552],[89.74513,25.41498],[89.74553,25.4148],[89.74532,25.41444],[89.74552,25.41443],[89.74551,25.41407],[89.74571,25.41407],[89.7457,25.41389],[89.7459,25.41389],[89.74567,25.41245],[89.74547,25.41245],[89.74546,25.41173],[89.74526,25.41173],[89.74525,25.41137],[89.74545,25.41137],[89.74544,25.41083],[89.74524,25.41083],[89.74522,25.41011],[89.74502,25.41011],[89.74501,25.40975],[89.74521,25.40975],[89.74519,25.40885],[89.74499,25.40885],[89.74498,25.40849],[89.74479,25.40849],[89.74478,25.40813],[89.74458,25.40814],[89.74457,25.40777],[89.74437,25.40778],[89.74436,25.40742],[89.74417,25.40742],[89.74416,25.40706],[89.74396,25.40706],[89.74395,25.40652],[89.74375,25.40653],[89.74377,25.40743],[89.74397,25.40742],[89.74401,25.40923],[89.74421,25.40922],[89.74426,25.41139],[89.74386,25.4114],[89.74387,25.41176],[89.74407,25.41175],[89.74408,25.4123],[89.74368,25.4123],[89.74349,25.41267],[89.74329,25.41267],[89.7433,25.41285],[89.7431,25.41286],[89.7431,25.41322],[89.7435,25.41321],[89.74351,25.41357],[89.74272,25.41358],[89.74272,25.41376],[89.74232,25.41377],[89.74233,25.41413],[89.74253,25.41413],[89.74255,25.41485],[89.74274,25.41485],[89.74275,25.41503],[89.74315,25.41502],[89.74334,25.41466],[89.74353,25.41465],[89.74353,25.41429],[89.74412,25.41428],[89.74413,25.41446],[89.74433,25.41446],[89.74433,25.41482],[89.74413,25.41482],[89.74414,25.415],[89.74374,25.41501],[89.74355,25.41537],[89.74335,25.41538],[89.74336,25.41592],[89.74297,25.41611],[89.74298,25.41629],[89.74258,25.41629],[89.74237,25.41594],[89.74217,25.41594],[89.74217,25.41576],[89.74197,25.41576],[89.74197,25.41558],[89.74177,25.41559],[89.74173,25.41378],[89.74133,25.41361],[89.74132,25.41343],[89.74112,25.41343],[89.7411,25.41253],[89.7409,25.41254],[89.74088,25.41163],[89.74068,25.41164],[89.74067,25.4111],[89.74047,25.4111],[89.7405,25.41218],[89.7407,25.41218],[89.74072,25.41308],[89.74052,25.41308]],[[89.74092,25.41308],[89.74092,25.41326],[89.74072,25.41326],[89.74072,25.41308],[89.74092,25.41308]],[[89.74511,25.41408],[89.74512,25.41426],[89.74472,25.41427],[89.74471,25.41409],[89.74511,25.41408]],[[89.74452,25.41409],[89.74451,25.41373],[89.7449,25.41372],[89.74471,25.41409],[89.74452,25.41409]],[[89.74073,25.41344],[89.74092,25.41344],[89.74093,25.41362],[89.74073,25.41362],[89.74073,25.41344]]]}},{"type":"Feature","properties":{"kind":"land","ha":6.4},"geometry":{"type":"Polygon","coordinates":[[[89.69675,25.41101],[89.69675,25.41083],[89.69655,25.41083],[89.69654,25.41047],[89.69614,25.41048],[89.69614,25.41012],[89.69653,25.40993],[89.69652,25.40939],[89.69691,25.4092],[89.69691,25.40902],[89.69711,25.40901],[89.6971,25.40883],[89.6973,25.40883],[89.6973,25.40865],[89.69749,25.40865],[89.69749,25.40847],[89.69809,25.40845],[89.69809,25.40864],[89.69829,25.40863],[89.6983,25.40899],[89.69909,25.4088],[89.69928,25.40843],[89.69948,25.40843],[89.69947,25.40825],[89.69967,25.40825],[89.69967,25.40806],[89.70007,25.40806],[89.70026,25.40769],[89.70045,25.40769],[89.70045,25.40751],[89.70065,25.40751],[89.70083,25.40678],[89.70004,25.40679],[89.69985,25.40716],[89.69965,25.40716],[89.69965,25.40734],[89.69906,25.40735],[89.69906,25.40753],[89.69866,25.40754],[89.69867,25.40772],[89.69827,25.40773],[89.69827,25.40791],[89.69788,25.40792],[89.69788,25.4081],[89.69748,25.40811],[89.69749,25.40829],[89.69709,25.40829],[89.69709,25.40847],[89.6967,25.40848],[89.6967,25.40866],[89.6963,25.40867],[89.69611,25.40903],[89.69572,25.40904],[89.69552,25.4094],[89.69533,25.40941],[89.69533,25.40959],[89.69513,25.40959],[89.69514,25.40977],[89.69494,25.40978],[89.69495,25.41032],[89.69534,25.41013],[89.69555,25.41049],[89.69575,25.41048],[89.69575,25.41066],[89.69595,25.41066],[89.69596,25.41102],[89.69636,25.41101],[89.69636,25.41119],[89.69675,25.41101]],[[89.69615,25.41066],[89.69635,25.41065],[89.69635,25.41083],[89.69615,25.41084],[89.69615,25.41066]]]}},{"type":"Feature","properties":{"kind":"land","ha":30.2},"geometry":{"type":"Polygon","coordinates":[[[89.69866,25.41657],[89.69865,25.41602],[89.69885,25.41602],[89.69884,25.41566],[89.69904,25.41566],[89.69904,25.41548],[89.69944,25.41565],[89.69944,25.41547],[89.70023,25.41545],[89.70024,25.416],[89.70044,25.41599],[89.70045,25.41635],[89.70104,25.41634],[89.70104,25.41598],[89.70124,25.41598],[89.70123,25.4158],[89.70064,25.41581],[89.70063,25.41545],[89.70083,25.41544],[89.70082,25.41526],[89.70062,25.41527],[89.7006,25.41418],[89.70099,25.414],[89.70099,25.41382],[89.70119,25.41381],[89.70118,25.41345],[89.70138,25.41345],[89.70135,25.41219],[89.70155,25.41218],[89.70154,25.41182],[89.70194,25.41181],[89.70195,25.41217],[89.70234,25.41217],[89.70235,25.41235],[89.70255,25.41234],[89.70254,25.41216],[89.70314,25.41215],[89.70313,25.41197],[89.70353,25.41196],[89.70372,25.4116],[89.70412,25.41159],[89.70431,25.41123],[89.70451,25.41122],[89.7045,25.41104],[89.7047,25.41104],[89.7047,25.41086],[89.7049,25.41086],[89.70489,25.41068],[89.70509,25.41067],[89.70508,25.41031],[89.70548,25.41012],[89.70547,25.40994],[89.70567,25.40994],[89.70566,25.40958],[89.70606,25.40939],[89.70605,25.40921],[89.70665,25.4092],[89.70665,25.40938],[89.70685,25.40938],[89.70687,25.4101],[89.70707,25.41009],[89.70704,25.40901],[89.70684,25.40902],[89.70683,25.40865],[89.70664,25.40866],[89.70663,25.4083],[89.70643,25.4083],[89.70642,25.40776],[89.70602,25.40795],[89.70603,25.40813],[89.70563,25.40814],[89.70544,25.4085],[89.70465,25.4087],[89.70446,25.40906],[89.70406,25.40907],[89.70387,25.40943],[89.70347,25.40944],[89.70328,25.4098],[89.70309,25.40981],[89.70309,25.40999],[89.70289,25.40999],[89.7029,25.41035],[89.70251,25.41054],[89.70251,25.41072],[89.70211,25.41073],[89.70211,25.41055],[89.70231,25.41054],[89.70228,25.40946],[89.70248,25.40946],[89.70247,25.4091],[89.70287,25.40891],[89.70286,25.40873],[89.70306,25.40872],[89.70306,25.40854],[89.70326,25.40854],[89.70325,25.40818],[89.70364,25.40799],[89.70364,25.40781],[89.70384,25.40781],[89.70383,25.40763],[89.70423,25.40762],[89.70422,25.40744],[89.70442,25.40744],[89.70461,25.40671],[89.70441,25.40671],[89.70441,25.40689],[89.70401,25.4069],[89.70402,25.40708],[89.70342,25.40709],[89.70342,25.40691],[89.70322,25.40692],[89.70303,25.40728],[89.70323,25.40728],[89.70324,25.40764],[89.70284,25.40783],[89.70285,25.40801],[89.70245,25.40801],[89.70244,25.40783],[89.70185,25.40784],[89.70166,25.40821],[89.70146,25.40821],[89.70146,25.40839],[89.70127,25.4084],[89.70131,25.4102],[89.70111,25.4102],[89.70111,25.41057],[89.70131,25.41056],[89.70132,25.41074],[89.70112,25.41075],[89.70115,25.41201],[89.70095,25.41201],[89.70097,25.41309],[89.70077,25.4131],[89.70078,25.41328],[89.70038,25.41329],[89.70036,25.41238],[89.70016,25.41239],[89.70016,25.41221],[89.70036,25.4122],[89.70034,25.41148],[89.69974,25.41149],[89.69976,25.41221],[89.69936,25.41222],[89.69937,25.4124],[89.69917,25.41241],[89.69918,25.41295],[89.69898,25.41295],[89.69919,25.41331],[89.69879,25.41332],[89.6986,25.41368],[89.6984,25.41368],[89.69841,25.41386],[89.69821,25.41387],[89.69821,25.41405],[89.69722,25.41407],[89.69722,25.41425],[89.69682,25.41425],[89.69682,25.41407],[89.69642,25.41408],[89.69645,25.41516],[89.69625,25.41517],[89.69626,25.41553],[89.69666,25.4157],[89.69666,25.41588],[89.69746,25.41587],[89.69766,25.41622],[89.69806,25.41622],[89.69807,25.4164],[89.69826,25.41639],[89.69827,25.41657],[89.69866,25.41657]]]}},{"type":"Feature","properties":{"kind":"land","ha":3.6},"geometry":{"type":"Polygon","coordinates":[[[89.705,25.40652],[89.70499,25.40634],[89.70539,25.40634],[89.70539,25.40615],[89.70559,25.40615],[89.70558,25.40579],[89.70597,25.4056],[89.70597,25.40542],[89.70617,25.40542],[89.70615,25.40488],[89.70576,25.40488],[89.70555,25.40453],[89.70535,25.40453],[89.70535,25.40435],[89.70495,25.40436],[89.70476,25.40472],[89.70456,25.40473],[89.70457,25.40491],[89.70397,25.40492],[89.70397,25.4051],[89.70358,25.40511],[89.70358,25.40529],[89.70338,25.40529],[89.70339,25.40565],[89.70299,25.40566],[89.703,25.40584],[89.70478,25.4058],[89.70479,25.40599],[89.70459,25.40599],[89.7046,25.40635],[89.7048,25.40635],[89.7048,25.40653],[89.705,25.40652]]]}},{"type":"Feature","properties":{"kind":"land","ha":9.9},"geometry":{"type":"Polygon","coordinates":[[[89.71719,25.40955],[89.71718,25.40937],[89.71738,25.40936],[89.71738,25.40918],[89.71758,25.40918],[89.71757,25.409],[89.71777,25.40899],[89.71776,25.40845],[89.71736,25.40846],[89.71736,25.40828],[89.71716,25.40828],[89.71695,25.40757],[89.71675,25.40757],[89.7167,25.40559],[89.7165,25.40559],[89.71645,25.40342],[89.71626,25.40343],[89.71626,25.40361],[89.71606,25.40361],[89.71608,25.40433],[89.71628,25.40433],[89.71628,25.40469],[89.71589,25.4047],[89.71591,25.40578],[89.71552,25.40597],[89.71552,25.40615],[89.71532,25.40615],[89.71533,25.40633],[89.71513,25.40634],[89.71513,25.40652],[89.71474,25.40652],[89.71474,25.4067],[89.71454,25.40671],[89.71455,25.40725],[89.71435,25.40725],[89.71436,25.40761],[89.71416,25.40762],[89.71418,25.40816],[89.71438,25.40815],[89.71438,25.40834],[89.71478,25.40833],[89.71498,25.40869],[89.71518,25.40868],[89.71519,25.40886],[89.71598,25.40903],[89.71599,25.40921],[89.71639,25.4092],[89.71639,25.40938],[89.71679,25.40937],[89.7168,25.40973],[89.71719,25.40955]]]}},{"type":"Feature","properties":{"kind":"land","ha":3.0},"geometry":{"type":"Polygon","coordinates":[[[89.74789,25.40519],[89.74789,25.40501],[89.74809,25.405],[89.74808,25.40464],[89.74828,25.40464],[89.74806,25.40392],[89.74826,25.40392],[89.74825,25.40337],[89.74745,25.40339],[89.74744,25.40285],[89.74704,25.40267],[89.74704,25.40286],[89.74684,25.40286],[89.74683,25.40232],[89.74643,25.40233],[89.74645,25.40287],[89.74665,25.40286],[89.74667,25.40395],[89.74707,25.40394],[89.74708,25.40466],[89.74728,25.40466],[89.74729,25.40502],[89.74749,25.40501],[89.74749,25.40519],[89.74789,25.40519]]]}},{"type":"Feature","properties":{"kind":"land","ha":5.7},"geometry":{"type":"Polygon","coordinates":[[[89.71814,25.40772],[89.7181,25.40574],[89.7183,25.40574],[89.71828,25.40519],[89.71848,25.40519],[89.71847,25.40465],[89.71867,25.40465],[89.71866,25.40429],[89.71886,25.40428],[89.71885,25.40374],[89.71845,25.40357],[89.71823,25.40285],[89.71803,25.40285],[89.71803,25.40267],[89.71823,25.40267],[89.71822,25.40231],[89.71802,25.40231],[89.71801,25.40177],[89.71781,25.40177],[89.7178,25.40141],[89.7176,25.40142],[89.71741,25.40178],[89.71721,25.40179],[89.71722,25.40197],[89.71702,25.40197],[89.71704,25.40287],[89.71724,25.40287],[89.71726,25.40395],[89.71746,25.40395],[89.71747,25.40449],[89.71767,25.40448],[89.7177,25.40575],[89.7175,25.40575],[89.71752,25.40665],[89.71772,25.40665],[89.71774,25.40737],[89.71793,25.40737],[89.71794,25.40773],[89.71814,25.40772]]]}},{"type":"Feature","properties":{"kind":"land","ha":3.4},"geometry":{"type":"Polygon","coordinates":[[[89.70075,25.40317],[89.70074,25.40281],[89.70094,25.40281],[89.70089,25.40064],[89.70069,25.40065],[89.70069,25.40047],[89.70029,25.40047],[89.7003,25.40065],[89.7001,25.40066],[89.69992,25.40138],[89.69972,25.40139],[89.69973,25.40193],[89.69953,25.40193],[89.69955,25.40283],[89.69975,25.40283],[89.69976,25.40319],[89.69996,25.40319],[89.69996,25.40337],[89.70075,25.40317]]]}},{"type":"Feature","properties":{"kind":"land","ha":3.7},"geometry":{"type":"Polygon","coordinates":[[[89.68264,25.40206],[89.68263,25.40152],[89.68283,25.40151],[89.68281,25.40061],[89.68261,25.40062],[89.68261,25.40044],[89.68281,25.40043],[89.6828,25.40007],[89.6826,25.40008],[89.68259,25.39971],[89.6814,25.39974],[89.6814,25.39992],[89.68101,25.39992],[89.68101,25.4001],[89.68081,25.40011],[89.68082,25.40047],[89.68062,25.40047],[89.68063,25.40083],[89.68103,25.40101],[89.68103,25.40119],[89.68084,25.40119],[89.68084,25.40155],[89.68065,25.40155],[89.68065,25.40192],[89.68105,25.40191],[89.68124,25.40154],[89.68144,25.40154],[89.68143,25.40118],[89.68183,25.40117],[89.68183,25.40099],[89.68202,25.40099],[89.68223,25.40135],[89.68243,25.40134],[89.68244,25.40188],[89.68224,25.40189],[89.68225,25.40207],[89.68264,25.40206]]]}},{"type":"Feature","properties":{"kind":"land","ha":3.2},"geometry":{"type":"Polygon","coordinates":[[[89.72557,25.40235],[89.72556,25.40199],[89.72576,25.40199],[89.72573,25.40036],[89.72553,25.40037],[89.72551,25.39983],[89.72511,25.39965],[89.72511,25.39947],[89.72491,25.39948],[89.72491,25.3993],[89.72471,25.3993],[89.7247,25.39894],[89.7245,25.39894],[89.7245,25.39876],[89.7241,25.39877],[89.72411,25.39913],[89.72391,25.39913],[89.72392,25.39968],[89.72412,25.39967],[89.72413,25.40003],[89.72433,25.40003],[89.72434,25.40039],[89.72473,25.40038],[89.72474,25.40074],[89.72494,25.40074],[89.72495,25.40128],[89.72515,25.40128],[89.72517,25.40218],[89.72537,25.40218],[89.72537,25.40236],[89.72557,25.40235]],[[89.72431,25.39949],[89.72451,25.39948],[89.72452,25.39966],[89.72432,25.39967],[89.72431,25.39949]]]}},{"type":"Feature","properties":{"kind":"land","ha":17.1},"geometry":{"type":"Polygon","coordinates":[[[89.69201,25.41236],[89.6922,25.41199],[89.6924,25.41199],[89.6924,25.41181],[89.6928,25.4118],[89.69279,25.41162],[89.69299,25.41162],[89.69299,25.41144],[89.69279,25.41144],[89.69278,25.41108],[89.69238,25.41091],[89.69237,25.41073],[89.69218,25.41073],[89.69217,25.41055],[89.69197,25.41055],[89.69197,25.41037],[89.69157,25.41038],[89.69157,25.4102],[89.69137,25.4102],[89.69156,25.40984],[89.69176,25.40983],[89.69175,25.40965],[89.69135,25.40948],[89.69135,25.4093],[89.69115,25.4093],[89.69115,25.40912],[89.69095,25.40913],[89.69094,25.40895],[89.69055,25.40895],[89.69054,25.40859],[89.69014,25.40842],[89.69013,25.40824],[89.68993,25.40824],[89.68972,25.40753],[89.68952,25.40753],[89.68951,25.40699],[89.68931,25.40699],[89.68928,25.40573],[89.68908,25.40573],[89.68908,25.40537],[89.68888,25.40537],[89.68887,25.40519],[89.68867,25.4052],[89.68844,25.40376],[89.68825,25.40376],[89.68823,25.40322],[89.68803,25.40322],[89.68802,25.40268],[89.68822,25.40268],[89.68821,25.40232],[89.68801,25.40232],[89.688,25.40178],[89.6878,25.40178],[89.68779,25.40124],[89.68759,25.40125],[89.68758,25.40053],[89.68738,25.40053],[89.68731,25.39728],[89.68711,25.39729],[89.68714,25.39873],[89.68694,25.39873],[89.68703,25.40252],[89.68722,25.40252],[89.68726,25.40396],[89.68746,25.40396],[89.68748,25.40486],[89.68767,25.40486],[89.68769,25.4054],[89.68788,25.40539],[89.6879,25.40593],[89.68809,25.40593],[89.68811,25.40647],[89.68851,25.40665],[89.68851,25.40683],[89.68871,25.40682],[89.68893,25.40754],[89.68912,25.40754],[89.68913,25.4079],[89.68933,25.40789],[89.68934,25.40843],[89.68954,25.40843],[89.68955,25.40879],[89.68975,25.40879],[89.68979,25.41077],[89.68999,25.41077],[89.69,25.41113],[89.6902,25.41113],[89.69021,25.41149],[89.6904,25.41148],[89.69041,25.41184],[89.69081,25.41202],[89.69082,25.41238],[89.69201,25.41236]],[[89.69098,25.41075],[89.69118,25.41075],[89.69119,25.41093],[89.69099,25.41093],[89.69098,25.41075]]]}},{"type":"Feature","properties":{"kind":"land","ha":4.6},"geometry":{"type":"Polygon","coordinates":[[[89.71923,25.40301],[89.71914,25.39904],[89.71894,25.39905],[89.71892,25.39832],[89.71873,25.39833],[89.71871,25.39779],[89.71851,25.39779],[89.71849,25.39653],[89.71829,25.39653],[89.71828,25.39617],[89.71808,25.39617],[89.71813,25.39852],[89.71833,25.39852],[89.71834,25.39888],[89.71814,25.39888],[89.71819,25.40087],[89.71838,25.40086],[89.71839,25.40122],[89.71859,25.40122],[89.7186,25.40158],[89.7188,25.40158],[89.71881,25.40212],[89.71901,25.40211],[89.71903,25.40302],[89.71923,25.40301]]]}},{"type":"Feature","properties":{"kind":"land","ha":30.9},"geometry":{"type":"Polygon","coordinates":[[[89.63449,25.39896],[89.63448,25.39878],[89.63468,25.39878],[89.63468,25.3986],[89.63488,25.39859],[89.63487,25.39805],[89.63506,25.39805],[89.63504,25.39715],[89.63524,25.39714],[89.63524,25.39678],[89.63543,25.39678],[89.63543,25.39642],[89.63582,25.39623],[89.636,25.3955],[89.6362,25.3955],[89.63619,25.39514],[89.63639,25.39514],[89.63638,25.39477],[89.63658,25.39477],[89.63657,25.39441],[89.63677,25.39441],[89.63677,25.39405],[89.63696,25.39404],[89.63696,25.39368],[89.63716,25.39368],[89.63715,25.39332],[89.63754,25.39313],[89.63733,25.39277],[89.63654,25.39297],[89.63635,25.39333],[89.63615,25.39334],[89.63616,25.39352],[89.63596,25.39352],[89.63597,25.39388],[89.63557,25.39407],[89.63558,25.39443],[89.63519,25.39462],[89.63501,25.39534],[89.63481,25.39534],[89.63481,25.39571],[89.63462,25.39571],[89.63462,25.39607],[89.63423,25.39626],[89.63424,25.39662],[89.63385,25.39681],[89.63385,25.39699],[89.63365,25.39699],[89.63365,25.39717],[89.63346,25.39717],[89.63327,25.3979],[89.63307,25.3979],[89.63308,25.39808],[89.63268,25.39809],[89.63269,25.39863],[89.6323,25.39882],[89.63212,25.39954],[89.63172,25.39973],[89.63173,25.40027],[89.63154,25.40028],[89.63154,25.40064],[89.63135,25.40064],[89.63135,25.401],[89.63115,25.40101],[89.63117,25.40173],[89.63097,25.40173],[89.63098,25.40191],[89.63157,25.4019],[89.63158,25.40244],[89.63119,25.40263],[89.6312,25.40299],[89.6314,25.40299],[89.6314,25.40335],[89.6316,25.40334],[89.63161,25.4037],[89.63141,25.40371],[89.63144,25.40479],[89.63163,25.40479],[89.63164,25.40515],[89.63184,25.40514],[89.63185,25.40569],[89.63145,25.40569],[89.63125,25.40534],[89.63105,25.40534],[89.63104,25.40498],[89.63064,25.4048],[89.63064,25.40462],[89.63024,25.40463],[89.63024,25.40481],[89.63004,25.40482],[89.63025,25.40517],[89.63045,25.40517],[89.63046,25.40553],[89.63066,25.40553],[89.63067,25.40607],[89.63087,25.40606],[89.63088,25.40661],[89.63108,25.4066],[89.63108,25.40696],[89.63089,25.40697],[89.63089,25.40715],[89.63029,25.40716],[89.63029,25.4068],[89.62989,25.40662],[89.62988,25.40644],[89.62968,25.40645],[89.6293,25.40718],[89.6289,25.40718],[89.62891,25.40736],[89.62871,25.40737],[89.62872,25.40809],[89.62892,25.40808],[89.62893,25.40826],[89.62873,25.40827],[89.62875,25.40935],[89.62895,25.40935],[89.62897,25.41043],[89.62917,25.41043],[89.62918,25.41061],[89.62938,25.4106],[89.62937,25.41042],[89.62997,25.41041],[89.63016,25.41005],[89.63036,25.41004],[89.63035,25.40986],[89.63015,25.40987],[89.63015,25.40951],[89.62995,25.40951],[89.62994,25.40915],[89.63033,25.40896],[89.63033,25.40878],[89.63053,25.40878],[89.63052,25.4086],[89.63092,25.40859],[89.63093,25.40877],[89.63112,25.40877],[89.63114,25.40949],[89.63094,25.40949],[89.63095,25.40967],[89.63114,25.40967],[89.63115,25.41003],[89.63135,25.41003],[89.63135,25.41021],[89.63155,25.4102],[89.63156,25.41056],[89.63176,25.41056],[89.63193,25.40947],[89.63174,25.40948],[89.63172,25.40894],[89.63153,25.40894],[89.63152,25.40876],[89.63172,25.40876],[89.63171,25.4084],[89.63191,25.40839],[89.63191,25.40821],[89.63151,25.40804],[89.63149,25.4075],[89.6311,25.4075],[89.63109,25.40732],[89.63129,25.40732],[89.63129,25.40714],[89.63168,25.40713],[89.63169,25.40731],[89.63189,25.40731],[89.6319,25.40767],[89.63209,25.40767],[89.63209,25.40731],[89.63228,25.4073],[89.63207,25.40658],[89.63227,25.40658],[89.63224,25.40532],[89.63244,25.40531],[89.63242,25.40423],[89.63262,25.40423],[89.6326,25.40333],[89.63279,25.40332],[89.63277,25.40224],[89.63297,25.40224],[89.63296,25.40169],[89.63316,25.40169],[89.63315,25.40133],[89.63335,25.40133],[89.63334,25.40079],[89.63353,25.40078],[89.63353,25.40042],[89.63372,25.40042],[89.63372,25.40006],[89.63392,25.40005],[89.63391,25.39969],[89.63411,25.39969],[89.63409,25.39915],[89.63449,25.39896]],[[89.6337,25.39934],[89.63371,25.39952],[89.63351,25.39952],[89.63351,25.3997],[89.63331,25.3997],[89.63332,25.39988],[89.63312,25.39989],[89.63313,25.40025],[89.63273,25.40044],[89.63274,25.4008],[89.63235,25.40098],[89.63235,25.40134],[89.63196,25.40153],[89.63196,25.40171],[89.63177,25.40172],[89.63176,25.40154],[89.63156,25.40154],[89.63155,25.401],[89.63175,25.40099],[89.63174,25.40063],[89.63214,25.40045],[89.63213,25.40027],[89.63233,25.40026],[89.63233,25.40008],[89.63253,25.40008],[89.63252,25.3999],[89.63272,25.39989],[89.63272,25.39971],[89.63291,25.39971],[89.63291,25.39953],[89.63311,25.39953],[89.6331,25.39917],[89.63349,25.39898],[89.63349,25.3988],[89.63369,25.39879],[89.63369,25.39861],[89.63388,25.39861],[89.63389,25.39879],[89.63409,25.39879],[89.63409,25.39915],[89.6337,25.39934]]]}},{"type":"Feature","properties":{"kind":"land","ha":21.7},"geometry":{"type":"Polygon","coordinates":[[[89.74497,25.39892],[89.74496,25.39874],[89.74576,25.39873],[89.74575,25.39855],[89.74595,25.39854],[89.74594,25.39782],[89.74554,25.39783],[89.74553,25.39765],[89.74534,25.39765],[89.74533,25.39729],[89.74612,25.3971],[89.74611,25.39692],[89.74711,25.3969],[89.7473,25.39653],[89.7471,25.39654],[89.74709,25.39618],[89.74689,25.39618],[89.74689,25.396],[89.74649,25.39601],[89.74628,25.39565],[89.74609,25.39565],[89.74608,25.39547],[89.74529,25.39549],[89.74528,25.39531],[89.74489,25.39532],[89.74468,25.39496],[89.74448,25.39496],[89.74447,25.3946],[89.74427,25.3946],[89.74426,25.39406],[89.74406,25.39407],[89.74405,25.39353],[89.74385,25.39353],[89.74384,25.39317],[89.74364,25.39317],[89.74364,25.39281],[89.74344,25.39282],[89.74343,25.39245],[89.74323,25.39246],[89.74322,25.3921],[89.74263,25.39211],[89.74263,25.39229],[89.74243,25.39229],[89.74242,25.39157],[89.74202,25.39158],[89.74181,25.39122],[89.74161,25.39123],[89.7416,25.39068],[89.7414,25.39069],[89.74139,25.39033],[89.74099,25.39015],[89.74099,25.38997],[89.74039,25.38998],[89.7404,25.39017],[89.7402,25.39017],[89.74021,25.39053],[89.74041,25.39053],[89.74042,25.39107],[89.74022,25.39107],[89.74022,25.39125],[89.74062,25.39142],[89.74062,25.39124],[89.74082,25.39124],[89.74082,25.39142],[89.74102,25.39142],[89.74103,25.39178],[89.74143,25.39195],[89.74145,25.39285],[89.74125,25.39286],[89.74126,25.39322],[89.74086,25.39322],[89.7407,25.39467],[89.7405,25.39468],[89.74051,25.39522],[89.74071,25.39521],[89.74074,25.39648],[89.74114,25.39647],[89.74114,25.39665],[89.74174,25.39664],[89.74172,25.3961],[89.74132,25.39592],[89.74131,25.39538],[89.74111,25.39539],[89.74109,25.3943],[89.74089,25.39431],[89.74088,25.39413],[89.74108,25.39412],[89.74107,25.39358],[89.74127,25.39358],[89.74127,25.3934],[89.74166,25.39339],[89.74167,25.39357],[89.74187,25.39357],[89.74187,25.39393],[89.74207,25.39392],[89.74208,25.39428],[89.74228,25.39428],[89.74229,25.39464],[89.74249,25.39464],[89.74249,25.395],[89.74269,25.395],[89.74292,25.39607],[89.74311,25.39607],[89.74312,25.39643],[89.74332,25.39643],[89.74336,25.39805],[89.74376,25.39822],[89.74376,25.3984],[89.74396,25.3984],[89.74397,25.39858],[89.74416,25.39858],[89.74417,25.39876],[89.74476,25.39875],[89.74477,25.39893],[89.74497,25.39892]],[[89.74351,25.39588],[89.74331,25.39589],[89.7433,25.39571],[89.74311,25.39571],[89.74306,25.39373],[89.74346,25.3939],[89.74347,25.39444],[89.74367,25.39444],[89.74391,25.39624],[89.74371,25.39624],[89.74351,25.39588]]]}},{"type":"Feature","properties":{"kind":"land","ha":5.8},"geometry":{"type":"Polygon","coordinates":[[[89.688,25.39258],[89.68799,25.39222],[89.68819,25.39221],[89.68818,25.39203],[89.68838,25.39203],[89.68838,25.39185],[89.68818,25.39185],[89.68817,25.39149],[89.68857,25.39166],[89.68857,25.3913],[89.68837,25.39131],[89.68835,25.39077],[89.68816,25.39077],[89.68814,25.39005],[89.68854,25.39004],[89.68853,25.38986],[89.68913,25.38985],[89.68913,25.38967],[89.68952,25.38966],[89.68952,25.38948],[89.68992,25.38947],[89.6899,25.38875],[89.6901,25.38875],[89.69009,25.38839],[89.68949,25.3884],[89.68948,25.38786],[89.68968,25.38785],[89.68968,25.38767],[89.68928,25.38768],[89.68928,25.3875],[89.68908,25.3875],[89.68907,25.38714],[89.68867,25.38715],[89.68869,25.38805],[89.68849,25.38806],[89.6885,25.38842],[89.68811,25.3886],[89.68811,25.38878],[89.68791,25.38879],[89.68793,25.38951],[89.68773,25.38951],[89.68775,25.3906],[89.68756,25.3906],[89.6876,25.3924],[89.68779,25.3924],[89.6878,25.39258],[89.688,25.39258]],[[89.68889,25.38787],[89.68909,25.38786],[89.68909,25.38822],[89.68889,25.38823],[89.68889,25.38787]]]}},{"type":"Feature","properties":{"kind":"land","ha":3.2},"geometry":{"type":"Polygon","coordinates":[[[89.64463,25.39029],[89.64463,25.39011],[89.64522,25.3901],[89.64522,25.38992],[89.64542,25.38992],[89.6454,25.3892],[89.6452,25.3892],[89.6452,25.38884],[89.645,25.38884],[89.64499,25.38866],[89.6444,25.38867],[89.64419,25.38832],[89.64379,25.38832],[89.64359,25.38797],[89.64339,25.38797],[89.64321,25.3887],[89.6434,25.38869],[89.64342,25.38923],[89.64382,25.38941],[89.64383,25.38995],[89.64423,25.38994],[89.64443,25.3903],[89.64463,25.39029]]]}},{"type":"Feature","properties":{"kind":"land","ha":6.4},"geometry":{"type":"Polygon","coordinates":[[[89.661,25.39361],[89.66097,25.39253],[89.66117,25.39252],[89.66116,25.39198],[89.66136,25.39198],[89.66134,25.39126],[89.66154,25.39125],[89.66172,25.39053],[89.66192,25.39052],[89.66192,25.39016],[89.66211,25.39016],[89.66211,25.3898],[89.6623,25.3898],[89.6623,25.38943],[89.6625,25.38943],[89.66248,25.38889],[89.66288,25.3887],[89.66287,25.38852],[89.66327,25.38851],[89.66348,25.38887],[89.66368,25.38887],[89.66368,25.38923],[89.66388,25.38923],[89.66389,25.38959],[89.66409,25.38958],[89.6641,25.38994],[89.66429,25.38994],[89.6643,25.39012],[89.6647,25.39011],[89.66469,25.38993],[89.66449,25.38994],[89.66448,25.38921],[89.66507,25.3892],[89.66508,25.38938],[89.66547,25.38938],[89.66547,25.3892],[89.66527,25.3892],[89.66526,25.38884],[89.66507,25.38884],[89.66504,25.38776],[89.66484,25.38776],[89.66484,25.38758],[89.66424,25.38759],[89.66424,25.38741],[89.66404,25.38742],[89.66422,25.38669],[89.66383,25.38688],[89.66384,25.38724],[89.66305,25.38744],[89.66286,25.38816],[89.66247,25.38835],[89.66248,25.38853],[89.66228,25.38853],[89.66229,25.38925],[89.66209,25.38926],[89.6621,25.38962],[89.6619,25.38962],[89.66191,25.38998],[89.66152,25.39017],[89.66134,25.3909],[89.66114,25.3909],[89.66097,25.39235],[89.66077,25.39235],[89.6608,25.39361],[89.661,25.39361]]]}},{"type":"Feature","properties":{"kind":"land","ha":48.6},"geometry":{"type":"Polygon","coordinates":[[[89.70605,25.40019],[89.70605,25.40001],[89.70624,25.4],[89.70622,25.39874],[89.70662,25.39891],[89.70661,25.39837],[89.7068,25.39837],[89.70678,25.39747],[89.70659,25.39747],[89.70658,25.39711],[89.70638,25.39711],[89.70635,25.39603],[89.70655,25.39603],[89.70654,25.39549],[89.70674,25.39548],[89.70673,25.39494],[89.70693,25.39494],[89.70692,25.39458],[89.70712,25.39457],[89.7071,25.39385],[89.7073,25.39385],[89.70729,25.39331],[89.70749,25.3933],[89.70747,25.39276],[89.70767,25.39276],[89.70766,25.3924],[89.70786,25.39239],[89.70785,25.39203],[89.70805,25.39203],[89.70805,25.39167],[89.70824,25.39166],[89.70823,25.39094],[89.70843,25.39094],[89.70836,25.38805],[89.70856,25.38805],[89.70855,25.38751],[89.70875,25.3875],[89.70874,25.38714],[89.70894,25.38714],[89.70892,25.38624],[89.70872,25.38624],[89.70871,25.38588],[89.70851,25.38588],[89.70832,25.38625],[89.70812,25.38625],[89.70813,25.38643],[89.70773,25.38644],[89.70752,25.38608],[89.70672,25.38592],[89.70672,25.38574],[89.70553,25.38594],[89.70533,25.38558],[89.70493,25.38559],[89.70474,25.38595],[89.70454,25.38596],[89.70454,25.38614],[89.70435,25.38614],[89.70435,25.38632],[89.70395,25.38633],[89.70396,25.38651],[89.70356,25.38652],[89.70356,25.3867],[89.70336,25.3867],[89.70338,25.38724],[89.70378,25.38741],[89.70379,25.38777],[89.70419,25.38795],[89.70419,25.38813],[89.70439,25.38812],[89.7046,25.38884],[89.7048,25.38884],[89.70482,25.38938],[89.70522,25.38955],[89.70522,25.38991],[89.70542,25.38991],[89.70544,25.39081],[89.70505,25.391],[89.70505,25.39118],[89.70426,25.3912],[89.70426,25.39138],[89.70367,25.39139],[89.70367,25.39157],[89.70327,25.39157],[89.70308,25.39194],[89.70289,25.39194],[89.7029,25.39248],[89.7027,25.39249],[89.70271,25.39285],[89.70251,25.39285],[89.70252,25.39339],[89.70272,25.39339],[89.70273,25.39375],[89.70193,25.39376],[89.70194,25.39395],[89.70214,25.39394],[89.70214,25.3943],[89.70254,25.3943],[89.70254,25.39411],[89.70313,25.3941],[89.70334,25.39446],[89.70393,25.39445],[89.70393,25.39427],[89.70473,25.39426],[89.70493,25.39461],[89.70513,25.39461],[89.70514,25.39497],[89.70474,25.39498],[89.70475,25.39552],[89.70495,25.39551],[89.70497,25.39624],[89.70457,25.39642],[89.70458,25.3966],[89.70438,25.39661],[89.70438,25.39679],[89.70498,25.39678],[89.70498,25.3966],[89.70537,25.39659],[89.70539,25.39749],[89.70559,25.39749],[89.70562,25.39857],[89.70522,25.3984],[89.70521,25.39822],[89.70462,25.39823],[89.70462,25.39841],[89.70442,25.39841],[89.70443,25.39877],[89.70463,25.39877],[89.70464,25.39913],[89.70483,25.39913],[89.70484,25.39931],[89.70504,25.3993],[89.70485,25.39967],[89.70525,25.39984],[89.70525,25.40002],[89.70545,25.40002],[89.70545,25.4002],[89.70565,25.40019],[89.70566,25.40037],[89.70605,25.40019]],[[89.70522,25.39876],[89.70562,25.39875],[89.70563,25.39911],[89.70543,25.39912],[89.70522,25.39876]],[[89.70554,25.39496],[89.70534,25.39497],[89.70533,25.39479],[89.70573,25.3946],[89.70575,25.39586],[89.70556,25.39586],[89.70554,25.39496]],[[89.70531,25.39388],[89.70511,25.39389],[89.70509,25.39262],[89.70568,25.39261],[89.70569,25.39279],[89.70588,25.39279],[89.7059,25.39369],[89.70571,25.3937],[89.70571,25.39406],[89.70532,25.39406],[89.70531,25.39388]]]}},{"type":"Feature","properties":{"kind":"land","ha":7.2},"geometry":{"type":"Polygon","coordinates":[[[89.65892,25.38932],[89.65911,25.38895],[89.65931,25.38895],[89.6593,25.38877],[89.6595,25.38876],[89.6595,25.38858],[89.6597,25.38858],[89.65969,25.3884],[89.65989,25.3884],[89.65986,25.38713],[89.65946,25.38696],[89.65946,25.38678],[89.65926,25.38678],[89.65925,25.3866],[89.65906,25.38661],[89.65905,25.38624],[89.65885,25.38625],[89.65885,25.38607],[89.65845,25.38607],[89.65845,25.38626],[89.65746,25.38627],[89.65727,25.38664],[89.65707,25.38664],[89.65709,25.38736],[89.65728,25.38736],[89.6573,25.3879],[89.65749,25.3879],[89.65751,25.38844],[89.65771,25.38843],[89.65771,25.3888],[89.65791,25.38879],[89.65792,25.38915],[89.65832,25.38915],[89.65832,25.38933],[89.65892,25.38932]]]}},{"type":"Feature","properties":{"kind":"land","ha":12.7},"geometry":{"type":"Polygon","coordinates":[[[89.73547,25.3917],[89.73544,25.3908],[89.73504,25.39063],[89.73504,25.39045],[89.73484,25.39045],[89.73502,25.38972],[89.73482,25.38973],[89.73482,25.38937],[89.73442,25.38919],[89.73441,25.38901],[89.73421,25.38902],[89.73421,25.38884],[89.73401,25.38884],[89.73399,25.38794],[89.73359,25.38777],[89.73358,25.38758],[89.73299,25.3876],[89.73278,25.38724],[89.73258,25.38724],[89.73258,25.38706],[89.73238,25.38707],[89.73257,25.3867],[89.73297,25.38687],[89.73297,25.38669],[89.73317,25.38669],[89.73316,25.38633],[89.73356,25.38632],[89.73355,25.38614],[89.73335,25.38615],[89.73335,25.38596],[89.73295,25.38597],[89.73295,25.38579],[89.73255,25.3858],[89.73255,25.38562],[89.73215,25.38563],[89.73215,25.38581],[89.73195,25.38581],[89.73195,25.38563],[89.73116,25.38564],[89.73095,25.38529],[89.73075,25.38529],[89.73075,25.38511],[89.73055,25.38511],[89.73054,25.38475],[89.73014,25.38458],[89.73013,25.3844],[89.72994,25.3844],[89.72993,25.38404],[89.72953,25.38387],[89.72952,25.38369],[89.72932,25.38369],[89.72935,25.38478],[89.72955,25.38477],[89.72956,25.38513],[89.72975,25.38513],[89.72977,25.38567],[89.73017,25.38584],[89.73017,25.38602],[89.73037,25.38602],[89.73037,25.3862],[89.73057,25.3862],[89.73058,25.38638],[89.73078,25.38637],[89.73078,25.38673],[89.73098,25.38673],[89.73099,25.38709],[89.73119,25.38709],[89.73119,25.38727],[89.73159,25.38726],[89.7316,25.38762],[89.732,25.38779],[89.732,25.38798],[89.7322,25.38797],[89.73221,25.38833],[89.73241,25.38833],[89.73242,25.38869],[89.73282,25.38886],[89.73282,25.38904],[89.73302,25.38904],[89.73302,25.38922],[89.73322,25.38922],[89.73323,25.3894],[89.73343,25.38939],[89.73345,25.39066],[89.73365,25.39065],[89.73366,25.39083],[89.73445,25.39082],[89.73466,25.39117],[89.73486,25.39117],[89.73486,25.39135],[89.73506,25.39135],[89.73506,25.39153],[89.73526,25.39152],[89.73527,25.3917],[89.73547,25.3917]]]}},{"type":"Feature","properties":{"kind":"land","ha":5.0},"geometry":{"type":"Polygon","coordinates":[[[89.63443,25.38723],[89.63462,25.38686],[89.63502,25.38686],[89.63521,25.38649],[89.63561,25.38649],[89.6356,25.38613],[89.6358,25.38612],[89.63578,25.3854],[89.63558,25.3854],[89.63554,25.38324],[89.63514,25.38307],[89.63513,25.3827],[89.63493,25.38271],[89.63494,25.38307],[89.63474,25.38307],[89.63495,25.38343],[89.63514,25.38343],[89.63516,25.38433],[89.63497,25.38433],[89.63497,25.38469],[89.63418,25.38489],[89.63399,25.38525],[89.63379,25.38526],[89.6338,25.38544],[89.6336,25.38544],[89.63361,25.38598],[89.63341,25.38598],[89.63342,25.38616],[89.63381,25.38616],[89.63381,25.38598],[89.63421,25.38597],[89.63422,25.38669],[89.63402,25.3867],[89.63403,25.38724],[89.63443,25.38723]]]}},{"type":"Feature","properties":{"kind":"land","ha":15.8},"geometry":{"type":"Polygon","coordinates":[[[89.64784,25.39168],[89.64802,25.39096],[89.64842,25.39077],[89.64841,25.39059],[89.64881,25.39076],[89.64882,25.39112],[89.64902,25.39112],[89.64903,25.3913],[89.64942,25.39129],[89.64941,25.39093],[89.64961,25.39093],[89.6496,25.39021],[89.6498,25.3902],[89.64977,25.38912],[89.64997,25.38912],[89.64994,25.38767],[89.64974,25.38768],[89.64972,25.38677],[89.64952,25.38678],[89.64949,25.38533],[89.64869,25.38499],[89.64847,25.38427],[89.64828,25.38427],[89.64827,25.38391],[89.64807,25.38392],[89.64806,25.38356],[89.64786,25.38356],[89.64785,25.38302],[89.64805,25.38301],[89.64804,25.38265],[89.64824,25.38265],[89.64824,25.38247],[89.64804,25.38247],[89.64803,25.38229],[89.64744,25.3823],[89.64743,25.38212],[89.64704,25.38213],[89.64704,25.38231],[89.64724,25.38231],[89.64726,25.38321],[89.64746,25.3832],[89.64752,25.38591],[89.64772,25.38591],[89.64783,25.39096],[89.64763,25.39096],[89.64764,25.39168],[89.64784,25.39168]]]}},{"type":"Feature","properties":{"kind":"land","ha":5.1},"geometry":{"type":"Polygon","coordinates":[[[89.68982,25.38532],[89.6898,25.38406],[89.68999,25.38406],[89.68996,25.38261],[89.69016,25.38261],[89.69015,25.38225],[89.69035,25.38225],[89.69034,25.38189],[89.69014,25.38189],[89.69013,25.38135],[89.69033,25.38134],[89.69027,25.37846],[89.69047,25.37845],[89.69042,25.37647],[89.69022,25.37647],[89.69025,25.37774],[89.69005,25.37774],[89.69009,25.37954],[89.68989,25.37955],[89.6899,25.37991],[89.6897,25.37991],[89.68974,25.38172],[89.68955,25.38172],[89.68955,25.3819],[89.68915,25.38191],[89.68895,25.38155],[89.68875,25.38155],[89.68875,25.38173],[89.68855,25.38174],[89.68857,25.38264],[89.68877,25.38264],[89.68877,25.38246],[89.68936,25.38244],[89.68937,25.38299],[89.68957,25.38298],[89.68959,25.3837],[89.68939,25.38371],[89.6894,25.38407],[89.6892,25.38407],[89.68922,25.38479],[89.68962,25.38497],[89.68963,25.38533],[89.68982,25.38532]]]}},{"type":"Feature","properties":{"kind":"land","ha":29.6},"geometry":{"type":"Polygon","coordinates":[[[89.70015,25.38513],[89.70015,25.38495],[89.70054,25.38495],[89.70054,25.38477],[89.70133,25.38475],[89.70133,25.38457],[89.70193,25.38456],[89.70172,25.3842],[89.70152,25.38421],[89.70151,25.38367],[89.7019,25.38348],[89.70189,25.38294],[89.70209,25.38293],[89.70208,25.38257],[89.70247,25.38238],[89.70268,25.38274],[89.70288,25.38274],[89.70288,25.38292],[89.70328,25.38291],[89.70327,25.38237],[89.70405,25.38199],[89.70404,25.38145],[89.70365,25.38146],[89.70345,25.38183],[89.70286,25.38184],[89.70265,25.38148],[89.70245,25.38148],[89.70244,25.38094],[89.70264,25.38094],[89.70264,25.38076],[89.70244,25.38076],[89.70243,25.3804],[89.70223,25.3804],[89.70224,25.38058],[89.70184,25.38059],[89.70162,25.37987],[89.70142,25.37988],[89.70141,25.37934],[89.70121,25.37934],[89.70121,25.37898],[89.7008,25.37881],[89.7008,25.37863],[89.7006,25.37863],[89.7006,25.37845],[89.7004,25.37845],[89.7004,25.37827],[89.7002,25.37828],[89.70019,25.37791],[89.69979,25.37774],[89.69978,25.37738],[89.69938,25.37721],[89.69937,25.37703],[89.69918,25.37703],[89.69917,25.37685],[89.69837,25.37668],[89.69837,25.3765],[89.69797,25.37651],[89.69777,25.37615],[89.69757,25.37616],[89.69756,25.37598],[89.69717,25.37598],[89.69718,25.37653],[89.69758,25.3767],[89.69758,25.37688],[89.69798,25.37687],[89.69819,25.37723],[89.69839,25.37723],[89.6984,25.37795],[89.69721,25.37815],[89.69702,25.37851],[89.69682,25.37852],[89.69683,25.3787],[89.69663,25.3787],[89.69664,25.37906],[89.69704,25.37924],[89.69704,25.37942],[89.69724,25.37941],[89.69725,25.37959],[89.69764,25.37959],[89.69765,25.37977],[89.69844,25.37975],[89.69865,25.38011],[89.69885,25.3801],[89.69885,25.38029],[89.69905,25.38028],[89.69906,25.38064],[89.69827,25.38084],[89.69828,25.3812],[89.69808,25.3812],[89.69808,25.38138],[89.69828,25.38138],[89.69829,25.38192],[89.69849,25.38192],[89.6985,25.38228],[89.6987,25.38227],[89.6987,25.38263],[89.6989,25.38263],[89.69891,25.38299],[89.69931,25.38316],[89.69932,25.38334],[89.69951,25.38334],[89.69952,25.38352],[89.69992,25.38351],[89.70012,25.38387],[89.70032,25.38387],[89.70033,25.38441],[89.69954,25.38424],[89.69953,25.38406],[89.69933,25.38407],[89.69934,25.38425],[89.69874,25.38426],[89.69875,25.38462],[89.69836,25.38481],[89.69856,25.38516],[89.70015,25.38513]],[[89.70051,25.3835],[89.70111,25.38349],[89.70112,25.38385],[89.70072,25.38386],[89.70051,25.3835]]]}},{"type":"Feature","properties":{"kind":"land","ha":25.4},"geometry":{"type":"Polygon","coordinates":[[[89.66028,25.38785],[89.66027,25.38749],[89.66066,25.3873],[89.66066,25.38712],[89.66086,25.38711],[89.66085,25.38675],[89.66105,25.38675],[89.66103,25.38621],[89.66123,25.38621],[89.66122,25.38548],[89.66142,25.38548],[89.66141,25.38512],[89.6618,25.38493],[89.6618,25.38475],[89.662,25.38475],[89.66199,25.38457],[89.66219,25.38456],[89.66219,25.38438],[89.66238,25.38438],[89.66257,25.38365],[89.66296,25.38347],[89.66295,25.38311],[89.66335,25.38292],[89.66334,25.38274],[89.66354,25.38273],[89.66354,25.38255],[89.66393,25.38255],[89.66393,25.38237],[89.66413,25.38236],[89.66431,25.38164],[89.66451,25.38163],[89.6645,25.38127],[89.6647,25.38127],[89.66469,25.38091],[89.66489,25.3809],[89.66486,25.37964],[89.66506,25.37964],[89.66505,25.37928],[89.66525,25.37927],[89.66524,25.37873],[89.66544,25.37873],[89.66542,25.37765],[89.66522,25.37765],[89.66521,25.37711],[89.6648,25.37694],[89.6648,25.37657],[89.6644,25.37658],[89.66419,25.37622],[89.66399,25.37623],[89.66402,25.37731],[89.66362,25.3775],[89.66363,25.37768],[89.66343,25.37768],[89.66343,25.37786],[89.66324,25.37787],[89.66325,25.37841],[89.66305,25.37841],[89.66306,25.37913],[89.66267,25.37932],[89.66267,25.3795],[89.66248,25.3795],[89.66248,25.37968],[89.66228,25.37969],[89.66229,25.38023],[89.6619,25.38042],[89.66191,25.38096],[89.66171,25.38096],[89.66173,25.3815],[89.66153,25.38151],[89.66154,25.38205],[89.66134,25.38205],[89.66135,25.38241],[89.66095,25.3826],[89.66096,25.38278],[89.66056,25.38279],[89.66057,25.38297],[89.65977,25.38298],[89.65978,25.38334],[89.65958,25.38335],[89.65958,25.38353],[89.65859,25.38355],[89.6586,25.38373],[89.6584,25.38373],[89.65841,25.38445],[89.65881,25.38462],[89.65881,25.38444],[89.65921,25.38444],[89.6592,25.38426],[89.6594,25.38425],[89.6594,25.38407],[89.65979,25.38407],[89.65999,25.3837],[89.66058,25.38369],[89.66059,25.38423],[89.66039,25.38423],[89.66043,25.38586],[89.66023,25.38586],[89.66026,25.38694],[89.66006,25.38695],[89.66008,25.38785],[89.66028,25.38785]]]}},{"type":"Feature","properties":{"kind":"land","ha":15.0},"geometry":{"type":"Polygon","coordinates":[[[89.63151,25.38078],[89.63151,25.3806],[89.6319,25.3806],[89.6319,25.38042],[89.63289,25.3804],[89.63289,25.38004],[89.63328,25.37985],[89.63327,25.37967],[89.63347,25.37967],[89.63347,25.37949],[89.63406,25.37947],[89.63407,25.37966],[89.63387,25.37966],[89.63388,25.38002],[89.63368,25.38002],[89.63369,25.38056],[89.63349,25.38057],[89.6335,25.38093],[89.6339,25.38092],[89.63389,25.38074],[89.63429,25.38073],[89.63429,25.38055],[89.63449,25.38055],[89.63448,25.38019],[89.63487,25.38],[89.63486,25.37964],[89.63506,25.37964],[89.63505,25.37892],[89.63524,25.37891],[89.63524,25.37873],[89.63504,25.37874],[89.63503,25.37819],[89.63464,25.37838],[89.63464,25.37856],[89.63405,25.37857],[89.63384,25.37822],[89.63364,25.37822],[89.63363,25.37786],[89.63343,25.37786],[89.63343,25.3775],[89.63382,25.37731],[89.63381,25.37677],[89.63401,25.37677],[89.634,25.37641],[89.6342,25.3764],[89.63417,25.37514],[89.63378,25.37533],[89.63378,25.37551],[89.63358,25.37551],[89.63359,25.37587],[89.63379,25.37587],[89.6338,25.37641],[89.6336,25.37641],[89.63362,25.37714],[89.63342,25.37714],[89.63342,25.37732],[89.63243,25.37734],[89.63244,25.3777],[89.63303,25.37769],[89.63304,25.37805],[89.63265,25.37824],[89.63265,25.37842],[89.63245,25.37842],[89.63246,25.3786],[89.63226,25.3786],[89.63228,25.37951],[89.63168,25.37952],[89.63169,25.37988],[89.63149,25.37988],[89.63149,25.38006],[89.6313,25.38007],[89.63129,25.37989],[89.6307,25.3799],[89.6307,25.38008],[89.6303,25.38008],[89.63031,25.38026],[89.63011,25.38027],[89.6301,25.38009],[89.62931,25.3801],[89.62931,25.38028],[89.62892,25.38029],[89.6287,25.37957],[89.62831,25.37958],[89.62832,25.38012],[89.62812,25.38012],[89.62814,25.38121],[89.62834,25.3812],[89.62835,25.38156],[89.62875,25.38156],[89.62875,25.38174],[89.63014,25.38171],[89.63014,25.38189],[89.63034,25.38189],[89.63035,25.38225],[89.63055,25.38225],[89.63055,25.38243],[89.63095,25.38242],[89.63095,25.3826],[89.63135,25.38241],[89.63134,25.38223],[89.63154,25.38223],[89.63131,25.38079],[89.63151,25.38078]],[[89.63091,25.38079],[89.63071,25.38044],[89.6311,25.38025],[89.63111,25.38043],[89.6313,25.38043],[89.63131,25.38079],[89.63091,25.38079]]]}},{"type":"Feature","properties":{"kind":"land","ha":4.2},"geometry":{"type":"Polygon","coordinates":[[[89.68215,25.37987],[89.68214,25.37915],[89.68194,25.37915],[89.68193,25.37897],[89.68213,25.37897],[89.68211,25.37806],[89.68231,25.37806],[89.6823,25.3777],[89.68211,25.3777],[89.68209,25.37698],[89.68248,25.37679],[89.68266,25.37571],[89.68286,25.3757],[89.68284,25.37516],[89.68304,25.37516],[89.68303,25.3748],[89.68323,25.3748],[89.68323,25.37443],[89.68342,25.37443],[89.68342,25.37407],[89.68262,25.37408],[89.68264,25.37499],[89.68225,25.37517],[89.68226,25.37572],[89.68246,25.37571],[89.68246,25.37589],[89.68207,25.37608],[89.68189,25.37681],[89.68149,25.37699],[89.68151,25.3779],[89.68112,25.37808],[89.68114,25.3788],[89.68133,25.3788],[89.68134,25.37916],[89.68154,25.37916],[89.68155,25.37952],[89.68175,25.37952],[89.68176,25.38006],[89.68215,25.37987]]]}},{"type":"Feature","properties":{"kind":"land","ha":8.5},"geometry":{"type":"Polygon","coordinates":[[[89.71944,25.37684],[89.71943,25.37666],[89.71983,25.37665],[89.71982,25.37647],[89.72022,25.37646],[89.72041,25.3761],[89.72061,25.37609],[89.72061,25.37591],[89.72081,25.37591],[89.7208,25.37573],[89.721,25.37573],[89.72099,25.37537],[89.72079,25.37537],[89.72079,25.37501],[89.72059,25.37501],[89.72057,25.37429],[89.71978,25.37449],[89.71978,25.3743],[89.71938,25.37431],[89.71937,25.37395],[89.71897,25.37378],[89.71897,25.3736],[89.71877,25.3736],[89.71876,25.37342],[89.71856,25.37342],[89.71856,25.37324],[89.71796,25.37326],[89.71797,25.37344],[89.71777,25.37344],[89.71795,25.37271],[89.71775,25.37272],[89.71775,25.37236],[89.71794,25.37235],[89.71794,25.37217],[89.71754,25.372],[89.71755,25.37236],[89.71735,25.37236],[89.71736,25.37291],[89.71756,25.3729],[89.71758,25.37398],[89.71778,25.37398],[89.71779,25.37434],[89.71819,25.37433],[89.7182,25.37488],[89.718,25.37488],[89.71802,25.3756],[89.71822,25.3756],[89.71823,25.37614],[89.71843,25.37613],[89.71844,25.37668],[89.71864,25.37667],[89.71864,25.37685],[89.71944,25.37684]]]}},{"type":"Feature","properties":{"kind":"land","ha":18.4},"geometry":{"type":"Polygon","coordinates":[[[89.64094,25.38495],[89.64092,25.38404],[89.64112,25.38404],[89.64111,25.38368],[89.64131,25.38368],[89.6413,25.38314],[89.6415,25.38313],[89.64149,25.38277],[89.64169,25.38277],[89.64167,25.38223],[89.64187,25.38222],[89.64187,25.38186],[89.64206,25.38186],[89.64206,25.3815],[89.64225,25.38149],[89.64225,25.38113],[89.64245,25.38113],[89.64243,25.38059],[89.64263,25.38058],[89.64262,25.38022],[89.64282,25.38022],[89.64282,25.37986],[89.64301,25.37986],[89.64301,25.37949],[89.6434,25.37931],[89.6434,25.37913],[89.64359,25.37912],[89.64378,25.3784],[89.64398,25.37839],[89.64397,25.37803],[89.64436,25.37785],[89.64436,25.37767],[89.64456,25.37766],[89.64454,25.37712],[89.64414,25.37695],[89.64413,25.37659],[89.64394,25.37659],[89.64392,25.37587],[89.64412,25.37586],[89.64412,25.37605],[89.64452,25.37604],[89.64452,25.37622],[89.64492,25.37621],[89.64491,25.37567],[89.64511,25.37567],[89.6451,25.37531],[89.64549,25.37512],[89.64548,25.37458],[89.64587,25.37439],[89.64587,25.37403],[89.64547,25.37386],[89.64545,25.37331],[89.64526,25.37332],[89.64525,25.37314],[89.64485,25.37314],[89.64466,25.37351],[89.64446,25.37351],[89.64447,25.37387],[89.64427,25.37388],[89.64429,25.37442],[89.64468,25.37423],[89.64468,25.37441],[89.64488,25.37441],[89.64489,25.37477],[89.64469,25.37477],[89.64469,25.37495],[89.6443,25.37496],[89.64429,25.37478],[89.6439,25.37479],[89.64371,25.37515],[89.64351,25.37515],[89.64352,25.37551],[89.64332,25.37552],[89.64333,25.37606],[89.64294,25.37625],[89.64275,25.37697],[89.64236,25.37698],[89.64216,25.37734],[89.64197,25.37735],[89.64178,25.37807],[89.64158,25.37808],[89.6416,25.37862],[89.6414,25.37862],[89.64142,25.3797],[89.64103,25.37989],[89.64103,25.38007],[89.64083,25.38008],[89.64084,25.38026],[89.64044,25.38026],[89.64044,25.38044],[89.64064,25.38044],[89.64065,25.38098],[89.64085,25.38098],[89.64086,25.38116],[89.64066,25.38116],[89.64067,25.38152],[89.64047,25.38153],[89.64048,25.38189],[89.64088,25.38206],[89.64088,25.38242],[89.64069,25.38242],[89.64073,25.38441],[89.64053,25.38441],[89.64054,25.38495],[89.64094,25.38495]]]}},{"type":"Feature","properties":{"kind":"land","ha":212.1},"geometry":{"type":"Polygon","coordinates":[[[89.66992,25.39255],[89.66991,25.39236],[89.66932,25.39238],[89.66931,25.3922],[89.66891,25.3922],[89.66892,25.39238],[89.66912,25.39238],[89.66913,25.39274],[89.66932,25.39274],[89.66934,25.39328],[89.66874,25.39329],[89.66852,25.39221],[89.66832,25.39221],[89.66831,25.39185],[89.66791,25.39168],[89.66791,25.3915],[89.66751,25.39151],[89.6675,25.39133],[89.66691,25.39134],[89.6669,25.39116],[89.66631,25.39117],[89.6663,25.39099],[89.66571,25.391],[89.6655,25.39064],[89.6653,25.39064],[89.66531,25.391],[89.66571,25.39118],[89.66572,25.39154],[89.66592,25.39153],[89.66592,25.39172],[89.66672,25.3917],[89.66692,25.39206],[89.66712,25.39205],[89.66713,25.39223],[89.66733,25.39223],[89.66733,25.39259],[89.66773,25.39277],[89.66774,25.39295],[89.66794,25.39294],[89.66794,25.39312],[89.66854,25.39311],[89.66855,25.39347],[89.66934,25.39346],[89.66934,25.39364],[89.66994,25.39363],[89.66992,25.39273],[89.67012,25.39272],[89.67033,25.39344],[89.67073,25.39343],[89.67073,25.39361],[89.67133,25.3936],[89.67133,25.39378],[89.67074,25.39379],[89.67074,25.39397],[89.67054,25.39398],[89.67056,25.39452],[89.67015,25.39435],[89.67015,25.39398],[89.66975,25.39399],[89.66975,25.39417],[89.66955,25.39418],[89.66956,25.39454],[89.66916,25.39454],[89.66918,25.39527],[89.66938,25.39526],[89.66939,25.39562],[89.66979,25.3958],[89.66979,25.39598],[89.66999,25.39597],[89.67,25.39615],[89.67019,25.39615],[89.6702,25.39633],[89.6704,25.39633],[89.6704,25.39651],[89.6706,25.3965],[89.6706,25.39668],[89.671,25.39668],[89.67121,25.39703],[89.6716,25.39703],[89.6716,25.39667],[89.67259,25.39665],[89.6726,25.39701],[89.67299,25.397],[89.6732,25.39736],[89.6738,25.39735],[89.67378,25.39681],[89.67398,25.3968],[89.67398,25.39662],[89.67458,25.39661],[89.67459,25.39715],[89.67479,25.39715],[89.6748,25.39769],[89.6744,25.3977],[89.6744,25.39752],[89.6742,25.39752],[89.6742,25.3977],[89.674,25.39771],[89.67402,25.39825],[89.67382,25.39825],[89.67382,25.39843],[89.67342,25.39844],[89.67344,25.39898],[89.67363,25.39898],[89.67365,25.3997],[89.67385,25.39969],[89.67386,25.40041],[89.67406,25.40041],[89.67408,25.40131],[89.67428,25.40131],[89.67429,25.40185],[89.67449,25.40185],[89.6745,25.40239],[89.6747,25.40238],[89.67451,25.40275],[89.67431,25.40275],[89.67432,25.40293],[89.67452,25.40293],[89.67452,25.40329],[89.67433,25.40329],[89.67435,25.4042],[89.67454,25.40419],[89.67456,25.40491],[89.67476,25.40491],[89.67477,25.40563],[89.67458,25.40564],[89.6746,25.40672],[89.6744,25.40672],[89.67441,25.40726],[89.67421,25.40727],[89.67405,25.40871],[89.67385,25.40872],[89.67386,25.40908],[89.67366,25.40908],[89.67366,25.40926],[89.67386,25.40926],[89.67388,25.40998],[89.67368,25.40998],[89.67369,25.41034],[89.67349,25.41035],[89.6735,25.41071],[89.6731,25.4109],[89.67311,25.41126],[89.67291,25.41126],[89.67292,25.41162],[89.67331,25.41143],[89.67335,25.41324],[89.67315,25.41324],[89.67316,25.4136],[89.67296,25.41361],[89.67297,25.41379],[89.67257,25.41379],[89.67256,25.41343],[89.67236,25.41344],[89.67238,25.41398],[89.67218,25.41398],[89.67218,25.41434],[89.67199,25.41435],[89.67201,25.41525],[89.67181,25.41525],[89.67182,25.41597],[89.67143,25.41598],[89.67145,25.41706],[89.67125,25.41707],[89.67126,25.41743],[89.67106,25.41743],[89.67107,25.41779],[89.67127,25.41779],[89.6713,25.41923],[89.6711,25.41924],[89.67111,25.4196],[89.67091,25.4196],[89.67094,25.42086],[89.67134,25.42104],[89.67134,25.42122],[89.67154,25.42121],[89.67154,25.42139],[89.67313,25.42136],[89.67311,25.42028],[89.67232,25.4203],[89.67211,25.41994],[89.67191,25.41994],[89.67191,25.41976],[89.67151,25.41977],[89.6715,25.41941],[89.67189,25.41922],[89.67187,25.41814],[89.67207,25.41814],[89.67205,25.41723],[89.67244,25.41705],[89.67244,25.41687],[89.67284,25.41686],[89.67283,25.41668],[89.67363,25.41666],[89.6736,25.41558],[89.6738,25.41558],[89.67379,25.41504],[89.67419,25.41503],[89.67418,25.41485],[89.67438,25.41484],[89.67459,25.4152],[89.67538,25.41519],[89.67538,25.41501],[89.67558,25.415],[89.67554,25.41338],[89.67534,25.41338],[89.67533,25.41266],[89.67553,25.41266],[89.67544,25.40869],[89.67564,25.40868],[89.67562,25.40796],[89.67582,25.40796],[89.67578,25.40616],[89.67558,25.40616],[89.67557,25.4058],[89.67537,25.4058],[89.67535,25.4049],[89.67555,25.4049],[89.67555,25.40472],[89.67535,25.40472],[89.67534,25.40436],[89.67514,25.40436],[89.67512,25.40328],[89.67551,25.40309],[89.67572,25.40345],[89.67592,25.40345],[89.67591,25.40308],[89.67611,25.40308],[89.67609,25.40218],[89.67629,25.40218],[89.67628,25.40181],[89.67648,25.40181],[89.67647,25.40145],[89.67667,25.40145],[89.67665,25.40073],[89.67685,25.40072],[89.67684,25.40036],[89.67704,25.40036],[89.67722,25.39927],[89.67742,25.39927],[89.6774,25.39855],[89.6776,25.39854],[89.67759,25.398],[89.67779,25.398],[89.67777,25.39728],[89.67797,25.39727],[89.67796,25.39691],[89.67816,25.39691],[89.67815,25.39673],[89.67835,25.39672],[89.67835,25.39636],[89.67854,25.39636],[89.67852,25.39528],[89.67872,25.39527],[89.67871,25.39491],[89.67891,25.39491],[89.6789,25.39437],[89.6791,25.39436],[89.67909,25.394],[89.67869,25.39401],[89.67869,25.39419],[89.6785,25.39419],[89.6785,25.39455],[89.67811,25.39456],[89.6781,25.3942],[89.6779,25.3942],[89.67787,25.39294],[89.67767,25.39295],[89.67767,25.39258],[89.67747,25.39259],[89.67745,25.39187],[89.67825,25.39185],[89.67844,25.39149],[89.67863,25.39148],[89.67863,25.3913],[89.67883,25.3913],[89.67883,25.39112],[89.67902,25.39112],[89.67902,25.39094],[89.67981,25.39092],[89.67981,25.39074],[89.68001,25.39074],[89.67999,25.38965],[89.68018,25.38965],[89.68018,25.38929],[89.68057,25.38928],[89.68057,25.3891],[89.68077,25.3891],[89.68055,25.38838],[89.68134,25.38819],[89.68133,25.38746],[89.68153,25.38746],[89.68152,25.3871],[89.68113,25.38729],[89.68112,25.38711],[89.68092,25.38711],[89.68091,25.38657],[89.68111,25.38657],[89.68111,25.38639],[89.6807,25.38621],[89.6807,25.38603],[89.6805,25.38604],[89.6805,25.38586],[89.6807,25.38585],[89.68068,25.38531],[89.68049,25.38531],[89.68048,25.38495],[89.67988,25.38496],[89.67988,25.38478],[89.67968,25.38479],[89.67967,25.38443],[89.67987,25.38442],[89.67987,25.38424],[89.68066,25.38423],[89.68087,25.38458],[89.68107,25.38458],[89.68107,25.38476],[89.68127,25.38476],[89.68127,25.38494],[89.68147,25.38493],[89.68144,25.38349],[89.68124,25.3835],[89.68123,25.38295],[89.68143,25.38295],[89.68141,25.38241],[89.68161,25.38241],[89.68161,25.38204],[89.6818,25.38204],[89.68178,25.38096],[89.68138,25.38097],[89.68138,25.38079],[89.68118,25.38079],[89.68117,25.38043],[89.68137,25.38042],[89.68137,25.38024],[89.68097,25.38025],[89.68097,25.38043],[89.68018,25.38045],[89.67997,25.38009],[89.67977,25.38009],[89.67977,25.37973],[89.67957,25.37974],[89.67956,25.37937],[89.67936,25.37938],[89.67934,25.37866],[89.67954,25.37865],[89.67954,25.37847],[89.68014,25.37846],[89.68013,25.37828],[89.68033,25.37828],[89.68032,25.37792],[89.67973,25.37793],[89.67954,25.37829],[89.67894,25.3783],[89.67894,25.37812],[89.67874,25.37813],[89.67873,25.37777],[89.67893,25.37776],[89.6789,25.37668],[89.6791,25.37668],[89.67908,25.37559],[89.67888,25.3756],[89.67887,25.37524],[89.67867,25.37524],[89.67866,25.3747],[89.67846,25.3747],[89.67845,25.37416],[89.67825,25.37416],[89.67824,25.3738],[89.67864,25.37362],[89.67863,25.37344],[89.67883,25.37343],[89.67882,25.37307],[89.67842,25.3729],[89.67843,25.37308],[89.67803,25.37309],[89.67803,25.37327],[89.67784,25.37327],[89.67781,25.37219],[89.67801,25.37218],[89.678,25.37164],[89.67839,25.37145],[89.67839,25.37127],[89.67879,25.37145],[89.67879,25.37163],[89.67939,25.37162],[89.67938,25.37144],[89.67919,25.37144],[89.67918,25.37108],[89.67878,25.37091],[89.67877,25.37073],[89.67838,25.37073],[89.67838,25.37091],[89.67759,25.37093],[89.67738,25.37057],[89.67718,25.37057],[89.67718,25.37039],[89.67638,25.37023],[89.67637,25.37005],[89.67598,25.37005],[89.67597,25.36987],[89.67538,25.36989],[89.67519,25.37061],[89.6756,25.37078],[89.6756,25.37114],[89.6758,25.37114],[89.67579,25.3706],[89.67599,25.3706],[89.67598,25.37042],[89.67658,25.3704],[89.67658,25.37058],[89.67678,25.37058],[89.67679,25.37112],[89.67699,25.37112],[89.677,25.3713],[89.6768,25.3713],[89.6768,25.37148],[89.67601,25.3715],[89.676,25.37132],[89.67581,25.37132],[89.67583,25.37222],[89.67623,25.3724],[89.67623,25.37258],[89.67643,25.37257],[89.67643,25.37275],[89.67663,25.37275],[89.67664,25.37293],[89.67683,25.37293],[89.67684,25.37311],[89.67764,25.37327],[89.67764,25.37363],[89.67784,25.37363],[89.67786,25.37417],[89.67766,25.37418],[89.67766,25.37454],[89.67747,25.37454],[89.67747,25.37472],[89.67707,25.37473],[89.67708,25.37491],[89.67648,25.37492],[89.67649,25.3751],[89.67549,25.37512],[89.67549,25.37494],[89.67529,25.37494],[89.6751,25.3753],[89.6749,25.37531],[89.6749,25.37549],[89.67471,25.37549],[89.67471,25.37567],[89.67451,25.37568],[89.67452,25.37586],[89.67432,25.37586],[89.67432,25.37604],[89.67452,25.37604],[89.67453,25.37658],[89.67433,25.37658],[89.67434,25.37712],[89.67395,25.37731],[89.67397,25.37821],[89.67377,25.37822],[89.67378,25.3784],[89.67397,25.37839],[89.67398,25.37875],[89.67418,25.37875],[89.67419,25.37893],[89.67458,25.37892],[89.67459,25.37947],[89.6742,25.37947],[89.67401,25.3802],[89.67461,25.38019],[89.67461,25.38037],[89.67481,25.38036],[89.67482,25.38054],[89.67422,25.38055],[89.67424,25.38128],[89.67444,25.38127],[89.67444,25.38163],[89.67484,25.38163],[89.67484,25.38181],[89.67504,25.3818],[89.67526,25.38252],[89.67546,25.38252],[89.67548,25.38378],[89.67568,25.38378],[89.67569,25.38396],[89.67549,25.38396],[89.6755,25.38432],[89.6753,25.38433],[89.67531,25.38487],[89.67511,25.38487],[89.67513,25.38559],[89.67493,25.3856],[89.67493,25.38578],[89.67513,25.38577],[89.67516,25.38704],[89.67476,25.38704],[89.67477,25.38722],[89.67338,25.38725],[89.67337,25.38707],[89.67278,25.38708],[89.67258,25.38744],[89.67278,25.38744],[89.67279,25.3878],[89.67299,25.3878],[89.67299,25.38798],[89.67319,25.38797],[89.67321,25.3887],[89.67282,25.38888],[89.67282,25.38906],[89.67222,25.38907],[89.67223,25.38925],[89.67183,25.38926],[89.67184,25.38962],[89.67264,25.38997],[89.67265,25.39051],[89.67305,25.39068],[89.67306,25.39086],[89.67326,25.39086],[89.67326,25.39104],[89.67346,25.39104],[89.67346,25.39122],[89.67366,25.39121],[89.67367,25.39139],[89.67426,25.39138],[89.67425,25.39084],[89.67445,25.39084],[89.67444,25.39048],[89.67504,25.39047],[89.67506,25.39137],[89.67486,25.39137],[89.67488,25.39245],[89.67468,25.39246],[89.67469,25.393],[89.6745,25.393],[89.6745,25.39318],[89.6749,25.39318],[89.6749,25.39354],[89.67471,25.39354],[89.67471,25.39372],[89.67491,25.39372],[89.67492,25.39408],[89.67452,25.39409],[89.67452,25.39427],[89.67353,25.39428],[89.67332,25.39393],[89.67313,25.39393],[89.67312,25.39357],[89.67232,25.3934],[89.67231,25.39322],[89.67192,25.39323],[89.67171,25.39287],[89.67211,25.39287],[89.67229,25.39214],[89.67209,25.39214],[89.67209,25.39196],[89.67149,25.39198],[89.67129,25.39162],[89.67109,25.39162],[89.67108,25.39144],[89.67069,25.39163],[89.67069,25.39181],[89.6705,25.39181],[89.67091,25.39253],[89.66992,25.39255]],[[89.67111,25.39252],[89.67111,25.3927],[89.67091,25.39271],[89.67091,25.39253],[89.67111,25.39252]],[[89.67219,25.4147],[89.67259,25.4147],[89.6726,25.41506],[89.6724,25.41506],[89.67219,25.4147]],[[89.67606,25.40074],[89.67626,25.40073],[89.67626,25.40109],[89.67607,25.4011],[89.67606,25.40074]],[[89.67463,25.39896],[89.67443,25.39896],[89.67442,25.39842],[89.67462,25.39842],[89.67462,25.3986],[89.67502,25.39859],[89.67503,25.39913],[89.67463,25.39914],[89.67463,25.39896]],[[89.67621,25.39857],[89.67661,25.39856],[89.67661,25.39892],[89.67622,25.39893],[89.67621,25.39857]],[[89.67577,25.39695],[89.67617,25.39694],[89.67598,25.39731],[89.67578,25.39731],[89.67577,25.39695]],[[89.67576,25.39605],[89.67615,25.39604],[89.67616,25.39658],[89.67577,25.39659],[89.67576,25.39605]],[[89.67119,25.39613],[89.67099,25.39614],[89.67098,25.39559],[89.67137,25.39559],[89.67137,25.39523],[89.67117,25.39523],[89.67116,25.39505],[89.67156,25.39504],[89.67156,25.39522],[89.67176,25.39522],[89.67158,25.39594],[89.67178,25.39594],[89.67179,25.39648],[89.67139,25.39649],[89.67119,25.39613]],[[89.67513,25.3948],[89.67553,25.39479],[89.67575,25.39587],[89.67535,25.39588],[89.67513,25.3948]],[[89.67036,25.39488],[89.67077,25.39506],[89.67077,25.39524],[89.67037,25.39524],[89.67036,25.39488]],[[89.67512,25.39426],[89.67532,25.39425],[89.67533,25.39461],[89.67513,25.39462],[89.67512,25.39426]],[[89.67688,25.39314],[89.67728,25.39313],[89.67728,25.39331],[89.67748,25.39331],[89.67749,25.39349],[89.67669,25.3935],[89.67688,25.39314]],[[89.67874,25.38715],[89.67914,25.38732],[89.67914,25.3875],[89.67875,25.38751],[89.67874,25.38715]],[[89.67949,25.38515],[89.67969,25.38515],[89.67969,25.38533],[89.67949,25.38533],[89.67949,25.38515]],[[89.67807,25.38409],[89.67847,25.38409],[89.67848,25.38427],[89.67808,25.38427],[89.67807,25.38409]],[[89.67647,25.38358],[89.67627,25.38359],[89.67627,25.38341],[89.67607,25.38341],[89.67607,25.38323],[89.67685,25.38285],[89.67686,25.38321],[89.67706,25.38321],[89.67707,25.38357],[89.67727,25.38357],[89.67727,25.38375],[89.67707,25.38375],[89.67708,25.38393],[89.67668,25.38394],[89.67647,25.38358]],[[89.68043,25.38261],[89.67963,25.38262],[89.67963,25.38244],[89.67943,25.38245],[89.67942,25.38208],[89.68021,25.38189],[89.68022,25.38225],[89.68062,25.38242],[89.68063,25.38278],[89.68083,25.38278],[89.68084,25.38332],[89.68044,25.38333],[89.68043,25.38261]]]}},{"type":"Feature","properties":{"kind":"land","ha":64.8},"geometry":{"type":"Polygon","coordinates":[[[89.74442,25.37475],[89.74462,25.37475],[89.74459,25.37366],[89.7434,25.3735],[89.74319,25.37315],[89.74358,25.37296],[89.74379,25.37332],[89.74439,25.37331],[89.74437,25.3724],[89.74457,25.3724],[89.74455,25.37168],[89.74316,25.3717],[89.74315,25.37134],[89.74354,25.37116],[89.74352,25.37007],[89.74391,25.36989],[89.7439,25.36952],[89.7441,25.36952],[89.7441,25.36934],[89.7435,25.36935],[89.74331,25.36972],[89.74311,25.36972],[89.74312,25.3699],[89.74272,25.36991],[89.74273,25.37027],[89.74253,25.37027],[89.74253,25.37045],[89.74213,25.37028],[89.74213,25.3701],[89.74193,25.3701],[89.74191,25.3692],[89.74251,25.36919],[89.7425,25.36901],[89.7427,25.36901],[89.74229,25.36829],[89.74249,25.36829],[89.74248,25.36811],[89.74288,25.3681],[89.74287,25.36774],[89.74307,25.36774],[89.74307,25.36756],[89.74386,25.36736],[89.74385,25.367],[89.74365,25.367],[89.74364,25.36682],[89.74384,25.36682],[89.74381,25.36556],[89.74362,25.36556],[89.74362,25.36574],[89.74183,25.36577],[89.74185,25.36668],[89.74166,25.36668],[89.74166,25.36686],[89.74126,25.36687],[89.74107,25.36723],[89.74087,25.36724],[89.74108,25.36759],[89.74128,25.36759],[89.74128,25.36777],[89.74168,25.36776],[89.74169,25.36812],[89.74089,25.36814],[89.7407,25.3685],[89.7409,25.3685],[89.74091,25.36886],[89.74051,25.36887],[89.74052,25.36905],[89.74172,25.36957],[89.74174,25.37047],[89.74194,25.37046],[89.74196,25.37119],[89.74215,25.37118],[89.74216,25.37154],[89.74236,25.37154],[89.74236,25.37172],[89.74276,25.37171],[89.74277,25.37207],[89.74238,25.37226],[89.74238,25.37244],[89.74218,25.37244],[89.74219,25.37263],[89.74199,25.37263],[89.74198,25.37245],[89.74179,25.37245],[89.74179,25.37263],[89.741,25.37265],[89.74099,25.37247],[89.74059,25.37247],[89.7406,25.37265],[89.7404,25.37266],[89.74041,25.3732],[89.74021,25.3732],[89.74023,25.37374],[89.73983,25.37375],[89.73962,25.37339],[89.73922,25.3734],[89.73924,25.37412],[89.73944,25.37412],[89.73945,25.37448],[89.73965,25.37448],[89.73966,25.37502],[89.73926,25.37485],[89.73925,25.37448],[89.73885,25.37431],[89.73884,25.37413],[89.73864,25.37413],[89.73864,25.37395],[89.73844,25.37396],[89.73843,25.3736],[89.73803,25.37342],[89.73802,25.37306],[89.73762,25.37289],[89.73762,25.37253],[89.73742,25.37253],[89.73741,25.37235],[89.73702,25.37236],[89.73681,25.372],[89.73661,25.37201],[89.73661,25.37183],[89.73641,25.37183],[89.7364,25.37165],[89.73621,25.37165],[89.7362,25.37129],[89.7358,25.37112],[89.73579,25.37094],[89.73559,25.37094],[89.73559,25.37076],[89.73539,25.37077],[89.73518,25.37005],[89.73477,25.36988],[89.73477,25.36951],[89.73457,25.36952],[89.73456,25.36934],[89.73437,25.36934],[89.73436,25.36898],[89.73396,25.36881],[89.73395,25.36863],[89.73355,25.36863],[89.73354,25.36809],[89.73314,25.36792],[89.73293,25.3672],[89.73253,25.36703],[89.73253,25.36739],[89.73233,25.36739],[89.73236,25.3683],[89.73255,25.36829],[89.73256,25.36865],[89.73296,25.36883],[89.73297,25.36901],[89.73317,25.369],[89.73317,25.36918],[89.73377,25.36917],[89.73397,25.36953],[89.73417,25.36953],[89.73418,25.36989],[89.73458,25.37006],[89.73459,25.37042],[89.73499,25.37059],[89.735,25.37095],[89.7352,25.37095],[89.7352,25.37131],[89.73561,25.37148],[89.73561,25.37166],[89.73581,25.37166],[89.73581,25.37184],[89.73601,25.37184],[89.73602,25.3722],[89.73642,25.37237],[89.73642,25.37255],[89.73662,25.37255],[89.73663,25.37273],[89.73683,25.37273],[89.73683,25.37291],[89.73703,25.3729],[89.73703,25.37308],[89.73723,25.37308],[89.73723,25.37326],[89.73743,25.37326],[89.73744,25.37344],[89.73764,25.37343],[89.73764,25.37361],[89.73784,25.37361],[89.73784,25.37379],[89.73804,25.37379],[89.73805,25.37397],[89.73824,25.37396],[89.73825,25.37414],[89.73845,25.37414],[89.73845,25.3745],[89.73886,25.37467],[89.73886,25.37485],[89.73906,25.37485],[89.73927,25.37557],[89.73947,25.37556],[89.73948,25.37592],[89.73968,25.37592],[89.73969,25.37628],[89.73989,25.37628],[89.73989,25.37664],[89.74029,25.37681],[89.7403,25.37699],[89.7405,25.37699],[89.7405,25.37717],[89.7407,25.37716],[89.7407,25.37735],[89.7409,25.37734],[89.74091,25.3777],[89.74131,25.37788],[89.74132,25.37806],[89.74151,25.37805],[89.74152,25.37823],[89.74172,25.37823],[89.74172,25.37841],[89.74192,25.37841],[89.74192,25.37859],[89.74212,25.37858],[89.74213,25.37876],[89.74233,25.37876],[89.74233,25.37894],[89.74253,25.37894],[89.74253,25.37912],[89.74273,25.37911],[89.74273,25.37929],[89.74313,25.37929],[89.74334,25.37964],[89.74354,25.37964],[89.74354,25.37982],[89.74374,25.37982],[89.74374,25.38],[89.74394,25.37999],[89.74395,25.38017],[89.74415,25.38017],[89.74415,25.38035],[89.74435,25.38035],[89.74435,25.38053],[89.74455,25.38052],[89.74456,25.38088],[89.74476,25.38088],[89.74476,25.38106],[89.74496,25.38106],[89.74497,25.38142],[89.74517,25.38141],[89.74518,25.38195],[89.74558,25.38213],[89.74559,25.38267],[89.74599,25.38284],[89.746,25.3832],[89.7462,25.3832],[89.74621,25.38374],[89.74641,25.38374],[89.74642,25.3841],[89.74662,25.38409],[89.74663,25.38445],[89.74682,25.38445],[89.74685,25.38553],[89.74705,25.38553],[89.74706,25.38589],[89.74725,25.38589],[89.74727,25.38661],[89.74747,25.3866],[89.74748,25.38715],[89.74768,25.38714],[89.74769,25.3875],[89.74789,25.3875],[89.7479,25.38786],[89.7483,25.38803],[89.74832,25.38911],[89.74872,25.38929],[89.74873,25.38947],[89.74952,25.38927],[89.74972,25.38963],[89.74992,25.38963],[89.75014,25.39034],[89.75054,25.39052],[89.75055,25.39088],[89.75075,25.39087],[89.75076,25.39142],[89.75116,25.39159],[89.75137,25.39231],[89.75157,25.3923],[89.75158,25.39266],[89.75198,25.39284],[89.7522,25.39355],[89.7524,25.39355],[89.75241,25.39409],[89.75261,25.39409],[89.75261,25.39445],[89.75281,25.39445],[89.75282,25.39481],[89.75302,25.3948],[89.75303,25.39516],[89.75323,25.39516],[89.75321,25.39462],[89.75302,25.39462],[89.753,25.3939],[89.7528,25.3939],[89.75279,25.39336],[89.75259,25.39337],[89.75258,25.39283],[89.75218,25.39265],[89.75195,25.39157],[89.75175,25.39158],[89.75174,25.39104],[89.75134,25.39086],[89.75132,25.38996],[89.75092,25.38979],[89.75091,25.38943],[89.75071,25.38943],[89.75071,25.38925],[89.75031,25.38926],[89.75032,25.38944],[89.75012,25.38944],[89.75011,25.38926],[89.74991,25.38927],[89.74991,25.3889],[89.7503,25.3889],[89.7501,25.38854],[89.7499,25.38854],[89.75009,25.38818],[89.74989,25.38818],[89.74988,25.38782],[89.74968,25.38783],[89.74967,25.38747],[89.74948,25.38747],[89.74947,25.38711],[89.74927,25.38711],[89.74926,25.38675],[89.74886,25.38676],[89.74866,25.3864],[89.74846,25.38641],[89.74824,25.38569],[89.74804,25.38569],[89.74823,25.38497],[89.74803,25.38497],[89.74802,25.38461],[89.74782,25.38461],[89.74781,25.38425],[89.74741,25.38408],[89.7472,25.38336],[89.747,25.38336],[89.74699,25.383],[89.74679,25.38301],[89.74678,25.38265],[89.74659,25.38265],[89.74658,25.38229],[89.74638,25.38229],[89.74637,25.38193],[89.74617,25.38194],[89.74616,25.38157],[89.74576,25.3814],[89.74576,25.38122],[89.74556,25.38123],[89.74556,25.38104],[89.74536,25.38105],[89.74535,25.38069],[89.74515,25.38069],[89.74514,25.38015],[89.74474,25.37998],[89.74473,25.3798],[89.74453,25.3798],[89.74452,25.37926],[89.74472,25.37926],[89.74471,25.37889],[89.74511,25.37889],[89.74511,25.37871],[89.7453,25.3787],[89.74528,25.37744],[89.74508,25.37744],[89.74504,25.37564],[89.74523,25.37564],[89.74517,25.37275],[89.74497,25.37275],[89.74502,25.3751],[89.74463,25.37529],[89.74463,25.37547],[89.74424,25.37547],[89.74442,25.37475]],[[89.74444,25.37583],[89.74405,25.37602],[89.74406,25.3762],[89.74366,25.37621],[89.74366,25.37639],[89.74307,25.3764],[89.74307,25.37676],[89.74288,25.37676],[89.74288,25.37694],[89.74248,25.37695],[89.74248,25.37677],[89.74188,25.37678],[89.74189,25.37696],[89.74149,25.37697],[89.74128,25.37661],[89.74108,25.37662],[89.74108,25.37644],[89.74088,25.37644],[89.74088,25.37626],[89.74068,25.37626],[89.74068,25.37608],[89.74048,25.37609],[89.74047,25.37591],[89.74087,25.3759],[89.74087,25.37608],[89.74127,25.37607],[89.74128,25.37625],[89.74147,25.37625],[89.74147,25.37589],[89.74186,25.3757],[89.74185,25.37552],[89.74225,25.37551],[89.74226,25.37569],[89.74285,25.37568],[89.74285,25.3755],[89.74305,25.3755],[89.74302,25.37423],[89.74322,25.37423],[89.74321,25.37405],[89.74361,25.37404],[89.74362,25.3744],[89.74342,25.37441],[89.74344,25.37531],[89.74364,25.37531],[89.74364,25.37549],[89.74424,25.37547],[89.74444,25.37583]],[[89.74352,25.37892],[89.74372,25.37891],[89.74372,25.37909],[89.74352,25.3791],[89.74352,25.37892]],[[89.7429,25.37785],[89.7427,25.37785],[89.7427,25.37767],[89.74329,25.37766],[89.7433,25.37802],[89.74291,25.37821],[89.7429,25.37785]],[[89.74103,25.37427],[89.74083,25.37427],[89.74082,25.37373],[89.74102,25.37373],[89.74101,25.37319],[89.74121,25.37318],[89.7412,25.373],[89.7416,25.373],[89.74181,25.37335],[89.742,25.37335],[89.74202,25.37425],[89.74163,25.37444],[89.74164,25.37462],[89.74124,25.37463],[89.74103,25.37427]]]}},{"type":"Feature","properties":{"kind":"land","ha":22.9},"geometry":{"type":"Polygon","coordinates":[[[89.66459,25.37622],[89.66478,25.37585],[89.66557,25.37584],[89.66577,25.37547],[89.66596,25.37547],[89.66596,25.37511],[89.66635,25.37492],[89.66634,25.37438],[89.66673,25.37419],[89.66673,25.37401],[89.66693,25.37401],[89.66691,25.37311],[89.6673,25.37292],[89.66729,25.37238],[89.66749,25.37237],[89.66748,25.37201],[89.66768,25.37201],[89.66767,25.37165],[89.66846,25.37164],[89.66847,25.372],[89.66887,25.37199],[89.66884,25.37073],[89.66864,25.37073],[89.66863,25.37001],[89.66843,25.37001],[89.66842,25.36983],[89.66803,25.36984],[89.66803,25.37002],[89.66783,25.37002],[89.66784,25.37038],[89.66764,25.37039],[89.66763,25.37003],[89.66743,25.37003],[89.66741,25.36913],[89.66722,25.36913],[89.66721,25.36895],[89.66662,25.36896],[89.66662,25.36914],[89.66622,25.36915],[89.66622,25.36897],[89.66602,25.36897],[89.666,25.36825],[89.66581,25.36825],[89.6658,25.36789],[89.6656,25.3679],[89.66559,25.36754],[89.66519,25.36754],[89.66519,25.36736],[89.66459,25.36737],[89.66439,25.36702],[89.66399,25.36702],[89.66399,25.36684],[89.66339,25.36685],[89.66318,25.3665],[89.66299,25.3665],[89.66298,25.36632],[89.66278,25.36632],[89.66277,25.36578],[89.66218,25.36579],[89.6622,25.36669],[89.66259,25.36669],[89.66262,25.36795],[89.66282,25.36795],[89.66283,25.36831],[89.66323,25.36848],[89.66323,25.36866],[89.66403,25.36865],[89.66423,25.369],[89.66443,25.369],[89.66444,25.36918],[89.66463,25.36918],[89.66464,25.36954],[89.66504,25.36971],[89.66505,25.36989],[89.66525,25.36989],[89.66525,25.37007],[89.66545,25.37007],[89.66545,25.37025],[89.66585,25.37024],[89.66586,25.3706],[89.66606,25.3706],[89.66609,25.37204],[89.66589,25.37204],[89.66589,25.37222],[89.6649,25.37224],[89.66492,25.37332],[89.66512,25.37332],[89.66513,25.37386],[89.66533,25.37386],[89.66535,25.37476],[89.66457,25.37513],[89.66438,25.37586],[89.66418,25.37586],[89.66419,25.37622],[89.66459,25.37622]]]}},{"type":"Feature","properties":{"kind":"land","ha":26.5},"geometry":{"type":"Polygon","coordinates":[[[89.69962,25.37034],[89.69981,25.36998],[89.70001,25.36998],[89.70001,25.3698],[89.70021,25.36979],[89.70021,25.36997],[89.70101,25.36996],[89.70101,25.37014],[89.70141,25.37013],[89.7014,25.36995],[89.7016,25.36995],[89.70139,25.36959],[89.7012,25.36959],[89.70119,25.36941],[89.7004,25.36943],[89.70039,25.36925],[89.7,25.36925],[89.69979,25.3689],[89.69959,25.3689],[89.69958,25.36836],[89.69938,25.36836],[89.69957,25.368],[89.70156,25.36796],[89.70155,25.36778],[89.70175,25.36778],[89.70174,25.36742],[89.70134,25.36724],[89.70133,25.36652],[89.70113,25.36653],[89.70114,25.36725],[89.70055,25.36726],[89.70054,25.36708],[89.70015,25.36709],[89.70014,25.36691],[89.69975,25.36691],[89.69954,25.36656],[89.69993,25.36637],[89.69993,25.36619],[89.70092,25.36617],[89.70091,25.36563],[89.70031,25.36564],[89.70031,25.36546],[89.70011,25.36546],[89.7001,25.36492],[89.7003,25.36492],[89.70029,25.36474],[89.70129,25.36472],[89.70128,25.36454],[89.70188,25.36453],[89.70188,25.36471],[89.70228,25.3647],[89.70228,25.36488],[89.70268,25.36487],[89.70267,25.36451],[89.70247,25.36452],[89.70245,25.36361],[89.70265,25.36361],[89.70263,25.36271],[89.70243,25.36271],[89.70243,25.36235],[89.70202,25.36218],[89.70202,25.362],[89.70182,25.362],[89.70181,25.36164],[89.70161,25.36164],[89.70161,25.36146],[89.70082,25.36148],[89.70081,25.3613],[89.70042,25.36131],[89.70041,25.36113],[89.70001,25.36113],[89.70001,25.36095],[89.69802,25.36099],[89.69803,25.36117],[89.69763,25.36118],[89.69765,25.3619],[89.69785,25.36189],[89.69789,25.36406],[89.6977,25.36406],[89.69771,25.36478],[89.69751,25.36479],[89.69753,25.36533],[89.69792,25.36514],[89.69812,25.3655],[89.69832,25.3655],[89.69833,25.36568],[89.69853,25.36567],[89.69853,25.36585],[89.69833,25.36586],[89.69835,25.36676],[89.69855,25.36675],[89.69856,25.3673],[89.69876,25.36729],[89.69877,25.36765],[89.69897,25.36765],[89.69898,25.36819],[89.69918,25.36819],[89.69919,25.36855],[89.69938,25.36854],[89.69939,25.36872],[89.69919,25.36873],[89.6992,25.36927],[89.699,25.36927],[89.69902,25.37017],[89.69922,25.37017],[89.69923,25.37035],[89.69962,25.37034]],[[89.69886,25.36296],[89.69926,25.36295],[89.69945,25.36259],[89.69965,25.36258],[89.69965,25.3624],[89.69984,25.3624],[89.69984,25.36222],[89.70004,25.36221],[89.70003,25.36203],[89.70083,25.3622],[89.70104,25.36256],[89.70124,25.36255],[89.70125,25.36291],[89.70105,25.36292],[89.70105,25.3631],[89.70065,25.36311],[89.70066,25.36329],[89.69867,25.36332],[89.69886,25.36296]],[[89.69804,25.36189],[89.69844,25.36188],[89.69845,25.36224],[89.69825,25.36225],[89.69804,25.36189]]]}},{"type":"Feature","properties":{"kind":"land","ha":18.5},"geometry":{"type":"Polygon","coordinates":[[[89.6528,25.37318],[89.65273,25.36975],[89.65253,25.36976],[89.65249,25.36795],[89.65229,25.36796],[89.65229,25.36778],[89.65248,25.36777],[89.65247,25.36705],[89.65227,25.36705],[89.65225,25.36597],[89.65245,25.36597],[89.65241,25.36416],[89.6526,25.36416],[89.65258,25.3629],[89.65278,25.36289],[89.65277,25.36253],[89.65297,25.36253],[89.65313,25.36108],[89.65293,25.36109],[89.65292,25.36055],[89.65173,25.36057],[89.65174,25.36075],[89.65154,25.36075],[89.65154,25.36111],[89.65135,25.36112],[89.65118,25.36256],[89.65098,25.36257],[89.65099,25.36293],[89.65079,25.36293],[89.6508,25.36329],[89.6506,25.36329],[89.65069,25.36726],[89.65088,25.36726],[89.6509,25.3678],[89.65109,25.3678],[89.65111,25.36834],[89.65131,25.36834],[89.65131,25.3687],[89.65151,25.36869],[89.65174,25.37013],[89.65194,25.37013],[89.65196,25.37103],[89.65216,25.37103],[89.65217,25.37175],[89.65237,25.37175],[89.65239,25.37247],[89.65259,25.37246],[89.6526,25.37319],[89.6528,25.37318]]]}},{"type":"Feature","properties":{"kind":"land","ha":5.5},"geometry":{"type":"Polygon","coordinates":[[[89.63706,25.36191],[89.63706,25.36209],[89.63687,25.3621],[89.63687,25.36246],[89.63648,25.36265],[89.6367,25.36336],[89.63689,25.36336],[89.6369,25.36372],[89.6377,25.36371],[89.63769,25.36353],[89.63809,25.36352],[89.63809,25.36334],[89.63848,25.36333],[89.63849,25.36351],[89.63908,25.3635],[89.63909,25.36368],[89.63928,25.36368],[89.63928,25.36332],[89.63888,25.36332],[89.63887,25.36296],[89.63867,25.36297],[89.63866,25.36243],[89.63926,25.36242],[89.63924,25.36169],[89.63904,25.3617],[89.63903,25.36134],[89.63863,25.36116],[89.63863,25.36098],[89.63843,25.36099],[89.63843,25.36081],[89.63823,25.36081],[89.63822,25.36063],[89.63743,25.36082],[89.63746,25.36191],[89.63706,25.36191]],[[89.63786,25.3619],[89.63806,25.36226],[89.63826,25.36225],[89.63826,25.36243],[89.63807,25.36244],[89.63807,25.36262],[89.63767,25.36262],[89.63767,25.36244],[89.63747,25.36245],[89.63746,25.36191],[89.63786,25.3619]]]}},{"type":"Feature","properties":{"kind":"land","ha":10.4},"geometry":{"type":"Polygon","coordinates":[[[89.71948,25.36095],[89.71928,25.36096],[89.71927,25.3606],[89.71887,25.36042],[89.71887,25.36024],[89.71867,25.36025],[89.71866,25.36007],[89.71846,25.36007],[89.71846,25.35989],[89.71806,25.3599],[89.71806,25.35972],[89.71786,25.35972],[89.71785,25.35936],[89.71745,25.35919],[89.71745,25.35901],[89.71625,25.35885],[89.71627,25.35975],[89.71667,25.35992],[89.71689,25.36064],[89.71709,25.36064],[89.71709,25.361],[89.7175,25.36117],[89.7175,25.36135],[89.7177,25.36135],[89.7177,25.36153],[89.7179,25.36153],[89.7179,25.36171],[89.7181,25.3617],[89.71811,25.36188],[89.71831,25.36188],[89.71831,25.36206],[89.71851,25.36206],[89.71851,25.36224],[89.71871,25.36223],[89.71872,25.36241],[89.71891,25.36241],[89.71892,25.36259],[89.71912,25.36259],[89.71912,25.36277],[89.71952,25.36276],[89.71972,25.36312],[89.71992,25.36311],[89.71993,25.36329],[89.72013,25.36329],[89.72013,25.36347],[89.72093,25.36363],[89.72093,25.36382],[89.72212,25.36379],[89.7219,25.36271],[89.7215,25.36254],[89.72149,25.36236],[89.7209,25.36237],[89.7209,25.36219],[89.7207,25.3622],[89.72069,25.36183],[89.72029,25.36166],[89.72028,25.36148],[89.72008,25.36148],[89.72008,25.3613],[89.71988,25.36131],[89.71988,25.36113],[89.71948,25.36113],[89.71948,25.36095]],[[89.71949,25.3615],[89.71929,25.3615],[89.71931,25.36222],[89.71911,25.36222],[89.7189,25.36187],[89.7187,25.36187],[89.7187,25.36169],[89.7185,25.36169],[89.71849,25.36133],[89.71889,25.36133],[89.71889,25.36115],[89.71948,25.36113],[89.71949,25.3615]]]}},{"type":"Feature","properties":{"kind":"land","ha":20.9},"geometry":{"type":"Polygon","coordinates":[[[89.66777,25.36732],[89.66776,25.36695],[89.66796,25.36695],[89.66793,25.36551],[89.66773,25.36551],[89.66774,25.36587],[89.66754,25.36588],[89.66755,25.36606],[89.66735,25.36606],[89.66736,25.3666],[89.66696,25.36661],[89.66695,25.36625],[89.66655,25.36607],[89.66654,25.36571],[89.66635,25.36572],[89.66633,25.36518],[89.66673,25.36499],[89.66672,25.36481],[89.66732,25.3648],[89.66732,25.36498],[89.66752,25.36497],[89.66752,25.36479],[89.66791,25.36479],[89.66792,25.36497],[89.66812,25.36496],[89.66811,25.3646],[89.66831,25.3646],[89.66826,25.36243],[89.66806,25.36244],[89.66805,25.3619],[89.66785,25.3619],[89.66804,25.36154],[89.66784,25.36154],[89.66783,25.361],[89.66763,25.361],[89.66762,25.36064],[89.66743,25.36064],[89.66742,25.36046],[89.66722,25.36047],[89.6672,25.3592],[89.667,25.35921],[89.66703,25.36047],[89.66663,25.36048],[89.66663,25.36066],[89.66604,25.36067],[89.66585,25.36103],[89.66565,25.36104],[89.66565,25.3614],[89.66546,25.3614],[89.66548,25.3623],[89.66508,25.36249],[89.66509,25.36303],[89.6649,25.36304],[89.66491,25.36358],[89.66511,25.36357],[89.66513,25.36448],[89.66493,25.36448],[89.66494,25.3652],[89.66475,25.3652],[89.66475,25.36539],[89.66415,25.3654],[89.66395,25.36504],[89.66375,25.36504],[89.66374,25.36486],[89.66355,25.36487],[89.66354,25.3645],[89.66274,25.36434],[89.66295,25.36506],[89.66315,25.36505],[89.66316,25.36541],[89.66376,25.3654],[89.66376,25.36576],[89.66417,25.36594],[89.66417,25.36612],[89.66437,25.36611],[89.66437,25.36629],[89.66457,25.36629],[89.66457,25.36647],[89.66497,25.36646],[89.66498,25.36664],[89.66557,25.36663],[89.66558,25.36681],[89.66597,25.36681],[89.66618,25.36716],[89.66658,25.36716],[89.66658,25.36734],[89.66777,25.36732]]]}},{"type":"Feature","properties":{"kind":"land","ha":38.0},"geometry":{"type":"Polygon","coordinates":[[[89.67131,25.37483],[89.6713,25.37429],[89.6715,25.37429],[89.67149,25.37375],[89.67169,25.37374],[89.67167,25.37302],[89.67147,25.37302],[89.67146,25.37266],[89.67166,25.37266],[89.67165,25.37212],[89.67185,25.37211],[89.67183,25.37139],[89.67203,25.37139],[89.67202,25.37103],[89.67222,25.37103],[89.67221,25.37048],[89.67241,25.37048],[89.6722,25.37012],[89.6726,25.36994],[89.67257,25.36867],[89.67177,25.36833],[89.67175,25.36778],[89.67116,25.3678],[89.67115,25.36743],[89.67135,25.36743],[89.67135,25.36725],[89.67194,25.36724],[89.67195,25.36742],[89.67274,25.36741],[89.67253,25.36669],[89.67272,25.36668],[89.67269,25.36524],[89.67289,25.36524],[89.67288,25.3647],[89.67268,25.3647],[89.67266,25.3638],[89.67286,25.36379],[89.67284,25.36307],[89.67304,25.36307],[89.67301,25.36181],[89.67321,25.3618],[89.67318,25.36018],[89.67338,25.36018],[89.67336,25.35927],[89.67276,25.35928],[89.67275,25.35892],[89.67314,25.35874],[89.67314,25.35855],[89.67334,25.35855],[89.67333,25.35819],[89.67353,25.35819],[89.67352,25.35783],[89.67332,25.35783],[89.67333,25.35801],[89.67293,25.35802],[89.67272,25.35766],[89.67193,25.35767],[89.67192,25.35713],[89.67152,25.35696],[89.67151,25.3566],[89.67131,25.3566],[89.67133,25.3575],[89.67153,25.3575],[89.67155,25.3584],[89.67135,25.35841],[89.67136,25.35877],[89.67116,25.35877],[89.67118,25.35949],[89.67098,25.3595],[89.67098,25.35986],[89.67079,25.35986],[89.67079,25.36004],[89.67059,25.36005],[89.6706,25.36041],[89.6704,25.36041],[89.67041,25.36095],[89.67021,25.36095],[89.67023,25.3615],[89.67003,25.3615],[89.67006,25.36276],[89.67025,25.36276],[89.67029,25.3642],[89.67069,25.36438],[89.67071,25.36528],[89.67031,25.36546],[89.67032,25.36565],[89.67012,25.36565],[89.67015,25.36709],[89.67055,25.36727],[89.67077,25.36798],[89.67096,25.36798],[89.67098,25.36852],[89.67058,25.36835],[89.67057,25.36799],[89.67037,25.36799],[89.67036,25.36781],[89.66997,25.36782],[89.66996,25.36764],[89.66977,25.36764],[89.66977,25.36782],[89.66957,25.36782],[89.66961,25.36945],[89.6698,25.36944],[89.66982,25.36999],[89.67002,25.36998],[89.67003,25.37052],[89.67023,25.37052],[89.67023,25.37088],[89.67063,25.37105],[89.67064,25.37141],[89.67084,25.37141],[89.67085,25.37195],[89.67105,25.37195],[89.67108,25.37321],[89.67128,25.37321],[89.6713,25.37411],[89.6711,25.37411],[89.67112,25.37484],[89.67131,25.37483]],[[89.67166,25.36364],[89.67146,25.36364],[89.67146,25.36346],[89.67166,25.36346],[89.67166,25.36364]],[[89.67185,25.36309],[89.67225,25.36308],[89.67226,25.36344],[89.67166,25.36346],[89.67185,25.36309]]]}},{"type":"Feature","properties":{"kind":"land","ha":97.8},"geometry":{"type":"Polygon","coordinates":[[[89.68137,25.37158],[89.68156,25.37122],[89.68196,25.37121],[89.68196,25.37103],[89.68235,25.37102],[89.68256,25.37138],[89.68276,25.37137],[89.68276,25.37156],[89.68296,25.37155],[89.68295,25.37119],[89.68315,25.37119],[89.68314,25.37065],[89.68334,25.37064],[89.68332,25.36974],[89.68352,25.36974],[89.68351,25.36956],[89.68391,25.36955],[89.68391,25.36937],[89.68431,25.36954],[89.68431,25.36972],[89.68411,25.36973],[89.68413,25.37027],[89.68393,25.37027],[89.68394,25.37063],[89.68413,25.37063],[89.68414,25.37081],[89.68453,25.37062],[89.68453,25.37044],[89.68473,25.37044],[89.68472,25.37026],[89.68492,25.37025],[89.68491,25.36971],[89.68511,25.36971],[89.6851,25.36935],[89.6847,25.36917],[89.68469,25.36881],[89.68449,25.36882],[89.68448,25.36828],[89.68428,25.36828],[89.68425,25.36702],[89.68445,25.36701],[89.68444,25.36629],[89.68463,25.36629],[89.68463,25.36593],[89.68443,25.36593],[89.68442,25.36575],[89.68363,25.36576],[89.68362,25.3654],[89.68401,25.36522],[89.68401,25.36485],[89.68321,25.36469],[89.6832,25.36433],[89.6834,25.36432],[89.68338,25.36342],[89.68358,25.36342],[89.68357,25.36306],[89.68417,25.36305],[89.68437,25.3634],[89.68457,25.3634],[89.68458,25.36376],[89.68498,25.36393],[89.68498,25.36411],[89.68518,25.36411],[89.68519,25.36429],[89.68558,25.36428],[89.68579,25.36464],[89.68599,25.36464],[89.68599,25.36482],[89.68619,25.36481],[89.68615,25.36319],[89.68596,25.36319],[89.68594,25.36265],[89.68575,25.36266],[89.68574,25.3623],[89.68554,25.3623],[89.68553,25.36194],[89.68533,25.36194],[89.68532,25.36158],[89.68513,25.36159],[89.68509,25.35978],[89.68489,25.35978],[89.68488,25.35942],[89.68448,25.35925],[89.68447,25.35907],[89.68428,25.35907],[89.68406,25.35836],[89.68386,25.35836],[89.68385,25.35764],[89.68365,25.35764],[89.68363,25.35692],[89.68343,25.35692],[89.68343,25.35656],[89.68303,25.35657],[89.68281,25.35585],[89.68262,25.35586],[89.68261,25.35568],[89.68221,25.35568],[89.68221,25.3555],[89.68201,25.35551],[89.68202,25.35587],[89.68222,25.35586],[89.68223,25.3564],[89.68243,25.3564],[89.68244,25.35676],[89.68264,25.35676],[89.68264,25.35712],[89.68304,25.35729],[89.68305,25.35747],[89.68325,25.35747],[89.68326,25.35801],[89.68346,25.35801],[89.68347,25.35837],[89.68366,25.35836],[89.68371,25.36035],[89.68351,25.36035],[89.68351,25.36053],[89.68292,25.36054],[89.68292,25.36072],[89.68272,25.36073],[89.68273,25.36109],[89.68253,25.36109],[89.68254,25.36163],[89.68235,25.36164],[89.68236,25.36236],[89.68216,25.36236],[89.68217,25.36254],[89.68237,25.36254],[89.68237,25.3629],[89.68257,25.3629],[89.6826,25.36434],[89.68241,25.36434],[89.68242,25.36488],[89.68282,25.36506],[89.68282,25.36524],[89.68302,25.36523],[89.68303,25.36559],[89.68323,25.36559],[89.68304,25.36596],[89.68185,25.36598],[89.68164,25.36562],[89.68144,25.36562],[89.68143,25.36526],[89.68183,25.36507],[89.68182,25.36471],[89.68102,25.36473],[89.68102,25.36455],[89.68062,25.36456],[89.68042,25.3642],[89.68022,25.3642],[89.68021,25.36402],[89.67982,25.36403],[89.67981,25.36367],[89.67961,25.36367],[89.6796,25.36313],[89.68,25.36312],[89.67999,25.36294],[89.67959,25.36295],[89.67939,25.36259],[89.67919,25.3626],[89.67919,25.36242],[89.67839,25.36225],[89.67838,25.36207],[89.67779,25.36208],[89.67778,25.3619],[89.67739,25.36191],[89.67738,25.36173],[89.67718,25.36173],[89.67718,25.36155],[89.67877,25.36152],[89.67897,25.36188],[89.67917,25.36187],[89.67918,25.36205],[89.67977,25.36204],[89.67956,25.36133],[89.67936,25.36133],[89.67935,25.36097],[89.67895,25.3608],[89.67893,25.35989],[89.67774,25.35973],[89.67773,25.35955],[89.67753,25.35956],[89.67753,25.3592],[89.67712,25.35902],[89.67712,25.35884],[89.67652,25.35885],[89.67653,25.35903],[89.67573,25.35905],[89.67574,25.35923],[89.67534,25.35924],[89.67534,25.35942],[89.67515,25.35942],[89.67515,25.35978],[89.67535,25.35978],[89.67536,25.35996],[89.67516,25.35996],[89.67516,25.36014],[89.67477,25.36015],[89.67476,25.35997],[89.67417,25.35998],[89.67416,25.3598],[89.67376,25.35981],[89.67379,25.36107],[89.67359,25.36107],[89.6736,25.36143],[89.6734,25.36144],[89.67341,25.36198],[89.67322,25.36198],[89.67342,25.36234],[89.67362,25.36234],[89.67362,25.36216],[89.67401,25.36215],[89.67401,25.36197],[89.67421,25.36196],[89.67421,25.36215],[89.67441,25.36214],[89.67442,25.3625],[89.67403,25.36269],[89.67403,25.36287],[89.67383,25.36287],[89.67384,25.36305],[89.67364,25.36306],[89.67363,25.36288],[89.67343,25.36288],[89.67343,25.36252],[89.67323,25.36252],[89.67326,25.36415],[89.67307,25.36415],[89.67311,25.36596],[89.6733,25.36595],[89.67334,25.3674],[89.67353,25.36739],[89.67353,25.36703],[89.67372,25.36703],[89.67372,25.36685],[89.67392,25.36684],[89.67413,25.3672],[89.67492,25.36737],[89.67493,25.36755],[89.67513,25.36754],[89.67513,25.3679],[89.67494,25.36791],[89.67494,25.36827],[89.67534,25.36826],[89.67535,25.36844],[89.67594,25.36843],[89.67594,25.36861],[89.67654,25.3686],[89.67675,25.36896],[89.67695,25.36895],[89.67695,25.36913],[89.67774,25.36912],[89.67775,25.3693],[89.67814,25.36929],[89.67815,25.36965],[89.67835,25.36965],[89.67836,25.36983],[89.67915,25.37],[89.67916,25.37018],[89.67995,25.37016],[89.68016,25.37052],[89.68036,25.37052],[89.68037,25.37088],[89.68077,25.37105],[89.68077,25.37141],[89.68097,25.37141],[89.68098,25.37159],[89.68137,25.37158]],[[89.6799,25.368],[89.6803,25.36781],[89.68029,25.36763],[89.68049,25.36763],[89.6805,25.36781],[89.68069,25.3678],[89.6807,25.36816],[89.6809,25.36816],[89.68091,25.3687],[89.68071,25.3687],[89.68072,25.36907],[89.67993,25.36908],[89.6799,25.368]],[[89.6813,25.36815],[89.6815,25.36815],[89.68149,25.36779],[89.68169,25.36778],[89.68169,25.36797],[89.68189,25.36796],[89.6819,25.36832],[89.6815,25.36851],[89.6813,25.36815]],[[89.67831,25.36785],[89.67791,25.36785],[89.67791,25.36767],[89.67751,25.36768],[89.67752,25.36786],[89.67692,25.36787],[89.67692,25.36769],[89.67672,25.36769],[89.67671,25.36715],[89.6771,25.36697],[89.6771,25.36679],[89.67769,25.36677],[89.67769,25.36659],[89.67789,25.36659],[89.67788,25.36623],[89.67808,25.36623],[89.67805,25.36514],[89.67825,25.36514],[89.67824,25.36478],[89.67864,25.36477],[89.67885,25.36513],[89.67905,25.36513],[89.67905,25.36531],[89.67925,25.3653],[89.67926,25.36566],[89.67966,25.36584],[89.67966,25.36602],[89.67986,25.36601],[89.67988,25.36673],[89.67948,25.36692],[89.6795,25.36746],[89.6793,25.36747],[89.6793,25.36783],[89.67911,25.36783],[89.67911,25.36801],[89.67832,25.36803],[89.67831,25.36785]],[[89.68325,25.36649],[89.68305,25.3665],[89.68304,25.36614],[89.68344,25.36613],[89.68365,25.36649],[89.68384,25.36648],[89.68385,25.36684],[89.68345,25.36685],[89.68325,25.36649]],[[89.6757,25.36645],[89.6759,25.36645],[89.6759,25.36681],[89.67571,25.36681],[89.6757,25.36645]],[[89.67627,25.36518],[89.67567,25.36519],[89.67567,25.36501],[89.67467,25.36502],[89.67447,25.36467],[89.67506,25.36466],[89.67507,25.36484],[89.67685,25.3648],[89.67687,25.36535],[89.67627,25.36536],[89.67627,25.36518]],[[89.67387,25.36468],[89.67407,25.36467],[89.67407,25.36486],[89.67388,25.36486],[89.67387,25.36468]],[[89.67704,25.36426],[89.67684,25.36426],[89.67683,25.36354],[89.67722,25.36353],[89.67723,25.36371],[89.67743,25.36371],[89.67744,25.36425],[89.67704,25.36444],[89.67704,25.36426]],[[89.67558,25.36104],[89.67478,25.36087],[89.67477,25.36051],[89.67457,25.36051],[89.67457,25.36033],[89.67497,25.36033],[89.67497,25.36051],[89.67557,25.3605],[89.67577,25.36085],[89.67637,25.36084],[89.67637,25.36102],[89.67677,25.36102],[89.67677,25.3612],[89.67697,25.36119],[89.67698,25.36137],[89.67579,25.36139],[89.67558,25.36104]]]}},{"type":"Feature","properties":{"kind":"land","ha":40.2},"geometry":{"type":"Polygon","coordinates":[[[89.73173,25.36704],[89.73173,25.36686],[89.73232,25.36685],[89.73233,25.36703],[89.73253,25.36703],[89.73252,25.36667],[89.73232,25.36667],[89.73231,25.36631],[89.73211,25.36632],[89.73211,25.36613],[89.7325,25.36613],[89.73269,25.3654],[89.73308,25.36539],[89.73308,25.36521],[89.73268,25.36522],[89.73248,25.36486],[89.73208,25.36487],[89.73208,25.36469],[89.73188,25.3647],[89.73186,25.36415],[89.73226,25.36415],[89.73245,25.36378],[89.73265,25.36378],[89.73265,25.3636],[89.73285,25.36359],[89.73284,25.36341],[89.73304,25.36341],[89.73302,25.36251],[89.73262,25.36234],[89.73263,25.36306],[89.73204,25.36307],[89.73203,25.36289],[89.73184,25.36289],[89.73181,25.36163],[89.7322,25.36162],[89.73221,25.3618],[89.73241,25.3618],[89.73242,25.36216],[89.73261,25.36215],[89.7326,25.36143],[89.7324,25.36144],[89.73238,25.36035],[89.73218,25.36036],[89.73215,25.3591],[89.73195,25.3591],[89.73194,25.35874],[89.73154,25.35857],[89.73157,25.35983],[89.73117,25.35984],[89.73117,25.35965],[89.73097,25.35966],[89.73096,25.3593],[89.73056,25.35912],[89.73056,25.35894],[89.73016,25.35895],[89.73015,25.35841],[89.72975,25.35824],[89.72974,25.35806],[89.72934,25.35806],[89.72935,25.35824],[89.72875,25.35826],[89.72873,25.35717],[89.72893,25.35717],[89.72891,25.35645],[89.72911,25.35644],[89.72908,25.35536],[89.72949,25.35554],[89.7297,25.35625],[89.7299,25.35625],[89.72991,25.35661],[89.73011,25.35661],[89.73011,25.35679],[89.73051,25.35678],[89.73049,25.35624],[89.7303,25.35624],[89.73028,25.35552],[89.73048,25.35552],[89.73047,25.35534],[89.73028,25.35534],[89.73027,25.35516],[89.72987,25.35517],[89.72986,25.35463],[89.73006,25.35462],[89.73005,25.35426],[89.72985,25.35426],[89.72985,25.3539],[89.72945,25.35373],[89.72944,25.35355],[89.72924,25.35355],[89.72923,25.35319],[89.72904,25.3532],[89.72902,25.3523],[89.72882,25.3523],[89.72883,25.35266],[89.72843,25.35285],[89.72844,25.35321],[89.72805,25.3534],[89.72806,25.35412],[89.72787,25.35412],[89.72787,25.35448],[89.72767,25.35449],[89.7277,25.35557],[89.7275,25.35557],[89.72751,25.35611],[89.72731,25.35612],[89.72733,25.35666],[89.72713,25.35666],[89.72716,25.35792],[89.72735,25.35792],[89.72736,25.3581],[89.72716,25.3581],[89.72717,25.35865],[89.72737,25.35864],[89.72738,25.359],[89.72758,25.359],[89.72758,25.35918],[89.72778,25.35918],[89.72799,25.35989],[89.72819,25.35989],[89.72821,25.36043],[89.7284,25.36043],[89.72841,25.36061],[89.729,25.3606],[89.72901,25.36096],[89.72842,25.36097],[89.72844,25.36223],[89.72864,25.36223],[89.72866,25.36295],[89.72886,25.36295],[89.72887,25.36331],[89.72906,25.3633],[89.72909,25.36457],[89.72929,25.36456],[89.72931,25.36528],[89.72971,25.36546],[89.72971,25.36564],[89.72991,25.36563],[89.72992,25.36581],[89.73011,25.36581],[89.73012,25.36617],[89.73032,25.36617],[89.73032,25.36635],[89.73072,25.36634],[89.73093,25.3667],[89.73113,25.36669],[89.73113,25.36687],[89.73133,25.36687],[89.73133,25.36705],[89.73173,25.36704]],[[89.73071,25.36562],[89.7313,25.36561],[89.73131,25.36615],[89.73072,25.36616],[89.73071,25.36562]],[[89.73149,25.36524],[89.73169,25.36524],[89.73169,25.36542],[89.7315,25.36542],[89.73149,25.36524]],[[89.73148,25.36488],[89.73149,25.36506],[89.73129,25.36507],[89.73129,25.36489],[89.73148,25.36488]],[[89.73109,25.36489],[89.73108,25.36453],[89.73128,25.36453],[89.73129,25.36489],[89.73109,25.36489]],[[89.73088,25.36453],[89.73088,25.36435],[89.73107,25.36435],[89.73108,25.36453],[89.73088,25.36453]],[[89.73068,25.36436],[89.73047,25.364],[89.73027,25.364],[89.73027,25.36382],[89.73007,25.36383],[89.72985,25.36311],[89.72905,25.36276],[89.72904,25.3624],[89.72924,25.3624],[89.72924,25.36222],[89.72964,25.36221],[89.72964,25.36257],[89.73005,25.36274],[89.73005,25.3631],[89.73045,25.36328],[89.73046,25.36346],[89.73066,25.36345],[89.73067,25.36382],[89.73086,25.36381],[89.73088,25.36435],[89.73068,25.36436]],[[89.73084,25.36291],[89.73124,25.36272],[89.73145,25.36344],[89.73125,25.36344],[89.73126,25.36362],[89.73086,25.36363],[89.73084,25.36291]],[[89.73043,25.3622],[89.73063,25.36219],[89.73064,25.36255],[89.73044,25.36256],[89.73043,25.3622]],[[89.72868,25.35483],[89.72848,25.35483],[89.72846,25.35411],[89.72886,25.3541],[89.72886,25.35428],[89.72906,25.35428],[89.72908,25.355],[89.72868,25.35501],[89.72868,25.35483]]]}},{"type":"Feature","properties":{"kind":"land","ha":3.1},"geometry":{"type":"Polygon","coordinates":[[[89.68296,25.3535],[89.68296,25.35332],[89.68355,25.35331],[89.68355,25.35313],[89.68414,25.35312],[89.68415,25.3533],[89.68455,25.35329],[89.68454,25.35293],[89.68474,25.35293],[89.68472,25.35239],[89.68453,25.35239],[89.68451,25.35149],[89.6841,25.35132],[89.6841,25.35114],[89.68371,25.35132],[89.68371,25.3515],[89.68351,25.35151],[89.68352,25.35169],[89.68332,25.35169],[89.68332,25.35187],[89.68312,25.35188],[89.68315,25.35296],[89.68275,25.35297],[89.68275,25.35315],[89.68256,25.35315],[89.68256,25.35351],[89.68296,25.3535]]]}},{"type":"Feature","properties":{"kind":"land","ha":3.4},"geometry":{"type":"Polygon","coordinates":[[[89.63013,25.35392],[89.63012,25.35337],[89.62992,25.35338],[89.62991,25.35284],[89.62951,25.35266],[89.62951,25.35248],[89.62911,25.35249],[89.62911,25.35231],[89.62871,25.35232],[89.6287,25.35214],[89.62831,25.35214],[89.6281,25.35179],[89.6279,25.35179],[89.62789,25.35125],[89.62769,25.35125],[89.62768,25.35089],[89.62749,25.35089],[89.62748,25.35071],[89.62709,25.35072],[89.62688,25.35036],[89.62648,25.35037],[89.6265,25.35109],[89.6269,25.35127],[89.6269,25.35145],[89.6271,25.35144],[89.6271,25.35162],[89.6273,25.35162],[89.62731,25.3518],[89.62751,25.3518],[89.62751,25.35198],[89.62771,25.35197],[89.62772,25.35251],[89.62812,25.35269],[89.62812,25.35287],[89.62892,25.35285],[89.62892,25.35303],[89.62932,25.35303],[89.62933,25.35339],[89.62973,25.35356],[89.62973,25.35374],[89.62993,25.35374],[89.62994,25.35392],[89.63013,25.35392]]]}},{"type":"Feature","properties":{"kind":"land","ha":4.5},"geometry":{"type":"Polygon","coordinates":[[[89.7371,25.3498],[89.73709,25.34944],[89.7369,25.34944],[89.73689,25.34908],[89.73649,25.34891],[89.73648,25.34873],[89.73628,25.34873],[89.73628,25.34855],[89.73608,25.34855],[89.73608,25.34837],[89.73588,25.34838],[89.73587,25.34802],[89.73547,25.34784],[89.73547,25.34766],[89.73527,25.34767],[89.73526,25.34731],[89.73486,25.34713],[89.73485,25.34659],[89.73445,25.34642],[89.73444,25.34624],[89.73424,25.34624],[89.73424,25.34606],[89.73404,25.34607],[89.73403,25.34552],[89.73383,25.34553],[89.73382,25.34517],[89.73362,25.34517],[89.73361,25.34481],[89.73342,25.34481],[89.73341,25.34445],[89.73301,25.34428],[89.73301,25.34464],[89.73321,25.34464],[89.73324,25.34572],[89.73344,25.34572],[89.73345,25.34644],[89.73385,25.34661],[89.73386,25.34679],[89.73406,25.34679],[89.73406,25.34715],[89.73447,25.34732],[89.73447,25.3475],[89.73467,25.3475],[89.73467,25.34768],[89.73487,25.34767],[89.73488,25.34822],[89.73508,25.34821],[89.7351,25.34893],[89.7355,25.34911],[89.7355,25.34929],[89.7357,25.34928],[89.7357,25.3491],[89.73629,25.34909],[89.7365,25.34945],[89.7367,25.34945],[89.7367,25.34963],[89.7369,25.34962],[89.7369,25.3498],[89.7371,25.3498]]]}},{"type":"Feature","properties":{"kind":"land","ha":35.6},"geometry":{"type":"Polygon","coordinates":[[[89.67331,25.35729],[89.67311,25.35693],[89.6733,25.35693],[89.6733,25.35675],[89.6737,25.35674],[89.67365,25.35457],[89.67345,25.35458],[89.67343,25.35368],[89.67323,25.35368],[89.67322,25.35296],[89.67302,25.35296],[89.67299,25.35188],[89.6728,25.35188],[89.67278,25.35116],[89.67258,25.35117],[89.67256,25.35026],[89.67236,25.35027],[89.67235,25.34991],[89.67216,25.34991],[89.67215,25.34973],[89.67195,25.34973],[89.67193,25.34883],[89.67154,25.34884],[89.67153,25.34866],[89.67133,25.34866],[89.67132,25.34812],[89.67152,25.34812],[89.67152,25.34794],[89.67191,25.34793],[89.67192,25.34811],[89.67231,25.3481],[89.67233,25.34882],[89.67213,25.34883],[89.67214,25.34901],[89.67273,25.349],[89.67273,25.34882],[89.67293,25.34881],[89.67292,25.34845],[89.67332,25.34844],[89.67331,25.34826],[89.67411,25.34825],[89.67431,25.34861],[89.67451,25.3486],[89.67451,25.34878],[89.67491,25.34878],[89.6751,25.34841],[89.6747,25.34824],[89.6747,25.34806],[89.6745,25.34806],[89.67449,25.34788],[89.6743,25.34789],[89.67429,25.3477],[89.67409,25.34771],[89.67409,25.34753],[89.67488,25.34751],[89.67489,25.34769],[89.67529,25.34769],[89.67528,25.34733],[89.67548,25.34732],[89.67547,25.34714],[89.67587,25.34713],[89.67586,25.34695],[89.67606,25.34695],[89.67606,25.34659],[89.67625,25.34659],[89.67605,25.34623],[89.67585,25.34623],[89.67585,25.34605],[89.67565,25.34606],[89.67564,25.34588],[89.67544,25.34588],[89.67544,25.3457],[89.67505,25.34589],[89.67505,25.34607],[89.67426,25.34608],[89.67424,25.34536],[89.67404,25.34536],[89.67404,25.34518],[89.67364,25.34519],[89.67364,25.34501],[89.67264,25.34503],[89.67265,25.34521],[89.67205,25.34522],[89.67206,25.3454],[89.67166,25.34541],[89.67166,25.34559],[89.67147,25.34559],[89.67147,25.34577],[89.66948,25.34581],[89.66948,25.34563],[89.66928,25.34563],[89.66929,25.34581],[89.66909,25.34581],[89.66911,25.34672],[89.66951,25.34689],[89.66975,25.34869],[89.66994,25.34869],[89.66998,25.35049],[89.67018,25.35049],[89.67019,25.35085],[89.67039,25.35084],[89.6704,25.35157],[89.67081,25.35174],[89.67102,25.35246],[89.67122,25.35245],[89.67124,25.35336],[89.67104,25.35336],[89.67107,25.35462],[89.67087,25.35463],[89.67089,25.35535],[89.67108,25.35534],[89.6711,25.35588],[89.67149,25.35588],[89.67147,25.35461],[89.67127,25.35462],[89.67126,25.35426],[89.67146,25.35425],[89.67144,25.35353],[89.67184,25.35352],[89.67205,25.35424],[89.67245,25.35442],[89.67246,25.3546],[89.67266,25.35459],[89.67266,25.35495],[89.67286,25.35495],[89.67288,25.35585],[89.67249,25.35586],[89.67248,25.3555],[89.67188,25.35551],[89.67189,25.35605],[89.67249,25.35604],[89.67249,25.35622],[89.67269,25.35622],[89.6727,25.35658],[89.6729,25.35657],[89.67291,25.3573],[89.67331,25.35729]],[[89.6711,25.34686],[89.6709,25.34686],[89.67089,25.3465],[89.67109,25.3465],[89.67108,25.34632],[89.67148,25.34631],[89.67149,25.34649],[89.67168,25.34649],[89.67169,25.34685],[89.67149,25.34685],[89.6715,25.34703],[89.6711,25.34704],[89.6711,25.34686]],[[89.67187,25.34612],[89.67168,25.34613],[89.67167,25.34595],[89.67187,25.34594],[89.67187,25.34576],[89.67246,25.34575],[89.67247,25.34593],[89.67266,25.34593],[89.67267,25.34629],[89.67247,25.34629],[89.67248,25.34647],[89.67188,25.34649],[89.67187,25.34612]]]}},{"type":"Feature","properties":{"kind":"land","ha":3.4},"geometry":{"type":"Polygon","coordinates":[[[89.69454,25.34734],[89.6945,25.34553],[89.69431,25.34553],[89.6943,25.34517],[89.6939,25.345],[89.69389,25.34482],[89.69369,25.34482],[89.69369,25.34446],[89.69328,25.34429],[89.69328,25.34393],[89.69308,25.34393],[89.69307,25.34375],[89.69268,25.34376],[89.6927,25.34484],[89.6929,25.34484],[89.69292,25.34574],[89.69332,25.34591],[89.69332,25.34609],[89.69372,25.34609],[89.69393,25.34644],[89.69413,25.34644],[89.69414,25.34716],[89.69434,25.34716],[89.69435,25.34734],[89.69454,25.34734]]]}},{"type":"Feature","properties":{"kind":"land","ha":83.4},"geometry":{"type":"Polygon","coordinates":[[[89.64394,25.35836],[89.64395,25.35908],[89.64336,25.35909],[89.64336,25.35945],[89.64377,25.35963],[89.64377,25.35981],[89.64397,25.3598],[89.64397,25.35998],[89.64417,25.35998],[89.64417,25.36016],[89.64437,25.36016],[89.64438,25.36034],[89.64458,25.36033],[89.64458,25.3607],[89.64498,25.36087],[89.64499,25.36105],[89.64539,25.36104],[89.64559,25.3614],[89.64599,25.36139],[89.64599,25.36157],[89.64679,25.36156],[89.64698,25.36119],[89.64718,25.36119],[89.64717,25.36083],[89.64737,25.36083],[89.64736,25.36047],[89.64775,25.36028],[89.64772,25.35883],[89.64811,25.35865],[89.64811,25.35829],[89.64791,25.35829],[89.6479,25.35811],[89.6481,25.35811],[89.64809,25.35774],[89.64829,25.35774],[89.64828,25.35702],[89.64808,25.35702],[89.64807,25.35684],[89.64728,25.35686],[89.64727,25.3565],[89.64687,25.35632],[89.64687,25.35614],[89.64667,25.35615],[89.64667,25.35597],[89.64647,25.35597],[89.64646,25.35579],[89.64607,25.35598],[89.64603,25.35399],[89.64622,25.35399],[89.64622,25.35381],[89.64662,25.3538],[89.64663,25.35452],[89.64683,25.35452],[89.64684,25.35488],[89.64724,25.35487],[89.64725,25.35523],[89.64744,25.35523],[89.64745,25.35541],[89.64765,25.35541],[89.64766,25.35613],[89.64786,25.35612],[89.64786,25.3563],[89.64846,25.35629],[89.64846,25.35611],[89.64885,25.35611],[89.64904,25.35574],[89.64924,25.35574],[89.64923,25.35538],[89.64943,25.35537],[89.64943,25.35519],[89.64923,25.3552],[89.64942,25.35483],[89.64922,25.35484],[89.6492,25.35375],[89.6494,25.35375],[89.64939,25.35339],[89.64959,25.35339],[89.64958,25.35302],[89.64978,25.35302],[89.64977,25.35266],[89.64997,25.35266],[89.64996,25.3523],[89.65016,25.35229],[89.65014,25.35139],[89.65034,25.35139],[89.65033,25.35085],[89.65053,25.35084],[89.65052,25.35048],[89.65072,25.35048],[89.65088,25.34867],[89.65068,25.34867],[89.65067,25.34849],[89.65087,25.34849],[89.65086,25.34795],[89.65066,25.34795],[89.65063,25.34669],[89.65044,25.34669],[89.65042,25.34597],[89.65062,25.34597],[89.65061,25.34561],[89.65081,25.3456],[89.6508,25.34524],[89.651,25.34524],[89.65099,25.3447],[89.65119,25.34469],[89.65117,25.34397],[89.65077,25.3438],[89.65078,25.34416],[89.65098,25.34416],[89.65098,25.34434],[89.65038,25.34435],[89.65017,25.34363],[89.65037,25.34363],[89.65036,25.34326],[89.64977,25.34328],[89.64977,25.34346],[89.64957,25.34346],[89.6496,25.34472],[89.6492,25.34491],[89.64921,25.34509],[89.64881,25.3451],[89.64882,25.34546],[89.64842,25.34547],[89.64843,25.34565],[89.64823,25.34565],[89.64822,25.34547],[89.64743,25.34548],[89.64743,25.34566],[89.64704,25.34567],[89.64685,25.34604],[89.64665,25.34604],[89.64666,25.34658],[89.64686,25.34658],[89.64687,25.3473],[89.64668,25.3473],[89.64649,25.34803],[89.6461,25.34821],[89.6461,25.34839],[89.6463,25.34839],[89.64631,25.34857],[89.6467,25.34856],[89.64671,25.34911],[89.64632,25.34911],[89.64632,25.34929],[89.64533,25.34931],[89.64533,25.34949],[89.64454,25.34951],[89.64457,25.35077],[89.64417,25.35078],[89.64416,25.3506],[89.64357,25.35061],[89.64356,25.35043],[89.64337,25.35043],[89.64336,25.35007],[89.64316,25.35007],[89.64317,25.35043],[89.64277,25.35062],[89.64279,25.35134],[89.6424,25.35153],[89.64241,25.35225],[89.64261,25.35225],[89.64262,25.35261],[89.64302,25.35278],[89.64302,25.35296],[89.64322,25.35296],[89.64323,25.35314],[89.64343,25.35314],[89.64343,25.35332],[89.64363,25.35331],[89.64364,25.35367],[89.64344,25.35368],[89.64343,25.3535],[89.64264,25.35351],[89.64264,25.35333],[89.64244,25.35333],[89.64244,25.35351],[89.64224,25.35352],[89.64225,25.35388],[89.64205,25.35388],[89.64206,25.35424],[89.64186,25.35425],[89.64188,25.35515],[89.64128,25.35516],[89.64129,25.35552],[89.64169,25.35569],[89.6417,25.35605],[89.6419,25.35605],[89.64192,25.35677],[89.64211,25.35677],[89.64213,25.35767],[89.64233,25.35767],[89.64234,25.35821],[89.64254,25.35821],[89.64255,25.35857],[89.64275,25.35856],[89.64275,25.35874],[89.64315,25.35874],[89.64334,25.35837],[89.64394,25.35836]],[[89.64314,25.35837],[89.64294,25.35802],[89.64333,25.35801],[89.64334,25.35837],[89.64314,25.35837]],[[89.64551,25.35779],[89.64551,25.35743],[89.6459,25.35724],[89.64591,25.3576],[89.6461,25.3576],[89.64613,25.35886],[89.64593,25.35887],[89.64594,25.35923],[89.64574,25.35923],[89.64574,25.35905],[89.64534,25.35906],[89.64535,25.35924],[89.64515,25.35924],[89.64514,25.35906],[89.64435,25.35908],[89.64414,25.35872],[89.64454,25.35853],[89.64453,25.35835],[89.64533,25.35834],[89.64531,25.35779],[89.64551,25.35779]],[[89.64512,25.3578],[89.64511,25.35762],[89.64531,25.35761],[89.64531,25.35779],[89.64512,25.3578]],[[89.64631,25.35778],[89.64651,25.35777],[89.6465,25.35759],[89.6469,25.35759],[89.6469,25.35777],[89.6471,25.35776],[89.64691,25.35813],[89.64651,25.35813],[89.64631,25.35778]],[[89.64425,25.35475],[89.64406,25.35475],[89.64405,25.35457],[89.64445,25.35438],[89.64445,25.35456],[89.64505,25.35455],[89.64505,25.35473],[89.64525,25.35473],[89.64526,25.35509],[89.64486,25.35528],[89.64487,25.35546],[89.64467,25.35546],[89.64468,25.35582],[89.64428,25.35583],[89.64425,25.35475]],[[89.64799,25.35305],[89.64779,25.35306],[89.64779,25.3527],[89.6464,25.35272],[89.64639,25.35254],[89.64619,25.35254],[89.64618,25.352],[89.64578,25.35201],[89.64579,25.35219],[89.64519,25.3522],[89.64519,25.35202],[89.64499,25.35202],[89.64497,25.3513],[89.64537,25.35112],[89.64536,25.35093],[89.64556,25.35093],[89.64556,25.35075],[89.64675,25.35055],[89.64751,25.34909],[89.64771,25.34909],[89.64771,25.34945],[89.64791,25.34945],[89.64792,25.34981],[89.64812,25.3498],[89.64814,25.35052],[89.64833,25.35052],[89.64834,25.35088],[89.64814,25.35088],[89.64817,25.35197],[89.64837,25.35196],[89.64836,25.35178],[89.64876,25.35178],[89.64877,25.35232],[89.64917,25.35231],[89.64918,25.35285],[89.64898,25.35286],[89.64898,25.35304],[89.64839,25.35305],[89.64839,25.35323],[89.648,25.35323],[89.64799,25.35305]],[[89.6456,25.35256],[89.64599,25.35255],[89.646,25.35273],[89.6456,25.35274],[89.6456,25.35256]],[[89.64894,25.35105],[89.64854,25.35088],[89.64854,25.3507],[89.64874,25.35069],[89.64873,25.35051],[89.64913,25.35051],[89.64915,25.35141],[89.64895,25.35141],[89.64894,25.35105]],[[89.64848,25.34817],[89.64868,25.34817],[89.64867,25.34763],[89.64887,25.34762],[89.64886,25.34726],[89.64906,25.34726],[89.64905,25.3469],[89.64925,25.34689],[89.64924,25.34671],[89.64964,25.34671],[89.64985,25.34706],[89.64945,25.34725],[89.64946,25.34761],[89.64926,25.34762],[89.64928,25.34834],[89.64849,25.34835],[89.64848,25.34817]]]}},{"type":"Feature","properties":{"kind":"land","ha":12.2},"geometry":{"type":"Polygon","coordinates":[[[89.61888,25.3478],[89.61886,25.3469],[89.61866,25.3469],[89.61863,25.34546],[89.61902,25.34527],[89.61924,25.34599],[89.61943,25.34598],[89.61945,25.34671],[89.61985,25.3467],[89.61983,25.34598],[89.62003,25.34597],[89.62,25.34471],[89.6204,25.3447],[89.62061,25.34506],[89.62081,25.34506],[89.62081,25.34524],[89.62121,25.34523],[89.62141,25.34559],[89.62161,25.34558],[89.62162,25.34576],[89.62181,25.34576],[89.62182,25.34594],[89.62202,25.34594],[89.62202,25.34612],[89.62222,25.34611],[89.62222,25.3463],[89.62262,25.34629],[89.62262,25.34647],[89.62302,25.34646],[89.62302,25.34664],[89.62342,25.34663],[89.62343,25.34682],[89.62362,25.34681],[89.62341,25.34609],[89.62301,25.34592],[89.623,25.34574],[89.62281,25.34574],[89.6228,25.34556],[89.6226,25.34557],[89.6226,25.34521],[89.6224,25.34521],[89.62239,25.34503],[89.6222,25.34503],[89.62198,25.34431],[89.62178,25.34432],[89.62178,25.34414],[89.62138,25.34414],[89.62138,25.34396],[89.62098,25.34397],[89.62098,25.34379],[89.62038,25.3438],[89.62037,25.34344],[89.62017,25.34344],[89.62017,25.34326],[89.61819,25.3433],[89.6182,25.34384],[89.6184,25.34384],[89.6184,25.3442],[89.6186,25.34419],[89.61861,25.34437],[89.61781,25.34421],[89.61781,25.34439],[89.61741,25.3444],[89.61721,25.34404],[89.61701,25.34404],[89.61702,25.34458],[89.61742,25.34476],[89.61743,25.34494],[89.61762,25.34493],[89.61763,25.34511],[89.61783,25.34511],[89.61785,25.34619],[89.61805,25.34619],[89.61827,25.34727],[89.61847,25.34726],[89.61848,25.34763],[89.61868,25.34762],[89.61868,25.3478],[89.61888,25.3478]]]}},{"type":"Feature","properties":{"kind":"land","ha":12.9},"geometry":{"type":"Polygon","coordinates":[[[89.66419,25.34897],[89.66418,25.34861],[89.66398,25.34861],[89.66398,25.34843],[89.66438,25.34843],[89.66437,25.34788],[89.66396,25.34771],[89.66396,25.34753],[89.66376,25.34753],[89.66375,25.34717],[89.66455,25.34716],[89.66454,25.34698],[89.66435,25.34698],[89.66434,25.34662],[89.66414,25.34663],[89.66413,25.34608],[89.66373,25.34591],[89.66371,25.34501],[89.66351,25.34501],[89.6637,25.34465],[89.6639,25.34464],[89.66389,25.34428],[89.66409,25.34428],[89.66425,25.34283],[89.66385,25.34266],[89.66385,25.34248],[89.66345,25.34249],[89.66325,25.34213],[89.66285,25.34214],[89.66264,25.34178],[89.66244,25.34178],[89.66249,25.34377],[89.66209,25.34377],[89.66188,25.34342],[89.66169,25.34342],[89.66168,25.34306],[89.66148,25.34306],[89.66147,25.3427],[89.66127,25.34271],[89.66125,25.34162],[89.66105,25.34163],[89.66108,25.34307],[89.66128,25.34307],[89.6613,25.34397],[89.6615,25.34397],[89.66151,25.34433],[89.66171,25.34432],[89.66171,25.34468],[89.66191,25.34468],[89.66192,25.34504],[89.66212,25.34504],[89.66213,25.3454],[89.66232,25.34539],[89.66234,25.3463],[89.66254,25.34629],[89.66237,25.34738],[89.66257,25.34738],[89.66257,25.34774],[89.66297,25.34773],[89.66318,25.34809],[89.66338,25.34808],[89.66339,25.3488],[89.66359,25.3488],[89.66359,25.34898],[89.66419,25.34897]]]}},{"type":"Feature","properties":{"kind":"land","ha":16.9},"geometry":{"type":"Polygon","coordinates":[[[89.67083,25.3438],[89.67083,25.34362],[89.67122,25.34361],[89.67122,25.34343],[89.67162,25.34342],[89.67161,25.34324],[89.67201,25.34323],[89.6722,25.34287],[89.6726,25.34286],[89.67259,25.34268],[89.67239,25.34269],[89.67237,25.34178],[89.67297,25.34177],[89.67319,25.34285],[89.67359,25.34284],[89.67359,25.34266],[89.67418,25.34265],[89.67417,25.34193],[89.67376,25.34176],[89.67376,25.3414],[89.67356,25.3414],[89.67355,25.34122],[89.67336,25.34122],[89.67334,25.34032],[89.67314,25.34033],[89.67313,25.33996],[89.67333,25.33996],[89.6733,25.33852],[89.6731,25.33852],[89.67309,25.33816],[89.67289,25.33816],[89.67289,25.33798],[89.67269,25.33799],[89.67268,25.33763],[89.67229,25.33781],[89.6723,25.33818],[89.6721,25.33818],[89.67211,25.33872],[89.67231,25.33872],[89.67232,25.33944],[89.67212,25.33944],[89.67215,25.34052],[89.67195,25.34053],[89.67196,25.34107],[89.67216,25.34107],[89.67216,25.34125],[89.67197,25.34125],[89.67198,25.34179],[89.67158,25.34198],[89.6716,25.3427],[89.6714,25.3427],[89.67141,25.34288],[89.67101,25.34289],[89.67082,25.34326],[89.67062,25.34326],[89.67062,25.34344],[89.66983,25.34345],[89.66962,25.3431],[89.66942,25.3431],[89.66942,25.34292],[89.66902,25.34293],[89.66902,25.34257],[89.66861,25.34239],[89.66861,25.34221],[89.66841,25.34222],[89.66841,25.34204],[89.66801,25.34222],[89.66802,25.34258],[89.66743,25.3426],[89.66741,25.34187],[89.66761,25.34187],[89.6676,25.34151],[89.6672,25.34134],[89.66719,25.34098],[89.66699,25.34098],[89.66698,25.34044],[89.66658,25.34026],[89.66658,25.34008],[89.66638,25.34009],[89.66638,25.33991],[89.66618,25.33991],[89.66617,25.33955],[89.66577,25.33938],[89.66576,25.3392],[89.66557,25.3392],[89.66556,25.33884],[89.66536,25.33884],[89.66535,25.33848],[89.66574,25.33829],[89.66574,25.33811],[89.66534,25.33812],[89.66514,25.33776],[89.66474,25.33795],[89.66477,25.33903],[89.66497,25.33903],[89.66498,25.33957],[89.66518,25.33957],[89.66519,25.34011],[89.66539,25.34011],[89.66539,25.34047],[89.66559,25.34046],[89.6656,25.34082],[89.6658,25.34082],[89.66581,25.34136],[89.66621,25.34153],[89.66643,25.34225],[89.66663,25.34225],[89.66663,25.34261],[89.66703,25.34278],[89.66704,25.34296],[89.66724,25.34296],[89.66724,25.34314],[89.66744,25.34314],[89.66744,25.34332],[89.66824,25.34348],[89.66825,25.34366],[89.66884,25.34365],[89.66884,25.34383],[89.67083,25.3438]]]}},{"type":"Feature","properties":{"kind":"land","ha":33.6},"geometry":{"type":"Polygon","coordinates":[[[89.64178,25.34143],[89.64177,25.34107],[89.64197,25.34107],[89.64197,25.34089],[89.64236,25.34088],[89.64237,25.34124],[89.64257,25.34124],[89.64258,25.3416],[89.64238,25.3416],[89.6424,25.34232],[89.64259,25.34232],[89.6426,25.3425],[89.64319,25.34249],[89.64319,25.34231],[89.64299,25.34231],[89.64298,25.34195],[89.64278,25.34196],[89.64275,25.34051],[89.64256,25.34052],[89.64256,25.3407],[89.64196,25.34071],[89.64195,25.33999],[89.64215,25.33998],[89.64214,25.33962],[89.64273,25.33961],[89.64274,25.33979],[89.64294,25.33979],[89.64293,25.33943],[89.64273,25.33943],[89.64272,25.33889],[89.64252,25.33889],[89.64248,25.33727],[89.64268,25.33727],[89.64268,25.3369],[89.64287,25.3369],[89.64287,25.33654],[89.64306,25.33654],[89.64306,25.33618],[89.64326,25.33617],[89.64324,25.33563],[89.64344,25.33563],[89.64343,25.33491],[89.64362,25.3349],[89.64362,25.33454],[89.64382,25.33454],[89.64379,25.33346],[89.64418,25.33327],[89.64398,25.33291],[89.64359,25.3331],[89.64361,25.334],[89.64341,25.334],[89.64341,25.33436],[89.64302,25.33455],[89.64303,25.33473],[89.64283,25.33474],[89.64284,25.33528],[89.64264,25.33528],[89.64264,25.33546],[89.64106,25.33549],[89.64105,25.33513],[89.64085,25.33513],[89.64085,25.33495],[89.64045,25.33496],[89.64045,25.33514],[89.64025,25.33514],[89.64026,25.3355],[89.63947,25.33552],[89.63946,25.33534],[89.63926,25.33534],[89.63928,25.33588],[89.63888,25.33607],[89.63889,25.33643],[89.63869,25.33643],[89.6387,25.33698],[89.63831,25.33716],[89.63832,25.33752],[89.63812,25.33753],[89.63813,25.33789],[89.63853,25.33806],[89.63854,25.33842],[89.63894,25.3386],[89.63895,25.33914],[89.63855,25.33896],[89.63855,25.33878],[89.63835,25.33879],[89.63813,25.33807],[89.63793,25.33807],[89.63794,25.33843],[89.63774,25.33844],[89.63775,25.33862],[89.63755,25.33862],[89.63756,25.33916],[89.63776,25.33916],[89.63777,25.33988],[89.63758,25.33988],[89.63758,25.34025],[89.63739,25.34025],[89.6374,25.34115],[89.6376,25.34115],[89.63761,25.34133],[89.638,25.34132],[89.63821,25.34168],[89.63861,25.34167],[89.63861,25.34185],[89.63821,25.34186],[89.63822,25.34204],[89.63901,25.34202],[89.63902,25.3422],[89.63941,25.3422],[89.63942,25.34238],[89.63962,25.34237],[89.63962,25.34255],[89.63942,25.34256],[89.63943,25.3431],[89.64003,25.34309],[89.64004,25.34345],[89.64043,25.34344],[89.64043,25.34326],[89.64063,25.34326],[89.64061,25.34236],[89.64021,25.34218],[89.6402,25.34182],[89.64059,25.34164],[89.64059,25.34145],[89.64178,25.34143]],[[89.64019,25.34146],[89.64018,25.34092],[89.64058,25.34091],[89.64059,25.34145],[89.64019,25.34146]],[[89.63919,25.34094],[89.63958,25.34093],[89.63959,25.34129],[89.6392,25.3413],[89.63919,25.34094]],[[89.63937,25.34003],[89.63976,25.34003],[89.63977,25.34039],[89.63957,25.34039],[89.63937,25.34003]],[[89.63837,25.33969],[89.63876,25.3395],[89.63876,25.33932],[89.63915,25.33931],[89.63917,25.34004],[89.63857,25.34005],[89.63837,25.33969]],[[89.63988,25.33641],[89.64008,25.33641],[89.64009,25.33677],[89.63989,25.33677],[89.63988,25.33641]],[[89.64046,25.33568],[89.64066,25.33568],[89.64067,25.33586],[89.64047,25.33586],[89.64046,25.33568]]]}},{"type":"Feature","properties":{"kind":"land","ha":16.5},"geometry":{"type":"Polygon","coordinates":[[[89.65075,25.34308],[89.65076,25.34326],[89.65115,25.34325],[89.65114,25.34235],[89.65094,25.34235],[89.65093,25.34199],[89.65073,25.34199],[89.65071,25.34127],[89.65052,25.34128],[89.65051,25.3411],[89.65012,25.3411],[89.65009,25.33984],[89.65029,25.33984],[89.65027,25.33911],[89.65007,25.33912],[89.65006,25.3384],[89.64986,25.3384],[89.64985,25.33804],[89.64965,25.33804],[89.64964,25.33732],[89.64983,25.33732],[89.64982,25.33678],[89.65002,25.33677],[89.65001,25.33623],[89.65021,25.33623],[89.65018,25.33478],[89.64978,25.33461],[89.64977,25.33443],[89.64957,25.33443],[89.64956,25.33389],[89.64936,25.3339],[89.64935,25.33354],[89.64895,25.33336],[89.64895,25.33318],[89.64875,25.33319],[89.64875,25.33301],[89.64855,25.33301],[89.64854,25.33265],[89.64834,25.33265],[89.64836,25.33337],[89.64796,25.33338],[89.64798,25.3341],[89.64838,25.33428],[89.6484,25.33536],[89.64801,25.33555],[89.64802,25.33591],[89.64841,25.3359],[89.64842,25.33608],[89.64862,25.33608],[89.64862,25.33644],[89.64882,25.33643],[89.64906,25.33823],[89.64886,25.33824],[89.64887,25.3386],[89.64867,25.3386],[89.64867,25.33878],[89.64828,25.33879],[89.64828,25.33897],[89.64808,25.33897],[89.64809,25.33951],[89.6477,25.3397],[89.64771,25.33988],[89.64751,25.33989],[89.64751,25.34007],[89.64771,25.34006],[89.64771,25.34024],[89.64811,25.34024],[89.6483,25.33987],[89.6485,25.33987],[89.6485,25.33969],[89.64909,25.33968],[89.6491,25.34004],[89.6489,25.34004],[89.64892,25.34076],[89.64852,25.34095],[89.64853,25.34113],[89.64793,25.34114],[89.64794,25.34132],[89.64754,25.34133],[89.64735,25.34169],[89.64755,25.34169],[89.64755,25.34187],[89.64795,25.34186],[89.64795,25.34204],[89.64894,25.34203],[89.64894,25.34185],[89.64954,25.34184],[89.64953,25.34165],[89.65013,25.34164],[89.65013,25.34182],[89.65033,25.34182],[89.65034,25.34236],[89.65014,25.34237],[89.65015,25.34273],[89.65035,25.34272],[89.65036,25.34326],[89.65075,25.34308]],[[89.64898,25.33445],[89.64918,25.33444],[89.64918,25.33462],[89.64898,25.33463],[89.64898,25.33445]]]}},{"type":"Feature","properties":{"kind":"land","ha":168.6},"geometry":{"type":"Polygon","coordinates":[[[89.72208,25.35297],[89.72228,25.35296],[89.72227,25.35242],[89.72246,25.35242],[89.72246,25.35206],[89.72285,25.35187],[89.72284,25.35169],[89.72324,25.35168],[89.72325,25.35186],[89.72344,25.35186],[89.72344,25.3515],[89.72363,25.35149],[89.72362,25.35077],[89.72382,25.35077],[89.72381,25.35041],[89.72361,25.35041],[89.7236,25.34987],[89.72321,25.35006],[89.72319,25.34933],[89.72339,25.34933],[89.72338,25.34915],[89.72319,25.34915],[89.72318,25.34897],[89.72338,25.34897],[89.72337,25.34861],[89.72377,25.3486],[89.72398,25.34896],[89.72417,25.34896],[89.72417,25.34859],[89.72436,25.34859],[89.72435,25.34805],[89.72415,25.34805],[89.72415,25.34769],[89.72335,25.34753],[89.72334,25.34735],[89.72295,25.34735],[89.72273,25.34664],[89.72233,25.34664],[89.72232,25.34592],[89.72272,25.34609],[89.72272,25.34628],[89.72312,25.34627],[89.72312,25.34609],[89.72292,25.34609],[89.72289,25.34501],[89.72329,25.34518],[89.7233,25.34536],[89.7237,25.34535],[89.7237,25.34572],[89.7239,25.34571],[89.72393,25.34716],[89.72413,25.34715],[89.72414,25.34751],[89.72474,25.3475],[89.72471,25.34642],[89.72431,25.34625],[89.7243,25.34552],[89.7239,25.34553],[89.72388,25.34481],[89.72349,25.34482],[89.72328,25.34446],[89.72288,25.34447],[89.72268,25.34411],[89.72248,25.34411],[89.72247,25.34375],[89.72267,25.34375],[89.72266,25.34339],[89.72305,25.3432],[89.72305,25.34302],[89.72364,25.34301],[89.72385,25.34337],[89.72464,25.34335],[89.72464,25.34317],[89.72504,25.34316],[89.72505,25.34353],[89.72544,25.34352],[89.72544,25.34334],[89.72564,25.34333],[89.72562,25.34279],[89.72582,25.34279],[89.72579,25.34135],[89.72599,25.34134],[89.72598,25.34098],[89.72518,25.34063],[89.72517,25.34009],[89.72537,25.34009],[89.72536,25.33973],[89.72556,25.33973],[89.72555,25.33955],[89.72654,25.33953],[89.72675,25.33988],[89.72695,25.33988],[89.72696,25.34024],[89.72716,25.34024],[89.72716,25.34042],[89.72696,25.34042],[89.72698,25.34114],[89.72757,25.34113],[89.72756,25.34041],[89.72776,25.34041],[89.72775,25.34005],[89.72755,25.34005],[89.72754,25.33951],[89.72734,25.33951],[89.72732,25.33861],[89.72712,25.33861],[89.72711,25.33825],[89.72691,25.33826],[89.72691,25.3379],[89.72671,25.3379],[89.72669,25.33718],[89.72649,25.33718],[89.72648,25.33682],[89.72629,25.33682],[89.72625,25.33538],[89.72605,25.33538],[89.72605,25.33502],[89.72565,25.33521],[89.72566,25.33539],[89.72486,25.33523],[89.72486,25.33505],[89.72466,25.33505],[89.72464,25.33433],[89.72424,25.33434],[89.72425,25.3347],[89.72405,25.3347],[89.72406,25.33488],[89.72366,25.33489],[89.72366,25.33471],[89.72346,25.33471],[89.72345,25.33435],[89.72384,25.33416],[89.72384,25.33398],[89.72424,25.33415],[89.72423,25.33361],[89.72383,25.33362],[89.72383,25.33344],[89.72363,25.33344],[89.72362,25.33308],[89.72342,25.33309],[89.72341,25.33273],[89.72321,25.33273],[89.72321,25.33255],[89.72281,25.33256],[89.72281,25.33238],[89.72241,25.33238],[89.72221,25.33203],[89.72181,25.33203],[89.72182,25.33258],[89.72222,25.33275],[89.72223,25.33293],[89.72242,25.33293],[89.72243,25.33311],[89.72263,25.3331],[89.72263,25.33328],[89.72283,25.33328],[89.72304,25.334],[89.72225,25.33401],[89.72225,25.33383],[89.72185,25.33384],[89.72184,25.33348],[89.72144,25.33348],[89.72124,25.33313],[89.72064,25.33314],[89.72065,25.33332],[89.72045,25.33332],[89.72044,25.33314],[89.72024,25.33315],[89.72024,25.33278],[89.72004,25.33279],[89.72003,25.33243],[89.71983,25.33243],[89.71982,25.33171],[89.71962,25.33171],[89.71961,25.33153],[89.71882,25.33137],[89.71861,25.33101],[89.71821,25.33102],[89.71821,25.33084],[89.71781,25.33084],[89.7176,25.33049],[89.71721,25.33049],[89.71722,25.33122],[89.71644,25.33159],[89.71647,25.33285],[89.71627,25.33286],[89.71627,25.33304],[89.71647,25.33304],[89.71648,25.33358],[89.71668,25.33357],[89.71669,25.33393],[89.71709,25.33411],[89.7171,25.33447],[89.7173,25.33446],[89.71731,25.33519],[89.71771,25.33536],[89.71773,25.33608],[89.71813,25.33625],[89.71814,25.33679],[89.71834,25.33679],[89.71836,25.33751],[89.71856,25.33751],[89.71858,25.33841],[89.71818,25.3386],[89.71819,25.33896],[89.71839,25.33896],[89.71841,25.34004],[89.71861,25.34003],[89.71862,25.34021],[89.71901,25.34021],[89.71902,25.34057],[89.71922,25.34056],[89.71924,25.34147],[89.71964,25.34164],[89.71965,25.34218],[89.71985,25.34218],[89.71988,25.34326],[89.72028,25.34343],[89.72028,25.34361],[89.72048,25.34361],[89.72069,25.34433],[89.72089,25.34432],[89.72091,25.34505],[89.72111,25.34504],[89.72112,25.3454],[89.72131,25.3454],[89.72132,25.34576],[89.72152,25.34576],[89.72152,25.34594],[89.72133,25.34594],[89.72135,25.34684],[89.72154,25.34684],[89.72155,25.3472],[89.72175,25.3472],[89.72177,25.3481],[89.72138,25.34829],[89.72138,25.34847],[89.72118,25.34847],[89.72119,25.34883],[89.72139,25.34883],[89.72139,25.34901],[89.721,25.34919],[89.72101,25.34974],[89.72121,25.34973],[89.72122,25.35009],[89.72102,25.3501],[89.72103,25.35046],[89.72083,25.35046],[89.72084,25.35064],[89.72103,25.35064],[89.72105,25.35118],[89.72085,25.35118],[89.72086,25.3519],[89.72126,25.3519],[89.72127,25.35244],[89.72147,25.35243],[89.72148,25.35262],[89.72088,25.35263],[89.72067,25.35227],[89.72028,25.35228],[89.72033,25.35462],[89.72013,25.35463],[89.72014,25.35499],[89.71994,25.35499],[89.71994,25.35517],[89.71935,25.35518],[89.71914,25.35482],[89.71894,25.35483],[89.71894,25.35465],[89.71874,25.35465],[89.71874,25.35447],[89.71854,25.35447],[89.71853,25.35429],[89.71833,25.3543],[89.71833,25.35394],[89.71793,25.35376],[89.71792,25.3534],[89.71712,25.35306],[89.71711,25.3527],[89.71671,25.35252],[89.7167,25.35216],[89.7163,25.35199],[89.71629,25.35181],[89.71609,25.35181],[89.71609,25.35163],[89.71569,25.35164],[89.71569,25.35128],[89.71528,25.35111],[89.71528,25.35092],[89.71508,25.35093],[89.71508,25.35075],[89.71488,25.35075],[89.71487,25.35057],[89.71468,25.35058],[89.71467,25.35039],[89.71447,25.3504],[89.71447,25.35022],[89.71427,25.35022],[89.71427,25.35004],[89.71407,25.35004],[89.71406,25.34986],[89.71387,25.34987],[89.71386,25.34969],[89.71366,25.34969],[89.71366,25.34951],[89.71346,25.34951],[89.71325,25.3488],[89.71305,25.3488],[89.71305,25.34898],[89.71246,25.34899],[89.71245,25.34863],[89.71205,25.34846],[89.71204,25.3481],[89.71224,25.34809],[89.71223,25.34791],[89.71263,25.34791],[89.71264,25.34827],[89.71304,25.34844],[89.71303,25.3479],[89.71283,25.3479],[89.71282,25.34736],[89.71262,25.34736],[89.71261,25.34682],[89.71241,25.34683],[89.71238,25.34574],[89.71219,25.34575],[89.71217,25.34503],[89.71197,25.34503],[89.71196,25.34467],[89.71176,25.34467],[89.71176,25.34431],[89.71156,25.34432],[89.71155,25.34395],[89.71135,25.34396],[89.71134,25.3436],[89.71114,25.3436],[89.71112,25.3427],[89.71093,25.3427],[89.71092,25.34234],[89.71052,25.34235],[89.71053,25.34271],[89.71033,25.34271],[89.71035,25.34344],[89.70935,25.34345],[89.70937,25.34418],[89.70977,25.34435],[89.70977,25.34453],[89.70997,25.34453],[89.70998,25.34471],[89.71018,25.3447],[89.71017,25.34452],[89.71037,25.34452],[89.71036,25.34398],[89.71016,25.34398],[89.71016,25.3438],[89.71075,25.34379],[89.71076,25.34415],[89.71096,25.34415],[89.71097,25.34469],[89.71117,25.34468],[89.71118,25.34504],[89.71158,25.34522],[89.71159,25.34576],[89.7108,25.34577],[89.7106,25.34614],[89.7108,25.34613],[89.71081,25.3465],[89.71101,25.34649],[89.71101,25.34667],[89.71141,25.34666],[89.71141,25.34648],[89.71161,25.34648],[89.71181,25.34684],[89.71201,25.34683],[89.71201,25.34701],[89.71221,25.34701],[89.71223,25.34755],[89.71163,25.34756],[89.71164,25.34792],[89.71144,25.34793],[89.71144,25.34775],[89.71104,25.34775],[89.71083,25.3474],[89.71063,25.3474],[89.71063,25.34722],[89.71043,25.34722],[89.71043,25.34704],[89.71023,25.34705],[89.71022,25.34669],[89.70982,25.34669],[89.70962,25.34634],[89.70922,25.34634],[89.70901,25.34599],[89.70881,25.34599],[89.70881,25.34581],[89.70861,25.34581],[89.70861,25.34563],[89.70841,25.34564],[89.70841,25.34546],[89.70821,25.34546],[89.70822,25.34618],[89.70842,25.34618],[89.70843,25.34654],[89.70863,25.34654],[89.70866,25.3478],[89.70885,25.34779],[89.70891,25.35014],[89.70911,25.35014],[89.70912,25.35068],[89.70952,25.35085],[89.70951,25.35067],[89.70971,25.35067],[89.7097,25.34994],[89.71009,25.34976],[89.71009,25.34958],[89.71028,25.34957],[89.71029,25.34975],[89.71069,25.34975],[89.71069,25.35011],[89.71109,25.35028],[89.7111,25.35046],[89.7113,25.35046],[89.71132,25.35136],[89.71152,25.35136],[89.71151,25.35117],[89.71191,25.35117],[89.7121,25.3508],[89.7123,25.3508],[89.71229,25.35062],[89.71249,25.35062],[89.71251,25.35134],[89.71291,25.35151],[89.71291,25.35169],[89.71311,25.35169],[89.71312,25.35187],[89.71331,25.35186],[89.71354,25.35294],[89.71374,25.35294],[89.71374,25.3533],[89.71394,25.3533],[89.71395,25.35366],[89.71415,25.35365],[89.71416,25.35419],[89.71456,25.35437],[89.71457,25.35455],[89.71477,25.35454],[89.71477,25.35472],[89.71517,25.35472],[89.71537,25.35507],[89.71617,25.35524],[89.71638,25.3556],[89.71677,25.35559],[89.71698,25.35595],[89.71718,25.35594],[89.71718,25.35612],[89.71738,25.35612],[89.71739,25.3563],[89.71778,25.35629],[89.71799,25.35665],[89.71819,25.35665],[89.7182,25.35701],[89.7184,25.357],[89.71838,25.3561],[89.71877,25.35609],[89.71878,25.35627],[89.71897,25.35627],[89.71898,25.35663],[89.71978,25.3568],[89.71959,25.35716],[89.71939,25.35717],[89.7194,25.35735],[89.7188,25.35736],[89.7188,25.35754],[89.7192,25.35753],[89.71941,25.35789],[89.71961,25.35788],[89.71961,25.35806],[89.71981,25.35806],[89.71982,25.35842],[89.72022,25.35859],[89.72022,25.35877],[89.72042,25.35877],[89.72043,25.35895],[89.72062,25.35895],[89.72063,25.35913],[89.72083,25.35912],[89.72083,25.35931],[89.72103,25.3593],[89.72104,25.35966],[89.72144,25.35984],[89.72144,25.36002],[89.72164,25.36001],[89.72165,25.36019],[89.72184,25.36019],[89.72185,25.36037],[89.72205,25.36037],[89.72205,25.36055],[89.72225,25.36054],[89.72225,25.36072],[89.72265,25.36072],[89.72286,25.36107],[89.72306,25.36107],[89.72306,25.36125],[89.72346,25.36124],[89.72344,25.36034],[89.72324,25.36034],[89.7232,25.35872],[89.723,25.35872],[89.72299,25.35836],[89.7228,25.35837],[89.72278,25.35783],[89.72298,25.35782],[89.72297,25.3571],[89.72277,25.3571],[89.72274,25.35584],[89.72294,25.35584],[89.72289,25.35367],[89.7225,25.35386],[89.7225,25.35404],[89.7223,25.35404],[89.72231,25.3544],[89.72211,25.35441],[89.72208,25.35297]],[[89.72212,25.35459],[89.72192,25.35459],[89.72191,25.35441],[89.72211,25.35441],[89.72212,25.35459]],[[89.72177,25.35712],[89.72158,25.35713],[89.72156,25.3564],[89.72176,25.3564],[89.72174,25.35568],[89.72214,25.35549],[89.72217,25.35693],[89.72237,25.35693],[89.72238,25.35765],[89.72218,25.35766],[89.72219,25.35802],[89.7218,25.35802],[89.72177,25.35712]],[[89.72019,25.35715],[89.72058,25.35714],[89.72039,25.35751],[89.72019,25.35751],[89.72019,25.35715]],[[89.71777,25.35575],[89.71817,25.35593],[89.71818,25.35611],[89.71778,25.35611],[89.71777,25.35575]],[[89.72094,25.35515],[89.72074,25.35516],[89.72073,25.35461],[89.72112,25.35461],[89.72114,25.35551],[89.72134,25.35551],[89.72135,25.35605],[89.72096,25.35605],[89.72094,25.35515]],[[89.72071,25.35407],[89.72111,25.35407],[89.72112,25.35443],[89.72072,25.35443],[89.72071,25.35407]],[[89.72146,25.35171],[89.72165,25.35171],[89.72166,25.35189],[89.72146,25.35189],[89.72146,25.35171]],[[89.72282,25.35079],[89.72302,25.35078],[89.72301,25.35024],[89.72321,25.35024],[89.72323,25.35114],[89.72283,25.35115],[89.72282,25.35079]],[[89.72081,25.34072],[89.72061,25.34072],[89.72059,25.33964],[89.72019,25.33946],[89.72018,25.33928],[89.71999,25.33929],[89.71997,25.33857],[89.72017,25.33856],[89.72016,25.3382],[89.71996,25.3382],[89.71995,25.33784],[89.71975,25.33785],[89.71975,25.33767],[89.71995,25.33766],[89.71994,25.3373],[89.72014,25.3373],[89.72013,25.33694],[89.72033,25.33693],[89.72034,25.3373],[89.72054,25.33729],[89.72035,25.33766],[89.72054,25.33765],[89.72055,25.33783],[89.72095,25.33783],[89.72115,25.33818],[89.72135,25.33818],[89.72135,25.338],[89.72174,25.33799],[89.72175,25.33835],[89.72215,25.33853],[89.72216,25.33871],[89.72236,25.3387],[89.72236,25.33906],[89.72117,25.3389],[89.72138,25.33962],[89.72158,25.33962],[89.72159,25.33998],[89.72179,25.33998],[89.72178,25.33961],[89.72198,25.33961],[89.72219,25.33997],[89.72199,25.33997],[89.722,25.34051],[89.7216,25.34052],[89.7216,25.34034],[89.7214,25.34034],[89.72141,25.3407],[89.72121,25.34071],[89.72121,25.34089],[89.72082,25.3409],[89.72081,25.34072]],[[89.72299,25.34049],[89.72279,25.3405],[89.72278,25.34014],[89.72318,25.34013],[89.72319,25.34031],[89.72338,25.34031],[89.72339,25.34067],[89.723,25.34068],[89.72299,25.34049]],[[89.72296,25.33905],[89.72335,25.33886],[89.72335,25.33868],[89.72355,25.33868],[89.72354,25.3385],[89.72414,25.33849],[89.72434,25.33885],[89.72454,25.33884],[89.72455,25.3392],[89.72416,25.33939],[89.72417,25.33975],[89.72397,25.33975],[89.72397,25.33994],[89.72298,25.33995],[89.72296,25.33905]],[[89.72011,25.33586],[89.7207,25.33584],[89.7207,25.33566],[89.72189,25.33564],[89.7221,25.336],[89.72229,25.336],[89.7223,25.33618],[89.7227,25.33617],[89.7229,25.33653],[89.7231,25.33652],[89.7231,25.3367],[89.7233,25.3367],[89.72331,25.33688],[89.7237,25.33687],[89.72351,25.33724],[89.72332,25.33724],[89.72332,25.33742],[89.72312,25.33742],[89.72313,25.33779],[89.72293,25.33779],[89.72295,25.33851],[89.72255,25.33852],[89.72254,25.33798],[89.72274,25.33797],[89.72273,25.33779],[89.72233,25.33762],[89.72232,25.33726],[89.72192,25.33709],[89.72192,25.33691],[89.72172,25.33691],[89.72172,25.33673],[89.72132,25.33674],[89.72133,25.33728],[89.72153,25.33727],[89.72154,25.33763],[89.72094,25.33765],[89.72094,25.33746],[89.72074,25.33747],[89.72073,25.33711],[89.72053,25.33711],[89.72051,25.33603],[89.72011,25.33604],[89.72011,25.33586]],[[89.71992,25.3364],[89.71972,25.3364],[89.71971,25.33604],[89.72011,25.33604],[89.71992,25.3364]],[[89.72452,25.33794],[89.72432,25.33794],[89.72431,25.3374],[89.72471,25.33739],[89.72473,25.33812],[89.72453,25.33812],[89.72452,25.33794]],[[89.72347,25.33543],[89.72328,25.33544],[89.72347,25.33507],[89.72387,25.33524],[89.72387,25.33543],[89.72407,25.33542],[89.72388,25.33579],[89.72368,25.33579],[89.72347,25.33543]],[[89.72187,25.33474],[89.72167,25.33474],[89.72166,25.3342],[89.72206,25.33438],[89.72206,25.33456],[89.72226,25.33455],[89.72207,25.33492],[89.72187,25.33492],[89.72187,25.33474]]]}},{"type":"Feature","properties":{"kind":"land","ha":9.3},"geometry":{"type":"Polygon","coordinates":[[[89.72621,25.3334],[89.72619,25.33267],[89.72599,25.33268],[89.72599,25.33232],[89.72579,25.33232],[89.72556,25.33124],[89.72537,25.33125],[89.72536,25.33089],[89.72516,25.33089],[89.72515,25.33035],[89.72495,25.33035],[89.72494,25.32999],[89.72474,25.32999],[89.72473,25.32963],[89.72454,25.32964],[89.72453,25.32928],[89.72413,25.3291],[89.72412,25.32874],[89.72372,25.32857],[89.72371,25.32839],[89.72351,25.32839],[89.72351,25.32821],[89.72331,25.32822],[89.72331,25.32804],[89.72311,25.32804],[89.7231,25.32768],[89.7229,25.32768],[89.7229,25.3275],[89.7225,25.32751],[89.72231,25.32787],[89.72211,25.32788],[89.72212,25.32806],[89.72192,25.32806],[89.72192,25.32824],[89.72153,25.32825],[89.72132,25.32789],[89.72112,25.3279],[89.72112,25.32772],[89.72052,25.32773],[89.72053,25.32809],[89.72093,25.32826],[89.72093,25.32844],[89.72113,25.32844],[89.72114,25.32862],[89.72134,25.32861],[89.72134,25.32879],[89.72174,25.32879],[89.72194,25.32914],[89.72214,25.32914],[89.72215,25.32932],[89.72234,25.32932],[89.72235,25.3295],[89.72255,25.32949],[89.72255,25.32967],[89.72275,25.32967],[89.72275,25.32985],[89.72295,25.32985],[89.72296,25.33003],[89.72315,25.33002],[89.72316,25.3302],[89.72336,25.3302],[89.72336,25.33038],[89.72356,25.33038],[89.72356,25.33056],[89.72376,25.33055],[89.72377,25.33073],[89.72396,25.33073],[89.72397,25.33091],[89.72417,25.33091],[89.72417,25.33127],[89.72458,25.33144],[89.72458,25.3318],[89.72498,25.33198],[89.72499,25.33216],[89.72519,25.33215],[89.72519,25.33233],[89.72539,25.33233],[89.72539,25.33251],[89.72559,25.33251],[89.7256,25.33287],[89.7258,25.33286],[89.72581,25.33322],[89.72601,25.33322],[89.72601,25.3334],[89.72621,25.3334]]]}},{"type":"Feature","properties":{"kind":"land","ha":16.8},"geometry":{"type":"Polygon","coordinates":[[[89.61613,25.34027],[89.61613,25.33991],[89.61632,25.3399],[89.61632,25.33954],[89.61652,25.33954],[89.6165,25.339],[89.6167,25.33899],[89.61669,25.33863],[89.61709,25.33844],[89.61708,25.3379],[89.61727,25.3379],[89.61726,25.33736],[89.61706,25.33736],[89.61706,25.33718],[89.61666,25.33719],[89.61668,25.33773],[89.61628,25.33792],[89.61628,25.33774],[89.61608,25.33774],[89.61607,25.33738],[89.61567,25.33721],[89.61567,25.33703],[89.61547,25.33703],[89.61546,25.33685],[89.61527,25.33685],[89.61525,25.33595],[89.61604,25.33576],[89.61603,25.33521],[89.61622,25.33521],[89.61622,25.33503],[89.61602,25.33503],[89.61601,25.33467],[89.61561,25.3345],[89.61561,25.33432],[89.61541,25.33432],[89.61541,25.33414],[89.61521,25.33415],[89.6152,25.33397],[89.61501,25.33397],[89.615,25.33379],[89.6148,25.33379],[89.6148,25.33361],[89.6146,25.33362],[89.61459,25.33325],[89.61419,25.33308],[89.61419,25.3329],[89.61399,25.3329],[89.61399,25.33272],[89.61379,25.33273],[89.61378,25.33255],[89.61358,25.33255],[89.61358,25.33237],[89.61338,25.33237],[89.61338,25.33219],[89.61318,25.3322],[89.61297,25.33148],[89.61277,25.33148],[89.61276,25.33094],[89.61315,25.33093],[89.61315,25.33075],[89.61275,25.33058],[89.61274,25.3304],[89.61255,25.3304],[89.61254,25.33022],[89.61234,25.33023],[89.61234,25.33005],[89.61214,25.33005],[89.61214,25.32987],[89.61194,25.32987],[89.61193,25.32969],[89.61114,25.32971],[89.61114,25.32953],[89.61074,25.32953],[89.61074,25.32971],[89.61094,25.32971],[89.61095,25.33025],[89.61115,25.33025],[89.61117,25.33097],[89.61157,25.33114],[89.61157,25.33132],[89.61177,25.33132],[89.61178,25.33168],[89.61218,25.33167],[89.61239,25.33239],[89.61259,25.33239],[89.6126,25.33275],[89.61279,25.33275],[89.6128,25.33311],[89.6132,25.33328],[89.61321,25.33364],[89.61361,25.33381],[89.61362,25.33417],[89.61382,25.33417],[89.61383,25.33489],[89.61403,25.33489],[89.61404,25.33525],[89.61424,25.33525],[89.61425,25.33561],[89.61405,25.33561],[89.61406,25.33597],[89.61386,25.33598],[89.61386,25.33634],[89.61427,25.33651],[89.61427,25.33669],[89.61447,25.33669],[89.61447,25.33687],[89.61467,25.33686],[89.61467,25.33704],[89.61487,25.33704],[89.61492,25.33903],[89.61511,25.33902],[89.61533,25.33974],[89.61573,25.33991],[89.61573,25.34009],[89.61593,25.34009],[89.61594,25.34027],[89.61613,25.34027]],[[89.61589,25.33811],[89.61609,25.3381],[89.61609,25.33828],[89.61589,25.33829],[89.61589,25.33811]],[[89.61174,25.33006],[89.61194,25.33005],[89.61195,25.33041],[89.61175,25.33042],[89.61174,25.33006]]]}},{"type":"Feature","properties":{"kind":"land","ha":3.6},"geometry":{"type":"Polygon","coordinates":[[[89.61535,25.33162],[89.61534,25.33126],[89.61494,25.33108],[89.61473,25.33036],[89.61433,25.33019],[89.61432,25.33001],[89.61393,25.33002],[89.61392,25.32966],[89.61352,25.32948],[89.61351,25.3293],[89.61332,25.32931],[89.61331,25.32913],[89.61311,25.32913],[89.6131,25.32841],[89.6129,25.32841],[89.61289,25.32805],[89.61269,25.32805],[89.61269,25.32787],[89.61249,25.32788],[89.61228,25.32716],[89.61208,25.32716],[89.61206,25.32644],[89.61186,25.32644],[89.6119,25.32789],[89.6117,25.32789],[89.6117,25.32807],[89.6113,25.32808],[89.61131,25.32826],[89.61151,25.32826],[89.61151,25.32844],[89.61191,25.32843],[89.61211,25.32879],[89.61231,25.32878],[89.61232,25.32896],[89.61271,25.32896],[89.61272,25.32914],[89.61292,25.32913],[89.61292,25.32949],[89.61332,25.32967],[89.61333,25.33003],[89.61373,25.3302],[89.61374,25.33038],[89.61394,25.33038],[89.61394,25.33056],[89.61414,25.33056],[89.61414,25.33074],[89.61434,25.33073],[89.61434,25.33091],[89.61454,25.33091],[89.61455,25.33109],[89.61474,25.33109],[89.61475,25.33127],[89.61495,25.33126],[89.61495,25.33144],[89.61515,25.33144],[89.61515,25.33162],[89.61535,25.33162]]]}},{"type":"Feature","properties":{"kind":"land","ha":7.7},"geometry":{"type":"Polygon","coordinates":[[[89.71992,25.32738],[89.7199,25.32665],[89.7201,25.32665],[89.72009,25.32629],[89.72048,25.3261],[89.72048,25.32592],[89.71968,25.32576],[89.71948,25.3254],[89.71908,25.32541],[89.71907,25.32523],[89.71848,25.32524],[89.71848,25.32506],[89.71808,25.32506],[89.71807,25.32488],[89.71768,25.32489],[89.71768,25.32507],[89.71808,25.32524],[89.71809,25.32542],[89.71829,25.32542],[89.71829,25.3256],[89.71809,25.32561],[89.71809,25.32579],[89.7175,25.3258],[89.71749,25.32526],[89.71729,25.32526],[89.71728,25.32508],[89.71748,25.32508],[89.71747,25.32471],[89.71708,25.32472],[89.71687,25.32436],[89.71628,25.32438],[89.71627,25.32419],[89.71607,25.3242],[89.71626,25.32347],[89.71586,25.32366],[89.71586,25.32348],[89.71546,25.32349],[89.71546,25.32331],[89.71486,25.32332],[89.71488,25.32404],[89.71528,25.32421],[89.71528,25.32439],[89.71548,25.32439],[89.71549,25.32475],[89.71589,25.32492],[89.71589,25.3251],[89.71609,25.3251],[89.7161,25.32528],[89.7163,25.32528],[89.7163,25.32546],[89.7167,25.32545],[89.7169,25.32581],[89.7171,25.3258],[89.71711,25.32598],[89.7177,25.32597],[89.71771,25.32651],[89.71791,25.32651],[89.71792,25.32669],[89.71831,25.32668],[89.71832,25.32686],[89.71891,25.32685],[89.71912,25.32721],[89.71932,25.32721],[89.71932,25.32739],[89.71992,25.32738]]]}},{"type":"Feature","properties":{"kind":"land","ha":30.2},"geometry":{"type":"Polygon","coordinates":[[[89.64834,25.33265],[89.64833,25.33211],[89.64853,25.33211],[89.64852,25.33193],[89.64892,25.33192],[89.64911,25.33156],[89.64931,25.33155],[89.6493,25.33119],[89.6491,25.33119],[89.64908,25.33011],[89.64888,25.33012],[89.64886,25.32921],[89.64847,25.32922],[89.64847,25.3294],[89.64827,25.3294],[89.64827,25.32922],[89.64787,25.32923],[89.64766,25.32851],[89.64726,25.32834],[89.64725,25.32798],[89.64705,25.32798],[89.64704,25.32762],[89.64664,25.32745],[89.64663,25.32709],[89.64623,25.32691],[89.64623,25.32673],[89.64603,25.32674],[89.64602,25.32638],[89.64562,25.3262],[89.64541,25.32548],[89.64521,25.32549],[89.6452,25.32513],[89.645,25.32513],[89.64499,25.32477],[89.64459,25.3246],[89.64458,25.32424],[89.64419,25.32424],[89.644,25.32461],[89.6438,25.32461],[89.6438,25.32479],[89.6436,25.3248],[89.64361,25.32498],[89.64341,25.32498],[89.64342,25.32534],[89.64322,25.32534],[89.64322,25.32552],[89.64283,25.32553],[89.64283,25.32571],[89.64243,25.32572],[89.64244,25.3259],[89.64224,25.3259],[89.64225,25.32626],[89.64185,25.32645],[89.64186,25.32681],[89.64147,25.327],[89.64147,25.32736],[89.64188,25.32753],[89.64188,25.32771],[89.64208,25.32771],[89.64209,25.32807],[89.64249,25.32824],[89.64249,25.32843],[89.64289,25.32842],[89.64289,25.3286],[89.64329,25.32859],[89.64329,25.32877],[89.64349,25.32877],[89.6435,25.32913],[89.6439,25.3293],[89.6439,25.32948],[89.6441,25.32948],[89.64411,25.32966],[89.6445,25.32965],[89.64451,25.32983],[89.6449,25.32983],[89.64491,25.33001],[89.64511,25.33],[89.64511,25.33036],[89.64531,25.33036],[89.64532,25.33072],[89.64552,25.33072],[89.64552,25.3309],[89.64632,25.33106],[89.64633,25.33124],[89.64672,25.33124],[89.64714,25.33195],[89.64773,25.33194],[89.64794,25.3323],[89.64814,25.33229],[89.64814,25.33266],[89.64834,25.33265]],[[89.6461,25.33017],[89.6463,25.33016],[89.64631,25.33052],[89.64611,25.33053],[89.6461,25.33017]],[[89.64667,25.32889],[89.64747,25.32906],[89.64728,25.32942],[89.64668,25.32943],[89.64667,25.32889]]]}},{"type":"Feature","properties":{"kind":"land","ha":24.4},"geometry":{"type":"Polygon","coordinates":[[[89.66792,25.32869],[89.66772,25.32869],[89.66773,25.32905],[89.66813,25.32923],[89.66813,25.32941],[89.66852,25.32922],[89.66852,25.32886],[89.66832,25.32886],[89.66831,25.32868],[89.66871,25.32849],[89.6687,25.32831],[89.6689,25.32831],[89.6689,25.32813],[89.6691,25.32813],[89.66888,25.32741],[89.66848,25.32723],[89.66847,25.32687],[89.66827,25.32688],[89.66827,25.3267],[89.66807,25.3267],[89.66806,25.32634],[89.66766,25.32617],[89.66745,25.32545],[89.66725,25.32545],[89.66724,25.32509],[89.66704,25.32509],[89.66704,25.32473],[89.66663,25.32456],[89.66663,25.32438],[89.66643,25.32438],[89.66643,25.3242],[89.66623,25.32421],[89.66622,25.32385],[89.66602,25.32385],[89.66602,25.32349],[89.66582,25.32349],[89.66581,25.32331],[89.66542,25.32332],[89.66543,25.32386],[89.66563,25.32386],[89.66563,25.32422],[89.66583,25.32421],[89.66584,25.32458],[89.66545,25.32476],[89.66545,25.32494],[89.66565,25.32494],[89.66566,25.3253],[89.66526,25.32549],[89.66528,25.32639],[89.66489,25.3264],[89.66492,25.32766],[89.66511,25.32766],[89.66512,25.32802],[89.66472,25.32802],[89.66453,25.32839],[89.66434,25.32839],[89.66434,25.32857],[89.66414,25.32858],[89.66415,25.32894],[89.66395,25.32894],[89.66398,25.3302],[89.66378,25.33021],[89.6638,25.33093],[89.6636,25.33093],[89.6636,25.33111],[89.6638,25.33111],[89.66382,25.33201],[89.66422,25.33218],[89.66423,25.33273],[89.66383,25.33255],[89.66383,25.33237],[89.66363,25.33238],[89.66362,25.3322],[89.66343,25.3322],[89.66321,25.33148],[89.66301,25.33148],[89.66304,25.33257],[89.66284,25.33257],[89.66285,25.33329],[89.66305,25.33329],[89.66306,25.33383],[89.66287,25.33383],[89.66289,25.33492],[89.66269,25.33492],[89.6627,25.33528],[89.6631,25.33545],[89.6631,25.33563],[89.6633,25.33563],[89.66329,25.33491],[89.66309,25.33491],[89.66308,25.33473],[89.66328,25.33473],[89.66327,25.33437],[89.66347,25.33436],[89.66347,25.334],[89.66366,25.334],[89.66366,25.33382],[89.66406,25.33399],[89.66407,25.33435],[89.66427,25.33435],[89.66427,25.33453],[89.66447,25.33453],[89.66448,25.33507],[89.66488,25.33524],[89.66489,25.3356],[89.66549,25.33559],[89.66548,25.33523],[89.66568,25.33523],[89.66567,25.33487],[89.66547,25.33487],[89.66542,25.3327],[89.66522,25.33271],[89.66522,25.33235],[89.66541,25.33234],[89.6654,25.33144],[89.66579,25.33125],[89.66578,25.33071],[89.66558,25.33072],[89.66553,25.32873],[89.66573,25.32873],[89.66571,25.32765],[89.66551,25.32765],[89.66548,25.32639],[89.66588,25.32638],[89.66588,25.3262],[89.66607,25.3262],[89.66608,25.32638],[89.66648,25.32637],[89.66648,25.32655],[89.66668,25.32655],[89.66669,25.32691],[89.66688,25.3269],[89.66689,25.32726],[89.66729,25.32744],[89.6673,25.32762],[89.6675,25.32761],[89.6675,25.32797],[89.6681,25.32796],[89.66792,25.32869]],[[89.6681,25.32778],[89.66849,25.32778],[89.6685,25.32796],[89.6681,25.32796],[89.6681,25.32778]],[[89.66464,25.33344],[89.66504,25.33343],[89.66505,25.33379],[89.66465,25.3338],[89.66464,25.33344]]]}},{"type":"Feature","properties":{"kind":"land","ha":16.0},"geometry":{"type":"Polygon","coordinates":[[[89.64906,25.32921],[89.65065,25.329],[89.65063,25.32828],[89.65023,25.32811],[89.65022,25.32774],[89.65042,25.32774],[89.6504,25.32666],[89.6502,25.32666],[89.65019,25.3263],[89.64999,25.3263],[89.64998,25.32594],[89.64978,25.32595],[89.64978,25.32559],[89.64958,25.32559],[89.64957,25.32523],[89.64917,25.32506],[89.64916,25.3247],[89.64876,25.32452],[89.64876,25.32434],[89.64856,25.32435],[89.64855,25.32416],[89.64816,25.32417],[89.64815,25.32381],[89.64736,25.32383],[89.64735,25.32365],[89.64695,25.32365],[89.64695,25.32329],[89.64655,25.3233],[89.64654,25.32294],[89.64634,25.32294],[89.64634,25.32258],[89.64594,25.32259],[89.64593,25.32241],[89.64574,25.32241],[89.64574,25.32259],[89.64554,25.32259],[89.64556,25.32332],[89.64576,25.32331],[89.64577,25.32385],[89.64616,25.32385],[89.64617,25.32421],[89.64597,25.32421],[89.64598,25.32457],[89.64558,25.32458],[89.64558,25.3244],[89.64538,25.3244],[89.64537,25.32386],[89.64497,25.32387],[89.64499,25.32441],[89.64539,25.32458],[89.64539,25.32476],[89.64559,25.32476],[89.6456,25.3253],[89.646,25.32547],[89.64601,25.32565],[89.6462,25.32565],[89.64621,25.32583],[89.64641,25.32583],[89.64641,25.32601],[89.64661,25.326],[89.64662,25.32655],[89.64702,25.32672],[89.64703,25.3269],[89.64722,25.3269],[89.64723,25.32726],[89.64763,25.32743],[89.64764,25.32761],[89.64784,25.32761],[89.64785,25.32815],[89.64825,25.32832],[89.64825,25.3285],[89.64905,25.32849],[89.64906,25.32921]],[[89.64904,25.32831],[89.64924,25.3283],[89.64924,25.32848],[89.64905,25.32849],[89.64904,25.32831]],[[89.64924,25.32812],[89.64904,25.32813],[89.64902,25.32741],[89.64863,25.32759],[89.64863,25.32741],[89.64823,25.32742],[89.64821,25.3267],[89.64782,25.32671],[89.64761,25.32635],[89.64741,25.32635],[89.64741,25.32617],[89.64721,25.32617],[89.6472,25.32599],[89.6478,25.32598],[89.6478,25.3258],[89.64799,25.3258],[89.64798,25.32526],[89.64838,25.32543],[89.6484,25.32615],[89.6486,25.32615],[89.6486,25.32633],[89.64899,25.32614],[89.649,25.32632],[89.6492,25.32632],[89.64901,25.32668],[89.64921,25.32668],[89.64921,25.32686],[89.64901,25.32686],[89.64901,25.32704],[89.64921,25.32704],[89.64922,25.3274],[89.64982,25.32739],[89.64982,25.32757],[89.65002,25.32757],[89.65003,25.32793],[89.64983,25.32793],[89.64983,25.32811],[89.64943,25.32812],[89.64944,25.3283],[89.64924,25.3283],[89.64924,25.32812]]]}},{"type":"Feature","properties":{"kind":"land","ha":69.0},"geometry":{"type":"Polygon","coordinates":[[[89.70777,25.34366],[89.70796,25.3433],[89.70836,25.34329],[89.70834,25.34275],[89.70874,25.34274],[89.70874,25.34256],[89.70854,25.34257],[89.70852,25.34166],[89.70911,25.34165],[89.70912,25.34183],[89.70932,25.34183],[89.70951,25.34147],[89.7099,25.34146],[89.7099,25.34128],[89.7107,25.34144],[89.71069,25.34108],[89.71089,25.34108],[89.71089,25.3409],[89.71069,25.3409],[89.71066,25.33964],[89.71046,25.33964],[89.71039,25.33658],[89.71019,25.33658],[89.71019,25.33622],[89.70999,25.33622],[89.70997,25.3355],[89.70977,25.3355],[89.70976,25.33496],[89.70996,25.33496],[89.70995,25.3346],[89.70975,25.3346],[89.70975,25.33442],[89.70935,25.33443],[89.70936,25.33479],[89.70956,25.33479],[89.70958,25.33569],[89.70918,25.33588],[89.7092,25.33642],[89.7088,25.33643],[89.70878,25.33552],[89.70858,25.33553],[89.70857,25.33517],[89.70818,25.33517],[89.70817,25.33499],[89.70738,25.33519],[89.70738,25.33501],[89.70639,25.33503],[89.70638,25.33485],[89.70598,25.33485],[89.70598,25.33467],[89.70578,25.33468],[89.70578,25.3345],[89.70538,25.3345],[89.70538,25.33432],[89.70498,25.33433],[89.70498,25.33451],[89.70479,25.33451],[89.70479,25.33487],[89.7044,25.33488],[89.70439,25.3347],[89.70419,25.3347],[89.70418,25.33416],[89.70398,25.33417],[89.70398,25.33399],[89.70418,25.33398],[89.70417,25.33362],[89.70397,25.33363],[89.70395,25.33254],[89.70375,25.33255],[89.70372,25.33128],[89.70392,25.33128],[89.70391,25.33074],[89.70371,25.33074],[89.70368,25.32966],[89.70388,25.32966],[89.70382,25.32695],[89.70402,25.32695],[89.70401,25.32659],[89.70381,25.32659],[89.70379,25.32551],[89.70399,25.3255],[89.70396,25.32442],[89.70377,25.32443],[89.70375,25.32388],[89.70356,25.32389],[89.70354,25.32299],[89.70393,25.3228],[89.70394,25.32334],[89.70434,25.32351],[89.70435,25.32369],[89.70454,25.32369],[89.70455,25.32387],[89.70514,25.32386],[89.70515,25.32404],[89.70554,25.32403],[89.70555,25.32421],[89.70595,25.3242],[89.70595,25.32438],[89.70635,25.32438],[89.70634,25.3242],[89.70594,25.32402],[89.70594,25.32384],[89.70574,25.32385],[89.70573,25.32349],[89.70612,25.3233],[89.70612,25.32294],[89.70592,25.32294],[89.70591,25.32276],[89.70512,25.32296],[89.70512,25.32278],[89.70472,25.32278],[89.70472,25.3226],[89.70452,25.32261],[89.70451,25.32225],[89.70411,25.32207],[89.70409,25.32117],[89.70369,25.321],[89.70369,25.32082],[89.70349,25.32082],[89.70348,25.32064],[89.70329,25.32064],[89.70328,25.32028],[89.70288,25.32011],[89.70287,25.31993],[89.70267,25.31993],[89.70267,25.31975],[89.70227,25.31976],[89.70227,25.31958],[89.70207,25.31958],[89.70206,25.31922],[89.70167,25.31923],[89.70167,25.31941],[89.70147,25.31941],[89.70149,25.32032],[89.70129,25.32032],[89.7013,25.32086],[89.70111,25.32086],[89.70112,25.32141],[89.70132,25.3214],[89.70132,25.32158],[89.70112,25.32159],[89.70113,25.32213],[89.70094,25.32213],[89.70094,25.32249],[89.70114,25.32249],[89.70117,25.32375],[89.70137,25.32375],[89.70138,25.32447],[89.70158,25.32447],[89.7016,25.32519],[89.702,25.32518],[89.702,25.32536],[89.7022,25.32536],[89.70221,25.32572],[89.70181,25.3259],[89.70182,25.32609],[89.70162,25.32609],[89.70163,25.32663],[89.70143,25.32663],[89.70152,25.33042],[89.70172,25.33042],[89.70193,25.33114],[89.70233,25.33131],[89.70233,25.33149],[89.70253,25.33149],[89.70254,25.33167],[89.70293,25.33166],[89.70294,25.33202],[89.70314,25.33202],[89.70315,25.33256],[89.70335,25.33255],[89.70337,25.33346],[89.70357,25.33345],[89.70358,25.33399],[89.70378,25.33399],[89.7038,25.33489],[89.704,25.33489],[89.704,25.33507],[89.7038,25.33507],[89.70382,25.33579],[89.70402,25.33579],[89.70404,25.33669],[89.70384,25.3367],[89.70384,25.33688],[89.70404,25.33687],[89.70406,25.33778],[89.70426,25.33777],[89.70448,25.33885],[89.70468,25.33885],[89.70469,25.33921],[89.70489,25.3392],[89.7049,25.33957],[89.7051,25.33956],[89.7051,25.33992],[89.7053,25.33992],[89.70531,25.34028],[89.70551,25.34028],[89.70549,25.33955],[89.70529,25.33956],[89.70529,25.3392],[89.70548,25.33919],[89.70547,25.33847],[89.70586,25.33828],[89.70586,25.3381],[89.70685,25.33809],[89.70686,25.33845],[89.70725,25.33826],[89.70726,25.33844],[89.70745,25.33844],[89.70747,25.33934],[89.70728,25.33934],[89.7073,25.3406],[89.70691,25.34079],[89.70691,25.34097],[89.70652,25.34098],[89.70652,25.34116],[89.70612,25.34099],[89.70612,25.34081],[89.70592,25.34081],[89.70593,25.34117],[89.70612,25.34117],[89.70614,25.34171],[89.70654,25.34188],[89.70654,25.34206],[89.70674,25.34206],[89.70674,25.34224],[89.70714,25.34223],[89.70715,25.34259],[89.70735,25.34259],[89.70737,25.34367],[89.70777,25.34366]],[[89.70944,25.33822],[89.70963,25.33821],[89.70984,25.33857],[89.71024,25.33856],[89.71026,25.33947],[89.71006,25.33947],[89.71007,25.33983],[89.70967,25.34002],[89.70968,25.3402],[89.70948,25.3402],[89.70944,25.33822]],[[89.70807,25.33951],[89.70867,25.3395],[89.70868,25.33986],[89.70808,25.33987],[89.70807,25.33951]],[[89.70845,25.3386],[89.70825,25.3386],[89.70824,25.33824],[89.70785,25.33825],[89.70784,25.33771],[89.70803,25.3377],[89.70803,25.33752],[89.70843,25.33751],[89.70863,25.33787],[89.70883,25.33787],[89.70884,25.33805],[89.70903,25.33805],[89.70905,25.33877],[89.70845,25.33878],[89.70845,25.3386]],[[89.70526,25.33811],[89.70506,25.33812],[89.70505,25.3374],[89.70525,25.33739],[89.70525,25.33775],[89.70545,25.33775],[89.70546,25.33829],[89.70527,25.33829],[89.70526,25.33811]],[[89.70882,25.33715],[89.70901,25.33714],[89.70901,25.33696],[89.70941,25.33696],[89.70942,25.3375],[89.70902,25.3375],[89.70882,25.33715]],[[89.70584,25.3372],[89.70564,25.33721],[89.70563,25.33666],[89.70602,25.33648],[89.70602,25.3363],[89.70641,25.33629],[89.7064,25.33575],[89.7072,25.33573],[89.70701,25.33646],[89.70681,25.33646],[89.70682,25.33664],[89.70642,25.33665],[89.70643,25.33683],[89.70623,25.33683],[89.70623,25.33719],[89.70584,25.33738],[89.70584,25.3372]],[[89.70483,25.3365],[89.70503,25.33649],[89.70504,25.33686],[89.70484,25.33686],[89.70483,25.3365]],[[89.70482,25.33596],[89.70462,25.33596],[89.7046,25.33524],[89.70579,25.33504],[89.70579,25.33522],[89.70599,25.33521],[89.706,25.33575],[89.70521,25.33595],[89.70502,25.33631],[89.70483,25.33632],[89.70482,25.33596]],[[89.70152,25.32176],[89.70172,25.32176],[89.70173,25.3223],[89.70193,25.32229],[89.70194,25.32247],[89.70174,25.32248],[89.70175,25.32284],[89.70155,25.32284],[89.70152,25.32176]],[[89.70171,25.32121],[89.70191,25.32121],[89.70192,25.32157],[89.70152,25.32158],[89.70171,25.32121]]]}},{"type":"Feature","properties":{"kind":"land","ha":9.2},"geometry":{"type":"Polygon","coordinates":[[[89.67319,25.3248],[89.67319,25.32462],[89.67299,25.32463],[89.67297,25.32354],[89.67317,25.32354],[89.67316,25.32336],[89.67356,25.32335],[89.67355,25.32299],[89.67295,25.323],[89.67275,25.32264],[89.67255,25.32265],[89.67255,25.32247],[89.67235,25.32247],[89.67234,25.32229],[89.67215,25.32229],[89.67213,25.32157],[89.67173,25.3214],[89.67172,25.32122],[89.67153,25.32122],[89.67151,25.32068],[89.67132,25.32069],[89.67131,25.32032],[89.67091,25.32015],[89.67089,25.31961],[89.6705,25.31962],[89.67029,25.31926],[89.67009,25.31926],[89.67008,25.3189],[89.66929,25.31892],[89.66929,25.3191],[89.6691,25.3191],[89.6691,25.31946],[89.6693,25.31946],[89.66933,25.3209],[89.66953,25.3209],[89.66954,25.32108],[89.67013,25.32107],[89.67014,25.32143],[89.67034,25.32143],[89.67035,25.32215],[89.67075,25.32214],[89.67076,25.3225],[89.67116,25.32267],[89.67117,25.32303],[89.67157,25.32303],[89.67177,25.32338],[89.67197,25.32338],[89.67197,25.32356],[89.67217,25.32356],[89.67218,25.32392],[89.67238,25.32392],[89.67239,25.32446],[89.67279,25.32463],[89.6728,25.32481],[89.67319,25.3248]]]}},{"type":"Feature","properties":{"kind":"land","ha":21.2},"geometry":{"type":"Polygon","coordinates":[[[89.71323,25.32136],[89.71323,25.32118],[89.71342,25.32118],[89.7134,25.32028],[89.7138,25.32009],[89.71379,25.31973],[89.71399,25.31972],[89.71397,25.319],[89.71417,25.319],[89.71416,25.31864],[89.71376,25.31847],[89.71376,25.31829],[89.71336,25.31829],[89.71336,25.31811],[89.71355,25.31811],[89.71354,25.31757],[89.71394,25.31738],[89.71393,25.3172],[89.71433,25.31719],[89.71432,25.31701],[89.71591,25.31698],[89.7161,25.31662],[89.7157,25.31644],[89.7157,25.31626],[89.7145,25.31611],[89.71451,25.31629],[89.71411,25.31629],[89.71392,25.31666],[89.71372,25.31666],[89.71372,25.31684],[89.71353,25.31685],[89.71353,25.31721],[89.71274,25.3174],[89.71275,25.31758],[89.71195,25.3176],[89.71195,25.31742],[89.71175,25.31742],[89.71176,25.3176],[89.71156,25.3176],[89.71157,25.31796],[89.71097,25.31798],[89.711,25.31924],[89.71061,25.31943],[89.71061,25.31961],[89.71021,25.31961],[89.71021,25.31943],[89.70922,25.31945],[89.70901,25.31909],[89.70881,25.3191],[89.70881,25.31892],[89.70861,25.31892],[89.7086,25.31874],[89.70821,25.31875],[89.708,25.31839],[89.7078,25.31839],[89.7078,25.31821],[89.7076,25.31822],[89.70778,25.31749],[89.70758,25.3175],[89.70758,25.31732],[89.70718,25.31732],[89.70717,25.31696],[89.70658,25.31697],[89.70658,25.31679],[89.70638,25.3168],[89.70637,25.31644],[89.70617,25.31644],[89.70617,25.31626],[89.70676,25.31625],[89.70676,25.31607],[89.70636,25.31589],[89.70635,25.31553],[89.70615,25.31554],[89.70615,25.31536],[89.70555,25.31537],[89.70555,25.31555],[89.70516,25.31556],[89.70536,25.31591],[89.70556,25.31591],[89.70557,25.31609],[89.70577,25.31609],[89.70577,25.31627],[89.70597,25.31626],[89.70598,25.31662],[89.70558,25.31663],[89.70557,25.31645],[89.70538,25.31645],[89.70537,25.31609],[89.70497,25.31592],[89.70496,25.31574],[89.70476,25.31574],[89.70476,25.31556],[89.70456,25.31557],[89.70456,25.31539],[89.70416,25.31539],[89.70437,25.31575],[89.70457,25.31575],[89.70457,25.31593],[89.70477,25.31592],[89.70498,25.31664],[89.70518,25.31664],[89.70519,25.317],[89.70599,25.31716],[89.706,25.31753],[89.70619,25.31752],[89.70621,25.31806],[89.7066,25.31806],[89.70661,25.31824],[89.70681,25.31823],[89.70681,25.31859],[89.70721,25.31877],[89.70722,25.31895],[89.70802,25.31911],[89.70802,25.31929],[89.70822,25.31929],[89.70823,25.31965],[89.70863,25.31982],[89.70863,25.32],[89.70883,25.32],[89.70883,25.32018],[89.70903,25.32018],[89.70904,25.32036],[89.70924,25.32035],[89.70924,25.32053],[89.70964,25.32053],[89.70964,25.32071],[89.71043,25.32069],[89.71044,25.32087],[89.71143,25.32085],[89.71144,25.32104],[89.71183,25.32103],[89.71183,25.32085],[89.71163,25.32085],[89.71162,25.32049],[89.71122,25.32032],[89.71121,25.31978],[89.71141,25.31977],[89.71142,25.32013],[89.71182,25.32031],[89.71182,25.32049],[89.71202,25.32048],[89.71203,25.32084],[89.71243,25.32102],[89.71243,25.3212],[89.71283,25.32119],[89.71283,25.32137],[89.71323,25.32136]]]}},{"type":"Feature","properties":{"kind":"land","ha":3.2},"geometry":{"type":"Polygon","coordinates":[[[89.69586,25.31699],[89.69585,25.31681],[89.69665,25.31679],[89.69664,25.31661],[89.69684,25.31661],[89.69683,25.31607],[89.69703,25.31607],[89.69701,25.31534],[89.69681,25.31535],[89.69681,25.31499],[89.69641,25.31499],[89.6964,25.31481],[89.69601,25.31482],[89.696,25.31464],[89.69581,25.31464],[89.6958,25.31428],[89.696,25.31428],[89.69598,25.31338],[89.69558,25.31338],[89.69558,25.31357],[89.69538,25.31357],[89.6954,25.31429],[89.6956,25.31429],[89.69563,25.31573],[89.69603,25.3159],[89.69604,25.31644],[89.69584,25.31645],[89.69585,25.31663],[89.69545,25.31664],[89.69546,25.317],[89.69586,25.31699]]]}},{"type":"Feature","properties":{"kind":"land","ha":4.0},"geometry":{"type":"Polygon","coordinates":[[[89.63767,25.31678],[89.63767,25.3166],[89.63826,25.31659],[89.63823,25.31496],[89.63803,25.31497],[89.63802,25.31443],[89.63782,25.31443],[89.6378,25.31371],[89.6376,25.31371],[89.6376,25.31335],[89.6374,25.31336],[89.63739,25.31281],[89.63719,25.31282],[89.6372,25.31336],[89.637,25.31336],[89.63703,25.31481],[89.63683,25.31481],[89.63686,25.31589],[89.63725,25.31588],[89.63728,25.31697],[89.63767,25.31678]]]}},{"type":"Feature","properties":{"kind":"land","ha":89.0},"geometry":{"type":"Polygon","coordinates":[[[89.62825,25.34944],[89.62824,25.34908],[89.62844,25.34907],[89.62842,25.34817],[89.62822,25.34817],[89.62821,25.34781],[89.62781,25.34764],[89.62781,25.34746],[89.62721,25.34747],[89.62701,25.34711],[89.62681,25.34712],[89.6268,25.34694],[89.62661,25.34694],[89.62659,25.34622],[89.62679,25.34621],[89.62678,25.34585],[89.62718,25.34585],[89.62717,25.34567],[89.62737,25.34566],[89.62737,25.3453],[89.62756,25.3453],[89.62756,25.34512],[89.62796,25.34511],[89.62809,25.34186],[89.62828,25.34186],[89.62825,25.34023],[89.62845,25.34023],[89.62844,25.33987],[89.62864,25.33986],[89.62863,25.3395],[89.62883,25.3395],[89.62879,25.3377],[89.62899,25.33769],[89.62897,25.33679],[89.62917,25.33679],[89.62915,25.33588],[89.62935,25.33588],[89.62927,25.33245],[89.62887,25.33228],[89.62866,25.33156],[89.62826,25.33139],[89.62825,25.33103],[89.62785,25.33085],[89.62784,25.33067],[89.62764,25.33068],[89.62763,25.33013],[89.62723,25.32996],[89.62722,25.32942],[89.62702,25.32942],[89.627,25.32852],[89.6266,25.32835],[89.62659,25.32781],[89.62639,25.32781],[89.62638,25.32745],[89.62658,25.32745],[89.62655,25.326],[89.62635,25.32601],[89.62634,25.32565],[89.62654,25.32564],[89.62653,25.32492],[89.62673,25.32492],[89.62666,25.32167],[89.62685,25.32167],[89.62682,25.31986],[89.62701,25.31986],[89.627,25.31932],[89.6274,25.31913],[89.62739,25.31895],[89.62699,25.31878],[89.62699,25.31859],[89.62679,25.3186],[89.62678,25.31824],[89.62658,25.31824],[89.62657,25.3177],[89.62617,25.31753],[89.62617,25.31735],[89.62597,25.31735],[89.62596,25.31717],[89.62576,25.31717],[89.62576,25.31699],[89.62556,25.317],[89.62556,25.31682],[89.62536,25.31682],[89.62515,25.3161],[89.62495,25.3161],[89.62494,25.31574],[89.62514,25.31574],[89.62509,25.31339],[89.62529,25.31339],[89.62528,25.31303],[89.62508,25.31303],[89.62507,25.31267],[89.62487,25.31268],[89.62486,25.31195],[89.62466,25.31196],[89.62466,25.31178],[89.62406,25.31179],[89.62406,25.31161],[89.62386,25.31161],[89.62384,25.31071],[89.62344,25.31054],[89.62343,25.31036],[89.62323,25.31036],[89.62323,25.31],[89.62283,25.31001],[89.62284,25.31055],[89.62264,25.31055],[89.62266,25.31145],[89.62246,25.31146],[89.62247,25.31182],[89.62227,25.31182],[89.62228,25.31218],[89.62208,25.31218],[89.62209,25.31255],[89.62189,25.31255],[89.6219,25.31291],[89.6221,25.31291],[89.6221,25.31309],[89.6225,25.31308],[89.62271,25.31344],[89.6229,25.31343],[89.62292,25.31397],[89.62332,25.31415],[89.62332,25.31433],[89.62352,25.31432],[89.62373,25.31504],[89.62393,25.31504],[89.62394,25.3154],[89.62414,25.3154],[89.62415,25.31576],[89.62434,25.31575],[89.62436,25.3163],[89.62455,25.31629],[89.62456,25.31665],[89.62476,25.31665],[89.62477,25.31701],[89.62497,25.31701],[89.62498,25.31773],[89.62518,25.31772],[89.6252,25.31863],[89.6254,25.31862],[89.62544,25.32043],[89.62564,25.32042],[89.62565,25.32115],[89.62605,25.32114],[89.62605,25.32132],[89.62585,25.32132],[89.62586,25.32168],[89.62566,25.32169],[89.62569,25.32295],[89.62549,25.32295],[89.62551,25.32368],[89.62531,25.32368],[89.62533,25.32458],[89.62513,25.32458],[89.62515,25.32531],[89.62495,25.32531],[89.62496,25.32585],[89.62476,25.32585],[89.62483,25.32892],[89.62363,25.32876],[89.62364,25.32912],[89.62384,25.32912],[89.62384,25.3293],[89.62424,25.32929],[89.62424,25.32947],[89.62464,25.32947],[89.62468,25.33145],[89.62488,25.33145],[89.6249,25.33253],[89.6251,25.33253],[89.62513,25.33397],[89.62533,25.33397],[89.62535,25.33469],[89.62555,25.33468],[89.62556,25.33523],[89.62596,25.3354],[89.62598,25.33648],[89.62618,25.33648],[89.6262,25.3372],[89.626,25.3372],[89.62608,25.34099],[89.62628,25.34099],[89.62631,25.34225],[89.6265,25.34225],[89.62651,25.34261],[89.62671,25.34261],[89.62671,25.34279],[89.62691,25.34278],[89.62693,25.34332],[89.62673,25.34333],[89.62674,25.34405],[89.62694,25.34405],[89.62696,25.34477],[89.62617,25.34496],[89.62617,25.34514],[89.62577,25.34515],[89.62578,25.34533],[89.62538,25.34534],[89.62538,25.34552],[89.62459,25.34553],[89.62459,25.34535],[89.62439,25.34535],[89.62439,25.34572],[89.62459,25.34571],[89.6246,25.34607],[89.6248,25.34607],[89.6248,25.34625],[89.6252,25.34624],[89.6252,25.34642],[89.6254,25.34642],[89.62542,25.34732],[89.62582,25.34749],[89.62583,25.34767],[89.62603,25.34767],[89.62603,25.34803],[89.62643,25.34821],[89.62644,25.34839],[89.62664,25.34838],[89.62664,25.34856],[89.62704,25.34856],[89.62724,25.34891],[89.62744,25.34891],[89.62745,25.34909],[89.62765,25.34909],[89.62765,25.34927],[89.62785,25.34926],[89.62785,25.34944],[89.62825,25.34944]],[[89.62735,25.3444],[89.62754,25.3444],[89.62755,25.34476],[89.62735,25.34476],[89.62735,25.3444]],[[89.6274,25.3379],[89.628,25.33789],[89.62782,25.33861],[89.62742,25.33862],[89.6274,25.3379]],[[89.62774,25.33519],[89.62794,25.33518],[89.62795,25.33554],[89.62775,25.33555],[89.62774,25.33519]],[[89.6275,25.33303],[89.6277,25.33302],[89.62771,25.33356],[89.62751,25.33357],[89.6275,25.33303]],[[89.62591,25.32385],[89.62631,25.32384],[89.62632,25.32438],[89.62652,25.32438],[89.62652,25.32456],[89.62612,25.32457],[89.62591,25.32385]]]}},{"type":"Feature","properties":{"kind":"land","ha":4.0},"geometry":{"type":"Polygon","coordinates":[[[89.62688,25.31372],[89.62686,25.31264],[89.62666,25.31264],[89.62665,25.31228],[89.62645,25.31229],[89.62643,25.3112],[89.62663,25.3112],[89.62662,25.31066],[89.62622,25.31049],[89.62621,25.31031],[89.62601,25.31031],[89.6258,25.30959],[89.625,25.30943],[89.62501,25.30961],[89.62481,25.30961],[89.62482,25.30997],[89.62501,25.30997],[89.62503,25.31069],[89.62543,25.31086],[89.62544,25.3114],[89.62564,25.3114],[89.62565,25.31176],[89.62585,25.31176],[89.62586,25.3123],[89.62606,25.31229],[89.62607,25.31302],[89.62627,25.31301],[89.62628,25.31355],[89.62648,25.31355],[89.62648,25.31373],[89.62688,25.31372]]]}},{"type":"Feature","properties":{"kind":"land","ha":11.8},"geometry":{"type":"Polygon","coordinates":[[[89.69343,25.31487],[89.69342,25.31433],[89.69361,25.31432],[89.6936,25.3136],[89.6934,25.31361],[89.69337,25.31234],[89.69317,25.31235],[89.69315,25.31126],[89.69355,25.31126],[89.69375,25.31161],[89.69415,25.31161],[89.69434,25.31124],[89.69454,25.31124],[89.69453,25.31088],[89.69473,25.31087],[89.69472,25.31033],[89.69492,25.31033],[89.69491,25.30997],[89.69511,25.30996],[89.6951,25.3096],[89.6953,25.3096],[89.69528,25.30906],[89.69488,25.30889],[89.69487,25.30834],[89.69467,25.30835],[89.69466,25.30763],[89.69525,25.30762],[89.69544,25.30725],[89.69564,25.30725],[89.69563,25.30689],[89.69543,25.30689],[89.69543,25.30671],[89.69444,25.30673],[89.69425,25.30709],[89.69405,25.3071],[89.69405,25.30728],[89.69385,25.30728],[89.69407,25.308],[89.69447,25.30817],[89.69447,25.30835],[89.69428,25.30836],[89.69428,25.30872],[89.69409,25.30872],[89.6941,25.30944],[89.6939,25.30944],[89.69391,25.30981],[89.69351,25.30981],[89.69351,25.30945],[89.69331,25.30946],[89.6933,25.30928],[89.6935,25.30927],[89.6933,25.30891],[89.69349,25.30891],[89.69348,25.30837],[89.69368,25.30837],[89.69366,25.30746],[89.69326,25.30747],[89.69327,25.30765],[89.69307,25.30766],[89.69309,25.30856],[89.69289,25.30856],[89.69291,25.30928],[89.69271,25.30929],[89.69273,25.31019],[89.69253,25.31019],[89.69261,25.31398],[89.69241,25.31398],[89.69242,25.31435],[89.69262,25.31434],[89.69263,25.3147],[89.69283,25.3147],[89.69283,25.31488],[89.69343,25.31487]]]}},{"type":"Feature","properties":{"kind":"land","ha":142.2},"geometry":{"type":"Polygon","coordinates":[[[89.6469,25.3121],[89.6469,25.31192],[89.6467,25.31192],[89.64669,25.31156],[89.64629,25.31139],[89.64628,25.31067],[89.64547,25.31032],[89.64547,25.30996],[89.64527,25.30997],[89.64526,25.30978],[89.64447,25.30962],[89.64447,25.3098],[89.64427,25.3098],[89.64429,25.3107],[89.64449,25.3107],[89.6445,25.31142],[89.64491,25.3116],[89.64473,25.31268],[89.64493,25.31268],[89.64493,25.31286],[89.64533,25.31285],[89.64536,25.3143],[89.64556,25.31429],[89.64558,25.31501],[89.64538,25.31502],[89.64538,25.31538],[89.64519,25.31538],[89.64521,25.31646],[89.64541,25.31646],[89.64542,25.31682],[89.64561,25.31682],[89.64562,25.31718],[89.64582,25.31717],[89.64583,25.31772],[89.64623,25.31789],[89.64624,25.31807],[89.64604,25.31807],[89.64605,25.31861],[89.64625,25.31861],[89.64626,25.31915],[89.64666,25.31933],[89.64667,25.31951],[89.64686,25.3195],[89.64708,25.32022],[89.64748,25.32039],[89.64769,25.32111],[89.64789,25.32111],[89.6479,25.32147],[89.6481,25.32147],[89.64811,25.32183],[89.6483,25.32182],[89.64831,25.32218],[89.64871,25.32236],[89.64893,25.32308],[89.64913,25.32307],[89.64913,25.32343],[89.64954,25.32361],[89.64975,25.32432],[89.64995,25.32432],[89.64996,25.32468],[89.65036,25.32485],[89.65037,25.3254],[89.65077,25.32557],[89.65098,25.32629],[89.65138,25.32646],[89.6516,25.32718],[89.6518,25.32717],[89.65181,25.32754],[89.652,25.32753],[89.65201,25.32789],[89.65221,25.32789],[89.65222,25.32843],[89.65262,25.3286],[89.65284,25.32932],[89.65304,25.32932],[89.65304,25.32968],[89.65324,25.32968],[89.65325,25.33022],[89.65345,25.33021],[89.65346,25.33075],[89.65366,25.33075],[89.65369,25.33201],[89.65389,25.33201],[89.65391,25.33309],[89.65411,25.33309],[89.65413,25.33381],[89.65333,25.33364],[89.65314,25.33401],[89.65294,25.33401],[89.65294,25.33419],[89.65275,25.3342],[89.65276,25.33492],[89.65256,25.33492],[89.65257,25.33546],[89.65317,25.33545],[89.65317,25.33527],[89.65416,25.33525],[89.65436,25.33561],[89.65456,25.33561],[89.65458,25.33615],[89.65477,25.33615],[89.65481,25.33777],[89.65461,25.33777],[89.65462,25.33813],[89.65442,25.33814],[89.65443,25.33868],[89.65463,25.33868],[89.65465,25.3394],[89.65445,25.3394],[89.65446,25.33994],[89.65426,25.33995],[89.65428,25.34067],[89.65408,25.34067],[89.65409,25.34121],[89.65389,25.34122],[89.65403,25.34771],[89.65383,25.34771],[89.65384,25.34807],[89.65424,25.34807],[89.65421,25.34662],[89.65441,25.34662],[89.65439,25.34572],[89.65419,25.34572],[89.65418,25.34554],[89.65438,25.34554],[89.65437,25.34482],[89.65457,25.34481],[89.65455,25.34391],[89.65474,25.34391],[89.65473,25.34319],[89.65493,25.34318],[89.6549,25.3421],[89.6551,25.3421],[89.6551,25.34192],[89.6549,25.34192],[89.65489,25.34156],[89.65469,25.34156],[89.65469,25.3412],[89.65528,25.34119],[89.65525,25.33957],[89.65544,25.33956],[89.65533,25.33433],[89.65553,25.33433],[89.65552,25.33397],[89.65532,25.33397],[89.65525,25.3309],[89.65506,25.33091],[89.65504,25.33],[89.65484,25.33001],[89.65482,25.32911],[89.65462,25.32911],[89.65461,25.32857],[89.65441,25.32857],[89.65416,25.32605],[89.65396,25.32605],[89.65395,25.32551],[89.65375,25.32552],[89.65373,25.32479],[89.65353,25.3248],[89.6535,25.32317],[89.6533,25.32318],[89.65328,25.32209],[89.65308,25.3221],[89.65304,25.32029],[89.65343,25.32011],[89.65343,25.32029],[89.65363,25.32028],[89.65364,25.32064],[89.65384,25.32064],[89.65385,25.32118],[89.65405,25.32118],[89.65406,25.32172],[89.65426,25.32172],[89.65427,25.32226],[89.65467,25.32225],[89.65466,25.32189],[89.65446,25.32189],[89.65445,25.32135],[89.65425,25.32136],[89.65424,25.32063],[89.65404,25.32064],[89.65401,25.31955],[89.65382,25.31956],[89.65378,25.31811],[89.65398,25.31811],[89.65397,25.31757],[89.65417,25.31757],[89.65417,25.31739],[89.65456,25.31738],[89.65475,25.31665],[89.65494,25.31665],[89.65494,25.31629],[89.65513,25.31629],[89.65513,25.31592],[89.65552,25.31574],[89.65551,25.31538],[89.6559,25.31519],[89.6559,25.31501],[89.6563,25.315],[89.65629,25.31482],[89.65669,25.31481],[89.65688,25.31445],[89.65708,25.31445],[89.65708,25.31426],[89.65727,25.31426],[89.65727,25.31408],[89.65747,25.31408],[89.65747,25.3139],[89.65766,25.31389],[89.65785,25.31317],[89.65804,25.31316],[89.65821,25.31172],[89.6586,25.31153],[89.65858,25.31045],[89.65818,25.31027],[89.65817,25.30991],[89.65837,25.30991],[89.65834,25.30865],[89.65814,25.30865],[89.65813,25.30793],[89.65833,25.30793],[89.65832,25.30774],[89.65813,25.30775],[89.65812,25.30739],[89.65792,25.30739],[89.65791,25.30703],[89.65771,25.30703],[89.65772,25.30739],[89.65712,25.30741],[89.65713,25.30759],[89.65693,25.30759],[89.65696,25.30885],[89.65676,25.30886],[89.65677,25.3094],[89.65638,25.30958],[89.65639,25.30995],[89.65599,25.31013],[89.656,25.31031],[89.6558,25.31032],[89.65581,25.31086],[89.65561,25.31086],[89.65562,25.31122],[89.65523,25.31141],[89.65523,25.31159],[89.65503,25.31159],[89.65504,25.31177],[89.65484,25.31178],[89.65484,25.31196],[89.65444,25.31197],[89.65425,25.31233],[89.65406,25.31233],[89.65406,25.31251],[89.65386,25.31252],[89.65386,25.3127],[89.65367,25.3127],[89.65368,25.31324],[89.65329,25.31343],[89.65329,25.31361],[89.65309,25.31361],[89.65309,25.3138],[89.6529,25.3138],[89.6529,25.31398],[89.6525,25.31399],[89.6525,25.31381],[89.6519,25.31382],[89.6517,25.31346],[89.6515,25.31346],[89.65149,25.31328],[89.6511,25.31329],[89.65111,25.31365],[89.6513,25.31365],[89.65131,25.31383],[89.65171,25.31382],[89.65171,25.314],[89.65191,25.314],[89.65192,25.31436],[89.65211,25.31435],[89.65213,25.31508],[89.65173,25.31508],[89.65174,25.31526],[89.65154,25.31527],[89.65155,25.31599],[89.65136,25.31599],[89.65137,25.31689],[89.65118,25.3169],[89.65119,25.31744],[89.65099,25.31744],[89.651,25.3178],[89.6506,25.31781],[89.65039,25.31745],[89.6502,25.31746],[89.65019,25.31728],[89.64999,25.31728],[89.64999,25.3171],[89.64979,25.3171],[89.64958,25.31639],[89.64938,25.31639],[89.64937,25.31603],[89.64917,25.31603],[89.64916,25.31567],[89.64897,25.31567],[89.64896,25.31531],[89.64856,25.31514],[89.64855,25.31496],[89.64835,25.31496],[89.64814,25.31425],[89.64794,25.31425],[89.64793,25.31389],[89.64774,25.31389],[89.64772,25.31335],[89.64752,25.31335],[89.64751,25.31245],[89.6477,25.31245],[89.64768,25.31119],[89.64748,25.31119],[89.64748,25.31137],[89.64708,25.31138],[89.6471,25.3121],[89.6469,25.3121]],[[89.6473,25.31209],[89.6473,25.31228],[89.6471,25.31228],[89.6471,25.3121],[89.6473,25.31209]],[[89.65422,25.32894],[89.65442,25.32893],[89.65442,25.32911],[89.65422,25.32912],[89.65422,25.32894]],[[89.64948,25.32108],[89.64988,25.32107],[89.6501,25.32215],[89.6497,25.32216],[89.64948,25.32108]],[[89.64644,25.31825],[89.64684,25.31824],[89.64684,25.3186],[89.64645,25.31861],[89.64644,25.31825]],[[89.64643,25.31789],[89.64663,25.31788],[89.64663,25.31806],[89.64644,25.31807],[89.64643,25.31789]],[[89.64592,25.31266],[89.64552,25.31267],[89.64552,25.31249],[89.64612,25.31248],[89.64612,25.31284],[89.64593,25.31284],[89.64592,25.31266]]]}},{"type":"Feature","properties":{"kind":"land","ha":3.3},"geometry":{"type":"Polygon","coordinates":[[[89.64903,25.30972],[89.64903,25.30954],[89.64923,25.30953],[89.64922,25.30917],[89.64961,25.30898],[89.64961,25.3088],[89.64981,25.3088],[89.64999,25.30808],[89.65019,25.30807],[89.65018,25.30771],[89.65058,25.30752],[89.65057,25.30734],[89.65077,25.30734],[89.65077,25.30716],[89.64997,25.30717],[89.64998,25.30735],[89.64938,25.30736],[89.64938,25.30754],[89.64859,25.30756],[89.6484,25.30792],[89.6486,25.30792],[89.64861,25.30828],[89.64821,25.30829],[89.64821,25.30847],[89.64801,25.30847],[89.64801,25.30829],[89.64781,25.3083],[89.64782,25.30866],[89.64802,25.30865],[89.64802,25.30883],[89.64842,25.30883],[89.64842,25.30865],[89.64861,25.30864],[89.64864,25.30972],[89.64903,25.30972]],[[89.64901,25.30845],[89.6496,25.30844],[89.64941,25.30881],[89.64901,25.30881],[89.64901,25.30845]]]}},{"type":"Feature","properties":{"kind":"land","ha":38.3},"geometry":{"type":"Polygon","coordinates":[[[89.66036,25.33749],[89.66029,25.33406],[89.66009,25.33406],[89.66007,25.33316],[89.65987,25.33317],[89.65983,25.33136],[89.65963,25.33137],[89.65961,25.3301],[89.65981,25.3301],[89.65979,25.32938],[89.65999,25.32937],[89.65995,25.32775],[89.66015,25.32775],[89.66013,25.32666],[89.66033,25.32666],[89.6603,25.3254],[89.6605,25.32539],[89.66049,25.32503],[89.66069,25.32503],[89.66085,25.32322],[89.66104,25.32322],[89.66101,25.32177],[89.66121,25.32177],[89.6612,25.32123],[89.6614,25.32123],[89.66138,25.32032],[89.66158,25.32032],[89.66157,25.31996],[89.66177,25.31996],[89.66176,25.3196],[89.66196,25.31959],[89.66193,25.31833],[89.66213,25.31833],[89.6621,25.31688],[89.6623,25.31688],[89.66227,25.3158],[89.66207,25.3158],[89.66205,25.3149],[89.66186,25.3149],[89.66182,25.31328],[89.66142,25.3131],[89.66141,25.31274],[89.66121,25.31275],[89.6612,25.31221],[89.661,25.31221],[89.66099,25.31149],[89.66079,25.31149],[89.66078,25.31095],[89.66058,25.31095],[89.66057,25.31041],[89.66037,25.31042],[89.66036,25.31005],[89.66016,25.31006],[89.66014,25.30916],[89.65994,25.30916],[89.65993,25.30844],[89.65953,25.30826],[89.65952,25.3079],[89.65932,25.30791],[89.65932,25.30773],[89.65912,25.30773],[89.65911,25.30737],[89.65891,25.30737],[89.6589,25.30683],[89.6585,25.30666],[89.65853,25.30792],[89.65872,25.30792],[89.65873,25.30828],[89.65893,25.30828],[89.65895,25.30918],[89.65915,25.30917],[89.65916,25.3099],[89.65936,25.30989],[89.65941,25.31188],[89.65921,25.31188],[89.65922,25.31224],[89.65902,25.31224],[89.65903,25.31297],[89.65923,25.31296],[89.65922,25.3126],[89.65962,25.31259],[89.65962,25.31241],[89.65982,25.31241],[89.65985,25.31403],[89.65965,25.31404],[89.65966,25.31458],[89.65927,25.31477],[89.65928,25.31495],[89.65947,25.31494],[89.65948,25.31512],[89.66007,25.31511],[89.66007,25.31493],[89.66027,25.31493],[89.66026,25.31457],[89.66066,25.31474],[89.66067,25.3151],[89.66028,25.31529],[89.66028,25.31547],[89.66048,25.31547],[89.66049,25.31583],[89.66088,25.31582],[89.6611,25.31654],[89.6613,25.31654],[89.6613,25.3169],[89.66111,25.3169],[89.66112,25.31744],[89.66072,25.31763],[89.66073,25.31781],[89.66093,25.31781],[89.66097,25.31961],[89.66077,25.31961],[89.66078,25.31997],[89.66058,25.31998],[89.66058,25.32016],[89.66078,25.32015],[89.66079,25.32088],[89.6606,25.32088],[89.66061,25.32142],[89.66021,25.32143],[89.66022,25.32161],[89.66002,25.32161],[89.66002,25.32179],[89.66022,25.32179],[89.66024,25.32269],[89.66004,25.32269],[89.66005,25.32324],[89.65985,25.32324],[89.65986,25.3236],[89.65966,25.3236],[89.65967,25.32415],[89.65948,25.32415],[89.65948,25.32451],[89.65929,25.32451],[89.65929,25.32487],[89.6591,25.32488],[89.6591,25.32524],[89.65871,25.32543],[89.65872,25.32579],[89.65832,25.32579],[89.65811,25.32544],[89.65792,25.32544],[89.65791,25.32526],[89.65771,25.32526],[89.65771,25.32508],[89.65751,25.32509],[89.65751,25.32491],[89.65731,25.32491],[89.6573,25.32473],[89.65711,25.32473],[89.6571,25.32455],[89.6569,25.32456],[89.65691,25.32492],[89.65711,25.32491],[89.65712,25.32527],[89.65732,25.32527],[89.65732,25.32545],[89.65752,25.32545],[89.65753,25.32581],[89.65773,25.3258],[89.65754,25.32653],[89.65794,25.3267],[89.65795,25.32688],[89.65815,25.32688],[89.65815,25.32706],[89.65835,25.32706],[89.65837,25.32796],[89.65857,25.32796],[89.65859,25.32904],[89.65879,25.32903],[89.65882,25.33048],[89.65902,25.33047],[89.65903,25.3312],[89.65923,25.33119],[89.65924,25.33173],[89.65944,25.33173],[89.65946,25.33263],[89.65966,25.33263],[89.65972,25.33533],[89.65992,25.33533],[89.65994,25.33641],[89.66014,25.33641],[89.66017,25.33749],[89.66036,25.33749]]]}},{"type":"Feature","properties":{"kind":"land","ha":35.9},"geometry":{"type":"Polygon","coordinates":[[[89.63371,25.31721],[89.6337,25.31685],[89.6339,25.31685],[89.6339,25.31667],[89.6337,25.31667],[89.63365,25.31451],[89.63385,25.3145],[89.63384,25.31432],[89.63344,25.31415],[89.63344,25.31397],[89.63324,25.31397],[89.63324,25.31379],[89.63304,25.31379],[89.63302,25.31289],[89.63322,25.31289],[89.63319,25.31181],[89.63379,25.3118],[89.63379,25.31161],[89.63398,25.31161],[89.63398,25.31125],[89.63437,25.31106],[89.63436,25.3107],[89.63476,25.31051],[89.63475,25.31033],[89.63495,25.31033],[89.63495,25.31015],[89.63514,25.31015],[89.63514,25.30979],[89.63533,25.30978],[89.63532,25.30906],[89.63571,25.30887],[89.6357,25.30815],[89.6353,25.30798],[89.63527,25.3069],[89.63547,25.30689],[89.63546,25.30617],[89.63565,25.30617],[89.63564,25.30563],[89.63584,25.30562],[89.63582,25.3049],[89.63444,25.30493],[89.63442,25.30438],[89.63423,25.30439],[89.63423,25.30475],[89.63344,25.30494],[89.63347,25.30621],[89.63367,25.3062],[89.63369,25.30728],[89.63349,25.30729],[89.63351,25.30819],[89.63312,25.30838],[89.63291,25.30802],[89.63272,25.30802],[89.63271,25.30784],[89.63212,25.30785],[89.63234,25.30893],[89.63254,25.30893],[89.63256,25.30983],[89.63236,25.30984],[89.63236,25.31002],[89.63177,25.31003],[89.63176,25.30985],[89.63156,25.30985],[89.63156,25.30949],[89.63136,25.30949],[89.63132,25.30769],[89.63112,25.30769],[89.63113,25.30823],[89.63093,25.30824],[89.63096,25.30932],[89.63115,25.30932],[89.63116,25.3095],[89.63077,25.30968],[89.63076,25.3095],[89.63017,25.30951],[89.63017,25.30969],[89.62997,25.3097],[89.62998,25.31024],[89.62979,25.31024],[89.62979,25.31042],[89.63078,25.31041],[89.63077,25.31004],[89.63117,25.31004],[89.63117,25.31022],[89.63137,25.31021],[89.63138,25.31057],[89.63178,25.31075],[89.63179,25.31093],[89.63198,25.31093],[89.63199,25.31111],[89.63219,25.3111],[89.63219,25.31146],[89.6318,25.31165],[89.63181,25.31183],[89.63101,25.31166],[89.63101,25.31184],[89.62982,25.31187],[89.62982,25.31205],[89.62963,25.31205],[89.62964,25.31259],[89.62944,25.31259],[89.62944,25.31278],[89.62905,25.31278],[89.62906,25.31332],[89.62926,25.31332],[89.62926,25.3135],[89.62966,25.31349],[89.62986,25.31385],[89.63006,25.31385],[89.63007,25.31403],[89.63046,25.31402],[89.63067,25.31438],[89.63087,25.31437],[89.63087,25.31455],[89.63107,25.31455],[89.63109,25.31527],[89.63148,25.31527],[89.63149,25.31545],[89.63168,25.31544],[89.63169,25.3158],[89.63209,25.31598],[89.6321,25.31616],[89.6323,25.31615],[89.6323,25.31633],[89.6325,25.31633],[89.6325,25.31651],[89.6327,25.31651],[89.63271,25.31687],[89.63311,25.31704],[89.63311,25.31722],[89.63371,25.31721]],[[89.63319,25.31145],[89.63299,25.31145],[89.63298,25.31091],[89.63357,25.3109],[89.63339,25.31162],[89.63319,25.31163],[89.63319,25.31145]],[[89.63334,25.30946],[89.63374,25.30945],[89.63374,25.30963],[89.63394,25.30963],[89.63395,25.30999],[89.63375,25.30999],[89.63375,25.31017],[89.63336,25.31018],[89.63334,25.30946]],[[89.63473,25.30943],[89.63453,25.30944],[89.63453,25.30926],[89.63473,25.30925],[89.63473,25.30943]],[[89.63472,25.30871],[89.63511,25.3087],[89.63512,25.30906],[89.63473,25.30925],[89.63472,25.30871]]]}},{"type":"Feature","properties":{"kind":"land","ha":4.4},"geometry":{"type":"Polygon","coordinates":[[[89.61844,25.30882],[89.61842,25.30792],[89.61862,25.30791],[89.61856,25.30539],[89.61836,25.30539],[89.61834,25.30449],[89.61814,25.30449],[89.61813,25.30359],[89.61793,25.30359],[89.61792,25.30323],[89.61772,25.30324],[89.61772,25.30306],[89.61752,25.30306],[89.61752,25.30324],[89.61732,25.30324],[89.61735,25.30469],[89.61755,25.30468],[89.61758,25.30613],[89.61778,25.30612],[89.6178,25.30703],[89.618,25.30702],[89.61803,25.30829],[89.61823,25.30828],[89.61824,25.30882],[89.61844,25.30882]]]}},{"type":"Feature","properties":{"kind":"land","ha":6.9},"geometry":{"type":"Polygon","coordinates":[[[89.63228,25.30623],[89.63247,25.30586],[89.63267,25.30586],[89.63266,25.3055],[89.63305,25.30531],[89.63305,25.30495],[89.63324,25.30495],[89.63304,25.30459],[89.63284,25.30459],[89.63283,25.30423],[89.63263,25.30424],[89.63263,25.30387],[89.63302,25.30387],[89.63301,25.30333],[89.63321,25.30332],[89.6332,25.30296],[89.6334,25.30296],[89.63319,25.3026],[89.6328,25.30261],[89.63279,25.30225],[89.63319,25.30224],[89.63317,25.30152],[89.63278,25.30171],[89.63278,25.30189],[89.63258,25.30189],[89.63259,25.30207],[89.63239,25.30207],[89.63239,25.30225],[89.6318,25.30226],[89.63179,25.30208],[89.63159,25.30209],[89.63158,25.30155],[89.63079,25.30156],[89.6308,25.30228],[89.631,25.30228],[89.63101,25.30264],[89.63081,25.30264],[89.63082,25.30282],[89.63101,25.30282],[89.63103,25.30372],[89.63143,25.3039],[89.63165,25.30461],[89.63205,25.30461],[89.63207,25.30551],[89.63187,25.30551],[89.63188,25.30623],[89.63228,25.30623]],[[89.63162,25.30317],[89.63201,25.30316],[89.63202,25.30352],[89.63182,25.30353],[89.63162,25.30317]],[[89.63121,25.30246],[89.6316,25.30227],[89.6318,25.30263],[89.63141,25.30281],[89.63142,25.30299],[89.63122,25.303],[89.63121,25.30246]]]}},{"type":"Feature","properties":{"kind":"land","ha":12.6},"geometry":{"type":"Polygon","coordinates":[[[89.62762,25.30216],[89.62762,25.3018],[89.62801,25.30161],[89.62801,25.30143],[89.6284,25.30142],[89.62859,25.30106],[89.62879,25.30105],[89.62878,25.30069],[89.6274,25.30072],[89.62719,25.30036],[89.62699,25.30037],[89.62699,25.30018],[89.62679,25.30019],[89.62678,25.30001],[89.62659,25.30001],[89.62658,25.29965],[89.62618,25.29948],[89.62617,25.2993],[89.62597,25.2993],[89.62597,25.29894],[89.62577,25.29894],[89.62576,25.2984],[89.62556,25.29841],[89.62557,25.29877],[89.62497,25.29878],[89.62497,25.29896],[89.62458,25.29896],[89.62458,25.29914],[89.62438,25.29915],[89.62439,25.29933],[89.62399,25.29934],[89.62399,25.29952],[89.62419,25.29951],[89.6242,25.29987],[89.624,25.29988],[89.62401,25.30006],[89.62381,25.30006],[89.6238,25.29988],[89.62321,25.29989],[89.62302,25.30026],[89.62262,25.30026],[89.62262,25.30008],[89.62242,25.30009],[89.62244,25.30099],[89.62264,25.30098],[89.62265,25.30153],[89.62285,25.30152],[89.62285,25.30188],[89.62385,25.30187],[89.62404,25.3015],[89.62503,25.30148],[89.62524,25.30184],[89.62543,25.30184],[89.62544,25.30202],[89.62583,25.30201],[89.62622,25.30128],[89.62681,25.30127],[89.62702,25.30163],[89.62722,25.30162],[89.62722,25.30199],[89.62742,25.30198],[89.62743,25.30216],[89.62762,25.30216]]]}},{"type":"Feature","properties":{"kind":"land","ha":15.0},"geometry":{"type":"Polygon","coordinates":[[[89.65791,25.30685],[89.6579,25.30649],[89.6581,25.30649],[89.65808,25.30576],[89.65768,25.30559],[89.65767,25.30505],[89.65787,25.30505],[89.65786,25.30468],[89.65766,25.30469],[89.65765,25.30433],[89.65745,25.30433],[89.65745,25.30415],[89.65725,25.30415],[89.65723,25.30307],[89.65703,25.30308],[89.65702,25.30253],[89.65682,25.30254],[89.65678,25.30055],[89.65658,25.30056],[89.65656,25.29965],[89.65636,25.29966],[89.65633,25.2984],[89.65593,25.29822],[89.65593,25.29804],[89.65553,25.29805],[89.65553,25.29787],[89.65533,25.29787],[89.65532,25.29751],[89.65512,25.29751],[89.65512,25.29733],[89.65532,25.29733],[89.65531,25.29697],[89.65491,25.29698],[89.65492,25.29716],[89.65472,25.29716],[89.65473,25.29752],[89.65513,25.2977],[89.65513,25.29788],[89.65493,25.29788],[89.65494,25.29806],[89.65454,25.29807],[89.65454,25.29825],[89.65415,25.29825],[89.65415,25.29843],[89.65435,25.29843],[89.65436,25.29879],[89.65495,25.29878],[89.65514,25.29842],[89.65554,25.29841],[89.65575,25.29877],[89.65535,25.29895],[89.65536,25.29913],[89.65516,25.29914],[89.65516,25.29932],[89.65476,25.29933],[89.65477,25.29951],[89.65457,25.29951],[89.65459,25.30059],[89.65479,25.30059],[89.6548,25.30095],[89.655,25.30095],[89.65523,25.30239],[89.65543,25.30238],[89.65544,25.30292],[89.65564,25.30292],[89.65566,25.30382],[89.65586,25.30382],[89.65587,25.30454],[89.65627,25.30471],[89.65628,25.30507],[89.65668,25.30525],[89.65669,25.30579],[89.65709,25.30596],[89.6571,25.30632],[89.6575,25.3065],[89.65751,25.30668],[89.6577,25.30667],[89.65771,25.30685],[89.65791,25.30685]]]}},{"type":"Feature","properties":{"kind":"land","ha":8.1},"geometry":{"type":"Polygon","coordinates":[[[89.66699,25.3047],[89.66698,25.30416],[89.66658,25.30399],[89.66656,25.3029],[89.66636,25.30291],[89.66634,25.30219],[89.66614,25.30219],[89.66614,25.30183],[89.66594,25.30183],[89.6659,25.30021],[89.6661,25.3002],[89.66607,25.29894],[89.66627,25.29894],[89.66626,25.2984],[89.66646,25.29839],[89.66645,25.29821],[89.66725,25.2982],[89.66726,25.29856],[89.66745,25.29856],[89.66747,25.29928],[89.66767,25.29927],[89.66748,25.29964],[89.66768,25.29963],[89.66769,25.30018],[89.66789,25.30017],[89.66787,25.29927],[89.66826,25.29908],[89.66826,25.29926],[89.66846,25.29926],[89.66844,25.29818],[89.66824,25.29818],[89.66824,25.29836],[89.66765,25.29837],[89.66765,25.29819],[89.66745,25.29819],[89.66744,25.29783],[89.66724,25.29784],[89.66723,25.29748],[89.66703,25.29748],[89.667,25.29604],[89.66661,25.29622],[89.66663,25.29713],[89.66683,25.29712],[89.66684,25.29748],[89.66643,25.29731],[89.66643,25.29713],[89.66603,25.29714],[89.66583,25.29678],[89.66563,25.29678],[89.66562,25.2966],[89.66523,25.29679],[89.6653,25.29968],[89.66549,25.29967],[89.66554,25.30166],[89.66574,25.30165],[89.66575,25.3022],[89.66595,25.30219],[89.66597,25.30309],[89.66616,25.30309],[89.66639,25.30417],[89.66658,25.30417],[89.66659,25.30453],[89.66679,25.30452],[89.6668,25.3047],[89.66699,25.3047]],[[89.66585,25.29786],[89.66605,25.29786],[89.66605,25.29804],[89.66586,25.29804],[89.66585,25.29786]]]}},{"type":"Feature","properties":{"kind":"land","ha":31.4},"geometry":{"type":"Polygon","coordinates":[[[89.63155,25.29992],[89.63134,25.29957],[89.63194,25.29955],[89.63194,25.29992],[89.63314,25.29989],[89.63313,25.29971],[89.63293,25.29972],[89.63293,25.29936],[89.63273,25.29936],[89.63272,25.29882],[89.63231,25.29865],[89.63231,25.29847],[89.63211,25.29847],[89.63211,25.29829],[89.63191,25.29829],[89.63191,25.29811],[89.63151,25.29812],[89.6315,25.29776],[89.6321,25.29775],[89.6321,25.29793],[89.6327,25.29792],[89.6329,25.29827],[89.6333,25.29827],[89.6333,25.29845],[89.6337,25.29844],[89.63391,25.2988],[89.6341,25.29879],[89.63411,25.29897],[89.63431,25.29897],[89.63431,25.29915],[89.63451,25.29915],[89.63451,25.29933],[89.63491,25.29932],[89.63491,25.29914],[89.6351,25.29914],[89.63533,25.30022],[89.63513,25.30022],[89.63514,25.30076],[89.63534,25.30076],[89.63535,25.30112],[89.63614,25.3011],[89.63613,25.30074],[89.63653,25.30056],[89.63652,25.30019],[89.63672,25.30019],[89.63673,25.30091],[89.63693,25.30091],[89.63694,25.30145],[89.63674,25.30145],[89.63675,25.30163],[89.63695,25.30163],[89.63695,25.30199],[89.63715,25.30199],[89.63714,25.30127],[89.63733,25.30126],[89.63731,25.3],[89.63751,25.3],[89.63749,25.29946],[89.6373,25.29946],[89.63729,25.2991],[89.63709,25.2991],[89.63707,25.29838],[89.63688,25.29838],[89.63687,25.2982],[89.63608,25.29822],[89.63607,25.29804],[89.63587,25.29804],[89.63584,25.29642],[89.63564,25.29642],[89.63563,25.29588],[89.63583,25.29588],[89.63581,25.29515],[89.63541,25.29498],[89.63541,25.2948],[89.63521,25.2948],[89.63524,25.29607],[89.63504,25.29607],[89.63504,25.29625],[89.63425,25.29626],[89.63424,25.29608],[89.63385,25.29609],[89.63384,25.29591],[89.63365,25.29591],[89.63364,25.29555],[89.63344,25.29556],[89.63343,25.2952],[89.63303,25.29502],[89.63303,25.29484],[89.63283,25.29485],[89.63282,25.29449],[89.63302,25.29448],[89.63301,25.2943],[89.63341,25.29429],[89.6334,25.29393],[89.6336,25.29393],[89.63358,25.29303],[89.63319,25.29303],[89.63319,25.29322],[89.63299,25.29322],[89.633,25.29376],[89.63261,25.29377],[89.6326,25.29359],[89.63201,25.2936],[89.6318,25.29324],[89.6316,25.29324],[89.63161,25.29342],[89.63141,25.29343],[89.63142,25.29415],[89.63162,25.29415],[89.63163,25.29469],[89.63183,25.29468],[89.63186,25.29595],[89.63166,25.29595],[89.63166,25.29613],[89.63107,25.29614],[89.63106,25.29596],[89.63087,25.29596],[89.63089,25.29705],[89.63069,25.29705],[89.63071,25.29795],[89.63111,25.29813],[89.63112,25.29867],[89.63092,25.29867],[89.63092,25.29849],[89.63033,25.2985],[89.63013,25.29887],[89.62994,25.29887],[89.62977,25.30032],[89.62957,25.30032],[89.62958,25.30068],[89.62938,25.30068],[89.62938,25.30086],[89.62899,25.30087],[89.62899,25.30105],[89.62879,25.30105],[89.6288,25.30124],[89.62899,25.30123],[89.629,25.30141],[89.62999,25.30139],[89.62999,25.30157],[89.63019,25.30157],[89.63019,25.30139],[89.63059,25.30138],[89.63058,25.3012],[89.63078,25.3012],[89.63076,25.30012],[89.63096,25.30011],[89.63095,25.29993],[89.63155,25.29992]],[[89.63075,25.29994],[89.63055,25.29958],[89.63035,25.29958],[89.63034,25.29922],[89.63074,25.29922],[89.63074,25.2994],[89.63094,25.29939],[89.63095,25.29993],[89.63075,25.29994]],[[89.63348,25.29736],[89.63368,25.29736],[89.63368,25.29754],[89.63348,25.29754],[89.63348,25.29736]],[[89.63305,25.29593],[89.63325,25.29592],[89.63326,25.29628],[89.63306,25.29629],[89.63305,25.29593]]]}},{"type":"Feature","properties":{"kind":"land","ha":4.6},"geometry":{"type":"Polygon","coordinates":[[[89.61717,25.29603],[89.61716,25.29549],[89.61676,25.29531],[89.61675,25.29495],[89.61734,25.29494],[89.61733,25.29422],[89.61713,25.29422],[89.61709,25.2926],[89.6167,25.29261],[89.61669,25.29243],[89.6161,25.29244],[89.61609,25.29226],[89.6157,25.29226],[89.61569,25.29208],[89.6155,25.29209],[89.61551,25.29281],[89.61591,25.29298],[89.61594,25.29424],[89.61614,25.29424],[89.61617,25.29568],[89.61637,25.29568],[89.61637,25.29604],[89.61677,25.29603],[89.61678,25.29621],[89.61717,25.29603]]]}},{"type":"Feature","properties":{"kind":"land","ha":3.8},"geometry":{"type":"Polygon","coordinates":[[[89.61973,25.29508],[89.61972,25.29454],[89.61932,25.29436],[89.61928,25.29274],[89.61908,25.29274],[89.61908,25.29256],[89.61869,25.29275],[89.61868,25.29257],[89.61829,25.29258],[89.61827,25.29168],[89.61787,25.29168],[89.61787,25.2915],[89.61767,25.29151],[89.61766,25.29115],[89.61746,25.29115],[89.61745,25.29079],[89.61725,25.29079],[89.61725,25.29061],[89.61685,25.29062],[89.61687,25.29116],[89.61706,25.29116],[89.61708,25.29188],[89.61767,25.29187],[89.6179,25.29295],[89.61809,25.29294],[89.6181,25.2933],[89.6183,25.2933],[89.6183,25.29348],[89.6187,25.29347],[89.61873,25.29456],[89.61913,25.29473],[89.61913,25.29509],[89.61933,25.29509],[89.61934,25.29527],[89.61973,25.29508]]]}},{"type":"Feature","properties":{"kind":"land","ha":7.1},"geometry":{"type":"Polygon","coordinates":[[[89.6453,25.29318],[89.6453,25.293],[89.64569,25.29299],[89.64569,25.29281],[89.64589,25.29281],[89.64588,25.29263],[89.64628,25.29262],[89.64646,25.29189],[89.64666,25.29189],[89.64665,25.29153],[89.64685,25.29153],[89.64684,25.29117],[89.64704,25.29116],[89.64703,25.2908],[89.64821,25.29024],[89.64819,25.28916],[89.64839,25.28915],[89.64838,25.28861],[89.64858,25.28861],[89.64856,25.28807],[89.64837,25.28807],[89.64835,25.28717],[89.64815,25.28717],[89.64815,25.28735],[89.64775,25.28736],[89.64776,25.28772],[89.64796,25.28772],[89.64798,25.28844],[89.64758,25.28845],[89.64737,25.28809],[89.64717,25.28809],[89.64721,25.2899],[89.64702,25.2899],[89.64703,25.29044],[89.64663,25.29063],[89.64664,25.29099],[89.64625,25.29118],[89.64625,25.29136],[89.64605,25.29136],[89.64606,25.29154],[89.64586,25.29154],[89.64586,25.29172],[89.64567,25.29173],[89.64567,25.29191],[89.64488,25.2921],[89.64489,25.29246],[89.64449,25.29247],[89.6443,25.29284],[89.6437,25.29285],[89.6435,25.29249],[89.6433,25.29249],[89.64332,25.29339],[89.6453,25.29318]]]}},{"type":"Feature","properties":{"kind":"land","ha":17.1},"geometry":{"type":"Polygon","coordinates":[[[89.70196,25.30551],[89.70192,25.30388],[89.70212,25.30388],[89.70207,25.3019],[89.70227,25.30189],[89.70223,25.29991],[89.70243,25.2999],[89.7024,25.29846],[89.70259,25.29846],[89.70257,25.29719],[89.70276,25.29719],[89.70274,25.29629],[89.70294,25.29628],[89.70293,25.29574],[89.70313,25.29574],[89.70311,25.29502],[89.70331,25.29501],[89.7033,25.29429],[89.70349,25.29429],[89.70348,25.29375],[89.70368,25.29374],[89.70366,25.29284],[89.70386,25.29284],[89.70385,25.29248],[89.70405,25.29247],[89.70404,25.29193],[89.70424,25.29193],[89.70422,25.29139],[89.70442,25.29138],[89.70441,25.29102],[89.70461,25.29102],[89.70459,25.29012],[89.70479,25.29011],[89.70478,25.28975],[89.70498,25.28975],[89.70497,25.28939],[89.70517,25.28938],[89.70516,25.28902],[89.70536,25.28902],[89.70535,25.28848],[89.70555,25.28848],[89.70554,25.28811],[89.70574,25.28811],[89.70572,25.28739],[89.70592,25.28739],[89.70591,25.28703],[89.70611,25.28702],[89.7061,25.2863],[89.70629,25.2863],[89.70629,25.28594],[89.70609,25.28594],[89.70608,25.28576],[89.70589,25.28576],[89.7059,25.2863],[89.7057,25.28631],[89.70571,25.28685],[89.70532,25.28704],[89.70514,25.28812],[89.70495,25.28813],[89.70496,25.28867],[89.70476,25.28867],[89.70477,25.28903],[89.70457,25.28904],[89.70458,25.2894],[89.70438,25.2894],[89.70439,25.29012],[89.7042,25.29012],[89.70422,25.29103],[89.70402,25.29103],[89.70403,25.29157],[89.70383,25.29158],[89.70384,25.29194],[89.70364,25.29194],[89.70365,25.2923],[89.70345,25.2923],[89.70346,25.29267],[89.70326,25.29267],[89.70327,25.29303],[89.70307,25.29303],[89.70309,25.29375],[89.70289,25.29376],[89.70289,25.29412],[89.7027,25.29412],[89.7027,25.2943],[89.7023,25.29431],[89.7021,25.29395],[89.7019,25.29396],[89.70189,25.2936],[89.7007,25.29362],[89.7007,25.2938],[89.70051,25.2938],[89.70051,25.29416],[89.70111,25.29415],[89.70093,25.29488],[89.70112,25.29487],[89.70116,25.29632],[89.70136,25.29631],[89.70136,25.29667],[89.70116,25.29668],[89.70117,25.29686],[89.70137,25.29685],[89.70139,25.29794],[89.70159,25.29793],[89.70176,25.30551],[89.70196,25.30551]]]}},{"type":"Feature","properties":{"kind":"land","ha":7.1},"geometry":{"type":"Polygon","coordinates":[[[89.64349,25.29195],[89.64347,25.29123],[89.64367,25.29122],[89.64364,25.28996],[89.64384,25.28996],[89.64382,25.28905],[89.64402,25.28905],[89.64398,25.28725],[89.64418,25.28724],[89.64417,25.2867],[89.64456,25.28651],[89.64453,25.28525],[89.64473,25.28525],[89.64472,25.28471],[89.64492,25.2847],[89.6449,25.2838],[89.6451,25.2838],[89.64509,25.28344],[89.64529,25.28343],[89.64526,25.28235],[89.64467,25.28236],[89.64467,25.28254],[89.64447,25.28254],[89.64448,25.28309],[89.64429,25.28309],[89.6443,25.28381],[89.6441,25.28381],[89.64412,25.28436],[89.64372,25.28454],[89.64374,25.28545],[89.64354,25.28545],[89.64356,25.28617],[89.64336,25.28617],[89.64346,25.29069],[89.64326,25.29069],[89.64329,25.29195],[89.64349,25.29195]]]}},{"type":"Feature","properties":{"kind":"land","ha":17.4},"geometry":{"type":"Polygon","coordinates":[[[89.65419,25.29139],[89.65419,25.29103],[89.65439,25.29103],[89.65438,25.29067],[89.65458,25.29067],[89.65457,25.29049],[89.65517,25.29047],[89.65516,25.29029],[89.65556,25.29029],[89.65555,25.28993],[89.65595,25.28974],[89.65594,25.28956],[89.65614,25.28955],[89.65613,25.28919],[89.65633,25.28919],[89.65633,25.28901],[89.65653,25.28901],[89.65652,25.28865],[89.65751,25.28863],[89.6575,25.28809],[89.6573,25.28809],[89.65729,25.28773],[89.65749,25.28773],[89.65746,25.28646],[89.65786,25.28627],[89.65782,25.28483],[89.65763,25.28484],[89.65764,25.28574],[89.65745,25.28574],[89.65745,25.28592],[89.65705,25.28575],[89.65705,25.28557],[89.65685,25.28557],[89.65684,25.28539],[89.65645,25.2854],[89.65644,25.28504],[89.65664,25.28503],[89.65662,25.28413],[89.65622,25.28396],[89.65619,25.2827],[89.65658,25.28251],[89.65657,25.28197],[89.65617,25.28179],[89.65616,25.28125],[89.65596,25.28126],[89.65596,25.28107],[89.65556,25.28108],[89.65557,25.28162],[89.65537,25.28163],[89.65538,25.28181],[89.65498,25.28181],[89.65477,25.28146],[89.65457,25.28146],[89.65457,25.28128],[89.65496,25.28109],[89.65496,25.28073],[89.65456,25.28092],[89.65457,25.2811],[89.65437,25.2811],[89.65438,25.28183],[89.65458,25.28182],[89.65459,25.28218],[89.65499,25.28236],[89.65499,25.28254],[89.65559,25.28253],[89.65563,25.28451],[89.65543,25.28451],[89.65547,25.28614],[89.65527,25.28614],[89.6553,25.28722],[89.6551,25.28723],[89.65511,25.28777],[89.65491,25.28777],[89.65492,25.28813],[89.65452,25.28832],[89.65454,25.28904],[89.65434,25.28905],[89.65435,25.28959],[89.65416,25.28959],[89.65417,25.29031],[89.65397,25.29032],[89.654,25.2914],[89.65419,25.29139]]]}},{"type":"Feature","properties":{"kind":"land","ha":8.7},"geometry":{"type":"Polygon","coordinates":[[[89.64753,25.28628],[89.64752,25.28574],[89.64832,25.28591],[89.64832,25.28609],[89.64892,25.28607],[89.64891,25.28553],[89.64871,25.28554],[89.64869,25.28482],[89.64849,25.28482],[89.64849,25.28446],[89.64829,25.28446],[89.64828,25.28428],[89.64808,25.28428],[89.64808,25.2841],[89.64828,25.2841],[89.64827,25.28374],[89.64847,25.28374],[89.64845,25.28301],[89.64826,25.28302],[89.64825,25.28284],[89.64864,25.28265],[89.64864,25.28229],[89.64844,25.28229],[89.64842,25.28157],[89.64822,25.28157],[89.64822,25.28121],[89.64802,25.28122],[89.64801,25.28086],[89.64781,25.28086],[89.6478,25.2805],[89.64761,25.2805],[89.6476,25.28032],[89.64721,25.28051],[89.64722,25.28087],[89.64702,25.28087],[89.64704,25.28196],[89.64724,25.28195],[89.64725,25.28231],[89.64745,25.28231],[89.64745,25.28249],[89.64765,25.28249],[89.64766,25.28303],[89.64806,25.2832],[89.64807,25.28374],[89.64688,25.28358],[89.64669,25.28395],[89.64649,25.28395],[89.64649,25.28413],[89.6461,25.28414],[89.64609,25.28396],[89.64589,25.28396],[89.6459,25.28432],[89.6461,25.28432],[89.64611,25.28486],[89.64651,25.28504],[89.64652,25.28522],[89.64671,25.28521],[89.64672,25.28539],[89.64692,25.28539],[89.64693,25.28611],[89.64713,25.28611],[89.64714,25.28647],[89.64753,25.28628]]]}},{"type":"Feature","properties":{"kind":"land","ha":8.4},"geometry":{"type":"Polygon","coordinates":[[[89.63024,25.28551],[89.63024,25.28533],[89.63044,25.28532],[89.63043,25.28496],[89.63003,25.28479],[89.63003,25.28461],[89.62983,25.28461],[89.62982,25.28443],[89.62962,25.28443],[89.62962,25.28407],[89.62922,25.2839],[89.62921,25.28372],[89.62901,25.28372],[89.6288,25.28301],[89.6284,25.28283],[89.62839,25.28247],[89.62799,25.2823],[89.62799,25.28212],[89.62779,25.28212],[89.62778,25.28194],[89.62739,25.28195],[89.62738,25.28177],[89.62679,25.28178],[89.62657,25.28106],[89.62638,25.28106],[89.62636,25.28052],[89.62617,25.28053],[89.62618,25.28107],[89.62598,25.28107],[89.62602,25.28287],[89.62562,25.28288],[89.62541,25.28252],[89.62522,25.28253],[89.62523,25.28307],[89.62563,25.28324],[89.62563,25.28342],[89.62583,25.28342],[89.62584,25.2836],[89.62603,25.2836],[89.62605,25.28414],[89.62624,25.28413],[89.62625,25.28431],[89.62664,25.28431],[89.62665,25.28467],[89.62705,25.28484],[89.62706,25.28502],[89.62825,25.285],[89.62824,25.28482],[89.62805,25.28482],[89.62804,25.28464],[89.62764,25.28465],[89.62764,25.28429],[89.62724,25.2843],[89.62703,25.28394],[89.62684,25.28394],[89.62683,25.28376],[89.62663,25.28377],[89.62662,25.28341],[89.62643,25.28341],[89.62641,25.28287],[89.62681,25.28286],[89.62702,25.28322],[89.62741,25.28321],[89.62742,25.28339],[89.62801,25.28338],[89.62822,25.28374],[89.62862,25.28373],[89.62883,25.28445],[89.62923,25.28462],[89.62924,25.2848],[89.62963,25.2848],[89.62964,25.28534],[89.62984,25.28533],[89.62985,25.28551],[89.63024,25.28551]]]}},{"type":"Feature","properties":{"kind":"land","ha":31.8},"geometry":{"type":"Polygon","coordinates":[[[89.64055,25.29381],[89.64074,25.29344],[89.64114,25.29343],[89.64133,25.29307],[89.64152,25.29307],[89.6415,25.29198],[89.6417,25.29198],[89.64169,25.29162],[89.64189,25.29162],[89.64189,25.29144],[89.64209,25.29143],[89.64206,25.29017],[89.64166,25.29],[89.64155,25.28512],[89.64175,25.28512],[89.64172,25.28386],[89.64093,25.28405],[89.64093,25.28387],[89.64113,25.28387],[89.64112,25.28351],[89.64151,25.28332],[89.6415,25.2826],[89.6413,25.2826],[89.64125,25.28044],[89.63986,25.28046],[89.63966,25.2801],[89.63926,25.28011],[89.63927,25.28065],[89.63947,25.28065],[89.63947,25.28083],[89.63987,25.28082],[89.64008,25.28118],[89.64027,25.28118],[89.64029,25.28172],[89.63989,25.2819],[89.6399,25.28209],[89.6397,25.28209],[89.6397,25.28227],[89.6395,25.28227],[89.63952,25.28317],[89.63933,25.28318],[89.63933,25.28354],[89.63973,25.28353],[89.63992,25.28317],[89.64012,25.28316],[89.64011,25.28262],[89.64031,25.28262],[89.6403,25.28226],[89.64069,25.28207],[89.64069,25.28189],[89.64108,25.28188],[89.6411,25.28242],[89.6409,25.28243],[89.64092,25.28333],[89.64072,25.28333],[89.64075,25.2846],[89.64055,25.2846],[89.64055,25.28478],[89.64095,25.28477],[89.64095,25.28495],[89.64115,25.28495],[89.64116,25.28531],[89.64096,25.28532],[89.64097,25.28568],[89.64077,25.28568],[89.64098,25.28604],[89.64058,25.28622],[89.64061,25.28731],[89.64041,25.28731],[89.64042,25.28785],[89.64002,25.28768],[89.64001,25.2875],[89.63982,25.2875],[89.63981,25.28732],[89.63961,25.28732],[89.63961,25.28714],[89.63941,25.28715],[89.63941,25.28697],[89.63921,25.28697],[89.63921,25.28715],[89.63882,25.28716],[89.63881,25.28698],[89.63861,25.28698],[89.6386,25.28626],[89.6378,25.28627],[89.63779,25.28555],[89.63799,25.28555],[89.63798,25.28537],[89.63739,25.28538],[89.63738,25.28502],[89.63718,25.28502],[89.63717,25.28448],[89.63697,25.28448],[89.63697,25.2843],[89.63657,25.28431],[89.63657,25.28449],[89.63677,25.28449],[89.63679,25.28521],[89.63639,25.28522],[89.6364,25.2854],[89.6358,25.28541],[89.6358,25.28559],[89.6362,25.28576],[89.63621,25.28594],[89.63641,25.28594],[89.63641,25.28612],[89.63661,25.28611],[89.63661,25.28593],[89.6372,25.28592],[89.63721,25.28647],[89.63701,25.28647],[89.63702,25.28683],[89.63603,25.28685],[89.63603,25.28703],[89.63643,25.2872],[89.63644,25.28738],[89.63664,25.28738],[89.63664,25.28756],[89.63704,25.28755],[89.63724,25.28791],[89.63744,25.2879],[89.63745,25.28809],[89.63764,25.28808],[89.63765,25.28844],[89.63805,25.28862],[89.63807,25.28916],[89.63826,25.28915],[89.63828,25.28988],[89.63848,25.28987],[89.63849,25.29059],[89.63869,25.29059],[89.63871,25.29131],[89.63891,25.29131],[89.63892,25.29185],[89.63912,25.29185],[89.63913,25.29257],[89.63933,25.29256],[89.63934,25.29292],[89.63954,25.29292],[89.63954,25.2931],[89.63974,25.2931],[89.63995,25.29382],[89.64055,25.29381]],[[89.64112,25.29253],[89.64112,25.29271],[89.64092,25.29272],[89.64092,25.29254],[89.64112,25.29253]],[[89.64052,25.29254],[89.64051,25.29218],[89.64091,25.29217],[89.64092,25.29254],[89.64052,25.29254]],[[89.6399,25.29147],[89.6403,25.29146],[89.64011,25.29183],[89.63991,25.29183],[89.6399,25.29147]],[[89.63969,25.29075],[89.63949,25.29076],[89.63948,25.29021],[89.63928,25.29022],[89.63927,25.28986],[89.63907,25.28986],[89.63907,25.2895],[89.63887,25.2895],[89.63886,25.28896],[89.63866,25.28897],[89.63863,25.2877],[89.63883,25.2877],[89.63884,25.28806],[89.63924,25.28823],[89.63924,25.28841],[89.63984,25.2884],[89.63984,25.28876],[89.63964,25.28877],[89.63966,25.28931],[89.63946,25.28931],[89.63947,25.28967],[89.63986,25.28967],[89.63989,25.29075],[89.64008,25.29075],[89.64009,25.29111],[89.63989,25.29111],[89.63969,25.29075]],[[89.63902,25.28752],[89.63922,25.28751],[89.63922,25.28769],[89.63903,25.2877],[89.63902,25.28752]]]}},{"type":"Feature","properties":{"kind":"land","ha":13.7},"geometry":{"type":"Polygon","coordinates":[[[89.63603,25.28685],[89.63602,25.28649],[89.63562,25.28631],[89.63562,25.28613],[89.63542,25.28614],[89.63541,25.28578],[89.63521,25.28578],[89.63521,25.2856],[89.63501,25.2856],[89.635,25.28506],[89.6348,25.28506],[89.63479,25.2847],[89.63459,25.28471],[89.63458,25.28417],[89.63418,25.28399],[89.63397,25.28327],[89.63357,25.2831],[89.63356,25.28274],[89.63336,25.28274],[89.63335,25.28238],[89.63295,25.28221],[89.63294,25.28185],[89.63254,25.28168],[89.63253,25.28095],[89.63233,25.28096],[89.63232,25.2806],[89.63271,25.28041],[89.63272,25.28059],[89.63292,25.28059],[89.63292,25.28095],[89.63333,25.28112],[89.63333,25.28148],[89.63353,25.28148],[89.63354,25.28184],[89.63374,25.28183],[89.63374,25.28201],[89.63453,25.28182],[89.63453,25.28164],[89.63533,25.28181],[89.63531,25.28126],[89.63491,25.28109],[89.63491,25.28091],[89.63471,25.28091],[89.6347,25.28055],[89.6343,25.28038],[89.6343,25.2802],[89.6339,25.28021],[89.6339,25.28003],[89.6333,25.28004],[89.6331,25.27968],[89.6329,25.27968],[89.63289,25.2795],[89.63269,25.27951],[89.63269,25.27933],[89.63249,25.27933],[89.63248,25.27879],[89.63189,25.2788],[89.63189,25.27916],[89.63169,25.27916],[89.63171,25.2797],[89.63131,25.27989],[89.63132,25.28025],[89.63172,25.28043],[89.63173,25.28079],[89.63193,25.28078],[89.63195,25.28169],[89.63155,25.28169],[89.63155,25.28151],[89.63135,25.28152],[89.63134,25.28116],[89.63114,25.28116],[89.63113,25.28062],[89.63073,25.28044],[89.63073,25.28026],[89.63053,25.28027],[89.63075,25.28135],[89.63095,25.28134],[89.63096,25.2817],[89.63136,25.28188],[89.63136,25.28206],[89.63156,25.28205],[89.63156,25.28223],[89.63176,25.28223],[89.63198,25.28295],[89.63238,25.28312],[89.63238,25.28348],[89.63278,25.28366],[89.6328,25.2842],[89.63319,25.28419],[89.6334,25.28455],[89.6336,25.28454],[89.63361,25.28491],[89.63401,25.28508],[89.63401,25.28526],[89.63421,25.28526],[89.63422,25.28562],[89.63462,25.28579],[89.63462,25.28597],[89.63482,25.28597],[89.63482,25.28615],[89.63502,25.28614],[89.63503,25.28632],[89.63522,25.28632],[89.63523,25.2865],[89.63543,25.2865],[89.63543,25.28668],[89.63583,25.28667],[89.63583,25.28685],[89.63603,25.28685]],[[89.63191,25.27988],[89.63231,25.27987],[89.63231,25.28005],[89.63191,25.28006],[89.63191,25.27988]]]}},{"type":"Feature","properties":{"kind":"land","ha":6.3},"geometry":{"type":"Polygon","coordinates":[[[89.67262,25.28059],[89.67261,25.28023],[89.67281,25.28023],[89.6728,25.27987],[89.673,25.27986],[89.67299,25.27932],[89.67319,25.27932],[89.67318,25.27896],[89.67338,25.27896],[89.67337,25.27841],[89.67356,25.27841],[89.67354,25.27751],[89.67315,25.27752],[89.67315,25.2777],[89.67256,25.27771],[89.67256,25.27789],[89.67216,25.27789],[89.67217,25.27807],[89.67177,25.27808],[89.67177,25.27826],[89.67118,25.27827],[89.67118,25.27845],[89.67079,25.27846],[89.67079,25.27864],[89.67039,25.27865],[89.6704,25.27883],[89.67,25.27884],[89.67001,25.27938],[89.67081,25.27954],[89.67102,25.2799],[89.67121,25.2799],[89.67122,25.28008],[89.67241,25.28006],[89.67242,25.2806],[89.67262,25.28059]]]}},{"type":"Feature","properties":{"kind":"land","ha":5.3},"geometry":{"type":"Polygon","coordinates":[[[89.69346,25.28058],[89.69346,25.28039],[89.69366,25.28039],[89.69365,25.28003],[89.69404,25.27984],[89.69404,25.27966],[89.69444,25.27965],[89.69443,25.27947],[89.69582,25.27945],[89.69582,25.27927],[89.69601,25.27926],[89.696,25.27854],[89.6954,25.27855],[89.6954,25.27837],[89.6952,25.27838],[89.69519,25.27802],[89.69499,25.27802],[89.69495,25.27622],[89.69476,25.27622],[89.69475,25.27604],[89.69436,25.27623],[89.69437,25.27659],[89.69417,25.27659],[89.69399,25.27768],[89.6938,25.27768],[89.69382,25.27876],[89.69402,25.27876],[89.69403,25.27912],[89.69363,25.27931],[89.69365,25.27985],[89.69325,25.28004],[89.69307,25.28076],[89.69346,25.28058]],[[89.69459,25.27785],[89.69479,25.27784],[89.69481,25.27857],[89.69461,25.27857],[89.69459,25.27785]]]}},{"type":"Feature","properties":{"kind":"land","ha":15.6},"geometry":{"type":"Polygon","coordinates":[[[89.61834,25.2859],[89.61834,25.28572],[89.61854,25.28572],[89.61853,25.28535],[89.61833,25.28536],[89.61832,25.285],[89.61812,25.285],[89.61793,25.28536],[89.61773,25.28537],[89.61753,25.28501],[89.61733,25.28501],[89.61733,25.28483],[89.61713,25.28484],[89.61732,25.28447],[89.61752,25.28447],[89.61749,25.28321],[89.61729,25.28321],[89.61728,25.28267],[89.61708,25.28267],[89.61707,25.28231],[89.61687,25.28232],[89.61686,25.28177],[89.61666,25.28178],[89.61666,25.28142],[89.61646,25.28142],[89.61645,25.28088],[89.61684,25.28069],[89.61683,25.28033],[89.61703,25.28033],[89.61703,25.28015],[89.61722,25.28014],[89.61721,25.2796],[89.61761,25.27959],[89.61761,25.27941],[89.6186,25.2794],[89.61859,25.27904],[89.61879,25.27903],[89.61878,25.27885],[89.61859,25.27886],[89.61858,25.27849],[89.61838,25.2785],[89.61835,25.27724],[89.61795,25.27706],[89.61795,25.27688],[89.61775,25.27688],[89.61775,25.27707],[89.61676,25.27708],[89.61677,25.27744],[89.61638,25.27763],[89.61638,25.27781],[89.61618,25.27782],[89.61619,25.278],[89.61599,25.278],[89.61599,25.27818],[89.61579,25.27818],[89.6158,25.27836],[89.6156,25.27837],[89.6156,25.27855],[89.6154,25.27855],[89.61541,25.27891],[89.61521,25.27892],[89.61522,25.2791],[89.61581,25.27909],[89.616,25.27872],[89.6162,25.27872],[89.6162,25.27854],[89.6164,25.27853],[89.61639,25.27835],[89.61659,25.27835],[89.61659,25.27817],[89.61678,25.27817],[89.61678,25.27798],[89.61698,25.27798],[89.61697,25.27762],[89.61737,25.27761],[89.61738,25.27815],[89.61698,25.27816],[89.61699,25.27834],[89.61679,25.27835],[89.6168,25.27871],[89.6164,25.27871],[89.61641,25.27907],[89.61601,25.27926],[89.61602,25.27944],[89.61582,25.27945],[89.61582,25.27963],[89.61563,25.27963],[89.61564,25.28017],[89.61524,25.28036],[89.61525,25.28054],[89.61505,25.28054],[89.61505,25.28072],[89.61485,25.28073],[89.61486,25.28109],[89.61447,25.28127],[89.61447,25.28109],[89.61407,25.2811],[89.61408,25.28146],[89.61388,25.28147],[89.6139,25.28237],[89.61429,25.28218],[89.61428,25.28182],[89.61468,25.28181],[89.61468,25.28199],[89.61488,25.28199],[89.61489,25.28235],[89.61429,25.28236],[89.6143,25.28254],[89.6145,25.28254],[89.61451,25.28326],[89.61471,25.28326],[89.61472,25.28362],[89.61512,25.28361],[89.61511,25.28325],[89.61491,25.28325],[89.6149,25.28271],[89.61529,25.28252],[89.61529,25.28234],[89.61548,25.28234],[89.61548,25.28216],[89.61588,25.28215],[89.61608,25.28251],[89.61628,25.28251],[89.61629,25.28269],[89.61648,25.28268],[89.61649,25.28286],[89.61669,25.28286],[89.61669,25.28322],[89.61689,25.28322],[89.61692,25.2843],[89.61711,25.2843],[89.61712,25.28448],[89.61692,25.28448],[89.61692,25.28466],[89.61653,25.28467],[89.61654,25.28503],[89.61673,25.28503],[89.61674,25.28521],[89.61733,25.28519],[89.61734,25.28538],[89.61754,25.28537],[89.61754,25.28573],[89.61794,25.28591],[89.61795,25.28609],[89.61834,25.2859]]]}},{"type":"Feature","properties":{"kind":"land","ha":251.6},"geometry":{"type":"Polygon","coordinates":[[[89.68559,25.2744],[89.68539,25.27441],[89.68538,25.27422],[89.68459,25.27442],[89.6846,25.2746],[89.6848,25.2746],[89.6848,25.27496],[89.68441,25.27514],[89.68441,25.27533],[89.68362,25.27552],[89.68365,25.2766],[89.68345,25.27661],[89.68347,25.27733],[89.68387,25.2775],[89.68387,25.27768],[89.68407,25.27768],[89.68407,25.27786],[89.68427,25.27785],[89.68428,25.27804],[89.68447,25.27803],[89.68447,25.27767],[89.68486,25.27766],[89.68488,25.27839],[89.68468,25.27839],[89.68471,25.27965],[89.68451,25.27966],[89.68452,25.2802],[89.68413,25.28038],[89.68413,25.28056],[89.68393,25.28057],[89.68375,25.28129],[89.68355,25.2813],[89.68357,25.28184],[89.68317,25.28203],[89.68318,25.28221],[89.68298,25.28221],[89.68299,25.28257],[89.68279,25.28257],[89.68279,25.28275],[89.68259,25.28276],[89.68259,25.2824],[89.68179,25.28241],[89.68201,25.28349],[89.68162,25.2835],[89.68161,25.28332],[89.68141,25.28332],[89.68141,25.28296],[89.68101,25.28279],[89.681,25.28243],[89.6808,25.28243],[89.6808,25.28225],[89.6804,25.28226],[89.6804,25.28244],[89.67981,25.28245],[89.6796,25.28209],[89.6794,25.28209],[89.67935,25.27993],[89.67955,25.27993],[89.67954,25.27938],[89.67974,25.27938],[89.67973,25.27902],[89.67953,25.27902],[89.67953,25.27884],[89.67913,25.27885],[89.67914,25.27903],[89.67894,25.27903],[89.67895,25.2794],[89.67855,25.27958],[89.67856,25.27994],[89.67816,25.27995],[89.67816,25.27977],[89.67796,25.27977],[89.67777,25.28014],[89.67757,25.28014],[89.67758,25.2805],[89.67738,25.28051],[89.67739,25.28069],[89.67699,25.28069],[89.67698,25.28033],[89.67678,25.28034],[89.67697,25.27961],[89.67677,25.27962],[89.67676,25.27944],[89.67597,25.27945],[89.67597,25.27963],[89.67577,25.27963],[89.67579,25.28036],[89.6754,25.28054],[89.67541,25.2809],[89.67521,25.28091],[89.67521,25.28109],[89.67501,25.28109],[89.67502,25.28145],[89.67522,25.28145],[89.67522,25.28163],[89.67562,25.28162],[89.67545,25.28271],[89.67585,25.28288],[89.67585,25.28306],[89.67605,25.28306],[89.67626,25.28378],[89.67646,25.28377],[89.67647,25.28413],[89.67627,25.28414],[89.67628,25.28468],[89.67608,25.28468],[89.67609,25.28504],[89.67649,25.28504],[89.67649,25.28522],[89.67669,25.28521],[89.67672,25.28629],[89.67752,25.28664],[89.67752,25.28682],[89.67732,25.28683],[89.67734,25.28755],[89.67695,25.28773],[89.67695,25.28791],[89.67675,25.28792],[89.67675,25.2881],[89.67616,25.28811],[89.67616,25.28793],[89.67576,25.28794],[89.67576,25.28812],[89.67556,25.28812],[89.67557,25.28848],[89.67537,25.28848],[89.67539,25.28903],[89.67619,25.28937],[89.67619,25.28955],[89.6754,25.28957],[89.6754,25.28975],[89.6756,25.28974],[89.67562,25.29047],[89.67641,25.29063],[89.67643,25.29135],[89.67623,25.29136],[89.67623,25.29154],[89.67584,25.29154],[89.67565,25.29191],[89.67545,25.29191],[89.67545,25.29209],[89.67367,25.29213],[89.67368,25.29267],[89.67427,25.29266],[89.67429,25.2932],[89.67409,25.2932],[89.67409,25.29338],[89.67369,25.29339],[89.67349,25.29303],[89.67309,25.29304],[89.67309,25.29286],[89.67249,25.29287],[89.6725,25.29305],[89.6723,25.29305],[89.67209,25.2927],[89.67189,25.2927],[89.67188,25.29234],[89.67169,25.29234],[89.67168,25.29198],[89.67128,25.29181],[89.67127,25.29163],[89.67108,25.29163],[89.67107,25.29145],[89.67068,25.29164],[89.67068,25.29182],[89.67048,25.29182],[89.6705,25.29272],[89.6707,25.29272],[89.67071,25.29308],[89.67111,25.29307],[89.67111,25.29325],[89.67131,25.29325],[89.67132,25.29379],[89.67112,25.2938],[89.67114,25.2947],[89.67154,25.29487],[89.67176,25.29559],[89.67196,25.29559],[89.67196,25.29595],[89.67216,25.29594],[89.67217,25.2963],[89.67237,25.2963],[89.67238,25.29666],[89.67218,25.29666],[89.67218,25.29685],[89.67238,25.29684],[89.67238,25.29702],[89.67278,25.29701],[89.67299,25.29737],[89.67319,25.29737],[89.67321,25.29827],[89.6734,25.29827],[89.67341,25.29863],[89.67361,25.29862],[89.67362,25.29899],[89.67382,25.29898],[89.67383,25.2997],[89.67344,25.29989],[89.67345,25.30025],[89.67325,25.30026],[89.67325,25.30044],[89.67345,25.30043],[89.67346,25.30079],[89.67366,25.30079],[89.67367,25.30115],[89.67386,25.30115],[89.67388,25.30205],[89.67369,25.30205],[89.6737,25.30259],[89.6733,25.3026],[89.67331,25.30314],[89.67351,25.30314],[89.67352,25.30368],[89.67372,25.30368],[89.67373,25.30422],[89.67413,25.30439],[89.67414,25.30457],[89.67454,25.30456],[89.67454,25.30492],[89.67474,25.30492],[89.67476,25.30564],[89.67456,25.30565],[89.67457,25.30619],[89.67418,25.30637],[89.67418,25.30656],[89.67398,25.30656],[89.674,25.30746],[89.6738,25.30746],[89.67381,25.30783],[89.67342,25.30801],[89.67321,25.30766],[89.67282,25.30766],[89.67282,25.30802],[89.67263,25.30803],[89.67283,25.30838],[89.67303,25.30838],[89.67303,25.30856],[89.67323,25.30856],[89.67326,25.30982],[89.67306,25.30982],[89.67307,25.31019],[89.67327,25.31018],[89.67328,25.31054],[89.67308,25.31055],[89.67309,25.31091],[89.67289,25.31091],[89.6729,25.31145],[89.6727,25.31146],[89.67273,25.31254],[89.67292,25.31253],[89.67294,25.31326],[89.67234,25.31327],[89.67214,25.31291],[89.67174,25.31292],[89.67174,25.31274],[89.67154,25.31274],[89.67132,25.31202],[89.67093,25.31203],[89.67092,25.31185],[89.67072,25.31185],[89.67072,25.31149],[89.67032,25.31132],[89.67031,25.31096],[89.66991,25.31078],[89.66989,25.30988],[89.66969,25.30989],[89.66967,25.30916],[89.66987,25.30916],[89.66986,25.3088],[89.67006,25.3088],[89.67005,25.30844],[89.67045,25.30843],[89.67045,25.30861],[89.67065,25.3086],[89.67067,25.30933],[89.67087,25.30932],[89.67089,25.31022],[89.67129,25.3104],[89.67129,25.31058],[89.67149,25.31057],[89.6715,25.31094],[89.67209,25.31093],[89.67228,25.31056],[89.67248,25.31056],[89.67247,25.31002],[89.67227,25.31002],[89.67226,25.30966],[89.67207,25.30966],[89.67203,25.30804],[89.67183,25.30804],[89.67182,25.3075],[89.67162,25.3075],[89.67161,25.30714],[89.67121,25.30697],[89.67121,25.30679],[89.67101,25.30679],[89.67101,25.30661],[89.67081,25.30662],[89.6708,25.30644],[89.67021,25.30645],[89.6702,25.30627],[89.66941,25.30628],[89.66939,25.30538],[89.66919,25.30538],[89.66919,25.3052],[89.66899,25.30521],[89.669,25.30575],[89.6688,25.30575],[89.66882,25.30629],[89.66862,25.3063],[89.66862,25.30666],[89.66823,25.30684],[89.66824,25.30702],[89.66804,25.30703],[89.66801,25.30558],[89.6682,25.30558],[89.6682,25.30522],[89.66839,25.30522],[89.66838,25.30468],[89.66858,25.30467],[89.66857,25.30395],[89.66876,25.30395],[89.66876,25.30377],[89.66777,25.30378],[89.66758,25.30415],[89.66738,25.30415],[89.66739,25.30451],[89.66818,25.30468],[89.66819,25.30504],[89.66799,25.30504],[89.668,25.30522],[89.6674,25.30523],[89.6674,25.30505],[89.6672,25.30506],[89.66719,25.3047],[89.66699,25.3047],[89.66701,25.30524],[89.6672,25.30524],[89.66722,25.30596],[89.66742,25.30596],[89.66743,25.3065],[89.66763,25.30649],[89.66764,25.30685],[89.66783,25.30685],[89.66784,25.30721],[89.66804,25.30721],[89.66806,25.30829],[89.66826,25.30829],[89.66828,25.30883],[89.66847,25.30882],[89.66848,25.30901],[89.66828,25.30901],[89.66834,25.3119],[89.66854,25.31189],[89.66856,25.31261],[89.66896,25.31279],[89.66894,25.31207],[89.66914,25.31206],[89.66914,25.31188],[89.66954,25.31205],[89.66955,25.3126],[89.66975,25.31259],[89.66977,25.31367],[89.66997,25.31367],[89.67,25.31511],[89.6702,25.31511],[89.67022,25.31583],[89.67041,25.31583],[89.67042,25.31619],[89.67062,25.31619],[89.67063,25.31655],[89.67083,25.31654],[89.67084,25.3169],[89.67124,25.31708],[89.67124,25.31744],[89.67165,25.31761],[89.67165,25.31797],[89.67205,25.31815],[89.67206,25.31833],[89.67226,25.31832],[89.67226,25.3185],[89.67246,25.3185],[89.67246,25.31868],[89.67266,25.31868],[89.67267,25.31886],[89.67306,25.31885],[89.67327,25.31921],[89.67347,25.3192],[89.67347,25.31938],[89.67387,25.31938],[89.67387,25.31956],[89.67467,25.31954],[89.67486,25.31918],[89.67506,25.31917],[89.67504,25.31845],[89.67484,25.31846],[89.67483,25.31809],[89.67503,25.31809],[89.675,25.31683],[89.6752,25.31682],[89.67518,25.31592],[89.67538,25.31592],[89.67536,25.3152],[89.67556,25.31519],[89.67554,25.31411],[89.67574,25.31411],[89.67571,25.31284],[89.67591,25.31284],[89.67589,25.31194],[89.67609,25.31194],[89.67607,25.31121],[89.67627,25.31121],[89.67641,25.30868],[89.67661,25.30868],[89.67659,25.30778],[89.67679,25.30777],[89.67678,25.30723],[89.67698,25.30723],[89.67696,25.30669],[89.67716,25.30668],[89.67716,25.30632],[89.67735,25.30632],[89.67733,25.30542],[89.67753,25.30541],[89.67752,25.30505],[89.67712,25.30488],[89.67712,25.30452],[89.67731,25.30451],[89.6773,25.30397],[89.6775,25.30397],[89.67748,25.30289],[89.67768,25.30288],[89.67766,25.30216],[89.67786,25.30216],[89.67785,25.3018],[89.67805,25.30179],[89.67804,25.30143],[89.67824,25.30143],[89.67823,25.30107],[89.67803,25.30107],[89.67801,25.30017],[89.67761,25.3],[89.6776,25.29963],[89.678,25.29945],[89.67799,25.29927],[89.67819,25.29926],[89.67819,25.29908],[89.67839,25.29908],[89.67838,25.2989],[89.67858,25.2989],[89.67857,25.29835],[89.67817,25.29818],[89.67816,25.298],[89.67836,25.298],[89.67835,25.29746],[89.67874,25.29727],[89.67856,25.29799],[89.67876,25.29799],[89.67876,25.29781],[89.67915,25.2978],[89.67915,25.29762],[89.67895,25.29762],[89.67893,25.29654],[89.67932,25.29635],[89.67931,25.29617],[89.67951,25.29617],[89.67951,25.29599],[89.6803,25.29598],[89.68051,25.29633],[89.6811,25.29632],[89.68111,25.29668],[89.68131,25.29668],[89.68132,25.29722],[89.68172,25.29721],[89.68173,25.29757],[89.68193,25.29757],[89.68193,25.29775],[89.68154,25.29794],[89.68153,25.29776],[89.68134,25.29776],[89.68134,25.29812],[89.68114,25.29813],[89.68115,25.29831],[89.68155,25.2983],[89.68154,25.29812],[89.68174,25.29812],[89.68196,25.29919],[89.68236,25.29937],[89.68236,25.29901],[89.68216,25.29901],[89.68215,25.29883],[89.68255,25.29864],[89.68232,25.29756],[89.68252,25.29756],[89.68251,25.2972],[89.68232,25.2972],[89.68231,25.29684],[89.68251,25.29684],[89.6825,25.29648],[89.6827,25.29647],[89.68268,25.29557],[89.68189,25.29595],[89.6819,25.29631],[89.6815,25.29632],[89.68149,25.29595],[89.6807,25.29579],[89.68069,25.29561],[89.68049,25.29561],[89.6805,25.29579],[89.6799,25.2958],[89.67989,25.29544],[89.6797,25.29545],[89.67968,25.29454],[89.67987,25.29454],[89.67986,25.294],[89.68006,25.29399],[89.68004,25.29309],[89.68024,25.29309],[89.68023,25.29255],[89.68043,25.29254],[89.68041,25.292],[89.68081,25.29182],[89.6808,25.29164],[89.681,25.29163],[89.681,25.29145],[89.6812,25.29145],[89.68119,25.29109],[89.68099,25.29109],[89.68099,25.29127],[89.6804,25.29128],[89.68039,25.29092],[89.67979,25.29093],[89.6798,25.29129],[89.6796,25.2913],[89.67961,25.29148],[89.67842,25.29168],[89.67841,25.29096],[89.6792,25.29076],[89.67919,25.29058],[89.67959,25.29057],[89.67959,25.29075],[89.67979,25.29075],[89.67998,25.29039],[89.68018,25.29038],[89.68017,25.29002],[89.68056,25.28983],[89.68056,25.28947],[89.68076,25.28947],[89.68075,25.28911],[89.68095,25.28911],[89.68094,25.28874],[89.68114,25.28874],[89.68113,25.28856],[89.68173,25.28855],[89.68174,25.28891],[89.68193,25.28891],[89.68193,25.28855],[89.68212,25.28854],[89.68211,25.288],[89.68231,25.288],[89.6823,25.28764],[89.6825,25.28763],[89.68249,25.28727],[89.68289,25.28708],[89.68305,25.28564],[89.68325,25.28563],[89.68324,25.28527],[89.68344,25.28527],[89.68343,25.28491],[89.68363,25.28491],[89.68361,25.284],[89.68401,25.28382],[89.68419,25.28309],[89.68439,25.28309],[89.68456,25.282],[89.68476,25.282],[89.68475,25.28164],[89.68495,25.28163],[89.68494,25.28109],[89.68533,25.2809],[89.68532,25.28054],[89.68572,25.28036],[89.6859,25.27963],[89.6861,25.27963],[89.68609,25.27927],[89.68629,25.27926],[89.68628,25.27872],[89.68647,25.27872],[89.68647,25.27836],[89.68666,25.27835],[89.68665,25.27781],[89.68685,25.27781],[89.68684,25.27745],[89.68645,25.27763],[89.68645,25.27782],[89.68626,25.27782],[89.68626,25.278],[89.68547,25.27801],[89.68545,25.27747],[89.68605,25.27746],[89.68603,25.27638],[89.68583,25.27638],[89.68582,25.2762],[89.68622,25.27601],[89.68621,25.27583],[89.68641,25.27583],[89.68641,25.27565],[89.68661,25.27565],[89.68659,25.27511],[89.68619,25.27493],[89.68619,25.27475],[89.68579,25.27476],[89.68559,25.2744]],[[89.6858,25.27512],[89.68541,25.27531],[89.68539,25.27477],[89.68579,25.27476],[89.6858,25.27512]],[[89.66888,25.30936],[89.66868,25.30936],[89.66868,25.30918],[89.66888,25.30918],[89.66887,25.309],[89.66927,25.30899],[89.66928,25.30917],[89.66947,25.30917],[89.66948,25.30953],[89.66928,25.30953],[89.66929,25.30971],[89.66889,25.30972],[89.66888,25.30936]],[[89.67465,25.30077],[89.67445,25.30077],[89.67444,25.30023],[89.67464,25.30023],[89.67463,25.29987],[89.67503,25.29986],[89.67503,25.30004],[89.67523,25.30004],[89.67524,25.30058],[89.67485,25.30077],[89.67506,25.30112],[89.67466,25.30113],[89.67465,25.30077]],[[89.67743,25.30072],[89.67763,25.30072],[89.67763,25.3009],[89.67743,25.3009],[89.67743,25.30072]],[[89.67654,25.29641],[89.67674,25.2964],[89.67674,25.29658],[89.67654,25.29659],[89.67654,25.29641]],[[89.67593,25.29587],[89.67554,25.29588],[89.67553,25.2957],[89.67533,25.29571],[89.67533,25.29534],[89.67513,25.29535],[89.67511,25.29463],[89.67531,25.29462],[89.67531,25.29444],[89.67511,25.29445],[89.67509,25.29372],[89.67529,25.29372],[89.67529,25.29354],[89.67568,25.29353],[89.67589,25.29389],[89.67609,25.29389],[89.67609,25.29407],[89.67629,25.29406],[89.67629,25.29424],[89.67649,25.29424],[89.6765,25.29442],[89.6757,25.29444],[89.67591,25.29479],[89.67611,25.29479],[89.67611,25.29497],[89.67631,25.29497],[89.67633,25.29587],[89.67594,25.29606],[89.67593,25.29587]],[[89.67747,25.29332],[89.67727,25.29332],[89.67725,25.29278],[89.67685,25.29261],[89.67685,25.29225],[89.67725,25.29242],[89.67725,25.2926],[89.67765,25.29259],[89.67765,25.29278],[89.67785,25.29277],[89.67787,25.29367],[89.67807,25.29367],[89.67807,25.29385],[89.67768,25.29404],[89.67747,25.29332]],[[89.67662,25.29099],[89.67702,25.29098],[89.67702,25.29116],[89.67662,25.29117],[89.67662,25.29099]],[[89.67991,25.28732],[89.68011,25.28732],[89.6801,25.28659],[89.6799,25.2866],[89.67988,25.28588],[89.68008,25.28587],[89.68007,25.28551],[89.68047,25.2855],[89.68047,25.28568],[89.68147,25.28567],[89.68128,25.28639],[89.68089,25.28658],[89.6809,25.28694],[89.68051,25.28713],[89.68051,25.28731],[89.68031,25.28731],[89.68033,25.28821],[89.67994,25.2884],[89.67991,25.28732]],[[89.68085,25.28478],[89.68085,25.28496],[89.68066,25.28496],[89.68065,25.28478],[89.68085,25.28478]],[[89.68045,25.28478],[89.68025,25.28443],[89.68005,25.28443],[89.68004,25.28407],[89.68024,25.28406],[89.68023,25.28352],[89.68062,25.28334],[89.68062,25.28352],[89.68082,25.28351],[89.68083,25.28405],[89.68064,25.28406],[89.68065,25.28478],[89.68045,25.28478]],[[89.68143,25.28422],[89.68163,25.28422],[89.68164,25.28458],[89.68144,25.28458],[89.68143,25.28422]],[[89.67864,25.28337],[89.67883,25.28337],[89.67884,25.28355],[89.67864,25.28355],[89.67864,25.28337]],[[89.67643,25.28251],[89.67663,25.28251],[89.67662,25.28196],[89.67741,25.28195],[89.67743,25.28267],[89.67664,25.28287],[89.67643,25.28251]],[[89.6764,25.28107],[89.6768,25.28106],[89.67681,25.28142],[89.67641,25.28143],[89.6764,25.28107]],[[89.68463,25.27604],[89.68522,25.27603],[89.68523,25.27639],[89.68484,25.2764],[89.68463,25.27604]]]}},{"type":"Feature","properties":{"kind":"land","ha":21.2},"geometry":{"type":"Polygon","coordinates":[[[89.62521,25.28235],[89.62518,25.2809],[89.62498,25.28091],[89.62498,25.28055],[89.62478,25.28055],[89.62477,25.28037],[89.62497,25.28037],[89.62496,25.28001],[89.62536,25.27982],[89.62556,25.28018],[89.62576,25.28017],[89.62577,25.28035],[89.62596,25.28035],[89.62597,25.28053],[89.62617,25.28053],[89.62616,25.28016],[89.62596,25.28017],[89.62595,25.27963],[89.62575,25.27963],[89.62573,25.27855],[89.62553,25.27855],[89.62552,25.27801],[89.62532,25.27801],[89.62531,25.27747],[89.62511,25.27748],[89.62514,25.27892],[89.62474,25.27893],[89.62454,25.27857],[89.62434,25.27857],[89.62433,25.27839],[89.62394,25.2784],[89.62393,25.27822],[89.62373,25.27822],[89.6237,25.27642],[89.62389,25.27641],[89.62389,25.27623],[89.62429,25.27623],[89.62429,25.27641],[89.62449,25.2764],[89.62449,25.27622],[89.62468,25.27622],[89.62466,25.27532],[89.62447,25.27532],[89.62445,25.27478],[89.62426,25.27478],[89.62425,25.2746],[89.62247,25.27464],[89.62246,25.27445],[89.62207,25.27446],[89.62226,25.2741],[89.62265,25.27409],[89.62266,25.27427],[89.62285,25.27427],[89.62285,25.27409],[89.62305,25.27408],[89.62284,25.27373],[89.62264,25.27373],[89.62264,25.27337],[89.62244,25.27337],[89.62243,25.27301],[89.62263,25.27301],[89.6226,25.27174],[89.6228,25.27174],[89.62279,25.27138],[89.62299,25.27138],[89.62298,25.27066],[89.62278,25.27066],[89.62278,25.27084],[89.62258,25.27084],[89.62259,25.27138],[89.6224,25.27139],[89.62241,25.27211],[89.62201,25.27212],[89.62202,25.2723],[89.62182,25.2723],[89.62183,25.27266],[89.62143,25.27267],[89.62145,25.27339],[89.62125,25.27339],[89.62126,25.27393],[89.62087,25.27412],[89.62087,25.2743],[89.62047,25.27431],[89.62029,25.27503],[89.62049,25.27503],[89.6205,25.27557],[89.6207,25.27557],[89.62071,25.27593],[89.62091,25.27593],[89.62091,25.27629],[89.62111,25.27628],[89.62112,25.27664],[89.62152,25.27682],[89.62152,25.277],[89.62172,25.27699],[89.62173,25.27718],[89.62192,25.27717],[89.62214,25.27789],[89.62254,25.27806],[89.62254,25.27824],[89.62274,25.27824],[89.62275,25.2786],[89.62315,25.27877],[89.62316,25.27914],[89.62356,25.27931],[89.62356,25.27949],[89.62396,25.27948],[89.62417,25.27984],[89.62436,25.27984],[89.62418,25.28056],[89.62438,25.28056],[89.62439,25.2811],[89.62459,25.2811],[89.6246,25.28146],[89.6248,25.28145],[89.62481,25.28199],[89.62501,25.28199],[89.62501,25.28235],[89.62521,25.28235]],[[89.6227,25.27626],[89.6229,25.27625],[89.62289,25.27589],[89.62329,25.27588],[89.62329,25.27606],[89.62349,25.27606],[89.6233,25.27643],[89.6227,25.27644],[89.6227,25.27626]]]}},{"type":"Feature","properties":{"kind":"land","ha":11.6},"geometry":{"type":"Polygon","coordinates":[[[89.63757,25.27527],[89.63756,25.27509],[89.63796,25.27508],[89.63817,25.27544],[89.63836,25.27543],[89.63836,25.27507],[89.63796,25.2749],[89.63793,25.27364],[89.63773,25.27364],[89.63772,25.27328],[89.63792,25.27328],[89.63791,25.27292],[89.63811,25.27291],[89.63811,25.27273],[89.6385,25.27272],[89.63851,25.27291],[89.6391,25.27289],[89.63909,25.27217],[89.63889,25.27218],[89.63888,25.272],[89.63908,25.27199],[89.63908,25.27163],[89.63947,25.27162],[89.63948,25.27199],[89.63968,25.27198],[89.63969,25.27234],[89.63988,25.27234],[89.63989,25.27252],[89.64029,25.27251],[89.64028,25.27215],[89.64048,25.27215],[89.64047,25.27197],[89.64107,25.27196],[89.64108,25.27268],[89.64168,25.27267],[89.64146,25.27195],[89.64127,25.27195],[89.64126,25.27159],[89.64086,25.27142],[89.64085,25.27124],[89.64065,25.27124],[89.64066,25.27142],[89.64026,25.27143],[89.64025,25.27107],[89.63966,25.27108],[89.63966,25.2709],[89.63926,25.27091],[89.63925,25.27073],[89.63906,25.27073],[89.63905,25.27037],[89.63865,25.27038],[89.63844,25.27002],[89.63765,25.27003],[89.63746,25.2704],[89.63726,25.2704],[89.63727,25.27076],[89.63688,25.27095],[89.63691,25.27257],[89.63711,25.27257],[89.63711,25.27275],[89.63692,25.27275],[89.63692,25.27293],[89.63652,25.27294],[89.63653,25.27312],[89.63673,25.27312],[89.63675,25.27402],[89.63694,25.27402],[89.63697,25.2751],[89.63717,25.27509],[89.63717,25.27546],[89.63757,25.27527]],[[89.6387,25.27254],[89.6389,25.27254],[89.6389,25.27272],[89.6387,25.27272],[89.6387,25.27254]]]}},{"type":"Feature","properties":{"kind":"land","ha":16.4},"geometry":{"type":"Polygon","coordinates":[[[89.68722,25.27654],[89.68721,25.276],[89.68741,25.27599],[89.6874,25.27563],[89.6876,25.27563],[89.68759,25.27527],[89.68779,25.27526],[89.68778,25.2749],[89.68798,25.2749],[89.68797,25.27436],[89.68816,25.27435],[89.68816,25.27399],[89.68855,25.27381],[89.68854,25.27345],[89.68874,25.27344],[89.68872,25.27254],[89.68892,25.27254],[89.68891,25.27199],[89.6891,25.27199],[89.6891,25.27163],[89.6893,25.27163],[89.68929,25.27127],[89.68949,25.27126],[89.68966,25.27018],[89.68986,25.27017],[89.68984,25.26927],[89.69004,25.26927],[89.68999,25.26692],[89.69018,25.26692],[89.69018,25.26656],[89.68978,25.26656],[89.68959,25.26693],[89.68939,25.26693],[89.68939,25.26711],[89.6892,25.26712],[89.6892,25.2673],[89.689,25.2673],[89.68901,25.26748],[89.68881,25.26748],[89.68881,25.26766],[89.68861,25.26767],[89.68862,25.26785],[89.68842,25.26785],[89.68843,25.26821],[89.68823,25.26822],[89.68824,25.26894],[89.68805,25.26894],[89.68805,25.2693],[89.68785,25.26931],[89.68786,25.26967],[89.68766,25.26967],[89.68767,25.27003],[89.68747,25.27004],[89.68748,25.2704],[89.68709,25.27058],[89.6871,25.27113],[89.68671,25.27131],[89.68653,25.27204],[89.68633,25.27204],[89.68634,25.2724],[89.68594,25.27259],[89.68615,25.27295],[89.68635,25.27294],[89.68634,25.27276],[89.68694,25.27275],[89.68695,25.27311],[89.68675,25.27312],[89.68677,25.2742],[89.68717,25.27419],[89.68719,25.27527],[89.68699,25.27528],[89.68702,25.27654],[89.68722,25.27654]],[[89.68693,25.27239],[89.68713,25.27239],[89.68712,25.27185],[89.68791,25.27183],[89.68791,25.27165],[89.6881,25.27165],[89.68792,25.27237],[89.68753,25.27238],[89.68753,25.27256],[89.68693,25.27257],[89.68693,25.27239]],[[89.68828,25.27038],[89.68847,25.27038],[89.68849,25.27092],[89.68829,25.27092],[89.68828,25.27038]],[[89.68847,25.27002],[89.68827,25.27002],[89.68825,25.2693],[89.68864,25.26911],[89.68865,25.26929],[89.68885,25.26929],[89.68885,25.26965],[89.68866,25.26965],[89.68867,25.27019],[89.68847,25.2702],[89.68847,25.27002]]]}},{"type":"Feature","properties":{"kind":"land","ha":23.6},"geometry":{"type":"Polygon","coordinates":[[[89.64662,25.2715],[89.64681,25.27149],[89.64681,25.27131],[89.64641,25.27114],[89.64641,25.27096],[89.64601,25.27115],[89.64602,25.27133],[89.64582,25.27133],[89.64583,25.27205],[89.64543,25.27188],[89.64542,25.27134],[89.64522,25.27134],[89.6452,25.27026],[89.645,25.27026],[89.64499,25.26954],[89.64479,25.26954],[89.64476,25.26828],[89.64456,25.26828],[89.64454,25.2672],[89.64434,25.26721],[89.64433,25.26684],[89.64453,25.26684],[89.64451,25.26612],[89.64392,25.26613],[89.64392,25.26631],[89.64353,25.26632],[89.64354,25.26686],[89.64334,25.26686],[89.64335,25.26722],[89.64295,25.26741],[89.64296,25.26759],[89.64276,25.26759],[89.64276,25.26778],[89.64256,25.26778],[89.64258,25.26868],[89.64298,25.26867],[89.64299,25.26885],[89.64318,25.26885],[89.6432,25.26939],[89.64339,25.26939],[89.6434,25.26975],[89.6436,25.26975],[89.64361,25.27029],[89.64381,25.27028],[89.64382,25.27064],[89.64402,25.27064],[89.64403,25.27118],[89.64423,25.27118],[89.64423,25.27154],[89.64443,25.27154],[89.64444,25.2719],[89.64464,25.27189],[89.64465,25.27243],[89.64505,25.27261],[89.64506,25.27297],[89.64526,25.27296],[89.64526,25.27314],[89.64546,25.27314],[89.64547,25.2735],[89.64587,25.27368],[89.64587,25.27386],[89.64607,25.27385],[89.64608,25.27421],[89.64648,25.27439],[89.64648,25.27457],[89.64668,25.27456],[89.64669,25.2751],[89.64689,25.2751],[89.6469,25.27546],[89.6471,25.27546],[89.64711,25.27582],[89.64751,25.27599],[89.64751,25.27617],[89.64771,25.27617],[89.64771,25.27635],[89.64791,25.27635],[89.64792,25.27653],[89.64811,25.27652],[89.64813,25.27706],[89.64832,25.27706],[89.64833,25.27742],[89.64853,25.27742],[89.64854,25.27796],[89.64894,25.27813],[89.64916,25.27885],[89.64936,25.27885],[89.64936,25.27921],[89.64956,25.2792],[89.64957,25.27975],[89.64997,25.27974],[89.64996,25.27938],[89.65016,25.27937],[89.65016,25.27919],[89.64996,25.2792],[89.64995,25.27866],[89.64975,25.27866],[89.64974,25.2783],[89.64954,25.2783],[89.64953,25.27794],[89.64913,25.27777],[89.64912,25.27723],[89.64892,25.27723],[89.64892,25.27687],[89.64872,25.27687],[89.64871,25.27651],[89.64831,25.27634],[89.6483,25.27616],[89.64811,25.27616],[89.64809,25.27562],[89.6479,25.27562],[89.64789,25.27526],[89.64769,25.27527],[89.64766,25.274],[89.64806,25.27418],[89.64807,25.27436],[89.64846,25.27435],[89.64865,25.27399],[89.64885,25.27398],[89.64864,25.27326],[89.64944,25.27343],[89.64942,25.27289],[89.64902,25.27272],[89.64903,25.2729],[89.64843,25.27291],[89.64823,25.27255],[89.64803,25.27255],[89.64802,25.27201],[89.64821,25.27201],[89.64821,25.27183],[89.64801,25.27183],[89.648,25.27129],[89.6478,25.27129],[89.64779,25.27075],[89.64739,25.27076],[89.64741,25.27166],[89.64721,25.27167],[89.64722,25.27185],[89.64682,25.27185],[89.64683,25.27203],[89.64663,25.27204],[89.64662,25.2715]],[[89.64664,25.2724],[89.64624,25.27259],[89.64623,25.27223],[89.64663,25.27204],[89.64664,25.2724]]]}},{"type":"Feature","properties":{"kind":"land","ha":51.9},"geometry":{"type":"Polygon","coordinates":[[[89.61147,25.28025],[89.61146,25.2797],[89.61166,25.2797],[89.61164,25.2788],[89.61184,25.27879],[89.61182,25.27789],[89.61162,25.2779],[89.61161,25.27754],[89.61181,25.27753],[89.6118,25.27699],[89.61219,25.27698],[89.61241,25.2777],[89.61281,25.27787],[89.61277,25.27607],[89.61297,25.27607],[89.61296,25.27553],[89.61315,25.27552],[89.61332,25.27408],[89.61412,25.27406],[89.61413,25.27478],[89.61393,25.27479],[89.61394,25.27533],[89.61375,25.27533],[89.61375,25.27569],[89.61356,25.2757],[89.61356,25.27606],[89.61336,25.27606],[89.61337,25.27642],[89.61317,25.27642],[89.61319,25.27715],[89.61339,25.27714],[89.61338,25.27696],[89.61378,25.27696],[89.61378,25.27677],[89.61417,25.27677],[89.61436,25.2764],[89.61456,25.2764],[89.61456,25.27622],[89.61476,25.27622],[89.61475,25.27586],[89.61495,25.27585],[89.61494,25.27531],[89.61533,25.27512],[89.61551,25.2744],[89.61591,25.27421],[89.6159,25.27385],[89.6161,25.27385],[89.61608,25.27312],[89.61628,25.27312],[89.61627,25.27258],[89.61647,25.27258],[89.61646,25.2724],[89.61606,25.27222],[89.61606,25.27204],[89.61566,25.27205],[89.61566,25.27223],[89.61507,25.27224],[89.61506,25.27188],[89.61486,25.27188],[89.61486,25.2717],[89.61506,25.2717],[89.61504,25.2708],[89.61524,25.27079],[89.61502,25.27007],[89.61522,25.27007],[89.61521,25.26953],[89.6156,25.26934],[89.6156,25.26916],[89.6158,25.26916],[89.61579,25.26898],[89.61599,25.26897],[89.61601,25.26988],[89.61562,25.27006],[89.61562,25.27024],[89.61582,25.27024],[89.61583,25.2706],[89.61603,25.2706],[89.61602,25.27024],[89.61641,25.27005],[89.61641,25.26987],[89.61681,25.27004],[89.617,25.26968],[89.6172,25.26967],[89.61716,25.26805],[89.61696,25.26805],[89.61695,25.26733],[89.61635,25.26734],[89.61635,25.26716],[89.61615,25.26717],[89.61613,25.26608],[89.61593,25.26609],[89.61592,25.26573],[89.61572,25.26573],[89.61571,25.26501],[89.61551,25.26501],[89.6155,25.26465],[89.6153,25.26465],[89.6153,25.26429],[89.6151,25.2643],[89.61509,25.26376],[89.61489,25.26376],[89.6149,25.26412],[89.6147,25.26412],[89.6147,25.26448],[89.61451,25.26449],[89.61451,25.26485],[89.61432,25.26485],[89.61433,25.26539],[89.61353,25.26523],[89.61353,25.26505],[89.61253,25.26506],[89.61237,25.26651],[89.61217,25.26652],[89.61218,25.26688],[89.61198,25.26688],[89.61198,25.26706],[89.61178,25.26706],[89.61181,25.26815],[89.61161,25.26815],[89.61162,25.26869],[89.61182,25.26869],[89.61186,25.27049],[89.61166,25.27049],[89.61166,25.27068],[89.61186,25.27067],[89.61196,25.27518],[89.61176,25.27519],[89.61177,25.27591],[89.61158,25.27591],[89.61159,25.27645],[89.61139,25.27646],[89.61141,25.27754],[89.61121,25.27754],[89.61122,25.2779],[89.61102,25.27791],[89.61103,25.27845],[89.61123,25.27844],[89.61127,25.28025],[89.61147,25.28025]],[[89.6137,25.27335],[89.6141,25.27334],[89.61411,25.27388],[89.61372,25.27389],[89.6137,25.27335]],[[89.61509,25.27296],[89.61528,25.27296],[89.61529,25.27314],[89.61509,25.27314],[89.61509,25.27296]],[[89.61488,25.27242],[89.61507,25.27242],[89.61508,25.2726],[89.61488,25.2726],[89.61488,25.27242]],[[89.61425,25.27117],[89.61445,25.27117],[89.61446,25.27171],[89.61426,25.27171],[89.61425,25.27117]],[[89.61325,25.27065],[89.61365,25.27064],[89.61365,25.271],[89.61326,25.27101],[89.61325,25.27065]],[[89.61242,25.26886],[89.61262,25.26885],[89.61262,25.26921],[89.61223,25.26922],[89.61242,25.26886]],[[89.6146,25.26864],[89.61499,25.26863],[89.615,25.26917],[89.61461,25.26918],[89.6146,25.26864]]]}},{"type":"Feature","properties":{"kind":"land","ha":111.0},"geometry":{"type":"Polygon","coordinates":[[[89.66112,25.28134],[89.66131,25.28098],[89.66151,25.28097],[89.66151,25.28079],[89.66171,25.28079],[89.6617,25.28061],[89.6619,25.28061],[89.66208,25.27952],[89.66227,25.27952],[89.66227,25.27916],[89.66246,25.27915],[89.66246,25.27879],[89.66265,25.27879],[89.66263,25.27789],[89.66283,25.27788],[89.66283,25.27752],[89.66302,25.27752],[89.6632,25.27643],[89.6634,25.27643],[89.66338,25.27571],[89.66358,25.2757],[89.66357,25.27534],[89.66377,25.27534],[89.66375,25.27462],[89.66395,25.27461],[89.66394,25.27407],[89.66354,25.27408],[89.66356,25.27498],[89.66337,25.27499],[89.66337,25.27535],[89.66298,25.27535],[89.66277,25.275],[89.66257,25.275],[89.66257,25.27482],[89.66237,25.27482],[89.66237,25.27464],[89.66217,25.27465],[89.66216,25.27447],[89.66196,25.27447],[89.66196,25.27429],[89.66176,25.27429],[89.66176,25.27411],[89.66096,25.27395],[89.66096,25.27377],[89.66056,25.27377],[89.66035,25.27342],[89.66016,25.27342],[89.66015,25.27324],[89.65995,25.27324],[89.65994,25.2727],[89.66073,25.27251],[89.66073,25.27233],[89.66112,25.27232],[89.66112,25.27214],[89.66191,25.27212],[89.66171,25.27177],[89.66091,25.2716],[89.6607,25.27124],[89.6605,25.27125],[89.66049,25.27071],[89.66167,25.27014],[89.66168,25.2705],[89.66208,25.2705],[89.66208,25.27068],[89.66228,25.27067],[89.66228,25.27049],[89.66267,25.27049],[89.66268,25.27067],[89.66307,25.27066],[89.66308,25.27084],[89.66387,25.27082],[89.66388,25.27119],[89.66408,25.27118],[89.66409,25.27172],[89.66468,25.27171],[89.66468,25.27153],[89.66488,25.27153],[89.66487,25.27117],[89.66507,25.27116],[89.66506,25.2708],[89.66526,25.2708],[89.66524,25.27008],[89.66564,25.26989],[89.66563,25.26971],[89.66583,25.26971],[89.66583,25.26953],[89.66622,25.26952],[89.66641,25.26915],[89.66661,25.26915],[89.66661,25.26897],[89.66681,25.26897],[89.6668,25.26843],[89.6666,25.26843],[89.66659,25.26807],[89.66619,25.26789],[89.66618,25.26771],[89.66599,25.26772],[89.66598,25.26754],[89.66578,25.26754],[89.66578,25.26736],[89.66558,25.26736],[89.66557,25.26682],[89.66537,25.26683],[89.66536,25.26611],[89.66495,25.26593],[89.66495,25.26575],[89.66475,25.26576],[89.66475,25.26557],[89.66455,25.26558],[89.66455,25.2654],[89.66435,25.2654],[89.66434,25.26522],[89.66414,25.26522],[89.66414,25.26504],[89.66394,25.26505],[89.66413,25.26468],[89.66393,25.26469],[89.66393,25.26451],[89.66353,25.26451],[89.66353,25.26433],[89.66274,25.26435],[89.66296,25.26543],[89.66276,25.26543],[89.66276,25.26561],[89.66177,25.26563],[89.66158,25.26599],[89.66138,25.266],[89.66139,25.26618],[89.66119,25.26618],[89.66119,25.26636],[89.66079,25.26619],[89.66078,25.26565],[89.66117,25.26546],[89.66117,25.26528],[89.66176,25.26527],[89.66176,25.26491],[89.66215,25.2649],[89.66215,25.26472],[89.66195,25.26472],[89.66194,25.26418],[89.66233,25.26399],[89.66233,25.26381],[89.66253,25.26381],[89.66252,25.26363],[89.66232,25.26363],[89.66231,25.26291],[89.6627,25.2629],[89.66269,25.26236],[89.6623,25.26255],[89.6623,25.26273],[89.66211,25.26273],[89.66211,25.26291],[89.66191,25.26292],[89.66173,25.26364],[89.66153,25.26365],[89.66154,25.26401],[89.66134,25.26401],[89.6613,25.26203],[89.6609,25.26185],[89.66089,25.26167],[89.66069,25.26168],[89.66069,25.26132],[89.65989,25.26133],[89.6599,25.26169],[89.65951,25.26188],[89.65951,25.26206],[89.65931,25.26206],[89.65932,25.26242],[89.65893,25.26261],[89.65893,25.26279],[89.65834,25.2628],[89.65813,25.26245],[89.65714,25.26246],[89.65713,25.26228],[89.65674,25.26229],[89.65674,25.26247],[89.65595,25.26248],[89.65595,25.26266],[89.65575,25.26267],[89.65578,25.26375],[89.65597,25.26375],[89.65599,25.26429],[89.65618,25.26429],[89.6562,25.26483],[89.6564,25.26482],[89.65641,25.26536],[89.65661,25.26536],[89.65661,25.26572],[89.65681,25.26572],[89.65682,25.26608],[89.65702,25.26608],[89.65703,25.2668],[89.65723,25.26679],[89.65724,25.26733],[89.65744,25.26733],[89.65745,25.26787],[89.65765,25.26787],[89.65766,25.26841],[89.65786,25.26841],[89.65787,25.26895],[89.65807,25.26894],[89.6581,25.27003],[89.6579,25.27003],[89.65792,25.27093],[89.65812,25.27093],[89.65814,25.27183],[89.65794,25.27183],[89.65795,25.2722],[89.65775,25.2722],[89.65775,25.27256],[89.65756,25.27256],[89.65758,25.27347],[89.65738,25.27347],[89.65739,25.27401],[89.65719,25.27401],[89.6572,25.27437],[89.6574,25.27437],[89.65741,25.27509],[89.65761,25.27509],[89.65763,25.27581],[89.65783,25.27581],[89.65784,25.27653],[89.65804,25.27653],[89.65805,25.27689],[89.65825,25.27688],[89.65825,25.27724],[89.65845,25.27724],[89.65867,25.27832],[89.65887,25.27831],[89.6589,25.27958],[89.6591,25.27957],[89.65911,25.27994],[89.6593,25.27993],[89.65932,25.28047],[89.65952,25.28047],[89.65952,25.28083],[89.65972,25.28083],[89.65973,25.28101],[89.66012,25.281],[89.66033,25.28136],[89.66112,25.28134]],[[89.65862,25.27597],[89.65842,25.27598],[89.65841,25.27544],[89.65881,25.27525],[89.6588,25.27507],[89.659,25.27506],[89.659,25.27524],[89.6592,25.27524],[89.65921,25.2756],[89.65882,25.27579],[89.65883,25.27615],[89.65863,25.27615],[89.65862,25.27597]],[[89.65971,25.27108],[89.65991,25.27108],[89.66012,25.27179],[89.65972,25.2718],[89.65971,25.27108]],[[89.6585,25.2702],[89.65889,25.27001],[89.65889,25.26983],[89.65908,25.26983],[89.6591,25.27037],[89.6589,25.27037],[89.6589,25.27055],[89.65851,25.27056],[89.6585,25.2702]],[[89.66282,25.26814],[89.66262,25.26814],[89.66261,25.2676],[89.66241,25.2676],[89.66238,25.26634],[89.66258,25.26634],[89.66259,25.2667],[89.66279,25.26669],[89.6628,25.26723],[89.663,25.26723],[89.66303,25.26849],[89.66283,25.2685],[89.66282,25.26814]],[[89.66023,25.26782],[89.66003,25.26783],[89.66003,25.26765],[89.66042,25.26746],[89.66042,25.26728],[89.66062,25.26727],[89.66061,25.26673],[89.6608,25.26673],[89.66082,25.26745],[89.66102,25.26745],[89.66102,25.26763],[89.66082,25.26763],[89.66083,25.26799],[89.66063,25.268],[89.66064,25.26818],[89.66044,25.26818],[89.66023,25.26782]],[[89.66154,25.26419],[89.66174,25.26418],[89.66175,25.26473],[89.66155,25.26473],[89.66154,25.26419]],[[89.65915,25.26369],[89.65875,25.2637],[89.65874,25.26316],[89.65934,25.26315],[89.65932,25.2626],[89.65972,25.26242],[89.65992,25.26277],[89.65972,25.26278],[89.65974,25.26332],[89.66013,25.26331],[89.66014,25.26349],[89.66034,25.26349],[89.66034,25.26385],[89.65915,25.26387],[89.65915,25.26369]]]}},{"type":"Feature","properties":{"kind":"land","ha":4.1},"geometry":{"type":"Polygon","coordinates":[[[89.68098,25.26366],[89.68098,25.26348],[89.68118,25.26347],[89.68117,25.26329],[89.68137,25.26329],[89.68136,25.26275],[89.68116,25.26275],[89.68115,25.26239],[89.68135,25.26239],[89.68134,25.26203],[89.68154,25.26202],[89.68153,25.26166],[89.68134,25.26166],[89.68132,25.26112],[89.68092,25.26095],[89.68092,25.26077],[89.68072,25.26077],[89.68072,25.26059],[89.68032,25.2606],[89.68011,25.26024],[89.67991,25.26025],[89.67992,25.26061],[89.67953,25.26079],[89.67954,25.26134],[89.67974,25.26133],[89.67974,25.26115],[89.68013,25.26114],[89.68015,25.26187],[89.67995,25.26187],[89.67996,25.26223],[89.68036,25.2624],[89.68037,25.26313],[89.68018,25.26313],[89.68018,25.26331],[89.68038,25.26331],[89.68039,25.26367],[89.68059,25.26366],[89.68059,25.26384],[89.68098,25.26366]]]}},{"type":"Feature","properties":{"kind":"land","ha":12.0},"geometry":{"type":"Polygon","coordinates":[[[89.65599,25.27349],[89.65591,25.2697],[89.65571,25.26971],[89.65569,25.26899],[89.65549,25.26899],[89.65549,25.26863],[89.65529,25.26863],[89.65528,25.26809],[89.65508,25.2681],[89.65506,25.26737],[89.65486,25.26738],[89.65485,25.26666],[89.65465,25.26666],[89.65464,25.26612],[89.65444,25.26612],[89.65443,25.26576],[89.65423,25.26576],[89.65422,25.26522],[89.65402,25.26523],[89.654,25.26432],[89.6538,25.26433],[89.65378,25.26325],[89.65358,25.26325],[89.65357,25.26271],[89.65317,25.26253],[89.65317,25.26235],[89.65297,25.26236],[89.65275,25.26164],[89.65255,25.26164],[89.65255,25.26128],[89.65235,25.26129],[89.65233,25.26056],[89.65194,25.26057],[89.65173,25.26021],[89.65133,25.26022],[89.65133,25.26004],[89.65113,25.26004],[89.65114,25.26041],[89.65154,25.26058],[89.65155,25.26094],[89.65175,25.26094],[89.65176,25.26148],[89.65196,25.26147],[89.65196,25.26183],[89.65216,25.26183],[89.65217,25.26237],[89.65237,25.26237],[89.65239,25.26309],[89.65259,25.26309],[89.6526,25.26363],[89.6528,25.26362],[89.6528,25.26398],[89.653,25.26398],[89.65301,25.26434],[89.65321,25.26434],[89.65322,25.2647],[89.65342,25.2647],[89.65342,25.26506],[89.65362,25.26505],[89.65364,25.26577],[89.65404,25.26595],[89.65407,25.26721],[89.65426,25.26721],[89.65428,25.26793],[89.65448,25.26793],[89.65449,25.26847],[89.65469,25.26846],[89.6547,25.269],[89.6545,25.26901],[89.65452,25.26973],[89.65472,25.26973],[89.65474,25.27099],[89.65494,25.27099],[89.65496,25.27171],[89.65516,25.2717],[89.65516,25.27206],[89.65536,25.27206],[89.65537,25.27224],[89.65517,25.27225],[89.65518,25.27261],[89.65558,25.27278],[89.65579,25.2735],[89.65599,25.27349]]]}},{"type":"Feature","properties":{"kind":"land","ha":6.4},"geometry":{"type":"Polygon","coordinates":[[[89.66627,25.26248],[89.66626,25.26212],[89.66646,25.26211],[89.66645,25.26175],[89.66605,25.26158],[89.66604,25.26104],[89.66703,25.26102],[89.66701,25.2603],[89.66721,25.2603],[89.66721,25.25994],[89.66681,25.25994],[89.6666,25.25958],[89.6664,25.25959],[89.66639,25.25905],[89.66619,25.25905],[89.66618,25.25851],[89.66657,25.25832],[89.66657,25.25814],[89.66677,25.25814],[89.66676,25.25778],[89.66656,25.25778],[89.66656,25.2576],[89.66557,25.25762],[89.66536,25.25726],[89.66477,25.25727],[89.66478,25.25799],[89.66518,25.25799],[89.66518,25.25817],[89.66558,25.25816],[89.66558,25.25834],[89.66578,25.25834],[89.6658,25.25924],[89.6656,25.25924],[89.66562,25.25996],[89.66542,25.25997],[89.66544,25.26069],[89.66524,25.26069],[89.66524,25.26105],[89.66505,25.26106],[89.66505,25.26124],[89.66485,25.26124],[89.66467,25.26197],[89.66507,25.26196],[89.66506,25.26178],[89.66566,25.26177],[89.66566,25.26195],[89.66586,25.26194],[89.66587,25.26249],[89.66627,25.26248]]]}},{"type":"Feature","properties":{"kind":"land","ha":8.5},"geometry":{"type":"Polygon","coordinates":[[[89.6464,25.26157],[89.6464,25.26139],[89.64719,25.26138],[89.64719,25.2612],[89.64838,25.26118],[89.64857,25.26081],[89.64877,25.26081],[89.64876,25.26063],[89.64975,25.26061],[89.64973,25.25971],[89.64993,25.2597],[89.64993,25.25952],[89.65033,25.25952],[89.65051,25.25879],[89.65071,25.25879],[89.65069,25.25807],[89.65049,25.25807],[89.65048,25.25771],[89.65029,25.25771],[89.65028,25.25735],[89.65008,25.25736],[89.65008,25.25718],[89.64948,25.25719],[89.64971,25.25863],[89.64872,25.25864],[89.64871,25.25828],[89.64851,25.25829],[89.64832,25.25865],[89.64812,25.25865],[89.64813,25.25902],[89.64793,25.25902],[89.64794,25.25938],[89.64774,25.25938],[89.64775,25.25974],[89.64735,25.25975],[89.64736,25.25993],[89.64716,25.25994],[89.64717,25.2603],[89.64697,25.2603],[89.64698,25.26084],[89.64619,25.26122],[89.6462,25.26158],[89.6464,25.26157]]]}},{"type":"Feature","properties":{"kind":"land","ha":8.1},"geometry":{"type":"Polygon","coordinates":[[[89.62079,25.26149],[89.62079,25.26113],[89.62118,25.26094],[89.62117,25.2604],[89.62097,25.2604],[89.62096,25.25986],[89.62076,25.25986],[89.62074,25.25896],[89.62054,25.25897],[89.62053,25.25842],[89.62033,25.25843],[89.62032,25.25771],[89.62012,25.25771],[89.62011,25.25753],[89.61952,25.25754],[89.61952,25.25772],[89.61913,25.25773],[89.61913,25.25791],[89.61873,25.25773],[89.61875,25.25882],[89.61895,25.25881],[89.61895,25.25899],[89.61935,25.25899],[89.61954,25.25862],[89.61994,25.25862],[89.62014,25.25897],[89.61975,25.25916],[89.61976,25.25934],[89.61856,25.25936],[89.61857,25.25954],[89.61837,25.25955],[89.61838,25.25991],[89.61799,25.26009],[89.618,25.26082],[89.6182,25.26081],[89.6182,25.26099],[89.6186,25.26099],[89.6186,25.26081],[89.61919,25.2608],[89.6194,25.26115],[89.61979,25.26115],[89.6198,25.26133],[89.62,25.26132],[89.62,25.2615],[89.62079,25.26149]]]}},{"type":"Feature","properties":{"kind":"land","ha":4.5},"geometry":{"type":"Polygon","coordinates":[[[89.61753,25.2574],[89.61752,25.25703],[89.61772,25.25703],[89.61771,25.25667],[89.61791,25.25667],[89.61791,25.25649],[89.61831,25.25666],[89.61829,25.25594],[89.61849,25.25593],[89.61848,25.25557],[89.61868,25.25557],[89.61868,25.25539],[89.61888,25.25539],[89.61885,25.2543],[89.61865,25.25431],[89.61865,25.25395],[89.61845,25.25395],[89.61844,25.25359],[89.61824,25.25359],[89.61824,25.25341],[89.61784,25.25342],[89.61785,25.25396],[89.61766,25.25396],[89.61766,25.25432],[89.61746,25.25433],[89.61747,25.25451],[89.61707,25.25434],[89.61706,25.25397],[89.61666,25.25398],[89.61667,25.25452],[89.61687,25.25452],[89.61688,25.25488],[89.61728,25.25487],[89.61727,25.25469],[89.61747,25.25469],[89.61748,25.25505],[89.61768,25.25505],[89.61769,25.25541],[89.61749,25.25541],[89.61751,25.25649],[89.61712,25.25668],[89.61713,25.2574],[89.61753,25.2574]]]}},{"type":"Feature","properties":{"kind":"land","ha":17.0},"geometry":{"type":"Polygon","coordinates":[[[89.66088,25.26095],[89.66087,25.26059],[89.66067,25.26059],[89.66066,25.26023],[89.66026,25.26006],[89.66026,25.25988],[89.66006,25.25988],[89.66005,25.25952],[89.65965,25.25935],[89.65964,25.25881],[89.65944,25.25881],[89.65943,25.25845],[89.65923,25.25845],[89.65923,25.25809],[89.65903,25.2581],[89.65902,25.25774],[89.65882,25.25774],[89.65881,25.25738],[89.65861,25.25738],[89.65861,25.25702],[89.65841,25.25703],[89.6584,25.25648],[89.6582,25.25649],[89.65819,25.25613],[89.65799,25.25613],[89.65798,25.25541],[89.65778,25.25541],[89.65777,25.25505],[89.65757,25.25506],[89.65756,25.25469],[89.65737,25.2547],[89.65735,25.25416],[89.65716,25.25416],[89.65713,25.25308],[89.65673,25.2529],[89.65673,25.25272],[89.65653,25.25273],[89.65652,25.25255],[89.65633,25.25255],[89.65632,25.25237],[89.65612,25.25237],[89.65612,25.25219],[89.65552,25.2522],[89.65533,25.25257],[89.65553,25.25256],[89.65554,25.25293],[89.65574,25.25292],[89.65575,25.25328],[89.65555,25.25329],[89.65556,25.25401],[89.65537,25.25401],[89.65538,25.25473],[89.65558,25.25473],[89.6556,25.25545],[89.65579,25.25545],[89.65581,25.25617],[89.65621,25.25634],[89.65621,25.25652],[89.65641,25.25652],[89.65642,25.2567],[89.65662,25.2567],[89.65663,25.25742],[89.65683,25.25741],[89.65684,25.25778],[89.65704,25.25777],[89.65704,25.25813],[89.65724,25.25813],[89.65726,25.25885],[89.65806,25.25902],[89.65826,25.25937],[89.65846,25.25937],[89.65846,25.25955],[89.65866,25.25955],[89.65867,25.25973],[89.65886,25.25972],[89.65887,25.26009],[89.65907,25.26008],[89.65907,25.26026],[89.65848,25.26027],[89.65849,25.26063],[89.66047,25.2606],[89.66068,25.26096],[89.66088,25.26095]]]}},{"type":"Feature","properties":{"kind":"land","ha":15.6},"geometry":{"type":"Polygon","coordinates":[[[89.67063,25.25301],[89.67062,25.25265],[89.67102,25.25265],[89.67121,25.25228],[89.6714,25.25228],[89.6714,25.2521],[89.6716,25.25209],[89.67159,25.25191],[89.67199,25.25191],[89.67199,25.25173],[89.67219,25.25172],[89.67218,25.25154],[89.67297,25.25135],[89.67316,25.25098],[89.67356,25.25098],[89.67354,25.25025],[89.67275,25.25027],[89.67275,25.25009],[89.67255,25.25009],[89.67253,25.24919],[89.67233,25.24919],[89.67232,25.24901],[89.67193,25.2492],[89.67194,25.24956],[89.67174,25.24957],[89.67175,25.24975],[89.67155,25.24975],[89.67155,25.24993],[89.67195,25.24992],[89.67195,25.2501],[89.67215,25.2501],[89.67217,25.25082],[89.67197,25.25082],[89.67198,25.25137],[89.67178,25.25137],[89.67178,25.25155],[89.67099,25.25156],[89.67098,25.2512],[89.67079,25.25121],[89.67077,25.25067],[89.67038,25.25067],[89.67037,25.25049],[89.67017,25.2505],[89.67036,25.24977],[89.66996,25.24978],[89.66996,25.2496],[89.66956,25.2496],[89.66958,25.25033],[89.66977,25.25032],[89.66978,25.25068],[89.66998,25.25068],[89.66998,25.25086],[89.66959,25.25105],[89.66959,25.25123],[89.6694,25.25123],[89.66939,25.25105],[89.66919,25.25106],[89.66918,25.25051],[89.66878,25.25034],[89.66877,25.24998],[89.66798,25.24981],[89.66796,25.24927],[89.66816,25.24927],[89.66816,25.24909],[89.66756,25.2491],[89.66757,25.24928],[89.66717,25.24929],[89.66698,25.24965],[89.66678,25.24965],[89.66678,25.24947],[89.66658,25.24948],[89.66656,25.24876],[89.66617,25.24894],[89.66617,25.24912],[89.66578,25.24913],[89.66578,25.24931],[89.66479,25.24933],[89.66479,25.24915],[89.66459,25.24915],[89.6646,25.24951],[89.665,25.24969],[89.665,25.24987],[89.6652,25.24986],[89.6652,25.25004],[89.6654,25.25004],[89.66541,25.25022],[89.6656,25.25022],[89.66561,25.2504],[89.66581,25.25039],[89.66581,25.25076],[89.66661,25.25092],[89.66682,25.25128],[89.66801,25.25126],[89.66801,25.25144],[89.66841,25.25143],[89.66842,25.25179],[89.66882,25.25196],[89.66882,25.25214],[89.66902,25.25214],[89.66902,25.25232],[89.66922,25.25232],[89.66923,25.2525],[89.66942,25.25249],[89.66943,25.25268],[89.66963,25.25267],[89.66963,25.25285],[89.67023,25.25284],[89.67023,25.25302],[89.67063,25.25301]],[[89.6682,25.25089],[89.6684,25.25089],[89.6684,25.25107],[89.6682,25.25107],[89.6682,25.25089]]]}},{"type":"Feature","properties":{"kind":"land","ha":9.3},"geometry":{"type":"Polygon","coordinates":[[[89.61063,25.2503],[89.61042,25.24994],[89.61023,25.24994],[89.61022,25.24958],[89.60982,25.24959],[89.60982,25.24941],[89.60902,25.24942],[89.60904,25.24996],[89.60923,25.24996],[89.60924,25.25032],[89.60964,25.2505],[89.60965,25.25068],[89.60984,25.25067],[89.60985,25.25085],[89.61005,25.25085],[89.61005,25.25103],[89.61025,25.25103],[89.61026,25.25139],[89.61045,25.25138],[89.61068,25.25246],[89.61087,25.25246],[89.61088,25.25282],[89.61108,25.25282],[89.6113,25.2539],[89.6115,25.25389],[89.61152,25.25479],[89.61172,25.25479],[89.61173,25.25533],[89.61212,25.25514],[89.61212,25.25496],[89.61232,25.25496],[89.61231,25.25478],[89.61251,25.25478],[89.6125,25.25424],[89.6127,25.25423],[89.61268,25.25351],[89.61249,25.25351],[89.61248,25.25315],[89.61228,25.25316],[89.61227,25.2528],[89.61207,25.2528],[89.61207,25.25244],[89.61187,25.25244],[89.61186,25.2519],[89.61264,25.25171],[89.61263,25.25098],[89.61243,25.25099],[89.61243,25.25081],[89.61203,25.25081],[89.61203,25.25063],[89.61163,25.25064],[89.61142,25.25028],[89.61123,25.25029],[89.61122,25.24993],[89.61102,25.24993],[89.61102,25.24975],[89.61082,25.24975],[89.61083,25.25029],[89.61063,25.2503]],[[89.61103,25.25029],[89.61103,25.25047],[89.61083,25.25047],[89.61083,25.25029],[89.61103,25.25029]],[[89.61103,25.25065],[89.61123,25.25065],[89.61124,25.25083],[89.61104,25.25083],[89.61103,25.25065]]]}},{"type":"Feature","properties":{"kind":"land","ha":44.0},"geometry":{"type":"Polygon","coordinates":[[[89.67892,25.26911],[89.67891,25.26893],[89.67872,25.26893],[89.67871,25.26857],[89.67891,25.26857],[89.6789,25.26821],[89.6791,25.2682],[89.67909,25.26802],[89.68029,25.26818],[89.68048,25.26782],[89.68127,25.26762],[89.68126,25.26744],[89.68206,25.26743],[89.68205,25.26725],[89.68265,25.26724],[89.68264,25.26706],[89.68304,25.26705],[89.68323,25.26668],[89.68402,25.26649],[89.68402,25.26631],[89.68441,25.2663],[89.6846,25.26594],[89.6848,25.26593],[89.6848,25.26575],[89.6852,25.26575],[89.68539,25.26538],[89.68558,25.26538],[89.68558,25.2652],[89.68598,25.26519],[89.68617,25.26483],[89.68637,25.26482],[89.68636,25.26464],[89.68656,25.26464],[89.68656,25.26446],[89.68695,25.26445],[89.68714,25.26409],[89.68734,25.26408],[89.68734,25.2639],[89.68754,25.2639],[89.68753,25.26372],[89.68773,25.26371],[89.68772,25.26335],[89.68812,25.26317],[89.68811,25.26298],[89.68831,25.26298],[89.6883,25.26262],[89.6887,25.26243],[89.68888,25.26171],[89.68908,25.2617],[89.68907,25.26134],[89.68927,25.26134],[89.68924,25.26008],[89.68864,25.26009],[89.68845,25.26045],[89.68826,25.26046],[89.68827,25.26118],[89.68867,25.26135],[89.68868,25.26153],[89.68848,25.26153],[89.68848,25.26171],[89.68808,25.26172],[89.68789,25.26209],[89.6877,25.26209],[89.6877,25.26245],[89.68751,25.26245],[89.68751,25.26282],[89.68731,25.26282],[89.68732,25.263],[89.68692,25.26301],[89.68693,25.26319],[89.68673,25.26319],[89.68674,25.26391],[89.68635,25.2641],[89.68636,25.26446],[89.68596,25.26447],[89.68577,25.26483],[89.68557,25.26484],[89.68558,25.26502],[89.68538,25.26502],[89.68538,25.2652],[89.68518,25.2652],[89.68519,25.26538],[89.6844,25.26558],[89.6844,25.26576],[89.68361,25.26577],[89.68361,25.26595],[89.68381,25.26595],[89.68382,25.26631],[89.68322,25.26632],[89.68322,25.26596],[89.68203,25.26598],[89.68203,25.26616],[89.68124,25.26618],[89.68143,25.26581],[89.68182,25.26581],[89.68182,25.26545],[89.68141,25.26527],[89.68141,25.26509],[89.68121,25.2651],[89.68121,25.26492],[89.68101,25.26492],[89.681,25.26456],[89.6808,25.26456],[89.6808,25.26438],[89.681,25.26438],[89.68099,25.2642],[89.6808,25.2642],[89.68079,25.26402],[89.68039,25.26403],[89.6804,25.26439],[89.6802,25.26439],[89.68021,25.26457],[89.67961,25.26458],[89.67983,25.2653],[89.67943,25.26549],[89.67944,25.26585],[89.67964,25.26585],[89.67964,25.26603],[89.67885,25.26604],[89.67885,25.26586],[89.67865,25.26586],[89.67864,25.2655],[89.67844,25.26551],[89.67843,25.26479],[89.67823,25.26479],[89.67822,25.26443],[89.67802,25.26443],[89.67801,25.26407],[89.67782,25.26407],[89.6778,25.26353],[89.67761,25.26354],[89.67735,25.26101],[89.67715,25.26102],[89.67713,25.25994],[89.67693,25.25994],[89.67691,25.25922],[89.67711,25.25921],[89.67711,25.25903],[89.67691,25.25904],[89.67687,25.25723],[89.67667,25.25724],[89.67664,25.25579],[89.67644,25.2558],[89.67642,25.25489],[89.67622,25.2549],[89.67622,25.25454],[89.67602,25.25454],[89.676,25.25382],[89.6758,25.25382],[89.67578,25.25292],[89.67598,25.25292],[89.67597,25.25238],[89.67617,25.25237],[89.67615,25.25129],[89.67634,25.25129],[89.67633,25.25056],[89.67653,25.25056],[89.67652,25.2502],[89.67672,25.2502],[89.67671,25.24984],[89.67691,25.24983],[89.6769,25.24929],[89.67709,25.24929],[89.67709,25.24893],[89.67728,25.24892],[89.67727,25.24838],[89.67747,25.24838],[89.67746,25.24802],[89.67766,25.24801],[89.67766,25.24783],[89.67726,25.24784],[89.67707,25.24821],[89.67687,25.24821],[89.67688,25.24839],[89.67668,25.24839],[89.67668,25.24857],[89.67628,25.24858],[89.67629,25.24876],[89.6751,25.24878],[89.6751,25.24896],[89.6749,25.24897],[89.67492,25.24969],[89.67453,25.24988],[89.67455,25.25114],[89.67475,25.25113],[89.67478,25.25222],[89.67497,25.25221],[89.67498,25.25257],[89.67518,25.25257],[89.6752,25.25365],[89.6754,25.25365],[89.67541,25.25401],[89.67561,25.25401],[89.67562,25.25437],[89.67542,25.25437],[89.67544,25.25545],[89.67564,25.25545],[89.67566,25.25617],[89.67546,25.25618],[89.67547,25.25654],[89.67527,25.25654],[89.67529,25.25744],[89.67549,25.25744],[89.67551,25.25834],[89.6757,25.25834],[89.67571,25.2587],[89.67591,25.25869],[89.67613,25.25977],[89.67653,25.25995],[89.67654,25.26031],[89.67674,25.2603],[89.67675,25.26085],[89.67695,25.26084],[89.67698,25.26228],[89.67718,25.26228],[89.67719,25.26264],[89.67699,25.26265],[89.67701,25.26355],[89.67681,25.26355],[89.67683,25.26445],[89.67663,25.26446],[89.67667,25.26608],[89.67687,25.26608],[89.67687,25.26644],[89.67707,25.26643],[89.6771,25.2677],[89.6773,25.26769],[89.67732,25.26842],[89.67772,25.26859],[89.67772,25.26877],[89.67792,25.26877],[89.67793,25.26913],[89.67892,25.26911]],[[89.67825,25.26587],[89.67845,25.26587],[89.67845,25.26605],[89.67826,25.26605],[89.67825,25.26587]],[[89.67764,25.26534],[89.67745,25.26534],[89.67744,25.26498],[89.67764,25.26498],[89.67763,25.2648],[89.67783,25.2648],[89.67784,25.26516],[89.67804,25.26515],[89.67804,25.26533],[89.67824,25.26533],[89.67825,25.26569],[89.67785,25.2657],[89.67764,25.26534]],[[89.67568,25.25707],[89.67588,25.25707],[89.67589,25.25761],[89.67569,25.25762],[89.67568,25.25707]]]}},{"type":"Feature","properties":{"kind":"land","ha":10.8},"geometry":{"type":"Polygon","coordinates":[[[89.63684,25.2511],[89.63684,25.25091],[89.63724,25.25091],[89.63723,25.25073],[89.63783,25.25072],[89.63783,25.25054],[89.63882,25.25052],[89.63901,25.25015],[89.63921,25.25015],[89.6392,25.24979],[89.63959,25.2496],[89.63958,25.24924],[89.63998,25.24905],[89.63997,25.24887],[89.64017,25.24887],[89.64017,25.24869],[89.64037,25.24869],[89.64036,25.24851],[89.64056,25.2485],[89.64055,25.24814],[89.64035,25.24814],[89.64034,25.24742],[89.63994,25.24725],[89.63993,25.24689],[89.63914,25.24708],[89.63914,25.24726],[89.63875,25.24727],[89.63875,25.24745],[89.63835,25.24746],[89.63836,25.24764],[89.63796,25.24765],[89.63819,25.24909],[89.63799,25.24909],[89.638,25.24927],[89.63819,25.24927],[89.6382,25.24945],[89.638,25.24945],[89.638,25.24963],[89.63781,25.24963],[89.6378,25.24945],[89.63741,25.24946],[89.63739,25.24874],[89.63679,25.24875],[89.6368,25.24911],[89.6366,25.24911],[89.6366,25.24893],[89.6364,25.24894],[89.63639,25.24858],[89.6358,25.24859],[89.63581,25.24931],[89.63601,25.24931],[89.63602,25.24967],[89.63582,25.24967],[89.63583,25.25021],[89.63623,25.25038],[89.63624,25.25056],[89.63644,25.25056],[89.63645,25.25128],[89.63684,25.2511]],[[89.63898,25.24871],[89.63937,25.2487],[89.63918,25.24907],[89.63898,25.24907],[89.63898,25.24871]]]}},{"type":"Feature","properties":{"kind":"land","ha":3.4},"geometry":{"type":"Polygon","coordinates":[[[89.66444,25.2423],[89.66443,25.24194],[89.66463,25.24193],[89.66461,25.24121],[89.66481,25.24121],[89.66478,25.23994],[89.66438,25.23977],[89.66438,25.23941],[89.66457,25.23941],[89.66457,25.23905],[89.66476,25.23904],[89.66476,25.23868],[89.66416,25.23869],[89.66416,25.23851],[89.66396,25.23852],[89.66397,25.23888],[89.66377,25.23888],[89.66378,25.23942],[89.66358,25.23942],[89.66359,25.23997],[89.66379,25.23996],[89.66381,25.24086],[89.66401,25.24086],[89.66403,25.24176],[89.66383,25.24177],[89.66384,25.24231],[89.66404,25.2423],[89.66405,25.24248],[89.66444,25.2423]]]}},{"type":"Feature","properties":{"kind":"land","ha":49.4},"geometry":{"type":"Polygon","coordinates":[[[89.67451,25.24897],[89.67469,25.24825],[89.67489,25.24824],[89.67488,25.24788],[89.67468,25.24789],[89.67468,25.24771],[89.67488,25.2477],[89.67487,25.24734],[89.67526,25.24715],[89.67526,25.24697],[89.67546,25.24697],[89.67545,25.24679],[89.67565,25.24679],[89.67565,25.24661],[89.67584,25.2466],[89.67584,25.24642],[89.67604,25.24642],[89.67603,25.24624],[89.67623,25.24623],[89.67623,25.24587],[89.67642,25.24587],[89.67642,25.24569],[89.67682,25.24568],[89.67681,25.2455],[89.67761,25.24549],[89.67761,25.24567],[89.6786,25.24565],[89.67861,25.24583],[89.6788,25.24583],[89.67881,25.24619],[89.67861,25.24619],[89.67863,25.24673],[89.67882,25.24673],[89.67882,25.24637],[89.67901,25.24636],[89.67901,25.246],[89.6792,25.246],[89.6792,25.24582],[89.6788,25.24565],[89.6788,25.24547],[89.67919,25.24528],[89.67919,25.2451],[89.67938,25.24509],[89.67938,25.24491],[89.67958,25.24491],[89.67958,25.24509],[89.67978,25.24509],[89.67979,25.24563],[89.67999,25.24563],[89.67999,25.24544],[89.68018,25.24544],[89.68018,25.24508],[89.68038,25.24508],[89.68037,25.24472],[89.68057,25.24471],[89.68055,25.24417],[89.68075,25.24417],[89.68075,25.24399],[89.68035,25.24381],[89.68012,25.24237],[89.67992,25.24238],[89.67991,25.24184],[89.67971,25.24184],[89.6797,25.2413],[89.6795,25.2413],[89.67927,25.23986],[89.67907,25.23987],[89.67904,25.23842],[89.67884,25.23843],[89.67882,25.2377],[89.67863,25.23771],[89.6786,25.23663],[89.6784,25.23663],[89.6784,25.23645],[89.6782,25.23645],[89.67822,25.23735],[89.67802,25.23736],[89.67803,25.23772],[89.67764,25.23791],[89.67764,25.23809],[89.67744,25.23809],[89.67745,25.23827],[89.67705,25.23828],[89.67705,25.23846],[89.67686,25.23846],[89.67687,25.23918],[89.67667,25.23919],[89.67668,25.23955],[89.67648,25.23955],[89.67651,25.24063],[89.67631,25.24064],[89.67633,25.24154],[89.67613,25.24154],[89.67613,25.24172],[89.67574,25.24173],[89.67575,25.24209],[89.67555,25.2421],[89.67556,25.24264],[89.67536,25.24264],[89.67537,25.24318],[89.67517,25.24319],[89.67518,25.24355],[89.67498,25.24355],[89.67483,25.24572],[89.67424,25.24573],[89.67423,25.24555],[89.67404,25.24555],[89.674,25.24411],[89.67381,25.24411],[89.6738,25.24375],[89.6736,25.24376],[89.67359,25.24339],[89.67339,25.2434],[89.67338,25.24304],[89.67298,25.24286],[89.67279,25.24323],[89.6726,25.24323],[89.67261,25.24377],[89.67241,25.24378],[89.67242,25.24414],[89.67281,25.24395],[89.67282,25.24449],[89.67262,25.2445],[89.67263,25.24468],[89.67283,25.24467],[89.67284,25.24539],[89.67244,25.2454],[89.67244,25.24522],[89.67224,25.24522],[89.67223,25.2445],[89.67203,25.24451],[89.67184,25.24487],[89.67164,25.24487],[89.67165,25.24542],[89.67185,25.24541],[89.67186,25.24613],[89.67147,25.24614],[89.67128,25.24651],[89.67088,25.24651],[89.67089,25.24687],[89.6705,25.24706],[89.67071,25.24778],[89.67131,25.24777],[89.6713,25.24741],[89.67189,25.2474],[89.6719,25.24758],[89.67209,25.24757],[89.67209,25.24739],[89.67229,25.24739],[89.67228,25.24685],[89.67287,25.24684],[89.67288,25.24702],[89.67307,25.24701],[89.67309,25.24756],[89.67329,25.24755],[89.67329,25.24791],[89.67309,25.24792],[89.6731,25.2481],[89.6727,25.2481],[89.6727,25.24792],[89.6723,25.24793],[89.67211,25.24829],[89.67231,25.24829],[89.67231,25.24847],[89.67311,25.24846],[89.6731,25.24828],[89.6737,25.24827],[89.6739,25.24862],[89.67371,25.24863],[89.67371,25.24881],[89.67391,25.2488],[89.67391,25.24898],[89.67451,25.24897]],[[89.67736,25.24315],[89.67755,25.24314],[89.67756,25.24332],[89.67736,25.24333],[89.67736,25.24315]]]}},{"type":"Feature","properties":{"kind":"land","ha":3.7},"geometry":{"type":"Polygon","coordinates":[[[89.6854,25.23885],[89.68539,25.23849],[89.68559,25.23848],[89.68555,25.23668],[89.68515,25.23651],[89.68514,25.23597],[89.68474,25.23579],[89.68455,25.23616],[89.68435,25.23616],[89.68436,25.2367],[89.68397,25.23689],[89.68399,25.23779],[89.68418,25.23779],[89.68419,25.23815],[89.68459,25.23832],[89.6846,25.2385],[89.6848,25.2385],[89.6848,25.23868],[89.6852,25.23867],[89.6852,25.23885],[89.6854,25.23885]]]}},{"type":"Feature","properties":{"kind":"land","ha":117.4},"geometry":{"type":"Polygon","coordinates":[[[89.70649,25.28593],[89.70648,25.28557],[89.70668,25.28557],[89.70667,25.28521],[89.70687,25.2852],[89.70685,25.28466],[89.70705,25.28466],[89.70704,25.2843],[89.70724,25.28429],[89.70723,25.28393],[89.70743,25.28393],[89.70742,25.28339],[89.70762,25.28338],[89.70761,25.28302],[89.70781,25.28302],[89.7078,25.28266],[89.708,25.28266],[89.70799,25.28211],[89.70819,25.28211],[89.70818,25.28175],[89.70838,25.28175],[89.70837,25.28138],[89.70857,25.28138],[89.70856,25.28102],[89.70876,25.28102],[89.70875,25.28048],[89.70894,25.28047],[89.70894,25.28011],[89.70913,25.28011],[89.70912,25.27957],[89.70932,25.27956],[89.70931,25.27884],[89.7095,25.27884],[89.7095,25.27848],[89.70969,25.27847],[89.70969,25.27811],[89.70988,25.27811],[89.70987,25.27757],[89.71007,25.27756],[89.71006,25.2772],[89.71026,25.2772],[89.71025,25.27666],[89.71045,25.27665],[89.71043,25.27593],[89.71063,25.27593],[89.71059,25.27431],[89.71099,25.27412],[89.71098,25.27376],[89.71118,25.27375],[89.71117,25.27321],[89.71136,25.27321],[89.71135,25.27249],[89.71155,25.27248],[89.71153,25.27158],[89.71172,25.27158],[89.71171,25.27104],[89.71191,25.27103],[89.7119,25.27049],[89.7121,25.27049],[89.71209,25.27013],[89.71229,25.27012],[89.71246,25.26904],[89.71266,25.26903],[89.71265,25.26867],[89.71285,25.26867],[89.71302,25.26758],[89.71322,25.26758],[89.71321,25.26686],[89.71341,25.26685],[89.71339,25.26631],[89.71359,25.26631],[89.71357,25.26541],[89.71377,25.2654],[89.71375,25.26432],[89.71394,25.26432],[89.71394,25.26396],[89.71433,25.26377],[89.71451,25.26304],[89.71491,25.26304],[89.71492,25.26358],[89.71453,25.26376],[89.71454,25.26413],[89.71414,25.26431],[89.71415,25.26449],[89.71455,25.26467],[89.71455,25.26485],[89.71475,25.26484],[89.71475,25.26502],[89.71495,25.26502],[89.71496,25.2652],[89.71516,25.2652],[89.71516,25.26538],[89.71556,25.26537],[89.71556,25.26555],[89.71616,25.26554],[89.71635,25.26517],[89.71674,25.26517],[89.71674,25.26499],[89.71793,25.26497],[89.71793,25.26515],[89.71853,25.26513],[89.71852,25.26495],[89.71912,25.26494],[89.71931,25.26458],[89.71951,25.26458],[89.7195,25.26439],[89.7197,25.26439],[89.7197,25.26421],[89.7199,25.26421],[89.71989,25.26385],[89.72009,25.26384],[89.72008,25.26366],[89.71969,25.26367],[89.71969,25.26385],[89.71929,25.26386],[89.71891,25.26459],[89.71852,25.26459],[89.71851,25.26441],[89.71772,25.26443],[89.71771,25.26425],[89.71692,25.26426],[89.71692,25.26408],[89.71632,25.26409],[89.71632,25.26391],[89.71592,25.26392],[89.71592,25.26374],[89.71572,25.26374],[89.71571,25.26338],[89.71551,25.26339],[89.7155,25.26284],[89.7157,25.26284],[89.71568,25.26194],[89.71588,25.26193],[89.71587,25.26157],[89.71607,25.26157],[89.71606,25.26121],[89.71626,25.26121],[89.71623,25.25994],[89.71643,25.25994],[89.71641,25.25904],[89.71661,25.25903],[89.71657,25.25759],[89.71677,25.25759],[89.71676,25.25723],[89.71696,25.25722],[89.71695,25.2565],[89.71714,25.2565],[89.71714,25.25614],[89.71733,25.25613],[89.7173,25.25451],[89.7175,25.25451],[89.71749,25.25396],[89.71768,25.25396],[89.71768,25.25378],[89.71808,25.25377],[89.71808,25.25395],[89.71828,25.25395],[89.71829,25.25467],[89.7181,25.25467],[89.71812,25.25558],[89.71792,25.25558],[89.71793,25.25612],[89.71892,25.2561],[89.71893,25.25628],[89.71952,25.25627],[89.71952,25.25609],[89.71991,25.25608],[89.7197,25.25537],[89.71891,25.25538],[89.7189,25.2552],[89.7187,25.2552],[89.7187,25.25484],[89.71929,25.25483],[89.71908,25.25448],[89.71948,25.25429],[89.71947,25.25411],[89.71967,25.2541],[89.71967,25.25392],[89.71987,25.25392],[89.71985,25.2532],[89.71945,25.25303],[89.71944,25.25284],[89.71984,25.25284],[89.72005,25.25319],[89.72044,25.25319],[89.72045,25.25337],[89.72065,25.25336],[89.72066,25.25373],[89.72046,25.25373],[89.72047,25.25427],[89.72087,25.25444],[89.72087,25.25462],[89.72127,25.25462],[89.72126,25.25407],[89.72106,25.25408],[89.72105,25.25372],[89.72145,25.25371],[89.72166,25.25407],[89.72245,25.25405],[89.72246,25.25441],[89.72286,25.25459],[89.72286,25.25477],[89.72306,25.25476],[89.72308,25.25549],[89.72327,25.25548],[89.72328,25.25566],[89.72387,25.25565],[89.72406,25.25529],[89.72486,25.25527],[89.72505,25.25491],[89.72525,25.2549],[89.72524,25.25454],[89.72563,25.25436],[89.72563,25.25417],[89.72583,25.25417],[89.72582,25.25399],[89.72622,25.25398],[89.72621,25.2538],[89.72641,25.2538],[89.72641,25.25362],[89.72581,25.25363],[89.72562,25.25399],[89.72443,25.25402],[89.72443,25.25384],[89.72403,25.25384],[89.72402,25.25348],[89.72362,25.25331],[89.72361,25.25295],[89.72381,25.25294],[89.72381,25.25276],[89.72421,25.25276],[89.7242,25.2524],[89.724,25.2524],[89.724,25.25222],[89.7236,25.25223],[89.72359,25.25205],[89.7228,25.25206],[89.72281,25.25242],[89.72242,25.25261],[89.72242,25.25279],[89.72163,25.25299],[89.72163,25.2528],[89.72143,25.25281],[89.72141,25.25191],[89.72121,25.25191],[89.7212,25.25155],[89.721,25.25155],[89.721,25.25137],[89.7204,25.25138],[89.72041,25.25156],[89.72001,25.25157],[89.72002,25.25175],[89.71962,25.25176],[89.71962,25.25194],[89.71903,25.25195],[89.71884,25.25231],[89.71904,25.25231],[89.71905,25.25285],[89.71866,25.25304],[89.71866,25.25322],[89.71826,25.25323],[89.71824,25.25233],[89.71844,25.25232],[89.71843,25.25196],[89.71863,25.25196],[89.71863,25.25178],[89.71843,25.25178],[89.71842,25.25142],[89.71822,25.25142],[89.71822,25.25124],[89.71802,25.25125],[89.71781,25.25053],[89.71761,25.25053],[89.7176,25.24999],[89.7174,25.24999],[89.71739,25.24963],[89.71719,25.24964],[89.71718,25.2491],[89.71698,25.2491],[89.71696,25.24838],[89.71716,25.24837],[89.71711,25.24585],[89.7173,25.24585],[89.71728,25.24458],[89.71747,25.24458],[89.71745,25.2435],[89.71765,25.24349],[89.71763,25.24277],[89.71823,25.24276],[89.71822,25.24222],[89.71841,25.24222],[89.71839,25.24113],[89.71859,25.24113],[89.71857,25.24041],[89.71877,25.2404],[89.71873,25.23878],[89.71893,25.23878],[89.71889,25.23679],[89.71869,25.2368],[89.71869,25.23662],[89.71829,25.23662],[89.71829,25.2368],[89.7179,25.23681],[89.7179,25.23699],[89.7175,25.237],[89.71751,25.23718],[89.7181,25.23717],[89.7181,25.23699],[89.7183,25.23698],[89.71832,25.23789],[89.71812,25.23789],[89.71813,25.23825],[89.71773,25.23826],[89.71773,25.23808],[89.71753,25.23808],[89.71752,25.23772],[89.71673,25.23773],[89.71672,25.23755],[89.71652,25.23756],[89.71652,25.2372],[89.71612,25.2372],[89.71612,25.23702],[89.71592,25.23703],[89.71611,25.23666],[89.7165,25.23666],[89.7165,25.23647],[89.7167,25.23647],[89.71649,25.23611],[89.71629,25.23612],[89.71628,25.23558],[89.71648,25.23557],[89.71648,25.23539],[89.71628,25.2354],[89.71627,25.23522],[89.71568,25.23523],[89.71549,25.23559],[89.71529,25.23559],[89.71529,25.23578],[89.7151,25.23578],[89.7151,25.23596],[89.7149,25.23596],[89.71491,25.23614],[89.71471,25.23615],[89.71471,25.23633],[89.71451,25.23633],[89.71453,25.23687],[89.71472,25.23687],[89.71474,25.23759],[89.71454,25.23759],[89.71455,25.23795],[89.71475,25.23795],[89.71477,25.23885],[89.71457,25.23886],[89.71458,25.23922],[89.71438,25.23922],[89.71439,25.23958],[89.71459,25.23958],[89.71459,25.23976],[89.71439,25.23976],[89.71441,25.24066],[89.71481,25.24084],[89.71482,25.24102],[89.71501,25.24101],[89.71502,25.24119],[89.71541,25.24119],[89.71562,25.24154],[89.71602,25.24154],[89.71601,25.24136],[89.71621,25.24135],[89.7162,25.24063],[89.71639,25.24063],[89.7164,25.24081],[89.71699,25.2408],[89.71699,25.24062],[89.71739,25.24061],[89.7174,25.24133],[89.7172,25.24134],[89.71722,25.24188],[89.71702,25.24188],[89.71703,25.24224],[89.71683,25.24224],[89.71684,25.24261],[89.71664,25.24261],[89.71665,25.24315],[89.71645,25.24315],[89.71647,25.24388],[89.71667,25.24387],[89.71669,25.24495],[89.71649,25.24496],[89.71651,25.24568],[89.71611,25.24587],[89.71593,25.24659],[89.71573,25.2466],[89.7158,25.24966],[89.716,25.24966],[89.71602,25.25074],[89.71622,25.25074],[89.71627,25.25272],[89.71647,25.25272],[89.71647,25.2529],[89.71726,25.25289],[89.71747,25.25324],[89.71767,25.25324],[89.71768,25.2536],[89.71728,25.25379],[89.71729,25.25397],[89.71709,25.25397],[89.71709,25.25415],[89.71689,25.25416],[89.7169,25.25434],[89.71591,25.25435],[89.71572,25.25508],[89.71553,25.25508],[89.71553,25.25544],[89.71534,25.25545],[89.71534,25.25581],[89.71514,25.25581],[89.71516,25.25635],[89.71476,25.25654],[89.71478,25.25708],[89.71458,25.25709],[89.71459,25.25745],[89.71439,25.25745],[89.7144,25.25781],[89.7142,25.25781],[89.7142,25.25818],[89.71381,25.25836],[89.71382,25.25872],[89.71342,25.25873],[89.71342,25.25855],[89.71322,25.25855],[89.71323,25.2591],[89.71343,25.25909],[89.71344,25.25927],[89.71324,25.25928],[89.71325,25.25964],[89.71344,25.25963],[89.71346,25.26054],[89.71307,25.26072],[89.71309,25.26163],[89.71289,25.26163],[89.71291,25.26235],[89.71271,25.26235],[89.71273,25.26326],[89.71253,25.26326],[89.71256,25.26434],[89.71236,25.26435],[89.71238,25.26525],[89.71218,25.26525],[89.7122,25.26615],[89.712,25.26616],[89.71201,25.2667],[89.71181,25.2667],[89.71183,25.26742],[89.71163,25.26743],[89.71164,25.26797],[89.71145,25.26797],[89.71146,25.26869],[89.71126,25.2687],[89.71128,25.26942],[89.71108,25.26942],[89.71109,25.26996],[89.71089,25.26997],[89.71091,25.27069],[89.71071,25.27069],[89.71073,25.2716],[89.71053,25.2716],[89.71055,25.2725],[89.71036,25.2725],[89.71036,25.27287],[89.71016,25.27287],[89.70999,25.27396],[89.70979,25.27396],[89.70981,25.27486],[89.70961,25.27486],[89.70963,25.27541],[89.70943,25.27541],[89.70944,25.27595],[89.70924,25.27595],[89.70925,25.27632],[89.70905,25.27632],[89.70906,25.27686],[89.70886,25.27686],[89.70887,25.27704],[89.70927,25.27704],[89.70927,25.2774],[89.70887,25.27722],[89.70888,25.2774],[89.70868,25.27741],[89.7085,25.27849],[89.70831,25.2785],[89.70832,25.27904],[89.70812,25.27904],[89.70813,25.27958],[89.70793,25.27959],[89.70794,25.28013],[89.70775,25.28013],[89.70776,25.28067],[89.70756,25.28068],[89.70757,25.28122],[89.70737,25.28122],[89.70739,25.28176],[89.70719,25.28177],[89.70719,25.28213],[89.707,25.28213],[89.707,25.28249],[89.70681,25.2825],[89.70682,25.28322],[89.70662,25.28322],[89.70664,25.28376],[89.70644,25.28377],[89.70627,25.28521],[89.70607,25.28522],[89.70608,25.28576],[89.70628,25.28575],[89.70629,25.28594],[89.70649,25.28593]],[[89.70664,25.28394],[89.70684,25.28394],[89.70685,25.2843],[89.70665,25.2843],[89.70664,25.28394]],[[89.71562,25.25923],[89.71601,25.25923],[89.71602,25.25941],[89.71582,25.25941],[89.71583,25.25977],[89.71563,25.25977],[89.71562,25.25923]],[[89.71614,25.25615],[89.71595,25.25616],[89.71594,25.25598],[89.71633,25.25579],[89.71633,25.25561],[89.71653,25.25561],[89.71654,25.25615],[89.71634,25.25615],[89.71635,25.25651],[89.71615,25.25652],[89.71614,25.25615]]]}},{"type":"Feature","properties":{"kind":"land","ha":6.2},"geometry":{"type":"Polygon","coordinates":[[[89.70133,25.24145],[89.70133,25.24127],[89.70153,25.24126],[89.70151,25.24054],[89.70171,25.24054],[89.7017,25.24018],[89.7013,25.24],[89.70126,25.23802],[89.70106,25.23802],[89.70103,25.23694],[89.70123,25.23694],[89.70122,25.23639],[89.70161,25.23621],[89.70159,25.2353],[89.7012,25.23531],[89.7012,25.23567],[89.70081,25.23568],[89.7008,25.2355],[89.7006,25.2355],[89.70061,25.23568],[89.70041,25.23569],[89.70043,25.23659],[89.70023,25.23659],[89.7003,25.23966],[89.7005,25.23966],[89.70053,25.24092],[89.70072,25.24092],[89.70073,25.24128],[89.70093,25.24127],[89.70093,25.24145],[89.70133,25.24145]]]}},{"type":"Feature","properties":{"kind":"land","ha":11.3},"geometry":{"type":"Polygon","coordinates":[[[89.69499,25.24174],[89.69496,25.24048],[89.69476,25.24048],[89.69476,25.24066],[89.69397,25.24068],[89.69377,25.24032],[89.69337,25.24033],[89.69316,25.23997],[89.69296,25.23997],[89.69296,25.23961],[89.69315,25.23961],[89.69315,25.23943],[89.69375,25.23942],[89.69394,25.23905],[89.69453,25.23904],[89.69453,25.23922],[89.69493,25.23922],[89.69492,25.23868],[89.69472,25.23868],[89.69472,25.2385],[89.69432,25.23851],[89.6943,25.23742],[89.6941,25.23743],[89.69409,25.23725],[89.6933,25.23726],[89.6933,25.23708],[89.6931,25.23708],[89.69311,25.23763],[89.69291,25.23763],[89.69292,25.23781],[89.69332,25.23798],[89.69332,25.23834],[89.69273,25.23835],[89.69273,25.23853],[89.69254,25.23854],[89.69254,25.2389],[89.69274,25.2389],[89.69277,25.24034],[89.69238,25.24035],[89.69236,25.23944],[89.69196,25.23927],[89.69195,25.23909],[89.69175,25.23909],[89.69175,25.23891],[89.69195,25.23891],[89.69194,25.23855],[89.69154,25.23838],[89.69153,25.23802],[89.69133,25.23802],[89.69133,25.23784],[89.69093,25.23785],[89.69093,25.23767],[89.69073,25.23767],[89.69071,25.23677],[89.69031,25.23659],[89.69031,25.23641],[89.69011,25.23642],[89.6901,25.23606],[89.6895,25.23607],[89.6893,25.23571],[89.6891,25.23571],[89.6891,25.23553],[89.6889,25.23554],[89.68891,25.23608],[89.68911,25.23607],[89.68912,25.23643],[89.68931,25.23643],[89.68932,25.23661],[89.68952,25.23661],[89.68973,25.23733],[89.69013,25.2375],[89.69013,25.23768],[89.69033,25.23768],[89.69034,25.23786],[89.69054,25.23785],[89.69054,25.23803],[89.69074,25.23803],[89.69075,25.23857],[89.69095,25.23857],[89.69096,25.23893],[89.69115,25.23892],[89.69117,25.23947],[89.69136,25.23946],[89.69137,25.23982],[89.69177,25.24],[89.69178,25.24018],[89.69198,25.24017],[89.69198,25.24035],[89.69218,25.24035],[89.69218,25.24053],[89.69238,25.24053],[89.69238,25.24071],[89.69258,25.2407],[89.69259,25.24088],[89.69279,25.24088],[89.69279,25.24106],[89.69299,25.24106],[89.69299,25.24124],[89.69319,25.24123],[89.69319,25.24141],[89.69339,25.24141],[89.6934,25.24159],[89.69379,25.24158],[89.6938,25.24176],[89.69499,25.24174]]]}},{"type":"Feature","properties":{"kind":"land","ha":95.3},"geometry":{"type":"Polygon","coordinates":[[[89.61115,25.24668],[89.61134,25.24631],[89.61233,25.2463],[89.61232,25.24576],[89.61291,25.24574],[89.61291,25.24538],[89.61271,25.24539],[89.6127,25.24521],[89.61231,25.24521],[89.6123,25.24503],[89.61211,25.24504],[89.61211,25.24522],[89.61171,25.24522],[89.61171,25.24504],[89.61151,25.24505],[89.6115,25.24451],[89.6111,25.24433],[89.61128,25.24361],[89.61088,25.24361],[89.61089,25.2438],[89.61069,25.2438],[89.61069,25.24362],[89.61009,25.24363],[89.61009,25.24381],[89.6097,25.24382],[89.60949,25.24346],[89.60929,25.24346],[89.60929,25.2431],[89.60909,25.24311],[89.60908,25.24274],[89.61007,25.24273],[89.61028,25.24308],[89.61048,25.24308],[89.61048,25.24326],[89.61068,25.24326],[89.61067,25.24272],[89.61106,25.24253],[89.61106,25.24235],[89.61165,25.24234],[89.61166,25.24288],[89.61186,25.24288],[89.61186,25.2427],[89.61225,25.24269],[89.61225,25.24251],[89.61245,25.2425],[89.61244,25.24214],[89.61264,25.24214],[89.61263,25.2416],[89.61283,25.2416],[89.61282,25.24123],[89.61262,25.24124],[89.61261,25.24088],[89.61241,25.24088],[89.61239,25.23998],[89.6122,25.23998],[89.61219,25.23962],[89.61199,25.23962],[89.61198,25.23908],[89.61178,25.23909],[89.61176,25.23836],[89.61157,25.23837],[89.61156,25.23801],[89.61136,25.23801],[89.61136,25.23783],[89.61116,25.23783],[89.61115,25.23747],[89.61036,25.23767],[89.61036,25.23785],[89.61056,25.23784],[89.61057,25.23821],[89.61018,25.23839],[89.61018,25.23875],[89.60999,25.23876],[89.60999,25.23894],[89.6088,25.23896],[89.6088,25.23878],[89.6084,25.23879],[89.6084,25.23897],[89.6082,25.23897],[89.60821,25.23915],[89.60841,25.23915],[89.60841,25.23951],[89.60861,25.2395],[89.60863,25.24023],[89.60824,25.24041],[89.60824,25.24059],[89.60804,25.2406],[89.60805,25.24096],[89.60785,25.24096],[89.60785,25.24114],[89.60666,25.24098],[89.60666,25.24116],[89.60607,25.24117],[89.60585,25.24009],[89.60545,25.23992],[89.60544,25.23974],[89.60425,25.23958],[89.60425,25.23976],[89.60405,25.23976],[89.60406,25.24013],[89.60426,25.24012],[89.60426,25.2403],[89.60466,25.2403],[89.60487,25.24065],[89.60507,25.24065],[89.60507,25.24101],[89.60408,25.24103],[89.60409,25.24121],[89.60389,25.24121],[89.60389,25.24157],[89.60409,25.24157],[89.60411,25.24229],[89.60431,25.24229],[89.60431,25.24265],[89.60451,25.24264],[89.60452,25.24301],[89.60472,25.243],[89.60472,25.24318],[89.60413,25.24319],[89.60392,25.24284],[89.60372,25.24284],[89.60372,25.24266],[89.60352,25.24266],[89.60352,25.24248],[89.60332,25.24248],[89.60331,25.2423],[89.60292,25.24231],[89.6027,25.24159],[89.60211,25.2416],[89.60211,25.24178],[89.60191,25.24179],[89.60171,25.24143],[89.60151,25.24143],[89.60151,25.24125],[89.60091,25.24126],[89.60072,25.24163],[89.60052,25.24163],[89.60073,25.24199],[89.60093,25.24199],[89.60093,25.24217],[89.60113,25.24216],[89.60094,25.24253],[89.60054,25.24253],[89.60073,25.24217],[89.60053,25.24217],[89.60053,25.24199],[89.60013,25.242],[89.60013,25.24182],[89.59973,25.24183],[89.59974,25.24201],[89.59914,25.24202],[89.59912,25.24111],[89.59872,25.24094],[89.59851,25.24022],[89.59831,25.24023],[89.59828,25.23896],[89.59788,25.23879],[89.59787,25.23843],[89.59768,25.23843],[89.59766,25.23789],[89.59726,25.23772],[89.59726,25.23754],[89.59686,25.23754],[89.59686,25.23736],[89.59666,25.23737],[89.59665,25.23701],[89.59645,25.23701],[89.59645,25.23683],[89.59606,25.23702],[89.59606,25.2372],[89.59586,25.2372],[89.59588,25.2381],[89.59568,25.23811],[89.5957,25.23865],[89.5955,25.23865],[89.59552,25.23973],[89.59532,25.23974],[89.59533,25.24028],[89.59553,25.24028],[89.59554,25.24046],[89.59534,25.24046],[89.59534,25.24064],[89.59494,25.24065],[89.59495,25.24101],[89.59515,25.241],[89.59496,25.24137],[89.59516,25.24137],[89.59517,25.24191],[89.59478,25.24209],[89.59479,25.24264],[89.59519,25.24281],[89.5952,25.24317],[89.59539,25.24317],[89.59541,25.24371],[89.59501,25.24389],[89.59502,25.24408],[89.59482,25.24408],[89.59483,25.24444],[89.59522,25.24443],[89.59522,25.24425],[89.59542,25.24425],[89.59562,25.24461],[89.59582,25.2446],[89.59601,25.24424],[89.59621,25.24423],[89.59621,25.24405],[89.59641,25.24405],[89.5964,25.24387],[89.59958,25.24381],[89.59958,25.24399],[89.59978,25.24399],[89.59977,25.24381],[89.60017,25.2438],[89.60019,25.24489],[89.5994,25.2449],[89.5994,25.24508],[89.59881,25.24509],[89.59881,25.24527],[89.59921,25.24526],[89.59921,25.24545],[89.6008,25.24542],[89.6008,25.2456],[89.60279,25.24556],[89.60279,25.24574],[89.60378,25.24573],[89.60379,25.24591],[89.60577,25.24587],[89.60578,25.24605],[89.60657,25.24586],[89.60656,25.24568],[89.60696,25.24585],[89.60696,25.24567],[89.60755,25.24566],[89.60755,25.24548],[89.60874,25.24546],[89.60874,25.24564],[89.60934,25.24563],[89.60934,25.24581],[89.60994,25.2458],[89.60994,25.24598],[89.61034,25.24597],[89.61034,25.24615],[89.61054,25.24615],[89.61055,25.24669],[89.61115,25.24668]],[[89.60653,25.24423],[89.60633,25.24424],[89.60633,25.24406],[89.60613,25.24406],[89.60612,25.2437],[89.60692,25.24368],[89.60692,25.24387],[89.60712,25.24386],[89.60713,25.24458],[89.60674,25.24459],[89.60653,25.24423]],[[89.5958,25.2437],[89.596,25.2437],[89.59601,25.24406],[89.59581,25.24406],[89.5958,25.2437]],[[89.61183,25.24143],[89.61163,25.24144],[89.61162,25.24089],[89.61202,25.24107],[89.61203,25.24161],[89.61183,25.24161],[89.61183,25.24143]],[[89.59691,25.23953],[89.5971,25.23953],[89.59711,25.23971],[89.59691,25.23971],[89.59691,25.23953]]]}},{"type":"Feature","properties":{"kind":"land","ha":14.7},"geometry":{"type":"Polygon","coordinates":[[[89.67396,25.24194],[89.67395,25.24176],[89.67415,25.24176],[89.67415,25.24158],[89.67434,25.24158],[89.67434,25.2414],[89.67474,25.24139],[89.67473,25.24121],[89.67493,25.2412],[89.67492,25.24084],[89.67532,25.24066],[89.67531,25.24048],[89.67551,25.24047],[89.6755,25.23993],[89.67589,25.23974],[89.67588,25.23938],[89.67608,25.23938],[89.67607,25.23884],[89.67686,25.23846],[89.67684,25.23774],[89.67723,25.23755],[89.67723,25.23737],[89.67683,25.23738],[89.67664,25.23774],[89.67644,25.23775],[89.67645,25.23793],[89.67625,25.23793],[89.67626,25.23829],[89.67606,25.2383],[89.67606,25.23848],[89.67547,25.23849],[89.67546,25.23831],[89.67566,25.2383],[89.67565,25.23794],[89.67605,25.23776],[89.67604,25.23739],[89.67624,25.23739],[89.67623,25.23703],[89.67662,25.23684],[89.67662,25.23666],[89.67682,25.23666],[89.67681,25.2363],[89.67701,25.23629],[89.677,25.23611],[89.6772,25.23611],[89.67738,25.23538],[89.67778,25.2352],[89.67772,25.23267],[89.67752,25.23267],[89.67752,25.23231],[89.67732,25.23232],[89.67733,25.23268],[89.67713,25.23268],[89.67714,25.23322],[89.67635,25.23342],[89.67637,25.23432],[89.67598,25.23451],[89.67598,25.23487],[89.67579,25.23487],[89.67579,25.23505],[89.67559,25.23506],[89.6758,25.23541],[89.67659,25.23558],[89.6766,25.23576],[89.6764,25.23576],[89.67641,25.23612],[89.67602,25.23631],[89.67602,25.23649],[89.67582,25.2365],[89.67564,25.23722],[89.67525,25.23741],[89.67525,25.23759],[89.67485,25.2376],[89.67466,25.23796],[89.67446,25.23796],[89.67448,25.23851],[89.67408,25.23869],[89.6741,25.23941],[89.6739,25.23942],[89.67392,25.24014],[89.67372,25.24014],[89.67373,25.2405],[89.67294,25.2407],[89.67294,25.24088],[89.67334,25.24087],[89.67336,25.24196],[89.67356,25.24195],[89.67356,25.24213],[89.67396,25.24194]]]}},{"type":"Feature","properties":{"kind":"land","ha":16.6},"geometry":{"type":"Polygon","coordinates":[[[89.6217,25.23891],[89.62169,25.23873],[89.62189,25.23873],[89.62187,25.23746],[89.62167,25.23747],[89.62166,25.23729],[89.62186,25.23728],[89.62185,25.23692],[89.62225,25.23674],[89.62224,25.23655],[89.62284,25.23654],[89.62283,25.23636],[89.62303,25.23636],[89.62302,25.236],[89.62322,25.236],[89.62322,25.23563],[89.62341,25.23563],[89.62341,25.23545],[89.62321,25.23545],[89.6232,25.23509],[89.62301,25.2351],[89.623,25.23474],[89.6228,25.23474],[89.62276,25.23312],[89.62236,25.23294],[89.62234,25.23204],[89.62215,25.23204],[89.62214,25.23186],[89.62135,25.23206],[89.62136,25.23224],[89.62076,25.23225],[89.62076,25.23207],[89.62056,25.23207],[89.62018,25.2328],[89.61978,25.23281],[89.61979,25.23299],[89.61998,25.23298],[89.61999,25.23335],[89.62019,25.23334],[89.62021,25.23424],[89.61981,25.23425],[89.61982,25.23443],[89.61962,25.23444],[89.61961,25.23425],[89.61922,25.23426],[89.61921,25.23408],[89.61901,25.23409],[89.61882,25.23445],[89.61863,25.23445],[89.61864,25.23499],[89.61884,25.23499],[89.61884,25.23535],[89.61924,25.23552],[89.61925,25.23571],[89.61945,25.2357],[89.61945,25.23588],[89.61965,25.23588],[89.61986,25.2366],[89.62026,25.23677],[89.62028,25.23749],[89.62068,25.23767],[89.62069,25.23821],[89.62109,25.23838],[89.6211,25.23874],[89.6213,25.23874],[89.6213,25.23892],[89.6217,25.23891]],[[89.62103,25.23531],[89.62083,25.23532],[89.62082,25.23478],[89.62062,25.23478],[89.6206,25.23406],[89.6208,25.23405],[89.6208,25.23387],[89.62119,25.23387],[89.62119,25.23369],[89.62159,25.23368],[89.62159,25.23386],[89.62179,25.23386],[89.6218,25.23422],[89.62199,25.23421],[89.62201,25.23475],[89.62241,25.23493],[89.62242,25.23547],[89.62162,25.23548],[89.62163,25.23566],[89.62103,25.23567],[89.62103,25.23531]]]}},{"type":"Feature","properties":{"kind":"land","ha":7.6},"geometry":{"type":"Polygon","coordinates":[[[89.6911,25.23658],[89.6911,25.2364],[89.69189,25.23638],[89.69189,25.2362],[89.69149,25.23621],[89.69148,25.23549],[89.69207,25.23548],[89.69207,25.2353],[89.69227,25.23529],[89.69226,25.23493],[89.69246,25.23493],[89.69244,25.23439],[89.69225,25.23439],[89.69221,25.23259],[89.69201,25.23259],[89.69199,25.23187],[89.69179,25.23187],[89.69179,25.23151],[89.69159,25.23152],[89.69157,25.23061],[89.69137,25.23062],[89.69136,25.23026],[89.69116,25.23026],[89.69115,25.2299],[89.69036,25.22991],[89.69037,25.23046],[89.69057,25.23045],[89.69058,25.23081],[89.69038,25.23082],[89.69039,25.23118],[89.69019,25.23118],[89.6902,25.23172],[89.6904,25.23172],[89.6904,25.2319],[89.6908,25.23189],[89.6908,25.23171],[89.69139,25.2317],[89.6914,25.23188],[89.69159,25.23188],[89.69163,25.2335],[89.69124,25.23369],[89.69127,25.23513],[89.69107,25.23514],[89.69108,25.23532],[89.69028,25.23533],[89.69008,25.23497],[89.68988,25.23498],[89.68988,25.23516],[89.68968,25.23516],[89.6899,25.23588],[89.6903,25.23605],[89.6903,25.23623],[89.6905,25.23623],[89.6905,25.23641],[89.6907,25.23641],[89.69071,25.23659],[89.6911,25.23658]]]}},{"type":"Feature","properties":{"kind":"land","ha":4.8},"geometry":{"type":"Polygon","coordinates":[[[89.58512,25.23577],[89.58509,25.23432],[89.58469,25.23451],[89.58469,25.23415],[89.58488,25.23414],[89.58487,25.23342],[89.58507,25.23342],[89.58506,25.23288],[89.58525,25.23288],[89.58524,25.23215],[89.58544,25.23215],[89.58543,25.23179],[89.58563,25.23179],[89.58561,25.23106],[89.58581,25.23106],[89.5858,25.2307],[89.586,25.2307],[89.586,25.23052],[89.5862,25.23051],[89.58619,25.23015],[89.58658,25.22996],[89.58658,25.22978],[89.58618,25.22979],[89.58599,25.23015],[89.58579,25.23016],[89.58579,25.22998],[89.58559,25.22998],[89.58558,25.22962],[89.58538,25.22962],[89.58539,25.23017],[89.585,25.23035],[89.58501,25.23089],[89.58482,25.2309],[89.58482,25.23126],[89.58462,25.23126],[89.58445,25.23235],[89.58425,25.23235],[89.5845,25.23487],[89.5847,25.23487],[89.58472,25.23559],[89.58491,25.23559],[89.58492,25.23577],[89.58512,25.23577]]]}},{"type":"Feature","properties":{"kind":"land","ha":6.8},"geometry":{"type":"Polygon","coordinates":[[[89.65845,25.23176],[89.65841,25.22995],[89.65861,25.22995],[89.65857,25.22778],[89.65876,25.22778],[89.65875,25.22706],[89.65855,25.22706],[89.65856,25.2276],[89.65817,25.22779],[89.65817,25.22797],[89.65797,25.22797],[89.65799,25.22852],[89.65759,25.2287],[89.6576,25.22888],[89.65661,25.2289],[89.65661,25.22908],[89.65621,25.22909],[89.65602,25.22945],[89.65582,25.22946],[89.65584,25.23],[89.65624,25.23017],[89.65624,25.23035],[89.65644,25.23035],[89.65644,25.23053],[89.65664,25.23052],[89.65664,25.23071],[89.65684,25.2307],[89.65685,25.23088],[89.65724,25.23088],[89.65725,25.23106],[89.65764,25.23105],[89.65765,25.23123],[89.65785,25.23123],[89.65786,25.23177],[89.65845,25.23176]]]}},{"type":"Feature","properties":{"kind":"land","ha":89.9},"geometry":{"type":"Polygon","coordinates":[[[89.61844,25.24438],[89.61864,25.24438],[89.61865,25.24474],[89.61885,25.24474],[89.61885,25.2451],[89.61925,25.24527],[89.61926,25.24545],[89.61946,25.24545],[89.61945,25.24527],[89.61965,25.24526],[89.61964,25.2449],[89.62044,25.24507],[89.62045,25.24525],[89.62025,25.24525],[89.62025,25.24561],[89.62045,25.24561],[89.62046,25.24597],[89.62086,25.24597],[89.62086,25.24615],[89.62106,25.24614],[89.62106,25.24596],[89.62145,25.24595],[89.62145,25.24577],[89.62185,25.24577],[89.62185,25.24595],[89.62264,25.24593],[89.62265,25.24611],[89.62285,25.24611],[89.62266,25.24684],[89.62207,25.24685],[89.62188,25.24721],[89.62128,25.24722],[89.62128,25.24704],[89.62108,25.24704],[89.62107,25.24668],[89.62067,25.24669],[89.62069,25.24723],[89.62088,25.24723],[89.62089,25.24759],[89.62109,25.24759],[89.6211,25.24795],[89.6215,25.24812],[89.6215,25.2483],[89.6217,25.2483],[89.62192,25.24901],[89.62211,25.24901],[89.62212,25.24937],[89.62232,25.24937],[89.62233,25.24973],[89.62253,25.24973],[89.62253,25.25009],[89.62273,25.25008],[89.62274,25.25044],[89.62294,25.25044],[89.62295,25.2508],[89.62335,25.25097],[89.62336,25.2517],[89.62356,25.25169],[89.62357,25.25205],[89.62377,25.25205],[89.62377,25.25223],[89.62397,25.25223],[89.62419,25.25331],[89.62439,25.2533],[89.6244,25.25366],[89.6246,25.25366],[89.62461,25.2542],[89.62481,25.2542],[89.62483,25.25528],[89.62503,25.25528],[89.62506,25.25672],[89.62526,25.25672],[89.6253,25.25852],[89.62549,25.25852],[89.62548,25.25798],[89.62568,25.25797],[89.62567,25.25761],[89.62587,25.25761],[89.62579,25.254],[89.62599,25.254],[89.62575,25.25183],[89.62595,25.25183],[89.62594,25.25147],[89.62554,25.25148],[89.62554,25.2513],[89.62534,25.2513],[89.62553,25.25094],[89.62573,25.25093],[89.62572,25.25075],[89.62533,25.25076],[89.62532,25.2504],[89.62572,25.25057],[89.62571,25.25003],[89.62551,25.25003],[89.62549,25.24895],[89.62529,25.24895],[89.62527,25.24805],[89.62507,25.24806],[89.62506,25.24751],[89.62486,25.24752],[89.62486,25.24734],[89.62466,25.24734],[89.62466,25.24752],[89.62426,25.24753],[89.62425,25.24699],[89.62465,25.2468],[89.62464,25.24644],[89.62444,25.24644],[89.62443,25.2459],[89.62404,25.24609],[89.62404,25.24627],[89.62384,25.24627],[89.62383,25.24573],[89.62423,25.24572],[89.62422,25.24536],[89.62382,25.24519],[89.62381,25.24501],[89.62362,25.24501],[89.62361,25.24483],[89.62341,25.24484],[89.62341,25.24448],[89.6236,25.24447],[89.6236,25.24429],[89.6234,25.2443],[89.62339,25.24375],[89.62319,25.24376],[89.62318,25.2434],[89.62278,25.24322],[89.62278,25.24304],[89.62238,25.24305],[89.62237,25.24269],[89.62277,25.24268],[89.62276,25.24232],[89.62257,25.24232],[89.62256,25.24196],[89.62176,25.2418],[89.62194,25.24107],[89.62214,25.24107],[89.62213,25.24071],[89.62194,25.24071],[89.62194,25.24089],[89.62134,25.2409],[89.62153,25.24054],[89.62193,25.24053],[89.62193,25.24035],[89.62153,25.24018],[89.62131,25.23946],[89.62111,25.23946],[89.62111,25.2391],[89.62071,25.23893],[89.6207,25.23857],[89.6203,25.23857],[89.62011,25.23894],[89.61971,25.23895],[89.61972,25.23931],[89.62032,25.2393],[89.62032,25.23948],[89.62052,25.23947],[89.62053,25.23983],[89.62093,25.24001],[89.62094,25.24037],[89.62014,25.2402],[89.61995,25.24057],[89.61955,25.24057],[89.61955,25.24075],[89.61936,25.24076],[89.61936,25.24094],[89.61896,25.24094],[89.61897,25.24131],[89.61857,25.24131],[89.61858,25.24149],[89.61798,25.2415],[89.61797,25.24096],[89.61757,25.24097],[89.61758,25.24115],[89.61738,25.24115],[89.61738,25.24097],[89.61678,25.24098],[89.61676,25.2399],[89.61696,25.2399],[89.61695,25.23972],[89.61755,25.23971],[89.61754,25.23953],[89.61834,25.23951],[89.61853,25.23915],[89.61932,25.23895],[89.61951,25.23859],[89.61971,25.23859],[89.61969,25.23786],[89.62009,25.23786],[89.62008,25.23732],[89.61988,25.23732],[89.61987,25.23696],[89.61967,25.23696],[89.61967,25.23678],[89.61947,25.23678],[89.61926,25.23607],[89.61906,25.23607],[89.61905,25.23571],[89.61865,25.23554],[89.61865,25.23536],[89.61845,25.23536],[89.61844,25.23518],[89.61805,25.23519],[89.61804,25.235],[89.61784,25.23501],[89.61784,25.23465],[89.61744,25.23447],[89.61743,25.23411],[89.61703,25.23394],[89.61702,25.23358],[89.61682,25.23358],[89.61681,25.23304],[89.61641,25.23287],[89.61641,25.23269],[89.61621,25.23269],[89.61599,25.23197],[89.61559,25.2318],[89.61558,25.23144],[89.61539,25.23144],[89.61537,25.2309],[89.61518,25.2309],[89.61537,25.23054],[89.61517,25.23054],[89.61515,25.22946],[89.61495,25.22946],[89.61491,25.22784],[89.61451,25.22767],[89.61446,25.22532],[89.61466,25.22532],[89.61465,25.22478],[89.61445,25.22478],[89.61426,25.22514],[89.61386,25.22515],[89.61368,25.22588],[89.61388,25.22587],[89.61392,25.22786],[89.61412,25.22785],[89.61413,25.2284],[89.61433,25.22839],[89.61435,25.22929],[89.61455,25.22929],[89.61456,25.23001],[89.61476,25.23001],[89.61477,25.23037],[89.61497,25.23037],[89.61497,25.23055],[89.61477,25.23055],[89.61478,25.23109],[89.61459,25.2311],[89.6146,25.232],[89.61441,25.232],[89.61442,25.23272],[89.61462,25.23272],[89.61463,25.23308],[89.61443,25.23308],[89.61449,25.23615],[89.61469,25.23615],[89.61471,25.23705],[89.61491,25.23705],[89.61493,25.23795],[89.61513,25.23794],[89.61514,25.23831],[89.61533,25.2383],[89.61534,25.23866],[89.61554,25.23866],[89.61555,25.23902],[89.61595,25.23919],[89.61617,25.24027],[89.61637,25.24027],[89.61638,25.24081],[89.61658,25.24081],[89.61659,25.24135],[89.61679,25.24134],[89.6168,25.24189],[89.617,25.24188],[89.61701,25.24224],[89.61721,25.24224],[89.61721,25.2426],[89.61741,25.2426],[89.61742,25.24296],[89.61782,25.24313],[89.61783,25.24349],[89.61823,25.24367],[89.61844,25.24438]],[[89.61822,25.24312],[89.61861,25.24312],[89.61862,25.2433],[89.61882,25.24329],[89.61862,25.24366],[89.61823,25.24367],[89.61822,25.24312]],[[89.62478,25.25293],[89.62498,25.25293],[89.62498,25.25311],[89.62478,25.25312],[89.62478,25.25293]],[[89.6245,25.24933],[89.6247,25.24933],[89.6247,25.24951],[89.6249,25.2495],[89.62491,25.24986],[89.62451,25.24987],[89.6245,25.24933]],[[89.62389,25.24844],[89.62349,25.24845],[89.62348,25.24808],[89.62308,25.24791],[89.62327,25.24755],[89.62367,25.24754],[89.62368,25.2479],[89.62407,25.24789],[89.62408,25.24825],[89.62428,25.24825],[89.62429,25.24879],[89.6239,25.2488],[89.62389,25.24844]],[[89.62247,25.24702],[89.62267,25.24702],[89.62267,25.24738],[89.62248,25.24738],[89.62247,25.24702]],[[89.62042,25.24417],[89.62082,25.24416],[89.62081,25.24398],[89.62101,25.24398],[89.62102,25.24434],[89.62063,25.24453],[89.62042,25.24417]],[[89.622,25.24378],[89.6224,25.24377],[89.62241,25.24431],[89.62201,25.24432],[89.622,25.24378]],[[89.61982,25.24382],[89.62022,25.24381],[89.62022,25.24399],[89.61982,25.244],[89.61982,25.24382]],[[89.62099,25.24307],[89.6208,25.24308],[89.62079,25.24272],[89.62118,25.24271],[89.62139,25.24307],[89.621,25.24326],[89.62099,25.24307]],[[89.6178,25.24223],[89.618,25.24223],[89.61799,25.24204],[89.61839,25.24204],[89.6184,25.2424],[89.6182,25.2424],[89.6182,25.24258],[89.61781,25.24259],[89.6178,25.24223]],[[89.61878,25.24167],[89.61898,25.24167],[89.61898,25.24149],[89.61937,25.24148],[89.61938,25.24166],[89.61957,25.24166],[89.61938,25.24202],[89.61859,25.24203],[89.61878,25.24167]]]}},{"type":"Feature","properties":{"kind":"land","ha":48.0},"geometry":{"type":"Polygon","coordinates":[[[89.58997,25.23983],[89.58996,25.23965],[89.59016,25.23965],[89.59015,25.23911],[89.59134,25.23909],[89.59134,25.23891],[89.59153,25.2389],[89.59153,25.23854],[89.59192,25.23835],[89.59191,25.23799],[89.5923,25.23781],[89.5923,25.23762],[89.5925,25.23762],[89.59248,25.2369],[89.59288,25.23671],[89.59287,25.23653],[89.59307,25.23653],[89.59304,25.23527],[89.59285,25.23527],[89.59284,25.23491],[89.59244,25.23491],[89.59243,25.23419],[89.59282,25.23401],[89.59281,25.23383],[89.59301,25.23382],[89.593,25.23328],[89.5926,25.23311],[89.5926,25.23293],[89.5924,25.23293],[89.59238,25.23221],[89.59258,25.23221],[89.59256,25.23112],[89.59276,25.23112],[89.59275,25.23076],[89.59354,25.23074],[89.59354,25.23038],[89.59334,25.23039],[89.59333,25.23003],[89.59273,25.23004],[89.59272,25.22913],[89.59291,25.22913],[89.5929,25.22859],[89.5933,25.2284],[89.59329,25.22822],[89.59349,25.22822],[89.59349,25.22804],[89.59368,25.22803],[89.59368,25.22785],[89.59447,25.22784],[89.59445,25.22694],[89.59465,25.22693],[89.59465,25.22657],[89.59484,25.22657],[89.59484,25.22621],[89.59444,25.22604],[89.59443,25.22586],[89.59423,25.22586],[89.59423,25.22568],[89.59403,25.22568],[89.59403,25.22586],[89.59384,25.22587],[89.59384,25.22623],[89.59345,25.22641],[89.59346,25.22659],[89.59286,25.2266],[89.59263,25.22516],[89.59303,25.22516],[89.59302,25.22462],[89.59262,25.22462],[89.59262,25.2248],[89.59243,25.22481],[89.59243,25.22517],[89.59204,25.22518],[89.59204,25.22554],[89.59165,25.22572],[89.59166,25.22626],[89.59146,25.22627],[89.59148,25.22717],[89.59168,25.22717],[89.59169,25.22735],[89.59129,25.22753],[89.59132,25.2288],[89.59112,25.2288],[89.59113,25.22916],[89.59093,25.22917],[89.59094,25.22971],[89.59114,25.2297],[89.59115,25.23006],[89.59135,25.23006],[89.59135,25.23042],[89.59155,25.23042],[89.59156,25.23096],[89.59137,25.23096],[89.59137,25.23114],[89.59097,25.23115],[89.59077,25.23079],[89.59057,25.2308],[89.59056,25.23062],[89.58977,25.23045],[89.58956,25.23009],[89.58917,25.23028],[89.58917,25.23046],[89.58897,25.23046],[89.58898,25.23064],[89.58918,25.23064],[89.58918,25.231],[89.58958,25.23117],[89.58959,25.23154],[89.58979,25.23153],[89.5898,25.23207],[89.5896,25.23208],[89.58961,25.23244],[89.58981,25.23243],[89.58982,25.2328],[89.58942,25.23298],[89.58943,25.23334],[89.58983,25.23352],[89.58985,25.23442],[89.59005,25.23442],[89.59003,25.23351],[89.59023,25.23351],[89.59022,25.23315],[89.59042,25.23315],[89.59041,25.2326],[89.59081,25.23278],[89.59082,25.23332],[89.59122,25.23331],[89.59142,25.23367],[89.59162,25.23367],[89.59162,25.23385],[89.59222,25.23384],[89.59223,25.23438],[89.59184,25.23456],[89.59166,25.23529],[89.59146,25.23529],[89.59146,25.23565],[89.59127,25.23566],[89.59127,25.23602],[89.59108,25.23602],[89.59106,25.2353],[89.59086,25.2353],[89.59087,25.23566],[89.59067,25.23567],[89.59067,25.23585],[89.59028,25.23586],[89.59027,25.23568],[89.59008,25.23568],[89.59006,25.23496],[89.58986,25.23496],[89.58987,25.23514],[89.58927,25.23515],[89.58927,25.23533],[89.58947,25.23533],[89.58948,25.23569],[89.58928,25.23569],[89.58929,25.23605],[89.58909,25.23606],[89.5891,25.23624],[89.5887,25.23624],[89.58849,25.23589],[89.58869,25.23588],[89.58868,25.23534],[89.58788,25.23518],[89.58768,25.23482],[89.58728,25.23483],[89.58728,25.23464],[89.58708,25.23465],[89.58707,25.23429],[89.58687,25.23429],[89.58683,25.23213],[89.58702,25.23212],[89.58702,25.23194],[89.58682,25.23195],[89.58681,25.23158],[89.58662,25.23159],[89.58662,25.23195],[89.58642,25.23195],[89.58643,25.23231],[89.58623,25.23232],[89.58625,25.23286],[89.58605,25.23286],[89.5861,25.23539],[89.5865,25.23556],[89.58651,25.2361],[89.58691,25.23628],[89.58692,25.23646],[89.58712,25.23645],[89.58712,25.23663],[89.58732,25.23663],[89.58733,25.23717],[89.58773,25.23716],[89.58793,25.23752],[89.58813,25.23752],[89.58813,25.2377],[89.58833,25.23769],[89.58834,25.23787],[89.58853,25.23787],[89.58854,25.23805],[89.58794,25.23806],[89.58794,25.23788],[89.58774,25.23789],[89.58776,25.23861],[89.58795,25.2386],[89.58797,25.23951],[89.58877,25.23967],[89.58878,25.23985],[89.58997,25.23983]],[[89.58874,25.23805],[89.58913,25.23804],[89.58914,25.2384],[89.58874,25.23841],[89.58874,25.23805]],[[89.59129,25.23674],[89.59149,25.23674],[89.5915,25.23728],[89.5913,25.23728],[89.59129,25.23674]],[[89.58809,25.23571],[89.58831,25.23643],[89.5885,25.23643],[89.58851,25.23679],[89.58812,25.2368],[89.58791,25.23644],[89.58771,25.23644],[89.58771,25.23626],[89.58751,25.23626],[89.5875,25.2359],[89.5873,25.23591],[89.5873,25.23573],[89.58809,25.23571]],[[89.5871,25.23573],[89.58689,25.23537],[89.58729,25.23537],[89.5873,25.23573],[89.5871,25.23573]]]}},{"type":"Feature","properties":{"kind":"land","ha":13.5},"geometry":{"type":"Polygon","coordinates":[[[89.69555,25.23108],[89.69553,25.23036],[89.69573,25.23036],[89.69572,25.22982],[89.69651,25.2298],[89.69649,25.22872],[89.69589,25.22873],[89.69585,25.22693],[89.69605,25.22692],[89.69602,25.22548],[89.69622,25.22548],[89.69621,25.2253],[89.69681,25.22528],[89.69681,25.22547],[89.69721,25.22546],[89.6972,25.22528],[89.6976,25.22527],[89.69758,25.22419],[89.69777,25.22418],[89.69776,25.22364],[89.69737,25.22365],[89.69737,25.22383],[89.69717,25.22383],[89.69697,25.22348],[89.69637,25.22349],[89.69599,25.22422],[89.6952,25.22441],[89.69499,25.22405],[89.6948,25.22406],[89.69478,25.22316],[89.69497,25.22315],[89.69496,25.22261],[89.69516,25.22261],[89.69515,25.22207],[89.69495,25.22207],[89.69495,25.22225],[89.69476,25.22225],[89.69477,25.2228],[89.69457,25.2228],[89.69459,25.22388],[89.69439,25.22388],[89.6944,25.22425],[89.6942,25.22425],[89.69426,25.22678],[89.69446,25.22677],[89.69447,25.22713],[89.69466,25.22713],[89.69468,25.22767],[89.69488,25.22767],[89.69488,25.22803],[89.69508,25.22802],[89.69514,25.23073],[89.69534,25.23073],[89.69535,25.23109],[89.69555,25.23108]]]}},{"type":"Feature","properties":{"kind":"land","ha":3.4},"geometry":{"type":"Polygon","coordinates":[[[89.70353,25.22408],[89.70351,25.22354],[89.70371,25.22353],[89.7037,25.22281],[89.7039,25.22281],[89.70389,25.22245],[89.70409,25.22244],[89.70408,25.22226],[89.70448,25.22244],[89.70449,25.22262],[89.70508,25.22261],[89.70507,25.22188],[89.70487,25.22189],[89.70485,25.22135],[89.70466,25.22135],[89.70463,25.22027],[89.70483,25.22026],[89.70482,25.21972],[89.70443,25.21991],[89.70424,25.22064],[89.70405,25.22064],[89.70405,25.221],[89.70386,25.221],[89.70387,25.22155],[89.70367,25.22155],[89.70368,25.22227],[89.70349,25.22227],[89.70349,25.22264],[89.7033,25.22264],[89.7033,25.223],[89.70311,25.223],[89.70313,25.22409],[89.70353,25.22408]]]}},{"type":"Feature","properties":{"kind":"land","ha":17.9},"geometry":{"type":"Polygon","coordinates":[[[89.63429,25.22443],[89.63406,25.22335],[89.63326,25.223],[89.63325,25.22264],[89.63285,25.22247],[89.63285,25.22229],[89.63245,25.22229],[89.63226,25.22266],[89.63206,25.22266],[89.63208,25.2232],[89.63188,25.22321],[89.63188,25.22339],[89.63148,25.22339],[89.63147,25.22285],[89.63107,25.22268],[89.63106,25.22232],[89.63067,25.22233],[89.63067,25.22251],[89.63047,25.22251],[89.63049,25.22305],[89.63029,25.22306],[89.63028,25.22269],[89.62988,25.22252],[89.62987,25.22234],[89.62968,25.22234],[89.62967,25.22198],[89.62947,25.22199],[89.62945,25.22108],[89.62905,25.22109],[89.62884,25.22037],[89.62844,25.2202],[89.62844,25.22002],[89.62764,25.22003],[89.62764,25.21985],[89.62724,25.21986],[89.62723,25.2195],[89.62704,25.2195],[89.62703,25.21932],[89.62664,25.21933],[89.62664,25.21951],[89.62684,25.21951],[89.62685,25.21987],[89.62704,25.21986],[89.62707,25.22095],[89.62687,25.22095],[89.62688,25.22131],[89.62628,25.22132],[89.62629,25.2215],[89.62609,25.22151],[89.62613,25.22349],[89.62653,25.22348],[89.62652,25.22312],[89.62672,25.22312],[89.62671,25.22258],[89.6269,25.22257],[89.6269,25.22239],[89.6273,25.22239],[89.62751,25.2231],[89.62791,25.22328],[89.62792,25.22364],[89.62832,25.22381],[89.62832,25.22399],[89.62852,25.22399],[89.62853,25.22417],[89.62912,25.22416],[89.62912,25.22434],[89.63012,25.22432],[89.63011,25.22396],[89.63031,25.22396],[89.63031,25.22414],[89.6311,25.22394],[89.6311,25.22412],[89.6317,25.22411],[89.63169,25.22393],[89.63348,25.2239],[89.63369,25.22426],[89.63388,25.22425],[89.63389,25.22443],[89.63429,25.22443]],[[89.63009,25.22324],[89.63029,25.22324],[89.63029,25.22342],[89.6301,25.22342],[89.63009,25.22324]],[[89.62848,25.222],[89.62868,25.222],[89.62868,25.22218],[89.62848,25.22218],[89.62848,25.222]],[[89.62727,25.22094],[89.62746,25.22094],[89.62767,25.2213],[89.62728,25.22148],[89.62727,25.22094]]]}},{"type":"Feature","properties":{"kind":"land","ha":3.1},"geometry":{"type":"Polygon","coordinates":[[[89.72032,25.22106],[89.72032,25.2207],[89.72051,25.2207],[89.72051,25.22034],[89.72071,25.22033],[89.7207,25.21997],[89.7209,25.21997],[89.72089,25.21961],[89.72069,25.21961],[89.72067,25.21871],[89.72107,25.2187],[89.72105,25.2178],[89.72124,25.2178],[89.72123,25.21708],[89.72103,25.21708],[89.72103,25.2169],[89.72063,25.21691],[89.72063,25.21709],[89.72043,25.21709],[89.72044,25.21745],[89.72024,25.21745],[89.72026,25.21818],[89.72006,25.21818],[89.72013,25.22107],[89.72032,25.22106]]]}},{"type":"Feature","properties":{"kind":"land","ha":3.4},"geometry":{"type":"Polygon","coordinates":[[[89.68639,25.2206],[89.68638,25.22042],[89.68658,25.22042],[89.68657,25.22006],[89.68637,25.22006],[89.68633,25.21826],[89.68614,25.21826],[89.68613,25.21808],[89.68633,25.21808],[89.68631,25.21717],[89.68572,25.21718],[89.68572,25.21736],[89.68552,25.21737],[89.68554,25.21809],[89.68534,25.21809],[89.68536,25.219],[89.68516,25.219],[89.68517,25.21954],[89.68537,25.21954],[89.68538,25.2199],[89.68558,25.21989],[89.68558,25.22026],[89.68578,25.22025],[89.68579,25.22061],[89.68639,25.2206]],[[89.68576,25.21899],[89.68615,25.21898],[89.68596,25.21935],[89.68576,25.21935],[89.68576,25.21899]]]}},{"type":"Feature","properties":{"kind":"land","ha":102.6},"geometry":{"type":"Polygon","coordinates":[[[89.64017,25.25807],[89.64036,25.25771],[89.64056,25.25771],[89.64056,25.25753],[89.64075,25.25752],[89.64075,25.25734],[89.64095,25.25734],[89.64095,25.25716],[89.64114,25.25715],[89.64114,25.25697],[89.64134,25.25697],[89.64133,25.25679],[89.64153,25.25679],[89.64153,25.25661],[89.64173,25.2566],[89.64172,25.25642],[89.64212,25.25642],[89.64231,25.25605],[89.64251,25.25605],[89.64251,25.25587],[89.6427,25.25586],[89.6427,25.25568],[89.6429,25.25568],[89.64289,25.2555],[89.64309,25.2555],[89.64309,25.25532],[89.64329,25.25531],[89.64328,25.25513],[89.64368,25.25512],[89.64367,25.25476],[89.64407,25.25458],[89.64406,25.2544],[89.64446,25.25439],[89.64465,25.25402],[89.64485,25.25402],[89.64484,25.25384],[89.64524,25.25383],[89.64524,25.25365],[89.64583,25.25364],[89.64582,25.25328],[89.64543,25.25329],[89.64541,25.25275],[89.64581,25.25256],[89.6458,25.25238],[89.646,25.25238],[89.64599,25.25165],[89.64579,25.25166],[89.64578,25.25112],[89.64558,25.25112],[89.64555,25.24968],[89.64535,25.24968],[89.64534,25.2495],[89.64475,25.24951],[89.64454,25.24915],[89.64415,25.24916],[89.64414,25.24898],[89.64375,25.24899],[89.64354,25.24863],[89.64334,25.24863],[89.64334,25.24845],[89.64314,25.24846],[89.64313,25.24828],[89.64294,25.24828],[89.64291,25.24684],[89.6425,25.24666],[89.6425,25.24648],[89.6423,25.24649],[89.64229,25.24612],[89.6421,25.24613],[89.64208,25.24559],[89.64189,25.24559],[89.64185,25.24379],[89.64165,25.24379],[89.64164,25.24361],[89.64125,25.24362],[89.64104,25.24326],[89.64084,25.24326],[89.64083,25.24272],[89.64123,25.24271],[89.64123,25.24289],[89.64143,25.24289],[89.64143,25.24271],[89.64202,25.2427],[89.64203,25.24288],[89.64242,25.24287],[89.64263,25.24323],[89.64283,25.24323],[89.64283,25.24341],[89.64362,25.24339],[89.64363,25.24357],[89.64403,25.24357],[89.64402,25.24339],[89.64442,25.24338],[89.64441,25.24302],[89.64461,25.24301],[89.6446,25.24247],[89.64499,25.24247],[89.6452,25.24282],[89.6454,25.24282],[89.6454,25.243],[89.6456,25.243],[89.6456,25.24318],[89.6458,25.24317],[89.64581,25.24335],[89.6466,25.24334],[89.6466,25.24316],[89.64699,25.24315],[89.64698,25.24261],[89.64658,25.24244],[89.64658,25.24226],[89.64598,25.24227],[89.64578,25.24191],[89.64558,25.24191],[89.64557,25.24155],[89.64537,25.24156],[89.64534,25.23993],[89.64514,25.23994],[89.64513,25.23976],[89.64474,25.23976],[89.64453,25.23941],[89.64414,25.23959],[89.64414,25.23977],[89.64374,25.23978],[89.64375,25.23996],[89.64335,25.23997],[89.64315,25.23961],[89.64295,25.23961],[89.64294,25.23943],[89.64275,25.23944],[89.64274,25.23926],[89.64234,25.23926],[89.64234,25.23908],[89.64175,25.23909],[89.64174,25.23873],[89.64154,25.23874],[89.64154,25.23856],[89.64094,25.23857],[89.64094,25.23875],[89.64075,25.23875],[89.64074,25.23857],[89.64035,25.23858],[89.64014,25.23822],[89.63994,25.23822],[89.63994,25.23804],[89.63974,25.23805],[89.63973,25.23751],[89.63933,25.23733],[89.63932,25.23715],[89.63813,25.23717],[89.63814,25.23772],[89.63795,25.23772],[89.63795,25.2379],[89.63755,25.23791],[89.63756,25.23809],[89.63637,25.23811],[89.63616,25.23775],[89.63596,25.23775],[89.63596,25.23757],[89.63516,25.23741],[89.63516,25.23723],[89.63476,25.23723],[89.63476,25.23705],[89.63376,25.23707],[89.63356,25.23671],[89.63336,25.23672],[89.63336,25.23654],[89.63316,25.23654],[89.63315,25.23636],[89.63295,25.23636],[89.63295,25.236],[89.63275,25.23601],[89.63275,25.23619],[89.63196,25.2362],[89.63196,25.23602],[89.63156,25.23603],[89.63155,25.23585],[89.63096,25.23586],[89.63075,25.2355],[89.63036,25.23551],[89.63035,25.23533],[89.62996,25.23533],[89.62975,25.23498],[89.62955,25.23498],[89.62955,25.2348],[89.62935,25.2348],[89.62935,25.23462],[89.62915,25.23463],[89.62914,25.23445],[89.62894,25.23445],[89.62894,25.23427],[89.62874,25.23427],[89.62874,25.23409],[89.62854,25.2341],[89.62854,25.23392],[89.62834,25.23392],[89.62812,25.2332],[89.62793,25.2332],[89.62792,25.23284],[89.62752,25.23267],[89.62751,25.23249],[89.62732,25.23249],[89.62731,25.23231],[89.62711,25.23232],[89.62711,25.23196],[89.62691,25.23196],[89.6269,25.23142],[89.6267,25.23142],[89.62669,25.23106],[89.62649,25.23106],[89.62648,25.2307],[89.62608,25.23053],[89.62587,25.22981],[89.62567,25.22982],[89.62566,25.22927],[89.62546,25.22928],[89.62545,25.22892],[89.62525,25.22892],[89.62525,25.22856],[89.62505,25.22856],[89.62504,25.22802],[89.62484,25.22803],[89.62483,25.22766],[89.62463,25.22767],[89.62462,25.22731],[89.62443,25.22731],[89.62441,25.22659],[89.62421,25.22659],[89.6242,25.22605],[89.624,25.22605],[89.62399,25.22569],[89.6238,25.2257],[89.62376,25.22425],[89.62357,25.22426],[89.62356,25.2239],[89.62336,25.2239],[89.62335,25.22354],[89.62315,25.22354],[89.62314,25.223],[89.62294,25.22301],[89.62293,25.22228],[89.62273,25.22229],[89.62272,25.22175],[89.62252,25.22175],[89.62251,25.22121],[89.62231,25.22121],[89.6223,25.22067],[89.6221,25.22067],[89.62209,25.22013],[89.62189,25.22014],[89.62188,25.21959],[89.62168,25.2196],[89.62166,25.21852],[89.62126,25.21852],[89.62126,25.21834],[89.62106,25.21835],[89.62105,25.21798],[89.62085,25.21799],[89.62084,25.21727],[89.62064,25.21727],[89.62064,25.21745],[89.62025,25.21746],[89.62024,25.21728],[89.62004,25.21728],[89.62009,25.21963],[89.62029,25.21962],[89.6203,25.22016],[89.6205,25.22016],[89.62051,25.2207],[89.62071,25.2207],[89.62072,25.22124],[89.62092,25.22124],[89.62093,25.2216],[89.62073,25.2216],[89.62077,25.2234],[89.62097,25.2234],[89.62098,25.22394],[89.62138,25.22412],[89.62138,25.2243],[89.62158,25.22429],[89.6218,25.22537],[89.622,25.22537],[89.62201,25.22591],[89.62221,25.22591],[89.62222,25.22627],[89.62242,25.22626],[89.62243,25.2268],[89.62323,25.22697],[89.62323,25.22715],[89.62343,25.22715],[89.62344,25.22751],[89.62384,25.22768],[89.62385,25.22804],[89.62404,25.22804],[89.62406,25.22876],[89.62326,25.22859],[89.62326,25.22841],[89.62286,25.22842],[89.62286,25.22824],[89.62247,25.22843],[89.62247,25.22861],[89.62267,25.22861],[89.62267,25.22879],[89.62307,25.22878],[89.62307,25.22896],[89.62347,25.22895],[89.62347,25.22913],[89.62407,25.22912],[89.62407,25.2293],[89.62467,25.22929],[89.62467,25.22947],[89.62487,25.22947],[89.62508,25.23019],[89.62528,25.23018],[89.6253,25.23127],[89.6255,25.23126],[89.62551,25.2318],[89.62571,25.2318],[89.62572,25.23234],[89.62592,25.23234],[89.62593,25.2327],[89.62633,25.23287],[89.62634,25.23323],[89.62674,25.23341],[89.62674,25.23359],[89.62694,25.23358],[89.62695,25.23376],[89.62714,25.23376],[89.62715,25.23394],[89.62735,25.23394],[89.62735,25.23412],[89.62775,25.23411],[89.62795,25.23447],[89.62815,25.23446],[89.62816,25.23464],[89.62855,25.23464],[89.62856,25.23482],[89.62895,25.23481],[89.62917,25.23553],[89.62996,25.2357],[89.62997,25.23588],[89.63036,25.23587],[89.63057,25.23623],[89.63077,25.23622],[89.63077,25.2364],[89.63097,25.2364],[89.63098,25.23658],[89.63117,25.23658],[89.63118,25.23676],[89.63197,25.23692],[89.63198,25.2371],[89.63257,25.23709],[89.63258,25.23727],[89.63297,25.23727],[89.63318,25.23762],[89.63338,25.23762],[89.63338,25.2378],[89.63358,25.2378],[89.63359,25.23798],[89.63438,25.23814],[89.63439,25.23832],[89.63498,25.23831],[89.63517,25.23795],[89.63557,25.23794],[89.63578,25.23866],[89.63618,25.23883],[89.63619,25.23901],[89.63579,25.23902],[89.6358,25.23956],[89.636,25.23956],[89.636,25.23974],[89.6364,25.23973],[89.63641,25.23991],[89.6368,25.23991],[89.63681,25.24009],[89.637,25.24008],[89.63701,25.24044],[89.63741,25.24062],[89.63742,25.2408],[89.63761,25.24079],[89.63762,25.24097],[89.63782,25.24097],[89.63782,25.24115],[89.63802,25.24115],[89.63802,25.24133],[89.63822,25.24132],[89.63823,25.24168],[89.63863,25.24186],[89.63863,25.24204],[89.63883,25.24203],[89.63884,25.24222],[89.63903,25.24221],[89.63904,25.24239],[89.63924,25.24239],[89.63924,25.24257],[89.63944,25.24257],[89.63944,25.24275],[89.63984,25.24274],[89.63985,25.2431],[89.64025,25.24327],[89.64025,25.24345],[89.64045,25.24345],[89.64045,25.24363],[89.64065,25.24363],[89.64066,25.24381],[89.64086,25.2438],[89.64087,25.24434],[89.64107,25.24434],[89.64107,25.2447],[89.64127,25.2447],[89.64129,25.24578],[89.64149,25.24578],[89.64151,25.24668],[89.64191,25.24685],[89.64192,25.24703],[89.64212,25.24703],[89.64212,25.24739],[89.64232,25.24739],[89.64233,25.24757],[89.64252,25.24756],[89.64254,25.24847],[89.64294,25.24864],[89.64295,25.24882],[89.64315,25.24882],[89.64315,25.249],[89.64256,25.24901],[89.64256,25.24937],[89.64296,25.24954],[89.64297,25.2499],[89.64258,25.25009],[89.64259,25.25045],[89.64299,25.25062],[89.64299,25.2508],[89.64319,25.2508],[89.64319,25.25098],[89.64339,25.25098],[89.6434,25.25116],[89.64359,25.25115],[89.64361,25.2517],[89.6438,25.25169],[89.64381,25.25187],[89.64361,25.25188],[89.64362,25.25224],[89.64342,25.25224],[89.64343,25.2526],[89.64303,25.25279],[89.64304,25.25297],[89.64284,25.25297],[89.64266,25.2537],[89.64226,25.25389],[89.64227,25.25407],[89.64207,25.25407],[89.64189,25.2548],[89.64149,25.25498],[89.6415,25.25534],[89.64111,25.25553],[89.64093,25.25626],[89.64053,25.25644],[89.64054,25.25662],[89.64034,25.25663],[89.64035,25.25699],[89.64015,25.25699],[89.64016,25.25735],[89.63996,25.25736],[89.63997,25.2579],[89.63977,25.2579],[89.63977,25.25808],[89.64017,25.25807]],[[89.63942,25.24166],[89.63982,25.24166],[89.63982,25.24202],[89.63963,25.24202],[89.63942,25.24166]]]}},{"type":"Feature","properties":{"kind":"land","ha":26.4},"geometry":{"type":"Polygon","coordinates":[[[89.595,25.22476],[89.59519,25.22404],[89.59539,25.22403],[89.59537,25.22313],[89.59556,25.22313],[89.59555,25.22241],[89.59575,25.2224],[89.59574,25.22186],[89.59593,25.22186],[89.59591,25.22096],[89.59611,25.22095],[89.5961,25.22041],[89.5963,25.22041],[89.59629,25.21987],[89.59649,25.21986],[89.59648,25.21932],[89.59608,25.21951],[89.59609,25.21969],[89.59529,25.2197],[89.59528,25.21916],[89.59568,25.21915],[89.59567,25.21879],[89.59527,25.2188],[89.59507,25.21844],[89.59467,25.21845],[89.59466,25.21809],[89.59447,25.21809],[89.59445,25.21755],[89.59405,25.21738],[89.59405,25.2172],[89.59425,25.21719],[89.59424,25.21665],[89.59404,25.21666],[89.59403,25.2163],[89.59344,25.21631],[89.59343,25.21613],[89.59323,25.21613],[89.59341,25.21504],[89.5938,25.21486],[89.5938,25.21468],[89.594,25.21467],[89.59399,25.21449],[89.5936,25.2145],[89.5934,25.21486],[89.59281,25.21487],[89.59281,25.21505],[89.59262,25.21506],[89.59282,25.21541],[89.59243,25.2156],[89.59243,25.21578],[89.59223,25.21579],[89.59224,25.21597],[89.59204,25.21597],[89.59205,25.21651],[89.59225,25.21651],[89.59226,25.21687],[89.59246,25.21686],[89.59246,25.21723],[89.59266,25.21722],[89.59267,25.21758],[89.59247,25.21759],[89.59248,25.21813],[89.59228,25.21813],[89.59229,25.21831],[89.59249,25.21831],[89.59251,25.21939],[89.59231,25.21939],[89.59233,25.2203],[89.59253,25.22029],[89.59255,25.22156],[89.59236,25.22156],[89.59238,25.22264],[89.59258,25.22264],[89.59259,25.22318],[89.59279,25.22318],[89.5928,25.22372],[89.593,25.22371],[89.593,25.22389],[89.59379,25.22388],[89.59379,25.2237],[89.59439,25.22369],[89.59441,25.22477],[89.595,25.22476]],[[89.59387,25.21828],[89.59407,25.21828],[89.59408,25.21864],[89.59388,25.21864],[89.59387,25.21828]]]}},{"type":"Feature","properties":{"kind":"land","ha":4.6},"geometry":{"type":"Polygon","coordinates":[[[89.59786,25.21894],[89.59785,25.21858],[89.59805,25.21857],[89.59804,25.21821],[89.59824,25.21821],[89.59823,25.21767],[89.59842,25.21766],[89.59842,25.2173],[89.59862,25.2173],[89.59861,25.21694],[89.59881,25.21693],[89.5988,25.21657],[89.599,25.21657],[89.59899,25.21621],[89.59919,25.21621],[89.59917,25.2153],[89.59937,25.2153],[89.59936,25.21494],[89.59956,25.21494],[89.59955,25.21457],[89.59975,25.21457],[89.59974,25.21421],[89.59954,25.21421],[89.59953,25.21367],[89.59973,25.21367],[89.59972,25.21313],[89.59932,25.21313],[89.59913,25.2135],[89.59873,25.21351],[89.59874,25.21369],[89.59854,25.21369],[89.59855,25.21405],[89.59874,25.21405],[89.59876,25.21495],[89.59857,25.21495],[89.59857,25.21531],[89.59837,25.21532],[89.59839,25.21622],[89.598,25.21641],[89.59802,25.21713],[89.59782,25.21713],[89.59783,25.21767],[89.59763,25.21768],[89.59766,25.21894],[89.59786,25.21894]]]}},{"type":"Feature","properties":{"kind":"land","ha":6.6},"geometry":{"type":"Polygon","coordinates":[[[89.59699,25.21552],[89.59699,25.21534],[89.59738,25.21533],[89.59738,25.21515],[89.59758,25.21515],[89.59757,25.21497],[89.59718,25.21498],[89.59716,25.21426],[89.59755,25.21407],[89.59755,25.21389],[89.59795,25.21388],[89.59792,25.21244],[89.59831,25.21225],[89.59831,25.21207],[89.5985,25.21207],[89.5985,25.2117],[89.59869,25.2117],[89.59868,25.21098],[89.59789,25.21099],[89.59789,25.21117],[89.59749,25.21118],[89.5973,25.21155],[89.5971,25.21155],[89.59711,25.21173],[89.59651,25.21174],[89.59632,25.2121],[89.59612,25.21211],[89.59613,25.21229],[89.59593,25.21229],[89.59593,25.21247],[89.59554,25.21248],[89.59555,25.2132],[89.59595,25.21319],[89.59614,25.21283],[89.59693,25.21282],[89.59695,25.21372],[89.59675,25.21372],[89.59676,25.21426],[89.59637,25.21445],[89.59638,25.21481],[89.59618,25.21481],[89.59619,25.21517],[89.59659,25.21535],[89.59659,25.21553],[89.59699,25.21552]]]}},{"type":"Feature","properties":{"kind":"land","ha":3.5},"geometry":{"type":"Polygon","coordinates":[[[89.59216,25.21218],[89.59215,25.212],[89.59235,25.21199],[89.59235,25.21181],[89.59274,25.21181],[89.59294,25.21144],[89.59333,25.21143],[89.59352,25.21107],[89.59372,25.21107],[89.59371,25.21071],[89.59391,25.2107],[89.59389,25.2098],[89.59429,25.20961],[89.59428,25.20943],[89.59448,25.20943],[89.59466,25.20834],[89.59446,25.20835],[89.59446,25.20871],[89.59427,25.20871],[89.59427,25.20889],[89.59387,25.2089],[89.59387,25.20872],[89.59367,25.20872],[89.59348,25.20909],[89.59328,25.20909],[89.59329,25.20927],[89.59309,25.20927],[89.59309,25.20945],[89.59289,25.20946],[89.5931,25.20981],[89.5933,25.20981],[89.59331,25.21017],[89.59291,25.21036],[89.59273,25.21108],[89.59234,25.21127],[89.59234,25.21145],[89.59214,25.21146],[89.59215,25.21182],[89.59176,25.212],[89.59176,25.21236],[89.59216,25.21218]]]}},{"type":"Feature","properties":{"kind":"land","ha":31.0},"geometry":{"type":"Polygon","coordinates":[[[89.65988,25.21512],[89.65968,25.21513],[89.65969,25.21567],[89.6593,25.21586],[89.6593,25.21604],[89.6591,25.21604],[89.65911,25.21622],[89.65851,25.21623],[89.65852,25.21641],[89.65832,25.21642],[89.65814,25.21714],[89.65794,25.21715],[89.65795,25.21751],[89.65775,25.21751],[89.65777,25.21859],[89.65699,25.21897],[89.657,25.21951],[89.6568,25.21951],[89.65681,25.22005],[89.65661,25.22006],[89.65662,25.22042],[89.65642,25.22042],[89.65643,25.22078],[89.65604,25.22097],[89.65604,25.22115],[89.65584,25.22115],[89.65585,25.22133],[89.65565,25.22134],[89.65566,25.2217],[89.65526,25.22189],[89.65527,25.22207],[89.65507,25.22207],[89.65508,25.22243],[89.65488,25.22243],[89.65488,25.22261],[89.65468,25.22262],[89.6547,25.22352],[89.6553,25.22351],[89.65531,25.22387],[89.6555,25.22387],[89.65549,25.22315],[89.65569,25.22314],[89.65568,25.22278],[89.65607,25.22259],[89.65625,25.22187],[89.65665,25.22168],[89.65683,25.22096],[89.65703,25.22095],[89.65702,25.22059],[89.65741,25.2204],[89.65741,25.22004],[89.6578,25.21986],[89.65779,25.21967],[89.65799,25.21967],[89.65798,25.21931],[89.65838,25.21912],[89.65856,25.2184],[89.65876,25.21839],[89.65875,25.21803],[89.65914,25.21785],[89.65914,25.21767],[89.65934,25.21766],[89.65933,25.21748],[89.65953,25.21748],[89.65952,25.21712],[89.65972,25.21711],[89.65971,25.21675],[89.65991,25.21675],[89.65991,25.21657],[89.66031,25.21656],[89.6605,25.2162],[89.66069,25.21619],[89.66069,25.21601],[89.66089,25.21601],[89.66089,25.21583],[89.66108,25.21583],[89.66108,25.21564],[89.66128,25.21564],[89.66127,25.21546],[89.66147,25.21546],[89.66147,25.21528],[89.66167,25.21527],[89.66166,25.21509],[89.66186,25.21509],[89.66185,25.21473],[89.66205,25.21472],[89.66204,25.21418],[89.66224,25.21418],[89.66223,25.21364],[89.66262,25.21345],[89.66261,25.21291],[89.66281,25.21291],[89.6628,25.21255],[89.663,25.21254],[89.66299,25.21236],[89.66339,25.21235],[89.66338,25.21217],[89.66378,25.21217],[89.66378,25.21199],[89.66437,25.21198],[89.66437,25.2118],[89.66477,25.21179],[89.66496,25.21142],[89.66515,25.21142],[89.66515,25.21106],[89.66554,25.21087],[89.66553,25.21069],[89.66573,25.21069],[89.66573,25.21051],[89.66593,25.2105],[89.66592,25.21032],[89.66612,25.21032],[89.66612,25.21014],[89.66632,25.21014],[89.6665,25.20941],[89.66689,25.20922],[89.66689,25.20904],[89.66728,25.20904],[89.66728,25.20867],[89.66767,25.20849],[89.66765,25.2074],[89.66804,25.20722],[89.66783,25.20686],[89.66763,25.20686],[89.66763,25.20668],[89.66743,25.20669],[89.66744,25.20687],[89.66664,25.20688],[89.66664,25.2067],[89.66624,25.20671],[89.66624,25.20653],[89.66564,25.20654],[89.66565,25.2069],[89.66585,25.2069],[89.66586,25.20726],[89.66606,25.20725],[89.66606,25.20743],[89.66546,25.20744],[89.66527,25.20781],[89.66508,25.20781],[89.66508,25.20799],[89.66488,25.208],[89.66489,25.20854],[89.66469,25.20854],[89.66472,25.20962],[89.66452,25.20963],[89.66453,25.20999],[89.66374,25.21018],[89.66355,25.21055],[89.66335,25.21055],[89.66335,25.21073],[89.66315,25.21073],[89.66316,25.21091],[89.66296,25.21092],[89.66296,25.2111],[89.66277,25.2111],[89.66277,25.21128],[89.66257,25.21129],[89.66258,25.21147],[89.66238,25.21147],[89.66239,25.21183],[89.66199,25.21202],[89.662,25.2122],[89.6618,25.2122],[89.66181,25.21256],[89.66141,25.21275],[89.66142,25.21293],[89.66122,25.21293],[89.66122,25.21312],[89.66102,25.21312],[89.66103,25.2133],[89.66083,25.2133],[89.66083,25.21348],[89.66064,25.21349],[89.66064,25.21385],[89.66045,25.21385],[89.66045,25.21403],[89.66025,25.21404],[89.66024,25.21349],[89.65964,25.2135],[89.65966,25.21441],[89.65986,25.2144],[89.65988,25.21512]],[[89.66626,25.20743],[89.66626,25.20761],[89.66606,25.20761],[89.66606,25.20743],[89.66626,25.20743]],[[89.65986,25.21422],[89.66006,25.21422],[89.66006,25.2144],[89.65986,25.2144],[89.65986,25.21422]],[[89.66511,25.20962],[89.66551,25.20961],[89.66552,25.20997],[89.66513,25.21016],[89.66511,25.20962]]]}},{"type":"Feature","properties":{"kind":"land","ha":123.0},"geometry":{"type":"Polygon","coordinates":[[[89.64403,25.23454],[89.64397,25.23202],[89.64357,25.23184],[89.64357,25.23166],[89.64337,25.23167],[89.64337,25.23149],[89.64317,25.23149],[89.64316,25.23131],[89.64297,25.23131],[89.64295,25.23077],[89.64276,25.23077],[89.64275,25.23059],[89.64295,25.23059],[89.64294,25.23023],[89.64274,25.23023],[89.64274,25.23005],[89.64313,25.22986],[89.64313,25.22968],[89.64412,25.22967],[89.64412,25.22949],[89.64451,25.22948],[89.64451,25.22912],[89.6447,25.22911],[89.6447,25.22893],[89.6451,25.22911],[89.64511,25.22929],[89.6453,25.22928],[89.64531,25.22947],[89.64551,25.22946],[89.64551,25.22964],[89.64571,25.22964],[89.64571,25.22982],[89.64591,25.22982],[89.64592,25.23018],[89.64632,25.23035],[89.64632,25.23053],[89.64652,25.23053],[89.64653,25.23089],[89.64673,25.23088],[89.64673,25.23106],[89.64712,25.23088],[89.64713,25.23106],[89.64752,25.23105],[89.64753,25.23141],[89.64793,25.2314],[89.64814,25.23176],[89.64833,25.23176],[89.64834,25.23194],[89.64873,25.23193],[89.64894,25.23229],[89.64914,25.23228],[89.64935,25.233],[89.64955,25.233],[89.64956,25.23336],[89.64996,25.23335],[89.64995,25.23299],[89.65015,25.23299],[89.65013,25.23227],[89.65033,25.23226],[89.65033,25.23208],[89.65013,25.23209],[89.65012,25.23173],[89.64972,25.23155],[89.64971,25.23137],[89.64892,25.23139],[89.64892,25.23121],[89.64852,25.23121],[89.64831,25.23086],[89.64792,25.23086],[89.64771,25.2305],[89.64751,25.23051],[89.64751,25.23033],[89.64731,25.23033],[89.64731,25.23015],[89.64711,25.23015],[89.6471,25.22997],[89.64691,25.22998],[89.64689,25.22944],[89.6467,25.22944],[89.64669,25.22908],[89.64649,25.22908],[89.64648,25.22872],[89.64628,25.22873],[89.64628,25.22836],[89.64608,25.22837],[89.64607,25.22783],[89.64587,25.22783],[89.64586,25.22747],[89.64546,25.2273],[89.64546,25.22712],[89.64526,25.22712],[89.64525,25.22694],[89.64505,25.22694],[89.64505,25.22676],[89.64485,25.22677],[89.64487,25.22749],[89.64447,25.22749],[89.64445,25.22659],[89.64425,25.2266],[89.64425,25.22642],[89.64345,25.22625],[89.64345,25.22607],[89.64305,25.22608],[89.64285,25.22572],[89.64265,25.22572],[89.64264,25.22554],[89.64244,25.22555],[89.64244,25.22536],[89.64204,25.22537],[89.64204,25.22519],[89.64184,25.2252],[89.64183,25.22483],[89.64164,25.22484],[89.64163,25.22466],[89.64104,25.22467],[89.64083,25.22431],[89.64063,25.22431],[89.64065,25.22504],[89.64085,25.22503],[89.64085,25.22539],[89.64105,25.22539],[89.64106,25.22575],[89.64205,25.22573],[89.64206,25.22609],[89.64167,25.22628],[89.64167,25.22646],[89.64108,25.22647],[89.64087,25.22612],[89.64067,25.22612],[89.64066,25.22558],[89.64026,25.2254],[89.64025,25.22522],[89.64006,25.22523],[89.64004,25.22433],[89.63984,25.22433],[89.63983,25.22379],[89.63963,25.22379],[89.63962,25.22343],[89.63942,25.22343],[89.63941,25.22289],[89.64001,25.22288],[89.64,25.2227],[89.6396,25.22253],[89.6396,25.22235],[89.6394,25.22235],[89.6394,25.22217],[89.6392,25.22217],[89.63919,25.22199],[89.63899,25.222],[89.63899,25.22182],[89.63879,25.22182],[89.63879,25.22164],[89.63859,25.22164],[89.63859,25.22146],[89.63779,25.2213],[89.63758,25.22094],[89.63738,25.22094],[89.63738,25.22076],[89.63718,25.22077],[89.63718,25.22059],[89.63698,25.22059],[89.63698,25.22041],[89.63678,25.22041],[89.63677,25.22023],[89.63658,25.22024],[89.63657,25.22006],[89.63637,25.22006],[89.63637,25.21988],[89.63597,25.21989],[89.63577,25.21953],[89.63517,25.21954],[89.63518,25.22008],[89.63578,25.22007],[89.63578,25.22025],[89.63618,25.22024],[89.63618,25.22042],[89.63658,25.22042],[89.63679,25.22077],[89.63698,25.22077],[89.63699,25.22095],[89.63719,25.22095],[89.63721,25.22203],[89.63661,25.22204],[89.63661,25.22186],[89.63621,25.22187],[89.63621,25.22169],[89.63601,25.22169],[89.636,25.22133],[89.63581,25.22133],[89.6358,25.22115],[89.63541,25.22116],[89.6354,25.22098],[89.63421,25.221],[89.63421,25.22082],[89.63341,25.22083],[89.63341,25.22047],[89.63261,25.22031],[89.6324,25.21995],[89.6322,25.21995],[89.6322,25.21977],[89.63161,25.21978],[89.6316,25.2196],[89.6314,25.21961],[89.6314,25.21943],[89.6318,25.21942],[89.63179,25.21924],[89.63219,25.21923],[89.63219,25.21941],[89.63279,25.2194],[89.63279,25.21958],[89.63319,25.21957],[89.63319,25.21975],[89.63359,25.21975],[89.63359,25.21993],[89.63379,25.21992],[89.63379,25.21974],[89.63438,25.21973],[89.63418,25.21938],[89.63398,25.21938],[89.63396,25.21866],[89.63356,25.21848],[89.63356,25.2183],[89.63316,25.21831],[89.63296,25.21795],[89.63276,25.21796],[89.63275,25.21778],[89.63255,25.21778],[89.63255,25.2176],[89.63235,25.2176],[89.63235,25.21742],[89.63215,25.21743],[89.63211,25.21562],[89.63171,25.21545],[89.63171,25.21527],[89.63151,25.21527],[89.63148,25.21401],[89.63187,25.21382],[89.63186,25.2131],[89.63146,25.21293],[89.63145,25.21275],[89.63126,25.21275],[89.63125,25.21257],[89.63086,25.21258],[89.63087,25.21312],[89.63047,25.2133],[89.63048,25.21349],[89.63028,25.21349],[89.63028,25.21367],[89.63009,25.21367],[89.63009,25.21385],[89.62949,25.21386],[89.6295,25.21422],[89.6297,25.21422],[89.62971,25.21476],[89.62932,25.21495],[89.62933,25.21567],[89.62974,25.21585],[89.62974,25.21621],[89.62994,25.2162],[89.62995,25.21638],[89.63034,25.21638],[89.63035,25.21656],[89.63054,25.21655],[89.63055,25.21691],[89.63075,25.21691],[89.63075,25.21709],[89.63095,25.21709],[89.63096,25.21745],[89.63116,25.21744],[89.63118,25.21853],[89.63138,25.21852],[89.63138,25.2187],[89.63119,25.21871],[89.63119,25.21889],[89.63059,25.2189],[89.63039,25.21854],[89.63019,25.21854],[89.63019,25.21836],[89.62999,25.21837],[89.62998,25.21801],[89.62958,25.21783],[89.62958,25.21765],[89.62938,25.21766],[89.62936,25.21675],[89.62916,25.21676],[89.62916,25.21694],[89.62837,25.21695],[89.62837,25.21677],[89.62797,25.21678],[89.62797,25.21696],[89.62738,25.21697],[89.62737,25.21679],[89.62718,25.21679],[89.62717,25.21643],[89.62757,25.21643],[89.62757,25.21661],[89.62816,25.21659],[89.62795,25.21588],[89.62775,25.21588],[89.62774,25.21552],[89.62814,25.21533],[89.62814,25.21551],[89.62834,25.21551],[89.62832,25.21461],[89.62852,25.2146],[89.62851,25.21424],[89.6289,25.21405],[89.6289,25.21387],[89.6291,25.21387],[89.62909,25.21333],[89.62889,25.21333],[89.62888,25.21297],[89.62848,25.2128],[89.62848,25.21262],[89.62828,25.21262],[89.62826,25.2119],[89.62846,25.2119],[89.62845,25.21154],[89.62884,25.21135],[89.62884,25.21117],[89.62904,25.21116],[89.62903,25.21062],[89.62883,25.21063],[89.62881,25.20972],[89.6292,25.20954],[89.6292,25.20936],[89.6294,25.20935],[89.62939,25.20917],[89.62959,25.20917],[89.62958,25.20845],[89.62977,25.20844],[89.62978,25.2088],[89.63038,25.20879],[89.63037,25.20825],[89.62956,25.20791],[89.62954,25.207],[89.62915,25.20701],[89.62916,25.20737],[89.62896,25.20738],[89.62897,25.20792],[89.62877,25.20792],[89.62878,25.20828],[89.62858,25.20828],[89.62862,25.21027],[89.62842,25.21027],[89.62844,25.21099],[89.62805,25.21118],[89.62805,25.21136],[89.62785,25.21137],[89.62806,25.21172],[89.62727,25.21174],[89.62727,25.21192],[89.62707,25.21192],[89.62708,25.21228],[89.62748,25.21246],[89.6275,25.21336],[89.6277,25.21335],[89.62771,25.21372],[89.62751,25.21372],[89.62751,25.2139],[89.62711,25.21391],[89.6271,25.21318],[89.6267,25.21319],[89.62671,25.21373],[89.62652,25.21374],[89.62652,25.21392],[89.62573,25.21411],[89.62573,25.21393],[89.62553,25.21393],[89.62552,25.21339],[89.62532,25.2134],[89.62531,25.21322],[89.62492,25.21322],[89.62493,25.21376],[89.62513,25.21376],[89.62513,25.21412],[89.62533,25.21412],[89.62534,25.21466],[89.62554,25.21466],[89.62555,25.21502],[89.62575,25.21501],[89.62575,25.21519],[89.62595,25.21519],[89.62596,25.21573],[89.62616,25.21573],[89.62617,25.21609],[89.62637,25.21609],[89.62637,25.21645],[89.62657,25.21644],[89.62658,25.2168],[89.62638,25.21681],[89.62639,25.21699],[89.62619,25.21699],[89.62618,25.21681],[89.62579,25.21682],[89.6258,25.21736],[89.62639,25.21735],[89.6264,25.21753],[89.62759,25.21751],[89.62779,25.21787],[89.62799,25.21786],[89.628,25.21822],[89.6284,25.21822],[89.6286,25.21857],[89.629,25.21857],[89.629,25.21875],[89.6296,25.21874],[89.6296,25.21892],[89.6298,25.21891],[89.62981,25.21927],[89.63021,25.21945],[89.63021,25.21963],[89.63101,25.21979],[89.63122,25.22015],[89.63141,25.22015],[89.63142,25.22033],[89.63182,25.22032],[89.63182,25.2205],[89.63222,25.22049],[89.63242,25.22085],[89.63262,25.22085],[89.63262,25.22103],[89.63282,25.22102],[89.63283,25.2212],[89.63303,25.2212],[89.63303,25.22138],[89.63323,25.22138],[89.63323,25.22156],[89.63343,25.22156],[89.63343,25.22174],[89.63363,25.22173],[89.63364,25.22191],[89.63383,25.22191],[89.63384,25.22209],[89.63404,25.22209],[89.63404,25.22227],[89.63424,25.22226],[89.63424,25.22244],[89.63523,25.22243],[89.63524,25.22261],[89.63563,25.2226],[89.63564,25.22278],[89.63604,25.22277],[89.63624,25.22313],[89.63664,25.22312],[89.63643,25.22276],[89.63683,25.22276],[89.63683,25.22294],[89.63703,25.22293],[89.63704,25.2233],[89.63665,25.22348],[89.63666,25.2242],[89.63686,25.2242],[89.63686,25.22438],[89.63726,25.22419],[89.63725,25.22401],[89.63765,25.22401],[89.63786,25.22436],[89.63805,25.22436],[89.63806,25.22454],[89.63865,25.22453],[89.63866,25.22489],[89.63807,25.2249],[89.63787,25.22527],[89.63768,25.22527],[89.63768,25.22545],[89.63748,25.22545],[89.63749,25.22563],[89.6363,25.22566],[89.63629,25.22547],[89.6357,25.22549],[89.6357,25.22567],[89.63471,25.22568],[89.63471,25.22586],[89.63412,25.22587],[89.63412,25.22606],[89.63373,25.22606],[89.63352,25.2257],[89.63312,25.22571],[89.63312,25.22553],[89.63292,25.22554],[89.63292,25.22572],[89.63273,25.22572],[89.63273,25.22608],[89.63214,25.22609],[89.63214,25.22627],[89.63294,25.22644],[89.63295,25.22716],[89.63315,25.22716],[89.63315,25.22697],[89.63355,25.22697],[89.63354,25.22679],[89.63453,25.22677],[89.63453,25.22659],[89.63493,25.22658],[89.63492,25.2264],[89.63572,25.22639],[89.63591,25.22602],[89.6369,25.22601],[89.63689,25.22583],[89.63729,25.22582],[89.6373,25.226],[89.63809,25.22598],[89.63808,25.2258],[89.63868,25.22579],[89.63868,25.22597],[89.63908,25.22597],[89.63909,25.22633],[89.63949,25.2265],[89.63949,25.22668],[89.64048,25.22666],[89.64069,25.22702],[89.64109,25.22701],[89.64109,25.22719],[89.64129,25.22719],[89.64129,25.22737],[89.64169,25.22736],[89.6417,25.22772],[89.6421,25.2279],[89.64211,25.22862],[89.64231,25.22862],[89.64232,25.22898],[89.64252,25.22897],[89.64253,25.22951],[89.64194,25.22953],[89.64173,25.22917],[89.64153,25.22917],[89.64153,25.22899],[89.64133,25.22899],[89.64132,25.22881],[89.64093,25.22882],[89.64072,25.22846],[89.64013,25.22847],[89.64012,25.22829],[89.63933,25.22831],[89.63895,25.22904],[89.63835,25.22905],[89.63836,25.22923],[89.63816,25.22923],[89.63815,25.22905],[89.63716,25.22907],[89.63696,25.22871],[89.63676,25.22872],[89.63675,25.22853],[89.63556,25.22856],[89.63556,25.22838],[89.63516,25.22838],[89.63516,25.2282],[89.63457,25.22821],[89.63436,25.22786],[89.63277,25.22788],[89.63278,25.22806],[89.63218,25.22808],[89.63239,25.22843],[89.63357,25.22823],[89.63378,25.22859],[89.63398,25.22858],[89.63398,25.22876],[89.63438,25.22876],[89.63438,25.22894],[89.63558,25.2291],[89.63578,25.22945],[89.63598,25.22945],[89.63598,25.22963],[89.63618,25.22963],[89.63619,25.22981],[89.63639,25.22981],[89.63639,25.22999],[89.63659,25.22998],[89.63661,25.23106],[89.63582,25.23108],[89.63582,25.23126],[89.63542,25.23127],[89.63542,25.23109],[89.63522,25.23109],[89.6352,25.23019],[89.635,25.23019],[89.635,25.23001],[89.63381,25.23003],[89.63381,25.23021],[89.63421,25.2302],[89.63422,25.23057],[89.63402,25.23057],[89.63402,25.23075],[89.63343,25.23076],[89.63322,25.2304],[89.63342,25.2304],[89.63342,25.23022],[89.63262,25.23023],[89.63262,25.23005],[89.63222,25.23006],[89.63222,25.22988],[89.63182,25.22989],[89.63162,25.22953],[89.63142,25.22953],[89.63141,25.22935],[89.63102,25.22936],[89.63101,25.22918],[89.63042,25.22919],[89.63042,25.22901],[89.62963,25.2292],[89.62962,25.22902],[89.62942,25.22903],[89.62944,25.22975],[89.62964,25.22974],[89.62965,25.23011],[89.62984,25.2301],[89.62985,25.23028],[89.63005,25.23028],[89.63005,25.23064],[89.63025,25.23064],[89.63026,25.23082],[89.63105,25.23062],[89.63125,25.23098],[89.63145,25.23098],[89.63145,25.23116],[89.63165,25.23115],[89.63166,25.23133],[89.63185,25.23133],[89.63186,25.23169],[89.63226,25.23168],[89.63226,25.23186],[89.63345,25.23184],[89.63366,25.2322],[89.63425,25.23219],[89.63426,25.23237],[89.63585,25.23252],[89.63585,25.2327],[89.63645,25.23269],[89.63645,25.23287],[89.63724,25.23286],[89.63725,25.23304],[89.63765,25.23303],[89.63765,25.23321],[89.63805,25.2332],[89.63805,25.23339],[89.63845,25.23338],[89.63865,25.23374],[89.63945,25.23372],[89.63945,25.2339],[89.63985,25.23389],[89.63985,25.23407],[89.64144,25.23423],[89.64145,25.23441],[89.64184,25.2344],[89.64185,25.23458],[89.64363,25.23455],[89.64364,25.23473],[89.64403,25.23454]],[[89.64123,25.23369],[89.64024,25.23371],[89.64024,25.23353],[89.64004,25.23353],[89.64003,25.23317],[89.64083,25.23334],[89.64083,25.23352],[89.64182,25.2335],[89.64183,25.23386],[89.64124,25.23387],[89.64123,25.23369]],[[89.6436,25.23329],[89.6438,25.23328],[89.64381,25.23364],[89.64361,25.23365],[89.6436,25.23329]],[[89.63803,25.23248],[89.63843,25.23248],[89.63843,25.23266],[89.63863,25.23265],[89.63863,25.23283],[89.63824,25.23284],[89.63803,25.23248]],[[89.64001,25.23245],[89.63962,25.23245],[89.63961,25.23227],[89.63942,25.23228],[89.63941,25.23192],[89.63901,25.23174],[89.639,25.23156],[89.63821,25.2314],[89.638,25.23104],[89.6378,25.23104],[89.6378,25.23086],[89.6376,25.23087],[89.63759,25.23033],[89.63798,25.23014],[89.63798,25.22996],[89.63817,25.22995],[89.63817,25.22977],[89.63916,25.22976],[89.63935,25.22939],[89.63955,25.22939],[89.63955,25.22921],[89.63994,25.2292],[89.63995,25.22938],[89.64054,25.22937],[89.64075,25.22973],[89.64095,25.22972],[89.64095,25.2299],[89.64115,25.2299],[89.64115,25.23008],[89.64135,25.23008],[89.64136,25.23026],[89.64155,25.23025],[89.64156,25.23062],[89.64196,25.23079],[89.64197,25.23097],[89.64216,25.23097],[89.64217,25.23115],[89.64257,25.23114],[89.64257,25.23132],[89.64277,25.23132],[89.64279,25.2324],[89.6416,25.23242],[89.64161,25.2326],[89.64081,25.23261],[89.64082,25.23279],[89.64022,25.2328],[89.64001,25.23245]],[[89.63782,25.23195],[89.63802,25.23194],[89.63802,25.23212],[89.63782,25.23213],[89.63782,25.23195]],[[89.64269,25.22789],[89.64289,25.22788],[89.6429,25.22824],[89.6427,25.22825],[89.64269,25.22789]],[[89.64346,25.22679],[89.64386,25.22678],[89.64386,25.22696],[89.64347,25.22697],[89.64346,25.22679]],[[89.63723,25.22311],[89.63763,25.2231],[89.63764,25.22347],[89.63724,25.22347],[89.63723,25.22311]],[[89.63602,25.22205],[89.63602,25.22223],[89.63583,25.22223],[89.63582,25.22205],[89.63602,25.22205]],[[89.63542,25.22206],[89.63522,25.2217],[89.63482,25.22171],[89.63481,25.22135],[89.63521,25.22134],[89.63521,25.22152],[89.63561,25.22152],[89.63562,25.2217],[89.63581,25.22169],[89.63582,25.22205],[89.63542,25.22206]],[[89.63442,25.22136],[89.63441,25.22118],[89.63481,25.22117],[89.63481,25.22135],[89.63442,25.22136]],[[89.63114,25.21654],[89.63074,25.21655],[89.63073,25.21601],[89.63133,25.216],[89.63132,25.21582],[89.63152,25.21581],[89.63154,25.21672],[89.63114,25.21672],[89.63114,25.21654]]]}},{"type":"Feature","properties":{"kind":"land","ha":3.2},"geometry":{"type":"Polygon","coordinates":[[[89.60297,25.20747],[89.60296,25.20711],[89.60316,25.20711],[89.60295,25.20675],[89.60276,25.20676],[89.60275,25.20658],[89.60255,25.20658],[89.60255,25.2064],[89.60275,25.2064],[89.60274,25.20603],[89.60294,25.20603],[89.60294,25.20585],[89.60313,25.20585],[89.60312,25.20531],[89.60351,25.20512],[89.60351,25.20494],[89.60411,25.20493],[89.6041,25.20475],[89.6045,25.20474],[89.60429,25.20438],[89.60409,25.20439],[89.60409,25.20421],[89.60369,25.20421],[89.60369,25.20403],[89.60329,25.20404],[89.6033,25.2044],[89.60291,25.20459],[89.60291,25.20477],[89.60271,25.20477],[89.60272,25.20495],[89.60252,25.20496],[89.60253,25.2055],[89.60233,25.2055],[89.60235,25.20622],[89.60215,25.20623],[89.60216,25.20659],[89.60196,25.20659],[89.60197,25.20731],[89.60237,25.2073],[89.60237,25.20749],[89.60297,25.20747]]]}},{"type":"Feature","properties":{"kind":"land","ha":24.4},"geometry":{"type":"Polygon","coordinates":[[[89.71101,25.21239],[89.711,25.21221],[89.7108,25.21221],[89.71079,25.21185],[89.71039,25.21168],[89.71039,25.2115],[89.70999,25.21151],[89.71,25.21169],[89.7098,25.21169],[89.70981,25.21223],[89.71001,25.21223],[89.71003,25.21295],[89.71083,25.2133],[89.71083,25.21366],[89.71124,25.21383],[89.71124,25.21401],[89.71163,25.21382],[89.71162,25.21328],[89.71182,25.21328],[89.71202,25.21364],[89.71222,25.21363],[89.71223,25.21381],[89.71243,25.21381],[89.71243,25.21417],[89.71263,25.21417],[89.71264,25.21435],[89.71204,25.21436],[89.71205,25.21472],[89.71284,25.2147],[89.71285,25.21488],[89.71304,25.21488],[89.71303,25.21434],[89.71323,25.21434],[89.71321,25.21361],[89.71341,25.21361],[89.71339,25.21235],[89.71358,25.21234],[89.71358,25.21198],[89.71377,25.21198],[89.71375,25.21072],[89.71394,25.21071],[89.71394,25.21035],[89.71413,25.21035],[89.7141,25.2089],[89.7143,25.2089],[89.71429,25.20854],[89.71449,25.20854],[89.71447,25.20781],[89.71467,25.20781],[89.71466,25.20727],[89.71486,25.20727],[89.71485,25.20691],[89.71505,25.2069],[89.71504,25.20636],[89.71524,25.20636],[89.71523,25.20618],[89.71503,25.20618],[89.71502,25.20564],[89.71482,25.20564],[89.71482,25.20546],[89.71443,25.20565],[89.71461,25.20492],[89.715,25.20474],[89.71499,25.20438],[89.71459,25.2042],[89.71459,25.20402],[89.71439,25.20403],[89.7144,25.20457],[89.71401,25.20457],[89.714,25.20421],[89.7142,25.20421],[89.71417,25.20313],[89.71377,25.20295],[89.71356,25.20224],[89.71336,25.20224],[89.71334,25.20134],[89.71255,25.20153],[89.71276,25.20189],[89.71256,25.20189],[89.71258,25.20298],[89.71298,25.20315],[89.71299,25.20333],[89.71318,25.20333],[89.71323,25.20531],[89.71303,25.20531],[89.71305,25.20622],[89.71285,25.20622],[89.71286,25.20676],[89.71267,25.20677],[89.71268,25.20749],[89.71308,25.20766],[89.71309,25.20802],[89.71289,25.20802],[89.7129,25.20857],[89.71271,25.20857],[89.71271,25.20893],[89.71232,25.20912],[89.71235,25.21056],[89.71255,25.21056],[89.71256,25.2111],[89.71276,25.2111],[89.71277,25.21164],[89.71238,25.21182],[89.71239,25.212],[89.71199,25.21201],[89.71198,25.21183],[89.71179,25.21183],[89.71178,25.21147],[89.71158,25.21148],[89.7116,25.2122],[89.7114,25.2122],[89.7114,25.21238],[89.71101,25.21239]],[[89.7116,25.21238],[89.71162,25.2131],[89.71142,25.21311],[89.7114,25.21238],[89.7116,25.21238]],[[89.71389,25.20819],[89.71409,25.20818],[89.71409,25.20836],[89.71389,25.20837],[89.71389,25.20819]]]}},{"type":"Feature","properties":{"kind":"land","ha":4.4},"geometry":{"type":"Polygon","coordinates":[[[89.60768,25.20523],[89.60768,25.20505],[89.60808,25.20504],[89.60807,25.20486],[89.60827,25.20485],[89.60828,25.20522],[89.60848,25.20521],[89.60867,25.20485],[89.60887,25.20484],[89.60885,25.20412],[89.60865,25.20413],[89.60865,25.20395],[89.60825,25.20395],[89.60825,25.20377],[89.60785,25.20378],[89.60785,25.2036],[89.60725,25.20361],[89.60705,25.20325],[89.60685,25.20325],[89.60684,25.20307],[89.60585,25.20309],[89.60586,25.20345],[89.60566,25.20346],[89.60568,25.20418],[89.60607,25.20417],[89.60628,25.20453],[89.60707,25.20451],[89.60708,25.20469],[89.60728,25.20469],[89.60729,25.20523],[89.60768,25.20523]]]}},{"type":"Feature","properties":{"kind":"land","ha":126.3},"geometry":{"type":"Polygon","coordinates":[[[89.60889,25.23372],[89.60887,25.23282],[89.60867,25.23282],[89.60866,25.23228],[89.60826,25.23211],[89.60825,25.23175],[89.60785,25.23158],[89.60784,25.23139],[89.60765,25.2314],[89.60764,25.23122],[89.60744,25.23122],[89.60744,25.23104],[89.60724,25.23104],[89.60723,25.23068],[89.60683,25.23051],[89.60682,25.22979],[89.60662,25.22979],[89.60661,25.22943],[89.60641,25.22943],[89.6066,25.22907],[89.6068,25.22907],[89.60679,25.22835],[89.60699,25.22834],[89.60696,25.22726],[89.60716,25.22726],[89.60715,25.22671],[89.60735,25.22671],[89.60733,25.22581],[89.60753,25.22581],[89.60752,25.22544],[89.60772,25.22544],[89.60771,25.22508],[89.60791,25.22508],[89.6079,25.22472],[89.6081,25.22471],[89.60807,25.22327],[89.60827,25.22327],[89.60826,25.2229],[89.60846,25.2229],[89.60845,25.22254],[89.60885,25.22253],[89.60886,25.22325],[89.60866,25.22326],[89.60867,25.22344],[89.60887,25.22343],[89.60888,25.22416],[89.60848,25.22416],[89.60851,25.22525],[89.60831,25.22525],[89.60832,25.22597],[89.60813,25.22597],[89.60813,25.22634],[89.60833,25.22633],[89.60852,25.22597],[89.60872,25.22596],[89.60872,25.22578],[89.60892,25.22578],[89.60891,25.2256],[89.60911,25.2256],[89.60909,25.22487],[89.60929,25.22487],[89.60927,25.22397],[89.60947,25.22397],[89.60944,25.2227],[89.61004,25.22269],[89.61004,25.22287],[89.61044,25.22287],[89.61044,25.22269],[89.61064,25.22268],[89.61062,25.22214],[89.61043,25.22214],[89.61042,25.22178],[89.61062,25.22178],[89.61061,25.22142],[89.61081,25.22142],[89.6108,25.22105],[89.611,25.22105],[89.61099,25.22069],[89.61119,25.22069],[89.61118,25.22033],[89.61138,25.22032],[89.61137,25.21978],[89.61157,25.21978],[89.61155,25.21906],[89.61195,25.21905],[89.61194,25.21887],[89.61214,25.21886],[89.61232,25.21814],[89.61252,25.21814],[89.61251,25.21778],[89.61291,25.21759],[89.6129,25.21723],[89.6131,25.21722],[89.61309,25.21668],[89.61328,25.21668],[89.61327,25.21614],[89.61347,25.21613],[89.61346,25.21559],[89.61366,25.21559],[89.61364,25.21487],[89.61384,25.21486],[89.61383,25.2145],[89.61403,25.2145],[89.61403,25.21432],[89.61423,25.21432],[89.61422,25.21395],[89.61461,25.21377],[89.61479,25.21304],[89.61499,25.21304],[89.61498,25.21268],[89.61518,25.21267],[89.61515,25.21105],[89.61495,25.21105],[89.61494,25.21051],[89.61514,25.21051],[89.61508,25.20798],[89.61488,25.20799],[89.61488,25.20763],[89.61508,25.20762],[89.61506,25.20708],[89.61447,25.20709],[89.61425,25.20637],[89.61385,25.2062],[89.61385,25.20584],[89.61345,25.20567],[89.61344,25.20548],[89.61324,25.20549],[89.61322,25.20441],[89.61361,25.20422],[89.61361,25.20404],[89.61381,25.20403],[89.6138,25.20385],[89.614,25.20385],[89.61399,25.20331],[89.61379,25.20331],[89.61378,25.20295],[89.61359,25.20296],[89.61358,25.20259],[89.61318,25.20242],[89.61317,25.20224],[89.61298,25.20224],[89.61297,25.20206],[89.61277,25.20207],[89.61277,25.20189],[89.61257,25.20189],[89.61255,25.20099],[89.61275,25.20098],[89.61274,25.20026],[89.61254,25.20027],[89.61253,25.19991],[89.61233,25.19991],[89.61233,25.19973],[89.61193,25.19974],[89.61194,25.20028],[89.61174,25.20028],[89.61176,25.201],[89.61137,25.20119],[89.61137,25.20137],[89.61117,25.20137],[89.6112,25.20264],[89.6116,25.20281],[89.61158,25.20209],[89.61198,25.20208],[89.61198,25.20226],[89.61218,25.20226],[89.6122,25.20316],[89.61181,25.20335],[89.61181,25.20317],[89.61161,25.20317],[89.61161,25.20335],[89.61141,25.20335],[89.61144,25.20444],[89.61124,25.20444],[89.61126,25.20534],[89.61106,25.20535],[89.61107,25.20571],[89.61087,25.20571],[89.61088,25.20643],[89.61128,25.20661],[89.61131,25.20787],[89.61111,25.20787],[89.61113,25.20877],[89.61074,25.20878],[89.61075,25.20932],[89.60996,25.2097],[89.60997,25.21024],[89.61017,25.21024],[89.61018,25.2106],[89.60979,25.21078],[89.60979,25.21096],[89.60959,25.21097],[89.6096,25.21115],[89.6094,25.21115],[89.6096,25.21151],[89.60901,25.21152],[89.60901,25.2117],[89.60881,25.2117],[89.60884,25.21297],[89.60904,25.21296],[89.60906,25.21387],[89.60886,25.21387],[89.60885,25.21333],[89.60845,25.21315],[89.60846,25.2137],[89.60826,25.2137],[89.60827,25.21406],[89.60847,25.21406],[89.60849,25.21496],[89.60769,25.21497],[89.60772,25.21605],[89.60752,25.21606],[89.60753,25.21642],[89.60733,25.21642],[89.60717,25.21823],[89.60677,25.21842],[89.60659,25.21914],[89.60639,25.21915],[89.6064,25.21951],[89.6062,25.21951],[89.60621,25.22005],[89.60641,25.22005],[89.60643,25.22077],[89.60663,25.22077],[89.60663,25.22095],[89.60603,25.22096],[89.60604,25.22132],[89.60584,25.22132],[89.60586,25.22186],[89.60605,25.22186],[89.60606,25.22222],[89.60566,25.22223],[89.60568,25.22277],[89.60548,25.22277],[89.60549,25.22313],[89.60529,25.22314],[89.6053,25.2235],[89.6051,25.2235],[89.6051,25.22386],[89.60491,25.22387],[89.60491,25.22423],[89.60472,25.22423],[89.60472,25.22459],[89.60433,25.22478],[89.60433,25.22496],[89.60414,25.22496],[89.60418,25.22695],[89.60438,25.22694],[89.60438,25.2273],[89.60419,25.22731],[89.60419,25.22749],[89.60439,25.22748],[89.6044,25.22803],[89.60361,25.22804],[89.60361,25.2284],[89.60381,25.2284],[89.60382,25.22858],[89.60461,25.22856],[89.60462,25.22911],[89.60502,25.22928],[89.60503,25.22946],[89.60522,25.22946],[89.60523,25.22964],[89.60543,25.22963],[89.60543,25.22999],[89.60583,25.22999],[89.60604,25.23034],[89.60623,25.23034],[89.60624,25.23052],[89.60644,25.23052],[89.60644,25.23088],[89.60685,25.23105],[89.60685,25.23123],[89.60705,25.23123],[89.60706,25.23159],[89.60725,25.23159],[89.60726,25.23195],[89.60766,25.23212],[89.60767,25.2323],[89.60786,25.2323],[89.60787,25.23248],[89.60807,25.23247],[89.60807,25.23283],[89.60788,25.23284],[89.60788,25.23302],[89.60828,25.23301],[89.60828,25.23319],[89.60848,25.23319],[89.60849,25.23355],[89.60868,25.23355],[89.60869,25.23373],[89.60889,25.23372]],[[89.60575,25.22602],[89.60594,25.22601],[89.60595,25.22619],[89.60615,25.22619],[89.60615,25.22655],[89.60576,25.22656],[89.60575,25.22602]],[[89.60589,25.22367],[89.60609,25.22366],[89.6061,25.22403],[89.6059,25.22403],[89.60589,25.22367]],[[89.6094,25.22054],[89.60943,25.2218],[89.60903,25.22199],[89.60904,25.22235],[89.60884,25.22235],[89.60882,25.22145],[89.60902,25.22145],[89.60901,25.22073],[89.6092,25.22072],[89.6092,25.22054],[89.6094,25.22054]],[[89.609,25.22054],[89.609,25.22036],[89.6092,25.22036],[89.6092,25.22054],[89.609,25.22054]],[[89.60803,25.22164],[89.60843,25.22164],[89.60844,25.222],[89.60824,25.222],[89.60803,25.22164]],[[89.6096,25.22089],[89.6098,25.22089],[89.60981,25.22125],[89.60961,25.22126],[89.6096,25.22089]],[[89.60959,25.22017],[89.60999,25.22017],[89.61,25.22071],[89.6096,25.22071],[89.60959,25.22017]],[[89.60919,25.21982],[89.60938,25.21982],[89.60939,25.22018],[89.60919,25.22018],[89.60919,25.22],[89.60879,25.22001],[89.60878,25.21965],[89.60918,25.21964],[89.60919,25.21982]],[[89.60917,25.2191],[89.60957,25.21909],[89.60957,25.21945],[89.60977,25.21945],[89.60978,25.21963],[89.60918,25.21964],[89.60917,25.2191]],[[89.60659,25.21932],[89.60699,25.21932],[89.607,25.2195],[89.6068,25.2195],[89.6068,25.21986],[89.60661,25.21986],[89.60659,25.21932]],[[89.61016,25.2189],[89.61055,25.21889],[89.61057,25.21943],[89.61017,25.21944],[89.61016,25.2189]],[[89.60876,25.21856],[89.60856,25.21857],[89.60854,25.21766],[89.60894,25.21766],[89.60896,25.21874],[89.60877,25.21874],[89.60876,25.21856]],[[89.60814,25.21749],[89.60834,25.21749],[89.60835,25.21767],[89.60815,25.21767],[89.60814,25.21749]],[[89.61129,25.21635],[89.61149,25.21635],[89.61148,25.21599],[89.61188,25.2158],[89.61187,25.21544],[89.61227,25.21543],[89.61228,25.21597],[89.61208,25.21598],[89.61209,25.21634],[89.61189,25.21634],[89.6119,25.2167],[89.6117,25.21671],[89.6117,25.21689],[89.61131,25.21689],[89.61129,25.21635]],[[89.61108,25.21581],[89.61128,25.21581],[89.61129,25.21617],[89.61109,25.21618],[89.61108,25.21581]],[[89.60829,25.21514],[89.60869,25.21514],[89.60868,25.21477],[89.60888,25.21477],[89.60889,25.21531],[89.60909,25.21531],[89.6091,25.21567],[89.6085,25.21568],[89.60851,25.21586],[89.60811,25.21587],[89.60829,25.21514]],[[89.61107,25.21509],[89.61087,25.2151],[89.61086,25.21474],[89.61126,25.21491],[89.61127,25.21527],[89.61107,25.21527],[89.61107,25.21509]],[[89.61246,25.21507],[89.61226,25.21507],[89.61225,25.21489],[89.61245,25.21489],[89.61246,25.21507]],[[89.61245,25.21453],[89.61264,25.21452],[89.61263,25.21398],[89.61283,25.21398],[89.61282,25.21362],[89.61322,25.21343],[89.61321,25.21307],[89.61341,25.21307],[89.6134,25.21289],[89.6136,25.21288],[89.61361,25.21342],[89.61341,25.21343],[89.61342,25.21379],[89.61322,25.21379],[89.61323,25.21433],[89.61284,25.21452],[89.61285,25.2147],[89.61265,25.2147],[89.61265,25.21488],[89.61245,25.21489],[89.61245,25.21453]],[[89.60967,25.21458],[89.60947,25.21458],[89.60945,25.21386],[89.60926,25.21386],[89.60925,25.21368],[89.60945,25.21368],[89.60944,25.21332],[89.60984,25.21331],[89.60985,25.21367],[89.60965,25.21367],[89.60965,25.21385],[89.60985,25.21385],[89.60987,25.21475],[89.60967,25.21476],[89.60967,25.21458]],[[89.61003,25.21313],[89.61023,25.21312],[89.61024,25.2133],[89.61004,25.21331],[89.61003,25.21313]],[[89.613,25.21271],[89.6132,25.21271],[89.6132,25.21289],[89.61301,25.21289],[89.613,25.21271]],[[89.61259,25.21218],[89.61239,25.21218],[89.61239,25.21182],[89.61318,25.21199],[89.61319,25.21235],[89.6126,25.21236],[89.61259,25.21218]],[[89.61217,25.21074],[89.61236,25.21074],[89.61237,25.2111],[89.61198,25.21111],[89.61217,25.21074]],[[89.61157,25.21093],[89.61138,25.21094],[89.61137,25.21058],[89.61157,25.21057],[89.61157,25.21093]],[[89.61156,25.21021],[89.61096,25.21022],[89.61096,25.20986],[89.61195,25.20984],[89.61196,25.21056],[89.61157,25.21057],[89.61156,25.21021]],[[89.61254,25.20983],[89.61274,25.20983],[89.61275,25.21019],[89.61255,25.21019],[89.61254,25.20983]],[[89.61233,25.20929],[89.61253,25.20929],[89.61254,25.20965],[89.61214,25.20966],[89.61233,25.20929]],[[89.61349,25.20783],[89.61329,25.20783],[89.61329,25.20747],[89.61368,25.20747],[89.61369,25.20801],[89.6135,25.20801],[89.61349,25.20783]],[[89.61247,25.20622],[89.61227,25.20623],[89.61225,25.20551],[89.61285,25.2055],[89.61285,25.20568],[89.61305,25.20567],[89.61306,25.20603],[89.61286,25.20604],[89.61287,25.20658],[89.61267,25.20658],[89.61247,25.20622]],[[89.61164,25.20479],[89.61184,25.20479],[89.61183,25.20443],[89.61223,25.20442],[89.61223,25.2046],[89.61243,25.2046],[89.61244,25.20496],[89.61224,25.20496],[89.61224,25.20515],[89.61185,25.20515],[89.61164,25.20479]]]}},{"type":"Feature","properties":{"kind":"land","ha":7.2},"geometry":{"type":"Polygon","coordinates":[[[89.7108,25.20319],[89.71099,25.20283],[89.71139,25.20282],[89.71138,25.20264],[89.71158,25.20263],[89.71157,25.20227],[89.71197,25.20209],[89.71196,25.2019],[89.71216,25.2019],[89.71216,25.20172],[89.71236,25.20172],[89.71235,25.20154],[89.71255,25.20153],[89.71254,25.20117],[89.71274,25.20117],[89.71274,25.20099],[89.71293,25.20098],[89.71292,25.20044],[89.71272,25.20045],[89.71272,25.20009],[89.71252,25.20009],[89.71249,25.19901],[89.71269,25.199],[89.71268,25.19864],[89.71288,25.19864],[89.71286,25.19756],[89.71246,25.19756],[89.71248,25.19847],[89.71228,25.19847],[89.71232,25.19991],[89.71192,25.2001],[89.71193,25.20028],[89.71173,25.20028],[89.71173,25.20047],[89.71114,25.20048],[89.71095,25.20084],[89.71075,25.20084],[89.71075,25.20102],[89.71056,25.20103],[89.71056,25.20121],[89.71036,25.20121],[89.71036,25.20139],[89.71017,25.2014],[89.71017,25.20158],[89.70997,25.20158],[89.70979,25.20231],[89.70959,25.20231],[89.70961,25.20303],[89.71,25.20302],[89.71001,25.2032],[89.7108,25.20319]]]}},{"type":"Feature","properties":{"kind":"land","ha":4.9},"geometry":{"type":"Polygon","coordinates":[[[89.60108,25.20245],[89.60107,25.20191],[89.60146,25.20173],[89.60145,25.20154],[89.60186,25.20172],[89.60186,25.2019],[89.60226,25.20189],[89.60225,25.20153],[89.60264,25.20152],[89.60264,25.20134],[89.60284,25.20134],[89.60282,25.20026],[89.60262,25.20026],[89.6026,25.19954],[89.60201,25.19955],[89.602,25.19937],[89.60121,25.19938],[89.60123,25.20011],[89.60103,25.20011],[89.60104,25.20047],[89.60064,25.20066],[89.60065,25.20084],[89.60025,25.20084],[89.60026,25.20121],[89.60006,25.20121],[89.60006,25.20139],[89.60026,25.20139],[89.60027,25.20175],[89.60047,25.20174],[89.60047,25.20192],[89.60067,25.20192],[89.60068,25.20228],[89.60088,25.20228],[89.60088,25.20246],[89.60108,25.20245]],[[89.60204,25.20117],[89.60184,25.20118],[89.60184,25.20082],[89.60203,25.20081],[89.60203,25.20063],[89.60263,25.20062],[89.60244,25.20135],[89.60205,25.20135],[89.60204,25.20117]]]}},{"type":"Feature","properties":{"kind":"land","ha":3.0},"geometry":{"type":"Polygon","coordinates":[[[89.61514,25.20148],[89.61512,25.20058],[89.61492,25.20059],[89.61492,25.20022],[89.61472,25.20023],[89.61471,25.20005],[89.61452,25.20005],[89.6143,25.19933],[89.6139,25.19916],[89.61389,25.19862],[89.61349,25.19844],[89.61349,25.19826],[89.61329,25.19827],[89.61328,25.19809],[89.61309,25.19809],[89.61308,25.19791],[89.61269,25.19792],[89.61289,25.19827],[89.61269,25.19828],[89.6127,25.19846],[89.6131,25.19863],[89.61311,25.19899],[89.6133,25.19899],[89.61331,25.19917],[89.61351,25.19917],[89.61353,25.20025],[89.61373,25.20025],[89.61373,25.20043],[89.61413,25.20042],[89.61433,25.20078],[89.61453,25.20077],[89.61455,25.20149],[89.61514,25.20148]]]}},{"type":"Feature","properties":{"kind":"land","ha":50.2},"geometry":{"type":"Polygon","coordinates":[[[89.72416,25.20601],[89.72435,25.20601],[89.72436,25.20619],[89.72475,25.20618],[89.72475,25.20582],[89.72494,25.20582],[89.7251,25.20401],[89.7253,25.20401],[89.72528,25.20292],[89.72548,25.20292],[89.72546,25.20238],[89.72566,25.20237],[89.72565,25.20165],[89.72584,25.20165],[89.72581,25.20021],[89.72601,25.2002],[89.72588,25.19443],[89.72568,25.19443],[89.7257,25.19497],[89.7255,25.19498],[89.72551,25.19534],[89.72531,25.19534],[89.72533,25.19624],[89.72513,25.19625],[89.72514,25.19679],[89.72475,25.19698],[89.72476,25.19734],[89.72456,25.19734],[89.72458,25.19824],[89.72438,25.19825],[89.72439,25.19861],[89.72419,25.19861],[89.72402,25.20006],[89.72382,25.20006],[89.72384,25.2006],[89.72364,25.20061],[89.72365,25.20115],[89.72345,25.20115],[89.72346,25.20151],[89.72326,25.20152],[89.72328,25.20224],[89.72308,25.20224],[89.72309,25.2026],[89.72289,25.20261],[89.7229,25.20315],[89.7227,25.20315],[89.72254,25.2046],[89.72234,25.2046],[89.72235,25.20514],[89.72215,25.20515],[89.72216,25.20569],[89.72197,25.20569],[89.72199,25.20659],[89.72179,25.2066],[89.72165,25.20913],[89.72145,25.20913],[89.72146,25.20949],[89.72126,25.20949],[89.72127,25.20986],[89.72107,25.20986],[89.72106,25.2095],[89.72086,25.2095],[89.72086,25.20932],[89.72106,25.20932],[89.72104,25.20878],[89.72065,25.20878],[89.72065,25.20896],[89.72045,25.20897],[89.72049,25.21077],[89.72069,25.21077],[89.7207,25.21113],[89.7209,25.21113],[89.72092,25.21221],[89.72072,25.21221],[89.72073,25.21275],[89.72054,25.21276],[89.72058,25.21456],[89.72038,25.21456],[89.7204,25.21547],[89.7202,25.21547],[89.72023,25.21673],[89.72003,25.21674],[89.72003,25.21692],[89.72063,25.21691],[89.72062,25.21655],[89.72101,25.21636],[89.72101,25.21618],[89.72141,25.21617],[89.7214,25.21599],[89.7216,25.21599],[89.7216,25.21581],[89.7214,25.21581],[89.72139,25.21527],[89.72158,25.21526],[89.72157,25.21472],[89.72177,25.21472],[89.72177,25.21454],[89.72157,25.21454],[89.72156,25.214],[89.72195,25.21399],[89.72196,25.21417],[89.72216,25.21417],[89.72217,25.21471],[89.72237,25.21471],[89.72236,25.21435],[89.72256,25.21434],[89.72255,25.21416],[89.72275,25.21416],[89.72292,25.21307],[89.72273,25.21308],[89.72272,25.21272],[89.72311,25.21271],[89.72311,25.21253],[89.72331,25.21253],[89.72329,25.2118],[89.72349,25.2118],[89.72348,25.21126],[89.72308,25.21127],[89.72307,25.21091],[89.72367,25.21089],[89.72366,25.21053],[89.72386,25.21053],[89.72384,25.20981],[89.72404,25.2098],[89.72402,25.20872],[89.72422,25.20872],[89.72421,25.20854],[89.72362,25.20855],[89.72361,25.20819],[89.72381,25.20818],[89.72379,25.20746],[89.72419,25.20764],[89.7242,25.20782],[89.72439,25.20781],[89.72438,25.20727],[89.72458,25.20727],[89.72456,25.20637],[89.72436,25.20637],[89.72437,25.20673],[89.72417,25.20673],[89.72416,25.20601]],[[89.72418,25.20691],[89.72378,25.20692],[89.72378,25.20674],[89.72417,25.20673],[89.72418,25.20691]],[[89.7211,25.2113],[89.7215,25.2113],[89.7215,25.21148],[89.7211,25.21148],[89.7211,25.2113]],[[89.722,25.20713],[89.72239,25.20695],[89.7224,25.20749],[89.72201,25.2075],[89.722,25.20713]],[[89.72439,25.19879],[89.72459,25.19878],[89.72459,25.19897],[89.7244,25.19897],[89.72439,25.19879]]]}},{"type":"Feature","properties":{"kind":"land","ha":25.2},"geometry":{"type":"Polygon","coordinates":[[[89.59586,25.20922],[89.59586,25.20904],[89.59606,25.20904],[89.59605,25.2085],[89.59625,25.2085],[89.59624,25.20813],[89.59663,25.20795],[89.59663,25.20777],[89.59683,25.20776],[89.59682,25.20758],[89.59702,25.20758],[89.59701,25.20722],[89.5974,25.20703],[89.5974,25.20685],[89.5976,25.20685],[89.59761,25.20721],[89.598,25.20702],[89.59801,25.20738],[89.59781,25.20739],[89.59782,25.20811],[89.59842,25.2081],[89.59841,25.20774],[89.5988,25.20755],[89.5988,25.20737],[89.5994,25.20736],[89.5994,25.20754],[89.5996,25.20753],[89.59961,25.20808],[89.59981,25.20807],[89.59981,25.20825],[89.60021,25.20825],[89.6004,25.20788],[89.6006,25.20788],[89.60059,25.2077],[89.60099,25.20769],[89.60118,25.20733],[89.60138,25.20732],[89.60138,25.20714],[89.60098,25.20715],[89.60097,25.20697],[89.60137,25.20678],[89.60136,25.20624],[89.60155,25.20624],[89.60155,25.20606],[89.60096,25.20607],[89.60096,25.20625],[89.60076,25.20625],[89.60077,25.20661],[89.60037,25.20662],[89.60018,25.20698],[89.59998,25.20699],[89.59999,25.20717],[89.59959,25.20717],[89.59938,25.20645],[89.59898,25.20628],[89.59896,25.20538],[89.59916,25.20538],[89.59914,25.20483],[89.59934,25.20483],[89.5993,25.20285],[89.5995,25.20284],[89.59945,25.20068],[89.59965,25.20067],[89.59964,25.20031],[89.59984,25.20031],[89.59984,25.20013],[89.59885,25.20015],[89.59884,25.19997],[89.59864,25.19997],[89.59863,25.19943],[89.59883,25.19943],[89.59882,25.19906],[89.59922,25.19888],[89.5992,25.19834],[89.59901,25.19834],[89.599,25.19798],[89.5988,25.19798],[89.59879,25.19762],[89.59839,25.19745],[89.59839,25.19727],[89.59819,25.19727],[89.59818,25.19691],[89.59778,25.19674],[89.59778,25.19656],[89.59758,25.19656],[89.59758,25.19638],[89.59738,25.19638],[89.59737,25.1962],[89.59718,25.19621],[89.59717,25.19602],[89.59697,25.19603],[89.59697,25.19585],[89.59677,25.19585],[89.59677,25.19567],[89.59657,25.19567],[89.59656,25.19513],[89.59616,25.19514],[89.59595,25.19478],[89.59576,25.19479],[89.59575,25.19443],[89.59535,25.19425],[89.59534,25.19389],[89.59514,25.19389],[89.59513,25.19353],[89.59473,25.19336],[89.59475,25.19408],[89.59515,25.19426],[89.59515,25.19444],[89.59535,25.19443],[89.59557,25.19515],[89.59576,25.19515],[89.59578,25.19587],[89.59618,25.19604],[89.59618,25.19622],[89.59658,25.19622],[89.59679,25.19657],[89.59718,25.19657],[89.59719,25.19693],[89.59679,25.19693],[89.5968,25.19729],[89.5976,25.19764],[89.59761,25.198],[89.59781,25.198],[89.59782,25.19872],[89.59802,25.19872],[89.59803,25.19908],[89.59823,25.19907],[89.59825,25.20016],[89.59805,25.20016],[89.59806,25.2007],[89.59767,25.20089],[89.59768,25.20107],[89.59748,25.20107],[89.59748,25.20143],[89.59768,25.20143],[89.5977,25.20233],[89.5975,25.20234],[89.59755,25.20432],[89.59735,25.20432],[89.59736,25.20469],[89.59716,25.20469],[89.59717,25.20541],[89.59697,25.20541],[89.59698,25.20578],[89.59678,25.20578],[89.59679,25.20632],[89.5966,25.20632],[89.59661,25.20705],[89.59622,25.20723],[89.59642,25.20759],[89.59623,25.20759],[89.59623,25.20795],[89.59604,25.20796],[89.59604,25.20814],[89.59544,25.20815],[89.59544,25.20797],[89.59524,25.20797],[89.59525,25.20833],[89.59545,25.20833],[89.59547,25.20923],[89.59586,25.20922]],[[89.59819,25.20648],[89.59858,25.20629],[89.59858,25.20647],[89.59878,25.20647],[89.59879,25.20683],[89.5984,25.20701],[89.5984,25.20719],[89.5982,25.2072],[89.59819,25.20648]],[[89.59792,25.20323],[89.59772,25.20324],[89.59771,25.20287],[89.59811,25.20287],[89.59809,25.20215],[89.59849,25.20214],[89.59851,25.20286],[89.59871,25.20286],[89.59872,25.2034],[89.59832,25.20341],[89.59832,25.20359],[89.59813,25.20359],[89.59792,25.20323]]]}},{"type":"Feature","properties":{"kind":"land","ha":5.8},"geometry":{"type":"Polygon","coordinates":[[[89.6084,25.19222],[89.60899,25.19221],[89.609,25.19239],[89.60939,25.19238],[89.6094,25.19256],[89.60999,25.19255],[89.6102,25.19291],[89.6104,25.1929],[89.6104,25.19308],[89.611,25.19307],[89.61098,25.19253],[89.61079,25.19254],[89.61077,25.19181],[89.61057,25.19182],[89.61053,25.18983],[89.61033,25.18984],[89.61034,25.1902],[89.61014,25.1902],[89.61014,25.19038],[89.61034,25.19038],[89.61037,25.19146],[89.61017,25.19146],[89.61018,25.19201],[89.60978,25.19201],[89.60978,25.19183],[89.60958,25.19184],[89.60956,25.19075],[89.60916,25.19058],[89.60915,25.1904],[89.60895,25.1904],[89.60895,25.19022],[89.60816,25.19042],[89.60816,25.19024],[89.60776,25.19024],[89.60777,25.19078],[89.60738,25.19097],[89.60739,25.19151],[89.60699,25.19152],[89.607,25.1917],[89.60759,25.19169],[89.6076,25.19187],[89.60799,25.19186],[89.608,25.19204],[89.60839,25.19204],[89.6084,25.19222]],[[89.60839,25.19168],[89.60898,25.19167],[89.60879,25.19203],[89.60839,25.19204],[89.60839,25.19168]],[[89.60877,25.19113],[89.60917,25.19112],[89.60917,25.1913],[89.60878,25.19131],[89.60877,25.19113]]]}},{"type":"Feature","properties":{"kind":"land","ha":10.3},"geometry":{"type":"Polygon","coordinates":[[[89.71536,25.19426],[89.71536,25.1939],[89.71555,25.1939],[89.71554,25.19336],[89.71574,25.19335],[89.71574,25.19317],[89.71633,25.19316],[89.71634,25.19334],[89.71673,25.19333],[89.71672,25.19297],[89.71633,25.19298],[89.7163,25.1919],[89.7167,25.19171],[89.71669,25.19153],[89.71709,25.1917],[89.71728,25.19134],[89.71788,25.19133],[89.71789,25.19187],[89.71769,25.19187],[89.71771,25.19259],[89.71751,25.1926],[89.71751,25.19278],[89.71771,25.19277],[89.71772,25.19314],[89.71811,25.19295],[89.71811,25.19277],[89.71831,25.19276],[89.7183,25.1924],[89.7185,25.1924],[89.71828,25.19168],[89.71808,25.19169],[89.71807,25.19096],[89.71787,25.19097],[89.71785,25.19025],[89.71825,25.19006],[89.71824,25.18988],[89.71844,25.18987],[89.71843,25.18933],[89.71803,25.18934],[89.71803,25.18916],[89.71783,25.18916],[89.71782,25.1888],[89.71742,25.18863],[89.71741,25.18809],[89.71761,25.18808],[89.7176,25.18772],[89.7178,25.18772],[89.71779,25.18736],[89.71739,25.18737],[89.7172,25.18773],[89.717,25.18773],[89.71701,25.1881],[89.71681,25.1881],[89.71684,25.18918],[89.71664,25.18918],[89.71665,25.18973],[89.71645,25.18973],[89.71646,25.19009],[89.71607,25.19028],[89.71608,25.19064],[89.71509,25.19066],[89.71511,25.19156],[89.7153,25.19156],[89.71531,25.19192],[89.71571,25.19209],[89.71572,25.19227],[89.71552,25.19227],[89.71553,25.19281],[89.71533,25.19282],[89.71534,25.19336],[89.71515,25.19336],[89.71515,25.19372],[89.71476,25.19391],[89.71477,25.19409],[89.71516,25.19409],[89.71517,25.19427],[89.71536,25.19426]],[[89.71687,25.19062],[89.71707,25.19062],[89.71707,25.1908],[89.71687,25.1908],[89.71687,25.19062]]]}},{"type":"Feature","properties":{"kind":"land","ha":6.3},"geometry":{"type":"Polygon","coordinates":[[[89.59986,25.19165],[89.59985,25.19128],[89.59965,25.19129],[89.59964,25.19075],[89.59924,25.19057],[89.59923,25.19039],[89.59904,25.1904],[89.59902,25.18986],[89.59883,25.18986],[89.59882,25.1895],[89.59862,25.1895],[89.59861,25.18896],[89.59821,25.18879],[89.5982,25.18861],[89.59801,25.18861],[89.598,25.18843],[89.59761,25.18844],[89.5974,25.18808],[89.597,25.18809],[89.597,25.18791],[89.5968,25.18791],[89.59681,25.18827],[89.59721,25.18844],[89.59722,25.18917],[89.59762,25.18934],[89.59762,25.18916],[89.59802,25.18915],[89.59823,25.18987],[89.59843,25.18987],[89.59844,25.19023],[89.59864,25.19022],[89.59864,25.19058],[89.59825,25.19059],[89.59824,25.19023],[89.59784,25.19024],[89.59784,25.19006],[89.59724,25.19007],[89.59724,25.18989],[89.59684,25.18989],[89.59684,25.18953],[89.59643,25.18936],[89.59642,25.18864],[89.59622,25.18864],[89.59621,25.1881],[89.59581,25.18811],[89.59584,25.18937],[89.59564,25.18937],[89.59565,25.18973],[89.59545,25.18974],[89.59546,25.19028],[89.59626,25.19027],[89.59625,25.19008],[89.59665,25.19008],[89.59665,25.19026],[89.59725,25.19025],[89.59745,25.1906],[89.59765,25.1906],[89.59766,25.19078],[89.59805,25.19077],[89.59826,25.19113],[89.59846,25.19113],[89.59846,25.19131],[89.59866,25.19131],[89.59866,25.19149],[89.59906,25.19148],[89.59906,25.19166],[89.59986,25.19165]]]}},{"type":"Feature","properties":{"kind":"land","ha":170.8},"geometry":{"type":"Polygon","coordinates":[[[89.70778,25.20108],[89.70777,25.20054],[89.70797,25.20053],[89.70796,25.20017],[89.70835,25.19999],[89.70835,25.19981],[89.70854,25.1998],[89.70854,25.19962],[89.70874,25.19962],[89.70873,25.19944],[89.70893,25.19943],[89.70892,25.19907],[89.70912,25.19907],[89.70912,25.19871],[89.70931,25.1987],[89.70931,25.19852],[89.70971,25.19852],[89.7097,25.19834],[89.7101,25.19833],[89.71009,25.19815],[89.71029,25.19815],[89.71028,25.19778],[89.70969,25.1978],[89.70969,25.19761],[89.71008,25.19761],[89.71007,25.19725],[89.71027,25.19724],[89.71027,25.19706],[89.71067,25.19706],[89.71086,25.19669],[89.71125,25.19668],[89.71124,25.19632],[89.71105,25.19633],[89.71104,25.19597],[89.71084,25.19597],[89.71083,25.19543],[89.71063,25.19543],[89.71061,25.19471],[89.71042,25.19471],[89.71041,25.19435],[89.71021,25.19436],[89.71019,25.19363],[89.70979,25.19346],[89.70978,25.1931],[89.70959,25.1931],[89.70957,25.19238],[89.70937,25.19239],[89.70936,25.19203],[89.70917,25.19203],[89.70914,25.19095],[89.70894,25.19095],[89.70894,25.19059],[89.70854,25.1906],[89.70855,25.19096],[89.70895,25.19113],[89.70896,25.19185],[89.70876,25.19186],[89.70877,25.19204],[89.70837,25.19204],[89.70838,25.19222],[89.70798,25.19223],[89.70779,25.1926],[89.70759,25.1926],[89.7076,25.19296],[89.7078,25.19296],[89.7078,25.19314],[89.7082,25.19313],[89.7082,25.19331],[89.7086,25.1933],[89.7086,25.19348],[89.7088,25.19348],[89.7088,25.19366],[89.70861,25.19366],[89.70862,25.19439],[89.70842,25.19439],[89.70843,25.19475],[89.70823,25.19475],[89.70824,25.19511],[89.70804,25.19512],[89.70806,25.19566],[89.70786,25.19566],[89.70786,25.19584],[89.70727,25.19585],[89.70726,25.19567],[89.70706,25.19568],[89.70707,25.19586],[89.70667,25.19587],[89.70668,25.19605],[89.70588,25.19606],[89.70588,25.19588],[89.70548,25.19589],[89.70549,25.19607],[89.70529,25.19607],[89.7053,25.19643],[89.70549,25.19643],[89.7055,25.19661],[89.70589,25.1966],[89.7061,25.19696],[89.70689,25.19676],[89.70708,25.1964],[89.70768,25.19639],[89.70769,25.19711],[89.7073,25.1973],[89.7073,25.19748],[89.70671,25.19749],[89.7067,25.19731],[89.70571,25.19733],[89.70572,25.19751],[89.70532,25.19751],[89.70532,25.19769],[89.70513,25.1977],[89.70514,25.19824],[89.70474,25.19843],[89.70475,25.19861],[89.70455,25.19861],[89.70457,25.19951],[89.70477,25.19951],[89.70478,25.20023],[89.70419,25.20024],[89.70419,25.20006],[89.70438,25.20006],[89.70437,25.19952],[89.70397,25.19934],[89.70397,25.19916],[89.70377,25.19917],[89.70377,25.19899],[89.70337,25.19899],[89.70341,25.2008],[89.70301,25.20063],[89.70279,25.19955],[89.70259,25.19955],[89.70258,25.19919],[89.70238,25.19919],[89.70216,25.19811],[89.70196,25.19812],[89.70214,25.19739],[89.70194,25.1974],[89.70193,25.19667],[89.70173,25.19668],[89.70171,25.19578],[89.70211,25.19577],[89.70211,25.19595],[89.70231,25.19595],[89.70231,25.19576],[89.7025,25.19576],[89.7025,25.1954],[89.70269,25.1954],[89.70268,25.19486],[89.70288,25.19485],[89.70286,25.19377],[89.70305,25.19377],[89.70305,25.1934],[89.70324,25.1934],[89.70321,25.19178],[89.7036,25.19159],[89.70359,25.19123],[89.70379,25.19123],[89.70378,25.19068],[89.70457,25.19067],[89.70476,25.19031],[89.70536,25.19029],[89.70535,25.19011],[89.70575,25.19011],[89.70594,25.18974],[89.70614,25.18974],[89.70614,25.18956],[89.70653,25.18955],[89.70653,25.18937],[89.70673,25.18937],[89.70672,25.18901],[89.70692,25.189],[89.70689,25.18792],[89.70709,25.18792],[89.70708,25.18737],[89.70728,25.18737],[89.70727,25.18683],[89.70766,25.18682],[89.70767,25.187],[89.70786,25.187],[89.70805,25.18664],[89.70825,25.18663],[89.70825,25.18645],[89.70845,25.18645],[89.70843,25.18591],[89.70824,25.18591],[89.70823,25.18555],[89.70862,25.18536],[89.70861,25.18482],[89.70841,25.18482],[89.70841,25.18464],[89.70762,25.18484],[89.70763,25.1852],[89.70743,25.1852],[89.70744,25.18574],[89.70705,25.18593],[89.70705,25.18611],[89.70685,25.18612],[89.70686,25.1863],[89.70666,25.1863],[89.70667,25.18702],[89.70628,25.18721],[89.70629,25.18757],[89.70589,25.18758],[89.7059,25.18776],[89.7057,25.18776],[89.70571,25.1883],[89.70551,25.18831],[89.70552,25.18849],[89.70512,25.18849],[89.70512,25.18831],[89.70492,25.18832],[89.70493,25.18868],[89.70473,25.18868],[89.70474,25.18904],[89.70454,25.18905],[89.70454,25.18923],[89.70375,25.18924],[89.70374,25.18906],[89.70335,25.18907],[89.70334,25.18889],[89.70275,25.1889],[89.70256,25.18926],[89.70236,25.18927],[89.70236,25.18945],[89.70197,25.18945],[89.70197,25.18963],[89.70177,25.18964],[89.70178,25.19],[89.70139,25.19019],[89.70139,25.19037],[89.701,25.19037],[89.701,25.19073],[89.70081,25.19074],[89.70081,25.19092],[89.70002,25.19093],[89.69983,25.1913],[89.69943,25.19112],[89.69942,25.19094],[89.69962,25.19094],[89.69961,25.1904],[89.69901,25.19041],[89.69902,25.19059],[89.69862,25.1906],[89.69862,25.19078],[89.69843,25.19078],[89.69843,25.19114],[89.69824,25.19115],[89.69825,25.19169],[89.69805,25.19169],[89.69827,25.19277],[89.69807,25.19277],[89.69808,25.19313],[89.69769,25.19332],[89.69769,25.1935],[89.69749,25.19351],[89.69751,25.19405],[89.69731,25.19405],[89.69732,25.19441],[89.69692,25.1946],[89.69692,25.19442],[89.69632,25.19443],[89.69633,25.19479],[89.69693,25.19478],[89.69696,25.1964],[89.69716,25.1964],[89.69717,25.19676],[89.69737,25.19676],[89.69737,25.19694],[89.69777,25.19693],[89.69794,25.19584],[89.69834,25.19566],[89.69833,25.19548],[89.69853,25.19547],[89.69852,25.19511],[89.69872,25.19511],[89.69872,25.19493],[89.69911,25.19492],[89.69912,25.1951],[89.69931,25.1951],[89.69932,25.19546],[89.69952,25.19545],[89.69955,25.19654],[89.69974,25.19653],[89.69976,25.19744],[89.69996,25.19743],[89.69997,25.19761],[89.69977,25.19762],[89.69978,25.19798],[89.69958,25.19798],[89.69958,25.19816],[89.69918,25.19817],[89.69919,25.19835],[89.69879,25.19818],[89.69878,25.19781],[89.69818,25.19783],[89.6982,25.19855],[89.6984,25.19854],[89.69841,25.1989],[89.69881,25.19908],[89.69881,25.19926],[89.69901,25.19925],[89.69902,25.19962],[89.69922,25.19961],[89.69922,25.19979],[89.69982,25.19978],[89.69982,25.19996],[89.70002,25.19996],[89.70002,25.20014],[89.69982,25.20014],[89.69984,25.20104],[89.69945,25.20123],[89.69945,25.20141],[89.69906,25.20142],[89.69907,25.20178],[89.69867,25.20197],[89.69869,25.20287],[89.69889,25.20287],[89.69892,25.20395],[89.69911,25.20394],[89.69914,25.20503],[89.69934,25.20502],[89.69935,25.20557],[89.69974,25.20556],[89.69975,25.20592],[89.69955,25.20592],[89.69957,25.20664],[89.69977,25.20664],[89.69978,25.20736],[89.69998,25.20736],[89.70001,25.2088],[89.70021,25.2088],[89.70022,25.20916],[89.70042,25.20916],[89.70043,25.20952],[89.70083,25.20969],[89.70083,25.20987],[89.70103,25.20987],[89.70103,25.21005],[89.70123,25.21004],[89.70124,25.21022],[89.70143,25.21022],[89.70144,25.2104],[89.70164,25.2104],[89.70164,25.21058],[89.70184,25.21057],[89.70184,25.21075],[89.70204,25.21075],[89.70205,25.21093],[89.70224,25.21093],[89.70225,25.21111],[89.70245,25.2111],[89.70245,25.21128],[89.70285,25.21128],[89.70305,25.21163],[89.70325,25.21163],[89.70326,25.21199],[89.70366,25.21216],[89.70366,25.21234],[89.70386,25.21234],[89.70387,25.21252],[89.70406,25.21252],[89.70407,25.2127],[89.70427,25.21269],[89.70427,25.21288],[89.70467,25.21287],[89.70467,25.21305],[89.70527,25.21304],[89.70524,25.21177],[89.70544,25.21177],[89.70542,25.21087],[89.70561,25.21087],[89.70555,25.20816],[89.70536,25.20816],[89.70534,25.20744],[89.70514,25.20744],[89.70513,25.20708],[89.70533,25.20708],[89.70532,25.20672],[89.70552,25.20672],[89.70552,25.20654],[89.70572,25.20653],[89.70571,25.20617],[89.70591,25.20617],[89.70608,25.20508],[89.70628,25.20508],[89.70627,25.20454],[89.70647,25.20453],[89.70645,25.20399],[89.70665,25.20399],[89.70664,25.20327],[89.70684,25.20326],[89.70683,25.2029],[89.70703,25.2029],[89.70702,25.20254],[89.70741,25.20235],[89.7074,25.20181],[89.7076,25.2018],[89.70758,25.20108],[89.70778,25.20108]],[[89.70738,25.20109],[89.70739,25.20163],[89.7072,25.20163],[89.7072,25.20199],[89.70641,25.20201],[89.7064,25.20147],[89.70679,25.20128],[89.70679,25.2011],[89.70699,25.20109],[89.70698,25.20091],[89.70718,25.20091],[89.70716,25.20001],[89.70755,25.19982],[89.70757,25.20054],[89.70737,25.20055],[89.70737,25.20073],[89.70757,25.20072],[89.70758,25.20108],[89.70738,25.20109]],[[89.70163,25.19235],[89.70223,25.19234],[89.70224,25.19288],[89.70165,25.19289],[89.70163,25.19235]],[[89.69864,25.19168],[89.69884,25.19168],[89.69885,25.19186],[89.69865,25.19186],[89.69864,25.19168]]]}},{"type":"Feature","properties":{"kind":"land","ha":3.0},"geometry":{"type":"Polygon","coordinates":[[[89.72759,25.19097],[89.72758,25.19061],[89.72778,25.1906],[89.72776,25.18988],[89.72796,25.18988],[89.72795,25.18934],[89.72815,25.18933],[89.72814,25.18879],[89.72833,25.18879],[89.72832,25.18825],[89.72872,25.18806],[89.72871,25.1877],[89.72851,25.1877],[89.7285,25.18752],[89.7287,25.18752],[89.72869,25.18716],[89.72889,25.18715],[89.72889,25.18697],[89.72909,25.18697],[89.72908,25.18643],[89.72927,25.18643],[89.72925,25.18552],[89.72945,25.18552],[89.72942,25.18408],[89.72922,25.18408],[89.72923,25.18462],[89.72904,25.18462],[89.72904,25.18499],[89.72884,25.18499],[89.72886,25.18553],[89.72866,25.18553],[89.72868,25.18662],[89.72848,25.18662],[89.72849,25.18698],[89.72829,25.18698],[89.72832,25.18807],[89.72812,25.18807],[89.72813,25.18843],[89.72793,25.18844],[89.72795,25.18916],[89.72775,25.18916],[89.72776,25.1897],[89.72756,25.18971],[89.72758,25.19043],[89.72738,25.19043],[89.72739,25.19079],[89.72719,25.1908],[89.7272,25.19116],[89.72759,25.19097]]]}},{"type":"Feature","properties":{"kind":"land","ha":20.8},"geometry":{"type":"Polygon","coordinates":[[[89.68062,25.19291],[89.68062,25.19273],[89.68081,25.19273],[89.68081,25.19255],[89.68121,25.19254],[89.6814,25.19217],[89.6816,25.19217],[89.68159,25.19199],[89.68239,25.19198],[89.68238,25.19162],[89.68277,25.19143],[89.68276,25.19107],[89.68315,25.19088],[89.68315,25.19052],[89.68354,25.19033],[89.68354,25.19015],[89.68373,25.19015],[89.68372,25.18961],[89.68392,25.1896],[89.68391,25.18924],[89.68411,25.18924],[89.68387,25.18744],[89.68407,25.18743],[89.68406,25.18707],[89.68426,25.18707],[89.68426,25.18689],[89.68446,25.18688],[89.68444,25.18634],[89.68484,25.18616],[89.68482,25.18561],[89.68443,25.1858],[89.68442,25.18544],[89.68423,25.18545],[89.68424,25.18599],[89.68404,25.18599],[89.68405,25.18653],[89.68385,25.18653],[89.68386,25.1869],[89.68347,25.18708],[89.68347,25.18726],[89.68327,25.18727],[89.68328,25.18745],[89.68288,25.18745],[89.68269,25.18782],[89.68229,25.18783],[89.68233,25.18945],[89.68193,25.18928],[89.68193,25.1891],[89.68173,25.1891],[89.68172,25.18856],[89.68152,25.18856],[89.68149,25.18748],[89.68129,25.18748],[89.68129,25.18712],[89.68109,25.18713],[89.68108,25.18695],[89.68089,25.18695],[89.68088,25.18659],[89.68048,25.18642],[89.68047,25.18605],[89.68027,25.18606],[89.68027,25.18588],[89.67947,25.18589],[89.67947,25.18571],[89.67888,25.18572],[89.67887,25.18554],[89.67867,25.18555],[89.67867,25.18519],[89.67827,25.18501],[89.67807,25.18538],[89.67788,25.18538],[89.67788,25.18574],[89.67769,25.18574],[89.67769,25.18592],[89.6771,25.18594],[89.67751,25.18665],[89.6783,25.18682],[89.6783,25.18664],[89.6787,25.18663],[89.6789,25.18699],[89.6791,25.18698],[89.67911,25.18734],[89.67951,25.18752],[89.67951,25.1877],[89.67971,25.18769],[89.67972,25.18805],[89.68012,25.18823],[89.68013,25.18859],[89.68033,25.18858],[89.68035,25.18949],[89.68075,25.18966],[89.68096,25.19038],[89.68116,25.19037],[89.68119,25.19164],[89.68079,25.19182],[89.6808,25.19201],[89.6806,25.19201],[89.6806,25.19219],[89.68041,25.19219],[89.68041,25.19255],[89.68022,25.19256],[89.68023,25.1931],[89.68062,25.19291]]]}},{"type":"Feature","properties":{"kind":"land","ha":3.5},"geometry":{"type":"Polygon","coordinates":[[[89.68123,25.1846],[89.68141,25.18387],[89.68161,25.18387],[89.68161,25.18369],[89.682,25.18368],[89.682,25.18332],[89.6822,25.18332],[89.68219,25.18314],[89.68199,25.18314],[89.68198,25.18242],[89.68138,25.18243],[89.68138,25.18225],[89.68059,25.18226],[89.6806,25.1828],[89.6808,25.1828],[89.6808,25.18298],[89.68041,25.18317],[89.68041,25.18335],[89.68021,25.18335],[89.68022,25.18371],[89.68002,25.18372],[89.68003,25.1839],[89.67983,25.1839],[89.67983,25.18408],[89.68023,25.18407],[89.68043,25.18443],[89.68063,25.18443],[89.68064,25.18461],[89.68084,25.1846],[89.68084,25.18478],[89.68123,25.1846]]]}},{"type":"Feature","properties":{"kind":"land","ha":7.4},"geometry":{"type":"Polygon","coordinates":[[[89.71368,25.18094],[89.71369,25.1813],[89.71349,25.1813],[89.7135,25.18166],[89.7133,25.18167],[89.7133,25.18185],[89.71291,25.18185],[89.71292,25.18221],[89.71252,25.1824],[89.71253,25.18276],[89.71214,25.18295],[89.71216,25.18385],[89.71176,25.18386],[89.71177,25.18404],[89.71157,25.18404],[89.71156,25.18368],[89.71116,25.18369],[89.71116,25.18351],[89.71096,25.18351],[89.71097,25.18387],[89.71077,25.18388],[89.71078,25.18442],[89.71118,25.18441],[89.71118,25.18459],[89.71198,25.18458],[89.71218,25.18494],[89.71258,25.18493],[89.71258,25.18511],[89.71298,25.18492],[89.71297,25.18456],[89.71317,25.18456],[89.71316,25.18438],[89.71376,25.18436],[89.71395,25.184],[89.71414,25.184],[89.7141,25.18219],[89.71391,25.1822],[89.71389,25.18165],[89.71429,25.18147],[89.71426,25.1802],[89.71406,25.18021],[89.71407,25.18057],[89.71387,25.18057],[89.71388,25.18093],[89.71368,25.18094]],[[89.71408,25.18093],[89.71408,25.18111],[89.71388,25.18111],[89.71388,25.18093],[89.71408,25.18093]]]}},{"type":"Feature","properties":{"kind":"land","ha":3.2},"geometry":{"type":"Polygon","coordinates":[[[89.60106,25.18278],[89.60104,25.18206],[89.60084,25.18206],[89.60083,25.1817],[89.60064,25.1817],[89.60062,25.18116],[89.60103,25.18134],[89.60103,25.18152],[89.60182,25.1815],[89.60182,25.18132],[89.60162,25.18133],[89.60161,25.18079],[89.60141,25.18079],[89.6016,25.18042],[89.6014,25.18043],[89.6014,25.18025],[89.6012,25.18025],[89.60121,25.18061],[89.60061,25.18062],[89.60061,25.18026],[89.60041,25.18026],[89.60041,25.18045],[89.60001,25.18045],[89.60002,25.18063],[89.59982,25.18064],[89.59983,25.18118],[89.59963,25.18118],[89.59965,25.1819],[89.60005,25.1819],[89.60025,25.18225],[89.60045,25.18225],[89.60046,25.18279],[89.60066,25.18279],[89.60066,25.18297],[89.60106,25.18278]]]}},{"type":"Feature","properties":{"kind":"land","ha":15.3},"geometry":{"type":"Polygon","coordinates":[[[89.67883,25.18356],[89.67882,25.18302],[89.67921,25.18283],[89.6792,25.18247],[89.6794,25.18246],[89.67938,25.18156],[89.67958,25.18156],[89.67957,25.1812],[89.67977,25.18119],[89.67976,25.18083],[89.67956,25.18084],[89.67954,25.17993],[89.67974,25.17993],[89.67973,25.17939],[89.67953,25.17939],[89.6795,25.17795],[89.6797,25.17795],[89.67969,25.17759],[89.67949,25.17759],[89.67948,25.17723],[89.67908,25.17706],[89.67908,25.17687],[89.67868,25.17688],[89.67869,25.17706],[89.67789,25.17708],[89.6779,25.17726],[89.6777,25.17726],[89.6777,25.17708],[89.6771,25.17709],[89.6771,25.17727],[89.67691,25.17728],[89.67692,25.17782],[89.67613,25.17819],[89.67635,25.17891],[89.67654,25.17891],[89.67656,25.17945],[89.67715,25.17944],[89.67716,25.1798],[89.67696,25.1798],[89.67697,25.17998],[89.67716,25.17998],[89.67717,25.18034],[89.67757,25.18051],[89.67758,25.18087],[89.67798,25.18087],[89.67798,25.18123],[89.67818,25.18122],[89.67819,25.1814],[89.67799,25.18141],[89.67802,25.18267],[89.67821,25.18267],[89.67823,25.18357],[89.67843,25.18356],[89.67844,25.18375],[89.67883,25.18356]]]}},{"type":"Feature","properties":{"kind":"land","ha":64.5},"geometry":{"type":"Polygon","coordinates":[[[89.62285,25.20929],[89.62284,25.20911],[89.62265,25.20911],[89.62263,25.20839],[89.62243,25.20839],[89.62241,25.20731],[89.62221,25.20732],[89.6222,25.20695],[89.6224,25.20695],[89.62239,25.20623],[89.62219,25.20623],[89.62217,25.20551],[89.62197,25.20551],[89.62194,25.20389],[89.62214,25.20389],[89.62211,25.2028],[89.62192,25.20281],[89.62191,25.20245],[89.62171,25.20245],[89.6217,25.20209],[89.6215,25.20209],[89.62149,25.20155],[89.62129,25.20156],[89.62127,25.20065],[89.62108,25.20066],[89.62101,25.19759],[89.62081,25.19759],[89.62079,25.19669],[89.62099,25.19669],[89.62098,25.19615],[89.62078,25.19615],[89.62077,25.19543],[89.62057,25.19543],[89.62055,25.19471],[89.62035,25.19471],[89.62033,25.19381],[89.62014,25.19381],[89.62012,25.19291],[89.61992,25.19292],[89.6199,25.19219],[89.6197,25.1922],[89.61969,25.19166],[89.61949,25.19166],[89.61947,25.19058],[89.61927,25.19058],[89.61926,25.19004],[89.61906,25.19004],[89.61906,25.18968],[89.61886,25.18969],[89.61885,25.18914],[89.61865,25.18915],[89.61864,25.18879],[89.61844,25.18879],[89.61842,25.18771],[89.61822,25.18771],[89.61821,25.18735],[89.61801,25.18735],[89.61799,25.18645],[89.6178,25.18646],[89.61779,25.18591],[89.61759,25.18592],[89.61757,25.1852],[89.61737,25.1852],[89.61736,25.18466],[89.61716,25.18466],[89.61714,25.18376],[89.61695,25.18376],[89.61693,25.18322],[89.61674,25.18323],[89.61672,25.18232],[89.61652,25.18233],[89.6165,25.18161],[89.6163,25.18161],[89.61629,25.18107],[89.61609,25.18107],[89.61608,25.18017],[89.61588,25.18017],[89.61587,25.17981],[89.61567,25.17981],[89.61566,25.17909],[89.61526,25.1791],[89.61525,25.17874],[89.61564,25.17855],[89.61563,25.17801],[89.61523,25.17784],[89.61502,25.17712],[89.61482,25.17712],[89.61489,25.18019],[89.61508,25.18019],[89.61513,25.18253],[89.61533,25.18253],[89.61537,25.18415],[89.61557,25.18415],[89.6156,25.18577],[89.6158,25.18577],[89.61582,25.18685],[89.61602,25.18685],[89.61604,25.18793],[89.61624,25.18793],[89.61629,25.19009],[89.61649,25.19009],[89.61651,25.19117],[89.61671,25.19117],[89.61673,25.19207],[89.61692,25.19207],[89.61694,25.19279],[89.61714,25.19278],[89.61715,25.19351],[89.61735,25.1935],[89.61737,25.19422],[89.61757,25.19422],[89.61758,25.19476],[89.61778,25.19476],[89.6178,25.19584],[89.618,25.19584],[89.61801,25.19656],[89.61821,25.19656],[89.61823,25.19728],[89.61842,25.19727],[89.61844,25.19782],[89.61863,25.19781],[89.61886,25.19925],[89.61906,25.19925],[89.61907,25.19979],[89.61927,25.19979],[89.61928,25.20033],[89.61948,25.20032],[89.61949,25.20087],[89.61969,25.20086],[89.6197,25.20122],[89.6199,25.20122],[89.61992,25.20212],[89.62012,25.20212],[89.62015,25.20374],[89.62035,25.20374],[89.62037,25.20464],[89.62057,25.20464],[89.62058,25.20518],[89.62078,25.20517],[89.62079,25.20572],[89.62099,25.20571],[89.621,25.20625],[89.6212,25.20625],[89.62122,25.20715],[89.62141,25.20715],[89.62142,25.20751],[89.62162,25.20751],[89.62163,25.20787],[89.62183,25.20786],[89.62183,25.20822],[89.62203,25.20822],[89.62204,25.20858],[89.62224,25.20858],[89.62225,25.20894],[89.62244,25.20894],[89.62245,25.2093],[89.62285,25.20929]],[[89.62045,25.19904],[89.62025,25.19905],[89.62024,25.19851],[89.62063,25.1985],[89.62065,25.19922],[89.62045,25.19922],[89.62045,25.19904]],[[89.61963,25.19779],[89.61943,25.1978],[89.61942,25.19726],[89.61981,25.19725],[89.61982,25.19779],[89.62002,25.19779],[89.62003,25.19815],[89.61983,25.19815],[89.61963,25.19779]],[[89.61921,25.1969],[89.61941,25.1969],[89.61941,25.19708],[89.61921,25.19708],[89.61921,25.1969]],[[89.61919,25.196],[89.61939,25.19599],[89.6194,25.19635],[89.619,25.19636],[89.61919,25.196]],[[89.61837,25.19457],[89.61857,25.19456],[89.61857,25.19474],[89.61837,25.19475],[89.61837,25.19457]],[[89.61733,25.1926],[89.61773,25.19259],[89.61774,25.19295],[89.61734,25.19296],[89.61733,25.1926]],[[89.61851,25.19204],[89.61871,25.19203],[89.61871,25.19222],[89.61852,25.19222],[89.61851,25.19204]],[[89.6183,25.19132],[89.6185,25.19132],[89.61851,25.19186],[89.61831,25.19186],[89.6183,25.19132]]]}},{"type":"Feature","properties":{"kind":"land","ha":4.9},"geometry":{"type":"Polygon","coordinates":[[[89.68426,25.17804],[89.68425,25.17732],[89.68444,25.17732],[89.68443,25.1766],[89.68423,25.1766],[89.68423,25.17642],[89.68383,25.17643],[89.68383,25.17625],[89.68343,25.17625],[89.68322,25.1759],[89.68302,25.1759],[89.68302,25.17554],[89.68282,25.17554],[89.68281,25.17536],[89.68222,25.17537],[89.68222,25.17555],[89.68203,25.17556],[89.68203,25.17592],[89.68223,25.17592],[89.68224,25.17646],[89.68185,25.17664],[89.68186,25.17719],[89.68206,25.17718],[89.68207,25.17754],[89.68247,25.17772],[89.68247,25.1779],[89.68327,25.17788],[89.68326,25.1777],[89.68386,25.17769],[89.68406,25.17805],[89.68426,25.17804]]]}},{"type":"Feature","properties":{"kind":"land","ha":4.7},"geometry":{"type":"Polygon","coordinates":[[[89.59413,25.1838],[89.59412,25.1829],[89.59392,25.18291],[89.59391,25.18254],[89.59371,25.18255],[89.59369,25.18165],[89.59349,25.18165],[89.59349,25.18129],[89.59329,25.18129],[89.59306,25.17985],[89.59286,25.17986],[89.59284,25.17877],[89.59304,25.17877],[89.59302,25.17787],[89.59361,25.17786],[89.59361,25.17768],[89.59381,25.17767],[89.5938,25.17731],[89.5936,25.17732],[89.5936,25.17714],[89.5932,25.17714],[89.59299,25.17678],[89.5926,25.17679],[89.59259,25.17661],[89.5922,25.17662],[89.59225,25.17914],[89.59245,25.17914],[89.59246,25.1795],[89.59266,25.1795],[89.59267,25.1804],[89.59287,25.1804],[89.5929,25.18166],[89.5931,25.18166],[89.59311,25.1822],[89.59331,25.18219],[89.59332,25.18274],[89.59372,25.18273],[89.59372,25.18309],[89.59392,25.18309],[89.59394,25.18381],[89.59413,25.1838]]]}},{"type":"Feature","properties":{"kind":"land","ha":7.0},"geometry":{"type":"Polygon","coordinates":[[[89.72728,25.17708],[89.72728,25.1769],[89.72747,25.17689],[89.72748,25.17707],[89.72807,25.17706],[89.72806,25.17652],[89.72826,25.17652],[89.72826,25.17634],[89.72865,25.17633],[89.72863,25.17543],[89.72843,25.17543],[89.72844,25.17579],[89.72824,25.1758],[89.72825,25.17616],[89.72805,25.17616],[89.72805,25.17598],[89.72765,25.17599],[89.72746,25.17635],[89.72707,25.17636],[89.72706,25.17618],[89.72686,25.17618],[89.72684,25.17528],[89.72704,25.17528],[89.72703,25.17492],[89.72723,25.17491],[89.72722,25.17437],[89.72742,25.17437],[89.72739,25.17328],[89.7272,25.17329],[89.72719,25.17311],[89.7262,25.17313],[89.72621,25.17349],[89.72601,25.17349],[89.72602,25.17403],[89.72582,25.17404],[89.72584,25.17476],[89.72564,25.17476],[89.72565,25.17512],[89.72526,25.17531],[89.72526,25.17549],[89.72506,25.17549],[89.72507,25.17567],[89.72487,25.17568],[89.72487,25.17586],[89.72567,25.17584],[89.72567,25.17602],[89.72587,25.17602],[89.72588,25.17638],[89.72627,25.17637],[89.72648,25.17673],[89.72668,25.17673],[89.72669,25.17709],[89.72728,25.17708]]]}},{"type":"Feature","properties":{"kind":"land","ha":4.2},"geometry":{"type":"Polygon","coordinates":[[[89.66405,25.17877],[89.66404,25.17859],[89.66384,25.17859],[89.66384,25.17841],[89.66344,25.17842],[89.66344,25.17824],[89.66304,25.17825],[89.66284,25.17789],[89.66244,25.1779],[89.66223,25.17754],[89.66204,25.17754],[89.66203,25.17736],[89.66164,25.17737],[89.66143,25.17701],[89.66103,25.17702],[89.66083,25.17666],[89.66063,25.17667],[89.66062,25.17649],[89.66023,25.17649],[89.66002,25.17614],[89.65982,25.17614],[89.65982,25.17596],[89.65962,25.17596],[89.65962,25.17578],[89.65942,25.17579],[89.65942,25.17561],[89.65922,25.17561],[89.65921,25.17507],[89.65881,25.17507],[89.6586,25.17472],[89.6584,25.17472],[89.6584,25.17454],[89.6582,25.17454],[89.6582,25.17436],[89.658,25.17437],[89.658,25.17419],[89.6578,25.17419],[89.65779,25.17383],[89.65739,25.17366],[89.65739,25.17348],[89.65719,25.17348],[89.65718,25.1733],[89.65699,25.1733],[89.65698,25.17312],[89.65678,25.17313],[89.65678,25.17295],[89.65658,25.17295],[89.65679,25.17367],[89.65719,25.17366],[89.6572,25.1742],[89.6576,25.17419],[89.65761,25.17455],[89.65801,25.17473],[89.65802,25.17509],[89.65842,25.17526],[89.65842,25.17544],[89.65862,25.17544],[89.65862,25.17562],[89.65882,25.17562],[89.65882,25.1758],[89.65902,25.17579],[89.65903,25.17597],[89.65923,25.17597],[89.65923,25.17615],[89.65943,25.17615],[89.65943,25.17633],[89.65963,25.17632],[89.65963,25.1765],[89.65983,25.1765],[89.65984,25.17668],[89.66023,25.17667],[89.66044,25.17703],[89.66064,25.17703],[89.66064,25.17721],[89.66084,25.1772],[89.66084,25.17738],[89.66164,25.17755],[89.66185,25.17791],[89.66204,25.1779],[89.66205,25.17808],[89.66225,25.17808],[89.66225,25.17826],[89.66245,25.17826],[89.66245,25.17844],[89.66365,25.1786],[89.66365,25.17878],[89.66405,25.17877]]]}},{"type":"Feature","properties":{"kind":"land","ha":31.4},"geometry":{"type":"Polygon","coordinates":[[[89.61033,25.18984],[89.61032,25.1893],[89.61012,25.1893],[89.61011,25.18894],[89.60992,25.18894],[89.60991,25.18876],[89.60971,25.18876],[89.60971,25.1884],[89.6099,25.1884],[89.60981,25.18389],[89.60961,25.18389],[89.60958,25.18245],[89.60978,25.18245],[89.60976,25.18154],[89.60956,25.18155],[89.60953,25.18028],[89.60973,25.18028],[89.60972,25.17974],[89.60932,25.17957],[89.6093,25.17866],[89.6085,25.1785],[89.6083,25.17814],[89.6081,25.17814],[89.60809,25.17796],[89.6079,25.17797],[89.60789,25.17761],[89.60769,25.17761],[89.60768,25.17707],[89.60728,25.17689],[89.60726,25.17617],[89.60686,25.176],[89.60686,25.17582],[89.60666,25.17582],[89.60644,25.17474],[89.60565,25.17494],[89.60565,25.17476],[89.60545,25.17476],[89.60546,25.17512],[89.60526,25.17513],[89.60526,25.17531],[89.60486,25.17531],[89.60466,25.17496],[89.60446,25.17496],[89.60445,25.17442],[89.60425,25.17442],[89.60424,25.17406],[89.60325,25.17408],[89.60305,25.17372],[89.60285,25.17372],[89.60284,25.17354],[89.60245,25.17373],[89.60245,25.17391],[89.60226,25.17391],[89.60225,25.17373],[89.60186,25.17374],[89.60167,25.17411],[89.60147,25.17411],[89.60147,25.17447],[89.60167,25.17447],[89.60168,25.17465],[89.60207,25.17464],[89.60208,25.17482],[89.60307,25.1748],[89.60307,25.17498],[89.60327,25.17498],[89.60309,25.17571],[89.60348,25.1757],[89.60369,25.17606],[89.60389,25.17605],[89.6039,25.17659],[89.6037,25.1766],[89.60371,25.17678],[89.60411,25.17695],[89.60411,25.17713],[89.60451,25.17712],[89.60451,25.1773],[89.60471,25.1773],[89.60472,25.17784],[89.60492,25.17784],[89.60492,25.17802],[89.60552,25.17801],[89.60571,25.17764],[89.60591,25.17764],[89.60611,25.178],[89.60631,25.17799],[89.60632,25.17836],[89.60652,25.17835],[89.60653,25.17889],[89.60673,25.17889],[89.60673,25.17925],[89.60693,25.17925],[89.60694,25.17943],[89.60733,25.17942],[89.60735,25.18014],[89.60755,25.18014],[89.60758,25.18158],[89.60738,25.18159],[89.60738,25.18177],[89.60778,25.18194],[89.60779,25.18248],[89.60799,25.18248],[89.60802,25.18374],[89.60842,25.18391],[89.60843,25.18427],[89.60863,25.18427],[89.60863,25.18445],[89.60883,25.18445],[89.60884,25.18481],[89.60844,25.18482],[89.60845,25.18536],[89.60884,25.18517],[89.60886,25.18589],[89.60906,25.18589],[89.60906,25.18625],[89.60926,25.18625],[89.60927,25.18679],[89.60947,25.18678],[89.6095,25.18805],[89.6089,25.18806],[89.60891,25.18842],[89.60911,25.18841],[89.60911,25.18859],[89.60951,25.18859],[89.60952,25.18913],[89.60992,25.1893],[89.60993,25.18966],[89.61013,25.18966],[89.61013,25.18984],[89.61033,25.18984]],[[89.60795,25.18067],[89.60815,25.18067],[89.60816,25.18103],[89.60796,25.18103],[89.60795,25.18067]],[[89.60751,25.17852],[89.60731,25.17852],[89.60731,25.17834],[89.60711,25.17834],[89.6071,25.17798],[89.6075,25.17797],[89.6075,25.17815],[89.6077,25.17815],[89.60792,25.17887],[89.60772,25.17887],[89.60751,25.17852]],[[89.60509,25.17675],[89.60549,25.17675],[89.6055,25.17711],[89.6051,25.17711],[89.60509,25.17675]],[[89.60406,25.17461],[89.60425,25.1746],[89.60426,25.17496],[89.60406,25.17497],[89.60406,25.17461]]]}},{"type":"Feature","properties":{"kind":"land","ha":3.2},"geometry":{"type":"Polygon","coordinates":[[[89.7236,25.17227],[89.7236,25.17209],[89.72419,25.17208],[89.72418,25.17154],[89.72379,25.17155],[89.72355,25.16975],[89.72315,25.16993],[89.72316,25.17011],[89.72296,25.17012],[89.72296,25.1703],[89.72257,25.17031],[89.72258,25.17067],[89.72277,25.17066],[89.72278,25.17084],[89.72218,25.17085],[89.7222,25.1714],[89.72239,25.17139],[89.7224,25.17157],[89.7222,25.17158],[89.7222,25.17176],[89.7226,25.17193],[89.72261,25.17211],[89.7232,25.1721],[89.72321,25.17228],[89.7236,25.17227]]]}},{"type":"Feature","properties":{"kind":"land","ha":5.8},"geometry":{"type":"Polygon","coordinates":[[[89.5951,25.17314],[89.59509,25.17278],[89.59548,25.17259],[89.59567,25.17186],[89.59587,25.17186],[89.59586,25.1715],[89.59566,25.1715],[89.59566,25.17132],[89.59506,25.17133],[89.59508,25.17206],[89.59488,25.17206],[89.59487,25.1717],[89.59447,25.1717],[89.59447,25.17152],[89.59427,25.17153],[89.59445,25.17044],[89.59465,25.17044],[89.59465,25.17062],[89.59505,25.17061],[89.59505,25.17079],[89.59545,25.17079],[89.59544,25.17042],[89.59564,25.17042],[89.59563,25.16988],[89.59522,25.16971],[89.59521,25.16898],[89.59422,25.169],[89.59423,25.16954],[89.59443,25.16954],[89.59444,25.1699],[89.59404,25.16991],[89.59403,25.16955],[89.59344,25.16956],[89.59346,25.17082],[89.59326,25.17082],[89.59347,25.17118],[89.59367,25.17118],[89.59367,25.17136],[89.59387,25.17135],[89.59388,25.17153],[89.59407,25.17153],[89.59408,25.17189],[89.59428,25.17189],[89.5943,25.17279],[89.5947,25.17296],[89.5947,25.17314],[89.5951,25.17314]]]}},{"type":"Feature","properties":{"kind":"land","ha":3.3},"geometry":{"type":"Polygon","coordinates":[[[89.65335,25.17048],[89.65335,25.17012],[89.65315,25.17012],[89.65314,25.16976],[89.65294,25.16977],[89.65293,25.16922],[89.65253,25.16905],[89.65252,25.16851],[89.65153,25.16853],[89.65152,25.16817],[89.65112,25.16817],[89.65092,25.16782],[89.65072,25.16782],[89.65071,25.16746],[89.65012,25.16747],[89.65012,25.16765],[89.64992,25.16765],[89.64993,25.16801],[89.65033,25.16819],[89.65033,25.16837],[89.65053,25.16836],[89.65054,25.16855],[89.65073,25.16854],[89.65074,25.16872],[89.65094,25.16872],[89.65094,25.1689],[89.65114,25.1689],[89.65114,25.16908],[89.65134,25.16907],[89.65134,25.16925],[89.65154,25.16925],[89.65155,25.16943],[89.65234,25.1696],[89.65255,25.16995],[89.65275,25.16995],[89.65275,25.17013],[89.65295,25.17013],[89.65295,25.17031],[89.65315,25.1703],[89.65316,25.17048],[89.65335,25.17048]]]}},{"type":"Feature","properties":{"kind":"land","ha":50.8},"geometry":{"type":"Polygon","coordinates":[[[89.66445,25.16992],[89.66485,25.17009],[89.66485,25.17027],[89.66505,25.17027],[89.66506,25.17045],[89.66525,25.17045],[89.66526,25.17063],[89.66486,25.17063],[89.66487,25.17099],[89.66527,25.17117],[89.66527,25.17135],[89.66547,25.17135],[89.66569,25.17206],[89.66609,25.17224],[89.66609,25.1726],[89.66649,25.17277],[89.6665,25.17295],[89.6667,25.17295],[89.6667,25.17313],[89.6669,25.17312],[89.6669,25.1733],[89.6671,25.1733],[89.6671,25.17348],[89.6673,25.17348],[89.66731,25.17366],[89.66751,25.17365],[89.66751,25.17384],[89.66771,25.17383],[89.66772,25.17437],[89.66752,25.17438],[89.66753,25.17474],[89.66733,25.17474],[89.66733,25.17492],[89.66714,25.17492],[89.66713,25.17474],[89.66654,25.17476],[89.66654,25.17494],[89.66694,25.17511],[89.66695,25.17529],[89.66714,25.17529],[89.66715,25.17547],[89.66754,25.17546],[89.66755,25.17564],[89.66775,25.17564],[89.66776,25.17618],[89.66716,25.17619],[89.66716,25.17601],[89.66617,25.17603],[89.66616,25.17584],[89.66577,25.17585],[89.66576,25.17549],[89.66616,25.17548],[89.66635,25.17512],[89.66595,25.17513],[89.66595,25.17495],[89.66575,25.17495],[89.66574,25.17459],[89.66554,25.17459],[89.6655,25.17261],[89.6653,25.17261],[89.66531,25.17297],[89.66491,25.17298],[89.66492,25.17316],[89.66472,25.17316],[89.66473,25.17389],[89.66493,25.17388],[89.66494,25.17424],[89.66514,25.17424],[89.66515,25.17496],[89.66535,25.17496],[89.66536,25.1755],[89.66497,25.17569],[89.66498,25.17605],[89.66557,25.17604],[89.66558,25.1764],[89.66598,25.17657],[89.66599,25.17675],[89.66618,25.17675],[89.66619,25.17711],[89.66401,25.17715],[89.66401,25.17697],[89.66341,25.17698],[89.66342,25.17734],[89.66382,25.17751],[89.66382,25.17769],[89.66482,25.17767],[89.66482,25.17785],[89.66502,25.17785],[89.66503,25.17821],[89.66443,25.17822],[89.66443,25.1784],[89.66463,25.1784],[89.66464,25.17858],[89.66523,25.17857],[89.66544,25.17893],[89.66603,25.17892],[89.66604,25.1791],[89.66723,25.17907],[89.66702,25.17872],[89.66682,25.17872],[89.66682,25.17854],[89.66721,25.17835],[89.6672,25.17799],[89.6674,25.17799],[89.6674,25.17781],[89.66779,25.1778],[89.66779,25.17762],[89.66898,25.17778],[89.66899,25.17796],[89.66958,25.17795],[89.66959,25.17849],[89.6688,25.17869],[89.66882,25.17923],[89.66922,25.1794],[89.66922,25.17958],[89.66942,25.17958],[89.66943,25.17994],[89.67042,25.17992],[89.67043,25.18046],[89.67083,25.18063],[89.67083,25.18081],[89.67123,25.18081],[89.67122,25.18045],[89.67182,25.18044],[89.67182,25.18062],[89.67222,25.18061],[89.67222,25.18079],[89.67262,25.18078],[89.67262,25.18096],[89.67302,25.18096],[89.67323,25.18131],[89.67342,25.18131],[89.67343,25.18149],[89.67363,25.18149],[89.67363,25.18185],[89.67344,25.18185],[89.67344,25.18203],[89.67284,25.18204],[89.67286,25.18258],[89.67305,25.18258],[89.67306,25.18276],[89.67346,25.18275],[89.67346,25.18293],[89.67445,25.18291],[89.67445,25.1831],[89.67485,25.18309],[89.67486,25.18327],[89.67525,25.18326],[89.67525,25.18308],[89.67505,25.18308],[89.67504,25.18272],[89.67484,25.18273],[89.67484,25.18237],[89.67443,25.18219],[89.67443,25.18201],[89.67423,25.18202],[89.67423,25.18184],[89.67403,25.18184],[89.67402,25.18148],[89.67442,25.18129],[89.67441,25.18111],[89.67461,25.18111],[89.67459,25.18002],[89.67478,25.18002],[89.67478,25.17984],[89.67518,25.17983],[89.67537,25.17947],[89.67557,25.17947],[89.67557,25.17965],[89.67597,25.17964],[89.67595,25.17892],[89.67555,25.17874],[89.67555,25.17856],[89.67535,25.17857],[89.67534,25.17839],[89.67515,25.17839],[89.67514,25.17821],[89.67395,25.17823],[89.67396,25.17841],[89.67376,25.17842],[89.67377,25.17878],[89.67416,25.17877],[89.67417,25.17895],[89.67377,25.17896],[89.67377,25.17914],[89.67357,25.17914],[89.67359,25.17986],[89.6732,25.18005],[89.67321,25.18059],[89.67341,25.18059],[89.67341,25.18077],[89.67282,25.18078],[89.67281,25.18042],[89.67241,25.18042],[89.6724,25.18006],[89.67221,25.18007],[89.67218,25.17899],[89.67238,25.17898],[89.67238,25.1788],[89.67218,25.1788],[89.67216,25.17808],[89.67236,25.17808],[89.67235,25.17772],[89.67255,25.17772],[89.67254,25.17699],[89.67234,25.177],[89.67233,25.17664],[89.67213,25.17664],[89.67212,25.17628],[89.67172,25.17611],[89.67172,25.17593],[89.67152,25.17593],[89.67133,25.17629],[89.67074,25.1763],[89.67053,25.17595],[89.67033,25.17595],[89.67034,25.17613],[89.67014,25.17613],[89.67015,25.1765],[89.66975,25.17668],[89.66976,25.17704],[89.66956,25.17705],[89.66957,25.17723],[89.66917,25.17705],[89.66916,25.17687],[89.66896,25.17688],[89.66894,25.17598],[89.66914,25.17597],[89.66913,25.17561],[89.67032,25.17559],[89.67032,25.17523],[89.66952,25.17506],[89.66933,25.17543],[89.66873,25.17544],[89.66873,25.17526],[89.66853,25.17526],[89.66872,25.1749],[89.66892,25.17489],[89.66891,25.17435],[89.66911,25.17435],[89.6691,25.17417],[89.66871,25.17417],[89.6685,25.17382],[89.6683,25.17382],[89.6683,25.17364],[89.6681,25.17364],[89.6681,25.17346],[89.6677,25.17347],[89.66769,25.17311],[89.66749,25.17311],[89.66749,25.17275],[89.66768,25.17275],[89.66767,25.17221],[89.66787,25.1722],[89.66786,25.17184],[89.66706,25.1715],[89.66705,25.17114],[89.66765,25.17113],[89.66764,25.17076],[89.66724,25.17077],[89.66724,25.17041],[89.66664,25.17042],[89.66665,25.1706],[89.66645,25.17061],[89.66644,25.17043],[89.66624,25.17043],[89.66624,25.17007],[89.66564,25.17008],[89.66563,25.16972],[89.66544,25.16972],[89.66542,25.169],[89.66502,25.16883],[89.66502,25.16865],[89.66482,25.16865],[89.66481,25.16847],[89.66442,25.16848],[89.66421,25.16812],[89.66401,25.16812],[89.66401,25.16794],[89.66381,25.16795],[89.66381,25.16777],[89.66341,25.16777],[89.66341,25.16759],[89.66261,25.16761],[89.66261,25.16743],[89.66221,25.16743],[89.66221,25.16725],[89.66102,25.16745],[89.66102,25.16727],[89.66082,25.16728],[89.66063,25.16764],[89.66043,25.16765],[89.66064,25.168],[89.66104,25.168],[89.66124,25.16835],[89.66164,25.16835],[89.66164,25.16853],[89.66204,25.16852],[89.66224,25.16888],[89.66264,25.16887],[89.66265,25.16923],[89.66285,25.16923],[89.66284,25.16887],[89.66343,25.16885],[89.66344,25.16904],[89.66364,25.16903],[89.66364,25.16939],[89.66325,25.16958],[89.66326,25.16976],[89.66366,25.16993],[89.66367,25.17048],[89.66387,25.17047],[89.66387,25.17065],[89.66407,25.17065],[89.66404,25.16957],[89.66444,25.16956],[89.66445,25.16992]],[[89.66443,25.1692],[89.66483,25.16901],[89.66503,25.16937],[89.66483,25.16937],[89.66484,25.16973],[89.66464,25.16974],[89.66464,25.16956],[89.66444,25.16956],[89.66443,25.1692]],[[89.6706,25.17919],[89.6704,25.1792],[89.6704,25.17902],[89.6706,25.17901],[89.67059,25.17883],[89.67099,25.17901],[89.671,25.17919],[89.6712,25.17918],[89.6712,25.17936],[89.6714,25.17936],[89.6714,25.17954],[89.67061,25.17956],[89.6706,25.17919]],[[89.66641,25.17801],[89.66581,25.17802],[89.66561,25.17766],[89.66521,25.17767],[89.6652,25.17731],[89.6662,25.17729],[89.6662,25.17747],[89.6666,25.17746],[89.6666,25.17764],[89.6668,25.17764],[89.66681,25.178],[89.66641,25.17819],[89.66641,25.17801]],[[89.66738,25.17709],[89.66718,25.17709],[89.66718,25.17691],[89.66758,25.1769],[89.66758,25.17708],[89.66778,25.17708],[89.66779,25.17744],[89.66759,25.17744],[89.66738,25.17709]],[[89.66677,25.17656],[89.66697,25.17655],[89.66698,25.17673],[89.66678,25.17674],[89.66677,25.17656]],[[89.66794,25.17545],[89.66833,25.17526],[89.66834,25.17544],[89.66854,25.17544],[89.66854,25.1758],[89.66815,25.17581],[89.66794,25.17545]],[[89.66791,25.17401],[89.66831,25.174],[89.66831,25.17418],[89.66851,25.17418],[89.66851,25.17436],[89.66812,25.17437],[89.66791,25.17401]],[[89.66322,25.16796],[89.66361,25.16795],[89.66362,25.16813],[89.66322,25.16814],[89.66322,25.16796]],[[89.66182,25.16762],[89.66222,25.16761],[89.66222,25.16779],[89.66242,25.16779],[89.66242,25.16797],[89.66203,25.16798],[89.66182,25.16762]]]}},{"type":"Feature","properties":{"kind":"land","ha":13.2},"geometry":{"type":"Polygon","coordinates":[[[89.61521,25.17657],[89.61519,25.17603],[89.615,25.17604],[89.61499,25.17568],[89.61519,25.17567],[89.61512,25.17242],[89.61492,25.17243],[89.6149,25.17153],[89.6147,25.17153],[89.6147,25.17135],[89.6149,25.17135],[89.61486,25.16972],[89.61525,25.16953],[89.61526,25.16989],[89.61566,25.17007],[89.61566,25.16989],[89.61605,25.16988],[89.61605,25.1697],[89.61645,25.16969],[89.61664,25.16933],[89.61684,25.16933],[89.61682,25.1686],[89.61642,25.16861],[89.61622,25.16825],[89.61602,25.16826],[89.61602,25.16808],[89.61542,25.16809],[89.61544,25.16881],[89.61524,25.16881],[89.61525,25.16917],[89.61485,25.16918],[89.61483,25.16828],[89.61443,25.1681],[89.61443,25.16792],[89.61403,25.16811],[89.61404,25.16865],[89.61364,25.16848],[89.61363,25.16794],[89.61383,25.16793],[89.61382,25.16757],[89.61422,25.16739],[89.61418,25.16594],[89.61399,25.16595],[89.61399,25.16613],[89.61359,25.16613],[89.61361,25.16668],[89.61321,25.16668],[89.61323,25.16776],[89.61343,25.16776],[89.61344,25.1683],[89.61324,25.16831],[89.61326,25.16903],[89.61346,25.16902],[89.61346,25.1692],[89.61386,25.1692],[89.61387,25.16956],[89.61347,25.16957],[89.6135,25.17083],[89.61369,25.17083],[89.61372,25.17209],[89.61392,25.17208],[89.61393,25.17281],[89.61413,25.1728],[89.61414,25.17316],[89.61434,25.17316],[89.61435,25.1737],[89.61455,25.1737],[89.61458,25.17514],[89.61478,25.17514],[89.61481,25.17676],[89.61521,25.17657]]]}},{"type":"Feature","properties":{"kind":"land","ha":3.2},"geometry":{"type":"Polygon","coordinates":[[[89.62034,25.16638],[89.62034,25.1662],[89.62054,25.16619],[89.62033,25.16583],[89.62013,25.16584],[89.62011,25.16494],[89.61992,25.16494],[89.6199,25.1644],[89.61971,25.1644],[89.6197,25.16404],[89.6193,25.16423],[89.61931,25.16441],[89.61911,25.16441],[89.61912,25.16495],[89.61892,25.16496],[89.61893,25.16532],[89.61854,25.16551],[89.61855,25.16587],[89.61835,25.16587],[89.61836,25.16641],[89.62034,25.16638]]]}},{"type":"Feature","properties":{"kind":"land","ha":4.7},"geometry":{"type":"Polygon","coordinates":[[[89.64923,25.16333],[89.64922,25.16261],[89.64882,25.16244],[89.64881,25.16226],[89.64861,25.16226],[89.64861,25.16208],[89.64821,25.16209],[89.64801,25.16173],[89.64781,25.16174],[89.64781,25.16155],[89.64761,25.16156],[89.6476,25.1612],[89.6472,25.1612],[89.6472,25.16102],[89.64641,25.16104],[89.6462,25.16068],[89.646,25.16068],[89.646,25.1605],[89.6458,25.16051],[89.6458,25.16033],[89.6456,25.16033],[89.64559,25.16015],[89.6454,25.16015],[89.64539,25.15997],[89.645,25.16016],[89.645,25.16034],[89.64481,25.16034],[89.64482,25.16125],[89.64562,25.16123],[89.64562,25.16141],[89.64622,25.1614],[89.64622,25.16176],[89.64682,25.16175],[89.64683,25.16211],[89.64723,25.16229],[89.64723,25.16265],[89.64763,25.16264],[89.64762,25.16228],[89.64782,25.16228],[89.64803,25.16263],[89.64823,25.16263],[89.64823,25.16281],[89.64843,25.16281],[89.64844,25.16317],[89.64863,25.16316],[89.64864,25.16334],[89.64923,25.16333]]]}},{"type":"Feature","properties":{"kind":"land","ha":4.5},"geometry":{"type":"Polygon","coordinates":[[[89.67677,25.16176],[89.67676,25.16139],[89.67656,25.1614],[89.67655,25.16104],[89.67635,25.16104],[89.67634,25.16032],[89.67614,25.16032],[89.67613,25.15996],[89.67573,25.15979],[89.67573,25.15961],[89.67593,25.1596],[89.67592,25.15924],[89.67552,25.15907],[89.67551,25.15889],[89.67472,25.1589],[89.67472,25.15872],[89.67452,25.15873],[89.67454,25.15963],[89.67434,25.15963],[89.67435,25.15999],[89.67475,25.16017],[89.67475,25.16035],[89.67495,25.16034],[89.67497,25.16107],[89.67516,25.16106],[89.67517,25.16142],[89.67557,25.1616],[89.67558,25.16178],[89.67637,25.16176],[89.67637,25.16194],[89.67677,25.16176]]]}},{"type":"Feature","properties":{"kind":"land","ha":12.7},"geometry":{"type":"Polygon","coordinates":[[[89.71147,25.16167],[89.71146,25.1613],[89.71166,25.1613],[89.71165,25.16076],[89.71204,25.16057],[89.71225,25.16093],[89.71244,25.16093],[89.71245,25.16111],[89.71265,25.1611],[89.71266,25.16164],[89.71365,25.16163],[89.71363,25.16072],[89.71343,25.16073],[89.71342,25.16037],[89.71302,25.16019],[89.71302,25.16001],[89.71282,25.16002],[89.71282,25.15984],[89.71262,25.15984],[89.71261,25.15966],[89.71242,25.15966],[89.71241,25.15948],[89.71221,25.15949],[89.7124,25.15912],[89.7126,25.15912],[89.7126,25.15894],[89.7128,25.15893],[89.71279,25.15875],[89.71259,25.15876],[89.71259,25.1584],[89.71239,25.1584],[89.71238,25.15804],[89.71198,25.15787],[89.71198,25.15769],[89.71158,25.15769],[89.71137,25.15734],[89.71117,25.15734],[89.71117,25.15716],[89.71097,25.15716],[89.71097,25.15698],[89.71077,25.15699],[89.71076,25.15644],[89.71036,25.15645],[89.71016,25.15609],[89.70996,25.1561],[89.71,25.1579],[89.7102,25.1579],[89.7102,25.15826],[89.7104,25.15826],[89.71042,25.15898],[89.71062,25.15897],[89.71062,25.15933],[89.71043,25.15934],[89.71043,25.1597],[89.71004,25.15971],[89.71003,25.15953],[89.70983,25.15953],[89.70983,25.15917],[89.70963,25.15917],[89.70962,25.15863],[89.70942,25.15863],[89.70943,25.15936],[89.70963,25.15935],[89.70965,25.16025],[89.70985,25.16025],[89.70986,25.16079],[89.71006,25.16079],[89.71007,25.16115],[89.71027,25.16115],[89.71027,25.16133],[89.71067,25.16132],[89.71067,25.1615],[89.71127,25.16149],[89.71127,25.16167],[89.71147,25.16167]]]}},{"type":"Feature","properties":{"kind":"land","ha":116.1},"geometry":{"type":"Polygon","coordinates":[[[89.69935,25.17867],[89.69954,25.17831],[89.69974,25.1783],[89.69973,25.17812],[89.70013,25.17812],[89.70013,25.17794],[89.70072,25.17793],[89.70091,25.17756],[89.70111,25.17756],[89.70111,25.17738],[89.7013,25.17737],[89.7013,25.17719],[89.7015,25.17719],[89.70149,25.17701],[89.70169,25.17701],[89.70168,25.17646],[89.70207,25.17628],[89.70207,25.1761],[89.70227,25.17609],[89.70226,25.17591],[89.70246,25.17591],[89.70246,25.17573],[89.70285,25.17572],[89.70285,25.17554],[89.70305,25.17554],[89.70304,25.17518],[89.70343,25.17499],[89.70343,25.17481],[89.70363,25.1748],[89.70362,25.17462],[89.70382,25.17462],[89.70382,25.17444],[89.70402,25.17444],[89.70401,25.17426],[89.70421,25.17425],[89.70421,25.17407],[89.7044,25.17407],[89.7044,25.17371],[89.70479,25.17352],[89.70479,25.17334],[89.70498,25.17334],[89.70498,25.17315],[89.70518,25.17315],[89.70517,25.17297],[89.70537,25.17297],[89.70537,25.17279],[89.70557,25.17278],[89.70556,25.1726],[89.70576,25.1726],[89.70576,25.17242],[89.70595,25.17241],[89.70595,25.17223],[89.70615,25.17223],[89.70615,25.17205],[89.70634,25.17205],[89.70653,25.17132],[89.70692,25.17113],[89.70691,25.17095],[89.70711,25.17095],[89.70711,25.17077],[89.70731,25.17077],[89.7073,25.17059],[89.7075,25.17058],[89.7075,25.1704],[89.70789,25.17039],[89.70789,25.17021],[89.70829,25.17021],[89.70828,25.17003],[89.70868,25.17002],[89.70867,25.16984],[89.70887,25.16983],[89.70885,25.16893],[89.70925,25.16874],[89.70924,25.16856],[89.70944,25.16856],[89.70941,25.1673],[89.70961,25.16729],[89.7096,25.16675],[89.7098,25.16675],[89.70976,25.16513],[89.70956,25.16513],[89.70957,25.16549],[89.70918,25.16568],[89.70918,25.16586],[89.70898,25.16586],[89.70899,25.16604],[89.70859,25.16605],[89.70859,25.16623],[89.7084,25.16623],[89.70839,25.16605],[89.708,25.16606],[89.70781,25.16642],[89.70741,25.16643],[89.70722,25.1668],[89.70702,25.1668],[89.70702,25.16698],[89.70683,25.16698],[89.70683,25.16735],[89.70605,25.16754],[89.70586,25.1679],[89.70566,25.16791],[89.70566,25.16809],[89.70467,25.16811],[89.70469,25.16883],[89.70449,25.16883],[89.7045,25.16919],[89.7041,25.16938],[89.70411,25.16956],[89.70391,25.16956],[89.70392,25.16993],[89.70372,25.16993],[89.70373,25.17029],[89.70353,25.17029],[89.70353,25.17047],[89.70254,25.17049],[89.70254,25.17031],[89.70194,25.17032],[89.70194,25.17014],[89.70134,25.17015],[89.70134,25.16997],[89.70114,25.16998],[89.70113,25.16962],[89.70093,25.16962],[89.70091,25.16854],[89.70111,25.16853],[89.70099,25.16312],[89.70079,25.16312],[89.70078,25.16276],[89.70098,25.16276],[89.70086,25.15717],[89.70106,25.15716],[89.70104,25.15644],[89.70124,25.15644],[89.70122,25.15572],[89.70142,25.15571],[89.70141,25.15517],[89.70121,25.15517],[89.70122,25.15554],[89.70083,25.15572],[89.70083,25.1559],[89.70024,25.15591],[89.70024,25.15609],[89.70004,25.1561],[89.70005,25.15646],[89.69985,25.15646],[89.69986,25.157],[89.69947,25.15719],[89.69948,25.15737],[89.69928,25.15738],[89.69928,25.15774],[89.69909,25.15774],[89.6991,25.15828],[89.6989,25.15829],[89.69891,25.15865],[89.69871,25.15865],[89.69873,25.15937],[89.69853,25.15937],[89.69854,25.15974],[89.69834,25.15974],[89.69835,25.16028],[89.69815,25.16028],[89.69816,25.16083],[89.69796,25.16083],[89.69797,25.16119],[89.69777,25.16119],[89.69779,25.1621],[89.6976,25.1621],[89.6976,25.16246],[89.69741,25.16246],[89.69742,25.163],[89.69722,25.16301],[89.69724,25.16409],[89.69705,25.16409],[89.69706,25.16464],[89.69686,25.16464],[89.69691,25.1668],[89.6971,25.1668],[89.69714,25.16842],[89.69734,25.16842],[89.69736,25.1695],[89.69756,25.1695],[89.69757,25.17004],[89.69777,25.17004],[89.69779,25.17094],[89.69799,25.17094],[89.698,25.17148],[89.6982,25.17147],[89.69822,25.1722],[89.69841,25.17219],[89.69844,25.17327],[89.69864,25.17327],[89.69865,25.17381],[89.69885,25.17381],[89.69887,25.17507],[89.69868,25.17507],[89.69869,25.1758],[89.69889,25.17579],[89.69891,25.17669],[89.69871,25.1767],[89.69875,25.17868],[89.69935,25.17867]],[[89.70589,25.16953],[89.70629,25.16952],[89.70648,25.16916],[89.70687,25.16915],[89.70688,25.16951],[89.70649,25.1697],[89.70649,25.16988],[89.7061,25.16989],[89.7061,25.17007],[89.7059,25.17007],[89.70589,25.16953]],[[89.70666,25.16861],[89.70647,25.16862],[89.70646,25.16825],[89.70685,25.16825],[89.70685,25.16807],[89.70745,25.16806],[89.70744,25.16788],[89.70764,25.16787],[89.70765,25.16823],[89.70725,25.16842],[89.70726,25.1686],[89.70706,25.1686],[89.70706,25.16878],[89.70667,25.16879],[89.70666,25.16861]],[[89.69708,25.1659],[89.69728,25.1659],[89.69729,25.16608],[89.69709,25.16608],[89.69708,25.1659]]]}},{"type":"Feature","properties":{"kind":"land","ha":12.6},"geometry":{"type":"Polygon","coordinates":[[[89.60118,25.17014],[89.60118,25.16978],[89.60137,25.16978],[89.60135,25.16852],[89.60155,25.16851],[89.60154,25.16815],[89.60174,25.16815],[89.60173,25.16797],[89.60233,25.16796],[89.60231,25.16724],[89.60211,25.16724],[89.6019,25.16652],[89.6015,25.16635],[89.6015,25.16617],[89.6013,25.16617],[89.6013,25.16635],[89.60091,25.16636],[89.6009,25.16618],[89.6007,25.16618],[89.60089,25.16582],[89.60109,25.16581],[89.60106,25.16437],[89.60086,25.16437],[89.60084,25.16347],[89.60065,25.16347],[89.60062,25.16239],[89.60042,25.1624],[89.60041,25.16185],[89.60021,25.16186],[89.6002,25.16114],[89.6,25.16114],[89.59999,25.1606],[89.59979,25.1606],[89.59976,25.15934],[89.59957,25.15934],[89.59956,25.15898],[89.59936,25.15898],[89.59935,25.15844],[89.59915,25.15845],[89.59914,25.15809],[89.59874,25.15791],[89.59874,25.15755],[89.59854,25.15755],[89.59853,25.15719],[89.59813,25.15702],[89.59814,25.15738],[89.59834,25.15738],[89.59835,25.15792],[89.59854,25.15792],[89.59856,25.15882],[89.59876,25.15881],[89.59877,25.15936],[89.59897,25.15935],[89.59898,25.15989],[89.59918,25.15989],[89.59921,25.16115],[89.59961,25.16133],[89.59962,25.16205],[89.59982,25.16204],[89.59985,25.16349],[89.60005,25.16348],[89.60007,25.16421],[89.60026,25.1642],[89.60029,25.16547],[89.60009,25.16547],[89.60011,25.16637],[89.59991,25.16637],[89.59992,25.16674],[89.60012,25.16673],[89.60015,25.168],[89.60055,25.16817],[89.60056,25.16871],[89.60076,25.16871],[89.60078,25.16979],[89.60098,25.16979],[89.60099,25.17015],[89.60118,25.17014]]]}},{"type":"Feature","properties":{"kind":"land","ha":4.3},"geometry":{"type":"Polygon","coordinates":[[[89.64576,25.1587],[89.64576,25.15852],[89.64615,25.15852],[89.64615,25.15834],[89.64635,25.15833],[89.64635,25.15851],[89.64675,25.15851],[89.64654,25.15815],[89.64634,25.15815],[89.64634,25.15797],[89.64614,25.15797],[89.64613,25.15761],[89.64594,25.15762],[89.64593,25.15726],[89.64573,25.15726],[89.64573,25.15708],[89.64513,25.15709],[89.64493,25.15673],[89.64473,25.15674],[89.64454,25.1571],[89.64434,25.1571],[89.64413,25.15675],[89.64393,25.15675],[89.64393,25.15657],[89.64373,25.15657],[89.64373,25.15639],[89.64333,25.1564],[89.64313,25.15604],[89.64293,25.15605],[89.64292,25.15587],[89.64253,25.15587],[89.64232,25.15552],[89.64212,25.15552],[89.64212,25.15534],[89.64192,25.15534],[89.64192,25.15516],[89.64172,25.15517],[89.64171,25.15499],[89.64132,25.15499],[89.64131,25.15481],[89.64112,25.15482],[89.64113,25.15536],[89.64153,25.15553],[89.64153,25.15571],[89.64173,25.15571],[89.64173,25.15589],[89.64193,25.15588],[89.64194,25.15606],[89.64233,25.15606],[89.64234,25.15624],[89.64254,25.15623],[89.64254,25.15659],[89.64274,25.15659],[89.64275,25.15677],[89.64334,25.15676],[89.64355,25.15712],[89.64374,25.15712],[89.64375,25.1573],[89.64414,25.15729],[89.64435,25.15765],[89.64475,25.15764],[89.64475,25.15782],[89.64495,25.15782],[89.64494,25.15745],[89.64514,25.15745],[89.64514,25.15727],[89.64553,25.15726],[89.64554,25.15744],[89.64573,25.15744],[89.64554,25.1578],[89.64515,25.15781],[89.64516,25.15835],[89.64556,25.15853],[89.64556,25.15871],[89.64576,25.1587]]]}},{"type":"Feature","properties":{"kind":"land","ha":6.4},"geometry":{"type":"Polygon","coordinates":[[[89.64439,25.15963],[89.64439,25.15927],[89.64399,25.1591],[89.64398,25.15892],[89.64378,25.15892],[89.64378,25.15874],[89.64358,25.15874],[89.64337,25.15802],[89.64297,25.15803],[89.64276,25.15767],[89.64257,25.15768],[89.64256,25.1575],[89.64236,25.1575],[89.64236,25.15732],[89.64216,25.15732],[89.64216,25.15714],[89.64196,25.15715],[89.64196,25.15697],[89.64176,25.15697],[89.64175,25.15661],[89.64135,25.15644],[89.64135,25.15626],[89.64115,25.15626],[89.64114,25.15608],[89.64095,25.15608],[89.64094,25.1559],[89.64074,25.15591],[89.64074,25.15572],[89.64054,25.15573],[89.64054,25.15555],[89.64034,25.15555],[89.64034,25.15537],[89.64014,25.15537],[89.64013,25.15519],[89.63993,25.1552],[89.63993,25.15502],[89.63973,25.15502],[89.63972,25.15466],[89.63932,25.15449],[89.63932,25.15431],[89.63912,25.15431],[89.63912,25.15413],[89.63892,25.15413],[89.63892,25.15395],[89.63872,25.15396],[89.63871,25.15359],[89.63851,25.1536],[89.63851,25.15342],[89.63831,25.15342],[89.63832,25.15378],[89.63812,25.15379],[89.63812,25.15397],[89.63852,25.15414],[89.63853,25.15432],[89.63873,25.15432],[89.63873,25.1545],[89.63893,25.15449],[89.63893,25.15467],[89.63913,25.15467],[89.63913,25.15485],[89.63933,25.15485],[89.63934,25.15503],[89.63953,25.15502],[89.63954,25.1552],[89.63974,25.1552],[89.63974,25.15556],[89.64014,25.15574],[89.64015,25.15592],[89.64035,25.15591],[89.64035,25.15609],[89.64075,25.15609],[89.64075,25.15627],[89.64095,25.15626],[89.64096,25.1568],[89.64037,25.15681],[89.64037,25.15699],[89.63997,25.157],[89.63998,25.15718],[89.64018,25.15718],[89.6402,25.15808],[89.6406,25.15825],[89.6406,25.15843],[89.64159,25.15842],[89.64159,25.15824],[89.64297,25.15821],[89.64298,25.15839],[89.64318,25.15839],[89.64318,25.15875],[89.64358,25.15892],[89.64359,25.1591],[89.64379,25.1591],[89.64379,25.15928],[89.64399,25.15928],[89.64399,25.15946],[89.64419,25.15945],[89.64419,25.15963],[89.64439,25.15963]],[[89.64197,25.15769],[89.64237,25.15768],[89.64237,25.15786],[89.64198,25.15787],[89.64197,25.15769]]]}},{"type":"Feature","properties":{"kind":"land","ha":6.6},"geometry":{"type":"Polygon","coordinates":[[[89.70995,25.15592],[89.70992,25.15447],[89.71012,25.15447],[89.71012,25.15429],[89.70992,25.15429],[89.70991,25.15393],[89.70971,25.15394],[89.70989,25.15285],[89.70969,25.15285],[89.70968,25.15249],[89.70948,25.1525],[89.70947,25.15178],[89.70927,25.15178],[89.70926,25.1516],[89.70867,25.15161],[89.70848,25.15197],[89.70828,25.15198],[89.70827,25.15162],[89.70787,25.15144],[89.70787,25.15126],[89.70767,25.15127],[89.70766,25.15091],[89.70726,25.15091],[89.70727,25.15109],[89.70667,25.1511],[89.70667,25.15092],[89.70647,25.15093],[89.7065,25.15201],[89.70669,25.15201],[89.7067,25.15237],[89.7069,25.15236],[89.7069,25.15254],[89.7071,25.15254],[89.70709,25.152],[89.70749,25.15199],[89.70749,25.15217],[89.70809,25.15216],[89.7083,25.15288],[89.7081,25.15288],[89.70811,25.15306],[89.70851,25.15324],[89.70851,25.15342],[89.70871,25.15341],[89.70871,25.15359],[89.70891,25.15359],[89.70892,25.15413],[89.70912,25.15413],[89.70913,25.15449],[89.70933,25.15448],[89.70935,25.15539],[89.70954,25.15538],[89.70955,25.15574],[89.70975,25.15574],[89.70976,25.15592],[89.70995,25.15592]]]}},{"type":"Feature","properties":{"kind":"land","ha":6.0},"geometry":{"type":"Polygon","coordinates":[[[89.63694,25.15435],[89.63693,25.15399],[89.63733,25.15398],[89.63733,25.1538],[89.63772,25.15379],[89.63772,25.15361],[89.63792,25.15361],[89.6377,25.15289],[89.63751,25.15289],[89.6375,25.15253],[89.6371,25.15236],[89.63709,25.15218],[89.6369,25.15218],[89.63689,25.152],[89.63669,25.15201],[89.63669,25.15183],[89.63649,25.15183],[89.63649,25.15165],[89.63629,25.15165],[89.63629,25.15147],[89.63569,25.15148],[89.6357,25.15202],[89.6359,25.15202],[89.6359,25.1522],[89.6363,25.15219],[89.6363,25.15237],[89.63571,25.15238],[89.63571,25.1522],[89.63551,25.15221],[89.63551,25.15239],[89.63512,25.1524],[89.63511,25.15222],[89.63491,25.15222],[89.63491,25.15186],[89.63471,25.15186],[89.6347,25.1515],[89.6343,25.15151],[89.63431,25.15205],[89.63412,25.15205],[89.63412,25.15241],[89.63393,25.15242],[89.63393,25.1526],[89.63413,25.15259],[89.63414,25.15295],[89.63433,25.15295],[89.63434,25.15313],[89.63513,25.15312],[89.63513,25.1533],[89.63553,25.15329],[89.63554,25.15365],[89.63574,25.15365],[89.63574,25.15383],[89.63634,25.15382],[89.63633,25.15364],[89.63653,25.15363],[89.63654,25.15418],[89.63674,25.15417],[89.63674,25.15435],[89.63694,25.15435]],[[89.63611,25.15256],[89.63651,25.15255],[89.63671,25.15291],[89.63691,25.15291],[89.63691,25.15309],[89.63612,25.1531],[89.63611,25.15256]]]}},{"type":"Feature","properties":{"kind":"land","ha":23.6},"geometry":{"type":"Polygon","coordinates":[[[89.61599,25.15779],[89.61599,25.15761],[89.61639,25.1576],[89.61638,25.15742],[89.61777,25.1574],[89.61796,25.15703],[89.61816,25.15703],[89.61815,25.15667],[89.61854,25.15648],[89.61853,25.15576],[89.61873,25.15575],[89.61872,25.15557],[89.61932,25.15556],[89.61931,25.15538],[89.61971,25.15538],[89.6199,25.15501],[89.6201,25.15501],[89.62006,25.1532],[89.61967,25.15339],[89.61969,25.15429],[89.61929,25.1543],[89.61909,25.15394],[89.61809,25.15396],[89.61807,25.15306],[89.61847,25.15287],[89.61846,25.15269],[89.61866,25.15269],[89.61866,25.15251],[89.61886,25.1525],[89.61885,25.15232],[89.61905,25.15232],[89.61906,25.15268],[89.61886,25.15268],[89.61886,25.15286],[89.61966,25.15285],[89.61985,25.15249],[89.62024,25.15248],[89.62024,25.1523],[89.61984,25.15231],[89.61984,25.15213],[89.61786,25.15216],[89.61785,25.1518],[89.61745,25.15163],[89.61743,25.1509],[89.61724,25.15091],[89.61723,25.15055],[89.61703,25.15055],[89.61704,25.15091],[89.61684,25.15091],[89.61685,25.15128],[89.61665,25.15128],[89.61667,25.15218],[89.61687,25.15218],[89.61687,25.15254],[89.61707,25.15254],[89.61708,25.15272],[89.61688,25.15272],[89.61688,25.1529],[89.61609,25.15291],[89.6159,25.15328],[89.6153,25.15329],[89.61511,25.15365],[89.61491,25.15366],[89.61493,25.1542],[89.61473,25.1542],[89.61474,25.15456],[89.61454,25.15457],[89.61456,25.15583],[89.61476,25.15582],[89.61478,25.15655],[89.61498,25.15654],[89.61498,25.1569],[89.61518,25.1569],[89.61519,25.15726],[89.61539,25.15726],[89.6154,25.15762],[89.61579,25.15761],[89.6158,25.15779],[89.61599,25.15779]],[[89.61752,25.15487],[89.61772,25.15487],[89.61772,25.15523],[89.61753,25.15523],[89.61752,25.15487]]]}},{"type":"Feature","properties":{"kind":"land","ha":13.4},"geometry":{"type":"Polygon","coordinates":[[[89.72494,25.15221],[89.72493,25.15149],[89.72473,25.15149],[89.72472,25.15131],[89.72492,25.15131],[89.72491,25.15059],[89.7251,25.15059],[89.72508,25.14968],[89.72528,25.14968],[89.72527,25.14932],[89.72488,25.14933],[89.72466,25.14825],[89.72446,25.14825],[89.72465,25.14789],[89.72445,25.14789],[89.72445,25.14771],[89.72464,25.14771],[89.72464,25.14735],[89.72483,25.14734],[89.72483,25.14698],[89.72443,25.14681],[89.72441,25.14591],[89.72401,25.14609],[89.72402,25.14627],[89.72382,25.14628],[89.72383,25.147],[89.72304,25.14683],[89.72283,25.14648],[89.72244,25.14648],[89.72243,25.1463],[89.72203,25.14631],[89.72205,25.14685],[89.72245,25.14702],[89.72245,25.14721],[89.72206,25.14739],[89.72207,25.14775],[89.72167,25.14758],[89.72166,25.1474],[89.72146,25.1474],[89.72146,25.14722],[89.72126,25.14723],[89.72126,25.14705],[89.72086,25.14705],[89.72086,25.14687],[89.72026,25.14688],[89.72047,25.14724],[89.72067,25.14724],[89.72068,25.1476],[89.72107,25.14759],[89.72128,25.14795],[89.72187,25.14794],[89.72208,25.14829],[89.72228,25.14829],[89.72229,25.14883],[89.72269,25.14901],[89.72269,25.14919],[89.72289,25.14918],[89.7229,25.14936],[89.72309,25.14936],[89.72312,25.15044],[89.72332,25.15044],[89.72333,25.15098],[89.72373,25.15115],[89.72373,25.15133],[89.72393,25.15133],[89.72394,25.15169],[89.72414,25.15169],[89.72415,25.15205],[89.72434,25.15204],[89.72435,25.15222],[89.72494,25.15221]]]}},{"type":"Feature","properties":{"kind":"land","ha":4.9},"geometry":{"type":"Polygon","coordinates":[[[89.63348,25.15008],[89.63347,25.1499],[89.63407,25.14989],[89.63407,25.14971],[89.63466,25.1497],[89.63466,25.14952],[89.63446,25.14952],[89.63445,25.14916],[89.63425,25.14916],[89.63424,25.1488],[89.63405,25.1488],[89.63404,25.14844],[89.63384,25.14845],[89.63383,25.14809],[89.63344,25.14809],[89.63344,25.14827],[89.63364,25.14827],[89.63365,25.14863],[89.63305,25.14864],[89.63285,25.14828],[89.63225,25.1483],[89.63204,25.14794],[89.63185,25.14794],[89.63183,25.14722],[89.63163,25.14722],[89.63164,25.1474],[89.63144,25.14741],[89.63145,25.14777],[89.63125,25.14777],[89.63126,25.14813],[89.63066,25.14814],[89.63067,25.1485],[89.63047,25.14851],[89.63047,25.14869],[89.63087,25.14886],[89.63088,25.14904],[89.63108,25.14904],[89.63108,25.14922],[89.63148,25.14921],[89.63168,25.14957],[89.63188,25.14957],[89.63186,25.14866],[89.63246,25.14865],[89.63246,25.14883],[89.63266,25.14883],[89.63267,25.14919],[89.63286,25.14919],[89.63287,25.14955],[89.63307,25.14954],[89.63308,25.15009],[89.63348,25.15008]]]}},{"type":"Feature","properties":{"kind":"land","ha":3.6},"geometry":{"type":"Polygon","coordinates":[[[89.72939,25.14726],[89.72939,25.14708],[89.72919,25.14708],[89.72917,25.14636],[89.72957,25.14617],[89.72956,25.14599],[89.72976,25.14599],[89.72976,25.14581],[89.73015,25.1458],[89.73015,25.14544],[89.72975,25.14545],[89.72974,25.14527],[89.72895,25.14528],[89.72896,25.14546],[89.72856,25.14547],[89.72835,25.14511],[89.72796,25.14512],[89.72777,25.14548],[89.72737,25.14549],[89.72739,25.14657],[89.7278,25.14675],[89.72779,25.14657],[89.72819,25.14656],[89.72818,25.14638],[89.72838,25.14637],[89.72839,25.14655],[89.72858,25.14655],[89.72859,25.14691],[89.72899,25.14708],[89.729,25.14727],[89.72939,25.14726]]]}},{"type":"Feature","properties":{"kind":"land","ha":6.0},"geometry":{"type":"Polygon","coordinates":[[[89.74218,25.15171],[89.74218,25.15153],[89.74238,25.15153],[89.74237,25.15117],[89.74257,25.15117],[89.74255,25.15044],[89.74275,25.15044],[89.74273,25.14954],[89.74293,25.14953],[89.74292,25.14917],[89.74312,25.14917],[89.74311,25.14881],[89.74331,25.14881],[89.74348,25.14772],[89.74368,25.14772],[89.74367,25.14735],[89.74387,25.14735],[89.74386,25.14681],[89.74406,25.14681],[89.74403,25.14572],[89.74423,25.14572],[89.74422,25.14518],[89.74442,25.14518],[89.74439,25.14391],[89.74419,25.14392],[89.7442,25.14446],[89.744,25.14446],[89.74402,25.145],[89.74382,25.14501],[89.74383,25.14537],[89.74363,25.14537],[89.74364,25.14573],[89.74344,25.14573],[89.74345,25.14646],[89.74326,25.14646],[89.74327,25.14718],[89.74307,25.14719],[89.74309,25.14773],[89.74269,25.14791],[89.7427,25.14846],[89.74251,25.14846],[89.74251,25.14882],[89.74232,25.14882],[89.74233,25.14936],[89.74213,25.14937],[89.74214,25.14973],[89.74175,25.14992],[89.74175,25.1501],[89.74155,25.1501],[89.74157,25.151],[89.74137,25.15101],[89.74138,25.15137],[89.74178,25.15154],[89.74179,25.15172],[89.74218,25.15171]]]}},{"type":"Feature","properties":{"kind":"land","ha":9.2},"geometry":{"type":"Polygon","coordinates":[[[89.71674,25.14893],[89.71674,25.14875],[89.71693,25.14875],[89.71693,25.14857],[89.71713,25.14857],[89.71733,25.14892],[89.71753,25.14892],[89.71754,25.1491],[89.71793,25.14909],[89.71812,25.14873],[89.71832,25.14872],[89.71831,25.14836],[89.71851,25.14836],[89.71849,25.14728],[89.71829,25.14728],[89.71828,25.14692],[89.71808,25.14692],[89.71807,25.14656],[89.71768,25.14657],[89.71767,25.14621],[89.71827,25.1462],[89.71827,25.14638],[89.71847,25.14638],[89.71848,25.14674],[89.71867,25.14673],[89.71868,25.14709],[89.71908,25.14709],[89.71908,25.14727],[89.71987,25.14725],[89.72006,25.14653],[89.72026,25.14652],[89.72005,25.14617],[89.71985,25.14617],[89.71985,25.14599],[89.71965,25.14599],[89.71964,25.14563],[89.71885,25.14565],[89.71864,25.14529],[89.71844,25.14529],[89.71844,25.14493],[89.71863,25.14493],[89.71862,25.14439],[89.71842,25.14439],[89.71842,25.14421],[89.71822,25.14421],[89.71823,25.14458],[89.71803,25.14458],[89.71803,25.14476],[89.71764,25.14477],[89.71745,25.14513],[89.71725,25.14513],[89.71725,25.14532],[89.71706,25.14532],[89.71706,25.1455],[89.71726,25.1455],[89.71728,25.1464],[89.71689,25.14659],[89.71692,25.14803],[89.71672,25.14803],[89.71672,25.14821],[89.71633,25.14822],[89.71635,25.14912],[89.71674,25.14893]]]}},{"type":"Feature","properties":{"kind":"land","ha":7.0},"geometry":{"type":"Polygon","coordinates":[[[89.72302,25.14593],[89.72301,25.14575],[89.72242,25.14576],[89.72221,25.1454],[89.72201,25.14541],[89.72221,25.14504],[89.7232,25.14503],[89.7234,25.14538],[89.7236,25.14538],[89.7236,25.14556],[89.7238,25.14556],[89.72379,25.14519],[89.72419,25.14501],[89.72418,25.14465],[89.72339,25.14466],[89.72338,25.1443],[89.72358,25.1443],[89.72357,25.14412],[89.72318,25.14412],[89.72297,25.14377],[89.72277,25.14377],[89.72277,25.14359],[89.72257,25.14359],[89.72257,25.14377],[89.72218,25.14378],[89.72197,25.14342],[89.72177,25.14343],[89.72177,25.14325],[89.72157,25.14325],[89.72157,25.14307],[89.72137,25.14307],[89.72136,25.14289],[89.72117,25.1429],[89.72095,25.14218],[89.72056,25.14219],[89.72057,25.14273],[89.72037,25.14273],[89.72038,25.14309],[89.72058,25.14309],[89.72059,25.14381],[89.72099,25.14398],[89.721,25.14434],[89.7212,25.14434],[89.72121,25.14488],[89.72101,25.14489],[89.72102,25.14507],[89.72062,25.14507],[89.72062,25.14525],[89.72102,25.14543],[89.72103,25.14561],[89.72123,25.1456],[89.72123,25.14578],[89.72143,25.14578],[89.72143,25.14596],[89.72183,25.14595],[89.72183,25.14613],[89.72302,25.14593]]]}},{"type":"Feature","properties":{"kind":"land","ha":13.6},"geometry":{"type":"Polygon","coordinates":[[[89.61509,25.15239],[89.61508,25.15203],[89.61528,25.15203],[89.61527,25.15166],[89.61547,25.15166],[89.61546,25.15148],[89.61506,25.15131],[89.61505,25.15095],[89.61466,25.15095],[89.61465,25.15077],[89.61426,25.15078],[89.61425,25.1506],[89.61406,25.1506],[89.61405,25.15024],[89.61425,25.15024],[89.61424,25.1497],[89.61443,25.14969],[89.61442,25.14915],[89.61343,25.14917],[89.61341,25.14809],[89.61321,25.14809],[89.6132,25.14755],[89.61359,25.14736],[89.61359,25.14718],[89.61398,25.14717],[89.61399,25.14754],[89.61419,25.14753],[89.61419,25.14771],[89.61459,25.14753],[89.61454,25.14554],[89.61316,25.14556],[89.61314,25.14502],[89.61354,25.14484],[89.61353,25.14466],[89.61393,25.14465],[89.61393,25.14447],[89.61432,25.14446],[89.61431,25.14392],[89.61392,25.14411],[89.61392,25.14429],[89.61353,25.14429],[89.61351,25.14339],[89.61331,25.1434],[89.6133,25.14322],[89.61271,25.14323],[89.61271,25.14341],[89.61232,25.14341],[89.61232,25.14359],[89.61252,25.14359],[89.61253,25.14395],[89.61272,25.14395],[89.61274,25.14485],[89.61255,25.14485],[89.61257,25.14594],[89.61218,25.14612],[89.61221,25.14757],[89.6124,25.14756],[89.61242,25.14829],[89.61262,25.14828],[89.61263,25.14864],[89.61282,25.14864],[89.61285,25.1499],[89.61305,25.1499],[89.61306,25.15026],[89.61346,25.15043],[89.61346,25.15061],[89.61366,25.15061],[89.61369,25.15223],[89.61409,25.15241],[89.6141,25.15259],[89.6143,25.15258],[89.6143,25.15276],[89.61509,25.15239]]]}},{"type":"Feature","properties":{"kind":"land","ha":3.6},"geometry":{"type":"Polygon","coordinates":[[[89.69463,25.14428],[89.69462,25.1441],[89.69482,25.1441],[89.6948,25.14338],[89.69461,25.14338],[89.69459,25.14284],[89.69499,25.14283],[89.69498,25.14229],[89.69458,25.14212],[89.69457,25.14194],[89.69438,25.14194],[89.69437,25.14176],[89.69417,25.14177],[89.69417,25.14159],[89.69378,25.14177],[89.69379,25.14213],[89.69359,25.14214],[89.69359,25.14232],[89.69339,25.14232],[89.69342,25.14358],[89.69322,25.14359],[89.69323,25.14395],[89.69343,25.14395],[89.69343,25.14413],[89.69383,25.14412],[89.69383,25.1443],[89.69463,25.14428]]]}},{"type":"Feature","properties":{"kind":"land","ha":33.4},"geometry":{"type":"Polygon","coordinates":[[[89.70935,25.14636],[89.70935,25.14654],[89.70955,25.14654],[89.70955,25.14672],[89.70995,25.14671],[89.70995,25.14689],[89.71035,25.14689],[89.71035,25.14707],[89.71075,25.14706],[89.71075,25.14724],[89.71174,25.14722],[89.71173,25.14668],[89.71153,25.14668],[89.71153,25.1465],[89.71193,25.1465],[89.71193,25.14686],[89.71213,25.14685],[89.71213,25.14667],[89.71272,25.14666],[89.71272,25.14648],[89.71312,25.14647],[89.71331,25.14611],[89.7137,25.1461],[89.7137,25.14592],[89.71409,25.14591],[89.71409,25.14573],[89.71449,25.14573],[89.71449,25.14591],[89.71469,25.1459],[89.7147,25.14644],[89.7145,25.14645],[89.71452,25.14699],[89.71471,25.14699],[89.71472,25.14735],[89.71492,25.14734],[89.71492,25.14752],[89.71532,25.14752],[89.71532,25.1477],[89.71592,25.14769],[89.71591,25.14751],[89.71611,25.1475],[89.7161,25.14714],[89.7163,25.14714],[89.71629,25.14642],[89.71589,25.1466],[89.7159,25.14678],[89.7157,25.14679],[89.7157,25.14697],[89.71551,25.14697],[89.7155,25.14679],[89.7153,25.14679],[89.71528,25.14571],[89.71488,25.14572],[89.71488,25.14554],[89.71448,25.14555],[89.71448,25.14537],[89.71428,25.14537],[89.71427,25.14501],[89.71387,25.14484],[89.71386,25.14447],[89.71367,25.14448],[89.71366,25.14412],[89.71326,25.14394],[89.71325,25.14376],[89.71306,25.14377],[89.71305,25.14359],[89.71285,25.14359],[89.71285,25.14341],[89.71265,25.14341],[89.71264,25.14305],[89.71245,25.14306],[89.71243,25.14252],[89.71263,25.14251],[89.71262,25.14197],[89.71222,25.14198],[89.71222,25.1418],[89.71202,25.1418],[89.712,25.1409],[89.7118,25.1409],[89.7118,25.14072],[89.7114,25.14073],[89.71142,25.14145],[89.71162,25.14145],[89.71162,25.14181],[89.71123,25.14182],[89.71102,25.14146],[89.71063,25.14147],[89.71062,25.14129],[89.71023,25.14129],[89.71044,25.14201],[89.71064,25.14201],[89.71064,25.14219],[89.71044,25.14219],[89.71045,25.14255],[89.71085,25.14273],[89.71086,25.14327],[89.71106,25.14326],[89.71107,25.14362],[89.71127,25.14362],[89.71128,25.14398],[89.71147,25.14398],[89.71128,25.14434],[89.71069,25.14435],[89.7107,25.14471],[89.7105,25.14472],[89.71091,25.14543],[89.71032,25.14544],[89.71013,25.14581],[89.70973,25.14581],[89.70972,25.14545],[89.70932,25.14528],[89.70932,25.1451],[89.70872,25.14511],[89.70853,25.14548],[89.70833,25.14548],[89.70834,25.14566],[89.70794,25.14567],[89.70795,25.14585],[89.70775,25.14585],[89.70777,25.14675],[89.70797,25.14675],[89.70797,25.14693],[89.70777,25.14693],[89.70782,25.14928],[89.70802,25.14927],[89.70803,25.14964],[89.70783,25.14964],[89.70784,25.14982],[89.70803,25.14982],[89.70805,25.15036],[89.70845,25.15053],[89.70845,25.15089],[89.70885,25.15106],[89.70886,25.15124],[89.70906,25.15124],[89.70906,25.15142],[89.70926,25.15142],[89.70926,25.1516],[89.71025,25.15158],[89.71044,25.15122],[89.71064,25.15121],[89.71065,25.15139],[89.71084,25.15139],[89.71085,25.15175],[89.71184,25.15173],[89.71203,25.15137],[89.71223,25.15136],[89.71223,25.15118],[89.71243,25.15118],[89.71242,25.151],[89.71262,25.151],[89.7126,25.15027],[89.71221,25.15046],[89.71222,25.15064],[89.71202,25.15065],[89.71202,25.15083],[89.71182,25.15083],[89.71162,25.15047],[89.71122,25.15048],[89.71122,25.1503],[89.71102,25.1503],[89.711,25.1494],[89.7108,25.1494],[89.71079,25.14904],[89.71119,25.14886],[89.71118,25.14868],[89.71078,25.14868],[89.71078,25.1485],[89.70979,25.14852],[89.70979,25.14834],[89.7086,25.14836],[89.70859,25.14818],[89.70839,25.14818],[89.70838,25.14746],[89.70858,25.14746],[89.70856,25.14692],[89.70896,25.14673],[89.70895,25.14655],[89.70915,25.14655],[89.70915,25.14637],[89.70935,25.14636]],[[89.70875,25.14637],[89.70874,25.14565],[89.70913,25.14564],[89.70915,25.14637],[89.70875,25.14637]],[[89.71111,25.14561],[89.7119,25.14541],[89.71189,25.14487],[89.71229,25.14486],[89.7123,25.14541],[89.71191,25.14559],[89.71191,25.14577],[89.71171,25.14578],[89.71172,25.14596],[89.71132,25.14597],[89.71111,25.14561]]]}},{"type":"Feature","properties":{"kind":"land","ha":3.9},"geometry":{"type":"Polygon","coordinates":[[[89.6306,25.14526],[89.63059,25.1449],[89.63079,25.14489],[89.63078,25.14453],[89.63058,25.14453],[89.63057,25.14399],[89.63037,25.144],[89.63037,25.14364],[89.62997,25.14346],[89.62996,25.14328],[89.62976,25.14329],[89.62976,25.14311],[89.62956,25.14311],[89.62956,25.14293],[89.62936,25.14293],[89.62936,25.14275],[89.62896,25.14276],[89.62896,25.14258],[89.62836,25.14259],[89.62815,25.14223],[89.62736,25.14225],[89.62736,25.14206],[89.62676,25.14208],[89.62718,25.14279],[89.62797,25.14278],[89.62797,25.14296],[89.62837,25.14295],[89.62857,25.14331],[89.62877,25.1433],[89.62878,25.14348],[89.62897,25.14348],[89.62898,25.14366],[89.62918,25.14366],[89.62918,25.14402],[89.62958,25.14419],[89.62959,25.14455],[89.62999,25.14473],[89.63,25.14509],[89.6304,25.14508],[89.6304,25.14526],[89.6306,25.14526]]]}},{"type":"Feature","properties":{"kind":"land","ha":9.5},"geometry":{"type":"Polygon","coordinates":[[[89.72618,25.14533],[89.72617,25.14515],[89.72637,25.14515],[89.72637,25.14497],[89.72617,25.14497],[89.72615,25.14425],[89.72635,25.14425],[89.72635,25.14407],[89.72674,25.14406],[89.72673,25.14334],[89.72653,25.14334],[89.72651,25.14244],[89.72611,25.14226],[89.72611,25.14208],[89.72571,25.14209],[89.7257,25.14191],[89.72531,25.14192],[89.7253,25.14174],[89.72491,25.14175],[89.7249,25.14156],[89.72471,25.14157],[89.7247,25.14121],[89.7245,25.14121],[89.72449,25.14085],[89.72489,25.14084],[89.72487,25.14012],[89.72507,25.14012],[89.72507,25.13994],[89.72467,25.13994],[89.72467,25.13976],[89.72447,25.13977],[89.72465,25.13904],[89.72445,25.13905],[89.72426,25.13941],[89.72406,25.13941],[89.72406,25.13923],[89.72366,25.13924],[89.72367,25.13942],[89.72347,25.13943],[89.72348,25.13997],[89.72388,25.14014],[89.72388,25.14032],[89.72408,25.14032],[89.7241,25.14104],[89.7239,25.14104],[89.72391,25.14158],[89.72312,25.14178],[89.72313,25.14196],[89.72353,25.14213],[89.72353,25.14231],[89.72413,25.1423],[89.72414,25.14284],[89.72453,25.14265],[89.72476,25.14409],[89.72515,25.14391],[89.72516,25.14409],[89.72536,25.14408],[89.72537,25.14462],[89.72517,25.14463],[89.72519,25.14535],[89.72618,25.14533]]]}},{"type":"Feature","properties":{"kind":"land","ha":86.1},"geometry":{"type":"Polygon","coordinates":[[[89.68121,25.16547],[89.6812,25.16492],[89.681,25.16493],[89.68099,25.16457],[89.68079,25.16457],[89.68078,25.16403],[89.68058,25.16403],[89.68057,25.16331],[89.68037,25.16331],[89.68036,25.16295],[89.68016,25.16296],[89.68016,25.1626],[89.67996,25.1626],[89.67994,25.16206],[89.67975,25.16206],[89.67973,25.16134],[89.67953,25.16134],[89.67952,25.16098],[89.67933,25.16099],[89.67932,25.16081],[89.67912,25.16081],[89.67891,25.16009],[89.67871,25.1601],[89.6787,25.15974],[89.67851,25.15974],[89.6785,25.15938],[89.6783,25.15938],[89.67829,25.15902],[89.67809,25.15902],[89.67808,25.15848],[89.67788,25.15849],[89.67788,25.15813],[89.67768,25.15813],[89.67767,25.15759],[89.67747,25.15759],[89.67746,25.15723],[89.67726,25.15723],[89.67725,25.15687],[89.67706,25.15688],[89.67705,25.15652],[89.67685,25.15652],[89.67683,25.1558],[89.67664,25.1558],[89.67663,25.15544],[89.67643,25.15544],[89.67642,25.1549],[89.67622,25.15491],[89.67621,25.15455],[89.67601,25.15455],[89.67599,25.15365],[89.6758,25.15365],[89.67578,25.15293],[89.67558,25.15293],[89.67557,25.15239],[89.67537,25.1524],[89.67535,25.15131],[89.67515,25.15132],[89.67514,25.15078],[89.67494,25.15078],[89.67491,25.14952],[89.67471,25.14952],[89.67471,25.14916],[89.67451,25.14916],[89.6745,25.1488],[89.6743,25.1488],[89.67428,25.14772],[89.67408,25.14773],[89.67407,25.14718],[89.67387,25.14719],[89.67386,25.14665],[89.67366,25.14665],[89.67365,25.14611],[89.67325,25.14594],[89.67346,25.14665],[89.67307,25.14684],[89.67307,25.14702],[89.67287,25.14703],[89.67288,25.14739],[89.67308,25.14738],[89.67308,25.14756],[89.67269,25.14757],[89.67268,25.14739],[89.67249,25.14739],[89.67268,25.14703],[89.67208,25.14704],[89.67188,25.14668],[89.67168,25.14669],[89.67186,25.14596],[89.67206,25.14596],[89.67205,25.1456],[89.67165,25.14542],[89.67164,25.14506],[89.67184,25.14506],[89.67182,25.14434],[89.67143,25.14434],[89.67142,25.14416],[89.67123,25.14417],[89.67121,25.14363],[89.67141,25.14362],[89.6714,25.14326],[89.6716,25.14326],[89.67159,25.1429],[89.67179,25.14289],[89.67179,25.14253],[89.67218,25.14253],[89.67216,25.14144],[89.67176,25.14127],[89.67175,25.14109],[89.67156,25.14109],[89.67155,25.14091],[89.67175,25.14091],[89.67174,25.14055],[89.67213,25.14036],[89.67213,25.14018],[89.67134,25.14019],[89.67133,25.14001],[89.67114,25.14002],[89.67114,25.1402],[89.67054,25.14021],[89.67054,25.14003],[89.67034,25.14003],[89.67033,25.13967],[89.67014,25.13967],[89.67013,25.13949],[89.67033,25.13949],[89.67031,25.13859],[89.67051,25.13859],[89.67051,25.1384],[89.67031,25.13841],[89.6703,25.13805],[89.6701,25.13805],[89.6701,25.13787],[89.6697,25.13788],[89.66971,25.13824],[89.66951,25.13824],[89.66953,25.13914],[89.66993,25.13932],[89.66994,25.13968],[89.66974,25.13968],[89.66976,25.1404],[89.66956,25.14041],[89.66957,25.14077],[89.66937,25.14077],[89.66938,25.14113],[89.66918,25.14114],[89.66919,25.14186],[89.66939,25.14185],[89.66939,25.14203],[89.6692,25.14204],[89.6692,25.14222],[89.6688,25.14223],[89.6688,25.14205],[89.6686,25.14205],[89.66866,25.14494],[89.66886,25.14493],[89.66889,25.14601],[89.66929,25.14619],[89.66929,25.14655],[89.66949,25.14655],[89.66971,25.14762],[89.66991,25.14762],[89.66992,25.14816],[89.67012,25.14816],[89.67013,25.1487],[89.67033,25.1487],[89.67034,25.14906],[89.67054,25.14905],[89.67055,25.14959],[89.67075,25.14959],[89.67076,25.14995],[89.67096,25.14995],[89.67097,25.15049],[89.67117,25.15049],[89.67117,25.15085],[89.67137,25.15084],[89.67138,25.15138],[89.67099,25.15157],[89.671,25.15193],[89.6704,25.15194],[89.6702,25.15159],[89.67,25.15159],[89.67,25.15141],[89.6696,25.15142],[89.6696,25.15124],[89.6692,25.15124],[89.6692,25.15142],[89.66841,25.15144],[89.66845,25.15342],[89.66825,25.15343],[89.66826,25.15361],[89.66865,25.1536],[89.66867,25.15432],[89.66907,25.15431],[89.66907,25.15449],[89.66947,25.15449],[89.66946,25.15413],[89.66986,25.15412],[89.66987,25.15484],[89.67007,25.15484],[89.67008,25.15538],[89.67028,25.15538],[89.67028,25.15556],[89.67068,25.15555],[89.67068,25.15573],[89.67108,25.15572],[89.67127,25.15536],[89.67167,25.15535],[89.67186,25.15499],[89.67206,25.15498],[89.67204,25.15426],[89.67224,25.15426],[89.67223,25.15408],[89.67263,25.15407],[89.67264,25.15425],[89.67283,25.15425],[89.67285,25.15479],[89.67325,25.15496],[89.67325,25.15514],[89.67365,25.15513],[89.67365,25.15549],[89.67385,25.15549],[89.67386,25.15567],[89.67425,25.15566],[89.67446,25.15602],[89.67466,25.15602],[89.67466,25.1562],[89.67486,25.15619],[89.67486,25.15638],[89.67506,25.15637],[89.67507,25.15655],[89.67526,25.15655],[89.67527,25.15691],[89.67567,25.15708],[89.67568,25.15744],[89.67608,25.15762],[89.67609,25.15798],[89.67649,25.15815],[89.6767,25.15887],[89.6771,25.15904],[89.67732,25.15976],[89.67772,25.15993],[89.67793,25.16065],[89.67813,25.16065],[89.67814,25.16119],[89.67854,25.16136],[89.67855,25.1619],[89.67895,25.16208],[89.67896,25.16244],[89.67916,25.16243],[89.67916,25.16261],[89.67936,25.16261],[89.67958,25.16333],[89.67977,25.16333],[89.67978,25.16369],[89.67998,25.16368],[89.67999,25.16404],[89.68019,25.16404],[89.68019,25.1644],[89.68059,25.16457],[89.6806,25.16493],[89.6808,25.16493],[89.68081,25.16511],[89.681,25.16511],[89.68101,25.16547],[89.68121,25.16547]],[[89.67038,25.14184],[89.67098,25.14183],[89.67098,25.14201],[89.67039,25.14202],[89.67038,25.14184]]]}},{"type":"Feature","properties":{"kind":"land","ha":9.3},"geometry":{"type":"Polygon","coordinates":[[[89.65624,25.13884],[89.65625,25.1392],[89.65605,25.13921],[89.65605,25.13939],[89.65526,25.1394],[89.65526,25.13958],[89.65705,25.13955],[89.65705,25.13973],[89.65784,25.13972],[89.65785,25.1399],[89.65824,25.13989],[89.65825,25.14007],[89.65864,25.14006],[89.65865,25.14024],[89.65904,25.14024],[89.65925,25.14059],[89.65965,25.14059],[89.65964,25.14041],[89.65984,25.1404],[89.65983,25.14004],[89.66043,25.14003],[89.66043,25.14021],[89.66123,25.1402],[89.66102,25.13984],[89.66082,25.13984],[89.66081,25.1393],[89.6612,25.13911],[89.6612,25.13893],[89.66159,25.13893],[89.66178,25.13856],[89.66198,25.13856],[89.66197,25.1382],[89.66019,25.13823],[89.66,25.13859],[89.6598,25.1386],[89.65981,25.13878],[89.65961,25.13878],[89.65962,25.13914],[89.66001,25.13914],[89.66002,25.13932],[89.66021,25.13931],[89.66002,25.13968],[89.65983,25.13968],[89.65962,25.13932],[89.65942,25.13933],[89.65942,25.13915],[89.65922,25.13915],[89.65922,25.13897],[89.65941,25.13897],[89.65941,25.1386],[89.6596,25.1386],[89.6596,25.13824],[89.6594,25.13824],[89.65939,25.13806],[89.659,25.13807],[89.65879,25.13771],[89.658,25.13773],[89.658,25.13791],[89.6582,25.1379],[89.65822,25.13881],[89.65742,25.13864],[89.65742,25.13846],[89.65663,25.13847],[89.65642,25.13812],[89.65583,25.13813],[89.65583,25.13831],[89.65623,25.1383],[89.65623,25.13848],[89.65643,25.13848],[89.65644,25.13884],[89.65624,25.13884]],[[89.65703,25.13883],[89.65704,25.13901],[89.65723,25.139],[89.65704,25.13937],[89.65684,25.13937],[89.65664,25.13902],[89.65644,25.13902],[89.65644,25.13884],[89.65703,25.13883]]]}},{"type":"Feature","properties":{"kind":"land","ha":4.8},"geometry":{"type":"Polygon","coordinates":[[[89.71379,25.14105],[89.71378,25.14069],[89.71398,25.14068],[89.71397,25.14032],[89.71436,25.14013],[89.71435,25.13941],[89.71415,25.13942],[89.71414,25.13887],[89.71295,25.1389],[89.71274,25.13854],[89.71254,25.13854],[89.71252,25.13746],[89.71351,25.13744],[89.71352,25.13798],[89.71392,25.13798],[89.71391,25.13744],[89.71371,25.13744],[89.7137,25.13708],[89.71311,25.13709],[89.71311,25.13727],[89.71291,25.13727],[89.71291,25.13709],[89.71271,25.1371],[89.71269,25.13601],[89.71249,25.13602],[89.71249,25.1362],[89.71229,25.1362],[89.71231,25.13692],[89.71211,25.13693],[89.71212,25.13711],[89.71231,25.1371],[89.71233,25.13764],[89.71213,25.13765],[89.71216,25.13891],[89.71235,25.13891],[89.71236,25.13927],[89.71256,25.13926],[89.71256,25.13945],[89.71276,25.13944],[89.71277,25.1398],[89.71297,25.1398],[89.71298,25.14034],[89.71338,25.14051],[89.71338,25.14069],[89.71358,25.14069],[89.71359,25.14105],[89.71379,25.14105]]]}},{"type":"Feature","properties":{"kind":"land","ha":4.1},"geometry":{"type":"Polygon","coordinates":[[[89.61237,25.13673],[89.61237,25.13655],[89.61277,25.13655],[89.61296,25.13618],[89.61376,25.13653],[89.61395,25.13617],[89.61414,25.13616],[89.61414,25.13598],[89.61374,25.13581],[89.61374,25.13563],[89.61295,25.13582],[89.61293,25.1351],[89.61273,25.1351],[89.61273,25.13492],[89.61233,25.13493],[89.61232,25.13421],[89.61212,25.13421],[89.6121,25.13331],[89.6119,25.13331],[89.6119,25.13295],[89.6115,25.13296],[89.61154,25.13494],[89.61174,25.13494],[89.61176,25.13584],[89.61196,25.13584],[89.61197,25.13656],[89.61217,25.13656],[89.61217,25.13674],[89.61237,25.13673]]]}},{"type":"Feature","properties":{"kind":"land","ha":147.4},"geometry":{"type":"Polygon","coordinates":[[[89.61128,25.15986],[89.61129,25.16058],[89.61149,25.16058],[89.6115,25.16112],[89.6117,25.16111],[89.61171,25.16165],[89.61191,25.16165],[89.61194,25.16309],[89.61214,25.16309],[89.61215,25.16345],[89.61235,25.16345],[89.61235,25.16381],[89.61255,25.16381],[89.61254,25.16326],[89.61234,25.16327],[89.61231,25.16182],[89.61311,25.16181],[89.61311,25.16199],[89.61331,25.16199],[89.61333,25.16289],[89.61372,25.1627],[89.61371,25.16234],[89.61391,25.16234],[89.6139,25.1618],[89.6135,25.1618],[89.61349,25.16126],[89.61329,25.16127],[89.61328,25.16054],[89.61406,25.16017],[89.61405,25.15963],[89.61385,25.15963],[89.61385,25.15945],[89.61405,25.15945],[89.61404,25.15927],[89.61464,25.15926],[89.61463,25.15872],[89.61482,25.15871],[89.61482,25.15835],[89.61442,25.15854],[89.61443,25.15872],[89.61403,25.15873],[89.61403,25.15855],[89.61383,25.15855],[89.61382,25.15819],[89.61402,25.15818],[89.61402,25.158],[89.61441,25.158],[89.61441,25.15782],[89.61461,25.15781],[89.61458,25.15637],[89.61438,25.15637],[89.61437,25.15583],[89.61417,25.15584],[89.61416,25.15529],[89.61396,25.1553],[89.61372,25.1535],[89.61352,25.1535],[89.6135,25.15242],[89.6133,25.15242],[89.61329,25.15188],[89.61309,25.15188],[89.61308,25.15152],[89.61289,25.15153],[89.61288,25.15117],[89.61268,25.15117],[89.61246,25.15009],[89.61226,25.15009],[89.61225,25.14937],[89.61205,25.14938],[89.61204,25.14883],[89.61184,25.14884],[89.61183,25.1483],[89.61143,25.14812],[89.61142,25.14794],[89.61122,25.14795],[89.61122,25.14777],[89.61083,25.14795],[89.61083,25.14813],[89.61043,25.14814],[89.61044,25.1485],[89.61024,25.1485],[89.61026,25.14905],[89.61006,25.14905],[89.61007,25.14977],[89.60968,25.14996],[89.60985,25.14887],[89.60945,25.1487],[89.60945,25.14852],[89.60905,25.14853],[89.60885,25.14817],[89.60865,25.14817],[89.60865,25.14799],[89.60845,25.14799],[89.60844,25.14781],[89.60825,25.14782],[89.60823,25.1471],[89.60862,25.14691],[89.60881,25.14618],[89.609,25.14618],[89.609,25.14582],[89.60919,25.14582],[89.60918,25.14527],[89.60938,25.14527],[89.60937,25.14491],[89.60977,25.1449],[89.6098,25.14617],[89.6096,25.14617],[89.6096,25.14635],[89.6098,25.14635],[89.60982,25.14725],[89.61022,25.14724],[89.61021,25.14706],[89.61041,25.14706],[89.6104,25.1467],[89.6108,25.14651],[89.6107,25.14218],[89.61051,25.14218],[89.6105,25.142],[89.6107,25.142],[89.61069,25.14146],[89.61029,25.14146],[89.6103,25.14164],[89.6101,25.14165],[89.61009,25.14111],[89.61048,25.14092],[89.61047,25.14074],[89.61067,25.14074],[89.61066,25.14019],[89.61026,25.14002],[89.61024,25.13894],[89.61044,25.13893],[89.61043,25.13857],[89.61063,25.13857],[89.61058,25.13659],[89.61078,25.13658],[89.61078,25.13622],[89.61097,25.13622],[89.61097,25.13604],[89.61117,25.13603],[89.61114,25.13495],[89.61095,25.13495],[89.6109,25.13279],[89.6107,25.13279],[89.61068,25.13153],[89.61087,25.13153],[89.61086,25.13099],[89.61047,25.13099],[89.61047,25.13117],[89.60988,25.13118],[89.60968,25.13155],[89.60949,25.13155],[89.60949,25.13173],[89.60909,25.13174],[89.6089,25.1321],[89.60871,25.13211],[89.60871,25.13229],[89.60851,25.13229],[89.60851,25.13247],[89.60792,25.13248],[89.60793,25.13284],[89.60852,25.13283],[89.60874,25.13355],[89.60893,25.13355],[89.60896,25.13499],[89.60857,25.13518],[89.60858,25.13572],[89.60878,25.13571],[89.60879,25.13608],[89.60899,25.13607],[89.609,25.13643],[89.6088,25.13644],[89.60881,25.13698],[89.60901,25.13697],[89.60903,25.13806],[89.60943,25.13823],[89.60945,25.13895],[89.60925,25.13896],[89.60926,25.1395],[89.60887,25.13968],[89.60887,25.13986],[89.60867,25.13987],[89.60868,25.14005],[89.60828,25.14006],[89.60807,25.13934],[89.60787,25.13934],[89.60786,25.1388],[89.60766,25.1388],[89.60765,25.13844],[89.60745,25.13845],[89.60744,25.13772],[89.60783,25.13754],[89.60781,25.13681],[89.60741,25.13664],[89.60741,25.13646],[89.60721,25.13646],[89.607,25.13575],[89.6066,25.13557],[89.60659,25.13503],[89.60678,25.13503],[89.60678,25.13485],[89.60718,25.13484],[89.60737,25.13448],[89.60757,25.13447],[89.60754,25.13339],[89.60715,25.1334],[89.60696,25.13376],[89.60676,25.13376],[89.60676,25.13395],[89.60636,25.13395],[89.60637,25.13413],[89.60617,25.13414],[89.60617,25.13432],[89.60578,25.13432],[89.60557,25.13397],[89.60537,25.13397],[89.60518,25.13433],[89.60499,25.13434],[89.60497,25.1338],[89.60458,25.1338],[89.60459,25.13434],[89.60439,25.13435],[89.6044,25.13471],[89.6042,25.13471],[89.60421,25.13525],[89.60382,25.13544],[89.60382,25.13562],[89.60362,25.13563],[89.60364,25.13635],[89.60344,25.13635],[89.60345,25.13671],[89.60325,25.13671],[89.60327,25.13744],[89.60307,25.13744],[89.60308,25.13798],[89.60288,25.13798],[89.60289,25.13853],[89.60269,25.13853],[89.60271,25.13907],[89.60251,25.13907],[89.60252,25.13962],[89.60232,25.13962],[89.60233,25.13998],[89.60213,25.13998],[89.60214,25.14034],[89.60194,25.14035],[89.60195,25.14089],[89.60175,25.14089],[89.60176,25.14125],[89.60156,25.14126],[89.60157,25.14144],[89.60176,25.14143],[89.60177,25.14179],[89.60137,25.14162],[89.60143,25.14415],[89.60162,25.14414],[89.60162,25.14378],[89.60181,25.14378],[89.6018,25.14324],[89.6016,25.14324],[89.60159,25.14234],[89.60178,25.14234],[89.60178,25.14197],[89.60197,25.14197],[89.60196,25.14143],[89.60236,25.14124],[89.60254,25.14052],[89.60293,25.14033],[89.60293,25.14015],[89.60372,25.14014],[89.60372,25.14032],[89.60392,25.14031],[89.60393,25.14067],[89.60373,25.14068],[89.60374,25.14086],[89.60334,25.14086],[89.60354,25.14122],[89.60335,25.14123],[89.60335,25.14159],[89.60316,25.14159],[89.60316,25.14195],[89.60336,25.14195],[89.60338,25.14285],[89.60358,25.14285],[89.60359,25.14339],[89.60399,25.14356],[89.60401,25.14428],[89.60381,25.14429],[89.60383,25.14519],[89.60323,25.1452],[89.60324,25.14538],[89.60284,25.14539],[89.60286,25.14611],[89.60305,25.1461],[89.60306,25.14646],[89.60326,25.14646],[89.60326,25.14664],[89.60366,25.14663],[89.60387,25.14699],[89.60406,25.14699],[89.60407,25.14735],[89.60387,25.14735],[89.60388,25.14789],[89.60429,25.14807],[89.60429,25.14825],[89.60449,25.14824],[89.60449,25.14843],[89.60509,25.14841],[89.60529,25.14877],[89.60549,25.14877],[89.60532,25.15022],[89.60572,25.15021],[89.60573,25.15057],[89.60612,25.15056],[89.60633,25.15092],[89.60653,25.15092],[89.60653,25.1511],[89.60673,25.15109],[89.60673,25.15127],[89.60733,25.15126],[89.60733,25.15144],[89.60773,25.15144],[89.60772,25.15126],[89.60753,25.15126],[89.60752,25.1509],[89.60712,25.15091],[89.60692,25.15055],[89.60652,25.15056],[89.60652,25.15038],[89.60632,25.15038],[89.60631,25.15002],[89.60592,25.15021],[89.60591,25.15002],[89.60571,25.15003],[89.6057,25.14949],[89.6061,25.1493],[89.60607,25.14822],[89.60587,25.14822],[89.60586,25.14768],[89.60606,25.14768],[89.60605,25.14731],[89.60645,25.14731],[89.60648,25.14875],[89.60628,25.14875],[89.60629,25.1493],[89.60649,25.14929],[89.6065,25.14947],[89.6063,25.14948],[89.60631,25.14984],[89.6067,25.14965],[89.60668,25.14893],[89.60688,25.14892],[89.60687,25.14856],[89.60747,25.14855],[89.60767,25.14891],[89.60787,25.14891],[89.60788,25.14927],[89.60828,25.14944],[89.60829,25.1498],[89.60849,25.1498],[89.6085,25.15034],[89.60889,25.15033],[89.6089,25.15069],[89.6093,25.15087],[89.60931,25.15123],[89.60951,25.15122],[89.60952,25.15159],[89.60991,25.15158],[89.61013,25.1523],[89.61053,25.15247],[89.61053,25.15283],[89.61034,25.15283],[89.61034,25.15302],[89.61014,25.15302],[89.61014,25.15284],[89.60974,25.15285],[89.60973,25.15248],[89.60914,25.15249],[89.60913,25.15231],[89.60874,25.15232],[89.60875,25.15268],[89.60894,25.15268],[89.60895,25.15304],[89.60915,25.15304],[89.60915,25.15322],[89.60935,25.15321],[89.60936,25.15375],[89.60956,25.15375],[89.60959,25.15483],[89.61038,25.155],[89.61039,25.15518],[89.61058,25.15518],[89.61059,25.15554],[89.61079,25.15553],[89.61082,25.15698],[89.61102,25.15697],[89.61102,25.15715],[89.61142,25.15715],[89.61143,25.15787],[89.61163,25.15787],[89.61164,25.15823],[89.61184,25.15822],[89.61184,25.1584],[89.61164,25.15841],[89.61166,25.15913],[89.61186,25.15913],[89.61186,25.15931],[89.61147,25.15949],[89.61148,25.15985],[89.61128,25.15986]],[[89.61058,25.13622],[89.61057,25.13604],[89.61077,25.13604],[89.61078,25.13622],[89.61058,25.13622]],[[89.61038,25.13605],[89.61017,25.13569],[89.61057,25.13568],[89.61057,25.13604],[89.61038,25.13605]],[[89.61187,25.15967],[89.61187,25.15949],[89.61226,25.15948],[89.61228,25.16038],[89.61189,25.16057],[89.61168,25.16021],[89.61148,25.16021],[89.61148,25.15985],[89.61187,25.15967]],[[89.61156,25.15462],[89.61196,25.15443],[89.61197,25.15515],[89.61158,25.15534],[89.61156,25.15462]],[[89.61056,25.15409],[89.61036,25.1541],[89.61036,25.15374],[89.61016,25.15374],[89.61015,25.15338],[89.61054,25.15319],[89.61054,25.15301],[89.61074,25.15301],[89.61074,25.15319],[89.61114,25.15318],[89.61113,25.15282],[89.61153,25.15281],[89.61153,25.15299],[89.61173,25.15299],[89.61174,25.15371],[89.61135,25.1539],[89.61135,25.15408],[89.61096,25.15409],[89.61096,25.15427],[89.61056,25.15427],[89.61056,25.15409]],[[89.60762,25.14657],[89.60782,25.14656],[89.60783,25.14692],[89.60763,25.14693],[89.60762,25.14657]],[[89.60424,25.1459],[89.60404,25.14591],[89.60403,25.14518],[89.60442,25.14518],[89.60443,25.14572],[89.60463,25.14572],[89.60464,25.14626],[89.60445,25.14626],[89.60424,25.1459]],[[89.60876,25.1442],[89.60896,25.14419],[89.60895,25.14383],[89.60935,25.14383],[89.60937,25.14455],[89.60897,25.14456],[89.60897,25.14474],[89.60878,25.14474],[89.60876,25.1442]],[[89.60675,25.14261],[89.60675,25.14279],[89.60695,25.14279],[89.60698,25.14405],[89.60717,25.14405],[89.60718,25.14441],[89.60679,25.14441],[89.60678,25.14405],[89.60658,25.14406],[89.60657,25.14352],[89.60637,25.14352],[89.60636,25.14298],[89.60616,25.14298],[89.60615,25.14262],[89.60675,25.14261]],[[89.60595,25.14262],[89.60575,25.14227],[89.60555,25.14227],[89.60555,25.14245],[89.60516,25.14246],[89.60494,25.14174],[89.60475,25.14174],[89.60472,25.14066],[89.60452,25.14066],[89.60446,25.1376],[89.60466,25.13759],[89.60465,25.13741],[89.60446,25.13742],[89.60444,25.13669],[89.60464,25.13669],[89.60462,25.13579],[89.60482,25.13578],[89.6048,25.13506],[89.605,25.13506],[89.605,25.13488],[89.60539,25.13487],[89.6054,25.13505],[89.6052,25.13506],[89.60521,25.1356],[89.60561,25.13577],[89.60561,25.13595],[89.60581,25.13595],[89.60581,25.13577],[89.60621,25.13576],[89.60622,25.13648],[89.60602,25.13649],[89.60604,25.13739],[89.60545,25.1374],[89.60526,25.13776],[89.60506,25.13777],[89.60506,25.13795],[89.60486,25.13795],[89.60487,25.13831],[89.60507,25.13831],[89.60507,25.13849],[89.60547,25.13848],[89.60547,25.1383],[89.60566,25.1383],[89.60566,25.13794],[89.60585,25.13793],[89.60585,25.13757],[89.60625,25.13774],[89.60625,25.13793],[89.60645,25.13792],[89.60646,25.13828],[89.60606,25.13847],[89.60608,25.13901],[89.60588,25.13901],[89.6059,25.14028],[89.60551,25.14047],[89.60553,25.14137],[89.60573,25.14136],[89.60574,25.14172],[89.60594,25.14172],[89.60594,25.1419],[89.60614,25.1419],[89.60615,25.14262],[89.60595,25.14262]],[[89.6067,25.14062],[89.6069,25.14062],[89.60691,25.14098],[89.60671,25.14099],[89.6067,25.14062]]]}},{"type":"Feature","properties":{"kind":"land","ha":19.6},"geometry":{"type":"Polygon","coordinates":[[[89.65526,25.1394],[89.65526,25.13922],[89.65506,25.13922],[89.65505,25.13904],[89.65426,25.13906],[89.65426,25.13888],[89.65366,25.13889],[89.65366,25.13871],[89.65346,25.13871],[89.65365,25.13835],[89.65345,25.13835],[89.65344,25.13799],[89.65304,25.13782],[89.65304,25.13764],[89.65284,25.13764],[89.65284,25.13746],[89.65264,25.13746],[89.65264,25.13728],[89.65244,25.13729],[89.65243,25.13711],[89.65204,25.13711],[89.65203,25.13693],[89.65144,25.13694],[89.65143,25.13676],[89.65104,25.13677],[89.65103,25.13659],[89.65064,25.13678],[89.65064,25.1366],[89.65024,25.1366],[89.65023,25.13624],[89.64983,25.13607],[89.64982,25.13553],[89.64942,25.13535],[89.64942,25.13517],[89.64922,25.13518],[89.64922,25.135],[89.64882,25.135],[89.64882,25.13482],[89.64822,25.13483],[89.64822,25.13501],[89.64803,25.13502],[89.64802,25.13466],[89.64782,25.13466],[89.6478,25.13376],[89.6476,25.13376],[89.64759,25.13322],[89.64719,25.13305],[89.64719,25.13287],[89.64659,25.13288],[89.64659,25.1327],[89.64619,25.1327],[89.64599,25.13235],[89.64559,25.13235],[89.64559,25.13217],[89.64499,25.13218],[89.645,25.13236],[89.644,25.13238],[89.644,25.1322],[89.6438,25.13221],[89.64381,25.13239],[89.64281,25.1324],[89.64281,25.13222],[89.64222,25.13223],[89.642,25.13152],[89.6416,25.13134],[89.64139,25.13062],[89.64119,25.13063],[89.64118,25.13027],[89.64098,25.13027],[89.64098,25.12991],[89.64058,25.12974],[89.6406,25.13064],[89.64079,25.13063],[89.6408,25.131],[89.641,25.13099],[89.64101,25.13135],[89.64141,25.13153],[89.64144,25.13297],[89.64184,25.13314],[89.64184,25.13332],[89.64204,25.13332],[89.64205,25.1335],[89.64244,25.13349],[89.64224,25.13314],[89.64204,25.13314],[89.64203,25.13296],[89.64184,25.13296],[89.64203,25.1326],[89.64222,25.13259],[89.64243,25.13295],[89.64263,25.13295],[89.64263,25.13313],[89.64323,25.13312],[89.64343,25.13348],[89.64403,25.13347],[89.64403,25.13365],[89.64502,25.13363],[89.64503,25.13381],[89.64562,25.1338],[89.64562,25.13398],[89.64622,25.13397],[89.64622,25.13415],[89.64682,25.13414],[89.64682,25.13432],[89.64702,25.13431],[89.64703,25.13468],[89.64723,25.13467],[89.64723,25.13503],[89.64763,25.13521],[89.64765,25.13575],[89.64784,25.13574],[89.64785,25.1361],[89.64825,25.13628],[89.64826,25.13646],[89.64845,25.13645],[89.64846,25.13663],[89.64866,25.13663],[89.64866,25.13681],[89.64886,25.13681],[89.64886,25.13699],[89.64906,25.13699],[89.64906,25.13717],[89.64926,25.13716],[89.64927,25.13734],[89.65006,25.13751],[89.65007,25.13769],[89.65046,25.13768],[89.65047,25.13786],[89.65067,25.13786],[89.65066,25.1375],[89.65105,25.13749],[89.65106,25.13767],[89.65126,25.13767],[89.65126,25.13803],[89.65166,25.1382],[89.65167,25.13838],[89.65226,25.13837],[89.65227,25.13855],[89.65326,25.13853],[89.65327,25.1389],[89.65346,25.13889],[89.65347,25.13907],[89.65406,25.13906],[89.65407,25.13924],[89.65486,25.13923],[89.65486,25.13941],[89.65526,25.1394]],[[89.64641,25.13342],[89.6466,25.13342],[89.64661,25.1336],[89.64641,25.1336],[89.64641,25.13342]],[[89.6446,25.13255],[89.6448,25.13255],[89.6448,25.13273],[89.645,25.13273],[89.64501,25.13309],[89.64461,25.13309],[89.6446,25.13255]]]}},{"type":"Feature","properties":{"kind":"land","ha":45.7},"geometry":{"type":"Polygon","coordinates":[[[89.59193,25.1546],[89.59192,25.15424],[89.59212,25.15424],[89.59211,25.15388],[89.59251,25.15369],[89.5925,25.15351],[89.5927,25.15351],[89.59288,25.15278],[89.59308,25.15278],[89.59307,25.15242],[89.59327,25.15241],[89.59326,25.15205],[89.59366,25.15186],[89.59383,25.15078],[89.59403,25.15077],[89.59402,25.15041],[89.59422,25.15041],[89.5942,25.14951],[89.5944,25.1495],[89.59439,25.14914],[89.59459,25.14914],[89.59456,25.1477],[89.59476,25.14769],[89.59475,25.14733],[89.59495,25.14733],[89.59494,25.14679],[89.59514,25.14678],[89.59513,25.14642],[89.59533,25.14642],[89.59532,25.14588],[89.59551,25.14588],[89.59551,25.14551],[89.5959,25.14533],[89.59589,25.14479],[89.59628,25.1446],[89.59623,25.14243],[89.59643,25.14243],[89.59642,25.14207],[89.59662,25.14207],[89.59661,25.1417],[89.59681,25.1417],[89.59681,25.14134],[89.5972,25.14115],[89.59719,25.14097],[89.59739,25.14097],[89.59737,25.13989],[89.59717,25.13989],[89.59717,25.13971],[89.59737,25.13971],[89.59735,25.1388],[89.59774,25.13862],[89.59771,25.13717],[89.59791,25.13717],[89.59785,25.13464],[89.59745,25.13447],[89.59745,25.13429],[89.59705,25.1343],[89.59705,25.13412],[89.59665,25.13412],[89.59665,25.13376],[89.59704,25.13376],[89.59702,25.13285],[89.59622,25.13251],[89.59621,25.13215],[89.59641,25.13214],[89.59641,25.13196],[89.59681,25.13195],[89.59676,25.12979],[89.59656,25.12979],[89.59655,25.12943],[89.59636,25.12944],[89.59635,25.12907],[89.59615,25.12908],[89.59615,25.1289],[89.59595,25.1289],[89.59596,25.12926],[89.59576,25.12927],[89.59577,25.12981],[89.59557,25.12981],[89.59559,25.13053],[89.59578,25.13053],[89.59579,25.13089],[89.59599,25.13089],[89.59602,25.13215],[89.59582,25.13215],[89.59583,25.13251],[89.59563,25.13252],[89.59564,25.13288],[89.59544,25.13288],[89.59544,25.13324],[89.59525,25.13325],[89.59525,25.13361],[89.59506,25.13361],[89.59506,25.13397],[89.59487,25.13397],[89.59488,25.13452],[89.59468,25.13452],[89.59472,25.13632],[89.59452,25.13633],[89.59453,25.13669],[89.59433,25.13669],[89.59417,25.1385],[89.59397,25.1385],[89.59397,25.13868],[89.59437,25.13868],[89.59437,25.1385],[89.59476,25.13849],[89.59477,25.13903],[89.59458,25.13903],[89.59458,25.13921],[89.59398,25.13922],[89.59403,25.14157],[89.59423,25.14157],[89.59425,25.14247],[89.59405,25.14247],[89.5941,25.14464],[89.5943,25.14463],[89.5943,25.14499],[89.5945,25.14499],[89.59451,25.14517],[89.59431,25.14517],[89.59434,25.14662],[89.59414,25.14662],[89.59417,25.14806],[89.59397,25.14807],[89.594,25.14933],[89.5938,25.14933],[89.59382,25.15006],[89.59362,25.15006],[89.59363,25.15078],[89.59344,25.15079],[89.59345,25.15133],[89.59325,25.15133],[89.59326,25.15187],[89.59306,25.15187],[89.59307,25.15224],[89.59287,25.15224],[89.59288,25.1526],[89.59249,25.15279],[89.5923,25.15351],[89.59191,25.1537],[89.59191,25.15388],[89.59172,25.15388],[89.59173,25.15461],[89.59193,25.1546]],[[89.5958,25.14082],[89.5956,25.14082],[89.5956,25.14064],[89.5952,25.14065],[89.5952,25.14029],[89.595,25.14029],[89.59499,25.14011],[89.59559,25.1401],[89.59559,25.14028],[89.59599,25.14027],[89.5962,25.14063],[89.59639,25.14063],[89.59641,25.14135],[89.59581,25.14136],[89.5958,25.14082]],[[89.59536,25.13866],[89.59516,25.13866],[89.59515,25.13812],[89.59555,25.13811],[89.59575,25.13847],[89.59615,25.13846],[89.59596,25.13883],[89.59536,25.13884],[89.59536,25.13866]]]}},{"type":"Feature","properties":{"kind":"land","ha":316.6},"geometry":{"type":"Polygon","coordinates":[[[89.68059,25.14616],[89.6806,25.14653],[89.6802,25.14653],[89.6802,25.14671],[89.6798,25.14654],[89.67982,25.14726],[89.68002,25.14726],[89.68004,25.14834],[89.67965,25.14853],[89.67965,25.14871],[89.67945,25.14871],[89.67946,25.14889],[89.67926,25.1489],[89.67927,25.14926],[89.67967,25.14943],[89.67968,25.14997],[89.67929,25.15016],[89.67928,25.14998],[89.67909,25.14998],[89.6789,25.15035],[89.6787,25.15035],[89.67873,25.15179],[89.67893,25.15179],[89.67894,25.15215],[89.67933,25.15214],[89.67934,25.15232],[89.67953,25.15232],[89.67954,25.15268],[89.67994,25.15267],[89.68012,25.15195],[89.68052,25.15212],[89.68052,25.1523],[89.68072,25.1523],[89.68073,25.15248],[89.68112,25.15247],[89.68113,25.15265],[89.68133,25.15265],[89.68132,25.15247],[89.68172,25.15246],[89.68171,25.15192],[89.6819,25.15192],[89.6819,25.15174],[89.6821,25.15173],[89.6821,25.15191],[89.6827,25.1519],[89.6827,25.15208],[89.6829,25.15208],[89.68291,25.15244],[89.68331,25.15261],[89.68332,25.15297],[89.68351,25.15297],[89.68352,25.15333],[89.68392,25.1535],[89.68395,25.15459],[89.68434,25.15458],[89.68434,25.1544],[89.68454,25.1544],[89.68431,25.15332],[89.68451,25.15331],[89.68451,25.15313],[89.68491,25.15313],[89.68491,25.15349],[89.68511,25.15348],[89.68512,25.15402],[89.68552,25.1542],[89.68555,25.15546],[89.68575,25.15546],[89.68576,25.15582],[89.68615,25.15581],[89.68636,25.15617],[89.68735,25.15615],[89.68736,25.15651],[89.68756,25.15651],[89.68757,25.15705],[89.68777,25.15704],[89.68778,25.1574],[89.68857,25.15757],[89.68857,25.15739],[89.68916,25.15738],[89.68918,25.1581],[89.68898,25.1581],[89.68899,25.15847],[89.68919,25.15846],[89.68921,25.15936],[89.68901,25.15937],[89.68902,25.15973],[89.68862,25.15974],[89.68862,25.15956],[89.68842,25.15956],[89.6884,25.15884],[89.6886,25.15883],[89.68859,25.15847],[89.68839,25.15848],[89.68838,25.15794],[89.68818,25.15794],[89.68819,25.1583],[89.6878,25.15849],[89.68781,25.15885],[89.68761,25.15885],[89.68763,25.15993],[89.68743,25.15994],[89.68743,25.15976],[89.68703,25.15976],[89.68703,25.15958],[89.68663,25.15959],[89.68664,25.15995],[89.68704,25.16013],[89.68705,25.16031],[89.68724,25.1603],[89.68725,25.16048],[89.68745,25.16048],[89.68745,25.16066],[89.68765,25.16066],[89.68765,25.16084],[89.68785,25.16083],[89.68785,25.16101],[89.68805,25.16101],[89.68806,25.16119],[89.68826,25.16119],[89.68826,25.16137],[89.68846,25.16136],[89.68846,25.16154],[89.68906,25.16153],[89.68906,25.16171],[89.68946,25.16171],[89.68946,25.16189],[89.69045,25.16187],[89.69066,25.16223],[89.69086,25.16222],[89.69107,25.16294],[89.69127,25.16294],[89.69128,25.16366],[89.69148,25.16365],[89.69149,25.1642],[89.69169,25.16419],[89.6917,25.16455],[89.6919,25.16455],[89.69191,25.16491],[89.6921,25.16491],[89.69211,25.16527],[89.69231,25.16526],[89.69253,25.16634],[89.69293,25.16652],[89.69315,25.16723],[89.69335,25.16723],[89.69335,25.16759],[89.69355,25.16759],[89.69356,25.16795],[89.69396,25.16812],[89.69396,25.1683],[89.69456,25.16829],[89.69456,25.16811],[89.69475,25.16811],[89.69474,25.16757],[89.69494,25.16756],[89.69493,25.1672],[89.69473,25.16721],[89.69473,25.16702],[89.69433,25.16703],[89.69433,25.16667],[89.69452,25.16667],[89.69446,25.1636],[89.69465,25.1636],[89.69461,25.16161],[89.69481,25.16161],[89.69479,25.16071],[89.69499,25.1607],[89.69496,25.15944],[89.69516,25.15944],[89.69515,25.15908],[89.69535,25.15907],[89.69533,25.15835],[89.69572,25.15816],[89.69572,25.1578],[89.69591,25.1578],[89.69591,25.15762],[89.69611,25.15761],[89.69608,25.15635],[89.69647,25.15616],[89.69647,25.1558],[89.69666,25.1558],[89.69663,25.15436],[89.69742,25.15398],[89.6974,25.15308],[89.69779,25.15289],[89.69778,25.15253],[89.69798,25.15253],[89.69798,25.15235],[89.69817,25.15234],[89.69836,25.15162],[89.69875,25.15143],[89.69875,25.15125],[89.69894,25.15125],[89.69913,25.15052],[89.69932,25.15052],[89.69931,25.14979],[89.6997,25.14961],[89.69969,25.14907],[89.70008,25.14888],[89.70007,25.14852],[89.70047,25.14833],[89.70046,25.14815],[89.70066,25.14815],[89.70084,25.14742],[89.70104,25.14742],[89.70103,25.14706],[89.70123,25.14705],[89.70122,25.14669],[89.70142,25.14669],[89.70141,25.14633],[89.70161,25.14632],[89.7016,25.14578],[89.7018,25.14578],[89.70178,25.14506],[89.70198,25.14505],[89.70196,25.14433],[89.70216,25.14433],[89.70215,25.14397],[89.70235,25.14396],[89.7023,25.1418],[89.7027,25.14179],[89.7027,25.14161],[89.7029,25.14161],[89.70289,25.14125],[89.70309,25.14124],[89.70306,25.14016],[89.70207,25.14018],[89.70207,25.14],[89.70167,25.14001],[89.70166,25.13946],[89.70146,25.13947],[89.70145,25.13911],[89.70125,25.13911],[89.70125,25.13875],[89.70105,25.13875],[89.70103,25.13785],[89.70083,25.13785],[89.70082,25.13731],[89.70102,25.13731],[89.70101,25.13695],[89.70041,25.13696],[89.70022,25.13732],[89.70003,25.13733],[89.70003,25.13751],[89.69983,25.13751],[89.69963,25.13715],[89.69943,25.13716],[89.69942,25.13698],[89.69922,25.13698],[89.69901,25.13626],[89.69881,25.13627],[89.6988,25.13591],[89.69861,25.13591],[89.69859,25.13537],[89.6984,25.13537],[89.69859,25.13501],[89.69898,25.135],[89.69897,25.13464],[89.69917,25.13464],[89.69915,25.13373],[89.69955,25.13355],[89.69953,25.13301],[89.69993,25.13282],[89.70011,25.13209],[89.70031,25.13209],[89.70029,25.13119],[89.69989,25.13119],[89.69968,25.13084],[89.69949,25.13084],[89.69948,25.13066],[89.69928,25.13066],[89.69928,25.13048],[89.69908,25.13049],[89.69908,25.13031],[89.69888,25.13031],[89.69888,25.13013],[89.69848,25.13032],[89.69849,25.13068],[89.6979,25.13069],[89.69769,25.13033],[89.69749,25.13033],[89.69749,25.13015],[89.69729,25.13016],[89.69729,25.12998],[89.69709,25.12998],[89.69708,25.12962],[89.69668,25.12945],[89.69668,25.12927],[89.69648,25.12927],[89.69647,25.12909],[89.69628,25.12909],[89.69627,25.12873],[89.69587,25.12856],[89.69586,25.12838],[89.69567,25.12838],[89.69566,25.1282],[89.69546,25.12821],[89.69546,25.12803],[89.69526,25.12803],[89.69526,25.12785],[89.69506,25.12785],[89.69505,25.12767],[89.69466,25.12768],[89.69465,25.12732],[89.69445,25.12732],[89.69445,25.12714],[89.69405,25.12715],[89.69406,25.12733],[89.69425,25.12733],[89.69426,25.12769],[89.69446,25.12768],[89.69446,25.12786],[89.69466,25.12786],[89.69467,25.1284],[89.69428,25.12859],[89.69429,25.12895],[89.69469,25.12912],[89.6947,25.12966],[89.6949,25.12966],[89.69491,25.13002],[89.69511,25.13002],[89.69492,25.13074],[89.69532,25.13092],[89.69533,25.13128],[89.69652,25.13126],[89.69673,25.13161],[89.69693,25.13161],[89.69693,25.13197],[89.69654,25.13216],[89.69655,25.13234],[89.69674,25.13233],[89.69675,25.13269],[89.69715,25.13269],[89.69716,25.13305],[89.69735,25.13304],[89.69738,25.13431],[89.69758,25.1343],[89.69758,25.13448],[89.69739,25.13449],[89.6974,25.13503],[89.6976,25.13503],[89.6976,25.13539],[89.69741,25.13539],[89.69743,25.13629],[89.69762,25.13629],[89.69765,25.13737],[89.69725,25.13756],[89.69726,25.13774],[89.69706,25.13774],[89.69706,25.13792],[89.69627,25.13776],[89.69627,25.13794],[89.69568,25.13795],[89.69567,25.13777],[89.69528,25.13778],[89.69528,25.13796],[89.69508,25.13796],[89.69509,25.13832],[89.69469,25.13815],[89.6945,25.13851],[89.6943,25.13852],[89.69431,25.13888],[89.69411,25.13888],[89.69412,25.13924],[89.69452,25.13941],[89.69452,25.13959],[89.69512,25.13958],[89.69512,25.13976],[89.69492,25.13977],[89.69493,25.14013],[89.69454,25.14032],[89.69454,25.1405],[89.69474,25.14049],[89.69476,25.14121],[89.69496,25.14121],[89.69496,25.14139],[89.69536,25.14138],[89.69535,25.1412],[89.69555,25.1412],[89.6955,25.13903],[89.6957,25.13903],[89.69568,25.13831],[89.69608,25.1383],[89.69609,25.13884],[89.69649,25.13884],[89.69648,25.13848],[89.69687,25.13829],[89.69689,25.13919],[89.6965,25.13938],[89.69651,25.13956],[89.69631,25.13956],[89.69632,25.13992],[89.69612,25.13993],[89.69612,25.14029],[89.69632,25.14028],[89.69632,25.1401],[89.69672,25.1401],[89.69673,25.14082],[89.69653,25.14082],[89.69654,25.14118],[89.69634,25.14119],[89.69635,25.14173],[89.69596,25.14173],[89.69597,25.14228],[89.69617,25.14227],[89.69618,25.14263],[89.69598,25.14264],[89.69599,25.143],[89.69559,25.143],[89.6956,25.14336],[89.6954,25.14337],[89.6954,25.14355],[89.6956,25.14355],[89.69562,25.14427],[89.69542,25.14427],[89.69544,25.14517],[89.69524,25.14518],[89.69525,25.14554],[89.69505,25.14554],[89.69505,25.14572],[89.69446,25.14573],[89.69446,25.14591],[89.69427,25.14592],[89.69428,25.14646],[89.69448,25.14645],[89.69449,25.14718],[89.69429,25.14718],[89.69431,25.14772],[89.69411,25.14772],[89.69412,25.14808],[89.69333,25.14828],[89.69333,25.14864],[89.69373,25.14881],[89.69375,25.14954],[89.69355,25.14954],[89.69356,25.14972],[89.69375,25.14972],[89.69377,25.15026],[89.69357,25.15026],[89.69359,25.15134],[89.69339,25.15135],[89.6934,25.15171],[89.6932,25.15171],[89.69322,25.15225],[89.69302,25.15226],[89.69302,25.15262],[89.69322,25.15261],[89.69323,25.15315],[89.69343,25.15315],[89.69343,25.15279],[89.69402,25.15278],[89.69402,25.15296],[89.69422,25.15296],[89.69423,25.1535],[89.69443,25.15349],[89.69444,25.15367],[89.69404,25.15386],[89.69405,25.15404],[89.69365,25.15387],[89.69365,25.15405],[89.69266,25.15407],[89.69265,25.15353],[89.69245,25.15353],[89.69245,25.15335],[89.69165,25.15336],[89.69165,25.15318],[89.69105,25.15319],[89.69105,25.15301],[89.69065,25.15302],[89.69065,25.15284],[89.69025,25.15285],[89.69025,25.15267],[89.68985,25.15267],[89.68985,25.15249],[89.68945,25.1525],[89.68945,25.15232],[89.68905,25.15233],[89.68885,25.15197],[89.68845,25.15198],[89.68824,25.15162],[89.68805,25.15162],[89.68804,25.15144],[89.68784,25.15145],[89.68784,25.15127],[89.68764,25.15127],[89.68764,25.15109],[89.68744,25.15109],[89.68742,25.15037],[89.68703,25.15038],[89.68684,25.15074],[89.68644,25.15075],[89.68644,25.15057],[89.68624,25.15057],[89.68622,25.14985],[89.68642,25.14985],[89.68642,25.14967],[89.68681,25.14966],[89.6868,25.14894],[89.6866,25.14894],[89.68659,25.14858],[89.68639,25.14859],[89.68638,25.14823],[89.68619,25.14823],[89.68616,25.14697],[89.68596,25.14697],[89.68595,25.14661],[89.68575,25.14661],[89.68574,25.14589],[89.68554,25.14589],[89.68552,25.14499],[89.68532,25.145],[89.68529,25.14373],[89.68489,25.14356],[89.68489,25.14338],[89.6843,25.14339],[89.68429,25.14321],[89.68449,25.14321],[89.68447,25.14212],[89.68427,25.14213],[89.68426,25.14177],[89.68406,25.14177],[89.68405,25.14123],[89.68385,25.14123],[89.68383,25.14015],[89.68363,25.14015],[89.68361,25.13943],[89.68342,25.13943],[89.6834,25.13889],[89.68321,25.1389],[89.6832,25.13854],[89.683,25.13854],[89.68317,25.13745],[89.68298,25.13746],[89.68294,25.13583],[89.68274,25.13584],[89.68273,25.1353],[89.68253,25.1353],[89.68252,25.13458],[89.68212,25.1344],[89.68211,25.13422],[89.68191,25.13423],[89.68193,25.13513],[89.68213,25.13513],[89.68214,25.13567],[89.68234,25.13566],[89.68236,25.13639],[89.68176,25.1364],[89.68156,25.13604],[89.68136,25.13604],[89.68137,25.1364],[89.68117,25.13641],[89.68119,25.13731],[89.68099,25.13731],[89.68104,25.13948],[89.68084,25.13948],[89.68085,25.13984],[89.68065,25.13985],[89.68066,25.14021],[89.68046,25.14021],[89.68048,25.14111],[89.68028,25.14112],[89.68056,25.14472],[89.68036,25.14472],[89.68037,25.14509],[89.68077,25.14526],[89.68078,25.14562],[89.68097,25.14562],[89.68098,25.1458],[89.68118,25.14579],[89.68118,25.14615],[89.68059,25.14616]],[[89.69468,25.12858],[89.69488,25.12858],[89.69488,25.12876],[89.69508,25.12875],[89.69509,25.12912],[89.69469,25.12912],[89.69468,25.12858]],[[89.68138,25.14615],[89.68139,25.14633],[89.68178,25.14632],[89.68199,25.14668],[89.68219,25.14668],[89.68219,25.14704],[89.68259,25.14721],[89.6826,25.14739],[89.6828,25.14739],[89.6828,25.14757],[89.683,25.14756],[89.683,25.14774],[89.6832,25.14774],[89.68321,25.14792],[89.6834,25.14792],[89.68341,25.1481],[89.68361,25.14809],[89.68361,25.14828],[89.68381,25.14827],[89.68381,25.14845],[89.68401,25.14845],[89.68401,25.14863],[89.68421,25.14863],[89.68422,25.14881],[89.68501,25.14897],[89.68502,25.14933],[89.68522,25.14933],[89.68523,25.15005],[89.68564,25.15022],[89.68564,25.1504],[89.68524,25.15041],[89.68504,25.15005],[89.68464,25.15006],[89.68464,25.14988],[89.68444,25.14988],[89.68443,25.1497],[89.68384,25.14972],[89.68384,25.14953],[89.68344,25.14954],[89.68323,25.14918],[89.68303,25.14919],[89.68303,25.14901],[89.68283,25.14901],[89.68283,25.14883],[89.68263,25.14883],[89.68263,25.14865],[89.68243,25.14866],[89.68242,25.14848],[89.68223,25.14848],[89.68222,25.1483],[89.68202,25.1483],[89.68202,25.14812],[89.68182,25.14813],[89.68182,25.14795],[89.68162,25.14795],[89.68162,25.14777],[89.68142,25.14777],[89.68141,25.14759],[89.68122,25.1476],[89.68121,25.14742],[89.68101,25.14742],[89.68101,25.14724],[89.68081,25.14724],[89.6808,25.1467],[89.68119,25.14651],[89.68118,25.14615],[89.68138,25.14615]],[[89.6942,25.16108],[89.6944,25.16107],[89.6944,25.16125],[89.69421,25.16126],[89.6942,25.16108]],[[89.69412,25.15711],[89.69451,25.1571],[89.69452,25.15728],[89.69471,25.15728],[89.69472,25.15764],[89.69452,25.15764],[89.69453,25.15782],[89.69413,25.15783],[89.69412,25.15711]],[[89.68732,25.15471],[89.68772,25.15488],[89.68772,25.15506],[89.68733,25.15507],[89.68732,25.15471]],[[89.69227,25.15425],[89.69266,25.15425],[89.69267,25.15461],[89.69228,25.15462],[89.69227,25.15425]],[[89.68671,25.15418],[89.68652,25.15418],[89.68651,25.15382],[89.68631,25.15382],[89.6863,25.15328],[89.68669,25.15327],[89.6867,25.15363],[89.6871,25.15381],[89.68711,25.15417],[89.68731,25.15416],[89.68731,25.15434],[89.68672,25.15436],[89.68671,25.15418]],[[89.68207,25.15047],[89.68187,25.15047],[89.68186,25.14975],[89.68225,25.14974],[89.68247,25.15046],[89.68267,25.15046],[89.68268,25.151],[89.68229,25.15119],[89.68207,25.15047]],[[89.6983,25.14909],[89.6985,25.14909],[89.6985,25.14927],[89.69831,25.14927],[89.6983,25.14909]],[[89.69906,25.14763],[89.69867,25.14764],[89.69865,25.14692],[89.69845,25.14692],[89.69844,25.14656],[89.69864,25.14656],[89.69864,25.14638],[89.69904,25.14655],[89.69925,25.14727],[89.69945,25.14727],[89.69946,25.14763],[89.69907,25.14781],[89.69906,25.14763]],[[89.69568,25.14733],[89.69588,25.14733],[89.69589,25.14751],[89.69569,25.14751],[89.69568,25.14733]],[[89.69745,25.14658],[89.69765,25.14658],[89.69766,25.14676],[89.69805,25.14675],[89.69806,25.14693],[89.69746,25.14694],[89.69745,25.14658]],[[89.70023,25.14653],[89.70003,25.14653],[89.70002,25.14617],[89.70042,25.14635],[89.70043,25.14671],[89.70023,25.14671],[89.70023,25.14653]],[[89.70001,25.14581],[89.69982,25.14581],[89.69981,25.14545],[89.7002,25.14545],[89.70039,25.14508],[89.70059,25.14508],[89.7008,25.14544],[89.70041,25.14562],[89.70041,25.1458],[89.70021,25.14581],[89.70022,25.14599],[89.70002,25.14599],[89.70001,25.14581]],[[89.68375,25.14575],[89.68355,25.14575],[89.68355,25.14539],[89.68335,25.14539],[89.68334,25.14503],[89.68373,25.14484],[89.68373,25.14466],[89.68393,25.14466],[89.68392,25.14448],[89.68412,25.14448],[89.68412,25.1443],[89.68491,25.14428],[89.68492,25.14464],[89.68453,25.14483],[89.68453,25.14501],[89.68433,25.14501],[89.68435,25.14592],[89.68396,25.1461],[89.68375,25.14575]],[[89.69938,25.14402],[89.69958,25.14401],[89.69958,25.14419],[89.69938,25.1442],[89.69938,25.14402]],[[89.69976,25.14347],[89.69996,25.14347],[89.69995,25.1431],[89.70015,25.1431],[89.70016,25.14364],[89.69977,25.14365],[89.69976,25.14347]],[[89.69616,25.14191],[89.69636,25.14191],[89.69636,25.14209],[89.69616,25.14209],[89.69616,25.14191]],[[89.69873,25.14132],[89.69952,25.14131],[89.69952,25.14149],[89.69972,25.14148],[89.69972,25.14167],[89.69873,25.14168],[89.69873,25.14132]],[[89.70188,25.14036],[89.70227,25.14036],[89.70228,25.14072],[89.70208,25.14072],[89.70188,25.14036]],[[89.69651,25.13974],[89.69671,25.13973],[89.69671,25.13992],[89.69651,25.13992],[89.69651,25.13974]]]}},{"type":"Feature","properties":{"kind":"land","ha":27.4},"geometry":{"type":"Polygon","coordinates":[[[89.62635,25.14136],[89.62634,25.141],[89.62615,25.141],[89.62613,25.14046],[89.62594,25.14047],[89.62593,25.1401],[89.62632,25.13992],[89.6263,25.13901],[89.62551,25.13903],[89.6255,25.13867],[89.62589,25.13848],[89.6261,25.13884],[89.6263,25.13883],[89.62629,25.13865],[89.62649,25.13865],[89.6265,25.13901],[89.6267,25.13901],[89.62672,25.14009],[89.62692,25.14009],[89.62693,25.14063],[89.62733,25.14062],[89.62732,25.14044],[89.62752,25.14044],[89.6275,25.13954],[89.6273,25.13954],[89.62728,25.13846],[89.62768,25.13845],[89.62766,25.13755],[89.62786,25.13754],[89.62783,25.13628],[89.62743,25.13611],[89.62742,25.13593],[89.62723,25.13593],[89.62722,25.13575],[89.62683,25.13576],[89.62682,25.13558],[89.62662,25.13558],[89.62641,25.13486],[89.6268,25.13467],[89.62681,25.13485],[89.6278,25.13484],[89.628,25.13519],[89.6282,25.13519],[89.62821,25.13555],[89.62861,25.13573],[89.6286,25.13518],[89.6284,25.13519],[89.62838,25.13429],[89.62818,25.13429],[89.62817,25.13357],[89.62837,25.13356],[89.62835,25.13302],[89.62855,25.13302],[89.62855,25.13284],[89.62835,25.13284],[89.62833,25.13212],[89.62853,25.13212],[89.62853,25.13176],[89.62833,25.13176],[89.6283,25.13068],[89.62771,25.13069],[89.6277,25.13033],[89.62809,25.13014],[89.62809,25.12996],[89.62789,25.12996],[89.62788,25.1296],[89.62769,25.1296],[89.62768,25.12942],[89.62748,25.12943],[89.62748,25.12925],[89.62768,25.12924],[89.62767,25.1287],[89.62786,25.1287],[89.62785,25.1278],[89.62765,25.1278],[89.62764,25.12762],[89.62725,25.12781],[89.62725,25.12799],[89.62706,25.12799],[89.62707,25.12871],[89.62687,25.12872],[89.62689,25.12926],[89.62708,25.12925],[89.62709,25.12962],[89.62689,25.12962],[89.6269,25.13016],[89.62671,25.13016],[89.62674,25.13161],[89.62654,25.13161],[89.62655,25.13197],[89.62635,25.13197],[89.62636,25.1327],[89.62656,25.13269],[89.62657,25.13287],[89.62696,25.13287],[89.62699,25.13431],[89.6266,25.13432],[89.62639,25.13396],[89.62619,25.13396],[89.62619,25.13378],[89.62559,25.13379],[89.62541,25.13452],[89.62521,25.13452],[89.62523,25.13506],[89.62503,25.13507],[89.62504,25.13561],[89.62465,25.1358],[89.62465,25.13598],[89.62425,25.13598],[89.62406,25.13635],[89.62347,25.13636],[89.62347,25.13654],[89.62387,25.13653],[89.62388,25.13689],[89.62428,25.13707],[89.62428,25.13743],[89.62448,25.13742],[89.6247,25.1385],[89.6249,25.1385],[89.62491,25.13886],[89.62511,25.13886],[89.62533,25.13993],[89.62553,25.13993],[89.62554,25.14029],[89.62573,25.14029],[89.62574,25.14065],[89.62594,25.14065],[89.62595,25.14119],[89.62615,25.14118],[89.62615,25.14136],[89.62635,25.14136]],[[89.62626,25.13703],[89.62646,25.13703],[89.62646,25.13721],[89.62666,25.1372],[89.62667,25.13756],[89.62627,25.13757],[89.62626,25.13703]]]}},{"type":"Feature","properties":{"kind":"land","ha":9.1},"geometry":{"type":"Polygon","coordinates":[[[89.62423,25.1349],[89.62421,25.13418],[89.62461,25.13399],[89.6246,25.13381],[89.6248,25.13381],[89.62479,25.13345],[89.62499,25.13344],[89.62498,25.13272],[89.62518,25.13272],[89.62515,25.13164],[89.62535,25.13163],[89.62533,25.13091],[89.62553,25.13091],[89.62532,25.13019],[89.62512,25.13019],[89.62511,25.12965],[89.6255,25.12946],[89.62549,25.12874],[89.62588,25.12855],[89.62588,25.12837],[89.62607,25.12837],[89.62605,25.12747],[89.62625,25.12746],[89.62622,25.12584],[89.62582,25.12585],[89.62583,25.12621],[89.62523,25.12622],[89.62526,25.1273],[89.62506,25.1273],[89.62507,25.12767],[89.62487,25.12767],[89.62488,25.12839],[89.62469,25.12839],[89.62471,25.1293],[89.62451,25.1293],[89.62453,25.13038],[89.62473,25.13038],[89.62474,25.13074],[89.62434,25.13093],[89.62435,25.13129],[89.62415,25.13129],[89.62416,25.13165],[89.62436,25.13165],[89.62437,25.13237],[89.62418,25.13237],[89.62419,25.13292],[89.62399,25.13292],[89.624,25.13328],[89.6238,25.13328],[89.62381,25.13401],[89.62342,25.13419],[89.62343,25.13473],[89.62363,25.13473],[89.62364,25.13491],[89.62423,25.1349]]]}},{"type":"Feature","properties":{"kind":"land","ha":25.5},"geometry":{"type":"Polygon","coordinates":[[[89.67302,25.13547],[89.67301,25.13511],[89.6734,25.13492],[89.6734,25.13456],[89.67379,25.13437],[89.67378,25.13419],[89.67398,25.13419],[89.67397,25.13365],[89.67417,25.13365],[89.67416,25.13329],[89.67455,25.1331],[89.67455,25.13292],[89.67475,25.13291],[89.67472,25.13147],[89.67432,25.1313],[89.67431,25.13112],[89.67411,25.13112],[89.67411,25.13094],[89.67391,25.13094],[89.67391,25.13076],[89.67411,25.13076],[89.6741,25.1304],[89.67449,25.13021],[89.67449,25.13003],[89.67468,25.13003],[89.67468,25.12985],[89.67488,25.12984],[89.67487,25.12948],[89.67447,25.12931],[89.67446,25.12877],[89.67406,25.12859],[89.67407,25.12895],[89.67387,25.12896],[89.67389,25.12986],[89.6735,25.13005],[89.6735,25.13023],[89.6733,25.13023],[89.67331,25.13041],[89.67291,25.13024],[89.67285,25.12789],[89.67305,25.12789],[89.67305,25.12771],[89.67364,25.1277],[89.67342,25.12662],[89.67362,25.12662],[89.6736,25.12571],[89.674,25.12571],[89.67399,25.12553],[89.6734,25.12554],[89.67319,25.12518],[89.67299,25.12518],[89.67299,25.125],[89.67279,25.12501],[89.6728,25.12537],[89.6726,25.12537],[89.67261,25.12591],[89.67241,25.12592],[89.67242,25.12628],[89.67203,25.12646],[89.67203,25.12665],[89.67184,25.12665],[89.67184,25.12683],[89.67164,25.12683],[89.67165,25.12701],[89.67145,25.12702],[89.67146,25.12738],[89.67126,25.12738],[89.67129,25.12882],[89.67069,25.12884],[89.67069,25.12865],[89.67049,25.12866],[89.67048,25.12812],[89.66989,25.12813],[89.6699,25.12885],[89.6695,25.12886],[89.66952,25.1294],[89.66992,25.12957],[89.66992,25.12975],[89.67012,25.12975],[89.67012,25.12993],[89.67191,25.1299],[89.67191,25.13026],[89.67211,25.13025],[89.67213,25.13116],[89.67233,25.13115],[89.67234,25.13151],[89.67214,25.13152],[89.67214,25.1317],[89.67155,25.13171],[89.67134,25.13135],[89.67055,25.13136],[89.67057,25.13245],[89.67097,25.13262],[89.67098,25.13298],[89.67118,25.13298],[89.67118,25.13316],[89.67198,25.13314],[89.67198,25.13332],[89.67238,25.13332],[89.67238,25.1335],[89.67258,25.13349],[89.67261,25.13476],[89.67241,25.13476],[89.67242,25.13512],[89.67261,25.13512],[89.67262,25.13548],[89.67302,25.13547]]]}},{"type":"Feature","properties":{"kind":"land","ha":56.4},"geometry":{"type":"Polygon","coordinates":[[[89.70324,25.13023],[89.70324,25.13005],[89.70284,25.13006],[89.70284,25.13024],[89.70304,25.13023],[89.70305,25.13059],[89.70325,25.13059],[89.70325,25.13077],[89.70365,25.13076],[89.70385,25.13112],[89.70405,25.13112],[89.70406,25.13148],[89.70446,25.13165],[89.70446,25.13183],[89.70466,25.13183],[89.70467,25.13219],[89.70487,25.13219],[89.70487,25.13237],[89.70527,25.13236],[89.70528,25.13272],[89.70567,25.13271],[89.70568,25.13289],[89.70607,25.13289],[89.70608,25.13307],[89.70628,25.13306],[89.70628,25.13342],[89.70648,25.13342],[89.70649,25.13396],[89.70689,25.13413],[89.70671,25.13486],[89.70711,25.13503],[89.70712,25.13521],[89.70731,25.13521],[89.70733,25.13611],[89.70774,25.13628],[89.70776,25.13737],[89.70816,25.13754],[89.70817,25.1379],[89.70837,25.1379],[89.70837,25.13808],[89.70817,25.13808],[89.70818,25.13862],[89.70838,25.13862],[89.70839,25.1388],[89.70799,25.13899],[89.70802,25.14007],[89.70782,25.14007],[89.70783,25.14043],[89.70763,25.14044],[89.70763,25.14062],[89.70723,25.14045],[89.70725,25.14135],[89.70686,25.14153],[89.70686,25.14172],[89.70667,25.14172],[89.70688,25.14244],[89.70708,25.14243],[89.70709,25.14297],[89.70729,25.14297],[89.7073,25.14369],[89.7077,25.14387],[89.70772,25.14441],[89.70791,25.1444],[89.70793,25.14513],[89.70813,25.14512],[89.70812,25.14476],[89.70832,25.14476],[89.70831,25.1444],[89.70851,25.14439],[89.7085,25.14403],[89.7083,25.14404],[89.70828,25.14313],[89.70848,25.14313],[89.70847,25.14241],[89.70866,25.1424],[89.70865,25.14186],[89.70885,25.14186],[89.70884,25.1415],[89.70904,25.14149],[89.70883,25.14078],[89.70863,25.14078],[89.70862,25.14024],[89.70881,25.14024],[89.70881,25.14006],[89.70921,25.14005],[89.70941,25.14041],[89.70961,25.1404],[89.70961,25.14058],[89.71041,25.14057],[89.71039,25.13985],[89.71078,25.13966],[89.71078,25.13948],[89.71098,25.13947],[89.71097,25.13893],[89.71077,25.13894],[89.71076,25.13876],[89.71037,25.13876],[89.71036,25.13858],[89.70957,25.1386],[89.70957,25.13842],[89.70917,25.13842],[89.70896,25.13807],[89.70877,25.13807],[89.70875,25.13717],[89.70894,25.13717],[89.70895,25.13735],[89.71014,25.13732],[89.71013,25.13714],[89.71053,25.13714],[89.71048,25.13497],[89.71028,25.13497],[89.71027,25.13425],[89.70987,25.13426],[89.70988,25.1348],[89.70949,25.13481],[89.70928,25.13445],[89.70908,25.13446],[89.70907,25.13409],[89.70888,25.1341],[89.70887,25.13392],[89.70848,25.13392],[89.7083,25.13501],[89.70791,25.13502],[89.7079,25.13484],[89.7081,25.13483],[89.70808,25.13375],[89.70847,25.13356],[89.70846,25.1332],[89.70806,25.13303],[89.70804,25.13231],[89.70824,25.1323],[89.70824,25.13212],[89.70764,25.13214],[89.70745,25.1325],[89.70706,25.13251],[89.70705,25.13233],[89.70685,25.13233],[89.70704,25.1316],[89.70724,25.1316],[89.70723,25.13142],[89.70763,25.13141],[89.70782,25.13105],[89.70802,25.13105],[89.70802,25.13141],[89.70822,25.1314],[89.70823,25.13176],[89.70862,25.13158],[89.70861,25.13103],[89.709,25.13085],[89.70898,25.12976],[89.70838,25.12978],[89.70839,25.13014],[89.708,25.13014],[89.708,25.13032],[89.70741,25.13033],[89.7072,25.12998],[89.707,25.12998],[89.707,25.1298],[89.7068,25.1298],[89.70679,25.12944],[89.70758,25.12943],[89.70738,25.12907],[89.70619,25.12909],[89.70598,25.12874],[89.70578,25.12874],[89.70578,25.12856],[89.70519,25.12857],[89.70518,25.12821],[89.70498,25.12821],[89.70498,25.12803],[89.70418,25.12787],[89.70417,25.12769],[89.70338,25.1277],[89.70338,25.12752],[89.70219,25.12754],[89.70216,25.1261],[89.70176,25.12593],[89.70175,25.12575],[89.70155,25.12575],[89.70155,25.12557],[89.70115,25.12558],[89.70095,25.12522],[89.70055,25.12523],[89.70035,25.12487],[89.70015,25.12487],[89.70014,25.12469],[89.69975,25.1247],[89.69974,25.12452],[89.69915,25.12453],[89.69915,25.12435],[89.69836,25.12454],[89.69835,25.12436],[89.69796,25.12437],[89.69795,25.12419],[89.69756,25.1242],[89.69755,25.12402],[89.69696,25.12403],[89.69697,25.12457],[89.69717,25.12457],[89.69718,25.12511],[89.69738,25.1251],[89.69739,25.12546],[89.69758,25.12546],[89.69759,25.12582],[89.69799,25.12599],[89.698,25.12617],[89.69819,25.12617],[89.6982,25.12653],[89.6986,25.1267],[89.69861,25.12707],[89.69901,25.12724],[89.69901,25.12742],[89.69921,25.12742],[89.69922,25.1276],[89.69961,25.12759],[89.6996,25.12723],[89.6998,25.12722],[89.6998,25.12704],[89.70039,25.12703],[89.7006,25.12739],[89.70139,25.12738],[89.70139,25.1272],[89.70159,25.12719],[89.70161,25.12809],[89.70141,25.1281],[89.70141,25.12828],[89.70221,25.12826],[89.70221,25.12844],[89.70261,25.12844],[89.70282,25.12915],[89.70302,25.12915],[89.70303,25.12969],[89.70343,25.12987],[89.70343,25.13005],[89.70363,25.13004],[89.70364,25.13022],[89.70324,25.13023]],[[89.70383,25.13022],[89.70384,25.1304],[89.70364,25.1304],[89.70364,25.13022],[89.70383,25.13022]],[[89.7093,25.13535],[89.70969,25.13517],[89.7097,25.13535],[89.7099,25.13534],[89.7099,25.1357],[89.70951,25.13571],[89.7093,25.13535]],[[89.70544,25.13127],[89.70525,25.13128],[89.70524,25.13092],[89.70504,25.13092],[89.70502,25.1302],[89.70601,25.13018],[89.70622,25.13054],[89.70642,25.13053],[89.70642,25.13071],[89.70662,25.13071],[89.70662,25.13089],[89.70682,25.13089],[89.70663,25.13125],[89.70584,25.13127],[89.70584,25.13145],[89.70545,25.13145],[89.70544,25.13127]],[[89.70519,25.12875],[89.70539,25.12875],[89.7054,25.12947],[89.70521,25.12947],[89.70519,25.12875]],[[89.704,25.12895],[89.70361,25.12896],[89.7036,25.12878],[89.70341,25.12878],[89.70339,25.12824],[89.70359,25.12824],[89.70359,25.12806],[89.70399,25.12823],[89.70399,25.12841],[89.70419,25.12841],[89.70419,25.12859],[89.70439,25.12858],[89.7044,25.12913],[89.70401,25.12913],[89.704,25.12895]]]}},{"type":"Feature","properties":{"kind":"land","ha":8.5},"geometry":{"type":"Polygon","coordinates":[[[89.61825,25.1332],[89.61824,25.13302],[89.61784,25.13285],[89.61783,25.13249],[89.61764,25.13249],[89.61763,25.13231],[89.61743,25.13231],[89.61722,25.13159],[89.61682,25.13142],[89.61681,25.13106],[89.61641,25.13089],[89.61641,25.13071],[89.61621,25.13071],[89.61621,25.13053],[89.61601,25.13053],[89.616,25.13017],[89.6156,25.13],[89.6156,25.12982],[89.6154,25.12982],[89.61539,25.12964],[89.6152,25.12965],[89.61519,25.12946],[89.61499,25.12947],[89.61499,25.12929],[89.61479,25.12929],[89.61479,25.12911],[89.61459,25.12911],[89.61459,25.12893],[89.61439,25.12894],[89.61438,25.12876],[89.61419,25.12876],[89.61418,25.1284],[89.61398,25.1284],[89.61398,25.12822],[89.61358,25.12823],[89.61356,25.12751],[89.61316,25.12733],[89.61316,25.12715],[89.61296,25.12716],[89.61295,25.1268],[89.61375,25.12678],[89.61374,25.1266],[89.61414,25.1266],[89.61393,25.12624],[89.61354,25.12625],[89.61353,25.12588],[89.61373,25.12588],[89.6137,25.12462],[89.61409,25.12443],[89.61389,25.12407],[89.61369,25.12408],[89.6135,25.12444],[89.6133,25.12444],[89.61331,25.12499],[89.61311,25.12499],[89.61312,25.12535],[89.61292,25.12535],[89.61294,25.12626],[89.61255,25.12644],[89.61256,25.1268],[89.61217,25.12699],[89.61217,25.12717],[89.61197,25.12718],[89.61199,25.1279],[89.61239,25.12807],[89.6122,25.1288],[89.6124,25.12879],[89.61241,25.12897],[89.6132,25.12896],[89.6132,25.12914],[89.6136,25.12913],[89.6136,25.12931],[89.614,25.12931],[89.61401,25.12967],[89.6146,25.12966],[89.61461,25.12984],[89.615,25.12983],[89.61521,25.13019],[89.61541,25.13018],[89.61541,25.13036],[89.61561,25.13036],[89.61561,25.13054],[89.61581,25.13054],[89.61581,25.13072],[89.61601,25.13071],[89.61602,25.13089],[89.61621,25.13089],[89.61622,25.13107],[89.61642,25.13107],[89.61663,25.13179],[89.61703,25.13196],[89.61724,25.13268],[89.61764,25.13285],[89.61765,25.13303],[89.61785,25.13303],[89.61785,25.13321],[89.61825,25.1332]]]}},{"type":"Feature","properties":{"kind":"land","ha":4.9},"geometry":{"type":"Polygon","coordinates":[[[89.6733,25.12121],[89.6733,25.12103],[89.6735,25.12102],[89.67348,25.12012],[89.67368,25.12012],[89.67366,25.11958],[89.67347,25.11958],[89.67345,25.11886],[89.67325,25.11886],[89.67326,25.11904],[89.67286,25.11905],[89.67284,25.11833],[89.67265,25.11833],[89.67263,25.11779],[89.67223,25.11762],[89.67224,25.11798],[89.67204,25.11798],[89.67206,25.11852],[89.67186,25.11853],[89.67187,25.11907],[89.67167,25.11907],[89.67168,25.11961],[89.67148,25.11962],[89.6715,25.12034],[89.67229,25.12014],[89.6723,25.1205],[89.67249,25.1205],[89.67251,25.12122],[89.6733,25.12121]]]}},{"type":"Feature","properties":{"kind":"land","ha":3.3},"geometry":{"type":"Polygon","coordinates":[[[89.66739,25.12276],[89.66738,25.12222],[89.66758,25.12221],[89.66756,25.12167],[89.66776,25.12167],[89.66775,25.12131],[89.66795,25.1213],[89.66794,25.12094],[89.66814,25.12094],[89.66813,25.12022],[89.66833,25.12021],[89.66832,25.11985],[89.66852,25.11985],[89.6685,25.11931],[89.6687,25.11931],[89.66869,25.11858],[89.66888,25.11858],[89.66886,25.11732],[89.66846,25.1175],[89.66828,25.11823],[89.66808,25.11823],[89.66811,25.11932],[89.66772,25.1195],[89.66772,25.11986],[89.66752,25.11987],[89.66754,25.12059],[89.66714,25.1206],[89.66715,25.12096],[89.66735,25.12095],[89.66737,25.12204],[89.66718,25.12204],[89.66719,25.12276],[89.66739,25.12276]]]}},{"type":"Feature","properties":{"kind":"land","ha":3.8},"geometry":{"type":"Polygon","coordinates":[[[89.61483,25.12189],[89.61482,25.12153],[89.61502,25.12153],[89.61501,25.12098],[89.61521,25.12098],[89.61519,25.12026],[89.61559,25.12007],[89.61577,25.11935],[89.61597,25.11934],[89.61596,25.11898],[89.61616,25.11898],[89.61614,25.1179],[89.61594,25.1179],[89.61594,25.11826],[89.61555,25.11845],[89.61556,25.11881],[89.61517,25.119],[89.61517,25.11918],[89.61497,25.11918],[89.61498,25.11936],[89.61419,25.11956],[89.6142,25.1201],[89.614,25.1201],[89.61421,25.12046],[89.61401,25.12046],[89.61402,25.12118],[89.61442,25.12118],[89.61463,25.12189],[89.61483,25.12189]]]}},{"type":"Feature","properties":{"kind":"land","ha":3.8},"geometry":{"type":"Polygon","coordinates":[[[89.62753,25.12239],[89.62753,25.12221],[89.62773,25.1222],[89.62772,25.12184],[89.62792,25.12184],[89.62791,25.12166],[89.62831,25.12165],[89.6283,25.12147],[89.6285,25.12147],[89.6285,25.12111],[89.62869,25.1211],[89.62869,25.12092],[89.62909,25.12092],[89.62928,25.12055],[89.62947,25.12055],[89.62947,25.12037],[89.62967,25.12036],[89.62967,25.12018],[89.62986,25.12018],[89.62986,25.12],[89.63065,25.11981],[89.63084,25.11944],[89.63104,25.11944],[89.63103,25.11926],[89.63143,25.11925],[89.63162,25.11889],[89.63182,25.11888],[89.63181,25.1187],[89.63201,25.1187],[89.63201,25.11852],[89.6324,25.11851],[89.6326,25.11815],[89.63338,25.11795],[89.63357,25.11759],[89.63417,25.11758],[89.63417,25.1174],[89.63456,25.11739],[89.63456,25.11721],[89.63377,25.11722],[89.63377,25.1174],[89.63317,25.11741],[89.63298,25.11778],[89.63259,25.11779],[89.63259,25.11797],[89.632,25.11798],[89.63181,25.11834],[89.63161,25.11834],[89.63161,25.11852],[89.63141,25.11853],[89.63142,25.11871],[89.63122,25.11871],[89.63122,25.11889],[89.63083,25.1189],[89.63064,25.11926],[89.63024,25.11927],[89.63024,25.11945],[89.62985,25.11946],[89.62966,25.11982],[89.62946,25.11983],[89.62946,25.12001],[89.62926,25.12001],[89.62927,25.12019],[89.62907,25.12019],[89.62907,25.12037],[89.62888,25.12038],[89.62888,25.12056],[89.62868,25.12056],[89.62869,25.12074],[89.62849,25.12075],[89.62849,25.12093],[89.62829,25.12093],[89.6283,25.12111],[89.6281,25.12111],[89.6281,25.12129],[89.6279,25.1213],[89.62791,25.12148],[89.62771,25.12148],[89.62771,25.12166],[89.62752,25.12167],[89.62752,25.12185],[89.62732,25.12185],[89.62714,25.12257],[89.62753,25.12239]]]}},{"type":"Feature","properties":{"kind":"land","ha":3.2},"geometry":{"type":"Polygon","coordinates":[[[89.67503,25.11865],[89.67503,25.11847],[89.67602,25.11845],[89.676,25.11755],[89.67639,25.11736],[89.67638,25.11682],[89.67618,25.11682],[89.67618,25.11664],[89.67538,25.11666],[89.67518,25.1163],[89.67478,25.11631],[89.67478,25.11613],[89.67458,25.11613],[89.6746,25.11685],[89.67479,25.11685],[89.67482,25.11811],[89.67462,25.11812],[89.67464,25.11866],[89.67503,25.11865]]]}},{"type":"Feature","properties":{"kind":"land","ha":3.4},"geometry":{"type":"Polygon","coordinates":[[[89.67363,25.11795],[89.67361,25.11705],[89.67341,25.11705],[89.6734,25.11633],[89.6732,25.11634],[89.67319,25.11616],[89.6728,25.11616],[89.67277,25.11508],[89.67258,25.11508],[89.67256,25.11436],[89.67197,25.11437],[89.67197,25.11473],[89.67177,25.11474],[89.67179,25.11528],[89.67159,25.11528],[89.6716,25.11564],[89.67179,25.11564],[89.6718,25.116],[89.672,25.116],[89.67202,25.1169],[89.67222,25.1169],[89.67222,25.11708],[89.67262,25.11707],[89.67261,25.11689],[89.67301,25.11688],[89.67301,25.11706],[89.67321,25.11706],[89.67323,25.11778],[89.67343,25.11778],[89.67343,25.11796],[89.67363,25.11795]]]}},{"type":"Feature","properties":{"kind":"land","ha":28.4},"geometry":{"type":"Polygon","coordinates":[[[89.70918,25.12092],[89.70918,25.12074],[89.70898,25.12074],[89.70896,25.12002],[89.70876,25.12002],[89.70875,25.11948],[89.70836,25.11949],[89.70815,25.11913],[89.70795,25.11913],[89.70794,25.11877],[89.70775,25.11878],[89.70794,25.11841],[89.70813,25.11841],[89.70813,25.11823],[89.70833,25.11822],[89.70832,25.11804],[89.70813,25.11805],[89.70811,25.11751],[89.70792,25.11751],[89.7079,25.11679],[89.7077,25.11679],[89.70769,25.11625],[89.70809,25.11642],[89.70828,25.11606],[89.70848,25.11606],[89.70846,25.11533],[89.70826,25.11534],[89.70826,25.11516],[89.70786,25.11517],[89.70787,25.11535],[89.70767,25.11535],[89.70768,25.11589],[89.70728,25.11572],[89.70707,25.115],[89.70667,25.11483],[89.70666,25.11447],[89.70646,25.11447],[89.70646,25.11429],[89.70626,25.11429],[89.70625,25.11375],[89.70605,25.11375],[89.70604,25.11339],[89.70564,25.11322],[89.70563,25.11286],[89.70543,25.11286],[89.70541,25.11196],[89.70522,25.11196],[89.70521,25.1116],[89.70501,25.11161],[89.70501,25.11143],[89.70481,25.11143],[89.70478,25.11035],[89.70459,25.11035],[89.70458,25.11017],[89.70399,25.11018],[89.70398,25.11],[89.70359,25.11001],[89.7034,25.11037],[89.7032,25.11038],[89.70299,25.11002],[89.70279,25.11002],[89.70285,25.11255],[89.70325,25.11272],[89.70325,25.1129],[89.70345,25.1129],[89.70346,25.11308],[89.70365,25.11308],[89.70366,25.11326],[89.70386,25.11325],[89.70386,25.11343],[89.70465,25.11342],[89.70466,25.1136],[89.70486,25.1136],[89.70488,25.11486],[89.70508,25.11485],[89.70509,25.11504],[89.70489,25.11504],[89.7049,25.1154],[89.70509,25.1154],[89.70511,25.11594],[89.70471,25.11613],[89.70472,25.11631],[89.70452,25.11631],[89.70452,25.11649],[89.70413,25.1165],[89.70414,25.11722],[89.70434,25.11721],[89.70436,25.11812],[89.70456,25.11811],[89.70459,25.11938],[89.70518,25.11937],[89.70537,25.119],[89.70636,25.11898],[89.70637,25.11916],[89.70716,25.11915],[89.70715,25.11897],[89.70735,25.11896],[89.70756,25.11932],[89.70776,25.11932],[89.70777,25.11968],[89.70757,25.11968],[89.70756,25.1195],[89.70717,25.11951],[89.70738,25.12023],[89.70818,25.12039],[89.70838,25.12075],[89.70858,25.12075],[89.70859,25.12093],[89.70918,25.12092]]]}},{"type":"Feature","properties":{"kind":"land","ha":10.5},"geometry":{"type":"Polygon","coordinates":[[[89.66577,25.11232],[89.66618,25.11249],[89.66619,25.11303],[89.66639,25.11303],[89.66639,25.11339],[89.66659,25.11339],[89.6666,25.11375],[89.6668,25.11374],[89.6668,25.1141],[89.667,25.1141],[89.66701,25.11446],[89.66721,25.11446],[89.66722,25.11482],[89.66742,25.11482],[89.66742,25.11518],[89.66762,25.11517],[89.66763,25.11571],[89.66783,25.11571],[89.66785,25.11661],[89.66824,25.11643],[89.66822,25.11534],[89.66802,25.11535],[89.66801,25.11481],[89.66781,25.11481],[89.6678,25.11445],[89.66761,25.11445],[89.66759,25.11391],[89.6674,25.11391],[89.66737,25.11283],[89.66717,25.11283],[89.66716,25.11211],[89.66755,25.11193],[89.66755,25.11175],[89.66774,25.11174],[89.66793,25.11102],[89.66832,25.11083],[89.66832,25.11065],[89.66851,25.11064],[89.6685,25.1101],[89.6683,25.11011],[89.6683,25.10993],[89.66771,25.10994],[89.66771,25.11012],[89.66692,25.11013],[89.66692,25.11031],[89.66652,25.11032],[89.66653,25.1105],[89.66613,25.11051],[89.66613,25.11033],[89.66593,25.11033],[89.66592,25.10997],[89.66572,25.10997],[89.66572,25.10961],[89.66512,25.10962],[89.66512,25.10944],[89.66472,25.10945],[89.66472,25.10927],[89.66392,25.10928],[89.66393,25.10946],[89.66433,25.10946],[89.66433,25.10964],[89.66453,25.10963],[89.66474,25.11035],[89.66494,25.11035],[89.66495,25.11071],[89.66515,25.11071],[89.66515,25.11107],[89.66535,25.11106],[89.66536,25.1116],[89.66556,25.1116],[89.66557,25.11196],[89.66577,25.11196],[89.66577,25.11232]],[[89.66576,25.11178],[89.66596,25.11177],[89.66597,25.11195],[89.66577,25.11196],[89.66576,25.11178]]]}},{"type":"Feature","properties":{"kind":"land","ha":7.6},"geometry":{"type":"Polygon","coordinates":[[[89.64045,25.11476],[89.64064,25.11439],[89.64084,25.11439],[89.64084,25.11421],[89.64104,25.11421],[89.64103,25.11384],[89.64142,25.11366],[89.64142,25.11348],[89.64161,25.11347],[89.64161,25.11329],[89.64181,25.11329],[89.6418,25.11293],[89.642,25.11292],[89.642,25.11274],[89.64279,25.11291],[89.64298,25.11255],[89.64318,25.11254],[89.64318,25.11236],[89.64337,25.11236],[89.64356,25.11163],[89.64376,25.11163],[89.64374,25.11091],[89.64354,25.11091],[89.64355,25.11109],[89.64335,25.1111],[89.64336,25.11146],[89.64316,25.11146],[89.64316,25.11182],[89.64297,25.11182],[89.64297,25.11219],[89.64258,25.11219],[89.64257,25.11201],[89.64198,25.11202],[89.64197,25.11166],[89.64257,25.11165],[89.64256,25.11147],[89.64276,25.11147],[89.64275,25.11075],[89.64235,25.11075],[89.64234,25.11039],[89.64214,25.1104],[89.64214,25.11021],[89.64234,25.11021],[89.64231,25.10913],[89.64212,25.10913],[89.64212,25.10949],[89.64193,25.1095],[89.64193,25.10986],[89.64154,25.11005],[89.64155,25.11059],[89.64116,25.11077],[89.64116,25.11095],[89.64097,25.11096],[89.64098,25.1115],[89.64078,25.1115],[89.64078,25.11132],[89.64038,25.11133],[89.64038,25.11151],[89.64058,25.11151],[89.64059,25.11187],[89.64099,25.11204],[89.64099,25.11222],[89.64119,25.11222],[89.6412,25.11276],[89.641,25.11276],[89.64102,25.11366],[89.64083,25.11367],[89.64083,25.11385],[89.64043,25.11386],[89.64044,25.11404],[89.63945,25.11405],[89.63946,25.11478],[89.63966,25.11477],[89.63966,25.11495],[89.64045,25.11476]]]}},{"type":"Feature","properties":{"kind":"land","ha":9.2},"geometry":{"type":"Polygon","coordinates":[[[89.7114,25.11366],[89.7114,25.11348],[89.71159,25.11347],[89.71158,25.11275],[89.71178,25.11275],[89.71175,25.11166],[89.71214,25.11148],[89.71214,25.1113],[89.71234,25.11129],[89.71233,25.11093],[89.71272,25.11074],[89.71271,25.1102],[89.71291,25.1102],[89.7129,25.11002],[89.71271,25.11002],[89.7127,25.10966],[89.7123,25.10967],[89.71231,25.10985],[89.71211,25.10985],[89.71212,25.11021],[89.71172,25.1104],[89.71173,25.11058],[89.71133,25.11059],[89.71152,25.11023],[89.71172,25.11022],[89.71171,25.10986],[89.7121,25.10967],[89.7121,25.10949],[89.7123,25.10949],[89.71229,25.10895],[89.71268,25.10876],[89.71267,25.10858],[89.71287,25.10858],[89.71287,25.1084],[89.71307,25.10839],[89.71305,25.10785],[89.71286,25.10785],[89.71285,25.10749],[89.71265,25.1075],[89.71264,25.10714],[89.71225,25.10714],[89.71224,25.10696],[89.71185,25.10715],[89.71185,25.10733],[89.71166,25.10733],[89.71166,25.10752],[89.71146,25.10752],[89.71147,25.1077],[89.71127,25.1077],[89.71129,25.1086],[89.71089,25.10861],[89.7109,25.10915],[89.71071,25.10916],[89.71072,25.10988],[89.71092,25.10988],[89.71092,25.10969],[89.71131,25.10969],[89.71131,25.10951],[89.7117,25.1095],[89.71171,25.10968],[89.71151,25.10968],[89.71152,25.11004],[89.71113,25.11023],[89.71113,25.11041],[89.71093,25.11042],[89.71094,25.11078],[89.71074,25.11078],[89.71076,25.11168],[89.71037,25.11187],[89.71037,25.11205],[89.71017,25.11205],[89.71018,25.11223],[89.70978,25.11224],[89.70958,25.11189],[89.70898,25.1119],[89.70899,25.11208],[89.70938,25.11207],[89.70939,25.11261],[89.7092,25.11261],[89.7092,25.11279],[89.7094,25.11279],[89.7094,25.11297],[89.71019,25.11296],[89.71019,25.1126],[89.71038,25.11259],[89.71038,25.11241],[89.71078,25.1124],[89.71077,25.11222],[89.71097,25.11222],[89.71096,25.11168],[89.71116,25.11168],[89.71115,25.1115],[89.71155,25.11149],[89.71157,25.11257],[89.71138,25.11257],[89.71138,25.11293],[89.71118,25.11294],[89.71119,25.1133],[89.71099,25.1133],[89.711,25.11366],[89.7114,25.11366]]]}},{"type":"Feature","properties":{"kind":"land","ha":5.0},"geometry":{"type":"Polygon","coordinates":[[[89.64458,25.11306],[89.64476,25.11233],[89.64496,25.11233],[89.64495,25.11197],[89.64515,25.11197],[89.64514,25.11161],[89.64534,25.1116],[89.64533,25.11124],[89.64553,25.11124],[89.64552,25.11088],[89.64572,25.11087],[89.64571,25.11051],[89.64591,25.11051],[89.6459,25.10997],[89.6461,25.10996],[89.64608,25.10924],[89.64628,25.10924],[89.64626,25.10834],[89.64646,25.10833],[89.64643,25.10689],[89.64623,25.10689],[89.64621,25.10581],[89.64581,25.106],[89.64563,25.10672],[89.64524,25.10691],[89.64525,25.10727],[89.64545,25.10727],[89.6455,25.10979],[89.6453,25.1098],[89.64532,25.11052],[89.64512,25.11052],[89.64514,25.11142],[89.64494,25.11143],[89.64495,25.11179],[89.64475,25.11179],[89.64476,25.11215],[89.64456,25.11216],[89.64457,25.11252],[89.64437,25.11252],[89.64438,25.11288],[89.64418,25.11289],[89.64419,25.11325],[89.64458,25.11306]]]}},{"type":"Feature","properties":{"kind":"land","ha":9.6},"geometry":{"type":"Polygon","coordinates":[[[89.68835,25.10216],[89.68835,25.10198],[89.68973,25.10196],[89.68973,25.10178],[89.69013,25.10177],[89.69032,25.10141],[89.69051,25.1014],[89.69051,25.10122],[89.69031,25.10123],[89.6903,25.10068],[89.6899,25.10051],[89.6899,25.10033],[89.6897,25.10033],[89.68969,25.10015],[89.6895,25.10016],[89.68949,25.09998],[89.68929,25.09998],[89.68929,25.0998],[89.68909,25.0998],[89.68909,25.09962],[89.68869,25.09963],[89.68849,25.09927],[89.68829,25.09928],[89.68828,25.0991],[89.68769,25.09911],[89.68748,25.09875],[89.68689,25.09876],[89.68668,25.0984],[89.68609,25.09841],[89.6859,25.09878],[89.6861,25.09878],[89.6861,25.09914],[89.6865,25.09931],[89.68672,25.10003],[89.68711,25.10002],[89.68713,25.10056],[89.68693,25.10057],[89.68694,25.10111],[89.68674,25.10111],[89.68675,25.10129],[89.68754,25.10146],[89.68755,25.10164],[89.68774,25.10163],[89.68775,25.10199],[89.68815,25.10199],[89.68815,25.10217],[89.68835,25.10216]]]}},{"type":"Feature","properties":{"kind":"land","ha":54.8},"geometry":{"type":"Polygon","coordinates":[[[89.71101,25.105],[89.7114,25.10481],[89.71139,25.10445],[89.71159,25.10445],[89.71159,25.10427],[89.71179,25.10426],[89.71178,25.1039],[89.71158,25.10391],[89.71158,25.10373],[89.71197,25.10354],[89.71196,25.10336],[89.71216,25.10335],[89.71215,25.10299],[89.71196,25.103],[89.71195,25.10282],[89.71156,25.10282],[89.71155,25.10264],[89.71135,25.10265],[89.71154,25.10192],[89.71173,25.10192],[89.71172,25.1012],[89.71152,25.1012],[89.7115,25.10048],[89.71071,25.10049],[89.71071,25.10031],[89.71031,25.10032],[89.71049,25.09959],[89.71089,25.09941],[89.71087,25.09851],[89.71067,25.09851],[89.71066,25.09797],[89.71046,25.09797],[89.71045,25.09779],[89.70966,25.09762],[89.70965,25.09744],[89.70946,25.09745],[89.70946,25.09763],[89.70887,25.09764],[89.70886,25.09746],[89.70866,25.09746],[89.70867,25.09764],[89.70827,25.09765],[89.70808,25.09801],[89.70788,25.09802],[89.70789,25.0982],[89.70769,25.0982],[89.70769,25.09838],[89.70749,25.09839],[89.7075,25.09857],[89.70671,25.09876],[89.70671,25.09894],[89.70612,25.09895],[89.70593,25.09932],[89.70573,25.09932],[89.70573,25.0995],[89.70514,25.09951],[89.70495,25.09988],[89.70475,25.09988],[89.70476,25.10006],[89.70396,25.10008],[89.70397,25.10026],[89.70337,25.10027],[89.70339,25.10081],[89.70319,25.10081],[89.70319,25.10117],[89.70359,25.10116],[89.70378,25.1008],[89.70398,25.1008],[89.70399,25.10116],[89.7036,25.10135],[89.70361,25.10189],[89.70341,25.10189],[89.70342,25.10225],[89.70322,25.10225],[89.70323,25.10262],[89.70283,25.1028],[89.70284,25.10298],[89.70264,25.10299],[89.70265,25.10335],[89.70245,25.10335],[89.70247,25.10425],[89.70227,25.10426],[89.70228,25.10444],[89.70247,25.10443],[89.7025,25.1057],[89.7027,25.10569],[89.70271,25.10623],[89.70251,25.10624],[89.70252,25.1066],[89.70213,25.10661],[89.70213,25.10679],[89.70193,25.10679],[89.70193,25.10697],[89.70332,25.10695],[89.70313,25.10731],[89.70293,25.10731],[89.70295,25.10785],[89.70335,25.10803],[89.70335,25.10839],[89.70316,25.10839],[89.70317,25.10911],[89.70357,25.10911],[89.70356,25.10893],[89.70376,25.10892],[89.70375,25.10856],[89.70415,25.10855],[89.70436,25.10927],[89.70456,25.10927],[89.70456,25.10909],[89.70476,25.10909],[89.70472,25.10728],[89.70491,25.10728],[89.70492,25.10746],[89.70532,25.10745],[89.70532,25.10781],[89.70552,25.10781],[89.70553,25.10835],[89.70573,25.10835],[89.70575,25.10925],[89.70555,25.10925],[89.70556,25.10943],[89.70576,25.10943],[89.70577,25.10997],[89.70617,25.11014],[89.70619,25.11122],[89.70639,25.11122],[89.7064,25.11158],[89.7066,25.11158],[89.70657,25.11032],[89.70677,25.11031],[89.70675,25.10959],[89.70635,25.1096],[89.70635,25.10942],[89.70615,25.10942],[89.70614,25.10906],[89.70595,25.10906],[89.70592,25.1078],[89.70612,25.1078],[89.70612,25.10816],[89.70692,25.10814],[89.70691,25.10778],[89.70651,25.10761],[89.7065,25.10743],[89.70631,25.10743],[89.7063,25.10725],[89.7061,25.10726],[89.7061,25.10708],[89.7059,25.10708],[89.7059,25.1069],[89.7057,25.1069],[89.7057,25.10672],[89.7055,25.10673],[89.70549,25.10618],[89.70509,25.10619],[89.70509,25.10601],[89.70489,25.10601],[89.70485,25.10439],[89.70505,25.10439],[89.70504,25.10403],[89.70524,25.10402],[89.70502,25.10294],[89.70522,25.10294],[89.70521,25.10258],[89.70541,25.10258],[89.70538,25.10149],[89.70518,25.1015],[89.70518,25.10132],[89.70557,25.10113],[89.70557,25.10095],[89.70577,25.10094],[89.70576,25.10076],[89.70616,25.10076],[89.70616,25.10094],[89.70656,25.10093],[89.70677,25.10129],[89.70696,25.10128],[89.70698,25.10201],[89.70659,25.10219],[89.70659,25.10237],[89.70639,25.10238],[89.7064,25.10274],[89.7062,25.10274],[89.70621,25.10292],[89.70601,25.10293],[89.70602,25.10347],[89.70661,25.10346],[89.70681,25.10309],[89.707,25.10309],[89.707,25.10291],[89.7072,25.1029],[89.70718,25.10218],[89.70738,25.10218],[89.70738,25.102],[89.70816,25.1018],[89.70816,25.10162],[89.70856,25.10162],[89.70855,25.10144],[89.70895,25.10143],[89.70895,25.10161],[89.70935,25.1016],[89.70935,25.10178],[89.70955,25.10178],[89.70956,25.10196],[89.70916,25.10215],[89.70917,25.10233],[89.70897,25.10233],[89.70898,25.10269],[89.70878,25.10269],[89.70878,25.10288],[89.70858,25.10288],[89.70859,25.10306],[89.70879,25.10306],[89.70879,25.10342],[89.70919,25.10341],[89.7094,25.10377],[89.70959,25.10376],[89.70979,25.1034],[89.70998,25.10339],[89.70998,25.10303],[89.71057,25.10302],[89.71059,25.10392],[89.71118,25.10391],[89.71119,25.10409],[89.71099,25.1041],[89.711,25.10446],[89.7108,25.10446],[89.71081,25.10482],[89.71042,25.10501],[89.71042,25.10519],[89.71022,25.1052],[89.71023,25.10556],[89.71003,25.10556],[89.71003,25.10574],[89.70984,25.10574],[89.70984,25.10592],[89.71004,25.10592],[89.71005,25.10628],[89.71025,25.10628],[89.71027,25.10736],[89.71007,25.10736],[89.71008,25.10772],[89.70988,25.10773],[89.70988,25.10791],[89.70949,25.10792],[89.70949,25.1081],[89.70929,25.1081],[89.70932,25.10918],[89.70952,25.10918],[89.70952,25.10936],[89.70992,25.10935],[89.71011,25.10899],[89.7103,25.10898],[89.7103,25.1088],[89.7107,25.1088],[89.71049,25.10844],[89.71029,25.10844],[89.71028,25.10772],[89.71048,25.10772],[89.71047,25.10736],[89.71067,25.10735],[89.71066,25.10717],[89.71106,25.10717],[89.71105,25.10698],[89.71125,25.10698],[89.71143,25.1059],[89.71182,25.10571],[89.71181,25.10517],[89.71141,25.10517],[89.71122,25.10554],[89.71102,25.10554],[89.71101,25.105]],[[89.71103,25.10572],[89.71083,25.10573],[89.71082,25.10555],[89.71102,25.10554],[89.71103,25.10572]],[[89.70323,25.10298],[89.70343,25.10297],[89.70342,25.10261],[89.70362,25.10261],[89.70363,25.10297],[89.70383,25.10297],[89.70384,25.10369],[89.70345,25.10369],[89.70323,25.10298]],[[89.71055,25.10212],[89.71075,25.10212],[89.71074,25.10194],[89.71114,25.10193],[89.71115,25.10229],[89.71076,25.10248],[89.71076,25.10266],[89.71056,25.10266],[89.71055,25.10212]],[[89.70654,25.09985],[89.70693,25.09984],[89.70712,25.09948],[89.70732,25.09947],[89.70732,25.09929],[89.70771,25.09928],[89.70789,25.09856],[89.70829,25.09837],[89.70829,25.09855],[89.70849,25.09855],[89.7085,25.09891],[89.7083,25.09891],[89.70831,25.09945],[89.70791,25.09946],[89.70792,25.09982],[89.70812,25.09982],[89.70813,25.10036],[89.70793,25.10036],[89.70794,25.10054],[89.70635,25.10057],[89.70654,25.09985]],[[89.70891,25.09944],[89.7093,25.09944],[89.70911,25.0998],[89.70891,25.0998],[89.70891,25.09944]]]}},{"type":"Feature","properties":{"kind":"land","ha":4.2},"geometry":{"type":"Polygon","coordinates":[[[89.64634,25.10274],[89.64632,25.10184],[89.64612,25.10184],[89.64611,25.1013],[89.64591,25.1013],[89.6459,25.10076],[89.6457,25.10077],[89.64569,25.1004],[89.6455,25.10041],[89.64549,25.10005],[89.64509,25.09987],[89.64508,25.09969],[89.64489,25.0997],[89.64488,25.09952],[89.64468,25.09952],[89.64468,25.09934],[89.64448,25.09934],[89.64448,25.09916],[89.64408,25.09917],[89.64388,25.09881],[89.64368,25.09882],[89.64367,25.09864],[89.64348,25.09864],[89.64347,25.09828],[89.64307,25.09811],[89.64306,25.09792],[89.64287,25.09793],[89.64286,25.09775],[89.64266,25.09775],[89.64266,25.09757],[89.64226,25.09758],[89.64226,25.0974],[89.64206,25.0974],[89.64207,25.09776],[89.64247,25.09794],[89.64248,25.0983],[89.64288,25.09847],[89.64288,25.09865],[89.64308,25.09865],[89.64308,25.09883],[89.64328,25.09882],[89.64329,25.09918],[89.64369,25.09936],[89.64369,25.09954],[89.64389,25.09953],[89.6439,25.09971],[89.64409,25.09971],[89.6441,25.09989],[89.6443,25.09989],[89.6443,25.10025],[89.6447,25.10042],[89.64471,25.1006],[89.64491,25.1006],[89.64491,25.10078],[89.64511,25.10078],[89.64512,25.10114],[89.64531,25.10113],[89.64532,25.10131],[89.64552,25.10131],[89.64573,25.10203],[89.64593,25.10203],[89.64594,25.10239],[89.64613,25.10238],[89.64614,25.10274],[89.64634,25.10274]]]}},{"type":"Feature","properties":{"kind":"land","ha":9.4},"geometry":{"type":"Polygon","coordinates":[[[89.60743,25.1],[89.60762,25.09964],[89.60881,25.09961],[89.6088,25.09943],[89.6092,25.09943],[89.6092,25.09925],[89.60939,25.09924],[89.60939,25.09888],[89.60899,25.09871],[89.60898,25.09853],[89.60878,25.09853],[89.60878,25.09835],[89.60858,25.09836],[89.60858,25.09817],[89.60818,25.09818],[89.60798,25.09782],[89.60778,25.09783],[89.60778,25.09765],[89.60758,25.09765],[89.60757,25.09747],[89.60678,25.0973],[89.60657,25.09695],[89.60637,25.09695],[89.60637,25.09677],[89.60577,25.09678],[89.60557,25.09642],[89.60458,25.09644],[89.60459,25.0968],[89.60439,25.0968],[89.6044,25.09735],[89.6048,25.09752],[89.6048,25.0977],[89.605,25.0977],[89.605,25.09788],[89.6052,25.09787],[89.60521,25.09805],[89.6054,25.09805],[89.60541,25.09823],[89.60561,25.09823],[89.60561,25.09841],[89.60581,25.0984],[89.60581,25.09858],[89.60601,25.09858],[89.60601,25.09876],[89.60621,25.09876],[89.60643,25.09948],[89.60683,25.09965],[89.60683,25.09983],[89.60703,25.09983],[89.60703,25.10001],[89.60743,25.1]]]}},{"type":"Feature","properties":{"kind":"land","ha":97.4},"geometry":{"type":"Polygon","coordinates":[[[89.60267,25.0999],[89.60267,25.09972],[89.60247,25.09973],[89.60171,25.10118],[89.60131,25.10119],[89.6011,25.10083],[89.60071,25.10102],[89.60068,25.09976],[89.60088,25.09975],[89.60087,25.09939],[89.60107,25.09939],[89.60105,25.09849],[89.60065,25.09831],[89.60065,25.09813],[89.60045,25.09814],[89.60045,25.09796],[89.60065,25.09795],[89.60063,25.09741],[89.60083,25.09741],[89.60083,25.09723],[89.60122,25.09722],[89.60122,25.09704],[89.60142,25.09704],[89.6014,25.09632],[89.60121,25.09632],[89.6012,25.09596],[89.6008,25.09578],[89.60079,25.0956],[89.6006,25.09561],[89.60059,25.09543],[89.60039,25.09543],[89.60021,25.09616],[89.60001,25.09616],[89.60004,25.0976],[89.59985,25.09761],[89.59986,25.09815],[89.59966,25.09815],[89.59968,25.09905],[89.59929,25.09924],[89.59929,25.09942],[89.59909,25.09942],[89.59911,25.10051],[89.59892,25.10051],[89.59892,25.10069],[89.59912,25.10069],[89.59913,25.10105],[89.59893,25.10105],[89.59895,25.10213],[89.59875,25.10214],[89.59876,25.1025],[89.59856,25.1025],[89.59858,25.10322],[89.59818,25.10323],[89.59817,25.10269],[89.59797,25.10269],[89.59797,25.10251],[89.59757,25.1027],[89.5976,25.10414],[89.5982,25.10413],[89.59823,25.1054],[89.59862,25.10539],[89.59881,25.10502],[89.59921,25.10502],[89.59921,25.1052],[89.59901,25.1052],[89.59905,25.10665],[89.59865,25.10665],[89.59865,25.10683],[89.59826,25.10684],[89.59826,25.10702],[89.59806,25.10702],[89.59808,25.10775],[89.59828,25.10774],[89.59828,25.1081],[89.59848,25.1081],[89.59852,25.11008],[89.59833,25.11009],[89.59834,25.11081],[89.59854,25.11081],[89.59856,25.11171],[89.59876,25.1117],[89.59876,25.11188],[89.59955,25.11169],[89.59934,25.11133],[89.59914,25.11134],[89.59914,25.11098],[89.59894,25.11098],[89.59893,25.1108],[89.59913,25.1108],[89.59913,25.11043],[89.59932,25.11043],[89.59932,25.11025],[89.59952,25.11025],[89.5995,25.10953],[89.5999,25.10952],[89.5999,25.1097],[89.6001,25.1097],[89.60013,25.11096],[89.60052,25.11095],[89.60052,25.11059],[89.60091,25.11058],[89.60092,25.11094],[89.60072,25.11095],[89.60073,25.11113],[89.60092,25.11112],[89.60095,25.11221],[89.60075,25.11221],[89.60075,25.11203],[89.60035,25.11204],[89.60036,25.11258],[89.60016,25.11258],[89.60018,25.11348],[89.60038,25.11348],[89.60039,25.1142],[89.6002,25.11421],[89.6002,25.11439],[89.6006,25.11456],[89.60061,25.1151],[89.60081,25.1151],[89.6008,25.11474],[89.601,25.11473],[89.60099,25.11419],[89.60079,25.1142],[89.60078,25.11347],[89.60097,25.11347],[89.60097,25.11311],[89.60136,25.1131],[89.60136,25.11274],[89.60155,25.11274],[89.60156,25.11292],[89.60176,25.11292],[89.60177,25.11346],[89.60157,25.11346],[89.60159,25.11454],[89.60179,25.11454],[89.6018,25.1149],[89.6016,25.1149],[89.60161,25.11544],[89.60141,25.11545],[89.60142,25.11581],[89.60122,25.11581],[89.60123,25.11599],[89.60162,25.11599],[89.60163,25.11617],[89.60182,25.11616],[89.60182,25.11598],[89.60222,25.11598],[89.60221,25.11579],[89.60241,25.11579],[89.60241,25.11561],[89.6034,25.11559],[89.6034,25.11577],[89.6036,25.11577],[89.60362,25.11649],[89.6044,25.1163],[89.6044,25.11612],[89.60499,25.11611],[89.60519,25.11574],[89.60618,25.11573],[89.60637,25.11536],[89.60676,25.11535],[89.60695,25.11499],[89.60715,25.11499],[89.60715,25.11481],[89.60675,25.11481],[89.60674,25.11427],[89.60713,25.11408],[89.60713,25.1139],[89.60753,25.1139],[89.60753,25.11426],[89.60833,25.11424],[89.60812,25.11389],[89.60772,25.11389],[89.60771,25.11317],[89.6081,25.11298],[89.6081,25.1128],[89.60909,25.11279],[89.60929,25.11314],[89.6091,25.11315],[89.60911,25.11369],[89.6095,25.11368],[89.6095,25.1135],[89.6099,25.11349],[89.61008,25.11277],[89.61047,25.11258],[89.61047,25.1124],[89.61067,25.1124],[89.61066,25.11222],[89.61086,25.11221],[89.61085,25.11185],[89.61125,25.11185],[89.61124,25.11167],[89.61184,25.11165],[89.61184,25.11184],[89.61204,25.11183],[89.61205,25.11219],[89.61185,25.1122],[89.61186,25.11256],[89.61226,25.11273],[89.61225,25.11219],[89.61264,25.11218],[89.61264,25.11182],[89.61283,25.11182],[89.61282,25.1111],[89.61262,25.1111],[89.61261,25.11074],[89.61222,25.11093],[89.61222,25.11075],[89.61202,25.11075],[89.61201,25.11039],[89.61161,25.11021],[89.61161,25.1104],[89.61122,25.1104],[89.61122,25.11058],[89.61083,25.11059],[89.61083,25.11095],[89.61044,25.11114],[89.61044,25.11132],[89.60966,25.11151],[89.60965,25.11133],[89.60945,25.11134],[89.60945,25.11116],[89.60965,25.11115],[89.60964,25.11061],[89.60983,25.11061],[89.60983,25.11025],[89.61002,25.11024],[89.61002,25.11006],[89.61042,25.11006],[89.61061,25.10969],[89.61081,25.10969],[89.61078,25.10842],[89.61058,25.10843],[89.61057,25.10789],[89.61037,25.10789],[89.61036,25.10753],[89.61017,25.10753],[89.61013,25.10591],[89.60993,25.10591],[89.60993,25.10555],[89.60973,25.10555],[89.60972,25.10519],[89.60932,25.10502],[89.6095,25.1043],[89.6093,25.1043],[89.6093,25.10394],[89.6091,25.10394],[89.60909,25.10358],[89.60889,25.10358],[89.60888,25.10322],[89.60869,25.10323],[89.60868,25.10287],[89.60848,25.10287],[89.60846,25.10197],[89.60806,25.10179],[89.60806,25.10161],[89.60786,25.10162],[89.60786,25.10144],[89.60766,25.10144],[89.60765,25.10126],[89.60746,25.10126],[89.60745,25.10108],[89.60725,25.10109],[89.60725,25.10091],[89.60705,25.10091],[89.60705,25.10073],[89.60685,25.10073],[89.60685,25.10055],[89.60665,25.10056],[89.60664,25.10037],[89.60645,25.10038],[89.60644,25.1002],[89.60624,25.1002],[89.60624,25.10002],[89.60604,25.10002],[89.60604,25.09984],[89.60564,25.09985],[89.60544,25.09949],[89.60524,25.0995],[89.60524,25.09968],[89.60504,25.09968],[89.60505,25.10022],[89.60525,25.10022],[89.60526,25.10076],[89.60566,25.10093],[89.60568,25.10184],[89.60588,25.10183],[89.60589,25.10219],[89.60609,25.10219],[89.60609,25.10237],[89.60649,25.10236],[89.60632,25.10381],[89.60652,25.10381],[89.60653,25.10435],[89.60673,25.10434],[89.60674,25.10471],[89.60693,25.1047],[89.60694,25.10488],[89.60753,25.10487],[89.60774,25.10523],[89.60794,25.10523],[89.60795,25.10595],[89.60815,25.10594],[89.60816,25.1063],[89.60836,25.1063],[89.60836,25.10648],[89.60915,25.10629],[89.60897,25.10737],[89.60858,25.10756],[89.60859,25.10792],[89.60899,25.10809],[89.609,25.10846],[89.60919,25.10845],[89.60941,25.10953],[89.60862,25.10936],[89.6086,25.10846],[89.6082,25.10847],[89.60801,25.10883],[89.60781,25.10884],[89.60782,25.10902],[89.60762,25.10902],[89.60762,25.1092],[89.60743,25.10921],[89.60743,25.10939],[89.60723,25.10939],[89.60724,25.10975],[89.60704,25.10975],[89.60705,25.11029],[89.60785,25.11046],[89.60786,25.11082],[89.60805,25.11082],[89.60806,25.111],[89.60845,25.11099],[89.60845,25.11063],[89.60865,25.11063],[89.60844,25.11027],[89.60824,25.11027],[89.60824,25.11009],[89.60883,25.11008],[89.60884,25.11026],[89.60903,25.11026],[89.60906,25.11134],[89.60866,25.11153],[89.60867,25.11171],[89.60807,25.11172],[89.60787,25.11136],[89.60747,25.11137],[89.60726,25.11065],[89.60686,25.11048],[89.60667,25.11084],[89.60568,25.11086],[89.60549,25.11122],[89.60469,25.11124],[89.6047,25.11142],[89.6043,25.11143],[89.6043,25.11161],[89.60411,25.11161],[89.60412,25.11233],[89.60392,25.11234],[89.60393,25.11252],[89.60333,25.11253],[89.60333,25.11235],[89.60293,25.11235],[89.60293,25.11217],[89.60233,25.11218],[89.60233,25.112],[89.60213,25.11201],[89.60212,25.11165],[89.60232,25.11164],[89.60232,25.11146],[89.60172,25.11147],[89.60172,25.11129],[89.60132,25.1113],[89.60111,25.11058],[89.60131,25.11058],[89.60131,25.1104],[89.60111,25.1104],[89.6011,25.11022],[89.60051,25.11023],[89.60049,25.10915],[89.60029,25.10915],[89.60028,25.10879],[89.60008,25.10879],[89.60007,25.10843],[89.59988,25.10844],[89.59985,25.10735],[89.59945,25.10718],[89.59961,25.10537],[89.59981,25.10537],[89.5998,25.10501],[89.6,25.105],[89.59997,25.10338],[89.60017,25.10338],[89.60015,25.10265],[89.60035,25.10265],[89.60034,25.10247],[89.60074,25.10246],[89.60074,25.10228],[89.60113,25.10228],[89.60113,25.1021],[89.60153,25.10209],[89.60152,25.10191],[89.60192,25.1019],[89.60211,25.10154],[89.60231,25.10153],[89.6023,25.10135],[89.6029,25.10134],[89.6029,25.10152],[89.60369,25.10151],[89.60388,25.10115],[89.60408,25.10114],[89.60408,25.10096],[89.60428,25.10096],[89.60427,25.1006],[89.60466,25.10041],[89.60484,25.09968],[89.60465,25.09969],[89.60464,25.09915],[89.60444,25.09915],[89.60443,25.09879],[89.60423,25.09879],[89.60422,25.09843],[89.60403,25.09844],[89.60402,25.09807],[89.60362,25.0979],[89.60361,25.09772],[89.60322,25.09773],[89.60322,25.09791],[89.60342,25.0979],[89.60343,25.09845],[89.60363,25.09844],[89.60363,25.09862],[89.60343,25.09863],[89.60346,25.09989],[89.60267,25.0999]],[[89.60334,25.11271],[89.60353,25.1127],[89.60355,25.11342],[89.60335,25.11343],[89.60336,25.11361],[89.60296,25.11362],[89.60296,25.11344],[89.60276,25.11344],[89.60276,25.11362],[89.60237,25.11363],[89.60216,25.11327],[89.60196,25.11327],[89.60196,25.11309],[89.60235,25.1129],[89.60235,25.11272],[89.60254,25.11272],[89.60254,25.11254],[89.60333,25.11253],[89.60334,25.11271]],[[89.59946,25.10736],[89.59926,25.10736],[89.59925,25.10718],[89.59945,25.10718],[89.59946,25.10736]],[[89.60366,25.09989],[89.60366,25.10007],[89.60347,25.10007],[89.60346,25.09989],[89.60366,25.09989]],[[89.59872,25.11008],[89.59892,25.11008],[89.59893,25.11062],[89.59873,25.11062],[89.59872,25.11008]],[[89.5992,25.10448],[89.599,25.10448],[89.59899,25.10394],[89.59938,25.10393],[89.59939,25.10411],[89.59959,25.10411],[89.59959,25.10447],[89.5992,25.10466],[89.5992,25.10448]]]}},{"type":"Feature","properties":{"kind":"land","ha":33.2},"geometry":{"type":"Polygon","coordinates":[[[89.61871,25.10865],[89.61852,25.10865],[89.61853,25.10919],[89.61872,25.10919],[89.61873,25.10937],[89.61853,25.10937],[89.61855,25.11027],[89.61914,25.11026],[89.61913,25.10954],[89.61933,25.10954],[89.61932,25.10918],[89.61952,25.10917],[89.61951,25.10881],[89.6199,25.10862],[89.61989,25.1079],[89.62009,25.1079],[89.62008,25.10754],[89.62028,25.10753],[89.62026,25.10699],[89.62046,25.10699],[89.62043,25.10555],[89.62063,25.10554],[89.6206,25.10428],[89.6208,25.10428],[89.62078,25.10319],[89.62098,25.10319],[89.62091,25.1003],[89.62111,25.1003],[89.6211,25.09958],[89.6213,25.09957],[89.62123,25.09669],[89.62104,25.09669],[89.62096,25.09308],[89.62116,25.09308],[89.62115,25.09272],[89.62095,25.09272],[89.62095,25.09254],[89.62075,25.09255],[89.62079,25.09435],[89.62059,25.09435],[89.6206,25.09489],[89.6204,25.0949],[89.62041,25.09526],[89.62002,25.09545],[89.62002,25.09563],[89.61982,25.09563],[89.61984,25.09635],[89.61964,25.09636],[89.61965,25.0969],[89.62025,25.09689],[89.62025,25.09725],[89.62006,25.09725],[89.62008,25.09833],[89.61969,25.09852],[89.61969,25.0987],[89.61949,25.0987],[89.61951,25.09943],[89.61931,25.09943],[89.61933,25.10051],[89.61913,25.10052],[89.61915,25.10124],[89.61875,25.10124],[89.61875,25.10106],[89.61855,25.10107],[89.61854,25.10053],[89.61834,25.10053],[89.61833,25.10017],[89.61794,25.10018],[89.61773,25.09982],[89.61753,25.09982],[89.61753,25.09964],[89.61713,25.09965],[89.61735,25.10037],[89.61715,25.10037],[89.61716,25.10073],[89.61676,25.10074],[89.61677,25.1011],[89.61697,25.1011],[89.61698,25.10182],[89.61718,25.10181],[89.61719,25.10235],[89.61759,25.10253],[89.61761,25.10325],[89.61801,25.10342],[89.61802,25.10415],[89.61822,25.10414],[89.61825,25.1054],[89.61845,25.1054],[89.61851,25.10847],[89.61871,25.10846],[89.61871,25.10865]],[[89.62028,25.09833],[89.62028,25.09851],[89.62068,25.0985],[89.62069,25.09886],[89.62029,25.09887],[89.62029,25.09869],[89.62009,25.09869],[89.62008,25.09833],[89.62028,25.09833]],[[89.61871,25.10828],[89.6189,25.10828],[89.61891,25.10846],[89.61871,25.10846],[89.61871,25.10828]],[[89.6193,25.10845],[89.61931,25.10882],[89.61892,25.109],[89.61891,25.10846],[89.6193,25.10845]],[[89.61906,25.10629],[89.61886,25.1063],[89.61886,25.10612],[89.61906,25.10611],[89.61906,25.10629]],[[89.61904,25.10557],[89.61924,25.10557],[89.61925,25.10611],[89.61906,25.10611],[89.61904,25.10557]],[[89.61862,25.1045],[89.61941,25.1043],[89.61942,25.10466],[89.61863,25.10486],[89.61862,25.1045]],[[89.61961,25.10412],[89.61941,25.10412],[89.61938,25.10268],[89.61978,25.10267],[89.61979,25.10321],[89.62019,25.10338],[89.62019,25.10357],[89.61979,25.10357],[89.61981,25.10429],[89.61961,25.1043],[89.61961,25.10412]]]}},{"type":"Feature","properties":{"kind":"land","ha":74.4},"geometry":{"type":"Polygon","coordinates":[[[89.68008,25.10448],[89.68027,25.10412],[89.68086,25.1041],[89.68086,25.10392],[89.68145,25.10391],[89.68166,25.10427],[89.68265,25.10425],[89.68263,25.10335],[89.68283,25.10335],[89.68282,25.10317],[89.68183,25.10318],[89.68163,25.10283],[89.68143,25.10283],[89.68142,25.10247],[89.68122,25.10247],[89.68121,25.10175],[89.6816,25.10174],[89.68159,25.10138],[89.68079,25.10104],[89.68058,25.10032],[89.68038,25.10032],[89.68037,25.09978],[89.68057,25.09978],[89.68052,25.09743],[89.68032,25.09744],[89.68031,25.09708],[89.68011,25.09708],[89.6801,25.09672],[89.67991,25.09672],[89.6799,25.09636],[89.6797,25.09636],[89.67969,25.096],[89.67929,25.09583],[89.67929,25.09565],[89.67909,25.09565],[89.67909,25.09547],[89.67889,25.09548],[89.67906,25.09439],[89.67847,25.0944],[89.67846,25.09404],[89.67826,25.09404],[89.67826,25.09386],[89.67786,25.09387],[89.67766,25.09351],[89.67706,25.09352],[89.67706,25.09334],[89.67666,25.09335],[89.67666,25.09317],[89.67646,25.09317],[89.67645,25.09281],[89.67605,25.09264],[89.67605,25.09246],[89.67585,25.09246],[89.67585,25.09228],[89.67565,25.09229],[89.67564,25.09193],[89.67425,25.09195],[89.67424,25.09123],[89.67325,25.09125],[89.67324,25.09107],[89.67285,25.09107],[89.67305,25.09143],[89.67325,25.09143],[89.67325,25.09161],[89.67345,25.0916],[89.67346,25.09196],[89.67306,25.09197],[89.67307,25.09215],[89.67346,25.09215],[89.67347,25.09233],[89.67367,25.09232],[89.67366,25.09214],[89.67406,25.09213],[89.67406,25.09232],[89.67446,25.09231],[89.67446,25.09249],[89.67466,25.09248],[89.67467,25.09285],[89.67487,25.09284],[89.67488,25.09338],[89.67409,25.09376],[89.6741,25.09412],[89.67371,25.09413],[89.67372,25.09485],[89.67392,25.09484],[89.67392,25.09502],[89.67432,25.09502],[89.67453,25.09538],[89.67472,25.09537],[89.67473,25.09555],[89.67493,25.09555],[89.67493,25.09573],[89.67513,25.09573],[89.67513,25.09591],[89.67533,25.0959],[89.67534,25.09626],[89.67574,25.09644],[89.67574,25.09662],[89.67634,25.09661],[89.67634,25.09697],[89.67654,25.09696],[89.67657,25.09805],[89.67676,25.09804],[89.67677,25.09822],[89.67716,25.09822],[89.67716,25.09803],[89.67736,25.09803],[89.67737,25.09839],[89.67657,25.09841],[89.67638,25.09877],[89.67618,25.09877],[89.67619,25.09895],[89.67599,25.09896],[89.67601,25.09968],[89.67581,25.09968],[89.6758,25.09932],[89.6754,25.09933],[89.6754,25.09897],[89.67559,25.09897],[89.67559,25.09879],[89.67519,25.09879],[89.67499,25.09844],[89.67479,25.09844],[89.67478,25.09808],[89.67538,25.09807],[89.67537,25.09789],[89.67577,25.09788],[89.67576,25.0977],[89.67497,25.09753],[89.67476,25.09718],[89.67397,25.09701],[89.67396,25.09683],[89.67357,25.09684],[89.67356,25.09666],[89.67317,25.09666],[89.67296,25.09631],[89.67276,25.09631],[89.67276,25.09613],[89.67236,25.09614],[89.67236,25.09596],[89.67216,25.09596],[89.67216,25.09578],[89.67176,25.09579],[89.67176,25.09561],[89.67116,25.09562],[89.67095,25.09526],[89.67036,25.09527],[89.67035,25.09491],[89.66995,25.09474],[89.66995,25.09456],[89.66935,25.09457],[89.66956,25.09492],[89.66976,25.09492],[89.66976,25.0951],[89.66996,25.0951],[89.66997,25.09546],[89.67036,25.09545],[89.67037,25.09581],[89.67057,25.09581],[89.67057,25.09599],[89.67097,25.09598],[89.67118,25.09634],[89.67137,25.09633],[89.67139,25.09688],[89.67158,25.09687],[89.67159,25.09723],[89.67179,25.09723],[89.6718,25.09759],[89.6716,25.09759],[89.67162,25.09832],[89.67142,25.09832],[89.67142,25.0985],[89.67182,25.09867],[89.67183,25.09885],[89.67222,25.09885],[89.67244,25.09956],[89.67284,25.09974],[89.67284,25.09992],[89.67324,25.09991],[89.67324,25.10009],[89.67344,25.10009],[89.67325,25.10045],[89.67345,25.10045],[89.67345,25.10063],[89.67306,25.10082],[89.67306,25.101],[89.67227,25.10083],[89.67226,25.10065],[89.67187,25.10066],[89.67187,25.10102],[89.67227,25.10101],[89.67248,25.10137],[89.67267,25.10136],[89.67268,25.10155],[89.67307,25.10154],[89.67308,25.10172],[89.67328,25.10171],[89.67328,25.1019],[89.67348,25.10189],[89.67347,25.10135],[89.67366,25.10135],[89.67367,25.10153],[89.67486,25.10151],[89.67486,25.10169],[89.67506,25.10168],[89.67507,25.10204],[89.67547,25.10222],[89.67547,25.1024],[89.67488,25.10241],[89.67488,25.10277],[89.67528,25.10294],[89.67529,25.10312],[89.67568,25.10312],[89.67569,25.1033],[89.67628,25.10329],[89.67649,25.10364],[89.67669,25.10364],[89.67669,25.10382],[89.67749,25.10399],[89.67749,25.10417],[89.67828,25.10415],[89.67829,25.10433],[89.67948,25.10431],[89.67948,25.10449],[89.68008,25.10448]],[[89.67824,25.10235],[89.67825,25.10253],[89.67785,25.10253],[89.67785,25.10235],[89.67824,25.10235]],[[89.67745,25.10236],[89.67745,25.10218],[89.67784,25.10217],[89.67785,25.10235],[89.67745,25.10236]],[[89.68021,25.10159],[89.67981,25.1016],[89.67981,25.10142],[89.67703,25.10129],[89.67703,25.10111],[89.67683,25.10111],[89.67682,25.10057],[89.67761,25.10055],[89.67762,25.10073],[89.67999,25.10069],[89.68,25.10087],[89.68039,25.10086],[89.6806,25.10122],[89.6808,25.10122],[89.68081,25.10176],[89.68021,25.10177],[89.68021,25.10159]],[[89.67879,25.09999],[89.67918,25.09998],[89.67919,25.10016],[89.67879,25.10017],[89.67879,25.09999]],[[89.67876,25.09873],[89.67856,25.09873],[89.67855,25.09819],[89.67815,25.09802],[89.67814,25.09766],[89.67834,25.09765],[89.67834,25.09747],[89.67873,25.09746],[89.67874,25.09783],[89.67914,25.098],[89.67915,25.09818],[89.67954,25.09817],[89.67955,25.09871],[89.67916,25.0989],[89.67916,25.09908],[89.67877,25.09909],[89.67876,25.09873]],[[89.67852,25.09675],[89.67872,25.09674],[89.67873,25.0971],[89.67853,25.09711],[89.67852,25.09675]],[[89.67652,25.09588],[89.67632,25.09588],[89.67631,25.09552],[89.67592,25.09553],[89.67591,25.09535],[89.67571,25.09535],[89.6757,25.09481],[89.6759,25.09481],[89.67589,25.09445],[89.67609,25.09444],[89.67609,25.09426],[89.67668,25.09425],[89.6767,25.09516],[89.6769,25.09515],[89.6769,25.09533],[89.67809,25.09513],[89.67809,25.09531],[89.67829,25.09531],[89.6781,25.09567],[89.6777,25.0955],[89.67771,25.09604],[89.67652,25.09606],[89.67652,25.09588]]]}},{"type":"Feature","properties":{"kind":"land","ha":4.4},"geometry":{"type":"Polygon","coordinates":[[[89.61743,25.09513],[89.61742,25.09423],[89.61722,25.09423],[89.61718,25.09261],[89.61679,25.09262],[89.61678,25.09243],[89.61658,25.09244],[89.61659,25.09262],[89.61639,25.09262],[89.61618,25.09226],[89.61599,25.09227],[89.61597,25.09173],[89.61558,25.09173],[89.61559,25.09209],[89.61539,25.0921],[89.61541,25.093],[89.61521,25.093],[89.61522,25.09336],[89.61562,25.09354],[89.61562,25.09372],[89.61582,25.09372],[89.61582,25.0939],[89.61602,25.09389],[89.61602,25.09407],[89.61622,25.09407],[89.61623,25.09461],[89.61643,25.09461],[89.61644,25.09479],[89.61723,25.09495],[89.61724,25.09513],[89.61743,25.09513]]]}},{"type":"Feature","properties":{"kind":"land","ha":138.4},"geometry":{"type":"Polygon","coordinates":[[[89.59052,25.09705],[89.59055,25.09849],[89.59035,25.09849],[89.59036,25.09922],[89.59017,25.09922],[89.59019,25.10012],[89.59058,25.10011],[89.59057,25.09957],[89.59097,25.09957],[89.591,25.10137],[89.59081,25.10137],[89.59081,25.10155],[89.59041,25.10156],[89.59039,25.10048],[89.5898,25.10049],[89.58982,25.10157],[89.59002,25.10157],[89.59003,25.10211],[89.59023,25.10211],[89.59023,25.10229],[89.59003,25.10229],[89.59004,25.10265],[89.58984,25.10265],[89.58986,25.10338],[89.58966,25.10338],[89.58977,25.10879],[89.58997,25.10879],[89.58999,25.10951],[89.59018,25.10951],[89.59019,25.10987],[89.59059,25.11004],[89.5906,25.11022],[89.59079,25.11022],[89.5908,25.11058],[89.591,25.11058],[89.59101,25.11094],[89.59121,25.11093],[89.59121,25.11111],[89.59161,25.11111],[89.59161,25.11129],[89.59181,25.11128],[89.59182,25.11165],[89.59201,25.11164],[89.59202,25.11182],[89.59241,25.11182],[89.59262,25.11217],[89.59282,25.11217],[89.59282,25.11235],[89.59302,25.11235],[89.59302,25.11253],[89.59382,25.11269],[89.59403,25.11305],[89.59442,25.11304],[89.59443,25.11322],[89.59482,25.11322],[89.59503,25.11357],[89.59523,25.11357],[89.59523,25.11393],[89.59563,25.11411],[89.59564,25.11429],[89.59584,25.11428],[89.59584,25.11446],[89.59664,25.11463],[89.59684,25.11499],[89.59704,25.11498],[89.59705,25.11534],[89.59745,25.11552],[89.59766,25.11624],[89.59806,25.11641],[89.59807,25.11659],[89.59826,25.11659],[89.59827,25.11677],[89.59847,25.11676],[89.59847,25.11694],[89.59867,25.11694],[89.59861,25.11405],[89.59841,25.11406],[89.59838,25.11261],[89.59818,25.11262],[89.59814,25.11081],[89.59794,25.11082],[89.59791,25.10937],[89.59772,25.10938],[89.59788,25.10757],[89.59768,25.10757],[89.59767,25.10703],[89.59747,25.10703],[89.59746,25.10649],[89.59726,25.1065],[89.59725,25.10614],[89.59705,25.10614],[89.597,25.10379],[89.5972,25.10379],[89.59718,25.10271],[89.59639,25.10272],[89.59638,25.10236],[89.59677,25.10235],[89.59677,25.10217],[89.59697,25.10217],[89.59693,25.10036],[89.59673,25.10037],[89.59673,25.10019],[89.59693,25.10018],[89.59691,25.09964],[89.59672,25.09965],[89.59671,25.09929],[89.59651,25.09929],[89.5965,25.09893],[89.59631,25.09893],[89.59629,25.09839],[89.59589,25.09822],[89.59588,25.09768],[89.59568,25.09768],[89.59568,25.09732],[89.59528,25.09714],[89.59527,25.09678],[89.59507,25.09679],[89.59504,25.09552],[89.59485,25.09553],[89.59483,25.09481],[89.59463,25.09481],[89.59462,25.09409],[89.59482,25.09408],[89.59476,25.09138],[89.59436,25.0912],[89.59435,25.09102],[89.59416,25.09103],[89.59415,25.09085],[89.59376,25.09085],[89.59376,25.09103],[89.59356,25.09104],[89.59358,25.09194],[89.59338,25.09194],[89.5934,25.09267],[89.5932,25.09267],[89.59321,25.09321],[89.59301,25.09321],[89.59303,25.09393],[89.59283,25.09394],[89.59284,25.09448],[89.59264,25.09448],[89.59266,25.0952],[89.59246,25.09521],[89.59247,25.09557],[89.59207,25.0954],[89.59188,25.09576],[89.59168,25.09576],[89.59168,25.09594],[89.59129,25.09595],[89.59129,25.09613],[89.59109,25.09613],[89.5911,25.09668],[89.59071,25.09668],[89.59072,25.09704],[89.59052,25.09705]],[[89.59111,25.09704],[89.59112,25.0974],[89.59152,25.09757],[89.59152,25.09775],[89.59132,25.09776],[89.59133,25.09812],[89.59094,25.09812],[89.59093,25.09794],[89.59073,25.09795],[89.59072,25.09704],[89.59111,25.09704]],[[89.59724,25.1148],[89.59704,25.1148],[89.59703,25.11462],[89.59684,25.11463],[89.59683,25.11445],[89.59663,25.11445],[89.59662,25.11373],[89.59682,25.11372],[89.59681,25.11354],[89.59721,25.11354],[89.59721,25.11372],[89.59741,25.11371],[89.59762,25.11443],[89.59782,25.11443],[89.59783,25.11497],[89.59744,25.11516],[89.59724,25.1148]],[[89.59538,25.1114],[89.59578,25.1114],[89.59578,25.11158],[89.59538,25.11158],[89.59538,25.1114]],[[89.59398,25.11107],[89.59418,25.11106],[89.59419,25.11124],[89.59399,25.11125],[89.59398,25.11107]],[[89.59517,25.11068],[89.59556,25.11068],[89.59557,25.11104],[89.59517,25.11104],[89.59517,25.11068]],[[89.59377,25.11035],[89.59397,25.11034],[89.59397,25.11052],[89.59417,25.11052],[89.59418,25.11088],[89.59378,25.11089],[89.59377,25.11035]],[[89.59495,25.10979],[89.59515,25.10978],[89.59515,25.11014],[89.59496,25.11015],[89.59495,25.10979]],[[89.59374,25.10872],[89.59413,25.10854],[89.59434,25.10889],[89.59394,25.10908],[89.59374,25.10872]],[[89.5971,25.1083],[89.5967,25.10831],[89.5967,25.10813],[89.5965,25.10813],[89.59649,25.10777],[89.59669,25.10777],[89.59669,25.10759],[89.59688,25.10759],[89.59689,25.10795],[89.59709,25.10794],[89.59709,25.10812],[89.59729,25.10812],[89.5973,25.10848],[89.5971,25.10848],[89.5971,25.1083]],[[89.59509,25.10708],[89.59529,25.10707],[89.59526,25.10599],[89.59566,25.10598],[89.59567,25.10634],[89.59547,25.10635],[89.59547,25.10653],[89.59567,25.10652],[89.59568,25.10688],[89.59548,25.10689],[89.59549,25.10707],[89.59568,25.10706],[89.59569,25.10743],[89.5953,25.10743],[89.59509,25.10708]],[[89.59486,25.10582],[89.59506,25.10581],[89.59507,25.10617],[89.59487,25.10618],[89.59486,25.10582]],[[89.59524,25.10473],[89.59563,25.10472],[89.59564,25.1049],[89.59584,25.1049],[89.59585,25.10544],[89.59545,25.10544],[89.59524,25.10473]],[[89.59139,25.10064],[89.59158,25.10064],[89.59157,25.1001],[89.59177,25.10009],[89.59177,25.09991],[89.59296,25.09989],[89.59297,25.10079],[89.59258,25.1008],[89.59239,25.10117],[89.59219,25.10117],[89.59219,25.10135],[89.5918,25.10136],[89.5918,25.10154],[89.5914,25.10154],[89.59139,25.10064]],[[89.59516,25.10094],[89.59555,25.10093],[89.59556,25.10129],[89.59517,25.1013],[89.59516,25.10094]],[[89.59254,25.099],[89.59294,25.09899],[89.59294,25.09917],[89.59254,25.09918],[89.59254,25.099]],[[89.59253,25.09864],[89.59233,25.09864],[89.59232,25.0981],[89.59272,25.09809],[89.59273,25.09881],[89.59254,25.09882],[89.59253,25.09864]]]}},{"type":"Feature","properties":{"kind":"land","ha":25.2},"geometry":{"type":"Polygon","coordinates":[[[89.65427,25.1026],[89.65426,25.10242],[89.65386,25.10224],[89.65386,25.10206],[89.65366,25.10207],[89.65366,25.10189],[89.65326,25.10189],[89.65305,25.10154],[89.65285,25.10154],[89.65285,25.10136],[89.65265,25.10136],[89.65265,25.10118],[89.65245,25.10119],[89.65245,25.10101],[89.65225,25.10101],[89.65224,25.10083],[89.65205,25.10083],[89.65204,25.10065],[89.65184,25.10066],[89.65184,25.10048],[89.65164,25.10048],[89.65164,25.1003],[89.65144,25.1003],[89.65144,25.10012],[89.65124,25.10013],[89.65123,25.09994],[89.65104,25.09995],[89.65103,25.09977],[89.65083,25.09977],[89.65083,25.09959],[89.65063,25.09959],[89.65063,25.09941],[89.65043,25.09942],[89.65043,25.09924],[89.65023,25.09924],[89.65022,25.09906],[89.64983,25.09907],[89.64962,25.09871],[89.64942,25.09871],[89.64942,25.09853],[89.64922,25.09854],[89.64922,25.09836],[89.64902,25.09836],[89.64901,25.098],[89.64861,25.09783],[89.64861,25.09765],[89.64841,25.09765],[89.64841,25.09747],[89.64821,25.09747],[89.6482,25.09729],[89.64801,25.0973],[89.648,25.09711],[89.6478,25.09712],[89.6478,25.09694],[89.6476,25.09694],[89.6476,25.09676],[89.6474,25.09676],[89.6474,25.09658],[89.647,25.09659],[89.64679,25.09587],[89.64599,25.09553],[89.64577,25.09481],[89.64537,25.09463],[89.64537,25.09445],[89.64517,25.09446],[89.64516,25.0941],[89.64476,25.09392],[89.64476,25.09374],[89.64456,25.09375],[89.64456,25.09357],[89.64436,25.09357],[89.64435,25.09339],[89.64396,25.0934],[89.64375,25.09304],[89.64355,25.09304],[89.64354,25.09232],[89.64314,25.09215],[89.64313,25.09197],[89.64294,25.09197],[89.64293,25.09179],[89.64273,25.09179],[89.64273,25.09161],[89.64253,25.09162],[89.64253,25.09144],[89.64233,25.09144],[89.64233,25.09126],[89.64213,25.09126],[89.64212,25.0909],[89.64172,25.09073],[89.64172,25.09055],[89.64152,25.09055],[89.64151,25.09037],[89.64132,25.09038],[89.64131,25.09019],[89.64111,25.0902],[89.64111,25.09002],[89.64091,25.09002],[89.64091,25.08984],[89.64071,25.08984],[89.64071,25.08966],[89.64051,25.08967],[89.6405,25.08949],[89.64031,25.08949],[89.6403,25.08931],[89.6401,25.08931],[89.6401,25.08895],[89.6397,25.08896],[89.6397,25.08878],[89.6395,25.08878],[89.63951,25.08932],[89.63971,25.08932],[89.63977,25.09239],[89.63997,25.09238],[89.63996,25.09202],[89.64076,25.09219],[89.64097,25.09255],[89.64116,25.09254],[89.64117,25.09272],[89.64137,25.09272],[89.64137,25.09308],[89.64177,25.09325],[89.64178,25.09344],[89.64198,25.09343],[89.64198,25.09361],[89.64218,25.09361],[89.64218,25.09379],[89.64238,25.09379],[89.64238,25.09397],[89.64258,25.09396],[89.64259,25.09414],[89.64278,25.09414],[89.64279,25.09432],[89.64299,25.09432],[89.64299,25.0945],[89.64319,25.09449],[89.64319,25.09467],[89.64339,25.09467],[89.64339,25.09485],[89.64359,25.09485],[89.6436,25.09503],[89.64379,25.09502],[89.6438,25.0952],[89.644,25.0952],[89.644,25.09538],[89.6444,25.09537],[89.6446,25.09573],[89.6448,25.09573],[89.6448,25.09591],[89.645,25.0959],[89.64501,25.09609],[89.6452,25.09608],[89.64521,25.09626],[89.64541,25.09626],[89.64541,25.09644],[89.64561,25.09644],[89.64561,25.09662],[89.64581,25.09661],[89.64582,25.09697],[89.64622,25.09715],[89.64622,25.09733],[89.64662,25.09714],[89.64662,25.0975],[89.64741,25.09731],[89.64742,25.09749],[89.64761,25.09748],[89.64742,25.09785],[89.64723,25.09785],[89.64723,25.09803],[89.64763,25.0982],[89.64763,25.09838],[89.64783,25.09838],[89.64784,25.09856],[89.64803,25.09856],[89.64804,25.09874],[89.64824,25.09873],[89.64824,25.09892],[89.64864,25.09891],[89.64884,25.09927],[89.64924,25.09926],[89.64944,25.09962],[89.64964,25.09961],[89.64965,25.09979],[89.65004,25.09979],[89.65025,25.10014],[89.65045,25.10014],[89.65045,25.10032],[89.65065,25.10032],[89.65065,25.1005],[89.65085,25.10049],[89.65085,25.10067],[89.65105,25.10067],[89.65106,25.10103],[89.65126,25.10103],[89.65127,25.10157],[89.65226,25.10155],[89.65226,25.10173],[89.65266,25.10172],[89.65287,25.10208],[89.65306,25.10208],[89.65307,25.10226],[89.65346,25.10225],[89.65347,25.10243],[89.65367,25.10243],[89.65367,25.10261],[89.65427,25.1026]],[[89.64641,25.09678],[89.64661,25.09678],[89.64661,25.09696],[89.64641,25.09696],[89.64641,25.09678]],[[89.64074,25.09111],[89.64094,25.0911],[89.64094,25.09146],[89.64075,25.09147],[89.64074,25.09111]]]}},{"type":"Feature","properties":{"kind":"land","ha":4.4},"geometry":{"type":"Polygon","coordinates":[[[89.5875,25.09475],[89.58748,25.09403],[89.58728,25.09404],[89.58727,25.09349],[89.58707,25.0935],[89.58706,25.09314],[89.58726,25.09313],[89.58725,25.09241],[89.58705,25.09241],[89.58704,25.09205],[89.58684,25.09206],[89.58683,25.09134],[89.58723,25.09133],[89.58721,25.09061],[89.58701,25.09061],[89.587,25.09007],[89.5866,25.0899],[89.5866,25.08972],[89.5864,25.08972],[89.58639,25.08954],[89.5858,25.08955],[89.58581,25.08991],[89.58541,25.08992],[89.58541,25.08974],[89.58521,25.08974],[89.58522,25.09028],[89.58542,25.09028],[89.58543,25.09064],[89.58583,25.09081],[89.58583,25.09099],[89.58603,25.09099],[89.58624,25.09171],[89.58644,25.0917],[89.58645,25.09206],[89.58665,25.09206],[89.58667,25.09332],[89.58687,25.09332],[89.58689,25.09404],[89.58708,25.09404],[89.58709,25.0944],[89.58729,25.0944],[89.5873,25.09476],[89.5875,25.09475]]]}},{"type":"Feature","properties":{"kind":"land","ha":28.6},"geometry":{"type":"Polygon","coordinates":[[[89.70902,25.09565],[89.70902,25.09547],[89.71001,25.09545],[89.71001,25.09563],[89.711,25.09561],[89.711,25.09543],[89.7112,25.09543],[89.71119,25.09507],[89.71099,25.09507],[89.71099,25.09489],[89.71138,25.09471],[89.71137,25.09453],[89.71157,25.09452],[89.71156,25.09416],[89.71196,25.09397],[89.71195,25.09379],[89.71235,25.09397],[89.71235,25.09379],[89.71274,25.09378],[89.71273,25.09324],[89.71293,25.09323],[89.71292,25.09287],[89.71253,25.09306],[89.71252,25.0927],[89.71212,25.09253],[89.71193,25.09289],[89.71154,25.0929],[89.71154,25.09326],[89.71115,25.09345],[89.71116,25.09363],[89.71096,25.09363],[89.71096,25.09381],[89.71076,25.09381],[89.71077,25.09418],[89.71018,25.09419],[89.71017,25.09383],[89.70977,25.09365],[89.70976,25.09329],[89.70956,25.09329],[89.70955,25.09275],[89.70975,25.09275],[89.70973,25.09203],[89.70953,25.09203],[89.70949,25.09023],[89.70969,25.09022],[89.70969,25.09004],[89.71009,25.09004],[89.71008,25.08986],[89.71048,25.08985],[89.71067,25.08948],[89.71106,25.08948],[89.71106,25.0893],[89.71126,25.08929],[89.71125,25.08893],[89.71204,25.08892],[89.71223,25.08855],[89.71243,25.08855],[89.71242,25.08801],[89.71182,25.08802],[89.71181,25.08748],[89.71201,25.08747],[89.712,25.08711],[89.7116,25.08694],[89.7116,25.08676],[89.7114,25.08676],[89.71139,25.08622],[89.71119,25.08623],[89.71118,25.08587],[89.71079,25.08587],[89.7106,25.08624],[89.7104,25.08624],[89.7104,25.08642],[89.7102,25.08642],[89.71021,25.0866],[89.70981,25.08661],[89.70962,25.08698],[89.70923,25.08698],[89.70903,25.08735],[89.70884,25.08735],[89.70884,25.08753],[89.70864,25.08754],[89.70847,25.08862],[89.70827,25.08863],[89.70828,25.08899],[89.70808,25.08899],[89.70809,25.08953],[89.70967,25.08932],[89.70968,25.08986],[89.70949,25.08987],[89.70949,25.09005],[89.70909,25.09005],[89.7091,25.09024],[89.7087,25.09024],[89.70851,25.09061],[89.70831,25.09061],[89.70832,25.09097],[89.70793,25.09098],[89.70793,25.09134],[89.70774,25.09134],[89.70775,25.09188],[89.70736,25.09207],[89.70736,25.09225],[89.70716,25.09226],[89.70716,25.09244],[89.70697,25.09244],[89.70697,25.09262],[89.70677,25.09262],[89.70678,25.0928],[89.70658,25.09281],[89.70659,25.09317],[89.70619,25.09336],[89.7062,25.09354],[89.706,25.09354],[89.70601,25.0939],[89.70562,25.09409],[89.70562,25.09427],[89.70522,25.09428],[89.70523,25.09446],[89.70503,25.09446],[89.70504,25.095],[89.70544,25.09518],[89.70545,25.09536],[89.70584,25.09517],[89.70584,25.09535],[89.70624,25.09534],[89.70624,25.09552],[89.70723,25.0955],[89.70723,25.09532],[89.70822,25.0953],[89.70843,25.09566],[89.70902,25.09565]],[[89.70642,25.0948],[89.70623,25.0948],[89.70622,25.09444],[89.70661,25.09425],[89.70661,25.09407],[89.7068,25.09407],[89.7068,25.09389],[89.707,25.09388],[89.70699,25.09334],[89.70738,25.09315],[89.70738,25.09297],[89.70757,25.09297],[89.70756,25.09243],[89.70835,25.09241],[89.70835,25.09223],[89.70894,25.09222],[89.70875,25.09259],[89.70856,25.09259],[89.70856,25.09277],[89.70836,25.09278],[89.70837,25.09296],[89.70817,25.09296],[89.70817,25.09314],[89.70797,25.09314],[89.70799,25.09368],[89.70759,25.09387],[89.7076,25.09405],[89.7074,25.09406],[89.7074,25.09424],[89.7072,25.09424],[89.70721,25.0946],[89.70682,25.09479],[89.70682,25.09497],[89.70643,25.09498],[89.70642,25.0948]],[[89.71064,25.08822],[89.71143,25.08821],[89.71124,25.08857],[89.71065,25.08858],[89.71064,25.08822]],[[89.70964,25.08788],[89.70944,25.08788],[89.70943,25.08734],[89.70982,25.08715],[89.70982,25.08697],[89.71002,25.08697],[89.71001,25.08679],[89.71041,25.08678],[89.71042,25.08714],[89.71082,25.08732],[89.71082,25.0875],[89.71102,25.08749],[89.71103,25.08803],[89.70965,25.08806],[89.70964,25.08788]]]}},{"type":"Feature","properties":{"kind":"land","ha":41.8},"geometry":{"type":"Polygon","coordinates":[[[89.66879,25.09602],[89.66878,25.09548],[89.66838,25.09531],[89.66838,25.09512],[89.66818,25.09513],[89.66816,25.09441],[89.66836,25.0944],[89.66835,25.09404],[89.66756,25.09388],[89.66735,25.09352],[89.66715,25.09352],[89.66714,25.09316],[89.66695,25.09317],[89.66694,25.0928],[89.66714,25.0928],[89.66713,25.09262],[89.66812,25.0926],[89.66812,25.09242],[89.66851,25.09241],[89.66872,25.09277],[89.66952,25.09294],[89.66952,25.09312],[89.66992,25.09311],[89.66992,25.09329],[89.67032,25.09328],[89.67052,25.09364],[89.67092,25.09364],[89.67091,25.09327],[89.67071,25.09328],[89.67069,25.09201],[89.67128,25.092],[89.67109,25.09237],[89.67089,25.09237],[89.6709,25.09255],[89.67189,25.09253],[89.67188,25.09235],[89.67228,25.09235],[89.67228,25.09217],[89.67267,25.09216],[89.67267,25.09198],[89.67306,25.09197],[89.67286,25.09161],[89.67266,25.09162],[89.67266,25.09144],[89.67246,25.09144],[89.67246,25.09162],[89.67207,25.09163],[89.67206,25.09127],[89.67226,25.09126],[89.67225,25.09108],[89.67265,25.09108],[89.67264,25.0909],[89.67284,25.09089],[89.67283,25.09053],[89.67303,25.09053],[89.67302,25.08999],[89.67322,25.08998],[89.6732,25.08926],[89.673,25.08927],[89.673,25.0889],[89.6728,25.08891],[89.67279,25.08855],[89.67259,25.08855],[89.67258,25.08801],[89.67238,25.08801],[89.67236,25.08711],[89.67197,25.08712],[89.67198,25.08784],[89.67178,25.08784],[89.67179,25.0882],[89.67219,25.08838],[89.6722,25.08874],[89.67161,25.08875],[89.67142,25.08911],[89.67122,25.08912],[89.67122,25.0893],[89.67083,25.0893],[89.67082,25.08912],[89.67062,25.08913],[89.67062,25.08877],[89.67022,25.08859],[89.6704,25.08787],[89.6702,25.08787],[89.6702,25.08769],[89.6698,25.0877],[89.6698,25.08752],[89.6694,25.08753],[89.66919,25.08717],[89.669,25.08717],[89.66899,25.08699],[89.66879,25.087],[89.66879,25.08681],[89.66859,25.08682],[89.66859,25.08664],[89.66918,25.08663],[89.66918,25.08645],[89.66759,25.08648],[89.6676,25.08666],[89.6668,25.08667],[89.66681,25.08685],[89.66661,25.08685],[89.66663,25.08758],[89.66623,25.08776],[89.66624,25.08794],[89.66644,25.08794],[89.66644,25.0883],[89.66664,25.0883],[89.66665,25.08848],[89.66684,25.08847],[89.66686,25.08902],[89.66824,25.08899],[89.66824,25.08881],[89.66883,25.0888],[89.66884,25.08898],[89.66943,25.08897],[89.66942,25.08861],[89.66962,25.0886],[89.66962,25.08842],[89.67001,25.08842],[89.67002,25.08878],[89.67022,25.08877],[89.67022,25.08895],[89.67003,25.08896],[89.67003,25.08932],[89.66964,25.08933],[89.66964,25.08951],[89.66865,25.08952],[89.66865,25.08971],[89.66707,25.08973],[89.66708,25.09009],[89.66688,25.0901],[89.66688,25.09028],[89.66649,25.09029],[89.66648,25.08992],[89.66628,25.08993],[89.66628,25.08975],[89.66568,25.08976],[89.66569,25.08994],[89.66529,25.08995],[89.6653,25.09031],[89.6657,25.09048],[89.6657,25.09066],[89.6659,25.09066],[89.6659,25.09084],[89.66571,25.09084],[89.66571,25.09102],[89.66531,25.09103],[89.66532,25.09139],[89.66552,25.09139],[89.66552,25.09157],[89.66592,25.09156],[89.66592,25.09174],[89.66632,25.09173],[89.66653,25.09209],[89.66672,25.09209],[89.66673,25.09227],[89.66693,25.09226],[89.66674,25.09263],[89.66555,25.09265],[89.66555,25.09301],[89.66575,25.09301],[89.66577,25.09391],[89.66597,25.0939],[89.66598,25.09427],[89.66578,25.09427],[89.6658,25.09535],[89.6666,25.09534],[89.6668,25.09569],[89.667,25.09569],[89.667,25.09587],[89.6678,25.09586],[89.6678,25.09604],[89.66879,25.09602]]]}},{"type":"Feature","properties":{"kind":"land","ha":4.0},"geometry":{"type":"Polygon","coordinates":[[[89.67699,25.09028],[89.67698,25.08956],[89.67678,25.08956],[89.67677,25.0892],[89.67657,25.0892],[89.67657,25.08902],[89.67637,25.08902],[89.67636,25.08848],[89.67616,25.08849],[89.67615,25.08813],[89.67575,25.08795],[89.67575,25.08777],[89.67555,25.08778],[89.67553,25.08705],[89.67514,25.08706],[89.67493,25.0867],[89.67473,25.08671],[89.67473,25.08653],[89.67433,25.08653],[89.67433,25.08635],[89.67393,25.08636],[89.67373,25.086],[89.67333,25.08601],[89.67333,25.08619],[89.67353,25.08619],[89.67354,25.08655],[89.67394,25.08672],[89.67394,25.0869],[89.67414,25.0869],[89.67415,25.08708],[89.67434,25.08708],[89.67456,25.08779],[89.67496,25.08797],[89.67496,25.08815],[89.67516,25.08814],[89.67516,25.08832],[89.67536,25.08832],[89.67558,25.08904],[89.67598,25.08921],[89.67598,25.08939],[89.67618,25.08939],[89.67619,25.08975],[89.67638,25.08975],[89.67639,25.09011],[89.67659,25.0901],[89.67659,25.09028],[89.67699,25.09028]]]}},{"type":"Feature","properties":{"kind":"land","ha":3.0},"geometry":{"type":"Polygon","coordinates":[[[89.61178,25.09],[89.61177,25.08964],[89.61137,25.08946],[89.61135,25.08874],[89.61115,25.08874],[89.61115,25.08838],[89.61095,25.08839],[89.61094,25.08803],[89.61054,25.08785],[89.61052,25.08695],[89.61032,25.08695],[89.61033,25.08713],[89.60993,25.08714],[89.60993,25.08696],[89.60973,25.08696],[89.60972,25.0866],[89.60952,25.08661],[89.60953,25.08715],[89.60934,25.08715],[89.60934,25.08733],[89.60974,25.0875],[89.60974,25.08769],[89.60994,25.08768],[89.60995,25.08822],[89.61015,25.08822],[89.61017,25.08894],[89.61037,25.08894],[89.61037,25.0893],[89.61077,25.08947],[89.61078,25.08965],[89.61117,25.08965],[89.61118,25.08983],[89.61138,25.08982],[89.61138,25.09],[89.61178,25.09]]]}},{"type":"Feature","properties":{"kind":"land","ha":3.6},"geometry":{"type":"Polygon","coordinates":[[[89.60242,25.08799],[89.60241,25.08781],[89.60261,25.08781],[89.60262,25.08799],[89.604,25.08797],[89.60399,25.08761],[89.60142,25.08765],[89.60141,25.08747],[89.60102,25.08748],[89.60101,25.08712],[89.60081,25.08712],[89.60081,25.08694],[89.59922,25.08697],[89.59922,25.08679],[89.59803,25.08681],[89.59803,25.08663],[89.59743,25.08664],[89.59744,25.08682],[89.59783,25.08681],[89.59784,25.08699],[89.59823,25.08698],[89.59824,25.08717],[89.59863,25.08716],[89.59864,25.08734],[89.59903,25.08733],[89.59904,25.08751],[89.59943,25.08751],[89.59944,25.08769],[89.60023,25.08767],[89.60023,25.08785],[89.60063,25.08785],[89.60063,25.08803],[89.60242,25.08799]]]}},{"type":"Feature","properties":{"kind":"land","ha":5.3},"geometry":{"type":"Polygon","coordinates":[[[89.65788,25.08629],[89.65807,25.08592],[89.65846,25.08592],[89.65867,25.08627],[89.65966,25.08626],[89.65966,25.08608],[89.65985,25.08607],[89.65986,25.08625],[89.66025,25.08625],[89.66025,25.08607],[89.66045,25.08606],[89.66043,25.08534],[89.66004,25.08535],[89.65983,25.08499],[89.65963,25.08499],[89.65963,25.08463],[89.65764,25.08467],[89.65765,25.08485],[89.65705,25.08486],[89.65706,25.08504],[89.65666,25.08505],[89.65667,25.08523],[89.65647,25.08523],[89.65647,25.08541],[89.65687,25.08558],[89.65687,25.08577],[89.65707,25.08576],[89.65708,25.08594],[89.65727,25.08594],[89.65728,25.08612],[89.65748,25.08612],[89.65748,25.0863],[89.65788,25.08629]],[[89.65747,25.08557],[89.65786,25.08557],[89.65787,25.08575],[89.65747,25.08575],[89.65747,25.08557]]]}},{"type":"Feature","properties":{"kind":"land","ha":4.0},"geometry":{"type":"Polygon","coordinates":[[[89.65491,25.08652],[89.65491,25.08634],[89.6551,25.08634],[89.6551,25.08598],[89.6543,25.08581],[89.6543,25.08563],[89.6539,25.08564],[89.6539,25.08546],[89.65409,25.08545],[89.65409,25.08527],[89.65468,25.08526],[89.65487,25.0849],[89.65586,25.08488],[89.65586,25.08452],[89.65546,25.08453],[89.65546,25.08435],[89.65526,25.08435],[89.65526,25.08453],[89.65189,25.08459],[89.6519,25.08495],[89.6521,25.08495],[89.6521,25.08513],[89.6527,25.08512],[89.6529,25.08548],[89.6531,25.08547],[89.65311,25.08565],[89.6533,25.08565],[89.65331,25.08583],[89.65351,25.08583],[89.65351,25.08601],[89.65371,25.086],[89.65371,25.08618],[89.65451,25.08635],[89.65451,25.08653],[89.65491,25.08652]]]}},{"type":"Feature","properties":{"kind":"land","ha":4.0},"geometry":{"type":"Polygon","coordinates":[[[89.66577,25.08452],[89.66576,25.08434],[89.66596,25.08434],[89.66595,25.0838],[89.66635,25.08397],[89.66635,25.08415],[89.66675,25.08414],[89.66675,25.08432],[89.66695,25.08432],[89.66693,25.08324],[89.66732,25.08323],[89.66733,25.08341],[89.66753,25.08341],[89.66754,25.08413],[89.66794,25.08412],[89.66813,25.08376],[89.66872,25.08375],[89.66872,25.08357],[89.66892,25.08356],[89.66891,25.0832],[89.66851,25.08303],[89.66851,25.08285],[89.66831,25.08285],[89.6683,25.08267],[89.66771,25.08268],[89.66771,25.08286],[89.66553,25.0829],[89.66553,25.08272],[89.66533,25.08273],[89.66514,25.08309],[89.66534,25.08309],[89.66534,25.08327],[89.66614,25.08325],[89.66614,25.08343],[89.66535,25.08381],[89.66537,25.08453],[89.66577,25.08452]]]}},{"type":"Feature","properties":{"kind":"land","ha":29.5},"geometry":{"type":"Polygon","coordinates":[[[89.68776,25.09333],[89.68775,25.09279],[89.68795,25.09279],[89.68794,25.09261],[89.68854,25.09259],[89.68853,25.09241],[89.68893,25.09241],[89.68893,25.09223],[89.68912,25.09222],[89.68911,25.0915],[89.68872,25.09169],[89.68871,25.09151],[89.68851,25.09151],[89.68851,25.09133],[89.68871,25.09133],[89.6887,25.09079],[89.6885,25.09079],[89.68848,25.09007],[89.68868,25.09007],[89.68867,25.08952],[89.68847,25.08953],[89.68846,25.08899],[89.68826,25.08899],[89.68824,25.08809],[89.68864,25.08808],[89.68864,25.08826],[89.68884,25.08826],[89.68883,25.08772],[89.68843,25.08754],[89.68842,25.08736],[89.68822,25.08737],[89.68822,25.08719],[89.68802,25.08719],[89.68801,25.08665],[89.68781,25.08665],[89.68781,25.08647],[89.68721,25.08648],[89.68721,25.0863],[89.68701,25.08631],[89.68682,25.08667],[89.68643,25.08668],[89.68642,25.0865],[89.68622,25.0865],[89.68621,25.08596],[89.68641,25.08596],[89.68641,25.08577],[89.6872,25.08576],[89.68719,25.08558],[89.6864,25.08559],[89.6864,25.08541],[89.6858,25.08542],[89.6856,25.08507],[89.6854,25.08507],[89.6854,25.08489],[89.6852,25.08489],[89.68519,25.08471],[89.685,25.08472],[89.68499,25.08436],[89.68459,25.08418],[89.68458,25.084],[89.68419,25.08401],[89.68398,25.08365],[89.68359,25.08366],[89.68358,25.08348],[89.68338,25.08348],[89.68357,25.08312],[89.68338,25.08312],[89.68337,25.08276],[89.68317,25.08276],[89.68317,25.08258],[89.68336,25.08258],[89.68336,25.0824],[89.68296,25.08241],[89.68296,25.08223],[89.68237,25.08224],[89.68238,25.08314],[89.68258,25.08314],[89.68259,25.08332],[89.68298,25.08331],[89.68319,25.08367],[89.68299,25.08367],[89.68299,25.08385],[89.6826,25.08386],[89.68261,25.08422],[89.68221,25.08441],[89.68222,25.08459],[89.68182,25.08441],[89.68182,25.08459],[89.68143,25.0846],[89.68143,25.08496],[89.68163,25.08496],[89.68164,25.08514],[89.68203,25.08513],[89.68203,25.08495],[89.68282,25.08494],[89.68282,25.08512],[89.68322,25.08511],[89.68322,25.08529],[89.68362,25.08528],[89.68383,25.08564],[89.68422,25.08563],[89.68444,25.08635],[89.68365,25.08655],[89.68346,25.08691],[89.68306,25.08692],[89.68328,25.08764],[89.68347,25.08763],[89.68349,25.08835],[89.68329,25.08836],[89.6833,25.0889],[89.6835,25.0889],[89.68351,25.08944],[89.68272,25.08945],[89.68251,25.08909],[89.68172,25.08911],[89.68173,25.08929],[89.68192,25.08929],[89.68194,25.09001],[89.68234,25.09018],[89.68235,25.09054],[89.68255,25.09054],[89.68256,25.09108],[89.68276,25.09108],[89.68276,25.09126],[89.68296,25.09125],[89.68295,25.09089],[89.68275,25.09089],[89.68274,25.09053],[89.68294,25.09053],[89.68295,25.09071],[89.68334,25.0907],[89.68335,25.09088],[89.68374,25.09088],[89.68375,25.09106],[89.68414,25.09105],[89.68415,25.09123],[89.68454,25.09122],[89.68475,25.09158],[89.68515,25.09157],[89.68514,25.09139],[89.68534,25.09139],[89.68533,25.09085],[89.68493,25.09067],[89.68492,25.09031],[89.68472,25.09032],[89.68471,25.0896],[89.68451,25.0896],[89.6845,25.08906],[89.6843,25.08906],[89.68428,25.08816],[89.68408,25.08816],[89.68407,25.08762],[89.68485,25.08725],[89.68484,25.08689],[89.68504,25.08688],[89.68504,25.0867],[89.68544,25.08669],[89.68564,25.08705],[89.68584,25.08705],[89.68584,25.08723],[89.68604,25.08723],[89.68605,25.08741],[89.68624,25.0874],[89.68626,25.08794],[89.68666,25.08812],[89.68666,25.08848],[89.68686,25.08847],[89.68687,25.08902],[89.68707,25.08901],[89.68708,25.08955],[89.68728,25.08955],[89.6873,25.09045],[89.6875,25.09045],[89.68753,25.09171],[89.68733,25.09171],[89.68734,25.09208],[89.68714,25.09208],[89.68715,25.09262],[89.68735,25.09262],[89.68735,25.0928],[89.68715,25.0928],[89.68716,25.09316],[89.68736,25.09316],[89.68736,25.09334],[89.68776,25.09333]]]}},{"type":"Feature","properties":{"kind":"land","ha":47.4},"geometry":{"type":"Polygon","coordinates":[[[89.69292,25.09342],[89.69291,25.09324],[89.69311,25.09323],[89.6931,25.09287],[89.6935,25.09287],[89.6937,25.09322],[89.69449,25.09303],[89.69468,25.0923],[89.69487,25.0923],[89.69487,25.09194],[89.69447,25.09177],[89.69446,25.09158],[89.69485,25.0914],[89.69485,25.09122],[89.69544,25.09121],[89.69544,25.09085],[89.69583,25.09066],[89.69582,25.0903],[89.69602,25.09029],[89.69601,25.09011],[89.69641,25.09011],[89.6964,25.08974],[89.6968,25.08956],[89.69679,25.08938],[89.69699,25.08937],[89.69699,25.08919],[89.69777,25.089],[89.69796,25.08863],[89.69836,25.08863],[89.69836,25.08845],[89.69875,25.08844],[89.69893,25.08771],[89.69913,25.08771],[89.69931,25.08662],[89.69951,25.08662],[89.6995,25.08626],[89.6993,25.08626],[89.6993,25.08608],[89.69969,25.08589],[89.69968,25.08571],[89.69988,25.08571],[89.69987,25.08535],[89.69908,25.08536],[89.69909,25.08554],[89.69869,25.08555],[89.69869,25.08537],[89.69849,25.08537],[89.6983,25.08574],[89.6981,25.08574],[89.6981,25.08592],[89.6979,25.08593],[89.69791,25.08611],[89.69751,25.08611],[89.69769,25.08539],[89.69809,25.0852],[89.69808,25.08484],[89.69828,25.08484],[89.69827,25.08448],[89.69866,25.08429],[89.69866,25.08411],[89.69886,25.0841],[89.69904,25.08338],[89.69924,25.08338],[89.69923,25.08301],[89.69962,25.08301],[89.69962,25.08283],[89.69922,25.08283],[89.69901,25.08212],[89.69881,25.08212],[89.6988,25.08176],[89.69861,25.08176],[89.6986,25.0814],[89.6984,25.08141],[89.69839,25.08104],[89.6978,25.08106],[89.69779,25.08088],[89.6976,25.08088],[89.69761,25.0816],[89.69781,25.0816],[89.69783,25.08268],[89.69744,25.08287],[89.69745,25.08305],[89.69705,25.08305],[89.69705,25.08324],[89.69685,25.08324],[89.69687,25.08378],[89.69667,25.08378],[89.69668,25.08414],[89.69648,25.08415],[89.6965,25.08505],[89.6963,25.08505],[89.69629,25.08469],[89.69609,25.0847],[89.69609,25.08452],[89.69569,25.08452],[89.6957,25.0847],[89.6955,25.08471],[89.69551,25.08507],[89.6959,25.08506],[89.69591,25.08524],[89.69611,25.08524],[89.69612,25.08578],[89.69533,25.08579],[89.69533,25.08615],[89.69454,25.08635],[89.69455,25.08653],[89.69415,25.08654],[89.69418,25.08762],[89.69378,25.08763],[89.69378,25.08781],[89.69359,25.08781],[89.69358,25.08763],[89.69259,25.08765],[89.69239,25.08729],[89.69159,25.08731],[89.69159,25.08712],[89.69119,25.08713],[89.69119,25.08695],[89.69079,25.08696],[89.69079,25.08678],[89.69,25.08679],[89.68999,25.08661],[89.6896,25.08662],[89.6896,25.0868],[89.6894,25.0868],[89.68941,25.08734],[89.68902,25.08735],[89.68902,25.08753],[89.68882,25.08754],[89.68883,25.08772],[89.68903,25.08771],[89.68903,25.08807],[89.68943,25.08807],[89.68943,25.08825],[89.68963,25.08824],[89.68964,25.0886],[89.68984,25.0886],[89.68984,25.08878],[89.69024,25.08877],[89.69022,25.08787],[89.69042,25.08787],[89.69041,25.08751],[89.69001,25.08733],[89.69,25.08697],[89.69059,25.08696],[89.6908,25.08732],[89.691,25.08732],[89.691,25.0875],[89.6912,25.08749],[89.6912,25.08767],[89.6914,25.08767],[89.69141,25.08785],[89.6916,25.08785],[89.69161,25.08803],[89.69181,25.08802],[89.69181,25.0882],[89.69221,25.0882],[89.69241,25.08855],[89.69261,25.08855],[89.69261,25.08873],[89.69281,25.08873],[89.69282,25.08891],[89.69302,25.0889],[89.69302,25.08908],[89.69322,25.08908],[89.69322,25.08926],[89.69342,25.08926],[89.69343,25.08962],[89.69383,25.08979],[89.69384,25.09015],[89.69403,25.09015],[89.69365,25.09088],[89.69246,25.09072],[89.69246,25.09054],[89.69186,25.09055],[89.69186,25.09037],[89.69126,25.09038],[89.69128,25.0911],[89.69108,25.0911],[89.69108,25.09092],[89.69068,25.09093],[89.69069,25.09129],[89.6903,25.09148],[89.6903,25.09166],[89.6905,25.09166],[89.69051,25.09202],[89.69031,25.09202],[89.69031,25.0922],[89.6913,25.09218],[89.69131,25.09236],[89.69151,25.09236],[89.69151,25.09272],[89.69112,25.09273],[89.69112,25.09309],[89.69172,25.09308],[89.69172,25.09326],[89.69212,25.09325],[89.69212,25.09343],[89.69292,25.09342]],[[89.69423,25.08996],[89.69462,25.08996],[89.69463,25.09032],[89.69424,25.09033],[89.69423,25.08996]],[[89.69537,25.08778],[89.69577,25.08777],[89.69578,25.08831],[89.69538,25.08832],[89.69537,25.08778]],[[89.69753,25.08702],[89.69792,25.08683],[89.69792,25.08665],[89.69812,25.08664],[89.69813,25.08719],[89.69793,25.08719],[89.69794,25.08755],[89.69755,25.08774],[89.69753,25.08702]],[[89.69674,25.08685],[89.69693,25.08685],[89.69694,25.08721],[89.69655,25.08722],[89.69674,25.08685]],[[89.69824,25.08321],[89.69864,25.08321],[89.69865,25.08375],[89.69825,25.08375],[89.69824,25.08321]]]}},{"type":"Feature","properties":{"kind":"land","ha":7.1},"geometry":{"type":"Polygon","coordinates":[[[89.65485,25.08382],[89.65484,25.08309],[89.65523,25.08309],[89.65523,25.08291],[89.65543,25.0829],[89.65543,25.08308],[89.65583,25.08308],[89.65583,25.08326],[89.65642,25.08325],[89.65643,25.08343],[89.65682,25.08342],[89.65683,25.0836],[89.65802,25.08358],[89.65802,25.08376],[89.65901,25.08374],[89.65901,25.08356],[89.6602,25.08354],[89.66019,25.08336],[89.65861,25.08339],[89.6586,25.08321],[89.65722,25.08323],[89.65721,25.08305],[89.65642,25.08307],[89.65642,25.08289],[89.65602,25.08289],[89.65581,25.08254],[89.65562,25.08254],[89.65561,25.08236],[89.65522,25.08237],[89.65521,25.08219],[89.65422,25.0822],[89.65423,25.08238],[89.65304,25.0824],[89.65303,25.08222],[89.65264,25.08223],[89.65263,25.08205],[89.65204,25.08206],[89.65183,25.0817],[89.65144,25.08171],[89.65143,25.08153],[89.65104,25.08154],[89.65103,25.08136],[89.65064,25.08136],[89.65063,25.08118],[89.65024,25.08119],[89.65023,25.08101],[89.65003,25.08101],[89.65004,25.08138],[89.65044,25.08155],[89.65045,25.08191],[89.65164,25.08189],[89.65184,25.08225],[89.65244,25.08223],[89.65244,25.08242],[89.65284,25.08241],[89.65284,25.08259],[89.65304,25.08258],[89.65304,25.08277],[89.65344,25.08276],[89.65345,25.08312],[89.65325,25.08312],[89.65325,25.0833],[89.65306,25.08331],[89.65305,25.08313],[89.65246,25.08314],[89.65245,25.08296],[89.65146,25.08297],[89.65147,25.08315],[89.65107,25.08316],[89.65107,25.08334],[89.65187,25.08333],[89.65187,25.08351],[89.65326,25.08348],[89.65326,25.08366],[89.65445,25.08364],[89.65445,25.08382],[89.65485,25.08382]]]}},{"type":"Feature","properties":{"kind":"land","ha":4.7},"geometry":{"type":"Polygon","coordinates":[[[89.60335,25.08545],[89.60335,25.08527],[89.60355,25.08527],[89.60354,25.08491],[89.60393,25.08472],[89.60392,25.084],[89.60352,25.08382],[89.60351,25.08364],[89.60312,25.08365],[89.60312,25.08383],[89.60292,25.08383],[89.60294,25.08456],[89.60254,25.08438],[89.60253,25.08402],[89.60273,25.08402],[89.60272,25.08348],[89.60292,25.08347],[89.6029,25.08293],[89.6031,25.08293],[89.60309,25.08239],[89.60369,25.08238],[89.60387,25.08165],[89.60327,25.08166],[89.60328,25.08184],[89.60288,25.08185],[89.60309,25.08221],[89.60269,25.08221],[89.60271,25.08294],[89.60231,25.08294],[89.60231,25.08276],[89.60171,25.08277],[89.60172,25.08331],[89.60192,25.08331],[89.60194,25.08403],[89.60174,25.08404],[89.60175,25.08458],[89.60215,25.08457],[89.60215,25.08475],[89.60235,25.08475],[89.60236,25.08511],[89.60276,25.08528],[89.60276,25.08546],[89.60335,25.08545]]]}},{"type":"Feature","properties":{"kind":"land","ha":39.6},"geometry":{"type":"Polygon","coordinates":[[[89.62332,25.08311],[89.62312,25.08312],[89.62312,25.08276],[89.62292,25.08276],[89.62291,25.0824],[89.62271,25.0824],[89.62271,25.08204],[89.62231,25.08187],[89.6223,25.08151],[89.6219,25.08133],[89.62189,25.08115],[89.6217,25.08116],[89.62169,25.08098],[89.62149,25.08098],[89.62149,25.08062],[89.62109,25.08063],[89.62108,25.08027],[89.62068,25.08009],[89.62067,25.07973],[89.62027,25.07956],[89.62028,25.07992],[89.62048,25.07991],[89.6205,25.08064],[89.62069,25.08063],[89.6207,25.08099],[89.6209,25.08099],[89.62091,25.08171],[89.62111,25.08171],[89.62112,25.08207],[89.62092,25.08207],[89.62094,25.08279],[89.62054,25.0828],[89.62053,25.08244],[89.62014,25.08245],[89.62015,25.08299],[89.62055,25.08316],[89.62039,25.08497],[89.62079,25.08514],[89.62079,25.08532],[89.62099,25.08532],[89.621,25.0855],[89.62119,25.0855],[89.621,25.08586],[89.6208,25.08587],[89.62082,25.08641],[89.62101,25.0864],[89.62104,25.08767],[89.62124,25.08766],[89.62125,25.08838],[89.62145,25.08838],[89.62146,25.08892],[89.62166,25.08892],[89.62167,25.08928],[89.62187,25.08928],[89.62188,25.08964],[89.62207,25.08963],[89.6221,25.09072],[89.6223,25.09071],[89.62236,25.09378],[89.62256,25.09378],[89.62257,25.09414],[89.62237,25.09414],[89.62241,25.09613],[89.62221,25.09613],[89.62224,25.09721],[89.62204,25.09722],[89.62206,25.09848],[89.62246,25.09847],[89.62265,25.09811],[89.62305,25.0981],[89.62324,25.09774],[89.62344,25.09773],[89.62323,25.09737],[89.62303,25.09738],[89.62302,25.09666],[89.62341,25.09647],[89.6234,25.09593],[89.6236,25.09592],[89.62357,25.09448],[89.62376,25.09448],[89.62373,25.09285],[89.62393,25.09285],[89.62385,25.08924],[89.62405,25.08924],[89.62402,25.08816],[89.62422,25.08815],[89.62419,25.08671],[89.62399,25.08671],[89.62397,25.08581],[89.62417,25.08581],[89.62416,25.08526],[89.62396,25.08527],[89.62395,25.08455],[89.62375,25.08455],[89.62374,25.08419],[89.62354,25.08419],[89.62353,25.08347],[89.62333,25.08347],[89.62332,25.08311]],[[89.62334,25.08384],[89.62314,25.08384],[89.62293,25.08348],[89.62333,25.08347],[89.62334,25.08384]]]}},{"type":"Feature","properties":{"kind":"land","ha":7.8},"geometry":{"type":"Polygon","coordinates":[[[89.68334,25.0815],[89.68333,25.08096],[89.68353,25.08095],[89.68349,25.07951],[89.68369,25.07951],[89.68369,25.07915],[89.68449,25.07949],[89.68448,25.07913],[89.68468,25.07913],[89.68466,25.07859],[89.68328,25.07861],[89.68329,25.07933],[89.68309,25.07934],[89.68311,25.07988],[89.68291,25.07988],[89.68291,25.08006],[89.68192,25.08008],[89.68172,25.07972],[89.68191,25.07972],[89.6819,25.07918],[89.68052,25.0792],[89.68031,25.07885],[89.68011,25.07885],[89.68011,25.07867],[89.67991,25.07867],[89.67991,25.07849],[89.67971,25.0785],[89.6797,25.07813],[89.6793,25.07796],[89.67929,25.0776],[89.67889,25.07743],[89.67889,25.07725],[89.67869,25.07725],[89.67869,25.07743],[89.67849,25.07743],[89.6785,25.0778],[89.6787,25.07779],[89.67871,25.07815],[89.67891,25.07815],[89.67891,25.07851],[89.67931,25.07868],[89.67932,25.07904],[89.67972,25.07922],[89.67973,25.0794],[89.67992,25.07939],[89.67993,25.07957],[89.68013,25.07957],[89.68013,25.07975],[89.68053,25.07974],[89.68053,25.08011],[89.68094,25.08028],[89.68094,25.08046],[89.68114,25.08046],[89.68114,25.08064],[89.68134,25.08063],[89.68134,25.08081],[89.68174,25.08081],[89.68195,25.08116],[89.68214,25.08116],[89.68215,25.08134],[89.68274,25.08133],[89.68275,25.08151],[89.68334,25.0815]]]}},{"type":"Feature","properties":{"kind":"land","ha":3.9},"geometry":{"type":"Polygon","coordinates":[[[89.71146,25.08045],[89.71165,25.08008],[89.71185,25.08008],[89.71184,25.0799],[89.71204,25.07989],[89.71204,25.07971],[89.71224,25.07971],[89.71223,25.07953],[89.71243,25.07953],[89.71261,25.0788],[89.71281,25.0788],[89.7128,25.07844],[89.71319,25.07825],[89.71319,25.07807],[89.71359,25.07806],[89.71378,25.0777],[89.71397,25.07769],[89.71397,25.07751],[89.71417,25.07751],[89.71416,25.07733],[89.71436,25.07732],[89.71436,25.07714],[89.71456,25.07714],[89.71455,25.07678],[89.71494,25.07659],[89.71494,25.07641],[89.71434,25.07642],[89.71415,25.07679],[89.71376,25.07679],[89.71376,25.07697],[89.71356,25.07698],[89.71357,25.07716],[89.71317,25.07717],[89.71317,25.07735],[89.71298,25.07735],[89.71298,25.07771],[89.71279,25.07771],[89.7128,25.07826],[89.7124,25.07826],[89.71221,25.07863],[89.71201,25.07863],[89.71202,25.07881],[89.71182,25.07881],[89.71182,25.07899],[89.71163,25.079],[89.71163,25.07918],[89.71143,25.07918],[89.71144,25.07936],[89.71104,25.07937],[89.71104,25.07955],[89.71085,25.07955],[89.71086,25.08028],[89.71106,25.08027],[89.71106,25.08045],[89.71146,25.08045]]]}},{"type":"Feature","properties":{"kind":"land","ha":16.9},"geometry":{"type":"Polygon","coordinates":[[[89.63925,25.09547],[89.63923,25.09492],[89.63904,25.09493],[89.63902,25.09439],[89.63883,25.09439],[89.63882,25.09403],[89.63862,25.09403],[89.6386,25.09331],[89.63841,25.09331],[89.63838,25.09205],[89.63818,25.09206],[89.63836,25.09133],[89.63817,25.09133],[89.63813,25.08953],[89.63793,25.08953],[89.6379,25.08809],[89.6377,25.08809],[89.63769,25.08773],[89.63749,25.08774],[89.63749,25.08737],[89.63768,25.08737],[89.63768,25.08719],[89.63728,25.0872],[89.63728,25.08702],[89.63708,25.08702],[89.63687,25.0863],[89.63667,25.08631],[89.63666,25.08595],[89.63626,25.08577],[89.63626,25.08559],[89.63606,25.0856],[89.63606,25.08541],[89.63586,25.08542],[89.63585,25.08524],[89.63566,25.08524],[89.63565,25.08506],[89.63526,25.08507],[89.63505,25.08471],[89.63465,25.08472],[89.63445,25.08436],[89.63425,25.08436],[89.63425,25.08418],[89.63405,25.08419],[89.63404,25.08383],[89.63384,25.08383],[89.63384,25.08365],[89.63344,25.08366],[89.63324,25.0833],[89.63304,25.0833],[89.63303,25.08312],[89.63284,25.08313],[89.63283,25.08295],[89.63263,25.08295],[89.63263,25.08277],[89.63243,25.08277],[89.63243,25.08259],[89.63223,25.08259],[89.63223,25.08241],[89.63203,25.08242],[89.63202,25.08224],[89.63183,25.08224],[89.63182,25.08188],[89.63142,25.08171],[89.63141,25.08153],[89.63122,25.08153],[89.63121,25.08135],[89.63101,25.08135],[89.63101,25.08117],[89.63081,25.08118],[89.63081,25.081],[89.63041,25.081],[89.6304,25.08064],[89.63,25.08047],[89.63,25.08029],[89.6298,25.08029],[89.6298,25.08011],[89.6296,25.08011],[89.6296,25.07993],[89.6294,25.07994],[89.62939,25.07976],[89.6292,25.07976],[89.62919,25.07958],[89.62899,25.07958],[89.62899,25.07922],[89.62859,25.07905],[89.62858,25.07887],[89.62839,25.07887],[89.62838,25.07869],[89.62818,25.0787],[89.62818,25.07833],[89.62778,25.07816],[89.62777,25.07798],[89.62757,25.07798],[89.62757,25.0778],[89.62717,25.07781],[89.62738,25.07817],[89.62758,25.07816],[89.62758,25.07835],[89.62778,25.07834],[89.62778,25.07852],[89.62798,25.07852],[89.62799,25.07888],[89.62839,25.07905],[89.6284,25.07941],[89.6288,25.07959],[89.6288,25.07977],[89.629,25.07976],[89.629,25.07994],[89.6292,25.07994],[89.6292,25.08012],[89.6294,25.08012],[89.62941,25.0803],[89.6296,25.08029],[89.62961,25.08066],[89.63001,25.08083],[89.63002,25.08119],[89.63042,25.08136],[89.63042,25.08154],[89.63062,25.08154],[89.63063,25.08172],[89.63082,25.08172],[89.63083,25.0819],[89.63103,25.08189],[89.63103,25.08226],[89.63143,25.08243],[89.63144,25.08279],[89.63184,25.08296],[89.63185,25.08332],[89.63225,25.0835],[89.63225,25.08368],[89.63245,25.08367],[89.63246,25.08385],[89.63265,25.08385],[89.63266,25.08403],[89.63286,25.08403],[89.63286,25.08421],[89.63306,25.0842],[89.63306,25.08439],[89.63326,25.08438],[89.63326,25.08456],[89.63346,25.08456],[89.63347,25.08492],[89.63387,25.08509],[89.63388,25.08545],[89.63428,25.08563],[89.63428,25.08581],[89.63448,25.0858],[89.63448,25.08598],[89.63468,25.08598],[89.63469,25.08616],[89.63488,25.08616],[89.63489,25.08634],[89.63509,25.08633],[89.63509,25.0867],[89.63549,25.08687],[89.6355,25.08723],[89.6359,25.0874],[89.63591,25.08776],[89.63611,25.08776],[89.63611,25.08794],[89.63631,25.08794],[89.6363,25.08776],[89.6367,25.08775],[89.6367,25.08793],[89.6371,25.08792],[89.63711,25.08828],[89.63731,25.08828],[89.63732,25.089],[89.63712,25.08901],[89.63713,25.08919],[89.63752,25.08918],[89.63754,25.0899],[89.63774,25.0899],[89.63774,25.09008],[89.63715,25.09009],[89.63714,25.08991],[89.63695,25.08991],[89.63695,25.09027],[89.63715,25.09027],[89.63716,25.09063],[89.63736,25.09063],[89.63737,25.09135],[89.63757,25.09134],[89.63758,25.09189],[89.63778,25.09188],[89.6378,25.0926],[89.63799,25.0926],[89.63802,25.09368],[89.63842,25.09386],[89.63863,25.09457],[89.63883,25.09457],[89.63884,25.09511],[89.63904,25.09511],[89.63905,25.09547],[89.63925,25.09547]]]}},{"type":"Feature","properties":{"kind":"land","ha":3.6},"geometry":{"type":"Polygon","coordinates":[[[89.61277,25.08095],[89.61296,25.08059],[89.61336,25.08058],[89.61355,25.08022],[89.61375,25.08021],[89.61374,25.08003],[89.61394,25.08003],[89.61393,25.07949],[89.61373,25.07949],[89.61373,25.07931],[89.61333,25.07932],[89.61333,25.07914],[89.61293,25.07915],[89.61294,25.07933],[89.61313,25.07932],[89.61315,25.07986],[89.61295,25.07987],[89.61295,25.08005],[89.61236,25.08006],[89.61235,25.07988],[89.61215,25.07988],[89.61214,25.07934],[89.61254,25.07933],[89.61253,25.07897],[89.61233,25.07898],[89.61232,25.07843],[89.61252,25.07843],[89.61251,25.07789],[89.61231,25.07789],[89.61232,25.07825],[89.61212,25.07826],[89.61212,25.07844],[89.61193,25.07844],[89.61193,25.0788],[89.61154,25.07899],[89.61176,25.08007],[89.61156,25.08007],[89.61158,25.08061],[89.61198,25.08079],[89.61198,25.08097],[89.61277,25.08095]]]}},{"type":"Feature","properties":{"kind":"land","ha":8.0},"geometry":{"type":"Polygon","coordinates":[[[89.60751,25.07581],[89.6075,25.07527],[89.6077,25.07527],[89.60769,25.07491],[89.60808,25.07472],[89.60808,25.07454],[89.60828,25.07453],[89.60805,25.07346],[89.60825,25.07345],[89.60825,25.07309],[89.60844,25.07309],[89.60844,25.07291],[89.60903,25.0729],[89.60904,25.07308],[89.60884,25.07308],[89.60885,25.07362],[89.60865,25.07363],[89.60868,25.07489],[89.60927,25.07488],[89.60928,25.07506],[89.61007,25.07504],[89.61007,25.07486],[89.61026,25.07486],[89.61025,25.07414],[89.61045,25.07414],[89.61044,25.07377],[89.61024,25.07378],[89.61023,25.07324],[89.61003,25.07324],[89.61004,25.0736],[89.60984,25.0736],[89.60985,25.07378],[89.60945,25.07379],[89.60943,25.07289],[89.60903,25.07272],[89.60903,25.07254],[89.60883,25.07254],[89.60882,25.07236],[89.60863,25.07236],[89.60862,25.072],[89.60901,25.07181],[89.60901,25.07163],[89.60841,25.07164],[89.60842,25.07201],[89.60822,25.07201],[89.60824,25.07273],[89.60785,25.07292],[89.60785,25.0731],[89.60765,25.0731],[89.60765,25.07292],[89.60725,25.07293],[89.60725,25.07275],[89.60685,25.07275],[89.60666,25.07312],[89.60646,25.07312],[89.60651,25.07529],[89.6069,25.07528],[89.60711,25.07564],[89.60731,25.07563],[89.60731,25.07582],[89.60751,25.07581]],[[89.60668,25.07402],[89.60688,25.07402],[89.60688,25.0742],[89.60708,25.07419],[89.60709,25.07474],[89.60669,25.07474],[89.60668,25.07402]]]}},{"type":"Feature","properties":{"kind":"land","ha":36.5},"geometry":{"type":"Polygon","coordinates":[[[89.58354,25.08598],[89.58354,25.08562],[89.58393,25.08543],[89.58393,25.08525],[89.58412,25.08525],[89.58412,25.08507],[89.58452,25.08506],[89.58451,25.0847],[89.58372,25.08471],[89.58371,25.08435],[89.58331,25.08418],[89.5833,25.08382],[89.58469,25.08379],[89.5847,25.08415],[89.58489,25.08415],[89.58508,25.08379],[89.58489,25.08379],[89.58488,25.08343],[89.58468,25.08343],[89.58468,25.08325],[89.58487,25.08325],[89.58486,25.08253],[89.58526,25.08252],[89.58526,25.0827],[89.58605,25.08269],[89.58604,25.08232],[89.58585,25.08233],[89.58583,25.08161],[89.58524,25.08162],[89.58524,25.0818],[89.58504,25.0818],[89.58484,25.08144],[89.58464,25.08145],[89.58463,25.08109],[89.58483,25.08108],[89.58482,25.08054],[89.58502,25.08054],[89.585,25.08],[89.5854,25.07981],[89.58539,25.07963],[89.58559,25.07962],[89.5856,25.08017],[89.5858,25.08016],[89.58582,25.08088],[89.58601,25.08088],[89.58603,25.08142],[89.58622,25.08142],[89.58622,25.08106],[89.58641,25.08105],[89.58638,25.07943],[89.58658,25.07943],[89.58657,25.07925],[89.58617,25.07907],[89.58617,25.07889],[89.58597,25.0789],[89.58597,25.07872],[89.58577,25.07872],[89.58577,25.07854],[89.58497,25.07855],[89.58477,25.0782],[89.58457,25.0782],[89.58457,25.07802],[89.58437,25.07802],[89.58436,25.07748],[89.58416,25.07748],[89.58415,25.07712],[89.58375,25.07695],[89.58354,25.07623],[89.58334,25.07623],[89.58333,25.07569],[89.58293,25.07552],[89.58292,25.07498],[89.58252,25.0748],[89.5823,25.07409],[89.58211,25.07409],[89.58189,25.07301],[89.58149,25.07284],[89.58148,25.07266],[89.58128,25.07266],[89.58127,25.07194],[89.58087,25.07176],[89.58092,25.07411],[89.58072,25.07411],[89.58073,25.07447],[89.58053,25.07448],[89.58055,25.07556],[89.58035,25.07556],[89.58039,25.07737],[89.58019,25.07737],[89.5802,25.07755],[89.58039,25.07755],[89.58041,25.07809],[89.5806,25.07809],[89.58061,25.07845],[89.58101,25.07844],[89.58121,25.0788],[89.58141,25.0788],[89.58143,25.07952],[89.58163,25.07951],[89.58165,25.0806],[89.58205,25.08077],[89.58205,25.08095],[89.58225,25.08095],[89.58227,25.08203],[89.58307,25.08202],[89.58289,25.0831],[89.58269,25.0831],[89.58271,25.08383],[89.5829,25.08382],[89.58292,25.08436],[89.58311,25.08436],[89.58313,25.0849],[89.58332,25.0849],[89.58334,25.08544],[89.58314,25.08544],[89.58315,25.08617],[89.58354,25.08598]],[[89.58368,25.08291],[89.58388,25.0829],[89.58388,25.08308],[89.58368,25.08309],[89.58368,25.08291]],[[89.58244,25.08076],[89.58225,25.08077],[89.58222,25.07968],[89.58262,25.07986],[89.58263,25.08004],[89.58283,25.08003],[89.58283,25.08039],[89.58303,25.08039],[89.58304,25.08075],[89.58284,25.08076],[89.58284,25.08094],[89.58245,25.08094],[89.58244,25.08076]],[[89.5818,25.07843],[89.5816,25.07843],[89.58159,25.07789],[89.58139,25.07789],[89.58138,25.07735],[89.58198,25.07734],[89.58197,25.07716],[89.58217,25.07716],[89.58217,25.07734],[89.58237,25.07733],[89.58239,25.07806],[89.58219,25.07806],[89.5822,25.07842],[89.582,25.07842],[89.582,25.0786],[89.5818,25.07861],[89.5818,25.07843]],[[89.58097,25.07646],[89.58116,25.07645],[89.58116,25.07609],[89.58136,25.07609],[89.58134,25.07555],[89.58154,25.07554],[89.58155,25.0759],[89.58175,25.0759],[89.58176,25.07662],[89.58137,25.07663],[89.58137,25.07681],[89.58117,25.07681],[89.58097,25.07646]]]}},{"type":"Feature","properties":{"kind":"land","ha":21.1},"geometry":{"type":"Polygon","coordinates":[[[89.71199,25.07755],[89.71199,25.07737],[89.71238,25.07736],[89.71237,25.077],[89.71277,25.07699],[89.71296,25.07663],[89.71316,25.07662],[89.71315,25.07644],[89.71335,25.07644],[89.71334,25.07608],[89.71374,25.07607],[89.71393,25.07571],[89.71413,25.0757],[89.71413,25.07552],[89.71333,25.07554],[89.71314,25.0759],[89.71294,25.07591],[89.71295,25.07609],[89.71275,25.07609],[89.71275,25.07627],[89.71236,25.07628],[89.71235,25.0761],[89.71216,25.0761],[89.71214,25.07556],[89.71293,25.07518],[89.71292,25.07482],[89.71331,25.07464],[89.71331,25.07446],[89.71351,25.07445],[89.7135,25.07409],[89.7137,25.07409],[89.71369,25.07391],[89.71409,25.0739],[89.71428,25.07354],[89.71448,25.07353],[89.71447,25.07335],[89.71487,25.07334],[89.71487,25.07316],[89.71506,25.07316],[89.71506,25.0728],[89.71545,25.07261],[89.71544,25.07243],[89.71564,25.07243],[89.71564,25.07225],[89.71584,25.07224],[89.71602,25.07152],[89.71622,25.07151],[89.71621,25.07133],[89.71661,25.07133],[89.7168,25.07096],[89.717,25.07096],[89.71699,25.07042],[89.71738,25.07023],[89.71737,25.07005],[89.71757,25.07005],[89.71775,25.06932],[89.71795,25.06932],[89.71794,25.06896],[89.71755,25.06914],[89.71756,25.06932],[89.71736,25.06933],[89.71736,25.06951],[89.71578,25.06954],[89.71578,25.0699],[89.71539,25.07009],[89.7154,25.07045],[89.71501,25.07063],[89.71501,25.07081],[89.71481,25.07082],[89.71483,25.07136],[89.71443,25.07155],[89.71444,25.07173],[89.71424,25.07173],[89.71425,25.07227],[89.71405,25.07228],[89.71406,25.07246],[89.71366,25.07246],[89.71367,25.07264],[89.71307,25.07265],[89.71288,25.07302],[89.7107,25.07306],[89.7105,25.0727],[89.7103,25.07271],[89.71029,25.07253],[89.7101,25.07253],[89.71009,25.07235],[89.7093,25.07236],[89.70929,25.072],[89.70909,25.07201],[89.70909,25.07183],[89.70889,25.07183],[89.7089,25.07219],[89.7085,25.0722],[89.7083,25.07184],[89.7079,25.07185],[89.70811,25.07257],[89.70831,25.07256],[89.70832,25.07292],[89.70852,25.07292],[89.70853,25.07328],[89.70872,25.07328],[89.70873,25.07364],[89.70794,25.07347],[89.70814,25.07383],[89.70834,25.07382],[89.70835,25.07419],[89.70855,25.07418],[89.70855,25.07436],[89.70934,25.07435],[89.70933,25.07381],[89.70913,25.07381],[89.70911,25.07273],[89.7099,25.07271],[89.70991,25.07289],[89.7101,25.07289],[89.71012,25.07379],[89.71032,25.07379],[89.71033,25.07415],[89.71073,25.07414],[89.71071,25.0736],[89.71111,25.07359],[89.71132,25.07395],[89.71151,25.07395],[89.71152,25.07413],[89.71172,25.07412],[89.71172,25.07448],[89.71192,25.07448],[89.71174,25.07521],[89.71154,25.07521],[89.71175,25.07557],[89.71155,25.07557],[89.71155,25.07575],[89.71116,25.07576],[89.71116,25.07594],[89.71136,25.07594],[89.71137,25.0763],[89.71098,25.07648],[89.71098,25.07666],[89.71078,25.07667],[89.71079,25.07685],[89.71059,25.07685],[89.7106,25.07739],[89.7108,25.07739],[89.7108,25.07757],[89.71199,25.07755]]]}},{"type":"Feature","properties":{"kind":"land","ha":15.3},"geometry":{"type":"Polygon","coordinates":[[[89.64801,25.07906],[89.6482,25.0787],[89.6486,25.07887],[89.64858,25.07815],[89.64839,25.07816],[89.64838,25.07779],[89.64818,25.0778],[89.64817,25.07744],[89.64797,25.07744],[89.64797,25.07708],[89.64757,25.07691],[89.64755,25.07619],[89.64735,25.07619],[89.64735,25.07583],[89.64715,25.07583],[89.64714,25.07565],[89.64695,25.07565],[89.64694,25.07529],[89.64654,25.07512],[89.64653,25.07494],[89.64614,25.07495],[89.64613,25.07441],[89.64632,25.0744],[89.64631,25.07368],[89.64651,25.07368],[89.6465,25.07314],[89.64609,25.07296],[89.64609,25.07278],[89.64589,25.07279],[89.64589,25.07242],[89.64549,25.07225],[89.64548,25.07207],[89.64528,25.07207],[89.64524,25.06991],[89.64504,25.06991],[89.64505,25.07045],[89.64485,25.07046],[89.64491,25.07316],[89.64471,25.07317],[89.64474,25.07443],[89.64494,25.07443],[89.64498,25.07623],[89.64517,25.07623],[89.64519,25.07677],[89.64538,25.07677],[89.64539,25.07713],[89.64559,25.07712],[89.64561,25.07784],[89.6458,25.07784],[89.64581,25.0782],[89.64621,25.07838],[89.64622,25.07856],[89.64641,25.07855],[89.64642,25.07873],[89.64662,25.07873],[89.64662,25.07891],[89.64721,25.0789],[89.64722,25.07908],[89.64801,25.07906]],[[89.64678,25.07728],[89.64698,25.07728],[89.64698,25.07746],[89.64679,25.07746],[89.64678,25.07728]]]}},{"type":"Feature","properties":{"kind":"land","ha":4.0},"geometry":{"type":"Polygon","coordinates":[[[89.70732,25.07258],[89.70729,25.07114],[89.70749,25.07113],[89.70745,25.06951],[89.70705,25.06934],[89.70705,25.06916],[89.70685,25.06916],[89.70684,25.06844],[89.70644,25.06844],[89.70646,25.06935],[89.70606,25.06935],[89.70606,25.06917],[89.70586,25.06918],[89.70585,25.06882],[89.70565,25.06882],[89.70567,25.06936],[89.70586,25.06936],[89.70588,25.0699],[89.70607,25.06989],[89.70607,25.06953],[89.70626,25.06953],[89.70647,25.06989],[89.70667,25.06988],[89.70668,25.07024],[89.70687,25.07024],[89.70689,25.07096],[89.70649,25.07097],[89.70649,25.07079],[89.70629,25.07079],[89.70628,25.07043],[89.70609,25.07044],[89.7061,25.07098],[89.7059,25.07098],[89.70591,25.07134],[89.70611,25.07134],[89.70611,25.07152],[89.70651,25.07151],[89.70652,25.07223],[89.70672,25.07223],[89.70672,25.07241],[89.70712,25.0724],[89.70712,25.07258],[89.70732,25.07258]]]}},{"type":"Feature","properties":{"kind":"land","ha":4.4},"geometry":{"type":"Polygon","coordinates":[[[89.61901,25.07597],[89.61899,25.07507],[89.61919,25.07506],[89.61918,25.0747],[89.61898,25.07471],[89.61895,25.07326],[89.61875,25.07327],[89.61871,25.07146],[89.61852,25.07147],[89.61849,25.07038],[89.61909,25.07037],[89.61909,25.07055],[89.61949,25.07055],[89.61949,25.07073],[89.61989,25.07072],[89.61989,25.0709],[89.62029,25.07089],[89.62049,25.07125],[89.62069,25.07125],[89.62068,25.07089],[89.62028,25.07071],[89.62028,25.07053],[89.61988,25.07054],[89.61968,25.07018],[89.61888,25.07002],[89.61868,25.06966],[89.61788,25.06949],[89.61789,25.06985],[89.61769,25.06986],[89.6177,25.07058],[89.6179,25.07057],[89.61793,25.07202],[89.61813,25.07201],[89.61814,25.07256],[89.61834,25.07255],[89.61835,25.07291],[89.61855,25.07291],[89.61857,25.07381],[89.61876,25.07381],[89.61881,25.07597],[89.61901,25.07597]]]}},{"type":"Feature","properties":{"kind":"land","ha":5.4},"geometry":{"type":"Polygon","coordinates":[[[89.61722,25.07564],[89.61719,25.07456],[89.617,25.07456],[89.61698,25.07384],[89.61718,25.07384],[89.61716,25.07311],[89.61736,25.07311],[89.61733,25.07149],[89.61693,25.07131],[89.61692,25.07113],[89.61673,25.07114],[89.61671,25.07042],[89.61631,25.07042],[89.61629,25.06952],[89.61649,25.06952],[89.61649,25.06916],[89.61609,25.06898],[89.61608,25.0688],[89.61569,25.06881],[89.61549,25.06917],[89.61569,25.06917],[89.61572,25.07061],[89.61592,25.07061],[89.61593,25.07097],[89.61613,25.07097],[89.61617,25.07295],[89.61637,25.07295],[89.61638,25.07349],[89.61658,25.07349],[89.61659,25.07421],[89.61679,25.0742],[89.61681,25.07511],[89.61701,25.0751],[89.61702,25.07564],[89.61722,25.07564]]]}},{"type":"Feature","properties":{"kind":"land","ha":22.6},"geometry":{"type":"Polygon","coordinates":[[[89.61267,25.07608],[89.61265,25.07536],[89.61285,25.07536],[89.61284,25.075],[89.61304,25.07499],[89.61302,25.07409],[89.61381,25.0739],[89.61382,25.07408],[89.61421,25.07407],[89.61442,25.07443],[89.61462,25.07442],[89.61461,25.07406],[89.61481,25.07406],[89.6148,25.0737],[89.615,25.07369],[89.61499,25.07351],[89.61539,25.07369],[89.6154,25.07387],[89.61559,25.07386],[89.61559,25.0735],[89.61578,25.0735],[89.61577,25.07296],[89.61537,25.07279],[89.61536,25.07224],[89.61516,25.07225],[89.61514,25.07116],[89.61534,25.07116],[89.61533,25.07062],[89.61553,25.07062],[89.61551,25.07008],[89.61511,25.0699],[89.61511,25.06972],[89.61491,25.06972],[89.6149,25.069],[89.6147,25.06901],[89.61469,25.06847],[89.61489,25.06846],[89.61487,25.06756],[89.61467,25.06756],[89.61466,25.0672],[89.61446,25.06721],[89.61445,25.06684],[89.61406,25.06685],[89.61385,25.06649],[89.61326,25.0665],[89.61326,25.06669],[89.61366,25.06668],[89.61366,25.06686],[89.61386,25.06686],[89.61387,25.0674],[89.61367,25.0674],[89.61368,25.06776],[89.61348,25.06776],[89.6135,25.06849],[89.6133,25.06849],[89.61331,25.06903],[89.61311,25.06903],[89.61314,25.07012],[89.61294,25.07012],[89.61296,25.0712],[89.61276,25.07121],[89.61278,25.07193],[89.61199,25.0723],[89.61201,25.07321],[89.61142,25.07322],[89.61141,25.07285],[89.61101,25.07286],[89.61102,25.07304],[89.61082,25.07305],[89.61083,25.07341],[89.61103,25.0734],[89.61104,25.07412],[89.61124,25.07412],[89.61125,25.07448],[89.61145,25.07448],[89.61146,25.0752],[89.61106,25.07521],[89.61107,25.07557],[89.61187,25.07573],[89.61207,25.07609],[89.61267,25.07608]]]}},{"type":"Feature","properties":{"kind":"land","ha":71.9},"geometry":{"type":"Polygon","coordinates":[[[89.70222,25.06581],[89.70261,25.06563],[89.70258,25.06436],[89.70239,25.06437],[89.70238,25.06401],[89.70218,25.06401],[89.70218,25.06383],[89.70178,25.06384],[89.70177,25.06348],[89.70197,25.06347],[89.70197,25.06329],[89.70157,25.0633],[89.70157,25.06312],[89.70117,25.06331],[89.70118,25.06349],[89.70098,25.06349],[89.70098,25.06367],[89.70079,25.06367],[89.70079,25.06385],[89.7,25.06387],[89.7,25.06405],[89.6998,25.06405],[89.69982,25.06477],[89.69962,25.06478],[89.69963,25.06532],[89.70003,25.06531],[89.70023,25.06567],[89.70043,25.06567],[89.70044,25.06621],[89.70005,25.06621],[89.70005,25.06639],[89.69985,25.0664],[89.69987,25.06712],[89.69948,25.06731],[89.69949,25.06785],[89.69929,25.06785],[89.6993,25.06821],[89.6995,25.06821],[89.69953,25.06947],[89.69972,25.06947],[89.69975,25.07073],[89.69936,25.07074],[89.69917,25.0711],[89.69897,25.07111],[89.69897,25.07147],[89.69878,25.07147],[89.6988,25.07255],[89.699,25.07255],[89.69901,25.07291],[89.6992,25.07291],[89.69922,25.07345],[89.69962,25.07362],[89.69963,25.07434],[89.69943,25.07435],[89.69944,25.07453],[89.69904,25.07454],[89.69904,25.07435],[89.69864,25.07436],[89.69864,25.07418],[89.69844,25.07419],[89.69843,25.07382],[89.69803,25.07365],[89.69803,25.07347],[89.69783,25.07347],[89.69783,25.07329],[89.69763,25.0733],[89.69762,25.07312],[89.69743,25.07312],[89.69742,25.07294],[89.69722,25.07294],[89.69722,25.07276],[89.69702,25.07277],[89.69702,25.07259],[89.69662,25.07259],[89.69662,25.07241],[89.69642,25.07242],[89.69641,25.07206],[89.69602,25.07206],[89.696,25.07152],[89.6956,25.07135],[89.6956,25.07117],[89.6954,25.07117],[89.6954,25.07099],[89.6952,25.071],[89.69521,25.07136],[89.69461,25.07137],[89.69441,25.07101],[89.69461,25.07101],[89.6946,25.07083],[89.6942,25.07065],[89.69422,25.07137],[89.69441,25.07137],[89.69444,25.07245],[89.69484,25.07263],[89.69484,25.07281],[89.69445,25.07281],[89.69445,25.07299],[89.69485,25.07299],[89.69485,25.07317],[89.69505,25.07316],[89.69506,25.07371],[89.69546,25.07388],[89.69546,25.07406],[89.69566,25.07406],[89.69567,25.07424],[89.69586,25.07423],[89.69608,25.07495],[89.69628,25.07495],[89.69629,25.07549],[89.69669,25.07566],[89.69668,25.0753],[89.69707,25.07511],[89.69707,25.07493],[89.69846,25.07491],[89.69846,25.07527],[89.69866,25.07526],[89.69847,25.07563],[89.69827,25.07563],[89.69828,25.07581],[89.69788,25.07582],[89.69789,25.076],[89.6967,25.07602],[89.6967,25.0762],[89.6969,25.0762],[89.69691,25.07674],[89.69711,25.07674],[89.69711,25.07692],[89.69771,25.07691],[89.69771,25.07709],[89.69791,25.07708],[89.69792,25.07762],[89.69772,25.07763],[89.69773,25.07799],[89.69813,25.07816],[89.69813,25.07834],[89.69853,25.07833],[89.69853,25.07852],[89.69873,25.07851],[89.69874,25.07887],[89.69894,25.07887],[89.69895,25.07941],[89.69915,25.07941],[89.69912,25.07796],[89.69932,25.07796],[89.6993,25.07742],[89.6995,25.07741],[89.6995,25.07723],[89.69989,25.07723],[89.69987,25.07614],[89.70026,25.07596],[89.70024,25.07487],[89.70044,25.07487],[89.70042,25.07433],[89.70062,25.07433],[89.70061,25.07378],[89.70101,25.07378],[89.70103,25.07486],[89.70123,25.07486],[89.70124,25.07522],[89.70163,25.07521],[89.70184,25.07557],[89.70204,25.07556],[89.70204,25.07574],[89.70283,25.07555],[89.70283,25.07537],[89.70302,25.07537],[89.70302,25.075],[89.70321,25.075],[89.70321,25.07464],[89.7034,25.07464],[89.70342,25.07518],[89.70361,25.07517],[89.70364,25.07644],[89.70344,25.07644],[89.70346,25.07716],[89.70366,25.07716],[89.70365,25.07698],[89.70405,25.07697],[89.70405,25.07679],[89.70444,25.07678],[89.70445,25.07732],[89.70485,25.07732],[89.70485,25.07714],[89.70524,25.07713],[89.70525,25.07731],[89.70544,25.07731],[89.70546,25.07785],[89.70526,25.07785],[89.70527,25.07821],[89.70546,25.07821],[89.70547,25.07857],[89.70626,25.07855],[89.70627,25.07874],[89.70647,25.07873],[89.70644,25.07765],[89.70605,25.07766],[89.70604,25.07748],[89.70584,25.07748],[89.70583,25.07658],[89.70563,25.07658],[89.70562,25.07604],[89.70581,25.07604],[89.70581,25.07568],[89.706,25.07567],[89.70598,25.07459],[89.70618,25.07459],[89.70616,25.07386],[89.70557,25.07387],[89.70557,25.07406],[89.70518,25.07406],[89.70518,25.07442],[89.70538,25.07442],[89.7054,25.07532],[89.70501,25.07551],[89.705,25.07533],[89.70481,25.07533],[89.70479,25.07461],[89.70459,25.07461],[89.70457,25.07371],[89.70437,25.07372],[89.70437,25.07336],[89.70417,25.07336],[89.70416,25.07282],[89.70396,25.07282],[89.70394,25.0721],[89.70374,25.0721],[89.70373,25.07156],[89.70353,25.07157],[89.70352,25.07102],[89.70372,25.07102],[89.70371,25.07066],[89.70391,25.07066],[89.7039,25.07012],[89.70331,25.07013],[89.7031,25.06977],[89.7029,25.06977],[89.70289,25.06941],[89.7027,25.06942],[89.70268,25.06887],[89.70288,25.06887],[89.70287,25.06851],[89.70307,25.06851],[89.70304,25.06706],[89.70264,25.06689],[89.70263,25.06635],[89.70223,25.06617],[89.70222,25.06581]],[[89.69892,25.07797],[89.69891,25.07761],[89.69911,25.0776],[89.69912,25.07796],[89.69892,25.07797]],[[89.70465,25.07714],[89.70464,25.07696],[89.70484,25.07696],[89.70485,25.07714],[89.70465,25.07714]],[[89.70561,25.07568],[89.7056,25.07532],[89.7058,25.07531],[89.70581,25.07568],[89.70561,25.07568]],[[89.70223,25.06636],[89.70203,25.06636],[89.70203,25.06618],[89.70223,25.06617],[89.70223,25.06636]],[[89.69646,25.0744],[89.69626,25.07441],[89.69625,25.07386],[89.69605,25.07387],[89.69605,25.07351],[89.69585,25.07351],[89.69584,25.07315],[89.69604,25.07315],[89.69604,25.07297],[89.69663,25.07295],[89.69663,25.07314],[89.69683,25.07313],[89.69684,25.07349],[89.69704,25.07349],[89.69707,25.07475],[89.69647,25.07476],[89.69646,25.0744]],[[89.70359,25.07427],[89.70399,25.07426],[89.704,25.07463],[89.7036,25.07463],[89.70359,25.07427]],[[89.70313,25.07121],[89.70333,25.07121],[89.70354,25.07193],[89.70295,25.07194],[89.70313,25.07121]]]}},{"type":"Feature","properties":{"kind":"land","ha":4.3},"geometry":{"type":"Polygon","coordinates":[[[89.59719,25.06588],[89.59719,25.0657],[89.59739,25.0657],[89.59734,25.06354],[89.59714,25.06354],[89.59712,25.06246],[89.59732,25.06245],[89.59731,25.06191],[89.59711,25.06191],[89.59711,25.06173],[89.59671,25.06192],[89.59674,25.063],[89.59634,25.06319],[89.59635,25.06337],[89.59615,25.06338],[89.59615,25.06356],[89.59596,25.06356],[89.59597,25.06446],[89.59657,25.06445],[89.59658,25.06499],[89.59619,25.06518],[89.59619,25.06536],[89.59599,25.06536],[89.596,25.06554],[89.5958,25.06555],[89.59581,25.06591],[89.59719,25.06588]]]}},{"type":"Feature","properties":{"kind":"land","ha":4.4},"geometry":{"type":"Polygon","coordinates":[[[89.62399,25.05873],[89.62398,25.05819],[89.62477,25.05818],[89.62478,25.05854],[89.62557,25.05853],[89.62557,25.05835],[89.62656,25.05833],[89.62656,25.05815],[89.62616,25.05797],[89.62615,25.05779],[89.62595,25.0578],[89.62595,25.05744],[89.62555,25.05726],[89.62554,25.05708],[89.62534,25.05709],[89.62534,25.05691],[89.62514,25.05691],[89.62514,25.05673],[89.62494,25.05673],[89.62494,25.05655],[89.62454,25.05656],[89.62455,25.0571],[89.62435,25.0571],[89.62436,25.05728],[89.62357,25.0573],[89.62337,25.05766],[89.62298,25.05767],[89.62279,25.05803],[89.62259,25.05804],[89.62259,25.05822],[89.62319,25.05821],[89.62319,25.05839],[89.62359,25.05838],[89.62379,25.05874],[89.62399,25.05873]]]}},{"type":"Feature","properties":{"kind":"land","ha":10.8},"geometry":{"type":"Polygon","coordinates":[[[89.72528,25.05998],[89.72526,25.05944],[89.72546,25.05943],[89.72544,25.05835],[89.72564,25.05835],[89.72562,25.05762],[89.72582,25.05762],[89.72581,25.05726],[89.72601,25.05726],[89.726,25.05708],[89.7264,25.05707],[89.7264,25.05725],[89.7266,25.05725],[89.72661,25.05779],[89.72681,25.05778],[89.727,25.05742],[89.7268,25.05742],[89.72679,25.05688],[89.72639,25.05671],[89.72639,25.05653],[89.72619,25.05653],[89.72619,25.05635],[89.72579,25.05636],[89.72579,25.05618],[89.72559,25.05618],[89.72558,25.05564],[89.72538,25.05564],[89.72536,25.05474],[89.72516,25.05475],[89.72516,25.05457],[89.72476,25.05457],[89.72475,25.05421],[89.72436,25.05422],[89.72435,25.05404],[89.72415,25.05404],[89.72413,25.05296],[89.72373,25.05279],[89.72371,25.05188],[89.72292,25.05208],[89.72292,25.05226],[89.72213,25.05227],[89.72213,25.05209],[89.72094,25.05212],[89.72115,25.05247],[89.72194,25.05264],[89.72215,25.053],[89.72294,25.05298],[89.72294,25.05316],[89.72334,25.05315],[89.72334,25.05333],[89.72354,25.05333],[89.72357,25.05459],[89.72377,25.05459],[89.72377,25.05477],[89.72457,25.05476],[89.72457,25.05494],[89.72477,25.05493],[89.72479,25.05602],[89.72439,25.05602],[89.72438,25.0553],[89.72398,25.05531],[89.72399,25.05549],[89.72379,25.05549],[89.7238,25.05585],[89.7236,25.05586],[89.72361,25.0564],[89.72341,25.0564],[89.72348,25.05929],[89.72367,25.05928],[89.72365,25.05838],[89.72405,25.0582],[89.72402,25.05693],[89.72422,25.05693],[89.72421,25.05657],[89.72441,25.05656],[89.7244,25.05638],[89.7248,25.05638],[89.7248,25.0562],[89.72519,25.05619],[89.7252,25.05637],[89.72539,25.05637],[89.72541,25.05691],[89.72521,25.05691],[89.72522,25.05763],[89.72503,25.05764],[89.72505,25.05872],[89.72485,25.05872],[89.72487,25.05944],[89.72467,25.05945],[89.72468,25.05981],[89.72487,25.0598],[89.72488,25.05998],[89.72528,25.05998]]]}},{"type":"Feature","properties":{"kind":"land","ha":4.7},"geometry":{"type":"Polygon","coordinates":[[[89.68058,25.05502],[89.68056,25.05411],[89.68037,25.05412],[89.68036,25.05394],[89.68076,25.05393],[89.68094,25.0532],[89.68133,25.05302],[89.68133,25.05284],[89.68153,25.05283],[89.68151,25.05211],[89.68131,25.05211],[89.6813,25.05157],[89.6811,25.05158],[89.68109,25.05122],[89.6807,25.05122],[89.6807,25.0514],[89.6805,25.05141],[89.68052,25.05195],[89.67933,25.05197],[89.67934,25.05251],[89.67954,25.05251],[89.67954,25.05269],[89.67934,25.05269],[89.67935,25.05305],[89.67955,25.05305],[89.67956,25.05341],[89.67995,25.0534],[89.67996,25.05358],[89.68016,25.05358],[89.68017,25.0543],[89.67997,25.0543],[89.67998,25.05485],[89.68018,25.05484],[89.68019,25.0552],[89.68058,25.05502]]]}},{"type":"Feature","properties":{"kind":"land","ha":54.0},"geometry":{"type":"Polygon","coordinates":[[[89.60478,25.06846],[89.60478,25.06864],[89.60458,25.06864],[89.6046,25.06918],[89.6042,25.06937],[89.60421,25.06973],[89.60441,25.06973],[89.60441,25.06991],[89.60402,25.06992],[89.60383,25.07064],[89.60364,25.07065],[89.60365,25.07155],[89.60346,25.07155],[89.60349,25.07299],[89.60269,25.07301],[89.6027,25.07337],[89.6025,25.07337],[89.60251,25.07373],[89.60271,25.07373],[89.60274,25.07499],[89.60293,25.07499],[89.60276,25.07608],[89.60296,25.07607],[89.603,25.07788],[89.60319,25.07787],[89.60321,25.07859],[89.60341,25.07859],[89.60342,25.07913],[89.60362,25.07913],[89.60363,25.07967],[89.60383,25.07967],[89.60383,25.07985],[89.60403,25.07984],[89.60402,25.0793],[89.60382,25.07931],[89.6038,25.07858],[89.60361,25.07859],[89.6036,25.07823],[89.6034,25.07823],[89.60338,25.07733],[89.60358,25.07732],[89.60357,25.07678],[89.60396,25.07678],[89.60395,25.07605],[89.60415,25.07605],[89.60414,25.07587],[89.60394,25.07587],[89.6039,25.07371],[89.6041,25.07371],[89.60409,25.07334],[89.60389,25.07335],[89.60388,25.07299],[89.60408,25.07298],[89.60407,25.07226],[89.60426,25.07226],[89.60426,25.0719],[89.60465,25.07171],[89.60464,25.07153],[89.60484,25.07153],[89.60484,25.07135],[89.60504,25.07134],[89.60503,25.07116],[89.60523,25.07116],[89.60522,25.0708],[89.60562,25.07061],[89.60561,25.07043],[89.60601,25.07042],[89.606,25.07024],[89.6062,25.07024],[89.60619,25.0697],[89.60658,25.06951],[89.60658,25.06933],[89.60678,25.06933],[89.60677,25.06897],[89.60717,25.06896],[89.60736,25.06859],[89.60756,25.06859],[89.60756,25.06895],[89.60736,25.06896],[89.60737,25.06932],[89.60717,25.06932],[89.60718,25.0695],[89.60837,25.06948],[89.60856,25.06911],[89.60895,25.06911],[89.60895,25.06875],[89.60855,25.06857],[89.60853,25.06803],[89.60893,25.06803],[89.60893,25.06784],[89.60912,25.06784],[89.60909,25.06622],[89.60869,25.06622],[89.6087,25.0664],[89.6083,25.06641],[89.60831,25.06659],[89.60811,25.0666],[89.6081,25.06623],[89.6083,25.06623],[89.60829,25.06587],[89.60849,25.06587],[89.60848,25.06569],[89.60868,25.06568],[89.60868,25.06532],[89.60907,25.06513],[89.60906,25.06477],[89.60945,25.06459],[89.60945,25.06441],[89.60965,25.0644],[89.60964,25.06404],[89.61004,25.06403],[89.61005,25.06458],[89.61084,25.06456],[89.61081,25.0633],[89.61101,25.0633],[89.61098,25.06185],[89.61078,25.06186],[89.61077,25.06149],[89.61037,25.06132],[89.61037,25.06114],[89.61017,25.06114],[89.61016,25.06078],[89.60976,25.06061],[89.60976,25.06025],[89.60936,25.06008],[89.60935,25.0599],[89.60915,25.0599],[89.60915,25.05972],[89.60895,25.05972],[89.60895,25.05954],[89.60875,25.05954],[89.60875,25.05936],[89.60855,25.05937],[89.60855,25.05919],[89.60815,25.05919],[89.60794,25.05884],[89.60775,25.05884],[89.60774,25.05866],[89.60754,25.05866],[89.60754,25.05848],[89.60734,25.05849],[89.60734,25.05831],[89.60714,25.05831],[89.60713,25.05795],[89.60674,25.05796],[89.60653,25.0576],[89.60633,25.0576],[89.60633,25.05742],[89.60613,25.05742],[89.60612,25.05706],[89.60572,25.05689],[89.60572,25.05671],[89.60552,25.05671],[89.60552,25.05653],[89.60532,25.05654],[89.60531,25.05636],[89.60492,25.05636],[89.60471,25.05601],[89.60451,25.05601],[89.60451,25.05583],[89.60431,25.05583],[89.60431,25.05565],[89.60411,25.05566],[89.60411,25.05547],[89.60391,25.05548],[89.60391,25.0553],[89.60371,25.0553],[89.6037,25.05512],[89.60351,25.05512],[89.6035,25.05494],[89.6033,25.05495],[89.6033,25.05477],[89.6031,25.05477],[89.60289,25.05405],[89.60249,25.05388],[89.60248,25.0537],[89.60229,25.0537],[89.60228,25.05334],[89.60188,25.05317],[89.60187,25.05299],[89.60168,25.05299],[89.60167,25.05281],[89.60147,25.05281],[89.60126,25.0521],[89.60086,25.05192],[89.60086,25.05174],[89.60066,25.05174],[89.60066,25.05156],[89.60046,25.05157],[89.60045,25.05139],[89.60026,25.05139],[89.60025,25.05121],[89.60005,25.05121],[89.60005,25.05103],[89.59985,25.05104],[89.59985,25.05086],[89.59965,25.05086],[89.59964,25.0505],[89.59924,25.05033],[89.59924,25.05015],[89.59904,25.05015],[89.59904,25.04997],[89.59884,25.04997],[89.59884,25.04979],[89.59864,25.04979],[89.59864,25.05016],[89.59904,25.05033],[89.59905,25.05051],[89.59925,25.05051],[89.59925,25.05087],[89.59965,25.05104],[89.59966,25.05122],[89.59986,25.05122],[89.59986,25.0514],[89.60006,25.05139],[89.60006,25.05157],[89.60026,25.05157],[89.60026,25.05175],[89.60046,25.05175],[89.60047,25.05193],[89.60066,25.05193],[89.60067,25.05211],[89.60087,25.0521],[89.60087,25.05228],[89.60107,25.05228],[89.60108,25.053],[89.60148,25.05317],[89.60149,25.05335],[89.60168,25.05335],[89.60169,25.05353],[89.60189,25.05353],[89.60189,25.05371],[89.60209,25.05371],[89.6021,25.05407],[89.6025,25.05424],[89.6025,25.0546],[89.6027,25.0546],[89.60271,25.05496],[89.60311,25.05513],[89.60312,25.05549],[89.60352,25.05567],[89.60352,25.05585],[89.60372,25.05584],[89.60373,25.0562],[89.60413,25.05638],[89.60413,25.05656],[89.60433,25.05655],[89.60433,25.05673],[89.60453,25.05673],[89.60474,25.05745],[89.60514,25.05762],[89.60515,25.05798],[89.60535,25.05798],[89.60535,25.05816],[89.60555,25.05816],[89.60556,25.05852],[89.60596,25.05869],[89.60617,25.05941],[89.60637,25.05941],[89.60638,25.05977],[89.60658,25.05976],[89.60658,25.06012],[89.60698,25.0603],[89.6072,25.06102],[89.60739,25.06101],[89.6074,25.06137],[89.6076,25.06137],[89.60761,25.06173],[89.60781,25.06173],[89.60781,25.06209],[89.60821,25.06226],[89.60823,25.06316],[89.60804,25.06317],[89.60805,25.06371],[89.60765,25.0639],[89.60766,25.06408],[89.60746,25.06408],[89.60746,25.06426],[89.60727,25.06426],[89.60727,25.06462],[89.60688,25.06481],[89.60689,25.06517],[89.6065,25.06536],[89.6065,25.06554],[89.6063,25.06554],[89.60631,25.06609],[89.60612,25.06609],[89.60612,25.06645],[89.60573,25.06664],[89.60573,25.06682],[89.60554,25.06682],[89.60554,25.067],[89.60534,25.06701],[89.60535,25.06737],[89.60495,25.06737],[89.60496,25.06791],[89.60516,25.06791],[89.60517,25.06809],[89.60497,25.06809],[89.60498,25.06846],[89.60478,25.06846]],[[89.60557,25.06845],[89.60538,25.06881],[89.60498,25.06882],[89.60498,25.06846],[89.60557,25.06845]],[[89.60713,25.06733],[89.60733,25.06733],[89.60732,25.06697],[89.60772,25.06696],[89.60772,25.06678],[89.60791,25.06678],[89.60792,25.06732],[89.60753,25.06733],[89.60754,25.06787],[89.60734,25.06787],[89.60735,25.06805],[89.60695,25.06806],[89.60713,25.06733]]]}},{"type":"Feature","properties":{"kind":"land","ha":38.2},"geometry":{"type":"Polygon","coordinates":[[[89.67088,25.07342],[89.67087,25.07288],[89.67067,25.07288],[89.67065,25.07216],[89.67085,25.07216],[89.67084,25.07162],[89.67104,25.07161],[89.67102,25.07107],[89.67122,25.07107],[89.6712,25.07017],[89.6714,25.07016],[89.67139,25.0698],[89.67159,25.0698],[89.67159,25.06962],[89.67179,25.06961],[89.67178,25.06925],[89.67217,25.06907],[89.67217,25.06889],[89.67236,25.06888],[89.67234,25.0678],[89.67254,25.0678],[89.67253,25.06762],[89.67293,25.06761],[89.67311,25.06688],[89.67331,25.06688],[89.6733,25.06652],[89.6735,25.06651],[89.67349,25.06615],[89.67369,25.06615],[89.67368,25.06579],[89.67408,25.0656],[89.67407,25.06524],[89.67427,25.06524],[89.67426,25.06506],[89.67446,25.06505],[89.67445,25.06469],[89.67484,25.0645],[89.67484,25.06432],[89.67504,25.06432],[89.67504,25.06414],[89.67523,25.06414],[89.67523,25.06396],[89.67543,25.06395],[89.67542,25.06377],[89.67562,25.06377],[89.67561,25.06341],[89.67601,25.0634],[89.6762,25.06304],[89.6764,25.06303],[89.67639,25.06285],[89.67719,25.06284],[89.67738,25.06247],[89.67757,25.06247],[89.67757,25.06229],[89.67777,25.06229],[89.67777,25.06211],[89.67796,25.0621],[89.67796,25.06192],[89.67816,25.06192],[89.67815,25.06174],[89.67835,25.06173],[89.67835,25.06155],[89.67855,25.06155],[89.67854,25.06137],[89.67874,25.06137],[89.67873,25.06101],[89.67853,25.06101],[89.67849,25.0592],[89.6783,25.05921],[89.67828,25.05831],[89.67847,25.0583],[89.67845,25.05722],[89.67865,25.05722],[89.67863,25.05649],[89.67844,25.0565],[89.6784,25.05506],[89.67821,25.05506],[89.67814,25.05181],[89.67833,25.05181],[89.67833,25.05163],[89.67813,25.05163],[89.67812,25.05127],[89.67832,25.05127],[89.67831,25.05091],[89.67851,25.0509],[89.67849,25.05],[89.67869,25.05],[89.67868,25.04964],[89.67907,25.04945],[89.67904,25.048],[89.67865,25.04801],[89.67865,25.04819],[89.67726,25.04822],[89.67727,25.0484],[89.67707,25.0484],[89.67708,25.04876],[89.67748,25.04894],[89.67749,25.0493],[89.67768,25.04929],[89.67769,25.04947],[89.67808,25.04947],[89.6781,25.05037],[89.67791,25.05037],[89.67793,25.05163],[89.67754,25.05182],[89.67755,25.052],[89.67735,25.05201],[89.67738,25.05345],[89.67718,25.05345],[89.6772,25.05417],[89.67739,25.05417],[89.67743,25.05579],[89.67763,25.05579],[89.67764,25.05651],[89.67784,25.05651],[89.67785,25.05687],[89.67805,25.05687],[89.67806,25.05723],[89.67766,25.05741],[89.67767,25.05778],[89.67787,25.05777],[89.67789,25.05885],[89.6771,25.05869],[89.67709,25.05851],[89.6767,25.05852],[89.67672,25.05942],[89.67691,25.05941],[89.67692,25.05959],[89.67672,25.0596],[89.67674,25.0605],[89.67654,25.0605],[89.67655,25.06068],[89.67595,25.06069],[89.67576,25.06106],[89.67536,25.06107],[89.67517,25.06143],[89.67498,25.06143],[89.67498,25.06161],[89.67478,25.06162],[89.67479,25.0618],[89.67459,25.0618],[89.67441,25.06253],[89.67401,25.06272],[89.67402,25.0629],[89.67382,25.0629],[89.67382,25.06308],[89.67362,25.06308],[89.67363,25.06344],[89.67324,25.06363],[89.67324,25.06381],[89.67305,25.06382],[89.67305,25.06418],[89.67266,25.06436],[89.67267,25.06454],[89.67247,25.06455],[89.67247,25.06473],[89.67227,25.06473],[89.67229,25.06527],[89.67209,25.06528],[89.6721,25.066],[89.6719,25.066],[89.67191,25.06636],[89.67152,25.06655],[89.67152,25.06673],[89.67133,25.06673],[89.67114,25.06746],[89.67075,25.06765],[89.67076,25.06783],[89.67056,25.06783],[89.67078,25.06891],[89.67058,25.06891],[89.67061,25.07036],[89.67041,25.07036],[89.67042,25.07072],[89.67022,25.07073],[89.67023,25.07091],[89.67043,25.0709],[89.67044,25.07162],[89.67024,25.07163],[89.67027,25.07271],[89.67047,25.07271],[89.67047,25.07307],[89.67067,25.07306],[89.67068,25.07342],[89.67088,25.07342]]]}},{"type":"Feature","properties":{"kind":"land","ha":3.1},"geometry":{"type":"Polygon","coordinates":[[[89.5815,25.05461],[89.58148,25.05352],[89.58128,25.05353],[89.58127,25.05299],[89.58147,25.05298],[89.58146,25.05262],[89.58166,25.05262],[89.58165,25.05226],[89.58145,25.05226],[89.58142,25.05082],[89.58162,25.05081],[89.58157,25.04847],[89.58137,25.04847],[89.58138,25.04883],[89.58118,25.04884],[89.58119,25.0492],[89.58099,25.0492],[89.581,25.04992],[89.58081,25.04993],[89.58081,25.05029],[89.58101,25.05028],[89.58102,25.05082],[89.58083,25.05083],[89.58083,25.05101],[89.58103,25.051],[89.58104,25.05173],[89.58124,25.05172],[89.58126,25.05262],[89.58106,25.05263],[89.58107,25.05317],[89.58087,25.05317],[89.5809,25.05426],[89.5813,25.05443],[89.5813,25.05461],[89.5815,25.05461]]]}},{"type":"Feature","properties":{"kind":"land","ha":28.6},"geometry":{"type":"Polygon","coordinates":[[[89.68738,25.05796],[89.68738,25.0576],[89.68757,25.0576],[89.68755,25.05633],[89.68774,25.05633],[89.68772,25.05525],[89.68792,25.05524],[89.68791,25.0547],[89.68771,25.05471],[89.6877,25.05435],[89.68809,25.05416],[89.68809,25.0538],[89.68828,25.05379],[89.68824,25.05181],[89.68844,25.05181],[89.68843,25.05144],[89.68823,25.05145],[89.68819,25.04928],[89.68799,25.04929],[89.68798,25.04911],[89.68759,25.04911],[89.68758,25.04875],[89.68718,25.04858],[89.68697,25.04786],[89.68677,25.04786],[89.68676,25.0475],[89.68636,25.04733],[89.68615,25.04661],[89.68575,25.04644],[89.68574,25.04626],[89.68554,25.04626],[89.68554,25.04608],[89.68534,25.04609],[89.68533,25.04572],[89.68493,25.04555],[89.68493,25.04537],[89.68473,25.04537],[89.68473,25.04519],[89.68453,25.0452],[89.68453,25.04502],[89.68413,25.04502],[89.68413,25.04484],[89.68373,25.04485],[89.68373,25.04467],[89.68353,25.04467],[89.68354,25.0454],[89.68335,25.0454],[89.68335,25.04576],[89.68316,25.04576],[89.68316,25.04594],[89.68296,25.04595],[89.68278,25.04667],[89.68258,25.04668],[89.68259,25.04722],[89.68279,25.04721],[89.6828,25.04758],[89.683,25.04757],[89.683,25.04793],[89.6832,25.04793],[89.68321,25.04847],[89.68361,25.04864],[89.68362,25.04882],[89.68382,25.04882],[89.68382,25.04918],[89.68422,25.04935],[89.68423,25.04954],[89.68462,25.04953],[89.68483,25.04989],[89.68503,25.04988],[89.68503,25.05006],[89.68523,25.05006],[89.68524,25.05042],[89.68564,25.05059],[89.68565,25.05113],[89.68585,25.05113],[89.68586,25.05149],[89.68605,25.05149],[89.68607,25.05203],[89.68626,25.05203],[89.68627,25.05239],[89.68667,25.05256],[89.68668,25.05274],[89.68687,25.05274],[89.68709,25.05345],[89.68749,25.05363],[89.68751,25.05453],[89.68731,25.05453],[89.68733,25.05562],[89.68753,25.05561],[89.68754,25.05597],[89.68714,25.0558],[89.68735,25.05652],[89.68715,25.05652],[89.68719,25.05796],[89.68738,25.05796]],[[89.68379,25.04756],[89.68399,25.04755],[89.68399,25.04773],[89.68379,25.04774],[89.68379,25.04756]]]}},{"type":"Feature","properties":{"kind":"land","ha":65.8},"geometry":{"type":"Polygon","coordinates":[[[89.59186,25.07591],[89.59184,25.07518],[89.59164,25.07519],[89.59163,25.07483],[89.59203,25.07482],[89.59202,25.07428],[89.59182,25.07428],[89.5918,25.0732],[89.5916,25.0732],[89.59158,25.07212],[89.59138,25.07212],[89.59136,25.07122],[89.59116,25.07122],[89.59114,25.07014],[89.59094,25.07015],[89.59093,25.0696],[89.59073,25.06961],[89.59066,25.06636],[89.59047,25.06636],[89.59042,25.06402],[89.59061,25.06401],[89.59059,25.06293],[89.59079,25.06293],[89.59077,25.06203],[89.59097,25.06202],[89.59095,25.06094],[89.59114,25.06094],[89.59108,25.05787],[89.59088,25.05787],[89.59085,25.05661],[89.59066,25.05661],[89.59065,25.05607],[89.59045,25.05607],[89.59042,25.05499],[89.59023,25.055],[89.59021,25.05409],[89.59001,25.0541],[89.58999,25.05338],[89.59019,25.05337],[89.59017,25.05211],[89.58997,25.05211],[89.58996,25.05157],[89.58976,25.05157],[89.58972,25.04995],[89.58953,25.04995],[89.58951,25.04941],[89.58932,25.04942],[89.58926,25.04689],[89.58946,25.04689],[89.58944,25.0458],[89.58964,25.0458],[89.58962,25.04508],[89.58982,25.04508],[89.5898,25.04417],[89.5896,25.04418],[89.5896,25.044],[89.5892,25.044],[89.58921,25.04436],[89.58901,25.04437],[89.58903,25.04545],[89.58864,25.04564],[89.5885,25.04817],[89.5883,25.04817],[89.58832,25.04907],[89.58812,25.04908],[89.58815,25.0507],[89.58796,25.0507],[89.58799,25.05215],[89.58779,25.05215],[89.5878,25.05287],[89.588,25.05287],[89.58802,25.05395],[89.58822,25.05395],[89.5883,25.05774],[89.5885,25.05773],[89.58855,25.0599],[89.58874,25.0599],[89.58878,25.06152],[89.58898,25.06152],[89.58904,25.06476],[89.58924,25.06476],[89.58925,25.06494],[89.58905,25.06494],[89.58905,25.06512],[89.58925,25.06512],[89.58927,25.06602],[89.58907,25.06603],[89.58907,25.06621],[89.58868,25.06621],[89.58867,25.06585],[89.58847,25.06586],[89.58847,25.06568],[89.58768,25.06569],[89.58747,25.06533],[89.58727,25.06534],[89.58726,25.06479],[89.58687,25.0648],[89.58667,25.06517],[89.58648,25.06517],[89.58648,25.06553],[89.58629,25.06553],[89.5863,25.06607],[89.5861,25.06608],[89.58613,25.06734],[89.58593,25.06734],[89.58594,25.06789],[89.58614,25.06788],[89.58615,25.06824],[89.58655,25.06842],[89.58655,25.0686],[89.58675,25.06859],[89.58675,25.06877],[89.58695,25.06877],[89.58696,25.06913],[89.58736,25.06931],[89.58736,25.06967],[89.58756,25.06966],[89.58757,25.06984],[89.58796,25.06984],[89.58797,25.07002],[89.58836,25.07001],[89.58835,25.06965],[89.58875,25.06946],[89.58874,25.06928],[89.58894,25.06928],[89.58893,25.06874],[89.58913,25.06873],[89.58911,25.06783],[89.58931,25.06783],[89.5893,25.06765],[89.5899,25.06764],[89.58991,25.068],[89.5901,25.06799],[89.59012,25.06872],[89.59032,25.06871],[89.59034,25.06961],[89.59053,25.06961],[89.59056,25.07105],[89.59076,25.07105],[89.59077,25.07159],[89.59117,25.07177],[89.5912,25.07285],[89.5908,25.07267],[89.59079,25.07249],[89.59,25.07251],[89.58979,25.07215],[89.5896,25.07215],[89.58959,25.07179],[89.58939,25.0718],[89.58938,25.07144],[89.58919,25.07144],[89.58918,25.07126],[89.58898,25.07126],[89.58899,25.07162],[89.58879,25.07163],[89.5888,25.07181],[89.58899,25.0718],[89.589,25.07216],[89.5892,25.07216],[89.58921,25.07252],[89.58941,25.07252],[89.58941,25.07288],[89.58961,25.07288],[89.58962,25.07306],[89.59021,25.07305],[89.59021,25.07323],[89.59061,25.07322],[89.59082,25.07358],[89.59121,25.07357],[89.59121,25.07339],[89.59141,25.07339],[89.59141,25.07357],[89.59161,25.07356],[89.59163,25.07447],[89.59143,25.07447],[89.59143,25.07465],[89.59005,25.07467],[89.59005,25.07503],[89.58986,25.07504],[89.58987,25.07558],[89.59027,25.07575],[89.59027,25.07593],[89.59186,25.07591]]]}},{"type":"Feature","properties":{"kind":"land","ha":5.2},"geometry":{"type":"Polygon","coordinates":[[[89.59843,25.04944],[89.59842,25.04908],[89.59823,25.04908],[89.59821,25.04854],[89.59781,25.04837],[89.5976,25.04765],[89.5972,25.04747],[89.59699,25.04676],[89.59679,25.04676],[89.59678,25.0464],[89.59638,25.04622],[89.59638,25.04604],[89.59618,25.04605],[89.59618,25.04587],[89.59598,25.04587],[89.59597,25.04551],[89.59557,25.04534],[89.59556,25.04497],[89.59537,25.04498],[89.59536,25.04462],[89.59496,25.04444],[89.59495,25.04426],[89.59476,25.04427],[89.59475,25.04409],[89.59455,25.04409],[89.59455,25.04391],[89.59435,25.04391],[89.59435,25.04373],[89.59415,25.04374],[89.59414,25.04319],[89.59394,25.0432],[89.59393,25.04284],[89.59353,25.04266],[89.59353,25.04248],[89.59294,25.04249],[89.59294,25.04267],[89.59274,25.04268],[89.59275,25.04304],[89.59315,25.04321],[89.59315,25.04339],[89.59335,25.04339],[89.59335,25.04357],[89.59355,25.04357],[89.59356,25.04393],[89.59396,25.0441],[89.59396,25.04428],[89.59416,25.04428],[89.59417,25.04446],[89.59436,25.04445],[89.59437,25.04482],[89.59477,25.04499],[89.59477,25.04517],[89.59497,25.04517],[89.59498,25.04553],[89.59538,25.0457],[89.59538,25.04588],[89.59558,25.04588],[89.59559,25.04606],[89.59578,25.04605],[89.59579,25.04641],[89.59619,25.04659],[89.5962,25.04677],[89.59639,25.04677],[89.5964,25.04713],[89.5968,25.0473],[89.59681,25.04766],[89.59701,25.04766],[89.59701,25.04784],[89.59721,25.04783],[89.59722,25.0482],[89.59762,25.04837],[89.59762,25.04855],[89.59782,25.04855],[89.59783,25.04891],[89.59802,25.0489],[89.59803,25.04926],[89.59823,25.04926],[89.59823,25.04944],[89.59843,25.04944]]]}},{"type":"Feature","properties":{"kind":"land","ha":10.0},"geometry":{"type":"Polygon","coordinates":[[[89.68115,25.04472],[89.68115,25.04454],[89.68095,25.04454],[89.68093,25.04382],[89.68074,25.04382],[89.68072,25.04328],[89.68092,25.04328],[89.68091,25.04256],[89.68031,25.04257],[89.68011,25.04221],[89.67931,25.04204],[89.6791,25.04169],[89.67891,25.04169],[89.6789,25.04151],[89.67851,25.04152],[89.6783,25.04116],[89.6781,25.04116],[89.6781,25.04098],[89.67731,25.041],[89.6773,25.04082],[89.67671,25.04083],[89.67672,25.04155],[89.67692,25.04154],[89.67693,25.04191],[89.67713,25.0419],[89.67714,25.04244],[89.67734,25.04244],[89.67735,25.0428],[89.67754,25.0428],[89.67755,25.04316],[89.67795,25.04333],[89.67796,25.04351],[89.67815,25.04351],[89.67816,25.04369],[89.67836,25.04368],[89.67836,25.04387],[89.67856,25.04386],[89.67856,25.04404],[89.67896,25.04404],[89.67916,25.04439],[89.67976,25.04438],[89.67976,25.04456],[89.68016,25.04455],[89.68016,25.04474],[89.68115,25.04472]]]}},{"type":"Feature","properties":{"kind":"land","ha":3.4},"geometry":{"type":"Polygon","coordinates":[[[89.58114,25.04703],[89.58111,25.04559],[89.58131,25.04558],[89.58129,25.04468],[89.58109,25.04469],[89.58109,25.04432],[89.58128,25.04432],[89.58126,25.04342],[89.58086,25.04325],[89.58086,25.04307],[89.58066,25.04307],[89.58066,25.04289],[89.58046,25.04289],[89.58045,25.04253],[89.58005,25.04236],[89.58005,25.04218],[89.57985,25.04218],[89.57985,25.042],[89.57965,25.042],[89.57965,25.04182],[89.57945,25.04183],[89.57944,25.04165],[89.57925,25.04165],[89.57926,25.04219],[89.57966,25.04236],[89.57967,25.04291],[89.58007,25.04308],[89.58007,25.04326],[89.58027,25.04326],[89.58027,25.04344],[89.58047,25.04343],[89.58048,25.04397],[89.58029,25.04398],[89.58029,25.04416],[89.58069,25.04415],[89.5807,25.04487],[89.58031,25.04506],[89.58031,25.04524],[89.58051,25.04524],[89.58052,25.0456],[89.58072,25.04559],[89.58072,25.04578],[89.58092,25.04577],[89.58094,25.04703],[89.58114,25.04703]]]}},{"type":"Feature","properties":{"kind":"land","ha":41.6},"geometry":{"type":"Polygon","coordinates":[[[89.63427,25.04844],[89.63428,25.04863],[89.63408,25.04863],[89.63408,25.04881],[89.63428,25.04881],[89.63429,25.04917],[89.63449,25.04916],[89.6345,25.04952],[89.6343,25.04953],[89.6343,25.04971],[89.6339,25.04971],[89.6337,25.04936],[89.6335,25.04936],[89.6335,25.04918],[89.6333,25.04918],[89.63329,25.04864],[89.63289,25.04847],[89.63288,25.04793],[89.63268,25.04793],[89.63266,25.04721],[89.63246,25.04721],[89.63244,25.04613],[89.63224,25.04613],[89.63221,25.04469],[89.63241,25.04469],[89.6324,25.04433],[89.6326,25.04432],[89.63258,25.04342],[89.63238,25.04342],[89.63239,25.04379],[89.63219,25.04379],[89.63202,25.04487],[89.63182,25.04488],[89.63184,25.04578],[89.63164,25.04578],[89.63165,25.04614],[89.63145,25.04615],[89.63147,25.04723],[89.63128,25.04723],[89.63128,25.0476],[89.63148,25.04759],[89.63149,25.04813],[89.63169,25.04813],[89.63172,25.04939],[89.63212,25.04957],[89.63233,25.05028],[89.63253,25.05028],[89.63254,25.05064],[89.63294,25.05081],[89.63295,25.05118],[89.63314,25.05117],[89.63315,25.05135],[89.63335,25.05135],[89.63335,25.05171],[89.63375,25.05188],[89.63376,25.05224],[89.63416,25.05242],[89.63416,25.0526],[89.63436,25.05259],[89.63437,25.05277],[89.63476,25.05277],[89.63497,25.05313],[89.63616,25.05328],[89.63616,25.05346],[89.63696,25.05345],[89.63715,25.05309],[89.63735,25.05308],[89.63734,25.05272],[89.63754,25.05272],[89.63752,25.052],[89.63732,25.052],[89.63731,25.05128],[89.63711,25.05128],[89.6371,25.05074],[89.6373,25.05074],[89.63727,25.04965],[89.63747,25.04965],[89.63747,25.04947],[89.63786,25.04946],[89.63785,25.0491],[89.63726,25.04911],[89.63723,25.04785],[89.63743,25.04785],[89.63742,25.04749],[89.63762,25.04748],[89.63762,25.0473],[89.63821,25.04729],[89.6384,25.04693],[89.6388,25.0471],[89.63878,25.04602],[89.63858,25.04602],[89.63857,25.04548],[89.63817,25.04531],[89.63816,25.04495],[89.63876,25.04494],[89.63875,25.04476],[89.63895,25.04475],[89.63893,25.04403],[89.63874,25.04403],[89.63873,25.04349],[89.63892,25.04349],[89.63892,25.04313],[89.63852,25.04332],[89.63854,25.04422],[89.63834,25.04422],[89.63835,25.0444],[89.63815,25.0444],[89.63814,25.04404],[89.63794,25.04405],[89.63795,25.04423],[89.63755,25.04423],[89.63756,25.04442],[89.63716,25.04442],[89.63716,25.04424],[89.63696,25.04425],[89.63694,25.04352],[89.63714,25.04352],[89.63713,25.04316],[89.63832,25.04314],[89.63831,25.04242],[89.6387,25.04223],[89.63869,25.04205],[89.63889,25.04205],[89.63888,25.04168],[89.63908,25.04168],[89.63905,25.04006],[89.63866,25.04024],[89.63869,25.04187],[89.6379,25.04188],[89.6379,25.04206],[89.6381,25.04206],[89.63811,25.04242],[89.63771,25.04243],[89.63771,25.04225],[89.63751,25.04225],[89.6375,25.04189],[89.6373,25.04189],[89.6373,25.04171],[89.6369,25.04172],[89.63691,25.0419],[89.63671,25.0419],[89.63673,25.04263],[89.63692,25.04262],[89.63694,25.04316],[89.63654,25.04317],[89.63654,25.04335],[89.63634,25.04335],[89.63635,25.04371],[89.63615,25.04372],[89.63617,25.04444],[89.63539,25.04481],[89.6354,25.04554],[89.6356,25.04553],[89.6356,25.04571],[89.6354,25.04572],[89.63541,25.04608],[89.63502,25.04608],[89.63502,25.04627],[89.63482,25.04627],[89.63483,25.04663],[89.63562,25.04662],[89.63564,25.04734],[89.63544,25.04734],[89.63545,25.0477],[89.63505,25.04771],[89.63486,25.04807],[89.63466,25.04808],[89.63467,25.04826],[89.63447,25.04826],[89.63447,25.04844],[89.63427,25.04844]],[[89.63815,25.04459],[89.63796,25.04459],[89.63795,25.04441],[89.63815,25.0444],[89.63815,25.04459]],[[89.63796,25.04495],[89.63757,25.04514],[89.63758,25.04568],[89.63739,25.04568],[89.63738,25.0455],[89.63718,25.0455],[89.63717,25.04496],[89.63757,25.04496],[89.63776,25.04459],[89.63796,25.04459],[89.63796,25.04495]],[[89.63467,25.04844],[89.63468,25.0488],[89.63448,25.0488],[89.63447,25.04844],[89.63467,25.04844]],[[89.63472,25.05096],[89.63492,25.05096],[89.63514,25.05168],[89.63474,25.05169],[89.63472,25.05096]],[[89.63251,25.04938],[89.63231,25.04938],[89.63231,25.04902],[89.6329,25.04901],[89.63291,25.04955],[89.63311,25.04955],[89.63311,25.04973],[89.63272,25.04974],[89.63251,25.04938]],[[89.63489,25.04952],[89.63469,25.04952],[89.63469,25.04916],[89.63508,25.04897],[89.63526,25.04825],[89.63585,25.04824],[89.63588,25.04932],[89.63568,25.04932],[89.63568,25.0495],[89.63509,25.04951],[89.63509,25.04969],[89.6349,25.0497],[89.63489,25.04952]],[[89.63623,25.04733],[89.63663,25.04732],[89.63664,25.04768],[89.63624,25.04787],[89.63623,25.04733]],[[89.63701,25.04677],[89.63721,25.04677],[89.63722,25.04713],[89.63682,25.04714],[89.63701,25.04677]]]}},{"type":"Feature","properties":{"kind":"land","ha":5.6},"geometry":{"type":"Polygon","coordinates":[[[89.72032,25.0422],[89.72032,25.04202],[89.72052,25.04202],[89.72051,25.04147],[89.72031,25.04148],[89.72031,25.0413],[89.71991,25.04131],[89.71989,25.04058],[89.71949,25.04041],[89.71949,25.04023],[89.71929,25.04023],[89.71928,25.03987],[89.71888,25.0397],[89.71888,25.03952],[89.71868,25.03952],[89.71867,25.03898],[89.71787,25.03882],[89.71767,25.03846],[89.71727,25.03847],[89.71727,25.03829],[89.71687,25.03829],[89.71687,25.03847],[89.71668,25.03848],[89.71668,25.03884],[89.71688,25.03883],[89.71689,25.03919],[89.71709,25.03919],[89.71709,25.03937],[89.71769,25.03936],[89.71769,25.03954],[89.71789,25.03954],[89.7181,25.04026],[89.7183,25.04025],[89.71831,25.04061],[89.71851,25.04061],[89.71852,25.04133],[89.71872,25.04133],[89.71873,25.04169],[89.71893,25.04168],[89.71893,25.04186],[89.71933,25.04186],[89.71933,25.04204],[89.71973,25.04203],[89.71973,25.04221],[89.72032,25.0422]]]}},{"type":"Feature","properties":{"kind":"land","ha":8.1},"geometry":{"type":"Polygon","coordinates":[[[89.67668,25.03974],[89.67687,25.03902],[89.67707,25.03902],[89.67706,25.03865],[89.67785,25.03864],[89.67785,25.03846],[89.67804,25.03846],[89.67803,25.03792],[89.67842,25.03773],[89.67841,25.03719],[89.67821,25.03719],[89.67821,25.03683],[89.67722,25.03685],[89.67703,25.03721],[89.67663,25.03704],[89.67663,25.03722],[89.67584,25.03723],[89.67583,25.03687],[89.67345,25.03691],[89.67347,25.03746],[89.67366,25.03745],[89.67367,25.03763],[89.67446,25.03744],[89.67466,25.0378],[89.67486,25.03779],[89.67487,25.03815],[89.67546,25.03814],[89.67567,25.0385],[89.67587,25.0385],[89.67587,25.03868],[89.67607,25.03867],[89.67607,25.03903],[89.67568,25.03922],[89.67569,25.03976],[89.67629,25.03975],[89.67629,25.03993],[89.67668,25.03974]]]}},{"type":"Feature","properties":{"kind":"land","ha":7.4},"geometry":{"type":"Polygon","coordinates":[[[89.67022,25.04293],[89.67021,25.04275],[89.66981,25.04258],[89.66981,25.04239],[89.66961,25.0424],[89.66961,25.04222],[89.66941,25.04222],[89.6694,25.04204],[89.66921,25.04204],[89.6692,25.04186],[89.669,25.04187],[89.669,25.04151],[89.6686,25.04133],[89.66859,25.04115],[89.66839,25.04116],[89.66839,25.04098],[89.66799,25.04098],[89.66779,25.04063],[89.66759,25.04063],[89.66759,25.04045],[89.66739,25.04045],[89.66738,25.04009],[89.66718,25.0401],[89.66718,25.03992],[89.66698,25.03992],[89.66677,25.0392],[89.66637,25.03903],[89.66636,25.03849],[89.66616,25.03849],[89.66615,25.03813],[89.66595,25.03813],[89.66573,25.03705],[89.66375,25.03709],[89.66376,25.03745],[89.66396,25.03745],[89.66397,25.03799],[89.66437,25.03816],[89.66437,25.03834],[89.66457,25.03834],[89.66458,25.0387],[89.66498,25.03887],[89.66498,25.03905],[89.66518,25.03905],[89.66518,25.03923],[89.66538,25.03923],[89.66538,25.03941],[89.66558,25.0394],[89.66559,25.03958],[89.66578,25.03958],[89.66579,25.03976],[89.66599,25.03976],[89.66599,25.03994],[89.66619,25.03993],[89.66619,25.04011],[89.66639,25.04011],[89.66639,25.04029],[89.66659,25.04029],[89.6666,25.04047],[89.66679,25.04046],[89.6668,25.04064],[89.667,25.04064],[89.667,25.04082],[89.6672,25.04082],[89.6672,25.041],[89.6674,25.04099],[89.6674,25.04117],[89.6676,25.04117],[89.66761,25.04135],[89.668,25.04134],[89.66821,25.0417],[89.66841,25.0417],[89.66841,25.04188],[89.66861,25.04188],[89.66861,25.04206],[89.66881,25.04205],[89.66881,25.04223],[89.66901,25.04223],[89.66902,25.04241],[89.66921,25.04241],[89.66922,25.04259],[89.66942,25.04258],[89.66942,25.04276],[89.66982,25.04276],[89.66982,25.04294],[89.67022,25.04293]],[[89.66556,25.0385],[89.66576,25.0385],[89.66577,25.03886],[89.66557,25.03886],[89.66556,25.0385]],[[89.66495,25.03779],[89.66515,25.03779],[89.66516,25.03815],[89.66476,25.03815],[89.66495,25.03779]],[[89.66415,25.03726],[89.66435,25.03726],[89.66436,25.0378],[89.66416,25.0378],[89.66415,25.03726]]]}},{"type":"Feature","properties":{"kind":"land","ha":117.4},"geometry":{"type":"Polygon","coordinates":[[[89.61467,25.03959],[89.61468,25.03995],[89.61448,25.03995],[89.61448,25.04013],[89.61468,25.04013],[89.6147,25.04085],[89.61489,25.04085],[89.6149,25.04139],[89.61451,25.04157],[89.61452,25.04175],[89.61432,25.04176],[89.61432,25.04194],[89.61412,25.04194],[89.61413,25.04212],[89.61393,25.04213],[89.61393,25.04231],[89.61374,25.04231],[89.61374,25.04249],[89.61354,25.04249],[89.61355,25.04285],[89.61335,25.04286],[89.61336,25.0434],[89.61316,25.0434],[89.61318,25.04394],[89.61298,25.04395],[89.61299,25.04467],[89.61279,25.04467],[89.61282,25.04576],[89.61322,25.04593],[89.61322,25.04611],[89.61401,25.0461],[89.61422,25.04645],[89.61502,25.04662],[89.61502,25.0468],[89.61542,25.04679],[89.61542,25.04697],[89.61641,25.04696],[89.61662,25.04731],[89.61701,25.04713],[89.617,25.04695],[89.6172,25.04694],[89.6172,25.04676],[89.61819,25.04674],[89.6182,25.0471],[89.6178,25.04729],[89.61781,25.04747],[89.61682,25.04749],[89.61683,25.04803],[89.61723,25.0482],[89.61723,25.04839],[89.61743,25.04838],[89.61745,25.04946],[89.61666,25.0493],[89.61666,25.04948],[89.61567,25.0495],[89.61568,25.04968],[89.61508,25.04969],[89.61508,25.04987],[89.61489,25.04987],[89.61491,25.05095],[89.61452,25.05114],[89.61453,25.05186],[89.61493,25.05204],[89.61494,25.0524],[89.61514,25.05239],[89.61515,25.05293],[89.61435,25.05259],[89.61434,25.05223],[89.61394,25.05205],[89.61393,25.05169],[89.61374,25.0517],[89.61375,25.05224],[89.61395,25.05223],[89.61395,25.05259],[89.61415,25.05259],[89.61416,25.05277],[89.61435,25.05277],[89.61436,25.05313],[89.61476,25.0533],[89.61497,25.05402],[89.61517,25.05402],[89.61518,25.05438],[89.61558,25.05455],[89.61558,25.05473],[89.61578,25.05473],[89.61579,25.05509],[89.61619,25.05526],[89.61619,25.05544],[89.61639,25.05544],[89.6164,25.05562],[89.61659,25.05562],[89.6166,25.0558],[89.61699,25.05579],[89.617,25.05597],[89.6172,25.05597],[89.61719,25.05579],[89.61739,25.05578],[89.6176,25.05614],[89.61779,25.05614],[89.6178,25.05632],[89.61859,25.05648],[89.6186,25.05666],[89.61939,25.05665],[89.61939,25.05647],[89.61998,25.05646],[89.62017,25.05609],[89.62037,25.05609],[89.62036,25.05591],[89.62056,25.05591],[89.62056,25.05573],[89.62076,25.05572],[89.62075,25.05518],[89.62035,25.05519],[89.62036,25.05555],[89.61996,25.05556],[89.61997,25.05592],[89.61957,25.05592],[89.61956,25.05538],[89.61936,25.05539],[89.61937,25.05575],[89.61897,25.05575],[89.61877,25.0554],[89.61837,25.0554],[89.61817,25.05505],[89.61777,25.05505],[89.61777,25.05487],[89.61757,25.05488],[89.61756,25.05452],[89.61717,25.05452],[89.61696,25.05417],[89.61656,25.05417],[89.61636,25.05382],[89.61616,25.05382],[89.61616,25.05364],[89.61576,25.05365],[89.61576,25.05347],[89.61556,25.05347],[89.61555,25.05311],[89.61634,25.05309],[89.61633,25.05255],[89.61692,25.05254],[89.61692,25.05236],[89.61771,25.05235],[89.61771,25.05217],[89.61791,25.05216],[89.6179,25.0518],[89.6181,25.0518],[89.6181,25.05198],[89.6187,25.05197],[89.61851,25.05233],[89.61831,25.05234],[89.61832,25.0527],[89.61812,25.0527],[89.61832,25.05306],[89.61892,25.05305],[89.61891,25.05287],[89.61951,25.05286],[89.6195,25.05268],[89.6199,25.05267],[89.61992,25.05339],[89.62011,25.05339],[89.6203,25.05266],[89.62049,25.05266],[89.62049,25.0523],[89.62068,25.0523],[89.62067,25.05175],[89.62028,25.05194],[89.62028,25.05176],[89.62008,25.05176],[89.62007,25.05158],[89.62027,25.05158],[89.62026,25.05086],[89.62065,25.05067],[89.62065,25.05049],[89.62104,25.05048],[89.62082,25.0494],[89.62102,25.0494],[89.62102,25.04922],[89.62161,25.04921],[89.62143,25.0503],[89.62124,25.0503],[89.62125,25.05084],[89.62145,25.05084],[89.62144,25.05066],[89.62164,25.05065],[89.62163,25.05011],[89.62183,25.05011],[89.62182,25.04957],[89.62201,25.04956],[89.622,25.04884],[89.6222,25.04884],[89.62219,25.04848],[89.62239,25.04847],[89.62237,25.04793],[89.62257,25.04793],[89.62257,25.04757],[89.62276,25.04757],[89.62276,25.0472],[89.62295,25.0472],[89.62293,25.0463],[89.62313,25.0463],[89.62311,25.04521],[89.62331,25.04521],[89.62328,25.04395],[89.62308,25.04395],[89.62308,25.04377],[89.62248,25.04378],[89.62249,25.04414],[89.62229,25.04414],[89.62231,25.04469],[89.62211,25.04469],[89.62212,25.04505],[89.62231,25.04505],[89.62232,25.04523],[89.62192,25.04541],[89.62191,25.04451],[89.6221,25.04451],[89.62209,25.04379],[89.62229,25.04378],[89.62228,25.04342],[89.62208,25.04343],[89.62208,25.04325],[89.62168,25.04325],[89.62168,25.04307],[89.62108,25.04308],[89.62104,25.04128],[89.62085,25.04128],[89.62083,25.04074],[89.62123,25.04055],[89.62122,25.04019],[89.62142,25.04019],[89.62141,25.04001],[89.62161,25.04],[89.6216,25.03946],[89.62199,25.03928],[89.62177,25.0382],[89.62217,25.03819],[89.62218,25.03855],[89.62258,25.03872],[89.62258,25.0389],[89.62278,25.0389],[89.62278,25.03908],[89.62239,25.03927],[89.62242,25.04053],[89.62222,25.04054],[89.62222,25.04072],[89.62242,25.04071],[89.62243,25.04107],[89.62263,25.04107],[89.62263,25.04125],[89.62243,25.04125],[89.62244,25.04161],[89.62224,25.04162],[89.62225,25.04198],[89.62264,25.04197],[89.62264,25.04179],[89.62343,25.04178],[89.62362,25.04141],[89.62382,25.04141],[89.62381,25.04105],[89.62421,25.04086],[89.62419,25.04014],[89.62439,25.04014],[89.62438,25.03996],[89.62419,25.03996],[89.62417,25.03924],[89.62437,25.03923],[89.62434,25.03797],[89.62454,25.03797],[89.62454,25.03779],[89.61959,25.03787],[89.61959,25.03806],[89.61979,25.03805],[89.61979,25.03841],[89.61999,25.03841],[89.62001,25.03931],[89.61922,25.03933],[89.61922,25.03914],[89.61902,25.03915],[89.619,25.03843],[89.6186,25.03825],[89.61859,25.03789],[89.61681,25.03792],[89.61682,25.03828],[89.61662,25.03829],[89.61663,25.03883],[89.61683,25.03883],[89.61685,25.03973],[89.61645,25.03973],[89.61645,25.03955],[89.61625,25.03956],[89.61625,25.03938],[89.61645,25.03937],[89.61643,25.03865],[89.61623,25.03866],[89.61623,25.03829],[89.61583,25.0383],[89.61564,25.03867],[89.61544,25.03867],[89.61545,25.03903],[89.61506,25.03922],[89.61506,25.0394],[89.61486,25.0394],[89.61487,25.03958],[89.61467,25.03959]],[[89.61586,25.03956],[89.61586,25.03975],[89.61606,25.03974],[89.61607,25.04046],[89.61548,25.04047],[89.61527,25.04012],[89.61508,25.04012],[89.61507,25.03994],[89.61487,25.03994],[89.61487,25.03958],[89.61586,25.03956]],[[89.61593,25.0522],[89.61632,25.05219],[89.61633,25.05237],[89.61593,25.05238],[89.61593,25.0522]],[[89.6177,25.05163],[89.6173,25.05163],[89.6173,25.05145],[89.6167,25.05146],[89.6167,25.0511],[89.61689,25.0511],[89.6169,25.05128],[89.61729,25.05127],[89.61729,25.05109],[89.61749,25.05109],[89.61749,25.05127],[89.61809,25.05126],[89.61809,25.05162],[89.6177,25.05181],[89.6177,25.05163]],[[89.61906,25.05034],[89.61926,25.05033],[89.61927,25.05088],[89.61907,25.05088],[89.61906,25.05034]],[[89.61854,25.04475],[89.61877,25.04619],[89.616,25.04624],[89.61579,25.04588],[89.6154,25.04589],[89.61539,25.04571],[89.61519,25.04571],[89.61519,25.04553],[89.61479,25.04554],[89.61479,25.04518],[89.61459,25.04518],[89.61459,25.045],[89.61558,25.04498],[89.61556,25.04444],[89.61576,25.04444],[89.61576,25.04426],[89.61615,25.04425],[89.61615,25.04407],[89.61793,25.04404],[89.61794,25.04422],[89.61833,25.04421],[89.61834,25.04439],[89.61853,25.04439],[89.61854,25.04457],[89.61893,25.04456],[89.61894,25.04474],[89.61854,25.04475]],[[89.61439,25.04501],[89.61438,25.04483],[89.61458,25.04482],[89.61459,25.045],[89.61439,25.04501]],[[89.61953,25.04473],[89.61954,25.04491],[89.62053,25.0449],[89.62073,25.04525],[89.62093,25.04525],[89.62095,25.04597],[89.62055,25.04598],[89.62054,25.04562],[89.62015,25.04563],[89.61994,25.04527],[89.61974,25.04527],[89.61974,25.04509],[89.61914,25.0451],[89.61894,25.04474],[89.61953,25.04473]],[[89.6225,25.0445],[89.6227,25.0445],[89.6227,25.04468],[89.6225,25.04468],[89.6225,25.0445]],[[89.61633,25.04299],[89.61672,25.04298],[89.61673,25.04316],[89.61692,25.04316],[89.61694,25.0437],[89.61674,25.0437],[89.61674,25.04388],[89.61634,25.04389],[89.61633,25.04299]],[[89.6187,25.04294],[89.6189,25.04294],[89.61891,25.0433],[89.61871,25.0433],[89.6187,25.04294]],[[89.61962,25.0395],[89.61982,25.03949],[89.61982,25.03968],[89.61962,25.03968],[89.61962,25.0395]]]}},{"type":"Feature","properties":{"kind":"land","ha":12.4},"geometry":{"type":"Polygon","coordinates":[[[89.63278,25.04342],[89.63276,25.0427],[89.63296,25.04269],[89.63295,25.04215],[89.63315,25.04215],[89.63314,25.04179],[89.63334,25.04178],[89.63333,25.04142],[89.63353,25.04142],[89.63352,25.04106],[89.63372,25.04105],[89.63371,25.04069],[89.63391,25.04069],[89.6339,25.04033],[89.6341,25.04033],[89.63409,25.03996],[89.63429,25.03996],[89.63428,25.0396],[89.63448,25.0396],[89.63447,25.03906],[89.63467,25.03905],[89.63466,25.03869],[89.63486,25.03869],[89.63485,25.03851],[89.63505,25.0385],[89.63507,25.03923],[89.63546,25.03922],[89.63564,25.03813],[89.63525,25.03832],[89.63523,25.03778],[89.63543,25.03777],[89.63543,25.03759],[89.63325,25.03763],[89.63325,25.03781],[89.63345,25.03781],[89.63346,25.03817],[89.63326,25.03817],[89.63327,25.03854],[89.63307,25.03854],[89.63308,25.03872],[89.63228,25.03873],[89.63229,25.03927],[89.6321,25.03928],[89.63212,25.04018],[89.63172,25.04037],[89.63173,25.04055],[89.63153,25.04055],[89.63155,25.04145],[89.63135,25.04146],[89.63135,25.04164],[89.63096,25.04164],[89.63096,25.04182],[89.63057,25.04183],[89.63057,25.04219],[89.63038,25.0422],[89.63038,25.04238],[89.63058,25.04237],[89.63059,25.04273],[89.63137,25.04254],[89.63138,25.04272],[89.63217,25.04271],[89.63238,25.04306],[89.63257,25.04306],[89.63258,25.04342],[89.63278,25.04342]],[[89.63116,25.042],[89.63136,25.042],[89.63137,25.04236],[89.63097,25.04237],[89.63116,25.042]],[[89.63367,25.03871],[89.63406,25.03852],[89.63406,25.03834],[89.63426,25.03834],[89.63425,25.03816],[89.63465,25.03815],[89.63465,25.03833],[89.63445,25.03833],[89.63446,25.03869],[89.63426,25.0387],[89.63427,25.03906],[89.63407,25.03906],[89.63408,25.03924],[89.63368,25.03925],[89.63367,25.03871]]]}},{"type":"Feature","properties":{"kind":"land","ha":8.4},"geometry":{"type":"Polygon","coordinates":[[[89.65029,25.04672],[89.65032,25.04834],[89.65052,25.04834],[89.65051,25.04779],[89.65071,25.04779],[89.65069,25.04707],[89.65089,25.04707],[89.65088,25.04652],[89.65107,25.04652],[89.65106,25.0458],[89.65126,25.0458],[89.65124,25.04507],[89.65144,25.04507],[89.65143,25.04453],[89.65163,25.04453],[89.65161,25.04362],[89.6518,25.04362],[89.65179,25.0429],[89.65199,25.04289],[89.65195,25.04127],[89.65215,25.04127],[89.65213,25.04018],[89.65232,25.04018],[89.6523,25.0391],[89.6525,25.0391],[89.65249,25.03855],[89.65269,25.03855],[89.65268,25.03819],[89.65288,25.03819],[89.65286,25.03728],[89.65226,25.03729],[89.65227,25.03747],[89.65246,25.03747],[89.65248,25.03801],[89.65188,25.03802],[89.65209,25.03838],[89.65229,25.03838],[89.65229,25.03856],[89.65209,25.03856],[89.65211,25.03928],[89.65191,25.03929],[89.65192,25.03965],[89.65172,25.03965],[89.65172,25.03983],[89.65153,25.03983],[89.65153,25.0402],[89.65133,25.0402],[89.65135,25.0411],[89.65116,25.0411],[89.65117,25.04183],[89.65097,25.04183],[89.65099,25.04255],[89.65079,25.04256],[89.6508,25.0431],[89.6506,25.0431],[89.65067,25.04617],[89.65047,25.04617],[89.65048,25.04671],[89.65029,25.04672]],[[89.65068,25.04671],[89.65069,25.04689],[89.65049,25.04689],[89.65048,25.04671],[89.65068,25.04671]]]}}]}