{"type":"FeatureCollection","features":[{"type":"Feature","properties":{"kind":"land","ha":6.1},"geometry":{"type":"Polygon","coordinates":[[[89.68931,25.42486],[89.68931,25.42504],[89.69031,25.42502],[89.6903,25.42466],[89.6899,25.42449],[89.68989,25.42413],[89.68949,25.42395],[89.68948,25.42341],[89.68928,25.42342],[89.68927,25.42306],[89.68907,25.42306],[89.68907,25.42288],[89.68867,25.42289],[89.68846,25.42253],[89.68826,25.42253],[89.68826,25.42235],[89.68766,25.42236],[89.68746,25.42201],[89.68706,25.42219],[89.68706,25.42201],[89.68686,25.42202],[89.68685,25.42166],[89.68646,25.42166],[89.68646,25.42202],[89.68687,25.4222],[89.68688,25.42274],[89.68708,25.42273],[89.68709,25.42328],[89.68729,25.42327],[89.68731,25.42417],[89.68771,25.42435],[89.68772,25.42471],[89.68792,25.4247],[89.68792,25.42488],[89.68812,25.42488],[89.68811,25.42434],[89.6887,25.42433],[89.68892,25.42505],[89.68931,25.42486]],[[89.68767,25.42272],[89.68787,25.42272],[89.68788,25.4229],[89.68768,25.4229],[89.68767,25.42272]]]}},{"type":"Feature","properties":{"kind":"land","ha":4.1},"geometry":{"type":"Polygon","coordinates":[[[89.71788,25.42253],[89.71786,25.42199],[89.71806,25.42198],[89.71806,25.42162],[89.71845,25.42144],[89.71844,25.42107],[89.71883,25.42089],[89.71883,25.42071],[89.71903,25.4207],[89.71902,25.42052],[89.71942,25.42051],[89.71961,25.42015],[89.71981,25.42015],[89.7198,25.41979],[89.7202,25.4196],[89.72019,25.41942],[89.72039,25.41941],[89.72039,25.41923],[89.72059,25.41923],[89.72058,25.41905],[89.72078,25.41905],[89.72057,25.41869],[89.72018,25.4187],[89.72017,25.41852],[89.71938,25.41853],[89.71919,25.41889],[89.71899,25.4189],[89.719,25.41926],[89.7186,25.41945],[89.71842,25.42017],[89.71822,25.42018],[89.71824,25.4209],[89.71804,25.4209],[89.71805,25.42126],[89.71785,25.42127],[89.71786,25.42163],[89.71766,25.42163],[89.71768,25.42253],[89.71788,25.42253]]]}},{"type":"Feature","properties":{"kind":"land","ha":21.3},"geometry":{"type":"Polygon","coordinates":[[[89.75845,25.42376],[89.75844,25.42358],[89.75864,25.42357],[89.75863,25.42321],[89.75804,25.42322],[89.75803,25.42286],[89.75763,25.42269],[89.75762,25.42251],[89.75743,25.42251],[89.75721,25.4218],[89.75701,25.4218],[89.757,25.42144],[89.7568,25.42144],[89.7568,25.42108],[89.7564,25.42091],[89.75639,25.42073],[89.75619,25.42073],[89.75619,25.42055],[89.75579,25.42056],[89.75579,25.42038],[89.75559,25.42038],[89.75537,25.41966],[89.75577,25.41966],[89.75576,25.4193],[89.75517,25.41931],[89.75496,25.41895],[89.75476,25.41895],[89.75474,25.41805],[89.75434,25.41788],[89.75433,25.41734],[89.75413,25.41734],[89.75412,25.41698],[89.75372,25.41681],[89.75371,25.41645],[89.75351,25.41645],[89.75353,25.41717],[89.75313,25.41736],[89.75315,25.4179],[89.75295,25.4179],[89.75296,25.41863],[89.75277,25.41863],[89.75279,25.41971],[89.75299,25.41971],[89.75301,25.42061],[89.754,25.42059],[89.75402,25.42113],[89.75382,25.42114],[89.75383,25.4215],[89.75343,25.42169],[89.75344,25.42187],[89.75304,25.42187],[89.75304,25.42205],[89.75324,25.42205],[89.75325,25.42241],[89.75345,25.42241],[89.75345,25.42259],[89.75365,25.42258],[89.75366,25.42295],[89.75406,25.42312],[89.75428,25.42384],[89.75845,25.42376]]]}},{"type":"Feature","properties":{"kind":"land","ha":8.3},"geometry":{"type":"Polygon","coordinates":[[[89.74701,25.41874],[89.7472,25.41837],[89.74739,25.41837],[89.74739,25.41801],[89.74719,25.41801],[89.74716,25.41675],[89.74835,25.41673],[89.74836,25.41691],[89.74875,25.4169],[89.74877,25.4178],[89.74897,25.4178],[89.74898,25.41816],[89.74918,25.41816],[89.74918,25.41834],[89.74958,25.41833],[89.74958,25.41851],[89.74978,25.41851],[89.74978,25.41833],[89.75018,25.41832],[89.75017,25.41796],[89.75116,25.41794],[89.75115,25.41758],[89.75076,25.41759],[89.75075,25.4174],[89.75035,25.41741],[89.75035,25.41723],[89.74995,25.41724],[89.74995,25.41706],[89.74955,25.41707],[89.74955,25.41689],[89.74935,25.41689],[89.74934,25.41653],[89.74954,25.41652],[89.74952,25.4158],[89.74853,25.41582],[89.74853,25.41564],[89.74833,25.41565],[89.74833,25.41583],[89.74813,25.41583],[89.74813,25.41565],[89.74773,25.41566],[89.74772,25.41512],[89.74692,25.41513],[89.74693,25.41549],[89.74654,25.41568],[89.74654,25.41586],[89.74634,25.41586],[89.74635,25.41604],[89.74615,25.41605],[89.74616,25.41659],[89.74636,25.41658],[89.74637,25.41695],[89.74657,25.41694],[89.74658,25.41748],[89.74678,25.41748],[89.7466,25.4182],[89.7464,25.41821],[89.74641,25.41857],[89.7466,25.41857],[89.74661,25.41875],[89.74701,25.41874]]]}},{"type":"Feature","properties":{"kind":"land","ha":12.1},"geometry":{"type":"Polygon","coordinates":[[[89.67779,25.42525],[89.67758,25.42489],[89.67739,25.4249],[89.67738,25.42454],[89.67718,25.42454],[89.67717,25.42418],[89.67697,25.42418],[89.67696,25.42364],[89.67676,25.42364],[89.67675,25.42328],[89.67636,25.42329],[89.67614,25.42257],[89.67594,25.42258],[89.67593,25.42186],[89.67573,25.42186],[89.67571,25.42096],[89.67551,25.42096],[89.67548,25.4197],[89.67528,25.4197],[89.67526,25.41862],[89.67546,25.41861],[89.67546,25.4188],[89.67586,25.41879],[89.67585,25.41843],[89.67605,25.41842],[89.67604,25.41788],[89.67644,25.41788],[89.67621,25.4168],[89.67641,25.41679],[89.67641,25.41661],[89.67621,25.41662],[89.6762,25.41626],[89.6758,25.41626],[89.67582,25.41698],[89.67602,25.41698],[89.67603,25.41734],[89.67563,25.41753],[89.67564,25.41771],[89.67544,25.41771],[89.67544,25.41789],[89.67524,25.4179],[89.67525,25.41808],[89.67505,25.41808],[89.67506,25.41844],[89.67486,25.41845],[89.67487,25.41899],[89.67448,25.41917],[89.67449,25.41954],[89.67429,25.41954],[89.67431,25.4208],[89.67412,25.42081],[89.67414,25.42171],[89.67394,25.42171],[89.67397,25.42315],[89.67417,25.42315],[89.67417,25.42333],[89.67536,25.42331],[89.67557,25.42367],[89.67577,25.42366],[89.67579,25.42475],[89.67599,25.42474],[89.676,25.42528],[89.67779,25.42525]],[[89.67514,25.42205],[89.67494,25.42205],[89.67493,25.42169],[89.67532,25.42151],[89.67533,25.42169],[89.67553,25.42168],[89.67553,25.42204],[89.67514,25.42223],[89.67514,25.42205]]]}},{"type":"Feature","properties":{"kind":"land","ha":4.9},"geometry":{"type":"Polygon","coordinates":[[[89.68563,25.42023],[89.6856,25.41897],[89.6854,25.41897],[89.6854,25.41861],[89.685,25.41862],[89.68479,25.41826],[89.68459,25.41827],[89.68459,25.41809],[89.68439,25.41809],[89.68438,25.41755],[89.68477,25.41736],[89.68476,25.41682],[89.68456,25.41682],[89.68455,25.41646],[89.68415,25.41629],[89.68414,25.41593],[89.68315,25.41595],[89.68316,25.41631],[89.68296,25.41631],[89.68295,25.41595],[89.68275,25.41596],[89.68275,25.41577],[89.68235,25.41578],[89.68236,25.41614],[89.68276,25.41632],[89.68277,25.41668],[89.68317,25.41685],[89.68318,25.41721],[89.68338,25.41721],[89.68338,25.41757],[89.68379,25.41774],[89.68379,25.41792],[89.68399,25.41792],[89.684,25.41828],[89.6842,25.41828],[89.6842,25.41846],[89.6844,25.41845],[89.68441,25.41881],[89.6846,25.41881],[89.68461,25.41917],[89.68481,25.41917],[89.68482,25.41953],[89.68502,25.41952],[89.68503,25.42006],[89.68523,25.42006],[89.68523,25.42024],[89.68563,25.42023]]]}},{"type":"Feature","properties":{"kind":"land","ha":3.5},"geometry":{"type":"Polygon","coordinates":[[[89.7457,25.41389],[89.7457,25.41353],[89.74589,25.41352],[89.74589,25.41334],[89.74668,25.41333],[89.74668,25.41315],[89.74708,25.41314],[89.74728,25.4135],[89.74748,25.4135],[89.74749,25.41368],[89.74769,25.41367],[89.74787,25.41295],[89.74807,25.41294],[89.74782,25.41078],[89.74743,25.41097],[89.74744,25.41151],[89.74724,25.41151],[89.74725,25.41188],[89.74705,25.41188],[89.74705,25.41206],[89.74685,25.41206],[89.74686,25.41242],[89.74666,25.41243],[89.74667,25.41261],[89.74587,25.41262],[89.74588,25.4128],[89.74568,25.41281],[89.7455,25.41389],[89.7457,25.41389]]]}},{"type":"Feature","properties":{"kind":"land","ha":25.1},"geometry":{"type":"Polygon","coordinates":[[[89.65094,25.42447],[89.65094,25.42411],[89.65074,25.42412],[89.65073,25.42394],[89.65093,25.42393],[89.65092,25.42357],[89.65132,25.42338],[89.65131,25.4232],[89.65151,25.4232],[89.6515,25.42284],[89.6517,25.42284],[89.6517,25.42266],[89.65249,25.42246],[89.65268,25.4221],[89.65308,25.42209],[89.65306,25.42137],[89.65286,25.42137],[89.65284,25.42047],[89.65304,25.42047],[89.65302,25.41938],[89.65341,25.4192],[89.65359,25.41847],[89.65379,25.41847],[89.65378,25.41811],[89.65398,25.4181],[89.65398,25.41774],[89.65417,25.41774],[89.65417,25.41738],[89.65436,25.41737],[89.65436,25.41701],[89.65475,25.41682],[89.65475,25.41664],[89.65494,25.41664],[89.65494,25.41646],[89.65514,25.41646],[89.65513,25.4161],[89.65553,25.41591],[89.65552,25.41555],[89.65591,25.41536],[89.65591,25.41518],[89.65611,25.41518],[89.65609,25.41463],[89.65629,25.41463],[89.65628,25.41427],[89.65668,25.41408],[89.65667,25.41354],[89.65706,25.41335],[89.65706,25.41317],[89.65725,25.41317],[89.65743,25.41208],[89.65703,25.41209],[89.65704,25.41227],[89.65684,25.41227],[89.65647,25.41373],[89.65608,25.41391],[89.65609,25.41427],[89.65569,25.41428],[89.65569,25.41446],[89.65549,25.41447],[89.65531,25.41519],[89.65471,25.4152],[89.65471,25.41502],[89.65451,25.41502],[89.6545,25.41448],[89.6547,25.41448],[89.65469,25.41412],[89.65489,25.41412],[89.65488,25.41357],[89.65448,25.41358],[89.65429,25.41395],[89.65409,25.41395],[89.65409,25.41413],[89.6539,25.41413],[89.6539,25.41431],[89.6537,25.41432],[89.65371,25.4145],[89.65331,25.4145],[89.65312,25.41487],[89.65292,25.41487],[89.65292,25.41505],[89.65272,25.41506],[89.65273,25.41524],[89.65253,25.41524],[89.65253,25.41542],[89.65233,25.41542],[89.65236,25.41651],[89.65197,25.41669],[89.65197,25.41706],[89.65177,25.41706],[89.65178,25.41724],[89.65158,25.41724],[89.6514,25.41797],[89.6516,25.41796],[89.6516,25.41815],[89.65239,25.41813],[89.65239,25.41795],[89.65259,25.41795],[89.653,25.41866],[89.6528,25.41866],[89.65262,25.41939],[89.65223,25.41958],[89.65223,25.41976],[89.65203,25.41976],[89.65204,25.42012],[89.65165,25.42031],[89.65165,25.42049],[89.65125,25.4205],[89.65123,25.4196],[89.65103,25.4196],[89.65102,25.41906],[89.65062,25.41888],[89.65063,25.41925],[89.65043,25.41925],[89.65044,25.41979],[89.65024,25.41979],[89.65025,25.42015],[89.65005,25.42016],[89.65006,25.42052],[89.64986,25.42052],[89.64987,25.42088],[89.65027,25.42088],[89.65028,25.42124],[89.65067,25.42123],[89.65069,25.42195],[89.64989,25.42179],[89.6499,25.42215],[89.6497,25.42215],[89.6497,25.42233],[89.6503,25.42232],[89.6503,25.42214],[89.65069,25.42213],[89.6507,25.42231],[89.6505,25.42232],[89.6505,25.4225],[89.6501,25.4225],[89.65012,25.42323],[89.64952,25.42324],[89.64954,25.42378],[89.64974,25.42377],[89.64974,25.42395],[89.65034,25.42394],[89.65034,25.42412],[89.65054,25.42412],[89.65055,25.42448],[89.65094,25.42447]],[[89.65414,25.41629],[89.65434,25.41629],[89.65435,25.41647],[89.65415,25.41647],[89.65414,25.41629]]]}},{"type":"Feature","properties":{"kind":"land","ha":15.0},"geometry":{"type":"Polygon","coordinates":[[[89.72136,25.41849],[89.72136,25.41831],[89.72255,25.41829],[89.72254,25.41775],[89.72234,25.41775],[89.72233,25.41739],[89.72193,25.41722],[89.72193,25.41704],[89.72173,25.41704],[89.72151,25.41632],[89.72132,25.41633],[89.72131,25.41597],[89.72111,25.41597],[89.7211,25.41579],[89.7213,25.41579],[89.72129,25.41525],[89.72149,25.41524],[89.72148,25.41488],[89.72187,25.41469],[89.72185,25.41379],[89.72166,25.4138],[89.72165,25.41343],[89.72125,25.41326],[89.72124,25.41308],[89.72104,25.41309],[89.72104,25.4129],[89.72084,25.41291],[89.72084,25.41273],[89.72064,25.41273],[89.72063,25.41255],[89.72044,25.41255],[89.72043,25.41237],[89.72023,25.41238],[89.72023,25.4122],[89.71983,25.41221],[89.71982,25.41148],[89.71962,25.41149],[89.71961,25.41113],[89.71921,25.41113],[89.7192,25.41077],[89.719,25.41078],[89.71901,25.41096],[89.71881,25.41096],[89.71882,25.4115],[89.71862,25.41151],[89.71863,25.41187],[89.71923,25.41186],[89.71923,25.41204],[89.71943,25.41203],[89.71944,25.41239],[89.71864,25.41241],[89.71865,25.41277],[89.71845,25.41277],[89.71847,25.41349],[89.71867,25.41349],[89.71868,25.41403],[89.71848,25.41403],[89.71849,25.4144],[89.71869,25.41439],[89.7187,25.41475],[89.71889,25.41475],[89.7189,25.41511],[89.7193,25.41528],[89.71931,25.41546],[89.71951,25.41546],[89.71951,25.41564],[89.71971,25.41564],[89.71971,25.41582],[89.71991,25.41581],[89.71992,25.41599],[89.72012,25.41599],[89.72012,25.41617],[89.72032,25.41617],[89.72032,25.41635],[89.72052,25.41634],[89.72053,25.4167],[89.72073,25.4167],[89.72075,25.41778],[89.72095,25.41778],[89.72096,25.41832],[89.72116,25.41832],[89.72116,25.4185],[89.72136,25.41849]]]}},{"type":"Feature","properties":{"kind":"land","ha":13.1},"geometry":{"type":"Polygon","coordinates":[[[89.75696,25.41945],[89.75694,25.41873],[89.75714,25.41873],[89.75714,25.41855],[89.75753,25.41854],[89.75753,25.41836],[89.75813,25.41835],[89.75812,25.41817],[89.75832,25.41817],[89.75831,25.41762],[89.75791,25.41745],[89.75789,25.41655],[89.75808,25.41655],[89.75808,25.41618],[89.75828,25.41618],[89.75827,25.416],[89.75787,25.41601],[89.75787,25.41583],[89.75688,25.41585],[89.75687,25.41567],[89.75667,25.41567],[89.75667,25.41549],[89.75687,25.41549],[89.75685,25.41458],[89.75705,25.41458],[89.75704,25.4144],[89.75664,25.41441],[89.75665,25.41459],[89.75645,25.41459],[89.75645,25.41441],[89.75565,25.41443],[89.75565,25.41424],[89.75525,25.41425],[89.75504,25.4139],[89.75484,25.4139],[89.75484,25.41354],[89.75444,25.41337],[89.75443,25.413],[89.75423,25.41301],[89.75421,25.41229],[89.75401,25.41229],[89.75401,25.41211],[89.75421,25.41211],[89.75418,25.41102],[89.75398,25.41103],[89.75398,25.41085],[89.75358,25.41085],[89.75358,25.41067],[89.75318,25.41068],[89.75298,25.41032],[89.75278,25.41033],[89.75277,25.40997],[89.75257,25.40997],[89.75256,25.40943],[89.75236,25.40943],[89.75217,25.4098],[89.75237,25.40979],[89.75238,25.41016],[89.75257,25.41015],[89.75259,25.41069],[89.75278,25.41069],[89.7528,25.41141],[89.753,25.41141],[89.753,25.41159],[89.7534,25.41158],[89.7534,25.4114],[89.75379,25.41139],[89.7538,25.41157],[89.754,25.41157],[89.754,25.41175],[89.7538,25.41175],[89.75383,25.41302],[89.75403,25.41301],[89.75404,25.41337],[89.75424,25.41337],[89.75425,25.41391],[89.75445,25.41391],[89.75446,25.41427],[89.75465,25.41426],[89.75467,25.41498],[89.75487,25.41498],[89.75487,25.41516],[89.75527,25.41515],[89.75548,25.41551],[89.75587,25.4155],[89.75608,25.41586],[89.75628,25.41586],[89.75628,25.41604],[89.75668,25.41603],[89.7567,25.41675],[89.7563,25.41676],[89.75629,25.41622],[89.75589,25.41623],[89.75592,25.41749],[89.75572,25.41749],[89.75576,25.4193],[89.75636,25.41928],[89.75657,25.41964],[89.75696,25.41945]]]}},{"type":"Feature","properties":{"kind":"land","ha":3.4},"geometry":{"type":"Polygon","coordinates":[[[89.7202,25.41075],[89.72038,25.41003],[89.72058,25.41003],[89.72053,25.40786],[89.72033,25.40786],[89.72031,25.40696],[89.72051,25.40696],[89.7205,25.40678],[89.72031,25.40678],[89.72029,25.40624],[89.71989,25.40607],[89.71989,25.40589],[89.71969,25.40589],[89.71967,25.40517],[89.71947,25.40517],[89.7195,25.40644],[89.7199,25.40661],[89.71996,25.40913],[89.71976,25.40914],[89.71978,25.40986],[89.71958,25.40986],[89.7196,25.41059],[89.71979,25.41058],[89.7198,25.41076],[89.7202,25.41075]]]}},{"type":"Feature","properties":{"kind":"land","ha":12.0},"geometry":{"type":"Polygon","coordinates":[[[89.7506,25.41091],[89.7506,25.41073],[89.7508,25.41073],[89.75079,25.41037],[89.75099,25.41036],[89.75098,25.40982],[89.75058,25.40965],[89.75057,25.40947],[89.75037,25.40947],[89.75036,25.40911],[89.74996,25.40894],[89.74996,25.40876],[89.75035,25.40857],[89.75035,25.40839],[89.75055,25.40838],[89.75054,25.4082],[89.75074,25.4082],[89.75074,25.40802],[89.75094,25.40802],[89.75093,25.40784],[89.75113,25.40783],[89.75112,25.40747],[89.75132,25.40747],[89.75132,25.40765],[89.75172,25.40764],[89.7517,25.40656],[89.7519,25.40655],[89.75189,25.40619],[89.75209,25.40619],[89.75207,25.40547],[89.75187,25.40547],[89.75186,25.40511],[89.75166,25.40511],[89.75166,25.40475],[89.75185,25.40475],[89.75185,25.40457],[89.75165,25.40457],[89.75164,25.40385],[89.75183,25.40385],[89.75183,25.40349],[89.75163,25.40349],[89.75162,25.40295],[89.75122,25.40314],[89.75123,25.4035],[89.75103,25.4035],[89.75105,25.40422],[89.75085,25.40423],[89.75086,25.40459],[89.75066,25.40459],[89.75068,25.40531],[89.75048,25.40532],[89.75049,25.40586],[89.75029,25.40586],[89.75031,25.40658],[89.74991,25.40677],[89.74992,25.40695],[89.74972,25.40696],[89.74972,25.40714],[89.74952,25.40714],[89.74954,25.40768],[89.74934,25.40769],[89.74935,25.40805],[89.74915,25.40805],[89.74916,25.40841],[89.74896,25.40841],[89.749,25.4104],[89.7494,25.41039],[89.74961,25.41075],[89.74981,25.41074],[89.74981,25.41093],[89.7506,25.41091]]]}},{"type":"Feature","properties":{"kind":"land","ha":5.4},"geometry":{"type":"Polygon","coordinates":[[[89.64926,25.41133],[89.64926,25.41115],[89.64946,25.41114],[89.64945,25.41096],[89.64965,25.41096],[89.64965,25.41078],[89.64985,25.41078],[89.64984,25.4106],[89.65004,25.41059],[89.65004,25.41041],[89.65024,25.41041],[89.65021,25.40933],[89.65041,25.40932],[89.6504,25.40896],[89.6506,25.40896],[89.6506,25.4086],[89.65079,25.40859],[89.65077,25.40769],[89.65058,25.4077],[89.65057,25.40733],[89.65037,25.40734],[89.65035,25.40644],[89.65074,25.40625],[89.65073,25.40553],[89.65053,25.40553],[89.65052,25.40517],[89.65032,25.40517],[89.65031,25.40481],[89.65012,25.40482],[89.65013,25.40536],[89.64973,25.40536],[89.64978,25.40771],[89.64998,25.40771],[89.65,25.40861],[89.6498,25.40861],[89.64981,25.40915],[89.64961,25.40916],[89.64962,25.40952],[89.64942,25.40952],[89.64943,25.40988],[89.64923,25.40989],[89.64924,25.41043],[89.64905,25.41043],[89.64905,25.41079],[89.64886,25.41079],[89.64887,25.41152],[89.64926,25.41133]]]}},{"type":"Feature","properties":{"kind":"land","ha":54.9},"geometry":{"type":"Polygon","coordinates":[[[89.70495,25.42223],[89.70495,25.42205],[89.70535,25.42204],[89.70554,25.42167],[89.70573,25.42167],[89.70573,25.42131],[89.70612,25.42112],[89.70612,25.42094],[89.70631,25.42094],[89.7063,25.4204],[89.7065,25.42039],[89.70646,25.41841],[89.70666,25.4184],[89.70665,25.41804],[89.70685,25.41804],[89.70684,25.41768],[89.70704,25.41768],[89.70701,25.41659],[89.70721,25.41659],[89.7072,25.41623],[89.7074,25.41622],[89.7074,25.41604],[89.7076,25.41604],[89.70758,25.4155],[89.70798,25.41531],[89.70797,25.41513],[89.70837,25.41512],[89.70835,25.4144],[89.70855,25.4144],[89.70855,25.41404],[89.70874,25.41403],[89.70873,25.41331],[89.70912,25.41312],[89.70912,25.41294],[89.70932,25.41294],[89.70931,25.41276],[89.70951,25.41276],[89.70929,25.41168],[89.70889,25.4115],[89.70891,25.41259],[89.70911,25.41258],[89.70911,25.41276],[89.70872,25.41277],[89.7087,25.41187],[89.7085,25.41187],[89.70849,25.41151],[89.70829,25.41152],[89.70828,25.41097],[89.70848,25.41097],[89.70845,25.40989],[89.70805,25.40972],[89.70805,25.40954],[89.70785,25.40954],[89.70784,25.40918],[89.70744,25.40919],[89.70745,25.40937],[89.70725,25.40937],[89.70724,25.40901],[89.70704,25.40901],[89.70704,25.40883],[89.70724,25.40883],[89.70721,25.40775],[89.70701,25.40775],[89.707,25.40721],[89.7072,25.4072],[89.70719,25.40666],[89.70679,25.40649],[89.70677,25.40595],[89.70658,25.40595],[89.70674,25.40451],[89.70654,25.40451],[89.70653,25.40397],[89.70633,25.40397],[89.70633,25.40379],[89.70613,25.40379],[89.70616,25.40506],[89.70596,25.40506],[89.70597,25.4056],[89.70617,25.4056],[89.70619,25.40668],[89.706,25.40669],[89.706,25.40705],[89.70581,25.40705],[89.70581,25.40723],[89.70561,25.40723],[89.70543,25.40796],[89.70504,25.40815],[89.70504,25.40833],[89.70484,25.40833],[89.70484,25.40851],[89.70445,25.40852],[89.70445,25.4087],[89.70425,25.4087],[89.70426,25.40924],[89.70407,25.40925],[89.70407,25.40961],[89.70388,25.40961],[89.70388,25.40997],[89.70349,25.41016],[89.70331,25.41089],[89.70311,25.41089],[89.70312,25.41125],[89.70292,25.41125],[89.70292,25.41143],[89.70312,25.41143],[89.70313,25.41179],[89.70333,25.41179],[89.70337,25.41377],[89.70357,25.41377],[89.70358,25.41413],[89.70378,25.41413],[89.70378,25.41431],[89.70418,25.4143],[89.70419,25.41466],[89.70439,25.41466],[89.7044,25.41538],[89.7042,25.41538],[89.70421,25.41574],[89.70461,25.41592],[89.70462,25.4161],[89.70482,25.41609],[89.70503,25.41681],[89.70523,25.41681],[89.70525,25.41771],[89.70545,25.4177],[89.70546,25.41843],[89.70526,25.41843],[89.70527,25.41879],[89.70507,25.41879],[89.70508,25.41916],[89.70488,25.41916],[89.7049,25.41988],[89.7051,25.41988],[89.70511,25.42024],[89.70491,25.42024],[89.70492,25.4206],[89.70452,25.42079],[89.70453,25.42115],[89.70413,25.42116],[89.70414,25.42134],[89.70374,25.42135],[89.70373,25.42098],[89.70353,25.42099],[89.70355,25.42153],[89.70374,25.42153],[89.70375,25.42189],[89.70415,25.42206],[89.70416,25.42224],[89.70495,25.42223]],[[89.70496,25.41356],[89.70476,25.41357],[89.70475,25.41339],[89.70495,25.41338],[89.70495,25.4132],[89.70555,25.41319],[89.70556,25.41373],[89.70516,25.41392],[89.70496,25.41356]]]}},{"type":"Feature","properties":{"kind":"land","ha":40.0},"geometry":{"type":"Polygon","coordinates":[[[89.73977,25.42411],[89.73977,25.42375],[89.73996,25.42374],[89.7399,25.42068],[89.74009,25.42067],[89.74008,25.42013],[89.73988,25.42013],[89.73988,25.41995],[89.74008,25.41995],[89.74007,25.41959],[89.74027,25.41959],[89.74024,25.4185],[89.74004,25.41851],[89.74003,25.41797],[89.73923,25.41762],[89.73922,25.41726],[89.73982,25.41725],[89.73998,25.41544],[89.73978,25.41544],[89.73977,25.41508],[89.73997,25.41508],[89.73996,25.41472],[89.74016,25.41471],[89.74015,25.41453],[89.74035,25.41453],[89.74032,25.41291],[89.74051,25.4129],[89.74051,25.41254],[89.7409,25.41235],[89.7409,25.41217],[89.74109,25.41217],[89.74109,25.41199],[89.74129,25.41199],[89.74128,25.41163],[89.74167,25.41144],[89.74167,25.41126],[89.74187,25.41125],[89.74186,25.41107],[89.74206,25.41107],[89.74205,25.41071],[89.74225,25.41071],[89.74224,25.41016],[89.74244,25.41016],[89.74243,25.4098],[89.74263,25.4098],[89.74261,25.40907],[89.74281,25.40907],[89.74272,25.4051],[89.74292,25.4051],[89.74288,25.40347],[89.74269,25.40348],[89.74268,25.40312],[89.74248,25.40312],[89.74246,25.40222],[89.74226,25.40222],[89.74225,25.40186],[89.74205,25.40187],[89.74203,25.40096],[89.74163,25.40079],[89.74163,25.40061],[89.74123,25.40062],[89.74107,25.40243],[89.74087,25.40243],[89.74089,25.40333],[89.7407,25.40333],[89.74071,25.40388],[89.74051,25.40388],[89.74053,25.40496],[89.74033,25.40497],[89.74036,25.40623],[89.74016,25.40623],[89.74019,25.40713],[89.73999,25.40714],[89.74001,25.4084],[89.73982,25.4084],[89.73983,25.40913],[89.73963,25.40913],[89.73966,25.41021],[89.73946,25.41022],[89.73947,25.41058],[89.73927,25.41058],[89.73937,25.41491],[89.73917,25.41491],[89.73918,25.41564],[89.73938,25.41563],[89.73939,25.41581],[89.73919,25.41582],[89.73921,25.41672],[89.73901,25.41672],[89.73902,25.41708],[89.73882,25.41709],[89.73883,25.41763],[89.73903,25.41762],[89.7391,25.42069],[89.7393,25.42069],[89.73931,25.42105],[89.73911,25.42105],[89.73912,25.42177],[89.73932,25.42177],[89.73937,25.42393],[89.73917,25.42394],[89.73918,25.42412],[89.73977,25.42411]]]}},{"type":"Feature","properties":{"kind":"land","ha":4.4},"geometry":{"type":"Polygon","coordinates":[[[89.74404,25.40165],[89.74403,25.40147],[89.74423,25.40146],[89.74421,25.40074],[89.74401,25.40075],[89.74401,25.40039],[89.74381,25.40039],[89.7438,25.39985],[89.74399,25.39984],[89.74398,25.3993],[89.74418,25.3993],[89.74418,25.39912],[89.74338,25.39913],[89.74339,25.39931],[89.74279,25.39933],[89.74279,25.39914],[89.74239,25.39915],[89.74239,25.39933],[89.74219,25.39934],[89.74222,25.4006],[89.74242,25.4006],[89.74243,25.40114],[89.74284,25.40131],[89.74284,25.40149],[89.74304,25.40149],[89.74304,25.40167],[89.74404,25.40165]],[[89.74299,25.3995],[89.74339,25.39949],[89.74339,25.39967],[89.743,25.39968],[89.74299,25.3995]]]}},{"type":"Feature","properties":{"kind":"land","ha":7.6},"geometry":{"type":"Polygon","coordinates":[[[89.68185,25.40207],[89.68185,25.40189],[89.68204,25.40189],[89.68204,25.40153],[89.68243,25.40134],[89.68242,25.40098],[89.68222,25.40098],[89.68221,25.40044],[89.68201,25.40045],[89.682,25.40009],[89.6822,25.40008],[89.68218,25.39918],[89.68198,25.39918],[89.68194,25.39738],[89.68175,25.39738],[89.68174,25.3972],[89.68134,25.39721],[89.68135,25.39739],[89.68115,25.39739],[89.68117,25.3983],[89.68057,25.39831],[89.68078,25.39866],[89.68098,25.39866],[89.6808,25.39939],[89.6804,25.39957],[89.68041,25.39975],[89.68001,25.39958],[89.68001,25.39976],[89.67981,25.39977],[89.67983,25.40049],[89.68042,25.40048],[89.68043,25.40066],[89.68063,25.40065],[89.68065,25.40155],[89.68045,25.40156],[89.68045,25.40174],[89.68065,25.40174],[89.68065,25.40192],[89.68125,25.4019],[89.68125,25.40209],[89.68185,25.40207]]]}},{"type":"Feature","properties":{"kind":"land","ha":10.8},"geometry":{"type":"Polygon","coordinates":[[[89.65248,25.40387],[89.65247,25.40351],[89.65267,25.40351],[89.65265,25.40278],[89.65285,25.40278],[89.65284,25.40224],[89.65304,25.40224],[89.65304,25.40206],[89.65343,25.40205],[89.65343,25.40169],[89.65362,25.40168],[89.6536,25.40042],[89.6534,25.40042],[89.65339,25.39988],[89.65358,25.39988],[89.65358,25.39952],[89.65338,25.39952],[89.65336,25.39862],[89.65296,25.39863],[89.65296,25.39881],[89.65277,25.39881],[89.65277,25.39917],[89.65258,25.39918],[89.65258,25.39936],[89.65218,25.39918],[89.65217,25.399],[89.65198,25.39901],[89.65197,25.39883],[89.65217,25.39882],[89.65215,25.39792],[89.65175,25.39775],[89.65175,25.39793],[89.65155,25.39793],[89.65157,25.39865],[89.65177,25.39865],[89.65177,25.39883],[89.65157,25.39883],[89.65159,25.39937],[89.65139,25.39938],[89.6514,25.39992],[89.6518,25.40009],[89.65181,25.40045],[89.65161,25.40046],[89.65161,25.40064],[89.65102,25.40065],[89.65104,25.40155],[89.65084,25.40155],[89.65083,25.40137],[89.65024,25.40138],[89.65024,25.40156],[89.65064,25.40174],[89.65065,25.40192],[89.65085,25.40191],[89.65085,25.4021],[89.65105,25.40209],[89.65126,25.40281],[89.65167,25.40298],[89.65167,25.40316],[89.65187,25.40316],[89.65187,25.40334],[89.65207,25.40334],[89.65208,25.4037],[89.65228,25.40369],[89.65228,25.40387],[89.65248,25.40387]]]}},{"type":"Feature","properties":{"kind":"land","ha":4.6},"geometry":{"type":"Polygon","coordinates":[[[89.65841,25.40268],[89.65841,25.40232],[89.65861,25.40232],[89.6586,25.40214],[89.6588,25.40213],[89.65879,25.40159],[89.65859,25.40159],[89.65857,25.40087],[89.65877,25.40087],[89.65876,25.40051],[89.65896,25.4005],[89.65895,25.39996],[89.65915,25.39996],[89.65915,25.39978],[89.65954,25.39977],[89.65932,25.39869],[89.65912,25.3987],[89.65911,25.39816],[89.65891,25.39816],[89.65889,25.39726],[89.65869,25.39726],[89.65871,25.3978],[89.65851,25.39781],[89.65854,25.39943],[89.65834,25.39943],[89.65835,25.39961],[89.65795,25.39962],[89.65797,25.40052],[89.65777,25.40053],[89.6578,25.40197],[89.658,25.40197],[89.65801,25.40251],[89.65821,25.4025],[89.65822,25.40268],[89.65841,25.40268]]]}},{"type":"Feature","properties":{"kind":"land","ha":34.6},"geometry":{"type":"Polygon","coordinates":[[[89.66925,25.41656],[89.66924,25.4162],[89.66964,25.41601],[89.66963,25.41583],[89.67043,25.41582],[89.67043,25.416],[89.67063,25.416],[89.67081,25.41527],[89.6716,25.41489],[89.67159,25.41453],[89.67179,25.41453],[89.67178,25.41399],[89.67198,25.41399],[89.67197,25.41362],[89.67217,25.41362],[89.67214,25.41236],[89.67234,25.41235],[89.67232,25.41145],[89.67252,25.41145],[89.6725,25.41055],[89.67289,25.41036],[89.67288,25.40982],[89.67308,25.40981],[89.67307,25.40945],[89.67327,25.40945],[89.67325,25.40873],[89.67345,25.40872],[89.67361,25.40692],[89.67381,25.40691],[89.6738,25.40637],[89.674,25.40637],[89.67397,25.40529],[89.67417,25.40528],[89.67412,25.40294],[89.67432,25.40293],[89.67431,25.40275],[89.67411,25.40276],[89.67409,25.40149],[89.67389,25.4015],[89.67388,25.40132],[89.67408,25.40131],[89.67406,25.40023],[89.67426,25.40023],[89.67425,25.39987],[89.67445,25.39986],[89.67444,25.39968],[89.67464,25.39968],[89.67461,25.39824],[89.67441,25.39824],[89.6744,25.39788],[89.6746,25.39787],[89.67459,25.39715],[89.67439,25.39716],[89.67438,25.39662],[89.67418,25.39662],[89.67415,25.39554],[89.67396,25.39554],[89.67394,25.39482],[89.67374,25.39482],[89.67376,25.3959],[89.67357,25.39591],[89.67358,25.39645],[89.67318,25.39646],[89.67319,25.397],[89.67339,25.39699],[89.67342,25.39844],[89.67362,25.39843],[89.67363,25.39898],[89.67344,25.39898],[89.67344,25.39934],[89.67324,25.39934],[89.67331,25.40241],[89.67311,25.40241],[89.67313,25.40332],[89.67293,25.40332],[89.67295,25.40386],[89.67275,25.40386],[89.67276,25.40423],[89.67256,25.40423],[89.67258,25.40513],[89.67238,25.40513],[89.67239,25.4055],[89.67219,25.4055],[89.6722,25.40586],[89.672,25.40586],[89.67182,25.40695],[89.67162,25.40695],[89.67164,25.40786],[89.67145,25.40786],[89.67146,25.4084],[89.67126,25.4084],[89.67127,25.40876],[89.67107,25.40877],[89.67107,25.40895],[89.67087,25.40895],[89.6709,25.41003],[89.6705,25.41004],[89.67073,25.41148],[89.67053,25.41149],[89.67055,25.41239],[89.67035,25.41239],[89.67038,25.41347],[89.67018,25.41348],[89.67019,25.4142],[89.67,25.4142],[89.67,25.41456],[89.6698,25.41457],[89.66981,25.41493],[89.66961,25.41493],[89.66962,25.41529],[89.66922,25.4153],[89.66922,25.41512],[89.66902,25.41512],[89.66904,25.41584],[89.66864,25.41603],[89.66865,25.41639],[89.66885,25.41639],[89.66885,25.41657],[89.66925,25.41656]]]}},{"type":"Feature","properties":{"kind":"land","ha":53.5},"geometry":{"type":"Polygon","coordinates":[[[89.63801,25.42399],[89.63801,25.42362],[89.6376,25.42345],[89.6376,25.42309],[89.6374,25.42309],[89.63738,25.42237],[89.63718,25.42238],[89.63718,25.42201],[89.63698,25.42202],[89.63697,25.42184],[89.63677,25.42184],[89.63677,25.42148],[89.63657,25.42148],[89.63656,25.42094],[89.63636,25.42095],[89.63633,25.41986],[89.63614,25.41987],[89.63612,25.41915],[89.63592,25.41915],[89.63591,25.41861],[89.63571,25.41861],[89.6357,25.41807],[89.6355,25.41807],[89.63549,25.41771],[89.63529,25.41772],[89.63528,25.417],[89.63508,25.417],[89.63507,25.41646],[89.63487,25.41646],[89.63486,25.4161],[89.63466,25.4161],[89.63465,25.41538],[89.63445,25.41539],[89.63444,25.41502],[89.63424,25.41503],[89.63422,25.41395],[89.63402,25.41395],[89.634,25.41323],[89.6338,25.41323],[89.63379,25.41251],[89.63359,25.41251],[89.63356,25.41107],[89.63336,25.41107],[89.63327,25.4071],[89.63308,25.40711],[89.63305,25.40584],[89.63325,25.40584],[89.63321,25.40422],[89.63341,25.40421],[89.6334,25.40367],[89.6332,25.40368],[89.6332,25.4035],[89.63359,25.40349],[89.63358,25.40277],[89.63378,25.40276],[89.63376,25.40222],[89.63396,25.40222],[89.63395,25.40168],[89.63415,25.40167],[89.63414,25.40113],[89.63434,25.40113],[89.63433,25.40077],[89.63453,25.40076],[89.63452,25.4004],[89.63472,25.4004],[89.63471,25.39986],[89.6349,25.39986],[89.6349,25.39949],[89.6351,25.39949],[89.63509,25.39913],[89.63529,25.39913],[89.63546,25.39804],[89.63566,25.39804],[89.63564,25.39732],[89.63584,25.39731],[89.63583,25.39659],[89.63603,25.39659],[89.63601,25.39604],[89.63621,25.39604],[89.63621,25.39568],[89.6364,25.39568],[89.6364,25.39532],[89.6362,25.39532],[89.63601,25.39568],[89.63581,25.39569],[89.63581,25.39587],[89.63541,25.39588],[89.63542,25.39624],[89.63503,25.39642],[89.63504,25.39678],[89.63464,25.39697],[89.63465,25.39715],[89.63445,25.39716],[89.63445,25.39734],[89.63425,25.39734],[89.63426,25.39752],[89.63406,25.39752],[89.63406,25.3977],[89.63386,25.39771],[89.63387,25.39789],[89.63367,25.39789],[89.63367,25.39807],[89.63348,25.39808],[89.63348,25.39826],[89.63328,25.39826],[89.63329,25.39862],[89.6329,25.39881],[89.6329,25.39917],[89.63251,25.39936],[89.63251,25.39954],[89.63231,25.39954],[89.63232,25.39972],[89.63212,25.39972],[89.63212,25.3999],[89.63193,25.39991],[89.63193,25.40009],[89.63173,25.40009],[89.63175,25.40118],[89.63136,25.40136],[89.63137,25.40172],[89.63236,25.40171],[89.63238,25.40261],[89.63258,25.4026],[89.63256,25.4017],[89.63295,25.40151],[89.63295,25.40115],[89.63314,25.40115],[89.63313,25.40061],[89.63353,25.4006],[89.63356,25.40205],[89.63336,25.40205],[89.63337,25.40259],[89.63318,25.40259],[89.63319,25.40313],[89.63299,25.40314],[89.633,25.4035],[89.6328,25.4035],[89.6328,25.40368],[89.6324,25.40369],[89.63241,25.40405],[89.63221,25.40405],[89.63248,25.40694],[89.63267,25.40693],[89.63269,25.40748],[89.63288,25.40747],[89.6329,25.40819],[89.6327,25.4082],[89.63271,25.40856],[89.63251,25.40856],[89.63252,25.40892],[89.63213,25.40911],[89.63213,25.40929],[89.63193,25.40929],[89.63194,25.40965],[89.63174,25.40966],[89.63174,25.40984],[89.63154,25.40984],[89.63154,25.40966],[89.63095,25.40967],[89.63075,25.41004],[89.63056,25.41004],[89.63056,25.41022],[89.63036,25.41022],[89.63037,25.41059],[89.63017,25.41059],[89.63017,25.41077],[89.63037,25.41077],[89.63039,25.41149],[89.63059,25.41148],[89.63059,25.41184],[89.63099,25.41184],[89.63097,25.41076],[89.63117,25.41075],[89.63116,25.41057],[89.63156,25.41056],[89.63139,25.41201],[89.63119,25.41201],[89.6312,25.41238],[89.631,25.41238],[89.63102,25.4131],[89.63122,25.4131],[89.63123,25.41364],[89.63163,25.41381],[89.63164,25.41399],[89.63183,25.41399],[89.63184,25.41435],[89.63224,25.41452],[89.63226,25.41524],[89.63246,25.41524],[89.63248,25.41614],[89.63268,25.41614],[89.6327,25.4174],[89.6329,25.4174],[89.63291,25.41776],[89.63311,25.41776],[89.63312,25.4183],[89.63332,25.41829],[89.63333,25.41902],[89.63353,25.41901],[89.63354,25.41937],[89.63374,25.41937],[89.63375,25.41991],[89.63395,25.41991],[89.63396,25.42027],[89.63416,25.42026],[89.63416,25.42062],[89.63436,25.42062],[89.63437,25.42098],[89.63477,25.42116],[89.63478,25.42152],[89.63518,25.42169],[89.63518,25.42187],[89.63538,25.42187],[89.6356,25.42258],[89.6358,25.42258],[89.6358,25.42294],[89.63621,25.42312],[89.63621,25.4233],[89.63641,25.42329],[89.63641,25.42347],[89.63661,25.42347],[89.63661,25.42365],[89.63741,25.42382],[89.63742,25.424],[89.63801,25.42399]],[[89.63409,25.39915],[89.6337,25.39915],[89.63369,25.39897],[89.63349,25.39898],[89.63349,25.39862],[89.63388,25.39843],[89.63387,25.39807],[89.63407,25.39807],[89.63407,25.39788],[89.63466,25.39787],[89.63487,25.39823],[89.63507,25.39823],[89.63507,25.39841],[89.63487,25.39841],[89.63488,25.39877],[89.63468,25.39878],[89.63469,25.39914],[89.63449,25.39914],[89.6345,25.39932],[89.6341,25.39933],[89.63409,25.39915]]]}},{"type":"Feature","properties":{"kind":"land","ha":7.1},"geometry":{"type":"Polygon","coordinates":[[[89.74568,25.39512],[89.74539,25.39115],[89.74519,25.39116],[89.74517,25.39026],[89.74497,25.39026],[89.74496,25.3899],[89.74456,25.38991],[89.74458,25.39081],[89.74379,25.39064],[89.7438,25.39118],[89.744,25.39118],[89.744,25.39136],[89.7438,25.39136],[89.74382,25.39209],[89.74362,25.39209],[89.74363,25.39245],[89.74383,25.39245],[89.74384,25.39317],[89.74364,25.39317],[89.74366,25.39389],[89.74446,25.39406],[89.74446,25.39388],[89.74485,25.39387],[89.74486,25.39405],[89.74506,25.39405],[89.74507,25.39459],[89.74527,25.39459],[89.74528,25.39513],[89.74568,25.39512]],[[89.74425,25.39352],[89.74465,25.39352],[89.74465,25.3937],[89.74425,25.3937],[89.74425,25.39352]]]}},{"type":"Feature","properties":{"kind":"land","ha":5.0},"geometry":{"type":"Polygon","coordinates":[[[89.67467,25.3921],[89.67467,25.39192],[89.67487,25.39191],[89.67505,25.39119],[89.67465,25.39102],[89.67465,25.39083],[89.67445,25.39084],[89.67444,25.39048],[89.67424,25.39048],[89.67422,25.38958],[89.67382,25.38959],[89.67383,25.38995],[89.67344,25.39013],[89.67344,25.39032],[89.67324,25.39032],[89.67324,25.39014],[89.67284,25.39015],[89.67284,25.38997],[89.67244,25.38997],[89.67244,25.38979],[89.67164,25.38981],[89.67165,25.38999],[89.67204,25.38998],[89.67205,25.39016],[89.67225,25.39016],[89.67228,25.39142],[89.67267,25.39141],[89.67288,25.39177],[89.67347,25.39176],[89.67348,25.39194],[89.67427,25.39192],[89.67428,25.3921],[89.67467,25.3921]]]}},{"type":"Feature","properties":{"kind":"land","ha":21.6},"geometry":{"type":"Polygon","coordinates":[[[89.73877,25.39705],[89.73876,25.39669],[89.73896,25.39669],[89.73895,25.39633],[89.73915,25.39632],[89.73914,25.39614],[89.73894,25.39615],[89.73894,25.39579],[89.73874,25.39579],[89.73872,25.39489],[89.73911,25.39488],[89.73932,25.39524],[89.73972,25.39523],[89.73971,25.39487],[89.73951,25.39487],[89.73949,25.39415],[89.73909,25.39398],[89.73908,25.39344],[89.73868,25.39327],[89.73867,25.3929],[89.73827,25.39291],[89.73827,25.39255],[89.73787,25.39256],[89.73786,25.39238],[89.73747,25.39239],[89.73725,25.39167],[89.73705,25.39167],[89.73705,25.39131],[89.73685,25.39131],[89.73683,25.39059],[89.73663,25.3906],[89.73661,25.38951],[89.73621,25.38934],[89.7362,25.38916],[89.736,25.38916],[89.736,25.38898],[89.7356,25.38899],[89.7354,25.38863],[89.7352,25.38864],[89.7352,25.38882],[89.73461,25.38883],[89.73461,25.38919],[89.73542,25.38954],[89.73563,25.39025],[89.73583,25.39025],[89.73583,25.39043],[89.73504,25.39045],[89.73483,25.39009],[89.73463,25.39009],[89.73463,25.38991],[89.73443,25.38992],[89.73442,25.38919],[89.73401,25.38902],[89.73401,25.38884],[89.73361,25.38885],[89.73361,25.38867],[89.73341,25.38867],[89.7334,25.38813],[89.733,25.38796],[89.73299,25.38778],[89.7326,25.38778],[89.73262,25.38887],[89.73282,25.38886],[89.73283,25.38922],[89.73302,25.38922],[89.73303,25.38958],[89.73323,25.38958],[89.73324,25.38994],[89.73344,25.38993],[89.73345,25.39047],[89.73325,25.39048],[89.73326,25.39084],[89.73366,25.39101],[89.73367,25.39119],[89.73386,25.39119],[89.73388,25.39173],[89.73428,25.3919],[89.73428,25.39208],[89.73448,25.39208],[89.73448,25.39226],[89.73468,25.39226],[89.7347,25.3928],[89.7351,25.39297],[89.7351,25.39315],[89.7353,25.39315],[89.7353,25.39333],[89.7355,25.39332],[89.73551,25.3935],[89.7357,25.3935],[89.73571,25.39368],[89.73591,25.39368],[89.73591,25.39386],[89.73611,25.39385],[89.73611,25.39404],[89.73631,25.39403],[89.7363,25.39367],[89.73611,25.39367],[89.73609,25.39295],[89.73648,25.39276],[89.73649,25.39295],[89.73669,25.39294],[89.7367,25.39348],[89.7371,25.39366],[89.73731,25.39437],[89.73771,25.39455],[89.73773,25.39527],[89.73793,25.39526],[89.73794,25.39563],[89.73774,25.39563],[89.73775,25.39599],[89.73795,25.39599],[89.73795,25.39635],[89.73815,25.39634],[89.73816,25.39652],[89.73836,25.39652],[89.73836,25.39688],[89.73856,25.39688],[89.73857,25.39706],[89.73877,25.39705]],[[89.7377,25.39383],[89.7379,25.39382],[89.7379,25.394],[89.7377,25.39401],[89.7377,25.39383]],[[89.73487,25.39189],[89.73507,25.39189],[89.73508,25.39207],[89.73488,25.39207],[89.73487,25.39189]]]}},{"type":"Feature","properties":{"kind":"land","ha":6.2},"geometry":{"type":"Polygon","coordinates":[[[89.71501,25.39208],[89.715,25.3919],[89.7154,25.39189],[89.7154,25.39171],[89.7156,25.39171],[89.71538,25.39099],[89.71518,25.39099],[89.71517,25.39063],[89.71477,25.39046],[89.71476,25.38992],[89.71536,25.38991],[89.71535,25.38955],[89.71495,25.38955],[89.71496,25.38973],[89.71476,25.38974],[89.71475,25.3892],[89.71455,25.3892],[89.71454,25.38884],[89.71434,25.38884],[89.71433,25.38848],[89.71413,25.38849],[89.71412,25.38777],[89.71392,25.38777],[89.71391,25.38759],[89.71332,25.3876],[89.71331,25.38706],[89.71311,25.38706],[89.71311,25.38724],[89.71252,25.38725],[89.71253,25.38779],[89.71273,25.38779],[89.71274,25.38815],[89.71314,25.38832],[89.71314,25.3885],[89.71334,25.3885],[89.71334,25.38868],[89.71354,25.38868],[89.71376,25.3894],[89.71416,25.38957],[89.71397,25.38993],[89.71377,25.38994],[89.71379,25.39102],[89.71399,25.39102],[89.71401,25.39174],[89.71441,25.39191],[89.71441,25.39209],[89.71501,25.39208]]]}},{"type":"Feature","properties":{"kind":"land","ha":7.8},"geometry":{"type":"Polygon","coordinates":[[[89.72014,25.39957],[89.72004,25.39487],[89.71984,25.39488],[89.71982,25.39398],[89.71962,25.39398],[89.7196,25.39308],[89.7198,25.39307],[89.71963,25.38568],[89.71923,25.3855],[89.71927,25.38731],[89.71888,25.3875],[89.7189,25.38858],[89.71851,25.38877],[89.71852,25.38913],[89.71911,25.38912],[89.71913,25.39002],[89.71933,25.39001],[89.71937,25.39164],[89.71917,25.39164],[89.7192,25.39272],[89.719,25.39273],[89.71903,25.39417],[89.71923,25.39417],[89.71925,25.39507],[89.71945,25.39507],[89.71946,25.39579],[89.71966,25.39578],[89.71968,25.39651],[89.71988,25.3965],[89.71995,25.39957],[89.72014,25.39957]]]}},{"type":"Feature","properties":{"kind":"land","ha":6.5},"geometry":{"type":"Polygon","coordinates":[[[89.63235,25.39214],[89.63233,25.39124],[89.63273,25.39105],[89.63271,25.39051],[89.63291,25.39051],[89.63291,25.39014],[89.6331,25.39014],[89.6331,25.38978],[89.6333,25.38978],[89.63346,25.38833],[89.63366,25.38833],[89.63366,25.38815],[89.63425,25.38813],[89.63424,25.38759],[89.63404,25.3876],[89.63403,25.38688],[89.63343,25.38689],[89.63345,25.38761],[89.63325,25.38761],[89.63325,25.38779],[89.63285,25.38762],[89.63285,25.38744],[89.63265,25.38744],[89.63264,25.38726],[89.63245,25.38726],[89.63226,25.38763],[89.63206,25.38763],[89.63207,25.38835],[89.63167,25.38836],[89.63171,25.38999],[89.63191,25.38998],[89.63192,25.39052],[89.63212,25.39052],[89.63215,25.39214],[89.63235,25.39214]]]}},{"type":"Feature","properties":{"kind":"land","ha":4.7},"geometry":{"type":"Polygon","coordinates":[[[89.65171,25.38692],[89.6519,25.38655],[89.6521,25.38655],[89.6521,25.38637],[89.6523,25.38637],[89.65229,25.38619],[89.65249,25.38618],[89.65266,25.3851],[89.65286,25.38509],[89.65264,25.38401],[89.65244,25.38402],[89.65244,25.38384],[89.65164,25.38385],[89.65164,25.38367],[89.65125,25.38386],[89.65126,25.3844],[89.65106,25.3844],[89.65107,25.38494],[89.65127,25.38494],[89.65127,25.38512],[89.65088,25.38531],[89.65089,25.38567],[89.65109,25.38567],[89.6511,25.38639],[89.6513,25.38638],[89.65131,25.38693],[89.65171,25.38692]]]}},{"type":"Feature","properties":{"kind":"land","ha":6.9},"geometry":{"type":"Polygon","coordinates":[[[89.73158,25.3869],[89.73157,25.38636],[89.73137,25.38636],[89.73136,25.38582],[89.73096,25.38565],[89.73095,25.38529],[89.73075,25.38529],[89.73074,25.38475],[89.73054,25.38475],[89.73053,25.38421],[89.73033,25.38422],[89.73032,25.38386],[89.73012,25.38386],[89.7301,25.38296],[89.72971,25.38296],[89.7297,25.38278],[89.7295,25.38279],[89.72949,25.38207],[89.72909,25.38225],[89.72889,25.3819],[89.72869,25.3819],[89.72868,25.38172],[89.72829,25.38173],[89.7283,25.38227],[89.7287,25.38244],[89.7287,25.38262],[89.7289,25.38262],[89.72891,25.38298],[89.72911,25.38298],[89.72892,25.38334],[89.72872,25.38334],[89.72873,25.3837],[89.72833,25.38371],[89.72832,25.38299],[89.72792,25.383],[89.72791,25.38264],[89.72751,25.38264],[89.72732,25.38301],[89.72712,25.38301],[89.72713,25.38319],[89.72733,25.38319],[89.72754,25.38391],[89.72794,25.38408],[89.72795,25.38426],[89.72814,25.38426],[89.72814,25.38408],[89.72894,25.38406],[89.72894,25.38424],[89.72954,25.38423],[89.72954,25.38441],[89.72994,25.3844],[89.72994,25.38476],[89.73014,25.38476],[89.73015,25.38494],[89.72995,25.38495],[89.72996,25.38567],[89.73036,25.38566],[89.73037,25.38584],[89.73056,25.38584],[89.73058,25.38656],[89.73018,25.38657],[89.73019,25.38675],[89.73098,25.38673],[89.73099,25.38691],[89.73158,25.3869]]]}},{"type":"Feature","properties":{"kind":"land","ha":10.8},"geometry":{"type":"Polygon","coordinates":[[[89.64159,25.38728],[89.64158,25.38692],[89.64178,25.38692],[89.64176,25.3862],[89.64196,25.38619],[89.64195,25.38583],[89.64215,25.38583],[89.64214,25.38529],[89.64234,25.38528],[89.64232,25.38456],[89.64252,25.38456],[89.64249,25.38311],[89.64269,25.38311],[89.64268,25.38275],[89.64288,25.38275],[89.64287,25.38239],[89.64327,25.38256],[89.64328,25.38292],[89.64348,25.38292],[89.64349,25.38346],[89.64369,25.38345],[89.6437,25.38381],[89.64389,25.38381],[89.6439,25.38417],[89.6443,25.38434],[89.64431,25.38453],[89.64451,25.38452],[89.64451,25.3847],[89.64471,25.3847],[89.64471,25.38488],[89.64491,25.38488],[89.64492,25.38506],[89.64511,25.38505],[89.64513,25.38559],[89.64532,25.38559],[89.64509,25.38415],[89.6449,25.38415],[89.64488,25.38361],[89.64469,25.38362],[89.64467,25.38307],[89.64447,25.38308],[89.64446,25.38254],[89.64426,25.38254],[89.64426,25.38218],[89.64406,25.38218],[89.64405,25.38164],[89.64385,25.38165],[89.64384,25.38128],[89.64364,25.38129],[89.64342,25.38021],[89.64302,25.38022],[89.64303,25.3804],[89.64283,25.3804],[89.64264,25.38113],[89.64245,25.38113],[89.64245,25.38149],[89.64225,25.38149],[89.64226,25.38185],[89.64206,25.38186],[89.64207,25.38222],[89.64187,25.38222],[89.6417,25.38331],[89.6415,25.38331],[89.64151,25.38385],[89.64131,25.38386],[89.64132,25.3844],[89.64113,25.3844],[89.64115,25.38548],[89.64155,25.38548],[89.64138,25.38692],[89.64118,25.38693],[89.64139,25.38728],[89.64159,25.38728]]]}},{"type":"Feature","properties":{"kind":"land","ha":8.8},"geometry":{"type":"Polygon","coordinates":[[[89.71685,25.38537],[89.71683,25.38447],[89.71702,25.38446],[89.717,25.38356],[89.7168,25.38356],[89.71679,25.38284],[89.71659,25.38285],[89.71658,25.38249],[89.71618,25.38231],[89.71618,25.38213],[89.71558,25.38214],[89.71558,25.38196],[89.71538,25.38197],[89.71537,25.38161],[89.71557,25.3816],[89.71555,25.38088],[89.71535,25.38088],[89.71535,25.38052],[89.71515,25.38053],[89.71514,25.38017],[89.71474,25.38017],[89.71472,25.37927],[89.71512,25.37908],[89.71511,25.3789],[89.71491,25.37891],[89.7149,25.37855],[89.7155,25.37853],[89.71552,25.37944],[89.71572,25.37943],[89.71573,25.37979],[89.71612,25.37979],[89.71631,25.37942],[89.71651,25.37942],[89.71672,25.37978],[89.71712,25.37977],[89.71711,25.37959],[89.71731,25.37958],[89.7173,25.37922],[89.7169,25.37905],[89.71691,25.37923],[89.71651,25.37924],[89.71651,25.37906],[89.71631,25.37906],[89.71629,25.37816],[89.7143,25.3782],[89.7143,25.37802],[89.7137,25.37803],[89.71392,25.37874],[89.71411,25.37874],[89.71414,25.37982],[89.71434,25.37982],[89.71434,25.38],[89.71414,25.38],[89.71416,25.38091],[89.71456,25.38108],[89.71457,25.38144],[89.71477,25.38144],[89.71478,25.38198],[89.71498,25.38197],[89.71499,25.38233],[89.71519,25.38233],[89.7152,25.38269],[89.71539,25.38269],[89.7154,25.38305],[89.7156,25.38305],[89.71562,25.38395],[89.71601,25.38376],[89.71601,25.38358],[89.71641,25.38357],[89.71642,25.38411],[89.71662,25.38411],[89.71664,25.38501],[89.71644,25.38501],[89.71644,25.3852],[89.71664,25.38519],[89.71665,25.38537],[89.71685,25.38537]]]}},{"type":"Feature","properties":{"kind":"land","ha":31.2},"geometry":{"type":"Polygon","coordinates":[[[89.67402,25.3894],[89.674,25.38868],[89.6744,25.38849],[89.67438,25.38759],[89.67418,25.38759],[89.67416,25.38669],[89.67396,25.3867],[89.67395,25.38634],[89.67415,25.38633],[89.67414,25.38579],[89.67394,25.38579],[89.67392,25.38489],[89.67372,25.3849],[89.67368,25.38291],[89.67348,25.38291],[89.67344,25.38111],[89.67324,25.38111],[89.67321,25.37985],[89.67301,25.37985],[89.67298,25.37841],[89.67218,25.37825],[89.67223,25.38041],[89.67263,25.3804],[89.67264,25.38094],[89.67204,25.38096],[89.67205,25.38132],[89.67305,25.3813],[89.67305,25.38166],[89.67266,25.38167],[89.67265,25.38149],[89.67245,25.38149],[89.67246,25.38167],[89.67186,25.38168],[89.67188,25.3824],[89.67247,25.38239],[89.67248,25.38257],[89.67268,25.38257],[89.67266,25.38185],[89.67306,25.38184],[89.67307,25.38238],[89.67287,25.38238],[89.67287,25.38256],[89.67307,25.38256],[89.67308,25.38274],[89.67268,25.38293],[89.67269,25.38311],[89.67309,25.3831],[89.67329,25.38346],[89.67309,25.38346],[89.6731,25.38364],[89.6725,25.38365],[89.6725,25.38347],[89.6721,25.38348],[89.6721,25.38366],[89.67191,25.38367],[89.67193,25.38475],[89.67173,25.38475],[89.67175,25.38565],[89.67136,25.38584],[89.67136,25.38602],[89.67116,25.38602],[89.67116,25.38584],[89.67076,25.38585],[89.67077,25.38603],[89.67057,25.38604],[89.67057,25.38622],[89.67097,25.38621],[89.67097,25.38639],[89.67137,25.3862],[89.67137,25.38638],[89.67177,25.38637],[89.67181,25.38818],[89.67141,25.38837],[89.67141,25.38819],[89.67081,25.3882],[89.67081,25.38802],[89.67041,25.38802],[89.67041,25.38784],[89.67001,25.38785],[89.67001,25.38767],[89.66881,25.38751],[89.66881,25.38733],[89.66821,25.38734],[89.66821,25.38716],[89.66781,25.38717],[89.66781,25.38699],[89.66761,25.38699],[89.6676,25.38681],[89.66721,25.38682],[89.667,25.38646],[89.6668,25.38647],[89.6668,25.38628],[89.6664,25.38629],[89.66619,25.38593],[89.666,25.38594],[89.66599,25.38558],[89.66579,25.38558],[89.66578,25.38522],[89.66538,25.38505],[89.66517,25.38433],[89.66497,25.38433],[89.66496,25.38397],[89.66476,25.38398],[89.66473,25.38271],[89.66453,25.38272],[89.66457,25.38452],[89.66437,25.38452],[89.66441,25.38615],[89.66461,25.38614],[89.66463,25.38723],[89.66443,25.38723],[89.66445,25.38777],[89.66504,25.38776],[89.66525,25.38812],[89.66584,25.38811],[89.66605,25.38846],[89.66625,25.38846],[89.66625,25.38864],[89.66685,25.38863],[89.66664,25.38827],[89.66625,25.38828],[89.66624,25.3881],[89.66604,25.3881],[89.66603,25.38774],[89.66663,25.38773],[89.66663,25.38791],[89.66723,25.3879],[89.66723,25.38808],[89.66763,25.38807],[89.66764,25.38825],[89.66843,25.38824],[89.66864,25.3886],[89.66903,25.38859],[89.66924,25.38895],[89.66984,25.38894],[89.66984,25.38912],[89.67004,25.38911],[89.67003,25.38857],[89.67023,25.38857],[89.67022,25.38839],[89.67102,25.38837],[89.67102,25.38855],[89.67181,25.38854],[89.67182,25.38872],[89.67241,25.38871],[89.67262,25.38907],[89.67342,25.38923],[89.67342,25.38941],[89.67402,25.3894]],[[89.6728,25.38816],[89.6726,25.38816],[89.67259,25.3878],[89.67339,25.38779],[89.6734,25.38815],[89.6732,25.38815],[89.6732,25.38833],[89.6728,25.38834],[89.6728,25.38816]],[[89.66882,25.38769],[89.66901,25.38769],[89.66902,25.38787],[89.66882,25.38787],[89.66882,25.38769]],[[89.66921,25.38768],[89.66941,25.38768],[89.66942,25.38786],[89.66922,25.38787],[89.66921,25.38768]],[[89.66582,25.38684],[89.66621,25.38684],[89.66622,25.3872],[89.66582,25.3872],[89.66582,25.38684]]]}},{"type":"Feature","properties":{"kind":"land","ha":10.4},"geometry":{"type":"Polygon","coordinates":[[[89.75087,25.38762],[89.75086,25.38726],[89.75126,25.38726],[89.75126,25.38707],[89.75106,25.38708],[89.75105,25.38672],[89.75085,25.38672],[89.75085,25.38654],[89.75065,25.38654],[89.75043,25.38583],[89.75023,25.38583],[89.75023,25.38547],[89.75003,25.38547],[89.7498,25.38439],[89.74961,25.3844],[89.7496,25.38404],[89.7494,25.38404],[89.74939,25.38386],[89.7492,25.38386],[89.74898,25.38315],[89.74878,25.38315],[89.74877,25.38279],[89.74858,25.38279],[89.74856,25.38225],[89.74836,25.38226],[89.74836,25.38189],[89.74816,25.3819],[89.74815,25.38136],[89.74795,25.38136],[89.74794,25.381],[89.74774,25.381],[89.74773,25.38064],[89.74753,25.38065],[89.74753,25.38029],[89.74733,25.38029],[89.74732,25.37993],[89.74712,25.37993],[89.74711,25.37957],[89.74691,25.37958],[89.7469,25.37921],[89.74671,25.37922],[89.7467,25.37886],[89.7463,25.37868],[89.74629,25.37832],[89.74589,25.37833],[89.74588,25.37797],[89.74608,25.37797],[89.74608,25.37779],[89.74588,25.37779],[89.74587,25.37743],[89.74567,25.37743],[89.74566,25.37707],[89.74526,25.3769],[89.74527,25.37726],[89.74507,25.37726],[89.74508,25.37744],[89.74468,25.37745],[89.74468,25.37727],[89.74448,25.37727],[89.74449,25.37782],[89.74489,25.37799],[89.74511,25.37871],[89.74551,25.37888],[89.74552,25.37942],[89.74572,25.37942],[89.74573,25.37978],[89.74592,25.37977],[89.74593,25.37996],[89.74613,25.37995],[89.74614,25.38031],[89.74654,25.38049],[89.74654,25.38085],[89.74695,25.38102],[89.74716,25.38174],[89.74736,25.38173],[89.74737,25.38209],[89.74757,25.38209],[89.74757,25.38245],[89.74777,25.38245],[89.74778,25.38281],[89.74818,25.38298],[89.74819,25.38352],[89.74839,25.38352],[89.7484,25.38388],[89.7488,25.38405],[89.74881,25.38441],[89.74901,25.38441],[89.74902,25.38477],[89.74942,25.38494],[89.74943,25.38548],[89.74963,25.38548],[89.74964,25.38584],[89.74984,25.38584],[89.74984,25.3862],[89.75025,25.38637],[89.75046,25.38709],[89.75066,25.38709],[89.75067,25.38763],[89.75087,25.38762]],[[89.7461,25.37887],[89.7463,25.37887],[89.74631,25.37905],[89.74611,25.37905],[89.7461,25.37887]]]}},{"type":"Feature","properties":{"kind":"land","ha":4.9},"geometry":{"type":"Polygon","coordinates":[[[89.7368,25.38031],[89.73679,25.38013],[89.73659,25.38013],[89.73659,25.37995],[89.736,25.37996],[89.73598,25.37942],[89.73518,25.37925],[89.73498,25.3789],[89.73478,25.3789],[89.73478,25.37872],[89.73458,25.37872],[89.73457,25.37836],[89.73417,25.37819],[89.73416,25.37801],[89.73396,25.37801],[89.73396,25.37783],[89.73356,25.37784],[89.73336,25.37748],[89.73276,25.37749],[89.73255,25.37714],[89.73216,25.37714],[89.73215,25.37696],[89.73195,25.37697],[89.73194,25.37643],[89.73075,25.37645],[89.73076,25.37681],[89.73056,25.37681],[89.73056,25.37699],[89.73096,25.37699],[89.73097,25.37717],[89.73116,25.37716],[89.73116,25.37698],[89.73136,25.37698],[89.73136,25.37716],[89.73176,25.37715],[89.73177,25.37769],[89.73257,25.37786],[89.73258,25.3784],[89.73298,25.37839],[89.73298,25.37821],[89.73357,25.3782],[89.73378,25.37856],[89.73338,25.37856],[89.73338,25.37874],[89.73358,25.37874],[89.73359,25.37892],[89.73418,25.37891],[89.73419,25.37927],[89.73459,25.37944],[89.7346,25.37962],[89.73519,25.37961],[89.7354,25.37997],[89.7356,25.37997],[89.7356,25.38015],[89.7362,25.38014],[89.7362,25.38032],[89.7368,25.38031]]]}},{"type":"Feature","properties":{"kind":"land","ha":22.0},"geometry":{"type":"Polygon","coordinates":[[[89.63379,25.38507],[89.63379,25.38489],[89.63398,25.38489],[89.63397,25.38417],[89.63417,25.38417],[89.63416,25.3838],[89.63436,25.3838],[89.63435,25.38326],[89.63454,25.38326],[89.6347,25.38145],[89.6349,25.38145],[89.63489,25.3809],[89.63509,25.3809],[89.63507,25.38],[89.63527,25.37999],[89.63525,25.37909],[89.63545,25.37909],[89.63543,25.37837],[89.63563,25.37836],[89.63561,25.37746],[89.63581,25.37746],[89.63579,25.37674],[89.63599,25.37673],[89.63597,25.37583],[89.63617,25.37583],[89.63616,25.37511],[89.63635,25.3751],[89.63635,25.37474],[89.63654,25.37474],[89.63653,25.37402],[89.63673,25.37401],[89.63672,25.37347],[89.63711,25.37328],[89.63711,25.3731],[89.6373,25.3731],[89.6373,25.37292],[89.6375,25.37292],[89.63749,25.37274],[89.63769,25.37273],[89.63769,25.37255],[89.63789,25.37255],[89.63787,25.37165],[89.63748,25.37183],[89.63747,25.37165],[89.63628,25.37167],[89.63628,25.37185],[89.63608,25.37186],[89.6359,25.37258],[89.6363,25.37276],[89.63633,25.37384],[89.63613,25.37384],[89.63613,25.37402],[89.63554,25.37403],[89.63552,25.37349],[89.63512,25.37332],[89.63494,25.37404],[89.63474,25.37405],[89.63475,25.37459],[89.63455,25.37459],[89.63457,25.37513],[89.63437,25.37514],[89.6344,25.37676],[89.6342,25.37676],[89.63422,25.37731],[89.63402,25.37731],[89.63406,25.37947],[89.63387,25.37948],[89.63388,25.38002],[89.63368,25.38002],[89.63371,25.38129],[89.63351,25.38129],[89.63352,25.38165],[89.63312,25.38166],[89.63293,25.38202],[89.63273,25.38203],[89.63279,25.38473],[89.63319,25.38472],[89.63339,25.38508],[89.63379,25.38507]],[[89.63709,25.37238],[89.63729,25.37238],[89.63728,25.37202],[89.63768,25.37219],[89.63749,25.37255],[89.63709,25.37256],[89.63709,25.37238]]]}},{"type":"Feature","properties":{"kind":"land","ha":11.6},"geometry":{"type":"Polygon","coordinates":[[[89.74144,25.37462],[89.74143,25.37426],[89.74103,25.37427],[89.74082,25.37355],[89.74042,25.37338],[89.74041,25.3732],[89.74061,25.3732],[89.74061,25.37302],[89.7414,25.373],[89.74139,25.37246],[89.74059,25.37229],[89.74059,25.37211],[89.74019,25.37212],[89.73998,25.37176],[89.73958,25.37177],[89.73958,25.37159],[89.73918,25.3716],[89.73898,25.37124],[89.73878,25.37124],[89.73877,25.37106],[89.73838,25.37107],[89.73837,25.37089],[89.73778,25.3709],[89.73777,25.37072],[89.73738,25.37073],[89.73737,25.37055],[89.73678,25.37056],[89.73657,25.3702],[89.73597,25.37021],[89.73578,25.37058],[89.73559,25.37058],[89.73558,25.3704],[89.73538,25.37041],[89.73537,25.36968],[89.73497,25.36969],[89.73497,25.36987],[89.73517,25.36987],[89.73519,25.37077],[89.73539,25.37077],[89.73539,25.37095],[89.73599,25.37094],[89.7362,25.37129],[89.7364,25.37129],[89.7364,25.37147],[89.7366,25.37147],[89.7366,25.37165],[89.737,25.37164],[89.73721,25.372],[89.7374,25.37199],[89.73741,25.37235],[89.73761,25.37235],[89.73762,25.37271],[89.73802,25.37288],[89.73802,25.37306],[89.73822,25.37306],[89.73823,25.37324],[89.73843,25.37324],[89.73843,25.37342],[89.73863,25.37341],[89.73863,25.37359],[89.73883,25.37359],[89.73884,25.37377],[89.73903,25.37377],[89.73904,25.37395],[89.73924,25.37394],[89.73924,25.37412],[89.73944,25.37412],[89.73944,25.3743],[89.73984,25.37429],[89.73984,25.37411],[89.74003,25.37411],[89.74004,25.37429],[89.74083,25.37427],[89.74084,25.37446],[89.74104,25.37445],[89.74104,25.37481],[89.74144,25.37462]]]}},{"type":"Feature","properties":{"kind":"land","ha":7.8},"geometry":{"type":"Polygon","coordinates":[[[89.64665,25.37365],[89.64665,25.37347],[89.64764,25.37346],[89.64783,25.37309],[89.64803,25.37309],[89.64801,25.372],[89.64761,25.37183],[89.6476,25.37147],[89.64799,25.37128],[89.64799,25.3711],[89.64839,25.3711],[89.64838,25.37092],[89.64898,25.3709],[89.64916,25.37018],[89.64936,25.37018],[89.64935,25.36963],[89.64915,25.36964],[89.64913,25.36874],[89.64833,25.36875],[89.64814,25.36911],[89.64795,25.36912],[89.64776,25.36984],[89.64756,25.36985],[89.64757,25.37021],[89.64737,25.37021],[89.64738,25.37057],[89.64718,25.37058],[89.64719,25.37094],[89.64699,25.37094],[89.647,25.3713],[89.6468,25.3713],[89.64681,25.37167],[89.64642,25.37185],[89.64642,25.37221],[89.64622,25.37222],[89.64624,25.37312],[89.64605,25.37312],[89.64606,25.37366],[89.64665,25.37365]]]}},{"type":"Feature","properties":{"kind":"land","ha":11.6},"geometry":{"type":"Polygon","coordinates":[[[89.66163,25.37699],[89.66166,25.37862],[89.66146,25.37862],[89.66151,25.3806],[89.66171,25.3806],[89.66169,25.37988],[89.66189,25.37988],[89.66186,25.37879],[89.66206,25.37879],[89.66203,25.37735],[89.66223,25.37734],[89.66222,25.37698],[89.66242,25.37698],[89.66241,25.37662],[89.66261,25.37661],[89.6626,25.37607],[89.6628,25.37607],[89.66279,25.37571],[89.66299,25.3757],[89.66298,25.37516],[89.66318,25.37516],[89.66315,25.37408],[89.66355,25.37389],[89.66373,25.37316],[89.66393,25.37316],[89.66392,25.3728],[89.66431,25.37261],[89.6643,25.37189],[89.6641,25.37189],[89.66409,25.37135],[89.66389,25.37136],[89.66388,25.37082],[89.66447,25.3708],[89.66447,25.37099],[89.66467,25.37098],[89.66468,25.37134],[89.66508,25.37134],[89.66507,25.37115],[89.66527,25.37115],[89.66526,25.37061],[89.66546,25.37061],[89.66544,25.3697],[89.66504,25.36953],[89.66503,25.36935],[89.66484,25.36935],[89.66483,25.36899],[89.66503,25.36899],[89.66502,25.36845],[89.66461,25.36828],[89.66461,25.3681],[89.66422,25.36828],[89.66423,25.36882],[89.66403,25.36883],[89.66405,25.36973],[89.66385,25.36973],[89.66386,25.36991],[89.66405,25.36991],[89.66407,25.37063],[89.66367,25.37064],[89.66367,25.37046],[89.66347,25.37046],[89.66349,25.37136],[89.6631,25.37155],[89.66292,25.37264],[89.66272,25.37264],[89.66274,25.37336],[89.66254,25.37337],[89.66255,25.37391],[89.66235,25.37391],[89.66237,25.37445],[89.66217,25.37446],[89.66218,25.375],[89.66198,25.375],[89.662,25.3759],[89.6618,25.37591],[89.66181,25.37645],[89.66201,25.37644],[89.66202,25.37663],[89.66182,25.37663],[89.66183,25.37699],[89.66163,25.37699]],[[89.66202,25.37699],[89.66203,25.37717],[89.66183,25.37717],[89.66183,25.37699],[89.66202,25.37699]],[[89.66312,25.37245],[89.66331,25.37245],[89.66332,25.37281],[89.66312,25.37281],[89.66312,25.37245]]]}},{"type":"Feature","properties":{"kind":"land","ha":3.5},"geometry":{"type":"Polygon","coordinates":[[[89.65071,25.36835],[89.6509,25.36798],[89.6511,25.36798],[89.65109,25.3678],[89.65129,25.36779],[89.65129,25.36761],[89.65149,25.36761],[89.65149,25.36779],[89.65189,25.36778],[89.65189,25.3676],[89.65208,25.3676],[89.65207,25.36688],[89.65167,25.3667],[89.65166,25.36652],[89.65127,25.36653],[89.65126,25.36635],[89.65106,25.36635],[89.65106,25.36599],[89.65066,25.36618],[89.65067,25.36636],[89.65047,25.36637],[89.65048,25.36673],[89.65028,25.36673],[89.65029,25.36727],[89.6499,25.36746],[89.6499,25.36782],[89.6497,25.36782],[89.64972,25.36836],[89.65071,25.36835]]]}},{"type":"Feature","properties":{"kind":"land","ha":5.6},"geometry":{"type":"Polygon","coordinates":[[[89.70894,25.36945],[89.70894,25.36927],[89.70913,25.36927],[89.70931,25.36818],[89.70951,25.36818],[89.70949,25.36746],[89.70969,25.36745],[89.70968,25.36691],[89.71007,25.36672],[89.71007,25.36654],[89.71066,25.36653],[89.71085,25.36617],[89.71145,25.36616],[89.71144,25.36598],[89.71164,25.36597],[89.71182,25.36489],[89.71142,25.36471],[89.71141,25.36435],[89.71101,25.36436],[89.71102,25.3649],[89.71083,25.3649],[89.71083,25.36527],[89.70984,25.36528],[89.70984,25.36546],[89.70965,25.36547],[89.70967,25.36637],[89.70927,25.36656],[89.70928,25.36674],[89.70908,25.36674],[89.70908,25.36692],[89.70888,25.36693],[89.70871,25.36801],[89.70851,25.36802],[89.70853,25.3691],[89.70834,25.3691],[89.70834,25.36946],[89.70894,25.36945]]]}},{"type":"Feature","properties":{"kind":"land","ha":5.5},"geometry":{"type":"Polygon","coordinates":[[[89.63818,25.36767],[89.63837,25.3673],[89.63857,25.3673],[89.63856,25.36712],[89.63876,25.36712],[89.63876,25.36694],[89.63896,25.36693],[89.63895,25.36675],[89.63915,25.36675],[89.63915,25.36657],[89.63895,25.36657],[89.63892,25.36531],[89.63912,25.36531],[89.63912,25.36513],[89.63951,25.36512],[89.6395,25.3644],[89.6393,25.3644],[89.6393,25.36422],[89.63949,25.36422],[89.63949,25.36404],[89.64009,25.36403],[89.64007,25.3633],[89.63987,25.36331],[89.63985,25.3624],[89.64005,25.3624],[89.64005,25.36222],[89.63965,25.36223],[89.63965,25.36241],[89.63946,25.36241],[89.63946,25.36277],[89.63907,25.36296],[89.63907,25.36314],[89.63888,25.36314],[89.63888,25.36332],[89.63868,25.36333],[89.63869,25.36369],[89.63849,25.36369],[89.6385,25.36423],[89.6389,25.36423],[89.63911,25.36458],[89.63891,25.36459],[89.63892,25.36513],[89.63813,25.36532],[89.63814,25.36568],[89.63774,25.36587],[89.63758,25.36768],[89.63818,25.36767]],[[89.63795,25.36623],[89.63815,25.36623],[89.63815,25.36641],[89.63795,25.36641],[89.63795,25.36623]]]}},{"type":"Feature","properties":{"kind":"land","ha":15.6},"geometry":{"type":"Polygon","coordinates":[[[89.67873,25.36874],[89.67872,25.36856],[89.67912,25.36855],[89.67912,25.36837],[89.68011,25.36835],[89.68011,25.36854],[89.68071,25.36852],[89.68071,25.36834],[89.6811,25.36834],[89.68129,25.36797],[89.68149,25.36797],[89.68149,25.36779],[89.68189,25.36778],[89.68188,25.3676],[89.68208,25.3676],[89.68207,25.36724],[89.68247,25.36705],[89.68244,25.36597],[89.68264,25.36596],[89.68263,25.3656],[89.68243,25.36561],[89.68243,25.36524],[89.68223,25.36525],[89.68222,25.36507],[89.68301,25.36487],[89.68301,25.36451],[89.6832,25.36451],[89.68319,25.36397],[89.6828,25.36397],[89.6828,25.36415],[89.68181,25.36417],[89.68181,25.36435],[89.68161,25.36436],[89.68162,25.36472],[89.68142,25.36472],[89.68144,25.36544],[89.68124,25.36545],[89.68125,25.36581],[89.68085,25.366],[89.68086,25.36618],[89.68046,25.36618],[89.68045,25.36564],[89.68084,25.36545],[89.68083,25.36509],[89.68103,25.36509],[89.68102,25.36455],[89.68082,25.36455],[89.6808,25.36365],[89.6814,25.36364],[89.68159,25.36327],[89.68179,25.36327],[89.68178,25.36309],[89.68198,25.36309],[89.68198,25.36327],[89.68238,25.36326],[89.68238,25.36308],[89.68258,25.36308],[89.68257,25.36272],[89.68277,25.36271],[89.68275,25.36181],[89.68255,25.36181],[89.68254,25.36127],[89.68234,25.36128],[89.68235,25.36182],[89.68215,25.36182],[89.68216,25.36218],[89.68196,25.36218],[89.68197,25.36237],[89.68157,25.36237],[89.68157,25.36255],[89.68137,25.36256],[89.68138,25.36292],[89.68099,25.3631],[89.68099,25.36329],[89.68079,25.36329],[89.6808,25.36347],[89.6806,25.36347],[89.68062,25.36437],[89.68042,25.36438],[89.68043,25.36474],[89.68023,25.36474],[89.68024,25.3651],[89.68004,25.36511],[89.68005,25.36565],[89.67985,25.36565],[89.67986,25.36601],[89.67907,25.36603],[89.67907,25.36621],[89.67927,25.3662],[89.67928,25.36675],[89.67889,25.36693],[89.67889,25.36711],[89.67869,25.36712],[89.6787,25.3673],[89.6785,25.3673],[89.6785,25.36748],[89.6783,25.36749],[89.67831,25.36767],[89.67811,25.36767],[89.67812,25.36821],[89.67773,25.3684],[89.67773,25.36858],[89.67813,25.36857],[89.67813,25.36875],[89.67873,25.36874]]]}},{"type":"Feature","properties":{"kind":"land","ha":10.2},"geometry":{"type":"Polygon","coordinates":[[[89.7243,25.36357],[89.72429,25.36303],[89.72409,25.36303],[89.72408,25.36267],[89.72389,25.36268],[89.72387,25.36214],[89.72348,25.36214],[89.72347,25.36196],[89.72327,25.36197],[89.72327,25.36161],[89.72267,25.36162],[89.72248,25.36198],[89.72149,25.362],[89.72148,25.36182],[89.72128,25.36182],[89.72127,25.36128],[89.72088,25.36147],[89.72088,25.36129],[89.72028,25.3613],[89.72028,25.36112],[89.71988,25.36113],[89.72007,25.36076],[89.71987,25.36077],[89.71987,25.36059],[89.71887,25.3606],[89.71888,25.36097],[89.71868,25.36097],[89.71869,25.36115],[89.7175,25.36117],[89.71749,25.36099],[89.71709,25.361],[89.71709,25.36082],[89.71669,25.36083],[89.7167,25.36101],[89.7165,25.36101],[89.71651,25.36155],[89.71671,25.36155],[89.71672,25.36191],[89.71731,25.3619],[89.71731,25.36172],[89.71751,25.36171],[89.71751,25.36189],[89.71771,25.36189],[89.71772,25.36225],[89.71752,25.36225],[89.71752,25.36243],[89.71713,25.36244],[89.71714,25.36298],[89.71754,25.36298],[89.71773,25.36261],[89.71852,25.36242],[89.71851,25.36224],[89.71951,25.36222],[89.71951,25.3624],[89.71991,25.36239],[89.7199,25.36221],[89.72109,25.36219],[89.7211,25.36237],[89.72149,25.36236],[89.7215,25.36254],[89.7219,25.36253],[89.7219,25.36271],[89.7223,25.36271],[89.7225,25.36306],[89.7229,25.36306],[89.72311,25.36341],[89.72331,25.36341],[89.72331,25.36359],[89.7243,25.36357]]]}},{"type":"Feature","properties":{"kind":"land","ha":9.9},"geometry":{"type":"Polygon","coordinates":[[[89.66716,25.36642],[89.66734,25.3657],[89.66754,25.3657],[89.66753,25.36533],[89.66792,25.36515],[89.66792,25.36497],[89.66832,25.36496],[89.66851,25.3646],[89.6689,25.36459],[89.6689,25.36441],[89.6691,25.3644],[89.66909,25.36404],[89.66929,25.36404],[89.66926,25.36278],[89.66946,25.36277],[89.66945,25.36223],[89.66965,25.36223],[89.66963,25.36151],[89.66983,25.3615],[89.66962,25.36115],[89.66923,25.36115],[89.66923,25.36133],[89.66863,25.36134],[89.66844,25.36171],[89.66824,25.36171],[89.66825,25.36189],[89.66805,25.3619],[89.66804,25.36135],[89.66764,25.36118],[89.66765,25.36172],[89.66745,25.36173],[89.66745,25.36191],[89.66686,25.36192],[89.66686,25.3621],[89.66666,25.3621],[89.66667,25.36228],[89.66726,25.36227],[89.66728,25.36299],[89.66708,25.363],[89.66709,25.36336],[89.66689,25.36336],[89.66689,25.36354],[89.66749,25.36353],[89.66767,25.36281],[89.66787,25.3628],[89.66766,25.36244],[89.66786,25.36244],[89.66785,25.36208],[89.66825,25.36207],[89.66826,25.36225],[89.66845,25.36225],[89.66847,25.36279],[89.66807,25.36298],[89.66809,25.3637],[89.66789,25.3637],[89.6679,25.36425],[89.6677,25.36425],[89.66771,25.36443],[89.66691,25.36444],[89.66692,25.36462],[89.66632,25.36463],[89.66633,25.36482],[89.66613,25.36482],[89.66614,25.36518],[89.66574,25.36537],[89.66575,25.36573],[89.66515,25.36574],[89.66516,25.36592],[89.66556,25.36591],[89.66556,25.36609],[89.66576,25.36609],[89.66576,25.36627],[89.66616,25.36626],[89.66637,25.36662],[89.66716,25.36642]]]}},{"type":"Feature","properties":{"kind":"land","ha":38.4},"geometry":{"type":"Polygon","coordinates":[[[89.67638,25.37023],[89.67637,25.37005],[89.67677,25.37004],[89.67696,25.36968],[89.67716,25.36967],[89.67716,25.36949],[89.67735,25.36949],[89.67735,25.36931],[89.67755,25.3693],[89.67754,25.36894],[89.67714,25.36895],[89.67713,25.36841],[89.67693,25.36841],[89.67694,25.36859],[89.67634,25.3686],[89.67634,25.36842],[89.67594,25.36843],[89.67594,25.36825],[89.67574,25.36825],[89.67572,25.36735],[89.67552,25.36736],[89.67551,25.36681],[89.67531,25.36682],[89.6753,25.36646],[89.6751,25.36646],[89.67509,25.3661],[89.6749,25.3661],[89.67489,25.36574],[89.67469,25.36575],[89.67468,25.36539],[89.67448,25.36539],[89.67447,25.36467],[89.67427,25.36467],[89.67423,25.36305],[89.67403,25.36305],[89.67401,25.36179],[89.67381,25.36179],[89.67379,25.36089],[89.67359,25.36089],[89.67361,25.36198],[89.67341,25.36198],[89.67343,25.36252],[89.67323,25.36252],[89.67306,25.36397],[89.67286,25.36397],[89.6729,25.36578],[89.6727,25.36578],[89.67272,25.3665],[89.67252,25.36651],[89.67254,25.36723],[89.67234,25.36723],[89.67236,25.36814],[89.67216,25.36814],[89.67219,25.3694],[89.67239,25.3694],[89.67239,25.36976],[89.67259,25.36976],[89.6726,25.37012],[89.6728,25.37011],[89.67281,25.37065],[89.67321,25.37083],[89.67322,25.37119],[89.67342,25.37118],[89.67343,25.37173],[89.67383,25.3719],[89.67384,25.37226],[89.67344,25.37227],[89.67344,25.37209],[89.67324,25.37209],[89.67323,25.37155],[89.67283,25.37156],[89.67262,25.3712],[89.67243,25.3712],[89.67242,25.37102],[89.67222,25.37103],[89.67222,25.37084],[89.67202,25.37085],[89.67202,25.37067],[89.67182,25.37067],[89.67181,25.37049],[89.67162,25.37049],[89.67161,25.37031],[89.67122,25.3705],[89.67123,25.37086],[89.67103,25.37087],[89.67104,25.37141],[89.67124,25.3714],[89.67125,25.37176],[89.67144,25.37176],[89.67145,25.37212],[89.67185,25.3723],[89.67187,25.37302],[89.67207,25.37301],[89.67217,25.3777],[89.67257,25.3777],[89.67258,25.37806],[89.67297,25.37805],[89.67295,25.37715],[89.67315,25.37714],[89.67313,25.37606],[89.67333,25.37606],[89.6733,25.37498],[89.6737,25.37479],[89.67368,25.37389],[89.67388,25.37388],[89.67387,25.37352],[89.67407,25.37352],[89.67406,25.37316],[89.67426,25.37315],[89.67425,25.37279],[89.67445,25.37279],[89.67444,25.37243],[89.67464,25.37243],[89.67463,25.37188],[89.67482,25.37188],[89.67482,25.37152],[89.67502,25.37152],[89.67501,25.37116],[89.6754,25.37097],[89.67538,25.37025],[89.67638,25.37023]],[[89.67519,25.37025],[89.67518,25.37007],[89.67538,25.37007],[89.67538,25.37025],[89.67519,25.37025]],[[89.67273,25.37607],[89.67293,25.37607],[89.67293,25.37625],[89.67274,25.37625],[89.67273,25.37607]],[[89.67291,25.37516],[89.67311,25.37516],[89.67311,25.37534],[89.67291,25.37534],[89.67291,25.37516]],[[89.67457,25.36936],[89.67437,25.36936],[89.67436,25.369],[89.67396,25.36883],[89.67396,25.36865],[89.67376,25.36865],[89.67375,25.36811],[89.67395,25.36811],[89.67394,25.36793],[89.67434,25.3681],[89.67435,25.36846],[89.67455,25.36846],[89.67456,25.369],[89.67496,25.36917],[89.67497,25.36953],[89.67457,25.36954],[89.67457,25.36936]],[[89.67654,25.36878],[89.67674,25.36878],[89.67675,25.36896],[89.67655,25.36896],[89.67654,25.36878]],[[89.67471,25.36665],[89.67491,25.36664],[89.67491,25.36683],[89.67471,25.36683],[89.67471,25.36665]],[[89.6745,25.36629],[89.6747,25.36629],[89.67471,25.36647],[89.67451,25.36647],[89.6745,25.36629]],[[89.6737,25.36576],[89.6735,25.36577],[89.67349,25.36523],[89.67389,25.3654],[89.67389,25.36558],[89.67409,25.36558],[89.6739,25.36594],[89.6737,25.36594],[89.6737,25.36576]]]}},{"type":"Feature","properties":{"kind":"land","ha":5.8},"geometry":{"type":"Polygon","coordinates":[[[89.72447,25.36213],[89.72446,25.36176],[89.72486,25.36176],[89.72485,25.36158],[89.72545,25.36157],[89.72544,25.36121],[89.72504,25.36103],[89.72504,25.36085],[89.72484,25.36086],[89.72483,25.36067],[89.72464,25.36068],[89.72463,25.3605],[89.72443,25.3605],[89.72443,25.36032],[89.72423,25.36033],[89.72423,25.36014],[89.72383,25.36015],[89.72383,25.35997],[89.72323,25.35998],[89.72323,25.3598],[89.72203,25.35982],[89.72183,25.35947],[89.72083,25.35949],[89.72084,25.35967],[89.72044,25.35967],[89.72066,25.36039],[89.72106,25.36056],[89.72106,25.36074],[89.72126,25.36074],[89.72127,25.3611],[89.72226,25.36108],[89.72225,25.36054],[89.72185,25.36055],[89.72185,25.36037],[89.72165,25.36037],[89.72164,25.36001],[89.72204,25.36],[89.72205,25.36037],[89.72244,25.36036],[89.72245,25.36054],[89.72304,25.36053],[89.72325,25.36088],[89.72345,25.36088],[89.72345,25.36106],[89.72365,25.36106],[89.72366,25.36142],[89.72406,25.36159],[89.72407,25.36213],[89.72447,25.36213]]]}},{"type":"Feature","properties":{"kind":"land","ha":7.3},"geometry":{"type":"Polygon","coordinates":[[[89.64404,25.36305],[89.64403,25.36287],[89.64423,25.36287],[89.64423,25.36251],[89.64462,25.36232],[89.64461,25.36196],[89.64501,25.36195],[89.64521,25.36231],[89.64561,25.36212],[89.64579,25.3614],[89.64599,25.36139],[89.64597,25.36049],[89.64577,25.36049],[89.64574,25.35905],[89.64514,25.35906],[89.64495,25.35943],[89.64475,25.35943],[89.64476,25.35961],[89.64456,25.35961],[89.64457,25.35997],[89.64417,25.36016],[89.64418,25.36034],[89.64378,25.36035],[89.64378,25.36053],[89.64339,25.36054],[89.64339,25.36072],[89.64319,25.36072],[89.64342,25.3618],[89.64361,25.3618],[89.64362,25.36198],[89.64342,25.36198],[89.64344,25.36306],[89.64404,25.36305]]]}},{"type":"Feature","properties":{"kind":"land","ha":5.7},"geometry":{"type":"Polygon","coordinates":[[[89.71617,25.35524],[89.71617,25.35506],[89.71697,25.35523],[89.71696,25.35504],[89.71736,25.35504],[89.71735,25.35486],[89.71775,25.35485],[89.71776,25.35503],[89.71835,25.35502],[89.71835,25.35484],[89.71855,25.35484],[89.71854,25.35447],[89.71754,25.35449],[89.71734,25.35414],[89.71714,25.35414],[89.71714,25.35396],[89.71694,25.35396],[89.71693,25.35378],[89.71673,25.35379],[89.71673,25.35361],[89.71653,25.35361],[89.71653,25.35343],[89.71613,25.35344],[89.71592,25.35308],[89.71573,25.35308],[89.71572,25.3529],[89.71552,25.35291],[89.71552,25.35273],[89.71512,25.35273],[89.71512,25.35255],[89.71492,25.35256],[89.71473,25.35292],[89.71413,25.35293],[89.71414,25.35311],[89.71454,25.35328],[89.71475,25.354],[89.71495,25.354],[89.71496,25.35436],[89.71536,25.35453],[89.71536,25.35471],[89.71556,25.35471],[89.71557,25.35489],[89.71577,25.35489],[89.71578,25.35543],[89.71617,25.35524]]]}},{"type":"Feature","properties":{"kind":"land","ha":4.1},"geometry":{"type":"Polygon","coordinates":[[[89.64512,25.35816],[89.64531,25.35743],[89.64551,25.35743],[89.6455,25.35707],[89.6457,25.35707],[89.64568,25.35652],[89.64588,25.35652],[89.64587,25.3558],[89.64607,25.3558],[89.64604,25.35471],[89.64624,25.35471],[89.64623,25.35435],[89.64643,25.35435],[89.64661,25.35326],[89.64621,25.35327],[89.64602,25.35363],[89.64582,25.35363],[89.64582,25.35381],[89.64563,25.35382],[89.64564,25.35436],[89.64544,25.35436],[89.64545,25.35508],[89.64526,25.35509],[89.64527,25.35563],[89.64507,25.35563],[89.64508,25.35635],[89.64469,25.35654],[89.64473,25.35835],[89.64512,25.35816]]]}},{"type":"Feature","properties":{"kind":"land","ha":3.6},"geometry":{"type":"Polygon","coordinates":[[[89.67322,25.35332],[89.67321,25.35278],[89.67301,25.35278],[89.67301,25.35242],[89.67281,25.35242],[89.6728,25.35224],[89.6726,25.35225],[89.67259,25.35153],[89.67219,25.35135],[89.67197,25.35063],[89.67117,25.35029],[89.67118,25.35047],[89.67098,25.35047],[89.67099,25.35101],[89.67119,25.35101],[89.6712,25.35137],[89.67139,25.35137],[89.67141,25.35191],[89.6716,25.3519],[89.67163,25.35299],[89.67183,25.35298],[89.67183,25.35316],[89.67243,25.35315],[89.67243,25.35333],[89.67322,25.35332]],[[89.67201,25.35244],[89.67221,25.35244],[89.67222,25.3528],[89.67202,25.3528],[89.67201,25.35244]]]}},{"type":"Feature","properties":{"kind":"land","ha":16.9},"geometry":{"type":"Polygon","coordinates":[[[89.68868,25.36062],[89.68862,25.35809],[89.68882,25.35809],[89.68876,25.35502],[89.68856,25.35503],[89.68853,25.35376],[89.68833,25.35377],[89.68831,25.35286],[89.68811,25.35287],[89.6881,25.35233],[89.6879,25.35233],[89.68792,25.35305],[89.68772,25.35306],[89.68771,25.35269],[89.68751,25.3527],[89.6875,25.35198],[89.6873,25.35198],[89.68729,25.35144],[89.68709,25.35144],[89.68707,25.35054],[89.68727,25.35054],[89.68725,25.35],[89.68745,25.34999],[89.68744,25.34963],[89.68725,25.34963],[89.68724,25.34945],[89.68684,25.34946],[89.68685,25.34964],[89.68665,25.34965],[89.68665,25.34983],[89.68685,25.34982],[89.68686,25.35018],[89.68666,25.35019],[89.68668,25.35091],[89.68648,25.35091],[89.68649,25.35127],[89.68629,25.35128],[89.6863,25.35164],[89.6861,25.35164],[89.68612,25.35272],[89.68632,25.35272],[89.68633,25.35326],[89.68653,25.35326],[89.68655,25.35398],[89.68635,25.35398],[89.68634,25.35362],[89.68614,25.35363],[89.68614,25.35345],[89.68574,25.35345],[89.68595,25.35381],[89.68575,25.35381],[89.68575,25.35399],[89.68536,25.354],[89.68536,25.35436],[89.68517,25.35437],[89.6852,25.35581],[89.68579,25.3558],[89.686,25.35615],[89.6862,25.35615],[89.68618,25.35543],[89.68698,25.35542],[89.68717,25.35505],[89.68737,25.35505],[89.68735,25.35451],[89.68775,25.3545],[89.68776,25.35486],[89.68796,25.35486],[89.68797,25.35558],[89.68817,25.35557],[89.68818,25.35612],[89.68798,25.35612],[89.688,25.35684],[89.68761,25.35703],[89.68762,25.35739],[89.68742,25.35739],[89.68743,25.35793],[89.68763,25.35793],[89.68768,25.36028],[89.68808,25.36045],[89.68808,25.36063],[89.68868,25.36062]]]}},{"type":"Feature","properties":{"kind":"land","ha":7.9},"geometry":{"type":"Polygon","coordinates":[[[89.64771,25.34909],[89.6479,25.34872],[89.6481,25.34872],[89.64809,25.34854],[89.64829,25.34854],[89.64829,25.34836],[89.64849,25.34835],[89.64848,25.34817],[89.64868,25.34817],[89.64866,25.34745],[89.64886,25.34744],[89.64886,25.34708],[89.64905,25.34708],[89.64902,25.34545],[89.64922,25.34545],[89.6492,25.34455],[89.6488,25.34474],[89.64881,25.34492],[89.64861,25.34492],[89.64861,25.3451],[89.64841,25.3451],[89.64841,25.34492],[89.64821,25.34493],[89.6482,25.34457],[89.64781,25.34457],[89.64762,25.34494],[89.64742,25.34494],[89.64744,25.34584],[89.64704,25.34603],[89.64705,25.34621],[89.64685,25.34622],[89.64685,25.3464],[89.64646,25.3464],[89.64646,25.34658],[89.64626,25.34659],[89.64627,25.34713],[89.64647,25.34712],[89.64647,25.34694],[89.64706,25.34693],[89.64708,25.34747],[89.64727,25.34747],[89.64731,25.3491],[89.64771,25.34909]]]}},{"type":"Feature","properties":{"kind":"land","ha":43.6},"geometry":{"type":"Polygon","coordinates":[[[89.70335,25.36811],[89.70334,25.36793],[89.70414,25.36792],[89.70433,25.36755],[89.70453,25.36755],[89.70452,25.36719],[89.70472,25.36718],[89.7047,25.36646],[89.7043,25.36629],[89.7043,25.36611],[89.7039,25.36611],[89.70391,25.36648],[89.70351,25.36666],[89.70352,25.36684],[89.70292,25.36685],[89.70272,25.3665],[89.70252,25.3665],[89.70251,25.36632],[89.70231,25.36632],[89.70231,25.36614],[89.70191,25.36615],[89.70191,25.36597],[89.70171,25.36597],[89.7015,25.36526],[89.7011,25.36508],[89.70109,25.3649],[89.70089,25.36491],[89.70089,25.36473],[89.70069,25.36473],[89.70068,25.36437],[89.70048,25.36437],[89.70048,25.36419],[89.69988,25.3642],[89.69988,25.36384],[89.70027,25.36365],[89.70027,25.36347],[89.70007,25.36348],[89.70006,25.36312],[89.69986,25.36312],[89.69984,25.36204],[89.69924,25.36205],[89.69923,25.36169],[89.69903,25.36169],[89.69941,25.36096],[89.69922,25.36097],[89.6992,25.36024],[89.699,25.36025],[89.69898,25.35935],[89.69878,25.35935],[89.69877,25.35881],[89.69857,25.35881],[89.69856,25.35827],[89.69836,25.35828],[89.69835,25.35755],[89.69815,25.35756],[89.69814,25.3572],[89.69794,25.3572],[89.69793,25.35684],[89.69813,25.35684],[89.69811,25.35593],[89.69831,25.35593],[89.6983,25.35539],[89.6985,25.35538],[89.69849,25.35502],[89.69869,25.35502],[89.69866,25.35376],[89.69886,25.35375],[89.69884,25.35285],[89.69943,25.35284],[89.69943,25.35266],[89.69963,25.35266],[89.69963,25.35284],[89.70003,25.35283],[89.70006,25.35409],[89.70026,25.35409],[89.70026,25.35445],[89.70066,25.35462],[89.70067,25.35498],[89.70127,25.35497],[89.70126,25.35479],[89.70146,25.35479],[89.70126,25.35443],[89.70086,25.35444],[89.70085,25.35426],[89.70066,25.35426],[89.70044,25.35354],[89.70024,25.35355],[89.70023,25.35319],[89.70043,25.35318],[89.70043,25.353],[89.70083,25.353],[89.70081,25.35245],[89.70062,25.35246],[89.7006,25.35156],[89.7004,25.35156],[89.70038,25.35066],[89.70058,25.35065],[89.70056,25.34993],[89.70016,25.34994],[89.70017,25.35012],[89.69997,25.35012],[89.69998,25.35066],[89.69959,25.35085],[89.69959,25.35103],[89.69939,25.35104],[89.6994,25.35158],[89.69921,25.35158],[89.6992,25.3514],[89.699,25.3514],[89.69898,25.3505],[89.69918,25.3505],[89.69917,25.34996],[89.69897,25.34996],[89.69895,25.34906],[89.69855,25.34889],[89.69855,25.34871],[89.69835,25.34871],[89.69834,25.34853],[89.69795,25.34854],[89.69794,25.34836],[89.69774,25.34836],[89.69775,25.34872],[89.69795,25.34872],[89.69796,25.34926],[89.69776,25.34926],[89.69777,25.34944],[89.69737,25.34945],[89.69738,25.34981],[89.69758,25.34981],[89.69759,25.35035],[89.69779,25.35034],[89.69779,25.35052],[89.69819,25.35052],[89.69819,25.3507],[89.69839,25.35069],[89.69821,25.35142],[89.69861,25.35159],[89.69861,25.35177],[89.69881,25.35177],[89.69882,25.35213],[89.69902,25.35213],[89.69903,25.35267],[89.69863,25.35267],[89.69863,25.35249],[89.69843,25.3525],[89.69842,25.35214],[89.69823,25.35214],[89.69822,25.35178],[89.69782,25.35179],[89.69761,25.35143],[89.69742,25.35143],[89.69741,25.35125],[89.69721,25.35126],[89.69721,25.35108],[89.69701,25.35108],[89.69701,25.3509],[89.69681,25.3509],[89.6968,25.35072],[89.69661,25.35073],[89.6966,25.35055],[89.6964,25.35055],[89.6964,25.35037],[89.6962,25.35037],[89.69599,25.34966],[89.69618,25.34965],[89.69618,25.34929],[89.69598,25.34929],[89.69597,25.34893],[89.69577,25.34894],[89.69577,25.34876],[89.69597,25.34875],[89.69596,25.34839],[89.69616,25.34839],[89.69614,25.34785],[89.69595,25.34785],[89.69594,25.34749],[89.69574,25.34749],[89.69569,25.34551],[89.69609,25.34532],[89.69608,25.34514],[89.69648,25.34513],[89.69645,25.34387],[89.69606,25.34388],[89.69585,25.34352],[89.69545,25.34353],[89.69545,25.34335],[89.69525,25.34335],[89.69533,25.34714],[89.69553,25.34714],[89.69554,25.34732],[89.69534,25.34732],[89.69537,25.34858],[89.69517,25.34859],[89.69518,25.34895],[89.69498,25.34895],[89.69498,25.34931],[89.69518,25.34931],[89.6952,25.35003],[89.6954,25.35003],[89.69541,25.35039],[89.69581,25.35056],[89.69585,25.35255],[89.69605,25.35254],[89.69607,25.35362],[89.69627,25.35362],[89.69628,25.35416],[89.69648,25.35416],[89.69649,25.35452],[89.69669,25.35452],[89.69691,25.35559],[89.69711,25.35559],[89.69712,25.35613],[89.69732,25.35613],[89.69733,25.35667],[89.69753,25.35667],[89.69754,25.35721],[89.69774,25.3572],[89.69777,25.35847],[89.69757,25.35847],[89.69762,25.36063],[89.69782,25.36063],[89.69783,25.36117],[89.69803,25.36117],[89.69804,25.36171],[89.69824,25.36171],[89.69825,25.36207],[89.69845,25.36206],[89.69846,25.3626],[89.69866,25.3626],[89.69866,25.36296],[89.69886,25.36296],[89.69887,25.36332],[89.69907,25.36332],[89.69908,25.36368],[89.69928,25.36367],[89.69928,25.36403],[89.69948,25.36403],[89.69949,25.36457],[89.69969,25.36457],[89.6997,25.36493],[89.6999,25.36492],[89.6999,25.36511],[89.7001,25.3651],[89.70011,25.36546],[89.70031,25.36546],[89.70033,25.36618],[89.70072,25.36617],[89.70093,25.36653],[89.70133,25.36652],[89.70133,25.3667],[89.70173,25.3667],[89.70173,25.36688],[89.70193,25.36687],[89.70194,25.36723],[89.70214,25.36723],[89.70214,25.36759],[89.70255,25.36776],[89.70255,25.36794],[89.70275,25.36794],[89.70275,25.36812],[89.70335,25.36811]]]}},{"type":"Feature","properties":{"kind":"land","ha":4.6},"geometry":{"type":"Polygon","coordinates":[[[89.64114,25.3483],[89.64112,25.34758],[89.64092,25.34759],[89.64091,25.34722],[89.64071,25.34723],[89.64071,25.34687],[89.6411,25.34668],[89.6411,25.3465],[89.64149,25.34649],[89.64149,25.34631],[89.64169,25.34631],[89.64168,25.34595],[89.64128,25.34577],[89.64147,25.34541],[89.64127,25.34541],[89.64126,25.34487],[89.64106,25.34488],[89.64105,25.34433],[89.64045,25.34434],[89.64046,25.34453],[89.64026,25.34453],[89.64026,25.34471],[89.64046,25.34471],[89.64047,25.34507],[89.64067,25.34506],[89.64068,25.3456],[89.64048,25.34561],[89.64049,25.34615],[89.64029,25.34615],[89.6403,25.34651],[89.63971,25.34652],[89.6397,25.34634],[89.6395,25.34635],[89.63954,25.34779],[89.63993,25.34778],[89.63994,25.34814],[89.64073,25.34813],[89.64074,25.34831],[89.64114,25.3483]]]}},{"type":"Feature","properties":{"kind":"land","ha":9.6},"geometry":{"type":"Polygon","coordinates":[[[89.71945,25.35103],[89.71945,25.35085],[89.71965,25.35084],[89.71963,25.35012],[89.71983,25.35012],[89.7198,25.34886],[89.72,25.34885],[89.71998,25.34795],[89.72018,25.34795],[89.72014,25.34614],[89.72034,25.34614],[89.72032,25.34542],[89.72052,25.34541],[89.72051,25.34505],[89.7209,25.34487],[89.7209,25.34468],[89.7211,25.34468],[89.72109,25.34432],[89.72089,25.34432],[89.72088,25.34378],[89.72128,25.34396],[89.72129,25.34414],[89.72148,25.34413],[89.72148,25.34377],[89.72187,25.34358],[89.72186,25.3434],[89.72206,25.3434],[89.72204,25.3425],[89.72224,25.34249],[89.72223,25.34213],[89.72243,25.34213],[89.72241,25.34123],[89.72202,25.34142],[89.72203,25.34178],[89.72183,25.34178],[89.72183,25.34196],[89.72163,25.34196],[89.72164,25.34232],[89.72125,25.34251],[89.72126,25.34305],[89.72146,25.34305],[89.72146,25.34323],[89.72107,25.34342],[89.72107,25.3436],[89.72088,25.3436],[89.72087,25.34342],[89.72048,25.34343],[89.72048,25.34361],[89.72028,25.34361],[89.72029,25.34397],[89.7199,25.34416],[89.7199,25.34452],[89.71951,25.34471],[89.71951,25.34489],[89.71932,25.34489],[89.71933,25.34544],[89.71913,25.34544],[89.71921,25.34887],[89.71901,25.34887],[89.71903,25.34995],[89.71923,25.34995],[89.71924,25.35049],[89.71884,25.35032],[89.71906,25.35104],[89.71945,25.35103]]]}},{"type":"Feature","properties":{"kind":"land","ha":14.1},"geometry":{"type":"Polygon","coordinates":[[[89.70332,25.3488],[89.7033,25.34826],[89.7031,25.34826],[89.7031,25.3479],[89.7029,25.3479],[89.70289,25.34772],[89.7027,25.34773],[89.70248,25.34701],[89.70208,25.34684],[89.70208,25.34666],[89.70188,25.34666],[89.70166,25.34594],[89.70126,25.34577],[89.70125,25.34541],[89.70085,25.34523],[89.70085,25.34505],[89.70065,25.34506],[89.70065,25.34488],[89.70045,25.34488],[89.70044,25.3447],[89.70025,25.3447],[89.70024,25.34452],[89.70004,25.34453],[89.70004,25.34435],[89.69984,25.34435],[89.69983,25.34399],[89.69943,25.34382],[89.69943,25.34364],[89.69923,25.34364],[89.69922,25.34346],[89.69903,25.34346],[89.69902,25.3431],[89.69862,25.34293],[89.69861,25.34275],[89.69841,25.34275],[89.69841,25.34239],[89.69801,25.34222],[89.698,25.34204],[89.6978,25.34204],[89.6978,25.34186],[89.6976,25.34186],[89.69759,25.3415],[89.69719,25.34133],[89.69719,25.34115],[89.69699,25.34115],[89.69698,25.34097],[89.69679,25.34098],[89.69677,25.34044],[89.69658,25.34044],[89.69657,25.34026],[89.69598,25.34027],[89.69598,25.34063],[89.69638,25.3408],[89.69639,25.34098],[89.69659,25.34098],[89.69659,25.34116],[89.69679,25.34116],[89.6968,25.34152],[89.6972,25.34151],[89.6972,25.34169],[89.6974,25.34169],[89.69741,25.34241],[89.69702,25.34242],[89.69701,25.34224],[89.69681,25.34224],[89.69681,25.34188],[89.6964,25.34171],[89.69662,25.34242],[89.69702,25.3426],[89.69724,25.34332],[89.69743,25.34331],[89.69744,25.34367],[89.69764,25.34367],[89.69764,25.34385],[89.69725,25.34386],[89.69724,25.3435],[89.69684,25.3435],[89.69685,25.34368],[89.69665,25.34369],[89.69665,25.34387],[89.69685,25.34386],[89.69686,25.34441],[89.69706,25.3444],[89.69706,25.34458],[89.69746,25.34457],[89.69767,25.34493],[89.69787,25.34493],[89.69786,25.34475],[89.69826,25.34474],[89.69826,25.34456],[89.69885,25.34455],[89.69886,25.34473],[89.69866,25.34473],[89.69867,25.34545],[89.69887,25.34545],[89.69888,25.34581],[89.69928,25.34599],[89.69928,25.34617],[89.69948,25.34616],[89.69949,25.34634],[89.69988,25.34634],[89.70009,25.34669],[89.70029,25.34669],[89.70029,25.34687],[89.70049,25.34687],[89.7005,25.34705],[89.70069,25.34704],[89.7007,25.34722],[89.70149,25.34721],[89.70149,25.34703],[89.70169,25.34702],[89.70169,25.3472],[89.70189,25.3472],[89.70191,25.34792],[89.7023,25.34792],[89.70251,25.34827],[89.70271,25.34827],[89.70272,25.34863],[89.70291,25.34863],[89.70292,25.34881],[89.70332,25.3488]],[[89.69843,25.34329],[89.69883,25.34347],[89.69883,25.34365],[89.69843,25.34365],[89.69843,25.34329]]]}},{"type":"Feature","properties":{"kind":"land","ha":38.2},"geometry":{"type":"Polygon","coordinates":[[[89.67553,25.34967],[89.67552,25.34949],[89.67592,25.34948],[89.67611,25.34912],[89.67651,25.34911],[89.6765,25.34893],[89.6767,25.34892],[89.67669,25.34856],[89.67709,25.34838],[89.67708,25.3482],[89.67787,25.348],[89.67806,25.34728],[89.67845,25.34709],[89.67845,25.34691],[89.67864,25.3469],[89.67864,25.34672],[89.67884,25.34672],[89.67884,25.34654],[89.67923,25.34653],[89.67942,25.34617],[89.67962,25.34616],[89.67962,25.34598],[89.67982,25.34598],[89.67981,25.34562],[89.6802,25.34543],[89.6802,25.34525],[89.6804,25.34525],[89.68039,25.34507],[89.68059,25.34506],[89.68058,25.3447],[89.68098,25.34451],[89.68097,25.34433],[89.68117,25.34433],[89.68117,25.34415],[89.68136,25.34415],[89.68116,25.34379],[89.68096,25.34379],[89.68096,25.34361],[89.68076,25.34362],[89.68075,25.34344],[89.67996,25.34345],[89.67995,25.34291],[89.67975,25.34291],[89.67974,25.34255],[89.67994,25.34255],[89.67993,25.34237],[89.68072,25.34217],[89.68072,25.34181],[89.68032,25.34164],[89.68031,25.34146],[89.68011,25.34146],[89.68011,25.34128],[89.67991,25.34129],[89.67991,25.34111],[89.67971,25.34111],[89.6797,25.34093],[89.67951,25.34093],[89.6795,25.34057],[89.6793,25.34057],[89.6793,25.34039],[89.6787,25.34041],[89.67851,25.34077],[89.67772,25.34078],[89.67771,25.3406],[89.67731,25.34061],[89.67731,25.34043],[89.67711,25.34043],[89.67709,25.33953],[89.6767,25.33972],[89.67672,25.34062],[89.67692,25.34062],[89.67693,25.34098],[89.67653,25.34099],[89.67653,25.34117],[89.67633,25.34117],[89.67635,25.34171],[89.67654,25.34171],[89.67655,25.34207],[89.67695,25.34224],[89.67696,25.34242],[89.67716,25.34242],[89.67717,25.34296],[89.67697,25.34296],[89.67698,25.34332],[89.67678,25.34333],[89.67679,25.34387],[89.67659,25.34387],[89.6766,25.34405],[89.6762,25.34406],[89.67619,25.34388],[89.6758,25.34389],[89.67579,25.34371],[89.6754,25.34371],[89.6754,25.34389],[89.6752,25.3439],[89.6752,25.34372],[89.6748,25.34372],[89.67461,25.34409],[89.67441,25.34409],[89.67442,25.34427],[89.67422,25.34428],[89.67422,25.34464],[89.67403,25.34464],[89.67403,25.34482],[89.67363,25.34483],[89.67343,25.34447],[89.67323,25.34448],[89.67322,25.34429],[89.67243,25.34431],[89.67245,25.34503],[89.67264,25.34503],[89.67265,25.34521],[89.67305,25.3452],[89.67325,25.34556],[89.67345,25.34555],[89.67345,25.34573],[89.67365,25.34573],[89.67366,25.34591],[89.67386,25.34591],[89.67386,25.34627],[89.67426,25.34644],[89.67448,25.34716],[89.67468,25.34716],[89.67469,25.34752],[89.67488,25.34751],[89.67511,25.34859],[89.67531,25.34859],[89.67533,25.34967],[89.67553,25.34967]],[[89.67565,25.34642],[89.67546,25.34642],[89.67543,25.34534],[89.67603,25.34533],[89.67623,25.34568],[89.67643,25.34568],[89.67644,25.34586],[89.67624,25.34586],[89.67625,25.34641],[89.67605,25.34641],[89.67606,25.34659],[89.67566,25.3466],[89.67565,25.34642]],[[89.67819,25.3442],[89.67799,25.34421],[89.67797,25.34331],[89.67777,25.34331],[89.67776,25.34277],[89.67796,25.34276],[89.67795,25.3424],[89.67834,25.34222],[89.67834,25.34204],[89.67854,25.34203],[89.67854,25.34221],[89.67874,25.34221],[89.67875,25.34257],[89.67895,25.34257],[89.67897,25.34347],[89.67877,25.34347],[89.67878,25.34401],[89.67858,25.34402],[89.67859,25.34438],[89.67819,25.34439],[89.67819,25.3442]]]}},{"type":"Feature","properties":{"kind":"land","ha":28.8},"geometry":{"type":"Polygon","coordinates":[[[89.65646,25.34947],[89.65645,25.34929],[89.65665,25.34929],[89.65664,25.34893],[89.65624,25.34875],[89.65623,25.34821],[89.65702,25.3482],[89.65704,25.34892],[89.65743,25.34873],[89.65743,25.34855],[89.65763,25.34855],[89.65781,25.34782],[89.65801,25.34782],[89.658,25.34746],[89.6582,25.34745],[89.65819,25.34709],[89.65839,25.34709],[89.65838,25.34673],[89.65858,25.34673],[89.65875,25.34564],[89.65895,25.34564],[89.65895,25.34528],[89.65914,25.34527],[89.65914,25.34491],[89.65933,25.34491],[89.65933,25.34455],[89.65893,25.34455],[89.65871,25.34347],[89.65831,25.34348],[89.6583,25.34294],[89.65909,25.34293],[89.6591,25.34329],[89.6589,25.34329],[89.65891,25.34347],[89.65931,25.34364],[89.65932,25.34419],[89.65971,25.344],[89.65989,25.34327],[89.66009,25.34327],[89.66009,25.34291],[89.66048,25.3429],[89.66049,25.34308],[89.66068,25.34308],[89.66069,25.34344],[89.66109,25.34361],[89.6611,25.34379],[89.6613,25.34379],[89.6613,25.34397],[89.6615,25.34397],[89.66171,25.34468],[89.66191,25.34468],[89.66192,25.34504],[89.66232,25.34521],[89.66232,25.34539],[89.66252,25.34539],[89.66253,25.34557],[89.66273,25.34557],[89.66273,25.34575],[89.66313,25.34574],[89.66333,25.3461],[89.66353,25.34609],[89.66375,25.34717],[89.66395,25.34717],[89.66396,25.34735],[89.66435,25.34734],[89.66456,25.3477],[89.66476,25.3477],[89.66477,25.34806],[89.66496,25.34805],[89.66499,25.34914],[89.66538,25.34895],[89.66537,25.34823],[89.66556,25.34822],[89.66555,25.34768],[89.66575,25.34768],[89.66574,25.34732],[89.66594,25.34731],[89.66594,25.34713],[89.66653,25.34712],[89.66633,25.34677],[89.66613,25.34677],[89.66612,25.34659],[89.66593,25.34659],[89.66592,25.34641],[89.66572,25.34642],[89.66572,25.34624],[89.66552,25.34624],[89.66552,25.34606],[89.66532,25.34606],[89.66531,25.34588],[89.66472,25.34589],[89.66451,25.34554],[89.66412,25.34554],[89.66391,25.34519],[89.66351,25.34519],[89.66351,25.34501],[89.66311,25.34502],[89.6629,25.34466],[89.66271,25.34467],[89.6627,25.34449],[89.6623,25.34449],[89.6621,25.34414],[89.6619,25.34414],[89.6619,25.34396],[89.6617,25.34396],[89.66148,25.34324],[89.66108,25.34307],[89.66108,25.34289],[89.66088,25.34289],[89.66088,25.34271],[89.66068,25.34272],[89.66067,25.34254],[89.66047,25.34254],[89.66047,25.34218],[89.66007,25.34201],[89.66006,25.34165],[89.65966,25.34147],[89.65965,25.34111],[89.65925,25.34094],[89.65924,25.3404],[89.65883,25.34022],[89.65882,25.33968],[89.65862,25.33969],[89.65861,25.33896],[89.65841,25.33897],[89.65839,25.33807],[89.65799,25.33807],[89.65801,25.33879],[89.65781,25.3388],[89.65785,25.34042],[89.65765,25.34043],[89.65767,25.34133],[89.65826,25.34132],[89.65827,25.3415],[89.65807,25.3415],[89.65808,25.34186],[89.65827,25.34186],[89.65828,25.34222],[89.65848,25.34222],[89.65849,25.3424],[89.65868,25.34239],[89.65869,25.34275],[89.6581,25.34276],[89.65809,25.34258],[89.65789,25.34259],[89.65787,25.3415],[89.65767,25.34151],[89.65768,25.34169],[89.65748,25.34169],[89.6575,25.34259],[89.6573,25.3426],[89.65731,25.34314],[89.65711,25.34314],[89.65713,25.34386],[89.65693,25.34387],[89.65696,25.34513],[89.65676,25.34513],[89.65677,25.34586],[89.65657,25.34586],[89.65659,25.34658],[89.65639,25.34659],[89.65642,25.34767],[89.65622,25.34767],[89.65622,25.34803],[89.65603,25.34804],[89.65605,25.34894],[89.65585,25.34894],[89.65586,25.34948],[89.65646,25.34947]],[[89.65718,25.34621],[89.65777,25.3462],[89.65758,25.34656],[89.65719,25.34657],[89.65718,25.34621]],[[89.65716,25.34549],[89.65756,25.34548],[89.65757,25.34584],[89.65717,25.34585],[89.65716,25.34549]]]}},{"type":"Feature","properties":{"kind":"land","ha":18.0},"geometry":{"type":"Polygon","coordinates":[[[89.67124,25.34451],[89.67123,25.34415],[89.67104,25.34415],[89.67103,25.34397],[89.67064,25.34398],[89.67062,25.34308],[89.67081,25.34308],[89.67081,25.34289],[89.67141,25.34288],[89.67139,25.34216],[89.67159,25.34216],[89.67158,25.34162],[89.67178,25.34161],[89.67176,25.34107],[89.67196,25.34107],[89.67195,25.34053],[89.67234,25.34034],[89.67232,25.33944],[89.67212,25.33944],[89.67211,25.33872],[89.67231,25.33872],[89.67229,25.33781],[89.67249,25.33781],[89.67247,25.33727],[89.67228,25.33727],[89.67226,25.33673],[89.67207,25.33674],[89.67205,25.33619],[89.67185,25.3362],[89.67185,25.33584],[89.67026,25.33587],[89.67007,25.33623],[89.66987,25.33623],[89.66987,25.33641],[89.66967,25.33642],[89.6697,25.33768],[89.6699,25.33768],[89.66992,25.3384],[89.67012,25.3384],[89.67012,25.33876],[89.67032,25.33875],[89.67033,25.33911],[89.67053,25.33911],[89.67054,25.33947],[89.67073,25.33947],[89.67075,25.34019],[89.67055,25.34019],[89.67058,25.34127],[89.67038,25.34128],[89.67038,25.34146],[89.66998,25.34147],[89.66979,25.34183],[89.6694,25.34184],[89.6694,25.34202],[89.66881,25.34203],[89.6688,25.34185],[89.6686,25.34185],[89.66861,25.34203],[89.66841,25.34204],[89.6684,25.34186],[89.66801,25.34186],[89.66802,25.3424],[89.66822,25.3424],[89.66823,25.34276],[89.66902,25.34275],[89.66923,25.3431],[89.66942,25.3431],[89.66943,25.34328],[89.66963,25.34328],[89.66963,25.34346],[89.66983,25.34345],[89.66983,25.34363],[89.67023,25.34363],[89.67023,25.34381],[89.67043,25.3438],[89.67044,25.34416],[89.67084,25.34416],[89.67084,25.34434],[89.67104,25.34433],[89.67104,25.34451],[89.67124,25.34451]]]}},{"type":"Feature","properties":{"kind":"land","ha":4.7},"geometry":{"type":"Polygon","coordinates":[[[89.6852,25.33812],[89.6852,25.33794],[89.6856,25.33793],[89.68557,25.33685],[89.68518,25.33686],[89.68515,25.33578],[89.68495,25.33578],[89.68494,25.33506],[89.68474,25.33506],[89.68473,25.33488],[89.68434,25.33489],[89.68435,25.33525],[89.68415,25.33525],[89.68416,25.33561],[89.68456,25.33579],[89.68457,25.33633],[89.68437,25.33633],[89.68437,25.33651],[89.68398,25.33652],[89.68397,25.33616],[89.68357,25.33617],[89.68358,25.33653],[89.68398,25.3367],[89.68398,25.33688],[89.68319,25.33689],[89.6832,25.33744],[89.6836,25.33743],[89.68381,25.33779],[89.684,25.33778],[89.68401,25.33796],[89.68421,25.33796],[89.68442,25.33868],[89.68502,25.33867],[89.68481,25.33831],[89.68501,25.3383],[89.685,25.33812],[89.6852,25.33812]],[[89.68461,25.33813],[89.6846,25.33795],[89.685,25.33794],[89.685,25.33812],[89.68461,25.33813]],[[89.68458,25.33705],[89.68419,25.33706],[89.68418,25.33688],[89.68478,25.33687],[89.68479,25.33723],[89.68459,25.33723],[89.68458,25.33705]]]}},{"type":"Feature","properties":{"kind":"land","ha":6.9},"geometry":{"type":"Polygon","coordinates":[[[89.72772,25.33896],[89.72772,25.3386],[89.72791,25.3386],[89.7279,25.33806],[89.7277,25.33806],[89.7277,25.3377],[89.72809,25.33751],[89.72808,25.33733],[89.72828,25.33733],[89.72827,25.33697],[89.72788,25.33698],[89.72767,25.33662],[89.72708,25.33663],[89.72687,25.33627],[89.72667,25.33628],[89.72667,25.3361],[89.72647,25.3361],[89.72646,25.33592],[89.72627,25.33592],[89.72625,25.33538],[89.72605,25.33538],[89.72605,25.33502],[89.72565,25.33485],[89.72562,25.33395],[89.72523,25.33396],[89.72524,25.33432],[89.72504,25.33432],[89.72504,25.3345],[89.72464,25.33433],[89.72464,25.33415],[89.72424,25.33415],[89.72425,25.3347],[89.72485,25.33469],[89.72486,25.33541],[89.72466,25.33541],[89.72469,25.33649],[89.72489,25.33649],[89.72489,25.33667],[89.72469,25.33667],[89.72471,25.33739],[89.72491,25.33739],[89.7249,25.33703],[89.7251,25.33703],[89.72509,25.33685],[89.72549,25.33684],[89.72549,25.33666],[89.72569,25.33665],[89.72568,25.33647],[89.72628,25.33646],[89.72628,25.33664],[89.72668,25.33664],[89.72688,25.33699],[89.72708,25.33699],[89.72711,25.33825],[89.72672,25.33844],[89.72673,25.33898],[89.72772,25.33896]]]}},{"type":"Feature","properties":{"kind":"land","ha":5.5},"geometry":{"type":"Polygon","coordinates":[[[89.63377,25.33833],[89.63376,25.33815],[89.63416,25.33814],[89.63415,25.33778],[89.63435,25.33778],[89.63434,25.33723],[89.63454,25.33723],[89.63453,25.33687],[89.63492,25.33668],[89.6349,25.33542],[89.6347,25.33542],[89.63469,25.33524],[89.6343,25.33525],[89.63429,25.33507],[89.6337,25.33508],[89.63349,25.33472],[89.63309,25.33473],[89.63309,25.33455],[89.63269,25.33456],[89.6325,25.33492],[89.6327,25.33492],[89.63271,25.33528],[89.63291,25.33528],[89.63313,25.33635],[89.63333,25.33635],[89.63333,25.33653],[89.63313,25.33653],[89.63315,25.33726],[89.63335,25.33725],[89.63336,25.33797],[89.63356,25.33797],[89.63357,25.33833],[89.63377,25.33833]]]}},{"type":"Feature","properties":{"kind":"land","ha":7.2},"geometry":{"type":"Polygon","coordinates":[[[89.70733,25.34187],[89.70732,25.34151],[89.70713,25.34151],[89.70712,25.34115],[89.70692,25.34115],[89.7069,25.34043],[89.7067,25.34043],[89.7067,25.34007],[89.7065,25.34008],[89.70649,25.33972],[89.70629,25.33972],[89.70628,25.33936],[89.70588,25.33919],[89.70587,25.33864],[89.70567,25.33865],[89.70566,25.33793],[89.70546,25.33793],[89.70544,25.33739],[89.70525,25.33739],[89.70524,25.33703],[89.70504,25.33704],[89.70503,25.33667],[89.70483,25.33668],[89.70481,25.33578],[89.70461,25.33578],[89.7046,25.33524],[89.7044,25.33524],[89.70438,25.33398],[89.70418,25.33398],[89.70437,25.33362],[89.70417,25.33362],[89.70414,25.33236],[89.70394,25.33236],[89.70393,25.33182],[89.70373,25.33183],[89.70376,25.33309],[89.70337,25.33328],[89.70339,25.33436],[89.70379,25.33435],[89.70378,25.33417],[89.70398,25.33417],[89.70399,25.33453],[89.70419,25.33452],[89.70422,25.33597],[89.70402,25.33597],[89.70404,25.33687],[89.70424,25.33687],[89.70426,25.33759],[89.70446,25.33759],[89.70447,25.33813],[89.70487,25.3383],[89.70488,25.33866],[89.70508,25.33866],[89.70508,25.33902],[89.70548,25.33919],[89.7057,25.33991],[89.7059,25.33991],[89.70591,25.34027],[89.7061,25.34026],[89.70611,25.34063],[89.70651,25.3408],[89.70653,25.34134],[89.70672,25.34134],[89.70673,25.3417],[89.70713,25.34169],[89.70713,25.34187],[89.70733,25.34187]]]}},{"type":"Feature","properties":{"kind":"land","ha":3.2},"geometry":{"type":"Polygon","coordinates":[[[89.66961,25.33353],[89.6698,25.33317],[89.67,25.33316],[89.67018,25.33244],[89.67038,25.33243],[89.67037,25.33189],[89.66997,25.33172],[89.66996,25.33154],[89.66977,25.33154],[89.66976,25.33136],[89.66956,25.33137],[89.66956,25.33119],[89.66936,25.33119],[89.66936,25.33101],[89.66916,25.33101],[89.66916,25.33083],[89.66896,25.33084],[89.66895,25.33066],[89.66875,25.33066],[89.66875,25.3303],[89.66855,25.3303],[89.66854,25.33012],[89.66815,25.33013],[89.66815,25.33031],[89.66835,25.33031],[89.66836,25.33067],[89.66856,25.33066],[89.66857,25.3312],[89.66877,25.3312],[89.66877,25.33156],[89.66897,25.33156],[89.66899,25.33228],[89.66919,25.33228],[89.6692,25.33282],[89.669,25.33282],[89.669,25.333],[89.6692,25.333],[89.66921,25.33354],[89.66961,25.33353]]]}},{"type":"Feature","properties":{"kind":"land","ha":14.2},"geometry":{"type":"Polygon","coordinates":[[[89.62601,25.32872],[89.62582,25.32872],[89.62581,25.32854],[89.62561,25.32855],[89.62561,25.32819],[89.62541,25.32819],[89.6254,25.32801],[89.62501,25.32802],[89.62501,25.3282],[89.62402,25.32821],[89.62403,25.32876],[89.62423,25.32875],[89.62423,25.32911],[89.62364,25.32912],[89.62345,25.32949],[89.62365,25.32948],[89.62366,25.32984],[89.62385,25.32984],[89.62386,25.3302],[89.62406,25.3302],[89.62407,25.33056],[89.62427,25.33056],[89.62427,25.33092],[89.62447,25.33091],[89.62449,25.33164],[89.62469,25.33163],[89.6247,25.33217],[89.6249,25.33217],[89.62488,25.33145],[89.62468,25.33145],[89.62467,25.33073],[89.62546,25.33072],[89.62547,25.3309],[89.62586,25.33089],[89.62608,25.33197],[89.62589,25.33197],[89.62589,25.33233],[89.62629,25.33251],[89.62631,25.33323],[89.62651,25.33322],[89.62651,25.3334],[89.62691,25.3334],[89.62712,25.33375],[89.62731,25.33375],[89.62732,25.33393],[89.62752,25.33393],[89.62752,25.33411],[89.62832,25.33427],[89.62852,25.33463],[89.62872,25.33463],[89.62873,25.33481],[89.62932,25.3348],[89.62954,25.33552],[89.62974,25.33551],[89.62973,25.33533],[89.63033,25.33532],[89.63032,25.33496],[89.63012,25.33496],[89.63011,25.3346],[89.62991,25.33461],[89.62991,25.33425],[89.62951,25.33407],[89.6295,25.33389],[89.6293,25.3339],[89.6293,25.33372],[89.6291,25.33372],[89.6291,25.33354],[89.6289,25.33354],[89.62889,25.33336],[89.6287,25.33336],[89.62869,25.33318],[89.62849,25.33319],[89.62849,25.33283],[89.62829,25.33283],[89.62828,25.33265],[89.62789,25.33266],[89.62787,25.33212],[89.62807,25.33211],[89.62806,25.33157],[89.62826,25.33157],[89.62825,25.33121],[89.62746,25.3314],[89.62746,25.33122],[89.62726,25.33122],[89.62725,25.33086],[89.62764,25.33068],[89.62764,25.3305],[89.62784,25.33049],[89.62783,25.33013],[89.62704,25.33015],[89.62704,25.33033],[89.62664,25.33033],[89.62664,25.33015],[89.62644,25.33016],[89.62645,25.33052],[89.62605,25.33052],[89.62604,25.32998],[89.62624,25.32998],[89.62622,25.32908],[89.62602,25.32908],[89.62601,25.32872]],[[89.62604,25.3298],[89.62584,25.32981],[89.62584,25.32999],[89.62525,25.33],[89.62524,25.32982],[89.62485,25.32982],[89.62484,25.32964],[89.62464,25.32965],[89.62464,25.32929],[89.62483,25.32928],[89.62483,25.3291],[89.62523,25.32909],[89.62522,25.32855],[89.62541,25.32855],[89.62562,25.32891],[89.62582,25.3289],[89.62582,25.32908],[89.62602,25.32908],[89.62604,25.3298]],[[89.62709,25.33267],[89.62689,25.33268],[89.62689,25.33249],[89.62709,25.33249],[89.62708,25.33231],[89.62768,25.3323],[89.62769,25.33266],[89.62749,25.33266],[89.6275,25.33321],[89.6271,25.33321],[89.62709,25.33267]],[[89.62647,25.3316],[89.62627,25.3316],[89.62627,25.33142],[89.62687,25.33141],[89.62687,25.33159],[89.62707,25.33159],[89.62708,25.33195],[89.62668,25.33196],[89.62647,25.3316]]]}},{"type":"Feature","properties":{"kind":"land","ha":7.0},"geometry":{"type":"Polygon","coordinates":[[[89.6627,25.33546],[89.66269,25.3351],[89.6625,25.3351],[89.66241,25.33095],[89.66221,25.33096],[89.6622,25.3306],[89.6624,25.33059],[89.66239,25.33005],[89.66258,25.33005],[89.66254,25.32806],[89.66274,25.32806],[89.66271,25.32662],[89.66251,25.32662],[89.66252,25.32698],[89.66232,25.32699],[89.66233,25.32753],[89.66213,25.32753],[89.66215,25.32825],[89.66195,25.32826],[89.66198,25.32952],[89.66178,25.32952],[89.66179,25.32988],[89.66159,25.32989],[89.66162,25.33133],[89.66123,25.33152],[89.66123,25.33188],[89.66104,25.33188],[89.66106,25.33278],[89.66146,25.33296],[89.66146,25.33314],[89.66166,25.33313],[89.66166,25.33331],[89.66186,25.33331],[89.66189,25.33457],[89.66209,25.33457],[89.6621,25.33493],[89.66229,25.33493],[89.66231,25.33547],[89.6627,25.33546]]]}},{"type":"Feature","properties":{"kind":"land","ha":6.8},"geometry":{"type":"Polygon","coordinates":[[[89.63722,25.33267],[89.63741,25.33231],[89.63781,25.3323],[89.63779,25.3314],[89.63799,25.33139],[89.63798,25.33121],[89.63779,25.33122],[89.63778,25.33104],[89.63798,25.33103],[89.63797,25.33049],[89.63817,25.33049],[89.63775,25.32977],[89.63736,25.32978],[89.63733,25.32852],[89.63773,25.32851],[89.63772,25.32833],[89.63792,25.32833],[89.63792,25.32851],[89.63812,25.3285],[89.63812,25.32814],[89.63771,25.32797],[89.63771,25.32779],[89.63751,25.32779],[89.63748,25.32653],[89.63729,25.32653],[89.63727,25.32581],[89.63707,25.32581],[89.6371,25.3269],[89.6369,25.3269],[89.6369,25.32708],[89.6371,25.32708],[89.63693,25.32852],[89.63713,25.32852],[89.63715,25.3296],[89.63676,25.32961],[89.63675,25.32907],[89.63655,25.32907],[89.63654,25.32889],[89.63615,25.3289],[89.63637,25.32998],[89.63617,25.32998],[89.63617,25.33016],[89.63538,25.33018],[89.6354,25.33108],[89.6358,25.33107],[89.6358,25.33125],[89.636,25.33125],[89.63601,25.33161],[89.6362,25.33161],[89.63619,25.3307],[89.63678,25.33069],[89.63679,25.33105],[89.63699,25.33105],[89.63699,25.33123],[89.63739,25.33122],[89.63741,25.33213],[89.63701,25.33213],[89.63701,25.33195],[89.63681,25.33196],[89.6368,25.3316],[89.6366,25.3316],[89.63682,25.33268],[89.63722,25.33267]]]}},{"type":"Feature","properties":{"kind":"land","ha":5.7},"geometry":{"type":"Polygon","coordinates":[[[89.63237,25.32879],[89.63235,25.32807],[89.63216,25.32807],[89.63215,25.32771],[89.63195,25.32771],[89.63194,25.32717],[89.63174,25.32717],[89.63174,25.32699],[89.63193,25.32699],[89.63193,25.32663],[89.63213,25.32663],[89.63208,25.32464],[89.63228,25.32464],[89.63228,25.32446],[89.63208,25.32446],[89.63207,25.3241],[89.63187,25.3241],[89.6319,25.32537],[89.63151,25.32555],[89.63151,25.32573],[89.63131,25.32574],[89.63132,25.3261],[89.63112,25.3261],[89.63112,25.32628],[89.63132,25.32628],[89.63133,25.32682],[89.63074,25.32683],[89.63073,25.32647],[89.63014,25.32648],[89.62995,25.32721],[89.62975,25.32721],[89.62976,25.32757],[89.62996,25.32757],[89.62997,25.32811],[89.63017,25.3281],[89.63017,25.32828],[89.63057,25.32828],[89.63058,25.32846],[89.63157,25.32844],[89.63157,25.32862],[89.63197,25.32861],[89.63197,25.32879],[89.63237,25.32879]]]}},{"type":"Feature","properties":{"kind":"land","ha":5.8},"geometry":{"type":"Polygon","coordinates":[[[89.67483,25.32694],[89.67481,25.32622],[89.67441,25.32604],[89.67441,25.32586],[89.67421,25.32587],[89.67421,25.32569],[89.67401,25.32569],[89.674,25.32551],[89.6738,25.32551],[89.6738,25.32515],[89.6736,25.32516],[89.67359,25.32498],[89.6734,25.32498],[89.67339,25.32462],[89.67319,25.32462],[89.67318,25.32408],[89.67278,25.32391],[89.67277,25.32355],[89.67237,25.32355],[89.67237,25.32337],[89.67217,25.32338],[89.67216,25.32302],[89.67176,25.32302],[89.67179,25.32411],[89.67159,25.32411],[89.6716,25.32483],[89.6718,25.32483],[89.67181,25.32519],[89.67221,25.32536],[89.67222,25.32554],[89.67241,25.32554],[89.67242,25.3259],[89.67282,25.32607],[89.67283,25.32643],[89.67303,25.32643],[89.67303,25.32625],[89.67342,25.32624],[89.67363,25.3266],[89.67423,25.32659],[89.67443,25.32695],[89.67483,25.32694]]]}},{"type":"Feature","properties":{"kind":"land","ha":67.8},"geometry":{"type":"Polygon","coordinates":[[[89.64722,25.34513],[89.64702,25.34477],[89.64662,25.34478],[89.64662,25.3446],[89.64642,25.3446],[89.6464,25.34388],[89.6466,25.34387],[89.64659,25.34333],[89.64679,25.34333],[89.64678,25.34297],[89.64717,25.34278],[89.64717,25.3426],[89.64737,25.3426],[89.64736,25.34242],[89.64756,25.34241],[89.64756,25.34223],[89.64776,25.34223],[89.64775,25.34187],[89.64795,25.34186],[89.64794,25.34132],[89.64833,25.34114],[89.64832,25.34095],[89.64852,25.34095],[89.64852,25.34077],[89.64872,25.34077],[89.64871,25.34059],[89.64911,25.34058],[89.6493,25.34022],[89.6499,25.3402],[89.64989,25.34002],[89.65029,25.34002],[89.65028,25.33966],[89.65048,25.33965],[89.65047,25.33911],[89.65027,25.33911],[89.65026,25.33857],[89.65006,25.33858],[89.65005,25.33822],[89.65045,25.33803],[89.65044,25.33785],[89.65064,25.33784],[89.65063,25.33748],[89.65023,25.33749],[89.65023,25.33731],[89.65003,25.33731],[89.65002,25.33677],[89.65041,25.33659],[89.6504,25.33604],[89.6502,25.33605],[89.6502,25.33569],[89.65,25.33569],[89.64997,25.33443],[89.64977,25.33443],[89.64976,25.33371],[89.64956,25.33371],[89.64955,25.33335],[89.64935,25.33336],[89.64933,25.33263],[89.64973,25.33245],[89.64993,25.3328],[89.65033,25.3328],[89.65031,25.33189],[89.65011,25.3319],[89.6501,25.33136],[89.6503,25.33135],[89.6503,25.33117],[89.65089,25.33116],[89.65108,25.3308],[89.65207,25.33078],[89.65228,25.33114],[89.65248,25.33113],[89.65247,25.33077],[89.65207,25.3306],[89.65206,25.33024],[89.65166,25.33007],[89.65166,25.32988],[89.65146,25.32989],[89.65146,25.32971],[89.65126,25.32971],[89.65125,25.32953],[89.65105,25.32953],[89.65105,25.32935],[89.65006,25.32937],[89.65005,25.32901],[89.64965,25.32884],[89.64965,25.32866],[89.64945,25.32866],[89.64944,25.3283],[89.64924,25.3283],[89.64922,25.32758],[89.64882,25.32741],[89.64882,25.32705],[89.64841,25.32687],[89.64841,25.32669],[89.64801,25.3267],[89.64781,25.32634],[89.64761,25.32635],[89.6476,25.32599],[89.6472,25.32599],[89.647,25.32564],[89.6468,25.32564],[89.6468,25.32546],[89.6466,25.32546],[89.64659,25.32492],[89.64639,25.32493],[89.64638,25.32457],[89.64598,25.32439],[89.64597,25.32421],[89.64578,25.32421],[89.64577,25.32403],[89.64537,25.32404],[89.64538,25.32422],[89.64419,25.32424],[89.64398,25.32389],[89.64378,25.32389],[89.64378,25.32371],[89.64298,25.32372],[89.64298,25.32354],[89.64258,25.32355],[89.64259,25.32373],[89.64279,25.32373],[89.64279,25.32409],[89.64319,25.32426],[89.6432,25.32444],[89.6434,25.32444],[89.6434,25.32462],[89.6438,25.32461],[89.644,25.32497],[89.6444,25.32496],[89.64441,25.32532],[89.64461,25.32532],[89.64462,25.32586],[89.64482,25.32586],[89.64485,25.3273],[89.64505,25.3273],[89.64506,25.32766],[89.64525,25.32765],[89.64527,25.32819],[89.64507,25.3282],[89.64509,25.3291],[89.64489,25.3291],[89.64489,25.32928],[89.64509,25.32928],[89.6451,25.32964],[89.6449,25.32965],[89.64491,25.33001],[89.64531,25.33018],[89.64531,25.33036],[89.64551,25.33036],[89.64552,25.33072],[89.64592,25.33089],[89.64592,25.33107],[89.64612,25.33107],[89.64613,25.33125],[89.64633,25.33124],[89.64633,25.3316],[89.64673,25.33178],[89.64674,25.33196],[89.64694,25.33196],[89.64694,25.33232],[89.64735,25.33249],[89.64735,25.33267],[89.64755,25.33267],[89.64756,25.33303],[89.64775,25.33302],[89.64777,25.33356],[89.64796,25.33356],[89.64797,25.33392],[89.64817,25.33392],[89.64819,25.33482],[89.64859,25.33481],[89.6486,25.33535],[89.6484,25.33536],[89.64841,25.33572],[89.64821,25.33572],[89.64823,25.33644],[89.64803,25.33645],[89.64804,25.33717],[89.64784,25.33717],[89.64786,25.33771],[89.64766,25.33772],[89.64767,25.33808],[89.64747,25.33808],[89.64748,25.33844],[89.64728,25.33845],[89.64728,25.33881],[89.64689,25.339],[89.64671,25.33972],[89.64651,25.33972],[89.64652,25.34008],[89.64632,25.34009],[89.64633,25.34045],[89.64613,25.34045],[89.64614,25.34081],[89.64594,25.34082],[89.64595,25.34118],[89.64575,25.34118],[89.64576,25.34154],[89.64536,25.34173],[89.64537,25.34191],[89.64517,25.34191],[89.64518,25.34227],[89.64478,25.34246],[89.64479,25.34264],[89.64459,25.34265],[89.6446,25.34337],[89.6444,25.34337],[89.64441,25.34373],[89.64402,25.34374],[89.64402,25.3441],[89.64462,25.34409],[89.64461,25.34391],[89.64481,25.34391],[89.64502,25.34426],[89.64522,25.34426],[89.64523,25.34462],[89.64483,25.34463],[89.64464,25.34499],[89.64603,25.34497],[89.64602,25.34479],[89.64642,25.34478],[89.64643,25.34514],[89.64722,25.34513]],[[89.64652,25.33088],[89.64671,25.33088],[89.64672,25.33106],[89.64692,25.33105],[89.64692,25.33141],[89.64653,25.33142],[89.64652,25.33088]],[[89.6489,25.33084],[89.6491,25.33083],[89.6491,25.33101],[89.6489,25.33102],[89.6489,25.33084]],[[89.64926,25.32921],[89.64966,25.3292],[89.64967,25.32992],[89.64928,25.32993],[89.64926,25.32921]],[[89.64608,25.32926],[89.64589,25.32927],[89.64588,25.32909],[89.64568,25.32909],[89.64567,25.32873],[89.64587,25.32873],[89.64586,25.32818],[89.64566,25.32819],[89.64565,25.32765],[89.64604,25.32746],[89.64604,25.32728],[89.64684,25.32763],[89.64685,25.32781],[89.64665,25.32781],[89.64666,25.32835],[89.64686,25.32835],[89.64688,25.32943],[89.64648,25.32944],[89.64649,25.32962],[89.64629,25.32962],[89.64608,25.32926]]]}},{"type":"Feature","properties":{"kind":"land","ha":17.9},"geometry":{"type":"Polygon","coordinates":[[[89.72147,25.3259],[89.72147,25.32554],[89.72127,25.32555],[89.72126,25.32519],[89.72106,25.32519],[89.72106,25.32501],[89.72026,25.32484],[89.72025,25.32466],[89.71986,25.32467],[89.71965,25.32431],[89.71885,25.32415],[89.71865,25.32379],[89.71785,25.32362],[89.71784,25.32344],[89.71745,25.32345],[89.71744,25.32327],[89.71625,25.32311],[89.71624,25.32293],[89.71585,25.32294],[89.71584,25.32276],[89.71525,25.32277],[89.71524,25.32259],[89.71485,25.3226],[89.71484,25.32242],[89.71325,25.32227],[89.71346,25.32262],[89.71306,25.32263],[89.71306,25.32245],[89.71266,25.32246],[89.71265,25.32228],[89.71186,25.32229],[89.71186,25.32247],[89.71107,25.32249],[89.71107,25.32267],[89.71048,25.32268],[89.71048,25.32286],[89.71009,25.32287],[89.70988,25.32251],[89.70968,25.32251],[89.70968,25.32233],[89.70948,25.32233],[89.70947,25.32215],[89.70928,25.32216],[89.70927,25.32198],[89.70768,25.32201],[89.70769,25.32219],[89.70729,25.32219],[89.70708,25.32184],[89.70689,25.32184],[89.7069,25.32238],[89.7067,25.32239],[89.70672,25.32311],[89.70712,25.32328],[89.70712,25.32346],[89.70752,25.32345],[89.70772,25.32381],[89.70872,25.32379],[89.70871,25.32361],[89.70931,25.3236],[89.7093,25.32342],[89.7105,25.3234],[89.7105,25.32358],[89.71169,25.32356],[89.71169,25.32374],[89.71269,25.32372],[89.71289,25.32408],[89.71448,25.32405],[89.71448,25.32387],[89.71626,25.32383],[89.71627,25.32401],[89.71726,25.324],[89.71726,25.32418],[89.71766,25.32417],[89.71767,25.32435],[89.71806,25.32434],[89.71807,25.32452],[89.71846,25.32452],[89.71847,25.3247],[89.71906,25.32468],[89.71907,25.32487],[89.71946,25.32486],[89.71947,25.32504],[89.71986,25.32503],[89.71987,25.32521],[89.72027,25.3252],[89.72047,25.32556],[89.72067,25.32556],[89.72068,25.32574],[89.72107,25.32573],[89.72108,25.32591],[89.72147,25.3259]],[[89.71486,25.32314],[89.71446,25.32315],[89.71446,25.32296],[89.71426,25.32297],[89.71425,25.32279],[89.71485,25.32278],[89.71485,25.32296],[89.71505,25.32295],[89.71506,25.32331],[89.71486,25.32332],[89.71486,25.32314]]]}},{"type":"Feature","properties":{"kind":"land","ha":6.4},"geometry":{"type":"Polygon","coordinates":[[[89.63965,25.32559],[89.63964,25.32523],[89.63984,25.32522],[89.63984,25.32504],[89.64003,25.32504],[89.64002,25.3245],[89.64042,25.32431],[89.64041,25.32413],[89.64061,25.32413],[89.64061,25.32395],[89.6408,25.32394],[89.64078,25.32268],[89.64118,25.32285],[89.64118,25.32303],[89.64158,25.32303],[89.64158,25.32285],[89.64177,25.32284],[89.64157,25.32249],[89.64137,25.32249],[89.64137,25.32231],[89.64117,25.32231],[89.64116,25.32213],[89.64096,25.32214],[89.64096,25.32195],[89.64076,25.32196],[89.64076,25.32178],[89.64135,25.32177],[89.64136,25.32195],[89.64175,25.32194],[89.64176,25.32212],[89.64235,25.32211],[89.64215,25.32175],[89.64135,25.32159],[89.64135,25.32141],[89.64095,25.32141],[89.64094,25.32123],[89.64055,25.32124],[89.64054,25.32106],[89.64015,25.32107],[89.64015,25.32143],[89.64056,25.3216],[89.64056,25.32178],[89.64017,25.32197],[89.64016,25.32179],[89.63996,25.32179],[89.64,25.32324],[89.64019,25.32323],[89.6402,25.32359],[89.63941,25.32379],[89.63938,25.32234],[89.63918,25.32235],[89.63919,25.32271],[89.63899,25.32271],[89.639,25.32325],[89.6388,25.32326],[89.63881,25.32344],[89.63841,25.32344],[89.63842,25.32399],[89.63862,25.32398],[89.63861,25.32362],[89.63901,25.32361],[89.63901,25.32379],[89.63921,25.32379],[89.63902,25.32416],[89.63882,25.32416],[89.63884,25.32506],[89.63904,25.32506],[89.63905,25.32542],[89.63945,25.32541],[89.63945,25.32559],[89.63965,25.32559]]]}},{"type":"Feature","properties":{"kind":"land","ha":11.7},"geometry":{"type":"Polygon","coordinates":[[[89.62692,25.32473],[89.62691,25.32437],[89.62711,25.32437],[89.6271,25.32401],[89.6273,25.324],[89.62729,25.32346],[89.62749,25.32346],[89.62745,25.32166],[89.62784,25.32147],[89.62784,25.32111],[89.62803,25.3211],[89.62803,25.32092],[89.62843,25.32092],[89.62842,25.32074],[89.62862,25.32073],[89.62861,25.32037],[89.62881,25.32037],[89.62882,25.32055],[89.62921,25.32054],[89.629,25.31982],[89.62821,25.32002],[89.62802,25.32038],[89.62782,25.32039],[89.62783,25.32075],[89.62723,25.32076],[89.62703,25.3204],[89.62663,25.32041],[89.62662,25.32023],[89.62643,25.32023],[89.62643,25.32059],[89.62603,25.32042],[89.62585,25.32114],[89.62565,25.32115],[89.62567,25.32187],[89.62547,25.32187],[89.6255,25.32313],[89.6253,25.32314],[89.62532,25.32422],[89.62552,25.32422],[89.62552,25.3244],[89.62592,25.32439],[89.62594,25.32547],[89.62555,25.32548],[89.62533,25.32476],[89.62513,25.32476],[89.62519,25.32747],[89.62539,25.32747],[89.62537,25.32657],[89.62577,25.32656],[89.62576,25.32638],[89.62596,25.32637],[89.62595,25.32583],[89.62634,25.32565],[89.62634,25.32528],[89.62673,25.3251],[89.62672,25.32474],[89.62692,25.32473]],[[89.62652,25.32474],[89.62652,25.32438],[89.62671,25.32438],[89.62672,25.32474],[89.62652,25.32474]],[[89.62648,25.32276],[89.62688,25.32275],[89.62689,25.32311],[89.62669,25.32311],[89.62648,25.32276]]]}},{"type":"Feature","properties":{"kind":"land","ha":8.6},"geometry":{"type":"Polygon","coordinates":[[[89.67736,25.32473],[89.67736,25.32455],[89.67756,25.32454],[89.67755,25.32418],[89.67795,25.32417],[89.67794,25.32399],[89.67814,25.32399],[89.67812,25.32327],[89.67713,25.32329],[89.67692,25.32293],[89.67673,25.32293],[89.67672,25.32257],[89.67632,25.3224],[89.67631,25.32222],[89.67612,25.32222],[89.67611,25.32204],[89.67591,25.32205],[89.6759,25.3215],[89.6757,25.32151],[89.67569,25.32079],[89.67529,25.32061],[89.67507,25.3199],[89.67467,25.31972],[89.67467,25.31954],[89.67447,25.31955],[89.67425,25.31883],[89.67385,25.31865],[89.67384,25.31829],[89.67345,25.3183],[89.67347,25.31938],[89.67307,25.31921],[89.67309,25.32011],[89.67329,25.32011],[89.6733,25.32065],[89.6737,25.32064],[89.67369,25.32028],[89.67408,25.32009],[89.67407,25.31973],[89.67447,25.31973],[89.67429,25.32045],[89.6739,25.32064],[89.6739,25.321],[89.6741,25.321],[89.67411,25.32154],[89.67452,25.32171],[89.67452,25.32189],[89.67492,25.32188],[89.67492,25.32206],[89.67532,25.32206],[89.67532,25.32224],[89.67552,25.32223],[89.67553,25.32259],[89.67593,25.32277],[89.67593,25.32295],[89.67613,25.32294],[89.67614,25.32349],[89.67654,25.32366],[89.67676,25.32438],[89.67696,25.32437],[89.67697,25.32491],[89.67736,25.32473]]]}},{"type":"Feature","properties":{"kind":"land","ha":13.8},"geometry":{"type":"Polygon","coordinates":[[[89.67155,25.32231],[89.67154,25.32194],[89.67134,25.32195],[89.67133,25.32141],[89.67153,25.3214],[89.67152,25.32104],[89.67172,25.32104],[89.67172,25.32086],[89.67191,25.32086],[89.67191,25.32049],[89.67171,25.3205],[89.6717,25.31996],[89.6713,25.32014],[89.6713,25.31978],[89.6703,25.3198],[89.6701,25.31944],[89.6699,25.31945],[89.66989,25.31909],[89.67028,25.3189],[89.67028,25.31872],[89.67087,25.31871],[89.67088,25.31889],[89.67108,25.31888],[89.67109,25.31943],[89.67129,25.31942],[89.67129,25.3196],[89.67169,25.3196],[89.67167,25.31887],[89.67187,25.31887],[89.67187,25.31869],[89.67246,25.31868],[89.67247,25.31886],[89.67267,25.31886],[89.67266,25.3185],[89.67226,25.31832],[89.67225,25.31796],[89.67205,25.31796],[89.67205,25.31778],[89.67185,25.31779],[89.67184,25.31725],[89.67164,25.31725],[89.67163,25.31707],[89.67124,25.31708],[89.67143,25.31671],[89.67123,25.31672],[89.67122,25.31636],[89.67082,25.31618],[89.67082,25.316],[89.67062,25.31601],[89.67061,25.31583],[89.67022,25.31583],[89.67023,25.31655],[89.67043,25.31655],[89.67044,25.31691],[89.67064,25.31691],[89.67064,25.31727],[89.67024,25.3171],[89.67024,25.31691],[89.66964,25.31693],[89.66964,25.31656],[89.66924,25.31657],[89.66924,25.31675],[89.66904,25.31676],[89.66905,25.31712],[89.66885,25.31712],[89.66886,25.31748],[89.66847,25.31767],[89.66848,25.31839],[89.66829,25.31839],[89.6683,25.31894],[89.6685,25.31893],[89.6685,25.31911],[89.6689,25.3191],[89.6691,25.31946],[89.6693,25.31946],[89.66931,25.31964],[89.66951,25.31964],[89.66932,25.32036],[89.66952,25.32036],[89.66952,25.32054],[89.66992,25.32053],[89.66993,25.32107],[89.67013,25.32107],[89.67014,25.32143],[89.67054,25.32142],[89.67054,25.3216],[89.67094,25.32159],[89.67094,25.32178],[89.67114,25.32177],[89.67095,25.32214],[89.67115,25.32213],[89.67115,25.32231],[89.67155,25.32231]],[[89.67085,25.31745],[89.67105,25.31744],[89.67105,25.3178],[89.67085,25.31781],[89.67085,25.31745]]]}},{"type":"Feature","properties":{"kind":"land","ha":68.8},"geometry":{"type":"Polygon","coordinates":[[[89.65804,25.33103],[89.65802,25.33013],[89.65822,25.33013],[89.65817,25.32778],[89.65797,25.32779],[89.65796,25.32724],[89.65815,25.32724],[89.65815,25.32688],[89.65795,25.32688],[89.65792,25.3258],[89.65773,25.3258],[89.65771,25.32526],[89.65791,25.32526],[89.65791,25.32508],[89.65831,25.32507],[89.6583,25.32489],[89.6585,25.32489],[89.65849,25.32453],[89.65888,25.32434],[89.65887,25.32362],[89.65907,25.32361],[89.65904,25.32253],[89.65924,25.32253],[89.65923,25.32199],[89.65943,25.32198],[89.65942,25.32144],[89.65962,25.32144],[89.65961,25.32108],[89.66,25.32089],[89.65999,25.32053],[89.66019,25.32053],[89.66019,25.32035],[89.66039,25.32034],[89.66056,25.31926],[89.66076,25.31925],[89.66074,25.31835],[89.66113,25.31816],[89.66112,25.3178],[89.66152,25.31761],[89.66151,25.31743],[89.66171,25.31743],[89.6617,25.31707],[89.66151,25.31707],[89.6615,25.31689],[89.6617,25.31689],[89.6617,25.31671],[89.66209,25.3167],[89.66228,25.31634],[89.66248,25.31633],[89.66247,25.31561],[89.66267,25.31561],[89.66266,25.31525],[89.66286,25.31524],[89.66265,25.31489],[89.66245,25.31489],[89.66226,25.31525],[89.66206,25.31526],[89.66207,25.31544],[89.66187,25.31544],[89.66187,25.31562],[89.66167,25.31563],[89.66168,25.31581],[89.66108,25.31582],[89.66088,25.31546],[89.66068,25.31546],[89.66046,25.31475],[89.66066,25.31474],[89.66066,25.31456],[89.66086,25.31456],[89.66086,25.31474],[89.66126,25.31473],[89.66126,25.31509],[89.66166,25.31508],[89.66166,25.3149],[89.66205,25.3149],[89.66204,25.31436],[89.66105,25.31437],[89.66103,25.31347],[89.66123,25.31347],[89.66122,25.31311],[89.66082,25.31293],[89.66082,25.31275],[89.66062,25.31276],[89.66061,25.31258],[89.66041,25.31258],[89.66041,25.31222],[89.66001,25.31223],[89.66001,25.31241],[89.65942,25.31242],[89.65943,25.31278],[89.65962,25.31278],[89.65966,25.3144],[89.65906,25.31441],[89.65906,25.31423],[89.65886,25.31423],[89.65884,25.31315],[89.65904,25.31315],[89.65903,25.31279],[89.65863,25.31279],[89.65844,25.31316],[89.65804,25.31316],[89.65785,25.31353],[89.65766,25.31353],[89.65747,25.31426],[89.65727,25.31426],[89.65728,25.31462],[89.65689,25.31481],[89.65689,25.31499],[89.65669,25.31499],[89.6567,25.31517],[89.6565,25.31518],[89.65651,25.31554],[89.65631,25.31554],[89.65613,25.31663],[89.65594,25.31663],[89.65594,25.31699],[89.65575,25.317],[89.65557,25.31808],[89.65537,25.31809],[89.65542,25.32043],[89.65562,25.32043],[89.65565,25.32151],[89.65624,25.3215],[89.65625,25.32168],[89.65664,25.32167],[89.65665,25.32203],[89.65705,25.32221],[89.65706,25.32257],[89.65667,25.32276],[89.65666,25.32257],[89.65587,25.32259],[89.65566,25.32223],[89.65546,25.32224],[89.65547,25.3226],[89.65527,25.3226],[89.65534,25.32549],[89.65553,25.32548],[89.65555,25.3262],[89.65575,25.3262],[89.65576,25.32656],[89.65595,25.32656],[89.65597,25.3271],[89.65616,25.3271],[89.65618,25.32764],[89.65658,25.32781],[89.65679,25.32853],[89.65699,25.32853],[89.657,25.32907],[89.6572,25.32906],[89.65722,25.32978],[89.65741,25.32978],[89.65743,25.33032],[89.65763,25.33032],[89.65764,25.33086],[89.65784,25.33086],[89.65784,25.33104],[89.65804,25.33103]],[[89.65764,25.32184],[89.65784,25.32183],[89.65784,25.32201],[89.65764,25.32202],[89.65764,25.32184]],[[89.65799,25.31984],[89.65779,25.31985],[89.65778,25.31931],[89.65818,25.3193],[89.65818,25.31948],[89.65838,25.31948],[89.65839,25.32002],[89.658,25.32002],[89.65799,25.31984]]]}},{"type":"Feature","properties":{"kind":"land","ha":16.5},"geometry":{"type":"Polygon","coordinates":[[[89.64189,25.31923],[89.64208,25.31887],[89.64169,25.31887],[89.64168,25.31869],[89.64049,25.31871],[89.64049,25.31853],[89.64029,25.31854],[89.64028,25.31818],[89.63969,25.31819],[89.63968,25.31801],[89.63929,25.31801],[89.63927,25.31729],[89.63947,25.31729],[89.63946,25.31693],[89.63985,25.31674],[89.63985,25.31656],[89.64005,25.31656],[89.64004,25.31638],[89.64024,25.31637],[89.64024,25.31619],[89.64044,25.31619],[89.64041,25.31493],[89.64021,25.31493],[89.6402,25.31457],[89.63961,25.31458],[89.6396,25.3144],[89.64,25.31439],[89.64,25.31421],[89.6402,25.31421],[89.64018,25.31349],[89.63998,25.31349],[89.63998,25.31331],[89.63958,25.31332],[89.63958,25.31314],[89.63918,25.31314],[89.63897,25.31279],[89.63878,25.31279],[89.63877,25.31243],[89.63857,25.31243],[89.63856,25.31207],[89.63816,25.3119],[89.63816,25.31172],[89.63796,25.31172],[89.63795,25.31154],[89.63756,25.31155],[89.63757,25.31209],[89.63737,25.31209],[89.63743,25.31498],[89.63723,25.31498],[89.63725,25.31552],[89.63665,25.31553],[89.63665,25.31571],[89.63646,25.31572],[89.63646,25.31608],[89.63726,25.31625],[89.63727,25.31643],[89.63746,25.31642],[89.63747,25.31678],[89.63787,25.31696],[89.63788,25.31714],[89.63808,25.31713],[89.63808,25.31731],[89.63828,25.31731],[89.63828,25.31749],[89.63848,25.31749],[89.63848,25.31767],[89.63888,25.31766],[89.63889,25.3182],[89.63909,25.3182],[89.6391,25.31838],[89.63949,25.31837],[89.6397,25.31873],[89.6399,25.31873],[89.6399,25.31891],[89.6407,25.31889],[89.6407,25.31907],[89.6411,25.31906],[89.6411,25.31925],[89.64189,25.31923]],[[89.63841,25.31442],[89.63881,25.31441],[89.63881,25.31459],[89.63901,25.31459],[89.63902,25.31495],[89.63843,25.31496],[89.63841,25.31442]],[[89.63781,25.31407],[89.6382,25.31388],[89.63822,25.31442],[89.63802,25.31443],[89.63781,25.31407]]]}},{"type":"Feature","properties":{"kind":"land","ha":20.2},"geometry":{"type":"Polygon","coordinates":[[[89.68386,25.31342],[89.68386,25.31324],[89.68406,25.31323],[89.68384,25.31216],[89.68403,25.31215],[89.68402,25.31161],[89.68422,25.31161],[89.68421,25.31125],[89.68441,25.31124],[89.68441,25.31106],[89.6848,25.31105],[89.6848,25.31087],[89.6854,25.31086],[89.68539,25.31068],[89.68579,25.31068],[89.68579,25.31086],[89.68639,25.31085],[89.68638,25.31067],[89.68658,25.31066],[89.68658,25.3103],[89.68698,25.31047],[89.68736,25.30974],[89.68775,25.30974],[89.68775,25.30956],[89.68795,25.30955],[89.68794,25.30919],[89.68754,25.30902],[89.68754,25.30884],[89.68793,25.30865],[89.68792,25.30847],[89.68833,25.30864],[89.68834,25.30919],[89.68873,25.30918],[89.68872,25.30864],[89.68951,25.30844],[89.6897,25.30808],[89.6899,25.30807],[89.68988,25.30717],[89.69008,25.30717],[89.69007,25.30663],[89.68967,25.30645],[89.68966,25.30627],[89.68946,25.30628],[89.68946,25.3061],[89.68907,25.30628],[89.68907,25.30646],[89.68867,25.30647],[89.68868,25.30665],[89.68788,25.30667],[89.68768,25.30631],[89.68728,25.30632],[89.68729,25.3065],[89.68689,25.3065],[89.68689,25.30669],[89.6865,25.30669],[89.68651,25.30723],[89.68671,25.30723],[89.68671,25.30759],[89.68652,25.30759],[89.68652,25.30777],[89.68573,25.30779],[89.68572,25.30761],[89.68513,25.30762],[89.68513,25.3078],[89.68533,25.3078],[89.68534,25.30816],[89.68553,25.30815],[89.68554,25.30851],[89.68534,25.30852],[89.68536,25.30924],[89.68576,25.30923],[89.68576,25.30941],[89.68596,25.30941],[89.68596,25.30923],[89.68675,25.30921],[89.68676,25.30958],[89.68696,25.30957],[89.68696,25.30975],[89.68577,25.30977],[89.68577,25.30995],[89.68379,25.30999],[89.68379,25.31017],[89.6834,25.31018],[89.6834,25.31036],[89.683,25.31037],[89.68301,25.31055],[89.68201,25.31056],[89.68182,25.31093],[89.68163,25.31093],[89.68163,25.31111],[89.68143,25.31112],[89.68144,25.31148],[89.68224,25.31164],[89.68244,25.312],[89.68264,25.312],[89.68286,25.31271],[89.68326,25.31289],[89.68326,25.31325],[89.68346,25.31325],[89.68347,25.31343],[89.68386,25.31342]]]}},{"type":"Feature","properties":{"kind":"land","ha":27.0},"geometry":{"type":"Polygon","coordinates":[[[89.69521,25.31466],[89.69521,25.31447],[89.6958,25.31446],[89.69578,25.31356],[89.69558,25.31357],[89.69557,25.3132],[89.69538,25.31321],[89.69536,25.31249],[89.69556,25.31248],[89.69555,25.31212],[89.69535,25.31213],[89.69534,25.31176],[89.69574,25.31176],[89.69574,25.31158],[89.69594,25.31157],[89.69593,25.31121],[89.69632,25.31103],[89.69632,25.31084],[89.69691,25.31083],[89.69692,25.31101],[89.69731,25.31101],[89.69731,25.31083],[89.69751,25.31082],[89.69752,25.31118],[89.69771,25.31118],[89.69769,25.31028],[89.6975,25.31028],[89.69748,25.30974],[89.69728,25.30974],[89.69728,25.30938],[89.69708,25.30939],[89.69707,25.30903],[89.69667,25.30885],[89.69646,25.30813],[89.69626,25.30814],[89.69624,25.3076],[89.69605,25.3076],[89.69603,25.30706],[89.69623,25.30706],[89.69621,25.30597],[89.69601,25.30598],[89.696,25.30562],[89.6958,25.30562],[89.6958,25.30526],[89.6956,25.30526],[89.69559,25.30508],[89.69579,25.30508],[89.69577,25.304],[89.69537,25.30382],[89.69535,25.30328],[89.69436,25.3033],[89.69417,25.30366],[89.69397,25.30367],[89.69398,25.30385],[89.69378,25.30385],[89.69378,25.30403],[89.69358,25.30404],[89.69359,25.3044],[89.69339,25.3044],[89.69341,25.30512],[89.69381,25.3053],[89.69382,25.30548],[89.69421,25.30529],[89.6942,25.30511],[89.6944,25.3051],[89.69439,25.30438],[89.69478,25.30438],[89.69499,25.30473],[89.69539,25.30473],[89.69541,25.30581],[89.69521,25.30581],[89.69522,25.30617],[89.69502,25.30618],[89.69503,25.30654],[89.69464,25.30672],[89.69464,25.30709],[89.69425,25.30727],[89.69407,25.308],[89.69367,25.30801],[89.69345,25.30693],[89.69325,25.30693],[89.69323,25.30603],[89.69343,25.30602],[89.69343,25.30584],[89.69323,25.30585],[89.69321,25.30513],[89.69281,25.30513],[89.69283,25.30567],[89.69263,25.30568],[89.69264,25.30604],[89.69244,25.30604],[89.69245,25.3064],[89.69225,25.30641],[89.69226,25.30695],[89.69206,25.30695],[89.69206,25.30713],[89.69226,25.30713],[89.69228,25.30785],[89.69188,25.30786],[89.69188,25.30768],[89.69168,25.30768],[89.69168,25.30786],[89.69149,25.30786],[89.69149,25.30805],[89.69189,25.30804],[89.69189,25.30822],[89.69209,25.30821],[89.6921,25.30858],[89.6923,25.30857],[89.6923,25.30875],[89.69309,25.30874],[89.6933,25.30909],[89.6935,25.30909],[89.69351,25.30945],[89.6937,25.30945],[89.69371,25.30963],[89.69451,25.30979],[89.69451,25.30998],[89.6953,25.30978],[89.6953,25.30996],[89.6959,25.30995],[89.6959,25.31013],[89.6961,25.31013],[89.69611,25.31049],[89.69572,25.31068],[89.69572,25.31086],[89.69552,25.31086],[89.69553,25.31104],[89.69533,25.31104],[89.69533,25.31122],[89.69513,25.31123],[89.69514,25.31141],[89.69494,25.31141],[89.69494,25.31159],[89.69454,25.31142],[89.69453,25.31106],[89.69394,25.31107],[89.69395,25.31179],[89.69415,25.31179],[89.69416,25.31197],[89.69396,25.31197],[89.69396,25.31215],[89.69436,25.31214],[89.69435,25.31178],[89.69515,25.31177],[89.69515,25.31213],[89.69476,25.31232],[89.69476,25.3125],[89.69457,25.3125],[89.69457,25.31268],[89.69417,25.31269],[89.69398,25.31305],[89.69319,25.31307],[89.69319,25.31325],[89.69299,25.31325],[89.693,25.31361],[89.6936,25.3136],[89.6936,25.31378],[89.6938,25.31378],[89.69381,25.31432],[89.69401,25.31432],[89.69401,25.3145],[89.69441,25.31449],[89.69442,25.31467],[89.69521,25.31466]]]}},{"type":"Feature","properties":{"kind":"land","ha":5.6},"geometry":{"type":"Polygon","coordinates":[[[89.64168,25.30028],[89.64167,25.29956],[89.64126,25.29939],[89.64126,25.29921],[89.64106,25.29921],[89.64105,25.29885],[89.64046,25.29886],[89.64025,25.2985],[89.64005,25.29851],[89.64004,25.29779],[89.63984,25.29779],[89.63983,25.29725],[89.63943,25.29707],[89.63941,25.29635],[89.63921,25.29636],[89.63921,25.296],[89.63901,25.296],[89.63901,25.29618],[89.63881,25.29618],[89.63888,25.29907],[89.63868,25.29907],[89.63869,25.2998],[89.63909,25.29961],[89.63908,25.29943],[89.63928,25.29942],[89.63928,25.29924],[89.63947,25.29924],[89.63948,25.29942],[89.64007,25.29941],[89.64028,25.29977],[89.64048,25.29976],[89.64048,25.29994],[89.64068,25.29994],[89.64069,25.30012],[89.64088,25.30012],[89.64089,25.3003],[89.64168,25.30028]]]}},{"type":"Feature","properties":{"kind":"land","ha":5.2},"geometry":{"type":"Polygon","coordinates":[[[89.61888,25.30195],[89.61887,25.30141],[89.61907,25.30141],[89.61907,25.30123],[89.61887,25.30123],[89.61885,25.30015],[89.61865,25.30015],[89.61864,25.29997],[89.61884,25.29997],[89.61883,25.29925],[89.61922,25.29924],[89.61943,25.2996],[89.62022,25.29958],[89.62022,25.2994],[89.62042,25.2994],[89.62043,25.29976],[89.62062,25.29976],[89.62063,25.29994],[89.62083,25.29993],[89.62082,25.29957],[89.62062,25.29958],[89.62061,25.29922],[89.62021,25.29904],[89.62021,25.29886],[89.61981,25.29887],[89.61981,25.29869],[89.61901,25.2987],[89.61901,25.29834],[89.6186,25.29817],[89.6186,25.29799],[89.6184,25.29799],[89.61839,25.29763],[89.6182,25.29763],[89.61818,25.29709],[89.61799,25.2971],[89.61797,25.29637],[89.61757,25.2962],[89.61759,25.29728],[89.61779,25.29728],[89.61781,25.29818],[89.61801,25.29818],[89.61804,25.29944],[89.61823,25.29944],[89.61825,25.29998],[89.61844,25.29998],[89.61845,25.30034],[89.61825,25.30034],[89.61828,25.30142],[89.61848,25.30142],[89.61849,25.30214],[89.61888,25.30195]]]}},{"type":"Feature","properties":{"kind":"land","ha":53.6},"geometry":{"type":"Polygon","coordinates":[[[89.6724,25.30659],[89.67237,25.30532],[89.67257,25.30532],[89.67255,25.30478],[89.67275,25.30478],[89.67274,25.30424],[89.67294,25.30423],[89.6729,25.30261],[89.6731,25.3026],[89.67309,25.30188],[89.67329,25.30188],[89.67328,25.30152],[89.67348,25.30151],[89.67347,25.30115],[89.67367,25.30115],[89.67365,25.30025],[89.67404,25.30006],[89.67402,25.29898],[89.67361,25.2988],[89.67361,25.29862],[89.67341,25.29863],[89.67339,25.29773],[89.67319,25.29773],[89.67319,25.29737],[89.67279,25.2972],[89.67278,25.29701],[89.67258,25.29702],[89.67258,25.29684],[89.67238,25.29684],[89.67237,25.2963],[89.67217,25.2963],[89.6722,25.29757],[89.672,25.29757],[89.67201,25.29811],[89.67181,25.29812],[89.67182,25.29848],[89.67162,25.29848],[89.67163,25.29884],[89.67084,25.29886],[89.67085,25.2994],[89.67065,25.2994],[89.67064,25.29904],[89.67044,25.29904],[89.67042,25.29814],[89.67023,25.29814],[89.67022,25.29778],[89.67002,25.29779],[89.67001,25.29761],[89.66962,25.29761],[89.66961,25.29725],[89.66941,25.29726],[89.66941,25.29708],[89.66921,25.29708],[89.6692,25.29672],[89.669,25.29672],[89.66899,25.296],[89.66879,25.296],[89.66878,25.29546],[89.66858,25.29547],[89.66859,25.29583],[89.66839,25.29583],[89.66839,25.29601],[89.66819,25.29602],[89.66819,25.29583],[89.66779,25.29584],[89.6678,25.2962],[89.6682,25.29638],[89.66822,25.2971],[89.66842,25.29709],[89.66844,25.29818],[89.66864,25.29817],[89.66866,25.29908],[89.66846,25.29908],[89.66847,25.29962],[89.66807,25.29963],[89.66786,25.29891],[89.66746,25.29874],[89.66744,25.29801],[89.66724,25.29802],[89.66723,25.29748],[89.66684,25.29748],[89.66682,25.29676],[89.66702,25.29676],[89.66701,25.29658],[89.66682,25.29658],[89.66678,25.29496],[89.66638,25.29496],[89.66638,25.2946],[89.66597,25.29443],[89.66595,25.29353],[89.66576,25.29353],[89.66575,25.29317],[89.66555,25.29318],[89.66554,25.29281],[89.66594,25.29281],[89.66615,25.29316],[89.66654,25.29316],[89.66655,25.29334],[89.66694,25.29333],[89.66694,25.29297],[89.66653,25.2928],[89.66653,25.29244],[89.66613,25.29244],[89.66592,25.29209],[89.66553,25.29209],[89.66532,25.29174],[89.66492,25.29174],[89.66494,25.29246],[89.66474,25.29247],[89.66475,25.29283],[89.66415,25.29284],[89.66416,25.29338],[89.66436,25.29338],[89.66438,25.29392],[89.66478,25.29409],[89.6648,25.29499],[89.66499,25.29499],[89.665,25.29535],[89.6652,25.29535],[89.66522,25.29625],[89.66502,25.29625],[89.66503,25.29661],[89.66483,25.29662],[89.66462,25.29626],[89.66443,25.29626],[89.66442,25.29608],[89.66422,25.29609],[89.66424,25.29681],[89.66504,25.29697],[89.66503,25.29679],[89.66523,25.29679],[89.66524,25.29697],[89.66543,25.29697],[89.66526,25.29805],[89.66546,25.29805],[89.66547,25.29859],[89.66567,25.29859],[89.66568,25.29895],[89.66587,25.29894],[89.66589,25.29985],[89.6663,25.30002],[89.6663,25.3002],[89.6665,25.3002],[89.6665,25.30038],[89.6667,25.30037],[89.6667,25.30055],[89.6669,25.30055],[89.66691,25.30073],[89.66711,25.30073],[89.66711,25.30091],[89.66731,25.3009],[89.66732,25.30127],[89.66751,25.30126],[89.66752,25.30144],[89.66791,25.30143],[89.66792,25.30162],[89.66812,25.30161],[89.66811,25.30107],[89.6685,25.30106],[89.66851,25.3016],[89.66891,25.30178],[89.66913,25.3025],[89.66933,25.30249],[89.66934,25.30285],[89.66974,25.30303],[89.66974,25.30321],[89.66994,25.3032],[89.66995,25.30356],[89.67015,25.30356],[89.67015,25.30374],[89.67035,25.30374],[89.67056,25.30446],[89.67076,25.30445],[89.67077,25.30481],[89.67117,25.30499],[89.67118,25.30553],[89.67158,25.3057],[89.67159,25.30606],[89.67199,25.30623],[89.67199,25.30641],[89.67219,25.30641],[89.6722,25.30659],[89.6724,25.30659]],[[89.67133,25.30336],[89.67134,25.3039],[89.67095,25.30391],[89.67094,25.30355],[89.67133,25.30336]],[[89.67054,25.30355],[89.67073,25.30319],[89.67093,25.30319],[89.67094,25.30355],[89.67054,25.30355]],[[89.67153,25.30335],[89.67173,25.30335],[89.67174,25.30371],[89.67154,25.30372],[89.67153,25.30335]],[[89.67112,25.30282],[89.67072,25.30283],[89.67072,25.30247],[89.67092,25.30246],[89.67092,25.30264],[89.67132,25.30264],[89.67132,25.303],[89.67113,25.303],[89.67112,25.30282]],[[89.6723,25.30244],[89.6727,25.30243],[89.67271,25.30297],[89.67232,25.30298],[89.6723,25.30244]],[[89.6711,25.30174],[89.6713,25.30173],[89.6713,25.30191],[89.6711,25.30192],[89.6711,25.30174]],[[89.67249,25.30171],[89.67288,25.30171],[89.67289,25.30189],[89.67249,25.30189],[89.67249,25.30171]],[[89.67069,25.30102],[89.67088,25.30102],[89.67089,25.3012],[89.67069,25.3012],[89.67069,25.30102]],[[89.67048,25.30049],[89.67067,25.30048],[89.67066,25.29976],[89.67086,25.29976],[89.67106,25.30011],[89.67086,25.30012],[89.67088,25.30084],[89.67048,25.30085],[89.67048,25.30049]],[[89.67303,25.29918],[89.67342,25.29917],[89.67343,25.29953],[89.67304,25.29954],[89.67303,25.29918]],[[89.673,25.29791],[89.6732,25.29791],[89.67321,25.29863],[89.67302,25.29864],[89.673,25.29791]]]}},{"type":"Feature","properties":{"kind":"land","ha":3.0},"geometry":{"type":"Polygon","coordinates":[[[89.61521,25.29751],[89.61521,25.29715],[89.61501,25.29715],[89.61499,25.29643],[89.61479,25.29643],[89.61478,25.29553],[89.61437,25.29536],[89.61436,25.29463],[89.61396,25.29464],[89.61376,25.29428],[89.61356,25.29429],[89.61355,25.29375],[89.61335,25.29375],[89.61333,25.29285],[89.61313,25.29285],[89.61313,25.29267],[89.61273,25.29268],[89.61274,25.29304],[89.61293,25.29303],[89.61295,25.29376],[89.61315,25.29375],[89.61316,25.29429],[89.61336,25.29429],[89.61337,25.29483],[89.61357,25.29483],[89.61358,25.29537],[89.61378,25.29537],[89.61399,25.29608],[89.61419,25.29608],[89.6142,25.29644],[89.6146,25.29661],[89.61461,25.29698],[89.61481,25.29697],[89.61481,25.29733],[89.61501,25.29733],[89.61502,25.29751],[89.61521,25.29751]]]}},{"type":"Feature","properties":{"kind":"land","ha":6.3},"geometry":{"type":"Polygon","coordinates":[[[89.67671,25.29496],[89.6767,25.2946],[89.6769,25.29459],[89.67688,25.29369],[89.67708,25.29369],[89.67706,25.29297],[89.67726,25.29296],[89.67725,25.29242],[89.67764,25.29223],[89.67764,25.29205],[89.67783,25.29205],[89.67783,25.29169],[89.67802,25.29169],[89.67802,25.29151],[89.67782,25.29151],[89.67781,25.29115],[89.67762,25.29115],[89.67762,25.29133],[89.67722,25.29134],[89.67703,25.2917],[89.67683,25.29171],[89.67663,25.29135],[89.67643,25.29135],[89.67642,25.29081],[89.67602,25.291],[89.67603,25.29118],[89.67583,25.29118],[89.67583,25.29136],[89.67564,25.29137],[89.67564,25.29155],[89.67544,25.29155],[89.67545,25.29191],[89.67506,25.2921],[89.67506,25.29228],[89.67466,25.29229],[89.67447,25.29265],[89.67427,25.29266],[89.67428,25.29302],[89.67408,25.29302],[89.67409,25.2932],[89.67508,25.29318],[89.67529,25.2939],[89.67549,25.2939],[89.67551,25.29462],[89.67571,25.29462],[89.67571,25.2948],[89.67631,25.29479],[89.67631,25.29497],[89.67671,25.29496]],[[89.67589,25.29407],[89.67629,25.29388],[89.6763,25.29442],[89.6761,25.29443],[89.67589,25.29407]],[[89.67588,25.29353],[89.67529,25.29354],[89.67527,25.293],[89.67508,25.293],[89.67507,25.29282],[89.67527,25.29282],[89.67526,25.29228],[89.67565,25.29209],[89.67565,25.29191],[89.67604,25.2919],[89.67605,25.29208],[89.67625,25.29208],[89.67625,25.29244],[89.67645,25.29244],[89.67647,25.29334],[89.67608,25.29353],[89.67608,25.29371],[89.67589,25.29371],[89.67588,25.29353]]]}},{"type":"Feature","properties":{"kind":"land","ha":41.0},"geometry":{"type":"Polygon","coordinates":[[[89.63119,25.29235],[89.63119,25.29271],[89.63099,25.29271],[89.63101,25.29343],[89.63081,25.29344],[89.63084,25.2947],[89.63064,25.2947],[89.63066,25.29543],[89.63085,25.29542],[89.63087,25.29596],[89.63106,25.29596],[89.63106,25.2956],[89.63126,25.2956],[89.63147,25.29631],[89.63207,25.2963],[89.63206,25.29612],[89.63246,25.29612],[89.63246,25.2963],[89.63266,25.29629],[89.63268,25.2972],[89.63109,25.29722],[89.6311,25.2974],[89.63129,25.2974],[89.63131,25.29812],[89.63151,25.29812],[89.63152,25.29866],[89.63172,25.29866],[89.63173,25.29902],[89.63193,25.29901],[89.63194,25.29992],[89.63214,25.29991],[89.63215,25.30045],[89.63235,25.30045],[89.63237,25.30135],[89.63277,25.30153],[89.63278,25.30189],[89.63298,25.30188],[89.633,25.30297],[89.6332,25.30296],[89.63321,25.3035],[89.63361,25.30368],[89.63362,25.30386],[89.63382,25.30385],[89.63382,25.30403],[89.63402,25.30403],[89.63404,25.30511],[89.63444,25.30511],[89.63444,25.30529],[89.63464,25.30528],[89.63463,25.30492],[89.63424,25.30493],[89.63422,25.30421],[89.63462,25.30438],[89.63463,25.30474],[89.63503,25.30473],[89.63498,25.30257],[89.63458,25.30258],[89.63457,25.30185],[89.63496,25.30185],[89.63496,25.30149],[89.63516,25.30148],[89.6351,25.29878],[89.6349,25.29878],[89.63487,25.29752],[89.63467,25.29752],[89.63466,25.29716],[89.63486,25.29716],[89.63487,25.29734],[89.63566,25.29732],[89.63566,25.29714],[89.63586,25.29714],[89.63585,25.29678],[89.63565,25.29678],[89.63564,25.29642],[89.63544,25.29642],[89.63544,25.29606],[89.63524,25.29607],[89.63522,25.29553],[89.63503,25.29553],[89.63502,25.29517],[89.63482,25.29517],[89.63481,25.29463],[89.63441,25.29446],[89.6344,25.2941],[89.6342,25.2941],[89.63419,25.29356],[89.63399,25.29356],[89.63398,25.29302],[89.63378,25.29302],[89.63377,25.2923],[89.63357,25.29231],[89.63354,25.29104],[89.63334,25.29105],[89.63331,25.28978],[89.63312,25.28979],[89.63308,25.28834],[89.63289,25.28835],[89.63287,25.28763],[89.63267,25.28763],[89.63268,25.28817],[89.63249,25.28817],[89.63249,25.28853],[89.63229,25.28854],[89.63232,25.28962],[89.63212,25.28962],[89.63213,25.28999],[89.63233,25.28998],[89.63233,25.29016],[89.63273,25.29016],[89.63275,25.29106],[89.63294,25.29105],[89.63296,25.29159],[89.63236,25.29161],[89.63214,25.29053],[89.63194,25.29053],[89.63195,25.29089],[89.63175,25.29089],[89.63176,25.29144],[89.63156,25.29144],[89.63157,25.29198],[89.63138,25.29198],[89.63138,25.29235],[89.63119,25.29235]],[[89.63178,25.29216],[89.63198,25.29251],[89.63218,25.29251],[89.63219,25.29287],[89.6318,25.29306],[89.6318,25.29324],[89.6316,25.29324],[89.63159,25.29288],[89.6314,25.29289],[89.63138,25.29235],[89.63178,25.29216]],[[89.63394,25.30042],[89.63414,25.30042],[89.63415,25.30078],[89.63435,25.30078],[89.63435,25.30096],[89.63395,25.30096],[89.63394,25.30042]],[[89.63288,25.29737],[89.63328,25.29736],[89.63328,25.29755],[89.63289,25.29755],[89.63288,25.29737]],[[89.63384,25.29591],[89.63365,25.29591],[89.63364,25.29555],[89.63344,25.29556],[89.63343,25.29502],[89.63303,25.29484],[89.63301,25.2943],[89.63282,25.2943],[89.6332,25.29358],[89.6334,25.29357],[89.6334,25.29393],[89.6336,25.29393],[89.63361,25.29429],[89.63381,25.29429],[89.63382,25.29465],[89.63401,25.29464],[89.63402,25.29501],[89.63422,25.295],[89.63423,25.29554],[89.63443,25.29554],[89.63445,25.29626],[89.63425,25.29626],[89.63425,25.29645],[89.63386,25.29645],[89.63384,25.29591]],[[89.63203,25.29486],[89.63163,25.29469],[89.63161,25.29342],[89.63201,25.2936],[89.63202,25.29432],[89.63222,25.29432],[89.63223,25.29486],[89.63243,25.29485],[89.63244,25.29521],[89.63204,25.29522],[89.63203,25.29486]]]}},{"type":"Feature","properties":{"kind":"land","ha":7.9},"geometry":{"type":"Polygon","coordinates":[[[89.67044,25.28984],[89.67042,25.28912],[89.67082,25.28893],[89.67081,25.28875],[89.67101,25.28874],[89.67101,25.28856],[89.67121,25.28856],[89.6712,25.28838],[89.6714,25.28838],[89.67139,25.28802],[89.67119,25.28802],[89.67119,25.28784],[89.67079,25.28785],[89.67079,25.28767],[89.67059,25.28767],[89.67058,25.28731],[89.67038,25.28731],[89.67037,25.28659],[89.67076,25.2864],[89.67076,25.28622],[89.67096,25.28622],[89.67095,25.28604],[89.67115,25.28603],[89.67114,25.28567],[89.67055,25.28568],[89.67036,25.28605],[89.67016,25.28605],[89.67016,25.28623],[89.66996,25.28624],[89.66997,25.28642],[89.66977,25.28642],[89.66975,25.2857],[89.66935,25.28553],[89.66916,25.28589],[89.66896,25.28589],[89.66897,25.28607],[89.66877,25.28608],[89.66877,25.28626],[89.66858,25.28626],[89.66857,25.28608],[89.66798,25.28609],[89.66798,25.28627],[89.66778,25.28628],[89.6678,25.287],[89.668,25.28699],[89.668,25.28736],[89.6682,25.28735],[89.66821,25.28753],[89.6684,25.28753],[89.6684,25.28735],[89.6686,25.28734],[89.66858,25.28644],[89.66917,25.28643],[89.66918,25.28661],[89.66958,25.2866],[89.66939,25.28733],[89.66919,25.28733],[89.66921,25.28787],[89.66901,25.28788],[89.66902,25.28824],[89.66882,25.28824],[89.66882,25.2886],[89.66863,25.28861],[89.66863,25.28897],[89.66883,25.28896],[89.66884,25.28933],[89.66924,25.28932],[89.66923,25.28914],[89.66943,25.28913],[89.66944,25.28931],[89.66983,25.28931],[89.67004,25.28966],[89.67024,25.28966],[89.67024,25.28984],[89.67044,25.28984]],[[89.66942,25.28841],[89.66961,25.28841],[89.66962,25.28877],[89.66923,25.28878],[89.66942,25.28841]]]}},{"type":"Feature","properties":{"kind":"land","ha":9.8},"geometry":{"type":"Polygon","coordinates":[[[89.67957,25.28967],[89.67976,25.28931],[89.67996,25.2893],[89.67995,25.28912],[89.68055,25.28911],[89.68055,25.28929],[89.68095,25.28929],[89.68074,25.28857],[89.68093,25.28856],[89.68093,25.2882],[89.68112,25.2882],[89.68111,25.28748],[89.68131,25.28747],[89.6813,25.28693],[89.68169,25.28675],[89.68168,25.28657],[89.68188,25.28656],[89.68188,25.28638],[89.68208,25.28638],[89.68186,25.28566],[89.68166,25.28566],[89.68166,25.2853],[89.68205,25.28511],[89.68205,25.28493],[89.68224,25.28493],[89.68224,25.28457],[89.68243,25.28457],[89.68243,25.28439],[89.68263,25.28438],[89.68261,25.28366],[89.68221,25.28349],[89.68221,25.28331],[89.68201,25.28331],[89.68199,25.28241],[89.68179,25.28241],[89.68179,25.28223],[89.68119,25.28224],[89.681,25.28261],[89.6808,25.28261],[89.68082,25.28351],[89.68122,25.28369],[89.68124,25.28423],[89.68104,25.28423],[89.68106,25.28531],[89.68086,25.28532],[89.68088,25.28622],[89.68049,25.28623],[89.68049,25.28641],[89.68089,25.28658],[89.68089,25.28676],[89.68109,25.28676],[89.6811,25.28694],[89.6807,25.28712],[89.68071,25.28731],[89.68051,25.28731],[89.68051,25.28749],[89.68031,25.28749],[89.68013,25.28822],[89.67993,25.28822],[89.67995,25.28876],[89.67955,25.28895],[89.67956,25.28913],[89.67916,25.28914],[89.67895,25.28878],[89.67915,25.28878],[89.67914,25.28842],[89.67934,25.28841],[89.67933,25.28805],[89.67953,25.28805],[89.67971,25.28696],[89.67951,25.28697],[89.67952,25.28733],[89.67932,25.28733],[89.67932,25.28751],[89.67912,25.28751],[89.67914,25.28806],[89.67874,25.28824],[89.67875,25.28842],[89.67835,25.28843],[89.67835,25.28861],[89.67816,25.28861],[89.67836,25.28897],[89.67856,25.28897],[89.67857,25.28933],[89.67877,25.28933],[89.67877,25.28951],[89.67917,25.2895],[89.67917,25.28968],[89.67957,25.28967]]]}},{"type":"Feature","properties":{"kind":"land","ha":48.7},"geometry":{"type":"Polygon","coordinates":[[[89.66602,25.28721],[89.66621,25.28721],[89.6662,25.28649],[89.666,25.28649],[89.66598,25.28577],[89.66579,25.28577],[89.66578,25.28559],[89.66519,25.2856],[89.66518,25.28542],[89.66538,25.28542],[89.66538,25.28524],[89.66577,25.28523],[89.66578,25.28541],[89.66617,25.2854],[89.66636,25.28504],[89.66676,25.28503],[89.66676,25.28485],[89.66715,25.28484],[89.66715,25.28466],[89.66735,25.28466],[89.66734,25.28412],[89.66754,25.28411],[89.66753,25.28375],[89.66773,25.28375],[89.66772,25.28339],[89.66792,25.28339],[89.6679,25.28266],[89.6681,25.28266],[89.66809,25.28212],[89.66789,25.28212],[89.66788,25.28194],[89.66808,25.28194],[89.66808,25.28176],[89.66649,25.28179],[89.6665,25.28197],[89.6663,25.28197],[89.66631,25.28251],[89.6671,25.2825],[89.6671,25.28232],[89.6675,25.28231],[89.66749,25.28213],[89.66769,25.28213],[89.6679,25.28248],[89.6675,25.28267],[89.66751,25.28285],[89.66632,25.28287],[89.66613,25.28324],[89.66573,25.28324],[89.66573,25.28343],[89.66554,25.28343],[89.66556,25.28451],[89.66536,25.28452],[89.66536,25.2847],[89.66477,25.28471],[89.66475,25.2838],[89.66495,25.2838],[89.66494,25.28344],[89.66454,25.28345],[89.66454,25.28327],[89.66434,25.28327],[89.66432,25.28219],[89.66412,25.28219],[89.6641,25.28147],[89.66331,25.2813],[89.66331,25.28148],[89.66271,25.28149],[89.66272,25.28186],[89.66252,25.28186],[89.66253,25.28204],[89.66293,25.28221],[89.66293,25.28239],[89.66254,25.28258],[89.66254,25.28276],[89.66234,25.28276],[89.66236,25.28331],[89.66196,25.28349],[89.66197,25.28367],[89.66177,25.28368],[89.66177,25.28386],[89.66157,25.28386],[89.6614,25.28495],[89.6612,25.28495],[89.66122,25.28603],[89.66103,25.28604],[89.66105,25.2873],[89.66086,25.2873],[89.66086,25.28766],[89.66047,25.28785],[89.66047,25.28803],[89.66028,25.28804],[89.66027,25.28786],[89.66007,25.28786],[89.66007,25.2875],[89.65987,25.2875],[89.65986,25.28696],[89.66005,25.28696],[89.66005,25.2866],[89.66024,25.28659],[89.66024,25.28623],[89.66043,25.28623],[89.66042,25.28569],[89.66062,25.28568],[89.66061,25.28532],[89.66081,25.28532],[89.6608,25.28496],[89.661,25.28495],[89.66098,25.28405],[89.66118,25.28405],[89.66117,25.28369],[89.66098,25.28369],[89.66097,25.28351],[89.66057,25.28352],[89.66058,25.28388],[89.66038,25.28388],[89.6604,25.2846],[89.6602,25.28461],[89.66021,25.28515],[89.66001,25.28515],[89.66002,25.28551],[89.65982,25.28552],[89.65983,25.28588],[89.65963,25.28588],[89.65965,25.2866],[89.65926,25.28679],[89.65927,25.28733],[89.65907,25.28734],[89.6591,25.2886],[89.6589,25.2886],[89.65891,25.28896],[89.65871,25.28897],[89.65872,25.28969],[89.65892,25.28968],[89.65891,25.28932],[89.65911,25.28932],[89.6591,25.28896],[89.6595,25.28895],[89.65951,25.28913],[89.6597,25.28913],[89.6597,25.28895],[89.6599,25.28895],[89.65989,25.2884],[89.66009,25.2884],[89.66008,25.28822],[89.66048,25.28821],[89.66048,25.28839],[89.66088,25.28839],[89.66109,25.28874],[89.66128,25.28874],[89.66129,25.28892],[89.66149,25.28892],[89.6617,25.28963],[89.6621,25.28981],[89.66211,25.29017],[89.66251,25.29016],[89.66271,25.29052],[89.66351,25.29069],[89.66351,25.29087],[89.66471,25.29102],[89.66471,25.2912],[89.66511,25.2912],[89.6653,25.29083],[89.6655,25.29083],[89.66549,25.29029],[89.66529,25.29029],[89.66526,25.28885],[89.66565,25.28884],[89.66565,25.28866],[89.66585,25.28866],[89.66584,25.2883],[89.66624,25.28829],[89.66623,25.28775],[89.66603,25.28775],[89.66602,25.28721]],[[89.66584,25.28812],[89.66564,25.28812],[89.66564,25.2883],[89.66505,25.28831],[89.66504,25.28813],[89.66484,25.28813],[89.66484,25.28777],[89.66523,25.28777],[89.66523,25.28759],[89.66582,25.28757],[89.66583,25.28776],[89.66603,25.28775],[89.66584,25.28812]]]}},{"type":"Feature","properties":{"kind":"land","ha":3.2},"geometry":{"type":"Polygon","coordinates":[[[89.67131,25.28423],[89.67149,25.2835],[89.67129,25.28351],[89.67129,25.28314],[89.67168,25.28314],[89.67187,25.28277],[89.67207,25.28277],[89.67206,25.28241],[89.67166,25.28224],[89.67166,25.28187],[89.67146,25.28188],[89.67165,25.28151],[89.67185,25.28151],[89.67183,25.28061],[89.67163,25.28061],[89.67163,25.28079],[89.67123,25.2808],[89.67126,25.28206],[89.67087,25.28225],[89.67087,25.28243],[89.67067,25.28243],[89.67069,25.28297],[89.67049,25.28298],[89.6705,25.2837],[89.67031,25.2837],[89.67031,25.28388],[89.67051,25.28388],[89.67052,25.28424],[89.67131,25.28423]]]}},{"type":"Feature","properties":{"kind":"land","ha":5.3},"geometry":{"type":"Polygon","coordinates":[[[89.61223,25.28817],[89.61223,25.28781],[89.61243,25.28781],[89.61241,25.28691],[89.61221,25.28691],[89.6122,25.28655],[89.6124,25.28655],[89.61236,25.28456],[89.61255,25.28456],[89.61254,25.28384],[89.61274,25.28383],[89.61273,25.28365],[89.61254,25.28366],[89.61252,25.28293],[89.61272,25.28293],[89.6127,25.28203],[89.6129,25.28202],[89.61288,25.28112],[89.61308,25.28112],[89.61307,25.28076],[89.61267,25.28058],[89.61266,25.28022],[89.61227,25.28041],[89.61228,25.28113],[89.61208,25.28114],[89.61196,25.28475],[89.61176,25.28475],[89.61179,25.28583],[89.61159,25.28584],[89.6116,25.28638],[89.6118,25.28638],[89.61183,25.28782],[89.61203,25.28782],[89.61204,25.28818],[89.61223,25.28817]]]}},{"type":"Feature","properties":{"kind":"land","ha":3.7},"geometry":{"type":"Polygon","coordinates":[[[89.62836,25.28121],[89.62834,25.28013],[89.62794,25.27995],[89.62794,25.27977],[89.62754,25.27978],[89.62754,25.2796],[89.62734,25.2796],[89.62735,25.28032],[89.62696,25.28033],[89.62695,25.28015],[89.62675,25.28015],[89.62675,25.27997],[89.62695,25.27997],[89.62694,25.27961],[89.62714,25.27961],[89.62713,25.27943],[89.62694,25.27943],[89.62692,25.27889],[89.62533,25.27874],[89.62534,25.27892],[89.62454,25.27893],[89.62455,25.27911],[89.62534,25.2791],[89.62555,25.27945],[89.62575,25.27945],[89.62575,25.27963],[89.62595,25.27963],[89.62595,25.27981],[89.62615,25.2798],[89.62616,25.28016],[89.62636,25.28016],[89.62636,25.28034],[89.62616,25.28035],[89.62617,25.28053],[89.62736,25.2805],[89.62736,25.28068],[89.62756,25.28068],[89.62757,25.28104],[89.62796,25.28103],[89.62797,25.28122],[89.62836,25.28121]]]}},{"type":"Feature","properties":{"kind":"land","ha":4.9},"geometry":{"type":"Polygon","coordinates":[[[89.69883,25.28102],[89.69882,25.28066],[89.69863,25.28066],[89.69862,25.2803],[89.69842,25.2803],[89.69841,25.27994],[89.69801,25.27977],[89.69801,25.27959],[89.69781,25.27959],[89.6978,25.27941],[89.69761,25.27942],[89.6976,25.27924],[89.6974,25.27924],[89.6974,25.27888],[89.69699,25.27871],[89.69699,25.27853],[89.69679,25.27853],[89.69678,25.27799],[89.69658,25.27799],[89.69658,25.27781],[89.69618,25.27782],[89.69597,25.27746],[89.69578,25.27746],[89.69577,25.27728],[89.69557,25.27729],[89.69579,25.27801],[89.69559,25.27801],[89.6956,25.27855],[89.6958,25.27855],[89.69581,25.27891],[89.69601,25.2789],[89.69603,25.27999],[89.69643,25.28016],[89.69644,25.28034],[89.69703,25.28033],[89.69703,25.28015],[89.69723,25.28015],[89.69723,25.28033],[89.69782,25.28031],[89.69803,25.28067],[89.69823,25.28067],[89.69823,25.28085],[89.69863,25.28084],[89.69863,25.28102],[89.69883,25.28102]]]}},{"type":"Feature","properties":{"kind":"land","ha":25.4},"geometry":{"type":"Polygon","coordinates":[[[89.69324,25.27968],[89.69324,25.27932],[89.69344,25.27931],[89.69343,25.27913],[89.69442,25.27911],[89.69443,25.27929],[89.69463,25.27929],[89.69462,25.27893],[89.69501,25.27874],[89.695,25.27838],[89.6952,25.27838],[89.69517,25.27711],[89.69537,25.27711],[89.69536,25.27675],[89.69457,25.27676],[89.69436,25.27641],[89.69417,25.27641],[89.69416,25.27623],[89.69396,25.27623],[89.69396,25.27605],[89.69376,25.27606],[89.69376,25.27588],[89.69356,25.27588],[89.69355,25.27552],[89.69315,25.27535],[89.69314,25.27481],[89.69294,25.27481],[89.69293,25.27463],[89.69254,25.27464],[89.69235,25.275],[89.69195,25.27501],[89.69195,25.27483],[89.69036,25.27486],[89.69036,25.27504],[89.68977,25.27505],[89.68977,25.27523],[89.68878,25.27525],[89.68859,25.27561],[89.68839,25.27561],[89.6884,25.27597],[89.6886,25.27597],[89.68861,25.27669],[89.68841,25.2767],[89.68842,25.27706],[89.68862,25.27705],[89.68863,25.27759],[89.68843,25.2776],[89.68844,25.27796],[89.68864,25.27796],[89.68865,25.27832],[89.68944,25.2783],[89.68945,25.27848],[89.69084,25.27846],[89.69084,25.27864],[89.69124,25.27863],[89.69124,25.27881],[89.69144,25.27881],[89.69143,25.27863],[89.69203,25.27862],[89.69203,25.2788],[89.69223,25.27879],[89.69225,25.27951],[89.69265,25.27951],[89.69285,25.27986],[89.69324,25.27968]],[[89.69119,25.27665],[89.69099,25.27665],[89.69098,25.27593],[89.69137,25.27574],[89.6914,25.277],[89.6912,25.27701],[89.69119,25.27665]]]}},{"type":"Feature","properties":{"kind":"land","ha":4.0},"geometry":{"type":"Polygon","coordinates":[[[89.61623,25.28016],[89.61621,25.27908],[89.61641,25.27907],[89.61638,25.27781],[89.61658,25.27781],[89.61656,25.27691],[89.61676,25.2769],[89.61674,25.276],[89.61694,25.276],[89.61693,25.27564],[89.61653,25.27546],[89.61652,25.27528],[89.61633,25.27529],[89.61632,25.27511],[89.61612,25.27511],[89.61612,25.27493],[89.61552,25.27494],[89.61553,25.27512],[89.61533,25.27512],[89.61534,25.27548],[89.61554,25.27548],[89.61554,25.27566],[89.61594,25.27565],[89.61596,25.27674],[89.61576,25.27674],[89.61578,25.27746],[89.61598,25.27746],[89.61599,25.27818],[89.61559,25.27819],[89.61561,25.27909],[89.61601,25.27926],[89.61603,25.28016],[89.61623,25.28016]]]}},{"type":"Feature","properties":{"kind":"land","ha":5.0},"geometry":{"type":"Polygon","coordinates":[[[89.68363,25.27588],[89.68363,25.2757],[89.68383,25.2757],[89.68381,25.27479],[89.68401,25.27479],[89.684,25.27461],[89.6844,25.2746],[89.68459,25.27424],[89.68479,25.27424],[89.68478,25.27406],[89.68498,25.27405],[89.68498,25.27387],[89.68518,25.27387],[89.68519,25.27441],[89.68539,25.27441],[89.68539,25.27459],[89.68579,25.27458],[89.68578,25.2744],[89.68598,25.27439],[89.68595,25.27295],[89.68555,25.27278],[89.68555,25.2726],[89.68594,25.27241],[89.68593,25.27187],[89.68553,25.27188],[89.68534,25.27224],[89.68514,25.27224],[89.68514,25.27242],[89.68495,25.27243],[89.68495,25.27261],[89.68475,25.27261],[89.68476,25.27279],[89.68456,25.2728],[89.68456,25.27298],[89.68436,25.27298],[89.68437,25.27316],[89.68417,25.27316],[89.68418,25.27352],[89.68398,25.27353],[89.68398,25.27371],[89.68418,25.27371],[89.6842,25.27443],[89.684,25.27443],[89.68399,25.27407],[89.68379,25.27407],[89.68379,25.27389],[89.68339,25.27408],[89.6834,25.27444],[89.6832,25.27444],[89.68322,25.27499],[89.68302,25.27499],[89.68302,25.27517],[89.68322,25.27517],[89.68324,25.27589],[89.68363,25.27588]]]}},{"type":"Feature","properties":{"kind":"land","ha":17.9},"geometry":{"type":"Polygon","coordinates":[[[89.63267,25.27842],[89.63287,25.27842],[89.63288,25.27878],[89.63328,25.27895],[89.63328,25.27914],[89.63348,25.27913],[89.63348,25.27931],[89.63368,25.27931],[89.63369,25.27949],[89.63389,25.27949],[89.63389,25.27967],[89.63409,25.27966],[89.63409,25.27984],[89.63429,25.27984],[89.6345,25.28056],[89.6347,25.28055],[89.63492,25.28163],[89.63533,25.28181],[89.63534,25.28253],[89.63554,25.28252],[89.63555,25.28307],[89.63575,25.28306],[89.63576,25.28342],[89.63596,25.28342],[89.63597,25.28396],[89.63617,25.28396],[89.63618,25.28468],[89.63658,25.28467],[89.63656,25.28377],[89.63636,25.28377],[89.63635,25.28323],[89.63615,25.28324],[89.63614,25.28287],[89.63594,25.28288],[89.63594,25.28252],[89.63574,25.28252],[89.63573,25.28198],[89.63553,25.28198],[89.6355,25.28072],[89.6353,25.28072],[89.63529,25.28],[89.63509,25.28001],[89.63507,25.27928],[89.63487,25.27929],[89.63485,25.27802],[89.63465,25.27803],[89.63464,25.27767],[89.63424,25.27749],[89.63424,25.27731],[89.63404,25.27732],[89.63382,25.2766],[89.63362,25.2766],[89.63361,25.27606],[89.63321,25.27589],[89.63321,25.27571],[89.63301,25.27571],[89.63301,25.27553],[89.63281,25.27553],[89.6328,25.27535],[89.63241,25.27536],[89.6322,25.275],[89.632,25.27501],[89.632,25.27483],[89.6316,25.27483],[89.6314,25.27448],[89.6312,25.27448],[89.63119,25.2743],[89.63099,25.2743],[89.63099,25.27394],[89.63059,25.27377],[89.63058,25.27359],[89.63038,25.27359],[89.63038,25.27341],[89.63018,25.27341],[89.63018,25.27323],[89.62998,25.27324],[89.62998,25.27306],[89.62978,25.27306],[89.62956,25.27234],[89.62916,25.27217],[89.62916,25.27199],[89.62896,25.27199],[89.62896,25.27181],[89.62876,25.27182],[89.62875,25.27164],[89.62855,25.27164],[89.62855,25.27146],[89.62775,25.27129],[89.62755,25.27093],[89.62735,25.27094],[89.62734,25.27058],[89.62714,25.27058],[89.62717,25.27166],[89.62736,25.27166],[89.62737,25.27184],[89.62677,25.27185],[89.62678,25.27221],[89.62698,25.27221],[89.62698,25.27239],[89.62758,25.27238],[89.62757,25.2722],[89.62857,25.27218],[89.62857,25.27236],[89.62877,25.27236],[89.62878,25.27272],[89.62898,25.27271],[89.62899,25.27326],[89.62939,25.27343],[89.62939,25.27361],[89.62979,25.2736],[89.63,25.27432],[89.6302,25.27432],[89.63021,25.27486],[89.63061,25.27503],[89.63083,25.27575],[89.63103,25.27575],[89.63104,25.27629],[89.63124,25.27628],[89.63124,25.27664],[89.63164,25.27682],[89.63165,25.27718],[89.63205,25.27735],[89.63206,25.27753],[89.63226,25.27753],[89.63226,25.27771],[89.63246,25.27771],[89.63267,25.27842]],[[89.63245,25.27716],[89.63324,25.27697],[89.63323,25.27679],[89.63363,25.27678],[89.63365,25.27768],[89.63286,25.27806],[89.63266,25.2777],[89.63246,25.27771],[89.63245,25.27716]]]}},{"type":"Feature","properties":{"kind":"land","ha":87.8},"geometry":{"type":"Polygon","coordinates":[[[89.70476,25.31574],[89.70475,25.3152],[89.70455,25.31521],[89.70454,25.31466],[89.70434,25.31467],[89.70434,25.31431],[89.70453,25.3143],[89.70452,25.31358],[89.70432,25.31359],[89.70429,25.31214],[89.70409,25.31215],[89.70406,25.31088],[89.70386,25.31089],[89.70385,25.31017],[89.70365,25.31017],[89.70362,25.30873],[89.70342,25.30873],[89.70341,25.30855],[89.70361,25.30855],[89.70359,25.30746],[89.70339,25.30747],[89.70338,25.30693],[89.70358,25.30692],[89.70356,25.30638],[89.70376,25.30638],[89.70375,25.30602],[89.70356,25.30602],[89.70354,25.30512],[89.70314,25.30512],[89.70313,25.30476],[89.70353,25.30494],[89.70352,25.30458],[89.70372,25.30457],[89.70371,25.30403],[89.70391,25.30403],[89.7039,25.30367],[89.7037,25.30367],[89.7037,25.30349],[89.7033,25.3035],[89.70328,25.3026],[89.70368,25.30277],[89.70369,25.30331],[89.7041,25.30348],[89.70408,25.30258],[89.70427,25.30258],[89.70427,25.30222],[89.70446,25.30221],[89.70444,25.30131],[89.70464,25.30131],[89.70463,25.30077],[89.70483,25.30076],[89.70482,25.3004],[89.70502,25.3004],[89.70501,25.30004],[89.70521,25.30003],[89.7052,25.29967],[89.7054,25.29967],[89.70557,25.29858],[89.70597,25.29839],[89.70596,25.29785],[89.70615,25.29785],[89.70614,25.29713],[89.70634,25.29712],[89.70632,25.29658],[89.70652,25.29658],[89.70651,25.29604],[89.70671,25.29603],[89.70669,25.29513],[89.70689,25.29513],[89.70687,25.29441],[89.70707,25.2944],[89.70705,25.2935],[89.70725,25.2935],[89.70723,25.29278],[89.70743,25.29277],[89.70742,25.29223],[89.70762,25.29223],[89.70761,25.29169],[89.7078,25.29168],[89.70778,25.29042],[89.70797,25.29042],[89.70795,25.28951],[89.70815,25.28951],[89.70815,25.28933],[89.70775,25.28934],[89.70773,25.28844],[89.70793,25.28843],[89.70793,25.28825],[89.70852,25.28824],[89.70851,25.28752],[89.7087,25.28752],[89.70869,25.28697],[89.70889,25.28697],[89.70887,25.28607],[89.70907,25.28606],[89.70905,25.28534],[89.70925,25.28534],[89.70924,25.28462],[89.70943,25.28461],[89.70943,25.28425],[89.70962,25.28425],[89.70961,25.28353],[89.70981,25.28352],[89.70979,25.28298],[89.70999,25.28298],[89.70998,25.28226],[89.71018,25.28225],[89.71017,25.28189],[89.71037,25.28189],[89.71035,25.28135],[89.71055,25.28134],[89.71054,25.28062],[89.71073,25.28062],[89.71071,25.27972],[89.71091,25.27971],[89.7109,25.27917],[89.7111,25.27917],[89.71126,25.27736],[89.71146,25.27736],[89.71123,25.27628],[89.71143,25.27628],[89.71142,25.27573],[89.71162,25.27573],[89.71161,25.27537],[89.71181,25.27537],[89.7118,25.275],[89.712,25.275],[89.71198,25.27428],[89.71218,25.27428],[89.71217,25.27373],[89.71237,25.27373],[89.71235,25.27301],[89.71255,25.27301],[89.71254,25.27246],[89.71274,25.27246],[89.71273,25.2721],[89.71293,25.2721],[89.71292,25.27174],[89.71312,25.27173],[89.71311,25.27137],[89.71331,25.27137],[89.7133,25.27101],[89.7135,25.271],[89.71367,25.26992],[89.71387,25.26991],[89.71386,25.26937],[89.71406,25.26937],[89.71404,25.26883],[89.71424,25.26882],[89.71424,25.26846],[89.71443,25.26846],[89.71443,25.2681],[89.71462,25.26809],[89.71461,25.26755],[89.71481,25.26755],[89.7148,25.26719],[89.715,25.26719],[89.71499,25.26682],[89.71519,25.26682],[89.71518,25.26646],[89.71538,25.26646],[89.71537,25.2661],[89.71557,25.26609],[89.71556,25.26573],[89.71596,25.26554],[89.71595,25.26518],[89.71615,25.26518],[89.71613,25.26446],[89.71633,25.26445],[89.71633,25.26427],[89.71593,25.26428],[89.71574,25.26464],[89.71554,25.26465],[89.71554,25.26483],[89.71535,25.26483],[89.71535,25.26501],[89.71515,25.26502],[89.71497,25.26574],[89.71477,25.26575],[89.71478,25.26611],[89.71458,25.26611],[89.71459,25.26665],[89.71439,25.26665],[89.7144,25.26702],[89.7142,25.26702],[89.71421,25.26738],[89.71401,25.26738],[89.71384,25.26847],[89.71364,25.26847],[89.71365,25.26883],[89.71345,25.26884],[89.71346,25.26938],[89.71307,25.26957],[89.71289,25.27065],[89.7127,25.27066],[89.7127,25.27102],[89.71251,25.27102],[89.71251,25.27138],[89.71232,25.27139],[89.71233,25.27193],[89.71213,25.27193],[89.71215,25.27265],[89.71195,25.27266],[89.71196,25.27338],[89.71176,25.27338],[89.71178,25.27392],[89.71158,25.27393],[89.71159,25.27465],[89.7114,25.27465],[89.7114,25.27501],[89.71121,25.27502],[89.71121,25.27538],[89.71101,25.27538],[89.71102,25.27574],[89.71082,25.27574],[89.71065,25.27683],[89.71045,25.27683],[89.71047,25.27756],[89.71027,25.27756],[89.71028,25.2781],[89.71008,25.2781],[89.71009,25.27847],[89.70989,25.27847],[89.7099,25.27883],[89.7097,25.27883],[89.70971,25.27919],[89.70951,25.2792],[89.70952,25.27974],[89.70933,25.27974],[89.70933,25.2801],[89.70913,25.28011],[89.70914,25.28047],[89.70894,25.28047],[89.70895,25.28083],[89.70875,25.28084],[89.70877,25.28156],[89.70857,25.28156],[89.70858,25.28192],[89.70838,25.28193],[89.7084,25.28283],[89.7082,25.28283],[89.70821,25.28337],[89.70802,25.28338],[89.70803,25.28392],[89.70783,25.28392],[89.70784,25.28446],[89.70764,25.28447],[89.70766,25.28519],[89.70746,25.28519],[89.70747,25.28555],[89.70727,25.28556],[89.70728,25.2861],[89.70708,25.2861],[89.7071,25.28664],[89.7069,25.28665],[89.70692,25.28773],[89.70672,25.28773],[89.70674,25.28845],[89.70654,25.28846],[89.70655,25.28882],[89.70635,25.28882],[89.70637,25.28972],[89.70617,25.28973],[89.70619,25.29045],[89.70599,25.29045],[89.706,25.29081],[89.7058,25.29082],[89.70581,25.29118],[89.70561,25.29118],[89.70563,25.29208],[89.70543,25.29209],[89.70544,25.29263],[89.70524,25.29263],[89.70525,25.29299],[89.70505,25.293],[89.70506,25.29336],[89.70486,25.29336],[89.70487,25.29372],[89.70467,25.29373],[89.70468,25.29409],[89.70448,25.29409],[89.70449,25.29445],[89.70429,25.29445],[89.7043,25.29482],[89.7041,25.29482],[89.70411,25.29518],[89.70372,25.29537],[89.70353,25.29609],[89.70334,25.2961],[89.70334,25.29646],[89.70315,25.29646],[89.70297,25.29755],[89.70277,25.29755],[89.70279,25.29827],[89.70259,25.29828],[89.70261,25.29918],[89.70241,25.29918],[89.70242,25.29972],[89.70223,25.29973],[89.70223,25.29991],[89.70183,25.29991],[89.70184,25.30028],[89.70204,25.30027],[89.7021,25.30298],[89.7019,25.30298],[89.70193,25.30424],[89.70213,25.30424],[89.70217,25.30604],[89.70197,25.30605],[89.70201,25.30803],[89.70221,25.30803],[89.70225,25.30965],[89.70245,25.30965],[89.70247,25.31055],[89.70266,25.31055],[89.70268,25.31145],[89.70288,25.31145],[89.70291,25.31253],[89.7031,25.31253],[89.70314,25.31397],[89.70334,25.31396],[89.70335,25.31469],[89.70355,25.31468],[89.70356,25.31504],[89.70395,25.31504],[89.70416,25.31539],[89.70436,25.31539],[89.70436,25.31557],[89.70456,25.31557],[89.70457,25.31575],[89.70476,25.31574]],[[89.70307,25.30206],[89.70327,25.30205],[89.70327,25.30223],[89.70308,25.30224],[89.70307,25.30206]],[[89.70739,25.29097],[89.70759,25.29096],[89.7076,25.29133],[89.7072,25.29133],[89.70739,25.29097]],[[89.70718,25.29043],[89.70738,25.29043],[89.70738,25.29061],[89.70718,25.29061],[89.70718,25.29043]],[[89.70695,25.28917],[89.70735,25.28916],[89.70736,25.28953],[89.70696,25.28953],[89.70695,25.28917]]]}},{"type":"Feature","properties":{"kind":"land","ha":5.0},"geometry":{"type":"Polygon","coordinates":[[[89.62612,25.26934],[89.62612,25.26916],[89.62572,25.26898],[89.62571,25.2688],[89.62552,25.2688],[89.62551,25.26862],[89.62531,25.26863],[89.62529,25.26755],[89.62509,25.26755],[89.62508,25.26701],[89.62468,25.26683],[89.62467,25.26647],[89.62447,25.26648],[89.62447,25.2663],[89.62407,25.2663],[89.62387,25.26595],[89.62367,25.26595],[89.62366,25.26577],[89.62347,25.26577],[89.62346,25.26559],[89.62247,25.26561],[89.6225,25.26687],[89.6223,25.26688],[89.62231,25.26742],[89.62251,25.26741],[89.6225,25.26705],[89.62289,25.26687],[89.62289,25.26669],[89.62309,25.26668],[89.62308,25.26614],[89.62347,25.26613],[89.6237,25.26721],[89.62389,25.26721],[89.6239,25.26757],[89.6241,25.26757],[89.62412,25.26847],[89.62452,25.26846],[89.62472,25.26882],[89.62492,25.26882],[89.62493,25.269],[89.62572,25.26916],[89.62573,25.26934],[89.62612,25.26934]]]}},{"type":"Feature","properties":{"kind":"land","ha":3.1},"geometry":{"type":"Polygon","coordinates":[[[89.61539,25.26862],[89.61537,25.26754],[89.61517,25.26754],[89.61516,25.267],[89.61496,25.26701],[89.61495,25.26665],[89.61455,25.26647],[89.61455,25.26629],[89.61435,25.2663],[89.61434,25.26612],[89.61414,25.26612],[89.61414,25.26594],[89.61394,25.26594],[89.61394,25.26576],[89.61354,25.26577],[89.61353,25.26541],[89.61314,25.26541],[89.61295,25.26614],[89.61315,25.26614],[89.61316,25.2665],[89.61356,25.26649],[89.61376,25.26685],[89.61396,25.26684],[89.61397,25.26702],[89.61416,25.26702],[89.61417,25.2672],[89.61437,25.2672],[89.61437,25.26738],[89.61457,25.26737],[89.61458,25.26792],[89.61478,25.26791],[89.61479,25.26863],[89.61499,25.26863],[89.615,25.26881],[89.61539,25.26862]]]}},{"type":"Feature","properties":{"kind":"land","ha":3.2},"geometry":{"type":"Polygon","coordinates":[[[89.68182,25.26581],[89.68162,25.26545],[89.68142,25.26545],[89.68141,25.26527],[89.68122,25.26528],[89.68121,25.26492],[89.68101,25.26492],[89.68099,25.2642],[89.6808,25.2642],[89.68078,25.26366],[89.68118,25.26347],[89.68117,25.26329],[89.68097,25.2633],[89.68097,25.26311],[89.68057,25.26312],[89.6806,25.2642],[89.6804,25.26421],[89.68041,25.26457],[89.68001,25.26458],[89.68001,25.26476],[89.67942,25.26477],[89.67943,25.26531],[89.67963,25.26531],[89.67964,25.26567],[89.68003,25.26566],[89.68024,25.26602],[89.68182,25.26581]]]}},{"type":"Feature","properties":{"kind":"land","ha":3.2},"geometry":{"type":"Polygon","coordinates":[[[89.71747,25.26227],[89.71746,25.26191],[89.71727,25.26191],[89.71726,25.26173],[89.71766,25.26172],[89.71765,25.26154],[89.71825,25.26153],[89.71823,25.26081],[89.71803,25.26081],[89.71803,25.26063],[89.71744,25.26064],[89.71742,25.2601],[89.71782,25.25991],[89.71781,25.25973],[89.71801,25.25973],[89.71801,25.25955],[89.7182,25.25955],[89.71819,25.25882],[89.7178,25.25901],[89.7178,25.25919],[89.7176,25.2592],[89.71761,25.25938],[89.71721,25.25938],[89.71721,25.25956],[89.71701,25.25957],[89.71702,25.25993],[89.71663,25.25994],[89.71663,25.2603],[89.71644,25.2603],[89.71645,25.26084],[89.71665,25.26084],[89.71665,25.26102],[89.71705,25.26101],[89.71707,25.26209],[89.71727,25.26209],[89.71727,25.26227],[89.71747,25.26227]]]}},{"type":"Feature","properties":{"kind":"land","ha":20.4},"geometry":{"type":"Polygon","coordinates":[[[89.61344,25.26108],[89.61347,25.26252],[89.61327,25.26252],[89.61329,25.26325],[89.61349,25.26324],[89.61348,25.26288],[89.61368,25.26288],[89.61366,25.26216],[89.61386,25.26215],[89.61386,25.26197],[89.61425,25.26197],[89.61446,25.26232],[89.61466,25.26232],[89.61466,25.2625],[89.61486,25.2625],[89.61486,25.26232],[89.61525,25.26231],[89.61524,25.26159],[89.61504,25.26159],[89.61503,25.26123],[89.61464,25.26124],[89.61463,25.26088],[89.61443,25.26088],[89.61441,25.26016],[89.61461,25.26015],[89.61461,25.25997],[89.61501,25.25997],[89.61501,25.26033],[89.61521,25.26032],[89.61522,25.2605],[89.61561,25.2605],[89.6158,25.26013],[89.6162,25.26031],[89.61619,25.25977],[89.61658,25.25958],[89.61658,25.2594],[89.61678,25.25939],[89.61678,25.25921],[89.61697,25.25921],[89.61697,25.25903],[89.61737,25.25902],[89.61756,25.25866],[89.61795,25.25865],[89.61796,25.25883],[89.61816,25.25883],[89.61817,25.25955],[89.61797,25.25955],[89.61798,25.25973],[89.61837,25.25973],[89.61856,25.25936],[89.61876,25.25936],[89.61876,25.25918],[89.61896,25.25917],[89.61895,25.25863],[89.61914,25.25863],[89.61914,25.25827],[89.61934,25.25827],[89.61932,25.25754],[89.61892,25.25737],[89.61892,25.25719],[89.61852,25.2572],[89.61831,25.25684],[89.61811,25.25684],[89.61811,25.25648],[89.61791,25.25649],[89.6179,25.25631],[89.61751,25.25631],[89.61752,25.25685],[89.61772,25.25685],[89.61772,25.25721],[89.61713,25.25722],[89.61713,25.2574],[89.61674,25.25741],[89.61673,25.25723],[89.61653,25.25723],[89.61652,25.25669],[89.61692,25.25668],[89.61691,25.25632],[89.61611,25.25616],[89.61591,25.2558],[89.61571,25.2558],[89.61568,25.25454],[89.61529,25.25473],[89.61529,25.25455],[89.61509,25.25455],[89.6151,25.25491],[89.6147,25.2551],[89.61471,25.25546],[89.61451,25.25546],[89.61453,25.25637],[89.61473,25.25636],[89.61473,25.25654],[89.61453,25.25655],[89.61454,25.25691],[89.61434,25.25691],[89.61436,25.25763],[89.61456,25.25763],[89.61455,25.25727],[89.61475,25.25726],[89.61476,25.25762],[89.61495,25.25762],[89.61497,25.25852],[89.61517,25.25852],[89.61518,25.25906],[89.61439,25.25908],[89.61418,25.25872],[89.61399,25.25872],[89.61399,25.25908],[89.61419,25.25908],[89.6142,25.25944],[89.6144,25.25944],[89.6144,25.25962],[89.61401,25.25962],[89.614,25.25926],[89.6136,25.25927],[89.61343,25.26036],[89.61362,25.26035],[89.61364,25.26107],[89.61344,25.26108]],[[89.61384,25.26107],[89.61385,25.26143],[89.61365,25.26143],[89.61364,25.26107],[89.61384,25.26107]],[[89.61471,25.25564],[89.61511,25.25563],[89.61512,25.25599],[89.61472,25.256],[89.61471,25.25564]]]}},{"type":"Feature","properties":{"kind":"land","ha":313.7},"geometry":{"type":"Polygon","coordinates":[[[89.64369,25.31072],[89.6435,25.31072],[89.64351,25.31126],[89.64371,25.31126],[89.64371,25.31162],[89.64391,25.31161],[89.64391,25.31125],[89.6441,25.31125],[89.6441,25.31107],[89.6445,25.31106],[89.6445,25.31124],[89.6447,25.31124],[89.6447,25.31142],[89.6445,25.31142],[89.64452,25.31214],[89.64492,25.31214],[89.64492,25.3125],[89.64532,25.31249],[89.64551,25.31213],[89.64591,25.31212],[89.64588,25.31068],[89.64568,25.31068],[89.64567,25.31032],[89.64547,25.31032],[89.64545,25.30924],[89.64505,25.30907],[89.64505,25.30889],[89.64524,25.30888],[89.64524,25.30852],[89.64583,25.30851],[89.64602,25.30815],[89.64642,25.30814],[89.64643,25.3085],[89.64683,25.30867],[89.64684,25.30903],[89.64703,25.30903],[89.64705,25.30975],[89.64725,25.30975],[89.64726,25.31047],[89.64746,25.31047],[89.64747,25.31101],[89.64767,25.311],[89.64768,25.31155],[89.64729,25.31155],[89.64708,25.3112],[89.64688,25.3112],[89.64689,25.31156],[89.64669,25.31156],[89.64671,25.31247],[89.64651,25.31247],[89.64651,25.31229],[89.64611,25.3123],[89.64592,25.31266],[89.64513,25.31268],[89.64514,25.31304],[89.64554,25.31321],[89.64554,25.31339],[89.64594,25.31338],[89.64594,25.31356],[89.64614,25.31356],[89.64615,25.31392],[89.64655,25.31409],[89.64655,25.31427],[89.64675,25.31427],[89.64675,25.31445],[89.64695,25.31445],[89.64696,25.31463],[89.64716,25.31462],[89.64716,25.3148],[89.64795,25.31479],[89.64795,25.31461],[89.64835,25.3146],[89.64834,25.31442],[89.64854,25.31442],[89.64854,25.3146],[89.64894,25.31459],[89.64915,25.31495],[89.64935,25.31495],[89.64935,25.31513],[89.64955,25.31512],[89.64976,25.31584],[89.64996,25.31584],[89.64998,25.31656],[89.65037,25.31655],[89.65037,25.31637],[89.65057,25.31637],[89.65055,25.31529],[89.65074,25.31528],[89.65073,25.31456],[89.65093,25.31456],[89.65091,25.31383],[89.65111,25.31383],[89.65111,25.31365],[89.65091,25.31365],[89.65089,25.31293],[89.65049,25.31276],[89.65049,25.31258],[89.65029,25.31258],[89.65028,25.3124],[89.65048,25.3124],[89.65048,25.31222],[89.65107,25.31221],[89.65126,25.31184],[89.65146,25.31184],[89.65145,25.3113],[89.65165,25.31129],[89.65162,25.31003],[89.65182,25.31003],[89.65181,25.30949],[89.65201,25.30948],[89.652,25.30894],[89.65219,25.30894],[89.65219,25.30858],[89.65258,25.30839],[89.65257,25.30803],[89.65277,25.30803],[89.65275,25.3073],[89.65236,25.30731],[89.65236,25.30749],[89.65216,25.30749],[89.65217,25.30786],[89.65178,25.30804],[89.65178,25.30822],[89.65158,25.30823],[89.65159,25.30841],[89.65139,25.30841],[89.65139,25.30859],[89.65119,25.3086],[89.65102,25.30968],[89.65082,25.30968],[89.65083,25.31005],[89.65063,25.31005],[89.65063,25.31023],[89.65023,25.31006],[89.65023,25.3097],[89.65042,25.30969],[89.65042,25.30933],[89.65061,25.30933],[89.6506,25.30861],[89.65099,25.30842],[89.65098,25.30806],[89.65118,25.30805],[89.65117,25.30751],[89.65156,25.30733],[89.65156,25.30714],[89.65176,25.30714],[89.65175,25.30678],[89.65235,25.30677],[89.65233,25.30605],[89.65253,25.30604],[89.65252,25.30568],[89.65272,25.30568],[89.65271,25.30514],[89.65291,25.30514],[89.6529,25.30477],[89.6531,25.30477],[89.65309,25.30441],[89.65329,25.30441],[89.65328,25.30423],[89.65368,25.30422],[89.65387,25.30385],[89.65407,25.30385],[89.65406,25.30331],[89.65426,25.30331],[89.65423,25.30204],[89.65443,25.30204],[89.65441,25.3015],[89.65461,25.30149],[89.6546,25.30095],[89.65499,25.30077],[89.65499,25.30059],[89.65519,25.30058],[89.65518,25.30004],[89.65538,25.30004],[89.65537,25.29986],[89.65577,25.29985],[89.65574,25.29859],[89.65534,25.29841],[89.65533,25.29805],[89.65513,25.29806],[89.65491,25.29698],[89.65452,25.29698],[89.6545,25.29626],[89.6541,25.29609],[89.65409,25.29591],[89.6539,25.29591],[89.65366,25.29411],[89.65346,25.29412],[89.65345,25.29357],[89.65305,25.2934],[89.65304,25.29304],[89.65284,25.29304],[89.65283,25.2925],[89.65263,25.29251],[89.65261,25.29142],[89.65241,25.29143],[89.6524,25.29089],[89.6522,25.29089],[89.65215,25.28854],[89.65195,25.28855],[89.65193,25.28765],[89.65154,25.28783],[89.65152,25.28729],[89.65172,25.28729],[89.65172,25.28711],[89.65152,25.28711],[89.65146,25.28422],[89.65166,25.28422],[89.65162,25.28242],[89.65182,25.28241],[89.6518,25.28169],[89.6516,25.28169],[89.65159,25.28133],[89.65179,25.28133],[89.65177,25.28043],[89.65197,25.28042],[89.65196,25.28006],[89.65216,25.28006],[89.65214,25.27916],[89.65234,25.27915],[89.65231,25.27771],[89.65251,25.27771],[89.65249,25.27681],[89.65269,25.2768],[89.65265,25.27536],[89.65285,25.27536],[89.65279,25.27247],[89.65299,25.27246],[89.65296,25.27102],[89.65316,25.27102],[89.65309,25.26813],[89.65289,25.26813],[89.65286,25.26651],[89.65306,25.26651],[89.65304,25.26561],[89.65284,25.26561],[89.65281,25.26435],[89.65261,25.26435],[89.65259,25.26327],[89.65239,25.26327],[89.65217,25.26219],[89.65197,25.2622],[89.65196,25.26183],[89.65176,25.26184],[89.65176,25.26148],[89.65156,25.26148],[89.65155,25.26112],[89.65135,25.26112],[89.65134,25.26058],[89.65114,25.26059],[89.65113,25.26022],[89.65133,25.26022],[89.65131,25.25896],[89.65071,25.25897],[89.65073,25.25987],[89.65053,25.25987],[89.65052,25.25951],[89.65012,25.25934],[89.65012,25.25916],[89.64992,25.25916],[89.64971,25.25845],[89.64951,25.25845],[89.6495,25.25809],[89.6493,25.25809],[89.64908,25.25701],[89.64888,25.25702],[89.64887,25.25647],[89.64807,25.25613],[89.64806,25.25595],[89.64826,25.25594],[89.64825,25.2554],[89.64785,25.25523],[89.64785,25.25505],[89.64725,25.25506],[89.64725,25.25488],[89.64705,25.25488],[89.64703,25.2538],[89.64683,25.2538],[89.64682,25.25344],[89.64642,25.25327],[89.64641,25.25291],[89.64601,25.25274],[89.64601,25.25256],[89.64581,25.25256],[89.6458,25.25238],[89.64561,25.25238],[89.6456,25.2522],[89.6454,25.25221],[89.6454,25.25202],[89.6448,25.25204],[89.64461,25.2524],[89.64402,25.25241],[89.64402,25.25259],[89.64382,25.25259],[89.64383,25.25296],[89.64363,25.25296],[89.64364,25.25332],[89.64404,25.25349],[89.64405,25.25367],[89.64424,25.25367],[89.64426,25.25439],[89.64406,25.2544],[89.64407,25.25476],[89.64387,25.25476],[89.64389,25.25566],[89.64369,25.25567],[89.6437,25.25603],[89.64331,25.25621],[89.64331,25.25639],[89.64252,25.25659],[89.64254,25.25767],[89.64235,25.25767],[89.6424,25.26002],[89.6426,25.26002],[89.64261,25.26056],[89.643,25.26055],[89.64302,25.26145],[89.64362,25.26144],[89.64361,25.26126],[89.64381,25.26126],[89.64381,25.2609],[89.6434,25.26072],[89.6434,25.26054],[89.6432,25.26055],[89.64319,25.25983],[89.64299,25.25983],[89.64315,25.25802],[89.64295,25.25803],[89.64294,25.25748],[89.64373,25.25747],[89.64371,25.25639],[89.64391,25.25638],[89.6439,25.25602],[89.64429,25.25602],[89.64429,25.25584],[89.64449,25.25583],[89.6447,25.25619],[89.64489,25.25619],[89.64491,25.25709],[89.64472,25.25709],[89.64477,25.25944],[89.64457,25.25944],[89.64456,25.25908],[89.64396,25.25909],[89.64397,25.25945],[89.64377,25.25945],[89.64379,25.26],[89.64398,25.25999],[89.64401,25.26107],[89.64421,25.26107],[89.64402,25.26144],[89.64382,25.26144],[89.64382,25.2618],[89.64402,25.2618],[89.64406,25.2636],[89.64426,25.2636],[89.64426,25.26378],[89.64407,25.26378],[89.64407,25.26414],[89.64388,25.26415],[89.64389,25.26469],[89.64409,25.26468],[89.64409,25.26504],[89.64429,25.26504],[89.64432,25.26612],[89.64451,25.26612],[89.64453,25.26684],[89.64473,25.26684],[89.64474,25.26738],[89.64494,25.26738],[89.64495,25.26792],[89.64515,25.26791],[89.64516,25.26827],[89.64535,25.26827],[89.64536,25.26863],[89.64556,25.26863],[89.64557,25.26917],[89.64597,25.26934],[89.64619,25.27006],[89.64639,25.27006],[89.6464,25.2706],[89.6466,25.27059],[89.6466,25.27096],[89.647,25.27113],[89.64723,25.27257],[89.64743,25.27256],[89.64745,25.27347],[89.64765,25.27346],[89.64767,25.27418],[89.64786,25.27418],[89.64787,25.27454],[89.64807,25.27454],[89.64809,25.27526],[89.64829,25.27526],[89.6483,25.27616],[89.6485,25.27616],[89.64851,25.2767],[89.64871,25.27669],[89.64873,25.27723],[89.64892,25.27723],[89.64894,25.27777],[89.64854,25.27778],[89.64835,25.27814],[89.64815,25.27815],[89.64815,25.27833],[89.64776,25.27833],[89.64776,25.27851],[89.64796,25.27851],[89.64797,25.27887],[89.64856,25.27886],[89.64857,25.27904],[89.64876,25.27904],[89.64878,25.27958],[89.64897,25.27958],[89.64898,25.27994],[89.64918,25.27993],[89.6492,25.28066],[89.6496,25.28083],[89.6496,25.28101],[89.6498,25.28101],[89.64981,25.28137],[89.64941,25.28155],[89.64962,25.28191],[89.64922,25.28192],[89.64902,25.28156],[89.64862,25.28157],[89.64863,25.28193],[89.64843,25.28193],[89.64843,25.28211],[89.64863,25.28211],[89.64864,25.28247],[89.64884,25.28247],[89.64884,25.28265],[89.64944,25.28264],[89.64944,25.28282],[89.64924,25.28282],[89.64925,25.28318],[89.64945,25.28318],[89.64946,25.28354],[89.64966,25.28353],[89.64967,25.28408],[89.64947,25.28408],[89.64947,25.28426],[89.64967,25.28426],[89.64968,25.28462],[89.64988,25.28461],[89.64989,25.28534],[89.65029,25.28551],[89.65034,25.28749],[89.65054,25.28749],[89.65055,25.28821],[89.65095,25.2882],[89.65077,25.28929],[89.65137,25.28928],[89.65142,25.29144],[89.65122,25.29145],[89.65123,25.29181],[89.65142,25.29181],[89.65144,25.29271],[89.65125,25.29271],[89.65127,25.29379],[89.65107,25.2938],[89.65109,25.2947],[89.65089,25.2947],[89.6509,25.29506],[89.6507,25.29507],[89.65074,25.29687],[89.65035,25.29706],[89.65036,25.29778],[89.65016,25.29778],[89.65018,25.29833],[89.64998,25.29833],[89.64999,25.29869],[89.64979,25.29869],[89.6498,25.29942],[89.6496,25.29942],[89.64961,25.29978],[89.64941,25.29978],[89.64943,25.3005],[89.64923,25.30051],[89.64925,25.30123],[89.64945,25.30123],[89.64943,25.30069],[89.64983,25.3005],[89.64982,25.30032],[89.65062,25.3003],[89.65062,25.30048],[89.65042,25.30049],[89.65043,25.30085],[89.65063,25.30084],[89.65063,25.30102],[89.65004,25.30104],[89.65004,25.30122],[89.64964,25.30122],[89.64965,25.3014],[89.64945,25.30141],[89.64945,25.30159],[89.64965,25.30158],[89.64969,25.30339],[89.64949,25.30339],[89.64954,25.30574],[89.64974,25.30573],[89.64977,25.307],[89.64957,25.307],[89.64958,25.30736],[89.64938,25.30736],[89.64939,25.30791],[89.64959,25.3079],[89.6496,25.30826],[89.6494,25.30827],[89.64941,25.30863],[89.64901,25.30881],[89.64901,25.30845],[89.64881,25.30846],[89.6488,25.30828],[89.6492,25.30827],[89.6492,25.30809],[89.6486,25.3081],[89.64861,25.30828],[89.64841,25.30828],[89.6484,25.3081],[89.64761,25.30812],[89.64762,25.30848],[89.64722,25.30867],[89.64722,25.30849],[89.64702,25.30849],[89.64701,25.30813],[89.64721,25.30813],[89.64721,25.30794],[89.64622,25.30796],[89.64621,25.30778],[89.64582,25.30779],[89.64581,25.30761],[89.64541,25.30762],[89.6456,25.30689],[89.6458,25.30689],[89.64579,25.30653],[89.64559,25.30653],[89.64558,25.30617],[89.64538,25.30617],[89.64538,25.30599],[89.64518,25.306],[89.64496,25.30492],[89.64476,25.30492],[89.64477,25.30528],[89.64457,25.30528],[89.64457,25.30547],[89.64418,25.30547],[89.64417,25.30529],[89.64358,25.3053],[89.64359,25.30566],[89.64299,25.30567],[89.64299,25.30549],[89.64279,25.3055],[89.64297,25.30477],[89.64277,25.30478],[89.64276,25.30441],[89.64197,25.30425],[89.64197,25.30443],[89.64177,25.30443],[89.64178,25.30497],[89.64218,25.30515],[89.64219,25.30533],[89.64239,25.30532],[89.64239,25.3055],[89.64259,25.3055],[89.6426,25.30586],[89.643,25.30604],[89.64301,25.3064],[89.6432,25.30639],[89.64321,25.30675],[89.64301,25.30676],[89.64303,25.30748],[89.64343,25.30747],[89.64343,25.30783],[89.64363,25.30783],[89.64364,25.30837],[89.64345,25.30837],[89.64345,25.30873],[89.64325,25.30874],[89.64326,25.30892],[89.64286,25.30893],[89.64285,25.30856],[89.64245,25.30839],[89.64245,25.30821],[89.64225,25.30821],[89.64226,25.30858],[89.64187,25.30876],[89.64188,25.3093],[89.64208,25.3093],[89.64208,25.30948],[89.64248,25.30947],[89.64269,25.31019],[89.64309,25.31018],[89.64309,25.31037],[89.64349,25.31036],[89.64349,25.31054],[89.64369,25.31053],[89.64369,25.31072]],[[89.65093,25.25987],[89.65094,25.26023],[89.65074,25.26023],[89.65073,25.25987],[89.65093,25.25987]],[[89.64368,25.31017],[89.64408,25.31017],[89.64409,25.31071],[89.64389,25.31071],[89.64389,25.31053],[89.64369,25.31053],[89.64368,25.31017]],[[89.64724,25.30921],[89.64743,25.3092],[89.64743,25.30902],[89.64783,25.30902],[89.64784,25.30938],[89.64744,25.30957],[89.64724,25.30921]],[[89.64985,25.3014],[89.65024,25.30139],[89.65026,25.30211],[89.65006,25.30212],[89.64985,25.3014]],[[89.65024,25.30121],[89.65083,25.3012],[89.65064,25.30157],[89.65045,25.30157],[89.65024,25.30121]],[[89.65259,25.29955],[89.65298,25.29954],[89.65299,25.2999],[89.65259,25.29991],[89.65259,25.29955]],[[89.65275,25.29792],[89.65156,25.29794],[89.65155,25.29776],[89.65136,25.29776],[89.65135,25.2974],[89.65115,25.29741],[89.65114,25.29686],[89.65153,25.29668],[89.65153,25.2965],[89.65172,25.29649],[89.65171,25.29595],[89.65251,25.29594],[89.6527,25.29557],[89.6529,25.29557],[89.6531,25.29593],[89.6529,25.29593],[89.65291,25.29611],[89.65231,25.29612],[89.65233,25.29684],[89.65253,25.29684],[89.65253,25.29702],[89.65293,25.29701],[89.65314,25.29773],[89.65334,25.29773],[89.65335,25.29809],[89.65275,25.2981],[89.65275,25.29792]],[[89.65288,25.29467],[89.65307,25.29466],[89.65308,25.29484],[89.65288,25.29485],[89.65288,25.29467]],[[89.65008,25.28461],[89.65027,25.28461],[89.65027,25.28425],[89.64987,25.28407],[89.64986,25.28371],[89.65045,25.2837],[89.65048,25.28478],[89.65008,25.28479],[89.65008,25.28461]],[[89.65117,25.2799],[89.65097,25.2799],[89.65095,25.27936],[89.65136,25.27953],[89.65137,25.28007],[89.65117,25.28008],[89.65117,25.2799]],[[89.65074,25.27846],[89.65074,25.27882],[89.65035,25.27883],[89.65034,25.27847],[89.65074,25.27846]],[[89.64994,25.27848],[89.64993,25.27775],[89.64973,25.27776],[89.64972,25.2774],[89.65011,25.27721],[89.65011,25.27703],[89.64991,25.27703],[89.6499,25.27649],[89.6503,25.27648],[89.6503,25.27666],[89.6505,25.27666],[89.65051,25.27702],[89.65031,25.27703],[89.65031,25.27721],[89.65051,25.2772],[89.65053,25.27828],[89.65034,25.27829],[89.65034,25.27847],[89.64994,25.27848]],[[89.64951,25.27704],[89.64971,25.27704],[89.64972,25.27722],[89.64952,25.27722],[89.64951,25.27704]],[[89.65124,25.2743],[89.65164,25.27429],[89.65164,25.27447],[89.65184,25.27447],[89.65185,25.27501],[89.65126,25.27502],[89.65124,25.2743]],[[89.6454,25.26105],[89.64559,25.26105],[89.64559,25.26087],[89.64619,25.26085],[89.6462,25.26158],[89.64541,25.26159],[89.6454,25.26105]],[[89.64697,25.2603],[89.64677,25.2603],[89.64677,25.26012],[89.64657,25.26013],[89.64657,25.26031],[89.64578,25.26032],[89.64577,25.26014],[89.64558,25.26014],[89.64556,25.25942],[89.64536,25.25943],[89.64535,25.25888],[89.64555,25.25888],[89.64553,25.25798],[89.64573,25.25798],[89.64571,25.25743],[89.64591,25.25743],[89.64593,25.25833],[89.64613,25.25833],[89.64614,25.25869],[89.64634,25.25869],[89.64635,25.25905],[89.64675,25.25922],[89.64675,25.2594],[89.64695,25.2594],[89.64695,25.25958],[89.64715,25.25957],[89.64716,25.25994],[89.64736,25.25993],[89.64735,25.25939],[89.64774,25.25938],[89.64774,25.2592],[89.64873,25.25918],[89.64873,25.25937],[89.64893,25.25936],[89.64894,25.2599],[89.64855,25.26009],[89.64856,25.26027],[89.64777,25.26047],[89.64777,25.26065],[89.64698,25.26066],[89.64697,25.2603]],[[89.64585,25.25454],[89.64605,25.25454],[89.64604,25.254],[89.64663,25.25399],[89.64664,25.25435],[89.64625,25.25454],[89.64626,25.2549],[89.64586,25.2549],[89.64585,25.25454]]]}},{"type":"Feature","properties":{"kind":"land","ha":11.3},"geometry":{"type":"Polygon","coordinates":[[[89.66671,25.25543],[89.66671,25.25525],[89.6669,25.25525],[89.6669,25.25507],[89.6671,25.25506],[89.66709,25.25488],[89.66809,25.25487],[89.66829,25.25522],[89.66849,25.25522],[89.66868,25.25485],[89.66888,25.25485],[89.66888,25.25467],[89.66907,25.25467],[89.66907,25.25449],[89.66927,25.25448],[89.66926,25.25412],[89.66946,25.25412],[89.66945,25.25376],[89.66965,25.25375],[89.66964,25.25339],[89.66984,25.25339],[89.66984,25.25321],[89.67023,25.2532],[89.67023,25.25302],[89.67082,25.25301],[89.67083,25.25319],[89.67103,25.25319],[89.67122,25.25282],[89.67142,25.25282],[89.67141,25.25246],[89.67161,25.25246],[89.67159,25.25191],[89.67199,25.25173],[89.67198,25.25155],[89.67218,25.25154],[89.67218,25.25136],[89.67238,25.25136],[89.67237,25.25118],[89.67257,25.25117],[89.67257,25.25099],[89.67277,25.25099],[89.67275,25.25027],[89.67295,25.25027],[89.67294,25.2499],[89.67215,25.2501],[89.67215,25.25028],[89.67196,25.25028],[89.67196,25.25064],[89.67117,25.25066],[89.67118,25.25102],[89.67157,25.25101],[89.67159,25.25155],[89.67119,25.25174],[89.6712,25.25192],[89.6708,25.25193],[89.67061,25.25229],[89.67021,25.2523],[89.67001,25.25194],[89.66961,25.25195],[89.66961,25.25177],[89.66901,25.25178],[89.669,25.25106],[89.6688,25.25106],[89.66879,25.25088],[89.6682,25.25089],[89.66821,25.25125],[89.66801,25.25126],[89.66802,25.2518],[89.66763,25.25199],[89.66763,25.25235],[89.66783,25.25234],[89.66784,25.2527],[89.66844,25.25269],[89.66844,25.25287],[89.66864,25.25287],[89.66865,25.25341],[89.66845,25.25341],[89.66846,25.2536],[89.66766,25.25361],[89.66767,25.25379],[89.66747,25.25379],[89.66748,25.25433],[89.66709,25.25452],[89.66709,25.2547],[89.66689,25.25471],[89.6669,25.25489],[89.6667,25.25489],[89.6667,25.25507],[89.66591,25.25527],[89.66592,25.25545],[89.66631,25.25544],[89.66632,25.25562],[89.66671,25.25543]]]}},{"type":"Feature","properties":{"kind":"land","ha":7.4},"geometry":{"type":"Polygon","coordinates":[[[89.61165,25.26093],[89.61155,25.25624],[89.61175,25.25623],[89.61175,25.25605],[89.61155,25.25606],[89.61154,25.2557],[89.61174,25.25569],[89.61172,25.25479],[89.61132,25.2548],[89.61132,25.25462],[89.61112,25.25462],[89.61111,25.25426],[89.61091,25.25426],[89.61091,25.25408],[89.61111,25.25408],[89.6111,25.2539],[89.6115,25.25407],[89.6115,25.25389],[89.6119,25.25389],[89.61189,25.25352],[89.61169,25.25353],[89.61169,25.25335],[89.61089,25.25336],[89.61067,25.25228],[89.61027,25.25211],[89.61027,25.25193],[89.61047,25.25193],[89.61045,25.25138],[89.61005,25.25121],[89.61004,25.25049],[89.60984,25.25049],[89.60983,25.25013],[89.60963,25.25013],[89.60963,25.24977],[89.60943,25.24978],[89.60967,25.25158],[89.60986,25.25157],[89.60987,25.25212],[89.61007,25.25211],[89.61008,25.25265],[89.61028,25.25265],[89.61029,25.25319],[89.61049,25.25319],[89.61051,25.25409],[89.61071,25.25409],[89.61077,25.25697],[89.61097,25.25697],[89.61099,25.25769],[89.61079,25.2577],[89.6108,25.25824],[89.6112,25.25841],[89.61124,25.26021],[89.61144,25.26021],[89.61145,25.26093],[89.61165,25.26093]]]}},{"type":"Feature","properties":{"kind":"land","ha":19.5},"geometry":{"type":"Polygon","coordinates":[[[89.66305,25.26037],[89.66304,25.26019],[89.66344,25.26018],[89.66344,25.26],[89.66383,25.26],[89.66402,25.25963],[89.66422,25.25963],[89.66422,25.25945],[89.66442,25.25944],[89.66441,25.25926],[89.66461,25.25926],[89.6646,25.25872],[89.66499,25.25853],[89.66498,25.25781],[89.66418,25.25782],[89.66417,25.25728],[89.66437,25.25728],[89.66436,25.2571],[89.66476,25.25709],[89.66475,25.25673],[89.66535,25.25672],[89.66534,25.25636],[89.66514,25.25636],[89.66513,25.25582],[89.66533,25.25582],[89.66532,25.25564],[89.66454,25.25583],[89.66454,25.25601],[89.66315,25.25604],[89.66315,25.25586],[89.66275,25.25586],[89.66254,25.25551],[89.66235,25.25551],[89.66234,25.25533],[89.66214,25.25533],[89.66214,25.25515],[89.66194,25.25516],[89.66191,25.25371],[89.66211,25.25371],[89.6621,25.25317],[89.6619,25.25317],[89.66189,25.25281],[89.66209,25.25281],[89.66202,25.24956],[89.66222,25.24956],[89.6622,25.24883],[89.662,25.24884],[89.66199,25.2483],[89.66159,25.24812],[89.66161,25.24921],[89.66181,25.2492],[89.66186,25.25137],[89.66166,25.25137],[89.66172,25.25408],[89.66152,25.25408],[89.66173,25.25444],[89.66153,25.25444],[89.66154,25.2548],[89.66134,25.25481],[89.66135,25.25517],[89.66115,25.25517],[89.66122,25.2586],[89.66142,25.2586],[89.66144,25.25968],[89.66184,25.25985],[89.66185,25.26003],[89.66205,25.26003],[89.66205,25.26021],[89.66225,25.26021],[89.66225,25.26039],[89.66305,25.26037]],[[89.6642,25.25855],[89.6644,25.25854],[89.6644,25.25872],[89.6642,25.25873],[89.6642,25.25855]]]}},{"type":"Feature","properties":{"kind":"land","ha":29.0},"geometry":{"type":"Polygon","coordinates":[[[89.68614,25.26374],[89.68614,25.26356],[89.68634,25.26356],[89.68652,25.26283],[89.68691,25.26265],[89.68691,25.26247],[89.68711,25.26246],[89.6871,25.2621],[89.68749,25.26191],[89.68768,25.26119],[89.68787,25.26118],[89.68804,25.25974],[89.68824,25.25973],[89.68822,25.25883],[89.68842,25.25883],[89.6884,25.25811],[89.6886,25.2581],[89.68858,25.25738],[89.68878,25.25738],[89.68877,25.25684],[89.68897,25.25683],[89.68911,25.2543],[89.68931,25.2543],[89.68928,25.25286],[89.68948,25.25285],[89.68945,25.25159],[89.68925,25.25159],[89.68917,25.24799],[89.68897,25.24799],[89.68896,25.24727],[89.68856,25.24745],[89.68857,25.24764],[89.68817,25.24764],[89.68817,25.24746],[89.68737,25.24748],[89.68738,25.24766],[89.68718,25.24766],[89.68744,25.25054],[89.68704,25.25055],[89.68684,25.25019],[89.68664,25.2502],[89.68665,25.25056],[89.68685,25.25055],[89.68694,25.2547],[89.68714,25.2547],[89.68718,25.25687],[89.68738,25.25686],[89.68742,25.25849],[89.68722,25.25849],[89.68725,25.25993],[89.68705,25.25994],[89.68707,25.26084],[89.68687,25.26084],[89.68689,25.26156],[89.68669,25.26157],[89.6867,25.26193],[89.6865,25.26193],[89.68651,25.26229],[89.68631,25.2623],[89.68632,25.26284],[89.68612,25.26284],[89.68613,25.2632],[89.68593,25.26321],[89.68594,25.26357],[89.68574,25.26357],[89.68575,25.26393],[89.68614,25.26374]]]}},{"type":"Feature","properties":{"kind":"land","ha":3.7},"geometry":{"type":"Polygon","coordinates":[[[89.71659,25.24947],[89.71659,25.24929],[89.71679,25.24928],[89.71678,25.24892],[89.71698,25.24892],[89.71694,25.24748],[89.71655,25.24748],[89.71654,25.2473],[89.71634,25.24731],[89.71634,25.24695],[89.71614,25.24695],[89.71612,25.24605],[89.71572,25.24587],[89.71573,25.2466],[89.71593,25.24659],[89.71594,25.24677],[89.71574,25.24678],[89.71575,25.24732],[89.71555,25.24732],[89.71556,25.24768],[89.71536,25.24769],[89.71537,25.24823],[89.71557,25.24822],[89.71558,25.24858],[89.71578,25.24858],[89.7158,25.24948],[89.71619,25.24948],[89.7162,25.24966],[89.71659,25.24947]]]}},{"type":"Feature","properties":{"kind":"land","ha":3.0},"geometry":{"type":"Polygon","coordinates":[[[89.60819,25.24763],[89.60817,25.24673],[89.60778,25.24692],[89.60778,25.24674],[89.60718,25.24675],[89.60718,25.24657],[89.60678,25.24658],[89.60657,25.24622],[89.60638,25.24622],[89.60637,25.24604],[89.60597,25.24605],[89.60597,25.24587],[89.60538,25.24588],[89.60537,25.2457],[89.60517,25.2457],[89.60518,25.24606],[89.60498,25.24607],[89.60499,25.24625],[89.60539,25.24642],[89.60539,25.2466],[89.60559,25.2466],[89.60559,25.24678],[89.60579,25.24677],[89.6058,25.24695],[89.60639,25.24694],[89.6066,25.2473],[89.6068,25.2473],[89.6068,25.24748],[89.6072,25.24747],[89.6074,25.24783],[89.60819,25.24763]]]}},{"type":"Feature","properties":{"kind":"land","ha":30.2},"geometry":{"type":"Polygon","coordinates":[[[89.64075,25.24832],[89.64076,25.2485],[89.64096,25.24849],[89.641,25.25048],[89.6408,25.25048],[89.64082,25.2512],[89.64062,25.25121],[89.64066,25.25301],[89.64046,25.25302],[89.64048,25.2541],[89.64028,25.2541],[89.64029,25.25446],[89.64009,25.25447],[89.64012,25.25555],[89.63992,25.25555],[89.63993,25.25609],[89.63973,25.2561],[89.63974,25.25646],[89.63954,25.25646],[89.63956,25.25736],[89.63936,25.25737],[89.63937,25.25773],[89.63898,25.25792],[89.63898,25.2581],[89.63878,25.2581],[89.6386,25.25882],[89.6384,25.25883],[89.63841,25.25919],[89.63801,25.2592],[89.63802,25.25938],[89.63821,25.25937],[89.63823,25.26009],[89.63863,25.26009],[89.63863,25.26045],[89.63844,25.26045],[89.63844,25.26063],[89.63884,25.26081],[89.63885,25.26099],[89.63904,25.26098],[89.63905,25.26134],[89.63965,25.26133],[89.63966,25.26187],[89.64006,25.26187],[89.64027,25.26259],[89.64047,25.26258],[89.64049,25.26348],[89.64069,25.26348],[89.64068,25.2633],[89.64108,25.26329],[89.64107,25.26293],[89.64127,25.26293],[89.64125,25.26203],[89.64105,25.26203],[89.64103,25.26113],[89.64083,25.26113],[89.64082,25.26059],[89.64062,25.26059],[89.6406,25.25951],[89.6404,25.25951],[89.64039,25.25915],[89.64059,25.25915],[89.64057,25.25825],[89.64037,25.25825],[89.64034,25.25681],[89.64054,25.2568],[89.64053,25.25644],[89.64073,25.25644],[89.64072,25.2559],[89.64092,25.2559],[89.64091,25.25553],[89.64111,25.25553],[89.6411,25.25517],[89.6413,25.25517],[89.64128,25.25445],[89.64148,25.25444],[89.64147,25.25372],[89.64166,25.25372],[89.64165,25.25317],[89.64185,25.25317],[89.64184,25.25263],[89.64204,25.25263],[89.64203,25.25227],[89.64223,25.25226],[89.64222,25.2519],[89.64242,25.2519],[89.64238,25.25027],[89.64258,25.25027],[89.64257,25.24955],[89.64277,25.24955],[89.64275,25.24864],[89.64255,25.24865],[89.64253,25.24792],[89.64273,25.24792],[89.64272,25.24738],[89.64252,25.24738],[89.6425,25.24666],[89.6427,25.24666],[89.64269,25.24612],[89.6421,25.24613],[89.64209,25.24595],[89.64189,25.24595],[89.64189,25.24559],[89.64208,25.24559],[89.64208,25.24541],[89.64248,25.2454],[89.64248,25.24558],[89.64288,25.24557],[89.64287,25.24521],[89.64267,25.24522],[89.64266,25.24485],[89.64247,25.24486],[89.64246,25.24468],[89.64206,25.24468],[89.64186,25.24433],[89.64166,25.24433],[89.64166,25.24415],[89.64146,25.24415],[89.64145,25.24397],[89.64126,25.24398],[89.64126,25.24434],[89.64107,25.24434],[89.64115,25.24813],[89.64075,25.24832]],[[89.64174,25.24812],[89.64175,25.24848],[89.64135,25.24849],[89.64115,25.24813],[89.64174,25.24812]],[[89.63882,25.25972],[89.63921,25.25972],[89.63922,25.2599],[89.63882,25.2599],[89.63882,25.25972]]]}},{"type":"Feature","properties":{"kind":"land","ha":5.9},"geometry":{"type":"Polygon","coordinates":[[[89.60299,25.24592],[89.60339,25.24591],[89.6034,25.24609],[89.60379,25.24591],[89.60378,25.24573],[89.60458,25.24571],[89.60457,25.24517],[89.60437,25.24517],[89.60435,25.24445],[89.60396,25.24464],[89.60396,25.24482],[89.60377,25.24482],[89.60376,25.24464],[89.60336,25.24465],[89.60336,25.24447],[89.60316,25.24447],[89.60316,25.24429],[89.60276,25.2443],[89.60256,25.24394],[89.60236,25.24395],[89.60235,25.24377],[89.60216,25.24377],[89.60215,25.24359],[89.60176,25.24378],[89.60176,25.24396],[89.60037,25.24398],[89.60018,25.24435],[89.59998,25.24435],[89.60019,25.24471],[89.60039,25.2447],[89.60039,25.24488],[89.60059,25.24488],[89.60059,25.24506],[89.60099,25.24505],[89.6012,25.24541],[89.6014,25.24541],[89.6014,25.24559],[89.60219,25.24539],[89.60219,25.24521],[89.60258,25.24521],[89.60258,25.24502],[89.60298,25.24502],[89.60299,25.24592]],[[89.60297,25.24466],[89.60317,25.24465],[89.60317,25.24501],[89.60298,25.24502],[89.60297,25.24466]]]}},{"type":"Feature","properties":{"kind":"land","ha":3.0},"geometry":{"type":"Polygon","coordinates":[[[89.64707,25.24658],[89.64706,25.2464],[89.64726,25.2464],[89.64725,25.24586],[89.64745,25.24585],[89.64741,25.24423],[89.64761,25.24422],[89.6476,25.24368],[89.6478,25.24368],[89.64778,25.24296],[89.64798,25.24295],[89.64797,25.24259],[89.64777,25.2426],[89.64777,25.24242],[89.64757,25.24242],[89.64758,25.24296],[89.64739,25.24296],[89.6474,25.24351],[89.6472,25.24351],[89.64721,25.24405],[89.64682,25.24424],[89.64682,25.24442],[89.64662,25.24442],[89.64663,25.24478],[89.64643,25.24479],[89.64644,25.24497],[89.64624,25.24497],[89.64625,25.24551],[89.64665,25.2455],[89.64666,25.24605],[89.64646,25.24605],[89.64647,25.24641],[89.64667,25.24641],[89.64667,25.24659],[89.64707,25.24658]]]}},{"type":"Feature","properties":{"kind":"land","ha":6.1},"geometry":{"type":"Polygon","coordinates":[[[89.60595,25.24479],[89.60594,25.2446],[89.60554,25.24443],[89.60554,25.24425],[89.60534,25.24425],[89.60534,25.24407],[89.60514,25.24408],[89.60513,25.2439],[89.60494,25.2439],[89.60493,25.24372],[89.60473,25.24372],[89.60492,25.24336],[89.60512,25.24336],[89.60512,25.24318],[89.60552,25.24335],[89.60552,25.24353],[89.60572,25.24353],[89.60573,25.24371],[89.60612,25.2437],[89.60613,25.24388],[89.60731,25.24368],[89.60731,25.24332],[89.6075,25.24331],[89.6073,25.24296],[89.6071,25.24296],[89.6071,25.24278],[89.6067,25.24279],[89.60649,25.24243],[89.60629,25.24243],[89.60628,25.24189],[89.60648,25.24189],[89.60648,25.24171],[89.60628,25.24171],[89.60627,25.24153],[89.60588,25.24154],[89.60587,25.24136],[89.60509,25.24173],[89.6051,25.24209],[89.6045,25.2421],[89.6045,25.24228],[89.60431,25.24229],[89.60431,25.24265],[89.60392,25.24265],[89.60412,25.24301],[89.60432,25.24301],[89.60433,25.24337],[89.60453,25.24337],[89.60454,25.24373],[89.60434,25.24373],[89.60435,25.24427],[89.60455,25.24427],[89.60455,25.24445],[89.60515,25.24444],[89.60515,25.24462],[89.60555,25.24461],[89.60555,25.24479],[89.60595,25.24479]]]}},{"type":"Feature","properties":{"kind":"land","ha":22.8},"geometry":{"type":"Polygon","coordinates":[[[89.71858,25.25846],[89.71858,25.25864],[89.71878,25.25863],[89.71878,25.25845],[89.71897,25.25845],[89.71914,25.257],[89.71934,25.257],[89.71933,25.25646],[89.71953,25.25645],[89.71931,25.25574],[89.71971,25.25573],[89.71971,25.25591],[89.71991,25.2559],[89.71991,25.25572],[89.7201,25.25572],[89.7201,25.25536],[89.7199,25.25536],[89.71989,25.25518],[89.7195,25.25519],[89.71929,25.25483],[89.71909,25.25484],[89.71908,25.25412],[89.71967,25.2541],[89.71968,25.25428],[89.71987,25.25428],[89.71987,25.25392],[89.72006,25.25392],[89.72006,25.25374],[89.71986,25.25374],[89.71985,25.2532],[89.72024,25.25301],[89.72023,25.25265],[89.72043,25.25265],[89.72043,25.25247],[89.72023,25.25247],[89.72022,25.25193],[89.71982,25.25194],[89.71982,25.25176],[89.71962,25.25176],[89.71958,25.24995],[89.71997,25.24977],[89.71994,25.24832],[89.71974,25.24833],[89.71972,25.24724],[89.71932,25.24707],[89.71931,25.24689],[89.71971,25.24688],[89.7197,25.2467],[89.7199,25.2467],[89.71989,25.24598],[89.71969,25.24598],[89.71967,25.24526],[89.71928,25.24527],[89.71927,25.24491],[89.71966,25.24472],[89.71965,25.24436],[89.71925,25.24419],[89.71924,25.24364],[89.71944,25.24364],[89.7194,25.24202],[89.7192,25.24202],[89.71919,25.2413],[89.71899,25.2413],[89.71897,25.2404],[89.71877,25.2404],[89.71894,25.23896],[89.71874,25.23896],[89.71873,25.23842],[89.71853,25.23842],[89.71854,25.23896],[89.71834,25.23897],[89.71839,25.24131],[89.7182,25.24132],[89.71822,25.24222],[89.71841,25.24222],[89.71842,25.2424],[89.71822,25.2424],[89.71822,25.24258],[89.71842,25.24258],[89.71844,25.2433],[89.71824,25.2433],[89.71824,25.24348],[89.71844,25.24348],[89.71845,25.24366],[89.71825,25.24366],[89.71826,25.2442],[89.71806,25.24421],[89.71806,25.24403],[89.71766,25.24403],[89.71765,25.24349],[89.71785,25.24349],[89.71784,25.24313],[89.71744,25.24314],[89.71744,25.24296],[89.71724,25.24296],[89.71726,25.24368],[89.71686,25.24369],[89.71687,25.24405],[89.71726,25.24404],[89.71727,25.2444],[89.71767,25.24439],[89.71767,25.24458],[89.71787,25.24457],[89.71787,25.24439],[89.71826,25.24438],[89.7183,25.24583],[89.71849,25.24582],[89.71853,25.24763],[89.71873,25.24762],[89.71878,25.24961],[89.71918,25.24978],[89.71919,25.25014],[89.71879,25.25015],[89.71883,25.25195],[89.71863,25.25196],[89.71864,25.25232],[89.71844,25.25232],[89.71845,25.25268],[89.71806,25.25287],[89.71807,25.25341],[89.71787,25.25342],[89.71789,25.25414],[89.71828,25.25413],[89.71829,25.25431],[89.71849,25.25431],[89.71849,25.25449],[89.71829,25.25449],[89.7183,25.25503],[89.7187,25.2552],[89.71873,25.25647],[89.71853,25.25647],[89.71855,25.25719],[89.71835,25.2572],[89.71838,25.25828],[89.71818,25.25828],[89.71818,25.25864],[89.71858,25.25846]],[[89.71867,25.25376],[89.71847,25.25377],[89.71846,25.25304],[89.71866,25.25304],[89.71864,25.2525],[89.71884,25.2525],[89.71884,25.25231],[89.71923,25.25231],[89.71925,25.25303],[89.71945,25.25303],[89.71945,25.25321],[89.71906,25.25339],[89.71907,25.25375],[89.71887,25.25376],[89.71887,25.25394],[89.71868,25.25394],[89.71867,25.25376]]]}},{"type":"Feature","properties":{"kind":"land","ha":7.1},"geometry":{"type":"Polygon","coordinates":[[[89.60911,25.24419],[89.6091,25.24365],[89.6089,25.24365],[89.60888,25.24275],[89.60908,25.24274],[89.60908,25.24256],[89.60967,25.24255],[89.60966,25.24183],[89.60925,25.24166],[89.60924,25.24112],[89.60944,25.24111],[89.60943,25.24075],[89.60963,25.24075],[89.60962,25.24039],[89.60883,25.2404],[89.60883,25.24058],[89.60864,25.24059],[89.60864,25.24095],[89.60825,25.24113],[89.60825,25.24131],[89.60806,25.24132],[89.60785,25.24096],[89.60824,25.24077],[89.60843,25.24005],[89.60862,25.24004],[89.60862,25.23968],[89.60842,25.23969],[89.60841,25.23933],[89.60821,25.23933],[89.60821,25.23915],[89.60781,25.23916],[89.60782,25.23934],[89.60762,25.23934],[89.60763,25.2397],[89.60723,25.23989],[89.60725,25.24079],[89.60705,25.24079],[89.60706,25.24098],[89.60726,25.24097],[89.60727,25.24169],[89.60668,25.2417],[89.60668,25.24188],[89.60807,25.24186],[89.60827,25.24222],[89.60847,25.24221],[89.60848,25.24275],[89.60829,25.24276],[89.60829,25.24312],[89.6081,25.24312],[89.6081,25.24348],[89.6079,25.24349],[89.60791,25.24385],[89.60831,25.24402],[89.60832,25.2442],[89.60911,25.24419]]]}},{"type":"Feature","properties":{"kind":"land","ha":5.3},"geometry":{"type":"Polygon","coordinates":[[[89.60323,25.23815],[89.60104,25.23819],[89.60104,25.23801],[89.60084,25.23802],[89.60083,25.23747],[89.60103,25.23747],[89.60102,25.23711],[89.60082,25.23711],[89.60082,25.23693],[89.60062,25.23694],[89.60062,25.23712],[89.60023,25.23712],[89.60023,25.2373],[89.59924,25.23732],[89.59925,25.23768],[89.59945,25.23768],[89.59945,25.23786],[89.59985,25.23785],[89.59985,25.23803],[89.60045,25.23802],[89.60065,25.23838],[89.60105,25.23837],[89.60125,25.23873],[89.60145,25.23873],[89.60146,25.23891],[89.60106,25.23891],[89.60127,25.23927],[89.60186,25.23926],[89.60207,25.23962],[89.60306,25.2396],[89.60306,25.23978],[89.60386,25.23977],[89.60385,25.23959],[89.60365,25.23959],[89.60364,25.23887],[89.60403,25.23868],[89.60403,25.2385],[89.60343,25.23851],[89.60323,25.23815]],[[89.60344,25.23869],[89.60324,25.2387],[89.60323,25.23852],[89.60343,25.23851],[89.60344,25.23869]]]}},{"type":"Feature","properties":{"kind":"land","ha":6.8},"geometry":{"type":"Polygon","coordinates":[[[89.59951,25.24093],[89.59951,25.24075],[89.60011,25.24074],[89.6001,25.24056],[89.5997,25.24038],[89.5997,25.2402],[89.5995,25.24021],[89.5995,25.24003],[89.5991,25.24003],[89.59909,25.23985],[89.5989,25.23986],[89.59889,25.23949],[89.59849,25.23932],[89.59848,25.23914],[89.59829,25.23914],[89.59828,25.23896],[89.59749,25.23898],[89.59728,25.23862],[89.59649,25.23863],[89.59628,25.23792],[89.59608,25.23792],[89.59607,25.23756],[89.59587,25.23756],[89.59586,25.2372],[89.59566,25.2372],[89.59566,25.23684],[89.59546,25.23685],[89.59545,25.23649],[89.59525,25.23649],[89.59526,25.23703],[89.59546,25.23703],[89.59547,25.23739],[89.59508,25.23758],[89.59509,25.23794],[89.59469,25.23794],[89.59448,25.23759],[89.59428,25.23759],[89.59428,25.23741],[89.59388,25.23742],[89.59389,25.23796],[89.59409,25.23795],[89.5941,25.23813],[89.59509,25.23812],[89.5951,25.23848],[89.59549,25.23847],[89.5955,25.23883],[89.5959,25.23901],[89.59591,25.23919],[89.5961,25.23918],[89.59611,25.23936],[89.59691,25.23953],[89.59691,25.23971],[89.5977,25.2397],[89.59771,25.23988],[89.5981,25.23987],[89.59812,25.24059],[89.59852,25.24076],[89.59852,25.24094],[89.59951,25.24093]]]}},{"type":"Feature","properties":{"kind":"land","ha":39.9},"geometry":{"type":"Polygon","coordinates":[[[89.67917,25.2534],[89.67916,25.25304],[89.67936,25.25304],[89.67935,25.2525],[89.67955,25.25249],[89.67954,25.25213],[89.67993,25.25194],[89.67992,25.25158],[89.68012,25.25158],[89.68012,25.2514],[89.68032,25.25139],[89.68031,25.25103],[89.6807,25.25085],[89.68088,25.25012],[89.68108,25.25012],[89.68107,25.24976],[89.68147,25.24957],[89.68145,25.24903],[89.68165,25.24902],[89.68164,25.24866],[89.68184,25.24866],[89.68184,25.2483],[89.68223,25.24811],[89.68222,25.24793],[89.68242,25.24793],[89.68241,25.24757],[89.68281,25.24738],[89.6828,25.2472],[89.683,25.24719],[89.683,25.24701],[89.6832,25.24701],[89.68319,25.24683],[89.68339,25.24683],[89.68357,25.2461],[89.68377,25.2461],[89.68376,25.24574],[89.68396,25.24573],[89.68395,25.24501],[89.68355,25.24484],[89.68354,25.24466],[89.68295,25.24467],[89.68295,25.24485],[89.68275,25.24485],[89.68255,25.2445],[89.68235,25.2445],[89.68213,25.24378],[89.68193,25.24378],[89.68193,25.24342],[89.68173,25.24343],[89.68172,25.24307],[89.68192,25.24306],[89.68189,25.24198],[89.68229,25.24179],[89.68228,25.24125],[89.68247,25.24125],[89.68247,25.24089],[89.68266,25.24088],[89.68266,25.24052],[89.68305,25.24034],[89.68326,25.24105],[89.68346,25.24105],[89.68347,25.24159],[89.68367,25.24159],[89.68369,25.24231],[89.68349,25.24231],[89.68349,25.24249],[89.6827,25.24251],[89.6827,25.24233],[89.6825,25.24233],[89.6825,25.24251],[89.6823,25.24251],[89.68232,25.24306],[89.68272,25.24323],[89.68272,25.24359],[89.68292,25.24359],[89.68293,25.24377],[89.68312,25.24376],[89.68313,25.24412],[89.68353,25.24412],[89.68353,25.2443],[89.68393,25.24429],[89.68393,25.24447],[89.68413,25.24447],[89.68412,25.24375],[89.68431,25.24374],[89.68431,25.24356],[89.68411,25.24356],[89.68411,25.24338],[89.68431,25.24338],[89.6843,25.24302],[89.6841,25.24302],[89.68408,25.2423],[89.68428,25.2423],[89.68428,25.24194],[89.68447,25.24193],[89.68462,25.2394],[89.68481,25.2394],[89.68479,25.23832],[89.68459,25.23832],[89.68455,25.23616],[89.68474,25.23615],[89.68472,25.23525],[89.68492,25.23525],[89.68491,25.23471],[89.68452,25.23489],[89.68453,25.23525],[89.68413,25.23544],[89.68414,25.2358],[89.68394,25.23581],[89.68395,25.23617],[89.68356,25.23636],[89.68357,25.23672],[89.68337,25.23672],[89.68338,25.23744],[89.68299,25.23763],[89.68281,25.23835],[89.68261,25.23836],[89.68262,25.23872],[89.68242,25.23872],[89.68243,25.23926],[89.68223,25.23927],[89.68225,25.23999],[89.68205,25.23999],[89.68206,25.24035],[89.68166,25.24054],[89.68167,25.24072],[89.68127,25.24073],[89.68128,25.24109],[89.68108,25.24109],[89.68111,25.24254],[89.68091,25.24254],[89.68093,25.24344],[89.68074,25.24345],[89.68075,25.24399],[89.68055,25.24399],[89.68056,25.24453],[89.68036,25.24454],[89.68038,25.24508],[89.68018,25.24508],[89.68019,25.24562],[89.67999,25.24563],[89.68,25.24617],[89.6798,25.24617],[89.67984,25.24779],[89.67964,25.2478],[89.67969,25.25014],[89.67949,25.25015],[89.67952,25.25141],[89.67932,25.25141],[89.67934,25.25213],[89.67914,25.25214],[89.67915,25.25268],[89.67895,25.25268],[89.67897,25.2534],[89.67917,25.2534]]]}},{"type":"Feature","properties":{"kind":"land","ha":8.5},"geometry":{"type":"Polygon","coordinates":[[[89.63499,25.23849],[89.63497,25.23759],[89.63516,25.23759],[89.63516,25.23723],[89.63535,25.23722],[89.63534,25.23668],[89.63594,25.23667],[89.63632,25.23594],[89.63672,25.23594],[89.63672,25.2363],[89.63692,25.23629],[89.63691,25.23593],[89.63731,25.23593],[89.63732,25.23611],[89.63751,25.2361],[89.63752,25.23646],[89.63772,25.23646],[89.63772,25.23628],[89.63851,25.23626],[89.63851,25.23645],[89.63871,25.23644],[89.6387,25.2359],[89.6389,25.2359],[89.63889,25.23554],[89.63869,25.23554],[89.63869,25.23536],[89.63829,25.23537],[89.6383,25.23555],[89.6379,25.23555],[89.6379,25.23573],[89.63751,25.23574],[89.6375,25.23556],[89.63711,25.23557],[89.6369,25.23521],[89.6367,25.23521],[89.6367,25.23539],[89.63611,25.23541],[89.63611,25.23559],[89.63552,25.2356],[89.63553,25.23596],[89.63533,25.23596],[89.63533,25.23614],[89.63315,25.23618],[89.63315,25.236],[89.63275,25.23601],[89.63296,25.23672],[89.63257,25.23673],[89.63256,25.23655],[89.63137,25.23657],[89.63158,25.23693],[89.63178,25.23693],[89.63178,25.23711],[89.63238,25.2371],[89.63238,25.23728],[89.63297,25.23727],[89.63298,25.23745],[89.63337,25.23744],[89.63338,25.2378],[89.63358,25.2378],[89.63359,25.23798],[89.63418,25.23797],[89.63439,25.23832],[89.63478,25.23832],[89.63479,25.2385],[89.63499,25.23849]]]}},{"type":"Feature","properties":{"kind":"land","ha":4.0},"geometry":{"type":"Polygon","coordinates":[[[89.63908,25.23517],[89.63907,25.23445],[89.63926,25.23445],[89.63924,25.23354],[89.63885,25.23355],[89.63885,25.23373],[89.63786,25.23375],[89.63786,25.23357],[89.63647,25.23359],[89.63646,25.23341],[89.63587,25.23342],[89.63588,25.23397],[89.63628,25.23396],[89.63648,25.23432],[89.63668,25.23431],[89.63668,25.23449],[89.63688,25.23449],[89.63689,25.23467],[89.63728,25.23466],[89.63729,25.23484],[89.63808,25.23483],[89.63809,25.23501],[89.63888,25.23499],[89.63888,25.23518],[89.63908,25.23517]]]}},{"type":"Feature","properties":{"kind":"land","ha":8.9},"geometry":{"type":"Polygon","coordinates":[[[89.6909,25.23658],[89.69089,25.23604],[89.69129,25.23585],[89.69128,25.23567],[89.69148,25.23567],[89.69148,25.23549],[89.69167,25.23549],[89.69167,25.23512],[89.69206,25.23494],[89.69205,25.23476],[89.69245,25.23475],[89.69244,25.23439],[89.69264,25.23439],[89.69263,25.23384],[89.69243,25.23385],[89.69241,25.23277],[89.69221,25.23277],[89.69219,25.23205],[89.692,25.23205],[89.69178,25.23133],[89.69138,25.23116],[89.69137,25.2308],[89.69097,25.23063],[89.69097,25.23044],[89.69077,25.23045],[89.69078,25.23099],[89.69098,25.23099],[89.69102,25.23261],[89.69082,25.23261],[89.69083,25.23334],[89.69063,25.23334],[89.69065,25.23406],[89.69045,25.23406],[89.69047,25.23479],[89.69027,25.23479],[89.69028,25.23533],[89.68989,25.23552],[89.6899,25.23588],[89.6897,25.23588],[89.6899,25.23624],[89.6901,25.23624],[89.69011,25.23642],[89.69031,25.23641],[89.69031,25.23659],[89.6909,25.23658]]]}},{"type":"Feature","properties":{"kind":"land","ha":7.8},"geometry":{"type":"Polygon","coordinates":[[[89.68348,25.23293],[89.68346,25.23203],[89.68326,25.23203],[89.68326,25.23185],[89.68365,25.23166],[89.68365,25.23148],[89.68385,25.23148],[89.68384,25.2313],[89.68404,25.23129],[89.68404,25.23111],[89.68562,25.23108],[89.68563,25.23126],[89.68602,25.23126],[89.68601,25.23035],[89.6862,25.23035],[89.686,25.22999],[89.6858,25.23],[89.68579,25.22982],[89.6856,25.22982],[89.68562,25.23072],[89.68542,25.23073],[89.68521,25.23037],[89.68501,25.23037],[89.68501,25.23019],[89.68481,25.2302],[89.68481,25.23002],[89.68461,25.23002],[89.6846,25.22966],[89.6844,25.22966],[89.68439,25.22894],[89.68478,25.22875],[89.68478,25.22857],[89.68437,25.2284],[89.68438,25.22858],[89.68418,25.22858],[89.68416,25.22768],[89.68376,25.22769],[89.68377,25.22787],[89.68357,25.22787],[89.68342,25.23004],[89.68362,25.23004],[89.68362,25.23022],[89.68323,25.23041],[89.68323,25.23059],[89.68264,25.2306],[89.68245,25.23096],[89.68225,25.23096],[89.68226,25.23169],[89.68246,25.23168],[89.68247,25.23222],[89.68288,25.2324],[89.68288,25.23276],[89.68328,25.23275],[89.68328,25.23293],[89.68348,25.23293]]]}},{"type":"Feature","properties":{"kind":"land","ha":19.4},"geometry":{"type":"Polygon","coordinates":[[[89.64158,25.23152],[89.64158,25.23134],[89.64178,25.23133],[89.64176,25.23079],[89.64157,25.2308],[89.64155,25.23007],[89.64135,25.23008],[89.64114,25.22936],[89.64074,25.22919],[89.64073,25.22901],[89.64054,25.22901],[89.64053,25.22883],[89.64013,25.22884],[89.64013,25.22866],[89.63954,25.22867],[89.63953,25.22849],[89.63914,25.22849],[89.63914,25.22867],[89.63854,25.22868],[89.63854,25.2285],[89.63814,25.22851],[89.63814,25.22833],[89.63774,25.22834],[89.63775,25.22888],[89.63795,25.22887],[89.63796,25.22924],[89.63756,25.22924],[89.63757,25.22942],[89.63598,25.22945],[89.63598,25.22963],[89.63559,25.22964],[89.63558,25.22946],[89.63539,25.22946],[89.63539,25.22964],[89.6344,25.22966],[89.6344,25.22984],[89.63262,25.22987],[89.63262,25.23005],[89.63222,25.23006],[89.63223,25.23024],[89.63183,25.23025],[89.63183,25.23043],[89.63124,25.23044],[89.63124,25.23062],[89.63045,25.23063],[89.63045,25.23045],[89.63005,25.23046],[89.62984,25.2301],[89.62965,25.23011],[89.62965,25.23047],[89.63005,25.23064],[89.63006,25.23082],[89.63065,25.23081],[89.63066,25.23099],[89.63244,25.23096],[89.63245,25.23114],[89.63383,25.23111],[89.63402,25.23075],[89.63422,25.23075],[89.63422,25.23057],[89.63462,25.23056],[89.63462,25.23092],[89.638,25.23086],[89.638,25.23104],[89.63879,25.23103],[89.6388,25.23121],[89.63999,25.23118],[89.63999,25.23137],[89.64078,25.23135],[89.64079,25.23153],[89.64158,25.23152]]]}},{"type":"Feature","properties":{"kind":"land","ha":6.3},"geometry":{"type":"Polygon","coordinates":[[[89.68744,25.23249],[89.68762,25.23177],[89.68782,25.23177],[89.68781,25.2314],[89.68821,25.23122],[89.6882,25.23086],[89.6886,25.23085],[89.68879,25.23048],[89.68898,25.23048],[89.68898,25.2303],[89.68938,25.23029],[89.68937,25.22993],[89.68976,25.22974],[89.68976,25.22956],[89.68996,25.22956],[89.68995,25.22938],[89.69015,25.22938],[89.69012,25.22811],[89.69032,25.22811],[89.69031,25.22775],[89.69051,25.22775],[89.6905,25.22702],[89.69069,25.22702],[89.69067,25.22612],[89.69028,25.22613],[89.69029,25.22685],[89.69009,25.22685],[89.6901,25.22703],[89.6903,25.22703],[89.69031,25.22739],[89.6899,25.22722],[89.68991,25.2274],[89.68971,25.2274],[89.68992,25.22776],[89.68972,25.22776],[89.68973,25.22812],[89.68953,25.22812],[89.68953,25.22831],[89.68913,25.22831],[89.68894,25.22868],[89.68875,25.22868],[89.68875,25.22886],[89.68855,25.22886],[89.68857,25.22959],[89.68837,25.22959],[89.68838,25.22995],[89.68818,25.22995],[89.68819,25.23032],[89.68779,25.23032],[89.68779,25.2305],[89.6876,25.23051],[89.68759,25.23033],[89.68739,25.23033],[89.68741,25.23105],[89.68761,25.23105],[89.68761,25.23123],[89.68722,25.23142],[89.68722,25.2316],[89.68702,25.2316],[89.68704,25.23214],[89.68684,25.23214],[89.68685,25.23251],[89.68665,25.23251],[89.68666,25.23287],[89.68744,25.23249]]]}},{"type":"Feature","properties":{"kind":"land","ha":3.8},"geometry":{"type":"Polygon","coordinates":[[[89.69293,25.22933],[89.69292,25.22897],[89.69312,25.22896],[89.69311,25.22842],[89.6933,25.22842],[89.69327,25.22679],[89.69347,25.22679],[89.69345,25.22607],[89.69365,25.22606],[89.69364,25.22552],[89.69344,25.22553],[89.69343,25.22535],[89.69224,25.22537],[89.69226,25.22627],[89.69207,25.22627],[89.69207,25.22645],[89.69227,25.22645],[89.69228,25.22681],[89.69248,25.22681],[89.69248,25.22717],[89.69268,25.22716],[89.69253,25.22933],[89.69293,25.22933]]]}},{"type":"Feature","properties":{"kind":"land","ha":5.2},"geometry":{"type":"Polygon","coordinates":[[[89.61139,25.23025],[89.61137,25.22899],[89.61216,25.22897],[89.61215,25.22879],[89.61255,25.22878],[89.61254,25.22842],[89.61215,25.22843],[89.61173,25.22772],[89.61134,25.22772],[89.61113,25.22737],[89.61093,25.22737],[89.61093,25.22719],[89.61073,25.22719],[89.61073,25.22701],[89.61053,25.22702],[89.61053,25.22684],[89.61033,25.22684],[89.61032,25.22666],[89.61012,25.22666],[89.61012,25.22648],[89.60992,25.22648],[89.60992,25.2263],[89.60972,25.22631],[89.60973,25.22685],[89.60993,25.22685],[89.60996,25.22811],[89.61016,25.22811],[89.61016,25.22847],[89.61036,25.22846],[89.61038,25.22954],[89.61058,25.22954],[89.61059,25.2299],[89.61079,25.2299],[89.6108,25.23026],[89.61139,25.23025]]]}},{"type":"Feature","properties":{"kind":"land","ha":8.0},"geometry":{"type":"Polygon","coordinates":[[[89.60763,25.23086],[89.60763,25.23068],[89.60803,25.23067],[89.60803,25.23085],[89.60823,25.23085],[89.60822,25.23049],[89.60802,25.23049],[89.60801,25.22995],[89.60821,25.22994],[89.6082,25.22922],[89.608,25.22923],[89.60797,25.22778],[89.60757,25.22761],[89.60756,25.22743],[89.60736,25.22743],[89.60736,25.22725],[89.60716,25.22726],[89.60715,25.22671],[89.60735,25.22671],[89.60734,25.22635],[89.60754,25.22635],[89.60753,25.22599],[89.60713,25.22599],[89.60714,25.22617],[89.60694,25.22618],[89.60695,25.2269],[89.60676,25.2269],[89.60676,25.22726],[89.60657,25.22727],[89.60657,25.22763],[89.60638,25.22763],[89.60635,25.22655],[89.60536,25.22657],[89.60536,25.22675],[89.60517,25.22675],[89.60518,25.22729],[89.60538,25.22729],[89.60538,25.22765],[89.60558,25.22764],[89.60559,25.22801],[89.60579,25.228],[89.6058,25.22836],[89.6062,25.22854],[89.60641,25.22925],[89.60661,25.22925],[89.60662,25.22961],[89.60681,25.22961],[89.60683,25.23015],[89.60663,25.23015],[89.60663,25.23033],[89.60703,25.23033],[89.60704,25.23069],[89.60743,25.23068],[89.60744,25.23086],[89.60763,25.23086]]]}},{"type":"Feature","properties":{"kind":"land","ha":5.3},"geometry":{"type":"Polygon","coordinates":[[[89.61676,25.23088],[89.61675,25.23033],[89.61655,25.23034],[89.61654,25.2298],[89.61634,25.2298],[89.61634,25.22944],[89.61614,25.22944],[89.61613,25.2289],[89.61593,25.22891],[89.6159,25.22782],[89.61571,25.22783],[89.61567,25.22638],[89.61548,25.22639],[89.61546,25.22548],[89.61526,25.22549],[89.61524,25.22477],[89.61505,25.22477],[89.61501,25.22333],[89.61482,25.22333],[89.61483,25.22387],[89.61443,25.22406],[89.61445,25.2246],[89.61464,25.2246],[89.61466,25.22532],[89.61446,25.22532],[89.61447,25.2255],[89.61466,25.2255],[89.61467,25.22568],[89.61447,25.22568],[89.6145,25.22713],[89.6147,25.22712],[89.61471,25.22748],[89.6149,25.22748],[89.61491,25.22784],[89.61511,25.22784],[89.61512,25.2282],[89.61552,25.22837],[89.61573,25.22909],[89.61593,25.22909],[89.61595,25.23017],[89.61615,25.23016],[89.61616,25.23053],[89.61656,25.23052],[89.61656,25.23088],[89.61676,25.23088]]]}},{"type":"Feature","properties":{"kind":"land","ha":7.3},"geometry":{"type":"Polygon","coordinates":[[[89.68986,25.22505],[89.68985,25.22487],[89.69025,25.22486],[89.69024,25.2245],[89.69183,25.22447],[89.69183,25.22465],[89.69322,25.22463],[89.69321,25.22427],[89.69301,25.22427],[89.69301,25.22409],[89.69242,25.2241],[89.69221,25.22374],[89.69201,25.22375],[89.69201,25.22357],[89.69161,25.22357],[89.69161,25.22339],[89.69141,25.2234],[89.6914,25.22304],[89.691,25.22286],[89.691,25.22268],[89.6906,25.22287],[89.69061,25.22305],[89.69041,25.22306],[89.69041,25.22324],[89.69021,25.22324],[89.6902,25.2227],[89.69,25.2227],[89.69,25.22252],[89.68961,25.22271],[89.68961,25.22289],[89.68941,25.22289],[89.68941,25.22271],[89.68921,25.22272],[89.6892,25.22236],[89.6894,25.22235],[89.68939,25.22181],[89.68959,25.22181],[89.68957,25.22108],[89.68917,25.22091],[89.68919,25.22199],[89.689,25.222],[89.689,25.22218],[89.6886,25.22219],[89.68862,25.22273],[89.68842,25.22273],[89.68843,25.22345],[89.68903,25.22344],[89.68903,25.22362],[89.68923,25.22362],[89.68924,25.22416],[89.68944,25.22416],[89.68946,25.22524],[89.68986,25.22505]],[[89.68962,25.22343],[89.69002,25.22324],[89.69003,25.22378],[89.68983,25.22379],[89.68962,25.22343]]]}},{"type":"Feature","properties":{"kind":"land","ha":7.4},"geometry":{"type":"Polygon","coordinates":[[[89.63608,25.22494],[89.63608,25.22476],[89.63647,25.22475],[89.63648,25.22493],[89.63707,25.22492],[89.63685,25.22384],[89.63705,25.22384],[89.63705,25.22402],[89.63844,25.22399],[89.63844,25.22381],[89.63804,25.22382],[89.63804,25.22364],[89.63665,25.22366],[89.63644,25.22331],[89.63605,25.22331],[89.63584,25.22296],[89.63564,25.22296],[89.63564,25.22278],[89.63544,25.22278],[89.63544,25.2226],[89.63484,25.22261],[89.63484,25.22243],[89.63444,25.22244],[89.63444,25.22226],[89.63404,25.22227],[89.63383,25.22191],[89.63364,25.22191],[89.63363,25.22173],[89.63324,25.22174],[89.63344,25.2221],[89.63364,25.22209],[89.63364,25.22227],[89.63384,25.22227],[89.63385,25.22263],[89.63405,25.22263],[89.63407,25.22353],[89.63387,25.22353],[89.63389,25.22462],[89.63429,25.22461],[89.63429,25.22479],[89.63509,25.22477],[89.63509,25.22495],[89.63608,25.22494]]]}},{"type":"Feature","properties":{"kind":"land","ha":19.5},"geometry":{"type":"Polygon","coordinates":[[[89.67605,25.22873],[89.67604,25.22837],[89.67643,25.22818],[89.67643,25.228],[89.67663,25.228],[89.67662,25.22782],[89.67682,25.22781],[89.6768,25.22691],[89.676,25.22675],[89.676,25.22639],[89.6758,25.22639],[89.67578,25.22567],[89.67558,25.22567],[89.67557,25.22495],[89.67577,25.22495],[89.67576,25.22477],[89.67616,25.22476],[89.67616,25.22494],[89.67636,25.22493],[89.67637,25.22512],[89.67617,25.22512],[89.67618,25.22584],[89.67638,25.22584],[89.67639,25.22602],[89.67678,25.22583],[89.67676,25.22511],[89.67696,25.2251],[89.67694,25.22438],[89.67654,25.22421],[89.67654,25.22403],[89.67634,25.22403],[89.67633,25.22367],[89.67614,25.22368],[89.67612,25.22295],[89.67592,25.22296],[89.67591,25.22224],[89.6769,25.22222],[89.67689,25.22186],[89.67669,25.22186],[89.67668,25.22114],[89.67648,25.22114],[89.67647,25.2206],[89.67627,25.2206],[89.67623,25.21898],[89.67603,25.21898],[89.67604,25.21916],[89.67564,25.21917],[89.67564,25.21935],[89.67485,25.21937],[89.67485,25.21919],[89.67445,25.21919],[89.67426,25.21956],[89.67406,25.21956],[89.67407,25.21992],[89.67387,25.21993],[89.67388,25.22011],[89.67348,25.22011],[89.67329,25.22048],[89.67309,25.22048],[89.67309,25.22066],[89.6727,25.22067],[89.6727,25.22085],[89.6733,25.22084],[89.67329,25.22066],[89.67389,25.22065],[89.67391,25.22191],[89.67431,25.2219],[89.67432,25.22226],[89.67412,25.22227],[89.67414,25.22299],[89.67433,25.22299],[89.67436,25.22407],[89.67456,25.22406],[89.67458,25.22533],[89.67478,25.22532],[89.6748,25.22605],[89.675,25.22604],[89.67501,25.22658],[89.67521,25.22658],[89.67522,25.22712],[89.67542,25.22712],[89.67545,25.22838],[89.67564,25.22838],[89.67566,25.22892],[89.67605,25.22873]],[[89.67449,25.221],[89.67469,25.22099],[89.6747,25.22136],[89.6745,25.22136],[89.67449,25.221]]]}},{"type":"Feature","properties":{"kind":"land","ha":3.2},"geometry":{"type":"Polygon","coordinates":[[[89.61441,25.22298],[89.61441,25.2228],[89.61461,25.22279],[89.61459,25.22225],[89.61479,25.22225],[89.61476,25.2208],[89.61456,25.22081],[89.61454,25.21991],[89.61474,25.2199],[89.61473,25.21954],[89.61414,25.21955],[89.61416,25.22045],[89.61396,25.22046],[89.61397,25.221],[89.61377,25.221],[89.61379,25.22154],[89.61359,25.22155],[89.61361,25.22281],[89.61342,25.22281],[89.61342,25.22299],[89.61441,25.22298]]]}},{"type":"Feature","properties":{"kind":"land","ha":3.1},"geometry":{"type":"Polygon","coordinates":[[[89.67994,25.21603],[89.68013,25.21566],[89.68033,25.21566],[89.68032,25.21548],[89.68152,25.21564],[89.68151,25.21546],[89.68171,25.21545],[89.6817,25.21509],[89.68249,25.21508],[89.6825,25.21526],[89.6827,25.21525],[89.68269,25.21471],[89.68249,25.21472],[89.68248,25.21454],[89.68169,25.21455],[89.68169,25.21437],[89.68149,25.21437],[89.68147,25.21347],[89.68107,25.21348],[89.68107,25.21366],[89.68088,25.21366],[89.68089,25.2142],[89.68069,25.21421],[89.6807,25.21457],[89.6805,25.21457],[89.68051,25.21493],[89.68031,25.21494],[89.68032,25.2153],[89.67992,25.21548],[89.67993,25.21567],[89.67973,25.21567],[89.67973,25.21585],[89.67954,25.21585],[89.67954,25.21603],[89.67994,25.21603]]]}},{"type":"Feature","properties":{"kind":"land","ha":28.0},"geometry":{"type":"Polygon","coordinates":[[[89.64179,25.22303],[89.64179,25.22267],[89.64159,25.22267],[89.64157,25.22177],[89.64117,25.2216],[89.64116,25.22142],[89.64097,25.22142],[89.64096,25.22124],[89.64076,25.22124],[89.64076,25.22088],[89.64036,25.22071],[89.64035,25.22035],[89.64015,25.22035],[89.64014,25.21999],[89.63974,25.21982],[89.63973,25.21946],[89.63933,25.21928],[89.63933,25.2191],[89.63913,25.21911],[89.63913,25.21893],[89.63893,25.21893],[89.63892,25.21875],[89.63813,25.21858],[89.63812,25.2184],[89.63773,25.21841],[89.63752,25.21805],[89.63712,25.21806],[89.63712,25.21788],[89.63613,25.2179],[89.63612,25.21772],[89.63553,25.21773],[89.63553,25.21755],[89.63513,25.21755],[89.63513,25.21737],[89.63473,25.21738],[89.63472,25.2172],[89.63433,25.21721],[89.63432,25.21703],[89.63393,25.21703],[89.63392,25.21685],[89.63353,25.21686],[89.63352,25.21668],[89.63313,25.21669],[89.63292,25.21633],[89.63272,25.21633],[89.63272,25.21615],[89.63252,25.21616],[89.63252,25.21598],[89.63232,25.21598],[89.63231,25.2158],[89.63212,25.2158],[89.63211,25.21562],[89.63191,25.21563],[89.63191,25.21545],[89.63171,25.21545],[89.63171,25.21527],[89.63151,25.21527],[89.6315,25.21509],[89.63131,25.2151],[89.6313,25.21491],[89.6311,25.21492],[89.6311,25.21474],[89.6309,25.21474],[89.63091,25.2151],[89.63051,25.21511],[89.6305,25.21439],[89.6301,25.21458],[89.63011,25.21476],[89.62991,25.21476],[89.62991,25.21494],[89.62972,25.21494],[89.62972,25.2153],[89.62992,25.2153],[89.62993,25.21548],[89.62973,25.21548],[89.62974,25.21603],[89.63033,25.21601],[89.63034,25.2162],[89.63073,25.21619],[89.63094,25.21655],[89.63114,25.21654],[89.63115,25.2169],[89.63155,25.21708],[89.63155,25.21726],[89.63175,25.21725],[89.63176,25.21761],[89.63216,25.21779],[89.63216,25.21797],[89.63236,25.21796],[89.63236,25.21814],[89.63316,25.21813],[89.63316,25.21831],[89.63356,25.2183],[89.63356,25.21848],[89.63396,25.21848],[89.63416,25.21883],[89.63436,25.21883],[89.63437,25.21901],[89.63457,25.21901],[89.63457,25.21919],[89.63477,25.21918],[89.63477,25.21937],[89.63497,25.21936],[89.63498,25.21972],[89.63537,25.21972],[89.63538,25.2199],[89.63558,25.21989],[89.63558,25.22025],[89.63598,25.22025],[89.63619,25.2206],[89.63678,25.22059],[89.63679,25.22077],[89.63738,25.22076],[89.63759,25.22112],[89.63779,25.22112],[89.63779,25.2213],[89.63859,25.22146],[89.63879,25.22182],[89.63899,25.22182],[89.63899,25.222],[89.63919,25.22199],[89.6392,25.22217],[89.6394,25.22217],[89.6394,25.22235],[89.6396,25.22235],[89.6396,25.22253],[89.64079,25.22251],[89.6408,25.22269],[89.64139,25.22268],[89.6416,25.22303],[89.64179,25.22303]],[[89.63757,25.2204],[89.63797,25.22039],[89.63797,25.22057],[89.63758,25.22058],[89.63757,25.2204]],[[89.63735,25.2195],[89.63755,25.2195],[89.63756,25.22004],[89.63737,25.22004],[89.63735,25.2195]],[[89.63453,25.21756],[89.63493,25.21756],[89.63494,25.21792],[89.63454,25.21793],[89.63453,25.21756]]]}},{"type":"Feature","properties":{"kind":"land","ha":11.6},"geometry":{"type":"Polygon","coordinates":[[[89.62252,25.21236],[89.62251,25.21182],[89.62231,25.21183],[89.6223,25.21165],[89.6227,25.21146],[89.62268,25.21092],[89.62288,25.21091],[89.62288,25.21073],[89.62328,25.21091],[89.62328,25.21109],[89.62368,25.21108],[89.62368,25.21126],[89.62408,25.21107],[89.62407,25.21089],[89.62447,25.21088],[89.62447,25.21107],[89.62487,25.21106],[89.62508,25.21142],[89.62527,25.21141],[89.62528,25.21159],[89.62548,25.21159],[89.62548,25.21177],[89.62608,25.21176],[89.62608,25.21194],[89.62648,25.21193],[89.62648,25.21211],[89.62688,25.21211],[89.62688,25.21229],[89.62708,25.21228],[89.62708,25.2121],[89.62767,25.21209],[89.62767,25.21191],[89.62786,25.21191],[89.62786,25.21155],[89.62766,25.21155],[89.62765,25.21137],[89.62726,25.21138],[89.62705,25.21102],[89.62685,25.21102],[89.62685,25.21084],[89.62645,25.21085],[89.62625,25.21049],[89.62605,25.2105],[89.62604,25.21032],[89.62585,25.21032],[89.62584,25.21014],[89.62564,25.21014],[89.62564,25.20996],[89.62544,25.20997],[89.62544,25.20978],[89.62524,25.20979],[89.62524,25.20961],[89.62504,25.20961],[89.62503,25.20943],[89.62464,25.20944],[89.62443,25.20908],[89.62403,25.20909],[89.62383,25.20873],[89.62343,25.20874],[89.62323,25.20838],[89.62303,25.20838],[89.62326,25.20982],[89.62306,25.20983],[89.62306,25.21001],[89.62247,25.21002],[89.62246,25.20984],[89.62207,25.20984],[89.62186,25.20949],[89.62166,25.20949],[89.62167,25.20985],[89.62108,25.20986],[89.62109,25.21058],[89.62129,25.21058],[89.6213,25.21094],[89.6217,25.21111],[89.6217,25.21129],[89.6219,25.21129],[89.6219,25.21147],[89.6221,25.21147],[89.62212,25.21237],[89.62252,25.21236]]]}},{"type":"Feature","properties":{"kind":"land","ha":3.5},"geometry":{"type":"Polygon","coordinates":[[[89.61198,25.21147],[89.61198,25.21129],[89.61218,25.21128],[89.61217,25.2111],[89.61198,25.21111],[89.61196,25.2102],[89.61235,25.2102],[89.61254,25.20983],[89.61274,25.20983],[89.61273,25.20929],[89.61312,25.2091],[89.61309,25.20766],[89.6123,25.20785],[89.61211,25.20822],[89.61132,25.20823],[89.61133,25.20877],[89.61173,25.20876],[89.61173,25.20913],[89.61193,25.20912],[89.61195,25.21002],[89.61175,25.21003],[89.61177,25.21057],[89.61157,25.21057],[89.61159,25.21147],[89.61198,25.21147]]]}},{"type":"Feature","properties":{"kind":"land","ha":3.0},"geometry":{"type":"Polygon","coordinates":[[[89.62145,25.20895],[89.62144,25.20859],[89.62164,25.20859],[89.62161,25.20715],[89.62141,25.20715],[89.62138,25.20571],[89.62118,25.20571],[89.62118,25.20535],[89.62098,25.20535],[89.62079,25.20572],[89.62059,25.20572],[89.6206,25.20644],[89.62041,25.20644],[89.62043,25.20735],[89.62062,25.20734],[89.62064,25.20788],[89.62083,25.20788],[89.62084,25.20824],[89.62124,25.20842],[89.62125,25.20896],[89.62145,25.20895]]]}},{"type":"Feature","properties":{"kind":"land","ha":13.0},"geometry":{"type":"Polygon","coordinates":[[[89.69356,25.20387],[89.69355,25.20369],[89.69395,25.20368],[89.69393,25.2026],[89.69412,25.20259],[89.69411,25.20187],[89.69371,25.2017],[89.6937,25.20116],[89.69389,25.20115],[89.69388,25.20043],[89.69408,25.20043],[89.69406,25.19989],[89.69426,25.19988],[89.69425,25.19934],[89.69405,25.19934],[89.69404,25.19898],[89.69385,25.19899],[89.69403,25.19826],[89.69363,25.19827],[89.69364,25.19881],[89.69325,25.19882],[89.69325,25.199],[89.69266,25.19901],[89.69245,25.19865],[89.69205,25.19866],[89.69206,25.19884],[89.69186,25.19884],[89.69188,25.19956],[89.69168,25.19957],[89.6917,25.20047],[89.6915,25.20047],[89.69151,25.20102],[89.69131,25.20102],[89.69132,25.20156],[89.69113,25.20156],[89.69113,25.20192],[89.69094,25.20193],[89.69095,25.20247],[89.69135,25.20264],[89.69135,25.20282],[89.69254,25.2028],[89.69257,25.20388],[89.69356,25.20387]]]}},{"type":"Feature","properties":{"kind":"land","ha":10.2},"geometry":{"type":"Polygon","coordinates":[[[89.68957,25.20304],[89.68956,25.20249],[89.68976,25.20249],[89.68975,25.20213],[89.68955,25.20213],[89.68954,25.20177],[89.68994,25.20177],[89.68994,25.20195],[89.69014,25.20194],[89.69014,25.20176],[89.69034,25.20176],[89.69029,25.19977],[89.69009,25.19978],[89.69004,25.19725],[89.69024,25.19725],[89.69023,25.19671],[89.68983,25.19689],[89.68984,25.19708],[89.68964,25.19708],[89.68946,25.1978],[89.68926,25.19781],[89.68927,25.19817],[89.68887,25.19836],[89.68888,25.19872],[89.68868,25.19872],[89.68869,25.19908],[89.6883,25.19927],[89.68831,25.19963],[89.68791,25.19982],[89.68792,25.2],[89.68772,25.2],[89.68773,25.20036],[89.68753,25.20037],[89.68754,25.20091],[89.68794,25.20108],[89.68794,25.20126],[89.68814,25.20126],[89.68815,25.20162],[89.68835,25.20161],[89.68835,25.20179],[89.68875,25.20179],[89.68856,25.20215],[89.68876,25.20215],[89.68877,25.20251],[89.68896,25.20251],[89.68898,25.20305],[89.68957,25.20304]]]}},{"type":"Feature","properties":{"kind":"land","ha":51.5},"geometry":{"type":"Polygon","coordinates":[[[89.60613,25.2159],[89.60612,25.21554],[89.60632,25.21554],[89.60648,25.21409],[89.60668,25.21409],[89.60667,25.21373],[89.60687,25.21372],[89.60685,25.21246],[89.60704,25.21246],[89.60703,25.21174],[89.60723,25.21173],[89.60719,25.21011],[89.60699,25.21011],[89.60696,25.20867],[89.60676,25.20867],[89.60676,25.20849],[89.60715,25.2083],[89.60715,25.20812],[89.60735,25.20812],[89.60734,25.20776],[89.60754,25.20776],[89.60751,25.20631],[89.60711,25.20632],[89.60711,25.20614],[89.60691,25.20614],[89.60689,25.20542],[89.60729,25.20523],[89.60728,25.20505],[89.60748,25.20505],[89.60748,25.20487],[89.60768,25.20486],[89.60767,25.20468],[89.60787,25.20468],[89.60787,25.2045],[89.60806,25.2045],[89.60805,25.20396],[89.60825,25.20395],[89.60825,25.20377],[89.60864,25.20376],[89.60883,25.2034],[89.60903,25.2034],[89.60902,25.20286],[89.60882,25.20286],[89.60882,25.2025],[89.60862,25.2025],[89.60859,25.20106],[89.60839,25.20106],[89.60837,25.20016],[89.60857,25.20016],[89.60855,25.19925],[89.60835,25.19926],[89.60834,25.1989],[89.60854,25.19889],[89.60851,25.19763],[89.60811,25.19746],[89.60811,25.19728],[89.60791,25.19728],[89.60791,25.1971],[89.60751,25.19711],[89.60733,25.19783],[89.60693,25.19802],[89.60694,25.1982],[89.60714,25.1982],[89.60716,25.19928],[89.60677,25.19947],[89.60677,25.19965],[89.60657,25.19965],[89.60658,25.19983],[89.60638,25.19983],[89.60639,25.20019],[89.60619,25.2002],[89.6062,25.20092],[89.606,25.20092],[89.60602,25.20146],[89.60582,25.20147],[89.60584,25.20273],[89.60565,25.20273],[89.60568,25.20418],[89.60588,25.20417],[89.60587,25.20399],[89.60627,25.20399],[89.60626,25.20363],[89.60666,25.20362],[89.60666,25.2038],[89.60686,25.2038],[89.60686,25.20362],[89.60705,25.20361],[89.60704,25.20307],[89.60724,25.20307],[89.60724,25.20289],[89.60783,25.20288],[89.60784,25.20306],[89.60764,25.20306],[89.60765,25.2036],[89.60726,25.20379],[89.60726,25.20397],[89.60706,25.20397],[89.60707,25.20415],[89.60687,25.20416],[89.60687,25.20434],[89.60667,25.20434],[89.60668,25.20452],[89.6043,25.20456],[89.60429,25.2042],[89.60409,25.20421],[89.60409,25.20403],[89.60369,25.20403],[89.60348,25.20368],[89.60329,25.20368],[89.60328,25.2035],[89.60308,25.2035],[89.60308,25.20332],[89.60288,25.20332],[89.60288,25.20314],[89.60268,25.20315],[89.60268,25.20297],[89.60188,25.2028],[89.60187,25.20262],[89.60128,25.20263],[89.60128,25.20245],[89.60068,25.20246],[89.60047,25.2021],[89.60028,25.20211],[89.60027,25.20193],[89.60007,25.20193],[89.59986,25.20121],[89.59946,25.20104],[89.59946,25.20086],[89.59926,25.20086],[89.59927,25.20122],[89.59946,25.20122],[89.59948,25.20176],[89.59967,25.20176],[89.59971,25.20356],[89.60011,25.20373],[89.60012,25.2041],[89.60072,25.20408],[89.60092,25.20444],[89.60112,25.20444],[89.60113,25.2048],[89.60153,25.20497],[89.60153,25.20515],[89.60173,25.20515],[89.60173,25.20533],[89.60193,25.20533],[89.60194,25.20551],[89.60213,25.2055],[89.60214,25.20568],[89.60234,25.20568],[89.60234,25.20586],[89.60254,25.20586],[89.60275,25.20658],[89.60315,25.20675],[89.60316,25.20711],[89.60336,25.20711],[89.60336,25.20729],[89.60376,25.20728],[89.60377,25.20764],[89.60417,25.20781],[89.60417,25.208],[89.60437,25.20799],[89.60437,25.20817],[89.60457,25.20817],[89.60458,25.20835],[89.60477,25.20835],[89.60499,25.20906],[89.60519,25.20906],[89.6052,25.2096],[89.6054,25.2096],[89.60542,25.21068],[89.60562,25.21068],[89.60562,25.21104],[89.60582,25.21103],[89.60587,25.21302],[89.60606,25.21302],[89.60611,25.215],[89.60591,25.215],[89.60593,25.21591],[89.60613,25.2159]],[[89.60495,25.20744],[89.60475,25.20744],[89.60474,25.2069],[89.60514,25.20671],[89.60513,25.20653],[89.60533,25.20653],[89.60533,25.20635],[89.60572,25.20634],[89.60572,25.20616],[89.60592,25.20616],[89.60594,25.20706],[89.60614,25.20706],[89.60614,25.20724],[89.60575,25.20743],[89.60575,25.20761],[89.60555,25.20761],[89.60556,25.20779],[89.60516,25.2078],[89.60495,25.20744]],[[89.60313,25.20585],[89.60353,25.20602],[89.60354,25.2062],[89.60314,25.20621],[89.60313,25.20585]],[[89.60589,25.20472],[89.60609,25.20471],[89.60609,25.20507],[89.60589,25.20508],[89.60589,25.20472]]]}},{"type":"Feature","properties":{"kind":"land","ha":6.1},"geometry":{"type":"Polygon","coordinates":[[[89.59795,25.20449],[89.5979,25.20251],[89.59771,25.20251],[89.59769,25.20197],[89.5975,25.20198],[89.59746,25.20017],[89.59766,25.20017],[89.59759,25.19728],[89.5974,25.19728],[89.59738,25.19638],[89.59698,25.19621],[89.59697,25.19567],[89.59656,25.19549],[89.59661,25.19748],[89.59681,25.19748],[89.59681,25.19784],[89.59661,25.19784],[89.59666,25.20019],[89.59686,25.20018],[89.59688,25.20108],[89.59708,25.20108],[89.59709,25.20162],[89.59729,25.20162],[89.59753,25.20342],[89.59772,25.20342],[89.59775,25.2045],[89.59795,25.20449]],[[89.59684,25.1991],[89.59704,25.1991],[89.59704,25.19928],[89.59684,25.19928],[89.59684,25.1991]]]}},{"type":"Feature","properties":{"kind":"land","ha":9.5},"geometry":{"type":"Polygon","coordinates":[[[89.59985,25.20049],[89.59984,25.20013],[89.60004,25.20013],[89.60001,25.19886],[89.60021,25.19886],[89.6002,25.1985],[89.6004,25.1985],[89.60055,25.19633],[89.60075,25.19632],[89.60073,25.1956],[89.60093,25.1956],[89.60089,25.19379],[89.60109,25.19379],[89.60107,25.19289],[89.60068,25.19289],[89.60068,25.19308],[89.60048,25.19308],[89.60049,25.19344],[89.60009,25.19345],[89.6001,25.19363],[89.5997,25.19363],[89.5997,25.19381],[89.5995,25.19382],[89.59951,25.194],[89.59971,25.19399],[89.59972,25.19472],[89.59933,25.1949],[89.59935,25.19581],[89.59915,25.19581],[89.59916,25.19617],[89.59896,25.19617],[89.59897,25.19672],[89.59917,25.19671],[89.59917,25.19653],[89.59956,25.19652],[89.59957,25.19707],[89.59938,25.19707],[89.59938,25.19725],[89.59898,25.19726],[89.59899,25.19762],[89.59879,25.19762],[89.5988,25.19798],[89.5992,25.19816],[89.5992,25.19834],[89.5994,25.19833],[89.59922,25.19906],[89.59942,25.19905],[89.59944,25.19996],[89.59904,25.19996],[89.59905,25.20032],[89.59925,25.20032],[89.59924,25.20014],[89.59964,25.20013],[89.59965,25.20049],[89.59985,25.20049]]]}},{"type":"Feature","properties":{"kind":"land","ha":117.1},"geometry":{"type":"Polygon","coordinates":[[[89.66287,25.20677],[89.66287,25.20695],[89.66208,25.20714],[89.66209,25.20732],[89.66189,25.20733],[89.6619,25.20769],[89.66151,25.20788],[89.66151,25.20806],[89.66131,25.20806],[89.66132,25.20824],[89.66112,25.20824],[89.66112,25.20842],[89.66092,25.20843],[89.66093,25.20861],[89.66073,25.20861],[89.66074,25.20897],[89.66034,25.20916],[89.66035,25.20952],[89.65996,25.20971],[89.65996,25.20989],[89.65976,25.20989],[89.65977,25.21007],[89.65957,25.21008],[89.65957,25.21026],[89.65918,25.21026],[89.65918,25.21044],[89.65898,25.21045],[89.65899,25.21081],[89.65879,25.21081],[89.65881,25.21171],[89.65861,25.21172],[89.65862,25.21208],[89.65842,25.21208],[89.65864,25.2128],[89.65883,25.2128],[89.65884,25.21316],[89.65844,25.21298],[89.65843,25.21262],[89.65804,25.21281],[89.65786,25.21354],[89.65766,25.21354],[89.65766,25.21372],[89.65786,25.21372],[89.65787,25.21408],[89.65709,25.21445],[89.6569,25.21518],[89.6567,25.21518],[89.65672,25.21572],[89.65652,25.21573],[89.65653,25.21609],[89.65633,25.21609],[89.65634,25.21645],[89.65594,25.21664],[89.65595,25.21682],[89.65575,25.21682],[89.65576,25.21736],[89.65556,25.21737],[89.65558,25.21827],[89.65499,25.21828],[89.65501,25.21918],[89.65461,25.21937],[89.65443,25.2201],[89.65404,25.22028],[89.65404,25.22046],[89.65384,25.22047],[89.65387,25.22173],[89.65407,25.22173],[89.65408,25.22227],[89.65368,25.2221],[89.65368,25.22191],[89.65348,25.22192],[89.65349,25.22228],[89.65309,25.22247],[89.6531,25.22283],[89.65271,25.22302],[89.65253,25.22374],[89.65233,25.22374],[89.65233,25.2241],[89.65214,25.22411],[89.65214,25.22447],[89.65195,25.22447],[89.65195,25.22483],[89.65176,25.22484],[89.65176,25.2252],[89.65156,25.2252],[89.65157,25.22556],[89.65118,25.22575],[89.6512,25.22665],[89.6506,25.22666],[89.65063,25.22793],[89.65024,25.22811],[89.65002,25.2274],[89.64983,25.2274],[89.64983,25.22758],[89.64963,25.22758],[89.64964,25.22794],[89.64944,25.22795],[89.64946,25.22867],[89.64926,25.22867],[89.64926,25.22885],[89.64887,25.22886],[89.64887,25.22904],[89.64867,25.22904],[89.64867,25.22886],[89.64787,25.22888],[89.64787,25.2287],[89.64747,25.2287],[89.64727,25.22835],[89.64707,25.22835],[89.64707,25.22817],[89.64687,25.22817],[89.64665,25.22746],[89.64625,25.22728],[89.64625,25.2271],[89.64605,25.22711],[89.64605,25.22692],[89.64585,25.22693],[89.64606,25.22765],[89.64626,25.22764],[89.64627,25.228],[89.64667,25.22818],[89.64667,25.22836],[89.64687,25.22835],[89.64687,25.22853],[89.64707,25.22853],[89.64708,25.22889],[89.64748,25.22907],[89.64749,25.22943],[89.64769,25.22942],[89.6477,25.22978],[89.6481,25.22996],[89.6481,25.23014],[89.6483,25.23013],[89.6483,25.23031],[89.6485,25.23031],[89.6485,25.23049],[89.6489,25.23048],[89.64891,25.23066],[89.6493,25.23066],[89.6493,25.23048],[89.6495,25.23047],[89.6495,25.23065],[89.6497,25.23065],[89.64971,25.23101],[89.64951,25.23101],[89.64951,25.23119],[89.64971,25.23119],[89.64971,25.23137],[89.65031,25.23136],[89.6505,25.231],[89.6509,25.23099],[89.6509,25.23117],[89.6511,25.23117],[89.65109,25.23099],[89.65169,25.23097],[89.65169,25.23079],[89.65188,25.23079],[89.65188,25.23043],[89.65227,25.23024],[89.65227,25.23006],[89.65246,25.23006],[89.65246,25.22988],[89.65266,25.22987],[89.65265,25.22951],[89.65245,25.22952],[89.65245,25.22934],[89.65205,25.22934],[89.65206,25.2297],[89.65167,25.22989],[89.65167,25.23007],[89.65108,25.23008],[89.65106,25.22954],[89.65146,25.22935],[89.65145,25.22917],[89.65125,25.22918],[89.65125,25.22882],[89.65144,25.22881],[89.65144,25.22845],[89.65164,25.22845],[89.65163,25.22827],[89.65183,25.22827],[89.65182,25.2279],[89.65202,25.2279],[89.65199,25.22664],[89.65219,25.22663],[89.65218,25.22627],[89.65258,25.22609],[89.65257,25.22591],[89.65277,25.2259],[89.65276,25.22554],[89.65296,25.22554],[89.65313,25.22409],[89.65333,25.22409],[89.65332,25.22373],[89.65352,25.22372],[89.65351,25.22336],[89.65371,25.22336],[89.6537,25.223],[89.65409,25.22281],[89.65409,25.22263],[89.65429,25.22263],[89.65427,25.22208],[89.65447,25.22208],[89.65445,25.22118],[89.65485,25.22099],[89.65484,25.22081],[89.65504,25.22081],[89.65504,25.22063],[89.65524,25.22062],[89.65523,25.22044],[89.65543,25.22044],[89.65561,25.21971],[89.65601,25.21953],[89.65599,25.21899],[89.65639,25.2188],[89.65638,25.21862],[89.65658,25.21861],[89.65657,25.21825],[89.65697,25.21807],[89.65696,25.21788],[89.65716,25.21788],[89.65715,25.21752],[89.65735,25.21752],[89.65735,25.21734],[89.65754,25.21733],[89.65773,25.21661],[89.65793,25.2166],[89.65792,25.21624],[89.65812,25.21624],[89.65811,25.21588],[89.6585,25.21569],[89.65868,25.21461],[89.65887,25.2146],[89.65887,25.21424],[89.65906,25.21424],[89.65906,25.21388],[89.65926,25.21387],[89.65925,25.21351],[89.65945,25.21351],[89.65944,25.21315],[89.65983,25.21296],[89.65983,25.21278],[89.66002,25.21278],[89.66002,25.21242],[89.66041,25.21223],[89.6604,25.21187],[89.66079,25.21168],[89.66079,25.2115],[89.66099,25.2115],[89.66117,25.21077],[89.66156,25.21058],[89.66156,25.2104],[89.66176,25.2104],[89.66175,25.21022],[89.66195,25.21021],[89.66214,25.20949],[89.66253,25.20948],[89.66253,25.2093],[89.66273,25.2093],[89.66272,25.20894],[89.66311,25.20875],[89.66311,25.20857],[89.66331,25.20857],[89.6633,25.20839],[89.6635,25.20838],[89.6635,25.2082],[89.66369,25.2082],[89.66369,25.20802],[89.66389,25.20801],[89.66388,25.20765],[89.66427,25.20747],[89.66427,25.20728],[89.66447,25.20728],[89.66446,25.2071],[89.66466,25.2071],[89.66466,25.20674],[89.66505,25.20655],[89.66504,25.20637],[89.66584,25.20635],[89.66583,25.20617],[89.66623,25.20617],[89.66642,25.2058],[89.66662,25.2058],[89.66661,25.20562],[89.66701,25.20561],[89.66701,25.20543],[89.66721,25.20543],[89.6672,25.20507],[89.66759,25.20488],[89.66759,25.2047],[89.66778,25.20469],[89.66778,25.20451],[89.66798,25.20451],[89.66816,25.20379],[89.66855,25.2036],[89.66855,25.20342],[89.66875,25.20341],[89.66874,25.20323],[89.66954,25.20322],[89.66953,25.20268],[89.66992,25.20249],[89.66991,25.20231],[89.67011,25.20231],[89.67011,25.20213],[89.67031,25.20212],[89.6703,25.20194],[89.6705,25.20194],[89.6705,25.20176],[89.67109,25.20175],[89.67109,25.20157],[89.67129,25.20156],[89.67129,25.20174],[89.67149,25.20174],[89.6715,25.2021],[89.6717,25.2021],[89.6717,25.20246],[89.67131,25.20265],[89.67132,25.20301],[89.67093,25.20319],[89.67093,25.20355],[89.67054,25.20374],[89.67055,25.20392],[89.67035,25.20393],[89.67035,25.20411],[89.66976,25.20412],[89.66976,25.20448],[89.67076,25.20446],[89.67075,25.20428],[89.67135,25.20427],[89.67134,25.20409],[89.67214,25.20407],[89.67213,25.20389],[89.67233,25.20389],[89.67232,25.20353],[89.67192,25.20336],[89.67192,25.20318],[89.67172,25.20318],[89.67171,25.20264],[89.6721,25.20245],[89.67209,25.20191],[89.67169,25.20174],[89.67168,25.20138],[89.67128,25.20138],[89.67128,25.2012],[89.67148,25.2012],[89.67147,25.20084],[89.67186,25.20065],[89.67187,25.20101],[89.67207,25.20101],[89.67206,25.20083],[89.67246,25.20082],[89.67246,25.20064],[89.67266,25.20064],[89.67265,25.20046],[89.67305,25.20045],[89.67304,25.20027],[89.67345,25.20044],[89.67344,25.20026],[89.67364,25.20026],[89.67362,25.19954],[89.67382,25.19953],[89.67381,25.19917],[89.67401,25.19917],[89.67403,25.19989],[89.67482,25.19987],[89.67501,25.19951],[89.67521,25.19951],[89.67521,25.19933],[89.6754,25.19932],[89.67539,25.19878],[89.675,25.19879],[89.67498,25.19825],[89.67538,25.19824],[89.67538,25.19806],[89.67577,25.19805],[89.67577,25.19787],[89.67597,25.19787],[89.67596,25.19733],[89.67615,25.19732],[89.67615,25.19714],[89.67694,25.19695],[89.67692,25.19623],[89.67732,25.19622],[89.67732,25.19604],[89.67751,25.19604],[89.67751,25.19567],[89.6779,25.19567],[89.67809,25.19494],[89.67848,25.19475],[89.67847,25.19439],[89.67966,25.19437],[89.67966,25.19419],[89.68005,25.19418],[89.67985,25.19383],[89.67965,25.19383],[89.67964,25.19365],[89.67925,25.19366],[89.67925,25.19384],[89.67866,25.19385],[89.67866,25.19403],[89.67846,25.19403],[89.67865,25.19331],[89.67845,25.19331],[89.67844,25.19313],[89.67864,25.19313],[89.67863,25.19277],[89.67903,25.19258],[89.67902,25.1924],[89.67922,25.19239],[89.67922,25.19221],[89.67941,25.19221],[89.67941,25.19203],[89.67961,25.19203],[89.67961,25.19185],[89.6798,25.19184],[89.67978,25.19094],[89.67959,25.19094],[89.67955,25.18914],[89.67935,25.18914],[89.67935,25.18932],[89.67895,25.18933],[89.67896,25.18951],[89.67856,25.18952],[89.67837,25.18988],[89.67797,25.18971],[89.67779,25.19044],[89.6774,25.19062],[89.6774,25.1908],[89.6772,25.19081],[89.67721,25.19099],[89.67701,25.19099],[89.67701,25.19117],[89.67681,25.19117],[89.67682,25.19136],[89.67662,25.19136],[89.67662,25.19154],[89.67642,25.19154],[89.67643,25.19172],[89.67623,25.19173],[89.67623,25.19191],[89.67604,25.19191],[89.67604,25.19227],[89.67565,25.19246],[89.67566,25.19264],[89.67546,25.19264],[89.67546,25.19282],[89.67526,25.19283],[89.67527,25.19319],[89.67488,25.19338],[89.67488,25.19356],[89.67468,25.19356],[89.67469,25.19374],[89.67449,25.19374],[89.67449,25.19392],[89.67429,25.19393],[89.6743,25.19411],[89.6741,25.19411],[89.6741,25.19429],[89.67371,25.1943],[89.67371,25.19448],[89.67351,25.19448],[89.67352,25.19484],[89.67313,25.19503],[89.67314,25.19539],[89.67274,25.19558],[89.67275,25.19576],[89.67255,25.19576],[89.67255,25.19594],[89.67236,25.19595],[89.67236,25.19631],[89.67197,25.1965],[89.67197,25.19668],[89.67178,25.19668],[89.67178,25.19704],[89.67139,25.19723],[89.6714,25.19741],[89.6712,25.19741],[89.6712,25.19759],[89.671,25.1976],[89.67101,25.19778],[89.67061,25.19778],[89.67042,25.19815],[89.67022,25.19815],[89.67022,25.19833],[89.67003,25.19834],[89.67003,25.19852],[89.66983,25.19852],[89.66984,25.1987],[89.66964,25.1987],[89.66965,25.19907],[89.66945,25.19907],[89.66946,25.19979],[89.66887,25.1998],[89.66868,25.20017],[89.66848,25.20017],[89.6685,25.20089],[89.6681,25.20108],[89.66811,25.20126],[89.66791,25.20126],[89.66791,25.20144],[89.66771,25.20145],[89.66772,25.20181],[89.66733,25.202],[89.66733,25.20218],[89.66713,25.20218],[89.66714,25.20236],[89.66694,25.20236],[89.66694,25.20254],[89.66833,25.20252],[89.66834,25.20288],[89.66795,25.20307],[89.66794,25.20289],[89.66755,25.20289],[89.66754,25.20271],[89.66695,25.20272],[89.66695,25.2029],[89.66675,25.20291],[89.66675,25.20273],[89.66655,25.20273],[89.66636,25.2031],[89.66616,25.2031],[89.66617,25.20346],[89.66657,25.20363],[89.66658,25.20381],[89.66618,25.204],[89.66619,25.20418],[89.66599,25.20419],[89.666,25.20473],[89.6658,25.20473],[89.66579,25.20419],[89.66559,25.20419],[89.6656,25.20437],[89.6654,25.20438],[89.66541,25.20474],[89.66521,25.20474],[89.66522,25.20528],[89.66443,25.2053],[89.66423,25.20566],[89.66404,25.20566],[89.66404,25.20584],[89.66384,25.20585],[89.66385,25.20603],[89.66365,25.20603],[89.66365,25.20621],[89.66345,25.20622],[89.66346,25.2064],[89.66326,25.2064],[89.66326,25.20658],[89.66306,25.20658],[89.66307,25.20676],[89.66287,25.20677]],[[89.66347,25.20676],[89.66346,25.20658],[89.66366,25.20657],[89.66387,25.20693],[89.66347,25.20694],[89.66348,25.2073],[89.66368,25.2073],[89.66368,25.20766],[89.66329,25.20766],[89.66327,25.20694],[89.66307,25.20695],[89.66307,25.20676],[89.66347,25.20676]],[[89.64966,25.22903],[89.65006,25.22884],[89.65007,25.22956],[89.64987,25.22956],[89.64987,25.2292],[89.64967,25.22921],[89.64966,25.22903]],[[89.64967,25.22939],[89.64908,25.2294],[89.64907,25.22904],[89.64927,25.22903],[89.64927,25.22921],[89.64967,25.22921],[89.64967,25.22939]],[[89.65025,25.22847],[89.65064,25.22847],[89.65066,25.22901],[89.65085,25.229],[89.65086,25.22918],[89.65046,25.22937],[89.65047,25.22955],[89.65027,25.22956],[89.65025,25.22847]],[[89.65044,25.22811],[89.65064,25.22811],[89.65064,25.22829],[89.65044,25.22829],[89.65044,25.22811]],[[89.65769,25.21498],[89.65749,25.21499],[89.65749,25.21481],[89.65789,25.2148],[89.65789,25.21498],[89.65809,25.21498],[89.6581,25.2157],[89.65771,25.21571],[89.65769,25.21498]],[[89.65768,25.21426],[89.65787,25.21426],[89.65788,25.21462],[89.65768,25.21462],[89.65768,25.21426]],[[89.65981,25.21188],[89.66001,25.21187],[89.66001,25.21205],[89.65981,25.21206],[89.65981,25.21188]],[[89.66969,25.20087],[89.67008,25.20086],[89.67009,25.20122],[89.66989,25.20123],[89.66969,25.20087]],[[89.67185,25.20011],[89.67165,25.20011],[89.67163,25.19921],[89.67203,25.19902],[89.67204,25.19956],[89.67184,25.19957],[89.67184,25.19975],[89.67204,25.19974],[89.67205,25.20029],[89.67185,25.20029],[89.67185,25.20011]],[[89.67263,25.19955],[89.67283,25.19955],[89.67284,25.19991],[89.67264,25.19991],[89.67263,25.19955]],[[89.67104,25.1994],[89.67144,25.19939],[89.67145,25.19975],[89.67105,25.19976],[89.67104,25.1994]],[[89.67004,25.19888],[89.67024,25.19887],[89.67023,25.19869],[89.67063,25.19887],[89.67064,25.19923],[89.67005,25.19924],[89.67004,25.19888]],[[89.6718,25.19794],[89.67161,25.19795],[89.6716,25.19777],[89.67259,25.19775],[89.6726,25.19829],[89.67201,25.1983],[89.6718,25.19794]],[[89.67317,25.19702],[89.67337,25.19701],[89.67358,25.19737],[89.67318,25.19756],[89.67317,25.19702]],[[89.67356,25.19665],[89.67396,25.19664],[89.67397,25.197],[89.67357,25.19701],[89.67356,25.19665]],[[89.67237,25.19667],[89.67257,25.19667],[89.67257,25.19685],[89.67237,25.19685],[89.67237,25.19667]],[[89.67607,25.19335],[89.67567,25.19336],[89.67567,25.19318],[89.67606,25.19317],[89.67606,25.19299],[89.67626,25.19299],[89.67626,25.19317],[89.67646,25.19317],[89.67647,25.19353],[89.67607,25.19353],[89.67607,25.19335]],[[89.67686,25.19316],[89.67725,25.19315],[89.67726,25.19351],[89.67667,25.19352],[89.67686,25.19316]]]}},{"type":"Feature","properties":{"kind":"land","ha":3.1},"geometry":{"type":"Polygon","coordinates":[[[89.61674,25.19279],[89.61671,25.19153],[89.61652,25.19153],[89.6165,25.19063],[89.6167,25.19063],[89.61669,25.19027],[89.61689,25.19026],[89.61687,25.18972],[89.61668,25.18972],[89.61667,25.18954],[89.61608,25.18955],[89.6161,25.19046],[89.6157,25.19046],[89.61571,25.19082],[89.61551,25.19083],[89.61553,25.19173],[89.61593,25.1919],[89.61594,25.19244],[89.61614,25.19244],[89.61615,25.1928],[89.61635,25.1928],[89.61635,25.19298],[89.61674,25.19279]]]}},{"type":"Feature","properties":{"kind":"land","ha":7.0},"geometry":{"type":"Polygon","coordinates":[[[89.59624,25.18954],[89.59624,25.18936],[89.59584,25.18937],[89.59584,25.18955],[89.59604,25.18955],[89.59605,25.18991],[89.59625,25.1899],[89.59625,25.19008],[89.59605,25.19009],[89.59606,25.19045],[89.59646,25.19062],[89.59648,25.19134],[89.59608,25.19135],[89.5961,25.19243],[89.5965,25.19243],[89.5965,25.19261],[89.5967,25.1926],[89.59671,25.19278],[89.59651,25.19279],[89.59652,25.19333],[89.59692,25.19332],[89.59691,25.19314],[89.5977,25.19313],[89.5979,25.19276],[89.59809,25.19276],[89.59809,25.1924],[89.59828,25.1924],[89.5983,25.19312],[89.5985,25.19311],[89.59848,25.19221],[89.59828,25.19221],[89.59828,25.19203],[89.59788,25.19204],[89.59767,25.19168],[89.59748,25.19169],[89.59747,25.19133],[89.59767,25.19132],[89.59766,25.19114],[89.59746,25.19115],[89.59745,25.1906],[89.59706,25.19061],[89.59704,25.19007],[89.59744,25.19006],[89.59744,25.18988],[89.59823,25.18987],[89.59824,25.19023],[89.59864,25.1904],[89.59865,25.19076],[89.59904,25.19076],[89.59903,25.19022],[89.59864,25.19022],[89.59862,25.1895],[89.59822,25.18951],[89.59802,25.18915],[89.59762,25.18934],[89.59763,25.18952],[89.59723,25.18953],[89.59723,25.18935],[89.59663,25.18936],[89.59663,25.18918],[89.59643,25.18918],[89.59644,25.18954],[89.59624,25.18954]],[[89.59664,25.18954],[89.59664,25.18972],[89.59644,25.18972],[89.59644,25.18954],[89.59664,25.18954]]]}},{"type":"Feature","properties":{"kind":"land","ha":32.3},"geometry":{"type":"Polygon","coordinates":[[[89.70737,25.20036],[89.70735,25.19964],[89.70755,25.19964],[89.70754,25.1991],[89.70734,25.1991],[89.70733,25.19892],[89.70773,25.19873],[89.70772,25.19837],[89.70811,25.19819],[89.70811,25.198],[89.70831,25.198],[89.7083,25.19782],[89.7085,25.19782],[89.7085,25.19764],[89.70869,25.19763],[89.70869,25.19727],[89.70968,25.19725],[89.70987,25.19689],[89.71007,25.19689],[89.71005,25.19616],[89.70985,25.19617],[89.70986,25.19635],[89.70946,25.19636],[89.70927,25.19672],[89.70887,25.19673],[89.70887,25.19655],[89.70867,25.19655],[89.70865,25.19547],[89.70825,25.19566],[89.70824,25.19493],[89.70863,25.19493],[89.70863,25.19475],[89.70823,25.19457],[89.70823,25.19439],[89.70783,25.1944],[89.70762,25.19404],[89.70742,25.19405],[89.70742,25.19387],[89.70702,25.19387],[89.70682,25.19352],[89.70662,25.19352],[89.70662,25.19334],[89.70642,25.19334],[89.70641,25.19298],[89.70601,25.19281],[89.706,25.19263],[89.70581,25.19263],[89.7058,25.19245],[89.7056,25.19246],[89.70561,25.19264],[89.70521,25.19264],[89.70522,25.19318],[89.70503,25.19319],[89.70503,25.19355],[89.70464,25.19374],[89.70464,25.19392],[89.70445,25.19392],[89.70442,25.19284],[89.70422,25.19284],[89.70421,25.1923],[89.70481,25.19229],[89.705,25.19193],[89.7052,25.19192],[89.70519,25.19156],[89.70499,25.19156],[89.70498,25.1912],[89.70478,25.19121],[89.70456,25.19013],[89.70436,25.19013],[89.70435,25.18959],[89.70395,25.1896],[89.70394,25.18888],[89.70414,25.18887],[89.70412,25.18833],[89.70393,25.18834],[89.70385,25.18509],[89.70366,25.18509],[89.70366,25.18527],[89.70346,25.18528],[89.7035,25.1869],[89.7033,25.1869],[89.70331,25.18726],[89.70311,25.18727],[89.70313,25.18835],[89.70294,25.18835],[89.70296,25.18944],[89.70316,25.18943],[89.70319,25.19069],[89.70338,25.19069],[89.70341,25.19177],[89.70361,25.19177],[89.70364,25.19321],[89.70384,25.19321],[89.70385,25.19393],[89.70405,25.19393],[89.70408,25.19537],[89.70428,25.19537],[89.70429,25.19591],[89.70449,25.19591],[89.70451,25.19663],[89.7047,25.19662],[89.70473,25.19771],[89.70493,25.1977],[89.70493,25.19806],[89.70534,25.19824],[89.70534,25.1986],[89.70554,25.19859],[89.70555,25.19895],[89.70575,25.19895],[89.70575,25.19913],[89.70635,25.19912],[89.70655,25.19948],[89.70675,25.19947],[89.70676,25.19983],[89.70696,25.19983],[89.70697,25.20037],[89.70737,25.20036]],[[89.70573,25.19805],[89.70553,25.19805],[89.70552,25.19751],[89.70591,25.19732],[89.70591,25.19714],[89.7063,25.19714],[89.70652,25.19785],[89.70612,25.19804],[89.70613,25.19822],[89.70573,25.19823],[89.70573,25.19805]],[[89.70669,25.19677],[89.7063,25.19696],[89.7063,25.19677],[89.7061,25.19678],[89.70609,25.19642],[89.70668,25.19641],[89.70669,25.19677]],[[89.70667,25.19587],[89.70766,25.19585],[89.70766,25.19567],[89.70786,25.19566],[89.70787,25.19602],[89.70767,25.19603],[89.70768,25.19639],[89.70748,25.19639],[89.70748,25.19657],[89.70689,25.19658],[89.70688,25.1964],[89.70668,25.19641],[89.70667,25.19587]],[[89.70397,25.19032],[89.70437,25.19031],[89.70437,25.19067],[89.70418,25.19068],[89.70397,25.19032]]]}},{"type":"Feature","properties":{"kind":"land","ha":15.2},"geometry":{"type":"Polygon","coordinates":[[[89.6849,25.18922],[89.68506,25.18742],[89.68526,25.18741],[89.68525,25.18687],[89.68545,25.18687],[89.68543,25.18615],[89.68563,25.18614],[89.68562,25.1856],[89.68582,25.1856],[89.68581,25.18524],[89.68601,25.18523],[89.68593,25.1818],[89.68554,25.18199],[89.68554,25.18217],[89.68534,25.18218],[89.68517,25.18326],[89.68478,25.18345],[89.68478,25.18363],[89.68458,25.18363],[89.68459,25.18381],[89.68439,25.18382],[89.6844,25.18436],[89.68401,25.18455],[89.68401,25.18473],[89.68381,25.18473],[89.68382,25.18491],[89.68303,25.18511],[89.68284,25.18547],[89.68264,25.18547],[89.68262,25.18475],[89.68222,25.18458],[89.68222,25.1844],[89.68183,25.18459],[89.68203,25.18494],[89.68223,25.18494],[89.68206,25.18603],[89.68166,25.18621],[89.68166,25.18603],[89.68146,25.18604],[89.68147,25.18622],[89.68127,25.18622],[89.68128,25.18694],[89.68287,25.18709],[89.68287,25.18691],[89.68327,25.18691],[89.68347,25.18726],[89.68367,25.18726],[89.68367,25.18744],[89.68387,25.18744],[89.68389,25.18816],[89.68429,25.18833],[89.68429,25.18851],[89.68449,25.18851],[89.68451,25.18923],[89.6849,25.18922]],[[89.68245,25.18584],[89.68265,25.18583],[89.68265,25.18602],[89.68245,25.18602],[89.68245,25.18584]]]}},{"type":"Feature","properties":{"kind":"land","ha":49.9},"geometry":{"type":"Polygon","coordinates":[[[89.73018,25.19164],[89.73038,25.19164],[89.73038,25.19146],[89.73077,25.19145],[89.73056,25.19073],[89.73096,25.19073],[89.73091,25.18856],[89.73071,25.18856],[89.73068,25.1873],[89.73088,25.1873],[89.73086,25.18658],[89.73067,25.18658],[89.73066,25.18622],[89.73086,25.18622],[89.73082,25.18441],[89.73062,25.18442],[89.73061,25.18405],[89.73041,25.18406],[89.73033,25.18063],[89.73014,25.18063],[89.73013,25.18027],[89.72993,25.18028],[89.72995,25.18118],[89.72975,25.18118],[89.72997,25.1819],[89.72977,25.1819],[89.72978,25.18226],[89.72958,25.18227],[89.72959,25.18263],[89.72939,25.18263],[89.7294,25.18335],[89.7296,25.18335],[89.72961,25.18371],[89.72981,25.18371],[89.72982,25.18425],[89.72943,25.18444],[89.72944,25.18516],[89.72905,25.18535],[89.72906,25.18553],[89.72886,25.18553],[89.72886,25.18571],[89.72866,25.18571],[89.72867,25.18626],[89.72848,25.18626],[89.72849,25.18698],[89.72869,25.18698],[89.7287,25.18752],[89.7289,25.18752],[89.72893,25.1886],[89.72912,25.18859],[89.72924,25.19365],[89.72904,25.19365],[89.72907,25.19491],[89.72887,25.19492],[89.72888,25.19546],[89.72868,25.19546],[89.7287,25.19636],[89.7285,25.19637],[89.72851,25.19673],[89.72831,25.19673],[89.72832,25.19709],[89.72812,25.1971],[89.72814,25.19764],[89.72794,25.19764],[89.72794,25.198],[89.72775,25.198],[89.72775,25.19819],[89.72755,25.19819],[89.72737,25.19891],[89.72717,25.19892],[89.72719,25.19982],[89.72699,25.19982],[89.727,25.20018],[89.7268,25.20019],[89.72681,25.20055],[89.72661,25.20055],[89.72662,25.20091],[89.72642,25.20092],[89.72643,25.20128],[89.72623,25.20128],[89.72624,25.20164],[89.72604,25.20165],[89.72606,25.20237],[89.72586,25.20237],[89.72587,25.20291],[89.72567,25.20292],[89.72569,25.20346],[89.72549,25.20346],[89.7255,25.20382],[89.7253,25.20383],[89.72531,25.20419],[89.72511,25.20419],[89.72512,25.20473],[89.72492,25.20473],[89.72489,25.20329],[89.72469,25.2033],[89.72467,25.20257],[89.72487,25.20257],[89.72487,25.20239],[89.72408,25.2024],[89.72408,25.20258],[89.72368,25.20259],[89.72369,25.20277],[89.72329,25.20278],[89.7231,25.20314],[89.72211,25.20316],[89.72211,25.20334],[89.72191,25.20335],[89.72192,25.20353],[89.72212,25.20352],[89.72213,25.20406],[89.72253,25.20424],[89.72254,25.2046],[89.72214,25.20461],[89.72193,25.20425],[89.72134,25.20426],[89.72113,25.2039],[89.72093,25.20391],[89.72094,25.20409],[89.71975,25.20411],[89.71976,25.20447],[89.71956,25.20447],[89.71956,25.20465],[89.71877,25.20467],[89.71877,25.20449],[89.71817,25.2045],[89.71817,25.20468],[89.71798,25.20468],[89.71798,25.20504],[89.71779,25.20505],[89.71779,25.20541],[89.71799,25.2054],[89.71801,25.20613],[89.71781,25.20613],[89.71782,25.20649],[89.71802,25.20649],[89.71802,25.20685],[89.71822,25.20684],[89.71822,25.20666],[89.71862,25.20666],[89.71881,25.20629],[89.719,25.20629],[89.719,25.20611],[89.7192,25.2061],[89.71919,25.20592],[89.71939,25.20592],[89.71939,25.20574],[89.71959,25.20574],[89.71958,25.20556],[89.71978,25.20555],[89.71978,25.20537],[89.71998,25.20537],[89.71998,25.20555],[89.72077,25.20553],[89.72096,25.20517],[89.72116,25.20517],[89.72116,25.20498],[89.72175,25.20497],[89.72175,25.20479],[89.72234,25.20478],[89.72255,25.20514],[89.72275,25.20514],[89.72275,25.20532],[89.72295,25.20531],[89.72295,25.20549],[89.72335,25.20549],[89.72336,25.20585],[89.72415,25.20583],[89.72434,25.20547],[89.72454,25.20546],[89.72453,25.2051],[89.72473,25.2051],[89.72473,25.20492],[89.72512,25.20491],[89.72514,25.20545],[89.72494,25.20546],[89.72495,25.20618],[89.72475,25.20618],[89.72477,25.20672],[89.72457,25.20673],[89.72458,25.20709],[89.72438,25.20709],[89.7244,25.20817],[89.7242,25.20818],[89.72422,25.20872],[89.72402,25.20872],[89.72386,25.21053],[89.72406,25.21053],[89.72405,25.21017],[89.72425,25.21016],[89.72422,25.20908],[89.72442,25.20908],[89.72441,25.20871],[89.72461,25.20871],[89.72461,25.20853],[89.72481,25.20853],[89.72479,25.20799],[89.72499,25.20798],[89.72498,25.20726],[89.72518,25.20726],[89.72517,25.2069],[89.72537,25.20689],[89.72536,25.20653],[89.72556,25.20653],[89.72555,25.20617],[89.72575,25.20616],[89.72573,25.20562],[89.72593,25.20562],[89.72592,25.2049],[89.72611,25.20489],[89.7261,25.20435],[89.7263,25.20435],[89.72628,25.20345],[89.72648,25.20344],[89.72647,25.2029],[89.72667,25.2029],[89.72665,25.20236],[89.72685,25.20235],[89.72684,25.20163],[89.72703,25.20163],[89.72703,25.20127],[89.72722,25.20126],[89.72722,25.2009],[89.72741,25.2009],[89.72741,25.20054],[89.7276,25.20053],[89.72759,25.19999],[89.72779,25.19999],[89.72778,25.19963],[89.72798,25.19962],[89.72797,25.19926],[89.72817,25.19926],[89.72816,25.19872],[89.72836,25.19872],[89.72835,25.19835],[89.72874,25.19817],[89.72873,25.19781],[89.72913,25.19762],[89.72912,25.19726],[89.72932,25.19725],[89.72931,25.19689],[89.7297,25.19671],[89.72969,25.19634],[89.72989,25.19634],[89.73007,25.19525],[89.73026,25.19525],[89.73025,25.19471],[89.73045,25.19471],[89.73043,25.19398],[89.73063,25.19398],[89.73061,25.1929],[89.73081,25.19289],[89.73079,25.19199],[89.73059,25.192],[89.73059,25.19218],[89.7302,25.19218],[89.73018,25.19164]],[[89.7302,25.19236],[89.73,25.19237],[89.73,25.19219],[89.7302,25.19218],[89.7302,25.19236]],[[89.73055,25.19037],[89.73075,25.19037],[89.73075,25.19055],[89.73056,25.19055],[89.73055,25.19037]],[[89.72956,25.19021],[89.72975,25.19021],[89.72976,25.19039],[89.72956,25.19039],[89.72956,25.19021]],[[89.73014,25.18984],[89.73054,25.18983],[89.73055,25.19019],[89.73035,25.1902],[89.73014,25.18984]],[[89.72934,25.18949],[89.72974,25.18949],[89.72974,25.18967],[89.72935,25.18967],[89.72934,25.18949]],[[89.72993,25.1893],[89.73033,25.18929],[89.73033,25.18911],[89.73073,25.18929],[89.73054,25.18965],[89.72994,25.18966],[89.72993,25.1893]],[[89.72951,25.18805],[89.72971,25.18804],[89.72971,25.18822],[89.72991,25.18822],[89.72992,25.18858],[89.72952,25.18859],[89.72951,25.18805]]]}},{"type":"Feature","properties":{"kind":"land","ha":6.8},"geometry":{"type":"Polygon","coordinates":[[[89.59173,25.18276],[89.59193,25.18276],[89.59193,25.18294],[89.59213,25.18294],[89.59214,25.18312],[89.59234,25.18311],[89.59235,25.18366],[89.59275,25.18383],[89.59275,25.18401],[89.59354,25.184],[89.59354,25.18363],[89.59314,25.18346],[89.59313,25.18328],[89.59274,25.18329],[89.59272,25.18275],[89.59253,25.18275],[89.59252,25.18239],[89.59232,25.18239],[89.59231,25.18203],[89.59211,25.18203],[89.59211,25.18167],[89.59191,25.18168],[89.5919,25.18132],[89.5917,25.18132],[89.59169,25.1806],[89.59189,25.18059],[89.59188,25.18041],[89.59168,25.18042],[89.59168,25.18006],[89.59148,25.18006],[89.59147,25.1797],[89.59127,25.1797],[89.59126,25.17934],[89.59086,25.17917],[89.59086,25.17899],[89.59066,25.17899],[89.59066,25.17881],[89.59046,25.17881],[89.59045,25.17845],[89.59025,25.17846],[89.59024,25.17792],[89.58984,25.17774],[89.58984,25.17756],[89.58964,25.17757],[89.58964,25.17775],[89.58944,25.17775],[89.58946,25.17829],[89.58965,25.17829],[89.58968,25.17937],[89.58988,25.17937],[89.58989,25.18009],[89.59029,25.18026],[89.59029,25.18044],[89.59069,25.18044],[89.59072,25.1817],[89.59112,25.18187],[89.59112,25.18205],[89.59132,25.18205],[89.59133,25.18241],[89.59173,25.18258],[89.59173,25.18276]],[[89.59314,25.18382],[89.59295,25.18383],[89.59294,25.18346],[89.59314,25.18346],[89.59314,25.18382]],[[89.59172,25.1824],[89.59192,25.1824],[89.59193,25.18258],[89.59173,25.18258],[89.59172,25.1824]],[[89.59068,25.17971],[89.59028,25.17972],[89.59027,25.17918],[89.59066,25.17917],[89.59067,25.17935],[89.59087,25.17935],[89.59088,25.17989],[89.59068,25.17989],[89.59068,25.17971]]]}},{"type":"Feature","properties":{"kind":"land","ha":3.2},"geometry":{"type":"Polygon","coordinates":[[[89.70313,25.17914],[89.7031,25.17806],[89.7033,25.17806],[89.70329,25.1777],[89.70369,25.17769],[89.70369,25.17751],[89.70349,25.17751],[89.70348,25.17697],[89.70368,25.17697],[89.70367,25.17679],[89.70347,25.17679],[89.70347,25.17643],[89.70366,25.17643],[89.70366,25.17607],[89.70385,25.17606],[89.70385,25.17588],[89.70365,25.17589],[89.70363,25.17498],[89.70403,25.17498],[89.70402,25.1748],[89.70462,25.17479],[89.70461,25.17442],[89.70441,25.17443],[89.70441,25.17425],[89.70381,25.17426],[89.70382,25.17444],[89.70362,25.17444],[89.70363,25.1748],[89.70343,25.17481],[89.70344,25.17535],[89.70305,25.17554],[89.70306,25.17608],[89.70286,25.17608],[89.70287,25.17662],[89.70268,25.17663],[89.70268,25.17699],[89.70229,25.17699],[89.70249,25.17735],[89.70269,25.17735],[89.7027,25.17753],[89.70289,25.17752],[89.70293,25.17915],[89.70313,25.17914]]]}},{"type":"Feature","properties":{"kind":"land","ha":3.9},"geometry":{"type":"Polygon","coordinates":[[[89.70866,25.16912],[89.70885,25.16875],[89.70905,25.16875],[89.70904,25.16839],[89.70943,25.1682],[89.70942,25.16784],[89.70982,25.16765],[89.70981,25.16747],[89.71001,25.16747],[89.71019,25.16674],[89.71059,25.16655],[89.71058,25.16637],[89.7088,25.16641],[89.70881,25.16713],[89.70861,25.16713],[89.70862,25.16749],[89.70842,25.1675],[89.70843,25.16786],[89.70804,25.16805],[89.70787,25.16913],[89.70866,25.16912]]]}},{"type":"Feature","properties":{"kind":"land","ha":9.7},"geometry":{"type":"Polygon","coordinates":[[[89.71842,25.17092],[89.71838,25.16948],[89.71878,25.16929],[89.71877,25.16893],[89.71916,25.16874],[89.71916,25.16856],[89.71936,25.16856],[89.71935,25.16838],[89.72014,25.16836],[89.72016,25.16891],[89.72055,25.1689],[89.72054,25.16836],[89.72074,25.16835],[89.72073,25.16799],[89.72053,25.168],[89.72053,25.16764],[89.72072,25.16763],[89.72072,25.16727],[89.72091,25.16727],[89.72091,25.16709],[89.72111,25.16708],[89.7211,25.16654],[89.72129,25.16654],[89.72129,25.16618],[89.72168,25.16617],[89.72167,25.16581],[89.72207,25.16562],[89.72206,25.16544],[89.72107,25.16546],[89.72088,25.16582],[89.72049,25.16583],[89.7203,25.1662],[89.7201,25.1662],[89.7201,25.16638],[89.71951,25.16639],[89.71951,25.16657],[89.71911,25.16658],[89.71892,25.16694],[89.71853,25.16695],[89.71834,25.16731],[89.71814,25.16732],[89.71814,25.1675],[89.71735,25.16769],[89.71736,25.16805],[89.71756,25.16805],[89.71756,25.16823],[89.71796,25.16822],[89.71797,25.16858],[89.71817,25.16858],[89.71819,25.16984],[89.7174,25.16986],[89.71741,25.17004],[89.71721,25.17004],[89.71722,25.17076],[89.71742,25.17076],[89.71743,25.17094],[89.71802,25.17093],[89.71802,25.17111],[89.71842,25.17092]]]}},{"type":"Feature","properties":{"kind":"land","ha":3.0},"geometry":{"type":"Polygon","coordinates":[[[89.59543,25.17024],[89.59543,25.16988],[89.59523,25.16989],[89.59522,25.16953],[89.59483,25.16971],[89.59482,25.16917],[89.59561,25.16898],[89.5956,25.16862],[89.5954,25.16862],[89.5954,25.16844],[89.5948,25.16845],[89.59481,25.16863],[89.59461,25.16863],[89.5946,25.16845],[89.5944,25.16846],[89.5944,25.1681],[89.5946,25.16809],[89.59458,25.16755],[89.59478,25.16755],[89.59477,25.16701],[89.59437,25.16701],[89.59439,25.16756],[89.5936,25.16793],[89.59361,25.16829],[89.59381,25.16829],[89.59382,25.16901],[89.59422,25.16918],[89.59423,25.16972],[89.59463,25.1699],[89.59464,25.17008],[89.59503,25.17007],[89.59504,25.17025],[89.59543,25.17024]]]}},{"type":"Feature","properties":{"kind":"land","ha":3.8},"geometry":{"type":"Polygon","coordinates":[[[89.68525,25.16882],[89.68523,25.1681],[89.68483,25.16793],[89.68483,25.16757],[89.68463,25.16757],[89.68462,25.16721],[89.68482,25.1672],[89.68479,25.16594],[89.68459,25.16595],[89.68459,25.16577],[89.68399,25.16578],[89.68398,25.16523],[89.68418,25.16523],[89.68418,25.16505],[89.68398,25.16505],[89.68397,25.16469],[89.68337,25.1647],[89.68338,25.16488],[89.68298,25.16489],[89.68299,25.16507],[89.68239,25.16508],[89.6826,25.16544],[89.68339,25.16543],[89.6836,25.16578],[89.68379,25.16578],[89.68382,25.16686],[89.68402,25.16686],[89.68402,25.16722],[89.68422,25.16722],[89.68425,25.1683],[89.68465,25.16847],[89.68465,25.16865],[89.68485,25.16865],[89.68485,25.16883],[89.68525,25.16882]]]}},{"type":"Feature","properties":{"kind":"land","ha":5.2},"geometry":{"type":"Polygon","coordinates":[[[89.68435,25.16396],[89.68434,25.1636],[89.68394,25.16343],[89.68394,25.16325],[89.68374,25.16325],[89.68374,25.16307],[89.68294,25.16291],[89.68293,25.16273],[89.68333,25.16272],[89.68332,25.162],[89.68291,25.16182],[89.68291,25.16146],[89.68251,25.16129],[89.6825,25.16111],[89.6823,25.16111],[89.6823,25.16075],[89.6821,25.16076],[89.68209,25.16058],[89.6817,25.16058],[89.68169,25.1604],[89.6815,25.16041],[89.68131,25.16077],[89.68111,25.16077],[89.68132,25.16149],[89.68112,25.1615],[89.68113,25.16204],[89.68133,25.16203],[89.68134,25.16221],[89.68173,25.16221],[89.68174,25.16257],[89.68194,25.16256],[89.68194,25.16274],[89.68234,25.16274],[89.68215,25.1631],[89.68235,25.1631],[89.68235,25.16328],[89.68295,25.16327],[89.68296,25.16381],[89.68355,25.1638],[89.68356,25.16398],[89.68435,25.16396]]]}},{"type":"Feature","properties":{"kind":"land","ha":40.8},"geometry":{"type":"Polygon","coordinates":[[[89.70301,25.17391],[89.7032,25.17355],[89.7034,25.17354],[89.70339,25.17318],[89.70359,25.17318],[89.70359,25.173],[89.70279,25.17301],[89.70279,25.17283],[89.70239,25.17284],[89.70239,25.17266],[89.70219,25.17266],[89.70218,25.17212],[89.70178,25.17195],[89.70178,25.17177],[89.70158,25.17177],[89.70157,25.17123],[89.70176,25.17123],[89.70174,25.17015],[89.70094,25.16998],[89.70093,25.16944],[89.70132,25.16925],[89.70133,25.16943],[89.70192,25.16942],[89.70192,25.16924],[89.70152,25.16907],[89.70151,25.16853],[89.70111,25.16853],[89.7009,25.16818],[89.7007,25.16818],[89.70069,25.16728],[89.70108,25.16727],[89.70129,25.16763],[89.70149,25.16762],[89.70149,25.1678],[89.70169,25.1678],[89.7017,25.16834],[89.7019,25.16834],[89.7019,25.16852],[89.7023,25.16851],[89.70251,25.16887],[89.7027,25.16886],[89.70271,25.16923],[89.70311,25.1694],[89.70312,25.16958],[89.70331,25.16958],[89.70332,25.16976],[89.70371,25.16975],[89.7039,25.16938],[89.7041,25.16938],[89.7041,25.1692],[89.7043,25.1692],[89.70429,25.16902],[89.70449,25.16901],[89.70449,25.16883],[89.70469,25.16883],[89.70467,25.16829],[89.70487,25.16828],[89.70487,25.1681],[89.70527,25.16828],[89.70527,25.16846],[89.70547,25.16845],[89.70547,25.16827],[89.70606,25.16826],[89.70625,25.1679],[89.70645,25.16789],[89.70645,25.16771],[89.70664,25.16771],[89.70664,25.16753],[89.70605,25.16754],[89.70604,25.16736],[89.70446,25.16739],[89.70445,25.16721],[89.70425,25.16721],[89.70425,25.16685],[89.70384,25.16668],[89.70384,25.1665],[89.70344,25.1665],[89.70324,25.16615],[89.70284,25.16615],[89.70264,25.1658],[89.70244,25.1658],[89.70243,25.16562],[89.70224,25.16562],[89.70223,25.16526],[89.70183,25.16509],[89.70182,25.16473],[89.70142,25.16456],[89.70141,25.1642],[89.70121,25.1642],[89.7012,25.16384],[89.7008,25.16367],[89.7008,25.16348],[89.7006,25.16349],[89.70059,25.16277],[89.70039,25.16277],[89.70038,25.16223],[89.70018,25.16223],[89.70017,25.16187],[89.69997,25.16188],[89.69996,25.16151],[89.69976,25.16152],[89.69976,25.16134],[89.69877,25.16136],[89.69876,25.16081],[89.69856,25.16082],[89.69855,25.16046],[89.69816,25.16046],[89.69814,25.15992],[89.69834,25.15992],[89.69833,25.15956],[89.69794,25.15957],[89.69794,25.15975],[89.69754,25.15975],[89.69755,25.15993],[89.69735,25.15994],[89.69736,25.1603],[89.69716,25.1603],[89.69721,25.16247],[89.69701,25.16247],[89.69707,25.16518],[89.69766,25.16517],[89.69767,25.16535],[89.69787,25.16534],[89.69765,25.16463],[89.69725,25.16445],[89.69724,25.16373],[89.69743,25.16373],[89.69743,25.16337],[89.69762,25.16336],[89.69762,25.16318],[89.69782,25.16318],[89.69781,25.16282],[89.6982,25.16263],[89.69838,25.16154],[89.69917,25.16153],[89.69918,25.16189],[89.69958,25.16206],[89.69959,25.1626],[89.69939,25.16261],[89.69939,25.16243],[89.69879,25.16244],[89.69881,25.16298],[89.699,25.16298],[89.69901,25.16334],[89.69921,25.16333],[89.69922,25.16369],[89.69942,25.16369],[89.69943,25.16423],[89.69923,25.16424],[89.69925,25.16514],[89.69905,25.16514],[89.69907,25.16604],[89.69887,25.16605],[89.69888,25.16641],[89.69868,25.16641],[89.69869,25.16659],[89.69829,25.16642],[89.69828,25.16624],[89.69808,25.16624],[89.69808,25.16606],[89.69749,25.16607],[89.69748,25.16571],[89.69708,25.16572],[89.69708,25.1659],[89.69689,25.1659],[89.6969,25.16662],[89.6975,25.16661],[89.6975,25.16679],[89.6979,25.16679],[89.6981,25.16714],[89.6983,25.16714],[89.69831,25.16732],[89.6987,25.16731],[89.69871,25.16767],[89.69891,25.16767],[89.69891,25.16785],[89.69871,25.16785],[89.69872,25.16803],[89.69892,25.16803],[89.69892,25.16839],[89.69933,25.16857],[89.69952,25.1682],[89.69971,25.1682],[89.69992,25.16855],[89.70012,25.16855],[89.70013,25.16891],[89.70053,25.16908],[89.70055,25.17035],[89.70036,25.17035],[89.70036,25.17071],[89.70056,25.17071],[89.70057,25.17107],[89.70077,25.17107],[89.70079,25.17197],[89.70099,25.17196],[89.701,25.17269],[89.7012,25.17268],[89.7012,25.17286],[89.7016,25.17286],[89.70181,25.17321],[89.70201,25.17321],[89.70201,25.17357],[89.70241,25.17374],[89.70242,25.17392],[89.70301,25.17391]],[[89.69949,25.16712],[89.69929,25.16712],[89.69929,25.16676],[89.69968,25.16675],[89.69969,25.16693],[89.69988,25.16693],[89.69989,25.16729],[89.6995,25.1673],[89.69949,25.16712]]]}},{"type":"Feature","properties":{"kind":"land","ha":111.8},"geometry":{"type":"Polygon","coordinates":[[[89.6163,25.17204],[89.6165,25.17204],[89.61651,25.17258],[89.61671,25.17258],[89.61671,25.17294],[89.61691,25.17293],[89.61692,25.17348],[89.61712,25.17347],[89.61713,25.17383],[89.61733,25.17383],[89.61734,25.17437],[89.61754,25.17437],[89.61755,25.17473],[89.61795,25.1749],[89.61795,25.17526],[89.61815,25.17526],[89.61816,25.1758],[89.61836,25.1758],[89.61838,25.17652],[89.61858,25.17651],[89.61858,25.17688],[89.61878,25.17687],[89.61879,25.17741],[89.61899,25.17741],[89.619,25.17777],[89.6192,25.17777],[89.61921,25.17849],[89.61941,25.17849],[89.61942,25.17903],[89.61962,25.17902],[89.61964,25.17974],[89.61983,25.17974],[89.61986,25.18082],[89.62006,25.18082],[89.62008,25.18172],[89.62027,25.18172],[89.62029,25.18226],[89.62048,25.18226],[89.6205,25.18298],[89.6207,25.18297],[89.62071,25.1837],[89.62091,25.18369],[89.62091,25.18351],[89.6215,25.1835],[89.62151,25.18386],[89.62092,25.18387],[89.62116,25.18604],[89.62136,25.18603],[89.6214,25.18802],[89.6216,25.18801],[89.62167,25.19126],[89.62147,25.19126],[89.62151,25.19307],[89.62171,25.19306],[89.6217,25.19252],[89.62189,25.19252],[89.62188,25.19198],[89.62208,25.19198],[89.62207,25.19143],[89.62227,25.19143],[89.62223,25.18963],[89.62243,25.18962],[89.62241,25.18872],[89.62221,25.18872],[89.62221,25.18854],[89.6226,25.18836],[89.62259,25.18818],[89.6224,25.18818],[89.62238,25.18764],[89.62258,25.18763],[89.62257,25.18709],[89.62277,25.18709],[89.62274,25.18583],[89.62235,25.18601],[89.62234,25.18565],[89.62274,25.18565],[89.62273,25.18547],[89.62293,25.18546],[89.62289,25.1833],[89.62308,25.18329],[89.62307,25.18257],[89.62287,25.18258],[89.62284,25.18113],[89.62264,25.18114],[89.62263,25.18059],[89.62243,25.1806],[89.62242,25.18024],[89.62262,25.18023],[89.62262,25.18005],[89.62242,25.18006],[89.62241,25.1797],[89.62221,25.1797],[89.62221,25.17952],[89.62241,25.17952],[89.62237,25.17771],[89.62217,25.17771],[89.62216,25.17699],[89.62176,25.17682],[89.62175,25.17664],[89.62155,25.17664],[89.62153,25.17574],[89.62173,25.17574],[89.62172,25.17502],[89.62152,25.17502],[89.62149,25.17376],[89.62129,25.17376],[89.62127,25.17268],[89.62107,25.17268],[89.62106,25.17196],[89.62086,25.17196],[89.62085,25.17142],[89.62065,25.17142],[89.62063,25.1707],[89.62044,25.17071],[89.62042,25.17016],[89.62023,25.17017],[89.62021,25.16927],[89.62001,25.16927],[89.62,25.16873],[89.6198,25.16873],[89.61979,25.16819],[89.61959,25.16819],[89.61958,25.16765],[89.61938,25.16766],[89.61937,25.16711],[89.61917,25.16712],[89.61916,25.16658],[89.61896,25.16658],[89.61895,25.16622],[89.61875,25.16622],[89.61874,25.16586],[89.61855,25.16587],[89.61854,25.16551],[89.61814,25.16533],[89.61813,25.16497],[89.61773,25.1648],[89.61772,25.16426],[89.61752,25.16426],[89.61751,25.1639],[89.61731,25.1639],[89.61731,25.16354],[89.61691,25.16337],[89.6169,25.16319],[89.6167,25.16319],[89.6167,25.16301],[89.6165,25.16301],[89.61649,25.16247],[89.61489,25.16178],[89.61508,25.16141],[89.61528,25.16141],[89.61526,25.16051],[89.61486,25.16034],[89.61464,25.15962],[89.61424,25.15944],[89.61423,25.1589],[89.61364,25.15891],[89.61365,25.15927],[89.61345,25.15928],[89.61347,25.16018],[89.61387,25.16035],[89.6139,25.1618],[89.61351,25.16198],[89.61351,25.16216],[89.61311,25.16217],[89.61311,25.16199],[89.61291,25.16199],[89.6129,25.16163],[89.61251,25.16164],[89.6123,25.16128],[89.6119,25.16129],[89.61192,25.16183],[89.61232,25.16201],[89.61232,25.16237],[89.61193,25.16237],[89.61174,25.16274],[89.61134,25.16274],[89.61113,25.16239],[89.61074,25.16239],[89.61075,25.16294],[89.61154,25.16292],[89.61155,25.1631],[89.61174,25.1631],[89.61175,25.16328],[89.61155,25.16328],[89.61156,25.16364],[89.61136,25.16365],[89.61137,25.16401],[89.61157,25.164],[89.6116,25.16545],[89.6112,25.16563],[89.61122,25.16636],[89.61102,25.16636],[89.61102,25.16654],[89.61122,25.16654],[89.61124,25.16726],[89.61163,25.16725],[89.61182,25.16653],[89.61142,25.16653],[89.61141,25.16599],[89.61181,25.16599],[89.61201,25.16634],[89.61221,25.16634],[89.6122,25.1658],[89.612,25.1658],[89.61199,25.16544],[89.61279,25.16561],[89.61276,25.16416],[89.61296,25.16416],[89.61295,25.16398],[89.61375,25.16397],[89.61375,25.16415],[89.61395,25.16414],[89.61395,25.16432],[89.61375,25.16433],[89.61377,25.16523],[89.61357,25.16523],[89.61359,25.16613],[89.61399,25.16613],[89.614,25.16667],[89.6144,25.16684],[89.61441,25.16738],[89.61461,25.16738],[89.61462,25.16774],[89.61482,25.16774],[89.61484,25.16882],[89.61504,25.16882],[89.61505,25.16936],[89.61525,25.16935],[89.61526,25.16971],[89.61546,25.16971],[89.61547,25.17043],[89.61567,25.17043],[89.61568,25.17115],[89.61608,25.17114],[89.61608,25.17132],[89.61628,25.17132],[89.6163,25.17204]],[[89.61773,25.16498],[89.61754,25.16498],[89.61753,25.1648],[89.61773,25.1648],[89.61773,25.16498]],[[89.61628,25.17096],[89.61667,25.17095],[89.61668,25.17149],[89.61649,25.1715],[89.61648,25.17132],[89.61628,25.17132],[89.61628,25.17096]],[[89.62201,25.18891],[89.62221,25.1889],[89.62222,25.18908],[89.62202,25.18909],[89.62201,25.18891]],[[89.62113,25.18441],[89.62152,25.18422],[89.62151,25.18404],[89.62171,25.18404],[89.62172,25.18458],[89.62133,25.18477],[89.62113,25.18441]],[[89.62191,25.18404],[89.6223,25.18385],[89.62231,25.18439],[89.62212,25.18439],[89.62191,25.18404]],[[89.62148,25.18242],[89.62168,25.18242],[89.62167,25.18187],[89.62186,25.18187],[89.62188,25.18259],[89.62148,25.1826],[89.62148,25.18242]],[[89.62064,25.18027],[89.62084,25.18027],[89.62084,25.18045],[89.62124,25.18044],[89.62125,25.18098],[89.62085,25.18099],[89.62064,25.18027]],[[89.62102,25.17972],[89.62122,25.17972],[89.62123,25.18008],[89.62103,25.18008],[89.62102,25.17972]],[[89.62017,25.17667],[89.62056,25.17666],[89.62056,25.17648],[89.62076,25.17648],[89.62076,25.17684],[89.62037,25.17684],[89.62037,25.17702],[89.62017,25.17703],[89.62017,25.17667]],[[89.62055,25.17612],[89.62075,25.17612],[89.62075,25.1763],[89.62055,25.1763],[89.62055,25.17612]],[[89.61952,25.17451],[89.61992,25.17451],[89.61993,25.17487],[89.61953,25.17487],[89.61952,25.17451]],[[89.62048,25.17287],[89.62068,25.17287],[89.62069,25.17323],[89.62049,25.17323],[89.62048,25.17287]],[[89.61806,25.17111],[89.61846,25.1711],[89.61847,25.17146],[89.61807,25.17147],[89.61806,25.17111]],[[89.61606,25.17024],[89.61586,25.17025],[89.61585,25.16952],[89.61624,25.16952],[89.61626,25.17006],[89.61645,25.17005],[89.61646,25.17023],[89.61607,25.17042],[89.61606,25.17024]],[[89.61675,25.16536],[89.61655,25.16536],[89.61655,25.16518],[89.61695,25.16517],[89.61696,25.16589],[89.61676,25.1659],[89.61675,25.16536]],[[89.61556,25.16538],[89.61576,25.16537],[89.61577,25.16573],[89.61557,25.16574],[89.61556,25.16538]]]}},{"type":"Feature","properties":{"kind":"land","ha":18.2},"geometry":{"type":"Polygon","coordinates":[[[89.73019,25.16547],[89.73019,25.16511],[89.73039,25.16511],[89.73037,25.16421],[89.73077,25.16438],[89.73077,25.16456],[89.73097,25.16456],[89.73095,25.16365],[89.73115,25.16365],[89.73111,25.16203],[89.73091,25.16203],[89.7309,25.16167],[89.7311,25.16167],[89.73107,25.16022],[89.73127,25.16022],[89.73125,25.1595],[89.73145,25.15949],[89.73144,25.15895],[89.73164,25.15895],[89.73162,25.15841],[89.73182,25.1584],[89.73181,25.15804],[89.73221,25.15785],[89.7322,25.15767],[89.7324,25.15767],[89.7324,25.15749],[89.7326,25.15749],[89.73259,25.15731],[89.73279,25.1573],[89.73278,25.15694],[89.73317,25.15675],[89.73315,25.15585],[89.73335,25.15585],[89.73335,25.15567],[89.73295,25.15567],[89.73296,25.15586],[89.73276,25.15586],[89.73277,25.15622],[89.73237,25.15641],[89.73238,25.15659],[89.73218,25.15659],[89.73218,25.15677],[89.73198,25.15678],[89.73199,25.15696],[89.73179,25.15696],[89.73179,25.15714],[89.7316,25.15714],[89.7316,25.15732],[89.7312,25.15733],[89.73121,25.15769],[89.73082,25.15788],[89.73082,25.15806],[89.73062,25.15806],[89.73063,25.15824],[89.73043,25.15825],[89.73026,25.15933],[89.73045,25.15933],[89.73046,25.15969],[89.73066,25.15969],[89.73067,25.16005],[89.73027,25.15988],[89.73026,25.1597],[89.72947,25.15971],[89.72948,25.16007],[89.72928,25.16007],[89.72929,25.16062],[89.7289,25.1608],[89.72891,25.16116],[89.72871,25.16117],[89.72872,25.16171],[89.72852,25.16171],[89.72853,25.16207],[89.72833,25.16208],[89.72834,25.16244],[89.72814,25.16244],[89.72816,25.16298],[89.72796,25.16299],[89.72797,25.16335],[89.72757,25.16354],[89.72758,25.16372],[89.72738,25.16372],[89.72739,25.16426],[89.72779,25.16443],[89.7278,25.16479],[89.7282,25.16479],[89.7282,25.16497],[89.7284,25.16496],[89.72839,25.1646],[89.72878,25.16442],[89.72878,25.16423],[89.72898,25.16423],[89.72897,25.16387],[89.72937,25.16386],[89.72937,25.16404],[89.72957,25.16404],[89.72959,25.16512],[89.72999,25.1653],[89.73,25.16548],[89.73019,25.16547]],[[89.72934,25.16278],[89.72954,25.16278],[89.72954,25.1626],[89.73013,25.16259],[89.73034,25.16294],[89.73054,25.16294],[89.73055,25.16348],[89.72975,25.16349],[89.72934,25.16278]]]}},{"type":"Feature","properties":{"kind":"land","ha":6.0},"geometry":{"type":"Polygon","coordinates":[[[89.6991,25.15828],[89.69929,25.15792],[89.69949,25.15791],[89.69948,25.15773],[89.70087,25.15771],[89.70087,25.15789],[89.70147,25.15788],[89.70147,25.15806],[89.70167,25.15805],[89.70166,25.15751],[89.70186,25.15751],[89.70183,25.15625],[89.70203,25.15624],[89.70202,25.1557],[89.70182,25.15571],[89.70183,25.15607],[89.70163,25.15607],[89.70164,25.15643],[89.70144,25.15643],[89.70143,25.15625],[89.70124,25.15626],[89.70122,25.15572],[89.70103,25.15572],[89.70102,25.15554],[89.69983,25.15556],[89.69984,25.1561],[89.69945,25.15629],[89.69946,25.15683],[89.69907,25.15702],[89.69908,25.15738],[89.69888,25.15738],[89.69889,25.15792],[89.69869,25.15793],[89.6987,25.15829],[89.6991,25.15828]]]}},{"type":"Feature","properties":{"kind":"land","ha":8.5},"geometry":{"type":"Polygon","coordinates":[[[89.67515,25.16034],[89.67514,25.16016],[89.67554,25.16015],[89.67553,25.15979],[89.67573,25.15979],[89.67573,25.15961],[89.67593,25.1596],[89.67593,25.15979],[89.67633,25.15978],[89.67633,25.15996],[89.67653,25.15996],[89.67652,25.15977],[89.67692,25.15977],[89.67692,25.15995],[89.67732,25.15994],[89.67732,25.15976],[89.67712,25.15976],[89.67711,25.15958],[89.67672,25.15959],[89.67671,25.15941],[89.67632,25.15942],[89.67631,25.15924],[89.67612,25.15924],[89.67612,25.15942],[89.67552,25.15943],[89.67553,25.15961],[89.67533,25.15962],[89.67512,25.15926],[89.67473,25.15927],[89.67472,25.1589],[89.67432,25.15891],[89.67431,25.15819],[89.67411,25.15819],[89.6741,25.15783],[89.6737,25.15766],[89.6737,25.15748],[89.6735,25.15748],[89.6735,25.1573],[89.6733,25.15731],[89.67329,25.15713],[89.67309,25.15713],[89.67309,25.15677],[89.67269,25.1566],[89.67268,25.15641],[89.67248,25.15642],[89.67248,25.15624],[89.67228,25.15624],[89.67228,25.15606],[89.67208,25.15606],[89.67208,25.15588],[89.67188,25.15589],[89.67187,25.15571],[89.67168,25.15571],[89.67167,25.15553],[89.67147,25.15553],[89.67147,25.15535],[89.67028,25.15538],[89.67007,25.15502],[89.66988,25.15502],[89.66988,25.15538],[89.67028,25.15556],[89.67029,25.15574],[89.67049,25.15573],[89.67049,25.15609],[89.67089,25.15627],[89.6709,25.15645],[89.6711,25.15644],[89.6711,25.15662],[89.6713,25.15662],[89.67131,25.15698],[89.67171,25.15715],[89.67171,25.15733],[89.67191,25.15733],[89.67191,25.15751],[89.67211,25.15751],[89.67212,25.15787],[89.67252,25.15804],[89.67252,25.15822],[89.67272,25.15822],[89.67273,25.1584],[89.67292,25.1584],[89.67293,25.15858],[89.67313,25.15857],[89.67313,25.15893],[89.67353,25.15911],[89.67354,25.15929],[89.67393,25.15928],[89.67414,25.15964],[89.67474,25.15963],[89.67475,25.16017],[89.67495,25.16016],[89.67495,25.16034],[89.67515,25.16034]]]}},{"type":"Feature","properties":{"kind":"land","ha":5.8},"geometry":{"type":"Polygon","coordinates":[[[89.7159,25.15599],[89.7159,25.15581],[89.7163,25.1558],[89.71629,25.15562],[89.71669,25.15561],[89.71668,25.15525],[89.71708,25.15525],[89.71708,25.15543],[89.71768,25.15541],[89.71767,25.15523],[89.71807,25.15523],[89.71806,25.15505],[89.71826,25.15504],[89.71825,25.1545],[89.71805,25.15451],[89.71805,25.15432],[89.71745,25.15434],[89.71746,25.1547],[89.71707,25.1547],[89.71705,25.1538],[89.71685,25.15381],[89.71684,25.15344],[89.71664,25.15345],[89.71664,25.15327],[89.71604,25.15328],[89.71605,25.15382],[89.71586,25.15382],[89.71585,25.15364],[89.71546,25.15365],[89.71527,25.15402],[89.71507,25.15402],[89.71507,25.1542],[89.71487,25.1542],[89.71488,25.15438],[89.71468,25.15439],[89.71468,25.15457],[89.71448,25.15457],[89.71449,25.15475],[89.71489,25.15474],[89.71489,25.15492],[89.71509,25.15492],[89.7153,25.15564],[89.7157,25.15581],[89.71571,25.15599],[89.7159,25.15599]]]}},{"type":"Feature","properties":{"kind":"land","ha":7.4},"geometry":{"type":"Polygon","coordinates":[[[89.60149,25.1566],[89.60149,25.15642],[89.60169,25.15642],[89.60168,25.15606],[89.60188,25.15605],[89.60187,25.15551],[89.60226,25.15532],[89.60225,25.15496],[89.60245,25.15496],[89.60244,25.15478],[89.60264,25.15478],[89.60265,25.15496],[89.60304,25.15495],[89.60305,25.15513],[89.60344,25.15494],[89.60344,25.15476],[89.60324,25.15476],[89.60323,25.1544],[89.60224,25.15442],[89.60223,25.15424],[89.60204,25.15424],[89.60202,25.15352],[89.60182,25.15353],[89.60182,25.15335],[89.60202,25.15334],[89.60201,25.15316],[89.60182,25.15317],[89.60181,25.1528],[89.60201,25.1528],[89.60199,25.1519],[89.60179,25.1519],[89.60178,25.15154],[89.60198,25.15154],[89.60197,25.15118],[89.60237,25.15117],[89.60256,25.15081],[89.60276,25.1508],[89.60274,25.15008],[89.60294,25.15008],[89.60293,25.14954],[89.60253,25.14954],[89.60234,25.14991],[89.60135,25.14992],[89.60137,25.15101],[89.60157,25.151],[89.60158,25.15118],[89.60138,25.15119],[89.60139,25.15173],[89.60119,25.15173],[89.60124,25.15408],[89.60144,25.15407],[89.60146,25.15516],[89.60126,25.15516],[89.60127,25.15534],[89.60087,25.15535],[89.6009,25.15661],[89.6011,25.15661],[89.6011,25.15679],[89.60149,25.1566]]]}},{"type":"Feature","properties":{"kind":"land","ha":9.2},"geometry":{"type":"Polygon","coordinates":[[[89.66802,25.15199],[89.66801,25.15126],[89.66821,25.15126],[89.6682,25.15108],[89.6686,25.15125],[89.66861,25.15143],[89.66881,25.15143],[89.66881,25.15161],[89.66921,25.1516],[89.6692,25.15124],[89.669,25.15125],[89.66899,25.15089],[89.6686,25.15089],[89.66839,25.15054],[89.66819,25.15054],[89.66818,25.15],[89.66798,25.15],[89.66797,25.14964],[89.66778,25.14964],[89.66776,25.1491],[89.66757,25.14911],[89.66756,25.14875],[89.66736,25.14875],[89.66733,25.14749],[89.66713,25.14749],[89.66708,25.14514],[89.66728,25.14514],[89.6672,25.14153],[89.667,25.14154],[89.667,25.14118],[89.6666,25.14118],[89.6666,25.141],[89.66561,25.14102],[89.66561,25.1412],[89.66581,25.1412],[89.66585,25.143],[89.66604,25.143],[89.66608,25.14462],[89.66628,25.14462],[89.6663,25.14552],[89.6665,25.14552],[89.66651,25.14624],[89.66671,25.14623],[89.66672,25.1466],[89.66692,25.14659],[89.66695,25.14804],[89.66715,25.14803],[89.66718,25.14984],[89.66759,25.15001],[89.66759,25.15019],[89.66779,25.15019],[89.66783,25.15199],[89.66802,25.15199]],[[89.66644,25.14299],[89.66684,25.14298],[89.66685,25.14334],[89.66645,25.14335],[89.66644,25.14299]]]}},{"type":"Feature","properties":{"kind":"land","ha":17.0},"geometry":{"type":"Polygon","coordinates":[[[89.73467,25.14373],[89.73466,25.14355],[89.73486,25.14355],[89.73485,25.14319],[89.73525,25.143],[89.73524,25.14282],[89.73584,25.14281],[89.73603,25.14244],[89.73623,25.14244],[89.73622,25.14226],[89.73642,25.14225],[89.73641,25.14189],[89.7368,25.14171],[89.7368,25.14153],[89.737,25.14152],[89.73699,25.14134],[89.73719,25.14134],[89.73719,25.14116],[89.73739,25.14115],[89.73738,25.14079],[89.73777,25.14079],[89.73796,25.14042],[89.73816,25.14042],[89.73816,25.14024],[89.73836,25.14023],[89.73835,25.14005],[89.73875,25.14005],[89.73894,25.13968],[89.73914,25.13968],[89.73913,25.1395],[89.73953,25.13949],[89.73953,25.13931],[89.74012,25.1393],[89.74011,25.13894],[89.73991,25.13894],[89.7399,25.1384],[89.7395,25.13823],[89.7395,25.13805],[89.7389,25.13806],[89.7387,25.1377],[89.7385,25.1377],[89.73851,25.13825],[89.73792,25.13826],[89.73792,25.13844],[89.73752,25.13844],[89.73754,25.13899],[89.73575,25.13902],[89.73554,25.1383],[89.73514,25.13831],[89.73515,25.13849],[89.73495,25.13849],[89.73496,25.13903],[89.73457,25.13922],[89.73457,25.1394],[89.73398,25.13941],[89.73398,25.13959],[89.73378,25.1396],[89.73379,25.14014],[89.73399,25.14013],[89.734,25.14031],[89.73459,25.1403],[89.73478,25.13994],[89.73498,25.13994],[89.73497,25.13939],[89.73517,25.13939],[89.73516,25.13921],[89.73576,25.1392],[89.73576,25.13956],[89.73557,25.13956],[89.73558,25.1401],[89.73538,25.14011],[89.73539,25.14047],[89.73519,25.14047],[89.73519,25.14065],[89.7348,25.14066],[89.73462,25.14139],[89.73402,25.1414],[89.73403,25.14158],[89.73383,25.14158],[89.73364,25.14231],[89.73345,25.14231],[89.73345,25.14267],[89.73405,25.14266],[89.73424,25.1423],[89.73464,25.14247],[89.73465,25.14301],[89.73426,25.1432],[89.73427,25.14374],[89.73467,25.14373]]]}},{"type":"Feature","properties":{"kind":"land","ha":116.7},"geometry":{"type":"Polygon","coordinates":[[[89.592,25.17662],[89.592,25.1768],[89.5922,25.1768],[89.59221,25.17716],[89.59241,25.17716],[89.59243,25.17824],[89.59203,25.17825],[89.59204,25.17843],[89.59184,25.17843],[89.59163,25.17807],[89.59143,25.17808],[89.59146,25.17934],[89.59166,25.17934],[89.59167,25.1797],[89.59187,25.17969],[89.59187,25.17987],[89.59207,25.17987],[89.59208,25.18041],[89.59228,25.18041],[89.59229,25.18077],[89.59248,25.18076],[89.59251,25.18185],[89.59291,25.18202],[89.59291,25.1822],[89.59311,25.1822],[89.59332,25.18292],[89.59352,25.18291],[89.59353,25.18327],[89.59433,25.18362],[89.59434,25.18398],[89.59454,25.18398],[89.59454,25.18416],[89.59434,25.18416],[89.59434,25.18434],[89.59454,25.18434],[89.59455,25.18452],[89.59533,25.18414],[89.59532,25.18378],[89.59513,25.18379],[89.59511,25.18325],[89.59492,25.18325],[89.59491,25.18289],[89.59511,25.18288],[89.5951,25.18252],[89.5955,25.18252],[89.59571,25.18324],[89.59591,25.18323],[89.59592,25.18359],[89.59632,25.18377],[89.59632,25.18395],[89.59652,25.18394],[89.59654,25.18485],[89.59693,25.18484],[89.59712,25.18447],[89.59752,25.18447],[89.59751,25.18375],[89.5977,25.18374],[89.59769,25.1832],[89.59809,25.18301],[89.5981,25.18392],[89.5985,25.18409],[89.59851,25.18427],[89.59871,25.18427],[89.59871,25.18445],[89.59891,25.18444],[89.59891,25.18462],[89.59971,25.18479],[89.59992,25.18515],[89.60031,25.18514],[89.6003,25.18478],[89.60011,25.18478],[89.6001,25.18442],[89.5997,25.18425],[89.59969,25.18407],[89.5995,25.18407],[89.59949,25.18371],[89.59909,25.18354],[89.59908,25.18336],[89.59889,25.18336],[89.59867,25.18264],[89.59847,25.18265],[89.59847,25.18228],[89.59827,25.18229],[89.59805,25.18121],[89.59785,25.18121],[89.59784,25.18085],[89.59764,25.18085],[89.59764,25.18049],[89.59744,25.1805],[89.59742,25.17978],[89.59722,25.17978],[89.59722,25.17942],[89.59702,25.17942],[89.59701,25.17906],[89.59681,25.17906],[89.5968,25.1787],[89.59661,25.17871],[89.59659,25.17817],[89.5964,25.17817],[89.59638,25.17763],[89.59619,25.17763],[89.59618,25.17727],[89.59598,25.17727],[89.59597,25.17691],[89.59557,25.17674],[89.59557,25.17656],[89.59537,25.17656],[89.59537,25.17638],[89.59517,25.17639],[89.59516,25.17621],[89.59497,25.17621],[89.59496,25.17603],[89.59476,25.17603],[89.59455,25.17531],[89.59415,25.17514],[89.59415,25.17496],[89.59395,25.17496],[89.59394,25.17478],[89.59355,25.17479],[89.59334,25.17443],[89.59314,25.17444],[89.59314,25.17426],[89.59294,25.17426],[89.59293,25.1739],[89.59253,25.17372],[89.59232,25.17301],[89.59212,25.17301],[89.59211,25.17265],[89.59192,25.17265],[89.5919,25.17175],[89.5917,25.17175],[89.59166,25.16977],[89.59185,25.16977],[89.59183,25.16868],[89.59203,25.16868],[89.59202,25.16832],[89.59222,25.16831],[89.59221,25.16777],[89.59241,25.16777],[89.5922,25.16741],[89.5924,25.16741],[89.59238,25.16651],[89.59258,25.1665],[89.59257,25.16614],[89.59277,25.16614],[89.59275,25.16542],[89.59315,25.16523],[89.59314,25.16505],[89.59374,25.16504],[89.59374,25.16522],[89.59414,25.16521],[89.59434,25.16557],[89.59454,25.16557],[89.59455,25.16575],[89.59474,25.16574],[89.59475,25.16592],[89.59495,25.16592],[89.59495,25.1661],[89.59515,25.1661],[89.59515,25.16628],[89.59535,25.16627],[89.59535,25.16646],[89.59555,25.16645],[89.59556,25.16663],[89.59575,25.16663],[89.59576,25.16681],[89.59596,25.16681],[89.59596,25.16699],[89.59636,25.16698],[89.59636,25.16716],[89.59656,25.16716],[89.59657,25.16752],[89.59697,25.16769],[89.59697,25.16787],[89.59717,25.16787],[89.59717,25.16805],[89.59757,25.16804],[89.59778,25.1684],[89.59797,25.16839],[89.59798,25.16857],[89.59818,25.16857],[89.59818,25.16875],[89.59838,25.16875],[89.59838,25.16893],[89.59878,25.16892],[89.59898,25.16928],[89.59918,25.16928],[89.59919,25.16946],[89.59938,25.16945],[89.59939,25.16963],[89.59959,25.16963],[89.59959,25.16981],[89.59999,25.1698],[89.59998,25.16962],[89.59958,25.16945],[89.59958,25.16927],[89.59938,25.16927],[89.59937,25.16891],[89.59897,25.16874],[89.59896,25.16838],[89.59856,25.1682],[89.59856,25.16784],[89.59836,25.16785],[89.59835,25.16749],[89.59795,25.16731],[89.59795,25.16713],[89.59775,25.16714],[89.59774,25.16695],[89.59755,25.16696],[89.59754,25.1666],[89.59734,25.1666],[89.59734,25.16642],[89.59714,25.16642],[89.59713,25.16606],[89.59673,25.16589],[89.59673,25.16571],[89.59653,25.16571],[89.59652,25.16553],[89.59633,25.16554],[89.59632,25.16536],[89.59612,25.16536],[89.59591,25.16464],[89.59571,25.16464],[89.59569,25.16374],[89.5955,25.16375],[89.59549,25.16338],[89.59529,25.16339],[89.59527,25.16267],[89.59508,25.16267],[89.59507,25.16231],[89.59487,25.16231],[89.59487,25.16213],[89.59467,25.16214],[89.59466,25.16177],[89.59426,25.16178],[89.59427,25.16196],[89.59407,25.16197],[89.59408,25.16251],[89.59388,25.16251],[89.59389,25.16305],[89.5937,25.16305],[89.5937,25.16324],[89.5933,25.16306],[89.5933,25.16288],[89.5929,25.16289],[89.59289,25.16271],[89.5927,25.16271],[89.59268,25.16199],[89.59288,25.16199],[89.59288,25.16181],[89.59268,25.16181],[89.59266,25.16109],[89.59246,25.16109],[89.59246,25.16073],[89.59226,25.16073],[89.59226,25.16091],[89.59107,25.16093],[89.59106,25.16021],[89.59126,25.16021],[89.59125,25.15985],[89.59145,25.15985],[89.59124,25.15949],[89.59084,25.15949],[89.59085,25.15986],[89.59065,25.15986],[89.59066,25.1604],[89.59086,25.1604],[89.59087,25.16058],[89.59047,25.16058],[89.59028,25.16095],[89.58988,25.16096],[89.58987,25.16023],[89.59007,25.16023],[89.59005,25.15969],[89.59025,25.15969],[89.59021,25.1577],[89.59041,25.1577],[89.5904,25.15716],[89.5906,25.15715],[89.59058,25.15643],[89.59078,25.15643],[89.59077,25.15607],[89.59097,25.15606],[89.59094,25.15462],[89.59114,25.15462],[89.59113,25.15426],[89.59133,25.15425],[89.59132,25.15371],[89.59171,25.15352],[89.5917,25.15316],[89.5919,25.15316],[89.59189,25.15262],[89.59209,25.15261],[89.59208,25.15225],[89.59228,25.15225],[89.59245,25.15116],[89.59265,25.15116],[89.59264,25.15044],[89.59283,25.15043],[89.59281,25.14935],[89.59301,25.14935],[89.593,25.14899],[89.5932,25.14898],[89.59319,25.14862],[89.59299,25.14863],[89.59298,25.14791],[89.59318,25.1479],[89.59313,25.14592],[89.59333,25.14591],[89.5931,25.14447],[89.5933,25.14447],[89.59326,25.14249],[89.59306,25.14249],[89.59304,25.14159],[89.59324,25.14158],[89.59321,25.14032],[89.59341,25.14032],[89.5934,25.13959],[89.5936,25.13959],[89.59359,25.13941],[89.5932,25.13942],[89.5932,25.1396],[89.5928,25.13961],[89.59261,25.13997],[89.59241,25.13997],[89.59242,25.14015],[89.59222,25.14016],[89.59204,25.14088],[89.59184,25.14089],[89.59185,25.14125],[89.59165,25.14125],[89.59166,25.14161],[89.59146,25.14161],[89.59147,25.14216],[89.59127,25.14216],[89.5913,25.1436],[89.5911,25.14361],[89.59114,25.14523],[89.59094,25.14523],[89.59101,25.14848],[89.59081,25.14848],[89.59084,25.14975],[89.59064,25.14975],[89.59066,25.15101],[89.59047,25.15102],[89.59068,25.15174],[89.59048,25.15174],[89.59049,25.15228],[89.59029,25.15228],[89.59033,25.15391],[89.59013,25.15391],[89.59015,25.15481],[89.59055,25.15481],[89.59055,25.15499],[89.59035,25.15499],[89.59036,25.15517],[89.58996,25.15518],[89.58997,25.15554],[89.58977,25.15554],[89.58981,25.15735],[89.58961,25.15735],[89.58963,25.15843],[89.58943,25.15844],[89.58947,25.16006],[89.58927,25.16006],[89.58928,25.16079],[89.58909,25.16079],[89.58909,25.16115],[89.5889,25.16115],[89.58892,25.16242],[89.58912,25.16241],[89.58915,25.16386],[89.58895,25.16386],[89.58899,25.16584],[89.58939,25.16566],[89.58936,25.16421],[89.58956,25.16421],[89.58955,25.16403],[89.59015,25.16402],[89.59014,25.16366],[89.59034,25.16365],[89.59033,25.16311],[89.59052,25.16311],[89.59052,25.16293],[89.59111,25.16292],[89.59112,25.1631],[89.59132,25.1631],[89.59135,25.16472],[89.59115,25.16472],[89.59118,25.16581],[89.59137,25.1658],[89.59139,25.16634],[89.59119,25.16635],[89.59121,25.16743],[89.59101,25.16743],[89.59105,25.16924],[89.59085,25.16924],[89.59089,25.17123],[89.5907,25.17123],[89.59071,25.17177],[89.5909,25.17177],[89.59093,25.17285],[89.59073,25.17285],[89.59075,25.17376],[89.59115,25.17375],[89.59135,25.17411],[89.59215,25.17427],[89.59235,25.17463],[89.59255,25.17463],[89.59256,25.17499],[89.59276,25.17498],[89.59277,25.17571],[89.59218,25.17572],[89.59217,25.17554],[89.59198,25.17554],[89.59197,25.17518],[89.59157,25.175],[89.59156,25.17482],[89.59137,25.17483],[89.59136,25.17465],[89.59097,25.17465],[89.59078,25.17538],[89.59118,25.17555],[89.59119,25.17573],[89.59178,25.17572],[89.59179,25.1759],[89.59218,25.1759],[89.59239,25.17625],[89.59259,25.17625],[89.59259,25.17661],[89.592,25.17662]],[[89.5913,25.16219],[89.5915,25.16219],[89.5915,25.16237],[89.5917,25.16237],[89.59171,25.16273],[89.59151,25.16273],[89.59151,25.16309],[89.59132,25.1631],[89.5913,25.16219]],[[89.59299,25.1766],[89.593,25.17697],[89.5928,25.17697],[89.59259,25.17661],[89.59299,25.1766]],[[89.5963,25.18304],[89.5961,25.18305],[89.59609,25.18269],[89.5959,25.18269],[89.59589,25.18233],[89.59569,25.18233],[89.59569,25.18215],[89.59608,25.18215],[89.59608,25.18197],[89.59628,25.18196],[89.59627,25.1816],[89.59568,25.18161],[89.59588,25.18197],[89.59529,25.18198],[89.59528,25.1818],[89.59548,25.1818],[89.59547,25.18107],[89.59507,25.18108],[89.59507,25.18126],[89.59487,25.18126],[89.59485,25.18],[89.59445,25.17983],[89.59444,25.17947],[89.59424,25.17947],[89.59423,25.17875],[89.59442,25.17875],[89.59441,25.1782],[89.59401,25.17803],[89.59401,25.17785],[89.59361,25.17786],[89.5936,25.1775],[89.5938,25.17749],[89.59378,25.17659],[89.59338,25.17642],[89.59337,25.17588],[89.59377,25.17605],[89.59378,25.17623],[89.59397,25.17623],[89.59398,25.17641],[89.59418,25.1764],[89.59418,25.17658],[89.59438,25.17658],[89.5944,25.17748],[89.5948,25.17766],[89.59482,25.17856],[89.59462,25.17856],[89.59463,25.17892],[89.59482,25.17892],[89.59484,25.17946],[89.59503,25.17946],[89.59504,25.17982],[89.59524,25.17981],[89.59524,25.17999],[89.59584,25.17998],[89.59605,25.18034],[89.59624,25.18034],[89.59625,25.18052],[89.59645,25.18051],[89.59646,25.18106],[89.59626,25.18106],[89.59626,25.18124],[89.59646,25.18124],[89.59647,25.1816],[89.59687,25.18159],[89.59687,25.18177],[89.59707,25.18177],[89.59708,25.18231],[89.59748,25.1823],[89.59749,25.18284],[89.59709,25.18303],[89.5971,25.18321],[89.5967,25.18322],[89.59671,25.1834],[89.59651,25.1834],[89.5963,25.18304]],[[89.59562,25.17909],[89.59542,25.17909],[89.59542,25.17873],[89.59581,25.17854],[89.59581,25.17872],[89.59601,25.17872],[89.59602,25.17926],[89.59563,25.17927],[89.59562,25.17909]],[[89.59131,25.1723],[89.59171,25.17229],[89.59171,25.17248],[89.59132,25.17248],[89.59131,25.1723]],[[89.59214,25.16453],[89.59234,25.16452],[89.59233,25.16416],[89.59273,25.16415],[89.59273,25.16452],[89.59293,25.16451],[89.59294,25.16505],[89.59215,25.16507],[89.59214,25.16453]],[[89.59211,25.16308],[89.59231,25.16308],[89.59232,25.16344],[89.59212,25.16344],[89.59211,25.16308]],[[89.5897,25.16186],[89.5901,25.16167],[89.5901,25.16185],[89.5903,25.16185],[89.59031,25.16221],[89.58991,25.1624],[89.58992,25.16276],[89.58972,25.16276],[89.5897,25.16186]],[[89.59108,25.16112],[89.59147,25.16111],[89.59148,25.16147],[89.59128,25.16147],[89.59108,25.16112]],[[89.5921,25.14395],[89.5919,25.14395],[89.5919,25.14377],[89.5927,25.14394],[89.59251,25.1443],[89.59231,25.14431],[89.5921,25.14395]]]}},{"type":"Feature","properties":{"kind":"land","ha":23.1},"geometry":{"type":"Polygon","coordinates":[[[89.60963,25.14779],[89.60961,25.14689],[89.60981,25.14689],[89.60979,25.14562],[89.60959,25.14563],[89.60959,25.14581],[89.60919,25.14582],[89.60919,25.14545],[89.60879,25.14528],[89.60878,25.14474],[89.60858,25.14474],[89.60857,25.14438],[89.60817,25.14421],[89.60813,25.14222],[89.60833,25.14222],[89.60833,25.1424],[89.60873,25.14239],[89.60872,25.14203],[89.60852,25.14204],[89.60852,25.14186],[89.60812,25.14186],[89.60812,25.14204],[89.60792,25.14205],[89.60792,25.14169],[89.60752,25.14169],[89.60731,25.14134],[89.60712,25.14134],[89.60711,25.1408],[89.60691,25.1408],[89.6069,25.14044],[89.6065,25.14027],[89.6065,25.14009],[89.6061,25.14009],[89.60608,25.13937],[89.60589,25.13938],[89.60588,25.1392],[89.60549,25.1392],[89.60549,25.13938],[89.60529,25.13939],[89.60531,25.14047],[89.60512,25.14047],[89.60535,25.14227],[89.60515,25.14228],[89.60516,25.14264],[89.60496,25.14264],[89.60497,25.14282],[89.60477,25.14282],[89.60478,25.14319],[89.60497,25.14318],[89.60499,25.14372],[89.60518,25.14372],[89.60519,25.1439],[89.60499,25.1439],[89.605,25.14445],[89.60461,25.14445],[89.60461,25.14463],[89.60441,25.14464],[89.60442,25.14518],[89.60541,25.14516],[89.60542,25.14534],[89.60581,25.14533],[89.60582,25.14551],[89.60602,25.14551],[89.60602,25.14569],[89.60681,25.14568],[89.60682,25.14586],[89.60741,25.14585],[89.60741,25.14603],[89.60761,25.14602],[89.60762,25.14657],[89.60802,25.14674],[89.60803,25.14692],[89.60823,25.14692],[89.60823,25.14728],[89.60863,25.14745],[89.60864,25.14763],[89.60923,25.14762],[89.60924,25.1478],[89.60963,25.14779]]]}},{"type":"Feature","properties":{"kind":"land","ha":30.0},"geometry":{"type":"Polygon","coordinates":[[[89.61252,25.14359],[89.61251,25.14341],[89.61212,25.14342],[89.61211,25.14324],[89.61172,25.14324],[89.61153,25.14361],[89.61093,25.14362],[89.61093,25.14344],[89.61053,25.14345],[89.61035,25.14417],[89.61015,25.14417],[89.61016,25.14453],[89.61056,25.14471],[89.61056,25.14453],[89.61135,25.14451],[89.61135,25.14469],[89.61155,25.14469],[89.61155,25.14487],[89.61096,25.14488],[89.61097,25.14542],[89.61057,25.14543],[89.61058,25.14579],[89.61098,25.14578],[89.61117,25.14542],[89.61196,25.14523],[89.61195,25.14504],[89.61255,25.14503],[89.61255,25.14485],[89.61274,25.14485],[89.61274,25.14449],[89.61313,25.14448],[89.61315,25.14538],[89.61355,25.14556],[89.61356,25.14592],[89.61396,25.14591],[89.61396,25.14609],[89.61435,25.1459],[89.61434,25.14536],[89.61414,25.14537],[89.61413,25.14465],[89.61393,25.14465],[89.61393,25.14447],[89.61432,25.14446],[89.61433,25.14482],[89.61512,25.14481],[89.61531,25.14444],[89.61611,25.14443],[89.61592,25.14479],[89.61631,25.14479],[89.6165,25.14442],[89.6167,25.14442],[89.6167,25.14424],[89.61709,25.14423],[89.61709,25.14405],[89.61729,25.14405],[89.61728,25.14387],[89.61807,25.14367],[89.61807,25.14349],[89.61847,25.14349],[89.61846,25.14331],[89.61886,25.1433],[89.61905,25.14293],[89.61944,25.14293],[89.61964,25.14256],[89.62003,25.14256],[89.62003,25.14238],[89.62062,25.14236],[89.62062,25.14218],[89.62102,25.14218],[89.62121,25.14181],[89.6216,25.14181],[89.62159,25.14144],[89.62179,25.14144],[89.62179,25.14126],[89.62159,25.14126],[89.62159,25.14108],[89.62079,25.1411],[89.6208,25.14128],[89.6206,25.14128],[89.62061,25.14164],[89.62021,25.14165],[89.62021,25.14147],[89.62001,25.14147],[89.62002,25.14183],[89.61962,25.14202],[89.61963,25.1422],[89.61923,25.14221],[89.61904,25.14257],[89.61864,25.14258],[89.61865,25.14276],[89.61845,25.14276],[89.61844,25.14222],[89.61864,25.14222],[89.61863,25.14204],[89.61923,25.14203],[89.61922,25.14185],[89.61942,25.14184],[89.6196,25.14112],[89.61921,25.14131],[89.61922,25.14149],[89.61842,25.1415],[89.61843,25.14168],[89.61803,25.14169],[89.61804,25.14223],[89.61745,25.14224],[89.61744,25.14188],[89.61704,25.14189],[89.61684,25.14153],[89.61644,25.14154],[89.61644,25.14136],[89.61604,25.14136],[89.61604,25.14154],[89.61545,25.14155],[89.61545,25.14137],[89.61426,25.14139],[89.61426,25.14157],[89.61406,25.14158],[89.61405,25.14104],[89.61365,25.14104],[89.61365,25.14086],[89.61405,25.14086],[89.61404,25.14068],[89.61384,25.14068],[89.61384,25.14032],[89.61364,25.14032],[89.61363,25.14014],[89.61344,25.14015],[89.61343,25.13978],[89.61323,25.13979],[89.61322,25.13925],[89.61282,25.13907],[89.61282,25.13889],[89.61262,25.1389],[89.61261,25.13872],[89.61182,25.13855],[89.61181,25.13837],[89.61142,25.13838],[89.61142,25.13856],[89.61162,25.13855],[89.61163,25.13927],[89.61183,25.13927],[89.61186,25.14071],[89.61206,25.14071],[89.61205,25.14035],[89.61225,25.14035],[89.61224,25.13999],[89.61244,25.13998],[89.61245,25.14016],[89.61304,25.14015],[89.61305,25.14069],[89.61285,25.1407],[89.61286,25.14106],[89.61227,25.14107],[89.61228,25.14161],[89.61267,25.1416],[89.61269,25.14214],[89.61249,25.14215],[89.6125,25.14251],[89.6123,25.14251],[89.6123,25.14287],[89.61311,25.14322],[89.61311,25.14358],[89.61331,25.14358],[89.61332,25.14376],[89.61252,25.14359]],[[89.61845,25.14294],[89.61826,25.14295],[89.61825,25.14277],[89.61845,25.14276],[89.61845,25.14294]],[[89.61446,25.14157],[89.61447,25.14193],[89.61427,25.14194],[89.61426,25.14157],[89.61446,25.14157]],[[89.61351,25.14375],[89.61352,25.14393],[89.61332,25.14394],[89.61332,25.14376],[89.61351,25.14375]],[[89.61372,25.14393],[89.61372,25.14411],[89.61352,25.14411],[89.61352,25.14393],[89.61372,25.14393]],[[89.61669,25.1437],[89.61688,25.14369],[89.61688,25.14351],[89.61708,25.14351],[89.61707,25.14333],[89.61747,25.14332],[89.61728,25.14369],[89.61708,25.14369],[89.61709,25.14387],[89.61689,25.14387],[89.61689,25.14406],[89.61649,25.14406],[89.61669,25.1437]],[[89.61389,25.14266],[89.61369,25.14267],[89.61368,25.14213],[89.61407,25.14212],[89.61408,25.14248],[89.61428,25.14248],[89.61428,25.14266],[89.61389,25.14284],[89.61389,25.14266]],[[89.61765,25.14242],[89.61785,25.14241],[89.61785,25.14259],[89.61765,25.1426],[89.61765,25.14242]],[[89.61243,25.13926],[89.61282,25.13925],[89.61283,25.13943],[89.61243,25.13944],[89.61243,25.13926]]]}},{"type":"Feature","properties":{"kind":"land","ha":3.0},"geometry":{"type":"Polygon","coordinates":[[[89.65585,25.13939],[89.65585,25.13921],[89.65605,25.13921],[89.65604,25.13885],[89.65564,25.13885],[89.65544,25.1385],[89.65524,25.1385],[89.65524,25.13832],[89.65484,25.13833],[89.65484,25.13815],[89.65444,25.13815],[89.65423,25.13779],[89.65364,25.13781],[89.65363,25.13763],[89.65324,25.13763],[89.65323,25.13745],[89.65244,25.13747],[89.65244,25.13729],[89.65105,25.13731],[89.65126,25.13767],[89.65205,25.13783],[89.65206,25.13801],[89.65265,25.138],[89.65266,25.13818],[89.65365,25.13817],[89.65365,25.13835],[89.65444,25.13833],[89.65465,25.13869],[89.65485,25.13869],[89.65485,25.13887],[89.65505,25.13886],[89.65505,25.13904],[89.65545,25.13904],[89.65546,25.1394],[89.65585,25.13939]]]}},{"type":"Feature","properties":{"kind":"land","ha":8.1},"geometry":{"type":"Polygon","coordinates":[[[89.59743,25.14277],[89.59743,25.14259],[89.59763,25.14259],[89.59762,25.14241],[89.59841,25.1424],[89.5986,25.14203],[89.5992,25.14202],[89.59917,25.14076],[89.59937,25.14075],[89.59936,25.14039],[89.59956,25.14039],[89.59955,25.13967],[89.59974,25.13966],[89.59974,25.1393],[89.59934,25.13913],[89.59933,25.13895],[89.59874,25.13896],[89.59891,25.13787],[89.59872,25.13788],[89.59871,25.13752],[89.59831,25.13752],[89.59832,25.13806],[89.59812,25.13807],[89.59817,25.14023],[89.59777,25.14006],[89.59777,25.13988],[89.59757,25.13988],[89.59758,25.14042],[89.59738,25.14043],[89.59739,25.14079],[89.59719,25.14079],[89.5972,25.14133],[89.597,25.14134],[89.59704,25.14296],[89.59743,25.14277]]]}},{"type":"Feature","properties":{"kind":"land","ha":5.2},"geometry":{"type":"Polygon","coordinates":[[[89.67288,25.138],[89.67287,25.13764],[89.67307,25.13764],[89.67306,25.13728],[89.67286,25.13728],[89.67286,25.1371],[89.67305,25.1371],[89.67305,25.13691],[89.67384,25.13672],[89.67382,25.13582],[89.67402,25.13581],[89.67401,25.13527],[89.67381,25.13528],[89.6738,25.13474],[89.6736,25.13474],[89.67359,25.13456],[89.6732,25.13457],[89.6732,25.13475],[89.67241,25.13476],[89.6724,25.13458],[89.67221,25.13458],[89.67221,25.13494],[89.67182,25.13513],[89.67183,25.13549],[89.67203,25.13549],[89.67203,25.13567],[89.67243,25.13566],[89.67245,25.13656],[89.67206,25.13675],[89.67206,25.13693],[89.67186,25.13694],[89.67187,25.1373],[89.67167,25.1373],[89.67167,25.13748],[89.67187,25.13748],[89.67188,25.13766],[89.67227,25.13765],[89.67248,25.13801],[89.67288,25.138]]]}},{"type":"Feature","properties":{"kind":"land","ha":7.3},"geometry":{"type":"Polygon","coordinates":[[[89.62119,25.14091],[89.62138,25.14055],[89.62197,25.14054],[89.62197,25.14036],[89.62217,25.14035],[89.62214,25.13909],[89.62234,25.13909],[89.62232,25.13836],[89.62212,25.13837],[89.62211,25.13765],[89.62131,25.1373],[89.6213,25.13694],[89.6209,25.13676],[89.6209,25.13658],[89.6205,25.13659],[89.62049,25.13605],[89.6201,25.13624],[89.62009,25.13606],[89.61989,25.13606],[89.61986,25.13462],[89.61947,25.13462],[89.61946,25.13444],[89.61907,25.13445],[89.61906,25.13427],[89.61867,25.13428],[89.61866,25.1341],[89.61846,25.1341],[89.61827,25.13446],[89.61867,25.13464],[89.61869,25.13536],[89.61889,25.13536],[89.61889,25.13572],[89.61909,25.13571],[89.6191,25.13607],[89.6195,25.13625],[89.6195,25.13643],[89.6197,25.13642],[89.61971,25.13679],[89.62011,25.13678],[89.62011,25.13714],[89.62031,25.13714],[89.62032,25.13732],[89.62071,25.13731],[89.62092,25.13767],[89.62132,25.13766],[89.62135,25.1391],[89.62154,25.1391],[89.62155,25.13928],[89.62135,25.13928],[89.62136,25.13964],[89.62116,25.13965],[89.62116,25.13983],[89.62096,25.13983],[89.62097,25.14019],[89.62058,25.14038],[89.62059,25.14074],[89.62039,25.14074],[89.62039,25.14092],[89.62119,25.14091]]]}},{"type":"Feature","properties":{"kind":"land","ha":9.6},"geometry":{"type":"Polygon","coordinates":[[[89.66321,25.14034],[89.6634,25.13998],[89.6636,25.13997],[89.66359,25.13943],[89.66398,25.13924],[89.66398,25.13906],[89.66596,25.13903],[89.66596,25.13921],[89.66636,25.1392],[89.66636,25.13938],[89.66676,25.13937],[89.66676,25.13956],[89.66755,25.13918],[89.66752,25.1381],[89.66733,25.1381],[89.66732,25.13774],[89.66771,25.13773],[89.66791,25.13737],[89.6681,25.13737],[89.66809,25.13664],[89.66789,25.13665],[89.66788,25.13629],[89.66808,25.13628],[89.66806,25.13556],[89.66846,25.13537],[89.66845,25.13519],[89.66865,25.13519],[89.66864,25.13483],[89.66884,25.13482],[89.66883,25.1341],[89.66922,25.13392],[89.66921,25.13374],[89.66961,25.13373],[89.66959,25.13301],[89.6692,25.13301],[89.6692,25.13319],[89.669,25.1332],[89.66901,25.13356],[89.66862,25.13375],[89.66862,25.13393],[89.66843,25.13393],[89.66843,25.13429],[89.66823,25.13429],[89.66824,25.13466],[89.66785,25.13484],[89.66767,25.13557],[89.66747,25.13557],[89.66748,25.13593],[89.66728,25.13594],[89.66729,25.1363],[89.66689,25.13648],[89.6669,25.13685],[89.6667,25.13685],[89.66672,25.13739],[89.66632,25.13758],[89.66634,25.1383],[89.66614,25.1383],[89.66615,25.13866],[89.66536,25.13868],[89.66535,25.1385],[89.66416,25.13852],[89.66417,25.1387],[89.66298,25.13872],[89.66279,25.13909],[89.66259,25.13909],[89.6626,25.13945],[89.6628,25.13945],[89.6628,25.13963],[89.66241,25.13981],[89.66261,25.14017],[89.66281,25.14017],[89.66281,25.14035],[89.66321,25.14034]]]}},{"type":"Feature","properties":{"kind":"land","ha":6.2},"geometry":{"type":"Polygon","coordinates":[[[89.60606,25.13829],[89.60604,25.13739],[89.60584,25.13739],[89.60584,25.13703],[89.60603,25.13703],[89.60601,25.13612],[89.60582,25.13613],[89.60579,25.13505],[89.6056,25.13505],[89.60552,25.13162],[89.60532,25.13162],[89.60535,25.13307],[89.60516,25.13307],[89.60517,25.13361],[89.60477,25.13362],[89.60457,25.13326],[89.60437,25.13327],[89.60454,25.13218],[89.60434,25.13218],[89.60434,25.13182],[89.60414,25.13183],[89.60413,25.13165],[89.60394,25.13165],[89.60375,25.13201],[89.60355,25.13202],[89.60357,25.13292],[89.60377,25.13292],[89.60377,25.13328],[89.60397,25.13327],[89.60399,25.13436],[89.60479,25.13434],[89.60479,25.13452],[89.60499,25.13452],[89.60502,25.13596],[89.60522,25.13596],[89.60523,25.13668],[89.60543,25.13668],[89.60546,25.13794],[89.60566,25.13794],[89.60566,25.1383],[89.60606,25.13829]],[[89.60478,25.13398],[89.60498,25.13398],[89.60498,25.13416],[89.60478,25.13416],[89.60478,25.13398]]]}},{"type":"Feature","properties":{"kind":"land","ha":10.6},"geometry":{"type":"Polygon","coordinates":[[[89.67118,25.1328],[89.67116,25.13226],[89.67136,25.13225],[89.67136,25.13189],[89.67175,25.1317],[89.67174,25.13152],[89.67214,25.13152],[89.67232,25.13079],[89.67252,25.13079],[89.67251,25.13043],[89.67291,25.13024],[89.6729,25.12988],[89.6731,25.12987],[89.67308,25.12933],[89.67348,25.12915],[89.67346,25.12824],[89.67365,25.12824],[89.67364,25.1277],[89.67384,25.1277],[89.67383,25.12733],[89.67403,25.12733],[89.67381,25.12625],[89.67342,25.12644],[89.67342,25.12662],[89.67322,25.12662],[89.67323,25.1268],[89.67303,25.12681],[89.67303,25.12699],[89.67283,25.12699],[89.67265,25.12772],[89.67226,25.1279],[89.67226,25.12809],[89.67167,25.1281],[89.67167,25.12828],[89.67147,25.12828],[89.67149,25.12882],[89.67129,25.12882],[89.6713,25.12919],[89.6711,25.12919],[89.67111,25.12955],[89.67091,25.12955],[89.67092,25.13028],[89.67053,25.13046],[89.67058,25.13263],[89.67078,25.13262],[89.67078,25.1328],[89.67118,25.1328]]]}},{"type":"Feature","properties":{"kind":"land","ha":20.6},"geometry":{"type":"Polygon","coordinates":[[[89.60233,25.1398],[89.60232,25.13962],[89.60252,25.13962],[89.6025,25.13889],[89.6027,25.13889],[89.60269,25.13835],[89.60249,25.13835],[89.60248,25.13781],[89.60287,25.13762],[89.60288,25.1378],[89.60308,25.1378],[89.60309,25.13852],[89.60349,25.13852],[89.60348,25.13833],[89.60368,25.13833],[89.60366,25.13743],[89.60346,25.13743],[89.60345,25.13689],[89.60385,25.13688],[89.60385,25.13706],[89.60405,25.13706],[89.60406,25.1376],[89.60446,25.1376],[89.60445,25.13705],[89.60425,25.13706],[89.60424,25.13652],[89.60404,25.13652],[89.60403,25.13616],[89.60383,25.13616],[89.60381,25.13508],[89.60361,25.13508],[89.60361,25.13472],[89.60341,25.13473],[89.6034,25.13455],[89.60321,25.13455],[89.60319,25.13401],[89.603,25.13401],[89.60299,25.13365],[89.60279,25.13365],[89.60277,25.13257],[89.60316,25.13238],[89.60315,25.13184],[89.60275,25.13185],[89.60276,25.13203],[89.60256,25.13203],[89.60256,25.13239],[89.60216,25.13222],[89.60216,25.13186],[89.60235,25.13186],[89.60234,25.13114],[89.60254,25.13113],[89.60253,25.13095],[89.60293,25.13094],[89.60291,25.12986],[89.60311,25.12986],[89.60307,25.12805],[89.60267,25.12824],[89.60269,25.12878],[89.60249,25.12879],[89.60252,25.13023],[89.60232,25.13023],[89.60232,25.13041],[89.60193,25.13042],[89.60192,25.13024],[89.60173,25.13024],[89.60169,25.12844],[89.60149,25.12844],[89.60147,25.12772],[89.60108,25.12791],[89.60107,25.12755],[89.60127,25.12754],[89.60126,25.12682],[89.60086,25.12683],[89.60086,25.12701],[89.60067,25.12701],[89.60068,25.12773],[89.60048,25.12774],[89.60049,25.1281],[89.60029,25.1281],[89.60031,25.12882],[89.60011,25.12883],[89.60014,25.13009],[89.60053,25.13008],[89.60053,25.1299],[89.60073,25.1299],[89.60072,25.12936],[89.60091,25.12936],[89.60089,25.12845],[89.60109,25.12845],[89.60112,25.12953],[89.60092,25.12954],[89.60092,25.12972],[89.60112,25.12971],[89.60113,25.13007],[89.60133,25.13007],[89.60133,25.13025],[89.60113,25.13025],[89.60115,25.13116],[89.60095,25.13116],[89.60096,25.13152],[89.60136,25.13169],[89.60137,25.13205],[89.60097,25.13206],[89.60077,25.1317],[89.60057,25.13171],[89.60059,25.13297],[89.60079,25.13297],[89.6008,25.13351],[89.60041,25.13352],[89.60041,25.13388],[89.60061,25.13387],[89.60062,25.13405],[89.60101,25.13405],[89.6012,25.13368],[89.6016,25.13368],[89.6016,25.13349],[89.60219,25.13348],[89.60219,25.13366],[89.60239,25.13366],[89.6024,25.13402],[89.6026,25.13402],[89.60262,25.13492],[89.60242,25.13492],[89.60242,25.1351],[89.60203,25.13511],[89.60204,25.13565],[89.60263,25.13564],[89.60264,25.136],[89.60244,25.13601],[89.60245,25.13637],[89.60225,25.13637],[89.60226,25.13655],[89.60206,25.13656],[89.60208,25.13782],[89.60169,25.13801],[89.60171,25.13891],[89.60151,25.13891],[89.60152,25.13927],[89.60172,25.13927],[89.60173,25.13963],[89.60192,25.13963],[89.60193,25.13981],[89.60233,25.1398]]]}},{"type":"Feature","properties":{"kind":"land","ha":5.5},"geometry":{"type":"Polygon","coordinates":[[[89.60572,25.13144],[89.60548,25.12964],[89.60568,25.12963],[89.60566,25.12873],[89.60546,25.12873],[89.60545,25.12819],[89.60525,25.1282],[89.60523,25.12711],[89.60483,25.12694],[89.60482,25.12676],[89.60463,25.12676],[89.60463,25.12694],[89.60443,25.12695],[89.60445,25.12767],[89.60425,25.12767],[89.60446,25.12839],[89.60426,25.12839],[89.6043,25.13002],[89.6041,25.13002],[89.60411,25.13056],[89.60451,25.13074],[89.60452,25.13092],[89.60471,25.13091],[89.60472,25.13109],[89.60531,25.13108],[89.60532,25.13144],[89.60572,25.13144]]]}},{"type":"Feature","properties":{"kind":"land","ha":194.4},"geometry":{"type":"Polygon","coordinates":[[[89.69017,25.14888],[89.69016,25.1487],[89.69036,25.14869],[89.69054,25.14797],[89.69094,25.14778],[89.69112,25.14706],[89.69132,25.14705],[89.69131,25.14669],[89.69151,25.14669],[89.69149,25.14597],[89.69169,25.14596],[89.69168,25.14542],[89.69188,25.14542],[89.69187,25.14506],[89.69207,25.14505],[89.69205,25.14415],[89.69224,25.14415],[89.69223,25.14361],[89.69262,25.14342],[89.6926,25.14252],[89.6928,25.14251],[89.6928,25.14215],[89.69299,25.14215],[89.69298,25.14161],[89.69318,25.1416],[89.69316,25.1407],[89.69336,25.1407],[89.69333,25.13962],[89.69373,25.13961],[89.69372,25.13907],[89.69332,25.13907],[89.69332,25.13889],[89.69312,25.1389],[89.69311,25.13854],[89.69291,25.13854],[89.69291,25.13836],[89.69311,25.13836],[89.6931,25.138],[89.6933,25.13799],[89.69327,25.13655],[89.69347,25.13654],[89.69343,25.13474],[89.69362,25.13474],[89.6936,25.13384],[89.69341,25.13384],[89.69337,25.13221],[89.69357,25.13221],[89.69354,25.13095],[89.69314,25.13078],[89.69311,25.12933],[89.69271,25.12916],[89.69268,25.1279],[89.69248,25.1279],[89.69247,25.12754],[89.69228,25.12754],[89.69227,25.12718],[89.69207,25.12718],[89.69205,25.12646],[89.69186,25.12647],[89.69185,25.12611],[89.69145,25.12593],[89.69144,25.12575],[89.69125,25.12576],[89.69124,25.1254],[89.69084,25.12522],[89.69083,25.12504],[89.69064,25.12505],[89.69063,25.12486],[89.69043,25.12487],[89.69043,25.12469],[89.69023,25.12469],[89.69022,25.12433],[89.68982,25.12416],[89.68982,25.12398],[89.68962,25.12398],[89.68962,25.1238],[89.68942,25.1238],[89.6892,25.12309],[89.68842,25.12328],[89.68841,25.1231],[89.68802,25.12311],[89.68781,25.12275],[89.68761,25.12275],[89.68761,25.12257],[89.68741,25.12258],[89.68741,25.1224],[89.68721,25.1224],[89.6872,25.12222],[89.68681,25.12223],[89.6868,25.12205],[89.68621,25.12206],[89.68624,25.12332],[89.68544,25.12333],[89.68545,25.12351],[89.68525,25.12352],[89.68526,25.12388],[89.68546,25.12388],[89.68548,25.12514],[89.68568,25.12513],[89.68569,25.1255],[89.68589,25.12549],[89.68589,25.12585],[89.68609,25.12585],[89.6861,25.12621],[89.6863,25.12621],[89.68631,25.12657],[89.68651,25.12656],[89.68653,25.12783],[89.68673,25.12782],[89.68674,25.12818],[89.68654,25.12819],[89.68655,25.12855],[89.68675,25.12854],[89.68677,25.12963],[89.68657,25.12963],[89.68659,25.13035],[89.68698,25.13035],[89.687,25.13089],[89.68739,25.13088],[89.6874,25.13124],[89.68661,25.13125],[89.68643,25.13234],[89.68624,25.13234],[89.68625,25.13307],[89.68605,25.13307],[89.68608,25.13415],[89.68588,25.13416],[89.6859,25.13506],[89.6857,25.13506],[89.68572,25.13596],[89.68552,25.13597],[89.68553,25.13633],[89.68533,25.13633],[89.68534,25.13687],[89.68514,25.13688],[89.68515,25.13724],[89.68495,25.13724],[89.68497,25.13796],[89.68477,25.13797],[89.68478,25.13851],[89.68439,25.1387],[89.6844,25.13888],[89.6842,25.13888],[89.68421,25.13924],[89.6846,25.13923],[89.68461,25.13959],[89.68421,25.1396],[89.68422,25.14014],[89.68442,25.14014],[89.68443,25.14032],[89.68423,25.14032],[89.68426,25.14195],[89.68446,25.14194],[89.68447,25.14248],[89.68467,25.14248],[89.68469,25.1432],[89.68489,25.1432],[89.68489,25.14356],[89.68509,25.14356],[89.6851,25.14392],[89.6853,25.14391],[89.6853,25.14409],[89.6851,25.1441],[89.68511,25.14428],[89.68471,25.14428],[89.68471,25.1441],[89.68392,25.14412],[89.68391,25.14394],[89.68371,25.14394],[89.68372,25.14412],[89.68332,25.14413],[89.68333,25.14467],[89.68294,25.14486],[89.68295,25.14522],[89.68255,25.14505],[89.68256,25.14541],[89.68216,25.14559],[89.68217,25.14596],[89.68237,25.14595],[89.68238,25.14631],[89.68258,25.14631],[89.68258,25.14649],[89.68317,25.14648],[89.68317,25.1463],[89.68357,25.14629],[89.68357,25.14647],[89.68436,25.14646],[89.68436,25.1461],[89.68475,25.14591],[89.68474,25.14573],[89.68534,25.14572],[89.68554,25.14607],[89.68574,25.14607],[89.68575,25.14625],[89.68614,25.14624],[89.68615,25.14642],[89.68635,25.14642],[89.68635,25.14678],[89.68655,25.14678],[89.68656,25.14732],[89.68676,25.14732],[89.68677,25.14768],[89.68736,25.14767],[89.68737,25.14785],[89.68796,25.14784],[89.68797,25.14802],[89.68836,25.14801],[89.68857,25.14837],[89.68937,25.14853],[89.68957,25.14889],[89.69017,25.14888]],[[89.68771,25.14531],[89.68791,25.14531],[89.6879,25.14495],[89.6881,25.14495],[89.68811,25.14567],[89.68792,25.14567],[89.68792,25.14603],[89.68753,25.14604],[89.68771,25.14531]],[[89.68762,25.14134],[89.68782,25.14134],[89.68782,25.14116],[89.68821,25.14115],[89.68822,25.14151],[89.68783,25.1417],[89.68762,25.14134]],[[89.68663,25.14118],[89.68683,25.14118],[89.68681,25.14046],[89.68721,25.14045],[89.68741,25.14081],[89.68702,25.14099],[89.68703,25.14154],[89.68663,25.14154],[89.68663,25.14118]],[[89.6856,25.13958],[89.68599,25.13939],[89.68599,25.13921],[89.68619,25.1392],[89.6862,25.13993],[89.68581,25.13993],[89.6856,25.13958]],[[89.68797,25.13935],[89.68837,25.13934],[89.68838,25.13971],[89.68818,25.13971],[89.68797,25.13935]],[[89.68896,25.13915],[89.68916,25.13915],[89.68917,25.13951],[89.68897,25.13951],[89.68896,25.13915]],[[89.69174,25.1391],[89.69193,25.1391],[89.69194,25.13928],[89.69174,25.13928],[89.69174,25.1391]],[[89.69094,25.13876],[89.69034,25.13877],[89.69033,25.13841],[89.69093,25.1384],[89.69093,25.13858],[89.69113,25.13857],[89.69114,25.13893],[89.69094,25.13894],[89.69094,25.13876]],[[89.69092,25.13804],[89.69052,25.13804],[89.69052,25.13768],[89.69091,25.13749],[89.69091,25.13767],[89.69111,25.13767],[89.6911,25.13713],[89.69169,25.13712],[89.69151,25.13784],[89.69131,25.13785],[89.69132,25.13821],[89.69092,25.13822],[89.69092,25.13804]],[[89.68971,25.13715],[89.69011,25.13715],[89.69012,25.13751],[89.68972,25.13752],[89.68971,25.13715]],[[89.68752,25.13683],[89.68772,25.13683],[89.68772,25.13665],[89.68752,25.13665],[89.68751,25.13629],[89.68811,25.13628],[89.68812,25.13682],[89.68792,25.13683],[89.68793,25.13719],[89.68753,25.13719],[89.68752,25.13683]],[[89.68807,25.13448],[89.68866,25.13447],[89.68867,25.13483],[89.68807,25.13484],[89.68807,25.13448]],[[89.68963,25.13355],[89.69003,25.13354],[89.69003,25.13372],[89.69023,25.13372],[89.69023,25.1339],[89.68984,25.1339],[89.68984,25.13408],[89.68964,25.13409],[89.68963,25.13355]],[[89.69162,25.13369],[89.69182,25.13369],[89.69182,25.13405],[89.69163,25.13405],[89.69162,25.13369]],[[89.68825,25.13375],[89.68845,25.13375],[89.68845,25.13393],[89.68825,25.13393],[89.68825,25.13375]],[[89.68824,25.13339],[89.68844,25.13339],[89.68844,25.13357],[89.68824,25.13357],[89.68824,25.13339]],[[89.68979,25.13192],[89.68999,25.13192],[89.69,25.1321],[89.6898,25.1321],[89.68979,25.13192]],[[89.68978,25.1312],[89.68998,25.13119],[89.68998,25.13155],[89.68959,25.13156],[89.68978,25.1312]],[[89.68718,25.13034],[89.68738,25.13034],[89.68739,25.1307],[89.68719,25.1307],[89.68718,25.13034]],[[89.68627,25.12494],[89.68667,25.12494],[89.68668,25.1253],[89.68687,25.12529],[89.68688,25.12547],[89.68668,25.12548],[89.68668,25.12566],[89.68629,25.12567],[89.68627,25.12494]]]}},{"type":"Feature","properties":{"kind":"land","ha":11.8},"geometry":{"type":"Polygon","coordinates":[[[89.62619,25.1244],[89.62621,25.12548],[89.62601,25.12548],[89.62602,25.12602],[89.62583,25.12603],[89.62584,25.12657],[89.62603,25.12657],[89.62605,25.12729],[89.62645,25.12746],[89.62646,25.12782],[89.62626,25.12782],[89.62627,25.12819],[89.62607,25.12819],[89.62608,25.12873],[89.62668,25.12872],[89.62667,25.12836],[89.62687,25.12836],[89.62685,25.12781],[89.62666,25.12782],[89.62665,25.12746],[89.62685,25.12745],[89.62682,25.12619],[89.62702,25.12619],[89.62701,25.12565],[89.6272,25.12564],[89.62719,25.12492],[89.62758,25.12473],[89.62757,25.12437],[89.62797,25.12437],[89.62816,25.124],[89.62836,25.124],[89.62835,25.12346],[89.62874,25.12327],[89.62873,25.12273],[89.62912,25.12254],[89.62909,25.1211],[89.62929,25.12109],[89.62928,25.12055],[89.62947,25.12055],[89.62947,25.12019],[89.62986,25.12],[89.62986,25.11982],[89.62946,25.11983],[89.62945,25.11929],[89.63024,25.11909],[89.63023,25.11873],[89.62963,25.11874],[89.62944,25.1191],[89.62925,25.11911],[89.62925,25.11929],[89.62905,25.11929],[89.62906,25.11947],[89.62866,25.11948],[89.62866,25.11966],[89.62846,25.11966],[89.62847,25.11984],[89.62906,25.11983],[89.62907,25.12019],[89.62848,25.1202],[89.62847,25.12002],[89.62827,25.12003],[89.6283,25.12111],[89.6279,25.1213],[89.62791,25.12166],[89.62771,25.12166],[89.62773,25.1222],[89.62733,25.12221],[89.62733,25.12239],[89.62714,25.12239],[89.62714,25.12257],[89.62734,25.12257],[89.62735,25.12329],[89.62696,25.12348],[89.62696,25.12366],[89.62657,25.12367],[89.62638,25.12403],[89.62618,25.12404],[89.62638,25.12439],[89.62619,25.1244]],[[89.62658,25.12439],[89.62659,25.12475],[89.62639,25.12475],[89.62638,25.12439],[89.62658,25.12439]]]}},{"type":"Feature","properties":{"kind":"land","ha":4.3},"geometry":{"type":"Polygon","coordinates":[[[89.71016,25.12018],[89.71013,25.11909],[89.70993,25.1191],[89.70991,25.1182],[89.70972,25.1182],[89.7097,25.11766],[89.70951,25.11766],[89.70949,25.11694],[89.70929,25.11694],[89.70925,25.11514],[89.70905,25.11514],[89.70906,25.1155],[89.70867,25.11569],[89.70867,25.11587],[89.70847,25.11588],[89.70848,25.11606],[89.70828,25.11606],[89.70828,25.11588],[89.70788,25.11589],[89.70788,25.11571],[89.70748,25.11571],[89.70748,25.11589],[89.70788,25.11607],[89.70789,25.11625],[89.70809,25.11624],[89.70809,25.1166],[89.70829,25.1166],[89.7083,25.11714],[89.7085,25.11714],[89.70851,25.1175],[89.70871,25.1175],[89.70872,25.11786],[89.70891,25.11785],[89.70892,25.11821],[89.70912,25.11821],[89.70913,25.11857],[89.70933,25.11857],[89.70933,25.11893],[89.70953,25.11892],[89.70955,25.11965],[89.70995,25.11982],[89.70996,25.12018],[89.71016,25.12018]]]}},{"type":"Feature","properties":{"kind":"land","ha":6.8},"geometry":{"type":"Polygon","coordinates":[[[89.67783,25.11968],[89.67782,25.11932],[89.67743,25.11933],[89.67742,25.11915],[89.67722,25.11915],[89.67722,25.11879],[89.67761,25.1186],[89.6776,25.11842],[89.678,25.1186],[89.67801,25.11878],[89.67821,25.11877],[89.67802,25.11914],[89.67841,25.11913],[89.6784,25.11841],[89.6782,25.11841],[89.67819,25.11805],[89.67839,25.11805],[89.67838,25.11751],[89.67818,25.11751],[89.67816,25.11679],[89.67797,25.11679],[89.67795,25.11625],[89.67776,25.11625],[89.67774,25.11571],[89.67734,25.11554],[89.67734,25.11536],[89.67714,25.11536],[89.67714,25.11518],[89.67694,25.11519],[89.67693,25.11501],[89.67674,25.11501],[89.67673,25.11483],[89.67653,25.11483],[89.67653,25.11465],[89.67633,25.11466],[89.67633,25.11447],[89.67613,25.11448],[89.67613,25.1143],[89.67514,25.11432],[89.67514,25.1145],[89.67554,25.11449],[89.67554,25.11467],[89.67574,25.11467],[89.67575,25.11503],[89.67594,25.11502],[89.67596,25.11556],[89.67636,25.11574],[89.67636,25.1161],[89.67676,25.11627],[89.67698,25.11699],[89.67718,25.11699],[89.67718,25.11735],[89.67679,25.11735],[89.6768,25.11772],[89.67699,25.11771],[89.677,25.11789],[89.6768,25.1179],[89.67681,25.11826],[89.67661,25.11826],[89.67662,25.1188],[89.67682,25.1188],[89.67683,25.11934],[89.67703,25.11934],[89.67703,25.11952],[89.67763,25.11951],[89.67763,25.11969],[89.67783,25.11968]]]}},{"type":"Feature","properties":{"kind":"land","ha":3.6},"geometry":{"type":"Polygon","coordinates":[[[89.66898,25.11389],[89.66897,25.11334],[89.66877,25.11335],[89.66876,25.11299],[89.66836,25.11281],[89.66836,25.11263],[89.66816,25.11264],[89.66815,25.11191],[89.66774,25.11174],[89.66774,25.11156],[89.66754,25.11156],[89.66754,25.11138],[89.66734,25.11139],[89.66734,25.11121],[89.66714,25.11121],[89.66713,25.11103],[89.66634,25.11104],[89.66636,25.11177],[89.66656,25.11176],[89.66656,25.11212],[89.66676,25.11212],[89.66677,25.11248],[89.66697,25.11248],[89.66698,25.11284],[89.66738,25.11301],[89.66738,25.11319],[89.66817,25.11318],[89.66818,25.11372],[89.66858,25.11371],[89.66858,25.11389],[89.66898,25.11389]]]}},{"type":"Feature","properties":{"kind":"land","ha":17.1},"geometry":{"type":"Polygon","coordinates":[[[89.59336,25.11884],[89.59333,25.11758],[89.59353,25.11757],[89.59352,25.11739],[89.59392,25.11738],[89.59392,25.1172],[89.59372,25.11721],[89.5937,25.11649],[89.5935,25.11649],[89.59369,25.11612],[89.5933,25.11613],[89.59329,25.11595],[89.5931,25.11595],[89.59309,25.11541],[89.59348,25.11523],[89.59346,25.1145],[89.59307,25.11469],[89.59307,25.11487],[89.59268,25.11488],[89.59267,25.11452],[89.59247,25.11452],[89.59245,25.11362],[89.59225,25.11362],[89.59224,25.1129],[89.59244,25.1129],[89.59243,25.11254],[89.59203,25.11236],[89.59203,25.11218],[89.59183,25.11219],[89.59183,25.11237],[89.59124,25.11238],[89.59123,25.11202],[89.59103,25.11202],[89.59121,25.11093],[89.59101,25.11094],[89.59099,25.11004],[89.59059,25.10986],[89.59055,25.10806],[89.59016,25.10824],[89.59016,25.10843],[89.58996,25.10843],[89.58996,25.10825],[89.58976,25.10825],[89.58975,25.10789],[89.58956,25.10789],[89.58959,25.10934],[89.58978,25.10933],[89.5898,25.11006],[89.59,25.11005],[89.59,25.11023],[89.58961,25.11042],[89.58961,25.1106],[89.59001,25.11077],[89.59002,25.11095],[89.59022,25.11095],[89.59006,25.11276],[89.59025,25.11276],[89.59027,25.11366],[89.59047,25.11365],[89.59048,25.11402],[89.59068,25.11401],[89.59068,25.11419],[89.59088,25.11419],[89.59109,25.11491],[89.59149,25.1149],[89.5915,25.11526],[89.59169,25.11526],[89.59171,25.11598],[89.59191,25.11598],[89.59193,25.11724],[89.59174,25.11724],[89.59175,25.11778],[89.59195,25.11778],[89.59196,25.11832],[89.59216,25.11832],[89.59216,25.11868],[89.59236,25.11868],[89.59236,25.11886],[89.59336,25.11884]],[[89.59254,25.11777],[89.59274,25.11777],[89.59274,25.11795],[89.59294,25.11794],[89.59295,25.1183],[89.59255,25.11831],[89.59254,25.11777]]]}},{"type":"Feature","properties":{"kind":"land","ha":25.2},"geometry":{"type":"Polygon","coordinates":[[[89.70766,25.11499],[89.70746,25.11463],[89.70765,25.11463],[89.70765,25.11445],[89.70745,25.11445],[89.70745,25.11427],[89.70784,25.11426],[89.70803,25.1139],[89.70843,25.11389],[89.70843,25.11371],[89.70862,25.11371],[89.70861,25.11317],[89.70841,25.11317],[89.70841,25.11281],[89.70821,25.11281],[89.7082,25.11227],[89.708,25.11227],[89.70798,25.11155],[89.70778,25.11156],[89.70777,25.11084],[89.70757,25.11084],[89.70756,25.11048],[89.70736,25.11048],[89.70736,25.1103],[89.70697,25.11049],[89.70676,25.11013],[89.70656,25.11014],[89.70675,25.10977],[89.70715,25.10976],[89.70714,25.1094],[89.70674,25.10923],[89.70653,25.10851],[89.70633,25.10852],[89.70631,25.10761],[89.70611,25.10762],[89.70611,25.10744],[89.70551,25.10745],[89.70531,25.10709],[89.70511,25.10709],[89.70529,25.10637],[89.70549,25.10636],[89.70528,25.10565],[89.70488,25.10565],[89.70489,25.10619],[89.70449,25.1062],[89.70447,25.10494],[89.70487,25.10511],[89.70487,25.10529],[89.70507,25.10529],[89.70506,25.10493],[89.70486,25.10493],[89.70485,25.10439],[89.70465,25.10439],[89.70464,25.10385],[89.70424,25.10368],[89.70423,25.10332],[89.70384,25.10351],[89.70385,25.10387],[89.70345,25.10387],[89.70345,25.10369],[89.70325,25.1037],[89.70324,25.10316],[89.70344,25.10315],[89.70343,25.10297],[89.70383,25.10297],[89.70361,25.10225],[89.70342,25.10225],[89.70342,25.10261],[89.70303,25.10262],[89.70282,25.10226],[89.70243,25.10227],[89.70245,25.10317],[89.70264,25.10317],[89.70266,25.10371],[89.70285,25.10371],[89.70287,25.10425],[89.70306,25.10424],[89.70308,25.10514],[89.70328,25.10514],[89.70329,25.10568],[89.70349,25.10568],[89.7035,25.10622],[89.7037,25.10622],[89.70371,25.10676],[89.70391,25.10675],[89.70392,25.1073],[89.70412,25.10729],[89.70413,25.10783],[89.70433,25.10783],[89.70436,25.10891],[89.70455,25.10891],[89.70457,25.10945],[89.70476,25.10945],[89.70478,25.10999],[89.70497,25.10998],[89.70498,25.11034],[89.70518,25.11034],[89.70541,25.11178],[89.70561,25.11178],[89.70562,25.11214],[89.70581,25.11213],[89.70604,25.11321],[89.70624,25.11321],[89.70625,25.11375],[89.70645,25.11375],[89.70645,25.11411],[89.70665,25.1141],[89.70666,25.11465],[89.70706,25.11482],[89.70707,25.115],[89.70727,25.115],[89.70727,25.11518],[89.70766,25.11499]],[[89.70658,25.11086],[89.70678,25.11085],[89.70678,25.11103],[89.70658,25.11104],[89.70658,25.11086]]]}},{"type":"Feature","properties":{"kind":"land","ha":3.7},"geometry":{"type":"Polygon","coordinates":[[[89.61327,25.10441],[89.61327,25.10423],[89.61307,25.10423],[89.61306,25.10369],[89.61345,25.1035],[89.61345,25.10332],[89.61364,25.10332],[89.61363,25.1026],[89.61323,25.10242],[89.61322,25.10224],[89.61283,25.10225],[89.61282,25.10207],[89.61203,25.10208],[89.61202,25.10154],[89.61162,25.10155],[89.61162,25.10137],[89.61142,25.10137],[89.61146,25.10318],[89.61166,25.10317],[89.61165,25.10299],[89.61205,25.10299],[89.61206,25.10317],[89.61245,25.10316],[89.61247,25.10388],[89.61227,25.10389],[89.61227,25.10407],[89.61267,25.10406],[89.61287,25.10442],[89.61327,25.10441]]]}},{"type":"Feature","properties":{"kind":"land","ha":34.7},"geometry":{"type":"Polygon","coordinates":[[[89.60049,25.11889],[89.60027,25.11781],[89.60185,25.11761],[89.60186,25.11779],[89.60225,25.11778],[89.60225,25.1176],[89.60265,25.11759],[89.60264,25.11723],[89.60244,25.11723],[89.60243,25.11651],[89.60223,25.11652],[89.60222,25.11616],[89.60202,25.11616],[89.60201,25.1158],[89.60182,25.1158],[89.60179,25.11454],[89.60159,25.11454],[89.60158,25.11382],[89.60138,25.11382],[89.60136,25.11292],[89.60116,25.11293],[89.60115,25.1122],[89.60095,25.11221],[89.60094,25.11185],[89.60074,25.11185],[89.60073,25.11149],[89.60054,25.11149],[89.60052,25.11095],[89.60033,25.11095],[89.60032,25.11059],[89.60012,25.1106],[89.6001,25.10988],[89.59991,25.10988],[89.59989,25.10898],[89.59969,25.10898],[89.59968,25.10844],[89.59948,25.10844],[89.59946,25.10772],[89.59927,25.10772],[89.59924,25.10664],[89.59905,25.10665],[89.59903,25.10574],[89.59883,25.10575],[89.59879,25.10394],[89.59859,25.10395],[89.59855,25.10214],[89.59836,25.10214],[89.59833,25.10088],[89.59813,25.10089],[89.59812,25.10034],[89.59792,25.10035],[89.59794,25.10143],[89.59814,25.10143],[89.59816,25.10251],[89.59797,25.10251],[89.59802,25.10504],[89.59822,25.10504],[89.59823,25.10558],[89.59803,25.10558],[89.59813,25.11027],[89.59833,25.11027],[89.59838,25.11279],[89.59858,25.11279],[89.59862,25.11459],[89.59882,25.11459],[89.59883,25.11531],[89.59903,25.11531],[89.59908,25.11765],[89.59928,25.11765],[89.59929,25.11837],[89.59949,25.11837],[89.5995,25.11855],[89.59989,25.11854],[89.5999,25.1189],[89.6001,25.1189],[89.6001,25.11908],[89.60049,25.11889]]]}},{"type":"Feature","properties":{"kind":"land","ha":12.8},"geometry":{"type":"Polygon","coordinates":[[[89.65906,25.10414],[89.65905,25.10378],[89.65885,25.10378],[89.65884,25.10342],[89.65844,25.10325],[89.65844,25.10306],[89.65784,25.10308],[89.65784,25.10271],[89.65823,25.10253],[89.65822,25.10235],[89.65842,25.10234],[89.65842,25.10216],[89.65862,25.10216],[89.65861,25.1018],[89.65782,25.10181],[89.65781,25.10163],[89.65722,25.10164],[89.65721,25.10146],[89.65662,25.10147],[89.65641,25.10112],[89.65562,25.10095],[89.65561,25.10077],[89.65522,25.10078],[89.65521,25.1006],[89.65482,25.1006],[89.65481,25.10042],[89.65442,25.10043],[89.65441,25.10025],[89.65402,25.10026],[89.65401,25.10008],[89.65362,25.10008],[89.65361,25.0999],[89.65202,25.09975],[89.65202,25.09957],[89.65162,25.09958],[89.65162,25.0994],[89.65142,25.0994],[89.65143,25.09976],[89.65183,25.09993],[89.65184,25.1003],[89.65204,25.10029],[89.65205,25.10101],[89.65225,25.10101],[89.65225,25.10119],[89.65265,25.10118],[89.65285,25.10154],[89.65325,25.10153],[89.65346,25.10189],[89.65425,25.10206],[89.65426,25.10224],[89.65465,25.10223],[89.65466,25.10241],[89.65525,25.1024],[89.65546,25.10276],[89.65605,25.10275],[89.65606,25.10293],[89.65665,25.10292],[89.65665,25.1031],[89.65705,25.10309],[89.65705,25.10327],[89.65765,25.10326],[89.65765,25.10344],[89.65805,25.10343],[89.65826,25.10379],[89.65865,25.10378],[89.65866,25.10396],[89.65885,25.10396],[89.65886,25.10414],[89.65906,25.10414]]]}},{"type":"Feature","properties":{"kind":"land","ha":3.2},"geometry":{"type":"Polygon","coordinates":[[[89.64569,25.1004],[89.64568,25.09986],[89.64548,25.09987],[89.64548,25.09951],[89.64528,25.09951],[89.64527,25.09933],[89.64508,25.09933],[89.64507,25.09897],[89.64467,25.0988],[89.64466,25.09844],[89.64426,25.09826],[89.64426,25.09808],[89.64406,25.09809],[89.64405,25.09791],[89.64386,25.09791],[89.64385,25.09773],[89.64365,25.09773],[89.64365,25.09755],[89.64345,25.09756],[89.64345,25.09738],[89.64305,25.09738],[89.64304,25.09702],[89.64264,25.09685],[89.64264,25.09667],[89.64224,25.09668],[89.64204,25.09632],[89.64184,25.09632],[89.64184,25.09614],[89.64164,25.09615],[89.64163,25.09596],[89.64144,25.09597],[89.64143,25.09579],[89.64123,25.09579],[89.64123,25.09561],[89.64103,25.09561],[89.64103,25.09543],[89.64083,25.09544],[89.64104,25.09616],[89.64144,25.09633],[89.64145,25.09651],[89.64165,25.09651],[89.64165,25.09669],[89.64185,25.09668],[89.64185,25.09686],[89.64205,25.09686],[89.64205,25.09704],[89.64225,25.09704],[89.64226,25.09722],[89.64245,25.09721],[89.64246,25.09739],[89.64266,25.09739],[89.64266,25.09757],[89.64286,25.09757],[89.64286,25.09775],[89.64306,25.09774],[89.64306,25.09792],[89.64326,25.09792],[89.64327,25.0981],[89.64346,25.0981],[89.64347,25.09828],[89.64367,25.09828],[89.64367,25.09846],[89.64387,25.09845],[89.64387,25.09863],[89.64407,25.09863],[89.64407,25.09881],[89.64427,25.09881],[89.64428,25.09899],[89.64447,25.09898],[89.64448,25.09916],[89.64468,25.09916],[89.64468,25.09934],[89.64488,25.09934],[89.64488,25.09952],[89.64508,25.09951],[89.64509,25.09987],[89.64549,25.10005],[89.6455,25.10041],[89.64569,25.1004]]]}},{"type":"Feature","properties":{"kind":"land","ha":6.4},"geometry":{"type":"Polygon","coordinates":[[[89.69654,25.09606],[89.69654,25.09588],[89.69674,25.09588],[89.69673,25.09551],[89.69693,25.09551],[89.69686,25.09262],[89.69647,25.09263],[89.69647,25.09281],[89.69627,25.09282],[89.69607,25.09246],[89.69587,25.09246],[89.69586,25.09228],[89.69547,25.09229],[89.69547,25.09247],[89.69468,25.09248],[89.69469,25.09284],[89.69509,25.09302],[89.69509,25.0932],[89.69529,25.09319],[89.69533,25.09518],[89.69553,25.09518],[89.69555,25.09608],[89.69575,25.09607],[89.69575,25.09625],[89.69654,25.09606]]]}},{"type":"Feature","properties":{"kind":"land","ha":3.6},"geometry":{"type":"Polygon","coordinates":[[[89.67525,25.09211],[89.67524,25.09157],[89.67484,25.0914],[89.67482,25.09068],[89.67402,25.09051],[89.67402,25.09033],[89.67362,25.09034],[89.67362,25.09016],[89.67322,25.09016],[89.67322,25.08998],[89.67282,25.08999],[89.67282,25.08981],[89.67203,25.08982],[89.67202,25.08964],[89.67163,25.08965],[89.67162,25.08947],[89.67123,25.08948],[89.67122,25.0893],[89.67043,25.08931],[89.67043,25.08949],[89.67083,25.08949],[89.67104,25.08984],[89.67123,25.08984],[89.67124,25.09002],[89.67183,25.09001],[89.67204,25.09037],[89.67283,25.09053],[89.67284,25.09071],[89.67323,25.09071],[89.67344,25.09106],[89.67384,25.09106],[89.67404,25.09141],[89.67424,25.09141],[89.67424,25.09159],[89.67444,25.09159],[89.67445,25.09177],[89.67464,25.09176],[89.67465,25.09194],[89.67485,25.09194],[89.67485,25.09212],[89.67525,25.09211]]]}},{"type":"Feature","properties":{"kind":"land","ha":3.0},"geometry":{"type":"Polygon","coordinates":[[[89.67006,25.09076],[89.67005,25.09022],[89.66965,25.09005],[89.66965,25.08987],[89.66945,25.08987],[89.66945,25.08969],[89.66925,25.08969],[89.66924,25.08951],[89.66905,25.08952],[89.66903,25.08898],[89.66765,25.089],[89.66766,25.08972],[89.66786,25.08972],[89.66787,25.09026],[89.66827,25.09025],[89.66827,25.09043],[89.66887,25.09042],[89.66887,25.0906],[89.66927,25.0906],[89.66927,25.09078],[89.67006,25.09076]]]}},{"type":"Feature","properties":{"kind":"land","ha":6.8},"geometry":{"type":"Polygon","coordinates":[[[89.68675,25.09227],[89.68674,25.09191],[89.68694,25.0919],[89.68692,25.09136],[89.68712,25.09136],[89.68686,25.08847],[89.68646,25.0883],[89.68645,25.08794],[89.68626,25.08794],[89.68625,25.08776],[89.68605,25.08777],[89.68607,25.08831],[89.68507,25.08833],[89.68509,25.08923],[89.68529,25.08922],[89.68532,25.09031],[89.68551,25.0903],[89.68553,25.09121],[89.68573,25.0912],[89.68574,25.09174],[89.68614,25.09192],[89.68615,25.09228],[89.68675,25.09227]]]}},{"type":"Feature","properties":{"kind":"land","ha":42.9},"geometry":{"type":"Polygon","coordinates":[[[89.67894,25.098],[89.67894,25.09764],[89.67874,25.09765],[89.67872,25.09674],[89.67852,25.09675],[89.67851,25.09639],[89.67831,25.09639],[89.6783,25.09585],[89.6787,25.09584],[89.67869,25.09548],[89.6779,25.09549],[89.67769,25.09514],[89.6773,25.09514],[89.67709,25.09479],[89.67689,25.09479],[89.67689,25.09461],[89.67669,25.09461],[89.67668,25.09443],[89.67649,25.09444],[89.67648,25.09426],[89.67589,25.09427],[89.67588,25.09409],[89.67549,25.09409],[89.67548,25.09391],[89.67509,25.09392],[89.67487,25.0932],[89.67448,25.09321],[89.67427,25.09285],[89.67407,25.09286],[89.67407,25.0925],[89.67327,25.09233],[89.67306,25.09197],[89.67267,25.09198],[89.67266,25.0918],[89.67227,25.09181],[89.67206,25.09145],[89.67167,25.09146],[89.67146,25.0911],[89.67126,25.0911],[89.67126,25.09092],[89.67066,25.09093],[89.67047,25.0913],[89.66928,25.09132],[89.66909,25.09168],[89.6687,25.09169],[89.6687,25.09187],[89.6685,25.09187],[89.6685,25.09169],[89.6681,25.0917],[89.6681,25.09152],[89.6677,25.09153],[89.6677,25.09135],[89.6673,25.09135],[89.6673,25.09117],[89.6669,25.09118],[89.6669,25.091],[89.6663,25.09101],[89.6663,25.09083],[89.6661,25.09083],[89.66609,25.09047],[89.6659,25.09048],[89.66589,25.09012],[89.66549,25.08994],[89.66548,25.08976],[89.66529,25.08977],[89.66528,25.08959],[89.66508,25.08959],[89.66508,25.08941],[89.66488,25.08941],[89.66488,25.08923],[89.66428,25.08924],[89.66408,25.08888],[89.66388,25.08889],[89.66387,25.08853],[89.66347,25.08835],[89.66347,25.08817],[89.66228,25.0882],[89.6623,25.0891],[89.66289,25.08909],[89.66308,25.08872],[89.66328,25.08872],[89.66349,25.08908],[89.66388,25.08907],[89.66409,25.08943],[89.66429,25.08942],[89.66429,25.0896],[89.66449,25.0896],[89.66449,25.08978],[89.66469,25.08978],[89.66491,25.09049],[89.6651,25.09049],[89.66511,25.09085],[89.66551,25.09103],[89.66552,25.09121],[89.66571,25.0912],[89.66572,25.09138],[89.66592,25.09138],[89.66592,25.09156],[89.66612,25.09156],[89.66612,25.09174],[89.66652,25.09173],[89.66652,25.09191],[89.66672,25.09191],[89.66673,25.09227],[89.66713,25.09244],[89.66713,25.09262],[89.66733,25.09262],[89.66733,25.0928],[89.66753,25.09279],[89.66754,25.09297],[89.66773,25.09297],[89.66774,25.09315],[89.66794,25.09315],[89.66794,25.09333],[89.66874,25.09349],[89.66874,25.09385],[89.66954,25.09402],[89.66975,25.09438],[89.66994,25.09437],[89.66995,25.09456],[89.67015,25.09455],[89.67015,25.09473],[89.67095,25.0949],[89.67095,25.09508],[89.67135,25.09507],[89.67135,25.09525],[89.67175,25.09524],[89.67175,25.09543],[89.67215,25.09542],[89.67215,25.0956],[89.67275,25.09559],[89.67275,25.09577],[89.67315,25.09576],[89.67315,25.09594],[89.67355,25.09593],[89.67355,25.09611],[89.67395,25.09611],[89.67395,25.09629],[89.67435,25.09628],[89.67455,25.09664],[89.67495,25.09663],[89.67495,25.09681],[89.67555,25.0968],[89.67575,25.09716],[89.67595,25.09715],[89.67596,25.09733],[89.67635,25.09733],[89.67636,25.09751],[89.67735,25.09749],[89.67735,25.09767],[89.67794,25.09766],[89.67795,25.09784],[89.67834,25.09783],[89.67835,25.09801],[89.67894,25.098]],[[89.67512,25.09536],[89.67492,25.09537],[89.67491,25.09501],[89.67531,25.095],[89.67532,25.09554],[89.67512,25.09554],[89.67512,25.09536]]]}},{"type":"Feature","properties":{"kind":"land","ha":3.4},"geometry":{"type":"Polygon","coordinates":[[[89.59041,25.09181],[89.59037,25.09001],[89.59017,25.09001],[89.58996,25.0893],[89.58956,25.08912],[89.58955,25.08894],[89.58936,25.08895],[89.58935,25.08876],[89.58896,25.08877],[89.58895,25.08859],[89.58856,25.0886],[89.58855,25.08842],[89.58835,25.08842],[89.58837,25.08914],[89.58857,25.08914],[89.58857,25.0895],[89.58877,25.0895],[89.58878,25.08968],[89.58897,25.08967],[89.58919,25.09039],[89.58939,25.09039],[89.58939,25.09075],[89.58959,25.09075],[89.5896,25.09129],[89.59,25.09146],[89.59001,25.09164],[89.5902,25.09164],[89.59021,25.09182],[89.59041,25.09181]]]}},{"type":"Feature","properties":{"kind":"land","ha":11.5},"geometry":{"type":"Polygon","coordinates":[[[89.59542,25.09443],[89.59541,25.09425],[89.59522,25.09426],[89.59521,25.0939],[89.59501,25.0939],[89.59499,25.09318],[89.59459,25.09301],[89.59459,25.09282],[89.59439,25.09283],[89.59418,25.09211],[89.59378,25.09194],[89.59377,25.09158],[89.59357,25.09158],[89.59357,25.0914],[89.59317,25.09141],[89.59316,25.09068],[89.59356,25.09086],[89.59354,25.09014],[89.59334,25.09014],[89.59333,25.0896],[89.59314,25.0896],[89.59313,25.08924],[89.59293,25.08924],[89.59311,25.08852],[89.59291,25.08852],[89.5929,25.08798],[89.59251,25.08799],[89.59253,25.08907],[89.59214,25.08926],[89.59214,25.08944],[89.59194,25.08944],[89.59195,25.08998],[89.59176,25.08999],[89.59176,25.09035],[89.59137,25.09053],[89.59141,25.09216],[89.59121,25.09216],[89.59121,25.09234],[89.59081,25.09235],[89.59062,25.09271],[89.59102,25.09289],[89.59103,25.09307],[89.59123,25.09306],[89.59123,25.09342],[89.59143,25.09342],[89.59144,25.09396],[89.59164,25.09396],[89.59183,25.09359],[89.59203,25.09359],[89.59201,25.09269],[89.59261,25.09268],[89.59282,25.0934],[89.59321,25.09339],[89.59341,25.09303],[89.5936,25.09302],[89.5936,25.09284],[89.5938,25.09284],[89.59379,25.09266],[89.59399,25.09265],[89.594,25.09284],[89.59419,25.09283],[89.59422,25.09391],[89.59442,25.09391],[89.59442,25.09409],[89.59482,25.09408],[89.59502,25.09444],[89.59542,25.09443]],[[89.59274,25.08961],[89.59294,25.0896],[89.59294,25.08978],[89.59274,25.08979],[89.59274,25.08961]]]}},{"type":"Feature","properties":{"kind":"land","ha":5.0},"geometry":{"type":"Polygon","coordinates":[[[89.70429,25.0878],[89.70428,25.08744],[89.70467,25.08725],[89.70466,25.08671],[89.70486,25.0867],[89.70485,25.08616],[89.70504,25.08616],[89.70483,25.08544],[89.70443,25.08527],[89.70442,25.08473],[89.70422,25.08473],[89.7042,25.08401],[89.70401,25.08401],[89.70401,25.08419],[89.70342,25.0842],[89.70363,25.08492],[89.70343,25.08492],[89.70344,25.08528],[89.70324,25.08529],[89.70325,25.08583],[89.70306,25.08583],[89.70307,25.08655],[89.70327,25.08655],[89.70328,25.08691],[89.70348,25.08691],[89.70349,25.08745],[89.70369,25.08745],[89.70369,25.08781],[89.70429,25.0878]]]}},{"type":"Feature","properties":{"kind":"land","ha":7.4},"geometry":{"type":"Polygon","coordinates":[[[89.5979,25.08988],[89.59789,25.08934],[89.59828,25.08915],[89.59828,25.08897],[89.59867,25.08896],[89.59868,25.08914],[89.59887,25.08914],[89.59888,25.0895],[89.59948,25.08949],[89.59927,25.08913],[89.59907,25.08914],[89.59907,25.08896],[89.59946,25.08877],[89.59945,25.08823],[89.59885,25.08824],[89.59866,25.0886],[89.59847,25.08861],[89.59847,25.08879],[89.59807,25.08879],[89.59787,25.08844],[89.59767,25.08844],[89.59767,25.08826],[89.59786,25.08825],[89.59786,25.08807],[89.59826,25.08807],[89.59825,25.08789],[89.59885,25.08788],[89.59884,25.0877],[89.59924,25.08769],[89.59943,25.08732],[89.60002,25.08731],[89.60003,25.08749],[89.60122,25.08747],[89.60121,25.08729],[89.60161,25.08729],[89.60161,25.08711],[89.602,25.0871],[89.60201,25.08728],[89.60438,25.08724],[89.60438,25.08706],[89.60478,25.08705],[89.60477,25.08687],[89.60497,25.08687],[89.60497,25.08669],[89.60418,25.08688],[89.60418,25.08706],[89.60398,25.08706],[89.60398,25.08688],[89.60338,25.08689],[89.60339,25.08707],[89.60299,25.08708],[89.60299,25.0869],[89.60239,25.08691],[89.60239,25.08673],[89.6018,25.08674],[89.6018,25.08692],[89.6014,25.08693],[89.60141,25.08711],[89.60101,25.08712],[89.60081,25.08676],[89.60041,25.08677],[89.60041,25.08659],[89.59922,25.08679],[89.59922,25.08661],[89.59902,25.08661],[89.59903,25.08715],[89.59864,25.08734],[89.59864,25.08752],[89.59785,25.08753],[89.59783,25.08645],[89.59743,25.08628],[89.59742,25.0861],[89.59722,25.0861],[89.59722,25.08592],[89.59702,25.08592],[89.59703,25.08628],[89.59743,25.08646],[89.59744,25.08682],[89.59764,25.08681],[89.59765,25.08736],[89.59685,25.08737],[89.59688,25.08881],[89.59728,25.08899],[89.59729,25.08917],[89.59749,25.08916],[89.5977,25.08988],[89.5979,25.08988]]]}},{"type":"Feature","properties":{"kind":"land","ha":5.4},"geometry":{"type":"Polygon","coordinates":[[[89.69398,25.0878],[89.69398,25.08762],[89.69418,25.08762],[89.69417,25.08726],[89.69377,25.08727],[89.69357,25.08691],[89.69198,25.08676],[89.69197,25.08658],[89.69158,25.08658],[89.69157,25.0864],[89.69137,25.08641],[89.69137,25.08623],[89.69097,25.08623],[89.69077,25.08588],[89.68958,25.08572],[89.68937,25.08536],[89.68878,25.08537],[89.68877,25.08519],[89.68838,25.0852],[89.68837,25.08502],[89.68798,25.08502],[89.68797,25.08484],[89.68758,25.08485],[89.68757,25.08467],[89.68698,25.08468],[89.68697,25.0845],[89.68658,25.08451],[89.68657,25.08433],[89.68618,25.08433],[89.68617,25.08415],[89.68578,25.08416],[89.68598,25.08452],[89.68678,25.08468],[89.68678,25.08487],[89.68718,25.08486],[89.68718,25.08504],[89.68758,25.08503],[89.68758,25.08521],[89.68798,25.0852],[89.68819,25.08556],[89.68858,25.08555],[89.68859,25.08574],[89.68878,25.08573],[89.68879,25.08591],[89.68918,25.0859],[89.68939,25.08626],[89.68979,25.08625],[89.68979,25.08644],[89.69038,25.08642],[89.69039,25.0866],[89.69078,25.0866],[89.69099,25.08695],[89.69119,25.08695],[89.69119,25.08713],[89.69139,25.08713],[89.69139,25.08731],[89.69179,25.0873],[89.69179,25.08748],[89.69199,25.08748],[89.69199,25.0873],[89.69219,25.08729],[89.69219,25.08747],[89.69259,25.08747],[89.69279,25.08782],[89.69398,25.0878]]]}},{"type":"Feature","properties":{"kind":"land","ha":16.4},"geometry":{"type":"Polygon","coordinates":[[[89.60516,25.08668],[89.60516,25.0865],[89.60655,25.08648],[89.60654,25.0863],[89.60694,25.08629],[89.60713,25.08593],[89.60733,25.08592],[89.60732,25.08574],[89.60752,25.08574],[89.60752,25.08556],[89.60871,25.08554],[89.6087,25.085],[89.6085,25.085],[89.60847,25.08374],[89.60827,25.08374],[89.60827,25.08338],[89.60807,25.08338],[89.60806,25.08284],[89.60786,25.08284],[89.60785,25.08248],[89.60765,25.08249],[89.60764,25.08213],[89.60745,25.08213],[89.60744,25.08177],[89.60724,25.08177],[89.60723,25.08141],[89.60703,25.08142],[89.60704,25.0816],[89.60664,25.0816],[89.60644,25.08125],[89.60624,25.08125],[89.60623,25.08089],[89.60583,25.08071],[89.60583,25.08053],[89.60543,25.08054],[89.60524,25.08091],[89.60504,25.08091],[89.60526,25.08199],[89.60566,25.08216],[89.60567,25.08234],[89.60586,25.08234],[89.60588,25.08288],[89.60509,25.08307],[89.60511,25.08398],[89.60491,25.08398],[89.60492,25.0847],[89.60473,25.0847],[89.60473,25.08507],[89.60454,25.08507],[89.60455,25.08561],[89.60474,25.08561],[89.60475,25.08597],[89.60495,25.08596],[89.60497,25.08669],[89.60516,25.08668]],[[89.60612,25.08522],[89.60672,25.08521],[89.60672,25.08539],[89.60692,25.08539],[89.60693,25.08575],[89.60673,25.08575],[89.60673,25.08593],[89.60614,25.08594],[89.60612,25.08522]],[[89.6079,25.08483],[89.6083,25.08482],[89.6083,25.085],[89.6079,25.08501],[89.6079,25.08483]]]}},{"type":"Feature","properties":{"kind":"land","ha":3.2},"geometry":{"type":"Polygon","coordinates":[[[89.60989,25.08534],[89.60987,25.08443],[89.60968,25.08444],[89.60966,25.0839],[89.60947,25.0839],[89.60963,25.08245],[89.60943,25.08246],[89.60942,25.08155],[89.60922,25.08156],[89.60921,25.0812],[89.60901,25.0812],[89.60901,25.08102],[89.60881,25.08102],[89.6086,25.0803],[89.6082,25.08013],[89.60819,25.07995],[89.60799,25.07995],[89.60821,25.08067],[89.60841,25.08067],[89.60843,25.08193],[89.60863,25.08193],[89.60864,25.08247],[89.60884,25.08247],[89.60907,25.08391],[89.60927,25.0839],[89.60928,25.08444],[89.60948,25.08444],[89.60948,25.0848],[89.60968,25.0848],[89.60969,25.08534],[89.60989,25.08534]]]}},{"type":"Feature","properties":{"kind":"land","ha":3.2},"geometry":{"type":"Polygon","coordinates":[[[89.69798,25.08015],[89.69817,25.07979],[89.69856,25.07978],[89.69856,25.0796],[89.69876,25.07959],[89.69875,25.07941],[89.69915,25.07941],[89.69934,25.07904],[89.69954,25.07904],[89.69953,25.07886],[89.69973,25.07885],[89.69973,25.07867],[89.69993,25.07867],[89.69992,25.07849],[89.70012,25.07849],[89.70012,25.07831],[89.70031,25.0783],[89.70031,25.07794],[89.7007,25.07775],[89.70069,25.07739],[89.70089,25.07739],[89.70088,25.07703],[89.70048,25.07686],[89.70048,25.07668],[89.70008,25.07686],[89.70009,25.07722],[89.6997,25.07741],[89.6997,25.07759],[89.69951,25.0776],[89.69932,25.07832],[89.69893,25.07851],[89.69894,25.07869],[89.69874,25.07869],[89.69874,25.07887],[89.69854,25.07888],[89.69855,25.07924],[89.69835,25.07924],[89.69836,25.07942],[89.69796,25.07943],[89.69777,25.07979],[89.69757,25.0798],[89.69758,25.07998],[89.69738,25.07998],[89.69738,25.08016],[89.69798,25.08015]]]}},{"type":"Feature","properties":{"kind":"land","ha":3.7},"geometry":{"type":"Polygon","coordinates":[[[89.71307,25.07265],[89.71307,25.07247],[89.71366,25.07246],[89.71366,25.07228],[89.71405,25.07228],[89.71424,25.07191],[89.71444,25.07191],[89.71444,25.07173],[89.71464,25.07172],[89.71463,25.07154],[89.71483,25.07154],[89.71483,25.07136],[89.71562,25.07134],[89.71561,25.07098],[89.71581,25.07098],[89.7158,25.0708],[89.71659,25.07061],[89.71659,25.07042],[89.71699,25.07042],[89.71698,25.07024],[89.71718,25.07023],[89.71717,25.06987],[89.71678,25.07006],[89.71678,25.07024],[89.71579,25.07026],[89.7156,25.07062],[89.71501,25.07063],[89.71482,25.071],[89.71403,25.07119],[89.71403,25.07137],[89.71364,25.07138],[89.71345,25.07175],[89.71305,25.07175],[89.71286,25.07212],[89.71207,25.07231],[89.71208,25.07249],[89.71069,25.07252],[89.71069,25.0727],[89.71307,25.07265]]]}},{"type":"Feature","properties":{"kind":"land","ha":11.6},"geometry":{"type":"Polygon","coordinates":[[[89.60553,25.07585],[89.60572,25.07548],[89.60631,25.07547],[89.60632,25.07565],[89.60652,25.07565],[89.60651,25.07529],[89.60671,25.07528],[89.60669,25.07474],[89.6065,25.07475],[89.60648,25.07384],[89.60628,25.07385],[89.60628,25.07367],[89.60647,25.07366],[89.60644,25.07204],[89.60624,25.07204],[89.60625,25.0724],[89.60585,25.07241],[89.60585,25.07223],[89.60565,25.07223],[89.60564,25.07187],[89.60545,25.07188],[89.60541,25.07025],[89.60501,25.07026],[89.60502,25.07044],[89.60482,25.07044],[89.60483,25.0708],[89.60463,25.07081],[89.60464,25.07153],[89.60505,25.0717],[89.60505,25.07206],[89.60525,25.07206],[89.60526,25.07242],[89.60506,25.07243],[89.60507,25.07297],[89.60487,25.07297],[89.60488,25.07333],[89.60449,25.07352],[89.60449,25.07334],[89.60429,25.07334],[89.60427,25.07244],[89.60447,25.07244],[89.60446,25.07226],[89.60426,25.07226],[89.60426,25.07208],[89.60367,25.07209],[89.60367,25.07227],[89.60327,25.07228],[89.6033,25.07336],[89.6031,25.07336],[89.6031,25.07354],[89.6033,25.07354],[89.60331,25.07408],[89.60311,25.07408],[89.60312,25.07444],[89.60292,25.07445],[89.60294,25.07535],[89.60452,25.07496],[89.60453,25.07532],[89.60493,25.0755],[89.60493,25.07568],[89.60513,25.07567],[89.60513,25.07585],[89.60553,25.07585]],[[89.6043,25.07406],[89.6047,25.07406],[89.6047,25.07424],[89.6049,25.07423],[89.60491,25.07477],[89.60432,25.07478],[89.6043,25.07406]],[[89.60588,25.07349],[89.60627,25.07349],[89.60608,25.07385],[89.60588,25.07385],[89.60588,25.07349]],[[89.60566,25.07278],[89.60586,25.07277],[89.60587,25.07331],[89.60567,25.07332],[89.60566,25.07278]]]}},{"type":"Feature","properties":{"kind":"land","ha":50.0},"geometry":{"type":"Polygon","coordinates":[[[89.66398,25.08419],[89.66397,25.08401],[89.66318,25.08403],[89.66297,25.08367],[89.66258,25.08368],[89.66237,25.08332],[89.66158,25.08315],[89.66157,25.08297],[89.65998,25.08282],[89.65998,25.08264],[89.65919,25.08266],[89.65918,25.08247],[89.65859,25.08249],[89.65858,25.08231],[89.65779,25.08232],[89.65779,25.08214],[89.65739,25.08215],[89.65739,25.08197],[89.65679,25.08198],[89.65679,25.0818],[89.65639,25.0818],[89.65639,25.08162],[89.6552,25.08146],[89.65519,25.08128],[89.6548,25.08129],[89.65479,25.08111],[89.65459,25.08111],[89.65459,25.08093],[89.65419,25.08094],[89.65399,25.08058],[89.65379,25.08059],[89.65379,25.08041],[89.65339,25.08041],[89.65338,25.08005],[89.65298,25.07988],[89.65298,25.0797],[89.65278,25.0797],[89.65278,25.07952],[89.65258,25.07952],[89.65257,25.07934],[89.65238,25.07935],[89.65237,25.07917],[89.65217,25.07917],[89.65217,25.07899],[89.65197,25.07899],[89.65197,25.07881],[89.65177,25.07882],[89.65176,25.07846],[89.65136,25.07828],[89.65136,25.0781],[89.65116,25.07811],[89.65116,25.07793],[89.65096,25.07793],[89.65095,25.07757],[89.65055,25.0774],[89.65055,25.07721],[89.65035,25.07722],[89.65034,25.07704],[89.65015,25.07704],[89.65014,25.07686],[89.64994,25.07686],[89.64994,25.07668],[89.64974,25.07669],[89.64974,25.07651],[89.64954,25.07651],[89.64954,25.07633],[89.64934,25.07633],[89.64933,25.07615],[89.64914,25.07616],[89.64913,25.0758],[89.64873,25.07562],[89.64872,25.07526],[89.64852,25.07527],[89.64851,25.0749],[89.64811,25.07473],[89.64811,25.07437],[89.64791,25.07437],[89.64791,25.07419],[89.64771,25.0742],[89.6477,25.07384],[89.6473,25.07366],[89.64709,25.07294],[89.64669,25.07277],[89.64647,25.07205],[89.64627,25.07206],[89.64627,25.0717],[89.64587,25.07152],[89.64586,25.07134],[89.64566,25.07135],[89.64565,25.0708],[89.64545,25.07081],[89.64544,25.07027],[89.64524,25.07027],[89.64524,25.06991],[89.64484,25.06992],[89.64484,25.06974],[89.64464,25.06974],[89.64462,25.06902],[89.64442,25.06902],[89.64442,25.06866],[89.64402,25.06885],[89.64403,25.06921],[89.64383,25.06921],[89.64385,25.06993],[89.64405,25.06993],[89.64406,25.07029],[89.64386,25.07029],[89.64386,25.07048],[89.64327,25.07049],[89.64331,25.07247],[89.64351,25.07247],[89.64353,25.07355],[89.64373,25.07355],[89.64374,25.07409],[89.64394,25.07408],[89.64395,25.07481],[89.64415,25.0748],[89.64416,25.07516],[89.64456,25.07534],[89.64456,25.07552],[89.64536,25.07568],[89.64557,25.0764],[89.64597,25.07657],[89.64598,25.07675],[89.64637,25.07675],[89.64638,25.07693],[89.64697,25.07692],[89.64718,25.07727],[89.64738,25.07727],[89.64738,25.07745],[89.64758,25.07745],[89.64758,25.07763],[89.64778,25.07763],[89.64778,25.07781],[89.64798,25.0778],[89.64799,25.07798],[89.64818,25.07798],[89.6484,25.0787],[89.6488,25.07887],[89.6488,25.07905],[89.649,25.07905],[89.64901,25.07941],[89.64941,25.07958],[89.64941,25.07976],[89.65021,25.07993],[89.65021,25.08011],[89.65061,25.0801],[89.65061,25.08028],[89.65101,25.08027],[89.65101,25.08046],[89.65141,25.08045],[89.65141,25.08063],[89.65181,25.08062],[89.65201,25.08098],[89.65281,25.08115],[89.65282,25.08133],[89.65321,25.08132],[89.65342,25.08168],[89.65362,25.08167],[89.65362,25.08185],[89.65402,25.08185],[89.65402,25.08203],[89.65461,25.08202],[89.65462,25.0822],[89.65501,25.08219],[89.65502,25.08237],[89.65541,25.08236],[89.65542,25.08254],[89.65661,25.0827],[89.65661,25.08288],[89.65721,25.08287],[89.65721,25.08305],[89.6588,25.08302],[89.6588,25.0832],[89.65959,25.08319],[89.6596,25.08337],[89.66019,25.08336],[89.6604,25.08372],[89.66079,25.08371],[89.6608,25.08389],[89.66139,25.08388],[89.66139,25.0837],[89.66159,25.0837],[89.66159,25.08388],[89.66219,25.08387],[89.66219,25.08405],[89.66298,25.08403],[89.66299,25.08421],[89.66398,25.08419]]]}},{"type":"Feature","properties":{"kind":"land","ha":86.8},"geometry":{"type":"Polygon","coordinates":[[[89.62772,25.08502],[89.62812,25.08501],[89.62833,25.08537],[89.62852,25.08537],[89.62853,25.08555],[89.62873,25.08554],[89.62873,25.08573],[89.62893,25.08572],[89.62893,25.0859],[89.62973,25.08607],[89.62993,25.08643],[89.63013,25.08642],[89.63014,25.0866],[89.63033,25.0866],[89.63034,25.08678],[89.63054,25.08678],[89.63054,25.08696],[89.63133,25.08694],[89.63134,25.08748],[89.63154,25.08748],[89.63154,25.0873],[89.63193,25.08729],[89.63194,25.08765],[89.63174,25.08766],[89.63175,25.08784],[89.63215,25.08801],[89.63216,25.08837],[89.63256,25.08855],[89.63256,25.08873],[89.63296,25.08872],[89.63316,25.08908],[89.63356,25.08907],[89.63376,25.08943],[89.63416,25.08942],[89.63416,25.0896],[89.63456,25.08959],[89.63477,25.08995],[89.63496,25.08995],[89.63497,25.09013],[89.63536,25.09012],[89.63557,25.09048],[89.63577,25.09047],[89.63577,25.09065],[89.63597,25.09065],[89.63597,25.09083],[89.63617,25.09083],[89.63618,25.09119],[89.63658,25.09136],[89.63658,25.09154],[89.63678,25.09154],[89.637,25.09226],[89.63719,25.09225],[89.6372,25.09261],[89.6374,25.09261],[89.63741,25.09297],[89.63761,25.09297],[89.63761,25.09333],[89.63781,25.09333],[89.6378,25.09278],[89.6376,25.09279],[89.63759,25.09225],[89.63739,25.09225],[89.63738,25.09171],[89.63718,25.09171],[89.63717,25.09117],[89.63697,25.09117],[89.63697,25.09081],[89.63677,25.09082],[89.63676,25.09046],[89.63656,25.09046],[89.63655,25.0901],[89.63615,25.08993],[89.63594,25.08921],[89.63554,25.08903],[89.63554,25.08885],[89.63534,25.08886],[89.63533,25.0885],[89.63493,25.08832],[89.63493,25.08814],[89.63473,25.08815],[89.63472,25.08797],[89.63453,25.08797],[89.63452,25.08779],[89.63432,25.08779],[89.63432,25.08761],[89.63412,25.08762],[89.63412,25.08743],[89.63392,25.08744],[89.63392,25.08726],[89.63372,25.08726],[89.63371,25.08708],[89.63352,25.08708],[89.63351,25.0869],[89.63331,25.08691],[89.63331,25.08655],[89.63291,25.08637],[89.6329,25.08601],[89.6325,25.08584],[89.63249,25.08548],[89.63229,25.08548],[89.63228,25.08512],[89.63188,25.08495],[89.63188,25.08477],[89.63168,25.08477],[89.63167,25.08441],[89.63127,25.08424],[89.63127,25.08406],[89.63107,25.08406],[89.63106,25.0837],[89.63066,25.08353],[89.63066,25.08334],[89.63046,25.08335],[89.63046,25.08317],[89.63026,25.08317],[89.63026,25.08299],[89.63006,25.08299],[89.63005,25.08281],[89.62986,25.08282],[89.62985,25.08264],[89.62965,25.08264],[89.62944,25.08192],[89.62904,25.08175],[89.62903,25.08139],[89.62884,25.08139],[89.62883,25.08103],[89.62843,25.08086],[89.62842,25.08068],[89.62823,25.08068],[89.62822,25.0805],[89.62802,25.0805],[89.62802,25.08032],[89.62782,25.08033],[89.62782,25.08015],[89.62762,25.08015],[89.62762,25.07997],[89.62742,25.07997],[89.62741,25.07979],[89.62722,25.0798],[89.62721,25.07962],[89.62701,25.07962],[89.6268,25.0789],[89.6264,25.07891],[89.6264,25.07873],[89.6262,25.07873],[89.62599,25.07801],[89.62559,25.07784],[89.62558,25.07748],[89.62538,25.07748],[89.62538,25.0773],[89.62518,25.0773],[89.62517,25.07694],[89.62477,25.07677],[89.62477,25.07641],[89.62437,25.07624],[89.62436,25.07588],[89.62396,25.0757],[89.62395,25.07552],[89.62376,25.07553],[89.62375,25.07516],[89.62335,25.07499],[89.62334,25.07481],[89.62315,25.07481],[89.62314,25.07445],[89.62274,25.07428],[89.62273,25.0741],[89.62254,25.0741],[89.62253,25.07374],[89.62213,25.07357],[89.62212,25.07339],[89.62193,25.07339],[89.62192,25.07321],[89.62172,25.07321],[89.62172,25.07285],[89.62132,25.07268],[89.62131,25.0725],[89.62111,25.0725],[89.62111,25.07232],[89.62091,25.07233],[89.62091,25.07215],[89.62071,25.07215],[89.6207,25.07179],[89.6203,25.07162],[89.6203,25.07143],[89.6201,25.07144],[89.62009,25.07108],[89.6199,25.07108],[89.61989,25.0709],[89.6191,25.07073],[89.61889,25.07038],[89.6183,25.07039],[89.61829,25.07021],[89.61789,25.07021],[89.61769,25.06986],[89.61749,25.06986],[89.61748,25.0695],[89.61709,25.06951],[89.61688,25.06915],[89.61649,25.06916],[89.61648,25.06898],[89.61628,25.06898],[89.61629,25.06916],[89.61589,25.06917],[89.6159,25.06953],[89.6163,25.0697],[89.61651,25.07042],[89.61671,25.07042],[89.61672,25.07096],[89.61692,25.07095],[89.61694,25.07204],[89.61714,25.07203],[89.61716,25.07275],[89.61735,25.07275],[89.61737,25.07347],[89.61757,25.07347],[89.61759,25.07437],[89.61779,25.07437],[89.61778,25.07401],[89.61817,25.074],[89.61818,25.07436],[89.61838,25.07436],[89.61838,25.07454],[89.61878,25.07453],[89.61879,25.07507],[89.61919,25.07524],[89.61919,25.07543],[89.61959,25.07542],[89.6196,25.07578],[89.62,25.07577],[89.62001,25.07649],[89.62021,25.07649],[89.62022,25.07685],[89.62062,25.07702],[89.62083,25.07774],[89.62123,25.07792],[89.62144,25.07863],[89.62164,25.07863],[89.62165,25.07899],[89.62205,25.07917],[89.62226,25.07988],[89.62266,25.08006],[89.62267,25.08024],[89.62286,25.08023],[89.62287,25.08059],[89.62327,25.08077],[89.62328,25.08095],[89.62347,25.08094],[89.62348,25.08131],[89.62388,25.08148],[89.62389,25.08166],[89.62428,25.08147],[89.62428,25.08165],[89.62448,25.08165],[89.62449,25.08219],[89.62489,25.08236],[89.6249,25.08254],[89.62509,25.08254],[89.6251,25.08272],[89.6253,25.08272],[89.6253,25.0829],[89.6255,25.08289],[89.6255,25.08308],[89.6257,25.08307],[89.6257,25.08325],[89.6259,25.08325],[89.62591,25.08343],[89.6261,25.08343],[89.62611,25.08361],[89.62631,25.0836],[89.62631,25.08378],[89.62651,25.08378],[89.62651,25.08396],[89.62671,25.08396],[89.62671,25.08414],[89.62691,25.08413],[89.62692,25.08431],[89.62711,25.08431],[89.62712,25.08449],[89.62732,25.08449],[89.62732,25.08467],[89.62752,25.08466],[89.62752,25.08484],[89.62772,25.08484],[89.62772,25.08502]],[[89.63333,25.08745],[89.63293,25.08746],[89.63292,25.08691],[89.63331,25.08691],[89.63333,25.08745]],[[89.62772,25.08466],[89.62791,25.08466],[89.62792,25.08484],[89.62772,25.08484],[89.62772,25.08466]],[[89.63254,25.08764],[89.63333,25.08763],[89.63333,25.08781],[89.63294,25.08782],[89.63294,25.088],[89.63254,25.088],[89.63254,25.08764]],[[89.63252,25.08692],[89.63272,25.08692],[89.63273,25.08728],[89.63253,25.08728],[89.63252,25.08692]],[[89.63132,25.0864],[89.63172,25.08639],[89.63172,25.08676],[89.63133,25.08676],[89.63132,25.0864]],[[89.63111,25.08604],[89.63092,25.08605],[89.63091,25.08551],[89.63071,25.08551],[89.6307,25.08533],[89.6311,25.08532],[89.6311,25.0855],[89.6313,25.0855],[89.63132,25.08622],[89.63112,25.08622],[89.63111,25.08604]],[[89.6265,25.08324],[89.62689,25.08323],[89.6267,25.0836],[89.6265,25.0836],[89.6265,25.08324]],[[89.62646,25.08161],[89.62666,25.08161],[89.62666,25.08143],[89.62705,25.08142],[89.62706,25.08196],[89.62687,25.08197],[89.62687,25.08215],[89.62647,25.08216],[89.62646,25.08161]],[[89.62386,25.08022],[89.62426,25.08039],[89.62426,25.08057],[89.62386,25.08058],[89.62386,25.08022]],[[89.62444,25.07984],[89.62464,25.07984],[89.62464,25.08002],[89.62445,25.08003],[89.62444,25.07984]],[[89.62463,25.0793],[89.62503,25.07947],[89.62503,25.07965],[89.62464,25.07966],[89.62463,25.0793]],[[89.62362,25.0786],[89.62402,25.07859],[89.62403,25.07913],[89.62363,25.07914],[89.62362,25.0786]],[[89.62322,25.07824],[89.62282,25.07825],[89.62281,25.07789],[89.62242,25.0779],[89.6224,25.07717],[89.623,25.07716],[89.62299,25.07698],[89.62339,25.07698],[89.62339,25.07716],[89.62359,25.07715],[89.62358,25.07661],[89.62338,25.07661],[89.62338,25.07643],[89.62298,25.07644],[89.62279,25.07681],[89.62259,25.07681],[89.6226,25.07699],[89.6222,25.077],[89.62219,25.07664],[89.62259,25.07663],[89.62258,25.07609],[89.62297,25.07608],[89.62276,25.07536],[89.62296,25.07536],[89.62296,25.07518],[89.62335,25.07517],[89.62336,25.07553],[89.62316,25.07554],[89.62316,25.07572],[89.62356,25.07571],[89.62358,25.07643],[89.62397,25.07642],[89.62378,25.07679],[89.62418,25.07696],[89.62419,25.07732],[89.6234,25.07734],[89.6234,25.07752],[89.6236,25.07751],[89.6236,25.07769],[89.624,25.07769],[89.62421,25.07804],[89.62401,25.07805],[89.62402,25.07841],[89.62362,25.07842],[89.62361,25.07824],[89.62342,25.07824],[89.62342,25.0786],[89.62323,25.0786],[89.62322,25.07824]],[[89.62198,25.0761],[89.62238,25.07609],[89.62238,25.07627],[89.62199,25.07628],[89.62198,25.0761]],[[89.62196,25.0752],[89.62236,25.07519],[89.62237,25.07555],[89.62217,25.07555],[89.62196,25.0752]],[[89.61978,25.07505],[89.61998,25.07505],[89.61998,25.07523],[89.61979,25.07523],[89.61978,25.07505]],[[89.62055,25.07414],[89.62075,25.07413],[89.62076,25.0745],[89.62056,25.0745],[89.62055,25.07414]],[[89.61993,25.07289],[89.62033,25.07288],[89.62034,25.07324],[89.61995,25.07343],[89.61993,25.07289]]]}},{"type":"Feature","properties":{"kind":"land","ha":3.5},"geometry":{"type":"Polygon","coordinates":[[[89.58583,25.07204],[89.58582,25.07186],[89.58642,25.07185],[89.5866,25.07112],[89.5868,25.07112],[89.58679,25.07058],[89.586,25.07095],[89.586,25.07059],[89.5858,25.0706],[89.58579,25.07042],[89.58599,25.07041],[89.58598,25.06987],[89.58638,25.06986],[89.58637,25.0695],[89.58657,25.0695],[89.58656,25.06914],[89.58636,25.06914],[89.58636,25.06896],[89.58596,25.06897],[89.58596,25.06879],[89.58536,25.0688],[89.58537,25.06898],[89.58517,25.06898],[89.58518,25.06934],[89.58538,25.06934],[89.58538,25.0697],[89.58518,25.0697],[89.5852,25.07025],[89.58539,25.07024],[89.58544,25.07223],[89.58583,25.07204]]]}},{"type":"Feature","properties":{"kind":"land","ha":43.3},"geometry":{"type":"Polygon","coordinates":[[[89.59008,25.0855],[89.59027,25.0855],[89.59046,25.08514],[89.59066,25.08513],[89.59066,25.08495],[89.59105,25.08494],[89.59105,25.08458],[89.59125,25.08458],[89.59102,25.0835],[89.59122,25.0835],[89.59122,25.08332],[89.59162,25.08331],[89.5916,25.08241],[89.59061,25.08243],[89.5906,25.08224],[89.5904,25.08225],[89.59039,25.08171],[89.59019,25.08171],[89.59017,25.08081],[89.58958,25.08082],[89.58959,25.08118],[89.58939,25.08118],[89.5894,25.08172],[89.5896,25.08172],[89.5896,25.0819],[89.58921,25.08191],[89.5892,25.08137],[89.5888,25.08119],[89.58879,25.08083],[89.58859,25.08084],[89.58858,25.08029],[89.58878,25.08029],[89.58877,25.07993],[89.58936,25.07992],[89.58957,25.08028],[89.58977,25.08027],[89.58977,25.08045],[89.59017,25.08045],[89.59016,25.07991],[89.59035,25.0799],[89.59033,25.07864],[89.58994,25.07883],[89.58993,25.07865],[89.58973,25.07865],[89.58972,25.07793],[89.58992,25.07792],[89.58991,25.07774],[89.58912,25.07794],[89.58913,25.0783],[89.58893,25.0783],[89.58894,25.07848],[89.58854,25.07849],[89.58855,25.07903],[89.58796,25.07904],[89.58795,25.07868],[89.58755,25.07851],[89.58754,25.07815],[89.58734,25.07815],[89.58734,25.07797],[89.58754,25.07797],[89.58753,25.07742],[89.58733,25.07743],[89.58732,25.07689],[89.58752,25.07688],[89.5875,25.07634],[89.5877,25.07634],[89.5877,25.07616],[89.5875,25.07616],[89.58749,25.0758],[89.58789,25.07579],[89.58788,25.07543],[89.58768,25.07544],[89.58767,25.0749],[89.58727,25.07472],[89.58726,25.07436],[89.58746,25.07436],[89.58746,25.07418],[89.58805,25.07417],[89.58806,25.07435],[89.58826,25.07434],[89.58826,25.0747],[89.58866,25.0747],[89.58863,25.07343],[89.58843,25.07344],[89.58842,25.0729],[89.58862,25.07289],[89.5886,25.07181],[89.5888,25.07181],[89.58878,25.07109],[89.58858,25.07109],[89.58855,25.06928],[89.58874,25.06928],[89.58872,25.06838],[89.58853,25.06838],[89.58852,25.0682],[89.58793,25.06821],[89.58774,25.06858],[89.58754,25.06858],[89.58755,25.06894],[89.58735,25.06894],[89.58736,25.06967],[89.58717,25.06967],[89.58719,25.07075],[89.58739,25.07075],[89.58739,25.07111],[89.58759,25.07111],[89.58761,25.07201],[89.58741,25.07201],[89.58742,25.07237],[89.58782,25.07255],[89.58784,25.07363],[89.58705,25.07364],[89.58704,25.0731],[89.58664,25.07293],[89.58664,25.07275],[89.58624,25.07275],[89.58605,25.07312],[89.58625,25.07312],[89.58626,25.07384],[89.58646,25.07383],[89.58647,25.07419],[89.58667,25.07419],[89.58669,25.07509],[89.58649,25.0751],[89.58649,25.07546],[89.58669,25.07545],[89.5867,25.076],[89.58651,25.076],[89.58657,25.07889],[89.58637,25.07889],[89.58638,25.07925],[89.58677,25.07924],[89.58678,25.07942],[89.58797,25.0794],[89.58797,25.07976],[89.58817,25.07976],[89.58817,25.07994],[89.58798,25.07994],[89.58799,25.08049],[89.58779,25.08049],[89.5878,25.08103],[89.58741,25.08122],[89.58741,25.0814],[89.58682,25.08141],[89.58681,25.08123],[89.58662,25.08123],[89.5866,25.08069],[89.58641,25.08069],[89.58641,25.08105],[89.58622,25.08106],[89.58624,25.08214],[89.58604,25.08214],[89.58606,25.08287],[89.58625,25.08286],[89.58629,25.08467],[89.58649,25.08466],[89.58651,25.08538],[89.5867,25.08538],[89.58671,25.08592],[89.58691,25.08592],[89.58692,25.0861],[89.58751,25.08609],[89.58772,25.08645],[89.58792,25.08644],[89.58792,25.0868],[89.58832,25.08698],[89.58833,25.08716],[89.58892,25.08715],[89.58892,25.08733],[89.58912,25.08732],[89.58913,25.08769],[89.58992,25.08767],[89.58993,25.08785],[89.59032,25.08785],[89.59032,25.08748],[89.59012,25.08749],[89.59011,25.08731],[89.58972,25.08731],[89.58971,25.08695],[89.58951,25.08696],[89.58951,25.08678],[89.58871,25.08661],[89.58851,25.08625],[89.58831,25.08626],[89.58827,25.08445],[89.58787,25.08428],[89.58786,25.08392],[89.58825,25.08373],[89.58826,25.08391],[89.58846,25.08391],[89.58846,25.08427],[89.58886,25.08444],[89.58887,25.08462],[89.58926,25.08443],[89.58926,25.08425],[89.58985,25.08424],[89.58986,25.0846],[89.58947,25.08479],[89.58947,25.08497],[89.58967,25.08497],[89.58967,25.08515],[89.59007,25.08514],[89.59008,25.0855]],[[89.59006,25.08496],[89.59026,25.08496],[89.59027,25.08514],[89.59007,25.08514],[89.59006,25.08496]],[[89.58915,25.07938],[89.58935,25.07938],[89.58936,25.07956],[89.58916,25.07956],[89.58915,25.07938]]]}},{"type":"Feature","properties":{"kind":"land","ha":6.0},"geometry":{"type":"Polygon","coordinates":[[[89.67282,25.07158],[89.67281,25.07122],[89.67301,25.07122],[89.67299,25.07031],[89.67319,25.07031],[89.67317,25.06959],[89.67297,25.06959],[89.67296,25.06905],[89.67256,25.06888],[89.67256,25.0687],[89.67236,25.0687],[89.67232,25.0669],[89.67252,25.06689],[89.67251,25.06653],[89.67271,25.06653],[89.67269,25.06581],[89.67289,25.0658],[89.67289,25.06562],[89.67348,25.06561],[89.67367,25.06525],[89.67387,25.06524],[89.67387,25.06506],[89.67406,25.06506],[89.67405,25.06434],[89.67366,25.06453],[89.67366,25.06471],[89.67346,25.06471],[89.67347,25.06489],[89.67327,25.06489],[89.67327,25.06507],[89.67307,25.06508],[89.67308,25.06526],[89.67288,25.06526],[89.67288,25.06544],[89.67269,25.06545],[89.67269,25.06563],[89.67249,25.06563],[89.6725,25.06581],[89.6723,25.06581],[89.6723,25.06599],[89.6721,25.066],[89.67211,25.06618],[89.67191,25.06618],[89.67193,25.06726],[89.67173,25.06727],[89.67175,25.06817],[89.67195,25.06817],[89.67196,25.06853],[89.67176,25.06853],[89.67177,25.06889],[89.67157,25.0689],[89.67158,25.06926],[89.67138,25.06926],[89.67139,25.06944],[89.67179,25.06961],[89.67179,25.06997],[89.67199,25.06997],[89.672,25.07015],[89.67219,25.07015],[89.67221,25.07105],[89.67241,25.07105],[89.67242,25.07159],[89.67282,25.07158]]]}},{"type":"Feature","properties":{"kind":"land","ha":3.1},"geometry":{"type":"Polygon","coordinates":[[[89.59197,25.07193],[89.59193,25.07013],[89.59173,25.07013],[89.59171,25.06905],[89.59151,25.06905],[89.59147,25.06725],[89.59128,25.06725],[89.5912,25.06364],[89.591,25.06365],[89.59099,25.06292],[89.59079,25.06293],[89.59087,25.0669],[89.59107,25.06689],[89.59109,25.06798],[89.59129,25.06797],[89.59133,25.0696],[89.59152,25.06959],[89.59154,25.0705],[89.59174,25.07049],[89.59177,25.07194],[89.59197,25.07193]]]}},{"type":"Feature","properties":{"kind":"land","ha":25.0},"geometry":{"type":"Polygon","coordinates":[[[89.67032,25.07506],[89.67031,25.07469],[89.67011,25.0747],[89.6701,25.07434],[89.66991,25.07434],[89.6699,25.07398],[89.6697,25.07398],[89.66969,25.07362],[89.66949,25.07363],[89.66948,25.0729],[89.66928,25.07291],[89.6692,25.0693],[89.6694,25.0693],[89.66939,25.06875],[89.66959,25.06875],[89.66956,25.06749],[89.66976,25.06748],[89.66975,25.06712],[89.66995,25.06712],[89.66994,25.06694],[89.66915,25.06695],[89.66914,25.06641],[89.66934,25.06641],[89.66933,25.06605],[89.66953,25.06604],[89.66931,25.06533],[89.66951,25.06532],[89.66951,25.06514],[89.6699,25.06514],[89.66991,25.06532],[89.6705,25.06531],[89.67069,25.06494],[89.67089,25.06494],[89.67089,25.06476],[89.67109,25.06475],[89.67108,25.06439],[89.67147,25.0642],[89.67147,25.06402],[89.67166,25.06402],[89.67166,25.06384],[89.67186,25.06384],[89.67185,25.06366],[89.67205,25.06365],[89.67204,25.06329],[89.67244,25.06328],[89.67263,25.06292],[89.67283,25.06292],[89.67282,25.06274],[89.67302,25.06273],[89.67302,25.06255],[89.67322,25.06255],[89.67321,25.06237],[89.67361,25.06236],[89.6738,25.062],[89.674,25.06199],[89.67399,25.06181],[89.67439,25.06181],[89.67458,25.06144],[89.67478,25.06144],[89.67477,25.06126],[89.67497,25.06125],[89.67497,25.06107],[89.67517,25.06107],[89.67516,25.06089],[89.67536,25.06089],[89.67536,25.06071],[89.67575,25.0607],[89.67575,25.06034],[89.67594,25.06033],[89.67594,25.06015],[89.67554,25.06016],[89.67535,25.06052],[89.67496,25.06053],[89.67477,25.0609],[89.67457,25.0609],[89.67457,25.06108],[89.67378,25.06128],[89.67379,25.06146],[89.67339,25.06146],[89.6734,25.06164],[89.6728,25.06165],[89.67281,25.06183],[89.67241,25.06184],[89.67241,25.06202],[89.67182,25.06203],[89.67183,25.06239],[89.67143,25.06258],[89.67144,25.06276],[89.67065,25.06296],[89.67065,25.06314],[89.67026,25.06314],[89.67026,25.06332],[89.66987,25.06333],[89.66968,25.0637],[89.66948,25.0637],[89.66948,25.06388],[89.66908,25.06389],[89.66889,25.06425],[89.6687,25.06425],[89.6687,25.06444],[89.6685,25.06444],[89.66851,25.06462],[89.66831,25.06462],[89.66813,25.06535],[89.66793,25.06535],[89.66794,25.06571],[89.66774,25.06572],[89.66775,25.06608],[89.66755,25.06608],[89.66756,25.0668],[89.66736,25.06681],[89.66737,25.06699],[89.66757,25.06698],[89.6676,25.06861],[89.6674,25.06861],[89.66743,25.06987],[89.66763,25.06987],[89.66764,25.07059],[89.66784,25.07059],[89.66787,25.07167],[89.66806,25.07167],[89.66808,25.07257],[89.66828,25.07256],[89.66829,25.07293],[89.66849,25.07292],[89.66849,25.0731],[89.66869,25.0731],[89.6687,25.07346],[89.6691,25.07363],[89.6691,25.07381],[89.6693,25.07381],[89.6693,25.07399],[89.6695,25.07399],[89.66951,25.07417],[89.6697,25.07416],[89.66971,25.07452],[89.66991,25.07452],[89.66992,25.07488],[89.67012,25.07488],[89.67012,25.07506],[89.67032,25.07506]],[[89.66882,25.06985],[89.66902,25.06984],[89.66903,25.07039],[89.66883,25.07039],[89.66882,25.06985]],[[89.66795,25.06643],[89.66815,25.06643],[89.66815,25.06661],[89.66795,25.06661],[89.66795,25.06643]]]}},{"type":"Feature","properties":{"kind":"land","ha":11.6},"geometry":{"type":"Polygon","coordinates":[[[89.63288,25.0667],[89.63288,25.06652],[89.63327,25.06651],[89.63326,25.06579],[89.63444,25.06559],[89.63442,25.06433],[89.63422,25.06433],[89.63421,25.06397],[89.63401,25.06397],[89.634,25.06343],[89.6338,25.06343],[89.63376,25.06163],[89.63357,25.06163],[89.63355,25.06109],[89.63336,25.0611],[89.63335,25.06073],[89.63295,25.06074],[89.63277,25.06147],[89.63238,25.06165],[89.63239,25.06238],[89.63219,25.06238],[89.63221,25.06292],[89.63201,25.06292],[89.63203,25.06383],[89.63163,25.06401],[89.63164,25.06438],[89.63144,25.06438],[89.63145,25.06474],[89.63165,25.06474],[89.63166,25.0651],[89.63146,25.0651],[89.63146,25.06528],[89.63166,25.06528],[89.63168,25.06618],[89.63207,25.06599],[89.63208,25.06617],[89.63228,25.06617],[89.63228,25.06653],[89.63268,25.06652],[89.63268,25.0667],[89.63288,25.0667]]]}},{"type":"Feature","properties":{"kind":"land","ha":4.7},"geometry":{"type":"Polygon","coordinates":[[[89.58144,25.06147],[89.5814,25.05912],[89.5812,25.05912],[89.58119,25.05894],[89.58139,25.05894],[89.58129,25.05389],[89.58148,25.05388],[89.58145,25.05226],[89.58125,25.05226],[89.58126,25.05262],[89.58106,25.05263],[89.5811,25.05443],[89.5809,25.05444],[89.58092,25.05534],[89.58072,25.05534],[89.58075,25.05679],[89.58055,25.05679],[89.58057,25.05733],[89.58097,25.0575],[89.581,25.05913],[89.5808,25.05913],[89.58081,25.05931],[89.581,25.05931],[89.58101,25.05985],[89.58082,25.05985],[89.58084,25.06094],[89.58104,25.06093],[89.58104,25.06129],[89.58124,25.06129],[89.58125,25.06147],[89.58144,25.06147]]]}},{"type":"Feature","properties":{"kind":"land","ha":4.7},"geometry":{"type":"Polygon","coordinates":[[[89.72746,25.05145],[89.72746,25.05127],[89.72786,25.05127],[89.72785,25.05109],[89.72864,25.05107],[89.72864,25.05071],[89.72844,25.05071],[89.72843,25.05035],[89.72823,25.05036],[89.72823,25.05018],[89.72803,25.05018],[89.72802,25.04982],[89.72782,25.04982],[89.72782,25.04964],[89.72723,25.04965],[89.72722,25.04929],[89.72742,25.04929],[89.7274,25.04857],[89.7272,25.04857],[89.72719,25.04821],[89.727,25.04821],[89.72699,25.04803],[89.72679,25.04804],[89.72658,25.04732],[89.72638,25.04732],[89.72637,25.04678],[89.72558,25.0468],[89.72558,25.04698],[89.72538,25.04698],[89.7254,25.04752],[89.72579,25.04751],[89.726,25.04787],[89.7262,25.04787],[89.7262,25.04805],[89.7264,25.04804],[89.72641,25.04877],[89.72661,25.04876],[89.72663,25.04966],[89.72683,25.04966],[89.72684,25.05002],[89.72704,25.05002],[89.72705,25.05056],[89.72725,25.05056],[89.72727,25.05146],[89.72746,25.05145]]]}},{"type":"Feature","properties":{"kind":"land","ha":7.2},"geometry":{"type":"Polygon","coordinates":[[[89.72351,25.05189],[89.7235,25.05153],[89.7237,25.05152],[89.72369,25.05116],[89.72409,25.05134],[89.7241,25.0517],[89.7245,25.05169],[89.72447,25.05043],[89.72427,25.05043],[89.72428,25.05097],[89.72389,25.05098],[89.72387,25.05008],[89.72407,25.05007],[89.72406,25.04989],[89.72446,25.04989],[89.72446,25.05007],[89.72466,25.05006],[89.72459,25.04699],[89.72479,25.04699],[89.72478,25.04645],[89.72517,25.04644],[89.72517,25.04608],[89.72497,25.04609],[89.72496,25.04591],[89.72457,25.04591],[89.72458,25.04627],[89.72418,25.04628],[89.72417,25.04574],[89.72437,25.04574],[89.72436,25.04537],[89.72416,25.04538],[89.72415,25.04502],[89.72375,25.04484],[89.72375,25.04466],[89.72355,25.04467],[89.72357,25.04539],[89.72376,25.04539],[89.72378,25.04593],[89.72358,25.04593],[89.72359,25.04647],[89.72339,25.04648],[89.7234,25.04702],[89.7236,25.04701],[89.72362,25.04773],[89.72342,25.04774],[89.72344,25.04882],[89.72364,25.04882],[89.72365,25.04918],[89.72345,25.04918],[89.7235,25.05135],[89.7233,25.05135],[89.72331,25.05189],[89.72351,25.05189]],[[89.72424,25.04917],[89.72444,25.04916],[89.72445,25.04934],[89.72425,25.04935],[89.72424,25.04917]]]}},{"type":"Feature","properties":{"kind":"land","ha":23.0},"geometry":{"type":"Polygon","coordinates":[[[89.60649,25.06518],[89.60668,25.06445],[89.60687,25.06445],[89.60686,25.06391],[89.60725,25.06372],[89.60725,25.06354],[89.60745,25.06354],[89.60744,25.063],[89.60764,25.06299],[89.60762,25.06227],[89.60742,25.06228],[89.60741,25.06191],[89.60701,25.06174],[89.60701,25.06156],[89.60681,25.06156],[89.60681,25.06138],[89.60661,25.06139],[89.60661,25.06121],[89.60641,25.06121],[89.6064,25.06103],[89.60621,25.06103],[89.6062,25.06085],[89.606,25.06086],[89.606,25.06068],[89.6058,25.06068],[89.6058,25.0605],[89.6056,25.0605],[89.6056,25.06032],[89.6054,25.06033],[89.60539,25.06015],[89.6052,25.06015],[89.60519,25.05997],[89.60499,25.05997],[89.60499,25.05979],[89.60479,25.05979],[89.60479,25.05961],[89.60459,25.05962],[89.60459,25.05944],[89.60439,25.05944],[89.60438,25.05908],[89.60398,25.05891],[89.60397,25.05855],[89.60357,25.05837],[89.60357,25.05819],[89.60337,25.0582],[89.60337,25.05801],[89.60317,25.05802],[89.60317,25.05784],[89.60297,25.05784],[89.60296,25.05748],[89.60256,25.05731],[89.60256,25.05713],[89.60236,25.05713],[89.60235,25.05677],[89.60195,25.0566],[89.60195,25.05642],[89.60155,25.05642],[89.60155,25.05624],[89.60115,25.05625],[89.60094,25.05553],[89.60054,25.05536],[89.60051,25.05391],[89.60011,25.05374],[89.6001,25.05356],[89.59991,25.05356],[89.59989,25.05302],[89.5997,25.05303],[89.59969,25.05266],[89.59949,25.05267],[89.59949,25.05249],[89.59929,25.05249],[89.59928,25.05213],[89.59908,25.05213],[89.59907,25.05159],[89.59887,25.0516],[89.59887,25.05123],[89.59847,25.05106],[89.59825,25.05034],[89.59805,25.05035],[89.59805,25.04999],[89.59785,25.04999],[89.59784,25.04963],[89.59744,25.04945],[89.59723,25.04874],[89.59683,25.04856],[89.59661,25.04784],[89.59642,25.04785],[89.59641,25.04749],[89.59601,25.04731],[89.5958,25.0466],[89.5956,25.0466],[89.59559,25.04624],[89.59539,25.04624],[89.59538,25.04588],[89.59498,25.04571],[89.59477,25.04499],[89.59457,25.04499],[89.59459,25.04571],[89.59479,25.04571],[89.59481,25.04679],[89.59501,25.04679],[89.59502,25.04751],[89.59522,25.04751],[89.59523,25.04787],[89.59543,25.04787],[89.59543,25.04805],[89.59563,25.04804],[89.59565,25.04931],[89.59585,25.0493],[89.59586,25.04966],[89.59606,25.04966],[89.59607,25.0502],[89.59627,25.0502],[89.59628,25.05056],[89.59647,25.05055],[89.59648,25.05092],[89.59688,25.05109],[89.59688,25.05127],[89.59708,25.05127],[89.59709,25.05163],[89.59749,25.0518],[89.5975,25.05216],[89.5979,25.05233],[89.59791,25.0527],[89.59831,25.05287],[89.59831,25.05323],[89.59871,25.0534],[89.59893,25.05412],[89.59912,25.05412],[89.59913,25.05448],[89.59933,25.05448],[89.59934,25.05484],[89.59974,25.05501],[89.59974,25.05519],[89.59994,25.05519],[89.59994,25.05537],[89.60014,25.05536],[89.60036,25.05608],[89.60075,25.05608],[89.60076,25.05662],[89.60116,25.05661],[89.60136,25.05697],[89.60156,25.05696],[89.60157,25.05714],[89.60176,25.05714],[89.60177,25.05732],[89.60197,25.05732],[89.60197,25.0575],[89.60217,25.05749],[89.60217,25.05767],[89.60237,25.05767],[89.60238,25.05803],[89.60278,25.05821],[89.60278,25.05839],[89.60298,25.05838],[89.60298,25.05856],[89.60318,25.05856],[89.60319,25.05892],[89.60359,25.05909],[89.60359,25.05927],[89.60379,25.05927],[89.6038,25.05963],[89.6042,25.05981],[89.6042,25.05999],[89.6044,25.05998],[89.6044,25.06016],[89.6048,25.06016],[89.60481,25.06052],[89.60521,25.06069],[89.60522,25.06105],[89.60541,25.06105],[89.60542,25.06123],[89.60581,25.06122],[89.60602,25.06158],[89.60622,25.06157],[89.60623,25.06194],[89.60642,25.06193],[89.60643,25.06211],[89.60682,25.06211],[89.60683,25.06247],[89.60703,25.06246],[89.60703,25.06264],[89.60684,25.06265],[89.60685,25.06337],[89.60665,25.06337],[89.60666,25.06391],[89.60647,25.06392],[89.60648,25.06446],[89.60628,25.06446],[89.60629,25.065],[89.60609,25.06501],[89.6061,25.06519],[89.60649,25.06518]],[[89.59667,25.05055],[89.59687,25.05055],[89.59688,25.05091],[89.59668,25.05091],[89.59667,25.05055]]]}},{"type":"Feature","properties":{"kind":"land","ha":10.0},"geometry":{"type":"Polygon","coordinates":[[[89.59119,25.06292],[89.59118,25.06256],[89.59138,25.06256],[89.59136,25.06202],[89.59156,25.06201],[89.59153,25.06039],[89.59173,25.06038],[89.59172,25.05984],[89.59191,25.05984],[89.5919,25.05912],[89.5917,25.05912],[89.5917,25.05894],[89.59189,25.05894],[89.59188,25.05822],[89.59208,25.05821],[89.59201,25.05515],[89.59221,25.05514],[89.59219,25.05424],[89.59239,25.05424],[89.59236,25.05297],[89.59256,25.05297],[89.59252,25.0508],[89.59271,25.0508],[89.5927,25.05008],[89.5929,25.05008],[89.59287,25.04881],[89.59307,25.04881],[89.59305,25.04791],[89.59325,25.0479],[89.59324,25.04736],[89.59343,25.04736],[89.59343,25.047],[89.59362,25.04699],[89.59361,25.04627],[89.59381,25.04627],[89.5938,25.04573],[89.59399,25.04572],[89.59399,25.04536],[89.59418,25.04536],[89.59418,25.045],[89.59457,25.04499],[89.59457,25.04463],[89.59437,25.04463],[89.59436,25.04445],[89.59397,25.04464],[89.59398,25.04518],[89.59378,25.04519],[89.59379,25.04555],[89.59359,25.04555],[89.5936,25.04591],[89.5934,25.04592],[89.59341,25.04628],[89.59321,25.04628],[89.59305,25.04773],[89.59285,25.04773],[89.59286,25.04827],[89.59266,25.04827],[89.59269,25.0499],[89.5923,25.05009],[89.59233,25.05117],[89.59213,25.05117],[89.59213,25.05153],[89.59233,25.05153],[89.59236,25.05261],[89.59216,25.05262],[89.59217,25.05334],[89.59197,25.05334],[89.59199,25.05388],[89.59179,25.05389],[89.5918,25.05461],[89.59161,25.05461],[89.59162,25.05533],[89.59182,25.05533],[89.59182,25.05551],[89.59162,25.05551],[89.59167,25.0575],[89.59147,25.0575],[89.59147,25.05768],[89.59108,25.05769],[89.59107,25.05751],[89.59068,25.05751],[89.59068,25.0577],[89.59048,25.0577],[89.59049,25.05806],[89.5901,25.05825],[89.5901,25.05843],[89.5899,25.05843],[89.58991,25.05861],[89.58971,25.05861],[89.58971,25.0588],[89.58951,25.0588],[89.58953,25.05934],[89.58972,25.05934],[89.58973,25.05952],[89.59032,25.05951],[89.59031,25.05915],[89.59071,25.05896],[89.5907,25.05878],[89.5911,25.05877],[89.5911,25.05895],[89.5913,25.05895],[89.59132,25.05967],[89.59151,25.05967],[89.59152,25.05985],[89.59132,25.05985],[89.59135,25.06129],[89.59115,25.0613],[89.59116,25.06166],[89.59096,25.06166],[89.59099,25.06292],[89.59119,25.06292]]]}},{"type":"Feature","properties":{"kind":"land","ha":10.0},"geometry":{"type":"Polygon","coordinates":[[[89.62099,25.04814],[89.621,25.04868],[89.6212,25.04868],[89.62124,25.05048],[89.62085,25.05067],[89.62067,25.05139],[89.62027,25.05158],[89.62028,25.05194],[89.62008,25.05194],[89.62009,25.05249],[89.62049,25.0523],[89.62067,25.05157],[89.62106,25.05139],[89.62105,25.05103],[89.62145,25.05084],[89.62144,25.05066],[89.62164,25.05065],[89.62163,25.05029],[89.62202,25.05011],[89.62202,25.04993],[89.62222,25.04992],[89.62222,25.04974],[89.62241,25.04974],[89.62241,25.04956],[89.62261,25.04955],[89.6226,25.04937],[89.6228,25.04937],[89.6228,25.04919],[89.623,25.04919],[89.62299,25.04901],[89.62339,25.049],[89.62338,25.04864],[89.62358,25.04863],[89.62357,25.04827],[89.62337,25.04828],[89.62338,25.04846],[89.62239,25.04847],[89.62238,25.04829],[89.62218,25.0483],[89.62218,25.04794],[89.62257,25.04775],[89.62257,25.04757],[89.62276,25.04757],[89.62276,25.04738],[89.62296,25.04738],[89.62295,25.04702],[89.62215,25.04667],[89.62233,25.04595],[89.62253,25.04595],[89.62252,25.04558],[89.62272,25.04558],[89.62271,25.04522],[89.62231,25.04505],[89.62231,25.04469],[89.62211,25.04469],[89.62207,25.04288],[89.62187,25.04289],[89.62188,25.04307],[89.62148,25.04308],[89.62148,25.0429],[89.62128,25.0429],[89.62109,25.04326],[89.62069,25.04309],[89.6207,25.04363],[89.6209,25.04363],[89.6209,25.04381],[89.6213,25.0438],[89.6213,25.04398],[89.6215,25.04398],[89.62149,25.0438],[89.62169,25.04379],[89.62173,25.04578],[89.62154,25.04578],[89.62155,25.04632],[89.62135,25.04633],[89.62137,25.04723],[89.62117,25.04723],[89.62117,25.04741],[89.62137,25.04741],[89.62138,25.04777],[89.62118,25.04777],[89.62119,25.04813],[89.62099,25.04814]],[[89.62159,25.04831],[89.62159,25.04849],[89.6212,25.0485],[89.62119,25.04813],[89.62159,25.04831]]]}},{"type":"Feature","properties":{"kind":"land","ha":28.0},"geometry":{"type":"Polygon","coordinates":[[[89.63549,25.04951],[89.63548,25.04933],[89.63588,25.04932],[89.63607,25.04895],[89.63627,25.04895],[89.63626,25.04859],[89.63665,25.0484],[89.63664,25.04804],[89.63684,25.04804],[89.63682,25.04696],[89.63721,25.04677],[89.6372,25.04623],[89.637,25.04623],[89.63699,25.04587],[89.6366,25.04588],[89.63659,25.0457],[89.63679,25.04569],[89.63679,25.04551],[89.63738,25.0455],[89.63738,25.04532],[89.63758,25.04532],[89.63757,25.04496],[89.63796,25.04477],[89.63796,25.04459],[89.63815,25.04459],[89.63815,25.0444],[89.63855,25.0444],[89.63853,25.0435],[89.63892,25.04331],[89.63891,25.04295],[89.6393,25.04276],[89.6393,25.04258],[89.6395,25.04258],[89.63949,25.04203],[89.63889,25.04205],[89.6389,25.04241],[89.6385,25.04241],[89.6385,25.04223],[89.6387,25.04223],[89.63867,25.04079],[89.63847,25.04079],[89.63849,25.04169],[89.63829,25.04169],[89.6383,25.04206],[89.6379,25.04206],[89.6379,25.04188],[89.6373,25.04189],[89.63731,25.04207],[89.6377,25.04207],[89.63771,25.04225],[89.63791,25.04224],[89.63772,25.04261],[89.63752,25.04261],[89.63753,25.04333],[89.63734,25.04334],[89.63734,25.0437],[89.63714,25.0437],[89.63715,25.04388],[89.63695,25.04388],[89.63696,25.04425],[89.63676,25.04425],[89.63676,25.04443],[89.63637,25.04444],[89.63618,25.0448],[89.63598,25.0448],[89.6358,25.04553],[89.6354,25.04554],[89.63519,25.04518],[89.6348,25.04519],[89.63479,25.04501],[89.6346,25.04501],[89.63438,25.04393],[89.63457,25.04393],[89.63456,25.04339],[89.63436,25.04339],[89.63436,25.04303],[89.63416,25.04303],[89.63415,25.04267],[89.63395,25.04267],[89.63394,25.04231],[89.63375,25.04232],[89.63372,25.04105],[89.63333,25.04124],[89.63334,25.0416],[89.63314,25.04161],[89.63314,25.04179],[89.63294,25.04179],[89.63295,25.04215],[89.63335,25.04214],[89.63336,25.04287],[89.63316,25.04287],[89.63317,25.04323],[89.63278,25.04324],[89.6328,25.04414],[89.6326,25.04414],[89.63262,25.04504],[89.63242,25.04505],[89.63243,25.04559],[89.63263,25.04559],[89.63264,25.04631],[89.63284,25.0463],[89.63286,25.04703],[89.63305,25.04702],[89.63307,25.04774],[89.63327,25.04774],[89.63328,25.0481],[89.63368,25.04827],[89.63368,25.04846],[89.63388,25.04845],[89.63388,25.04863],[89.63408,25.04863],[89.63408,25.04881],[89.63428,25.04881],[89.63429,25.04917],[89.63469,25.04934],[89.63469,25.04952],[89.63549,25.04951]],[[89.63283,25.04558],[89.63302,25.04558],[89.63303,25.04594],[89.63283,25.04594],[89.63283,25.04558]]]}},{"type":"Feature","properties":{"kind":"land","ha":8.1},"geometry":{"type":"Polygon","coordinates":[[[89.65152,25.04904],[89.65152,25.04886],[89.65172,25.04886],[89.65172,25.04868],[89.65191,25.04867],[89.65191,25.04831],[89.6521,25.04831],[89.6519,25.04795],[89.6521,25.04795],[89.65208,25.04723],[89.65247,25.04704],[89.65248,25.0474],[89.65268,25.04739],[89.65265,25.04595],[89.65285,25.04595],[89.65283,25.04541],[89.65303,25.0454],[89.653,25.04378],[89.6528,25.04378],[89.65279,25.0436],[89.65299,25.0436],[89.65298,25.04288],[89.65278,25.04288],[89.65276,25.04198],[89.65296,25.04198],[89.65294,25.04107],[89.65314,25.04107],[89.65312,25.04035],[89.65292,25.04035],[89.65293,25.04089],[89.65274,25.0409],[89.65275,25.04144],[89.65255,25.04144],[89.65256,25.0418],[89.65236,25.04181],[89.65237,25.04217],[89.65217,25.04217],[89.65219,25.04307],[89.65199,25.04308],[89.652,25.04362],[89.6518,25.04362],[89.65183,25.0447],[89.65163,25.04471],[89.65165,25.04561],[89.65145,25.04561],[89.65149,25.04742],[89.65129,25.04742],[89.65132,25.0485],[89.65112,25.04851],[89.65113,25.04923],[89.65152,25.04904]],[[89.65168,25.04705],[89.65188,25.04705],[89.65189,25.04741],[89.65169,25.04741],[89.65168,25.04705]],[[89.65207,25.04668],[89.65246,25.04668],[89.65247,25.04686],[89.65207,25.04686],[89.65207,25.04668]]]}},{"type":"Feature","properties":{"kind":"land","ha":8.0},"geometry":{"type":"Polygon","coordinates":[[[89.60588,25.04552],[89.60564,25.04372],[89.60584,25.04371],[89.60581,25.04227],[89.60561,25.04227],[89.6056,25.04155],[89.6054,25.04155],[89.60539,25.04101],[89.60519,25.04102],[89.60518,25.04065],[89.60498,25.04066],[89.60476,25.03958],[89.60456,25.03958],[89.60457,25.03976],[89.60417,25.03977],[89.60398,25.04013],[89.60358,25.03996],[89.60358,25.03978],[89.60338,25.03978],[89.60339,25.04051],[89.60359,25.0405],[89.60361,25.0414],[89.60381,25.0414],[89.60382,25.04176],[89.60402,25.04176],[89.60403,25.0423],[89.60422,25.0423],[89.60423,25.04266],[89.60443,25.04265],[89.60444,25.04319],[89.60464,25.04319],[89.60466,25.04391],[89.60485,25.04391],[89.60486,25.04445],[89.60506,25.04445],[89.60507,25.04481],[89.60527,25.0448],[89.60528,25.04535],[89.60548,25.04534],[89.60548,25.04552],[89.60588,25.04552]]]}},{"type":"Feature","properties":{"kind":"land","ha":50.5},"geometry":{"type":"Polygon","coordinates":[[[89.61896,25.05503],[89.61896,25.05485],[89.61935,25.05485],[89.61934,25.05448],[89.61954,25.05448],[89.61953,25.05394],[89.61973,25.05394],[89.61971,25.05321],[89.61912,25.05323],[89.61912,25.05341],[89.61892,25.05341],[89.61892,25.05323],[89.61852,25.05324],[89.61832,25.05288],[89.61812,25.05288],[89.61811,25.05252],[89.61771,25.05235],[89.6175,25.05163],[89.6173,25.05163],[89.61729,25.05127],[89.6171,25.05128],[89.61709,25.05091],[89.61689,25.05092],[89.61687,25.05002],[89.61667,25.05002],[89.61666,25.04948],[89.61646,25.04948],[89.61645,25.04876],[89.61625,25.04876],[89.61623,25.04768],[89.61603,25.04768],[89.61602,25.04732],[89.61582,25.04733],[89.61582,25.04697],[89.61562,25.04697],[89.61559,25.04589],[89.6154,25.04589],[89.61539,25.04553],[89.61519,25.04553],[89.61518,25.04517],[89.61499,25.04518],[89.61498,25.04481],[89.61478,25.04482],[89.61456,25.04374],[89.61436,25.04374],[89.61434,25.04266],[89.61414,25.04266],[89.61413,25.0423],[89.61393,25.04231],[89.61393,25.04213],[89.61373,25.04213],[89.61371,25.04123],[89.61351,25.04123],[89.61351,25.04087],[89.61331,25.04087],[89.6133,25.04033],[89.6131,25.04034],[89.61307,25.03889],[89.61327,25.03889],[89.61325,25.03817],[89.61345,25.03816],[89.61345,25.03798],[89.61067,25.03803],[89.61068,25.03839],[89.61088,25.03839],[89.61089,25.03875],[89.61108,25.03875],[89.61109,25.03893],[89.61089,25.03893],[89.61091,25.04001],[89.61071,25.04002],[89.61073,25.04074],[89.61093,25.04073],[89.61094,25.0411],[89.61113,25.04109],[89.61115,25.04163],[89.61155,25.04181],[89.61155,25.04217],[89.61175,25.04216],[89.61176,25.04252],[89.61156,25.04253],[89.61157,25.04307],[89.61177,25.04307],[89.61178,25.04343],[89.61198,25.04342],[89.61201,25.04487],[89.6122,25.04486],[89.61222,25.04577],[89.61242,25.04576],[89.61245,25.04721],[89.61265,25.0472],[89.61266,25.04774],[89.61286,25.04774],[89.61287,25.04828],[89.61307,25.04828],[89.61308,25.04882],[89.61328,25.04882],[89.61329,25.04936],[89.61349,25.04935],[89.6135,25.04971],[89.61369,25.04971],[89.6137,25.05007],[89.6139,25.05007],[89.61391,25.05043],[89.61411,25.05043],[89.61411,25.05079],[89.61431,25.05078],[89.61432,25.05114],[89.61472,25.05132],[89.61472,25.0515],[89.61492,25.05149],[89.61492,25.05167],[89.61512,25.05167],[89.61513,25.05203],[89.61553,25.05221],[89.61554,25.05257],[89.61594,25.05274],[89.61595,25.0531],[89.61635,25.05327],[89.61635,25.05345],[89.61655,25.05345],[89.61655,25.05363],[89.61675,25.05363],[89.61675,25.05381],[89.61695,25.0538],[89.61696,25.05399],[89.61715,25.05398],[89.61716,25.05416],[89.61736,25.05416],[89.61736,25.05434],[89.61756,25.05434],[89.61756,25.05452],[89.61776,25.05451],[89.61776,25.05469],[89.61796,25.05469],[89.61797,25.05487],[89.61816,25.05487],[89.61817,25.05505],[89.61896,25.05503]],[[89.6155,25.05094],[89.6157,25.05094],[89.61571,25.05112],[89.6159,25.05112],[89.61591,25.05148],[89.61552,25.05148],[89.6155,25.05094]],[[89.61131,25.04019],[89.61171,25.04018],[89.61172,25.04054],[89.61132,25.04073],[89.61131,25.04019]]]}}]}