{"type":"FeatureCollection","features":[{"type":"Feature","properties":{"kind":"land","ha":1.1},"geometry":{"type":"Polygon","coordinates":[[[89.68572,25.42438],[89.68571,25.42366],[89.68551,25.42367],[89.6855,25.42312],[89.6851,25.42313],[89.68509,25.42277],[89.68469,25.42278],[89.68472,25.42386],[89.68511,25.42385],[89.68532,25.42421],[89.68552,25.42421],[89.68552,25.42439],[89.68572,25.42438]]]}},{"type":"Feature","properties":{"kind":"land","ha":1.2},"geometry":{"type":"Polygon","coordinates":[[[89.75567,25.42381],[89.75564,25.42255],[89.75544,25.42255],[89.75543,25.42219],[89.75523,25.42219],[89.75521,25.42129],[89.75501,25.4213],[89.75501,25.42111],[89.75461,25.42112],[89.75462,25.42166],[89.75482,25.42166],[89.75483,25.4222],[89.75503,25.4222],[89.75505,25.42274],[89.75524,25.42273],[89.75526,25.42346],[89.75546,25.42345],[89.75547,25.42381],[89.75567,25.42381]]]}},{"type":"Feature","properties":{"kind":"land","ha":3.0},"geometry":{"type":"Polygon","coordinates":[[[89.68316,25.42515],[89.68315,25.42497],[89.68335,25.42497],[89.68335,25.42515],[89.68435,25.42513],[89.68433,25.42441],[89.68393,25.42424],[89.68393,25.42406],[89.68313,25.42407],[89.68314,25.42425],[89.68214,25.42427],[89.68213,25.42391],[89.68233,25.4239],[89.6823,25.42264],[89.6819,25.42247],[89.68191,25.42283],[89.68211,25.42283],[89.68211,25.42301],[89.68192,25.42301],[89.68196,25.42481],[89.68215,25.42481],[89.68216,25.42517],[89.68316,25.42515]]]}},{"type":"Feature","properties":{"kind":"land","ha":15.9},"geometry":{"type":"Polygon","coordinates":[[[89.72562,25.42202],[89.72542,25.42203],[89.72541,25.42185],[89.72522,25.42185],[89.72521,25.42167],[89.72501,25.42167],[89.72501,25.42149],[89.72481,25.4215],[89.72481,25.42132],[89.72461,25.42132],[89.7246,25.42114],[89.72401,25.42115],[89.724,25.42097],[89.72321,25.42099],[89.723,25.42063],[89.72221,25.42064],[89.72219,25.4201],[89.72179,25.41993],[89.72179,25.41975],[89.72159,25.41975],[89.72159,25.41957],[89.72079,25.41941],[89.72079,25.41959],[89.72039,25.41959],[89.7204,25.41977],[89.7202,25.41978],[89.72021,25.42032],[89.71962,25.42033],[89.71943,25.4207],[89.71923,25.4207],[89.71925,25.42178],[89.71905,25.42179],[89.71911,25.42413],[89.71891,25.42413],[89.71891,25.42449],[89.71931,25.42449],[89.7195,25.42412],[89.7201,25.42411],[89.72011,25.42447],[89.72189,25.42444],[89.72209,25.42408],[89.72248,25.42407],[89.72269,25.42442],[89.72289,25.42442],[89.72288,25.42406],[89.72268,25.42406],[89.72268,25.42388],[89.72228,25.42389],[89.72227,25.42353],[89.72346,25.42351],[89.72346,25.42333],[89.72406,25.42332],[89.72406,25.42368],[89.72426,25.42367],[89.72427,25.42421],[89.72408,25.42422],[89.72408,25.4244],[89.72587,25.42437],[89.72586,25.42401],[89.72625,25.42382],[89.72624,25.42346],[89.72584,25.42328],[89.72583,25.42274],[89.72643,25.42273],[89.72642,25.42255],[89.72603,25.42256],[89.72582,25.4222],[89.72562,25.4222],[89.72562,25.42202]],[[89.72009,25.42393],[89.72049,25.42392],[89.7205,25.4241],[89.7201,25.42411],[89.72009,25.42393]],[[89.72426,25.42349],[89.72446,25.42349],[89.72446,25.42367],[89.72426,25.42367],[89.72426,25.42349]],[[89.72563,25.42257],[89.72523,25.42257],[89.72522,25.42221],[89.72562,25.4222],[89.72563,25.42257]],[[89.72028,25.42339],[89.71988,25.42339],[89.71968,25.42304],[89.71948,25.42304],[89.71947,25.4225],[89.71966,25.4225],[89.71965,25.42177],[89.72024,25.42176],[89.72023,25.42122],[89.71984,25.42123],[89.71984,25.42159],[89.71964,25.42159],[89.71963,25.42087],[89.71983,25.42087],[89.71982,25.42069],[89.72022,25.42068],[89.72022,25.42086],[89.72062,25.42085],[89.72041,25.42014],[89.7208,25.42013],[89.7208,25.41995],[89.7214,25.41994],[89.7214,25.42012],[89.7216,25.42011],[89.72161,25.42047],[89.72181,25.42047],[89.72182,25.42101],[89.72241,25.421],[89.72242,25.42118],[89.72262,25.42118],[89.72262,25.42154],[89.72302,25.42153],[89.72303,25.42171],[89.72342,25.42152],[89.72342,25.4217],[89.72382,25.4217],[89.72383,25.42206],[89.72363,25.42206],[89.72363,25.42224],[89.72324,25.42225],[89.72324,25.42243],[89.72284,25.42244],[89.72285,25.42262],[89.72245,25.42244],[89.72245,25.4228],[89.72226,25.42281],[89.72226,25.42299],[89.72206,25.42299],[89.72206,25.42281],[89.72146,25.42282],[89.72147,25.42318],[89.72127,25.42319],[89.72128,25.42373],[89.72049,25.42374],[89.72028,25.42339]],[[89.72465,25.42313],[89.72485,25.42312],[89.72484,25.42294],[89.72444,25.42277],[89.72443,25.42241],[89.72463,25.4224],[89.72463,25.42222],[89.72502,25.42222],[89.72504,25.42276],[89.72544,25.42293],[89.72545,25.42329],[89.72505,25.4233],[89.72506,25.42366],[89.72466,25.42367],[89.72465,25.42313]],[[89.72421,25.42151],[89.72441,25.42151],[89.72442,25.42169],[89.72422,25.42169],[89.72421,25.42151]]]}},{"type":"Feature","properties":{"kind":"land","ha":2.6},"geometry":{"type":"Polygon","coordinates":[[[89.75262,25.4208],[89.75259,25.41972],[89.75239,25.41972],[89.75236,25.41846],[89.75196,25.41828],[89.75195,25.41756],[89.75175,25.41757],[89.75174,25.41721],[89.75154,25.41721],[89.75155,25.41775],[89.75115,25.41758],[89.75116,25.41812],[89.75156,25.41811],[89.75157,25.41829],[89.75176,25.41829],[89.75177,25.41865],[89.75217,25.41882],[89.75218,25.419],[89.75198,25.41901],[89.75198,25.41919],[89.75099,25.4192],[89.7508,25.41957],[89.751,25.41957],[89.751,25.41975],[89.7518,25.41973],[89.75201,25.42045],[89.75241,25.42062],[89.75242,25.4208],[89.75262,25.4208]]]}},{"type":"Feature","properties":{"kind":"land","ha":1.6},"geometry":{"type":"Polygon","coordinates":[[[89.64134,25.42176],[89.64111,25.42032],[89.64151,25.42031],[89.64151,25.42013],[89.64131,25.42014],[89.6413,25.41977],[89.64169,25.41959],[89.64169,25.41941],[89.64229,25.4194],[89.64228,25.41922],[89.64208,25.41922],[89.64208,25.41886],[89.64129,25.41923],[89.6413,25.41959],[89.6411,25.4196],[89.64111,25.42014],[89.64051,25.42015],[89.64053,25.42087],[89.64073,25.42087],[89.64074,25.42123],[89.64093,25.42123],[89.64074,25.42159],[89.64094,25.42159],[89.64095,25.42177],[89.64134,25.42176]]]}},{"type":"Feature","properties":{"kind":"land","ha":1.2},"geometry":{"type":"Polygon","coordinates":[[[89.70828,25.42],[89.70826,25.41928],[89.70846,25.41927],[89.70845,25.41873],[89.70825,25.41874],[89.70824,25.41801],[89.70784,25.41784],[89.70783,25.41766],[89.70763,25.41766],[89.70762,25.41694],[89.70742,25.41695],[89.70745,25.41821],[89.70785,25.41838],[89.70786,25.41874],[89.70805,25.41874],[89.70808,25.42],[89.70828,25.42]]]}},{"type":"Feature","properties":{"kind":"land","ha":27.9},"geometry":{"type":"Polygon","coordinates":[[[89.67282,25.42534],[89.67282,25.42516],[89.67302,25.42516],[89.67302,25.42534],[89.67422,25.42532],[89.6742,25.42477],[89.6744,25.42477],[89.67439,25.42441],[89.67459,25.42441],[89.67461,25.42531],[89.67481,25.4253],[89.67479,25.42422],[89.67459,25.42423],[89.67458,25.42368],[89.67438,25.42369],[89.67439,25.42405],[89.67379,25.42406],[89.67378,25.42352],[89.67418,25.42369],[89.67418,25.42351],[89.67437,25.42351],[89.67393,25.42135],[89.67433,25.42134],[89.67452,25.42098],[89.67491,25.42097],[89.67489,25.42007],[89.67509,25.42007],[89.67508,25.4197],[89.67528,25.4197],[89.67528,25.41952],[89.67548,25.41952],[89.67547,25.41916],[89.67527,25.41916],[89.67527,25.41898],[89.67547,25.41898],[89.67545,25.41843],[89.67526,25.41844],[89.67525,25.41826],[89.67545,25.41825],[89.67544,25.41789],[89.67505,25.41808],[89.67507,25.41898],[89.67487,25.41899],[89.67487,25.41917],[89.67448,25.41917],[89.67448,25.41935],[89.67508,25.41934],[89.67508,25.41952],[89.67488,25.41953],[89.67489,25.41971],[89.67449,25.41972],[89.67449,25.4199],[89.6741,25.4199],[89.6739,25.42027],[89.67311,25.42028],[89.67311,25.4201],[89.67291,25.42011],[89.67289,25.4192],[89.67269,25.41921],[89.67268,25.41885],[89.67248,25.41885],[89.67248,25.41867],[89.67188,25.41868],[89.67188,25.4185],[89.67148,25.41851],[89.67149,25.41869],[89.67109,25.41869],[89.67108,25.41851],[89.67089,25.41852],[89.67089,25.41888],[89.6705,25.41889],[89.67029,25.41853],[89.67068,25.41834],[89.67067,25.41798],[89.66948,25.418],[89.66928,25.41764],[89.66848,25.41766],[89.66848,25.41748],[89.66808,25.41749],[89.66808,25.41767],[89.66789,25.41767],[89.6679,25.41821],[89.6681,25.41821],[89.6681,25.41857],[89.6683,25.41856],[89.66832,25.41929],[89.66812,25.41929],[89.66812,25.41947],[89.66832,25.41947],[89.66833,25.41983],[89.66853,25.41982],[89.66854,25.42037],[89.66874,25.42036],[89.66874,25.42054],[89.66934,25.42053],[89.66916,25.42162],[89.66936,25.42161],[89.66937,25.42179],[89.66976,25.42179],[89.66977,25.42197],[89.67056,25.42195],[89.67056,25.42177],[89.67076,25.42177],[89.67076,25.42195],[89.67096,25.42195],[89.67094,25.42104],[89.67054,25.42087],[89.67054,25.42069],[89.67034,25.42069],[89.67033,25.42051],[89.67013,25.42052],[89.67013,25.42016],[89.66933,25.42017],[89.66952,25.41981],[89.66972,25.4198],[89.66972,25.41962],[89.67031,25.41961],[89.67052,25.41997],[89.67072,25.41996],[89.67072,25.42015],[89.67092,25.42014],[89.67093,25.42032],[89.67112,25.42032],[89.67113,25.4205],[89.67133,25.4205],[89.67133,25.42068],[89.67153,25.42067],[89.67153,25.42085],[89.67193,25.42085],[89.67193,25.42103],[89.67213,25.42102],[89.67214,25.42156],[89.67234,25.42156],[89.67235,25.42192],[89.67295,25.42191],[89.67317,25.42299],[89.67357,25.42316],[89.67359,25.42388],[89.67319,25.42389],[89.6732,25.42443],[89.6728,25.42444],[89.6728,25.42426],[89.6724,25.42427],[89.6722,25.42391],[89.672,25.42391],[89.67199,25.42373],[89.6718,25.42374],[89.67179,25.42337],[89.67159,25.42338],[89.67158,25.42284],[89.67118,25.42284],[89.67117,25.42248],[89.67097,25.42249],[89.67097,25.42231],[89.66998,25.42232],[89.66998,25.4225],[89.66978,25.42251],[89.66979,25.42305],[89.66999,25.42305],[89.67,25.42341],[89.6702,25.4234],[89.67021,25.42376],[89.6704,25.42376],[89.67041,25.42412],[89.67061,25.42412],[89.67062,25.42448],[89.67102,25.42447],[89.67102,25.42483],[89.67143,25.42501],[89.67143,25.42519],[89.67163,25.42518],[89.67163,25.42536],[89.67282,25.42534]],[[89.6736,25.4246],[89.6738,25.4246],[89.67381,25.42478],[89.67361,25.42479],[89.6736,25.4246]],[[89.67141,25.4241],[89.6716,25.4241],[89.67161,25.42446],[89.67122,25.42447],[89.67141,25.4241]],[[89.66951,25.41908],[89.66931,25.41909],[89.6693,25.41873],[89.6691,25.41873],[89.66909,25.41819],[89.66949,25.41836],[89.6695,25.41872],[89.6697,25.41872],[89.6697,25.4189],[89.6699,25.4189],[89.66971,25.41926],[89.66951,25.41926],[89.66951,25.41908]]]}},{"type":"Feature","properties":{"kind":"land","ha":5.1},"geometry":{"type":"Polygon","coordinates":[[[89.68428,25.42224],[89.68427,25.42152],[89.68447,25.42152],[89.68446,25.42134],[89.68426,25.42134],[89.68425,25.4208],[89.68405,25.4208],[89.68404,25.42008],[89.68364,25.41991],[89.68363,25.41973],[89.68343,25.41973],[89.68342,25.41937],[89.68382,25.41918],[89.68381,25.41882],[89.68361,25.41883],[89.6836,25.41847],[89.68321,25.41847],[89.6832,25.41811],[89.6824,25.41813],[89.6824,25.41795],[89.6822,25.41795],[89.6822,25.41813],[89.68201,25.41813],[89.682,25.41777],[89.6818,25.41778],[89.68178,25.41706],[89.68158,25.41706],[89.68139,25.41742],[89.6812,25.41743],[89.6812,25.41761],[89.681,25.41761],[89.681,25.41779],[89.6812,25.41779],[89.68121,25.41815],[89.68141,25.41815],[89.68143,25.41887],[89.68202,25.41886],[89.68202,25.41868],[89.68242,25.41867],[89.68242,25.41903],[89.68262,25.41903],[89.68263,25.41957],[89.68304,25.41974],[89.68304,25.41992],[89.68284,25.41992],[89.68285,25.42029],[89.68365,25.42045],[89.68346,25.42082],[89.68326,25.42082],[89.68326,25.421],[89.68366,25.42099],[89.68368,25.42189],[89.68408,25.42189],[89.68408,25.42225],[89.68428,25.42224]],[[89.68322,25.41901],[89.68342,25.41901],[89.68342,25.41919],[89.68322,25.4192],[89.68322,25.41901]]]}},{"type":"Feature","properties":{"kind":"land","ha":2.2},"geometry":{"type":"Polygon","coordinates":[[[89.74164,25.41866],[89.74161,25.4174],[89.74201,25.41739],[89.74198,25.41631],[89.74178,25.41631],[89.7418,25.41685],[89.7414,25.41686],[89.74138,25.41614],[89.74118,25.41614],[89.74118,25.41578],[89.74078,25.41579],[89.74079,25.41615],[89.74059,25.41615],[89.7406,25.41687],[89.74101,25.41705],[89.74101,25.41723],[89.74121,25.41722],[89.74122,25.41758],[89.74102,25.41759],[89.74103,25.41813],[89.74123,25.41812],[89.74124,25.41848],[89.74144,25.41848],[89.74144,25.41866],[89.74164,25.41866]]]}},{"type":"Feature","properties":{"kind":"land","ha":3.4},"geometry":{"type":"Polygon","coordinates":[[[89.70491,25.42024],[89.7049,25.4197],[89.7047,25.4197],[89.70467,25.41844],[89.70447,25.41844],[89.70446,25.4179],[89.70426,25.41791],[89.70424,25.41719],[89.70404,25.41719],[89.70403,25.41665],[89.70383,25.41665],[89.70383,25.41629],[89.70363,25.41629],[89.70362,25.41593],[89.70342,25.41594],[89.70341,25.41558],[89.70321,25.41558],[89.70323,25.41612],[89.70303,25.41612],[89.70304,25.41649],[89.70284,25.41649],[89.70286,25.41739],[89.70306,25.41739],[89.70306,25.41775],[89.70326,25.41774],[89.70325,25.41702],[89.70384,25.41701],[89.70385,25.41755],[89.70346,25.41774],[89.70347,25.41828],[89.70387,25.41846],[89.70389,25.419],[89.70408,25.41899],[89.70409,25.41935],[89.70429,25.41935],[89.7043,25.41971],[89.7047,25.41988],[89.70471,25.42025],[89.70491,25.42024]]]}},{"type":"Feature","properties":{"kind":"land","ha":1.9},"geometry":{"type":"Polygon","coordinates":[[[89.6502,25.41799],[89.6502,25.41781],[89.65119,25.41779],[89.65119,25.41761],[89.65179,25.4176],[89.65178,25.41742],[89.65198,25.41742],[89.65197,25.41706],[89.65158,25.41706],[89.65138,25.41743],[89.65099,25.41743],[89.65099,25.41761],[89.65079,25.41762],[89.65079,25.41744],[89.64999,25.41745],[89.64998,25.41691],[89.64939,25.41692],[89.64939,25.4171],[89.64919,25.41711],[89.64899,25.41675],[89.64879,25.41675],[89.64878,25.41657],[89.64819,25.41658],[89.64819,25.41694],[89.6486,25.41712],[89.6486,25.4173],[89.64939,25.41728],[89.6496,25.41764],[89.6498,25.41764],[89.6498,25.41782],[89.65,25.41781],[89.65001,25.41799],[89.6502,25.41799]]]}},{"type":"Feature","properties":{"kind":"land","ha":2.8},"geometry":{"type":"Polygon","coordinates":[[[89.64345,25.41793],[89.64344,25.41775],[89.64384,25.41774],[89.64384,25.41756],[89.64443,25.41755],[89.64464,25.41791],[89.64484,25.41791],[89.64483,25.41736],[89.64442,25.41719],[89.64461,25.41647],[89.64382,25.41666],[89.64363,25.41703],[89.64343,25.41703],[89.64343,25.41739],[89.64324,25.41739],[89.64323,25.41703],[89.64303,25.41704],[89.64303,25.41686],[89.64184,25.41706],[89.64185,25.4176],[89.64225,25.41777],[89.64225,25.41795],[89.64345,25.41793]]]}},{"type":"Feature","properties":{"kind":"land","ha":1.3},"geometry":{"type":"Polygon","coordinates":[[[89.73621,25.41587],[89.7362,25.41533],[89.73659,25.41532],[89.73659,25.41496],[89.73639,25.41497],[89.73638,25.41442],[89.73618,25.41443],[89.73619,25.41515],[89.73599,25.41515],[89.73579,25.4148],[89.73599,25.41479],[89.73598,25.41461],[89.73539,25.41462],[89.73538,25.41444],[89.73518,25.41445],[89.7354,25.41516],[89.7356,25.41516],[89.73561,25.4157],[89.73541,25.41571],[89.73542,25.41607],[89.73621,25.41587]]]}},{"type":"Feature","properties":{"kind":"land","ha":2.4},"geometry":{"type":"Polygon","coordinates":[[[89.67103,25.41617],[89.67103,25.41599],[89.67222,25.41597],[89.67221,25.41561],[89.67241,25.4156],[89.6724,25.41524],[89.6726,25.41524],[89.6726,25.41506],[89.6718,25.41489],[89.67179,25.41471],[89.6714,25.41472],[89.67141,25.41526],[89.67101,25.41527],[89.671,25.41473],[89.6704,25.41474],[89.67043,25.41582],[89.67063,25.41582],[89.67063,25.41618],[89.67103,25.41617]]]}},{"type":"Feature","properties":{"kind":"land","ha":20.9},"geometry":{"type":"Polygon","coordinates":[[[89.65589,25.42366],[89.65588,25.42294],[89.65647,25.42293],[89.65646,25.42239],[89.65706,25.42238],[89.65705,25.4222],[89.65745,25.42219],[89.65745,25.42201],[89.65784,25.422],[89.65784,25.42182],[89.65844,25.42181],[89.65843,25.42163],[89.65883,25.42162],[89.65883,25.42144],[89.65903,25.42144],[89.65902,25.42126],[89.65862,25.42127],[89.65863,25.42145],[89.65843,25.42145],[89.65822,25.42109],[89.65783,25.4211],[89.65782,25.42092],[89.65762,25.42092],[89.65761,25.42038],[89.65841,25.42037],[89.6586,25.42],[89.65879,25.42],[89.65879,25.41982],[89.65899,25.41982],[89.65899,25.42],[89.65919,25.41999],[89.6592,25.42017],[89.659,25.42018],[89.65901,25.42072],[89.65921,25.42071],[89.65922,25.42108],[89.65981,25.42107],[89.65981,25.42088],[89.65941,25.42089],[89.6594,25.42035],[89.65979,25.42016],[89.65979,25.41998],[89.66019,25.41998],[89.66018,25.41979],[89.66058,25.41979],[89.66076,25.41906],[89.66036,25.41889],[89.66036,25.41871],[89.65976,25.41872],[89.65976,25.41854],[89.65956,25.41854],[89.65956,25.41872],[89.65877,25.41874],[89.65876,25.4182],[89.65915,25.41801],[89.65914,25.41765],[89.65934,25.41764],[89.65934,25.41746],[89.66013,25.41727],[89.66032,25.4169],[89.66052,25.4169],[89.66051,25.41654],[89.66031,25.41654],[89.6603,25.41636],[89.65991,25.41637],[89.6599,25.41619],[89.6603,25.41618],[89.6603,25.416],[89.6605,25.416],[89.66048,25.41546],[89.66088,25.41527],[89.66087,25.41491],[89.66147,25.4149],[89.66166,25.41453],[89.66046,25.41456],[89.66047,25.41474],[89.66007,25.41474],[89.65988,25.41511],[89.65948,25.41511],[89.65929,25.41548],[89.65909,25.41548],[89.6591,25.41566],[89.6589,25.41567],[89.65891,25.41603],[89.65851,25.41622],[89.65852,25.41658],[89.65812,25.41658],[89.65813,25.41676],[89.65793,25.41677],[89.65795,25.41785],[89.65756,25.41786],[89.65756,25.41822],[89.65717,25.41841],[89.65717,25.41859],[89.65698,25.41859],[89.65698,25.41877],[89.65678,25.41877],[89.6566,25.4195],[89.6564,25.4195],[89.65641,25.42004],[89.65621,25.42005],[89.65623,25.42077],[89.65603,25.42077],[89.65603,25.42095],[89.65623,25.42095],[89.65624,25.42131],[89.65584,25.42132],[89.65565,25.42168],[89.65545,25.42169],[89.65527,25.42241],[89.65507,25.42241],[89.65509,25.42314],[89.65469,25.42332],[89.6549,25.42368],[89.65589,25.42366]],[[89.65937,25.41891],[89.65957,25.4189],[89.65957,25.41926],[89.65937,25.41927],[89.65937,25.41891]]]}},{"type":"Feature","properties":{"kind":"land","ha":3.2},"geometry":{"type":"Polygon","coordinates":[[[89.73745,25.41783],[89.73743,25.41729],[89.73763,25.41729],[89.73754,25.41332],[89.73734,25.41332],[89.73734,25.41296],[89.73694,25.41297],[89.73694,25.41315],[89.73674,25.41315],[89.73675,25.41352],[89.73616,25.41353],[89.73617,25.41425],[89.73637,25.41424],[89.73638,25.41442],[89.73657,25.41442],[89.73656,25.41388],[89.73716,25.41387],[89.73721,25.41621],[89.73701,25.41622],[89.73703,25.41712],[89.73683,25.41712],[89.73684,25.41748],[89.73704,25.41748],[89.73704,25.41766],[89.73685,25.41766],[89.73685,25.41784],[89.73745,25.41783]]]}},{"type":"Feature","properties":{"kind":"land","ha":23.4},"geometry":{"type":"Polygon","coordinates":[[[89.74279,25.41683],[89.7428,25.41737],[89.7426,25.41738],[89.74262,25.4181],[89.74242,25.4181],[89.74243,25.41864],[89.74263,25.41864],[89.74264,25.419],[89.74304,25.41917],[89.74305,25.41953],[89.74325,25.41953],[89.74326,25.42007],[89.74306,25.42008],[89.74307,25.42026],[89.74346,25.42025],[89.74347,25.42079],[89.74367,25.42079],[89.74369,25.42133],[89.7429,25.4217],[89.74291,25.42206],[89.74311,25.42206],[89.74311,25.42242],[89.74331,25.42242],[89.74333,25.42296],[89.74352,25.42295],[89.74374,25.42367],[89.74414,25.42385],[89.74414,25.42403],[89.74454,25.42402],[89.74454,25.42384],[89.74434,25.42384],[89.74433,25.42348],[89.74413,25.42348],[89.74412,25.42312],[89.74393,25.42313],[89.74391,25.42259],[89.74431,25.4224],[89.74451,25.42276],[89.74471,25.42275],[89.74473,25.42347],[89.74493,25.42347],[89.74494,25.42401],[89.74534,25.424],[89.74553,25.42364],[89.74592,25.42363],[89.74593,25.42399],[89.74613,25.42399],[89.74612,25.42345],[89.74632,25.42344],[89.74631,25.42326],[89.74651,25.42326],[89.74652,25.42344],[89.74671,25.42344],[89.74671,25.42326],[89.74691,25.42325],[89.74712,25.42397],[89.74752,25.42396],[89.74751,25.42342],[89.74711,25.42343],[89.7471,25.42307],[89.7473,25.42306],[89.74729,25.42234],[89.74748,25.42234],[89.74748,25.42198],[89.74669,25.42217],[89.74662,25.41947],[89.74682,25.41946],[89.74682,25.4191],[89.74641,25.41893],[89.74659,25.41784],[89.74699,25.41784],[89.74718,25.41747],[89.74658,25.41748],[89.74657,25.41712],[89.74637,25.41713],[89.74636,25.4164],[89.74596,25.41641],[89.74597,25.41695],[89.74617,25.41695],[89.74617,25.41713],[89.74598,25.41713],[89.74599,25.41785],[89.74639,25.41803],[89.7464,25.41821],[89.7462,25.41821],[89.74621,25.41875],[89.74601,25.41876],[89.74602,25.41894],[89.74522,25.41895],[89.74521,25.41859],[89.74561,25.41858],[89.74559,25.4175],[89.74499,25.41751],[89.74516,25.41607],[89.74496,25.41607],[89.74495,25.41571],[89.74515,25.4157],[89.74514,25.41516],[89.74473,25.41499],[89.74473,25.41463],[89.74453,25.41463],[89.74452,25.41445],[89.74433,25.41446],[89.7443,25.41355],[89.7445,25.41355],[89.74449,25.41283],[89.74429,25.41283],[89.74428,25.41265],[89.74389,25.41266],[89.7441,25.41338],[89.7439,25.41338],[89.74391,25.41356],[89.74331,25.41357],[89.74332,25.41375],[89.74351,25.41375],[89.74352,25.41411],[89.74392,25.41392],[89.74392,25.41428],[89.74373,25.41429],[89.74374,25.41483],[89.74413,25.41464],[89.74416,25.41572],[89.74456,25.4159],[89.74455,25.41572],[89.74475,25.41571],[89.74477,25.41643],[89.74457,25.41644],[89.74459,25.41734],[89.74479,25.41734],[89.74479,25.41752],[89.74459,25.41752],[89.7446,25.4177],[89.7448,25.4177],[89.7448,25.41788],[89.7446,25.41788],[89.74461,25.41824],[89.74441,25.41825],[89.74441,25.41806],[89.74421,25.41807],[89.7442,25.41753],[89.744,25.41753],[89.74399,25.41717],[89.74379,25.41717],[89.74378,25.41681],[89.74298,25.41647],[89.74299,25.41683],[89.74279,25.41683]],[[89.74592,25.42327],[89.74591,25.42309],[89.74571,25.42309],[89.7459,25.42237],[89.7457,25.42237],[89.74568,25.42183],[89.74509,25.42184],[89.74508,25.42166],[89.74409,25.42168],[89.74407,25.42096],[89.74467,25.42095],[89.74468,25.42131],[89.74488,25.4213],[89.74465,25.41987],[89.74445,25.41987],[89.74444,25.41933],[89.74463,25.41932],[89.74463,25.41914],[89.74503,25.41932],[89.74504,25.4195],[89.74523,25.41949],[89.74524,25.41985],[89.74564,25.42003],[89.74565,25.42021],[89.74585,25.4202],[89.74585,25.42056],[89.74605,25.42056],[89.74607,25.4211],[89.74567,25.42111],[89.74567,25.42129],[89.74607,25.42146],[89.74608,25.42182],[89.74628,25.42182],[89.74628,25.422],[89.74609,25.422],[89.7461,25.42255],[89.7463,25.42254],[89.74631,25.42326],[89.74592,25.42327]],[[89.74339,25.41682],[89.74339,25.41718],[89.743,25.41719],[89.74299,25.41683],[89.74339,25.41682]],[[89.7435,25.42205],[89.7433,25.42206],[89.7433,25.4217],[89.74369,25.42169],[89.74371,25.42223],[89.74351,25.42223],[89.7435,25.42205]],[[89.74385,25.4197],[89.74424,25.41969],[89.74425,25.41987],[89.74385,25.41988],[89.74385,25.4197]],[[89.74344,25.41935],[89.74364,25.41934],[89.74365,25.4197],[89.74345,25.41971],[89.74344,25.41935]],[[89.74323,25.41863],[89.74343,25.41862],[89.74343,25.41899],[89.74324,25.41899],[89.74323,25.41863]]]}},{"type":"Feature","properties":{"kind":"land","ha":1.2},"geometry":{"type":"Polygon","coordinates":[[[89.68769,25.4146],[89.68768,25.41424],[89.68748,25.41424],[89.68747,25.4137],[89.68767,25.4137],[89.68767,25.41352],[89.68727,25.41353],[89.68728,25.41389],[89.68668,25.4139],[89.68668,25.41372],[89.68648,25.41372],[89.68647,25.41336],[89.68627,25.41336],[89.68626,25.413],[89.68607,25.41301],[89.68629,25.41409],[89.68669,25.41426],[89.68669,25.41444],[89.68689,25.41444],[89.6869,25.41462],[89.68769,25.4146]]]}},{"type":"Feature","properties":{"kind":"land","ha":10.8},"geometry":{"type":"Polygon","coordinates":[[[89.76214,25.42008],[89.76213,25.41972],[89.76253,25.41971],[89.7625,25.41845],[89.7623,25.41845],[89.76229,25.41791],[89.76268,25.41772],[89.76268,25.41754],[89.76308,25.41753],[89.76307,25.41717],[89.76327,25.41717],[89.76326,25.41699],[89.76306,25.41699],[89.76306,25.41681],[89.76246,25.41682],[89.76247,25.41718],[89.76227,25.41719],[89.76228,25.41737],[89.76188,25.41738],[89.76186,25.41647],[89.76146,25.41648],[89.76146,25.4163],[89.76126,25.41631],[89.76125,25.41594],[89.76145,25.41594],[89.76144,25.4154],[89.76124,25.4154],[89.76123,25.41504],[89.76143,25.41504],[89.76142,25.41486],[89.76123,25.41486],[89.76121,25.41396],[89.7614,25.41396],[89.7614,25.4136],[89.76159,25.41359],[89.76159,25.41341],[89.76179,25.41341],[89.76178,25.41305],[89.76198,25.41304],[89.76198,25.41286],[89.76257,25.41285],[89.76256,25.41249],[89.76217,25.4125],[89.76215,25.41196],[89.76195,25.41196],[89.76197,25.4125],[89.76157,25.41269],[89.76137,25.41233],[89.76117,25.41234],[89.76116,25.41198],[89.76056,25.41199],[89.76054,25.4109],[89.76034,25.41091],[89.76035,25.41127],[89.76015,25.41127],[89.76014,25.41073],[89.75954,25.41074],[89.75956,25.41164],[89.75996,25.41182],[89.75997,25.412],[89.75957,25.41201],[89.75959,25.41273],[89.75979,25.41272],[89.75979,25.4129],[89.76039,25.41289],[89.76038,25.41271],[89.76058,25.41271],[89.76058,25.41289],[89.76078,25.41288],[89.76078,25.41252],[89.76117,25.41252],[89.76118,25.41288],[89.76079,25.41307],[89.76081,25.41397],[89.76041,25.41416],[89.76041,25.41397],[89.76001,25.41398],[89.76002,25.41416],[89.75982,25.41417],[89.75984,25.41489],[89.76003,25.41488],[89.76004,25.41525],[89.76024,25.41524],[89.76025,25.4156],[89.76045,25.4156],[89.76046,25.41614],[89.76066,25.41614],[89.76067,25.4165],[89.76087,25.41649],[89.76087,25.41685],[89.76107,25.41685],[89.7613,25.41793],[89.7617,25.4181],[89.76171,25.41846],[89.7619,25.41846],[89.76191,25.41864],[89.76171,25.41864],[89.76172,25.41918],[89.76192,25.41918],[89.76194,25.42008],[89.76214,25.42008]],[[89.75977,25.41218],[89.75997,25.41218],[89.75998,25.41236],[89.75978,25.41236],[89.75977,25.41218]],[[89.76017,25.41217],[89.76037,25.41217],[89.76037,25.41235],[89.76018,25.41235],[89.76017,25.41217]],[[89.75976,25.41146],[89.75996,25.41146],[89.75996,25.41164],[89.75976,25.41164],[89.75976,25.41146]]]}},{"type":"Feature","properties":{"kind":"land","ha":14.8},"geometry":{"type":"Polygon","coordinates":[[[89.71081,25.41761],[89.71099,25.41688],[89.71079,25.41688],[89.7108,25.41706],[89.7102,25.41708],[89.71019,25.41653],[89.70999,25.41654],[89.70998,25.41618],[89.70979,25.41618],[89.70976,25.4151],[89.70996,25.41509],[89.70995,25.41473],[89.71015,25.41473],[89.71015,25.41455],[89.71154,25.41452],[89.71152,25.41398],[89.71113,25.41417],[89.71114,25.41435],[89.71014,25.41437],[89.71014,25.41419],[89.70974,25.4142],[89.70974,25.41402],[89.70954,25.41402],[89.70953,25.41384],[89.70914,25.41385],[89.70893,25.41349],[89.70873,25.41349],[89.70873,25.41331],[89.70853,25.41332],[89.70852,25.41314],[89.70793,25.41315],[89.70793,25.41333],[89.70773,25.41333],[89.70774,25.41369],[89.70754,25.4137],[89.70776,25.41441],[89.70677,25.41443],[89.70675,25.41371],[89.70635,25.41372],[89.70634,25.413],[89.70593,25.41282],[89.70593,25.41246],[89.70553,25.41229],[89.70552,25.41211],[89.70512,25.41212],[89.70512,25.41194],[89.70492,25.41194],[89.70491,25.41158],[89.70452,25.41159],[89.70452,25.41195],[89.70433,25.41195],[89.70434,25.41249],[89.70454,25.41249],[89.70455,25.41321],[89.70475,25.41321],[89.70476,25.41357],[89.70456,25.41357],[89.70456,25.41375],[89.70476,25.41375],[89.70478,25.41447],[89.70498,25.41446],[89.70499,25.41519],[89.70519,25.41518],[89.7052,25.41554],[89.70599,25.41553],[89.70599,25.41535],[89.70619,25.41534],[89.70619,25.41516],[89.70599,25.41517],[89.70598,25.41481],[89.70558,25.41463],[89.70557,25.41445],[89.70577,25.41445],[89.70576,25.41409],[89.70636,25.41408],[89.70636,25.41426],[89.70656,25.41425],[89.70657,25.41462],[89.70677,25.41461],[89.70678,25.41497],[89.70698,25.41497],[89.70699,25.41551],[89.70659,25.41552],[89.7066,25.41588],[89.7068,25.41587],[89.70681,25.41642],[89.70701,25.41641],[89.70702,25.41677],[89.70722,25.41677],[89.70722,25.41695],[89.70742,25.41695],[89.70741,25.41659],[89.70721,25.41659],[89.7072,25.41623],[89.707,25.41623],[89.707,25.41587],[89.70739,25.41568],[89.7076,25.41604],[89.70779,25.41604],[89.70781,25.41676],[89.70821,25.41675],[89.7082,25.41639],[89.7088,25.41638],[89.709,25.41674],[89.7092,25.41673],[89.70921,25.41727],[89.71,25.41708],[89.71021,25.41744],[89.71041,25.41743],[89.71041,25.41761],[89.71081,25.41761]],[[89.70899,25.4162],[89.70859,25.41602],[89.70858,25.41566],[89.70838,25.41567],[89.70837,25.41512],[89.70857,25.41512],[89.70857,25.41494],[89.70897,25.41511],[89.70898,25.41583],[89.70938,25.41601],[89.7094,25.41655],[89.709,25.41656],[89.70899,25.4162]],[[89.70856,25.41458],[89.70816,25.41459],[89.70815,25.41405],[89.70894,25.41403],[89.70876,25.41476],[89.70856,25.41476],[89.70856,25.41458]]]}},{"type":"Feature","properties":{"kind":"land","ha":1.2},"geometry":{"type":"Polygon","coordinates":[[[89.68766,25.41298],[89.68765,25.41262],[89.68785,25.41261],[89.68782,25.41135],[89.68742,25.41136],[89.68723,25.41172],[89.68703,25.41173],[89.68704,25.41191],[89.68684,25.41191],[89.68684,25.41209],[89.68704,25.41209],[89.68705,25.41263],[89.68745,25.4128],[89.68746,25.41298],[89.68766,25.41298]]]}},{"type":"Feature","properties":{"kind":"land","ha":2.6},"geometry":{"type":"Polygon","coordinates":[[[89.7,25.41383],[89.69998,25.41329],[89.70018,25.41329],[89.70018,25.41311],[89.70058,25.4131],[89.70057,25.41292],[89.70117,25.41291],[89.70117,25.41309],[89.70137,25.41309],[89.70115,25.41237],[89.70096,25.41237],[89.70095,25.41201],[89.70075,25.41202],[89.70074,25.41147],[89.70113,25.41129],[89.70113,25.41111],[89.70053,25.41112],[89.70053,25.4113],[89.69974,25.41131],[89.69974,25.41149],[89.69955,25.4115],[89.69976,25.41221],[89.70036,25.4122],[89.70037,25.41274],[89.69997,25.41275],[89.69978,25.41312],[89.69958,25.41312],[89.69959,25.4133],[89.69919,25.41331],[89.6994,25.41366],[89.69979,25.41366],[89.6998,25.41384],[89.7,25.41383]]]}},{"type":"Feature","properties":{"kind":"land","ha":13.1},"geometry":{"type":"Polygon","coordinates":[[[89.64659,25.41607],[89.64658,25.41571],[89.64678,25.41571],[89.64677,25.41534],[89.64697,25.41534],[89.64696,25.41498],[89.64716,25.41498],[89.64714,25.41425],[89.64655,25.41427],[89.64634,25.41391],[89.64654,25.4139],[89.64653,25.41372],[89.64693,25.41372],[89.64694,25.4139],[89.64733,25.41389],[89.64732,25.41353],[89.64752,25.41353],[89.64752,25.41335],[89.64792,25.41352],[89.64791,25.41316],[89.64811,25.41315],[89.6481,25.41243],[89.6479,25.41244],[89.64788,25.41171],[89.64768,25.41172],[89.64768,25.41154],[89.64689,25.41173],[89.6467,25.4121],[89.64531,25.41212],[89.64531,25.4123],[89.64511,25.41231],[89.64512,25.41267],[89.64492,25.41267],[89.64493,25.41303],[89.64454,25.41322],[89.64453,25.41304],[89.64433,25.41304],[89.64434,25.4134],[89.64395,25.41359],[89.64396,25.41395],[89.64376,25.41395],[89.64376,25.41432],[89.64436,25.4143],[89.64436,25.41449],[89.64456,25.41448],[89.64457,25.41466],[89.64437,25.41467],[89.64438,25.41521],[89.64418,25.41521],[89.64419,25.41539],[89.64478,25.41538],[89.64479,25.41574],[89.64519,25.41573],[89.64518,25.41555],[89.64538,25.41555],[89.64537,25.41519],[89.64578,25.41536],[89.64579,25.41626],[89.6456,25.41627],[89.6456,25.41645],[89.6458,25.41644],[89.6458,25.41663],[89.64541,25.41681],[89.64542,25.41717],[89.64582,25.41735],[89.64582,25.41753],[89.64602,25.41752],[89.64601,25.41716],[89.64621,25.41716],[89.6462,25.4168],[89.6464,25.4168],[89.64639,25.41607],[89.64659,25.41607]],[[89.64619,25.41608],[89.64618,25.4159],[89.64638,25.41589],[89.64639,25.41607],[89.64619,25.41608]],[[89.64496,25.41429],[89.64516,25.41429],[89.64516,25.41447],[89.64496,25.41447],[89.64496,25.41429]]]}},{"type":"Feature","properties":{"kind":"land","ha":7.1},"geometry":{"type":"Polygon","coordinates":[[[89.74184,25.40981],[89.74243,25.4098],[89.74241,25.40908],[89.74222,25.40908],[89.74221,25.4089],[89.74181,25.40891],[89.74182,25.40927],[89.74162,25.40927],[89.74164,25.40999],[89.74144,25.41],[89.74145,25.41054],[89.74106,25.41055],[89.74107,25.41109],[89.74087,25.41109],[89.7409,25.41235],[89.7407,25.41236],[89.74072,25.41326],[89.74092,25.41326],[89.74093,25.41362],[89.74073,25.41362],[89.74074,25.41398],[89.74094,25.41398],[89.74095,25.4147],[89.74056,25.41471],[89.74056,25.41489],[89.73996,25.4149],[89.73997,25.41526],[89.73977,25.41526],[89.73979,25.41617],[89.73999,25.41616],[89.74,25.41634],[89.74019,25.41634],[89.74017,25.41544],[89.74057,25.41525],[89.74056,25.41507],[89.74116,25.41506],[89.74117,25.41542],[89.74156,25.41541],[89.74177,25.41577],[89.74197,25.41576],[89.74193,25.41378],[89.74212,25.41378],[89.7421,25.41251],[89.74229,25.41251],[89.74229,25.41233],[89.74209,25.41233],[89.74207,25.41161],[89.74247,25.41142],[89.74244,25.41034],[89.74224,25.41034],[89.74226,25.41089],[89.74186,25.41107],[89.74184,25.40981]],[[89.74207,25.41143],[89.74168,25.41162],[89.74169,25.41198],[89.74188,25.41198],[89.74191,25.41306],[89.74151,25.41307],[89.7413,25.41271],[89.74111,25.41271],[89.74108,25.41163],[89.74147,25.41144],[89.74147,25.41126],[89.74167,25.41126],[89.74167,25.41108],[89.74186,25.41107],[89.74207,25.41143]]]}},{"type":"Feature","properties":{"kind":"land","ha":5.6},"geometry":{"type":"Polygon","coordinates":[[[89.7483,25.41438],[89.74829,25.41402],[89.74809,25.41403],[89.74808,25.41366],[89.74728,25.4135],[89.74708,25.41314],[89.74648,25.41315],[89.74648,25.41297],[89.74608,25.41298],[89.74608,25.4128],[89.74568,25.41281],[89.74567,25.41245],[89.74547,25.41245],[89.74543,25.41065],[89.74623,25.41063],[89.74622,25.41027],[89.74642,25.41027],[89.74641,25.41009],[89.74701,25.41008],[89.747,25.40971],[89.7466,25.40954],[89.74659,25.40936],[89.7464,25.40936],[89.74639,25.40918],[89.74619,25.40919],[89.74619,25.40901],[89.74599,25.40901],[89.74599,25.40883],[89.74519,25.40867],[89.74519,25.40885],[89.74499,25.40885],[89.74501,25.40957],[89.74521,25.40957],[89.74522,25.40993],[89.74502,25.40993],[89.74504,25.41101],[89.74484,25.41102],[89.74487,25.4121],[89.74527,25.41227],[89.74549,25.41335],[89.74569,25.41335],[89.7457,25.41389],[89.7459,25.41389],[89.74589,25.41352],[89.74609,25.41352],[89.74609,25.41334],[89.74668,25.41333],[89.74669,25.41351],[89.74709,25.4135],[89.74709,25.41386],[89.74749,25.41386],[89.7477,25.41421],[89.7481,25.41421],[89.7481,25.41439],[89.7483,25.41438]]]}},{"type":"Feature","properties":{"kind":"land","ha":3.3},"geometry":{"type":"Polygon","coordinates":[[[89.63731,25.40992],[89.63732,25.41028],[89.63712,25.41028],[89.63733,25.41064],[89.63812,25.41045],[89.63811,25.41027],[89.63851,25.41026],[89.63851,25.41044],[89.63871,25.41044],[89.63871,25.41026],[89.63911,25.41025],[89.63931,25.41061],[89.63971,25.4106],[89.6397,25.41006],[89.6387,25.41007],[89.63869,25.40953],[89.63969,25.40952],[89.64007,25.40879],[89.63947,25.4088],[89.63947,25.40862],[89.63927,25.40862],[89.63926,25.40826],[89.63866,25.40827],[89.63867,25.40845],[89.63827,25.40846],[89.63828,25.40882],[89.63808,25.40882],[89.63808,25.409],[89.63828,25.409],[89.6383,25.4099],[89.6375,25.40974],[89.63751,25.40992],[89.63731,25.40992]],[[89.63771,25.40991],[89.63771,25.41027],[89.63752,25.41028],[89.63751,25.40992],[89.63771,25.40991]]]}},{"type":"Feature","properties":{"kind":"land","ha":3.9},"geometry":{"type":"Polygon","coordinates":[[[89.73667,25.41009],[89.73666,25.40955],[89.73646,25.40955],[89.73646,25.40937],[89.73666,25.40937],[89.73665,25.40919],[89.73725,25.40917],[89.73725,25.40899],[89.73685,25.409],[89.73685,25.40882],[89.73764,25.40881],[89.73764,25.40863],[89.73664,25.40864],[89.73663,25.40828],[89.73703,25.4081],[89.73702,25.40792],[89.73742,25.40791],[89.73742,25.40773],[89.73782,25.4079],[89.73781,25.40754],[89.73801,25.40754],[89.73799,25.40663],[89.73759,25.40646],[89.73758,25.40628],[89.73738,25.40628],[89.7374,25.40701],[89.7372,25.40701],[89.73721,25.40719],[89.73661,25.4072],[89.73642,25.40757],[89.73602,25.40757],[89.73583,25.40794],[89.73563,25.40794],[89.73564,25.4083],[89.73544,25.40831],[89.73565,25.40866],[89.73585,25.40866],[89.73585,25.40884],[89.73605,25.40884],[89.73606,25.40938],[89.73626,25.40937],[89.73627,25.40991],[89.73647,25.40991],[89.73648,25.41009],[89.73667,25.41009]]]}},{"type":"Feature","properties":{"kind":"land","ha":3.9},"geometry":{"type":"Polygon","coordinates":[[[89.75737,25.41132],[89.75737,25.41114],[89.75756,25.41114],[89.75755,25.41042],[89.75735,25.41042],[89.75736,25.41078],[89.75716,25.41079],[89.75716,25.41097],[89.75677,25.41098],[89.75656,25.41062],[89.75636,25.41062],[89.75636,25.41044],[89.75596,25.41045],[89.75595,25.41027],[89.75576,25.41027],[89.75575,25.40991],[89.75555,25.40992],[89.75554,25.40955],[89.75534,25.40956],[89.75534,25.40938],[89.75494,25.40939],[89.75473,25.40903],[89.75454,25.40903],[89.75453,25.40885],[89.75433,25.40886],[89.75433,25.40867],[89.75413,25.40868],[89.75413,25.4085],[89.75393,25.4085],[89.75392,25.40814],[89.75372,25.40814],[89.75372,25.40796],[89.75332,25.40797],[89.75331,25.40761],[89.75291,25.40744],[89.75291,25.40726],[89.75271,25.40726],[89.75249,25.40654],[89.75229,25.40655],[89.75228,25.40619],[89.75209,25.40619],[89.75208,25.40583],[89.75188,25.40583],[89.75188,25.40565],[89.75148,25.40566],[89.75149,25.40602],[89.75189,25.40619],[89.7521,25.40691],[89.7523,25.40691],[89.75231,25.40727],[89.75271,25.40744],[89.75271,25.40762],[89.75291,25.40762],[89.75292,25.4078],[89.75312,25.40779],[89.75333,25.40851],[89.75373,25.40869],[89.75374,25.40905],[89.75394,25.40904],[89.75394,25.40922],[89.75434,25.40922],[89.75475,25.40993],[89.75515,25.40992],[89.75536,25.41028],[89.75556,25.41028],[89.75556,25.41046],[89.75576,25.41045],[89.75576,25.41063],[89.75596,25.41063],[89.75597,25.41081],[89.75617,25.41081],[89.75617,25.41117],[89.75637,25.41116],[89.75638,25.41134],[89.75737,25.41132]]]}},{"type":"Feature","properties":{"kind":"land","ha":11.9},"geometry":{"type":"Polygon","coordinates":[[[89.64589,25.41139],[89.64588,25.41121],[89.64648,25.4112],[89.64648,25.41102],[89.64687,25.41101],[89.64668,25.41138],[89.64708,25.41137],[89.64707,25.41101],[89.64727,25.411],[89.64727,25.41082],[89.64707,25.41083],[89.64706,25.41029],[89.64725,25.41028],[89.64725,25.40992],[89.64744,25.40992],[89.64739,25.40739],[89.64699,25.4074],[89.64699,25.40722],[89.64679,25.40722],[89.64679,25.4074],[89.6464,25.40741],[89.64619,25.40705],[89.6454,25.40707],[89.6454,25.40725],[89.645,25.40725],[89.64501,25.40743],[89.64481,25.40744],[89.64481,25.40762],[89.64521,25.40761],[89.64521,25.40779],[89.64541,25.40779],[89.64542,25.40815],[89.64503,25.40834],[89.64504,25.40888],[89.64484,25.40888],[89.64484,25.40906],[89.64504,25.40906],[89.64505,25.40942],[89.64445,25.40943],[89.64443,25.40853],[89.64463,25.40852],[89.64463,25.40834],[89.64443,25.40835],[89.64443,25.40817],[89.64383,25.40818],[89.64384,25.40854],[89.64344,25.40873],[89.64346,25.40945],[89.64386,25.40962],[89.64388,25.41034],[89.64428,25.41052],[89.64428,25.4107],[89.64448,25.41069],[89.64448,25.41087],[89.64488,25.41087],[89.64509,25.41122],[89.64529,25.41122],[89.64529,25.4114],[89.64589,25.41139]],[[89.64466,25.40997],[89.64486,25.40996],[89.64487,25.41051],[89.64468,25.41051],[89.64466,25.40997]],[[89.64586,25.40995],[89.64605,25.40994],[89.64605,25.40958],[89.64625,25.40958],[89.64624,25.4094],[89.64565,25.40941],[89.64564,25.40905],[89.64544,25.40905],[89.64543,25.40887],[89.64583,25.40886],[89.64584,25.40922],[89.64623,25.40904],[89.64624,25.40922],[89.64663,25.40921],[89.64665,25.40975],[89.64684,25.40975],[89.64685,25.41011],[89.64646,25.41012],[89.64646,25.4103],[89.64586,25.41031],[89.64586,25.40995]]]}},{"type":"Feature","properties":{"kind":"land","ha":4.6},"geometry":{"type":"Polygon","coordinates":[[[89.69313,25.40909],[89.69312,25.40855],[89.69372,25.40854],[89.69371,25.40817],[89.69351,25.40818],[89.69351,25.408],[89.6939,25.40781],[89.6939,25.40763],[89.69409,25.40763],[89.69409,25.40726],[89.69488,25.40743],[89.6949,25.40815],[89.6953,25.40815],[89.69529,25.4076],[89.69548,25.4076],[89.69569,25.40796],[89.69589,25.40795],[89.69589,25.40813],[89.69609,25.40813],[89.69608,25.40777],[89.69568,25.4076],[89.69568,25.40724],[89.69527,25.40706],[89.69526,25.40634],[89.69506,25.40634],[89.69506,25.40653],[89.69467,25.40653],[89.69466,25.40617],[89.69446,25.40618],[89.69445,25.40581],[89.69425,25.40582],[89.69425,25.40564],[89.69405,25.40564],[89.69406,25.406],[89.69426,25.406],[89.69426,25.40636],[89.69446,25.40636],[89.69448,25.4069],[89.69388,25.40691],[89.69367,25.40655],[89.69288,25.40657],[89.69288,25.40675],[89.69308,25.40674],[89.69309,25.4071],[89.69289,25.40711],[89.69289,25.40729],[89.6925,25.40729],[89.6925,25.40747],[89.6921,25.40748],[89.69212,25.40802],[89.69231,25.40802],[89.69231,25.40784],[89.6931,25.40782],[89.69312,25.40837],[89.69272,25.40855],[89.69273,25.40873],[89.69253,25.40874],[89.69274,25.40909],[89.69313,25.40909]]]}},{"type":"Feature","properties":{"kind":"land","ha":2.7},"geometry":{"type":"Polygon","coordinates":[[[89.72333,25.40871],[89.72333,25.40889],[89.72373,25.40888],[89.72373,25.4087],[89.72393,25.4087],[89.72393,25.40888],[89.72413,25.40888],[89.72411,25.40816],[89.72372,25.40834],[89.72372,25.40852],[89.72333,25.40853],[89.72332,25.40835],[89.72312,25.40835],[89.72312,25.40817],[89.72332,25.40817],[89.72331,25.40781],[89.72291,25.40782],[89.7229,25.40709],[89.72309,25.40709],[89.72308,25.40655],[89.72288,25.40655],[89.72288,25.40637],[89.72327,25.40619],[89.72326,25.40582],[89.72286,25.40565],[89.72286,25.40547],[89.72266,25.40547],[89.72265,25.40493],[89.72245,25.40494],[89.72228,25.40638],[89.72248,25.40638],[89.72251,25.40764],[89.72271,25.40764],[89.72271,25.40782],[89.72252,25.40782],[89.72252,25.408],[89.72272,25.408],[89.72273,25.40836],[89.72253,25.40836],[89.72253,25.40855],[89.72293,25.40872],[89.72294,25.4089],[89.72333,25.40871]]]}},{"type":"Feature","properties":{"kind":"land","ha":3.6},"geometry":{"type":"Polygon","coordinates":[[[89.64245,25.40874],[89.64244,25.4082],[89.64283,25.40802],[89.64283,25.40783],[89.64402,25.40799],[89.64422,25.40763],[89.64461,25.40762],[89.6446,25.40708],[89.6442,25.40709],[89.6442,25.40691],[89.644,25.40691],[89.64399,25.40655],[89.6436,25.40656],[89.64359,25.4062],[89.64339,25.4062],[89.64341,25.4071],[89.64301,25.40711],[89.64281,25.40675],[89.64201,25.40677],[89.64202,25.40713],[89.64182,25.40713],[89.64184,25.40821],[89.64204,25.40821],[89.64205,25.40857],[89.64225,25.40857],[89.64225,25.40875],[89.64245,25.40874]],[[89.64261,25.40712],[89.64281,25.40711],[89.64282,25.40765],[89.64263,25.40766],[89.64261,25.40712]]]}},{"type":"Feature","properties":{"kind":"land","ha":4.8},"geometry":{"type":"Polygon","coordinates":[[[89.68876,25.40917],[89.68875,25.40881],[89.68935,25.4088],[89.68935,25.40898],[89.68995,25.40897],[89.69016,25.40932],[89.69036,25.40932],[89.69014,25.4086],[89.68994,25.4086],[89.68993,25.40824],[89.68953,25.40807],[89.68953,25.40771],[89.68972,25.40771],[89.68972,25.40753],[89.68952,25.40753],[89.68951,25.40717],[89.68931,25.40717],[89.6893,25.40645],[89.6895,25.40645],[89.68949,25.40609],[89.6891,25.40627],[89.6891,25.40645],[89.6889,25.40646],[89.68869,25.4061],[89.68889,25.4061],[89.68888,25.40556],[89.68848,25.40556],[89.68848,25.40538],[89.68828,25.40539],[89.68829,25.40575],[89.68809,25.40575],[89.68812,25.40701],[89.68871,25.407],[89.68892,25.40736],[89.68872,25.40736],[89.68873,25.40754],[89.68813,25.40755],[89.68815,25.40864],[89.68835,25.40863],[89.68837,25.40935],[89.68876,25.40917]]]}},{"type":"Feature","properties":{"kind":"land","ha":35.7},"geometry":{"type":"Polygon","coordinates":[[[89.63649,25.40885],[89.63609,25.40886],[89.63609,25.40868],[89.63589,25.40868],[89.6359,25.40904],[89.6353,25.40905],[89.6353,25.40869],[89.6349,25.4087],[89.63452,25.40943],[89.63472,25.40942],[89.63474,25.41051],[89.63494,25.4105],[89.63496,25.41141],[89.63516,25.4114],[89.63516,25.41176],[89.63536,25.41176],[89.63537,25.41212],[89.63557,25.41212],[89.63558,25.41284],[89.63578,25.41283],[89.63579,25.4132],[89.63698,25.41317],[89.63699,25.41335],[89.63719,25.41335],[89.63721,25.41425],[89.63701,25.41426],[89.63701,25.41462],[89.63682,25.41462],[89.63702,25.41498],[89.63722,25.41497],[89.63722,25.41516],[89.63703,25.41516],[89.63704,25.41588],[89.63724,25.41588],[89.63725,25.41624],[89.63745,25.41623],[89.63747,25.41714],[89.63767,25.41713],[89.63768,25.41785],[89.63808,25.41803],[89.63809,25.41821],[89.63789,25.41821],[89.6379,25.41857],[89.6383,25.41875],[89.6383,25.41893],[89.6385,25.41892],[89.6385,25.4191],[89.6387,25.4191],[89.63872,25.41982],[89.63912,25.41999],[89.63913,25.42036],[89.63933,25.42035],[89.63934,25.42089],[89.63954,25.42089],[89.63954,25.42107],[89.63934,25.42107],[89.63935,25.42143],[89.63915,25.42144],[89.63916,25.42198],[89.63936,25.42198],[89.63937,25.42234],[89.63957,25.42233],[89.63958,25.42269],[89.63997,25.42269],[89.63998,25.42287],[89.64057,25.42286],[89.64058,25.42304],[89.64078,25.42303],[89.64077,25.42285],[89.64117,25.42285],[89.64116,25.42266],[89.64097,25.42267],[89.64096,25.42249],[89.64057,25.42268],[89.64056,25.4225],[89.64017,25.4225],[89.64016,25.42214],[89.63996,25.42215],[89.63996,25.42196],[89.64035,25.42178],[89.64035,25.4216],[89.63995,25.4216],[89.63994,25.42124],[89.63974,25.42125],[89.63993,25.42088],[89.63973,25.42089],[89.63973,25.42052],[89.63953,25.42053],[89.63952,25.42017],[89.63932,25.42017],[89.63931,25.41963],[89.63971,25.4198],[89.63971,25.41998],[89.63991,25.41998],[89.63992,25.42016],[89.64051,25.42015],[89.64051,25.41979],[89.6409,25.4196],[89.64089,25.41906],[89.64049,25.41889],[89.64047,25.41835],[89.64007,25.41817],[89.64007,25.41799],[89.63947,25.418],[89.63947,25.41782],[89.63907,25.41783],[89.63908,25.41819],[89.63848,25.4182],[89.63848,25.41784],[89.63867,25.41784],[89.63867,25.41766],[89.63907,25.41765],[89.63906,25.41747],[89.63926,25.41746],[89.63925,25.41692],[89.63905,25.41693],[89.63904,25.41639],[89.63844,25.4164],[89.63844,25.41622],[89.63824,25.41622],[89.63823,25.41568],[89.63863,25.41567],[89.63862,25.41549],[89.63743,25.41533],[89.63741,25.41461],[89.63821,25.4146],[89.6382,25.41442],[89.6388,25.4144],[89.63879,25.41404],[89.63919,25.41422],[89.6392,25.4144],[89.63939,25.41439],[89.63939,25.41421],[89.63979,25.41421],[89.6396,25.41457],[89.6394,25.41457],[89.63942,25.41566],[89.63962,25.41565],[89.63962,25.41583],[89.64022,25.41582],[89.64022,25.41564],[89.64042,25.41564],[89.64062,25.416],[89.64082,25.41599],[89.64081,25.41563],[89.64061,25.41564],[89.64061,25.41546],[89.64021,25.41546],[89.64021,25.41528],[89.64061,25.41527],[89.6408,25.41491],[89.64,25.41492],[89.64019,25.41456],[89.63999,25.41456],[89.63999,25.4142],[89.64019,25.4142],[89.64018,25.41402],[89.64078,25.41401],[89.64075,25.41275],[89.64035,25.41257],[89.64034,25.41239],[89.64015,25.4124],[89.64013,25.41185],[89.63994,25.41186],[89.63995,25.4124],[89.63955,25.41223],[89.63953,25.4115],[89.63914,25.41169],[89.63914,25.41187],[89.63874,25.41188],[89.63875,25.41206],[89.63855,25.41206],[89.63856,25.41242],[89.63776,25.41226],[89.63775,25.4119],[89.63814,25.41171],[89.63814,25.41153],[89.63834,25.41153],[89.63833,25.41134],[89.63853,25.41134],[89.63853,25.41116],[89.63873,25.41116],[89.63852,25.4108],[89.63812,25.41081],[89.63813,25.41099],[89.63713,25.41101],[89.63714,25.41119],[89.63694,25.41119],[89.63694,25.41101],[89.63634,25.41102],[89.63634,25.4112],[89.63595,25.41121],[89.63574,25.41085],[89.63554,25.41085],[89.63533,25.41014],[89.63553,25.41013],[89.63551,25.40941],[89.63571,25.40941],[89.63571,25.40959],[89.63611,25.40958],[89.63612,25.41012],[89.63652,25.41029],[89.63653,25.41047],[89.63673,25.41047],[89.63671,25.40993],[89.63711,25.40974],[89.6371,25.40956],[89.63671,25.40957],[89.63669,25.40885],[89.63689,25.40884],[89.63688,25.40848],[89.63708,25.40848],[89.63708,25.4083],[89.63727,25.4083],[89.63727,25.40812],[89.63767,25.40811],[89.63764,25.40685],[89.63784,25.40684],[89.63783,25.40666],[89.63823,25.40665],[89.63842,25.40629],[89.63783,25.4063],[89.63782,25.40612],[89.63743,25.40613],[89.63742,25.40595],[89.63702,25.40595],[89.63702,25.40577],[89.63662,25.40578],[89.63662,25.40542],[89.63622,25.40543],[89.63621,25.40525],[89.63503,25.40545],[89.63501,25.40473],[89.63481,25.40473],[89.63483,25.40545],[89.63443,25.40564],[89.63445,25.40636],[89.63425,25.40636],[89.63428,25.40745],[89.63467,25.40744],[89.63467,25.40726],[89.63487,25.40726],[89.63484,25.40599],[89.63504,25.40599],[89.63505,25.40635],[89.63524,25.40635],[89.63526,25.40707],[89.63506,25.40707],[89.63507,25.40761],[89.63487,25.40762],[89.63489,25.40816],[89.63528,25.40815],[89.63529,25.40851],[89.63549,25.40851],[89.63548,25.40815],[89.63568,25.40814],[89.63567,25.40742],[89.63586,25.40742],[89.63586,25.40706],[89.63606,25.40705],[89.63605,25.40687],[89.63645,25.40705],[89.63664,25.40668],[89.63724,25.40667],[89.63724,25.40685],[89.63744,25.40685],[89.63745,25.40721],[89.63705,25.40722],[89.63707,25.40794],[89.63667,25.40795],[89.63666,25.4074],[89.63626,25.40741],[89.63629,25.40849],[89.63648,25.40849],[89.63649,25.40885]],[[89.63688,25.4083],[89.63687,25.40812],[89.63707,25.40812],[89.63708,25.4083],[89.63688,25.4083]],[[89.63648,25.40813],[89.63667,25.40813],[89.63668,25.40849],[89.63648,25.40849],[89.63648,25.40813]],[[89.63909,25.41873],[89.63949,25.41872],[89.6395,25.41909],[89.6391,25.41909],[89.63909,25.41873]],[[89.63989,25.41872],[89.63969,25.41872],[89.63968,25.41836],[89.64008,25.41853],[89.64009,25.41889],[89.63989,25.4189],[89.63989,25.41872]],[[89.63858,25.41369],[89.63859,25.41387],[89.63839,25.41387],[89.63839,25.41369],[89.63858,25.41369]],[[89.63759,25.4137],[89.63759,25.41352],[89.63739,25.41353],[89.63738,25.41317],[89.63818,25.41315],[89.63817,25.41297],[89.63737,25.41281],[89.63736,25.41245],[89.63796,25.41243],[89.63796,25.41262],[89.63836,25.41261],[89.63837,25.41297],[89.63897,25.41296],[89.63897,25.41332],[89.63838,25.41333],[89.63839,25.41369],[89.63759,25.4137]],[[89.63896,25.41278],[89.63916,25.41277],[89.63915,25.41241],[89.63935,25.41241],[89.63936,25.41259],[89.63975,25.41258],[89.63976,25.41294],[89.63897,25.41296],[89.63896,25.41278]],[[89.63997,25.4133],[89.64036,25.41311],[89.64036,25.41329],[89.64056,25.41329],[89.64057,25.41365],[89.64017,25.41366],[89.63997,25.4133]],[[89.63676,25.41191],[89.63715,25.41191],[89.63717,25.41245],[89.63677,25.41246],[89.63676,25.41191]]]}},{"type":"Feature","properties":{"kind":"land","ha":1.4},"geometry":{"type":"Polygon","coordinates":[[[89.64598,25.40633],[89.64597,25.40615],[89.64677,25.40614],[89.64656,25.40578],[89.64696,25.40578],[89.64695,25.40541],[89.64655,25.40524],[89.64654,25.40506],[89.64635,25.40506],[89.64634,25.40488],[89.64614,25.40489],[89.64614,25.40471],[89.64594,25.40471],[89.64594,25.40453],[89.64554,25.40454],[89.64555,25.40508],[89.64575,25.40507],[89.64576,25.40544],[89.64596,25.40543],[89.64596,25.40561],[89.64636,25.40561],[89.64636,25.40579],[89.64576,25.4058],[89.64578,25.40634],[89.64598,25.40633]]]}},{"type":"Feature","properties":{"kind":"land","ha":4.2},"geometry":{"type":"Polygon","coordinates":[[[89.70601,25.40723],[89.706,25.40669],[89.70619,25.40668],[89.70619,25.4065],[89.70599,25.4065],[89.70598,25.40614],[89.70579,25.40615],[89.70578,25.40579],[89.70538,25.40561],[89.70516,25.4049],[89.70496,25.4049],[89.70495,25.40454],[89.70476,25.40454],[89.70474,25.40382],[89.70454,25.40382],[89.70453,25.40328],[89.70433,25.40329],[89.70433,25.40347],[89.70394,25.40347],[89.70395,25.4042],[89.70356,25.40438],[89.70356,25.40456],[89.70337,25.40457],[89.70337,25.40493],[89.70377,25.40492],[89.70377,25.4051],[89.70397,25.4051],[89.70398,25.40546],[89.70438,25.40563],[89.70439,25.40581],[89.70459,25.40581],[89.70459,25.40599],[89.70479,25.40599],[89.70479,25.40617],[89.70499,25.40616],[89.70499,25.40634],[89.70519,25.40634],[89.7052,25.40652],[89.7054,25.40652],[89.7054,25.40688],[89.70581,25.40705],[89.70581,25.40723],[89.70601,25.40723]]]}},{"type":"Feature","properties":{"kind":"land","ha":3.5},"geometry":{"type":"Polygon","coordinates":[[[89.73758,25.4061],[89.73757,25.40592],[89.73837,25.4059],[89.73836,25.40572],[89.73856,25.40572],[89.73853,25.40446],[89.73873,25.40445],[89.73873,25.40427],[89.73913,25.40427],[89.73912,25.40391],[89.73872,25.40391],[89.73872,25.40373],[89.73892,25.40373],[89.7389,25.40301],[89.7387,25.40301],[89.73869,25.40265],[89.73889,25.40265],[89.73889,25.40247],[89.7381,25.40266],[89.73811,25.40302],[89.7385,25.40283],[89.73832,25.40392],[89.73733,25.40394],[89.73755,25.40502],[89.73736,25.40502],[89.73736,25.4052],[89.73776,25.40537],[89.73776,25.40556],[89.73737,25.40574],[89.73738,25.40592],[89.73718,25.40593],[89.73719,25.40629],[89.73758,25.4061]]]}},{"type":"Feature","properties":{"kind":"land","ha":1.4},"geometry":{"type":"Polygon","coordinates":[[[89.63245,25.40586],[89.63245,25.40567],[89.63265,25.40567],[89.63263,25.40513],[89.63283,25.40513],[89.63283,25.40477],[89.63302,25.40476],[89.63302,25.40458],[89.63342,25.40457],[89.63321,25.40422],[89.63301,25.40422],[89.63301,25.40404],[89.63261,25.40405],[89.63262,25.40423],[89.63242,25.40423],[89.63223,25.40496],[89.63204,25.40496],[89.63204,25.40532],[89.63184,25.40532],[89.63186,25.40587],[89.63245,25.40586]]]}},{"type":"Feature","properties":{"kind":"land","ha":7.5},"geometry":{"type":"Polygon","coordinates":[[[89.71247,25.40314],[89.71267,25.40313],[89.71266,25.40259],[89.71206,25.4026],[89.71207,25.40278],[89.71187,25.40279],[89.71188,25.40315],[89.71168,25.40315],[89.71167,25.40279],[89.71108,25.4028],[89.71106,25.40226],[89.71087,25.40226],[89.71068,25.40299],[89.71088,25.40299],[89.71089,25.40335],[89.71129,25.40334],[89.71129,25.40352],[89.71149,25.40352],[89.71154,25.40568],[89.71134,25.40568],[89.71137,25.40695],[89.71117,25.40695],[89.71118,25.40749],[89.71138,25.40749],[89.71138,25.40767],[89.71178,25.40748],[89.71196,25.40676],[89.71235,25.40657],[89.71253,25.40548],[89.71273,25.40548],[89.71272,25.40512],[89.71292,25.40511],[89.71291,25.40493],[89.71271,25.40494],[89.71271,25.40458],[89.7131,25.40439],[89.71311,25.40511],[89.71331,25.40511],[89.71332,25.40529],[89.71371,25.40528],[89.71371,25.4051],[89.71431,25.40509],[89.7143,25.40473],[89.7141,25.40473],[89.71408,25.40383],[89.71388,25.40383],[89.7139,25.40455],[89.7135,25.40474],[89.7135,25.40438],[89.7133,25.40438],[89.71328,25.40348],[89.71308,25.40349],[89.71307,25.40331],[89.71268,25.40331],[89.71268,25.40349],[89.71248,25.4035],[89.71247,25.40314]],[[89.7125,25.4044],[89.7123,25.4044],[89.71228,25.4035],[89.71248,25.4035],[89.7125,25.4044]],[[89.71213,25.40531],[89.71193,25.40531],[89.71192,25.40495],[89.71212,25.40495],[89.71213,25.40531]],[[89.71211,25.40459],[89.71231,25.40458],[89.71232,25.40494],[89.71212,25.40495],[89.71211,25.40459]]]}},{"type":"Feature","properties":{"kind":"land","ha":10.4},"geometry":{"type":"Polygon","coordinates":[[[89.66774,25.40215],[89.66694,25.40198],[89.66695,25.40216],[89.66655,25.40217],[89.66655,25.40235],[89.66616,25.40236],[89.66617,25.40272],[89.66636,25.40272],[89.66617,25.40308],[89.66637,25.40308],[89.66642,25.40506],[89.66682,25.40524],[89.66663,25.4056],[89.66682,25.4056],[89.66683,25.40578],[89.66663,25.40578],[89.66663,25.40596],[89.66683,25.40596],[89.66684,25.40614],[89.66664,25.40614],[89.66664,25.40632],[89.66704,25.40631],[89.66704,25.40649],[89.66724,25.40649],[89.66726,25.40721],[89.66825,25.40719],[89.66826,25.40738],[89.66806,25.40738],[89.66808,25.40828],[89.66827,25.40828],[89.66829,25.40882],[89.66868,25.40881],[89.66868,25.40863],[89.66888,25.40863],[89.66885,25.40754],[89.66905,25.40754],[89.669,25.40502],[89.6692,25.40501],[89.66917,25.40393],[89.66897,25.40393],[89.66896,25.40321],[89.66916,25.40321],[89.66914,25.40249],[89.66874,25.40249],[89.66879,25.40466],[89.66859,25.40466],[89.66862,25.40611],[89.66823,25.40611],[89.66822,25.40575],[89.66802,25.40576],[89.668,25.40503],[89.66761,25.40504],[89.66761,25.40522],[89.66741,25.40522],[89.66721,25.40487],[89.66701,25.40487],[89.667,25.40451],[89.6676,25.4045],[89.6676,25.40468],[89.6678,25.40468],[89.66798,25.40395],[89.66818,25.40395],[89.66817,25.40341],[89.66797,25.40341],[89.66796,25.40305],[89.66776,25.40305],[89.66774,25.40215]],[[89.66777,25.40323],[89.66737,25.40324],[89.66737,25.40342],[89.66678,25.40343],[89.66677,25.40289],[89.66657,25.40289],[89.66656,25.40271],[89.66716,25.4027],[89.66737,25.40306],[89.66776,25.40305],[89.66777,25.40323]],[[89.66823,25.40629],[89.66883,25.40628],[89.66884,25.407],[89.66825,25.40701],[89.66823,25.40629]]]}},{"type":"Feature","properties":{"kind":"land","ha":7.3},"geometry":{"type":"Polygon","coordinates":[[[89.75567,25.4063],[89.75565,25.40558],[89.75545,25.40559],[89.75543,25.40486],[89.75504,25.40487],[89.75503,25.40469],[89.75483,25.40469],[89.75482,25.40415],[89.75522,25.40415],[89.7552,25.40342],[89.7556,25.4036],[89.75561,25.40378],[89.75581,25.40377],[89.75581,25.40395],[89.75601,25.40395],[89.756,25.40359],[89.7556,25.40342],[89.7556,25.40324],[89.7554,25.40324],[89.75539,25.40306],[89.755,25.40307],[89.75479,25.40271],[89.75459,25.40271],[89.75458,25.40217],[89.75418,25.402],[89.75417,25.40164],[89.75377,25.40165],[89.75377,25.40147],[89.75357,25.40147],[89.75356,25.40093],[89.75336,25.40093],[89.75335,25.40057],[89.75315,25.40058],[89.75315,25.40039],[89.75275,25.4004],[89.75276,25.40076],[89.75256,25.40077],[89.75256,25.40095],[89.75276,25.40094],[89.75277,25.40148],[89.75317,25.40148],[89.75338,25.40183],[89.75358,25.40183],[89.75358,25.40201],[89.75378,25.40201],[89.75378,25.40219],[89.75398,25.40218],[89.75399,25.40273],[89.7534,25.40274],[89.75339,25.40256],[89.7532,25.40256],[89.75319,25.4022],[89.75299,25.4022],[89.753,25.40274],[89.7532,25.40274],[89.75321,25.4031],[89.75341,25.4031],[89.75342,25.40364],[89.75362,25.40363],[89.75363,25.40418],[89.75383,25.40417],[89.75384,25.40453],[89.75404,25.40453],[89.75404,25.40471],[89.75344,25.40472],[89.75346,25.40526],[89.75326,25.40527],[89.75326,25.40545],[89.75346,25.40544],[89.75347,25.4058],[89.75367,25.4058],[89.75365,25.40526],[89.75385,25.40525],[89.75385,25.40489],[89.75424,25.40489],[89.75445,25.40524],[89.75465,25.40524],[89.75465,25.40542],[89.75485,25.40542],[89.75485,25.4056],[89.75505,25.40559],[89.75507,25.40613],[89.75526,25.40613],[89.75527,25.40631],[89.75567,25.4063]]]}},{"type":"Feature","properties":{"kind":"land","ha":1.2},"geometry":{"type":"Polygon","coordinates":[[[89.67512,25.4031],[89.67529,25.40201],[89.67489,25.40184],[89.67489,25.40166],[89.67469,25.40166],[89.67468,25.40148],[89.67448,25.40149],[89.67448,25.40131],[89.67408,25.40131],[89.6741,25.40203],[89.6745,25.40203],[89.6745,25.40221],[89.6747,25.4022],[89.67471,25.40257],[89.67491,25.40256],[89.67491,25.40274],[89.67471,25.40275],[89.67472,25.40311],[89.67512,25.4031]]]}},{"type":"Feature","properties":{"kind":"land","ha":3.4},"geometry":{"type":"Polygon","coordinates":[[[89.64489,25.40202],[89.64509,25.40202],[89.64507,25.40148],[89.64488,25.40148],[89.64488,25.40166],[89.64448,25.40167],[89.64448,25.40149],[89.64408,25.4015],[89.64408,25.40131],[89.64388,25.40132],[89.64388,25.4015],[89.64368,25.4015],[89.6437,25.40204],[89.64389,25.40204],[89.6439,25.4024],[89.6441,25.4024],[89.64411,25.40276],[89.64391,25.40276],[89.64392,25.40312],[89.64451,25.40311],[89.64452,25.40329],[89.64472,25.40329],[89.64472,25.40365],[89.64572,25.40363],[89.64571,25.40345],[89.64591,25.40345],[89.64589,25.40237],[89.64549,25.40237],[89.64549,25.40219],[89.64489,25.4022],[89.64489,25.40202]],[[89.6449,25.40238],[89.6447,25.40239],[89.64469,25.40221],[89.64489,25.4022],[89.6449,25.40238]],[[89.6451,25.40274],[89.6453,25.40274],[89.64531,25.4031],[89.64511,25.4031],[89.6451,25.40274]]]}},{"type":"Feature","properties":{"kind":"land","ha":10.7},"geometry":{"type":"Polygon","coordinates":[[[89.70833,25.40448],[89.70832,25.40412],[89.70852,25.40411],[89.7085,25.40303],[89.7087,25.40303],[89.70868,25.4023],[89.70888,25.4023],[89.70887,25.40194],[89.70907,25.40194],[89.70907,25.40176],[89.70926,25.40175],[89.70945,25.40103],[89.70965,25.40102],[89.70963,25.40048],[89.71003,25.40047],[89.71002,25.40011],[89.71062,25.4001],[89.71059,25.39884],[89.71039,25.39884],[89.71039,25.39866],[89.7092,25.39887],[89.70901,25.39923],[89.70802,25.39925],[89.70783,25.39961],[89.70763,25.39962],[89.70763,25.3998],[89.70743,25.3998],[89.70743,25.39962],[89.70683,25.39963],[89.70683,25.39945],[89.70643,25.39964],[89.70665,25.40036],[89.70685,25.40035],[89.70686,25.40089],[89.70706,25.40089],[89.70705,25.40071],[89.70765,25.4007],[89.70767,25.40142],[89.70747,25.40142],[89.70748,25.40197],[89.70788,25.40214],[89.70789,25.40232],[89.70808,25.40231],[89.70809,25.40268],[89.7077,25.40268],[89.70771,25.4034],[89.70791,25.4034],[89.70793,25.40412],[89.70812,25.40412],[89.70813,25.40448],[89.70833,25.40448]],[[89.70684,25.39981],[89.70703,25.39981],[89.70704,25.39999],[89.70684,25.39999],[89.70684,25.39981]]]}},{"type":"Feature","properties":{"kind":"land","ha":6.6},"geometry":{"type":"Polygon","coordinates":[[[89.66979,25.405],[89.66979,25.40482],[89.66999,25.40482],[89.66998,25.40464],[89.67018,25.40463],[89.67018,25.40445],[89.67058,25.40445],[89.67057,25.40408],[89.67037,25.40409],[89.67036,25.40391],[89.67056,25.4039],[89.67056,25.40372],[89.67096,25.40372],[89.67115,25.40335],[89.67135,25.40335],[89.67133,25.40281],[89.67173,25.40262],[89.67172,25.40208],[89.67211,25.40207],[89.6723,25.40171],[89.6725,25.4017],[89.6725,25.40152],[89.6729,25.40152],[89.6731,25.40187],[89.6733,25.40187],[89.67329,25.40133],[89.67309,25.40133],[89.67307,25.40043],[89.67287,25.40043],[89.67287,25.40025],[89.67326,25.40025],[89.67328,25.40079],[89.67367,25.40078],[89.67368,25.40096],[89.67388,25.40096],[89.67386,25.40041],[89.67406,25.40041],[89.67406,25.40005],[89.67425,25.40005],[89.67425,25.39969],[89.67444,25.39968],[89.67444,25.3995],[89.67404,25.39951],[89.67384,25.39915],[89.67364,25.39916],[89.67363,25.39898],[89.67344,25.39898],[89.67343,25.3988],[89.67264,25.39881],[89.67264,25.39917],[89.67284,25.39917],[89.67286,25.39971],[89.67266,25.39971],[89.67266,25.40008],[89.67227,25.40008],[89.67228,25.4008],[89.67248,25.4008],[89.67249,25.40098],[89.67229,25.40099],[89.6723,25.40135],[89.6721,25.40135],[89.6721,25.40153],[89.6715,25.40154],[89.67152,25.40226],[89.67132,25.40227],[89.67133,25.40263],[89.67113,25.40263],[89.67114,25.40299],[89.67094,25.40299],[89.67094,25.40318],[89.66955,25.4032],[89.66957,25.4041],[89.66977,25.4041],[89.66978,25.40464],[89.66939,25.40483],[89.6694,25.40519],[89.66979,25.405]]]}},{"type":"Feature","properties":{"kind":"land","ha":3.8},"geometry":{"type":"Polygon","coordinates":[[[89.75058,25.40116],[89.75057,25.40062],[89.75077,25.40062],[89.75076,25.40026],[89.75056,25.40026],[89.75054,25.39954],[89.75035,25.39954],[89.75034,25.39936],[89.75054,25.39936],[89.75052,25.39846],[89.75091,25.39827],[89.75093,25.39881],[89.75112,25.39881],[89.75114,25.39935],[89.75133,25.39935],[89.75134,25.39953],[89.75154,25.39952],[89.75153,25.39898],[89.75172,25.39898],[89.75172,25.3988],[89.75132,25.39862],[89.75131,25.39844],[89.75112,25.39845],[89.7509,25.39773],[89.7505,25.39774],[89.7505,25.39756],[89.7503,25.39756],[89.75029,25.3972],[89.74989,25.39703],[89.74972,25.39811],[89.74952,25.39812],[89.74954,25.39902],[89.74914,25.39903],[89.74915,25.39939],[89.74975,25.39938],[89.74974,25.3992],[89.75014,25.39919],[89.75015,25.39955],[89.74995,25.39955],[89.74996,25.40009],[89.75016,25.40009],[89.75017,25.40045],[89.75037,25.40045],[89.75038,25.40117],[89.75058,25.40116]]]}},{"type":"Feature","properties":{"kind":"land","ha":2.4},"geometry":{"type":"Polygon","coordinates":[[[89.65161,25.40064],[89.65161,25.40028],[89.6518,25.40027],[89.6518,25.40009],[89.6526,25.40008],[89.65259,25.39972],[89.65279,25.39971],[89.65277,25.39917],[89.65297,25.39917],[89.65296,25.39881],[89.65316,25.3988],[89.65316,25.39862],[89.65276,25.39863],[89.65276,25.39845],[89.65256,25.39845],[89.65237,25.39882],[89.65157,25.39883],[89.65158,25.39919],[89.65119,25.39938],[89.65119,25.39956],[89.65099,25.39957],[89.651,25.39993],[89.6514,25.39992],[89.65142,25.40064],[89.65161,25.40064]]]}},{"type":"Feature","properties":{"kind":"land","ha":3.4},"geometry":{"type":"Polygon","coordinates":[[[89.68901,25.4023],[89.68899,25.4014],[89.68919,25.4014],[89.68917,25.40086],[89.68977,25.40085],[89.68976,25.40031],[89.68996,25.4003],[89.68995,25.39994],[89.69015,25.39994],[89.69014,25.39958],[89.68994,25.39958],[89.68995,25.39976],[89.68975,25.39976],[89.68975,25.40012],[89.68956,25.40013],[89.68955,25.39995],[89.68915,25.39996],[89.68914,25.39941],[89.68894,25.39942],[89.68892,25.39834],[89.68912,25.39833],[89.68911,25.39797],[89.68931,25.39797],[89.6893,25.39743],[89.6891,25.39743],[89.68909,25.39707],[89.68869,25.39708],[89.68871,25.39798],[89.68851,25.39798],[89.68855,25.39943],[89.68875,25.39942],[89.68875,25.39978],[89.68895,25.39978],[89.68896,25.40032],[89.68857,25.40033],[89.68857,25.40051],[89.68837,25.40051],[89.68839,25.40141],[89.68879,25.40141],[89.68881,25.40231],[89.68901,25.4023]]]}},{"type":"Feature","properties":{"kind":"land","ha":1.8},"geometry":{"type":"Polygon","coordinates":[[[89.71237,25.39827],[89.71235,25.39772],[89.71255,25.39772],[89.71255,25.39754],[89.71314,25.39753],[89.71314,25.39717],[89.71294,25.39717],[89.71293,25.39699],[89.71174,25.39701],[89.71173,25.39647],[89.71252,25.39646],[89.71252,25.39628],[89.71113,25.3963],[89.71114,25.39684],[89.71154,25.39702],[89.71176,25.39774],[89.71215,25.39773],[89.71217,25.39827],[89.71237,25.39827]]]}},{"type":"Feature","properties":{"kind":"land","ha":2.1},"geometry":{"type":"Polygon","coordinates":[[[89.65477,25.39968],[89.65478,25.39986],[89.65458,25.39986],[89.65458,25.40004],[89.65478,25.40004],[89.65479,25.4004],[89.65518,25.40021],[89.65519,25.40039],[89.65538,25.40039],[89.65557,25.40002],[89.65577,25.40002],[89.65577,25.39984],[89.65597,25.39984],[89.65595,25.39893],[89.65615,25.39893],[89.65614,25.39857],[89.65634,25.39857],[89.65633,25.39839],[89.65653,25.39838],[89.65652,25.39784],[89.65672,25.39784],[89.6567,25.39712],[89.6565,25.39712],[89.65651,25.39748],[89.65631,25.39748],[89.65632,25.39785],[89.65593,25.39803],[89.65593,25.39821],[89.65573,25.39822],[89.65555,25.39894],[89.65535,25.39895],[89.65536,25.39931],[89.65497,25.39949],[89.65497,25.39967],[89.65477,25.39968]],[[89.65537,25.39967],[89.65538,25.40003],[89.65498,25.40004],[89.65497,25.39967],[89.65537,25.39967]]]}},{"type":"Feature","properties":{"kind":"land","ha":3.6},"geometry":{"type":"Polygon","coordinates":[[[89.70859,25.39815],[89.70938,25.39814],[89.70937,25.39778],[89.70957,25.39778],[89.70957,25.3976],[89.71036,25.3974],[89.71055,25.39704],[89.71075,25.39703],[89.71072,25.39577],[89.71052,25.39577],[89.71053,25.39631],[89.71014,25.39632],[89.71014,25.3965],[89.70994,25.39651],[89.70973,25.39615],[89.70993,25.39614],[89.70993,25.39578],[89.71012,25.39578],[89.71012,25.39542],[89.70992,25.39542],[89.70992,25.3956],[89.70972,25.39561],[89.70973,25.39597],[89.70934,25.39616],[89.70934,25.39634],[89.70914,25.39634],[89.70915,25.3967],[89.70876,25.39689],[89.70876,25.39707],[89.70856,25.39707],[89.70857,25.39725],[89.70817,25.39726],[89.70817,25.39744],[89.70798,25.39744],[89.70798,25.3978],[89.70818,25.3978],[89.70819,25.39798],[89.70858,25.39779],[89.70859,25.39815]],[[89.70857,25.39743],[89.70877,25.39743],[89.70878,25.39779],[89.70858,25.39779],[89.70857,25.39743]]]}},{"type":"Feature","properties":{"kind":"land","ha":9.8},"geometry":{"type":"Polygon","coordinates":[[[89.72238,25.40187],[89.72237,25.40151],[89.72217,25.40151],[89.72217,25.40115],[89.72197,25.40116],[89.72195,25.40025],[89.72175,25.40026],[89.72173,25.39954],[89.72193,25.39953],[89.72193,25.39935],[89.72173,25.39936],[89.7217,25.39791],[89.7221,25.39809],[89.7221,25.39827],[89.7223,25.39826],[89.7223,25.39844],[89.7225,25.39844],[89.72251,25.39862],[89.72271,25.39862],[89.72271,25.3988],[89.72291,25.39879],[89.72273,25.39952],[89.72253,25.39952],[89.72254,25.39988],[89.72293,25.39987],[89.72294,25.40024],[89.72314,25.40023],[89.72315,25.40077],[89.72335,25.40077],[89.72335,25.40059],[89.72394,25.40058],[89.72395,25.40076],[89.72474,25.40074],[89.72474,25.40092],[89.72494,25.40092],[89.72494,25.40056],[89.72513,25.40056],[89.72514,25.40074],[89.72534,25.40073],[89.72531,25.39965],[89.72491,25.39948],[89.72491,25.3993],[89.72471,25.3993],[89.7247,25.39912],[89.72451,25.39912],[89.72451,25.39948],[89.72431,25.39949],[89.72432,25.39967],[89.72372,25.39968],[89.72352,25.39932],[89.72332,25.39933],[89.72331,25.39915],[89.72312,25.39915],[89.72331,25.39878],[89.7239,25.39877],[89.72389,25.39823],[89.72369,25.39824],[89.72368,25.39788],[89.72329,25.39788],[89.72328,25.3977],[89.72308,25.39771],[89.72307,25.39735],[89.72267,25.39717],[89.72267,25.39681],[89.72247,25.39682],[89.72246,25.39663],[89.72226,25.39664],[89.72227,25.397],[89.72187,25.39701],[89.72188,25.39719],[89.72247,25.39718],[89.72248,25.39736],[89.72268,25.39735],[89.72249,25.39772],[89.72149,25.39774],[89.72149,25.39756],[89.72109,25.39756],[89.72087,25.39648],[89.72067,25.39649],[89.72065,25.39577],[89.72046,25.39577],[89.72044,25.39523],[89.72025,25.39523],[89.72026,25.39577],[89.72006,25.39578],[89.72007,25.39614],[89.72027,25.39613],[89.72028,25.39668],[89.72048,25.39667],[89.72048,25.39703],[89.72068,25.39703],[89.72071,25.39811],[89.72091,25.39811],[89.72092,25.39865],[89.72132,25.39882],[89.72114,25.39955],[89.72134,25.39954],[89.72136,25.40063],[89.72176,25.4008],[89.72178,25.40152],[89.72198,25.40152],[89.72199,25.40206],[89.72238,25.40187]]]}},{"type":"Feature","properties":{"kind":"land","ha":1.0},"geometry":{"type":"Polygon","coordinates":[[[89.74889,25.3965],[89.74887,25.3956],[89.74926,25.39559],[89.74926,25.39541],[89.74886,25.39542],[89.74885,25.39488],[89.74845,25.39471],[89.74844,25.39453],[89.74825,25.39453],[89.74825,25.39489],[89.74805,25.3949],[89.74806,25.39508],[89.74846,25.39507],[89.74847,25.39561],[89.74827,25.39561],[89.74828,25.39597],[89.74868,25.39615],[89.74869,25.39651],[89.74889,25.3965]]]}},{"type":"Feature","properties":{"kind":"land","ha":1.0},"geometry":{"type":"Polygon","coordinates":[[[89.67341,25.3979],[89.67339,25.39681],[89.67319,25.39682],[89.67317,25.39592],[89.67297,25.39592],[89.67296,25.39556],[89.67257,25.39557],[89.67279,25.39664],[89.67299,25.39664],[89.6728,25.39701],[89.67299,25.397],[89.67301,25.39772],[89.67321,25.39772],[89.67321,25.3979],[89.67341,25.3979]]]}},{"type":"Feature","properties":{"kind":"land","ha":7.0},"geometry":{"type":"Polygon","coordinates":[[[89.66848,25.39943],[89.66847,25.39889],[89.66827,25.39889],[89.66826,25.39853],[89.66806,25.39853],[89.66804,25.39781],[89.66824,25.39781],[89.66824,25.39763],[89.66784,25.39764],[89.66783,25.39691],[89.66862,25.3969],[89.6686,25.396],[89.66781,25.39601],[89.6676,25.39566],[89.6674,25.39566],[89.6674,25.39548],[89.6672,25.39548],[89.66719,25.3953],[89.66739,25.3953],[89.66738,25.39476],[89.66639,25.39478],[89.66638,25.39459],[89.66579,25.39461],[89.6658,25.39533],[89.6662,25.39532],[89.66621,25.3955],[89.6664,25.3955],[89.66602,25.39623],[89.66642,25.3964],[89.66643,25.39658],[89.66623,25.39658],[89.66624,25.39694],[89.66584,25.39677],[89.66585,25.39731],[89.66624,25.39712],[89.66625,25.3973],[89.66664,25.3973],[89.66665,25.39748],[89.66704,25.39747],[89.66706,25.39801],[89.66746,25.39818],[89.66767,25.3989],[89.66807,25.3989],[89.66808,25.39926],[89.66827,25.39925],[89.66828,25.39943],[89.66848,25.39943]]]}},{"type":"Feature","properties":{"kind":"land","ha":14.1},"geometry":{"type":"Polygon","coordinates":[[[89.70531,25.40255],[89.7053,25.40219],[89.7051,25.40219],[89.70508,25.40147],[89.70489,25.40147],[89.70487,25.40075],[89.70447,25.40058],[89.70446,25.40004],[89.70505,25.40002],[89.70504,25.39948],[89.70484,25.39949],[89.70483,25.39913],[89.70523,25.39912],[89.70524,25.3993],[89.70563,25.39929],[89.70564,25.39947],[89.70584,25.39947],[89.70602,25.39874],[89.70622,25.39874],[89.70621,25.39838],[89.70661,25.39837],[89.70679,25.39765],[89.70718,25.39746],[89.70715,25.3962],[89.70735,25.39619],[89.70735,25.39601],[89.70715,25.39602],[89.70712,25.39493],[89.70732,25.39493],[89.7073,25.39385],[89.7071,25.39385],[89.70711,25.39421],[89.70651,25.39422],[89.70651,25.39404],[89.70631,25.39405],[89.7063,25.39368],[89.70591,25.39387],[89.70591,25.39405],[89.70571,25.39406],[89.70593,25.39477],[89.70613,25.39477],[89.70614,25.39549],[89.70595,25.3955],[89.70595,25.39586],[89.70575,25.39586],[89.70577,25.3964],[89.70597,25.3964],[89.70597,25.39658],[89.70577,25.39658],[89.70578,25.39712],[89.70558,25.39713],[89.7056,25.39785],[89.70481,25.39822],[89.70483,25.39877],[89.70443,25.39895],[89.70444,25.39931],[89.70424,25.39932],[89.70425,25.39968],[89.70405,25.39968],[89.70406,25.39986],[89.70386,25.39987],[89.70385,25.39951],[89.70365,25.39951],[89.70364,25.39915],[89.70344,25.39915],[89.70344,25.39879],[89.70324,25.39879],[89.70325,25.39952],[89.70345,25.39951],[89.70347,25.40023],[89.70367,25.40023],[89.70367,25.40059],[89.70328,25.4006],[89.70307,25.40024],[89.70287,25.40025],[89.70286,25.3997],[89.70306,25.3997],[89.70305,25.39952],[89.70265,25.39935],[89.70264,25.39863],[89.70303,25.39862],[89.70303,25.39844],[89.70243,25.39845],[89.70224,25.39881],[89.70205,25.39882],[89.70186,25.39954],[89.70127,25.39955],[89.70127,25.39973],[89.70167,25.39973],[89.70168,25.40009],[89.70208,25.40026],[89.70208,25.40044],[89.70228,25.40044],[89.70228,25.40062],[89.70248,25.40061],[89.70249,25.40097],[89.70289,25.40097],[89.70309,25.40132],[89.70349,25.40132],[89.70348,25.40078],[89.70368,25.40077],[89.70389,25.40113],[89.70408,25.40113],[89.70409,25.40149],[89.70449,25.40166],[89.7045,25.40184],[89.7047,25.40184],[89.70491,25.40255],[89.70531,25.40255]],[[89.70581,25.39839],[89.70601,25.39838],[89.70601,25.39856],[89.70581,25.39857],[89.70581,25.39839]],[[89.70638,25.39729],[89.70658,25.39729],[89.70659,25.39765],[89.70639,25.39765],[89.70638,25.39729]]]}},{"type":"Feature","properties":{"kind":"land","ha":2.0},"geometry":{"type":"Polygon","coordinates":[[[89.75201,25.3941],[89.75201,25.39392],[89.75221,25.39392],[89.75219,25.39319],[89.75159,25.3932],[89.75139,25.39285],[89.75119,25.39285],[89.75118,25.39267],[89.75098,25.39267],[89.75096,25.39177],[89.75077,25.39178],[89.75078,25.39232],[89.75058,25.39232],[89.75061,25.39358],[89.75081,25.39358],[89.75081,25.39376],[89.75141,25.39375],[89.75141,25.39411],[89.75201,25.3941]]]}},{"type":"Feature","properties":{"kind":"land","ha":1.5},"geometry":{"type":"Polygon","coordinates":[[[89.67216,25.39539],[89.67216,25.39521],[89.67256,25.3952],[89.67256,25.39538],[89.67296,25.39538],[89.67295,25.3952],[89.67255,25.39502],[89.67255,25.39484],[89.67235,25.39485],[89.67234,25.39449],[89.67214,25.39449],[89.67211,25.39305],[89.67172,25.39305],[89.67175,25.3945],[89.67155,25.3945],[89.67156,25.39504],[89.67196,25.39522],[89.67197,25.3954],[89.67216,25.39539]]]}},{"type":"Feature","properties":{"kind":"land","ha":1.0},"geometry":{"type":"Polygon","coordinates":[[[89.68964,25.39507],[89.68963,25.39453],[89.68943,25.39454],[89.68942,25.39381],[89.68961,25.39381],[89.6896,25.39309],[89.6898,25.39309],[89.68979,25.39254],[89.68939,25.39255],[89.6894,25.39309],[89.6892,25.3931],[89.68921,25.39346],[89.68901,25.39346],[89.68902,25.394],[89.68922,25.394],[89.68924,25.3949],[89.68944,25.3949],[89.68944,25.39508],[89.68964,25.39507]]]}},{"type":"Feature","properties":{"kind":"land","ha":4.7},"geometry":{"type":"Polygon","coordinates":[[[89.73553,25.39459],[89.73554,25.39495],[89.73514,25.39496],[89.73515,25.3955],[89.73595,25.39548],[89.73576,25.39585],[89.73596,25.39584],[89.73596,25.3962],[89.73636,25.3962],[89.73635,25.39584],[89.73615,25.39584],[89.73613,25.39458],[89.73672,25.39457],[89.73693,25.39492],[89.73733,25.39491],[89.73732,25.39455],[89.73752,25.39455],[89.73751,25.39437],[89.73731,25.39437],[89.73728,25.39275],[89.73708,25.39275],[89.73706,25.39203],[89.73686,25.39204],[89.73686,25.39186],[89.73646,25.39186],[89.73646,25.39168],[89.73586,25.39169],[89.73587,25.39187],[89.73606,25.39187],[89.73608,25.39241],[89.73648,25.39258],[89.7365,25.39367],[89.73611,25.39367],[89.7361,25.39349],[89.7359,25.3935],[89.73591,25.39368],[89.73551,25.39369],[89.73551,25.39387],[89.73591,25.39386],[89.73592,25.39422],[89.73572,25.39422],[89.73573,25.39458],[89.73553,25.39459]],[[89.73593,25.39458],[89.73593,25.39476],[89.73573,25.39476],[89.73573,25.39458],[89.73593,25.39458]]]}},{"type":"Feature","properties":{"kind":"land","ha":2.1},"geometry":{"type":"Polygon","coordinates":[[[89.75037,25.39178],[89.75036,25.39142],[89.75076,25.39142],[89.75075,25.39124],[89.75115,25.39123],[89.75115,25.39105],[89.75135,25.39104],[89.75114,25.39069],[89.75094,25.39069],[89.75094,25.39051],[89.75074,25.39051],[89.75073,25.39033],[89.75053,25.39034],[89.75053,25.39016],[89.75013,25.39016],[89.75014,25.39034],[89.74954,25.39036],[89.74955,25.39072],[89.74995,25.39071],[89.75015,25.39107],[89.74916,25.39108],[89.74917,25.39145],[89.74957,25.39144],[89.74977,25.39179],[89.75037,25.39178]]]}},{"type":"Feature","properties":{"kind":"land","ha":2.4},"geometry":{"type":"Polygon","coordinates":[[[89.64411,25.39355],[89.64451,25.39373],[89.64451,25.39391],[89.64471,25.3939],[89.64471,25.39408],[89.64511,25.39408],[89.64511,25.3939],[89.64551,25.39389],[89.6455,25.39371],[89.6457,25.39371],[89.64568,25.39262],[89.64548,25.39263],[89.64547,25.39245],[89.64508,25.39245],[89.64507,25.39209],[89.64467,25.3921],[89.64467,25.39192],[89.64407,25.39193],[89.64428,25.39229],[89.64388,25.39229],[89.64389,25.39265],[89.64369,25.39266],[89.64369,25.39284],[89.6441,25.39301],[89.64411,25.39355]],[[89.64409,25.39283],[89.64429,25.39283],[89.64429,25.39301],[89.6441,25.39301],[89.64409,25.39283]],[[89.64449,25.39282],[89.64469,25.39282],[89.64468,25.39264],[89.64508,25.39281],[89.64509,25.39299],[89.64529,25.39299],[89.64529,25.39317],[89.64549,25.39317],[89.64549,25.39335],[89.6451,25.39335],[89.6451,25.39354],[89.6445,25.39355],[89.64449,25.39282]]]}},{"type":"Feature","properties":{"kind":"land","ha":1.2},"geometry":{"type":"Polygon","coordinates":[[[89.72133,25.39034],[89.72113,25.39034],[89.72113,25.39016],[89.72073,25.39017],[89.72074,25.39071],[89.72054,25.39071],[89.72056,25.39162],[89.72155,25.3916],[89.72155,25.39142],[89.72175,25.39141],[89.72154,25.39106],[89.72134,25.39106],[89.72133,25.39034]],[[89.72135,25.39124],[89.72115,25.39124],[89.72115,25.39106],[89.72134,25.39106],[89.72135,25.39124]]]}},{"type":"Feature","properties":{"kind":"land","ha":6.6},"geometry":{"type":"Polygon","coordinates":[[[89.66283,25.39556],[89.66282,25.3952],[89.66302,25.3952],[89.66302,25.39502],[89.66282,25.39502],[89.6628,25.3943],[89.66221,25.39431],[89.6622,25.39413],[89.662,25.39413],[89.66199,25.39377],[89.6618,25.39378],[89.66178,25.39323],[89.66218,25.39323],[89.66219,25.39341],[89.66318,25.39339],[89.66317,25.39321],[89.66298,25.39321],[89.66296,25.39231],[89.66315,25.39231],[89.66316,25.39267],[89.66336,25.39266],[89.66336,25.39248],[89.66395,25.39247],[89.66395,25.39229],[89.66375,25.3923],[89.66375,25.39212],[89.66335,25.39212],[89.66333,25.3914],[89.66313,25.3914],[89.66314,25.39159],[89.66215,25.3916],[89.66213,25.39088],[89.66173,25.39089],[89.66174,25.39107],[89.66154,25.39107],[89.66153,25.39089],[89.66114,25.3909],[89.66114,25.39108],[89.66094,25.39108],[89.66097,25.39235],[89.66117,25.39234],[89.6612,25.39361],[89.66139,25.3936],[89.6614,25.39396],[89.6612,25.39397],[89.66121,25.39415],[89.66141,25.39414],[89.66142,25.39468],[89.66182,25.39486],[89.66183,25.3954],[89.66243,25.39539],[89.66243,25.39557],[89.66283,25.39556]],[[89.66197,25.39251],[89.66177,25.39251],[89.66176,25.39233],[89.66196,25.39233],[89.66196,25.39215],[89.66156,25.39216],[89.66155,25.39161],[89.66195,25.39161],[89.66196,25.39197],[89.66215,25.39196],[89.66216,25.39214],[89.66255,25.39214],[89.66256,25.39232],[89.66276,25.39231],[89.66257,25.39268],[89.66237,25.39268],[89.66237,25.39286],[89.66197,25.39287],[89.66197,25.39251]]]}},{"type":"Feature","properties":{"kind":"land","ha":3.7},"geometry":{"type":"Polygon","coordinates":[[[89.66557,25.39353],[89.66556,25.39335],[89.66576,25.39334],[89.66574,25.39262],[89.66534,25.39245],[89.66533,25.39173],[89.66513,25.39173],[89.66512,25.39137],[89.66472,25.3912],[89.66472,25.39102],[89.66452,25.39102],[89.66451,25.39084],[89.66511,25.39083],[89.66511,25.39065],[89.66431,25.39048],[89.6643,25.39012],[89.6641,25.39012],[89.6641,25.38994],[89.6637,25.38995],[89.6637,25.38977],[89.6635,25.38977],[89.6635,25.39013],[89.66271,25.39033],[89.66252,25.39069],[89.66232,25.3907],[89.66233,25.39088],[89.66292,25.39087],[89.66292,25.39069],[89.66332,25.39068],[89.66332,25.39086],[89.66412,25.39085],[89.66412,25.39121],[89.66432,25.3912],[89.66433,25.39174],[89.66453,25.39174],[89.66454,25.3921],[89.66474,25.3921],[89.66475,25.39264],[89.66515,25.39281],[89.66496,25.39318],[89.66516,25.39317],[89.66517,25.39371],[89.66557,25.39353]]]}},{"type":"Feature","properties":{"kind":"land","ha":1.1},"geometry":{"type":"Polygon","coordinates":[[[89.71774,25.39004],[89.71773,25.3895],[89.71793,25.3895],[89.7179,25.38806],[89.7181,25.38805],[89.71808,25.38715],[89.71788,25.38715],[89.71789,25.38751],[89.71769,25.38752],[89.71752,25.38897],[89.71732,25.38897],[89.71733,25.38915],[89.71753,25.38915],[89.71755,25.39005],[89.71774,25.39004]]]}},{"type":"Feature","properties":{"kind":"land","ha":1.4},"geometry":{"type":"Polygon","coordinates":[[[89.72309,25.38922],[89.72328,25.38886],[89.72308,25.38886],[89.72308,25.38868],[89.72248,25.38869],[89.72246,25.38779],[89.72167,25.38799],[89.72166,25.38745],[89.72146,25.38745],[89.72145,25.38709],[89.72125,25.38709],[89.72128,25.38817],[89.72108,25.38818],[89.7211,25.3889],[89.7213,25.3889],[89.72129,25.38853],[89.72149,25.38853],[89.72148,25.38817],[89.72207,25.38816],[89.72208,25.38834],[89.72228,25.38834],[89.72229,25.38888],[89.72269,25.38887],[89.72269,25.38923],[89.72309,25.38922]]]}},{"type":"Feature","properties":{"kind":"land","ha":2.5},"geometry":{"type":"Polygon","coordinates":[[[89.65457,25.39066],[89.65457,25.39048],[89.65437,25.39048],[89.65436,25.38976],[89.65455,25.38976],[89.65455,25.38957],[89.65515,25.38956],[89.65535,25.38992],[89.65595,25.38991],[89.65594,25.38955],[89.65574,25.38955],[89.65573,25.38901],[89.65513,25.38902],[89.65513,25.38866],[89.65572,25.38865],[89.65572,25.38847],[89.65532,25.38848],[89.65532,25.3883],[89.65512,25.3883],[89.65493,25.38867],[89.65473,25.38867],[89.65473,25.38885],[89.65454,25.38885],[89.65455,25.38939],[89.65415,25.38922],[89.65415,25.3894],[89.65395,25.38941],[89.65394,25.38904],[89.65315,25.38906],[89.65316,25.38978],[89.65336,25.38978],[89.65336,25.38942],[89.65375,25.38941],[89.65376,25.38959],[89.65396,25.38959],[89.65397,25.39031],[89.65417,25.3903],[89.65418,25.39066],[89.65457,25.39066]]]}},{"type":"Feature","properties":{"kind":"land","ha":69.0},"geometry":{"type":"Polygon","coordinates":[[[89.64387,25.39157],[89.64386,25.39139],[89.64466,25.39138],[89.64466,25.39156],[89.64526,25.39155],[89.64527,25.39209],[89.64567,25.39226],[89.64586,25.3919],[89.64645,25.39189],[89.64644,25.39116],[89.64584,25.39118],[89.64582,25.39009],[89.64503,25.39011],[89.64502,25.38975],[89.64442,25.38976],[89.64422,25.3894],[89.64402,25.3894],[89.644,25.38886],[89.64222,25.38889],[89.64221,25.38871],[89.64201,25.38872],[89.64201,25.38836],[89.6424,25.38835],[89.64259,25.38799],[89.6424,25.38799],[89.64239,25.38763],[89.64199,25.38764],[89.64199,25.38745],[89.64159,25.38764],[89.64161,25.38818],[89.64141,25.38819],[89.6414,25.38801],[89.64101,25.38801],[89.64101,25.38819],[89.64081,25.3882],[89.64083,25.3891],[89.64044,25.38929],[89.64044,25.38947],[89.64024,25.38947],[89.64025,25.39001],[89.64006,25.39002],[89.64006,25.39038],[89.63967,25.39038],[89.63948,25.39111],[89.63929,25.39111],[89.63929,25.39129],[89.63949,25.39129],[89.6395,25.39183],[89.6391,25.39184],[89.63911,25.3922],[89.63871,25.39221],[89.63872,25.39257],[89.63852,25.39257],[89.63853,25.39311],[89.63834,25.39312],[89.63834,25.39348],[89.63795,25.39366],[89.63777,25.39439],[89.63757,25.39439],[89.6374,25.39584],[89.6372,25.39584],[89.63721,25.39638],[89.63702,25.39639],[89.63702,25.39675],[89.63682,25.39675],[89.63684,25.39765],[89.63665,25.39766],[89.63665,25.39802],[89.63685,25.39802],[89.63687,25.39892],[89.63707,25.39891],[89.6371,25.40018],[89.6369,25.40018],[89.63691,25.40072],[89.63771,25.40071],[89.6375,25.40035],[89.63809,25.40034],[89.6381,25.40052],[89.6385,25.40051],[89.63849,25.40033],[89.63889,25.40033],[89.63892,25.40177],[89.63872,25.40177],[89.63874,25.40249],[89.63854,25.4025],[89.63855,25.40286],[89.63835,25.40286],[89.63835,25.40304],[89.63796,25.40305],[89.63796,25.40323],[89.63836,25.40322],[89.63836,25.4034],[89.63856,25.4034],[89.63856,25.40358],[89.63896,25.40357],[89.63915,25.40321],[89.63935,25.4032],[89.63935,25.40302],[89.63974,25.40302],[89.63973,25.40266],[89.63933,25.40248],[89.63933,25.40212],[89.63913,25.40213],[89.63908,25.39996],[89.63928,25.39996],[89.63927,25.39978],[89.63887,25.3996],[89.63887,25.39924],[89.63906,25.39924],[89.63906,25.39906],[89.63946,25.39905],[89.63925,25.39869],[89.63964,25.39851],[89.63964,25.39833],[89.64004,25.39832],[89.64003,25.39778],[89.64022,25.39777],[89.64022,25.39741],[89.64002,25.39742],[89.64001,25.39724],[89.63962,25.39724],[89.63961,25.39688],[89.6404,25.39687],[89.64041,25.39723],[89.64081,25.39722],[89.6408,25.39704],[89.64061,25.39705],[89.64059,25.3965],[89.6404,25.39651],[89.64039,25.39633],[89.64019,25.39633],[89.6402,25.39651],[89.6398,25.39652],[89.6398,25.3967],[89.63881,25.39672],[89.63882,25.39726],[89.63862,25.39726],[89.63864,25.3978],[89.63883,25.3978],[89.63884,25.39816],[89.63864,25.39816],[89.63866,25.39907],[89.63846,25.39907],[89.63848,25.39961],[89.63808,25.39962],[89.63807,25.39908],[89.63767,25.3989],[89.63766,25.39872],[89.63746,25.39873],[89.63745,25.39819],[89.63765,25.39818],[89.63763,25.39728],[89.63723,25.39729],[89.63722,25.39675],[89.63762,25.39674],[89.63762,25.39656],[89.63781,25.39655],[89.63782,25.39673],[89.63841,25.39672],[89.63841,25.39654],[89.63861,25.39654],[89.6386,25.39618],[89.6384,25.39618],[89.63839,25.39564],[89.63819,25.39564],[89.63819,25.39546],[89.63858,25.39546],[89.63878,25.39509],[89.63897,25.39509],[89.63896,25.39437],[89.63876,25.39437],[89.63876,25.39419],[89.63955,25.39418],[89.63955,25.39436],[89.64015,25.39435],[89.64016,25.39489],[89.64056,25.39506],[89.64057,25.3956],[89.64077,25.3956],[89.64078,25.39596],[89.64118,25.39613],[89.64099,25.3965],[89.64079,25.3965],[89.6408,25.39686],[89.641,25.39686],[89.64101,25.39722],[89.64121,25.39722],[89.64122,25.39776],[89.64162,25.39775],[89.64162,25.39811],[89.64103,25.39812],[89.64104,25.39884],[89.64084,25.39885],[89.64085,25.39921],[89.64045,25.39903],[89.64026,25.3994],[89.64066,25.39957],[89.64067,25.39975],[89.64146,25.39956],[89.64146,25.39974],[89.64166,25.39973],[89.64167,25.40028],[89.64128,25.40046],[89.64129,25.401],[89.64169,25.401],[89.64168,25.40082],[89.64228,25.40081],[89.64227,25.40063],[89.64287,25.40061],[89.64308,25.40097],[89.64328,25.40097],[89.64328,25.40133],[89.64388,25.40132],[89.64386,25.4006],[89.64466,25.40058],[89.64486,25.40094],[89.64526,25.40093],[89.64485,25.40022],[89.64425,25.40023],[89.64425,25.40005],[89.64484,25.40004],[89.64483,25.39932],[89.64463,25.39932],[89.64461,25.39842],[89.64421,25.39824],[89.64421,25.39806],[89.64401,25.39807],[89.644,25.39771],[89.6438,25.39771],[89.64378,25.39699],[89.64359,25.39699],[89.64358,25.39681],[89.64418,25.3968],[89.64438,25.39716],[89.64458,25.39715],[89.64459,25.39733],[89.64518,25.39732],[89.64519,25.3975],[89.64539,25.3975],[89.6454,25.39822],[89.6456,25.39822],[89.64559,25.39786],[89.64579,25.39785],[89.64579,25.39767],[89.64599,25.39767],[89.64599,25.39785],[89.64639,25.39784],[89.64659,25.3982],[89.64679,25.3982],[89.6468,25.39874],[89.647,25.39874],[89.64703,25.39982],[89.64722,25.39981],[89.64728,25.40234],[89.64748,25.40234],[89.64749,25.40288],[89.64729,25.40288],[89.6473,25.40306],[89.64769,25.40305],[89.64768,25.40269],[89.64788,25.40269],[89.64786,25.40161],[89.64825,25.40142],[89.64824,25.40088],[89.64804,25.40088],[89.64798,25.39818],[89.64778,25.39818],[89.64776,25.3971],[89.64756,25.3971],[89.64755,25.39674],[89.64736,25.39674],[89.64734,25.3962],[89.64694,25.39603],[89.64695,25.39621],[89.64675,25.39621],[89.64654,25.39586],[89.64614,25.39586],[89.64614,25.39568],[89.64594,25.39569],[89.64594,25.39551],[89.64554,25.39551],[89.64552,25.39479],[89.64512,25.39462],[89.64512,25.39444],[89.64452,25.39445],[89.64453,25.39463],[89.64493,25.39462],[89.64494,25.39552],[89.64475,25.39553],[89.64475,25.39571],[89.64435,25.39571],[89.64436,25.3959],[89.64316,25.39592],[89.64296,25.39556],[89.64316,25.39556],[89.64315,25.39538],[89.64295,25.39538],[89.64295,25.39502],[89.64275,25.39502],[89.64274,25.39484],[89.64314,25.39483],[89.64314,25.39465],[89.64274,25.39448],[89.64272,25.39394],[89.64232,25.39377],[89.64232,25.39359],[89.64212,25.39359],[89.6421,25.39287],[89.6433,25.39285],[89.64329,25.39248],[89.64369,25.39248],[89.64368,25.3923],[89.64328,25.3923],[89.64328,25.39212],[89.64348,25.39212],[89.64347,25.39176],[89.64387,25.39157]],[[89.64385,25.40006],[89.64385,25.39988],[89.64305,25.39989],[89.64306,25.40007],[89.64226,25.40008],[89.64225,25.39972],[89.64185,25.39955],[89.64185,25.39919],[89.64224,25.399],[89.64223,25.39882],[89.64283,25.39881],[89.64283,25.39899],[89.64303,25.39899],[89.64304,25.39935],[89.64364,25.39934],[89.64363,25.3988],[89.64422,25.39879],[89.64422,25.39897],[89.64442,25.39896],[89.64425,25.40005],[89.64385,25.40006]],[[89.64537,25.39696],[89.64597,25.39695],[89.64598,25.39749],[89.64539,25.3975],[89.64537,25.39696]],[[89.64308,25.39195],[89.64308,25.39213],[89.64169,25.39215],[89.6417,25.39233],[89.64229,25.39232],[89.6423,25.3925],[89.6411,25.39252],[89.64111,25.39289],[89.64071,25.39289],[89.64048,25.39145],[89.64128,25.39126],[89.64127,25.3909],[89.64207,25.39106],[89.64207,25.39142],[89.64227,25.39142],[89.64227,25.39124],[89.64326,25.39122],[89.64327,25.3914],[89.64346,25.3914],[89.64347,25.39176],[89.64308,25.39195]],[[89.64326,25.40043],[89.64366,25.40042],[89.64366,25.4006],[89.64327,25.40061],[89.64326,25.40043]],[[89.63748,25.39945],[89.63788,25.39944],[89.63788,25.3998],[89.63808,25.3998],[89.63809,25.39998],[89.63749,25.39999],[89.63748,25.39945]],[[89.64617,25.39713],[89.64637,25.39712],[89.64637,25.3973],[89.64618,25.39731],[89.64617,25.39713]],[[89.64239,25.39665],[89.64258,25.39665],[89.64259,25.39683],[89.64239,25.39683],[89.64239,25.39665]],[[89.64575,25.39605],[89.64615,25.39604],[89.64615,25.39622],[89.64635,25.39622],[89.64635,25.3964],[89.64596,25.39641],[89.64575,25.39605]],[[89.64476,25.39607],[89.64496,25.39606],[89.64496,25.39625],[89.64476,25.39625],[89.64476,25.39607]],[[89.63797,25.39475],[89.63777,25.39475],[89.63777,25.39457],[89.63797,25.39457],[89.63796,25.39402],[89.63855,25.39401],[89.63857,25.39456],[89.63837,25.39456],[89.63837,25.39492],[89.63798,25.39511],[89.63797,25.39475]],[[89.64365,25.39103],[89.64326,25.39104],[89.64325,25.39086],[89.64305,25.39086],[89.64305,25.39068],[89.64265,25.39069],[89.64265,25.39033],[89.64284,25.39033],[89.64283,25.38979],[89.64323,25.38978],[89.64323,25.3896],[89.64363,25.38977],[89.64362,25.38959],[89.64422,25.38958],[89.64422,25.38976],[89.64402,25.38976],[89.64404,25.39031],[89.64444,25.39048],[89.64444,25.39066],[89.64524,25.39065],[89.64525,25.39119],[89.64465,25.3912],[89.64465,25.39102],[89.64385,25.39103],[89.64386,25.39121],[89.64366,25.39121],[89.64365,25.39103]],[[89.64246,25.39088],[89.64286,25.39087],[89.64286,25.39105],[89.64246,25.39106],[89.64246,25.39088]],[[89.64164,25.38999],[89.64205,25.39016],[89.64205,25.39034],[89.64165,25.39035],[89.64164,25.38999]],[[89.64203,25.38944],[89.64183,25.38944],[89.64182,25.38908],[89.64222,25.38907],[89.64223,25.38962],[89.64203,25.38962],[89.64203,25.38944]]]}},{"type":"Feature","properties":{"kind":"land","ha":2.6},"geometry":{"type":"Polygon","coordinates":[[[89.71532,25.3881],[89.7155,25.38738],[89.71589,25.38719],[89.71588,25.38665],[89.71568,25.38665],[89.71569,25.38683],[89.71489,25.38685],[89.7149,25.38703],[89.7145,25.38704],[89.71449,25.38686],[89.7143,25.38686],[89.71427,25.38578],[89.71407,25.38578],[89.71408,25.38614],[89.71368,25.38615],[89.71349,25.38651],[89.71329,25.38652],[89.7133,25.3867],[89.7129,25.3867],[89.71291,25.38688],[89.71271,25.38689],[89.71272,25.38743],[89.71331,25.38742],[89.71351,25.38705],[89.7137,25.38705],[89.7137,25.38687],[89.7139,25.38687],[89.7139,25.38705],[89.7143,25.38704],[89.7143,25.38722],[89.7149,25.38721],[89.71491,25.38757],[89.71471,25.38757],[89.71471,25.38775],[89.71491,25.38775],[89.71492,25.38811],[89.71532,25.3881]]]}},{"type":"Feature","properties":{"kind":"land","ha":12.7},"geometry":{"type":"Polygon","coordinates":[[[89.67009,25.39146],[89.67005,25.38965],[89.66926,25.38967],[89.66925,25.38949],[89.66905,25.38949],[89.66924,25.38913],[89.66884,25.38895],[89.66884,25.38877],[89.66864,25.38878],[89.66863,25.38824],[89.66843,25.38824],[89.66842,25.38788],[89.66763,25.38789],[89.66764,25.38844],[89.66784,25.38843],[89.66785,25.38897],[89.66805,25.38897],[89.66805,25.38915],[89.66746,25.38916],[89.66745,25.38898],[89.66706,25.38899],[89.66685,25.38863],[89.66645,25.38864],[89.66625,25.38828],[89.66605,25.38828],[89.66602,25.3872],[89.66582,25.3872],[89.66582,25.38702],[89.66602,25.38702],[89.66601,25.38648],[89.66581,25.38648],[89.6658,25.3863],[89.66541,25.38631],[89.66542,25.38685],[89.66522,25.38685],[89.66522,25.38704],[89.66562,25.38703],[89.66563,25.38739],[89.66503,25.3874],[89.66503,25.38722],[89.66463,25.38723],[89.66464,25.38759],[89.66424,25.38759],[89.66404,25.38724],[89.66384,25.38724],[89.66385,25.38778],[89.66405,25.38778],[89.66405,25.38796],[89.66366,25.38815],[89.66367,25.38869],[89.66328,25.38888],[89.66328,25.38906],[89.66388,25.38904],[89.66387,25.38886],[89.66427,25.38886],[89.66428,25.38922],[89.66468,25.38939],[89.66467,25.38885],[89.66506,25.38866],[89.66506,25.38848],[89.66545,25.38847],[89.66547,25.38902],[89.66567,25.38901],[89.66567,25.38937],[89.66547,25.38938],[89.66548,25.38956],[89.66468,25.38957],[89.66469,25.38975],[89.66489,25.38975],[89.6649,25.39029],[89.66549,25.39028],[89.66569,25.38991],[89.66588,25.38991],[89.66588,25.38955],[89.66607,25.38955],[89.66607,25.38937],[89.66667,25.38936],[89.66667,25.38972],[89.66727,25.38971],[89.66727,25.38989],[89.66767,25.38988],[89.66768,25.39006],[89.66787,25.39006],[89.66788,25.39024],[89.66768,25.39024],[89.66769,25.3906],[89.66789,25.3906],[89.66789,25.39078],[89.66868,25.39076],[89.66889,25.39112],[89.66909,25.39112],[89.66909,25.3913],[89.66989,25.39128],[89.66989,25.39146],[89.67009,25.39146]],[[89.66565,25.38847],[89.66605,25.38846],[89.66606,25.38882],[89.66586,25.38883],[89.66565,25.38847]]]}},{"type":"Feature","properties":{"kind":"land","ha":1.5},"geometry":{"type":"Polygon","coordinates":[[[89.64817,25.38843],[89.64835,25.3877],[89.64855,25.3877],[89.64853,25.3868],[89.64833,25.3868],[89.64832,25.38626],[89.64852,25.38625],[89.64851,25.38607],[89.64812,25.38608],[89.64812,25.38626],[89.64792,25.38626],[89.64793,25.38681],[89.64774,25.38681],[89.64774,25.38717],[89.64834,25.38716],[89.64835,25.38752],[89.64775,25.38753],[89.64775,25.38735],[89.64755,25.38735],[89.64756,25.3879],[89.64776,25.38789],[89.64776,25.38807],[89.64737,25.38826],[89.64737,25.38844],[89.64817,25.38843]]]}},{"type":"Feature","properties":{"kind":"land","ha":13.1},"geometry":{"type":"Polygon","coordinates":[[[89.74784,25.39418],[89.74783,25.39364],[89.74743,25.39346],[89.74742,25.3931],[89.74722,25.39311],[89.7472,25.39238],[89.7474,25.39238],[89.74738,25.3913],[89.74718,25.3913],[89.74717,25.39094],[89.74638,25.39114],[89.74638,25.39132],[89.74559,25.39115],[89.74559,25.39133],[89.74539,25.39134],[89.74532,25.38809],[89.74552,25.38808],[89.74551,25.38772],[89.74571,25.38772],[89.74571,25.38808],[89.74612,25.38825],[89.74612,25.38843],[89.74632,25.38843],[89.74632,25.38861],[89.74652,25.38861],[89.74654,25.38933],[89.74634,25.38933],[89.74636,25.39041],[89.74617,25.39042],[89.74617,25.39078],[89.74657,25.39059],[89.74655,25.38987],[89.74694,25.38968],[89.74692,25.3886],[89.74712,25.3886],[89.74714,25.3895],[89.74734,25.38949],[89.74734,25.38985],[89.74754,25.38985],[89.74755,25.39003],[89.74775,25.39003],[89.74772,25.38895],[89.74792,25.38894],[89.74792,25.38876],[89.74772,25.38877],[89.7477,25.38822],[89.7479,25.38822],[89.74788,25.38732],[89.74768,25.38732],[89.74766,25.38642],[89.74747,25.38642],[89.74746,25.38624],[89.74766,25.38624],[89.74765,25.38588],[89.74745,25.38588],[89.74744,25.38534],[89.74724,25.38534],[89.74723,25.38498],[89.74704,25.38499],[89.7468,25.38355],[89.74661,25.38355],[89.74661,25.38391],[89.74642,25.38392],[89.74642,25.3841],[89.74622,25.3841],[89.74622,25.38392],[89.74582,25.38393],[89.74584,25.38465],[89.74603,25.38465],[89.74603,25.38447],[89.74643,25.38446],[89.74644,25.385],[89.74604,25.38501],[89.74604,25.38483],[89.74584,25.38483],[89.74587,25.38609],[89.74607,25.38609],[89.74605,25.38537],[89.74645,25.38536],[89.74665,25.38572],[89.74705,25.38571],[89.74706,25.38607],[89.74726,25.38607],[89.74727,25.38661],[89.74648,25.38662],[89.74627,25.38627],[89.74607,25.38627],[89.74608,25.38663],[89.74548,25.38664],[89.74549,25.387],[89.74529,25.38701],[89.74531,25.38755],[89.74511,25.38755],[89.74518,25.39098],[89.74499,25.39098],[89.74499,25.39116],[89.74519,25.39116],[89.7452,25.3917],[89.7454,25.3917],[89.7454,25.39152],[89.74579,25.39151],[89.746,25.39187],[89.7462,25.39186],[89.7462,25.39204],[89.7464,25.39204],[89.74642,25.39294],[89.74682,25.39311],[89.74704,25.39383],[89.74724,25.39383],[89.74724,25.39401],[89.74764,25.394],[89.74764,25.39418],[89.74784,25.39418]],[[89.74629,25.38699],[89.74668,25.38698],[89.7467,25.38752],[89.7463,25.38753],[89.74629,25.38699]],[[89.74688,25.38698],[89.74708,25.38697],[89.74709,25.38733],[89.74729,25.38733],[89.74729,25.38751],[89.74689,25.38752],[89.74688,25.38698]]]}},{"type":"Feature","properties":{"kind":"land","ha":1.3},"geometry":{"type":"Polygon","coordinates":[[[89.69205,25.38709],[89.69202,25.38601],[89.69222,25.386],[89.69221,25.38546],[89.69201,25.38546],[89.692,25.38492],[89.6924,25.38492],[89.69239,25.38455],[89.69259,25.38455],[89.69258,25.38437],[89.69219,25.38438],[89.69218,25.3842],[89.69198,25.3842],[89.692,25.38474],[89.6918,25.38475],[89.69182,25.38583],[89.69162,25.38583],[89.69164,25.38673],[89.69144,25.38674],[89.69145,25.3871],[89.69205,25.38709]]]}},{"type":"Feature","properties":{"kind":"land","ha":2.2},"geometry":{"type":"Polygon","coordinates":[[[89.70955,25.38785],[89.70952,25.38641],[89.70972,25.3864],[89.70969,25.38532],[89.70989,25.38532],[89.70968,25.3846],[89.70987,25.38459],[89.70985,25.38369],[89.70906,25.38371],[89.70906,25.38389],[89.70926,25.38388],[89.70927,25.38424],[89.70907,25.38425],[89.70908,25.38479],[89.70889,25.38479],[89.70889,25.38515],[89.70929,25.38515],[89.7093,25.38569],[89.7091,25.38569],[89.70911,25.38587],[89.70931,25.38587],[89.70933,25.38713],[89.70914,25.38713],[89.70914,25.3875],[89.70934,25.38749],[89.70935,25.38785],[89.70955,25.38785]],[[89.70928,25.38479],[89.70948,25.38478],[89.70949,25.38496],[89.70929,25.38497],[89.70928,25.38479]]]}},{"type":"Feature","properties":{"kind":"land","ha":3.1},"geometry":{"type":"Polygon","coordinates":[[[89.65925,25.38624],[89.65924,25.38606],[89.65944,25.38606],[89.65944,25.38588],[89.65964,25.38587],[89.65963,25.38569],[89.66003,25.38569],[89.66003,25.3855],[89.65963,25.38551],[89.65961,25.38479],[89.65981,25.38479],[89.65981,25.38461],[89.65941,25.38461],[89.65941,25.38443],[89.6598,25.38443],[89.65999,25.38406],[89.66019,25.38406],[89.65999,25.3837],[89.65899,25.38372],[89.659,25.38408],[89.6594,25.38407],[89.6594,25.38425],[89.6592,25.38426],[89.65921,25.38444],[89.65881,25.38444],[89.6588,25.38408],[89.6584,25.38391],[89.6584,25.38373],[89.6582,25.38373],[89.65821,25.38409],[89.65861,25.38427],[89.65862,25.38481],[89.65742,25.38465],[89.65743,25.38483],[89.65723,25.38483],[89.65744,25.38519],[89.65763,25.38519],[89.65764,25.38537],[89.65804,25.38536],[89.65804,25.38554],[89.65824,25.38554],[89.65824,25.38572],[89.65864,25.38571],[89.65863,25.38517],[89.65843,25.38517],[89.65842,25.38499],[89.65882,25.38499],[89.65881,25.38462],[89.65921,25.3848],[89.65922,25.38498],[89.65942,25.38497],[89.65942,25.38515],[89.65922,25.38516],[89.65924,25.38588],[89.65884,25.38589],[89.65885,25.38607],[89.65865,25.38607],[89.65885,25.38643],[89.65925,25.38624]]]}},{"type":"Feature","properties":{"kind":"land","ha":3.3},"geometry":{"type":"Polygon","coordinates":[[[89.6441,25.38417],[89.64409,25.38381],[89.64369,25.38363],[89.64369,25.38345],[89.64329,25.38346],[89.64329,25.38364],[89.6431,25.38364],[89.6431,25.38401],[89.64291,25.38401],[89.64291,25.38437],[89.64252,25.38456],[89.64253,25.38492],[89.64233,25.38492],[89.64215,25.38601],[89.64256,25.38618],[89.64254,25.38564],[89.64294,25.38545],[89.64314,25.38581],[89.64334,25.38581],[89.64335,25.38617],[89.64414,25.38615],[89.64415,25.38651],[89.64455,25.38633],[89.64454,25.38615],[89.64474,25.38614],[89.64472,25.38542],[89.64453,25.38542],[89.64453,25.3856],[89.64413,25.38561],[89.64414,25.38579],[89.64354,25.3858],[89.64371,25.38436],[89.6441,25.38417]],[[89.64351,25.38436],[89.6435,25.384],[89.6437,25.38399],[89.64371,25.38436],[89.64351,25.38436]],[[89.64313,25.38527],[89.64273,25.38528],[89.64273,25.38491],[89.64293,25.38491],[89.64292,25.38473],[89.64332,25.3849],[89.64333,25.38545],[89.64314,25.38545],[89.64313,25.38527]]]}},{"type":"Feature","properties":{"kind":"land","ha":4.6},"geometry":{"type":"Polygon","coordinates":[[[89.67083,25.38892],[89.67081,25.38802],[89.67101,25.38801],[89.671,25.38747],[89.67119,25.38747],[89.67099,25.38711],[89.67119,25.38711],[89.67116,25.38602],[89.67136,25.38602],[89.67135,25.38566],[89.67115,25.38566],[89.6711,25.38314],[89.6707,25.38297],[89.67069,25.3826],[89.67009,25.38262],[89.6701,25.3828],[89.6703,25.38279],[89.67038,25.3864],[89.67058,25.3864],[89.67061,25.38802],[89.67021,25.38803],[89.67022,25.38821],[89.67042,25.3882],[89.67043,25.38875],[89.67063,25.38874],[89.67063,25.38892],[89.67083,25.38892]]]}},{"type":"Feature","properties":{"kind":"land","ha":2.7},"geometry":{"type":"Polygon","coordinates":[[[89.66498,25.38505],[89.66495,25.38361],[89.66435,25.38362],[89.66436,25.38398],[89.66397,25.38399],[89.66395,25.38345],[89.66435,25.38344],[89.66434,25.38308],[89.66454,25.38308],[89.66453,25.38254],[89.66473,25.38253],[89.66472,25.38217],[89.66433,25.38236],[89.66433,25.38254],[89.66413,25.38254],[89.66414,25.3829],[89.66394,25.38291],[89.66395,25.38309],[89.66355,25.38309],[89.66354,25.38291],[89.66215,25.38294],[89.66216,25.3833],[89.66236,25.3833],[89.66236,25.38348],[89.66296,25.38347],[89.66296,25.38329],[89.66316,25.38328],[89.66336,25.38364],[89.66356,25.38364],[89.66377,25.38435],[89.66417,25.38435],[89.66417,25.38417],[89.66437,25.38416],[89.66437,25.38434],[89.66457,25.38434],[89.66458,25.38488],[89.66478,25.38488],[89.66478,25.38506],[89.66498,25.38505]]]}},{"type":"Feature","properties":{"kind":"land","ha":3.7},"geometry":{"type":"Polygon","coordinates":[[[89.65761,25.38429],[89.65759,25.3832],[89.65719,25.38321],[89.65699,25.38285],[89.65639,25.38286],[89.65618,25.38251],[89.65559,25.38252],[89.65558,25.38216],[89.65479,25.38217],[89.65481,25.38325],[89.65521,25.38325],[89.65522,25.38361],[89.65541,25.3836],[89.65542,25.38378],[89.65581,25.38378],[89.65582,25.38396],[89.65661,25.38394],[89.65661,25.38376],[89.65701,25.38375],[89.65701,25.38394],[89.65721,25.38393],[89.65722,25.38429],[89.65761,25.38429]]]}},{"type":"Feature","properties":{"kind":"land","ha":1.8},"geometry":{"type":"Polygon","coordinates":[[[89.74911,25.38026],[89.7493,25.37989],[89.7495,25.37989],[89.74951,25.38007],[89.7499,25.38006],[89.7499,25.3797],[89.75069,25.37969],[89.75069,25.37987],[89.75089,25.37986],[89.75088,25.37932],[89.75028,25.37933],[89.75028,25.37915],[89.74929,25.37917],[89.74929,25.37935],[89.74889,25.37936],[89.74889,25.37918],[89.74849,25.37919],[89.7487,25.37954],[89.7485,25.37955],[89.74851,25.38009],[89.74871,25.38008],[89.74872,25.38026],[89.74911,25.38026]]]}},{"type":"Feature","properties":{"kind":"land","ha":1.0},"geometry":{"type":"Polygon","coordinates":[[[89.66113,25.38151],[89.66113,25.38133],[89.66152,25.38133],[89.66151,25.38079],[89.66171,25.38078],[89.6617,25.38042],[89.6615,25.38042],[89.66151,25.3806],[89.66111,25.38061],[89.6611,25.38025],[89.6609,25.38025],[89.66091,25.38044],[89.66071,25.38044],[89.66092,25.3808],[89.66052,25.38098],[89.66053,25.38153],[89.66073,25.38152],[89.66074,25.3817],[89.66113,25.38151]]]}},{"type":"Feature","properties":{"kind":"land","ha":6.8},"geometry":{"type":"Polygon","coordinates":[[[89.71363,25.38362],[89.7136,25.38254],[89.71321,25.38255],[89.71319,25.38201],[89.71359,25.382],[89.71358,25.38146],[89.71298,25.38147],[89.71298,25.38129],[89.71318,25.38128],[89.71317,25.38092],[89.71337,25.38092],[89.71336,25.38038],[89.71375,25.38037],[89.71376,25.38055],[89.71396,25.38055],[89.71415,25.38018],[89.71435,25.38018],[89.71411,25.37874],[89.71431,25.37874],[89.71431,25.37856],[89.7151,25.37854],[89.7151,25.37836],[89.7153,25.37836],[89.71529,25.378],[89.7141,25.3782],[89.71391,25.37856],[89.71351,25.37857],[89.71332,25.37894],[89.71313,25.37894],[89.71313,25.37912],[89.71293,25.37912],[89.71293,25.3793],[89.71274,25.37931],[89.71274,25.37967],[89.71255,25.37967],[89.71255,25.37985],[89.71195,25.37986],[89.71196,25.38022],[89.71176,25.38023],[89.71179,25.38149],[89.71199,25.38149],[89.71199,25.38167],[89.71259,25.38166],[89.71259,25.38184],[89.71279,25.38183],[89.71281,25.38256],[89.71321,25.38273],[89.71321,25.38291],[89.71341,25.3829],[89.71343,25.38363],[89.71363,25.38362]]]}},{"type":"Feature","properties":{"kind":"land","ha":3.8},"geometry":{"type":"Polygon","coordinates":[[[89.72309,25.3802],[89.72307,25.37966],[89.72347,25.37947],[89.72345,25.37857],[89.72266,25.37894],[89.72265,25.37858],[89.72285,25.37858],[89.72285,25.3784],[89.72265,25.3784],[89.72264,25.37804],[89.72224,25.37805],[89.72224,25.37787],[89.72284,25.37786],[89.72263,25.3775],[89.72283,25.3775],[89.72282,25.37732],[89.72243,25.37732],[89.72243,25.3775],[89.72203,25.37751],[89.72184,25.37788],[89.72164,25.37788],[89.72165,25.37806],[89.72145,25.37806],[89.72148,25.37951],[89.72128,25.37951],[89.72129,25.37969],[89.72149,25.37969],[89.72149,25.38005],[89.72229,25.38003],[89.72228,25.37967],[89.72268,25.37967],[89.72267,25.37949],[89.72287,25.37948],[89.72288,25.38002],[89.72269,25.38003],[89.72269,25.38021],[89.72309,25.3802]],[[89.72205,25.37823],[89.72225,25.37823],[89.72226,25.37859],[89.72245,25.37859],[89.72246,25.37877],[89.72206,25.37877],[89.72205,25.37823]]]}},{"type":"Feature","properties":{"kind":"land","ha":6.7},"geometry":{"type":"Polygon","coordinates":[[[89.65498,25.38199],[89.65497,25.38163],[89.65557,25.38161],[89.65556,25.38125],[89.65596,25.38143],[89.65595,25.38107],[89.65576,25.38107],[89.65574,25.38053],[89.65495,25.38054],[89.65493,25.37946],[89.65452,25.37929],[89.65452,25.37893],[89.65392,25.37894],[89.65392,25.37912],[89.65353,25.37912],[89.65352,25.37894],[89.65313,25.37895],[89.65312,25.37859],[89.65292,25.37859],[89.65292,25.37877],[89.65253,25.37878],[89.65234,25.37915],[89.65214,25.37915],[89.65214,25.37933],[89.65254,25.3795],[89.65255,25.37968],[89.65275,25.37968],[89.65275,25.37986],[89.65295,25.37986],[89.65296,25.3804],[89.65316,25.38039],[89.65317,25.38076],[89.65336,25.38075],[89.65337,25.38111],[89.65357,25.38111],[89.65358,25.38165],[89.65378,25.38165],[89.65379,25.38183],[89.65478,25.38181],[89.65478,25.38199],[89.65498,25.38199]],[[89.65437,25.38128],[89.65417,25.38128],[89.65416,25.38092],[89.65456,25.38073],[89.65456,25.38091],[89.65476,25.38091],[89.65477,25.38145],[89.65437,25.38146],[89.65437,25.38128]]]}},{"type":"Feature","properties":{"kind":"land","ha":1.5},"geometry":{"type":"Polygon","coordinates":[[[89.65612,25.37962],[89.65611,25.37926],[89.65631,25.37926],[89.6563,25.37889],[89.6567,25.37889],[89.6567,25.37871],[89.6565,25.37871],[89.65649,25.37853],[89.6561,25.37854],[89.65589,25.37818],[89.65569,25.37818],[89.65568,25.37782],[89.65529,25.37783],[89.65529,25.37801],[89.65489,25.37802],[89.6549,25.3782],[89.6551,25.37819],[89.65511,25.37874],[89.65531,25.37873],[89.65531,25.37891],[89.65591,25.3789],[89.65591,25.37908],[89.65571,25.37909],[89.65572,25.37945],[89.65592,25.37944],[89.65592,25.37962],[89.65612,25.37962]]]}},{"type":"Feature","properties":{"kind":"land","ha":2.8},"geometry":{"type":"Polygon","coordinates":[[[89.66249,25.38023],[89.66249,25.38005],[89.66289,25.38022],[89.66287,25.37914],[89.66227,25.37915],[89.66226,25.37861],[89.66206,25.37861],[89.66205,25.37825],[89.66185,25.37825],[89.66185,25.37807],[89.66205,25.37807],[89.66204,25.37771],[89.66164,25.37753],[89.66167,25.37898],[89.66128,25.37917],[89.66127,25.37898],[89.66088,25.37899],[89.66089,25.37953],[89.66128,25.37953],[89.6613,25.38007],[89.6615,25.38006],[89.6615,25.38024],[89.6617,25.38024],[89.66169,25.38006],[89.66209,25.38005],[89.6621,25.38041],[89.66249,25.38023]],[[89.66248,25.37968],[89.66268,25.37968],[89.66268,25.37986],[89.66248,25.37987],[89.66248,25.37968]]]}},{"type":"Feature","properties":{"kind":"land","ha":39.1},"geometry":{"type":"Polygon","coordinates":[[[89.69384,25.39626],[89.69384,25.39608],[89.69364,25.39608],[89.69362,25.39536],[89.69382,25.39536],[89.69381,25.395],[89.69421,25.39499],[89.69422,25.39535],[89.69442,25.39535],[89.6944,25.39444],[89.6946,25.39444],[89.69459,25.39426],[89.69558,25.39424],[89.69558,25.39406],[89.69657,25.39404],[89.69658,25.3944],[89.69678,25.3944],[89.69678,25.39458],[89.69718,25.39457],[89.69719,25.39475],[89.69738,25.39475],[89.6974,25.39565],[89.6976,25.39565],[89.6976,25.39529],[89.69779,25.39528],[89.69779,25.39492],[89.69798,25.39492],[89.69798,25.39456],[89.69817,25.39456],[89.69817,25.39438],[89.69777,25.39438],[89.69775,25.39348],[89.69735,25.39331],[89.69734,25.39295],[89.69754,25.39294],[89.69755,25.39312],[89.69794,25.39312],[89.69795,25.3933],[89.69835,25.39329],[89.69834,25.39311],[89.69854,25.39311],[89.69852,25.39238],[89.69833,25.39239],[89.69832,25.39221],[89.69773,25.39222],[89.69772,25.39204],[89.69693,25.39205],[89.69694,25.39241],[89.69674,25.39242],[89.69675,25.39296],[89.69655,25.39296],[89.69655,25.39314],[89.69616,25.39315],[89.69615,25.39297],[89.69595,25.39297],[89.69594,25.39225],[89.69534,25.39226],[89.69533,25.39172],[89.69553,25.39172],[89.6955,25.39063],[89.6951,25.39046],[89.6951,25.39028],[89.6949,25.39028],[89.69509,25.38992],[89.69569,25.38991],[89.69568,25.38955],[89.69588,25.38954],[89.69546,25.38883],[89.69626,25.38882],[89.69605,25.38846],[89.69585,25.38846],[89.69584,25.38792],[89.69624,25.38773],[89.69622,25.38719],[89.69563,25.3872],[89.69562,25.38702],[89.69542,25.38703],[89.69541,25.38648],[89.69521,25.38649],[89.6952,25.38577],[89.69559,25.38558],[89.69559,25.3854],[89.69579,25.3854],[89.69578,25.38521],[89.69598,25.38521],[89.69598,25.38503],[89.69637,25.38502],[89.69636,25.38448],[89.69616,25.38449],[89.69616,25.38431],[89.69576,25.38431],[89.69577,25.38449],[89.69537,25.3845],[89.69536,25.38432],[89.69517,25.38432],[89.69516,25.38396],[89.69476,25.38379],[89.69475,25.38361],[89.69455,25.38361],[89.69434,25.38289],[89.69454,25.38289],[89.69453,25.38235],[89.69492,25.38216],[89.69491,25.3818],[89.69451,25.38181],[89.69452,25.38217],[89.69432,25.38217],[89.69432,25.38199],[89.69412,25.382],[89.69411,25.38146],[89.6945,25.38127],[89.69449,25.38091],[89.69489,25.3809],[89.6949,25.38108],[89.69569,25.38107],[89.69569,25.38125],[89.69589,25.38124],[89.69588,25.3807],[89.69568,25.3807],[89.69569,25.38088],[89.69509,25.3809],[89.69506,25.37963],[89.69526,25.37963],[89.69526,25.37945],[89.69506,25.37945],[89.69505,25.37909],[89.69565,25.37908],[89.69585,25.37944],[89.69605,25.37943],[89.69583,25.37836],[89.69563,25.37836],[89.69559,25.37674],[89.69579,25.37673],[89.69578,25.37637],[89.69539,25.37656],[89.69541,25.37728],[89.69501,25.37747],[89.69502,25.37783],[89.69482,25.37783],[89.69481,25.37711],[89.69501,25.37711],[89.695,25.37675],[89.6946,25.37693],[89.69461,25.37729],[89.69441,25.3773],[89.69442,25.37748],[89.69402,25.37731],[89.69403,25.37803],[89.69443,25.37784],[89.69443,25.3782],[89.69424,25.3782],[89.69424,25.37856],[89.69404,25.37857],[89.69407,25.37965],[89.69367,25.37966],[89.69348,25.38002],[89.69328,25.38003],[89.69329,25.38021],[89.69309,25.38021],[89.6931,25.38057],[89.6929,25.38057],[89.69311,25.38129],[89.69331,25.38129],[89.69332,25.38183],[89.69372,25.38182],[89.69373,25.38218],[89.69393,25.38218],[89.69394,25.38272],[89.69374,25.38273],[89.69375,25.38309],[89.69414,25.38308],[89.69417,25.38416],[89.69457,25.38433],[89.69457,25.38451],[89.69477,25.38451],[89.6948,25.38559],[89.695,25.38559],[89.695,25.38595],[89.69461,25.38596],[89.69462,25.38668],[89.69423,25.38687],[89.69424,25.38723],[89.69404,25.38723],[89.69406,25.38813],[89.69386,25.38814],[89.69365,25.38778],[89.69385,25.38778],[89.69384,25.38724],[89.69344,25.38724],[89.69323,25.38652],[89.69303,25.38653],[89.69303,25.38635],[89.69322,25.38634],[89.69321,25.38562],[89.69301,25.38563],[89.693,25.38527],[89.6926,25.38527],[89.69261,25.38563],[89.69281,25.38563],[89.69283,25.38635],[89.69263,25.38636],[89.69264,25.3869],[89.69304,25.38707],[89.69305,25.38725],[89.69324,25.38725],[89.69325,25.38761],[89.69305,25.38761],[89.69306,25.38779],[89.69266,25.3878],[89.69266,25.38798],[89.69306,25.38797],[89.69307,25.38851],[89.69327,25.38851],[89.69328,25.38869],[89.69288,25.3887],[89.69287,25.38852],[89.69268,25.38852],[89.69268,25.38888],[89.69229,25.38889],[89.6921,25.38925],[89.69289,25.38924],[89.69289,25.38942],[89.69329,25.38941],[89.69329,25.38923],[89.69369,25.38922],[89.69371,25.39049],[89.69332,25.39067],[89.69333,25.39104],[89.69293,25.39104],[89.69295,25.39176],[89.69315,25.39176],[89.69315,25.39194],[89.69276,25.39213],[89.69276,25.39249],[89.69257,25.39249],[89.69257,25.39285],[89.69238,25.39286],[89.69238,25.39304],[89.69258,25.39303],[89.69259,25.3934],[89.69278,25.39339],[89.6928,25.39411],[89.6932,25.39429],[89.69301,25.39465],[89.69281,25.39465],[89.69282,25.39483],[89.69321,25.39483],[89.69302,25.39519],[89.69342,25.39518],[89.69344,25.39591],[89.69304,25.39591],[89.69304,25.39609],[89.69344,25.39627],[89.69345,25.39645],[89.69384,25.39626]],[[89.69339,25.39392],[89.69319,25.39393],[89.69319,25.39374],[89.69299,25.39375],[89.69298,25.39321],[89.69338,25.3932],[89.69338,25.39338],[89.69378,25.39337],[89.69378,25.39355],[89.69398,25.39355],[89.6938,25.39428],[89.6936,25.39428],[89.69339,25.39392]],[[89.69357,25.39284],[89.69337,25.39284],[89.69336,25.3923],[89.69316,25.3923],[89.69315,25.39212],[89.69375,25.39211],[89.69374,25.39175],[89.69354,25.39175],[89.69353,25.39121],[89.69392,25.39102],[89.69392,25.39066],[89.69411,25.39066],[89.69413,25.3912],[89.69433,25.3912],[89.69435,25.39228],[89.69395,25.39229],[89.69396,25.39265],[89.69416,25.39264],[89.69417,25.39319],[89.69377,25.39319],[89.69357,25.39284]],[[89.69535,25.3928],[89.69575,25.3928],[89.69576,25.39298],[89.69536,25.39298],[89.69535,25.3928]],[[89.69446,25.38813],[89.69465,25.38812],[89.69466,25.3883],[89.69446,25.38831],[89.69446,25.38813]],[[89.69426,25.37947],[89.69466,25.37946],[89.69465,25.3791],[89.69485,25.3791],[89.69487,25.37982],[89.69467,25.37982],[89.69468,25.38018],[89.69448,25.38018],[89.69426,25.37947]]]}},{"type":"Feature","properties":{"kind":"land","ha":8.2},"geometry":{"type":"Polygon","coordinates":[[[89.67088,25.38224],[89.67085,25.38062],[89.67104,25.38061],[89.67102,25.37953],[89.67082,25.37953],[89.67081,25.37881],[89.67061,25.37882],[89.67059,25.37809],[89.67079,25.37809],[89.67079,25.37791],[89.67039,25.37792],[89.67038,25.37774],[89.67019,25.37774],[89.67021,25.37864],[89.67001,25.37865],[89.67,25.3781],[89.6692,25.37812],[89.66921,25.37848],[89.6696,25.37829],[89.66961,25.37865],[89.66922,25.37884],[89.66922,25.37902],[89.66843,25.37904],[89.66841,25.37849],[89.66861,25.37849],[89.66861,25.37813],[89.66841,25.37813],[89.6684,25.37777],[89.66879,25.37759],[89.66879,25.3774],[89.66899,25.3774],[89.66898,25.37704],[89.66918,25.37704],[89.66917,25.37686],[89.66937,25.37685],[89.66936,25.37631],[89.66896,25.37632],[89.66897,25.37668],[89.66858,25.37687],[89.66859,25.37723],[89.66839,25.37723],[89.66839,25.37759],[89.668,25.3776],[89.668,25.37778],[89.6678,25.37778],[89.66781,25.37832],[89.66801,25.37832],[89.66802,25.3785],[89.66782,25.37851],[89.66782,25.37869],[89.66802,25.37868],[89.66803,25.37886],[89.66763,25.37887],[89.66764,25.37959],[89.66943,25.37956],[89.66924,25.37992],[89.66825,25.37994],[89.66825,25.38012],[89.66845,25.38012],[89.66846,25.38066],[89.66866,25.38066],[89.66866,25.38048],[89.66945,25.38046],[89.66944,25.3801],[89.66964,25.3801],[89.66963,25.37956],[89.66983,25.37955],[89.66982,25.37937],[89.67022,25.37936],[89.67023,25.37991],[89.67003,25.37991],[89.67006,25.38099],[89.67026,25.38099],[89.67027,25.38153],[89.67007,25.38153],[89.67009,25.38225],[89.67048,25.38225],[89.67049,25.38243],[89.67088,25.38224]]]}},{"type":"Feature","properties":{"kind":"land","ha":37.2},"geometry":{"type":"Polygon","coordinates":[[[89.72597,25.37581],[89.72596,25.37563],[89.72577,25.37564],[89.72576,25.37528],[89.72556,25.37528],[89.72555,25.37492],[89.72535,25.37492],[89.72536,25.3751],[89.72496,25.37511],[89.72497,25.37547],[89.72556,25.37546],[89.72557,25.37582],[89.72597,25.37599],[89.72598,25.37654],[89.72639,25.37671],[89.72639,25.37689],[89.72659,25.37689],[89.72659,25.37707],[89.72679,25.37706],[89.7268,25.37724],[89.7264,25.37725],[89.72619,25.37689],[89.72599,25.3769],[89.72599,25.37672],[89.72579,25.37672],[89.72579,25.3769],[89.7252,25.37691],[89.7252,25.37709],[89.7258,25.37708],[89.726,25.37744],[89.7262,25.37743],[89.72621,25.37761],[89.7268,25.3776],[89.72681,25.37778],[89.7272,25.37778],[89.72721,25.37796],[89.72741,25.37795],[89.72742,25.37849],[89.72762,25.37849],[89.72762,25.37867],[89.72802,25.37866],[89.72801,25.3783],[89.72761,25.37813],[89.7276,25.37777],[89.7282,25.37776],[89.7284,25.37812],[89.7286,25.37811],[89.72861,25.37829],[89.72881,25.37829],[89.72881,25.37847],[89.72901,25.37847],[89.72901,25.37865],[89.72921,25.37864],[89.72943,25.37972],[89.72983,25.37953],[89.72983,25.37971],[89.73023,25.37971],[89.73023,25.37989],[89.73063,25.37988],[89.73063,25.38006],[89.73103,25.38005],[89.73124,25.38041],[89.73144,25.38041],[89.73144,25.38059],[89.73184,25.38058],[89.73183,25.3804],[89.73203,25.38039],[89.73204,25.38057],[89.73223,25.38057],[89.73224,25.38093],[89.73264,25.3811],[89.73265,25.38129],[89.73304,25.38128],[89.73305,25.38146],[89.73325,25.38145],[89.73326,25.38182],[89.73345,25.38181],[89.73347,25.38235],[89.73366,25.38235],[89.73367,25.38271],[89.73387,25.38271],[89.73388,25.38307],[89.73428,25.38324],[89.7343,25.38396],[89.7345,25.38396],[89.7345,25.38432],[89.73431,25.38432],[89.73432,25.38486],[89.73471,25.38486],[89.73472,25.38504],[89.73492,25.38503],[89.73493,25.38539],[89.73533,25.38557],[89.73533,25.38575],[89.73553,25.38574],[89.73554,25.38629],[89.73534,25.38629],[89.73535,25.38647],[89.73574,25.38646],[89.73574,25.38628],[89.73594,25.38628],[89.73615,25.38663],[89.73674,25.38662],[89.73674,25.38644],[89.73713,25.38644],[89.73695,25.38716],[89.73715,25.38716],[89.73716,25.3877],[89.73677,25.38789],[89.73679,25.38861],[89.73639,25.38862],[89.73639,25.3888],[89.73679,25.38879],[89.7368,25.38933],[89.73641,25.38934],[89.73641,25.38952],[89.73661,25.38951],[89.73662,25.38987],[89.73702,25.39005],[89.73702,25.39023],[89.73742,25.39022],[89.73741,25.38986],[89.73761,25.38986],[89.7376,25.38931],[89.7378,25.38931],[89.73778,25.38841],[89.73817,25.38822],[89.73835,25.3875],[89.73855,25.38749],[89.73872,25.38641],[89.73912,25.38622],[89.73911,25.38604],[89.73931,25.38603],[89.73949,25.38531],[89.73969,25.38531],[89.73968,25.38476],[89.73988,25.38476],[89.73985,25.38332],[89.73965,25.38332],[89.73964,25.38296],[89.73925,25.38315],[89.73925,25.38351],[89.73886,25.38352],[89.73886,25.3837],[89.73866,25.3837],[89.73867,25.38406],[89.73828,25.38425],[89.73829,25.38479],[89.73809,25.38479],[89.73809,25.38497],[89.7377,25.38498],[89.73771,25.38534],[89.73731,25.38553],[89.73732,25.38571],[89.73712,25.38571],[89.73711,25.38517],[89.73671,25.38518],[89.7367,25.385],[89.73651,25.385],[89.7365,25.38464],[89.7361,25.38447],[89.73588,25.38375],[89.73568,25.38376],[89.73568,25.38339],[89.73548,25.3834],[89.73525,25.38232],[89.73545,25.38232],[89.73544,25.38196],[89.73504,25.38178],[89.73504,25.3816],[89.73484,25.38161],[89.73483,25.38124],[89.73443,25.38125],[89.73443,25.38107],[89.73423,25.38108],[89.73422,25.38071],[89.73343,25.38055],[89.73341,25.37983],[89.73361,25.37982],[89.7336,25.37964],[89.73301,25.37965],[89.7328,25.3793],[89.7326,25.3793],[89.7326,25.37912],[89.7324,25.37912],[89.73238,25.3784],[89.73219,25.37841],[89.73217,25.37787],[89.73178,25.37805],[89.73179,25.37841],[89.73139,25.37842],[89.7314,25.37878],[89.7316,25.37878],[89.73161,25.3795],[89.73142,25.3795],[89.73141,25.37932],[89.73101,25.37933],[89.73081,25.37897],[89.73061,25.37898],[89.73059,25.37826],[89.73039,25.37826],[89.73039,25.37808],[89.72999,25.37809],[89.72979,25.37773],[89.72959,25.37773],[89.72937,25.37701],[89.72898,25.37702],[89.72877,25.37666],[89.72837,25.37667],[89.72837,25.37649],[89.72916,25.37648],[89.72915,25.37612],[89.72955,25.37593],[89.72954,25.37557],[89.72934,25.37557],[89.72933,25.37503],[89.72953,25.37503],[89.72952,25.37485],[89.72793,25.37488],[89.72794,25.37524],[89.72834,25.37523],[89.72834,25.37505],[89.72893,25.37504],[89.72894,25.37558],[89.72855,25.37577],[89.72855,25.37595],[89.72816,25.37595],[89.72795,25.3756],[89.72775,25.3756],[89.72775,25.37542],[89.72735,25.37543],[89.72735,25.37561],[89.72656,25.37562],[89.72656,25.37544],[89.72616,25.37545],[89.72617,25.37581],[89.72597,25.37581]],[[89.72736,25.37597],[89.72737,25.37651],[89.72698,25.37652],[89.72677,25.37616],[89.72657,25.37616],[89.72657,25.37598],[89.72617,25.37599],[89.72617,25.37581],[89.72736,25.37597]],[[89.73532,25.38521],[89.73552,25.3852],[89.73552,25.38538],[89.73532,25.38539],[89.73532,25.38521]],[[89.73384,25.38144],[89.73385,25.38162],[89.73405,25.38162],[89.73405,25.3818],[89.73425,25.3818],[89.73425,25.38198],[89.73445,25.38197],[89.73446,25.38215],[89.73465,25.38215],[89.73468,25.38323],[89.73448,25.38324],[89.73426,25.38252],[89.73386,25.38235],[89.73386,25.38198],[89.73366,25.38199],[89.73364,25.38145],[89.73384,25.38144]],[[89.73345,25.38145],[89.73344,25.38127],[89.73364,25.38127],[89.73364,25.38145],[89.73345,25.38145]],[[89.73283,25.38056],[89.73323,25.38055],[89.73323,25.38073],[89.73283,25.38074],[89.73283,25.38056]],[[89.72961,25.37881],[89.73021,25.3788],[89.73021,25.37898],[89.73041,25.37898],[89.73042,25.37934],[89.72962,25.37936],[89.72961,25.37881]]]}},{"type":"Feature","properties":{"kind":"land","ha":4.3},"geometry":{"type":"Polygon","coordinates":[[[89.68756,25.38176],[89.68756,25.38158],[89.68775,25.38157],[89.68775,25.38121],[89.68814,25.38102],[89.68813,25.38084],[89.68833,25.38084],[89.68833,25.38048],[89.68852,25.38047],[89.68852,25.38011],[89.68891,25.37993],[89.68891,25.37975],[89.6891,25.37974],[89.68909,25.37902],[89.68929,25.37902],[89.68921,25.37541],[89.68901,25.37541],[89.68906,25.37776],[89.68867,25.37795],[89.68867,25.37831],[89.68848,25.37831],[89.68849,25.37885],[89.68809,25.37904],[89.6881,25.37922],[89.6875,25.37923],[89.68751,25.37959],[89.6879,25.3794],[89.68792,25.37994],[89.68752,25.37995],[89.68752,25.38013],[89.68732,25.38014],[89.68733,25.3805],[89.68753,25.38049],[89.68755,25.38139],[89.68696,25.38141],[89.68696,25.38177],[89.68756,25.38176]]]}},{"type":"Feature","properties":{"kind":"land","ha":1.2},"geometry":{"type":"Polygon","coordinates":[[[89.67058,25.37737],[89.67076,25.37665],[89.67096,25.37664],[89.67095,25.37628],[89.67115,25.37628],[89.67114,25.37574],[89.67054,25.37575],[89.67054,25.37593],[89.67034,25.37593],[89.67036,25.37647],[89.66996,25.37648],[89.66997,25.37702],[89.67017,25.37702],[89.67018,25.37738],[89.67058,25.37737]]]}},{"type":"Feature","properties":{"kind":"land","ha":6.3},"geometry":{"type":"Polygon","coordinates":[[[89.6537,25.37786],[89.65369,25.37768],[89.65429,25.37767],[89.65448,25.3773],[89.65468,25.3773],[89.65485,25.37621],[89.65446,25.37622],[89.65447,25.37658],[89.65407,25.37659],[89.65408,25.37713],[89.65368,25.37714],[89.65347,25.37642],[89.65367,25.37641],[89.65366,25.37587],[89.65326,25.37588],[89.65325,25.37534],[89.65305,25.37534],[89.65304,25.37516],[89.65285,25.37517],[89.65285,25.37535],[89.65245,25.37535],[89.65246,25.37553],[89.65166,25.37555],[89.65145,25.37519],[89.65126,25.37519],[89.65127,25.37592],[89.65147,25.37591],[89.65148,25.37627],[89.65128,25.37628],[89.65129,25.37682],[89.65169,25.37699],[89.6517,25.37717],[89.6519,25.37717],[89.6519,25.37735],[89.6521,25.37735],[89.6521,25.37753],[89.6527,25.37752],[89.65271,25.37788],[89.6537,25.37786]]]}},{"type":"Feature","properties":{"kind":"land","ha":3.2},"geometry":{"type":"Polygon","coordinates":[[[89.6952,25.37674],[89.69519,25.37638],[89.69558,25.37619],[89.69558,25.37601],[89.69578,25.37601],[89.69578,25.37637],[89.69598,25.37637],[89.69598,25.37619],[89.69638,25.37618],[89.69637,25.376],[89.69657,25.376],[89.69657,25.37582],[89.69617,25.37582],[89.69617,25.37564],[89.69636,25.37564],[89.69635,25.37492],[89.69555,25.37457],[89.69554,25.37421],[89.69514,25.37404],[89.69512,25.3735],[89.69453,25.37351],[89.69457,25.37531],[89.69477,25.37531],[89.69475,25.37477],[89.69495,25.37476],[89.69495,25.3744],[89.69534,25.37439],[89.69535,25.37475],[89.69515,25.37476],[89.69518,25.3762],[89.69499,25.3762],[89.695,25.37675],[89.6952,25.37674]]]}},{"type":"Feature","properties":{"kind":"land","ha":2.1},"geometry":{"type":"Polygon","coordinates":[[[89.72535,25.37492],[89.72534,25.37438],[89.72573,25.37419],[89.72573,25.37401],[89.72533,25.37384],[89.72532,25.37366],[89.72513,25.37366],[89.72512,25.37348],[89.72492,25.37349],[89.72491,25.37313],[89.72511,25.37312],[89.72511,25.37294],[89.72392,25.37296],[89.72394,25.37387],[89.72434,25.37404],[89.72435,25.3744],[89.72474,25.37439],[89.72495,25.37475],[89.72515,25.37475],[89.72515,25.37493],[89.72535,25.37492]],[[89.72452,25.37313],[89.72472,25.37313],[89.72472,25.37349],[89.72433,25.3735],[89.72452,25.37313]]]}},{"type":"Feature","properties":{"kind":"land","ha":1.0},"geometry":{"type":"Polygon","coordinates":[[[89.71363,25.37496],[89.71362,25.37424],[89.71381,25.37423],[89.71381,25.37387],[89.71401,25.37387],[89.71398,25.37279],[89.71378,25.37279],[89.71377,25.37243],[89.71358,25.37243],[89.7136,25.3737],[89.71341,25.3737],[89.71343,25.37478],[89.71323,25.37479],[89.71324,25.37515],[89.71363,25.37496]]]}},{"type":"Feature","properties":{"kind":"land","ha":1.5},"geometry":{"type":"Polygon","coordinates":[[[89.688,25.37453],[89.68838,25.3738],[89.68878,25.37397],[89.68876,25.37325],[89.68856,25.37325],[89.68855,25.37289],[89.68816,25.3729],[89.68797,25.37327],[89.68777,25.37327],[89.68759,25.37399],[89.68719,25.37418],[89.6872,25.37454],[89.688,25.37453]],[[89.68817,25.37326],[89.68836,25.37326],[89.68837,25.37344],[89.68817,25.37344],[89.68817,25.37326]]]}},{"type":"Feature","properties":{"kind":"land","ha":3.9},"geometry":{"type":"Polygon","coordinates":[[[89.66121,25.3761],[89.661,25.37574],[89.6614,25.37555],[89.6614,25.37591],[89.6616,25.37591],[89.66159,25.37519],[89.66218,25.37518],[89.66216,25.3741],[89.66156,25.37411],[89.66155,25.37338],[89.66115,25.37339],[89.66116,25.37375],[89.66076,25.37376],[89.66076,25.37394],[89.66057,25.37394],[89.66058,25.37467],[89.66078,25.37466],[89.66078,25.37484],[89.66039,25.37503],[89.6604,25.37521],[89.6602,25.37521],[89.6602,25.37539],[89.6598,25.3754],[89.65982,25.37594],[89.66001,25.37594],[89.66002,25.37612],[89.66121,25.3761]]]}},{"type":"Feature","properties":{"kind":"land","ha":1.2},"geometry":{"type":"Polygon","coordinates":[[[89.65126,25.37519],[89.65123,25.37411],[89.65103,25.37412],[89.65102,25.37357],[89.65043,25.37359],[89.65045,25.37467],[89.65065,25.37466],[89.65066,25.37521],[89.65126,25.37519]]]}},{"type":"Feature","properties":{"kind":"land","ha":1.1},"geometry":{"type":"Polygon","coordinates":[[[89.7259,25.37293],[89.72589,25.37239],[89.72629,25.37238],[89.7265,25.37274],[89.72709,25.37273],[89.72709,25.37254],[89.72669,25.37255],[89.72669,25.37237],[89.72649,25.37238],[89.72667,25.37165],[89.72607,25.37166],[89.72588,25.37203],[89.72568,25.37203],[89.72569,25.37239],[89.72549,25.37239],[89.7257,25.37275],[89.72511,25.37276],[89.72511,25.37294],[89.7259,25.37293]]]}},{"type":"Feature","properties":{"kind":"land","ha":1.4},"geometry":{"type":"Polygon","coordinates":[[[89.72789,25.37271],[89.72767,25.37199],[89.72806,25.3718],[89.72805,25.37108],[89.72844,25.3709],[89.72843,25.37053],[89.72863,25.37053],[89.72863,25.37035],[89.72784,25.37055],[89.72765,25.37127],[89.72746,25.37127],[89.72747,25.37182],[89.72727,25.37182],[89.72728,25.37236],[89.72748,25.37236],[89.72748,25.37254],[89.72729,25.37254],[89.72729,25.37272],[89.72789,25.37271]]]}},{"type":"Feature","properties":{"kind":"land","ha":5.5},"geometry":{"type":"Polygon","coordinates":[[[89.66461,25.37712],[89.66461,25.37694],[89.665,25.37693],[89.66501,25.37711],[89.66521,25.37711],[89.66519,25.37657],[89.66479,25.37639],[89.66479,25.37621],[89.66439,25.3764],[89.66438,25.37586],[89.66478,25.37585],[89.66457,25.3755],[89.66398,25.37551],[89.66395,25.37442],[89.66415,25.37442],[89.66413,25.37316],[89.66393,25.37316],[89.66389,25.37172],[89.6637,25.37172],[89.66369,25.37154],[89.6633,25.37155],[89.66331,25.37209],[89.66311,25.37209],[89.66312,25.37245],[89.66292,25.37246],[89.66294,25.37336],[89.66314,25.37336],[89.66315,25.3739],[89.66335,25.37389],[89.66338,25.37534],[89.66318,25.37534],[89.66319,25.3757],[89.66299,25.3757],[89.66299,25.37589],[89.66279,25.37589],[89.66281,25.37661],[89.66301,25.37661],[89.66301,25.37679],[89.66341,25.37678],[89.66341,25.37696],[89.66381,25.37695],[89.6638,25.37659],[89.66341,25.3766],[89.6634,25.37642],[89.6632,25.37642],[89.66319,25.37588],[89.66339,25.37588],[89.66339,25.3757],[89.66398,25.37569],[89.66399,25.37605],[89.66419,25.37604],[89.66421,25.37695],[89.66441,25.37694],[89.66441,25.37712],[89.66461,25.37712]]]}},{"type":"Feature","properties":{"kind":"land","ha":4.3},"geometry":{"type":"Polygon","coordinates":[[[89.65895,25.37271],[89.65894,25.37235],[89.65874,25.37235],[89.65874,25.37217],[89.65894,25.37217],[89.65893,25.37181],[89.65933,25.3718],[89.65932,25.37144],[89.65952,25.37144],[89.65951,25.37089],[89.6601,25.37088],[89.6601,25.3707],[89.6597,25.37071],[89.65969,25.37035],[89.6593,25.37036],[89.6593,25.37072],[89.65911,25.37072],[89.65909,25.37018],[89.65889,25.37018],[89.6589,25.37036],[89.6587,25.37037],[89.65871,25.37091],[89.65851,25.37091],[89.65852,25.37127],[89.65832,25.37128],[89.65832,25.3711],[89.65772,25.37111],[89.65771,25.37057],[89.65811,25.37056],[89.6579,25.3702],[89.65691,25.37022],[89.65691,25.3704],[89.65711,25.3704],[89.65713,25.37112],[89.65752,25.37111],[89.65753,25.37129],[89.65773,25.37129],[89.65774,25.37183],[89.65714,25.37184],[89.65715,25.3722],[89.65755,25.37237],[89.65756,25.37255],[89.65875,25.37253],[89.65875,25.37271],[89.65895,25.37271]]]}},{"type":"Feature","properties":{"kind":"land","ha":8.5},"geometry":{"type":"Polygon","coordinates":[[[89.65323,25.37462],[89.65343,25.37461],[89.65344,25.37498],[89.65384,25.37515],[89.65384,25.37533],[89.65424,25.37514],[89.65403,25.37478],[89.65383,25.37479],[89.65382,25.37425],[89.65402,25.37424],[89.65401,25.37406],[89.65322,25.37408],[89.653,25.373],[89.65319,25.37299],[89.6532,25.37335],[89.6536,25.37335],[89.6536,25.37353],[89.654,25.37334],[89.65399,25.37316],[89.65379,25.37316],[89.65379,25.3728],[89.65359,25.37281],[89.65358,25.37227],[89.65338,25.37227],[89.65337,25.37209],[89.65298,25.3721],[89.65297,25.37173],[89.65337,25.37173],[89.65336,25.37155],[89.65356,25.37154],[89.65355,25.37118],[89.65335,25.37119],[89.65332,25.36974],[89.65352,25.36974],[89.65351,25.36938],[89.65371,25.36938],[89.65371,25.36919],[89.65331,25.3692],[89.65331,25.36902],[89.65271,25.36903],[89.65271,25.36921],[89.65252,25.36922],[89.65254,25.37048],[89.65215,25.37067],[89.65215,25.37049],[89.65195,25.37049],[89.65194,25.37013],[89.65155,25.37032],[89.65156,25.37086],[89.65176,25.37085],[89.65177,25.37122],[89.65137,25.37122],[89.65139,25.3723],[89.65199,25.37229],[89.65199,25.37247],[89.65239,25.37247],[89.65239,25.37265],[89.652,25.37265],[89.652,25.37284],[89.6524,25.37283],[89.6524,25.37319],[89.65162,25.37356],[89.65163,25.37411],[89.65202,25.37392],[89.65202,25.37374],[89.65222,25.37373],[89.65221,25.37355],[89.65241,25.37355],[89.65243,25.37427],[89.65323,25.37444],[89.65323,25.37462]],[[89.65322,25.37426],[89.65342,25.37425],[89.65343,25.37443],[89.65323,25.37444],[89.65322,25.37426]],[[89.65275,25.37066],[89.65295,25.37065],[89.65295,25.37101],[89.65315,25.37101],[89.65316,25.37155],[89.65277,25.37156],[89.65275,25.37066]]]}},{"type":"Feature","properties":{"kind":"land","ha":1.0},"geometry":{"type":"Polygon","coordinates":[[[89.66366,25.36992],[89.66365,25.36956],[89.66385,25.36955],[89.66383,25.36883],[89.66343,25.36884],[89.66344,25.36902],[89.66324,25.36902],[89.66324,25.36884],[89.66304,25.36885],[89.66304,25.36903],[89.66284,25.36903],[89.66285,25.36939],[89.66265,25.36939],[89.66266,25.36975],[89.66345,25.36974],[89.66346,25.36992],[89.66366,25.36992]]]}},{"type":"Feature","properties":{"kind":"land","ha":44.2},"geometry":{"type":"Polygon","coordinates":[[[89.68254,25.38853],[89.68253,25.38798],[89.68292,25.3878],[89.68292,25.38744],[89.68252,25.38744],[89.68252,25.38726],[89.68232,25.38727],[89.6823,25.38636],[89.6821,25.38637],[89.68209,25.38583],[89.68189,25.38583],[89.68188,25.38547],[89.68227,25.38528],[89.68226,25.38492],[89.68266,25.38491],[89.68266,25.38473],[89.68286,25.38473],[89.68285,25.38455],[89.68265,25.38455],[89.68264,25.38401],[89.68304,25.384],[89.68303,25.38364],[89.68283,25.38365],[89.68282,25.38293],[89.68302,25.38292],[89.68301,25.38256],[89.6834,25.38255],[89.68341,25.38291],[89.68361,25.38291],[89.6836,25.38255],[89.6838,25.38255],[89.68378,25.38146],[89.68358,25.38147],[89.68358,25.38165],[89.68319,25.38165],[89.68319,25.38184],[89.68299,25.38184],[89.68281,25.38256],[89.68261,25.38257],[89.68278,25.38148],[89.68298,25.38148],[89.68296,25.38058],[89.68316,25.38057],[89.68294,25.37949],[89.68274,25.3795],[89.68272,25.37878],[89.68292,25.37877],[89.68292,25.37841],[89.68331,25.3784],[89.68331,25.37822],[89.68351,25.37822],[89.68371,25.37858],[89.68391,25.37857],[89.68392,25.37875],[89.68412,25.37875],[89.68412,25.37893],[89.68571,25.37908],[89.68571,25.3789],[89.68551,25.37891],[89.6855,25.37836],[89.6851,25.37837],[89.6851,25.37855],[89.68451,25.37856],[89.6845,25.3782],[89.6841,25.37821],[89.6841,25.37803],[89.6839,25.37803],[89.68389,25.37767],[89.68369,25.37767],[89.68369,25.37749],[89.68329,25.3775],[89.68328,25.37714],[89.68408,25.37731],[89.68408,25.37713],[89.68428,25.37712],[89.68427,25.37658],[89.68386,25.37641],[89.68385,25.37587],[89.68405,25.37586],[89.68404,25.37532],[89.68424,25.37532],[89.68423,25.37496],[89.68463,25.37495],[89.68462,25.37477],[89.68482,25.37477],[89.68462,25.37441],[89.68442,25.37441],[89.68441,25.37405],[89.68421,25.37406],[89.6842,25.37351],[89.6844,25.37351],[89.68439,25.37333],[89.68479,25.37332],[89.68479,25.3735],[89.68579,25.37349],[89.68579,25.37367],[89.68599,25.37366],[89.68598,25.3733],[89.68638,25.37329],[89.68639,25.37366],[89.68679,25.37383],[89.68678,25.37365],[89.68698,25.37364],[89.68697,25.37328],[89.68737,25.3731],[89.68736,25.37292],[89.68756,25.37291],[89.68755,25.37237],[89.68775,25.37237],[89.68774,25.37201],[89.68794,25.372],[89.6879,25.37002],[89.6877,25.37002],[89.68771,25.37074],[89.68751,25.37075],[89.68752,25.37093],[89.68772,25.37092],[89.68772,25.37128],[89.68733,25.37147],[89.68732,25.37111],[89.68712,25.37111],[89.68714,25.37202],[89.68695,25.37202],[89.68695,25.3722],[89.68715,25.3722],[89.68716,25.37292],[89.68657,25.37293],[89.68656,25.37239],[89.68596,25.3724],[89.68597,25.37294],[89.68558,25.37295],[89.68554,25.37132],[89.68593,25.37114],[89.68591,25.37023],[89.68571,25.37024],[89.68571,25.36988],[89.68531,25.3697],[89.6853,25.36952],[89.6851,25.36953],[89.68489,25.36881],[89.68469,25.36881],[89.68467,25.36809],[89.68428,25.36828],[89.68428,25.36846],[89.68409,25.36846],[89.68409,25.36864],[89.68369,25.36865],[89.6835,25.36902],[89.6833,25.36902],[89.68331,25.3692],[89.68311,25.3692],[89.68311,25.36938],[89.68291,25.36939],[89.68292,25.36957],[89.68272,25.36957],[89.68273,25.36993],[89.68253,25.36994],[89.68254,25.3703],[89.68234,25.3703],[89.68234,25.37048],[89.68214,25.37048],[89.68216,25.37102],[89.68196,25.37103],[89.68196,25.37121],[89.68137,25.37122],[89.68138,25.37194],[89.68099,25.37213],[89.681,25.37267],[89.6808,25.37267],[89.68081,25.37303],[89.68061,25.37304],[89.68063,25.37376],[89.68043,25.37376],[89.68044,25.37412],[89.68024,25.37413],[89.68025,25.37485],[89.68006,25.37485],[89.68006,25.37521],[89.67987,25.37522],[89.67989,25.3763],[89.67969,25.3763],[89.67972,25.37775],[89.67952,25.37775],[89.67953,25.37793],[89.67973,25.37793],[89.67977,25.37991],[89.67957,25.37992],[89.67958,25.38028],[89.67978,25.38027],[89.67979,25.38063],[89.67998,25.38063],[89.68,25.38135],[89.6802,25.38135],[89.68021,25.38189],[89.68041,25.38189],[89.68043,25.38261],[89.68062,25.3826],[89.68063,25.38296],[89.68083,25.38296],[89.68084,25.38332],[89.68104,25.38332],[89.68105,25.38386],[89.68125,25.38386],[89.68126,25.38458],[89.68146,25.38457],[89.68147,25.38475],[89.68206,25.38474],[89.68187,25.38511],[89.68128,25.38512],[89.68129,25.38584],[89.68169,25.38601],[89.68152,25.3871],[89.68192,25.38727],[89.68192,25.38745],[89.68172,25.38746],[89.68173,25.38782],[89.68193,25.38781],[89.68194,25.38818],[89.68234,25.38835],[89.68234,25.38853],[89.68254,25.38853]],[[89.68163,25.38313],[89.68202,25.38294],[89.68203,25.38312],[89.68222,25.38312],[89.68223,25.38348],[89.68243,25.38347],[89.68244,25.38383],[89.68204,25.38384],[89.68205,25.3842],[89.68145,25.38421],[89.68163,25.38313]],[[89.68141,25.38223],[89.68142,25.38259],[89.68122,25.38259],[89.68101,25.38188],[89.68081,25.38188],[89.68078,25.38062],[89.68038,25.38044],[89.68036,25.37972],[89.68076,25.37953],[89.68074,25.37899],[89.68094,25.37899],[89.68093,25.37863],[89.68113,25.37862],[89.68113,25.37844],[89.68192,25.37843],[89.68193,25.37897],[89.68213,25.37897],[89.68217,25.38041],[89.68197,25.38041],[89.68198,25.38095],[89.68218,25.38095],[89.68219,25.38131],[89.68179,25.38132],[89.68179,25.3815],[89.68159,25.3815],[89.68161,25.38223],[89.68141,25.38223]],[[89.68074,25.37863],[89.68073,25.37845],[89.68053,25.37845],[89.68052,25.37809],[89.68013,25.37828],[89.68014,25.37846],[89.67994,25.37847],[89.67991,25.3772],[89.68011,25.3772],[89.6801,25.37702],[89.6811,25.377],[89.6811,25.37718],[89.6807,25.37719],[89.68072,25.37773],[89.6819,25.37753],[89.68191,25.37789],[89.68131,25.3779],[89.68132,25.37808],[89.68092,25.37809],[89.68093,25.37863],[89.68074,25.37863]],[[89.6822,25.38221],[89.68201,25.38258],[89.68162,25.38259],[89.68161,25.38223],[89.6822,25.38221]],[[89.68229,25.37698],[89.68209,25.37698],[89.68208,25.37644],[89.68228,25.37644],[89.68227,25.37626],[89.68267,25.37625],[89.68286,25.37589],[89.68326,25.37588],[89.68325,25.3757],[89.68365,25.37569],[89.68347,25.37642],[89.68327,25.37642],[89.68328,25.37696],[89.68288,25.37697],[89.68289,25.37715],[89.68229,25.37716],[89.68229,25.37698]],[[89.68049,25.37665],[89.68029,25.37665],[89.68027,25.37557],[89.68047,25.37557],[89.68045,25.37467],[89.68065,25.37466],[89.68064,25.3743],[89.68084,25.3743],[89.68083,25.37376],[89.68102,25.37375],[89.68102,25.37339],[89.68122,25.37339],[89.68121,25.37321],[89.68161,25.3732],[89.6818,25.37284],[89.682,25.37283],[89.68199,25.37265],[89.68239,25.37265],[89.6826,25.373],[89.68299,25.37281],[89.68298,25.37245],[89.68318,25.37245],[89.68317,25.37173],[89.68336,25.37172],[89.68336,25.37136],[89.68355,25.37136],[89.68355,25.371],[89.68394,25.37081],[89.68394,25.37063],[89.68413,25.37063],[89.68432,25.3699],[89.68471,25.3699],[89.68472,25.37026],[89.68492,25.37025],[89.68493,25.37079],[89.68513,25.37079],[89.68516,25.37205],[89.68477,25.37224],[89.68477,25.37242],[89.68398,25.37244],[89.68398,25.3728],[89.68378,25.3728],[89.6838,25.37352],[89.684,25.37352],[89.68402,25.3746],[89.68382,25.3746],[89.68383,25.37478],[89.68403,25.37478],[89.68404,25.37514],[89.68384,25.37515],[89.68384,25.37533],[89.68324,25.37534],[89.68324,25.37516],[89.68344,25.37515],[89.68343,25.37461],[89.68323,25.37462],[89.68322,25.37407],[89.68262,25.37408],[89.68261,25.37336],[89.68241,25.37337],[89.68241,25.37355],[89.68221,25.37355],[89.68222,25.37409],[89.68242,25.37409],[89.68243,25.37463],[89.68284,25.3748],[89.68284,25.37516],[89.68265,25.37517],[89.68266,25.37589],[89.68246,25.37589],[89.68247,25.37607],[89.68207,25.37608],[89.68207,25.37626],[89.68168,25.37627],[89.68168,25.37645],[89.68128,25.37646],[89.68109,25.37682],[89.6805,25.37683],[89.68049,25.37665]]]}},{"type":"Feature","properties":{"kind":"land","ha":13.1},"geometry":{"type":"Polygon","coordinates":[[[89.73102,25.37067],[89.73101,25.37031],[89.73161,25.3703],[89.73161,25.37048],[89.732,25.37029],[89.73201,25.37047],[89.733,25.37045],[89.733,25.37063],[89.7342,25.37061],[89.73419,25.37025],[89.73538,25.37023],[89.73538,25.37041],[89.73558,25.3704],[89.73557,25.37004],[89.73597,25.37003],[89.73597,25.36985],[89.73497,25.36987],[89.73477,25.36951],[89.73496,25.36951],[89.73496,25.36933],[89.73416,25.36916],[89.73416,25.36898],[89.73396,25.36899],[89.73395,25.36863],[89.73455,25.36862],[89.73454,25.36808],[89.73493,25.36807],[89.73493,25.36789],[89.73552,25.36788],[89.73553,25.36806],[89.73573,25.36805],[89.73572,25.36787],[89.73592,25.36787],[89.73591,25.36751],[89.73552,25.36752],[89.73552,25.3677],[89.73532,25.3677],[89.73511,25.36734],[89.73472,25.36735],[89.73471,25.36717],[89.73451,25.36717],[89.73451,25.36699],[89.73372,25.36701],[89.73353,25.36737],[89.73333,25.36738],[89.73334,25.36774],[89.73314,25.36774],[89.73314,25.36792],[89.73195,25.36776],[89.73195,25.36794],[89.73135,25.36795],[89.73136,25.36813],[89.73176,25.36813],[89.73176,25.36831],[89.73116,25.36832],[89.73118,25.36886],[89.73058,25.36887],[89.73059,25.36923],[89.73039,25.36923],[89.7304,25.36978],[89.7306,25.36977],[89.73062,25.37067],[89.73102,25.37067]]]}},{"type":"Feature","properties":{"kind":"land","ha":13.1},"geometry":{"type":"Polygon","coordinates":[[[89.70146,25.37266],[89.70145,25.3723],[89.70105,25.37212],[89.70105,25.37194],[89.70085,25.37195],[89.70084,25.37159],[89.70104,25.37158],[89.70104,25.3714],[89.70064,25.37141],[89.70063,25.37105],[89.70083,25.37104],[89.70082,25.37068],[89.70042,25.37051],[89.70042,25.37033],[89.70022,25.37033],[89.70021,25.36979],[89.69981,25.36962],[89.6998,25.36926],[89.7,25.36925],[89.69998,25.36871],[89.70018,25.36871],[89.70018,25.36853],[89.70117,25.36851],[89.70138,25.36887],[89.70158,25.36886],[89.70156,25.36814],[89.70097,25.36815],[89.70096,25.36797],[89.70056,25.36798],[89.70056,25.3678],[89.69996,25.36781],[89.69996,25.36763],[89.69956,25.36764],[89.69937,25.368],[89.69838,25.36802],[89.69838,25.36784],[89.69818,25.36784],[89.69818,25.36802],[89.69798,25.36803],[89.69798,25.36785],[89.69758,25.36786],[89.69759,25.36804],[89.69699,25.36805],[89.6972,25.36876],[89.69761,25.36894],[89.69761,25.36912],[89.69781,25.36911],[89.69781,25.36929],[89.69861,25.36946],[89.69862,25.36982],[89.69822,25.36983],[89.69822,25.36965],[89.69802,25.36965],[89.69804,25.37055],[89.69824,25.37055],[89.69824,25.37073],[89.69804,25.37073],[89.69805,25.37128],[89.69825,25.37127],[89.69827,25.37199],[89.69847,25.37199],[89.69848,25.37235],[89.69867,25.37235],[89.69867,25.37217],[89.69927,25.37216],[89.69927,25.37234],[89.70046,25.37231],[89.70047,25.37249],[89.70086,25.37249],[89.70087,25.37267],[89.70107,25.37266],[89.70107,25.37284],[89.70146,25.37266]],[[89.70025,25.3716],[89.70045,25.37159],[89.70045,25.37177],[89.70065,25.37177],[89.70066,25.37213],[89.70026,25.37214],[89.70025,25.3716]],[[89.69922,25.36999],[89.69962,25.36998],[89.69942,25.37035],[89.69923,25.37035],[89.69922,25.36999]]]}},{"type":"Feature","properties":{"kind":"land","ha":25.4},"geometry":{"type":"Polygon","coordinates":[[[89.66604,25.36987],[89.66624,25.36987],[89.66623,25.36969],[89.66584,25.3697],[89.66584,25.37006],[89.66565,25.37006],[89.66565,25.37024],[89.66525,25.37007],[89.66525,25.36989],[89.66485,25.37008],[89.66486,25.37026],[89.66505,25.37025],[89.66507,25.37115],[89.66548,25.37133],[89.66548,25.37151],[89.66568,25.37151],[89.66568,25.37169],[89.66588,25.37168],[89.66589,25.37204],[89.66609,25.37204],[89.66609,25.37222],[89.66669,25.37221],[89.66689,25.37257],[89.66709,25.37256],[89.6671,25.37292],[89.6675,25.3731],[89.66751,25.37346],[89.66691,25.37347],[89.66691,25.37329],[89.66651,25.37329],[89.6665,25.37275],[89.6663,25.37276],[89.66631,25.37294],[89.66611,25.37294],[89.66611,25.3733],[89.66572,25.37349],[89.66576,25.37529],[89.66596,25.37529],[89.66595,25.37475],[89.66635,25.37474],[89.66636,25.37528],[89.66616,25.37529],[89.66617,25.37565],[89.66597,25.37565],[89.66598,25.37619],[89.66578,25.3762],[89.6658,25.3771],[89.6662,25.37727],[89.66621,25.37745],[89.6664,25.37745],[89.66641,25.37763],[89.66621,25.37763],[89.66623,25.37871],[89.66643,25.37871],[89.66644,25.37907],[89.66684,25.37906],[89.66685,25.37979],[89.66725,25.37996],[89.66726,25.38014],[89.66765,25.37995],[89.66764,25.37959],[89.66725,25.37978],[89.66724,25.37942],[89.66704,25.37942],[89.66701,25.37798],[89.66741,25.37779],[89.6674,25.37761],[89.6678,25.3776],[89.66778,25.37688],[89.66739,25.37689],[89.66739,25.37707],[89.66719,25.37707],[89.6672,25.37761],[89.667,25.37762],[89.66699,25.3769],[89.66659,25.3769],[89.66659,25.37672],[89.66639,25.37673],[89.66638,25.37637],[89.66677,25.37618],[89.66677,25.376],[89.66757,25.37616],[89.66775,25.37544],[89.66815,25.37543],[89.66834,25.37507],[89.66854,25.37506],[89.66853,25.37488],[89.66873,25.37488],[89.66873,25.3747],[89.66833,25.37471],[89.66814,25.37507],[89.66794,25.37507],[89.66795,25.37525],[89.66755,25.37526],[89.66753,25.37436],[89.66812,25.37435],[89.66812,25.37417],[89.66852,25.37416],[89.66851,25.37398],[89.66871,25.37398],[89.6687,25.37362],[89.6693,25.37361],[89.66932,25.37469],[89.66952,25.37468],[89.66953,25.37523],[89.66993,25.37522],[89.66994,25.3754],[89.67053,25.37539],[89.67053,25.37521],[89.67073,25.3752],[89.67071,25.37448],[89.67091,25.37448],[89.6709,25.37412],[89.6707,25.37412],[89.67068,25.37304],[89.67048,25.37304],[89.67046,25.37232],[89.67027,25.37232],[89.67025,25.37142],[89.67005,25.37143],[89.67003,25.3707],[89.66983,25.37071],[89.66982,25.37017],[89.66962,25.37017],[89.66961,25.36963],[89.66941,25.36963],[89.6694,25.36909],[89.6692,25.36909],[89.66919,25.36855],[89.66899,25.36856],[89.66897,25.36784],[89.66838,25.36785],[89.66839,25.36857],[89.66859,25.36856],[89.66861,25.36911],[89.6688,25.3691],[89.66881,25.36928],[89.66861,25.36929],[89.66862,25.36965],[89.66842,25.36965],[89.66843,25.37037],[89.66824,25.37038],[89.66824,25.37056],[89.66844,25.37055],[89.66844,25.37073],[89.66904,25.37072],[89.66905,25.37126],[89.66845,25.37127],[89.66846,25.37145],[89.66826,25.37146],[89.66827,25.372],[89.66807,25.372],[89.66808,25.37236],[89.66768,25.37237],[89.66747,25.37165],[89.66727,25.37166],[89.66726,25.3713],[89.66706,25.3713],[89.66705,25.37076],[89.66665,25.37058],[89.66665,25.3704],[89.66625,25.37041],[89.66625,25.37023],[89.66605,25.37023],[89.66604,25.36987]],[[89.66605,25.37042],[89.66585,25.37042],[89.66585,25.37024],[89.66605,25.37023],[89.66605,25.37042]],[[89.66971,25.37432],[89.67031,25.37431],[89.67032,25.37467],[89.66972,25.37468],[89.66971,25.37432]],[[89.66592,25.37349],[89.66632,25.37348],[89.66633,25.37384],[89.66593,25.37403],[89.66592,25.37349]],[[89.66692,25.37365],[89.66731,25.37364],[89.66732,25.37382],[89.66692,25.37383],[89.66692,25.37365]],[[89.66849,25.3729],[89.66829,25.3729],[89.66828,25.37218],[89.66867,25.37199],[89.66866,25.37181],[89.66926,25.3718],[89.66929,25.37324],[89.6687,25.37326],[89.66849,25.3729]]]}},{"type":"Feature","properties":{"kind":"land","ha":1.9},"geometry":{"type":"Polygon","coordinates":[[[89.65252,25.36922],[89.65251,25.36886],[89.65211,25.36868],[89.6521,25.3685],[89.65171,25.36869],[89.65171,25.36851],[89.65151,25.36851],[89.6515,25.36815],[89.65189,25.36796],[89.65189,25.36778],[89.65149,25.36779],[89.65148,25.36743],[89.65129,25.36743],[89.65129,25.36761],[89.65109,25.36762],[89.65111,25.36834],[89.65071,25.36835],[89.65071,25.36853],[89.65051,25.36853],[89.65052,25.36889],[89.65072,25.36889],[89.65073,25.36925],[89.65192,25.36905],[89.65212,25.3694],[89.65252,25.36922]]]}},{"type":"Feature","properties":{"kind":"land","ha":3.1},"geometry":{"type":"Polygon","coordinates":[[[89.66406,25.37009],[89.66405,25.36991],[89.66445,25.3699],[89.66445,25.36972],[89.66484,25.36972],[89.66484,25.36953],[89.66524,25.36953],[89.66523,25.36899],[89.66483,25.36917],[89.66484,25.36935],[89.66444,25.36936],[89.66444,25.36918],[89.66463,25.36918],[89.66463,25.36882],[89.66482,25.36881],[89.66482,25.36863],[89.66502,25.36863],[89.66502,25.36881],[89.66542,25.3688],[89.6656,25.36808],[89.6658,25.36807],[89.66579,25.36771],[89.66599,25.36771],[89.66599,25.36753],[89.66559,25.36754],[89.66559,25.36772],[89.665,25.36773],[89.665,25.36755],[89.6648,25.36755],[89.66499,25.36719],[89.66538,25.36718],[89.66538,25.367],[89.66478,25.36701],[89.66479,25.36719],[89.66459,25.36719],[89.66442,25.36828],[89.66422,25.36828],[89.66422,25.36846],[89.66382,25.36847],[89.66383,25.36883],[89.66403,25.36883],[89.66404,25.36919],[89.66424,25.36918],[89.66424,25.36937],[89.66385,25.36955],[89.66386,25.37009],[89.66406,25.37009]]]}},{"type":"Feature","properties":{"kind":"land","ha":1.7},"geometry":{"type":"Polygon","coordinates":[[[89.74668,25.36929],[89.74665,25.36785],[89.74645,25.36785],[89.74644,25.36749],[89.74624,25.3675],[89.74622,25.36659],[89.74602,25.3666],[89.74601,25.36606],[89.74581,25.36606],[89.7458,25.36534],[89.7456,25.36534],[89.74559,25.36498],[89.74539,25.36499],[89.74542,25.36643],[89.74582,25.36642],[89.74582,25.3666],[89.74563,25.36661],[89.74564,25.36715],[89.74584,25.36714],[89.74585,25.3675],[89.74604,25.3675],[89.74605,25.36768],[89.74625,25.36768],[89.74625,25.36804],[89.74645,25.36803],[89.74648,25.3693],[89.74668,25.36929]]]}},{"type":"Feature","properties":{"kind":"land","ha":1.4},"geometry":{"type":"Polygon","coordinates":[[[89.6668,25.36842],[89.66679,25.36769],[89.66698,25.36769],[89.66698,25.36733],[89.66718,25.36733],[89.66716,25.36679],[89.66756,25.3666],[89.66735,25.36624],[89.66715,25.36624],[89.66714,25.36588],[89.66695,25.36589],[89.66697,25.36679],[89.66657,25.3668],[89.66656,25.36662],[89.66617,25.36662],[89.66616,25.36644],[89.66596,25.36645],[89.66597,25.36681],[89.66617,25.3668],[89.66617,25.36698],[89.66657,25.36698],[89.66658,25.36734],[89.66618,25.36734],[89.66619,25.36753],[89.66659,25.3677],[89.6666,25.36842],[89.6668,25.36842]]]}},{"type":"Feature","properties":{"kind":"land","ha":1.1},"geometry":{"type":"Polygon","coordinates":[[[89.68621,25.3659],[89.6864,25.36517],[89.68679,25.36516],[89.68679,25.36498],[89.68659,25.36499],[89.68658,25.36463],[89.68599,25.36464],[89.68599,25.36482],[89.6856,25.36483],[89.68541,25.36555],[89.68581,25.36554],[89.68582,25.3659],[89.68621,25.3659]]]}},{"type":"Feature","properties":{"kind":"land","ha":4.6},"geometry":{"type":"Polygon","coordinates":[[[89.65786,25.36822],[89.65805,25.36785],[89.65864,25.36784],[89.65864,25.36766],[89.65844,25.36767],[89.65843,25.3673],[89.65824,25.36731],[89.65822,25.36659],[89.65862,25.36658],[89.65859,25.36532],[89.65799,25.36533],[89.65779,25.36497],[89.65759,25.36497],[89.65758,25.36479],[89.65719,25.3648],[89.65718,25.36462],[89.65619,25.36464],[89.65621,25.36536],[89.65641,25.36536],[89.65642,25.36626],[89.65662,25.36625],[89.65663,25.36643],[89.65722,25.36642],[89.65723,25.36678],[89.65743,25.36678],[89.65743,25.3666],[89.65782,25.36659],[89.65783,25.36677],[89.65803,25.36677],[89.65784,25.3675],[89.65764,25.3675],[89.65785,25.36786],[89.65745,25.36786],[89.65726,25.36823],[89.65786,25.36822]],[[89.65721,25.36588],[89.65761,25.36606],[89.65762,25.36624],[89.65722,25.36624],[89.65721,25.36588]],[[89.65661,25.36571],[89.65701,25.36571],[89.65702,25.36607],[89.65682,25.36607],[89.65661,25.36571]],[[89.6572,25.36552],[89.6574,25.36552],[89.65741,25.3657],[89.65721,25.3657],[89.6572,25.36552]],[[89.6568,25.36517],[89.6572,25.36516],[89.6572,25.36534],[89.6568,25.36535],[89.6568,25.36517]]]}},{"type":"Feature","properties":{"kind":"land","ha":1.1},"geometry":{"type":"Polygon","coordinates":[[[89.63263,25.36813],[89.63256,25.36488],[89.63216,25.36471],[89.63219,25.36633],[89.63239,25.36633],[89.63243,25.36813],[89.63263,25.36813]]]}},{"type":"Feature","properties":{"kind":"land","ha":4.8},"geometry":{"type":"Polygon","coordinates":[[[89.67807,25.36568],[89.67806,25.36532],[89.67826,25.36532],[89.67825,25.36496],[89.67845,25.36496],[89.67844,25.36478],[89.67884,25.36477],[89.67884,25.36459],[89.67903,25.36458],[89.67902,25.36404],[89.67882,25.36405],[89.67882,25.36387],[89.67862,25.36387],[89.67863,25.36405],[89.67823,25.36406],[89.67822,25.3637],[89.67802,25.3637],[89.67803,25.36388],[89.67644,25.36391],[89.67644,25.36427],[89.67625,25.36427],[89.67627,25.36518],[89.67666,25.36517],[89.67668,25.36607],[89.67688,25.36607],[89.67689,25.36661],[89.67709,25.36661],[89.6771,25.36679],[89.67729,25.36678],[89.67728,25.36624],[89.67748,25.36624],[89.67748,25.36606],[89.67827,25.36604],[89.67827,25.36586],[89.67787,25.36587],[89.67787,25.36569],[89.67807,25.36568]],[[89.67767,25.36569],[89.67746,25.36533],[89.67726,25.36534],[89.67725,25.3648],[89.67765,25.36479],[89.67766,25.36515],[89.67785,25.36515],[89.67787,25.36569],[89.67767,25.36569]]]}},{"type":"Feature","properties":{"kind":"land","ha":1.8},"geometry":{"type":"Polygon","coordinates":[[[89.66079,25.366],[89.66079,25.36582],[89.66098,25.36581],[89.66097,25.36509],[89.66137,25.36527],[89.66136,25.36491],[89.66116,25.36491],[89.66116,25.36473],[89.66077,25.36492],[89.66076,25.36474],[89.66036,25.36474],[89.66036,25.36456],[89.66016,25.36457],[89.66015,25.3642],[89.66035,25.3642],[89.66035,25.36402],[89.65975,25.36403],[89.65976,25.36439],[89.65996,25.36439],[89.65997,25.36493],[89.65977,25.36493],[89.65978,25.36529],[89.65998,25.36529],[89.65999,25.36565],[89.66019,25.36565],[89.66,25.36601],[89.66079,25.366]]]}},{"type":"Feature","properties":{"kind":"land","ha":7.8},"geometry":{"type":"Polygon","coordinates":[[[89.69423,25.36882],[89.69421,25.36792],[89.6944,25.36791],[89.6944,25.36755],[89.69459,25.36755],[89.69438,25.36683],[89.69398,25.36684],[89.69397,25.36648],[89.69417,25.36647],[89.69416,25.36593],[89.69376,25.36594],[89.69375,25.3654],[89.69395,25.36539],[89.69393,25.36467],[89.69374,25.36468],[89.69372,25.36414],[89.69353,25.36414],[89.69352,25.36378],[89.69391,25.36377],[89.69391,25.36341],[89.69411,25.36341],[89.6941,25.36323],[89.69351,25.36324],[89.69351,25.36342],[89.69291,25.36343],[89.69292,25.36361],[89.69272,25.36361],[89.69273,25.36397],[89.69253,25.36398],[89.69256,25.36542],[89.69236,25.36542],[89.69237,25.36597],[89.69257,25.36596],[89.69259,25.36668],[89.69279,25.36668],[89.6928,25.36722],[89.6932,25.36739],[89.69322,25.36848],[89.69342,25.36847],[89.69343,25.36883],[89.69383,25.36883],[89.69383,25.36901],[89.69423,25.36882]]]}},{"type":"Feature","properties":{"kind":"land","ha":1.6},"geometry":{"type":"Polygon","coordinates":[[[89.7148,25.36501],[89.71479,25.36465],[89.71499,25.36465],[89.71498,25.36429],[89.71518,25.36428],[89.71517,25.36392],[89.71478,25.36393],[89.71477,25.36375],[89.71438,25.36376],[89.71437,25.36358],[89.71417,25.36358],[89.71416,25.36304],[89.71396,25.36304],[89.71395,25.36268],[89.71415,25.36268],[89.71414,25.36232],[89.71375,25.36232],[89.71379,25.36413],[89.71419,25.3643],[89.71419,25.36448],[89.71459,25.36447],[89.7146,25.36502],[89.7148,25.36501]]]}},{"type":"Feature","properties":{"kind":"land","ha":3.4},"geometry":{"type":"Polygon","coordinates":[[[89.66456,25.36575],[89.66455,25.36539],[89.66475,25.36539],[89.66474,25.36502],[89.66434,25.36485],[89.66433,25.36449],[89.66473,25.36448],[89.66474,25.36484],[89.66494,25.36484],[89.66513,25.36448],[89.66533,25.36447],[89.66532,25.36411],[89.66552,25.36411],[89.66551,25.36393],[89.66511,25.36393],[89.66511,25.36375],[89.66491,25.36376],[89.6649,25.36322],[89.6645,25.36322],[89.6645,25.36286],[89.6639,25.36287],[89.66392,25.3636],[89.66372,25.3636],[89.66372,25.36396],[89.66412,25.36395],[89.66414,25.36467],[89.66394,25.36468],[89.66394,25.36486],[89.66335,25.36487],[89.66334,25.36433],[89.66294,25.36434],[89.66294,25.36452],[89.66314,25.36451],[89.66315,25.36487],[89.66295,25.36488],[89.66296,25.36542],[89.66395,25.3654],[89.66415,25.36504],[89.66434,25.36503],[89.66435,25.36539],[89.66415,25.3654],[89.66417,25.36594],[89.66456,25.36575]],[[89.66472,25.36394],[89.66492,25.36394],[89.66492,25.36412],[89.66472,25.36412],[89.66472,25.36394]]]}},{"type":"Feature","properties":{"kind":"land","ha":12.7},"geometry":{"type":"Polygon","coordinates":[[[89.69636,25.36661],[89.69635,25.36625],[89.69675,25.36625],[89.69675,25.36643],[89.69695,25.36642],[89.69695,25.36624],[89.69715,25.36624],[89.69714,25.36588],[89.69654,25.36589],[89.69634,25.36553],[89.69614,25.36554],[89.69612,25.36445],[89.69631,25.36445],[89.69631,25.36427],[89.6971,25.36425],[89.69711,25.36443],[89.69731,25.36443],[89.69732,25.36497],[89.69791,25.36496],[89.69792,25.36532],[89.69772,25.36533],[89.69773,25.36551],[89.69733,25.36551],[89.69733,25.36569],[89.69833,25.36568],[89.69833,25.36586],[89.69873,25.36585],[89.69873,25.36603],[89.69893,25.36603],[89.69894,25.36621],[89.69933,25.3662],[89.69952,25.36583],[89.69992,25.36583],[89.69992,25.36565],[89.70011,25.36564],[89.70011,25.36546],[89.69991,25.36547],[89.6999,25.36511],[89.69971,25.36511],[89.69969,25.36421],[89.69949,25.36421],[89.69947,25.36367],[89.69967,25.36367],[89.69967,25.36349],[89.70007,25.36348],[89.70007,25.36366],[89.70086,25.36364],[89.70106,25.36328],[89.70125,25.36328],[89.70125,25.3631],[89.70145,25.36309],[89.70144,25.36291],[89.70164,25.36291],[89.70163,25.36237],[89.70123,25.36237],[89.70122,25.36183],[89.70083,25.36202],[89.70083,25.3622],[89.70063,25.3622],[89.70064,25.36238],[89.70004,25.3624],[89.70004,25.36221],[89.69964,25.36222],[89.69943,25.36187],[89.69924,25.36187],[89.69923,25.36169],[89.69903,25.36169],[89.69903,25.36151],[89.69883,25.36152],[89.69884,25.36188],[89.69864,25.36188],[89.69866,25.36278],[89.69906,25.36295],[89.69907,25.36314],[89.69926,25.36313],[89.69927,25.36349],[89.69907,25.3635],[89.69909,25.36404],[89.69849,25.36405],[89.69848,25.36369],[89.69768,25.36352],[89.69768,25.36316],[89.69728,25.36317],[89.69727,25.36299],[89.69648,25.363],[89.69629,25.36337],[89.69609,25.36337],[89.6961,25.36373],[89.6959,25.36373],[89.69594,25.36536],[89.69574,25.36536],[89.69575,25.36572],[89.69594,25.36572],[89.69596,25.36626],[89.69616,25.36626],[89.69616,25.36662],[89.69636,25.36661]],[[89.69884,25.36206],[89.69924,25.36205],[89.69925,25.36241],[89.69885,25.36242],[89.69884,25.36206]]]}},{"type":"Feature","properties":{"kind":"land","ha":1.2},"geometry":{"type":"Polygon","coordinates":[[[89.7195,25.36204],[89.7195,25.36186],[89.72009,25.36185],[89.72009,25.36167],[89.72029,25.36166],[89.72028,25.3613],[89.71988,25.36113],[89.71988,25.36131],[89.71949,25.36132],[89.71949,25.3615],[89.71929,25.3615],[89.71928,25.36096],[89.71888,25.36079],[89.71869,25.36115],[89.71849,25.36115],[89.71849,25.36133],[89.71869,25.36133],[89.71869,25.36151],[89.71909,25.3615],[89.7193,25.36186],[89.7187,25.36187],[89.71871,25.36205],[89.7195,25.36204]]]}},{"type":"Feature","properties":{"kind":"land","ha":1.6},"geometry":{"type":"Polygon","coordinates":[[[89.68,25.3633],[89.67999,25.36294],[89.68019,25.36294],[89.68036,25.36185],[89.68076,25.36167],[89.68075,25.36148],[89.68036,25.36149],[89.68035,25.36131],[89.68015,25.36132],[89.68015,25.36113],[89.67976,25.36132],[89.67977,25.36186],[89.67997,25.36186],[89.67997,25.36204],[89.67977,25.36204],[89.67978,25.36222],[89.67938,25.36223],[89.67939,25.36259],[89.67959,25.36259],[89.6796,25.36313],[89.6794,25.36313],[89.6794,25.36331],[89.6796,25.36331],[89.67961,25.36349],[89.68,25.3633]]]}},{"type":"Feature","properties":{"kind":"land","ha":1.0},"geometry":{"type":"Polygon","coordinates":[[[89.71849,25.36115],[89.71848,25.36061],[89.71768,25.36045],[89.71767,25.36027],[89.71708,25.36028],[89.71708,25.36046],[89.71688,25.36046],[89.71689,25.36082],[89.71709,25.36082],[89.71709,25.361],[89.71809,25.36098],[89.71809,25.36116],[89.71849,25.36115]]]}},{"type":"Feature","properties":{"kind":"land","ha":9.6},"geometry":{"type":"Polygon","coordinates":[[[89.6525,25.36831],[89.65248,25.36741],[89.65268,25.36741],[89.65267,25.36723],[89.65227,25.36724],[89.65227,25.36705],[89.65207,25.36706],[89.65207,25.36688],[89.65227,25.36687],[89.65225,25.36597],[89.65264,25.36578],[89.65264,25.3656],[89.65283,25.3656],[89.65302,25.36488],[89.65322,25.36487],[89.6532,25.36433],[89.6534,25.36433],[89.65338,25.36306],[89.65318,25.36307],[89.65317,25.36271],[89.65297,25.36271],[89.65296,25.36217],[89.65276,25.36217],[89.65274,25.36127],[89.65254,25.36127],[89.65254,25.36109],[89.65214,25.3611],[89.65216,25.362],[89.65177,25.36219],[89.65178,25.36291],[89.65139,25.3631],[89.6514,25.36346],[89.6512,25.36346],[89.65122,25.36455],[89.65102,25.36455],[89.65103,25.36491],[89.65083,25.36491],[89.65084,25.3651],[89.65064,25.3651],[89.65065,25.36546],[89.65045,25.36546],[89.65046,25.366],[89.65026,25.36601],[89.65028,25.36673],[89.65107,25.36672],[89.65108,25.3669],[89.65147,25.36689],[89.65146,25.36617],[89.65185,25.36616],[89.65186,25.36652],[89.65166,25.36652],[89.65168,25.36725],[89.65188,25.36724],[89.65189,25.36778],[89.65228,25.3676],[89.6523,25.36832],[89.6525,25.36831]],[[89.65143,25.3649],[89.65182,25.36472],[89.65183,25.36526],[89.65144,25.36545],[89.65143,25.3649]],[[89.6516,25.36382],[89.6518,25.36381],[89.65179,25.36345],[89.65199,25.36345],[89.65199,25.36309],[89.65238,25.36308],[89.65236,25.36218],[89.65256,25.36218],[89.65257,25.36254],[89.65277,25.36253],[89.65279,25.36362],[89.652,25.36399],[89.65221,25.36435],[89.65201,25.36435],[89.65202,25.36453],[89.65162,25.36454],[89.6516,25.36382]]]}},{"type":"Feature","properties":{"kind":"land","ha":1.6},"geometry":{"type":"Polygon","coordinates":[[[89.66547,25.36194],[89.66546,25.36176],[89.66587,25.36194],[89.66585,25.36139],[89.66546,25.3614],[89.66563,25.36032],[89.66504,25.36033],[89.66506,25.36141],[89.66426,25.36124],[89.66426,25.36142],[89.66407,25.36143],[89.66407,25.36179],[89.66507,25.36177],[89.66508,25.36213],[89.66547,25.36194]]]}},{"type":"Feature","properties":{"kind":"land","ha":3.3},"geometry":{"type":"Polygon","coordinates":[[[89.71494,25.3623],[89.71493,25.36176],[89.71473,25.36176],[89.71472,25.3614],[89.71452,25.36141],[89.71451,25.36087],[89.71471,25.36086],[89.7147,25.3605],[89.7145,25.3605],[89.7145,25.36032],[89.7137,25.36034],[89.7137,25.36016],[89.7135,25.36016],[89.71349,25.3598],[89.71329,25.35981],[89.71328,25.35926],[89.71348,25.35926],[89.71348,25.35908],[89.71288,25.35909],[89.71289,25.35945],[89.71269,25.35946],[89.71271,25.36036],[89.71291,25.36035],[89.71292,25.36071],[89.71312,25.36071],[89.71312,25.36089],[89.71332,25.36089],[89.71331,25.36071],[89.71391,25.3607],[89.71392,25.36106],[89.71352,25.36106],[89.71352,25.36124],[89.71333,25.36125],[89.71334,25.36179],[89.71393,25.36178],[89.71393,25.3616],[89.71413,25.36159],[89.71413,25.36178],[89.71453,25.36177],[89.71434,25.36213],[89.71414,25.36214],[89.71414,25.36232],[89.71494,25.3623]]]}},{"type":"Feature","properties":{"kind":"land","ha":4.6},"geometry":{"type":"Polygon","coordinates":[[[89.72902,25.36132],[89.72902,25.36114],[89.72921,25.36114],[89.72919,25.36023],[89.7288,25.36024],[89.72878,25.3597],[89.72898,25.3597],[89.72898,25.35933],[89.72838,25.35935],[89.72838,25.35917],[89.72818,25.35917],[89.72819,25.35953],[89.72799,25.35953],[89.72797,25.35899],[89.72837,25.35898],[89.72837,25.3588],[89.72797,25.35881],[89.72796,25.35827],[89.72776,25.35827],[89.72776,25.35845],[89.72757,25.35846],[89.72757,25.35882],[89.72678,25.35883],[89.72678,25.35901],[89.72658,25.35902],[89.72659,25.35938],[89.72679,25.35938],[89.72681,25.3601],[89.72701,25.36009],[89.72701,25.36027],[89.7278,25.36026],[89.72781,25.36044],[89.72801,25.36044],[89.72801,25.3608],[89.72782,25.3608],[89.72782,25.36098],[89.72822,25.36115],[89.72823,25.36133],[89.72902,25.36132]]]}},{"type":"Feature","properties":{"kind":"land","ha":11.9},"geometry":{"type":"Polygon","coordinates":[[[89.65566,25.36772],[89.65564,25.36681],[89.65604,25.36663],[89.65603,25.36645],[89.65623,25.36644],[89.65622,25.36608],[89.65543,25.3661],[89.65542,25.36573],[89.65581,25.36555],[89.6556,25.36483],[89.6558,25.36483],[89.65579,25.36446],[89.65599,25.36446],[89.65598,25.36428],[89.65618,25.36428],[89.65597,25.36356],[89.65636,25.36337],[89.65657,25.36373],[89.65677,25.36372],[89.65676,25.36354],[89.65716,25.36354],[89.65717,25.36408],[89.65876,25.36405],[89.65876,25.36387],[89.65955,25.36385],[89.65955,25.36367],[89.65875,25.36369],[89.65874,25.36333],[89.65855,25.36333],[89.65854,25.36315],[89.65755,25.36317],[89.65752,25.36191],[89.65772,25.3619],[89.65772,25.36172],[89.65732,25.36173],[89.65733,25.36227],[89.65693,25.36228],[89.65673,25.36192],[89.65633,25.36193],[89.65634,25.36229],[89.65614,25.36229],[89.65593,25.36193],[89.65573,25.36194],[89.65593,25.36157],[89.65612,25.36157],[89.65612,25.36121],[89.65631,25.36121],[89.6563,25.36066],[89.6567,25.36066],[89.65689,25.36029],[89.6561,25.36031],[89.65609,25.36013],[89.65569,25.36013],[89.65569,25.35995],[89.65549,25.35996],[89.65551,25.36068],[89.65491,25.36069],[89.6549,25.35997],[89.65529,25.35978],[89.65529,25.3596],[89.65509,25.3596],[89.65508,25.35942],[89.65469,25.35943],[89.65469,25.35961],[89.65449,25.35961],[89.65452,25.3607],[89.65432,25.3607],[89.65434,25.36178],[89.65454,25.36178],[89.65458,25.36358],[89.65497,25.3634],[89.65497,25.36322],[89.65536,25.36321],[89.65537,25.36357],[89.65557,25.36357],[89.65559,25.36429],[89.65499,25.3643],[89.6552,25.36466],[89.6548,25.36484],[89.65482,25.36538],[89.65462,25.36539],[89.65461,25.36503],[89.65441,25.36503],[89.65442,25.36557],[89.65422,25.36558],[89.65424,25.36648],[89.65444,25.36647],[89.65444,25.36611],[89.65463,25.36611],[89.65463,25.36593],[89.65503,25.36592],[89.65523,25.36628],[89.65543,25.36628],[89.65546,25.36772],[89.65566,25.36772]],[[89.65656,25.36319],[89.65636,25.36319],[89.65635,25.36283],[89.65615,25.36283],[89.65614,25.36247],[89.65674,25.36246],[89.65675,25.36282],[89.65714,25.36282],[89.65714,25.36264],[89.65734,25.36263],[89.65735,25.36299],[89.65695,25.363],[89.65696,25.36336],[89.65656,25.36337],[89.65656,25.36319]],[[89.65492,25.36087],[89.65512,25.36087],[89.65512,25.36105],[89.65532,25.36104],[89.65533,25.3614],[89.65552,25.3614],[89.65555,25.36266],[89.65496,25.36267],[89.65492,25.36087]]]}},{"type":"Feature","properties":{"kind":"land","ha":8.2},"geometry":{"type":"Polygon","coordinates":[[[89.66233,25.36362],[89.66232,25.36344],[89.66292,25.36343],[89.66271,25.36308],[89.66251,25.36308],[89.6625,25.36236],[89.66289,25.36235],[89.66288,25.36181],[89.66308,25.36181],[89.66308,25.36163],[89.66288,25.36163],[89.66287,25.36145],[89.66248,25.36146],[89.66247,25.36128],[89.66208,25.36146],[89.66208,25.36128],[89.66188,25.36129],[89.66207,25.36092],[89.66247,25.36091],[89.66246,25.36055],[89.66266,25.36055],[89.66264,25.35965],[89.66284,25.35964],[89.66282,25.3591],[89.66302,25.3591],[89.66302,25.35892],[89.66242,25.35893],[89.66241,25.35857],[89.66222,25.35857],[89.66221,25.35839],[89.66181,25.3584],[89.66184,25.35966],[89.66224,25.35966],[89.66224,25.35984],[89.66205,25.35984],[89.66206,25.36038],[89.66166,25.36039],[89.66145,25.36003],[89.66125,25.36003],[89.66106,25.3604],[89.66087,25.3604],[89.66087,25.36058],[89.66127,25.36058],[89.66127,25.36094],[89.66147,25.36093],[89.66148,25.36111],[89.66128,25.36112],[89.66129,25.36166],[89.6605,25.36167],[89.66048,25.36113],[89.66009,25.36132],[89.66031,25.36204],[89.66011,25.36204],[89.66011,25.36222],[89.66051,25.36239],[89.66053,25.3633],[89.66073,25.36329],[89.66073,25.36311],[89.66112,25.3631],[89.66113,25.36347],[89.66133,25.36346],[89.66133,25.36364],[89.66233,25.36362]]]}},{"type":"Feature","properties":{"kind":"land","ha":1.2},"geometry":{"type":"Polygon","coordinates":[[[89.63902,25.36061],[89.63902,25.36043],[89.63921,25.36043],[89.63921,25.36025],[89.63901,25.36025],[89.639,25.35953],[89.6388,25.35954],[89.63879,25.35899],[89.63919,25.35917],[89.63918,25.35881],[89.63898,25.35881],[89.63898,25.35863],[89.63858,25.35864],[89.63858,25.35882],[89.63838,25.35882],[89.63839,25.35918],[89.63819,25.35919],[89.6384,25.35954],[89.6386,25.35954],[89.6386,25.35972],[89.6384,25.35972],[89.63842,25.36045],[89.63862,25.36044],[89.63862,25.36062],[89.63902,25.36061]]]}},{"type":"Feature","properties":{"kind":"land","ha":2.3},"geometry":{"type":"Polygon","coordinates":[[[89.71529,25.36013],[89.71508,25.35977],[89.71528,25.35977],[89.71527,25.35923],[89.71487,25.35905],[89.71485,25.35815],[89.71465,25.35816],[89.71464,25.35761],[89.71404,25.35763],[89.71363,25.35691],[89.71323,25.35692],[89.71304,25.35728],[89.71344,25.35746],[89.71347,25.35872],[89.71386,25.35853],[89.71386,25.35835],[89.71466,25.35852],[89.71467,25.35924],[89.71487,25.35923],[89.71488,25.35978],[89.71468,25.35978],[89.71469,25.35996],[89.71489,25.35996],[89.71489,25.36014],[89.71529,25.36013]]]}},{"type":"Feature","properties":{"kind":"land","ha":1.4},"geometry":{"type":"Polygon","coordinates":[[[89.63025,25.35915],[89.63064,25.35914],[89.63065,25.35932],[89.63124,25.35931],[89.63163,25.35858],[89.63122,25.35841],[89.63122,25.35823],[89.63062,25.35824],[89.63062,25.35806],[89.63022,25.35806],[89.63023,25.35843],[89.63003,25.35843],[89.63004,25.35897],[89.63024,25.35897],[89.63025,25.35915]],[[89.63024,25.35861],[89.63043,25.3586],[89.63044,25.35896],[89.63024,25.35897],[89.63024,25.35861]]]}},{"type":"Feature","properties":{"kind":"land","ha":25.8},"geometry":{"type":"Polygon","coordinates":[[[89.73934,25.36113],[89.73931,25.3595],[89.73951,25.3595],[89.7395,25.35932],[89.7393,25.35932],[89.7393,25.35914],[89.7395,25.35914],[89.73947,25.35806],[89.73967,25.35805],[89.73966,25.35733],[89.73946,25.35734],[89.73945,25.35697],[89.73905,25.3568],[89.73904,25.35662],[89.73885,25.35662],[89.73884,25.35644],[89.73904,25.35644],[89.73903,25.3559],[89.73863,25.35573],[89.73862,25.35555],[89.73842,25.35555],[89.73843,25.35573],[89.73803,25.35574],[89.73803,25.35556],[89.73763,25.35556],[89.73763,25.35538],[89.73723,25.35539],[89.73723,25.35557],[89.73703,25.35558],[89.73704,25.35576],[89.73724,25.35575],[89.73725,25.35647],[89.73705,25.35648],[89.73706,25.35666],[89.73666,25.35667],[89.73667,25.35685],[89.73686,25.35684],[89.73687,25.35702],[89.73727,25.35701],[89.73748,25.35773],[89.73728,25.35774],[89.73729,25.35792],[89.73649,25.35793],[89.73651,25.35883],[89.73611,25.35866],[89.73612,25.35884],[89.73592,25.35884],[89.73591,25.35866],[89.73552,25.35867],[89.73551,25.35849],[89.73472,25.35851],[89.73471,25.35833],[89.73432,25.35833],[89.73394,25.35906],[89.73275,25.35926],[89.73273,25.35836],[89.73213,25.35837],[89.73212,25.35801],[89.73193,25.35802],[89.73195,25.35892],[89.73175,25.35892],[89.73175,25.3591],[89.73215,25.3591],[89.73235,25.35945],[89.73096,25.35948],[89.73099,25.36074],[89.73119,25.36074],[89.7312,25.36092],[89.73159,25.36091],[89.73178,25.36055],[89.73238,25.36053],[89.73238,25.36072],[89.73258,25.36071],[89.73258,25.36053],[89.73357,25.36051],[89.73357,25.36033],[89.73416,25.36032],[89.73417,25.3605],[89.73456,25.36049],[89.73457,25.36067],[89.73516,25.36066],[89.73517,25.36084],[89.73656,25.36082],[89.73656,25.361],[89.73755,25.36098],[89.73756,25.36116],[89.73934,25.36113]],[[89.73769,25.35809],[89.73789,25.35809],[89.73789,25.35827],[89.73849,25.35826],[89.73848,25.35789],[89.73868,25.35789],[89.73868,25.35825],[89.73888,25.35825],[89.7389,25.35897],[89.7387,25.35897],[89.73869,25.35861],[89.7383,25.35862],[89.7381,25.35898],[89.73771,25.35899],[89.73769,25.35809]]]}},{"type":"Feature","properties":{"kind":"land","ha":2.3},"geometry":{"type":"Polygon","coordinates":[[[89.69955,25.35789],[89.69954,25.35753],[89.69974,25.35753],[89.69973,25.35717],[89.70012,25.35716],[89.70033,25.35752],[89.70072,25.35733],[89.70072,25.35697],[89.70091,25.35696],[89.70089,25.35606],[89.70109,25.35606],[89.70109,25.35588],[89.70089,25.35588],[89.70088,25.35552],[89.70068,25.35553],[89.70069,25.35589],[89.7003,25.35589],[89.70031,25.35643],[89.70011,25.35644],[89.70011,25.35662],[89.69952,25.35663],[89.69952,25.35681],[89.69912,25.35682],[89.69912,25.35664],[89.69872,25.35664],[89.69874,25.35755],[89.69934,25.35754],[89.69935,25.3579],[89.69955,25.35789]],[[89.69933,25.35699],[89.69952,25.35699],[89.69953,25.35735],[89.69933,25.35735],[89.69933,25.35699]],[[89.70051,25.35643],[89.7007,25.35643],[89.70071,25.35679],[89.70032,25.3568],[89.70051,25.35643]]]}},{"type":"Feature","properties":{"kind":"land","ha":2.4},"geometry":{"type":"Polygon","coordinates":[[[89.73211,25.35747],[89.7321,25.35693],[89.73249,25.35674],[89.73246,25.35512],[89.73166,25.35513],[89.73166,25.35495],[89.73146,25.35496],[89.73147,25.35532],[89.73167,25.35531],[89.73168,25.35586],[89.73128,25.35604],[89.73129,25.3564],[89.73149,25.3564],[89.7315,25.35658],[89.7311,25.35677],[89.73111,25.35695],[89.73131,25.35695],[89.73131,25.35713],[89.73171,25.35712],[89.73191,25.35748],[89.73211,25.35747]]]}},{"type":"Feature","properties":{"kind":"land","ha":1.9},"geometry":{"type":"Polygon","coordinates":[[[89.63995,25.35771],[89.63994,25.35735],[89.64054,25.35734],[89.64073,25.35697],[89.64093,25.35697],[89.64092,25.35679],[89.64132,25.35678],[89.64131,25.35642],[89.64171,25.35642],[89.64171,25.35623],[89.6419,25.35623],[89.6419,25.35587],[89.6411,25.3557],[89.6411,25.35588],[89.6409,25.35589],[89.64091,25.35625],[89.64052,25.35644],[89.64052,25.35662],[89.63973,25.35681],[89.63974,25.35699],[89.63954,25.357],[89.63955,25.35754],[89.63975,25.35753],[89.63975,25.35771],[89.63995,25.35771]]]}},{"type":"Feature","properties":{"kind":"land","ha":3.2},"geometry":{"type":"Polygon","coordinates":[[[89.66341,25.35855],[89.6634,25.35819],[89.663,25.3582],[89.66297,25.35675],[89.66416,25.35673],[89.66416,25.35655],[89.66436,25.35655],[89.66436,25.35673],[89.66456,25.35673],[89.66457,25.35709],[89.66497,25.35726],[89.66496,25.35672],[89.66476,25.35672],[89.66474,25.356],[89.66454,25.356],[89.66453,25.35528],[89.66433,25.35529],[89.66432,25.35511],[89.66393,25.35511],[89.66394,25.35547],[89.66433,25.35547],[89.66435,25.35637],[89.66396,25.35638],[89.66396,25.35656],[89.66376,25.35656],[89.66376,25.35638],[89.66336,25.35639],[89.66336,25.35621],[89.66276,25.35622],[89.66278,25.35694],[89.66198,25.35695],[89.66199,25.35749],[89.66219,25.35749],[89.6622,25.35767],[89.662,25.35767],[89.66201,25.35822],[89.66241,25.35821],[89.66241,25.35839],[89.66301,25.35838],[89.66301,25.35856],[89.66341,25.35855]],[[89.66296,25.35639],[89.66316,25.35639],[89.66317,25.35657],[89.66297,25.35657],[89.66296,25.35639]]]}},{"type":"Feature","properties":{"kind":"land","ha":1.8},"geometry":{"type":"Polygon","coordinates":[[[89.73088,25.35569],[89.73088,25.35551],[89.73107,25.35551],[89.73107,25.35514],[89.73146,25.35496],[89.73146,25.35478],[89.73126,25.35478],[89.73125,25.35442],[89.73145,25.35442],[89.73144,25.35406],[89.73084,25.35407],[89.73084,25.35389],[89.73004,25.3539],[89.73005,25.35408],[89.73045,25.35407],[89.73046,25.3548],[89.73007,25.35498],[89.73007,25.35516],[89.73027,25.35516],[89.73028,25.35552],[89.73048,25.35552],[89.73048,25.3557],[89.73088,25.35569]]]}},{"type":"Feature","properties":{"kind":"land","ha":1.5},"geometry":{"type":"Polygon","coordinates":[[[89.64331,25.35693],[89.6433,25.35657],[89.6435,25.35656],[89.64349,25.3562],[89.64369,25.3562],[89.64368,25.35566],[89.64328,25.35548],[89.64327,25.35494],[89.64286,25.35477],[89.64287,25.35513],[89.64248,25.35532],[89.64249,25.35586],[89.64289,25.35603],[89.6429,25.35639],[89.6431,25.35639],[89.64311,25.35693],[89.64331,25.35693]]]}},{"type":"Feature","properties":{"kind":"land","ha":1.4},"geometry":{"type":"Polygon","coordinates":[[[89.72052,25.35426],[89.72051,25.35408],[89.72091,25.35407],[89.72091,25.35389],[89.72111,25.35389],[89.7211,25.35352],[89.7203,25.35354],[89.7203,25.35336],[89.7199,25.35337],[89.7199,25.35319],[89.7195,25.35319],[89.71951,25.35337],[89.71931,25.35338],[89.71932,25.3541],[89.71972,25.35391],[89.71992,25.35427],[89.72052,25.35426]]]}},{"type":"Feature","properties":{"kind":"land","ha":5.8},"geometry":{"type":"Polygon","coordinates":[[[89.71268,25.35891],[89.71267,25.35855],[89.71247,25.35856],[89.71244,25.35711],[89.71283,25.35693],[89.71284,25.35711],[89.71303,25.3571],[89.71302,25.35656],[89.71282,25.35657],[89.71281,25.35584],[89.71261,25.35585],[89.7126,25.35531],[89.7124,25.35531],[89.71239,25.35477],[89.71199,25.35478],[89.71199,25.3546],[89.71179,25.3546],[89.71157,25.35388],[89.71098,25.35389],[89.71097,25.35353],[89.71077,25.35353],[89.71075,25.35281],[89.71036,25.35282],[89.71036,25.353],[89.71016,25.353],[89.71017,25.35355],[89.71037,25.35354],[89.71038,25.3539],[89.71058,25.3539],[89.71058,25.35408],[89.71098,25.35407],[89.71098,25.35425],[89.71079,25.35426],[89.71081,25.35534],[89.71101,25.35534],[89.71102,25.3557],[89.71142,25.35587],[89.71142,25.35605],[89.71182,25.35604],[89.71185,25.35731],[89.71205,25.3573],[89.71205,25.35766],[89.71225,25.35766],[89.71208,25.35874],[89.71228,25.35874],[89.71228,25.35892],[89.71268,25.35891]]]}},{"type":"Feature","properties":{"kind":"land","ha":7.9},"geometry":{"type":"Polygon","coordinates":[[[89.69985,25.35392],[89.69945,25.35374],[89.69945,25.35356],[89.69925,25.35357],[89.69924,25.35321],[89.69885,25.35321],[89.69866,25.35394],[89.69906,25.35393],[89.69906,25.35375],[89.69925,25.35375],[89.69926,25.35411],[89.69827,25.35413],[89.69825,25.35304],[89.69805,25.35305],[89.69804,25.35287],[89.69765,25.35287],[89.69744,25.35252],[89.69724,25.35252],[89.69724,25.3527],[89.69705,25.3527],[89.69707,25.35379],[89.69687,25.35379],[89.69688,25.35433],[89.69669,25.35434],[89.6967,25.35506],[89.6971,25.35523],[89.69711,25.35577],[89.69731,25.35577],[89.69732,25.35613],[89.69752,25.35612],[89.69751,25.35576],[89.69791,25.35576],[89.69791,25.35594],[89.69811,25.35593],[89.69812,25.35647],[89.69852,25.35647],[89.69871,25.3561],[89.69891,25.3561],[89.69891,25.35592],[89.6995,25.35591],[89.69968,25.35518],[89.70008,25.35518],[89.70008,25.35499],[89.70028,25.35499],[89.70027,25.35463],[89.70007,25.35463],[89.70006,25.35427],[89.69986,25.35428],[89.69985,25.35392]],[[89.69987,25.35482],[89.69968,25.35482],[89.69966,25.35428],[89.69986,25.35428],[89.69987,25.35482]],[[89.6987,25.35556],[89.6983,25.35557],[89.69829,25.35521],[89.69869,25.3552],[89.69868,25.35484],[89.69928,25.35483],[89.69929,25.35537],[89.6989,25.35556],[89.6989,25.35574],[89.6987,25.35574],[89.6987,25.35556]],[[89.6979,25.35522],[89.6981,25.35521],[89.6981,25.35557],[89.6979,25.35558],[89.6979,25.35522]],[[89.69808,25.35467],[89.69828,25.35467],[89.69829,25.35485],[89.69809,25.35485],[89.69808,25.35467]],[[89.69786,25.35377],[89.69806,25.35377],[89.69807,25.35395],[89.69787,25.35395],[89.69786,25.35377]]]}},{"type":"Feature","properties":{"kind":"land","ha":1.2},"geometry":{"type":"Polygon","coordinates":[[[89.63711,25.35487],[89.6371,25.35469],[89.6379,25.35468],[89.63789,25.3545],[89.6375,25.35451],[89.63748,25.3536],[89.63787,25.35342],[89.63787,25.35324],[89.63727,25.35325],[89.63727,25.35343],[89.63708,25.35343],[89.63708,25.35379],[89.63688,25.35379],[89.6369,25.35434],[89.6363,25.35435],[89.6363,25.35453],[89.6367,25.35452],[89.63671,25.3547],[89.6369,25.3547],[89.63691,25.35488],[89.63711,25.35487]]]}},{"type":"Feature","properties":{"kind":"land","ha":13.2},"geometry":{"type":"Polygon","coordinates":[[[89.72835,25.3579],[89.72832,25.35682],[89.72872,25.35681],[89.72872,25.35699],[89.72892,25.35699],[89.72889,25.35573],[89.72929,25.35554],[89.72928,25.35536],[89.72968,25.35535],[89.72968,25.35517],[89.72888,25.35519],[89.72887,25.35464],[89.72867,25.35465],[89.72865,25.35375],[89.72845,25.35375],[89.72844,25.35339],[89.72805,25.35358],[89.72803,25.35249],[89.72763,25.3525],[89.72762,25.35196],[89.72742,25.35196],[89.72742,25.35214],[89.72703,25.35215],[89.72705,25.35305],[89.72685,25.35306],[89.72686,25.35342],[89.72606,25.35343],[89.72605,25.35307],[89.72586,25.35308],[89.72586,25.35344],[89.72547,25.35344],[89.72546,25.35326],[89.72526,25.35327],[89.72525,25.35273],[89.72564,25.35254],[89.72564,25.35218],[89.72484,25.35201],[89.72483,25.35147],[89.72443,25.3513],[89.72444,25.35184],[89.72404,25.35185],[89.72405,25.35239],[89.72445,25.35256],[89.72447,25.35328],[89.72467,25.35328],[89.72469,25.35418],[89.72509,25.35435],[89.72509,25.35453],[89.72529,25.35453],[89.7253,25.35471],[89.72549,25.35471],[89.72549,25.35453],[89.72589,25.3547],[89.72589,25.35452],[89.72648,25.35451],[89.72648,25.35415],[89.72687,25.35414],[89.72688,25.35432],[89.72707,25.35432],[89.72708,25.35468],[89.72669,25.35487],[89.72669,25.35505],[89.7265,25.35505],[89.7265,25.35523],[89.7269,25.35522],[89.7269,25.35558],[89.72731,25.35576],[89.72732,25.35648],[89.72752,25.35647],[89.72752,25.35665],[89.72733,25.35666],[89.72735,25.35756],[89.72775,25.35773],[89.72775,25.35791],[89.72835,25.3579]],[[89.72768,25.35485],[89.72748,25.35485],[89.72748,25.35467],[89.72787,25.35448],[89.72808,25.35484],[89.72828,25.35484],[89.72829,25.35538],[89.72769,25.35539],[89.72768,25.35485]],[[89.72786,25.35394],[89.72766,25.35394],[89.72765,25.35358],[89.72785,25.35358],[89.72786,25.35376],[89.72825,25.35375],[89.72826,25.35411],[89.72787,25.35412],[89.72786,25.35394]]]}},{"type":"Feature","properties":{"kind":"land","ha":1.1},"geometry":{"type":"Polygon","coordinates":[[[89.64426,25.35493],[89.64424,25.3542],[89.64404,25.35421],[89.64403,25.35367],[89.64443,25.35348],[89.64441,25.35294],[89.64402,25.35312],[89.64403,25.35349],[89.64383,25.35349],[89.6438,25.35223],[89.6434,25.35205],[89.64341,25.35259],[89.64361,25.35259],[89.64364,25.35403],[89.64384,25.35403],[89.64385,25.35439],[89.64405,25.35439],[89.64406,25.35493],[89.64426,25.35493]]]}},{"type":"Feature","properties":{"kind":"land","ha":6.1},"geometry":{"type":"Polygon","coordinates":[[[89.64108,25.3548],[89.64107,25.35444],[89.64087,25.35444],[89.64087,25.35426],[89.64146,25.35425],[89.64167,25.35461],[89.64227,25.3546],[89.64225,25.35388],[89.64245,25.35388],[89.64244,25.35369],[89.64205,25.3537],[89.64205,25.35388],[89.64126,25.3539],[89.64125,25.35372],[89.64105,25.35372],[89.64105,25.35336],[89.64085,25.35336],[89.64083,25.35246],[89.64043,25.35247],[89.64044,25.35301],[89.64005,25.3532],[89.64006,25.35356],[89.63986,25.35356],[89.63986,25.35338],[89.63966,25.35338],[89.63964,25.35284],[89.63984,25.35284],[89.63984,25.35266],[89.63964,25.35266],[89.63963,25.35212],[89.63923,25.35195],[89.63923,25.35213],[89.63884,25.35214],[89.63864,25.3525],[89.63845,25.3525],[89.63845,25.35286],[89.63806,25.35305],[89.63806,25.35323],[89.63866,25.35322],[89.63866,25.3534],[89.63886,25.3534],[89.63887,25.35394],[89.63907,25.35394],[89.63909,25.35466],[89.64048,25.35463],[89.64048,25.35481],[89.64108,25.3548]]]}},{"type":"Feature","properties":{"kind":"land","ha":1.4},"geometry":{"type":"Polygon","coordinates":[[[89.73338,25.35221],[89.73337,25.35167],[89.73317,25.35168],[89.73316,25.35114],[89.73356,25.35113],[89.73355,25.35095],[89.73276,25.35078],[89.73274,25.35024],[89.73254,25.35024],[89.73237,25.35133],[89.73197,25.35116],[89.73198,25.35152],[89.73278,25.35168],[89.73298,25.35204],[89.73318,25.35204],[89.73319,25.35222],[89.73338,25.35221]]]}},{"type":"Feature","properties":{"kind":"land","ha":2.8},"geometry":{"type":"Polygon","coordinates":[[[89.72802,25.35213],[89.72801,25.35159],[89.72821,25.35159],[89.7282,25.35141],[89.7274,25.35106],[89.72739,25.3507],[89.72699,25.35071],[89.72699,25.35035],[89.72679,25.35035],[89.72678,25.35017],[89.72579,25.35019],[89.72601,25.35091],[89.72501,25.35093],[89.72502,25.35129],[89.72601,25.35127],[89.72602,25.35145],[89.72681,25.35143],[89.72682,25.35161],[89.72741,25.3516],[89.72762,25.35196],[89.72782,25.35196],[89.72782,25.35214],[89.72802,25.35213]]]}},{"type":"Feature","properties":{"kind":"land","ha":3.2},"geometry":{"type":"Polygon","coordinates":[[[89.72902,25.35266],[89.72902,25.35248],[89.72882,25.35248],[89.72881,25.35212],[89.72861,25.35212],[89.7286,25.3514],[89.7288,25.3514],[89.72879,25.35104],[89.72919,25.35103],[89.72918,25.35085],[89.72998,25.35083],[89.72998,25.35119],[89.73018,25.35119],[89.73018,25.35101],[89.73097,25.351],[89.73098,25.35136],[89.73118,25.35135],[89.73117,25.35081],[89.73097,25.35082],[89.73096,25.35045],[89.73076,25.35046],[89.73075,25.3501],[89.73095,25.35009],[89.73095,25.34991],[89.73055,25.34992],[89.73036,25.35028],[89.73016,25.35029],[89.73017,25.35047],[89.72997,25.35047],[89.72997,25.35065],[89.72957,25.35066],[89.72956,25.35012],[89.72976,25.35012],[89.72975,25.34975],[89.72936,25.34976],[89.72936,25.34994],[89.72896,25.34995],[89.72897,25.35013],[89.72917,25.35013],[89.72918,25.35067],[89.72898,25.35067],[89.72898,25.35049],[89.72878,25.35049],[89.72876,25.34995],[89.72837,25.34996],[89.72838,25.3505],[89.72818,25.35051],[89.72819,25.35069],[89.72838,25.35068],[89.72839,25.35086],[89.72819,25.35087],[89.7282,25.35141],[89.7284,25.3514],[89.72841,25.35195],[89.72802,25.35213],[89.72802,25.35231],[89.72822,25.35231],[89.72823,25.35249],[89.72862,25.35248],[89.72863,25.35266],[89.72902,25.35266]]]}},{"type":"Feature","properties":{"kind":"land","ha":3.4},"geometry":{"type":"Polygon","coordinates":[[[89.71809,25.35232],[89.71809,25.35214],[89.71848,25.35213],[89.71848,25.35195],[89.71808,25.35196],[89.71807,25.35141],[89.71767,25.35142],[89.71766,25.35088],[89.71885,25.35086],[89.71886,25.35122],[89.71906,25.35122],[89.71905,25.35067],[89.71885,25.35068],[89.71884,25.35032],[89.71864,25.35032],[89.71864,25.35014],[89.71825,25.35033],[89.71824,25.35015],[89.71765,25.35016],[89.71764,25.3498],[89.71823,25.34979],[89.71842,25.34942],[89.71803,25.34943],[89.71803,25.34961],[89.71704,25.34963],[89.71704,25.34981],[89.71645,25.34982],[89.71645,25.35],[89.71705,25.34999],[89.71705,25.35035],[89.71666,25.35036],[89.71666,25.35054],[89.71686,25.35053],[89.71687,25.3509],[89.71707,25.35089],[89.71709,25.35179],[89.71729,25.35179],[89.71729,25.35197],[89.71789,25.35196],[89.71789,25.35232],[89.71809,25.35232]]]}},{"type":"Feature","properties":{"kind":"land","ha":33.7},"geometry":{"type":"Polygon","coordinates":[[[89.71147,25.34937],[89.71107,25.3492],[89.71106,25.34884],[89.71086,25.34884],[89.71086,25.34848],[89.71045,25.34831],[89.71045,25.34813],[89.70986,25.34814],[89.70986,25.3485],[89.71006,25.34849],[89.71007,25.34904],[89.71027,25.34903],[89.71028,25.34957],[89.71048,25.34957],[89.71049,25.35011],[89.71069,25.35011],[89.7107,25.35047],[89.7109,25.35046],[89.71091,25.35083],[89.71111,25.35082],[89.71112,25.35136],[89.71132,25.35136],[89.71133,25.35172],[89.71173,25.35189],[89.71173,25.35207],[89.71193,25.35207],[89.71194,25.35243],[89.71233,25.35242],[89.71255,25.35314],[89.71275,25.35314],[89.71276,25.35368],[89.71316,25.35367],[89.71316,25.35385],[89.71336,25.35385],[89.71337,25.35439],[89.71317,25.35439],[89.71318,25.35457],[89.71338,25.35457],[89.71339,25.35529],[89.71399,25.35528],[89.714,25.35564],[89.7144,25.35581],[89.7144,25.35599],[89.7146,25.35599],[89.7146,25.35617],[89.7148,25.35617],[89.71481,25.35635],[89.71461,25.35635],[89.71462,25.35689],[89.71442,25.3569],[89.71442,25.35708],[89.71483,25.35725],[89.71484,25.35779],[89.71504,25.35779],[89.71504,25.35815],[89.71544,25.35814],[89.71565,25.3585],[89.71605,25.35849],[89.71605,25.35867],[89.71704,25.35865],[89.71705,25.35883],[89.71764,25.35882],[89.71765,25.35936],[89.71746,25.35937],[89.71746,25.35973],[89.71726,25.35973],[89.71727,25.35991],[89.71786,25.3599],[89.71786,25.35972],[89.71925,25.3597],[89.71904,25.35934],[89.71885,25.35934],[89.71884,25.35898],[89.71864,25.35898],[89.71863,25.3588],[89.71804,25.35882],[89.71783,25.35846],[89.71704,25.35847],[89.71683,25.35812],[89.71663,25.35812],[89.71663,25.35794],[89.71643,25.35794],[89.71644,25.3583],[89.71604,25.35813],[89.716,25.35651],[89.7158,25.35651],[89.7158,25.35633],[89.71619,25.35614],[89.71619,25.35596],[89.71778,25.35593],[89.71776,25.35503],[89.71756,25.35503],[89.71755,25.35467],[89.71775,25.35467],[89.71773,25.35377],[89.71812,25.35358],[89.71812,25.3534],[89.71792,25.3534],[89.71791,25.35304],[89.71811,25.35304],[89.7181,25.35286],[89.71751,25.35287],[89.7175,25.35251],[89.7171,25.35252],[89.71711,25.3527],[89.71731,25.35269],[89.71731,25.35305],[89.71672,25.35306],[89.7167,25.35216],[89.7165,25.35217],[89.7165,25.35199],[89.7159,25.352],[89.71569,25.35164],[89.71549,25.35164],[89.71549,25.35146],[89.71509,25.35147],[89.7151,25.35183],[89.71451,25.35184],[89.7145,25.35166],[89.7143,25.35166],[89.7143,25.3513],[89.71389,25.35113],[89.71389,25.35095],[89.71369,25.35095],[89.71368,25.35059],[89.71328,25.35042],[89.71328,25.35024],[89.71308,25.35024],[89.71307,25.34988],[89.71227,25.34972],[89.71208,25.35008],[89.71169,25.35009],[89.71168,25.34991],[89.71148,25.34991],[89.71147,25.34937]],[[89.7115,25.35045],[89.71169,25.35045],[89.7117,25.35063],[89.7111,25.35064],[89.71088,25.34956],[89.71128,25.34974],[89.71129,25.34992],[89.71148,25.34991],[89.7115,25.35045]]]}},{"type":"Feature","properties":{"kind":"land","ha":1.8},"geometry":{"type":"Polygon","coordinates":[[[89.71607,25.35073],[89.71607,25.35055],[89.71646,25.35054],[89.71646,25.35036],[89.71567,25.35038],[89.71546,25.35002],[89.71526,25.35002],[89.71505,25.3493],[89.71485,25.34931],[89.71483,25.34859],[89.71522,25.3484],[89.71522,25.34822],[89.71562,25.34821],[89.71561,25.34785],[89.71462,25.34787],[89.71464,25.34913],[89.71425,25.34914],[89.71425,25.34932],[89.71445,25.34932],[89.71446,25.34968],[89.71486,25.34985],[89.71486,25.35003],[89.71506,25.35003],[89.71507,25.35039],[89.71547,25.35038],[89.71547,25.35056],[89.71567,25.35056],[89.71568,25.35092],[89.71607,25.35073]]]}},{"type":"Feature","properties":{"kind":"land","ha":3.9},"geometry":{"type":"Polygon","coordinates":[[[89.68376,25.35367],[89.68375,25.35313],[89.68395,25.35312],[89.68393,25.35222],[89.68412,25.35222],[89.6841,25.35096],[89.68449,25.35077],[89.68449,25.35059],[89.68468,25.35058],[89.68468,25.3504],[89.68488,25.3504],[89.68487,25.35004],[89.68526,25.34985],[89.68526,25.34967],[89.68546,25.34967],[89.68545,25.34931],[89.68565,25.3493],[89.68563,25.34822],[89.68522,25.34805],[89.68522,25.34787],[89.68482,25.34787],[89.68484,25.3486],[89.68543,25.34858],[89.68544,25.34877],[89.68445,25.34878],[89.68446,25.3495],[89.68426,25.34951],[89.68427,25.34987],[89.68407,25.34987],[89.68409,25.35059],[89.68389,25.3506],[89.68391,25.35132],[89.68371,25.35132],[89.68372,25.35168],[89.68352,25.35169],[89.68356,25.35367],[89.68376,25.35367]]]}},{"type":"Feature","properties":{"kind":"land","ha":2.2},"geometry":{"type":"Polygon","coordinates":[[[89.72359,25.34933],[89.72358,25.34897],[89.72378,25.34896],[89.72377,25.34878],[89.72417,25.34878],[89.72417,25.34859],[89.72436,25.34859],[89.72436,25.34841],[89.72416,25.34841],[89.72415,25.34769],[89.72355,25.3477],[89.72334,25.34735],[89.72314,25.34735],[89.72313,25.34681],[89.72293,25.34681],[89.72296,25.3479],[89.72257,25.34808],[89.72257,25.34844],[89.72338,25.34879],[89.72339,25.34933],[89.72359,25.34933]]]}},{"type":"Feature","properties":{"kind":"land","ha":53.4},"geometry":{"type":"Polygon","coordinates":[[[89.67602,25.35417],[89.67603,25.35453],[89.67583,25.35454],[89.67585,25.35508],[89.67565,25.35508],[89.67571,25.35779],[89.6761,25.35778],[89.67612,25.3585],[89.67632,25.3585],[89.67633,25.35904],[89.67673,25.35921],[89.67692,25.35885],[89.67712,25.35884],[89.67712,25.35902],[89.67832,25.359],[89.67834,25.3599],[89.67853,25.3599],[89.67854,25.36026],[89.67874,25.36026],[89.67874,25.36044],[89.67914,25.36043],[89.67935,25.36079],[89.67955,25.36078],[89.67955,25.36097],[89.67975,25.36096],[89.67974,25.3606],[89.67994,25.3606],[89.67994,25.36042],[89.68033,25.36041],[89.68032,25.35987],[89.68012,25.35987],[89.68011,25.35915],[89.6803,25.35915],[89.68031,25.35933],[89.68071,25.35932],[89.6807,25.35896],[89.6803,25.35879],[89.68029,25.35842],[89.68009,25.35843],[89.68008,25.35789],[89.67928,25.3579],[89.67928,25.35754],[89.67888,25.35755],[89.67888,25.35773],[89.67868,25.35773],[89.67868,25.35737],[89.67907,25.35736],[89.67905,25.35628],[89.67984,25.35627],[89.67986,25.35699],[89.68006,25.35699],[89.68007,25.35735],[89.68046,25.35734],[89.68044,25.35626],[89.68064,25.35625],[89.68062,25.35535],[89.68082,25.35535],[89.68102,25.3557],[89.68122,25.3557],[89.68125,25.35696],[89.68065,25.35697],[89.68066,25.35734],[89.68086,25.35733],[89.68086,25.35751],[89.68067,25.35752],[89.68067,25.35788],[89.68108,25.35805],[89.68108,25.35823],[89.68148,25.35822],[89.68148,25.35858],[89.68168,25.35858],[89.68169,25.35876],[89.68208,25.35875],[89.68209,25.35893],[89.68249,25.35893],[89.68248,25.35875],[89.68268,25.35874],[89.68286,25.35802],[89.68306,25.35801],[89.68305,25.35765],[89.68285,25.35766],[89.68285,25.35748],[89.68245,25.35748],[89.68246,25.35784],[89.68206,25.35767],[89.68205,25.35713],[89.68244,25.35694],[89.68243,25.3564],[89.68223,25.3564],[89.68222,25.35586],[89.68202,25.35587],[89.68201,25.35551],[89.68181,25.35551],[89.68181,25.35533],[89.68141,25.35534],[89.68121,25.35498],[89.68081,25.35517],[89.68081,25.35481],[89.68041,25.35481],[89.6804,25.35463],[89.6806,25.35463],[89.68058,25.35373],[89.67999,25.35374],[89.67997,25.3532],[89.68017,25.35319],[89.68017,25.35301],[89.67997,25.35302],[89.67996,25.35266],[89.67976,25.35266],[89.67976,25.35248],[89.67936,25.35249],[89.67938,25.35303],[89.67957,25.35302],[89.67958,25.35338],[89.67938,25.35339],[89.67939,25.35375],[89.67979,25.35374],[89.67999,25.3541],[89.6798,25.3541],[89.6798,25.35428],[89.6792,25.35429],[89.6792,25.35393],[89.679,25.35394],[89.67899,25.35339],[89.67879,25.3534],[89.67878,25.35304],[89.67818,25.35305],[89.67818,25.35269],[89.67798,25.35269],[89.67797,25.35233],[89.67817,25.35233],[89.67816,25.35215],[89.67856,25.35214],[89.67855,25.35178],[89.68014,25.35175],[89.67994,25.35139],[89.67974,25.3514],[89.67973,25.35122],[89.68013,25.35103],[89.68012,25.35085],[89.68072,25.35084],[89.68072,25.35102],[89.68092,25.35101],[89.68092,25.35083],[89.68151,25.35082],[89.68153,25.35154],[89.68193,25.35172],[89.68193,25.3519],[89.68213,25.35189],[89.68214,25.35207],[89.68233,25.35207],[89.68233,25.35171],[89.68252,25.35171],[89.68252,25.35153],[89.68172,25.35136],[89.68171,25.35082],[89.6825,25.35062],[89.6825,25.35044],[89.68289,25.35044],[89.68289,25.35026],[89.68349,25.35024],[89.68348,25.35006],[89.68289,25.35008],[89.68288,25.34989],[89.68248,25.3499],[89.68248,25.34954],[89.68268,25.34954],[89.68267,25.34936],[89.68307,25.34935],[89.68306,25.34917],[89.68247,25.34918],[89.68247,25.34936],[89.68227,25.34936],[89.68229,25.34991],[89.68189,25.35009],[89.6819,25.35027],[89.6817,25.35028],[89.68169,25.34974],[89.68149,25.34974],[89.68148,25.34938],[89.68128,25.34938],[89.68129,25.34992],[89.6805,25.34994],[89.6805,25.34976],[89.6803,25.34976],[89.68028,25.34886],[89.68048,25.34886],[89.68047,25.34868],[89.68067,25.34867],[89.68069,25.34939],[89.68108,25.34939],[89.68106,25.34848],[89.68086,25.34849],[89.68086,25.34813],[89.68105,25.34812],[89.68103,25.34704],[89.68083,25.34704],[89.68082,25.3465],[89.68121,25.34632],[89.68121,25.34613],[89.68081,25.34614],[89.68082,25.34632],[89.67943,25.34635],[89.67924,25.34671],[89.67904,25.34672],[89.67904,25.3469],[89.67884,25.3469],[89.67885,25.34708],[89.67865,25.34708],[89.67847,25.34781],[89.67827,25.34781],[89.67828,25.34835],[89.67789,25.34854],[89.67789,25.34872],[89.67769,25.34873],[89.67752,25.34981],[89.67732,25.34982],[89.67733,25.35018],[89.67713,25.35018],[89.67714,25.3509],[89.67675,25.35109],[89.67659,25.3529],[89.67639,25.3529],[89.67661,25.35362],[89.67621,25.35345],[89.67622,25.35417],[89.67602,25.35417]],[[89.67992,25.35085],[89.67972,25.35049],[89.68011,25.35049],[89.68012,25.35085],[89.67992,25.35085]],[[89.67642,25.35416],[89.67642,25.35398],[89.67721,25.35397],[89.67742,25.35433],[89.67762,25.35432],[89.67762,25.3545],[89.67742,25.35451],[89.67743,25.35487],[89.67683,25.35488],[89.67683,25.3547],[89.67643,25.3547],[89.67643,25.35452],[89.67623,25.35453],[89.67622,25.35417],[89.67642,25.35416]],[[89.67934,25.36043],[89.67954,25.36042],[89.67954,25.3606],[89.67934,25.36061],[89.67934,25.36043]],[[89.6791,25.35845],[89.6793,25.35844],[89.6793,25.3588],[89.67911,25.35881],[89.6791,25.35845]],[[89.67828,25.35738],[89.67788,25.35739],[89.67787,25.35702],[89.67748,25.35703],[89.67746,25.35613],[89.67785,25.35612],[89.67786,25.3563],[89.67806,25.3563],[89.67807,25.35684],[89.67847,25.35683],[89.67848,25.35756],[89.67828,25.35756],[89.67828,25.35738]],[[89.67648,25.35705],[89.67629,25.35705],[89.67628,25.35669],[89.67687,25.35668],[89.67689,25.35722],[89.67649,25.35723],[89.67648,25.35705]],[[89.67725,25.35559],[89.67705,25.3556],[89.67704,25.35542],[89.67685,25.35542],[89.67684,25.35524],[89.67744,25.35523],[89.67744,25.35541],[89.67764,25.3554],[89.67765,25.35595],[89.67745,25.35595],[89.67725,25.35559]],[[89.67805,25.35576],[89.67785,25.35576],[89.67784,25.3554],[89.67804,25.3554],[89.67803,25.35522],[89.67863,25.35521],[89.67862,25.35503],[89.67962,25.35501],[89.67962,25.35519],[89.67982,25.35518],[89.67983,25.35555],[89.67943,25.35555],[89.67943,25.35537],[89.67923,25.35538],[89.67904,25.35574],[89.67844,25.35575],[89.67845,25.35593],[89.67805,25.35594],[89.67805,25.35576]],[[89.67911,25.34996],[89.67891,25.34997],[89.67891,25.34979],[89.67851,25.34979],[89.6785,25.34943],[89.6781,25.34944],[89.6781,25.34926],[89.6779,25.34926],[89.67789,25.3489],[89.67809,25.3489],[89.67809,25.34872],[89.67829,25.34872],[89.67829,25.3489],[89.67909,25.34888],[89.67911,25.34996]],[[89.67908,25.3487],[89.67928,25.3487],[89.67928,25.34888],[89.67909,25.34888],[89.67908,25.3487]],[[89.68046,25.34831],[89.68066,25.34831],[89.68067,25.34849],[89.68047,25.34849],[89.68046,25.34831]]]}},{"type":"Feature","properties":{"kind":"land","ha":5.9},"geometry":{"type":"Polygon","coordinates":[[[89.66409,25.35367],[89.66408,25.35312],[89.66388,25.35313],[89.66387,25.35259],[89.66367,25.35259],[89.66366,25.35205],[89.66346,25.35205],[89.66336,25.34736],[89.66356,25.34736],[89.66356,25.34718],[89.66315,25.347],[89.66315,25.34664],[89.66295,25.34665],[89.66294,25.34647],[89.66275,25.34647],[89.66255,25.34683],[89.66296,25.34701],[89.66296,25.34719],[89.66217,25.3472],[89.66215,25.34666],[89.66176,25.34667],[89.66176,25.34685],[89.66196,25.34685],[89.66197,25.34757],[89.66217,25.34756],[89.6622,25.34865],[89.6624,25.34864],[89.66242,25.34954],[89.66281,25.34936],[89.66283,25.35026],[89.66263,25.35026],[89.66264,25.3508],[89.66284,25.3508],[89.66286,25.35188],[89.66306,25.35188],[89.66307,25.35224],[89.66327,25.35224],[89.66328,25.35278],[89.66348,25.35277],[89.66349,25.35313],[89.66369,25.35313],[89.66369,25.35349],[89.66389,25.35349],[89.6639,25.35367],[89.66409,25.35367]],[[89.66237,25.34738],[89.66257,25.34738],[89.66257,25.34774],[89.66238,25.34774],[89.66237,25.34738]]]}},{"type":"Feature","properties":{"kind":"land","ha":6.8},"geometry":{"type":"Polygon","coordinates":[[[89.73053,25.34902],[89.73052,25.34848],[89.73111,25.34847],[89.73131,25.3481],[89.7315,25.3481],[89.7315,25.34792],[89.7319,25.34791],[89.73189,25.34755],[89.73209,25.34755],[89.73208,25.34737],[89.73188,25.34737],[89.73188,25.34719],[89.73148,25.3472],[89.73149,25.34738],[89.73109,25.34738],[89.7313,25.34774],[89.7311,25.34774],[89.73111,25.34811],[89.73091,25.34811],[89.73091,25.34829],[89.73071,25.34829],[89.7307,25.34757],[89.7309,25.34757],[89.73089,25.34721],[89.73069,25.34721],[89.73068,25.34685],[89.73088,25.34685],[89.73086,25.34612],[89.73047,25.34613],[89.73045,25.34541],[89.73005,25.34524],[89.73004,25.34506],[89.72925,25.34525],[89.72926,25.34543],[89.72906,25.34544],[89.72907,25.3458],[89.72867,25.3458],[89.72867,25.34562],[89.72767,25.34564],[89.72768,25.346],[89.72748,25.34601],[89.72751,25.34727],[89.72791,25.34726],[89.72791,25.34708],[89.7281,25.34708],[89.72811,25.34744],[89.72791,25.34744],[89.72793,25.34816],[89.72813,25.34816],[89.72814,25.34852],[89.72834,25.34852],[89.72834,25.3487],[89.72854,25.34869],[89.72853,25.34833],[89.72873,25.34833],[89.72868,25.34616],[89.72908,25.34616],[89.72907,25.34598],[89.72927,25.34597],[89.72928,25.34615],[89.72967,25.34615],[89.72968,25.34633],[89.73007,25.34632],[89.73008,25.3465],[89.73028,25.3465],[89.7303,25.3474],[89.73049,25.34739],[89.73051,25.34794],[89.73031,25.34794],[89.73032,25.34848],[89.73012,25.34848],[89.73013,25.34866],[89.73032,25.34866],[89.73033,25.34902],[89.73053,25.34902]],[[89.73149,25.34756],[89.73169,25.34755],[89.73169,25.34773],[89.7315,25.34774],[89.73149,25.34756]],[[89.72827,25.34581],[89.72847,25.34581],[89.72848,25.34599],[89.72828,25.34599],[89.72827,25.34581]]]}},{"type":"Feature","properties":{"kind":"land","ha":3.4},"geometry":{"type":"Polygon","coordinates":[[[89.71222,25.34737],[89.71221,25.34665],[89.7126,25.34664],[89.71259,25.34628],[89.71299,25.34627],[89.71299,25.34609],[89.71279,25.3461],[89.71278,25.34574],[89.71258,25.34574],[89.71257,25.3452],[89.71277,25.3452],[89.71275,25.34429],[89.71255,25.3443],[89.71254,25.34394],[89.71234,25.34394],[89.71234,25.34376],[89.71195,25.34395],[89.71195,25.34413],[89.71175,25.34413],[89.71176,25.34449],[89.71256,25.34466],[89.71257,25.34502],[89.71237,25.34502],[89.71236,25.34484],[89.71177,25.34485],[89.71176,25.34467],[89.71157,25.34468],[89.7116,25.3463],[89.7114,25.3463],[89.7114,25.34612],[89.7108,25.34613],[89.71101,25.34649],[89.7118,25.34648],[89.71182,25.34738],[89.71222,25.34737]]]}},{"type":"Feature","properties":{"kind":"land","ha":3.4},"geometry":{"type":"Polygon","coordinates":[[[89.72274,25.34682],[89.72273,25.34646],[89.72332,25.34644],[89.72332,25.34626],[89.72292,25.34627],[89.72292,25.34609],[89.72371,25.34608],[89.72369,25.34517],[89.72389,25.34517],[89.72389,25.34535],[89.72429,25.34534],[89.72447,25.34462],[89.72467,25.34461],[89.72466,25.34425],[89.72486,25.34425],[89.72486,25.34407],[89.72466,25.34407],[89.72465,25.34371],[89.72426,25.34372],[89.72426,25.3439],[89.72366,25.34391],[89.72366,25.34355],[89.72346,25.34355],[89.72368,25.34463],[89.72329,25.34482],[89.72329,25.345],[89.72309,25.34501],[89.72311,25.34573],[89.72251,25.34574],[89.72232,25.3461],[89.72193,25.34611],[89.72194,25.34665],[89.72233,25.34664],[89.72234,25.347],[89.72274,25.34682]],[[89.72252,25.3461],[89.72272,25.34609],[89.72272,25.34628],[89.72253,25.34628],[89.72252,25.3461]]]}},{"type":"Feature","properties":{"kind":"land","ha":2.4},"geometry":{"type":"Polygon","coordinates":[[[89.71716,25.34602],[89.71695,25.34566],[89.71715,25.34566],[89.71714,25.3453],[89.71694,25.3453],[89.71694,25.34512],[89.71654,25.34513],[89.71654,25.34495],[89.71614,25.34495],[89.71612,25.34423],[89.71652,25.34404],[89.71651,25.34368],[89.71611,25.34369],[89.71612,25.34387],[89.71592,25.34387],[89.7159,25.34333],[89.71551,25.34334],[89.71534,25.34479],[89.71574,25.34496],[89.71596,25.34568],[89.71655,25.34567],[89.71676,25.34602],[89.71716,25.34602]]]}},{"type":"Feature","properties":{"kind":"land","ha":10.6},"geometry":{"type":"Polygon","coordinates":[[[89.71973,25.34543],[89.71973,25.34579],[89.71953,25.34579],[89.71954,25.34615],[89.71974,25.34615],[89.71975,25.34669],[89.71956,25.34669],[89.71957,25.34724],[89.71977,25.34723],[89.71977,25.34741],[89.71938,25.3476],[89.71938,25.34796],[89.71958,25.34796],[89.7196,25.34868],[89.7194,25.34868],[89.71941,25.34904],[89.72,25.34903],[89.72022,25.34975],[89.72121,25.34973],[89.7212,25.34937],[89.72101,25.34938],[89.721,25.34901],[89.7212,25.34901],[89.72119,25.34883],[89.72099,25.34883],[89.72098,25.34829],[89.72138,25.34847],[89.72139,25.34865],[89.72178,25.34864],[89.72157,25.34792],[89.72117,25.34793],[89.72116,25.34757],[89.72156,25.34738],[89.72155,25.34702],[89.72135,25.34702],[89.72133,25.3463],[89.72114,25.3463],[89.72113,25.34594],[89.72133,25.34594],[89.7213,25.34468],[89.7211,25.34468],[89.72109,25.3445],[89.72149,25.34431],[89.72147,25.34359],[89.72167,25.34359],[89.72166,25.34323],[89.72186,25.34322],[89.72185,25.34286],[89.72205,25.34286],[89.72204,25.34232],[89.72165,25.34251],[89.72165,25.34269],[89.72145,25.34269],[89.72146,25.34287],[89.72086,25.34288],[89.72068,25.34361],[89.72048,25.34361],[89.72049,25.34397],[89.72009,25.34416],[89.72012,25.34542],[89.71973,25.34543]],[[89.72101,25.34956],[89.72081,25.34956],[89.72081,25.34938],[89.72101,25.34938],[89.72101,25.34956]],[[89.72052,25.34523],[89.72051,25.34505],[89.72091,25.34505],[89.72092,25.34577],[89.72073,25.34577],[89.72073,25.34595],[89.72033,25.34596],[89.72033,25.3456],[89.72013,25.3456],[89.72012,25.34542],[89.72052,25.34523]]]}},{"type":"Feature","properties":{"kind":"land","ha":1.8},"geometry":{"type":"Polygon","coordinates":[[[89.67684,25.34603],[89.67683,25.34585],[89.67723,25.34585],[89.67722,25.34549],[89.67683,25.34549],[89.67664,25.34586],[89.67624,25.34586],[89.67623,25.34568],[89.67604,25.34569],[89.67602,25.34515],[89.67583,25.34515],[89.67581,25.34425],[89.67541,25.34426],[89.67519,25.34354],[89.675,25.34354],[89.67499,25.34318],[89.67479,25.34318],[89.6748,25.34372],[89.675,25.34372],[89.67502,25.34444],[89.67521,25.34444],[89.67522,25.3448],[89.67542,25.3448],[89.67544,25.3457],[89.67584,25.34587],[89.67585,25.34605],[89.67684,25.34603]]]}},{"type":"Feature","properties":{"kind":"land","ha":11.2},"geometry":{"type":"Polygon","coordinates":[[[89.72567,25.3446],[89.72586,25.34459],[89.72586,25.34423],[89.72625,25.34404],[89.72624,25.3435],[89.72663,25.3435],[89.72682,25.34313],[89.72702,25.34313],[89.72702,25.34295],[89.72722,25.34294],[89.72723,25.3433],[89.72742,25.3433],[89.72744,25.34402],[89.72784,25.3442],[89.72784,25.34438],[89.72844,25.34436],[89.72865,25.34472],[89.72904,25.34453],[89.72883,25.34382],[89.72863,25.34382],[89.72861,25.34328],[89.72821,25.34311],[89.72821,25.34292],[89.72801,25.34293],[89.72801,25.34275],[89.72781,25.34275],[89.7278,25.34257],[89.72761,25.34258],[89.7276,25.34239],[89.7274,25.3424],[89.7274,25.34222],[89.7272,25.34222],[89.7272,25.34204],[89.7264,25.34206],[89.7264,25.34188],[89.72601,25.34206],[89.72602,25.3426],[89.72582,25.34261],[89.72582,25.34279],[89.72543,25.3428],[89.72543,25.34316],[89.72524,25.34316],[89.72525,25.3437],[89.72565,25.34387],[89.72566,25.34424],[89.72546,25.34424],[89.72547,25.3446],[89.72527,25.3446],[89.72527,25.34478],[89.72507,25.34479],[89.72508,25.34515],[89.72488,25.34515],[89.7249,25.34587],[89.7253,25.34587],[89.72549,25.3455],[89.72569,25.3455],[89.7257,25.34622],[89.7261,25.34639],[89.72612,25.34711],[89.72552,25.34713],[89.72553,25.34731],[89.72612,25.3473],[89.72613,25.34766],[89.72633,25.34765],[89.72636,25.3491],[89.72696,25.34908],[89.72695,25.3489],[89.72715,25.3489],[89.72714,25.34854],[89.72734,25.34854],[89.7273,25.34673],[89.7271,25.34674],[89.7271,25.34656],[89.7267,25.34656],[89.7267,25.34638],[89.7269,25.34638],[89.72689,25.34602],[89.72728,25.34583],[89.72728,25.34565],[89.72748,25.34565],[89.72747,25.34529],[89.72687,25.3453],[89.72688,25.34566],[89.72648,25.34566],[89.72629,25.34603],[89.7259,25.34604],[89.72609,25.34567],[89.72628,25.34567],[89.72628,25.34531],[89.72648,25.3453],[89.72646,25.34476],[89.72567,25.34478],[89.72567,25.3446]],[[89.72568,25.34514],[89.72528,25.34515],[89.72547,25.34478],[89.72567,25.34478],[89.72568,25.34514]]]}},{"type":"Feature","properties":{"kind":"land","ha":1.7},"geometry":{"type":"Polygon","coordinates":[[[89.71372,25.34319],[89.71451,25.34318],[89.71452,25.34336],[89.71491,25.34317],[89.7149,25.34299],[89.7155,25.34298],[89.7155,25.3428],[89.71509,25.34263],[89.7151,25.34281],[89.7143,25.34282],[89.7145,25.34246],[89.71469,25.34245],[89.71449,25.3421],[89.71409,25.3421],[89.71409,25.34228],[89.7135,25.34229],[89.71349,25.34211],[89.7129,25.34213],[89.7129,25.34231],[89.7127,25.34231],[89.71271,25.34249],[89.71311,25.34248],[89.71311,25.34266],[89.71351,25.34266],[89.71351,25.34302],[89.71371,25.34301],[89.71372,25.34319]],[[89.71371,25.34283],[89.71391,25.34283],[89.71391,25.34301],[89.71371,25.34301],[89.71371,25.34283]]]}},{"type":"Feature","properties":{"kind":"land","ha":1.9},"geometry":{"type":"Polygon","coordinates":[[[89.71078,25.34487],[89.71077,25.34469],[89.71037,25.3447],[89.71036,25.34416],[89.71016,25.34416],[89.71016,25.3438],[89.71175,25.34395],[89.71174,25.34377],[89.71134,25.3436],[89.71133,25.34324],[89.71114,25.34324],[89.71114,25.3436],[89.71035,25.34362],[89.71034,25.34307],[89.71074,25.34307],[89.71073,25.34289],[89.71033,25.34271],[89.71032,25.34217],[89.71072,25.34235],[89.71071,25.34198],[89.71051,25.34199],[89.7105,25.34163],[89.71031,25.34163],[89.7103,25.34145],[89.7099,25.34146],[89.70991,25.34182],[89.71011,25.34182],[89.71015,25.34362],[89.70995,25.34362],[89.70998,25.34471],[89.71018,25.3447],[89.71018,25.34488],[89.71078,25.34487]]]}},{"type":"Feature","properties":{"kind":"land","ha":3.3},"geometry":{"type":"Polygon","coordinates":[[[89.7234,25.34121],[89.72343,25.34247],[89.72383,25.34246],[89.72383,25.34265],[89.72344,25.34265],[89.72365,25.34337],[89.72444,25.34318],[89.72443,25.34281],[89.72463,25.34281],[89.72463,25.34263],[89.72503,25.34262],[89.72501,25.3419],[89.72462,25.34209],[89.72462,25.34245],[89.72403,25.34246],[89.72401,25.34174],[89.72461,25.34173],[89.7248,25.34136],[89.725,25.34136],[89.7252,25.34172],[89.7256,25.34171],[89.72559,25.34117],[89.72519,25.341],[89.72518,25.34082],[89.72498,25.34082],[89.72498,25.34064],[89.72458,25.34065],[89.72439,25.34101],[89.7238,25.34102],[89.7238,25.3412],[89.7234,25.34121]],[[89.724,25.3412],[89.724,25.34138],[89.72381,25.34138],[89.7238,25.3412],[89.724,25.3412]]]}},{"type":"Feature","properties":{"kind":"land","ha":16.8},"geometry":{"type":"Polygon","coordinates":[[[89.6844,25.34662],[89.68441,25.34734],[89.68482,25.34751],[89.68482,25.34769],[89.68502,25.34769],[89.68501,25.34751],[89.68541,25.3475],[89.6854,25.34714],[89.686,25.34713],[89.68581,25.3475],[89.68561,25.3475],[89.68562,25.34804],[89.68622,25.34803],[89.68621,25.34785],[89.68641,25.34784],[89.6864,25.3473],[89.68679,25.34712],[89.68679,25.34694],[89.68719,25.34693],[89.68734,25.34512],[89.68754,25.34512],[89.68751,25.34385],[89.68732,25.34386],[89.68731,25.3435],[89.68711,25.3435],[89.68709,25.3426],[89.68689,25.3426],[89.68688,25.34224],[89.68668,25.34224],[89.68667,25.3417],[89.68628,25.34171],[89.68647,25.34135],[89.68627,25.34135],[89.68626,25.34099],[89.68606,25.34099],[89.68605,25.34027],[89.68565,25.34028],[89.68565,25.34046],[89.68545,25.34046],[89.68547,25.341],[89.68586,25.341],[89.68587,25.34118],[89.68607,25.34117],[89.68609,25.34208],[89.68589,25.34208],[89.68589,25.34226],[89.68549,25.34227],[89.68549,25.34191],[89.68509,25.34191],[89.68509,25.34209],[89.68489,25.3421],[89.68491,25.34264],[89.6851,25.34263],[89.68513,25.34372],[89.68453,25.34373],[89.68452,25.34337],[89.68433,25.34337],[89.68431,25.34283],[89.68372,25.34284],[89.68372,25.34302],[89.68352,25.34302],[89.68353,25.34339],[89.68314,25.34357],[89.68314,25.34375],[89.68294,25.34376],[89.68295,25.34412],[89.68275,25.34412],[89.68276,25.34448],[89.68316,25.34429],[89.68336,25.34465],[89.68376,25.34464],[89.68375,25.3441],[89.68395,25.3441],[89.68394,25.34374],[89.68434,25.34391],[89.68435,25.34463],[89.68416,25.34464],[89.68416,25.345],[89.68377,25.34501],[89.68377,25.34537],[89.68437,25.34536],[89.68437,25.34518],[89.68456,25.34517],[89.68456,25.34481],[89.68476,25.34481],[89.68474,25.34427],[89.68534,25.34425],[89.68535,25.34462],[89.68555,25.34461],[89.68556,25.34515],[89.68516,25.34534],[89.68517,25.34552],[89.68537,25.34552],[89.68537,25.34588],[89.68518,25.34588],[89.68518,25.34624],[89.68499,25.34625],[89.68499,25.34643],[89.68459,25.34643],[89.6846,25.34661],[89.6844,25.34662]],[[89.68499,25.34661],[89.685,25.34679],[89.6852,25.34678],[89.6852,25.34696],[89.6848,25.34697],[89.6846,25.34661],[89.68499,25.34661]],[[89.6855,25.34263],[89.6857,25.34262],[89.68571,25.34317],[89.68551,25.34317],[89.6855,25.34263]]]}},{"type":"Feature","properties":{"kind":"land","ha":5.4},"geometry":{"type":"Polygon","coordinates":[[[89.73076,25.34161],[89.73075,25.34125],[89.73115,25.34125],[89.73116,25.34143],[89.73135,25.34142],[89.73133,25.34016],[89.73093,25.34017],[89.73093,25.34035],[89.73073,25.34035],[89.73053,25.33999],[89.73013,25.34],[89.73012,25.33964],[89.73092,25.33981],[89.73092,25.33963],[89.73072,25.33963],[89.73071,25.33945],[89.73012,25.33946],[89.72991,25.3391],[89.72951,25.33911],[89.7295,25.33839],[89.7297,25.33839],[89.72969,25.3382],[89.7293,25.33821],[89.7291,25.33858],[89.72891,25.33858],[89.72891,25.33894],[89.72852,25.33895],[89.72851,25.33859],[89.72811,25.33841],[89.72812,25.33914],[89.72853,25.33931],[89.72854,25.33985],[89.72893,25.33984],[89.72894,25.34002],[89.72973,25.34001],[89.72974,25.34019],[89.72994,25.34019],[89.72955,25.34091],[89.72916,25.34092],[89.72916,25.3411],[89.72936,25.3411],[89.72937,25.34146],[89.72977,25.34145],[89.72977,25.34163],[89.73076,25.34161]]]}},{"type":"Feature","properties":{"kind":"land","ha":3.1},"geometry":{"type":"Polygon","coordinates":[[[89.66203,25.34107],[89.66203,25.34089],[89.66302,25.34087],[89.66321,25.34051],[89.66341,25.3405],[89.66341,25.34032],[89.6638,25.34031],[89.6638,25.34013],[89.664,25.34013],[89.66398,25.33959],[89.66379,25.33959],[89.66378,25.33923],[89.66358,25.33924],[89.66358,25.33942],[89.66299,25.33943],[89.66299,25.33961],[89.6626,25.33961],[89.6626,25.33979],[89.662,25.33981],[89.66181,25.34017],[89.66161,25.34017],[89.66162,25.34035],[89.66122,25.34036],[89.66143,25.34072],[89.66123,25.34072],[89.66124,25.34108],[89.66203,25.34107]]]}},{"type":"Feature","properties":{"kind":"land","ha":1.4},"geometry":{"type":"Polygon","coordinates":[[[89.71404,25.33976],[89.71403,25.33958],[89.71483,25.33956],[89.71482,25.33938],[89.71443,25.33939],[89.71442,25.33921],[89.71422,25.33921],[89.71422,25.33885],[89.71382,25.33886],[89.71381,25.3385],[89.71301,25.33833],[89.71302,25.33887],[89.71283,25.33888],[89.71283,25.33924],[89.71343,25.33923],[89.71343,25.33941],[89.71383,25.3394],[89.71384,25.33976],[89.71404,25.33976]]]}},{"type":"Feature","properties":{"kind":"land","ha":3.6},"geometry":{"type":"Polygon","coordinates":[[[89.68107,25.34],[89.68087,25.33964],[89.68047,25.33965],[89.68068,25.34001],[89.68088,25.34],[89.68088,25.34037],[89.68128,25.34036],[89.68129,25.3409],[89.68109,25.3409],[89.6811,25.34126],[89.6817,25.34125],[89.68171,25.34161],[89.6821,25.34143],[89.68209,25.34107],[89.68249,25.34106],[89.68246,25.33961],[89.68345,25.3396],[89.68344,25.33906],[89.68364,25.33905],[89.68363,25.33869],[89.68383,25.33869],[89.68382,25.33851],[89.68323,25.33852],[89.68321,25.33798],[89.68302,25.33798],[89.68303,25.3387],[89.68244,25.33871],[89.68245,25.33943],[89.68205,25.33944],[89.68206,25.3398],[89.68186,25.33981],[89.68187,25.33999],[89.68107,25.34]],[[89.68207,25.33998],[89.68207,25.34016],[89.68187,25.34017],[89.68187,25.33999],[89.68207,25.33998]],[[89.68188,25.34035],[89.68207,25.34034],[89.68209,25.34088],[89.68189,25.34089],[89.68188,25.34035]]]}},{"type":"Feature","properties":{"kind":"land","ha":1.2},"geometry":{"type":"Polygon","coordinates":[[[89.63101,25.33928],[89.631,25.3391],[89.63061,25.33911],[89.63081,25.33946],[89.63101,25.33946],[89.63102,25.33982],[89.63221,25.3398],[89.6322,25.33944],[89.6318,25.33927],[89.6318,25.33909],[89.6316,25.33909],[89.6316,25.33891],[89.6314,25.33891],[89.63139,25.33873],[89.631,25.33874],[89.63099,25.33856],[89.6304,25.33857],[89.6304,25.33875],[89.6308,25.33874],[89.6308,25.33892],[89.6312,25.33892],[89.63121,25.33928],[89.63101,25.33928]],[[89.63141,25.33927],[89.63141,25.33945],[89.63121,25.33946],[89.63121,25.33928],[89.63141,25.33927]]]}},{"type":"Feature","properties":{"kind":"land","ha":1.0},"geometry":{"type":"Polygon","coordinates":[[[89.7146,25.33812],[89.7146,25.3383],[89.715,25.3383],[89.71499,25.33794],[89.71479,25.33794],[89.71478,25.33758],[89.71439,25.33759],[89.71418,25.33723],[89.71398,25.33723],[89.71397,25.33687],[89.71377,25.33687],[89.71379,25.3376],[89.71399,25.33759],[89.71399,25.33777],[89.71379,25.33778],[89.7138,25.33814],[89.7142,25.33813],[89.7142,25.33831],[89.7146,25.33812]]]}},{"type":"Feature","properties":{"kind":"land","ha":3.3},"geometry":{"type":"Polygon","coordinates":[[[89.7174,25.33897],[89.71719,25.33862],[89.71699,25.33862],[89.71698,25.33826],[89.71798,25.33824],[89.71797,25.33806],[89.71817,25.33806],[89.71816,25.3377],[89.71915,25.33768],[89.71915,25.3375],[89.71895,25.3375],[89.71894,25.33696],[89.71854,25.33697],[89.71855,25.33715],[89.71835,25.33715],[89.71814,25.33679],[89.71794,25.3368],[89.71795,25.33698],[89.71735,25.33699],[89.71736,25.33717],[89.71716,25.33717],[89.71715,25.33699],[89.71596,25.33702],[89.71597,25.3372],[89.71577,25.3372],[89.71578,25.33756],[89.71597,25.33756],[89.71598,25.33774],[89.71697,25.33772],[89.71697,25.33754],[89.71756,25.33753],[89.71757,25.33771],[89.71777,25.3377],[89.71757,25.33807],[89.71678,25.33808],[89.71659,25.33845],[89.71639,25.33845],[89.7164,25.33881],[89.7166,25.33881],[89.7166,25.33899],[89.7174,25.33897]]]}},{"type":"Feature","properties":{"kind":"land","ha":2.0},"geometry":{"type":"Polygon","coordinates":[[[89.71993,25.33694],[89.71993,25.33676],[89.72033,25.33675],[89.72051,25.33603],[89.71971,25.33604],[89.71972,25.33622],[89.71952,25.33623],[89.71952,25.33605],[89.71872,25.33606],[89.71872,25.33588],[89.71832,25.33589],[89.71832,25.33571],[89.71812,25.33571],[89.71813,25.33625],[89.71774,25.33644],[89.71774,25.33662],[89.71834,25.33661],[89.71833,25.33643],[89.71873,25.33642],[89.71873,25.3366],[89.71933,25.33659],[89.71933,25.33677],[89.71894,25.33678],[89.71894,25.33696],[89.71993,25.33694]]]}},{"type":"Feature","properties":{"kind":"land","ha":2.0},"geometry":{"type":"Polygon","coordinates":[[[89.61877,25.33336],[89.61876,25.333],[89.61916,25.33317],[89.61935,25.33281],[89.61955,25.33281],[89.61954,25.33245],[89.61855,25.33246],[89.61833,25.33174],[89.61853,25.33174],[89.61853,25.33156],[89.61893,25.33155],[89.61893,25.33173],[89.61913,25.33173],[89.61912,25.33137],[89.61872,25.3312],[89.61872,25.33102],[89.61852,25.33102],[89.61851,25.33084],[89.61831,25.33084],[89.61831,25.33066],[89.61811,25.33067],[89.61812,25.33103],[89.61832,25.33102],[89.61832,25.3312],[89.61812,25.33121],[89.61814,25.33175],[89.61794,25.33175],[89.61794,25.33211],[89.61814,25.33211],[89.61817,25.33319],[89.61856,25.33318],[89.61857,25.33336],[89.61877,25.33336]]]}},{"type":"Feature","properties":{"kind":"land","ha":2.0},"geometry":{"type":"Polygon","coordinates":[[[89.64833,25.33211],[89.64829,25.33031],[89.64809,25.33031],[89.64808,25.32995],[89.64769,25.33014],[89.6477,25.33032],[89.6473,25.33032],[89.64711,25.33069],[89.64691,25.33069],[89.64691,25.33087],[89.64652,25.33088],[89.64652,25.33106],[89.64632,25.33106],[89.64633,25.33142],[89.64712,25.33141],[89.64731,25.33105],[89.64791,25.33104],[89.64792,25.3314],[89.64812,25.33139],[89.64812,25.33157],[89.64792,25.33158],[89.64794,25.3323],[89.64833,25.33211]]]}},{"type":"Feature","properties":{"kind":"land","ha":1.9},"geometry":{"type":"Polygon","coordinates":[[[89.62944,25.33101],[89.62943,25.33064],[89.62982,25.33046],[89.62982,25.33028],[89.63022,25.33027],[89.63001,25.32991],[89.62981,25.32992],[89.62981,25.32974],[89.62921,25.32975],[89.62922,25.32993],[89.62882,25.32993],[89.62882,25.33011],[89.62843,25.33012],[89.62843,25.3303],[89.62764,25.33032],[89.62784,25.33067],[89.62804,25.33067],[89.62805,25.33085],[89.62884,25.33084],[89.62884,25.33102],[89.62944,25.33101]]]}},{"type":"Feature","properties":{"kind":"land","ha":4.3},"geometry":{"type":"Polygon","coordinates":[[[89.63466,25.33344],[89.63462,25.33163],[89.63442,25.33164],[89.63441,25.3311],[89.63421,25.3311],[89.63419,25.33038],[89.63399,25.33038],[89.63398,25.32984],[89.63358,25.32985],[89.6336,25.33039],[89.633,25.3304],[89.63299,25.33004],[89.63319,25.33004],[89.63318,25.32949],[89.63298,25.3295],[89.63297,25.32914],[89.63258,25.32914],[89.6326,25.33041],[89.63241,25.33041],[89.63241,25.33077],[89.63281,25.33094],[89.63282,25.33131],[89.63322,25.33148],[89.63323,25.33166],[89.63343,25.33166],[89.63343,25.33202],[89.63383,25.33201],[89.63384,25.33237],[89.63424,25.33254],[89.63425,25.33309],[89.63445,25.33308],[89.63446,25.33344],[89.63466,25.33344]]]}},{"type":"Feature","properties":{"kind":"land","ha":2.2},"geometry":{"type":"Polygon","coordinates":[[[89.71181,25.32897],[89.71179,25.32825],[89.7116,25.32825],[89.71159,25.32807],[89.71199,25.32806],[89.71199,25.32788],[89.71218,25.32788],[89.71198,25.32752],[89.71138,25.32753],[89.71138,25.32735],[89.71158,25.32735],[89.71157,25.32699],[89.71137,25.32699],[89.71137,25.32681],[89.71117,25.32682],[89.71118,25.32736],[89.71078,25.32736],[89.71079,25.32754],[89.71059,25.32755],[89.71059,25.32773],[89.71079,25.32773],[89.7108,25.32809],[89.7104,25.32809],[89.71061,25.32845],[89.71081,25.32845],[89.71081,25.32881],[89.71101,25.3288],[89.71102,25.32898],[89.71181,25.32897]]]}},{"type":"Feature","properties":{"kind":"land","ha":2.1},"geometry":{"type":"Polygon","coordinates":[[[89.65582,25.32927],[89.65581,25.32891],[89.6562,25.32872],[89.65637,25.32727],[89.65597,25.32728],[89.65578,25.32764],[89.65558,25.32765],[89.65558,25.32783],[89.65499,25.32784],[89.65499,25.32802],[89.65479,25.32802],[89.65481,25.32856],[89.65521,25.32874],[89.65522,25.32928],[89.65582,25.32927]]]}},{"type":"Feature","properties":{"kind":"land","ha":1.4},"geometry":{"type":"Polygon","coordinates":[[[89.67245,25.32716],[89.67244,25.32662],[89.67323,25.32661],[89.67323,25.32643],[89.67303,25.32643],[89.67302,25.32607],[89.67262,25.3259],[89.67262,25.32572],[89.67242,25.32572],[89.67241,25.32536],[89.67182,25.32537],[89.67183,25.32591],[89.67203,25.32591],[89.67205,25.32681],[89.67224,25.32681],[89.67225,25.32717],[89.67245,25.32716]]]}},{"type":"Feature","properties":{"kind":"land","ha":1.1},"geometry":{"type":"Polygon","coordinates":[[[89.62221,25.32734],[89.62241,25.32734],[89.62242,25.3277],[89.62262,25.3277],[89.62262,25.32788],[89.62302,25.32787],[89.62301,25.32751],[89.62281,25.32751],[89.6228,25.32697],[89.6226,25.32698],[89.62259,25.32643],[89.62239,25.32644],[89.62238,25.3259],[89.62198,25.32572],[89.62199,25.32626],[89.62219,25.32626],[89.62219,25.32644],[89.62199,25.32645],[89.622,25.32699],[89.6222,25.32698],[89.62221,25.32734]],[[89.6222,25.3268],[89.6224,25.3268],[89.6224,25.32698],[89.6222,25.32698],[89.6222,25.3268]]]}},{"type":"Feature","properties":{"kind":"land","ha":3.6},"geometry":{"type":"Polygon","coordinates":[[[89.71216,25.32662],[89.71215,25.32644],[89.71175,25.32626],[89.71175,25.32608],[89.71155,25.32609],[89.71154,25.32573],[89.71194,25.32572],[89.71193,25.32554],[89.71213,25.32553],[89.71214,25.32572],[89.71233,25.32571],[89.71233,25.32553],[89.71253,25.32553],[89.71252,25.32499],[89.71232,25.32499],[89.71231,25.32481],[89.71192,25.32482],[89.71191,25.32446],[89.71171,25.32446],[89.71173,25.32518],[89.71153,25.32518],[89.71153,25.32537],[89.71113,25.32519],[89.71113,25.32501],[89.71093,25.32502],[89.71094,25.32538],[89.71074,25.32538],[89.71073,25.3252],[89.71054,25.3252],[89.71052,25.32448],[89.71072,25.32448],[89.71071,25.3243],[89.71052,25.3243],[89.71051,25.32394],[89.71031,25.32394],[89.7103,25.32376],[89.71011,25.32377],[89.71011,25.32395],[89.70991,25.32395],[89.70993,25.32467],[89.70953,25.32468],[89.70954,25.32504],[89.70994,25.32521],[89.70994,25.32539],[89.71014,25.32539],[89.71015,25.32557],[89.71035,25.32557],[89.71035,25.32575],[89.71055,25.32574],[89.71055,25.32592],[89.71075,25.32592],[89.71076,25.32628],[89.71135,25.32627],[89.71136,25.32645],[89.71175,25.32644],[89.71176,25.32662],[89.71216,25.32662]]]}},{"type":"Feature","properties":{"kind":"land","ha":1.0},"geometry":{"type":"Polygon","coordinates":[[[89.65372,25.32425],[89.6537,25.32353],[89.65292,25.32391],[89.65291,25.32373],[89.65272,25.32373],[89.65271,25.32337],[89.65231,25.32338],[89.65233,25.32428],[89.65372,25.32425]]]}},{"type":"Feature","properties":{"kind":"land","ha":1.9},"geometry":{"type":"Polygon","coordinates":[[[89.65612,25.32493],[89.65631,25.32457],[89.65651,25.32456],[89.6565,25.32438],[89.6567,25.32438],[89.65667,25.32312],[89.65628,25.3233],[89.65628,25.32348],[89.65589,25.32349],[89.65588,25.32331],[89.65569,25.32331],[89.6557,25.32404],[89.65491,25.32405],[89.65511,25.32441],[89.65531,25.3244],[89.65532,25.32458],[89.65551,25.32458],[89.65552,25.32476],[89.65572,25.32476],[89.65572,25.32494],[89.65612,25.32493]]]}},{"type":"Feature","properties":{"kind":"land","ha":1.7},"geometry":{"type":"Polygon","coordinates":[[[89.64282,25.32535],[89.64281,25.32481],[89.6432,25.32462],[89.6432,25.32444],[89.6434,25.32444],[89.64339,25.32426],[89.643,25.32426],[89.64278,25.32355],[89.64238,25.32337],[89.64238,25.32319],[89.64198,25.3232],[89.64199,25.32356],[89.64219,25.32356],[89.6422,25.3241],[89.642,25.3241],[89.64201,25.32446],[89.64221,25.32446],[89.64222,25.325],[89.64262,25.32517],[89.64262,25.32535],[89.64282,25.32535]]]}},{"type":"Feature","properties":{"kind":"land","ha":6.4},"geometry":{"type":"Polygon","coordinates":[[[89.7173,25.32598],[89.7173,25.3258],[89.7179,25.32579],[89.71789,25.32561],[89.71709,25.32526],[89.71708,25.3249],[89.71688,25.32491],[89.71688,25.32473],[89.71628,25.32474],[89.71629,25.32492],[89.71609,25.32492],[89.71609,25.32474],[89.71589,25.32474],[89.71588,25.32438],[89.71627,25.32419],[89.71606,25.32348],[89.71586,25.32348],[89.71585,25.3233],[89.71546,25.32331],[89.71545,25.32313],[89.71466,25.32314],[89.71445,25.32278],[89.71425,25.32279],[89.71425,25.32261],[89.71405,25.32261],[89.71404,25.32207],[89.71364,25.32208],[89.71364,25.3219],[89.71304,25.32191],[89.71325,25.32227],[89.71365,25.32226],[89.71367,25.32334],[89.71387,25.32334],[89.71388,25.3237],[89.71328,25.32371],[89.71329,25.32389],[89.71348,25.32389],[89.71349,25.32425],[89.71369,25.32424],[89.7137,25.32442],[89.71429,25.32441],[89.71429,25.32459],[89.71449,25.32459],[89.71449,25.32441],[89.71489,25.3244],[89.71489,25.32458],[89.71509,25.32458],[89.7151,25.32512],[89.71589,25.3251],[89.7161,25.32546],[89.7169,25.32563],[89.71711,25.32598],[89.7173,25.32598]]]}},{"type":"Feature","properties":{"kind":"land","ha":6.4},"geometry":{"type":"Polygon","coordinates":[[[89.68036,25.32557],[89.68036,25.32539],[89.68095,25.32538],[89.68093,25.32448],[89.68053,25.32431],[89.68053,25.32413],[89.68033,25.32413],[89.68032,25.32395],[89.67973,25.32396],[89.67952,25.3236],[89.67932,25.32361],[89.67931,25.32325],[89.67951,25.32324],[89.67951,25.32306],[89.6805,25.32305],[89.68071,25.3234],[89.68111,25.3234],[89.6811,25.32322],[89.6813,25.32321],[89.68128,25.32231],[89.68088,25.32232],[89.68068,25.32196],[89.68048,25.32196],[89.68046,25.32124],[89.68026,25.32124],[89.68027,25.32143],[89.67987,25.32143],[89.67989,25.32252],[89.6795,25.32252],[89.67949,25.32198],[89.67908,25.32181],[89.67908,25.32145],[89.67848,25.32146],[89.67851,25.32272],[89.67871,25.32272],[89.67872,25.32326],[89.67892,25.32325],[89.67893,25.3238],[89.67913,25.32379],[89.67914,25.32415],[89.67933,25.32415],[89.67935,25.32469],[89.67975,25.32486],[89.67975,25.32504],[89.67995,25.32504],[89.67995,25.32522],[89.68015,25.32522],[89.68016,25.32558],[89.68036,25.32557]]]}},{"type":"Feature","properties":{"kind":"land","ha":1.4},"geometry":{"type":"Polygon","coordinates":[[[89.64059,25.32322],[89.64058,25.32268],[89.64157,25.32267],[89.64176,25.3223],[89.64156,25.32231],[89.64156,25.32194],[89.64136,25.32195],[89.64136,25.32213],[89.64077,25.32214],[89.64076,25.32178],[89.64056,25.32178],[89.64037,25.32215],[89.64017,25.32215],[89.64017,25.32233],[89.63998,25.32233],[89.63999,25.32287],[89.64019,25.32287],[89.64019,25.32305],[89.63999,25.32306],[89.64,25.32324],[89.64059,25.32322]]]}},{"type":"Feature","properties":{"kind":"land","ha":2.3},"geometry":{"type":"Polygon","coordinates":[[[89.63683,25.32401],[89.63683,25.32365],[89.63703,25.32365],[89.63702,25.32329],[89.63662,25.32348],[89.63661,25.32294],[89.63701,25.32293],[89.63701,25.32311],[89.63721,25.32311],[89.63719,25.3222],[89.63679,25.32203],[89.63679,25.32185],[89.63659,25.32185],[89.63658,25.32149],[89.63638,25.3215],[89.63619,25.32186],[89.63599,25.32186],[89.636,25.32204],[89.63501,25.32206],[89.63501,25.32224],[89.63541,25.32242],[89.63541,25.3226],[89.63561,25.32259],[89.6356,25.32223],[89.6358,25.32223],[89.63601,25.32259],[89.63621,25.32258],[89.63621,25.32276],[89.63641,25.32276],[89.63642,25.32312],[89.63602,25.32313],[89.63602,25.32331],[89.63622,25.3233],[89.63623,25.32366],[89.63663,25.32384],[89.63664,25.32402],[89.63683,25.32401]]]}},{"type":"Feature","properties":{"kind":"land","ha":1.6},"geometry":{"type":"Polygon","coordinates":[[[89.63878,25.32217],[89.63877,25.32163],[89.63936,25.32162],[89.63936,25.32126],[89.63916,25.32127],[89.63915,25.32108],[89.63876,25.32109],[89.63855,25.32073],[89.63835,25.32074],[89.63835,25.32056],[89.63815,25.32056],[89.63815,25.32038],[89.63775,25.32057],[89.63776,25.32093],[89.63796,25.32093],[89.63799,25.32219],[89.63878,25.32217]],[[89.63816,25.32092],[89.63836,25.32092],[89.63838,25.32182],[89.63818,25.32182],[89.63816,25.32092]]]}},{"type":"Feature","properties":{"kind":"land","ha":9.3},"geometry":{"type":"Polygon","coordinates":[[[89.62022,25.32702],[89.62021,25.32684],[89.62061,25.32683],[89.62058,25.32539],[89.62078,25.32538],[89.62077,25.32502],[89.62117,25.3252],[89.62118,25.32556],[89.62138,25.32555],[89.62138,25.32573],[89.62198,25.32572],[89.62197,25.32518],[89.62177,25.32519],[89.62176,25.32482],[89.62156,25.32483],[89.62155,25.32447],[89.62135,25.32447],[89.62135,25.32411],[89.62115,25.32411],[89.62114,25.32375],[89.62094,25.32376],[89.62092,25.32267],[89.62151,25.32266],[89.62172,25.32302],[89.62232,25.32301],[89.62232,25.32319],[89.62272,25.32318],[89.62272,25.32354],[89.62332,25.32353],[89.62353,25.32389],[89.62373,25.32389],[89.62372,25.32353],[89.62332,25.32335],[89.62331,25.32317],[89.62311,25.32318],[89.62311,25.323],[89.62291,25.323],[89.62291,25.32282],[89.62271,25.32282],[89.62271,25.32264],[89.62251,25.32265],[89.6225,25.32247],[89.62151,25.32248],[89.6213,25.32213],[89.62111,25.32213],[89.62109,25.32159],[89.6205,25.3216],[89.62051,25.32214],[89.62031,25.32214],[89.6203,25.32142],[89.6199,25.32143],[89.61989,25.32107],[89.61949,25.32089],[89.61949,25.32071],[89.61929,25.32072],[89.6193,25.32108],[89.6197,25.32125],[89.61971,25.32179],[89.61991,25.32179],[89.61991,25.32215],[89.62011,25.32215],[89.62015,25.32377],[89.61975,25.32396],[89.61977,25.32486],[89.61958,25.32486],[89.61958,25.32504],[89.61918,25.32487],[89.61917,25.32469],[89.61858,25.3247],[89.61859,25.32506],[89.61879,25.32506],[89.61879,25.32542],[89.61919,25.32559],[89.6192,25.32577],[89.6194,25.32577],[89.6194,25.32595],[89.6196,25.32595],[89.6196,25.32613],[89.6198,25.32612],[89.61981,25.3263],[89.62,25.3263],[89.62002,25.32702],[89.62022,25.32702]],[[89.61998,25.3254],[89.62018,25.32539],[89.62019,25.32557],[89.61999,25.32558],[89.61998,25.3254]],[[89.62055,25.32376],[89.62035,25.32377],[89.62033,25.32305],[89.62053,25.32304],[89.62054,25.3234],[89.62074,25.3234],[89.62075,25.32394],[89.62055,25.32394],[89.62055,25.32376]]]}},{"type":"Feature","properties":{"kind":"land","ha":6.8},"geometry":{"type":"Polygon","coordinates":[[[89.69679,25.32329],[89.69679,25.32311],[89.69738,25.3231],[89.69737,25.32274],[89.69697,25.32256],[89.69697,25.32238],[89.69717,25.32238],[89.69715,25.32166],[89.69754,25.32147],[89.69754,25.32129],[89.69774,25.32129],[89.69774,25.32111],[89.69793,25.3211],[89.69793,25.32092],[89.69833,25.32092],[89.69833,25.32128],[89.69853,25.32127],[89.69854,25.32163],[89.69874,25.32163],[89.69874,25.32181],[89.69934,25.3218],[89.69933,25.32144],[89.69893,25.32127],[89.69893,25.32108],[89.69873,25.32109],[89.69872,25.32091],[89.69853,25.32091],[89.69851,25.32037],[89.69811,25.3202],[89.69811,25.32002],[89.69771,25.32002],[89.6975,25.31967],[89.69691,25.31968],[89.69691,25.31986],[89.69671,25.31986],[89.69672,25.32022],[89.69633,25.32041],[89.69633,25.32059],[89.69614,25.32059],[89.6961,25.31897],[89.6959,25.31897],[89.69596,25.32168],[89.69616,25.32168],[89.69618,25.3224],[89.69598,25.3224],[89.69598,25.32258],[89.69618,25.32258],[89.69618,25.32276],[89.69598,25.32276],[89.696,25.32348],[89.69679,25.32329]]]}},{"type":"Feature","properties":{"kind":"land","ha":2.6},"geometry":{"type":"Polygon","coordinates":[[[89.68026,25.32088],[89.68024,25.32034],[89.68044,25.32034],[89.68045,25.32052],[89.68124,25.32051],[89.68124,25.32032],[89.68104,25.32033],[89.68103,25.31997],[89.68083,25.31997],[89.68084,25.32015],[89.68004,25.32017],[89.68004,25.31999],[89.67984,25.31999],[89.67983,25.31963],[89.68003,25.31962],[89.68003,25.31944],[89.68042,25.31944],[89.68042,25.31926],[89.68002,25.31908],[89.68001,25.3189],[89.67982,25.31891],[89.67981,25.31873],[89.67961,25.31873],[89.67961,25.31855],[89.67881,25.31856],[89.67881,25.31838],[89.67822,25.31839],[89.67823,25.31894],[89.67903,25.3191],[89.67903,25.31928],[89.67943,25.31927],[89.67945,25.32036],[89.67965,25.32035],[89.67965,25.32053],[89.68005,25.32053],[89.68006,25.32089],[89.68026,25.32088]]]}},{"type":"Feature","properties":{"kind":"land","ha":2.7},"geometry":{"type":"Polygon","coordinates":[[[89.6181,25.32092],[89.6181,25.32074],[89.6183,25.32074],[89.61828,25.32001],[89.61788,25.32002],[89.61788,25.31966],[89.61768,25.31966],[89.61768,25.32002],[89.61749,25.32003],[89.61749,25.32039],[89.6173,25.32039],[89.61727,25.31931],[89.61747,25.31931],[89.61747,25.31949],[89.61827,25.31947],[89.61765,25.3184],[89.61725,25.31841],[89.61746,25.31876],[89.61726,25.31877],[89.61727,25.31913],[89.61707,25.31913],[89.61707,25.31895],[89.61667,25.31896],[89.6167,25.32022],[89.6171,25.3204],[89.6171,25.32076],[89.6173,25.32075],[89.61731,25.32093],[89.6181,25.32092]]]}},{"type":"Feature","properties":{"kind":"land","ha":1.4},"geometry":{"type":"Polygon","coordinates":[[[89.6365,25.3177],[89.6365,25.31752],[89.63709,25.31751],[89.63709,25.31733],[89.63729,25.31733],[89.63727,25.31679],[89.63687,25.31661],[89.63687,25.31643],[89.63627,25.31644],[89.63608,25.31681],[89.63588,25.31681],[89.6359,25.31753],[89.6363,25.31753],[89.6363,25.31771],[89.6365,25.3177]]]}},{"type":"Feature","properties":{"kind":"land","ha":3.6},"geometry":{"type":"Polygon","coordinates":[[[89.63036,25.31853],[89.63035,25.31817],[89.63055,25.31817],[89.63055,25.31799],[89.63035,25.31799],[89.63034,25.31763],[89.63074,25.31763],[89.63093,25.31726],[89.63133,25.31743],[89.63133,25.31761],[89.63193,25.3176],[89.63193,25.31778],[89.63233,25.31778],[89.63233,25.3176],[89.63193,25.31742],[89.63192,25.31724],[89.63172,25.31725],[89.63172,25.31707],[89.63132,25.31707],[89.63112,25.31672],[89.63012,25.31673],[89.62992,25.31638],[89.62912,25.31639],[89.62933,25.31675],[89.62973,25.31674],[89.62973,25.31692],[89.62933,25.31693],[89.62934,25.31711],[89.62914,25.31711],[89.62915,25.31765],[89.62895,25.31766],[89.62896,25.31784],[89.62936,25.31801],[89.62936,25.31837],[89.62996,25.31836],[89.62996,25.31854],[89.63036,25.31853]],[[89.62995,25.318],[89.63015,25.318],[89.63016,25.31818],[89.62996,25.31818],[89.62995,25.318]]]}},{"type":"Feature","properties":{"kind":"land","ha":3.6},"geometry":{"type":"Polygon","coordinates":[[[89.67741,25.31769],[89.6776,25.31732],[89.6774,25.31733],[89.67739,25.31697],[89.67719,25.31697],[89.67719,25.31679],[89.67699,25.31679],[89.67698,25.31643],[89.67658,25.31644],[89.67638,25.31608],[89.67598,25.31627],[89.67578,25.31591],[89.67558,25.31592],[89.67558,25.31574],[89.67538,25.31574],[89.67537,25.31538],[89.67557,25.31537],[89.67556,25.31519],[89.67516,25.31502],[89.67516,25.31484],[89.67476,25.31485],[89.67477,25.31539],[89.67497,25.31539],[89.67498,25.31575],[89.67518,25.31574],[89.6752,25.31682],[89.6754,25.31682],[89.67541,25.31718],[89.67581,25.31736],[89.67581,25.31754],[89.67621,25.31753],[89.67621,25.31771],[89.67741,25.31769]]]}},{"type":"Feature","properties":{"kind":"land","ha":48.5},"geometry":{"type":"Polygon","coordinates":[[[89.67221,25.31634],[89.67224,25.31742],[89.67244,25.31742],[89.67244,25.3176],[89.67205,25.31778],[89.67205,25.31796],[89.67185,25.31797],[89.67186,25.31851],[89.67206,25.31851],[89.67209,25.31995],[89.67249,25.32012],[89.67251,25.32084],[89.67271,25.32084],[89.67273,25.32174],[89.67293,25.32174],[89.67294,25.3221],[89.67313,25.3221],[89.67314,25.32228],[89.67334,25.32227],[89.67335,25.32299],[89.67355,25.32299],[89.67356,25.32335],[89.67396,25.32353],[89.67396,25.32371],[89.67416,25.3237],[89.67417,25.32388],[89.67436,25.32388],[89.67437,25.32424],[89.67457,25.32424],[89.67457,25.32442],[89.67497,25.32441],[89.67518,25.32477],[89.67538,25.32476],[89.67538,25.32494],[89.67558,25.32494],[89.67558,25.32512],[89.67638,25.32511],[89.67638,25.32529],[89.67678,25.32528],[89.67677,25.3251],[89.67697,25.3251],[89.67698,25.32528],[89.67737,25.32527],[89.67738,25.32545],[89.67638,25.32547],[89.6764,25.32637],[89.67562,25.32674],[89.67563,25.32747],[89.67604,25.32764],[89.67604,25.32782],[89.67644,25.32781],[89.67644,25.32799],[89.67704,25.32798],[89.67703,25.3278],[89.67723,25.3278],[89.67725,25.32852],[89.67745,25.32852],[89.67745,25.3287],[89.67785,25.32869],[89.67786,25.32923],[89.67806,25.32923],[89.67806,25.32959],[89.67846,25.32958],[89.67847,25.33012],[89.67808,25.33031],[89.67808,25.33049],[89.67789,25.33049],[89.67767,25.32978],[89.67727,25.3296],[89.67726,25.32924],[89.67686,25.32907],[89.67686,25.32889],[89.67666,25.32889],[89.67665,25.32871],[89.67646,25.32871],[89.67645,25.32853],[89.67606,25.32854],[89.67606,25.32872],[89.67586,25.32872],[89.67588,25.32945],[89.67568,25.32945],[89.67567,25.32927],[89.67548,25.32927],[89.67547,25.32891],[89.67507,25.32874],[89.67506,25.32856],[89.67486,25.32856],[89.67486,25.32838],[89.67387,25.3284],[89.67384,25.32696],[89.67364,25.32696],[89.67363,25.3266],[89.67343,25.3266],[89.67344,25.32714],[89.67364,25.32714],[89.67365,25.3275],[89.67305,25.32751],[89.67305,25.32733],[89.67265,25.32734],[89.67265,25.32716],[89.67245,25.32716],[89.67246,25.3277],[89.67226,25.32771],[89.67227,25.32807],[89.67287,25.32806],[89.67307,25.32841],[89.67327,25.32841],[89.67328,25.32859],[89.67387,25.32858],[89.67388,25.32876],[89.67467,25.32875],[89.67467,25.32893],[89.67507,25.32892],[89.67508,25.32928],[89.67528,25.32928],[89.67529,25.32982],[89.67549,25.32981],[89.6755,25.33018],[89.67569,25.33017],[89.6757,25.33035],[89.6755,25.33036],[89.67551,25.33072],[89.67571,25.33071],[89.67571,25.33089],[89.67591,25.33089],[89.6759,25.33035],[89.67629,25.33016],[89.67627,25.32944],[89.67667,25.32943],[89.67667,25.32961],[89.67687,25.32961],[89.67688,25.32997],[89.67708,25.32997],[89.67709,25.33033],[89.67729,25.33032],[89.6773,25.33086],[89.6777,25.33104],[89.6777,25.33122],[89.6779,25.33121],[89.67791,25.33158],[89.67811,25.33157],[89.67812,25.33193],[89.67851,25.33193],[89.67872,25.33228],[89.67892,25.33228],[89.67893,25.33282],[89.67953,25.33281],[89.6793,25.33173],[89.6795,25.33173],[89.67947,25.33046],[89.67907,25.33029],[89.67905,25.32921],[89.67865,25.32904],[89.67864,25.32867],[89.67844,25.32868],[89.67844,25.3285],[89.67824,25.3285],[89.67823,25.32814],[89.67803,25.32814],[89.67802,25.3276],[89.67762,25.32743],[89.67761,25.32707],[89.67721,25.3269],[89.67721,25.32672],[89.67701,25.32672],[89.677,25.32636],[89.67739,25.32617],[89.67739,25.32599],[89.67779,25.32598],[89.67799,25.32634],[89.67819,25.32634],[89.6782,25.32652],[89.67859,25.32651],[89.6786,25.32687],[89.6792,25.32686],[89.6794,25.32722],[89.6796,25.32721],[89.6796,25.32739],[89.6798,25.32739],[89.67981,25.32757],[89.68001,25.32757],[89.68001,25.32793],[89.68041,25.32792],[89.68041,25.3281],[89.68061,25.3281],[89.68083,25.32882],[89.68122,25.32881],[89.6812,25.32773],[89.681,25.32773],[89.68099,25.32719],[89.68079,25.32719],[89.68078,25.32665],[89.68058,25.32665],[89.68057,25.32593],[89.68037,25.32594],[89.68037,25.3263],[89.67998,25.3263],[89.67999,25.32703],[89.6796,25.32703],[89.67959,25.32685],[89.67939,25.32686],[89.67939,25.3265],[89.67899,25.32632],[89.67898,25.32614],[89.67878,25.32615],[89.67878,25.32596],[89.67858,25.32597],[89.67857,25.32561],[89.67817,25.32543],[89.67817,25.32525],[89.67797,25.32526],[89.67796,25.32472],[89.67776,25.32472],[89.67775,25.32436],[89.67735,25.32419],[89.67734,25.32382],[89.67714,25.32383],[89.67712,25.32293],[89.67692,25.32293],[89.67692,25.32257],[89.67672,25.32257],[89.67649,25.32113],[89.67629,25.32114],[89.67628,25.32078],[89.67608,25.32078],[89.67605,25.31916],[89.67565,25.31898],[89.67564,25.31862],[89.67544,25.31863],[89.67542,25.3179],[89.67523,25.31791],[89.67522,25.31755],[89.67502,25.31755],[89.67502,25.31737],[89.67482,25.31737],[89.67481,25.31683],[89.67421,25.31684],[89.67421,25.31702],[89.67402,25.31703],[89.67402,25.31739],[89.67382,25.31739],[89.67384,25.31829],[89.67345,25.31848],[89.67348,25.31956],[89.67307,25.31939],[89.67307,25.31903],[89.67326,25.31903],[89.67325,25.3183],[89.67345,25.3183],[89.67344,25.31776],[89.67363,25.31776],[89.6736,25.31631],[89.674,25.31612],[89.67397,25.31504],[89.67377,25.31505],[89.67376,25.3145],[89.67356,25.31451],[89.67356,25.31433],[89.67296,25.31434],[89.67297,25.3147],[89.67258,25.31489],[89.6726,25.31579],[89.6724,25.31579],[89.67241,25.31633],[89.67221,25.31634]],[[89.6728,25.31615],[89.6728,25.31579],[89.67319,25.31578],[89.67302,25.31686],[89.67242,25.31688],[89.67241,25.31633],[89.6728,25.31615]],[[89.67455,25.32315],[89.67475,25.32315],[89.67475,25.32333],[89.67455,25.32333],[89.67455,25.32315]],[[89.67394,25.3228],[89.67374,25.32281],[89.67373,25.32209],[89.67333,25.32191],[89.67332,25.32155],[89.67352,25.32155],[89.67351,25.32137],[89.67392,25.32154],[89.67393,25.32208],[89.67433,25.32226],[89.67434,25.32262],[89.67453,25.32261],[89.67454,25.32297],[89.67395,25.32298],[89.67394,25.3228]],[[89.67513,25.32242],[89.67532,25.32242],[89.67533,25.3226],[89.67513,25.3226],[89.67513,25.32242]],[[89.67451,25.32153],[89.67491,25.32152],[89.67491,25.3217],[89.67511,25.3217],[89.67492,25.32206],[89.67452,25.32207],[89.67451,25.32153]],[[89.6749,25.32098],[89.6745,25.32099],[89.67429,25.32063],[89.67409,25.32064],[89.67409,25.32027],[89.67369,25.32028],[89.67369,25.3201],[89.67349,25.3201],[89.67348,25.31974],[89.67368,25.31974],[89.67366,25.31884],[89.67386,25.31883],[89.67385,25.31865],[89.67425,25.31865],[89.67446,25.319],[89.67465,25.319],[89.67467,25.31954],[89.67486,25.31954],[89.67487,25.3199],[89.67527,25.31989],[89.6753,25.32115],[89.6749,25.32116],[89.6749,25.32098]],[[89.67269,25.31976],[89.67288,25.31975],[89.67289,25.32012],[89.67269,25.32012],[89.67269,25.31976]]]}},{"type":"Feature","properties":{"kind":"land","ha":1.4},"geometry":{"type":"Polygon","coordinates":[[[89.70397,25.31558],[89.70395,25.31504],[89.70415,25.31503],[89.70415,25.31485],[89.70474,25.31484],[89.70475,25.31502],[89.70515,25.31501],[89.70515,25.31519],[89.70535,25.31519],[89.70513,25.31447],[89.70494,25.31448],[89.70492,25.31357],[89.70432,25.31359],[89.70434,25.31431],[89.70414,25.31431],[89.70415,25.31467],[89.70395,25.31468],[89.70395,25.31486],[89.70375,25.31486],[89.70377,25.31558],[89.70397,25.31558]]]}},{"type":"Feature","properties":{"kind":"land","ha":2.5},"geometry":{"type":"Polygon","coordinates":[[[89.63547,25.3161],[89.63547,25.31592],[89.63567,25.31591],[89.63564,25.31483],[89.63544,25.31483],[89.63543,25.31411],[89.63463,25.31377],[89.63463,25.31413],[89.63424,25.31431],[89.63425,25.31449],[89.63405,25.3145],[89.63405,25.31468],[89.63445,25.31485],[89.63447,25.31557],[89.63486,25.31557],[89.63487,25.31593],[89.63507,25.31592],[89.63507,25.3161],[89.63547,25.3161]]]}},{"type":"Feature","properties":{"kind":"land","ha":2.1},"geometry":{"type":"Polygon","coordinates":[[[89.6309,25.31582],[89.63109,25.31545],[89.63149,25.31563],[89.63149,25.31545],[89.63168,25.31544],[89.63168,25.31508],[89.63148,25.31509],[89.63147,25.31491],[89.63207,25.31489],[89.63207,25.31471],[89.63187,25.31472],[89.63186,25.31436],[89.63206,25.31435],[89.63205,25.31417],[89.63245,25.31417],[89.63242,25.31254],[89.63202,25.31273],[89.63223,25.31309],[89.63184,25.31327],[89.63186,25.31418],[89.63145,25.314],[89.63145,25.31382],[89.63105,25.31383],[89.63106,25.31401],[89.63126,25.31401],[89.63128,25.31527],[89.63069,25.31528],[89.63069,25.31546],[89.63049,25.31546],[89.6305,25.31582],[89.6309,25.31582]]]}},{"type":"Feature","properties":{"kind":"land","ha":2.4},"geometry":{"type":"Polygon","coordinates":[[[89.63699,25.31282],[89.63699,25.31264],[89.63738,25.31263],[89.63738,25.31245],[89.63758,25.31245],[89.63757,25.31227],[89.63797,25.31226],[89.63795,25.31118],[89.63755,25.31101],[89.63754,25.31083],[89.63734,25.31083],[89.63735,25.31137],[89.63716,25.31137],[89.63714,25.31065],[89.63694,25.31066],[89.63693,25.3103],[89.63674,25.3103],[89.63677,25.31192],[89.63657,25.31193],[89.63659,25.31265],[89.63639,25.31265],[89.63639,25.31283],[89.63699,25.31282]]]}},{"type":"Feature","properties":{"kind":"land","ha":3.6},"geometry":{"type":"Polygon","coordinates":[[[89.65446,25.31251],[89.65445,25.31233],[89.65465,25.31232],[89.65464,25.31196],[89.65484,25.31196],[89.65484,25.31178],[89.65523,25.31177],[89.65524,25.31195],[89.65544,25.31195],[89.65543,25.31159],[89.65523,25.31159],[89.65522,25.31123],[89.65482,25.31106],[89.65482,25.31088],[89.65462,25.31088],[89.65461,25.31052],[89.65421,25.31035],[89.6542,25.30998],[89.6538,25.30981],[89.65381,25.30999],[89.65361,25.31],[89.65362,25.31054],[89.65342,25.31054],[89.65343,25.31108],[89.65323,25.31109],[89.65325,25.31163],[89.65344,25.31162],[89.65346,25.31216],[89.65365,25.31216],[89.65366,25.31234],[89.65406,25.31233],[89.65406,25.31251],[89.65446,25.31251]]]}},{"type":"Feature","properties":{"kind":"land","ha":1.4},"geometry":{"type":"Polygon","coordinates":[[[89.63179,25.31093],[89.63178,25.31075],[89.63198,25.31074],[89.63197,25.31038],[89.63217,25.31038],[89.63216,25.30984],[89.63196,25.30984],[89.63197,25.3102],[89.63137,25.31021],[89.63138,25.31039],[89.63118,25.3104],[89.63117,25.31004],[89.63078,25.31022],[89.63077,25.30986],[89.63117,25.30986],[89.63116,25.3095],[89.63076,25.3095],[89.63057,25.30987],[89.63037,25.30987],[89.63038,25.31023],[89.63078,25.31041],[89.63059,25.31077],[89.63099,25.31076],[89.63099,25.31094],[89.63179,25.31093]]]}},{"type":"Feature","properties":{"kind":"land","ha":1.1},"geometry":{"type":"Polygon","coordinates":[[[89.68217,25.30858],[89.68216,25.3084],[89.68176,25.30822],[89.68176,25.30786],[89.68156,25.30787],[89.68155,25.30768],[89.68096,25.3077],[89.68095,25.30752],[89.68135,25.30751],[89.68134,25.30715],[89.68114,25.30715],[89.68114,25.30679],[89.68094,25.30679],[89.68075,25.30716],[89.68055,25.30716],[89.68057,25.30806],[89.68116,25.30805],[89.68116,25.30787],[89.68136,25.30787],[89.68177,25.30858],[89.68217,25.30858]]]}},{"type":"Feature","properties":{"kind":"land","ha":1.4},"geometry":{"type":"Polygon","coordinates":[[[89.64879,25.30774],[89.64859,25.30738],[89.64898,25.30719],[89.64898,25.30701],[89.64878,25.30701],[89.64877,25.30683],[89.64838,25.30684],[89.64838,25.30702],[89.64778,25.30703],[89.64779,25.30721],[89.64759,25.30722],[89.64759,25.30704],[89.64719,25.30704],[89.64718,25.30668],[89.64659,25.30669],[89.64659,25.30705],[89.64739,25.30722],[89.6476,25.30758],[89.6478,25.30757],[89.6478,25.30775],[89.64879,25.30774]]]}},{"type":"Feature","properties":{"kind":"land","ha":18.0},"geometry":{"type":"Polygon","coordinates":[[[89.62754,25.3166],[89.62754,25.31642],[89.62734,25.31642],[89.62733,25.31606],[89.62753,25.31606],[89.62753,25.31624],[89.62872,25.31622],[89.62872,25.31604],[89.62852,25.31604],[89.62852,25.31586],[89.62772,25.31587],[89.62772,25.31569],[89.62752,25.3157],[89.6273,25.31462],[89.6275,25.31462],[89.62749,25.31443],[89.6271,25.31444],[89.62707,25.31318],[89.62687,25.31318],[89.62688,25.31354],[89.62648,25.31373],[89.62649,25.31391],[89.62589,25.31392],[89.6259,25.31428],[89.62531,25.31429],[89.6253,25.31411],[89.6251,25.31412],[89.6251,25.31376],[89.62549,25.31357],[89.62548,25.31339],[89.62508,25.31321],[89.62508,25.31303],[89.62468,25.31304],[89.62467,25.31268],[89.62428,25.31269],[89.62447,25.31232],[89.62427,25.31233],[89.62427,25.31215],[89.62387,25.31215],[89.62366,25.3118],[89.62346,25.3118],[89.62346,25.31162],[89.62326,25.31162],[89.62345,25.3109],[89.62364,25.31089],[89.62361,25.30927],[89.62341,25.30927],[89.62341,25.30909],[89.6236,25.30909],[89.6236,25.30873],[89.6228,25.30874],[89.6228,25.30838],[89.62239,25.30821],[89.62238,25.30767],[89.62278,25.30766],[89.62279,25.30802],[89.62319,25.30819],[89.62317,25.30729],[89.62297,25.3073],[89.62297,25.30712],[89.62257,25.30712],[89.62257,25.3073],[89.62237,25.30731],[89.62237,25.30713],[89.62197,25.30713],[89.62176,25.30641],[89.62156,25.30642],[89.62158,25.3075],[89.62178,25.3075],[89.62181,25.30894],[89.62162,25.30894],[89.62164,25.31003],[89.62184,25.31002],[89.62186,25.31093],[89.62206,25.31092],[89.62206,25.31128],[89.62167,25.31129],[89.62148,25.31165],[89.62167,25.31165],[89.62168,25.31201],[89.62188,25.31201],[89.62188,25.31219],[89.62208,25.31218],[89.62209,25.31273],[89.62269,25.31272],[89.62271,25.31362],[89.62311,25.31379],[89.62312,25.31433],[89.62352,25.31451],[89.62353,25.31469],[89.62373,25.31468],[89.62373,25.31486],[89.62413,25.31486],[89.62413,25.31504],[89.62473,25.31503],[89.62493,25.31538],[89.62513,25.31538],[89.62513,25.31556],[89.62573,25.31555],[89.62573,25.31573],[89.62613,25.31572],[89.62615,25.31644],[89.62674,25.31643],[89.62675,25.31661],[89.62754,25.3166]],[[89.62632,25.31518],[89.62652,25.31517],[89.62652,25.31535],[89.62632,25.31536],[89.62632,25.31518]],[[89.6261,25.31446],[89.6263,25.31446],[89.62631,25.315],[89.62611,25.315],[89.6261,25.31446]],[[89.6237,25.31342],[89.6233,25.31325],[89.62328,25.31252],[89.62368,25.3127],[89.62369,25.31288],[89.62408,25.31287],[89.62409,25.31341],[89.62429,25.31341],[89.6243,25.31377],[89.62371,25.31378],[89.6237,25.31342]],[[89.62225,25.31056],[89.62244,25.31055],[89.62244,25.31037],[89.62204,25.3102],[89.62202,25.30948],[89.62242,25.30929],[89.62241,25.30893],[89.62281,25.30892],[89.62281,25.30928],[89.62322,25.30946],[89.62322,25.30964],[89.62342,25.30963],[89.62343,25.31036],[89.62323,25.31036],[89.62325,25.31126],[89.62286,25.31145],[89.62287,25.31163],[89.62227,25.31164],[89.62225,25.31056]]]}},{"type":"Feature","properties":{"kind":"land","ha":1.0},"geometry":{"type":"Polygon","coordinates":[[[89.64998,25.30753],[89.64997,25.30699],[89.65017,25.30699],[89.65016,25.30663],[89.65036,25.30662],[89.65033,25.30554],[89.65013,25.30555],[89.65014,25.30591],[89.64994,25.30591],[89.64995,25.30627],[89.64975,25.30627],[89.64977,25.30682],[89.64937,25.307],[89.64938,25.30736],[89.64958,25.30736],[89.64958,25.30754],[89.64998,25.30753]]]}},{"type":"Feature","properties":{"kind":"land","ha":2.8},"geometry":{"type":"Polygon","coordinates":[[[89.64778,25.30685],[89.64777,25.30631],[89.64817,25.3063],[89.64817,25.30648],[89.64916,25.30647],[89.64916,25.30629],[89.64936,25.30628],[89.64935,25.30592],[89.64895,25.30575],[89.64894,25.30557],[89.64875,25.30557],[89.64874,25.30539],[89.64755,25.30541],[89.64755,25.30523],[89.64695,25.30524],[89.64697,25.30614],[89.64717,25.30614],[89.64718,25.30668],[89.64738,25.30668],[89.64738,25.30686],[89.64778,25.30685]]]}},{"type":"Feature","properties":{"kind":"land","ha":25.7},"geometry":{"type":"Polygon","coordinates":[[[89.63075,25.30878],[89.63035,25.30897],[89.63036,25.30933],[89.63115,25.30932],[89.63115,25.30914],[89.63135,25.30913],[89.63135,25.30931],[89.63155,25.30931],[89.63155,25.30913],[89.63194,25.30912],[89.63195,25.3093],[89.63274,25.30929],[89.63274,25.30911],[89.63294,25.3091],[89.63293,25.30856],[89.63273,25.30857],[89.63272,25.3082],[89.63292,25.3082],[89.63291,25.30784],[89.63331,25.30783],[89.6333,25.30765],[89.6329,25.30748],[89.6329,25.3073],[89.6325,25.30731],[89.63251,25.30767],[89.63211,25.30767],[89.6321,25.30713],[89.6323,25.30713],[89.63229,25.30677],[89.63269,25.30676],[89.63269,25.30694],[89.63289,25.30694],[89.63308,25.30657],[89.63368,25.30656],[89.63368,25.30692],[89.63388,25.30692],[89.6339,25.30782],[89.6337,25.30783],[89.63371,25.30801],[89.63391,25.308],[89.63391,25.30818],[89.63371,25.30819],[89.63374,25.30945],[89.63334,25.30946],[89.63315,25.30982],[89.63295,25.30982],[89.63277,25.31055],[89.63257,25.31055],[89.63278,25.31091],[89.63298,25.31091],[89.63297,25.31055],[89.63317,25.31054],[89.63316,25.31036],[89.63416,25.31034],[89.63394,25.30963],[89.63433,25.30944],[89.63433,25.30926],[89.63473,25.30925],[89.63472,25.30907],[89.63512,25.30906],[89.63512,25.30888],[89.63552,25.30906],[89.63552,25.30924],[89.63592,25.30923],[89.63612,25.30959],[89.63672,25.30958],[89.63691,25.30921],[89.63751,25.3092],[89.6375,25.30902],[89.63711,25.30903],[89.6371,25.30867],[89.6369,25.30867],[89.6369,25.30849],[89.63769,25.30848],[89.6379,25.30883],[89.63849,25.30882],[89.6387,25.30918],[89.63909,25.30917],[89.6393,25.30953],[89.6397,25.30952],[89.6397,25.3097],[89.6399,25.3097],[89.6399,25.30952],[89.64049,25.30951],[89.64048,25.30897],[89.63968,25.3088],[89.63948,25.30844],[89.63908,25.30845],[89.63907,25.30809],[89.63887,25.30809],[89.63887,25.30791],[89.63768,25.30794],[89.63767,25.30757],[89.63747,25.30758],[89.63747,25.3074],[89.63687,25.30741],[89.63667,25.30705],[89.63607,25.30706],[89.63586,25.3067],[89.63567,25.30671],[89.63566,25.30653],[89.63546,25.30653],[89.63546,25.30617],[89.63585,25.30616],[89.63585,25.30598],[89.63605,25.30598],[89.63604,25.30562],[89.63584,25.30562],[89.63584,25.30544],[89.63504,25.30546],[89.63484,25.3051],[89.63464,25.3051],[89.63463,25.30492],[89.63582,25.3049],[89.63582,25.30454],[89.63463,25.30456],[89.63444,25.30493],[89.63424,25.30493],[89.63424,25.30529],[89.63405,25.30529],[89.63404,25.30511],[89.63384,25.30512],[89.63384,25.30476],[89.63364,25.30476],[89.63363,25.30422],[89.63343,25.30422],[89.63343,25.3044],[89.63303,25.30441],[89.63304,25.30459],[89.63264,25.3046],[89.63265,25.30478],[89.63324,25.30477],[89.63307,25.30621],[89.63267,25.30604],[89.63248,25.3064],[89.63228,25.30641],[89.63229,25.30659],[89.63169,25.3066],[89.63171,25.3075],[89.63191,25.3075],[89.63191,25.30768],[89.63172,25.30768],[89.63172,25.30804],[89.63152,25.30805],[89.63153,25.30823],[89.63133,25.30823],[89.63133,25.30805],[89.63093,25.30806],[89.63091,25.30733],[89.63131,25.30733],[89.63129,25.30624],[89.6301,25.30627],[89.6301,25.30645],[89.6299,25.30645],[89.62992,25.30717],[89.62952,25.30718],[89.62953,25.30754],[89.62933,25.30754],[89.62933,25.30772],[89.62973,25.30772],[89.62974,25.30826],[89.63034,25.30825],[89.63033,25.30807],[89.63053,25.30806],[89.63054,25.30842],[89.63074,25.30842],[89.63075,25.30878]],[[89.63073,25.30824],[89.63093,25.30824],[89.63094,25.30842],[89.63074,25.30842],[89.63073,25.30824]],[[89.63392,25.30872],[89.63412,25.30872],[89.63412,25.3089],[89.63393,25.3089],[89.63392,25.30872]],[[89.6359,25.30833],[89.6361,25.30832],[89.6361,25.30851],[89.6359,25.30851],[89.6359,25.30833]],[[89.6341,25.308],[89.6343,25.308],[89.63431,25.30818],[89.63411,25.30818],[89.6341,25.308]],[[89.63212,25.30785],[89.63251,25.30785],[89.63252,25.30803],[89.63212,25.30803],[89.63212,25.30785]],[[89.63648,25.3076],[89.63707,25.30759],[89.63688,25.30795],[89.63669,25.30795],[89.63648,25.3076]],[[89.63429,25.30727],[89.63449,25.30727],[89.63469,25.30763],[89.6343,25.30782],[89.63429,25.30727]],[[89.63052,25.30734],[89.63072,25.30734],[89.63072,25.30752],[89.63052,25.30752],[89.63052,25.30734]],[[89.63507,25.30672],[89.63507,25.3069],[89.63547,25.30689],[89.63547,25.30707],[89.63488,25.30708],[89.63467,25.30673],[89.63507,25.30672]],[[89.63388,25.30674],[89.63386,25.30602],[89.63426,25.30601],[89.63427,25.30637],[89.63467,25.30655],[89.63467,25.30673],[89.63388,25.30674]],[[89.63366,25.30566],[89.63386,25.30566],[89.63386,25.30584],[89.63366,25.30584],[89.63366,25.30566]],[[89.63344,25.30494],[89.63364,25.30494],[89.63365,25.3053],[89.63345,25.3053],[89.63344,25.30494]]]}},{"type":"Feature","properties":{"kind":"land","ha":1.5},"geometry":{"type":"Polygon","coordinates":[[[89.64991,25.30411],[89.6499,25.30393],[89.6501,25.30392],[89.6501,25.30374],[89.65049,25.30373],[89.6507,25.30409],[89.6509,25.30409],[89.6509,25.30427],[89.6511,25.30427],[89.65108,25.30354],[89.65128,25.30354],[89.65128,25.30336],[89.65108,25.30336],[89.65106,25.30264],[89.65047,25.30265],[89.65048,25.30301],[89.65068,25.30301],[89.65069,25.30355],[89.65029,25.30338],[89.65028,25.3032],[89.65008,25.3032],[89.65008,25.30302],[89.64969,25.30321],[89.64989,25.30356],[89.64969,25.30357],[89.6497,25.30393],[89.6495,25.30393],[89.64951,25.30429],[89.64991,25.30411]]]}},{"type":"Feature","properties":{"kind":"land","ha":3.0},"geometry":{"type":"Polygon","coordinates":[[[89.63303,25.30423],[89.63302,25.30387],[89.63282,25.30387],[89.63281,25.30333],[89.63301,25.30333],[89.633,25.30297],[89.6334,25.30314],[89.63341,25.3035],[89.63401,25.30349],[89.634,25.30313],[89.6336,25.30295],[89.63359,25.30259],[89.63319,25.3026],[89.63319,25.30242],[89.63299,25.30242],[89.633,25.30278],[89.6328,25.30279],[89.63259,25.30207],[89.63239,25.30207],[89.6322,25.30244],[89.632,25.30244],[89.632,25.30262],[89.6318,25.30263],[89.63181,25.30299],[89.63122,25.303],[89.63122,25.30336],[89.63142,25.30335],[89.63143,25.30353],[89.63202,25.30352],[89.63203,25.3037],[89.63222,25.3037],[89.63223,25.30406],[89.63263,25.30424],[89.63264,25.30442],[89.63303,25.30423]]]}},{"type":"Feature","properties":{"kind":"land","ha":14.4},"geometry":{"type":"Polygon","coordinates":[[[89.6529,25.30495],[89.6527,25.30496],[89.65271,25.30532],[89.65232,25.30551],[89.65211,25.30515],[89.65191,25.30515],[89.6519,25.30461],[89.6517,25.30462],[89.6517,25.30443],[89.6513,25.30444],[89.65131,25.30462],[89.65071,25.30463],[89.65071,25.30481],[89.65031,25.30464],[89.65033,25.30536],[89.65092,25.30535],[89.65093,25.30553],[89.65113,25.30553],[89.65114,25.30589],[89.65074,25.30608],[89.65075,25.30644],[89.65115,25.30643],[89.65115,25.30661],[89.65135,25.30661],[89.65136,25.30697],[89.65176,25.30714],[89.65176,25.30732],[89.65196,25.30732],[89.65199,25.30876],[89.65179,25.30876],[89.6518,25.30913],[89.6516,25.30913],[89.65161,25.30931],[89.65181,25.30931],[89.65182,25.31021],[89.65223,25.31038],[89.65223,25.31056],[89.65262,25.31037],[89.65261,25.31001],[89.65301,25.31001],[89.65299,25.30892],[89.65339,25.30892],[89.65339,25.30928],[89.65359,25.30927],[89.65337,25.3082],[89.65317,25.3082],[89.65315,25.3073],[89.65295,25.3073],[89.65294,25.30676],[89.65274,25.30676],[89.65273,25.30604],[89.65293,25.30604],[89.65293,25.30622],[89.65372,25.3062],[89.65371,25.30566],[89.65391,25.30566],[89.65386,25.30349],[89.65366,25.3035],[89.65365,25.30296],[89.65325,25.30278],[89.65324,25.30242],[89.65305,25.30243],[89.65304,25.30206],[89.65324,25.30206],[89.65323,25.30188],[89.65303,25.30188],[89.65303,25.3017],[89.65283,25.30171],[89.65284,25.30225],[89.65264,25.30225],[89.65265,25.30261],[89.65245,25.30262],[89.65246,25.30298],[89.65266,25.30297],[89.65267,25.30351],[89.65227,25.30352],[89.65228,25.30388],[89.65208,25.30389],[89.6521,25.30461],[89.6523,25.3046],[89.6523,25.30478],[89.6529,25.30477],[89.6529,25.30495]],[[89.65288,25.30405],[89.65308,25.30405],[89.6531,25.30477],[89.6529,25.30477],[89.65288,25.30405]],[[89.65252,25.3055],[89.65272,25.3055],[89.65272,25.30568],[89.65252,25.30568],[89.65252,25.3055]]]}},{"type":"Feature","properties":{"kind":"land","ha":15.1},"geometry":{"type":"Polygon","coordinates":[[[89.6848,25.31087],[89.68478,25.31015],[89.68498,25.31015],[89.68498,25.30979],[89.68517,25.30978],[89.68516,25.30924],[89.68555,25.30906],[89.68555,25.30888],[89.68575,25.30887],[89.68573,25.30815],[89.68593,25.30815],[89.68592,25.30779],[89.68612,25.30778],[89.68611,25.30742],[89.68631,25.30742],[89.6863,25.30688],[89.68669,25.30669],[89.68687,25.3056],[89.68707,25.3056],[89.68705,25.3047],[89.68725,25.30469],[89.68723,25.30397],[89.68743,25.30397],[89.68741,25.30307],[89.68721,25.30307],[89.68719,25.30199],[89.68699,25.30199],[89.68697,25.30109],[89.68677,25.30109],[89.68676,25.30055],[89.68656,25.30055],[89.68658,25.30146],[89.68678,25.30145],[89.68679,25.30217],[89.68699,25.30217],[89.687,25.30271],[89.68661,25.3029],[89.68661,25.30308],[89.68642,25.30308],[89.68642,25.30326],[89.68582,25.30328],[89.68563,25.30364],[89.68544,25.30364],[89.68544,25.30382],[89.68484,25.30383],[89.68485,25.30402],[89.68445,25.30402],[89.68444,25.30366],[89.68404,25.30349],[89.68404,25.30331],[89.68384,25.30331],[89.68383,25.30295],[89.68403,25.30295],[89.68403,25.30277],[89.68383,25.30277],[89.68382,25.30241],[89.68362,25.30241],[89.68363,25.30295],[89.68324,25.30314],[89.68324,25.30332],[89.68305,25.30333],[89.68305,25.30351],[89.68285,25.30351],[89.68286,25.30369],[89.68266,25.30369],[89.68266,25.30405],[89.68385,25.30385],[89.68406,25.30421],[89.68426,25.30421],[89.68426,25.30439],[89.68446,25.30438],[89.68446,25.3042],[89.68545,25.30418],[89.68546,25.30455],[89.68565,25.30454],[89.68548,25.30563],[89.68528,25.30563],[89.68529,25.30617],[89.6849,25.30618],[89.6849,25.30654],[89.68471,25.30654],[89.68491,25.3069],[89.68471,25.30691],[89.68473,25.30745],[89.68453,25.30745],[89.68455,25.30853],[89.68435,25.30854],[89.68436,25.30908],[89.68417,25.30908],[89.68418,25.30962],[89.68398,25.30963],[89.68399,25.30999],[89.68359,25.30999],[89.6838,25.31035],[89.68399,25.31035],[89.684,25.31071],[89.6842,25.3107],[89.68421,25.31089],[89.6848,25.31087]]]}},{"type":"Feature","properties":{"kind":"land","ha":2.2},"geometry":{"type":"Polygon","coordinates":[[[89.67725,25.30163],[89.67725,25.30145],[89.67824,25.30143],[89.67824,25.30161],[89.67844,25.3016],[89.67844,25.30142],[89.67883,25.30142],[89.67904,25.30177],[89.67924,25.30177],[89.67923,25.30141],[89.67903,25.30141],[89.67902,25.30105],[89.67862,25.30088],[89.67862,25.3007],[89.67842,25.3007],[89.67841,25.30016],[89.67801,25.30017],[89.67802,25.30035],[89.67782,25.30035],[89.67783,25.30071],[89.67743,25.30072],[89.67743,25.3009],[89.67723,25.3009],[89.67724,25.30127],[89.67704,25.30127],[89.67705,25.30145],[89.67685,25.30145],[89.67685,25.30127],[89.67625,25.30128],[89.67626,25.30164],[89.67685,25.30163],[89.67686,25.30181],[89.67725,25.30163]]]}},{"type":"Feature","properties":{"kind":"land","ha":1.8},"geometry":{"type":"Polygon","coordinates":[[[89.63776,25.30252],[89.63775,25.30234],[89.63835,25.30233],[89.63835,25.30215],[89.63854,25.30214],[89.63833,25.30143],[89.63813,25.30143],[89.63812,25.30107],[89.63832,25.30107],[89.63832,25.30088],[89.63753,25.3009],[89.63753,25.30108],[89.63733,25.30108],[89.63734,25.30144],[89.63695,25.30163],[89.63695,25.30199],[89.63735,25.30217],[89.63736,25.30253],[89.63776,25.30252]],[[89.63794,25.30161],[89.63814,25.30161],[89.63814,25.30197],[89.63795,25.30197],[89.63794,25.30161]]]}},{"type":"Feature","properties":{"kind":"land","ha":1.3},"geometry":{"type":"Polygon","coordinates":[[[89.70702,25.30108],[89.70721,25.30072],[89.70741,25.30071],[89.7074,25.30035],[89.7072,25.30036],[89.7072,25.30018],[89.7064,25.30019],[89.70639,25.29965],[89.70619,25.29965],[89.7062,25.29983],[89.706,25.29984],[89.70601,25.3002],[89.70581,25.3002],[89.70582,25.30074],[89.70602,25.30074],[89.70602,25.30056],[89.70641,25.30055],[89.70642,25.30109],[89.70702,25.30108]]]}},{"type":"Feature","properties":{"kind":"land","ha":1.2},"geometry":{"type":"Polygon","coordinates":[[[89.68062,25.30138],[89.68061,25.30102],[89.68022,25.30103],[89.6802,25.30049],[89.67961,25.3005],[89.6796,25.30032],[89.67941,25.30032],[89.6794,25.29996],[89.6788,25.29997],[89.67901,25.30033],[89.67921,25.30033],[89.67922,25.30069],[89.67962,25.30086],[89.67983,25.30158],[89.68062,25.30138]]]}},{"type":"Feature","properties":{"kind":"land","ha":1.2},"geometry":{"type":"Polygon","coordinates":[[[89.64353,25.30296],[89.64352,25.3026],[89.64332,25.3026],[89.64331,25.30224],[89.64311,25.30224],[89.64311,25.30188],[89.64291,25.30189],[89.6429,25.30152],[89.6427,25.30153],[89.64268,25.30045],[89.64248,25.30045],[89.64229,25.30081],[89.64209,25.30082],[89.6421,25.30118],[89.6423,25.30117],[89.64231,25.30172],[89.64191,25.30172],[89.64192,25.3019],[89.64271,25.30189],[89.64333,25.30296],[89.64353,25.30296]]]}},{"type":"Feature","properties":{"kind":"land","ha":1.6},"geometry":{"type":"Polygon","coordinates":[[[89.65026,25.30211],[89.65025,25.30193],[89.65045,25.30193],[89.65045,25.30157],[89.65025,25.30157],[89.65024,25.30103],[89.65043,25.30103],[89.65043,25.30085],[89.65122,25.30083],[89.65102,25.30048],[89.65062,25.30066],[89.65062,25.30048],[89.65022,25.30049],[89.65022,25.30031],[89.64982,25.30032],[89.64983,25.3005],[89.64963,25.3005],[89.64963,25.30068],[89.64983,25.30068],[89.64984,25.30104],[89.64944,25.30105],[89.64945,25.30141],[89.64965,25.3014],[89.64966,25.30194],[89.64986,25.30194],[89.64986,25.30212],[89.65026,25.30211]]]}},{"type":"Feature","properties":{"kind":"land","ha":8.2},"geometry":{"type":"Polygon","coordinates":[[[89.62963,25.30321],[89.62924,25.30321],[89.62923,25.30303],[89.62844,25.30305],[89.62842,25.30232],[89.62862,25.30232],[89.62863,25.3025],[89.62902,25.30249],[89.629,25.30159],[89.6286,25.30142],[89.6286,25.30124],[89.6284,25.30124],[89.62841,25.3016],[89.62881,25.30178],[89.62862,25.30214],[89.62703,25.30217],[89.62703,25.30199],[89.62663,25.302],[89.62662,25.30182],[89.62702,25.30163],[89.62701,25.30145],[89.62721,25.30144],[89.6272,25.30108],[89.62681,25.30109],[89.6268,25.30073],[89.6262,25.30074],[89.6262,25.30056],[89.626,25.30056],[89.62599,25.3002],[89.6256,25.30021],[89.62561,25.30075],[89.62521,25.30076],[89.62522,25.3013],[89.62562,25.30129],[89.62562,25.30147],[89.62582,25.30147],[89.62583,25.30183],[89.62603,25.30183],[89.62604,25.30255],[89.62624,25.30254],[89.62625,25.30291],[89.62645,25.3029],[89.62645,25.30308],[89.62665,25.30308],[89.62666,25.30326],[89.62626,25.30327],[89.62626,25.30345],[89.62606,25.30345],[89.62607,25.30363],[89.62647,25.3038],[89.62647,25.30398],[89.62747,25.30397],[89.62766,25.3036],[89.62785,25.3036],[89.62785,25.30342],[89.62864,25.3034],[89.62885,25.30376],[89.62925,25.30375],[89.62925,25.30393],[89.62945,25.30393],[89.62946,25.30429],[89.62986,25.30447],[89.62987,25.30483],[89.63026,25.30464],[89.63026,25.30446],[89.63045,25.30445],[89.63045,25.30427],[89.63005,25.30428],[89.62984,25.30356],[89.62964,25.30357],[89.62963,25.30321]],[[89.62964,25.30375],[89.62945,25.30375],[89.62944,25.30357],[89.62964,25.30357],[89.62964,25.30375]]]}},{"type":"Feature","properties":{"kind":"land","ha":2.8},"geometry":{"type":"Polygon","coordinates":[[[89.63158,25.30155],[89.63158,25.30137],[89.63178,25.30136],[89.63177,25.301],[89.63157,25.30101],[89.63156,25.30064],[89.63136,25.30065],[89.63136,25.30029],[89.63096,25.30011],[89.63095,25.29993],[89.63075,25.29994],[89.63075,25.29976],[89.63055,25.29976],[89.63054,25.29922],[89.63034,25.29922],[89.63033,25.2985],[89.62992,25.29833],[89.62992,25.29815],[89.62972,25.29815],[89.62973,25.29869],[89.62954,25.2987],[89.62955,25.29924],[89.62935,25.29924],[89.62935,25.29942],[89.62955,25.29942],[89.62956,25.29978],[89.62976,25.29977],[89.62977,25.30032],[89.63017,25.30031],[89.63017,25.30049],[89.63096,25.30047],[89.63117,25.30083],[89.63137,25.30083],[89.63138,25.30119],[89.63118,25.30119],[89.63119,25.30173],[89.63158,25.30155]]]}},{"type":"Feature","properties":{"kind":"land","ha":3.3},"geometry":{"type":"Polygon","coordinates":[[[89.64486,25.30023],[89.64485,25.30005],[89.64505,25.30004],[89.64505,25.29986],[89.64485,25.29987],[89.64484,25.29932],[89.64523,25.29932],[89.64524,25.29968],[89.64564,25.29967],[89.64583,25.29931],[89.64662,25.29929],[89.64662,25.29911],[89.64702,25.2991],[89.64701,25.29892],[89.64681,25.29893],[89.6468,25.29839],[89.6464,25.29821],[89.64641,25.29839],[89.64581,25.2984],[89.6456,25.29805],[89.64541,25.29805],[89.6454,25.29769],[89.645,25.2977],[89.64501,25.29824],[89.64462,25.29843],[89.64463,25.29879],[89.64443,25.29879],[89.64443,25.29897],[89.64423,25.29897],[89.64425,25.29988],[89.64445,25.29987],[89.64446,25.30023],[89.64486,25.30023]],[[89.64482,25.2986],[89.64542,25.29859],[89.64543,25.29913],[89.64483,25.29914],[89.64482,25.2986]]]}},{"type":"Feature","properties":{"kind":"land","ha":28.0},"geometry":{"type":"Polygon","coordinates":[[[89.62712,25.3065],[89.62711,25.30596],[89.62731,25.30595],[89.6273,25.30559],[89.6277,25.30559],[89.62769,25.30523],[89.62789,25.30522],[89.62788,25.30468],[89.62748,25.30469],[89.62748,25.30451],[89.62728,25.30451],[89.62729,25.30487],[89.62689,25.30506],[89.62669,25.3047],[89.62629,25.30471],[89.62628,25.30435],[89.62588,25.30418],[89.62588,25.30399],[89.62548,25.304],[89.62525,25.30256],[89.62445,25.3024],[89.62445,25.30222],[89.62405,25.30222],[89.62405,25.30204],[89.62385,25.30205],[89.62384,25.30168],[89.62364,25.30169],[89.62362,25.30061],[89.62422,25.3006],[89.62422,25.30078],[89.62402,25.30078],[89.62403,25.30114],[89.62423,25.30114],[89.62422,25.30096],[89.62502,25.30094],[89.62481,25.30058],[89.62442,25.30077],[89.62441,25.30023],[89.62401,25.30006],[89.624,25.2997],[89.62439,25.29951],[89.62439,25.29933],[89.62459,25.29932],[89.62458,25.29914],[89.62478,25.29914],[89.62477,25.29878],[89.62557,25.29895],[89.62578,25.2993],[89.62597,25.2993],[89.62597,25.29894],[89.62557,25.29877],[89.62556,25.29859],[89.62536,25.29859],[89.62536,25.29823],[89.62516,25.29823],[89.62515,25.29805],[89.62496,25.29805],[89.62496,25.29824],[89.62456,25.29824],[89.62457,25.2986],[89.62437,25.29861],[89.62438,25.29879],[89.62398,25.29879],[89.62398,25.29897],[89.62319,25.29899],[89.62318,25.29863],[89.62239,25.29864],[89.62239,25.29882],[89.62259,25.29882],[89.62262,25.30008],[89.62281,25.30008],[89.62282,25.30044],[89.62262,25.30044],[89.62263,25.30062],[89.62283,25.30062],[89.62285,25.3017],[89.62325,25.30188],[89.62327,25.30278],[89.62347,25.30277],[89.62348,25.30332],[89.62368,25.30331],[89.62371,25.30457],[89.6239,25.30457],[89.62391,25.30493],[89.62352,25.30494],[89.62372,25.3053],[89.62352,25.3053],[89.62353,25.30548],[89.62313,25.30549],[89.62313,25.30531],[89.62273,25.30531],[89.62252,25.30496],[89.62232,25.30496],[89.62232,25.30478],[89.62173,25.30479],[89.62173,25.30497],[89.62153,25.30497],[89.62154,25.30534],[89.62193,25.30515],[89.62193,25.30497],[89.62213,25.30496],[89.62233,25.30532],[89.62253,25.30532],[89.62254,25.30586],[89.62294,25.30585],[89.62295,25.30621],[89.62354,25.3062],[89.62354,25.30602],[89.62394,25.30601],[89.62395,25.30656],[89.62335,25.30657],[89.62316,25.30693],[89.62356,25.30692],[89.62376,25.30728],[89.62396,25.30728],[89.62397,25.30746],[89.62436,25.30745],[89.62457,25.30781],[89.62477,25.3078],[89.62478,25.30853],[89.62498,25.30852],[89.62499,25.3087],[89.62479,25.30871],[89.6248,25.30925],[89.625,25.30924],[89.62501,25.30979],[89.6254,25.3096],[89.62561,25.30996],[89.62581,25.30995],[89.62582,25.31031],[89.62601,25.31031],[89.62603,25.31121],[89.62623,25.31121],[89.62624,25.31157],[89.62644,25.31157],[89.62645,25.31193],[89.62664,25.31192],[89.62665,25.31228],[89.62685,25.31228],[89.62685,25.31246],[89.62725,25.31227],[89.62724,25.31209],[89.62744,25.31209],[89.62744,25.31191],[89.62764,25.31191],[89.62763,25.31172],[89.62724,25.31173],[89.62703,25.31137],[89.62683,25.31138],[89.62682,25.31102],[89.62662,25.31102],[89.62662,25.31084],[89.62701,25.31065],[89.62702,25.31101],[89.62741,25.31083],[89.62742,25.31101],[89.62782,25.311],[89.6278,25.31046],[89.62761,25.31046],[89.6276,25.3101],[89.62799,25.30991],[89.62799,25.30973],[89.6262,25.30976],[89.62599,25.30941],[89.6258,25.30941],[89.62579,25.30905],[89.62599,25.30905],[89.62597,25.30851],[89.62637,25.3085],[89.62636,25.30796],[89.62656,25.30795],[89.62655,25.30759],[89.62675,25.30759],[89.62674,25.30723],[89.62634,25.30705],[89.62634,25.30687],[89.62614,25.30688],[89.62613,25.3067],[89.62633,25.30669],[89.62633,25.30651],[89.62712,25.3065]],[[89.62613,25.30652],[89.62613,25.30634],[89.62573,25.30634],[89.62572,25.3058],[89.62611,25.3058],[89.62612,25.30598],[89.62632,25.30597],[89.62633,25.30651],[89.62613,25.30652]],[[89.62537,25.30816],[89.62577,25.30833],[89.62578,25.30851],[89.62538,25.30852],[89.62537,25.30816]],[[89.62516,25.30762],[89.62496,25.30762],[89.62495,25.30708],[89.62594,25.30706],[89.62595,25.30724],[89.62615,25.30724],[89.62616,25.30778],[89.62517,25.3078],[89.62516,25.30762]],[[89.62434,25.30637],[89.62454,25.30637],[89.62455,25.30691],[89.62435,25.30691],[89.62434,25.30637]],[[89.62453,25.306],[89.62413,25.30601],[89.62412,25.30547],[89.62452,25.30564],[89.62452,25.30546],[89.62492,25.30546],[89.62491,25.30528],[89.62511,25.30527],[89.62493,25.306],[89.62453,25.30618],[89.62453,25.306]],[[89.62428,25.30348],[89.62468,25.30347],[89.62468,25.30384],[89.62429,25.30402],[89.62428,25.30348]],[[89.62406,25.30258],[89.62426,25.30258],[89.62426,25.30276],[89.62406,25.30276],[89.62406,25.30258]]]}},{"type":"Feature","properties":{"kind":"land","ha":6.2},"geometry":{"type":"Polygon","coordinates":[[[89.67253,25.30352],[89.67252,25.30316],[89.67272,25.30315],[89.67271,25.30279],[89.67291,25.30279],[89.6729,25.30261],[89.6737,25.30259],[89.67389,25.30223],[89.67409,25.30223],[89.67408,25.30204],[89.67428,25.30204],[89.67427,25.30168],[89.67408,25.30168],[89.67407,25.3015],[89.67447,25.3015],[89.67446,25.30132],[89.67506,25.30131],[89.67506,25.30149],[89.67546,25.30148],[89.67546,25.3013],[89.67585,25.30129],[89.67585,25.30093],[89.67604,25.30093],[89.67604,25.30075],[89.67624,25.30074],[89.67623,25.30038],[89.67603,25.30039],[89.67602,25.29984],[89.67562,25.29985],[89.67562,25.29967],[89.67542,25.29967],[89.67542,25.29949],[89.67562,25.29949],[89.67561,25.29913],[89.67581,25.29913],[89.67579,25.2984],[89.67599,25.2984],[89.67598,25.29786],[89.67637,25.29767],[89.67636,25.29731],[89.67596,25.29714],[89.67596,25.29696],[89.67576,25.29696],[89.67575,25.29678],[89.67536,25.29697],[89.67537,25.29715],[89.67556,25.29714],[89.67558,25.29769],[89.67577,25.29768],[89.67578,25.29804],[89.67558,25.29805],[89.67559,25.29841],[89.67539,25.29841],[89.67541,25.29913],[89.67502,25.29932],[89.67502,25.2995],[89.67482,25.2995],[89.67484,25.30041],[89.67464,25.30041],[89.67465,25.30095],[89.67446,25.30096],[89.67446,25.30114],[89.67406,25.30114],[89.67407,25.30132],[89.67367,25.30133],[89.67368,25.30187],[89.67249,25.30189],[89.6725,25.30207],[89.6723,25.30208],[89.6723,25.30244],[89.67211,25.30244],[89.67212,25.30316],[89.67232,25.30316],[89.67233,25.30352],[89.67253,25.30352]]]}},{"type":"Feature","properties":{"kind":"land","ha":1.1},"geometry":{"type":"Polygon","coordinates":[[[89.63508,25.29787],[89.63507,25.29769],[89.63547,25.29769],[89.63547,25.29787],[89.63567,25.29786],[89.63567,25.29768],[89.63587,25.29768],[89.63586,25.29714],[89.63625,25.29713],[89.63646,25.29749],[89.63686,25.29748],[89.63685,25.29712],[89.63665,25.29712],[89.63665,25.29694],[89.63625,25.29695],[89.63624,25.29659],[89.63604,25.29659],[89.63605,25.29695],[89.63545,25.29697],[89.63526,25.29733],[89.63507,25.29733],[89.63507,25.29751],[89.63467,25.29752],[89.63488,25.29788],[89.63508,25.29787]]]}},{"type":"Feature","properties":{"kind":"land","ha":4.9},"geometry":{"type":"Polygon","coordinates":[[[89.62435,25.2977],[89.62434,25.29734],[89.62474,25.29734],[89.62474,25.29716],[89.62494,25.29715],[89.62493,25.29697],[89.62473,25.29698],[89.62473,25.29662],[89.62453,25.29662],[89.62452,25.29644],[89.62413,25.29645],[89.62392,25.29609],[89.62352,25.2961],[89.62352,25.29591],[89.62312,25.29592],[89.62313,25.29628],[89.62274,25.29647],[89.62274,25.29665],[89.62294,25.29665],[89.62296,25.29755],[89.62236,25.29756],[89.62234,25.29666],[89.62194,25.29648],[89.62194,25.2963],[89.62174,25.29631],[89.62176,25.29721],[89.62196,25.29721],[89.62198,25.29811],[89.62218,25.2981],[89.62218,25.29847],[89.62238,25.29846],[89.62238,25.2981],[89.62337,25.29808],[89.62357,25.29844],[89.62417,25.29843],[89.62417,25.29825],[89.62456,25.29824],[89.62436,25.29789],[89.62416,25.29789],[89.62415,25.29771],[89.62435,25.2977]],[[89.62356,25.29772],[89.62375,25.29735],[89.62415,25.29735],[89.62415,25.29771],[89.62356,25.29772]]]}},{"type":"Feature","properties":{"kind":"land","ha":1.0},"geometry":{"type":"Polygon","coordinates":[[[89.64774,25.29602],[89.64774,25.29566],[89.64754,25.29567],[89.64753,25.29512],[89.64733,25.29513],[89.64732,25.29477],[89.64712,25.29477],[89.64711,25.29423],[89.64691,25.29423],[89.6469,25.29387],[89.6467,25.29388],[89.64672,25.29442],[89.64691,25.29441],[89.64693,25.29514],[89.64673,25.29514],[89.64674,25.29568],[89.64734,25.29567],[89.64755,25.29603],[89.64774,25.29602]]]}},{"type":"Feature","properties":{"kind":"land","ha":2.6},"geometry":{"type":"Polygon","coordinates":[[[89.67671,25.29496],[89.6767,25.29478],[89.6769,25.29477],[89.6769,25.29459],[89.6771,25.29459],[89.67709,25.29441],[89.67729,25.29441],[89.67729,25.29423],[89.67748,25.29422],[89.67748,25.29404],[89.67768,25.29404],[89.67766,25.29332],[89.67786,25.29331],[89.67785,25.29295],[89.67825,25.29294],[89.67824,25.29258],[89.67785,25.29259],[89.67784,25.29241],[89.67764,25.29241],[89.67764,25.29205],[89.67724,25.29206],[89.67724,25.29224],[89.67704,25.29224],[89.67725,25.2926],[89.67745,25.2926],[89.67746,25.29296],[89.67706,25.29315],[89.67688,25.29387],[89.67668,25.29388],[89.67669,25.29406],[89.67629,25.29406],[89.67628,25.2937],[89.67608,25.29371],[89.6761,25.29461],[89.6763,25.2946],[89.67631,25.29515],[89.67671,25.29496]]]}},{"type":"Feature","properties":{"kind":"land","ha":1.5},"geometry":{"type":"Polygon","coordinates":[[[89.61397,25.29482],[89.61395,25.2941],[89.61355,25.29393],[89.61353,25.29302],[89.61333,25.29303],[89.61333,25.29285],[89.61293,25.29285],[89.61292,25.29249],[89.61272,25.2925],[89.61274,25.29304],[89.61293,25.29303],[89.61296,25.2943],[89.61316,25.29429],[89.61317,25.29465],[89.61356,25.29447],[89.61377,25.29482],[89.61397,25.29482]]]}},{"type":"Feature","properties":{"kind":"land","ha":1.9},"geometry":{"type":"Polygon","coordinates":[[[89.68262,25.29287],[89.68261,25.29269],[89.68221,25.29251],[89.68221,25.29233],[89.68201,25.29234],[89.68201,25.29215],[89.68161,25.29216],[89.6814,25.2918],[89.6812,25.29181],[89.6812,25.29163],[89.6808,25.29164],[89.6806,25.29128],[89.67941,25.2913],[89.67961,25.29166],[89.67981,25.29165],[89.67981,25.29183],[89.68001,25.29183],[89.68003,25.29237],[89.67983,25.29237],[89.67983,25.29256],[89.68062,25.29236],[89.68061,25.292],[89.68121,25.29199],[89.68141,25.29235],[89.68161,25.29234],[89.68162,25.29252],[89.68201,25.29252],[89.68202,25.29288],[89.68262,25.29287]]]}},{"type":"Feature","properties":{"kind":"land","ha":1.9},"geometry":{"type":"Polygon","coordinates":[[[89.6453,25.29318],[89.64569,25.29299],[89.6457,25.29335],[89.6453,25.29336],[89.64531,25.29354],[89.64511,25.29354],[89.64511,25.29372],[89.64531,25.29372],[89.64532,25.29408],[89.64591,25.29407],[89.64611,25.29371],[89.6465,25.2937],[89.64649,25.29334],[89.6463,25.29334],[89.64629,25.29298],[89.64589,25.29281],[89.64588,25.29263],[89.64568,25.29263],[89.64568,25.29227],[89.64528,25.2921],[89.64527,25.29174],[89.64507,25.29174],[89.64508,25.29228],[89.64469,25.29247],[89.64469,25.29265],[89.64489,25.29264],[89.64489,25.29283],[89.64529,25.29282],[89.6453,25.29318]],[[89.64528,25.29246],[89.64548,25.29245],[89.64549,25.29281],[89.64529,25.29282],[89.64528,25.29246]]]}},{"type":"Feature","properties":{"kind":"land","ha":2.2},"geometry":{"type":"Polygon","coordinates":[[[89.66059,25.29345],[89.66078,25.29308],[89.66098,25.29308],[89.66098,25.2929],[89.66118,25.29289],[89.66134,25.29145],[89.66154,25.29144],[89.66134,25.29109],[89.66114,25.29109],[89.66114,25.29145],[89.66095,25.29145],[89.66095,25.29163],[89.66075,25.29164],[89.66076,25.292],[89.65997,25.29219],[89.65999,25.29291],[89.65979,25.29292],[89.65979,25.29328],[89.65999,25.29328],[89.66,25.29346],[89.66059,25.29345]]]}},{"type":"Feature","properties":{"kind":"land","ha":1.1},"geometry":{"type":"Polygon","coordinates":[[[89.62503,25.29246],[89.62502,25.29174],[89.62482,25.29174],[89.62482,25.29156],[89.62402,25.29157],[89.62403,25.29175],[89.62363,25.29176],[89.62363,25.29194],[89.62343,25.29195],[89.62344,25.29231],[89.62364,25.2923],[89.62364,25.29212],[89.62403,25.29212],[89.62404,25.2923],[89.62443,25.29229],[89.62444,25.29247],[89.62503,25.29246]]]}},{"type":"Feature","properties":{"kind":"land","ha":3.8},"geometry":{"type":"Polygon","coordinates":[[[89.63467,25.29734],[89.63466,25.2968],[89.63446,25.2968],[89.63445,25.29644],[89.63484,25.29625],[89.63483,25.29571],[89.63463,25.29572],[89.63463,25.29536],[89.63443,25.29536],[89.63442,25.29482],[89.63422,25.29482],[89.63423,25.29554],[89.63443,25.29554],[89.63444,25.29608],[89.63405,25.29609],[89.63404,25.29573],[89.63364,25.29555],[89.63363,25.29501],[89.63343,25.29502],[89.63341,25.29411],[89.63321,25.29412],[89.6332,25.29376],[89.633,25.29376],[89.633,25.2934],[89.6328,25.2934],[89.63278,25.29286],[89.63259,25.29287],[89.63257,25.29232],[89.63217,25.29215],[89.63216,25.29161],[89.63176,25.29144],[89.63176,25.29126],[89.63136,25.29126],[89.63137,25.29162],[89.63177,25.29162],[89.63178,25.29216],[89.63198,25.29215],[89.63198,25.29251],[89.63218,25.29251],[89.63221,25.29359],[89.63261,25.29377],[89.63261,25.29395],[89.63281,25.29394],[89.63281,25.29412],[89.63301,25.29412],[89.63304,25.29538],[89.63344,25.29556],[89.63344,25.29574],[89.63364,25.29573],[89.63365,25.29628],[89.63385,25.29627],[89.63386,25.29663],[89.63406,25.29663],[89.63406,25.29681],[89.63426,25.29681],[89.63427,25.29717],[89.63447,25.29716],[89.63447,25.29734],[89.63467,25.29734]]]}},{"type":"Feature","properties":{"kind":"land","ha":1.5},"geometry":{"type":"Polygon","coordinates":[[[89.63635,25.29262],[89.63635,25.29226],[89.63615,25.29226],[89.63614,25.2919],[89.63574,25.29173],[89.63573,25.29155],[89.63554,25.29155],[89.63553,25.29137],[89.63533,25.29137],[89.63533,25.29101],[89.63493,25.29102],[89.63492,25.29084],[89.63473,25.29084],[89.63454,25.29121],[89.63494,25.29138],[89.63495,25.2921],[89.63535,25.29227],[89.63536,25.29245],[89.63615,25.29244],[89.63615,25.29262],[89.63635,25.29262]]]}},{"type":"Feature","properties":{"kind":"land","ha":2.8},"geometry":{"type":"Polygon","coordinates":[[[89.67823,25.29186],[89.67822,25.29168],[89.67842,25.29168],[89.67841,25.29114],[89.67861,25.29113],[89.6786,25.29077],[89.6792,25.29076],[89.6792,25.29112],[89.6794,25.29112],[89.67939,25.29058],[89.67959,25.29057],[89.67958,25.29021],[89.67918,25.29022],[89.67899,25.29059],[89.67879,25.29059],[89.67878,25.29005],[89.67898,25.29004],[89.67897,25.28932],[89.67837,25.28933],[89.67818,25.2897],[89.67798,25.2897],[89.678,25.29042],[89.6778,25.29043],[89.67781,25.29079],[89.67761,25.29079],[89.67761,25.29097],[89.67741,25.29097],[89.67742,25.29134],[89.67762,25.29133],[89.67763,25.29187],[89.67823,25.29186]],[[89.6782,25.29042],[89.67839,25.29042],[89.6784,25.2906],[89.6782,25.2906],[89.6782,25.29042]],[[89.67819,25.29006],[89.67858,25.29005],[89.67859,25.29023],[89.67819,25.29024],[89.67819,25.29006]]]}},{"type":"Feature","properties":{"kind":"land","ha":2.8},"geometry":{"type":"Polygon","coordinates":[[[89.63116,25.29109],[89.63115,25.29091],[89.63155,25.2909],[89.63134,25.29018],[89.63114,25.29018],[89.63112,25.28928],[89.63092,25.28928],[89.63091,25.28874],[89.63111,25.28874],[89.6311,25.28838],[89.6309,25.28838],[89.63089,25.28784],[89.63109,25.28784],[89.63108,25.2873],[89.63088,25.2873],[89.63089,25.28766],[89.63029,25.28767],[89.63034,25.28984],[89.63054,25.28983],[89.63056,25.29092],[89.63096,25.29091],[89.63096,25.29109],[89.63116,25.29109]]]}},{"type":"Feature","properties":{"kind":"land","ha":1.2},"geometry":{"type":"Polygon","coordinates":[[[89.62536,25.28902],[89.62535,25.28884],[89.62575,25.28884],[89.62575,25.28866],[89.62555,25.28866],[89.62552,25.2874],[89.62513,25.28758],[89.62513,25.28776],[89.62493,25.28777],[89.62494,25.28813],[89.62434,25.28814],[89.62435,25.28832],[89.62475,25.28831],[89.62476,25.28903],[89.62536,25.28902]]]}},{"type":"Feature","properties":{"kind":"land","ha":1.0},"geometry":{"type":"Polygon","coordinates":[[[89.71167,25.28692],[89.71166,25.28674],[89.71186,25.28674],[89.71165,25.28602],[89.71204,25.28583],[89.71204,25.28565],[89.71184,25.28565],[89.71183,25.28547],[89.71124,25.28548],[89.71126,25.28657],[89.71087,25.28657],[89.71107,25.28693],[89.71167,25.28692]]]}},{"type":"Feature","properties":{"kind":"land","ha":11.3},"geometry":{"type":"Polygon","coordinates":[[[89.66424,25.2876],[89.66424,25.28778],[89.66384,25.28779],[89.66386,25.28851],[89.66346,25.28852],[89.66326,25.28816],[89.66306,25.28817],[89.66307,25.28853],[89.66267,25.28871],[89.66268,25.2889],[89.66248,25.2889],[89.66249,25.28926],[89.66229,25.28926],[89.66229,25.28944],[89.66209,25.28945],[89.6621,25.28981],[89.6623,25.2898],[89.6623,25.28962],[89.66289,25.28961],[89.66308,25.28925],[89.66328,25.28925],[89.66327,25.2887],[89.66367,25.2887],[89.66367,25.28906],[89.66407,25.28923],[89.66408,25.28941],[89.66428,25.28941],[89.66429,25.29013],[89.66469,25.2903],[89.66471,25.29102],[89.66411,25.29104],[89.66412,25.29122],[89.66372,25.29122],[89.66371,25.29086],[89.66332,25.29087],[89.66332,25.29105],[89.66312,25.29105],[89.66313,25.29141],[89.66293,25.29142],[89.66295,25.29214],[89.66215,25.29197],[89.66215,25.29215],[89.66195,25.29216],[89.66197,25.29288],[89.66177,25.29288],[89.66178,25.29306],[89.66197,25.29306],[89.66198,25.29324],[89.66277,25.29323],[89.66296,25.29286],[89.66316,25.29286],[89.66316,25.29268],[89.66375,25.29267],[89.66375,25.29249],[89.66414,25.29248],[89.66435,25.29284],[89.66455,25.29283],[89.66454,25.29247],[89.66414,25.2923],[89.66414,25.29212],[89.66434,25.29211],[89.66433,25.29175],[89.66472,25.29157],[89.66472,25.29139],[89.66511,25.29138],[89.66511,25.2912],[89.6659,25.29118],[89.6657,25.29083],[89.6655,25.29083],[89.6655,25.29101],[89.66491,25.29102],[89.6651,25.29066],[89.66569,25.29065],[89.66569,25.29047],[89.66589,25.29046],[89.66567,25.28974],[89.66547,25.28975],[89.66547,25.28957],[89.66507,25.28957],[89.66526,25.28921],[89.66546,25.28921],[89.66546,25.28903],[89.66566,25.28902],[89.66565,25.28866],[89.66585,25.28866],[89.66584,25.28848],[89.66565,25.28848],[89.66564,25.28812],[89.66544,25.28812],[89.66543,25.28776],[89.66523,25.28777],[89.66523,25.28741],[89.66483,25.28741],[89.66482,25.28705],[89.66521,25.28686],[89.66521,25.2865],[89.66501,25.28651],[89.665,25.28633],[89.6648,25.28633],[89.66481,25.28651],[89.66441,25.28652],[89.66422,25.28688],[89.66402,25.28689],[89.66403,25.28725],[89.66443,25.28724],[89.66444,25.2876],[89.66424,25.2876]],[[89.66483,25.28759],[89.66484,25.28777],[89.66503,25.28777],[89.66504,25.28813],[89.66484,25.28813],[89.66464,25.28778],[89.66444,25.28778],[89.66444,25.2876],[89.66483,25.28759]],[[89.66426,25.28869],[89.66466,25.28868],[89.66447,25.28904],[89.66427,25.28905],[89.66426,25.28869]]]}},{"type":"Feature","properties":{"kind":"land","ha":1.4},"geometry":{"type":"Polygon","coordinates":[[[89.62912,25.2886],[89.62911,25.28805],[89.6295,25.28805],[89.62927,25.28661],[89.62888,25.28661],[89.62888,25.28679],[89.62868,25.2868],[89.62869,25.28716],[89.62849,25.28716],[89.6285,25.28734],[89.62869,25.28734],[89.62873,25.28878],[89.62912,25.2886]]]}},{"type":"Feature","properties":{"kind":"land","ha":5.3},"geometry":{"type":"Polygon","coordinates":[[[89.63473,25.29084],[89.63472,25.29066],[89.63512,25.29065],[89.63511,25.29011],[89.63491,25.29012],[89.6349,25.28957],[89.6347,25.28958],[89.63468,25.28868],[89.63448,25.28868],[89.63447,25.28832],[89.63428,25.28832],[89.63426,25.28778],[89.63387,25.28779],[89.63366,25.28743],[89.63346,25.28743],[89.63345,25.28707],[89.63326,25.28708],[89.63325,25.2869],[89.63186,25.28692],[89.63166,25.28656],[89.63146,25.28657],[89.63145,25.28639],[89.63106,25.28639],[89.63106,25.28658],[89.63126,25.28657],[89.63127,25.28693],[89.63147,25.28693],[89.63148,25.28747],[89.63168,25.28747],[89.63168,25.28783],[89.63188,25.28782],[89.63189,25.28818],[89.63209,25.28818],[89.63208,25.288],[89.63248,25.28799],[89.63249,25.28835],[89.63289,25.28853],[89.63288,25.28799],[89.63308,25.28798],[89.63308,25.28816],[89.63368,25.28815],[89.63388,25.28851],[89.63408,25.28851],[89.63409,25.28905],[89.63389,25.28905],[89.6339,25.28941],[89.63351,25.2896],[89.63352,25.29014],[89.63391,25.28995],[89.63391,25.28959],[89.6343,25.28959],[89.63431,25.29013],[89.63451,25.29012],[89.63453,25.29084],[89.63473,25.29084]]]}},{"type":"Feature","properties":{"kind":"land","ha":3.5},"geometry":{"type":"Polygon","coordinates":[[[89.68787,25.28808],[89.68806,25.28771],[89.68826,25.28771],[89.68826,25.28753],[89.68846,25.28752],[89.68844,25.28698],[89.68824,25.28699],[89.68824,25.28663],[89.68804,25.28663],[89.68803,25.28609],[89.68783,25.28609],[89.68782,25.28591],[89.68743,25.2861],[89.68741,25.2852],[89.68721,25.2852],[89.68722,25.28556],[89.68702,25.28557],[89.68703,25.28611],[89.68723,25.2861],[89.68724,25.28628],[89.68704,25.28629],[89.68705,25.28665],[89.68665,25.28684],[89.68666,25.28702],[89.68626,25.28702],[89.68626,25.2872],[89.68587,25.28721],[89.68587,25.28739],[89.68567,25.2874],[89.68568,25.28794],[89.68588,25.28793],[89.68588,25.28775],[89.68647,25.28774],[89.68667,25.28738],[89.68726,25.28737],[89.68726,25.28755],[89.68746,25.28754],[89.68747,25.28808],[89.68787,25.28808]]]}},{"type":"Feature","properties":{"kind":"land","ha":2.0},"geometry":{"type":"Polygon","coordinates":[[[89.68447,25.28706],[89.68447,25.2867],[89.68427,25.2867],[89.68426,25.28616],[89.68406,25.28616],[89.68405,25.28562],[89.68464,25.28561],[89.68464,25.28543],[89.68444,25.28543],[89.68443,25.28525],[89.68384,25.28526],[89.68363,25.28491],[89.68343,25.28491],[89.68345,25.28545],[89.68305,25.28564],[89.68306,25.28582],[89.68326,25.28581],[89.68327,25.28636],[89.68307,25.28636],[89.68307,25.28654],[89.68347,25.28671],[89.68348,25.28689],[89.68407,25.28688],[89.68408,25.28706],[89.68447,25.28706]]]}},{"type":"Feature","properties":{"kind":"land","ha":1.2},"geometry":{"type":"Polygon","coordinates":[[[89.62709,25.28647],[89.62708,25.28628],[89.62788,25.28627],[89.62787,25.28609],[89.62807,25.28609],[89.62787,25.28573],[89.62747,25.28574],[89.62745,25.28501],[89.62686,25.28503],[89.62687,25.28557],[89.62667,25.28557],[89.62668,25.28575],[89.62687,25.28575],[89.62688,25.28611],[89.62668,25.28611],[89.62669,25.28629],[89.62689,25.28629],[89.62689,25.28647],[89.62709,25.28647]]]}},{"type":"Feature","properties":{"kind":"land","ha":1.7},"geometry":{"type":"Polygon","coordinates":[[[89.68248,25.28655],[89.68245,25.28547],[89.68285,25.28546],[89.68285,25.28528],[89.68265,25.28528],[89.68264,25.28492],[89.68244,25.28493],[89.68241,25.28366],[89.68222,25.28367],[89.68222,25.28403],[89.68203,25.28403],[89.68203,25.28439],[89.68183,25.2844],[89.68183,25.28422],[89.68124,25.28423],[89.68124,25.28441],[89.68104,25.28441],[89.68105,25.28459],[89.68184,25.28458],[89.68185,25.2853],[89.68226,25.28547],[89.68208,25.28656],[89.68248,25.28655]]]}},{"type":"Feature","properties":{"kind":"land","ha":36.3},"geometry":{"type":"Polygon","coordinates":[[[89.63866,25.28897],[89.63886,25.28932],[89.63906,25.28932],[89.63907,25.28968],[89.63927,25.28968],[89.63928,25.29004],[89.63968,25.29021],[89.63969,25.29075],[89.63989,25.29075],[89.63989,25.29111],[89.6403,25.29128],[89.6403,25.29146],[89.6405,25.29146],[89.64052,25.29236],[89.64072,25.29236],[89.64073,25.29308],[89.64033,25.29309],[89.64035,25.29363],[89.64015,25.29363],[89.64015,25.29381],[89.64095,25.2938],[89.64094,25.29362],[89.64114,25.29361],[89.64114,25.29379],[89.64134,25.29379],[89.64115,25.29416],[89.64135,25.29415],[89.64136,25.29451],[89.64176,25.29469],[89.64197,25.2954],[89.64217,25.2954],[89.64218,25.29576],[89.64258,25.29594],[89.64259,25.2963],[89.64239,25.2963],[89.64239,25.29648],[89.64279,25.29647],[89.6428,25.29701],[89.6426,25.29702],[89.64261,25.2972],[89.64281,25.29719],[89.64281,25.29737],[89.6436,25.29736],[89.64359,25.29664],[89.64319,25.29665],[89.64319,25.29647],[89.64299,25.29647],[89.64298,25.29593],[89.64337,25.29574],[89.64337,25.29556],[89.64317,25.29556],[89.64316,25.2952],[89.64336,25.2952],[89.64335,25.29502],[89.64375,25.29501],[89.64374,25.29465],[89.64354,25.29465],[89.64354,25.29429],[89.64334,25.2943],[89.64333,25.29394],[89.64293,25.29376],[89.6429,25.29232],[89.6433,25.29231],[89.64329,25.29213],[89.6427,25.29214],[89.6427,25.29232],[89.64191,25.29234],[89.64189,25.2918],[89.64269,25.29178],[89.64268,25.29142],[89.64307,25.29123],[89.64307,25.29105],[89.64347,25.29105],[89.64346,25.29087],[89.64366,25.29086],[89.64365,25.29032],[89.64424,25.29031],[89.64424,25.29013],[89.64404,25.29013],[89.64404,25.28995],[89.64364,25.28996],[89.64345,25.29032],[89.64325,25.29033],[89.64324,25.28997],[89.64305,25.28997],[89.64303,25.28943],[89.64323,25.28943],[89.64322,25.28906],[89.64303,25.28907],[89.64302,25.28871],[89.64262,25.28853],[89.64261,25.28835],[89.64242,25.28836],[89.64241,25.28818],[89.64221,25.28818],[89.64221,25.288],[89.64201,25.288],[89.6418,25.28729],[89.6416,25.28729],[89.64158,25.28639],[89.64138,25.28639],[89.64137,25.28585],[89.64117,25.28585],[89.64115,25.28513],[89.64075,25.28496],[89.64077,25.28586],[89.64117,25.28603],[89.64119,25.28657],[89.64138,25.28657],[89.64141,25.28765],[89.64161,25.28765],[89.64161,25.28801],[89.64201,25.28818],[89.64202,25.28836],[89.64222,25.28836],[89.64222,25.28854],[89.64242,25.28854],[89.64243,25.2889],[89.64263,25.2889],[89.64265,25.2898],[89.64245,25.2898],[89.64246,25.29034],[89.64286,25.29052],[89.64287,25.29106],[89.64228,25.29107],[89.64227,25.29089],[89.64207,25.29089],[89.64208,25.29125],[89.64169,25.29144],[89.64169,25.29162],[89.6409,25.29181],[89.64089,25.29145],[89.6407,25.29146],[89.64067,25.29019],[89.64087,25.29019],[89.64086,25.28983],[89.64126,25.28982],[89.64124,25.28892],[89.64104,25.28892],[89.64105,25.28928],[89.64085,25.28929],[89.64086,25.28965],[89.64046,25.28966],[89.64045,25.28948],[89.64026,25.28948],[89.64024,25.28858],[89.63984,25.2884],[89.63983,25.28822],[89.63963,25.28823],[89.63963,25.28805],[89.63943,25.28805],[89.63941,25.28697],[89.63921,25.28697],[89.63919,25.28625],[89.63899,25.28625],[89.63898,25.28571],[89.63918,25.28571],[89.63917,25.28535],[89.63957,25.28534],[89.63957,25.28516],[89.63937,25.28516],[89.63936,25.2848],[89.63877,25.28481],[89.63876,25.28463],[89.63856,25.28464],[89.63857,25.28482],[89.63797,25.28483],[89.63796,25.28411],[89.63776,25.28411],[89.63757,25.28447],[89.63737,25.28448],[89.63737,25.28466],[89.63698,25.28466],[89.63678,25.28503],[89.63659,25.28503],[89.6366,25.28575],[89.63799,25.28573],[89.63798,25.28537],[89.63838,25.28536],[89.63838,25.28518],[89.63857,25.28518],[89.63859,25.28572],[89.63878,25.28572],[89.6388,25.28626],[89.6386,25.28626],[89.6386,25.28644],[89.6388,25.28644],[89.63882,25.28716],[89.63842,25.28735],[89.63843,25.28789],[89.63884,25.28806],[89.63884,25.28824],[89.63904,25.28824],[89.63905,25.2886],[89.63885,25.2886],[89.63884,25.28842],[89.63825,25.28843],[89.63823,25.28771],[89.63803,25.28771],[89.63801,25.28681],[89.63782,25.28682],[89.6378,25.28609],[89.63701,25.28611],[89.63682,25.28647],[89.63662,25.28648],[89.63664,25.28738],[89.63624,25.28757],[89.63625,25.28775],[89.63605,25.28775],[89.63609,25.28955],[89.63649,25.28955],[89.63669,25.2899],[89.63709,25.2899],[89.6371,25.29044],[89.6373,25.29043],[89.6373,25.29061],[89.6371,25.29062],[89.63714,25.29206],[89.63733,25.29206],[89.63735,25.29296],[89.63696,25.29297],[89.63695,25.29261],[89.63635,25.29262],[89.63636,25.29298],[89.63656,25.29297],[89.63658,25.2937],[89.63737,25.29386],[89.63758,25.29422],[89.63798,25.29421],[89.63798,25.29439],[89.63838,25.29439],[89.63837,25.29421],[89.63817,25.29421],[89.63816,25.29349],[89.63875,25.29348],[89.63875,25.29312],[89.63855,25.29312],[89.63854,25.29258],[89.63834,25.29258],[89.63833,25.2924],[89.63794,25.29241],[89.63793,25.29205],[89.63773,25.29205],[89.63772,25.29133],[89.63811,25.29132],[89.63812,25.2915],[89.63831,25.2915],[89.63833,25.29204],[89.63852,25.29204],[89.63853,25.2924],[89.63992,25.29237],[89.63972,25.29202],[89.63952,25.29202],[89.63951,25.29184],[89.63931,25.29184],[89.63931,25.29148],[89.63911,25.29148],[89.6391,25.2913],[89.6393,25.2913],[89.63929,25.29094],[89.63889,25.29077],[89.63889,25.29041],[89.63849,25.29023],[89.63848,25.29005],[89.63828,25.29006],[89.63827,25.28933],[89.63807,25.28934],[89.63806,25.28898],[89.63866,25.28897]],[[89.63964,25.28859],[89.63964,25.28877],[89.63984,25.28876],[89.63987,25.28985],[89.63967,25.28985],[89.63945,25.28913],[89.63905,25.28896],[89.63905,25.2886],[89.63964,25.28859]],[[89.63872,25.29167],[89.63911,25.29167],[89.63912,25.29203],[89.63852,25.29204],[89.63872,25.29167]],[[89.63786,25.28898],[89.63786,25.2888],[89.63746,25.28881],[89.63746,25.28863],[89.63706,25.28863],[89.63705,25.28809],[89.63665,25.28792],[89.63664,25.28756],[89.63684,25.28755],[89.63684,25.28737],[89.63724,25.28755],[89.63724,25.28773],[89.63744,25.28772],[89.63744,25.2879],[89.63764,25.2879],[89.63764,25.28808],[89.63784,25.28808],[89.63785,25.28826],[89.63805,25.28826],[89.63806,25.28898],[89.63786,25.28898]],[[89.64174,25.29378],[89.64214,25.29378],[89.64214,25.29414],[89.64195,25.29414],[89.64174,25.29378]],[[89.64152,25.29307],[89.64172,25.29306],[89.64173,25.29324],[89.64153,25.29325],[89.64152,25.29307]],[[89.64112,25.29253],[89.64092,25.29254],[89.64091,25.29217],[89.64111,25.29217],[89.64111,25.29235],[89.64151,25.29234],[89.64152,25.29289],[89.64132,25.29289],[89.64112,25.29253]],[[89.64028,25.29038],[89.64028,25.29056],[89.64008,25.29057],[89.64008,25.29038],[89.64028,25.29038]],[[89.63988,25.29039],[89.63987,25.29003],[89.64007,25.29002],[89.64008,25.29038],[89.63988,25.29039]]]}},{"type":"Feature","properties":{"kind":"land","ha":1.8},"geometry":{"type":"Polygon","coordinates":[[[89.63243,25.28583],[89.63222,25.28511],[89.63202,25.28511],[89.63202,25.28493],[89.63222,25.28493],[89.6322,25.28439],[89.63201,25.28439],[89.632,25.28403],[89.63161,25.28422],[89.6314,25.28386],[89.631,25.28387],[89.63081,25.28423],[89.63101,25.28423],[89.63102,25.28459],[89.63122,25.28459],[89.63121,25.28441],[89.63161,25.2844],[89.63142,25.28476],[89.63122,25.28477],[89.63123,25.28531],[89.63163,25.2853],[89.63164,25.28566],[89.63184,25.28566],[89.63184,25.28584],[89.63243,25.28583]]]}},{"type":"Feature","properties":{"kind":"land","ha":13.9},"geometry":{"type":"Polygon","coordinates":[[[89.62285,25.29268],[89.62265,25.29232],[89.62245,25.29232],[89.62244,25.29178],[89.62264,25.29178],[89.62263,25.29142],[89.62243,25.29142],[89.62242,25.29106],[89.62262,25.29106],[89.62261,25.2907],[89.62241,25.2907],[89.6224,25.29016],[89.623,25.29015],[89.62299,25.28961],[89.62279,25.28961],[89.62278,25.28925],[89.62258,25.28925],[89.62258,25.28907],[89.62297,25.28889],[89.62297,25.28907],[89.62317,25.28906],[89.62317,25.28888],[89.62337,25.28888],[89.62336,25.2887],[89.62297,25.2887],[89.62315,25.28798],[89.62375,25.28797],[89.62375,25.28833],[89.62415,25.28832],[89.62413,25.2876],[89.62394,25.2876],[89.62393,25.28742],[89.62433,25.28724],[89.62432,25.28688],[89.62511,25.28686],[89.62512,25.28722],[89.62552,25.28722],[89.62552,25.2874],[89.62572,25.28739],[89.62571,25.28721],[89.62611,25.2872],[89.62611,25.28702],[89.62651,25.2872],[89.6265,25.28684],[89.62551,25.28685],[89.6255,25.28667],[89.62491,25.28668],[89.6249,25.2865],[89.6253,25.2865],[89.6253,25.28632],[89.6249,25.28614],[89.62467,25.2847],[89.62447,25.28471],[89.62448,25.28507],[89.62408,25.28507],[89.62408,25.28489],[89.62368,25.2849],[89.62368,25.28472],[89.62348,25.28472],[89.62348,25.28509],[89.62329,25.28509],[89.62329,25.28527],[89.62369,25.28526],[89.6237,25.28598],[89.6235,25.28599],[89.62351,25.28617],[89.62311,25.28618],[89.62312,25.28636],[89.62292,25.28636],[89.62292,25.28672],[89.62273,25.28672],[89.62252,25.28637],[89.62232,25.28637],[89.62232,25.28619],[89.62212,25.28619],[89.62209,25.28475],[89.62249,25.28492],[89.62268,25.28456],[89.62288,25.28455],[89.62287,25.28437],[89.62307,25.28437],[89.62307,25.28419],[89.62228,25.28439],[89.62227,25.28402],[89.62247,25.28402],[89.62247,25.28384],[89.62187,25.28385],[89.62187,25.28403],[89.62168,25.28403],[89.6217,25.2853],[89.6219,25.28529],[89.62195,25.28764],[89.62175,25.28764],[89.62177,25.28855],[89.62197,25.28854],[89.622,25.2898],[89.6216,25.28963],[89.6216,25.28981],[89.6214,25.28982],[89.62142,25.29072],[89.62182,25.29071],[89.62182,25.29089],[89.62143,25.29108],[89.62144,25.29144],[89.62183,25.29143],[89.62186,25.2927],[89.62285,25.29268]],[[89.62314,25.28744],[89.62334,25.28743],[89.62334,25.28762],[89.62314,25.28762],[89.62314,25.28744]],[[89.62352,25.28671],[89.62391,25.28652],[89.62392,25.28688],[89.62353,25.28707],[89.62352,25.28671]]]}},{"type":"Feature","properties":{"kind":"land","ha":1.1},"geometry":{"type":"Polygon","coordinates":[[[89.62426,25.28435],[89.62426,25.28417],[89.62466,25.28416],[89.62465,25.28398],[89.62485,25.28398],[89.62485,25.2838],[89.62465,25.2838],[89.62463,25.2829],[89.62443,25.2829],[89.62441,25.28218],[89.62422,25.28218],[89.62421,25.282],[89.62401,25.28201],[89.62403,25.28291],[89.62423,25.28291],[89.62425,25.28363],[89.62445,25.28362],[89.62445,25.28399],[89.62346,25.284],[89.62347,25.28418],[89.62386,25.28418],[89.62387,25.28436],[89.62426,25.28435]]]}},{"type":"Feature","properties":{"kind":"land","ha":2.2},"geometry":{"type":"Polygon","coordinates":[[[89.63795,25.28392],[89.63792,25.28266],[89.63812,25.28266],[89.63812,25.28248],[89.63852,25.28247],[89.63871,25.28211],[89.63891,25.2821],[89.6389,25.28192],[89.63831,25.28193],[89.6383,25.28157],[89.63751,25.28177],[89.63751,25.28195],[89.63672,25.28196],[89.63672,25.28214],[89.63633,25.28215],[89.63655,25.28323],[89.63675,25.28322],[89.63674,25.28286],[89.63694,25.28286],[89.63693,25.28268],[89.63713,25.28268],[89.63712,25.28232],[89.63772,25.2823],[89.63773,25.28303],[89.63754,25.28303],[89.63754,25.28339],[89.63774,25.28339],[89.63775,25.28393],[89.63795,25.28392]]]}},{"type":"Feature","properties":{"kind":"land","ha":1.2},"geometry":{"type":"Polygon","coordinates":[[[89.6552,25.28307],[89.65519,25.28235],[89.65539,25.28235],[89.65538,25.28181],[89.65557,25.2818],[89.65556,25.28126],[89.65536,25.28127],[89.65536,25.28091],[89.65496,25.28091],[89.65497,25.28163],[89.65478,25.28164],[89.65481,25.28308],[89.6552,25.28307]]]}},{"type":"Feature","properties":{"kind":"land","ha":1.2},"geometry":{"type":"Polygon","coordinates":[[[89.67583,25.28198],[89.67581,25.28126],[89.67541,25.28108],[89.67541,25.2809],[89.67501,25.28091],[89.6748,25.28055],[89.6746,25.28056],[89.67463,25.28164],[89.67543,25.28181],[89.67543,25.28199],[89.67583,25.28198]]]}},{"type":"Feature","properties":{"kind":"land","ha":1.7},"geometry":{"type":"Polygon","coordinates":[[[89.62286,25.28383],[89.62285,25.28347],[89.62325,25.28328],[89.62323,25.28256],[89.62362,25.28238],[89.62362,25.2822],[89.62382,25.28219],[89.62381,25.28165],[89.62341,25.28166],[89.62322,25.28202],[89.62302,25.28203],[89.62301,25.28148],[89.62281,25.28149],[89.62282,25.28167],[89.62242,25.28168],[89.62243,25.28204],[89.62262,25.28203],[89.62264,25.28257],[89.62284,25.28257],[89.62285,25.28329],[89.62226,25.2833],[89.62226,25.28348],[89.62246,25.28348],[89.62247,25.28384],[89.62286,25.28383]]]}},{"type":"Feature","properties":{"kind":"settlement","ha":2.2},"geometry":{"type":"Polygon","coordinates":[[[89.67602,25.28198],[89.67602,25.28161],[89.67642,25.28179],[89.67641,25.28161],[89.67661,25.2816],[89.67641,25.28125],[89.6768,25.28124],[89.67681,25.28142],[89.67701,25.28142],[89.677,25.28124],[89.6774,25.28123],[89.67738,25.28051],[89.67718,25.28051],[89.67718,25.28033],[89.67698,25.28033],[89.67699,25.28069],[89.67659,25.2807],[89.67658,25.28034],[89.67678,25.28034],[89.67678,25.28016],[89.67658,25.28016],[89.67658,25.27998],[89.67618,25.27999],[89.67619,25.28035],[89.67579,25.28054],[89.6758,25.28072],[89.6754,25.28072],[89.67541,25.28108],[89.67581,25.28126],[89.67583,25.28198],[89.67602,25.28198]],[[89.67599,25.28053],[89.67619,25.28053],[89.6762,25.28071],[89.676,25.28071],[89.67599,25.28053]]]}},{"type":"Feature","properties":{"kind":"land","ha":3.6},"geometry":{"type":"Polygon","coordinates":[[[89.62762,25.28339],[89.62761,25.28303],[89.62781,25.28302],[89.62777,25.28122],[89.62757,25.28122],[89.62756,25.28068],[89.62776,25.28068],[89.62775,25.2805],[89.62696,25.28051],[89.62675,25.28015],[89.62655,25.28016],[89.62656,25.28034],[89.62577,25.28035],[89.62576,25.28017],[89.62536,25.28018],[89.62536,25.28],[89.62496,25.28001],[89.62517,25.28036],[89.62537,25.28036],[89.62537,25.28054],[89.62557,25.28054],[89.62557,25.28072],[89.62637,25.28088],[89.62658,25.28124],[89.62678,25.28124],[89.62678,25.28142],[89.62698,25.28141],[89.62701,25.28286],[89.62681,25.28286],[89.62682,25.28304],[89.62721,25.28303],[89.62742,25.28339],[89.62762,25.28339]]]}},{"type":"Feature","properties":{"kind":"land","ha":1.4},"geometry":{"type":"Polygon","coordinates":[[[89.63159,25.2835],[89.63157,25.2826],[89.63137,25.2826],[89.63136,25.28188],[89.63155,25.28187],[89.63155,25.28151],[89.63115,25.28134],[89.63114,25.28116],[89.63094,25.28116],[89.63094,25.28098],[89.63074,25.28099],[89.63073,25.28062],[89.63054,25.28063],[89.63052,25.28009],[89.63033,25.28009],[89.63032,25.27973],[89.63012,25.27973],[89.63013,25.28027],[89.63033,25.28027],[89.63034,25.28099],[89.63054,25.28099],[89.63055,25.28135],[89.63075,25.28135],[89.63076,25.28171],[89.63116,25.28188],[89.63118,25.28278],[89.63138,25.28278],[89.63138,25.28296],[89.63118,25.28296],[89.63119,25.28314],[89.63138,25.28314],[89.63139,25.2835],[89.63159,25.2835]]]}},{"type":"Feature","properties":{"kind":"land","ha":3.6},"geometry":{"type":"Polygon","coordinates":[[[89.67779,25.28104],[89.67817,25.28031],[89.67857,25.2803],[89.67856,25.28012],[89.67876,25.28012],[89.67875,25.27958],[89.67895,25.27958],[89.67894,25.27922],[89.67914,25.27921],[89.67913,25.27867],[89.67933,25.27867],[89.67931,25.27813],[89.67892,25.27813],[89.67893,25.27849],[89.67873,25.2785],[89.67873,25.27868],[89.67833,25.27868],[89.67814,25.27905],[89.67795,25.27905],[89.67795,25.27923],[89.67775,25.27924],[89.67776,25.27942],[89.67756,25.27942],[89.67756,25.2796],[89.67716,25.27961],[89.67717,25.27979],[89.67677,25.2798],[89.67677,25.27998],[89.67658,25.27998],[89.67678,25.28034],[89.67658,25.28034],[89.67659,25.2807],[89.67699,25.28069],[89.67698,25.28033],[89.67718,25.28033],[89.67718,25.28051],[89.67738,25.28051],[89.67739,25.28105],[89.67779,25.28104]]]}},{"type":"Feature","properties":{"kind":"land","ha":7.9},"geometry":{"type":"Polygon","coordinates":[[[89.63279,25.28384],[89.63319,25.28401],[89.63319,25.28419],[89.63339,25.28419],[89.6334,25.28455],[89.6336,25.28454],[89.63361,25.28509],[89.63381,25.28508],[89.63382,25.28544],[89.63362,25.28545],[89.63362,25.28563],[89.63322,25.28563],[89.63323,25.28581],[89.63402,25.2858],[89.63421,25.28544],[89.63501,25.28542],[89.635,25.28524],[89.6354,25.28523],[89.63539,25.28487],[89.63579,25.28487],[89.63598,25.2845],[89.63558,25.28451],[89.63559,25.28469],[89.63459,25.28471],[89.63439,25.28435],[89.63379,25.28436],[89.63379,25.28418],[89.63359,25.28418],[89.63358,25.28382],[89.63338,25.28383],[89.63337,25.2831],[89.63357,25.2831],[89.63356,25.28274],[89.63336,25.28274],[89.63334,25.28202],[89.63374,25.28183],[89.63372,25.28111],[89.63352,25.28112],[89.63352,25.28076],[89.63371,25.28075],[89.6337,25.28021],[89.6335,25.28021],[89.63351,25.28057],[89.63331,25.28058],[89.63332,25.28094],[89.63312,25.28094],[89.63313,25.2813],[89.63234,25.28132],[89.63231,25.28024],[89.63191,25.28006],[89.63191,25.2797],[89.63171,25.2797],[89.63169,25.27916],[89.6315,25.27917],[89.63149,25.27881],[89.63129,25.27881],[89.63127,25.27809],[89.63088,25.2781],[89.63088,25.27828],[89.63068,25.27828],[89.63069,25.27882],[89.63109,25.27881],[89.6311,25.27899],[89.63129,25.27899],[89.63131,25.27971],[89.63111,25.27972],[89.63112,25.28026],[89.63132,25.28025],[89.63133,25.28079],[89.63153,25.28079],[89.63154,25.28133],[89.63194,25.28133],[89.63215,25.28168],[89.63234,25.28168],[89.63236,25.28222],[89.63255,25.28222],[89.63258,25.28348],[89.63278,25.28348],[89.63279,25.28384]],[[89.63277,25.28275],[89.63296,25.28275],[89.63298,25.28347],[89.63278,25.28348],[89.63277,25.28275]]]}},{"type":"Feature","properties":{"kind":"land","ha":1.3},"geometry":{"type":"Polygon","coordinates":[[[89.62434,25.27875],[89.62433,25.27821],[89.62413,25.27822],[89.62413,25.27803],[89.62333,25.27805],[89.62313,25.27769],[89.62293,25.2777],[89.62292,25.27751],[89.62253,25.27752],[89.62254,25.27806],[89.62274,25.27806],[89.62274,25.27824],[89.62254,25.27824],[89.62255,25.2786],[89.62315,25.27859],[89.62314,25.27823],[89.62334,25.27823],[89.62354,25.27859],[89.62414,25.27858],[89.62414,25.27876],[89.62434,25.27875]]]}},{"type":"Feature","properties":{"kind":"land","ha":2.2},"geometry":{"type":"Polygon","coordinates":[[[89.63708,25.28015],[89.63707,25.27997],[89.63667,25.2798],[89.63666,25.27926],[89.63626,25.27908],[89.63625,25.27872],[89.63645,25.27872],[89.63643,25.278],[89.63663,25.27799],[89.63662,25.27727],[89.63642,25.27727],[89.63642,25.27745],[89.63603,25.27746],[89.63602,25.2771],[89.63582,25.2771],[89.63583,25.27747],[89.63563,25.27747],[89.63564,25.27819],[89.63545,25.27819],[89.63546,25.27874],[89.63566,25.27873],[89.63566,25.27891],[89.63606,25.27891],[89.63587,25.27963],[89.63647,25.27962],[89.63648,25.27998],[89.63668,25.27998],[89.63668,25.28016],[89.63708,25.28015]]]}},{"type":"Feature","properties":{"kind":"land","ha":1.6},"geometry":{"type":"Polygon","coordinates":[[[89.64894,25.27795],[89.64892,25.27723],[89.64852,25.27706],[89.64852,25.27688],[89.64812,25.27688],[89.64793,25.27725],[89.64734,25.27726],[89.64734,25.27744],[89.64694,25.27745],[89.64695,25.27763],[89.64675,25.27763],[89.64675,25.27781],[89.64715,25.2778],[89.64715,25.27762],[89.64734,25.27762],[89.64735,25.2778],[89.64774,25.27779],[89.64775,25.27797],[89.64894,25.27795]]]}},{"type":"Feature","properties":{"kind":"land","ha":5.2},"geometry":{"type":"Polygon","coordinates":[[[89.63552,25.28162],[89.6355,25.28072],[89.6357,25.28072],[89.63549,25.28036],[89.63569,25.28036],[89.63567,25.27927],[89.63527,25.27928],[89.63529,25.28018],[89.63509,25.28019],[89.63489,25.27983],[89.63508,25.27982],[89.63503,25.27748],[89.63463,25.27731],[89.63463,25.27713],[89.63403,25.27714],[89.63404,25.27768],[89.63246,25.27771],[89.63225,25.27735],[89.63205,25.27735],[89.63206,25.27771],[89.63226,25.27771],[89.63226,25.27789],[89.63306,25.27788],[89.63306,25.27806],[89.63346,25.27805],[89.63346,25.27823],[89.63366,25.27823],[89.63368,25.27913],[89.63388,25.27912],[89.63389,25.27967],[89.63369,25.27967],[89.6337,25.28021],[89.6339,25.28021],[89.63389,25.27985],[89.63409,25.27984],[89.63408,25.2793],[89.63468,25.27929],[89.63469,25.28019],[89.6351,25.28037],[89.6351,25.28055],[89.6349,25.28055],[89.63491,25.28091],[89.63531,25.28108],[89.63532,25.28163],[89.63552,25.28162]]]}},{"type":"Feature","properties":{"kind":"land","ha":1.0},"geometry":{"type":"Polygon","coordinates":[[[89.67552,25.27693],[89.67551,25.27675],[89.67512,25.27676],[89.6751,25.27622],[89.67491,25.27622],[89.6749,25.27604],[89.67411,25.27605],[89.67411,25.27623],[89.67391,25.27624],[89.67391,25.27606],[89.67371,25.27606],[89.67372,25.27642],[89.67412,25.27641],[89.67432,25.27677],[89.67472,25.27676],[89.67472,25.27695],[89.67552,25.27693]]]}},{"type":"Feature","properties":{"kind":"land","ha":1.7},"geometry":{"type":"Polygon","coordinates":[[[89.63806,25.27977],[89.63805,25.27923],[89.63785,25.27923],[89.63781,25.27743],[89.63801,25.27743],[89.63799,25.27652],[89.63779,25.27653],[89.6378,25.27707],[89.63741,25.27708],[89.63741,25.27726],[89.63721,25.27726],[89.63722,25.27744],[89.63741,25.27744],[89.63742,25.27762],[89.63722,25.27762],[89.63724,25.27834],[89.63743,25.27834],[89.63744,25.2787],[89.63724,25.2787],[89.63725,25.27888],[89.63745,25.27888],[89.63746,25.27942],[89.63766,25.27942],[89.63766,25.27978],[89.63806,25.27977]]]}},{"type":"Feature","properties":{"kind":"land","ha":2.2},"geometry":{"type":"Polygon","coordinates":[[[89.64832,25.2767],[89.64831,25.27634],[89.64851,25.27634],[89.6485,25.27597],[89.6483,25.27598],[89.64829,25.27562],[89.64809,25.27562],[89.64809,25.27526],[89.64789,25.27526],[89.64788,25.27508],[89.64709,25.2751],[89.64709,25.27528],[89.6469,25.27528],[89.64689,25.2751],[89.6465,25.27511],[89.64649,25.27493],[89.64629,25.27493],[89.64629,25.27475],[89.64589,25.27476],[89.6459,25.27512],[89.6467,25.27529],[89.6469,25.27564],[89.6471,25.27564],[89.64712,25.27636],[89.64751,25.27635],[89.64752,25.27653],[89.64811,25.27652],[89.64812,25.2767],[89.64832,25.2767]]]}},{"type":"Feature","properties":{"kind":"land","ha":3.2},"geometry":{"type":"Polygon","coordinates":[[[89.63542,25.27693],[89.63561,25.27657],[89.63601,25.27656],[89.636,25.27638],[89.6362,25.27638],[89.63619,25.27601],[89.63639,25.27601],[89.63638,25.27529],[89.63578,25.2753],[89.63577,25.27494],[89.63597,25.27494],[89.63597,25.27476],[89.63557,25.27476],[89.63557,25.27494],[89.63538,25.27495],[89.63538,25.27531],[89.63459,25.27532],[89.63459,25.27514],[89.63419,25.27515],[89.63418,25.27497],[89.63379,25.27497],[89.6338,25.27534],[89.63399,25.27533],[89.63401,25.27587],[89.63441,25.27605],[89.63441,25.27641],[89.63461,25.2764],[89.63462,25.27658],[89.63482,25.27658],[89.63482,25.27694],[89.63542,25.27693]],[[89.6348,25.27604],[89.635,25.27604],[89.635,25.27586],[89.63579,25.27584],[89.6358,25.2762],[89.6354,25.27621],[89.63541,25.27639],[89.63481,25.2764],[89.6348,25.27604]]]}},{"type":"Feature","properties":{"kind":"land","ha":6.0},"geometry":{"type":"Polygon","coordinates":[[[89.63012,25.27973],[89.6301,25.27901],[89.62991,25.27901],[89.62988,25.27793],[89.63008,25.27793],[89.63008,25.27775],[89.62988,25.27775],[89.62987,25.27739],[89.63007,25.27739],[89.63006,25.27721],[89.63046,25.2772],[89.63047,25.27738],[89.63086,25.27737],[89.63087,25.27755],[89.63106,25.27755],[89.63106,25.27719],[89.63086,25.27719],[89.63085,25.27665],[89.63144,25.27664],[89.63145,25.27682],[89.63164,25.27682],[89.63165,25.27718],[89.63205,25.27735],[89.63205,25.27699],[89.63185,25.27699],[89.63184,25.27681],[89.63204,25.27681],[89.63204,25.27663],[89.63164,25.27646],[89.63163,25.27628],[89.63143,25.27628],[89.63141,25.27538],[89.63161,25.27537],[89.63161,25.27519],[89.63201,25.27519],[89.632,25.27501],[89.6318,25.27501],[89.6318,25.27465],[89.6314,25.27466],[89.6314,25.27448],[89.6308,25.27449],[89.63059,25.27377],[89.63039,25.27377],[89.63041,25.27467],[89.63001,25.27468],[89.63003,25.27558],[89.62964,25.27577],[89.62967,25.27739],[89.62947,25.2774],[89.62949,25.27812],[89.62969,25.27812],[89.62971,25.2792],[89.62991,25.2792],[89.62992,25.27974],[89.63012,25.27973]],[[89.63081,25.27485],[89.6314,25.27484],[89.63141,25.2752],[89.63102,25.27539],[89.63102,25.27557],[89.63082,25.27557],[89.63081,25.27485]]]}},{"type":"Feature","properties":{"kind":"land","ha":1.1},"geometry":{"type":"Polygon","coordinates":[[[89.69271,25.27355],[89.6927,25.27283],[89.6923,25.27284],[89.69229,25.27247],[89.69209,25.27248],[89.69209,25.27212],[89.69189,25.27212],[89.69188,25.27194],[89.69129,25.27195],[89.6913,25.27249],[89.6921,25.27284],[89.69232,25.27356],[89.69271,25.27355]]]}},{"type":"Feature","properties":{"kind":"land","ha":2.4},"geometry":{"type":"Polygon","coordinates":[[[89.68041,25.27395],[89.68039,25.27269],[89.68058,25.27269],[89.68054,25.2707],[89.67955,25.27072],[89.67957,25.27144],[89.67996,25.27144],[89.67997,25.27198],[89.67958,25.27198],[89.67939,25.27235],[89.67978,25.27234],[89.6798,25.27288],[89.67999,25.27288],[89.68,25.27324],[89.6802,25.27324],[89.68022,25.27396],[89.68041,25.27395]]]}},{"type":"Feature","properties":{"kind":"land","ha":3.3},"geometry":{"type":"Polygon","coordinates":[[[89.65684,25.27601],[89.65683,25.27582],[89.65703,25.27582],[89.65702,25.27546],[89.65683,25.27546],[89.65681,25.27492],[89.65662,25.27493],[89.6566,25.27439],[89.6562,25.27421],[89.6562,25.27403],[89.656,25.27403],[89.65578,25.27296],[89.65558,25.27296],[89.65557,25.2726],[89.65537,25.2726],[89.65537,25.27242],[89.65517,25.27243],[89.65516,25.27206],[89.65476,25.27189],[89.65476,25.27171],[89.65436,25.27172],[89.65435,25.27136],[89.65416,25.27136],[89.65415,25.27118],[89.65375,25.27119],[89.65377,25.27173],[89.65417,25.2719],[89.65418,25.27226],[89.65457,25.27226],[89.65457,25.27208],[89.65477,25.27207],[89.65477,25.27225],[89.65497,25.27225],[89.65498,25.27261],[89.65518,25.27261],[89.65498,25.27297],[89.65518,25.27297],[89.65519,25.27333],[89.65539,25.27332],[89.65539,25.2735],[89.65559,25.2735],[89.65562,25.27458],[89.65602,25.27476],[89.65601,25.2744],[89.65621,25.27439],[89.65622,25.27493],[89.65602,25.27494],[89.65604,25.27584],[89.65644,25.27583],[89.65644,25.27601],[89.65684,25.27601]]]}},{"type":"Feature","properties":{"kind":"land","ha":7.3},"geometry":{"type":"Polygon","coordinates":[[[89.62486,25.27531],[89.62484,25.27423],[89.62464,25.27424],[89.62463,25.27369],[89.62423,25.27352],[89.62422,25.27316],[89.62382,25.27299],[89.62381,25.27245],[89.62361,25.27245],[89.6236,25.27209],[89.6232,25.27191],[89.62321,25.27209],[89.62301,25.2721],[89.62301,25.27246],[89.62282,25.27246],[89.62281,25.2721],[89.62261,25.27211],[89.62261,25.27193],[89.62201,25.27194],[89.6218,25.27158],[89.62121,25.27159],[89.62122,25.27195],[89.62102,25.27195],[89.62103,25.27249],[89.62083,25.2725],[89.62086,25.27358],[89.62105,25.27358],[89.62106,25.27394],[89.62126,25.27393],[89.62127,25.2743],[89.62147,25.27429],[89.62148,25.27483],[89.62187,25.27483],[89.62188,25.27501],[89.62208,25.275],[89.62206,25.27428],[89.62226,25.27428],[89.62225,25.27392],[89.62185,25.27374],[89.62163,25.27266],[89.62203,25.27266],[89.62204,25.27338],[89.62244,25.27337],[89.62243,25.27301],[89.62322,25.273],[89.62324,25.27354],[89.62343,25.27353],[89.62344,25.2739],[89.62384,25.27407],[89.62385,25.27443],[89.62405,25.27443],[89.62406,25.27497],[89.62426,25.27496],[89.62426,25.27514],[89.62466,25.27514],[89.62466,25.27532],[89.62486,25.27531]]]}},{"type":"Feature","properties":{"kind":"land","ha":10.9},"geometry":{"type":"Polygon","coordinates":[[[89.6495,25.27632],[89.64949,25.27596],[89.64969,25.27595],[89.64969,25.27577],[89.65009,25.27595],[89.65007,25.27504],[89.64987,25.27505],[89.64986,25.27487],[89.64947,25.27487],[89.64946,25.27451],[89.64985,25.27433],[89.64985,25.27415],[89.65005,25.27414],[89.65004,25.27396],[89.65024,25.27396],[89.65026,25.27468],[89.65046,25.27468],[89.65047,25.27522],[89.65087,25.27539],[89.65085,25.27431],[89.65065,25.27431],[89.65063,25.27377],[89.65103,25.27358],[89.65102,25.2734],[89.65182,25.27357],[89.65181,25.27321],[89.65221,25.27302],[89.652,25.27266],[89.6516,25.27267],[89.6516,25.27231],[89.6514,25.27231],[89.65139,25.27195],[89.65119,25.27196],[89.65118,25.27159],[89.65098,25.2716],[89.65098,25.27124],[89.65078,25.27124],[89.65077,25.27106],[89.64998,25.27126],[89.64999,25.27144],[89.64959,25.27144],[89.6494,25.27181],[89.6492,25.27181],[89.64921,25.27199],[89.64901,25.27199],[89.64901,25.27218],[89.64862,25.27218],[89.64862,25.27236],[89.64842,25.27237],[89.64843,25.27273],[89.64803,25.27273],[89.64784,25.2731],[89.64764,25.2731],[89.64765,25.27364],[89.64746,25.27365],[89.64747,25.27437],[89.64767,25.27437],[89.64768,25.27473],[89.64788,25.27472],[89.64787,25.27454],[89.64867,25.27453],[89.64866,25.27435],[89.64886,25.27434],[89.64907,25.2747],[89.64927,25.2747],[89.64928,25.27524],[89.64908,25.27524],[89.6491,25.27632],[89.6495,25.27632]],[[89.64948,25.27524],[89.64967,25.27523],[89.64968,25.27541],[89.64948,25.27542],[89.64948,25.27524]],[[89.64884,25.27326],[89.64943,25.27325],[89.64944,25.27379],[89.64885,25.2738],[89.64884,25.27326]],[[89.65002,25.27306],[89.65022,25.27306],[89.65021,25.2727],[89.65061,25.27269],[89.65061,25.27251],[89.65081,25.2725],[89.6508,25.27232],[89.65041,25.27233],[89.65039,25.27179],[89.65099,25.27178],[89.651,25.27232],[89.6512,25.27232],[89.65121,25.27268],[89.65081,25.27286],[89.65082,25.27323],[89.65043,25.27341],[89.65043,25.27359],[89.65023,25.2736],[89.65024,25.27378],[89.65004,25.27378],[89.65002,25.27306]]]}},{"type":"Feature","properties":{"kind":"land","ha":11.7},"geometry":{"type":"Polygon","coordinates":[[[89.67387,25.27425],[89.67366,25.2739],[89.67406,25.27371],[89.67405,25.27353],[89.67425,25.27352],[89.67425,25.27334],[89.67484,25.27333],[89.67484,25.27315],[89.67504,25.27315],[89.67504,25.27333],[89.67544,25.27332],[89.67543,25.27314],[89.67603,25.27313],[89.67624,25.27349],[89.67683,25.27348],[89.67683,25.27366],[89.67703,25.27365],[89.67702,25.27311],[89.67682,25.27312],[89.67682,25.27294],[89.67741,25.27293],[89.67762,25.27328],[89.67782,25.27328],[89.67781,25.27292],[89.67801,25.27291],[89.67801,25.27273],[89.6784,25.27273],[89.6784,25.27255],[89.67919,25.27253],[89.6792,25.27271],[89.67939,25.27271],[89.67939,25.27235],[89.67839,25.27237],[89.67819,25.27201],[89.67858,25.27182],[89.67858,25.27164],[89.67917,25.27163],[89.67917,25.27145],[89.67937,25.27145],[89.67935,25.27072],[89.67876,25.27074],[89.67875,25.27037],[89.67736,25.2704],[89.67717,25.27076],[89.67757,25.27076],[89.67756,25.27058],[89.67835,25.27056],[89.67836,25.27074],[89.67856,25.27074],[89.67857,25.2711],[89.67876,25.2711],[89.67877,25.27128],[89.67857,25.27128],[89.67857,25.27146],[89.67818,25.27147],[89.67818,25.27165],[89.67778,25.27166],[89.67778,25.27148],[89.67798,25.27147],[89.67797,25.27093],[89.67737,25.27094],[89.67737,25.27112],[89.67718,25.27113],[89.67717,25.27094],[89.67598,25.27097],[89.67599,25.27115],[89.67559,25.27115],[89.67559,25.27133],[89.675,25.27135],[89.67481,25.27171],[89.67501,25.27171],[89.67501,25.27207],[89.67561,25.27206],[89.67562,25.27242],[89.67522,25.27242],[89.67522,25.2726],[89.67503,25.27261],[89.67502,25.27243],[89.67443,25.27244],[89.67443,25.27262],[89.67403,25.27263],[89.67383,25.27227],[89.67323,25.27228],[89.67324,25.27282],[89.67304,25.27282],[89.67306,25.27373],[89.67287,25.27373],[89.67288,25.27427],[89.67308,25.27427],[89.67308,25.27445],[89.67387,25.27425]],[[89.6758,25.27187],[89.6762,25.27186],[89.6762,25.27168],[89.67639,25.27168],[89.6764,25.27204],[89.67581,25.27205],[89.6758,25.27187]]]}},{"type":"Feature","properties":{"kind":"land","ha":1.4},"geometry":{"type":"Polygon","coordinates":[[[89.66926,25.27217],[89.66945,25.27181],[89.66965,25.2718],[89.66962,25.27072],[89.66943,25.27072],[89.66942,25.27036],[89.66902,25.27037],[89.66902,25.27019],[89.66882,25.27019],[89.66885,25.27146],[89.66904,25.27145],[89.66905,25.27163],[89.66885,25.27164],[89.66886,25.27218],[89.66926,25.27217]]]}},{"type":"Feature","properties":{"kind":"land","ha":2.2},"geometry":{"type":"Polygon","coordinates":[[[89.62721,25.27365],[89.6272,25.27311],[89.627,25.27311],[89.62698,25.27221],[89.62678,25.27221],[89.62677,25.27167],[89.62657,25.27167],[89.62656,25.27131],[89.62636,25.27132],[89.62636,25.27096],[89.62616,25.27096],[89.62615,25.2706],[89.62595,25.2706],[89.62596,25.27078],[89.62576,25.27079],[89.62577,25.27133],[89.62557,25.27133],[89.62558,25.27169],[89.62578,25.27169],[89.62578,25.27205],[89.62619,25.27222],[89.62619,25.2724],[89.62639,25.2724],[89.6264,25.27294],[89.6266,25.27294],[89.62661,25.2733],[89.62701,25.27347],[89.62701,25.27365],[89.62721,25.27365]]]}},{"type":"Feature","properties":{"kind":"land","ha":2.6},"geometry":{"type":"Polygon","coordinates":[[[89.69347,25.27191],[89.69345,25.27101],[89.69325,25.27101],[89.69324,25.27065],[89.69305,25.27066],[89.69303,25.26975],[89.69342,25.26957],[89.69341,25.26939],[89.69322,25.26939],[89.69321,25.26903],[89.69282,25.26922],[89.69282,25.26958],[89.69262,25.26958],[89.69264,25.27012],[89.69244,25.27013],[89.69245,25.27085],[89.69206,25.27103],[89.69208,25.27176],[89.69228,25.27175],[89.69228,25.27193],[89.69347,25.27191]]]}},{"type":"Feature","properties":{"kind":"land","ha":1.4},"geometry":{"type":"Polygon","coordinates":[[[89.6345,25.27117],[89.6345,25.27099],[89.63469,25.27099],[89.63468,25.27045],[89.63428,25.27027],[89.63409,25.27064],[89.63389,25.27064],[89.63389,25.27046],[89.63349,25.27047],[89.63348,25.27011],[89.63309,25.27011],[89.63271,25.27084],[89.6329,25.27084],[89.63291,25.27102],[89.6333,25.27083],[89.63331,25.27101],[89.6339,25.271],[89.6339,25.27118],[89.6345,25.27117]]]}},{"type":"Feature","properties":{"kind":"land","ha":1.3},"geometry":{"type":"Polygon","coordinates":[[[89.68033,25.27035],[89.68031,25.26908],[89.67971,25.26909],[89.67972,25.26927],[89.67952,25.26928],[89.67953,25.26964],[89.67913,25.26983],[89.67914,25.27019],[89.67934,25.27018],[89.67934,25.27036],[89.68033,25.27035]]]}},{"type":"Feature","properties":{"kind":"land","ha":2.2},"geometry":{"type":"Polygon","coordinates":[[[89.68887,25.27037],[89.68886,25.27001],[89.68906,25.27001],[89.68906,25.26983],[89.68945,25.26982],[89.68943,25.26892],[89.68963,25.26891],[89.68963,25.26873],[89.68923,25.26874],[89.68924,25.26892],[89.68904,25.26892],[89.68905,25.26928],[89.68865,25.26929],[89.68866,25.27001],[89.68847,25.27002],[89.68826,25.26966],[89.68806,25.26966],[89.68804,25.26858],[89.68764,25.26877],[89.68766,25.26931],[89.68726,25.2695],[89.68727,25.26968],[89.68707,25.26968],[89.68707,25.26986],[89.68747,25.27004],[89.68748,25.27022],[89.68827,25.2702],[89.68828,25.27038],[89.68887,25.27037]]]}},{"type":"Feature","properties":{"kind":"land","ha":1.4},"geometry":{"type":"Polygon","coordinates":[[[89.70732,25.26985],[89.70751,25.26949],[89.70771,25.26948],[89.7077,25.2693],[89.7079,25.2693],[89.70789,25.26876],[89.70769,25.26876],[89.7077,25.26912],[89.7071,25.26914],[89.7071,25.26895],[89.7069,25.26896],[89.70689,25.2686],[89.70729,25.26841],[89.70728,25.26787],[89.70668,25.26788],[89.70672,25.26968],[89.70692,25.26968],[89.70692,25.26986],[89.70732,25.26985]]]}},{"type":"Feature","properties":{"kind":"land","ha":1.0},"geometry":{"type":"Polygon","coordinates":[[[89.67435,25.26919],[89.67435,25.26901],[89.67475,25.269],[89.67474,25.26882],[89.67494,25.26882],[89.67493,25.2681],[89.67473,25.2681],[89.67472,25.26774],[89.67452,25.26774],[89.67453,25.26829],[89.67394,25.2683],[89.67396,25.26938],[89.67435,25.26919]]]}},{"type":"Feature","properties":{"kind":"land","ha":3.8},"geometry":{"type":"Polygon","coordinates":[[[89.62575,25.27043],[89.62575,25.27061],[89.62595,25.2706],[89.62594,25.27024],[89.62554,25.27007],[89.62554,25.26989],[89.62514,25.26989],[89.62494,25.26954],[89.62474,25.26954],[89.62473,25.26936],[89.62434,25.26937],[89.62413,25.26901],[89.62373,25.26902],[89.62372,25.26848],[89.62352,25.26848],[89.62352,25.2683],[89.62293,25.26831],[89.62293,25.26867],[89.62313,25.26867],[89.62315,25.26939],[89.62335,25.26939],[89.62336,25.26993],[89.62375,25.26992],[89.62376,25.2701],[89.62396,25.2701],[89.62397,25.27082],[89.62457,25.27081],[89.62457,25.27099],[89.62517,25.27098],[89.62516,25.27062],[89.62556,25.27079],[89.62555,25.27043],[89.62575,25.27043]],[[89.62535,25.27043],[89.62535,25.27025],[89.62555,25.27025],[89.62555,25.27043],[89.62535,25.27043]]]}},{"type":"Feature","properties":{"kind":"land","ha":2.4},"geometry":{"type":"Polygon","coordinates":[[[89.67833,25.26948],[89.67833,25.2693],[89.67872,25.26929],[89.67891,25.26893],[89.67931,25.26892],[89.67931,25.26874],[89.6797,25.26873],[89.6797,25.26837],[89.67989,25.26837],[89.67987,25.26747],[89.68007,25.26746],[89.68006,25.26692],[89.67986,25.26693],[89.67985,25.26656],[89.67946,25.26657],[89.67945,25.26639],[89.67906,25.2664],[89.67907,25.26712],[89.67927,25.26712],[89.67928,25.26766],[89.67908,25.26766],[89.67909,25.26802],[89.67889,25.26803],[89.6789,25.26821],[89.6791,25.2682],[89.6791,25.26838],[89.6789,25.26839],[89.67891,25.26875],[89.67852,25.26894],[89.67852,25.26912],[89.67812,25.26912],[89.67813,25.26948],[89.67833,25.26948]]]}},{"type":"Feature","properties":{"kind":"land","ha":2.0},"geometry":{"type":"Polygon","coordinates":[[[89.67138,25.26924],[89.67137,25.26906],[89.67157,25.26906],[89.67157,25.2687],[89.67176,25.2687],[89.67176,25.26852],[89.67156,25.26852],[89.67155,25.26816],[89.67195,25.26797],[89.67194,25.26779],[89.67214,25.26779],[89.67213,25.26743],[89.67193,25.26743],[89.67193,25.26725],[89.67232,25.26706],[89.67232,25.26688],[89.67252,25.26688],[89.6725,25.26616],[89.6729,25.26615],[89.67289,25.26597],[89.67309,25.26597],[89.67289,25.26561],[89.67209,25.26562],[89.6721,25.26598],[89.6723,25.26598],[89.67231,25.26652],[89.67211,25.26652],[89.67212,25.2667],[89.67192,25.26671],[89.67191,25.26635],[89.67171,25.26635],[89.67173,25.26725],[89.67153,25.26726],[89.67154,25.26744],[89.67174,25.26743],[89.67174,25.26761],[89.67134,25.26762],[89.67136,25.26834],[89.67096,25.26835],[89.67097,25.26853],[89.67136,25.26852],[89.67137,25.26888],[89.67098,25.26907],[89.67098,25.26925],[89.67138,25.26924]]]}},{"type":"Feature","properties":{"kind":"land","ha":2.1},"geometry":{"type":"Polygon","coordinates":[[[89.6763,25.26753],[89.6763,25.26717],[89.67649,25.26717],[89.67649,25.26699],[89.67689,25.26698],[89.67687,25.26644],[89.67707,25.26643],[89.67706,25.26589],[89.67686,25.2659],[89.67685,25.26554],[89.67646,25.26554],[89.67645,25.26536],[89.67665,25.26536],[89.67664,25.26482],[89.67605,25.26483],[89.67605,25.26501],[89.67585,25.26501],[89.67586,25.26537],[89.67626,25.26555],[89.67627,25.26591],[89.67607,25.26591],[89.6761,25.26717],[89.6759,25.26718],[89.67591,25.26754],[89.6763,25.26753]]]}},{"type":"Feature","properties":{"kind":"land","ha":1.1},"geometry":{"type":"Polygon","coordinates":[[[89.66911,25.2655],[89.6691,25.26477],[89.6693,25.26477],[89.66929,25.26459],[89.66969,25.26458],[89.66968,25.2644],[89.66928,25.26423],[89.66928,25.26387],[89.66908,25.26387],[89.66909,25.26441],[89.66889,25.26442],[89.66889,25.26424],[89.66869,25.26424],[89.66868,25.26388],[89.66848,25.26388],[89.66849,25.26406],[89.66829,25.26407],[89.6683,25.26479],[89.66811,25.26479],[89.66811,25.26497],[89.6689,25.26478],[89.66891,25.2655],[89.66911,25.2655]]]}},{"type":"Feature","properties":{"kind":"land","ha":1.1},"geometry":{"type":"Polygon","coordinates":[[[89.70639,25.26391],[89.70658,25.26319],[89.70677,25.26319],[89.70677,25.26282],[89.70657,25.26283],[89.70656,25.26265],[89.70676,25.26264],[89.70675,25.26228],[89.70695,25.26228],[89.70694,25.26192],[89.70675,25.26192],[89.70674,25.26174],[89.70654,25.26175],[89.70655,25.26211],[89.70635,25.26211],[89.70618,25.2632],[89.70598,25.2632],[89.706,25.26392],[89.70639,25.26391]]]}},{"type":"Feature","properties":{"kind":"land","ha":47.1},"geometry":{"type":"Polygon","coordinates":[[[89.63399,25.26613],[89.63401,25.26703],[89.63441,25.26684],[89.6344,25.26666],[89.6346,25.26666],[89.63462,25.26738],[89.63442,25.26738],[89.63443,25.26792],[89.63423,25.26793],[89.63422,25.26757],[89.63383,25.26757],[89.63384,25.26812],[89.63345,25.2683],[89.63345,25.26866],[89.63325,25.26867],[89.63327,25.26939],[89.63366,25.2692],[89.63365,25.26848],[89.63385,25.26848],[89.63384,25.2683],[89.63404,25.26829],[89.63405,25.26865],[89.63464,25.26864],[89.63465,25.26882],[89.63485,25.26882],[89.63484,25.26864],[89.63544,25.26863],[89.63565,25.26935],[89.63545,25.26935],[89.63546,25.26953],[89.63506,25.26954],[89.63508,25.27026],[89.63547,25.27025],[89.63568,25.27061],[89.63607,25.27042],[89.63608,25.2706],[89.63627,25.2706],[89.63626,25.27006],[89.63587,25.27006],[89.63586,25.2697],[89.63606,25.2697],[89.63605,25.26952],[89.63645,25.26951],[89.63646,25.26987],[89.63666,25.26987],[89.63667,25.27041],[89.63687,25.27041],[89.63687,25.27059],[89.63727,25.27058],[89.63727,25.27094],[89.63747,25.27094],[89.63749,25.27166],[89.63729,25.27166],[89.63728,25.27112],[89.63708,25.27113],[89.63709,25.27149],[89.63689,25.27149],[89.6369,25.27185],[89.6367,25.27185],[89.6367,25.27203],[89.63631,25.27204],[89.63631,25.27222],[89.63571,25.27223],[89.6357,25.27151],[89.6355,25.27151],[89.63551,25.27206],[89.63531,25.27206],[89.63532,25.27224],[89.63552,25.27224],[89.63552,25.27242],[89.63592,25.27241],[89.63592,25.27259],[89.63632,25.27258],[89.63632,25.27294],[89.63652,25.27294],[89.63653,25.27312],[89.63673,25.27312],[89.63672,25.27294],[89.63712,25.27293],[89.63712,25.27311],[89.63752,25.2731],[89.6375,25.27202],[89.63769,25.27202],[89.63768,25.27148],[89.63788,25.27147],[89.63787,25.27111],[89.63807,25.27111],[89.63806,25.27057],[89.63826,25.27056],[89.63827,25.2711],[89.63867,25.2711],[89.63867,25.27146],[89.63828,25.27147],[89.63828,25.27165],[89.63808,25.27165],[89.63811,25.27273],[89.63791,25.27274],[89.63792,25.27328],[89.63832,25.27327],[89.63834,25.27435],[89.63814,25.27436],[89.63815,25.27454],[89.63775,25.27454],[89.63774,25.274],[89.63754,25.27401],[89.63755,25.27455],[89.63735,25.27455],[89.63736,25.27509],[89.63756,25.27509],[89.63757,25.27545],[89.63797,25.27562],[89.63799,25.27652],[89.63819,25.27652],[89.63818,25.27598],[89.63838,25.27598],[89.63836,25.27525],[89.63856,25.27525],[89.63855,25.27471],[89.63874,25.27471],[89.63874,25.27434],[89.63894,25.27434],[89.63892,25.2738],[89.63912,25.2738],[89.63911,25.27344],[89.63931,25.27343],[89.6393,25.27289],[89.63969,25.2727],[89.63969,25.27252],[89.63989,25.27252],[89.63988,25.27198],[89.64008,25.27197],[89.64007,25.27161],[89.64027,25.27161],[89.64026,25.27125],[89.64046,25.27125],[89.64044,25.2707],[89.64084,25.27052],[89.64083,25.27034],[89.64103,25.27033],[89.64122,25.26961],[89.64161,25.26942],[89.64178,25.26833],[89.64198,25.26833],[89.64197,25.26779],[89.64217,25.26779],[89.64215,25.26706],[89.64235,25.26706],[89.64234,25.26652],[89.64115,25.26654],[89.64116,25.26708],[89.64076,25.26709],[89.64057,25.26745],[89.64037,25.26746],[89.64037,25.2671],[89.64076,25.26691],[89.64076,25.26673],[89.64095,25.26672],[89.64094,25.26618],[89.64114,25.26618],[89.64114,25.266],[89.64094,25.266],[89.64093,25.26582],[89.64113,25.26582],[89.64113,25.26564],[89.64073,25.26565],[89.64073,25.26547],[89.64093,25.26546],[89.64092,25.26492],[89.64052,25.26493],[89.6405,25.26421],[89.6403,25.26421],[89.6403,25.26385],[89.6401,25.26385],[89.64009,25.26349],[89.63949,25.2635],[89.6395,25.26368],[89.6393,25.26369],[89.63931,25.26405],[89.6399,25.26404],[89.64011,25.26439],[89.64031,25.26439],[89.64032,25.26511],[89.64013,25.26511],[89.64013,25.2653],[89.63973,25.26512],[89.63973,25.2653],[89.63894,25.26532],[89.63892,25.26459],[89.63872,25.2646],[89.63872,25.26442],[89.63813,25.26443],[89.63814,25.26497],[89.63853,25.26496],[89.63854,25.26514],[89.63874,25.26514],[89.63876,25.26604],[89.63895,25.26604],[89.63897,25.26676],[89.63817,25.26659],[89.63818,25.26677],[89.63778,25.26678],[89.63777,25.26642],[89.63757,25.26642],[89.63759,25.26715],[89.63858,25.26713],[89.63858,25.26731],[89.63839,25.26731],[89.63839,25.26767],[89.638,25.26768],[89.6382,25.26804],[89.63801,25.26804],[89.63801,25.26822],[89.63821,25.26822],[89.63822,25.26858],[89.63841,25.26857],[89.63842,25.26876],[89.63822,25.26876],[89.63823,25.26912],[89.63744,25.26949],[89.63743,25.26913],[89.63723,25.26914],[89.63723,25.26896],[89.63743,25.26895],[89.63742,25.26841],[89.63762,25.26841],[89.63761,25.26805],[89.63721,25.26787],[89.63721,25.26805],[89.63681,25.26806],[89.6368,25.26752],[89.63641,25.26753],[89.63638,25.26645],[89.63658,25.26644],[89.63657,25.26608],[89.63677,25.26608],[89.63676,25.26554],[89.63656,25.26554],[89.63655,25.26518],[89.63755,25.26516],[89.63753,25.26444],[89.63793,25.26443],[89.63812,25.26407],[89.63871,25.26406],[89.6387,25.26352],[89.63811,25.26353],[89.63792,25.26389],[89.63772,25.26389],[89.63772,25.26407],[89.63752,25.26408],[89.63753,25.26426],[89.63733,25.26426],[89.63734,25.26462],[89.63674,25.26463],[89.63674,25.26445],[89.63694,25.26445],[89.63692,25.26391],[89.63652,25.26374],[89.63651,25.26337],[89.63632,25.26338],[89.63631,25.2632],[89.63592,25.26339],[89.63591,25.26302],[89.63571,25.26303],[89.63573,25.26357],[89.63553,25.26357],[89.63554,25.26429],[89.63574,25.26429],[89.63575,25.26465],[89.63615,25.26464],[89.63615,25.26482],[89.63555,25.26484],[89.63556,25.26502],[89.63516,25.26502],[89.63495,25.26467],[89.63476,25.26467],[89.63476,25.26503],[89.63457,25.26503],[89.63457,25.26521],[89.63497,25.26539],[89.63498,25.26575],[89.63458,25.26576],[89.63459,25.26594],[89.63419,25.26594],[89.63419,25.26612],[89.63399,25.26613]],[[89.64074,25.26583],[89.64054,25.26583],[89.64053,25.26565],[89.64073,25.26565],[89.64074,25.26583]],[[89.63439,25.26612],[89.63439,25.2663],[89.6342,25.2663],[89.63419,25.26612],[89.63439,25.26612]],[[89.6371,25.27185],[89.63729,25.27184],[89.6373,25.27202],[89.6371,25.27203],[89.6371,25.27185]],[[89.63705,25.26986],[89.63685,25.26987],[89.63685,25.26969],[89.63705,25.26968],[89.63704,25.2695],[89.63724,25.2695],[89.63725,25.26968],[89.63764,25.26967],[89.63766,25.27021],[89.63706,25.27022],[89.63705,25.26986]],[[89.63823,25.26948],[89.63863,25.26929],[89.63861,25.26857],[89.63921,25.26856],[89.6394,25.2682],[89.6396,25.26819],[89.63959,25.26801],[89.63979,25.26801],[89.63979,25.26783],[89.63999,25.26782],[89.63998,25.26764],[89.64038,25.26764],[89.6402,25.26836],[89.6398,25.26855],[89.63981,25.26891],[89.63961,25.26891],[89.63962,25.26928],[89.63902,25.26929],[89.63903,25.26947],[89.63883,25.26947],[89.63884,25.27001],[89.63864,25.27001],[89.63865,25.2702],[89.63825,25.2702],[89.63823,25.26948]],[[89.63521,25.26719],[89.6356,25.26718],[89.63561,25.26736],[89.63521,25.26737],[89.63521,25.26719]],[[89.63916,25.26622],[89.63936,25.26621],[89.63936,25.26657],[89.63916,25.26658],[89.63916,25.26622]]]}},{"type":"Feature","properties":{"kind":"land","ha":1.4},"geometry":{"type":"Polygon","coordinates":[[[89.6663,25.26392],[89.66629,25.26356],[89.66668,25.26337],[89.66668,25.26319],[89.66688,25.26319],[89.66687,25.26265],[89.66726,25.26264],[89.66726,25.26246],[89.66746,25.26246],[89.66744,25.26137],[89.66763,25.26137],[89.66763,25.26101],[89.66723,25.2612],[89.66725,25.2621],[89.66686,25.26229],[89.66686,25.26247],[89.66667,25.26247],[89.66667,25.26265],[89.66647,25.26266],[89.66647,25.26284],[89.66628,25.26284],[89.66628,25.26302],[89.66608,25.26302],[89.66609,25.2632],[89.66589,25.26321],[89.66589,25.26339],[89.66569,25.26339],[89.6657,25.26357],[89.6655,25.26358],[89.6655,25.26376],[89.6659,25.26375],[89.6659,25.26357],[89.66609,25.26356],[89.6661,25.26393],[89.6663,25.26392]]]}},{"type":"Feature","properties":{"kind":"land","ha":3.6},"geometry":{"type":"Polygon","coordinates":[[[89.66947,25.2635],[89.66946,25.26332],[89.67006,25.26331],[89.67005,25.26295],[89.66985,25.26296],[89.66984,25.26223],[89.66964,25.26224],[89.66963,25.2617],[89.66943,25.2617],[89.66942,25.26116],[89.66922,25.26116],[89.6694,25.26044],[89.6696,25.26043],[89.66961,25.26079],[89.6698,25.26079],[89.66999,25.26043],[89.67019,25.26042],[89.6702,25.26078],[89.6704,25.26078],[89.6704,25.26096],[89.6708,25.26095],[89.67099,25.26059],[89.67119,25.26058],[89.67118,25.2604],[89.67079,25.26041],[89.67078,25.26005],[89.67038,25.25988],[89.67038,25.2597],[89.67018,25.2597],[89.67018,25.25988],[89.66978,25.25989],[89.66959,25.26025],[89.66919,25.26008],[89.6692,25.26044],[89.66881,25.26063],[89.66884,25.26225],[89.66904,25.26225],[89.66905,25.26261],[89.66925,25.26261],[89.66907,25.26333],[89.66926,25.26333],[89.66927,25.26351],[89.66947,25.2635]]]}},{"type":"Feature","properties":{"kind":"land","ha":5.4},"geometry":{"type":"Polygon","coordinates":[[[89.62603,25.26483],[89.62601,25.26392],[89.6264,25.26374],[89.6264,25.26355],[89.6262,25.26356],[89.62618,25.26266],[89.62578,25.26248],[89.62577,25.2623],[89.62597,25.2623],[89.62593,25.26049],[89.62534,25.26051],[89.62534,25.26069],[89.62574,25.26068],[89.62575,25.2614],[89.62556,25.2614],[89.62556,25.26158],[89.62516,25.26159],[89.62515,25.26123],[89.62476,25.26124],[89.62457,25.2616],[89.62437,25.26161],[89.62437,25.26179],[89.62417,25.26179],[89.62419,25.26269],[89.62379,25.26252],[89.6238,25.26306],[89.624,25.26306],[89.62401,25.26342],[89.62441,25.26359],[89.62442,25.26377],[89.62461,25.26377],[89.62459,25.26287],[89.62539,25.26285],[89.62539,25.26303],[89.62559,25.26303],[89.6256,25.26339],[89.6258,25.26339],[89.62581,25.26393],[89.62521,25.26394],[89.62521,25.26376],[89.62501,25.26376],[89.62501,25.26394],[89.62442,25.26395],[89.62443,25.26449],[89.62542,25.26447],[89.62543,25.26466],[89.62582,25.26465],[89.62583,25.26483],[89.62603,25.26483]],[[89.62502,25.26412],[89.62522,25.26412],[89.62522,25.2643],[89.62502,25.2643],[89.62502,25.26412]],[[89.62542,25.26411],[89.62561,25.26411],[89.62562,25.26429],[89.62542,25.26429],[89.62542,25.26411]]]}},{"type":"Feature","properties":{"kind":"land","ha":1.5},"geometry":{"type":"Polygon","coordinates":[[[89.62358,25.26198],[89.62377,25.26162],[89.62397,25.26161],[89.62396,25.26125],[89.62377,25.26126],[89.62376,25.26107],[89.62396,25.26107],[89.62396,25.26089],[89.62376,25.26089],[89.62375,25.26071],[89.62356,25.26072],[89.62356,25.2609],[89.62316,25.26091],[89.62317,25.26109],[89.62277,25.26109],[89.62295,25.26037],[89.62256,25.26055],[89.62279,25.26199],[89.62358,25.26198]]]}},{"type":"Feature","properties":{"kind":"land","ha":2.7},"geometry":{"type":"Polygon","coordinates":[[[89.6373,25.263],[89.63729,25.26246],[89.63769,25.26245],[89.63788,25.26209],[89.63807,25.26208],[89.63807,25.2619],[89.63827,25.2619],[89.63806,25.26118],[89.63786,25.26118],[89.63784,25.26046],[89.63824,25.26046],[89.63823,25.25991],[89.63743,25.25993],[89.63746,25.26119],[89.63726,25.2612],[89.63727,25.26138],[89.63707,25.26138],[89.63706,25.2612],[89.63667,25.26121],[89.63667,25.26139],[89.63687,25.26138],[89.63688,25.26174],[89.63648,25.26193],[89.63649,25.26211],[89.63688,25.2621],[89.63689,25.26247],[89.63709,25.26246],[89.6371,25.263],[89.6373,25.263]]]}},{"type":"Feature","properties":{"kind":"land","ha":1.9},"geometry":{"type":"Polygon","coordinates":[[[89.68074,25.26149],[89.68072,25.26095],[89.68092,25.26095],[89.68092,25.26077],[89.68052,25.2606],[89.68051,25.26042],[89.68032,25.26042],[89.68031,25.26024],[89.67991,25.26025],[89.67991,25.25989],[89.67951,25.25971],[89.6795,25.25953],[89.6793,25.25954],[89.6793,25.25917],[89.6787,25.25919],[89.6787,25.259],[89.6785,25.25901],[89.67872,25.26009],[89.67912,25.26008],[89.67932,25.26044],[89.67972,25.26043],[89.67972,25.26061],[89.68012,25.2606],[89.68013,25.26096],[89.68053,25.26114],[89.68054,25.2615],[89.68074,25.26149]]]}},{"type":"Feature","properties":{"kind":"land","ha":1.1},"geometry":{"type":"Polygon","coordinates":[[[89.6325,25.2611],[89.63249,25.26092],[89.63309,25.26091],[89.63308,25.26073],[89.63348,25.26072],[89.63348,25.26054],[89.63367,25.26054],[89.63366,25.25982],[89.63306,25.25983],[89.63307,25.26001],[89.63287,25.26001],[89.63287,25.26019],[89.63307,25.26019],[89.63308,25.26055],[89.63288,25.26055],[89.63289,25.26073],[89.63229,25.26074],[89.63228,25.26038],[89.63189,25.26039],[89.6319,25.26093],[89.63229,25.26092],[89.6323,25.2611],[89.6325,25.2611]]]}},{"type":"Feature","properties":{"kind":"land","ha":1.2},"geometry":{"type":"Polygon","coordinates":[[[89.68212,25.26129],[89.68211,25.26075],[89.68231,25.26074],[89.6823,25.26038],[89.6825,25.26038],[89.68249,25.26002],[89.68269,25.26002],[89.68267,25.25929],[89.68307,25.25911],[89.68306,25.25875],[89.68286,25.25875],[89.68285,25.25857],[89.68266,25.25857],[89.68266,25.25893],[89.68227,25.25894],[89.68229,25.25984],[89.68209,25.25985],[89.6821,25.26039],[89.6819,25.26039],[89.68192,25.26129],[89.68212,25.26129]]]}},{"type":"Feature","properties":{"kind":"land","ha":2.1},"geometry":{"type":"Polygon","coordinates":[[[89.66544,25.26087],[89.66542,25.25997],[89.66522,25.25997],[89.66521,25.25943],[89.6656,25.25924],[89.66561,25.25942],[89.6658,25.25942],[89.66579,25.25888],[89.66559,25.25888],[89.66559,25.25852],[89.66578,25.25852],[89.66578,25.25834],[89.66638,25.25833],[89.66637,25.25815],[89.66538,25.25816],[89.66537,25.25762],[89.66517,25.25763],[89.66518,25.25799],[89.66498,25.25799],[89.665,25.25889],[89.6648,25.2589],[89.66482,25.25962],[89.66462,25.25962],[89.66463,25.25998],[89.66503,25.26015],[89.66503,25.26052],[89.66523,25.26051],[89.66524,25.26087],[89.66544,25.26087]]]}},{"type":"Feature","properties":{"kind":"land","ha":2.8},"geometry":{"type":"Polygon","coordinates":[[[89.72138,25.25967],[89.72137,25.25913],[89.72157,25.25912],[89.72156,25.25876],[89.72116,25.25859],[89.72114,25.25787],[89.72134,25.25786],[89.72134,25.25768],[89.72114,25.25769],[89.72112,25.2566],[89.72072,25.25643],[89.72053,25.2568],[89.72033,25.2568],[89.72034,25.25752],[89.72054,25.25752],[89.72055,25.2577],[89.72035,25.2577],[89.72035,25.25806],[89.72016,25.25807],[89.72016,25.25825],[89.71996,25.25825],[89.71997,25.25861],[89.72017,25.25861],[89.72017,25.25879],[89.72077,25.25878],[89.72078,25.25932],[89.72118,25.25949],[89.72118,25.25967],[89.72138,25.25967]]]}},{"type":"Feature","properties":{"kind":"land","ha":2.0},"geometry":{"type":"Polygon","coordinates":[[[89.66938,25.25972],[89.66938,25.25953],[89.66997,25.25952],[89.66998,25.2597],[89.67018,25.2597],[89.67016,25.25898],[89.66996,25.25898],[89.66996,25.2588],[89.66956,25.25881],[89.66954,25.25791],[89.67014,25.2579],[89.67013,25.25772],[89.66973,25.25754],[89.66973,25.25736],[89.66953,25.25737],[89.66953,25.25719],[89.66893,25.2572],[89.66874,25.25756],[89.66854,25.25756],[89.66875,25.25792],[89.66934,25.25791],[89.66936,25.25881],[89.66917,25.25882],[89.66917,25.25918],[89.66897,25.25918],[89.66899,25.25972],[89.66938,25.25972]]]}},{"type":"Feature","properties":{"kind":"settlement","ha":1.2},"geometry":{"type":"Polygon","coordinates":[[[89.68284,25.25803],[89.68286,25.25875],[89.68306,25.25875],[89.68306,25.25893],[89.68345,25.25874],[89.68345,25.25838],[89.68364,25.25837],[89.68364,25.25819],[89.68384,25.25819],[89.68382,25.25747],[89.68362,25.25747],[89.68361,25.25693],[89.68322,25.25712],[89.68343,25.25748],[89.68323,25.25748],[89.68324,25.25784],[89.68284,25.25803]],[[89.68343,25.25784],[89.68344,25.25802],[89.68324,25.25802],[89.68324,25.25784],[89.68343,25.25784]]]}},{"type":"Feature","properties":{"kind":"land","ha":7.3},"geometry":{"type":"Polygon","coordinates":[[[89.66267,25.26128],[89.66266,25.26092],[89.66246,25.26092],[89.66245,25.26038],[89.66285,25.26037],[89.66284,25.26001],[89.66264,25.26002],[89.66263,25.25948],[89.66302,25.25929],[89.66303,25.25983],[89.66343,25.25982],[89.6634,25.25838],[89.66379,25.25819],[89.66378,25.25765],[89.66398,25.25765],[89.66397,25.25729],[89.66417,25.25728],[89.66416,25.25692],[89.66396,25.25693],[89.66397,25.25711],[89.66337,25.25712],[89.66338,25.2573],[89.66318,25.2573],[89.66319,25.25766],[89.66279,25.25785],[89.6628,25.25803],[89.6626,25.25803],[89.6626,25.25821],[89.6624,25.25822],[89.66239,25.25768],[89.66259,25.25767],[89.66259,25.25749],[89.66239,25.2575],[89.66236,25.25641],[89.66117,25.25643],[89.66118,25.25679],[89.66098,25.2568],[89.66099,25.25698],[89.66059,25.25681],[89.6606,25.25753],[89.661,25.25752],[89.661,25.25734],[89.66119,25.25734],[89.6612,25.2577],[89.6614,25.25769],[89.66141,25.25823],[89.66161,25.25823],[89.66161,25.25805],[89.6618,25.25805],[89.66179,25.25715],[89.66159,25.25715],[89.66158,25.25661],[89.66197,25.2566],[89.66199,25.25732],[89.66219,25.25732],[89.66221,25.25858],[89.66202,25.25858],[89.66203,25.25913],[89.66163,25.25931],[89.66164,25.25949],[89.66144,25.2595],[89.66142,25.2586],[89.66103,25.25878],[89.66103,25.25896],[89.66083,25.25897],[89.66085,25.25987],[89.66125,25.26004],[89.66126,25.26022],[89.66146,25.26022],[89.66165,25.25985],[89.66184,25.25985],[89.66184,25.25967],[89.66224,25.25984],[89.66226,25.26075],[89.66206,25.26075],[89.66207,25.26111],[89.66227,25.26111],[89.66228,25.26147],[89.66267,25.26128]]]}},{"type":"Feature","properties":{"kind":"land","ha":3.8},"geometry":{"type":"Polygon","coordinates":[[[89.66778,25.25884],[89.66777,25.25866],[89.66797,25.25866],[89.66795,25.25758],[89.66815,25.25757],[89.66813,25.25703],[89.66773,25.25686],[89.66776,25.25794],[89.66756,25.25794],[89.66756,25.25812],[89.66697,25.25813],[89.66676,25.25778],[89.66656,25.25778],[89.66655,25.25742],[89.66615,25.25725],[89.66615,25.25707],[89.66635,25.25706],[89.66634,25.25688],[89.66674,25.25688],[89.66693,25.25651],[89.66773,25.25668],[89.66773,25.2565],[89.66753,25.2565],[89.66752,25.25614],[89.66732,25.25614],[89.66731,25.25578],[89.66692,25.25579],[89.66691,25.25561],[89.66632,25.25562],[89.66632,25.2558],[89.66612,25.2558],[89.66613,25.25616],[89.66574,25.25635],[89.66574,25.25653],[89.66554,25.25654],[89.66555,25.25708],[89.66596,25.25725],[89.66596,25.25761],[89.66636,25.25778],[89.66637,25.25796],[89.66657,25.25796],[89.66657,25.25832],[89.66697,25.25831],[89.66698,25.25868],[89.66738,25.25867],[89.66738,25.25885],[89.66778,25.25884]]]}},{"type":"Feature","properties":{"kind":"land","ha":3.1},"geometry":{"type":"Polygon","coordinates":[[[89.63941,25.25971],[89.63941,25.25935],[89.64,25.25934],[89.63979,25.25898],[89.6396,25.25899],[89.63956,25.25718],[89.63936,25.25719],[89.63935,25.25683],[89.63915,25.25683],[89.63914,25.25629],[89.63953,25.2561],[89.63953,25.25592],[89.63993,25.25591],[89.63993,25.25609],[89.64013,25.25609],[89.64014,25.25681],[89.64094,25.2568],[89.64093,25.25662],[89.64113,25.25661],[89.64112,25.25607],[89.64073,25.25626],[89.64073,25.25644],[89.64033,25.25645],[89.64032,25.25591],[89.64012,25.25591],[89.64012,25.25555],[89.63972,25.25556],[89.63972,25.25574],[89.63913,25.25575],[89.63913,25.25593],[89.63874,25.25593],[89.63876,25.25684],[89.63895,25.25683],[89.63897,25.25755],[89.63917,25.25755],[89.63918,25.25809],[89.63898,25.2581],[89.639,25.25882],[89.6392,25.25881],[89.63921,25.25936],[89.63901,25.25936],[89.63902,25.25972],[89.63941,25.25971]]]}},{"type":"Feature","properties":{"kind":"land","ha":1.4},"geometry":{"type":"Polygon","coordinates":[[[89.6802,25.25537],[89.6802,25.25519],[89.6804,25.25518],[89.68039,25.25482],[89.68079,25.25482],[89.6808,25.25518],[89.68119,25.25517],[89.68118,25.25481],[89.68099,25.25481],[89.68097,25.25427],[89.68078,25.25427],[89.68078,25.25445],[89.68018,25.25447],[89.68018,25.25429],[89.67978,25.25429],[89.67979,25.25447],[89.67959,25.25448],[89.67959,25.2543],[89.67939,25.2543],[89.67939,25.25448],[89.67919,25.25448],[89.6792,25.25466],[89.67939,25.25466],[89.6794,25.25502],[89.6798,25.25483],[89.67981,25.25537],[89.6802,25.25537]]]}},{"type":"Feature","properties":{"kind":"land","ha":6.4},"geometry":{"type":"Polygon","coordinates":[[[89.70565,25.25725],[89.70562,25.25599],[89.70602,25.25598],[89.70623,25.25634],[89.70702,25.25632],[89.70701,25.25614],[89.70741,25.25613],[89.7074,25.25541],[89.70799,25.2554],[89.7082,25.25576],[89.7084,25.25576],[89.7084,25.25594],[89.7092,25.2561],[89.70921,25.25646],[89.7094,25.25646],[89.70941,25.25664],[89.7098,25.25663],[89.70979,25.25609],[89.70959,25.25609],[89.70959,25.25591],[89.70919,25.25592],[89.70899,25.25556],[89.70839,25.25557],[89.70819,25.25522],[89.70739,25.25505],[89.70738,25.25487],[89.70679,25.25488],[89.70658,25.25453],[89.70678,25.25452],[89.70678,25.25434],[89.70638,25.25417],[89.70657,25.2538],[89.70597,25.25381],[89.70597,25.25399],[89.70617,25.25399],[89.70618,25.25435],[89.70598,25.25436],[89.70599,25.2549],[89.70619,25.25489],[89.7062,25.25525],[89.7058,25.25508],[89.70579,25.25454],[89.70559,25.25454],[89.70559,25.25436],[89.70539,25.25437],[89.7054,25.25473],[89.7052,25.25473],[89.7052,25.25491],[89.705,25.25492],[89.70499,25.25437],[89.70479,25.25438],[89.70479,25.2542],[89.70419,25.25421],[89.7042,25.25439],[89.7044,25.25438],[89.70441,25.25493],[89.70461,25.25492],[89.70461,25.25528],[89.70501,25.25528],[89.70503,25.25618],[89.70523,25.25617],[89.70525,25.2569],[89.70544,25.25689],[89.70545,25.25725],[89.70565,25.25725]]]}},{"type":"Feature","properties":{"kind":"land","ha":3.8},"geometry":{"type":"Polygon","coordinates":[[[89.62509,25.25816],[89.62508,25.2578],[89.62528,25.2578],[89.62527,25.25744],[89.62547,25.25743],[89.62546,25.25707],[89.62566,25.25707],[89.62565,25.25653],[89.62585,25.25653],[89.62587,25.25743],[89.62607,25.25742],[89.62605,25.25688],[89.62625,25.25688],[89.62624,25.25652],[89.62664,25.25651],[89.62663,25.25615],[89.62644,25.25615],[89.62642,25.25525],[89.62622,25.25526],[89.62623,25.2558],[89.62603,25.2558],[89.62602,25.25526],[89.62562,25.25509],[89.62563,25.25563],[89.62543,25.25563],[89.62544,25.25599],[89.62524,25.25599],[89.62524,25.25618],[89.62505,25.25618],[89.62506,25.2569],[89.62486,25.2569],[89.62508,25.25762],[89.62468,25.25763],[89.62468,25.25745],[89.62448,25.25745],[89.62447,25.25727],[89.62467,25.25727],[89.62466,25.25655],[89.62426,25.25673],[89.62427,25.25691],[89.62367,25.25693],[89.62368,25.25729],[89.62348,25.25729],[89.62349,25.25783],[89.62369,25.25783],[89.62368,25.25747],[89.62388,25.25746],[89.62409,25.25782],[89.62429,25.25782],[89.62429,25.258],[89.62489,25.25799],[89.62489,25.25817],[89.62509,25.25816]]]}},{"type":"Feature","properties":{"kind":"land","ha":1.4},"geometry":{"type":"Polygon","coordinates":[[[89.66412,25.25512],[89.66431,25.25475],[89.66451,25.25475],[89.66451,25.25457],[89.6657,25.25455],[89.66569,25.25401],[89.66549,25.25401],[89.66549,25.25419],[89.66509,25.2542],[89.6651,25.25438],[89.66431,25.25439],[89.66411,25.25476],[89.66352,25.25477],[89.66352,25.25495],[89.66313,25.25495],[89.66312,25.25477],[89.66292,25.25478],[89.66291,25.25424],[89.66311,25.25423],[89.6631,25.25387],[89.6629,25.25388],[89.6629,25.25352],[89.6627,25.25352],[89.66273,25.25496],[89.66293,25.25496],[89.66293,25.25514],[89.66412,25.25512]]]}},{"type":"Feature","properties":{"kind":"land","ha":1.2},"geometry":{"type":"Polygon","coordinates":[[[89.62502,25.2551],[89.62502,25.25492],[89.62561,25.25491],[89.62561,25.25472],[89.62581,25.25472],[89.6256,25.25436],[89.62521,25.25437],[89.6252,25.25401],[89.625,25.25401],[89.625,25.25383],[89.6246,25.25402],[89.62461,25.2542],[89.62421,25.25421],[89.62422,25.25457],[89.62462,25.25474],[89.62463,25.2551],[89.62502,25.2551]],[[89.62521,25.25455],[89.62541,25.25455],[89.62541,25.25473],[89.62521,25.25473],[89.62521,25.25455]]]}},{"type":"Feature","properties":{"kind":"land","ha":1.1},"geometry":{"type":"Polygon","coordinates":[[[89.6641,25.25422],[89.6641,25.25403],[89.6643,25.25403],[89.66429,25.25367],[89.66469,25.25366],[89.66468,25.2533],[89.66428,25.25331],[89.66427,25.25295],[89.66408,25.25295],[89.66408,25.25331],[89.66368,25.25314],[89.66369,25.25332],[89.66329,25.25333],[89.6633,25.25369],[89.6635,25.25368],[89.6635,25.25405],[89.6637,25.25404],[89.66371,25.25422],[89.6641,25.25422]]]}},{"type":"Feature","properties":{"kind":"land","ha":3.9},"geometry":{"type":"Polygon","coordinates":[[[89.63778,25.2574],[89.63777,25.25722],[89.63797,25.25721],[89.63797,25.25703],[89.63757,25.25704],[89.63756,25.25686],[89.63737,25.25686],[89.63736,25.2565],[89.63795,25.25649],[89.63791,25.25451],[89.63771,25.25451],[89.63772,25.25469],[89.63732,25.2547],[89.63732,25.25452],[89.63712,25.25452],[89.6371,25.25362],[89.63749,25.25361],[89.63728,25.25289],[89.63708,25.2529],[89.63709,25.25326],[89.63689,25.25326],[89.63691,25.25398],[89.63671,25.25399],[89.63672,25.25435],[89.63652,25.25435],[89.63653,25.25471],[89.63712,25.2547],[89.63713,25.25488],[89.63673,25.25489],[89.63674,25.25525],[89.63654,25.25525],[89.63654,25.25543],[89.63674,25.25543],[89.63675,25.25597],[89.63616,25.25598],[89.63616,25.25616],[89.63576,25.25617],[89.63577,25.25653],[89.63616,25.25634],[89.63617,25.25652],[89.63676,25.25651],[89.63677,25.25669],[89.63697,25.25669],[89.63698,25.25723],[89.63718,25.25723],[89.63718,25.25741],[89.63778,25.2574]],[[89.63714,25.25578],[89.63734,25.25578],[89.63732,25.25488],[89.63752,25.25487],[89.63753,25.25541],[89.63773,25.25541],[89.63774,25.25559],[89.63754,25.2556],[89.63754,25.25578],[89.63774,25.25577],[89.63774,25.25595],[89.63735,25.25596],[89.63735,25.25632],[89.63716,25.25632],[89.63714,25.25578]]]}},{"type":"Feature","properties":{"kind":"land","ha":14.1},"geometry":{"type":"Polygon","coordinates":[[[89.70313,25.26018],[89.70313,25.26],[89.70293,25.26001],[89.70292,25.25965],[89.70332,25.25964],[89.70331,25.25928],[89.70371,25.25927],[89.70371,25.25909],[89.7039,25.25909],[89.70389,25.25855],[89.7031,25.25856],[89.70309,25.25802],[89.70329,25.25801],[89.70328,25.25783],[89.70368,25.25783],[89.70367,25.25729],[89.70347,25.25729],[89.70345,25.25639],[89.70305,25.25639],[89.70304,25.25603],[89.70284,25.25604],[89.70281,25.25459],[89.70241,25.25442],[89.70242,25.2546],[89.70222,25.25461],[89.70221,25.25406],[89.7024,25.25406],[89.70241,25.25424],[89.7034,25.25422],[89.70359,25.25386],[89.70399,25.25385],[89.70399,25.25403],[89.70459,25.25402],[89.70497,25.25329],[89.70437,25.2533],[89.70418,25.25367],[89.70398,25.25367],[89.70397,25.25313],[89.70377,25.25313],[89.70378,25.25331],[89.70338,25.25332],[89.70338,25.25314],[89.70318,25.25314],[89.70299,25.25351],[89.70239,25.25352],[89.7024,25.25388],[89.7022,25.25388],[89.70218,25.25298],[89.70178,25.25281],[89.70178,25.25263],[89.70138,25.25282],[89.70137,25.25209],[89.70157,25.25209],[89.70155,25.25155],[89.70136,25.25155],[89.70135,25.25137],[89.70096,25.25138],[89.70096,25.25156],[89.70076,25.25156],[89.70077,25.25192],[89.70057,25.25193],[89.70058,25.25229],[89.70038,25.25229],[89.70038,25.25247],[89.70058,25.25247],[89.70059,25.25301],[89.7004,25.25301],[89.7004,25.25319],[89.7,25.2532],[89.69981,25.25357],[89.69942,25.25357],[89.69942,25.25375],[89.70002,25.25374],[89.70002,25.25392],[89.70081,25.25391],[89.70082,25.25409],[89.70161,25.25407],[89.70161,25.25389],[89.702,25.25389],[89.70204,25.25551],[89.70224,25.25551],[89.70225,25.25623],[89.70245,25.25623],[89.70246,25.25659],[89.70266,25.25658],[89.70267,25.2573],[89.70228,25.25749],[89.70229,25.25767],[89.70129,25.25769],[89.7013,25.25787],[89.7009,25.25788],[89.7009,25.25806],[89.70071,25.25806],[89.70071,25.25842],[89.70112,25.2586],[89.70112,25.25878],[89.70132,25.25877],[89.70132,25.25895],[89.70152,25.25895],[89.70152,25.25913],[89.70172,25.25913],[89.70173,25.25931],[89.70192,25.2593],[89.70193,25.25966],[89.70233,25.25966],[89.70254,25.26001],[89.70273,25.26001],[89.70274,25.26019],[89.70313,25.26018]]]}},{"type":"Feature","properties":{"kind":"land","ha":6.0},"geometry":{"type":"Polygon","coordinates":[[[89.68423,25.25782],[89.68422,25.25764],[89.68442,25.25764],[89.68441,25.25728],[89.68481,25.25709],[89.6848,25.25655],[89.68519,25.25636],[89.68518,25.25618],[89.68538,25.25618],[89.68537,25.25582],[89.68577,25.25581],[89.68596,25.25544],[89.68616,25.25544],[89.68615,25.25508],[89.68635,25.25508],[89.68634,25.25453],[89.68654,25.25453],[89.68653,25.25417],[89.68673,25.25417],[89.6867,25.25272],[89.6865,25.25273],[89.68647,25.25146],[89.68627,25.25147],[89.68628,25.25201],[89.68608,25.25201],[89.6861,25.25291],[89.6863,25.25291],[89.68631,25.25327],[89.68591,25.25328],[89.68591,25.2531],[89.68571,25.2531],[89.68554,25.25419],[89.68514,25.2542],[89.68514,25.25438],[89.68495,25.25438],[89.68496,25.25492],[89.68476,25.25492],[89.68478,25.25601],[89.68458,25.25601],[89.68459,25.25637],[89.6842,25.25656],[89.6842,25.25674],[89.68401,25.25674],[89.68401,25.25692],[89.68361,25.25675],[89.68362,25.25747],[89.68382,25.25747],[89.68383,25.25783],[89.68423,25.25782]]]}},{"type":"Feature","properties":{"kind":"land","ha":3.4},"geometry":{"type":"Polygon","coordinates":[[[89.61827,25.25504],[89.61827,25.25467],[89.61807,25.25468],[89.61806,25.25432],[89.61845,25.25413],[89.61844,25.25377],[89.61864,25.25377],[89.61864,25.25359],[89.61904,25.25358],[89.61903,25.2534],[89.61883,25.2534],[89.61883,25.25322],[89.61823,25.25323],[89.61803,25.25287],[89.61763,25.25288],[89.61762,25.25252],[89.61743,25.25252],[89.61742,25.25234],[89.61722,25.25235],[89.61723,25.25253],[89.61683,25.25253],[89.61662,25.25218],[89.61643,25.25218],[89.61642,25.25182],[89.61622,25.25182],[89.61621,25.25146],[89.61581,25.25129],[89.61582,25.25183],[89.61602,25.25183],[89.61603,25.25219],[89.61643,25.25236],[89.61664,25.25308],[89.61704,25.25325],[89.61705,25.25361],[89.61745,25.25379],[89.61746,25.25433],[89.61787,25.2545],[89.61787,25.25486],[89.61807,25.25486],[89.61808,25.25504],[89.61827,25.25504]]]}},{"type":"Feature","properties":{"kind":"land","ha":6.1},"geometry":{"type":"Polygon","coordinates":[[[89.63015,25.25338],[89.63014,25.2532],[89.62975,25.25321],[89.62974,25.25303],[89.62934,25.25303],[89.62934,25.25267],[89.62954,25.25267],[89.62953,25.25249],[89.62993,25.25248],[89.63013,25.25284],[89.63033,25.25284],[89.63034,25.25302],[89.63054,25.25301],[89.63054,25.25319],[89.63074,25.25319],[89.63055,25.25355],[89.63173,25.25335],[89.63174,25.25371],[89.63214,25.25371],[89.63213,25.25335],[89.63193,25.25335],[89.63193,25.25317],[89.63213,25.25316],[89.63212,25.2528],[89.63232,25.2528],[89.63231,25.25262],[89.63112,25.25264],[89.63111,25.25192],[89.63131,25.25192],[89.6313,25.25174],[89.6321,25.25172],[89.63209,25.25154],[89.63169,25.25155],[89.63169,25.25137],[89.63129,25.25137],[89.63129,25.25119],[89.63109,25.2512],[89.63088,25.25048],[89.63048,25.25067],[89.63048,25.25049],[89.63028,25.25049],[89.63029,25.25067],[89.63009,25.25067],[89.6301,25.2514],[89.62951,25.25141],[89.62953,25.25231],[89.62913,25.25214],[89.62913,25.25232],[89.62873,25.25232],[89.62896,25.2534],[89.62936,25.25358],[89.62936,25.25376],[89.63015,25.25338]],[[89.63032,25.25211],[89.63052,25.25211],[89.63052,25.25247],[89.63033,25.25247],[89.63032,25.25211]]]}},{"type":"Feature","properties":{"kind":"land","ha":1.9},"geometry":{"type":"Polygon","coordinates":[[[89.68112,25.2521],[89.68112,25.25174],[89.68171,25.25173],[89.6817,25.25137],[89.68151,25.25137],[89.68149,25.25083],[89.68189,25.25064],[89.68188,25.25046],[89.68208,25.25046],[89.68207,25.24992],[89.68167,25.24993],[89.68167,25.24975],[89.68187,25.24974],[89.68186,25.24938],[89.68147,25.24957],[89.68148,25.25011],[89.68109,25.2503],[89.68109,25.25066],[89.6807,25.25085],[89.6807,25.25103],[89.68031,25.25103],[89.68031,25.25121],[89.68071,25.25121],[89.68071,25.25139],[89.68091,25.25138],[89.68093,25.25211],[89.68112,25.2521]]]}},{"type":"Feature","properties":{"kind":"land","ha":1.4},"geometry":{"type":"Polygon","coordinates":[[[89.61981,25.25248],[89.6204,25.25247],[89.62039,25.25175],[89.62058,25.25175],[89.62055,25.2503],[89.62036,25.25031],[89.62036,25.25067],[89.62016,25.25067],[89.62017,25.25085],[89.61997,25.25085],[89.61979,25.25158],[89.61959,25.25158],[89.6196,25.25212],[89.6194,25.25213],[89.61941,25.25231],[89.6198,25.2523],[89.61981,25.25248]],[[89.61999,25.25194],[89.62019,25.25193],[89.6202,25.25229],[89.6198,25.2523],[89.61999,25.25194]]]}},{"type":"Feature","properties":{"kind":"land","ha":4.1},"geometry":{"type":"Polygon","coordinates":[[[89.6367,25.25362],[89.6367,25.25344],[89.6361,25.25345],[89.63609,25.25309],[89.6359,25.2531],[89.63589,25.25292],[89.63629,25.25291],[89.63627,25.25219],[89.63647,25.25218],[89.63645,25.25128],[89.63625,25.25129],[89.63624,25.25074],[89.63604,25.25075],[89.63604,25.25039],[89.63584,25.25039],[89.63585,25.25093],[89.63605,25.25093],[89.63606,25.25147],[89.63626,25.25147],[89.63626,25.25165],[89.63587,25.25183],[89.63586,25.25165],[89.63547,25.25166],[89.63546,25.2513],[89.63566,25.2513],[89.63564,25.25058],[89.63505,25.25059],[89.63504,25.25041],[89.63524,25.2504],[89.63523,25.25004],[89.63483,25.24987],[89.63483,25.24969],[89.63423,25.2497],[89.63425,25.2506],[89.63406,25.2506],[89.63407,25.25114],[89.63486,25.25113],[89.63486,25.25131],[89.63506,25.25131],[89.63507,25.25167],[89.63527,25.25166],[89.63528,25.25221],[89.63548,25.2522],[89.63549,25.25256],[89.63569,25.25256],[89.6355,25.25328],[89.6359,25.25328],[89.63591,25.25364],[89.6367,25.25362]]]}},{"type":"Feature","properties":{"kind":"land","ha":2.4},"geometry":{"type":"Polygon","coordinates":[[[89.68489,25.25167],[89.68487,25.25113],[89.68507,25.25113],[89.68507,25.25095],[89.68487,25.25095],[89.68486,25.25059],[89.68466,25.25059],[89.68466,25.25041],[89.68446,25.25042],[89.68445,25.25006],[89.68485,25.24987],[89.68484,25.24969],[89.68425,25.2497],[89.68424,25.24952],[89.68405,25.24952],[89.68403,25.24898],[89.68383,25.24898],[89.68383,25.24862],[89.68363,25.24863],[89.68364,25.24899],[89.68344,25.24899],[89.68342,25.24827],[89.68322,25.24827],[89.68323,25.24845],[89.68303,25.24846],[89.68304,25.24882],[89.68324,25.24882],[89.68324,25.24918],[89.68344,25.24917],[89.68345,25.24935],[89.68364,25.24935],[89.68365,25.24953],[89.68345,25.24953],[89.68366,25.24989],[89.68346,25.24989],[89.68347,25.25044],[89.68386,25.25025],[89.68407,25.2506],[89.68427,25.2506],[89.68428,25.25114],[89.68468,25.25132],[89.68469,25.25168],[89.68489,25.25167]]]}},{"type":"Feature","properties":{"kind":"land","ha":2.3},"geometry":{"type":"Polygon","coordinates":[[[89.63228,25.251],[89.63227,25.25082],[89.63247,25.25081],[89.63227,25.25045],[89.63187,25.25046],[89.63185,25.24956],[89.63205,25.24956],[89.63204,25.24901],[89.63144,25.24903],[89.63125,25.24939],[89.63066,25.2494],[89.63066,25.24958],[89.63026,25.24959],[89.63027,25.24995],[89.63067,25.25012],[89.63068,25.2503],[89.63107,25.2503],[89.63108,25.25066],[89.63187,25.25064],[89.63188,25.251],[89.63228,25.251]]]}},{"type":"Feature","properties":{"kind":"land","ha":2.1},"geometry":{"type":"Polygon","coordinates":[[[89.62712,25.25109],[89.62711,25.25073],[89.62771,25.25072],[89.62772,25.25108],[89.62811,25.25107],[89.6281,25.25053],[89.6277,25.25054],[89.6275,25.25018],[89.62789,25.25017],[89.62789,25.24999],[89.62888,25.24997],[89.62888,25.24979],[89.62868,25.2498],[89.62868,25.24962],[89.62808,25.24963],[89.62808,25.24981],[89.62769,25.24981],[89.62768,25.24963],[89.62709,25.24964],[89.62708,25.2491],[89.62688,25.24911],[89.62688,25.24929],[89.62649,25.24929],[89.6265,25.24984],[89.62689,25.24983],[89.6269,25.25001],[89.6267,25.25001],[89.62671,25.25055],[89.62691,25.25055],[89.62692,25.25109],[89.62712,25.25109]]]}},{"type":"Feature","properties":{"kind":"land","ha":1.8},"geometry":{"type":"Polygon","coordinates":[[[89.68006,25.24887],[89.68007,25.24923],[89.67987,25.24924],[89.67988,25.24942],[89.68067,25.2494],[89.68067,25.24958],[89.68107,25.24958],[89.68107,25.2494],[89.68126,25.24939],[89.68126,25.24921],[89.68106,25.24922],[89.68105,25.24849],[89.68124,25.24849],[89.68124,25.24831],[89.68084,25.24832],[89.68064,25.24796],[89.68143,25.24776],[89.68143,25.24795],[89.68163,25.24794],[89.68162,25.24758],[89.68122,25.24759],[89.68122,25.24723],[89.68082,25.24741],[89.68083,25.2476],[89.68063,25.2476],[89.68063,25.24778],[89.68024,25.24779],[89.68024,25.24797],[89.68004,25.24797],[89.68005,25.24815],[89.68044,25.24814],[89.68045,25.24869],[89.68006,25.24887]],[[89.68085,25.24868],[89.68086,25.24904],[89.68046,25.24905],[89.68045,25.24869],[89.68085,25.24868]]]}},{"type":"Feature","properties":{"kind":"land","ha":2.7},"geometry":{"type":"Polygon","coordinates":[[[89.666,25.25003],[89.66599,25.24985],[89.66579,25.24985],[89.66579,25.24967],[89.66539,25.24968],[89.66519,25.24932],[89.66499,25.24933],[89.66498,25.24915],[89.66459,25.24915],[89.66458,25.24897],[89.66439,25.24898],[89.66438,25.24862],[89.66418,25.24862],[89.66417,25.24826],[89.66437,25.24825],[89.66437,25.24807],[89.66456,25.24807],[89.66457,25.24825],[89.66496,25.24824],[89.66496,25.24788],[89.66516,25.24788],[89.66514,25.24716],[89.66494,25.24716],[89.66494,25.24698],[89.66414,25.24699],[89.66416,25.24754],[89.66396,25.24754],[89.66397,25.24826],[89.66377,25.24827],[89.6638,25.24935],[89.664,25.24934],[89.664,25.2497],[89.6642,25.2497],[89.6642,25.24934],[89.66459,25.24933],[89.6648,25.24969],[89.6656,25.24986],[89.6656,25.25004],[89.666,25.25003]]]}},{"type":"Feature","properties":{"kind":"land","ha":1.5},"geometry":{"type":"Polygon","coordinates":[[[89.64374,25.24863],[89.64373,25.24808],[89.64353,25.24809],[89.64352,25.24791],[89.64273,25.24792],[89.64252,25.24756],[89.64193,25.24757],[89.64193,25.24739],[89.64173,25.2474],[89.64174,25.24812],[89.64194,25.24812],[89.64194,25.2483],[89.64254,25.24829],[89.64254,25.24847],[89.64294,25.24846],[89.64294,25.24864],[89.64374,25.24863]]]}},{"type":"Feature","properties":{"kind":"land","ha":2.4},"geometry":{"type":"Polygon","coordinates":[[[89.66995,25.24942],[89.66995,25.24924],[89.67034,25.24923],[89.67054,25.24886],[89.67073,25.24886],[89.67073,25.24868],[89.67093,25.24868],[89.67092,25.2485],[89.67132,25.24849],[89.67151,25.24813],[89.67171,25.24812],[89.67171,25.24794],[89.6719,25.24794],[89.6719,25.24776],[89.67111,25.24795],[89.67092,25.24832],[89.67013,25.24833],[89.67013,25.24851],[89.66954,25.24852],[89.66952,25.24762],[89.66932,25.24762],[89.6693,25.2469],[89.6691,25.24691],[89.66911,25.24727],[89.66891,25.24727],[89.66892,25.24745],[89.66912,25.24745],[89.66913,25.24817],[89.66873,25.24818],[89.66874,25.24854],[89.66894,25.24853],[89.66895,25.24907],[89.66935,25.24889],[89.66934,25.24871],[89.66974,25.2487],[89.66975,25.24942],[89.66995,25.24942]]]}},{"type":"Feature","properties":{"kind":"land","ha":2.6},"geometry":{"type":"Polygon","coordinates":[[[89.62331,25.24935],[89.6233,25.24899],[89.6235,25.24899],[89.62348,25.24808],[89.62368,25.24808],[89.62367,25.24772],[89.62387,25.24772],[89.62387,25.24754],[89.62327,25.24755],[89.62328,25.24773],[89.62288,25.24773],[89.62288,25.24791],[89.62209,25.24793],[89.6219,25.24829],[89.6217,25.2483],[89.62171,25.24848],[89.62151,25.24848],[89.62151,25.24884],[89.62171,25.24884],[89.62172,25.24902],[89.62251,25.249],[89.62251,25.24918],[89.62311,25.24917],[89.62311,25.24935],[89.62331,25.24935]]]}},{"type":"Feature","properties":{"kind":"land","ha":1.7},"geometry":{"type":"Polygon","coordinates":[[[89.60502,25.24805],[89.60502,25.24787],[89.60562,25.24786],[89.60562,25.24804],[89.60582,25.24804],[89.60581,25.24786],[89.60621,25.24785],[89.60622,25.24803],[89.60661,25.24802],[89.60641,25.24766],[89.60601,25.24767],[89.60601,25.24749],[89.6062,25.24749],[89.6062,25.24713],[89.60679,25.24712],[89.60679,25.24694],[89.60659,25.24694],[89.60659,25.24676],[89.60619,25.24677],[89.60619,25.24695],[89.6058,25.24695],[89.6056,25.24732],[89.60541,25.24732],[89.60541,25.2475],[89.60422,25.24752],[89.60423,25.24806],[89.60463,25.24806],[89.60463,25.24824],[89.60502,25.24805]]]}},{"type":"Feature","properties":{"kind":"land","ha":1.6},"geometry":{"type":"Polygon","coordinates":[[[89.7183,25.24583],[89.71829,25.24547],[89.71789,25.24547],[89.71788,25.24475],[89.71768,25.24476],[89.71767,25.24458],[89.71728,25.24458],[89.71728,25.24494],[89.71768,25.24494],[89.71769,25.24512],[89.71749,25.24512],[89.71753,25.24692],[89.71773,25.24692],[89.71773,25.2471],[89.71753,25.2471],[89.71754,25.24747],[89.71813,25.24745],[89.71811,25.24637],[89.71791,25.24638],[89.7179,25.24601],[89.7183,25.24583]],[[89.71771,25.24602],[89.7177,25.24566],[89.7179,25.24565],[89.7179,25.24601],[89.71771,25.24602]]]}},{"type":"Feature","properties":{"kind":"land","ha":1.0},"geometry":{"type":"Polygon","coordinates":[[[89.66273,25.24594],[89.66273,25.24576],[89.66293,25.24575],[89.66291,25.24503],[89.66252,25.24522],[89.66251,25.24504],[89.66192,25.24505],[89.66173,25.24541],[89.66153,25.24542],[89.66154,25.24578],[89.66233,25.24576],[89.66233,25.24594],[89.66273,25.24594]]]}},{"type":"Feature","properties":{"kind":"land","ha":6.9},"geometry":{"type":"Polygon","coordinates":[[[89.62906,25.24889],[89.62905,25.24871],[89.62925,25.2487],[89.62924,25.24816],[89.62884,25.24817],[89.62883,25.24763],[89.62923,25.24762],[89.62901,25.2469],[89.62941,25.24672],[89.6294,25.24653],[89.63,25.24652],[89.6302,25.24688],[89.6304,25.24688],[89.6304,25.24652],[89.6302,25.24652],[89.63019,25.24634],[89.6296,25.24635],[89.62959,25.24617],[89.6292,25.24618],[89.62899,25.24582],[89.62879,25.24582],[89.62879,25.24564],[89.62859,25.24565],[89.62859,25.24547],[89.62839,25.24547],[89.62838,25.24529],[89.62819,25.24529],[89.62819,25.24547],[89.62799,25.24548],[89.62799,25.2453],[89.62759,25.2453],[89.62759,25.24548],[89.627,25.24549],[89.627,25.24568],[89.62681,25.24568],[89.62682,25.2464],[89.62702,25.2464],[89.62705,25.24766],[89.62724,25.24766],[89.62725,25.24784],[89.62705,25.24784],[89.62706,25.2482],[89.62765,25.24819],[89.62765,25.24801],[89.62844,25.248],[89.62845,25.24818],[89.62864,25.24817],[89.62866,25.24889],[89.62906,25.24889]],[[89.62761,25.24621],[89.62781,25.2462],[89.62781,25.24638],[89.62761,25.24639],[89.62761,25.24621]],[[89.6286,25.24601],[89.6288,25.246],[89.6288,25.24618],[89.6286,25.24619],[89.6286,25.24601]]]}},{"type":"Feature","properties":{"kind":"land","ha":6.4},"geometry":{"type":"Polygon","coordinates":[[[89.63322,25.24863],[89.63322,25.24845],[89.63361,25.24845],[89.63362,25.24863],[89.63401,25.24862],[89.63401,25.24844],[89.63381,25.24844],[89.6338,25.2479],[89.6342,25.24789],[89.63419,25.24753],[89.63379,25.24754],[89.63379,25.24736],[89.63359,25.24736],[89.63378,25.247],[89.63398,25.24699],[89.63397,25.24681],[89.63417,25.24681],[89.63417,25.24663],[89.63397,25.24663],[89.63396,25.24609],[89.63376,25.2461],[89.63376,25.24628],[89.63317,25.24629],[89.63335,25.24556],[89.63295,25.24557],[89.63295,25.24539],[89.63315,25.24539],[89.63314,25.24502],[89.63354,25.24502],[89.63353,25.24466],[89.63333,25.24466],[89.63332,25.2443],[89.63313,25.2443],[89.63314,25.24484],[89.63274,25.24485],[89.63255,25.24522],[89.63196,25.24523],[89.63195,25.24505],[89.63175,25.24505],[89.63174,25.24451],[89.63134,25.24433],[89.63135,25.2447],[89.63155,25.24469],[89.63156,25.24523],[89.63116,25.24524],[89.63117,25.2456],[89.63137,25.2456],[89.63138,25.24596],[89.63177,25.24577],[89.63178,25.24631],[89.63198,25.24631],[89.63199,25.24667],[89.63239,25.24684],[89.6324,25.24756],[89.6326,25.24756],[89.63261,25.2481],[89.63301,25.2481],[89.63302,25.24864],[89.63322,25.24863]],[[89.63256,25.24576],[89.63276,25.24575],[89.63276,25.24593],[89.63257,25.24594],[89.63256,25.24576]]]}},{"type":"Feature","properties":{"kind":"land","ha":2.9},"geometry":{"type":"Polygon","coordinates":[[[89.64328,25.24575],[89.64306,25.24503],[89.64326,25.24502],[89.64326,25.24466],[89.64306,25.24467],[89.64305,25.24431],[89.64266,25.24449],[89.64266,25.24467],[89.64226,25.24468],[89.64226,25.24432],[89.64185,25.24415],[89.64204,25.24342],[89.64164,25.24343],[89.64145,25.24379],[89.64165,25.24379],[89.64166,25.24415],[89.64126,25.24434],[89.64127,25.24452],[89.64107,25.24452],[89.64107,25.24434],[89.64087,25.24434],[89.64086,25.24398],[89.64125,25.2438],[89.64124,25.24344],[89.64105,25.24344],[89.64103,25.2429],[89.64063,25.24272],[89.64047,25.24453],[89.64087,25.24453],[89.64108,25.24488],[89.64128,25.24488],[89.64128,25.24506],[89.64168,25.24505],[89.64187,25.24469],[89.64206,25.24468],[89.64207,25.24505],[89.64267,25.24503],[89.64308,25.24575],[89.64328,25.24575]]]}},{"type":"Feature","properties":{"kind":"land","ha":3.6},"geometry":{"type":"Polygon","coordinates":[[[89.62306,25.24683],[89.62306,25.24665],[89.62365,25.24664],[89.62364,25.24628],[89.62404,25.24609],[89.62403,25.24573],[89.62423,25.24572],[89.62421,25.24518],[89.62402,25.24519],[89.62401,25.24483],[89.62381,25.24483],[89.62379,25.24375],[89.62359,25.24375],[89.62358,25.24339],[89.62338,25.24339],[89.62337,25.24303],[89.62297,25.24286],[89.62297,25.2425],[89.62277,25.2425],[89.62278,25.24304],[89.62298,25.24304],[89.623,25.2443],[89.6232,25.2443],[89.62321,25.24448],[89.62301,25.24448],[89.62302,25.24484],[89.62321,25.24484],[89.62323,25.24538],[89.62303,25.24538],[89.62303,25.24557],[89.62323,25.24556],[89.62325,25.24628],[89.62206,25.2463],[89.62226,25.24666],[89.62266,25.24666],[89.62266,25.24684],[89.62306,25.24683]]]}},{"type":"Feature","properties":{"kind":"land","ha":2.7},"geometry":{"type":"Polygon","coordinates":[[[89.68551,25.2439],[89.68549,25.24318],[89.68529,25.24318],[89.68528,25.24264],[89.68548,25.24264],[89.68547,25.24192],[89.68626,25.2419],[89.68626,25.24172],[89.68665,25.24171],[89.68665,25.24153],[89.68685,25.24153],[89.68684,25.24117],[89.68664,25.24117],[89.68664,25.24099],[89.68584,25.24083],[89.68583,25.24065],[89.68544,25.24065],[89.68544,25.24083],[89.68524,25.24084],[89.68525,25.2412],[89.68605,25.24136],[89.68605,25.24154],[89.68585,25.24155],[89.68586,25.24173],[89.68506,25.24174],[89.68507,25.2421],[89.68487,25.24211],[89.68489,25.24283],[89.68469,25.24283],[89.6847,25.24319],[89.6845,25.2432],[89.68451,25.24338],[89.6847,25.24337],[89.68471,25.24373],[89.68531,25.24372],[89.68531,25.2439],[89.68551,25.2439]]]}},{"type":"Feature","properties":{"kind":"land","ha":13.4},"geometry":{"type":"Polygon","coordinates":[[[89.61476,25.2486],[89.61473,25.24698],[89.61493,25.24697],[89.61492,25.24661],[89.61512,25.24661],[89.6151,25.24571],[89.61529,25.2457],[89.61528,25.24516],[89.61548,25.24516],[89.61547,25.2448],[89.61567,25.24479],[89.61567,25.24461],[89.61607,25.24461],[89.61626,25.24424],[89.61645,25.24424],[89.61645,25.24406],[89.61665,25.24405],[89.61664,25.24387],[89.61684,25.24387],[89.61684,25.24369],[89.61704,25.24369],[89.61703,25.24351],[89.61743,25.2435],[89.61744,25.24404],[89.61724,25.24404],[89.61725,25.2444],[89.61705,25.24441],[89.61727,25.24513],[89.61767,25.2453],[89.61767,25.24548],[89.61787,25.24548],[89.61787,25.24566],[89.61807,25.24565],[89.61808,25.24583],[89.61827,25.24583],[89.61828,25.24601],[89.61848,25.24601],[89.61847,25.24565],[89.61867,25.24564],[89.61866,25.24546],[89.61827,25.24547],[89.61806,25.24511],[89.61786,25.24512],[89.61786,25.24494],[89.61806,25.24493],[89.61805,25.24439],[89.61844,25.2442],[89.61843,25.24402],[89.61863,25.24402],[89.61862,25.24366],[89.61902,25.24365],[89.61901,25.24311],[89.6194,25.24292],[89.61939,25.24238],[89.61919,25.24238],[89.61919,25.2422],[89.61899,25.24221],[89.61899,25.24239],[89.6186,25.2424],[89.61859,25.24221],[89.618,25.24223],[89.618,25.24241],[89.61741,25.24242],[89.61741,25.2426],[89.61701,25.2426],[89.61721,25.24224],[89.6176,25.24223],[89.61759,25.24169],[89.6158,25.24172],[89.61581,25.2419],[89.61541,25.24191],[89.61541,25.24173],[89.61521,25.24173],[89.61522,25.24227],[89.61483,25.24246],[89.61483,25.24264],[89.61444,25.24265],[89.61443,25.24247],[89.61423,25.24247],[89.61425,25.24319],[89.61484,25.24318],[89.61484,25.243],[89.61563,25.24299],[89.61564,25.24335],[89.61524,25.24336],[89.61526,25.2439],[89.61565,25.24389],[89.61566,25.24407],[89.61546,25.24408],[89.61546,25.24426],[89.61507,25.24426],[89.61507,25.24444],[89.61467,25.24445],[89.61468,25.24463],[89.61428,25.24464],[89.6143,25.24536],[89.61449,25.24536],[89.6145,25.24572],[89.6147,25.24571],[89.61472,25.24662],[89.61452,25.24662],[89.61456,25.2486],[89.61476,25.2486]]]}},{"type":"Feature","properties":{"kind":"land","ha":1.6},"geometry":{"type":"Polygon","coordinates":[[[89.6317,25.2427],[89.63169,25.24234],[89.63189,25.24234],[89.63189,25.24216],[89.63229,25.24215],[89.63229,25.24233],[89.63249,25.24233],[89.63248,25.24215],[89.63268,25.24214],[89.63289,25.2425],[89.63329,25.24249],[89.63328,25.24213],[89.63308,25.24214],[89.63308,25.24196],[89.63248,25.24197],[89.63247,25.24161],[89.63208,25.24161],[89.63187,25.24126],[89.63147,25.24126],[89.63148,25.24181],[89.63168,25.2418],[89.63169,25.24198],[89.63149,25.24199],[89.63149,25.24217],[89.6309,25.24218],[89.6309,25.24236],[89.6311,25.24235],[89.63111,25.24271],[89.6317,25.2427]]]}},{"type":"Feature","properties":{"kind":"land","ha":2.1},"geometry":{"type":"Polygon","coordinates":[[[89.63548,25.243],[89.63547,25.24264],[89.63567,25.24263],[89.63565,25.24191],[89.63605,25.24172],[89.63604,25.24154],[89.63624,25.24154],[89.63623,25.24118],[89.63663,25.24117],[89.63662,25.24081],[89.63682,25.24081],[89.637,25.23972],[89.6368,25.23972],[89.63679,25.23954],[89.63699,25.23954],[89.63698,25.23918],[89.63659,25.23937],[89.6366,25.23955],[89.6364,25.23955],[89.63641,25.23991],[89.63621,25.23992],[89.63622,25.24046],[89.63602,25.24046],[89.63603,25.24082],[89.63583,25.24083],[89.63584,25.24137],[89.63564,25.24137],[89.63565,25.24173],[89.63545,25.24173],[89.63546,25.24228],[89.63527,25.24228],[89.63528,25.243],[89.63548,25.243]]]}},{"type":"Feature","properties":{"kind":"land","ha":1.3},"geometry":{"type":"Polygon","coordinates":[[[89.61382,25.24158],[89.61377,25.23959],[89.61457,25.23958],[89.61456,25.2394],[89.61417,25.23941],[89.61415,25.23868],[89.61336,25.23888],[89.61339,25.23996],[89.61358,25.23996],[89.61362,25.24158],[89.61382,25.24158]]]}},{"type":"Feature","properties":{"kind":"land","ha":4.5},"geometry":{"type":"Polygon","coordinates":[[[89.71201,25.23981],[89.71201,25.23963],[89.7126,25.23961],[89.7126,25.23943],[89.7128,25.23943],[89.71279,25.23907],[89.71199,25.23908],[89.71198,25.23854],[89.71139,25.23855],[89.71158,25.23819],[89.71178,25.23819],[89.71177,25.23783],[89.71157,25.23783],[89.71155,25.23711],[89.71136,25.23711],[89.71135,25.23675],[89.71095,25.23658],[89.71094,25.2364],[89.71015,25.23641],[89.71016,25.23695],[89.70996,25.23696],[89.70997,25.23732],[89.70977,25.23732],[89.70978,25.23768],[89.70958,25.23768],[89.70959,25.23787],[89.70919,25.23787],[89.70919,25.23805],[89.70879,25.23788],[89.7088,25.23824],[89.709,25.23824],[89.709,25.23842],[89.7088,25.23842],[89.70881,25.23878],[89.70941,25.23877],[89.7096,25.23841],[89.7098,25.2384],[89.7098,25.23876],[89.71,25.23876],[89.70999,25.23822],[89.70979,25.23822],[89.70979,25.23804],[89.71018,25.23785],[89.71017,25.23713],[89.71036,25.23713],[89.71035,25.23659],[89.71055,25.23658],[89.71076,25.23694],[89.71056,25.23695],[89.71057,25.23767],[89.71137,25.23765],[89.71138,25.23801],[89.71098,25.23802],[89.71098,25.2382],[89.71078,25.2382],[89.7108,25.23875],[89.71099,25.23874],[89.711,25.2391],[89.7116,25.23909],[89.71161,25.23963],[89.71181,25.23963],[89.71181,25.23981],[89.71201,25.23981]]]}},{"type":"Feature","properties":{"kind":"land","ha":6.3},"geometry":{"type":"Polygon","coordinates":[[[89.61818,25.2415],[89.61837,25.24114],[89.61857,25.24113],[89.61857,25.24095],[89.61877,25.24095],[89.61876,25.24077],[89.61955,25.24075],[89.61975,25.24039],[89.61994,25.24039],[89.61994,25.24021],[89.62034,25.2402],[89.62033,25.24002],[89.62053,25.24001],[89.62052,25.23965],[89.62072,25.23965],[89.6207,25.23875],[89.61971,25.23877],[89.6195,25.23841],[89.61931,25.23841],[89.6193,25.23823],[89.6191,25.23823],[89.6191,25.23805],[89.6189,25.23806],[89.6189,25.23788],[89.6187,25.23788],[89.61869,25.23752],[89.6179,25.23753],[89.6179,25.23771],[89.61751,25.23772],[89.61731,25.23809],[89.61712,25.23809],[89.61713,25.23863],[89.61733,25.23863],[89.61734,25.23935],[89.61754,25.23935],[89.61756,25.24007],[89.61775,25.24006],[89.61773,25.2388],[89.61812,25.23879],[89.61813,25.23897],[89.61872,25.23896],[89.61873,25.23914],[89.61912,25.23914],[89.61913,25.2395],[89.61933,25.23949],[89.61933,25.23931],[89.61972,25.23931],[89.61973,25.23949],[89.61992,25.23948],[89.61993,25.23984],[89.61954,25.24003],[89.61954,25.24021],[89.61934,25.24022],[89.61935,25.2404],[89.61915,25.2404],[89.61915,25.24058],[89.61896,25.24058],[89.61895,25.24022],[89.61875,25.24023],[89.61875,25.24005],[89.61835,25.24005],[89.61836,25.24041],[89.61816,25.24042],[89.61817,25.24078],[89.61797,25.24078],[89.61798,25.24132],[89.61778,25.24133],[89.61778,25.24151],[89.61818,25.2415]]]}},{"type":"Feature","properties":{"kind":"land","ha":11.1},"geometry":{"type":"Polygon","coordinates":[[[89.62573,25.24173],[89.62572,25.24155],[89.62592,25.24154],[89.62592,25.24136],[89.62572,25.24137],[89.6257,25.24064],[89.6261,25.24064],[89.62609,25.23992],[89.62589,25.23992],[89.62588,25.23974],[89.62549,25.23993],[89.62549,25.24011],[89.62589,25.2401],[89.6259,25.24028],[89.6255,25.24047],[89.62551,25.24101],[89.62472,25.24102],[89.62472,25.24084],[89.62432,25.24085],[89.62432,25.24067],[89.62412,25.24067],[89.62411,25.24031],[89.6245,25.24012],[89.62449,25.23976],[89.62489,25.23958],[89.62488,25.2394],[89.62528,25.23939],[89.62528,25.23921],[89.62587,25.2392],[89.62586,25.23884],[89.62547,25.23902],[89.62527,25.23867],[89.62507,25.23867],[89.62506,25.23849],[89.62486,25.23849],[89.62506,25.23813],[89.62486,25.23813],[89.62484,25.23741],[89.62464,25.23741],[89.62465,25.23796],[89.62446,25.23796],[89.62446,25.23832],[89.62466,25.23832],[89.62467,25.2385],[89.62407,25.23851],[89.62407,25.23869],[89.62348,25.2387],[89.62347,25.23816],[89.62307,25.23816],[89.62307,25.23798],[89.62247,25.23799],[89.62228,25.23836],[89.62248,25.23836],[89.62249,25.23872],[89.62288,25.23871],[89.62289,25.23907],[89.62428,25.23905],[89.6243,25.23995],[89.62351,25.24014],[89.62351,25.24032],[89.62371,25.24032],[89.62372,25.24068],[89.62392,25.24068],[89.62393,25.24104],[89.62433,25.24121],[89.62433,25.24139],[89.62453,25.24139],[89.62454,25.24193],[89.62494,25.2421],[89.62495,25.24228],[89.62514,25.24228],[89.62515,25.24246],[89.62535,25.24246],[89.62556,25.24317],[89.62576,25.24317],[89.62577,25.24371],[89.62617,25.24389],[89.62617,25.24407],[89.62637,25.24406],[89.62638,25.24442],[89.62658,25.24442],[89.62659,25.24514],[89.62679,25.24514],[89.6268,25.24532],[89.627,25.24531],[89.62699,25.24513],[89.62739,25.24513],[89.62738,25.24495],[89.62779,25.24512],[89.62778,25.24494],[89.62818,25.24493],[89.62817,25.24475],[89.62798,25.24476],[89.62797,25.24439],[89.62757,25.2444],[89.62757,25.24422],[89.62737,25.24422],[89.62735,25.2435],[89.62716,25.24351],[89.62715,25.24315],[89.62854,25.24312],[89.62853,25.24294],[89.62833,25.24294],[89.62833,25.24258],[89.62714,25.2426],[89.62713,25.24224],[89.62673,25.24207],[89.62672,25.24171],[89.62652,25.24171],[89.62652,25.24153],[89.62612,25.24154],[89.62613,25.24208],[89.62534,25.24209],[89.62533,25.24173],[89.62573,25.24173]],[[89.62653,25.24207],[89.62654,25.24243],[89.62614,25.24244],[89.62613,25.24208],[89.62653,25.24207]],[[89.62493,25.24174],[89.62493,25.24138],[89.62533,25.24155],[89.62533,25.24173],[89.62493,25.24174]],[[89.62677,25.24387],[89.62657,25.24388],[89.62656,25.2437],[89.62696,25.24351],[89.62717,25.24423],[89.62677,25.24424],[89.62677,25.24387]],[[89.62654,25.2428],[89.62635,25.2428],[89.62634,25.24262],[89.62694,25.24261],[89.62694,25.24279],[89.62674,25.24279],[89.62675,25.24315],[89.62655,25.24316],[89.62654,25.2428]]]}},{"type":"Feature","properties":{"kind":"land","ha":2.2},"geometry":{"type":"Polygon","coordinates":[[[89.67468,25.23886],[89.67468,25.23868],[89.67488,25.23868],[89.67487,25.23832],[89.67546,25.23831],[89.67546,25.23813],[89.67526,25.23813],[89.67525,25.23759],[89.67545,25.23759],[89.67544,25.23722],[89.67564,25.23722],[89.67563,25.23686],[89.67603,25.23685],[89.67602,25.23649],[89.67582,25.2365],[89.67582,25.23632],[89.67542,25.2365],[89.67543,25.23668],[89.67503,25.23651],[89.67503,25.23669],[89.67483,25.23669],[89.67484,25.23687],[89.67504,25.23687],[89.67504,25.23723],[89.67465,25.23742],[89.67466,25.23796],[89.67407,25.23797],[89.67408,25.23851],[89.67388,25.23852],[89.67389,25.2387],[89.67429,25.23887],[89.67429,25.23905],[89.67468,25.23886]]]}},{"type":"Feature","properties":{"kind":"land","ha":1.6},"geometry":{"type":"Polygon","coordinates":[[[89.64449,25.23742],[89.64448,25.23688],[89.64408,25.23671],[89.64407,25.23653],[89.64387,25.23653],[89.64387,25.23635],[89.64367,25.23635],[89.64365,25.23545],[89.64325,25.23546],[89.64326,25.23582],[89.64287,25.23601],[89.64287,25.23619],[89.64267,25.23619],[89.64268,25.23637],[89.64248,25.23637],[89.64248,25.23655],[89.64229,25.23656],[89.6421,25.23728],[89.6425,25.23728],[89.64249,25.23692],[89.64288,25.23673],[89.64288,25.23655],[89.64308,25.23654],[89.64308,25.23636],[89.64347,25.23636],[89.64368,25.23671],[89.64388,25.23671],[89.64388,25.23707],[89.64428,25.23706],[89.64429,25.23742],[89.64449,25.23742]]]}},{"type":"Feature","properties":{"kind":"land","ha":2.2},"geometry":{"type":"Polygon","coordinates":[[[89.6544,25.23688],[89.65439,25.23652],[89.65459,25.23652],[89.65458,25.23634],[89.65478,25.23633],[89.65478,25.23597],[89.65497,25.23597],[89.65496,25.23543],[89.65516,25.23542],[89.65516,25.23524],[89.65535,25.23524],[89.65537,25.23578],[89.65577,25.23596],[89.65575,25.23523],[89.65555,25.23524],[89.65555,25.23488],[89.65515,25.23488],[89.65496,25.23525],[89.65476,25.23525],[89.65477,25.23579],[89.65457,25.2358],[89.65458,25.23616],[89.65438,25.23616],[89.65439,25.23634],[89.65379,25.23635],[89.65379,25.23617],[89.65339,25.23618],[89.65318,25.23582],[89.65219,25.23584],[89.6522,25.23602],[89.652,25.23602],[89.65201,25.23638],[89.6524,25.23638],[89.65241,25.23656],[89.65399,25.23653],[89.6542,25.23689],[89.6544,25.23688]]]}},{"type":"Feature","properties":{"kind":"land","ha":5.2},"geometry":{"type":"Polygon","coordinates":[[[89.71791,25.23717],[89.71789,25.23663],[89.71829,25.2368],[89.7183,25.23698],[89.71889,25.23697],[89.7189,25.23715],[89.7191,25.23715],[89.71909,25.23697],[89.71969,25.23696],[89.71968,25.2366],[89.72087,25.23657],[89.72086,25.23621],[89.72106,25.23621],[89.72105,25.23603],[89.72145,25.23602],[89.72145,25.23584],[89.72085,25.23585],[89.72084,25.23531],[89.72064,25.23532],[89.72063,25.23495],[89.72044,25.23496],[89.72044,25.23514],[89.72004,25.23515],[89.72005,25.23569],[89.71966,25.23588],[89.71967,25.23624],[89.71927,25.23624],[89.71908,25.23661],[89.71888,25.23661],[89.71888,25.23643],[89.71868,25.23643],[89.71867,25.23571],[89.71827,25.23554],[89.71825,25.235],[89.71785,25.23483],[89.71784,25.23446],[89.71745,25.23447],[89.71744,25.23411],[89.71704,25.23394],[89.71704,25.23376],[89.71684,25.23376],[89.71705,25.23448],[89.71745,25.23465],[89.71748,25.23592],[89.71768,25.23591],[89.7177,25.23699],[89.7175,25.237],[89.71751,25.23736],[89.71791,25.23717]],[[89.72026,25.23604],[89.72046,25.23604],[89.72046,25.23622],[89.72027,25.23623],[89.72026,25.23604]]]}},{"type":"Feature","properties":{"kind":"land","ha":8.7},"geometry":{"type":"Polygon","coordinates":[[[89.67745,25.23845],[89.67744,25.23809],[89.67764,25.23809],[89.67764,25.23791],[89.67882,25.2377],[89.67882,25.23752],[89.67942,25.23751],[89.67961,25.23715],[89.68,25.23714],[89.68021,25.2375],[89.68041,25.2375],[89.68042,25.23786],[89.68061,25.23785],[89.68061,25.23749],[89.6808,25.23749],[89.6806,25.23713],[89.6804,25.23713],[89.6804,25.23695],[89.68,25.23696],[89.67979,25.2366],[89.67959,25.23661],[89.67959,25.23643],[89.67939,25.23643],[89.67938,25.23589],[89.67918,25.23589],[89.67917,25.23517],[89.67877,25.235],[89.67876,25.23464],[89.67856,25.23464],[89.67855,25.23446],[89.67816,25.23447],[89.67815,25.23429],[89.67776,25.23448],[89.67777,25.23484],[89.67797,25.23483],[89.67798,25.23537],[89.67778,25.23538],[89.67779,25.23556],[89.67739,25.23556],[89.6772,25.23593],[89.677,25.23593],[89.67682,25.23666],[89.67662,25.23666],[89.67665,25.23829],[89.67646,25.23829],[89.67646,25.23847],[89.67705,25.23846],[89.67706,25.23864],[89.67745,25.23845]],[[89.67878,25.2359],[89.67879,25.23608],[89.67919,25.23607],[89.679,25.23644],[89.6788,25.23644],[89.67879,25.23626],[89.67859,25.23627],[89.67859,25.2359],[89.67878,25.2359]],[[89.67839,25.23591],[89.67838,25.23555],[89.67858,25.23554],[89.67859,25.2359],[89.67839,25.23591]],[[89.67818,25.23555],[89.67818,25.23537],[89.67838,25.23537],[89.67838,25.23555],[89.67818,25.23555]]]}},{"type":"Feature","properties":{"kind":"land","ha":3.6},"geometry":{"type":"Polygon","coordinates":[[[89.71532,25.23686],[89.71529,25.23541],[89.71548,25.23541],[89.71549,25.23559],[89.71589,25.23558],[89.71586,25.2345],[89.71606,25.2345],[89.71605,25.23396],[89.71625,25.23395],[89.71624,25.23377],[89.71684,25.23376],[89.71683,25.23358],[89.71604,25.2336],[89.71604,25.23342],[89.71564,25.23342],[89.71564,25.2336],[89.71544,25.23361],[89.71544,25.23343],[89.71524,25.23343],[89.71525,25.23397],[89.71506,25.23397],[89.71506,25.23434],[89.71467,25.23452],[89.71468,25.2347],[89.71348,25.23455],[89.71349,25.23491],[89.71369,25.2349],[89.71369,25.23508],[89.71409,25.23508],[89.71409,25.23526],[89.71469,25.23524],[89.71468,25.23506],[89.71488,25.23506],[89.71489,25.23524],[89.71508,25.23524],[89.71509,25.2356],[89.71489,25.2356],[89.71491,25.2365],[89.71511,25.2365],[89.71512,25.23686],[89.71532,25.23686]]]}},{"type":"Feature","properties":{"kind":"land","ha":1.1},"geometry":{"type":"Polygon","coordinates":[[[89.62997,25.23606],[89.62997,25.23588],[89.63036,25.23587],[89.63036,25.23569],[89.62956,25.23552],[89.62956,25.23534],[89.62916,25.23535],[89.62896,25.23499],[89.62876,25.23499],[89.62875,25.23481],[89.62836,25.23482],[89.62835,25.23464],[89.62816,25.23464],[89.62816,25.23501],[89.62856,25.23518],[89.62857,25.23554],[89.62877,25.23554],[89.62877,25.23572],[89.62937,25.23571],[89.62937,25.23589],[89.62977,25.23588],[89.62977,25.23606],[89.62997,25.23606]]]}},{"type":"Feature","properties":{"kind":"land","ha":2.0},"geometry":{"type":"Polygon","coordinates":[[[89.61646,25.23539],[89.61646,25.23521],[89.61686,25.23521],[89.61684,25.23467],[89.61644,25.23449],[89.61645,25.23467],[89.61605,25.23468],[89.61605,25.2345],[89.61625,25.2345],[89.61624,25.23413],[89.61564,25.23414],[89.61563,25.23378],[89.61524,25.23379],[89.61524,25.23397],[89.61504,25.23397],[89.61506,25.23452],[89.61525,25.23451],[89.61526,25.23487],[89.61506,25.23488],[89.61507,25.23524],[89.61547,25.23523],[89.61547,25.23541],[89.61646,25.23539]],[[89.61545,25.23433],[89.61585,25.2345],[89.61585,25.23468],[89.61546,25.23469],[89.61545,25.23433]]]}},{"type":"Feature","properties":{"kind":"land","ha":1.2},"geometry":{"type":"Polygon","coordinates":[[[89.67796,25.23429],[89.67794,25.23375],[89.67775,25.23375],[89.67774,25.23339],[89.67754,25.2334],[89.67754,25.23322],[89.67734,25.23322],[89.67753,25.23286],[89.67733,25.23286],[89.67733,25.23268],[89.67693,25.23269],[89.67672,25.23233],[89.67652,25.23233],[89.67652,25.23215],[89.67632,25.23216],[89.67633,25.23252],[89.67653,25.23251],[89.67654,25.23305],[89.67694,25.23323],[89.67694,25.23341],[89.67714,25.2334],[89.67715,25.23358],[89.67734,25.23358],[89.67735,25.23394],[89.67775,25.23411],[89.67776,25.23429],[89.67796,25.23429]]]}},{"type":"Feature","properties":{"kind":"land","ha":2.9},"geometry":{"type":"Polygon","coordinates":[[[89.71046,25.23243],[89.71046,25.23262],[89.71086,25.23261],[89.71087,25.23297],[89.71126,25.23296],[89.71128,25.2335],[89.71167,25.2335],[89.71168,25.23368],[89.71187,25.23367],[89.71185,25.23277],[89.71205,25.23277],[89.71203,25.23168],[89.71223,25.23168],[89.71222,25.23132],[89.71281,25.23131],[89.71282,25.23149],[89.71302,25.23149],[89.713,25.23094],[89.7132,25.23094],[89.71319,25.23058],[89.713,25.23058],[89.713,25.23076],[89.71241,25.23077],[89.71221,25.23114],[89.71202,25.23114],[89.71202,25.23132],[89.71182,25.23133],[89.71183,25.23151],[89.71163,25.23151],[89.71163,25.23169],[89.71084,25.23171],[89.71085,25.23225],[89.71046,25.23243]],[[89.71125,25.23224],[89.71125,25.23242],[89.71085,25.23243],[89.71085,25.23225],[89.71125,25.23224]]]}},{"type":"Feature","properties":{"kind":"land","ha":1.0},"geometry":{"type":"Polygon","coordinates":[[[89.62195,25.23223],[89.62195,25.23205],[89.62215,25.23204],[89.62214,25.23168],[89.62194,25.23169],[89.62193,25.23115],[89.62213,25.23114],[89.62212,25.23096],[89.62252,25.23095],[89.62251,25.23059],[89.62192,25.2306],[89.62192,25.23096],[89.62173,25.23097],[89.62173,25.23115],[89.62113,25.23116],[89.62134,25.23152],[89.62174,25.23151],[89.62155,25.23187],[89.62135,25.23188],[89.62155,25.23224],[89.62195,25.23223]]]}},{"type":"Feature","properties":{"kind":"land","ha":1.2},"geometry":{"type":"Polygon","coordinates":[[[89.71479,25.23091],[89.71478,25.23055],[89.71458,25.23055],[89.71455,25.22929],[89.71436,25.22929],[89.71435,25.22893],[89.71415,25.22894],[89.71415,25.22876],[89.71395,25.22876],[89.71396,25.2293],[89.71376,25.22931],[89.71376,25.22913],[89.71336,25.22913],[89.71336,25.22931],[89.71317,25.22932],[89.71317,25.22968],[89.71436,25.22966],[89.71438,25.23038],[89.71418,25.23038],[89.71419,25.23074],[89.71459,25.23073],[89.71459,25.23091],[89.71479,25.23091]]]}},{"type":"Feature","properties":{"kind":"land","ha":3.3},"geometry":{"type":"Polygon","coordinates":[[[89.63325,25.23167],[89.63344,25.2313],[89.63503,25.23127],[89.63502,25.23091],[89.63482,25.23092],[89.63483,25.2311],[89.63443,25.2311],[89.63443,25.23092],[89.63403,25.23093],[89.63402,25.23075],[89.63383,25.23075],[89.63382,25.23057],[89.63343,25.23058],[89.63343,25.23076],[89.63323,25.23076],[89.63323,25.23058],[89.63303,25.23059],[89.63302,25.23005],[89.63203,25.23006],[89.63183,25.23043],[89.63223,25.23042],[89.63224,25.2306],[89.63204,25.2306],[89.63204,25.23097],[89.63145,25.23098],[89.63146,25.23134],[89.63166,25.23133],[89.63166,25.23151],[89.63206,25.23151],[89.63206,25.23169],[89.63325,25.23167]]]}},{"type":"Feature","properties":{"kind":"land","ha":2.8},"geometry":{"type":"Polygon","coordinates":[[[89.67056,25.23172],[89.67053,25.23045],[89.67092,25.23027],[89.67091,25.22973],[89.67131,25.22972],[89.67112,25.23008],[89.67132,25.23008],[89.67132,25.23026],[89.67112,25.23026],[89.67112,25.23044],[89.67153,25.23062],[89.6715,25.22935],[89.6713,25.22936],[89.67129,25.229],[89.67109,25.229],[89.67111,25.22954],[89.67071,25.22955],[89.67071,25.22973],[89.66952,25.22957],[89.66953,25.23011],[89.66914,25.2303],[89.66916,25.2312],[89.66936,25.2312],[89.66935,25.23084],[89.66955,25.23083],[89.66954,25.23065],[89.66994,25.23065],[89.66994,25.23083],[89.67014,25.23082],[89.67016,25.23154],[89.67036,25.23154],[89.67036,25.23172],[89.67056,25.23172]]]}},{"type":"Feature","properties":{"kind":"land","ha":1.5},"geometry":{"type":"Polygon","coordinates":[[[89.62927,25.23101],[89.62926,25.23083],[89.62946,25.23083],[89.62947,25.23101],[89.62986,25.231],[89.62986,25.23082],[89.63026,25.23082],[89.63025,25.23046],[89.63005,25.23046],[89.63005,25.23064],[89.62926,25.23065],[89.62926,25.23047],[89.62906,25.23048],[89.62906,25.23066],[89.62827,25.23067],[89.62825,25.22995],[89.62786,25.22996],[89.62765,25.2296],[89.62745,25.2296],[89.62746,25.23014],[89.62766,25.23014],[89.62767,25.23032],[89.62747,25.23032],[89.62747,25.23051],[89.62787,25.2305],[89.62788,25.23086],[89.62827,25.23085],[89.62828,25.23103],[89.62927,25.23101]]]}},{"type":"Feature","properties":{"kind":"land","ha":1.2},"geometry":{"type":"Polygon","coordinates":[[[89.62471,25.23128],[89.62469,25.23055],[89.62489,25.23055],[89.62488,25.23019],[89.62469,25.23019],[89.62468,25.23001],[89.62488,25.23001],[89.62488,25.22983],[89.62468,25.22983],[89.62467,25.22965],[89.62507,25.22965],[89.62507,25.22947],[89.62387,25.22931],[89.62388,25.22949],[89.62408,25.22948],[89.62409,25.23038],[89.62429,25.23038],[89.6243,25.23074],[89.6245,25.23074],[89.62451,25.23128],[89.62471,25.23128]]]}},{"type":"Feature","properties":{"kind":"land","ha":4.4},"geometry":{"type":"Polygon","coordinates":[[[89.65525,25.23037],[89.65545,25.23037],[89.65545,25.23073],[89.65605,25.23072],[89.65605,25.23054],[89.65585,25.23054],[89.65583,25.22982],[89.65603,25.22981],[89.65603,25.22963],[89.65662,25.22962],[89.65662,25.22944],[89.65682,25.22944],[89.65684,25.23034],[89.65723,25.23015],[89.65722,25.22997],[89.65742,25.22997],[89.65741,25.22925],[89.65681,25.22926],[89.6568,25.2289],[89.657,25.22889],[89.657,25.22871],[89.6568,25.22872],[89.65679,25.22836],[89.65659,25.22836],[89.65678,25.228],[89.65698,25.22799],[89.65697,25.22763],[89.65658,25.22782],[89.65659,25.228],[89.65619,25.22801],[89.65619,25.22819],[89.6558,25.22819],[89.6558,25.22837],[89.6556,25.22838],[89.6556,25.2282],[89.6552,25.2282],[89.65521,25.22838],[89.65461,25.2284],[89.65461,25.22858],[89.65422,25.22858],[89.65422,25.22876],[89.65482,25.22875],[89.65481,25.22857],[89.65521,25.22857],[89.65521,25.22875],[89.65541,25.22874],[89.65542,25.22892],[89.65482,25.22893],[89.65482,25.22911],[89.65443,25.22912],[89.65443,25.2293],[89.65483,25.22947],[89.65483,25.22929],[89.65503,25.22929],[89.65504,25.23001],[89.65524,25.23001],[89.65525,25.23037]],[[89.65523,25.22965],[89.65543,25.22964],[89.65542,25.22928],[89.65562,25.22928],[89.65564,25.23018],[89.65544,25.23019],[89.65544,25.23001],[89.65524,25.23001],[89.65523,25.22965]]]}},{"type":"Feature","properties":{"kind":"land","ha":3.8},"geometry":{"type":"Polygon","coordinates":[[[89.70369,25.23166],[89.70369,25.2313],[89.70428,25.23128],[89.70429,25.23165],[89.70449,25.23164],[89.70427,25.23056],[89.70506,25.23055],[89.70505,25.23019],[89.70485,25.23019],[89.70485,25.23001],[89.70505,25.23001],[89.70504,25.22965],[89.70543,25.22946],[89.70543,25.22928],[89.70563,25.22927],[89.70562,25.22909],[89.70602,25.22909],[89.70602,25.22927],[89.70662,25.22926],[89.70661,25.2289],[89.707,25.22871],[89.707,25.22853],[89.7072,25.22852],[89.70719,25.22834],[89.70759,25.22834],[89.70778,25.22797],[89.70798,25.22797],[89.70797,25.22779],[89.70817,25.22778],[89.70817,25.2276],[89.70777,25.22761],[89.70777,25.22743],[89.70757,25.22743],[89.70755,25.22671],[89.70716,25.2269],[89.70716,25.22708],[89.70697,25.22708],[89.70697,25.22726],[89.70657,25.22727],[89.70658,25.22763],[89.70678,25.22763],[89.7068,25.22835],[89.7064,25.22854],[89.70641,25.22872],[89.70561,25.22873],[89.70542,25.2291],[89.70503,25.22911],[89.70484,25.22983],[89.70465,25.22983],[89.70465,25.23019],[89.70446,25.2302],[89.70446,25.23038],[89.70406,25.23039],[89.70407,25.23075],[89.70368,25.23093],[89.70368,25.23112],[89.70348,25.23112],[89.7035,25.23166],[89.70369,25.23166]]]}},{"type":"Feature","properties":{"kind":"land","ha":1.1},"geometry":{"type":"Polygon","coordinates":[[[89.67208,25.2288],[89.67207,25.22826],[89.67187,25.22826],[89.67186,25.2279],[89.67166,25.22791],[89.67165,25.22737],[89.67145,25.22737],[89.67145,25.22719],[89.67105,25.2272],[89.67106,25.22738],[89.67126,25.22737],[89.67127,25.22791],[89.67107,25.22792],[89.67107,25.2281],[89.67127,25.2281],[89.67129,25.22882],[89.67208,25.2288]]]}},{"type":"Feature","properties":{"kind":"land","ha":1.4},"geometry":{"type":"Polygon","coordinates":[[[89.66871,25.22868],[89.66869,25.22814],[89.66889,25.22814],[89.66889,25.22796],[89.66928,25.22795],[89.66908,25.22759],[89.66947,25.22741],[89.66945,25.2265],[89.66925,25.22651],[89.66926,25.22687],[89.66887,25.22706],[89.66887,25.22724],[89.66848,25.22724],[89.66848,25.22742],[89.66888,25.22742],[89.66888,25.2276],[89.66848,25.2276],[89.66849,25.22796],[89.6681,25.22815],[89.6681,25.22833],[89.6679,25.22834],[89.66791,25.22852],[89.6683,25.22851],[89.66831,25.22887],[89.66871,25.22868]]]}},{"type":"Feature","properties":{"kind":"land","ha":5.1},"geometry":{"type":"Polygon","coordinates":[[[89.71292,25.22734],[89.71312,25.22733],[89.71331,25.22697],[89.71351,25.22696],[89.7135,25.2266],[89.7139,25.22642],[89.71369,25.22606],[89.71329,25.22607],[89.71329,25.22589],[89.71349,25.22588],[89.71347,25.22516],[89.71387,25.22515],[89.71386,25.22479],[89.71287,25.22481],[89.71286,25.22463],[89.71267,25.22463],[89.71266,25.22427],[89.71206,25.22428],[89.71207,25.22464],[89.71168,25.22483],[89.71168,25.22501],[89.71129,25.22502],[89.71128,25.22484],[89.71049,25.22485],[89.71049,25.22503],[89.71089,25.22503],[89.71089,25.22521],[89.71109,25.2252],[89.7111,25.22538],[89.71149,25.22538],[89.71151,25.22628],[89.71131,25.22628],[89.71132,25.22646],[89.71171,25.22646],[89.7117,25.22591],[89.7119,25.22591],[89.7119,25.22573],[89.71249,25.22572],[89.7125,25.2259],[89.7123,25.2259],[89.71232,25.22699],[89.71212,25.22699],[89.71213,25.22735],[89.71193,25.22735],[89.71194,25.22771],[89.71233,25.22753],[89.71252,25.2268],[89.71291,25.22679],[89.71292,25.22734]],[[89.71291,25.22661],[89.71311,25.22661],[89.71311,25.22679],[89.71291,25.22679],[89.71291,25.22661]],[[89.71269,25.22554],[89.71288,25.22553],[89.71289,25.22589],[89.71269,25.2259],[89.71269,25.22554]]]}},{"type":"Feature","properties":{"kind":"land","ha":1.2},"geometry":{"type":"Polygon","coordinates":[[[89.62936,25.22596],[89.62935,25.22542],[89.62895,25.22524],[89.62894,25.22506],[89.62815,25.22508],[89.62814,25.2249],[89.62795,25.2249],[89.62817,25.22598],[89.62936,25.22596]]]}},{"type":"Feature","properties":{"kind":"land","ha":3.4},"geometry":{"type":"Polygon","coordinates":[[[89.6538,25.22751],[89.65379,25.22733],[89.65399,25.22732],[89.65378,25.22661],[89.65398,25.2266],[89.65397,25.22642],[89.65437,25.22641],[89.65456,25.22605],[89.65476,25.22605],[89.65475,25.22587],[89.65515,25.22586],[89.65514,25.2255],[89.65474,25.22532],[89.65471,25.22406],[89.65432,25.22425],[89.65433,25.22443],[89.65413,25.22443],[89.65413,25.22461],[89.65393,25.22462],[89.65375,25.22534],[89.65355,25.22535],[89.65356,25.22553],[89.65375,25.22552],[89.65377,25.22606],[89.65317,25.22608],[89.65317,25.22626],[89.65298,25.22626],[89.65298,25.22644],[89.65338,25.22643],[89.65339,25.22679],[89.65319,25.2268],[89.6532,25.22752],[89.6534,25.22751],[89.6534,25.2277],[89.6538,25.22751]]]}},{"type":"Feature","properties":{"kind":"land","ha":1.8},"geometry":{"type":"Polygon","coordinates":[[[89.60216,25.22536],[89.60215,25.22482],[89.60274,25.22481],[89.60274,25.22463],[89.60115,25.22447],[89.60116,25.22483],[89.60096,25.22484],[89.60095,25.2243],[89.60114,25.22429],[89.60114,25.22393],[89.60094,25.22394],[89.60075,25.2243],[89.60035,25.22431],[89.60036,25.22449],[89.60016,25.22449],[89.60016,25.22485],[89.60096,25.22502],[89.60097,25.22538],[89.60216,25.22536]]]}},{"type":"Feature","properties":{"kind":"land","ha":22.2},"geometry":{"type":"Polygon","coordinates":[[[89.63398,25.22876],[89.63398,25.22858],[89.63378,25.22859],[89.63397,25.22822],[89.63377,25.22823],[89.63376,25.22769],[89.63416,25.22768],[89.63415,25.2275],[89.63435,25.22749],[89.63436,25.22768],[89.63455,25.22767],[89.63474,25.22695],[89.63434,25.22695],[89.63434,25.22713],[89.63375,25.22714],[89.63376,25.22751],[89.63316,25.22752],[89.63316,25.22734],[89.63355,25.22733],[89.63354,25.22679],[89.63295,25.2268],[89.63295,25.22716],[89.63276,25.22716],[89.63275,25.2268],[89.63215,25.22681],[89.63215,25.22663],[89.63195,25.22664],[89.63192,25.22519],[89.63152,25.2252],[89.63153,25.22538],[89.63073,25.22539],[89.63073,25.22521],[89.63014,25.22522],[89.62994,25.22559],[89.62975,25.22559],[89.62975,25.22577],[89.62995,25.22577],[89.62996,25.22649],[89.62957,25.22668],[89.62958,25.22686],[89.63036,25.22666],[89.63038,25.2272],[89.62958,25.22722],[89.62958,25.22704],[89.62898,25.22705],[89.62898,25.22687],[89.62858,25.22688],[89.62858,25.2267],[89.62798,25.22671],[89.62799,25.22707],[89.62779,25.22707],[89.6278,25.22725],[89.62641,25.22728],[89.6266,25.22691],[89.6262,25.22692],[89.62621,25.22728],[89.62601,25.22728],[89.62602,25.22746],[89.62562,25.22747],[89.62562,25.22765],[89.62543,25.22765],[89.62542,25.22747],[89.62502,25.22748],[89.62482,25.22712],[89.62462,25.22713],[89.62481,25.22676],[89.62501,25.22676],[89.62501,25.22658],[89.6256,25.22657],[89.6256,25.22639],[89.62579,25.22638],[89.6258,25.22656],[89.62639,25.22655],[89.62639,25.22637],[89.62698,25.22636],[89.62719,25.22672],[89.62739,25.22672],[89.62737,25.22599],[89.62678,25.22601],[89.62678,25.22619],[89.62639,25.22619],[89.62658,25.22583],[89.62677,25.22582],[89.62677,25.22546],[89.62597,25.2253],[89.62576,25.22494],[89.62537,25.22495],[89.62537,25.22513],[89.62517,25.22513],[89.62516,25.22477],[89.62556,25.22476],[89.62556,25.22458],[89.62476,25.22424],[89.62475,25.22388],[89.62415,25.22389],[89.62416,25.22407],[89.62336,25.22408],[89.62336,25.2239],[89.62277,25.22391],[89.62277,25.22409],[89.62237,25.2241],[89.62236,25.22374],[89.62276,25.22373],[89.62276,25.22355],[89.62216,25.22356],[89.62218,25.22428],[89.62238,25.22428],[89.62238,25.22446],[89.62278,25.22445],[89.62278,25.22481],[89.62298,25.22481],[89.62299,25.22517],[89.62259,25.22518],[89.6226,25.22554],[89.6228,25.22553],[89.62281,25.22608],[89.62341,25.22607],[89.62361,25.22642],[89.62401,25.22642],[89.62401,25.2266],[89.62421,25.22659],[89.62402,25.22696],[89.62382,25.22696],[89.62362,25.2266],[89.62342,25.22661],[89.62364,25.22769],[89.62384,25.22768],[89.62383,25.2275],[89.62463,25.22749],[89.62463,25.22767],[89.62503,25.22766],[89.62503,25.22784],[89.62543,25.22783],[89.62543,25.22801],[89.62583,25.22801],[89.62583,25.22819],[89.62603,25.22818],[89.62584,25.22855],[89.62683,25.22853],[89.62683,25.22817],[89.62663,25.22817],[89.62662,25.22799],[89.62682,25.22799],[89.62681,25.22745],[89.6282,25.22742],[89.6282,25.2276],[89.6286,25.2276],[89.6286,25.22778],[89.6288,25.22777],[89.62881,25.22795],[89.6292,25.22795],[89.62939,25.22758],[89.62999,25.22757],[89.62999,25.22775],[89.63039,25.22775],[89.63039,25.22793],[89.63158,25.22791],[89.63177,25.22754],[89.63197,25.22754],[89.63197,25.22772],[89.63356,25.22769],[89.63358,25.22841],[89.63318,25.22842],[89.63318,25.2286],[89.63358,25.22859],[89.63358,25.22877],[89.63398,25.22876]],[[89.63154,25.22592],[89.63174,25.22592],[89.63174,25.2261],[89.63154,25.2261],[89.63154,25.22592]],[[89.624,25.22587],[89.62439,25.22587],[89.6244,25.22605],[89.624,25.22605],[89.624,25.22587]]]}},{"type":"Feature","properties":{"kind":"land","ha":1.2},"geometry":{"type":"Polygon","coordinates":[[[89.62695,25.22456],[89.62714,25.22419],[89.62654,25.2242],[89.62654,25.22402],[89.62634,25.22403],[89.62633,25.22349],[89.62573,25.2235],[89.62574,25.22368],[89.62554,25.22368],[89.62553,25.2235],[89.62494,25.22351],[89.62494,25.22369],[89.62474,25.2237],[89.62475,25.22388],[89.62554,25.22386],[89.62555,25.22422],[89.62614,25.22421],[89.62615,25.22439],[89.62655,25.22439],[89.62655,25.22457],[89.62695,25.22456]]]}},{"type":"Feature","properties":{"kind":"land","ha":1.1},"geometry":{"type":"Polygon","coordinates":[[[89.68068,25.22287],[89.68067,25.22251],[89.68107,25.2225],[89.68128,25.22286],[89.68148,25.22286],[89.68147,25.2225],[89.68107,25.22232],[89.68106,25.22214],[89.68086,25.22215],[89.68086,25.22197],[89.68046,25.22197],[89.68026,25.22162],[89.67986,25.22162],[89.67987,25.22216],[89.68007,25.22216],[89.68008,25.22252],[89.68048,25.22269],[89.68048,25.22287],[89.68068,25.22287]]]}},{"type":"Feature","properties":{"kind":"land","ha":1.5},"geometry":{"type":"Polygon","coordinates":[[[89.62001,25.22486],[89.61998,25.22378],[89.61979,25.22378],[89.61975,25.22198],[89.61955,25.22198],[89.61956,25.2227],[89.61937,25.22271],[89.61938,25.22325],[89.61899,25.22344],[89.61899,25.22362],[89.61939,25.22361],[89.6194,25.22415],[89.619,25.22416],[89.61901,25.22452],[89.6194,25.22451],[89.61941,25.22469],[89.61961,25.22469],[89.6196,25.22433],[89.6198,25.22432],[89.61981,25.22487],[89.62001,25.22486]]]}},{"type":"Feature","properties":{"kind":"land","ha":1.0},"geometry":{"type":"Polygon","coordinates":[[[89.62175,25.22267],[89.62174,25.22248],[89.62214,25.22248],[89.62193,25.22212],[89.62233,25.22211],[89.62234,25.22247],[89.62254,25.22247],[89.62253,25.22211],[89.62273,25.22211],[89.62272,25.22193],[89.62252,25.22193],[89.62252,25.22157],[89.62232,25.22157],[89.62231,25.22139],[89.62212,25.2214],[89.62212,25.22176],[89.62173,25.22176],[89.62172,25.22158],[89.62152,25.22159],[89.62153,25.22177],[89.62133,25.22177],[89.62134,25.22213],[89.62154,25.22213],[89.62155,25.22267],[89.62175,25.22267]]]}},{"type":"Feature","properties":{"kind":"land","ha":8.2},"geometry":{"type":"Polygon","coordinates":[[[89.65676,25.22709],[89.65676,25.22691],[89.65696,25.22691],[89.65695,25.22655],[89.65715,25.22655],[89.65713,25.22564],[89.65733,25.22564],[89.65732,25.2251],[89.65752,25.22509],[89.6575,25.22455],[89.6577,25.22455],[89.65768,25.22365],[89.65788,25.22364],[89.65766,25.22257],[89.65786,25.22256],[89.65784,25.22166],[89.65804,25.22166],[89.65802,25.22093],[89.65841,25.22075],[89.6584,25.22039],[89.6586,25.22038],[89.6586,25.2202],[89.658,25.22021],[89.65801,25.22057],[89.65762,25.22076],[89.65763,25.22112],[89.65723,25.22113],[89.65704,25.22149],[89.65684,25.2215],[89.65685,25.22204],[89.65666,25.22204],[89.65667,25.22276],[89.65647,25.22277],[89.65652,25.22493],[89.65632,25.22494],[89.65633,25.22512],[89.65593,25.22512],[89.65592,25.22476],[89.65552,25.22459],[89.65571,25.22422],[89.65591,25.22422],[89.6559,25.22404],[89.65531,25.22405],[89.65533,25.22477],[89.65552,25.22477],[89.65553,25.22495],[89.65533,25.22495],[89.65533,25.22513],[89.65553,25.22513],[89.65554,25.22531],[89.65534,25.22531],[89.65535,25.22604],[89.65575,25.22603],[89.65594,25.22566],[89.65634,25.22566],[89.65633,25.22548],[89.65673,25.22565],[89.65675,25.22655],[89.65636,25.22674],[89.65637,25.22728],[89.65676,25.22709]]]}},{"type":"Feature","properties":{"kind":"land","ha":1.7},"geometry":{"type":"Polygon","coordinates":[[[89.61875,25.22182],[89.61875,25.22164],[89.61914,25.22163],[89.61913,25.22109],[89.61893,25.22109],[89.61894,25.22145],[89.61855,25.22146],[89.61852,25.22038],[89.61832,25.22038],[89.61831,25.21966],[89.61791,25.21966],[89.61791,25.21948],[89.61811,25.21948],[89.61809,25.21876],[89.61769,25.21877],[89.6177,25.21913],[89.6175,25.21913],[89.61752,25.21985],[89.61772,25.21985],[89.61773,25.22021],[89.61792,25.22021],[89.61794,25.22075],[89.61834,25.22092],[89.61835,25.22164],[89.61855,25.22164],[89.61855,25.22182],[89.61875,25.22182]]]}},{"type":"Feature","properties":{"kind":"land","ha":9.6},"geometry":{"type":"Polygon","coordinates":[[[89.69816,25.22346],[89.69815,25.22327],[89.69855,25.22327],[89.69874,25.2229],[89.69894,25.2229],[89.69893,25.22254],[89.69932,25.22235],[89.69931,25.22181],[89.69891,25.22182],[89.69892,25.22236],[89.69853,25.22237],[89.69853,25.22255],[89.69833,25.22255],[89.69813,25.22219],[89.69793,25.2222],[89.69792,25.22165],[89.69772,25.22166],[89.69771,25.22112],[89.69791,25.22111],[89.6979,25.22093],[89.6983,25.22093],[89.69829,25.22075],[89.6981,25.22075],[89.69805,25.21858],[89.69884,25.21857],[89.69884,25.21839],[89.69904,25.21839],[89.69902,25.21748],[89.69882,25.21749],[89.69883,25.21803],[89.69843,25.21786],[89.69844,25.2184],[89.69804,25.2184],[89.69803,25.21786],[89.69823,25.21786],[89.69822,25.2175],[89.69842,25.21749],[89.6984,25.21677],[89.69781,25.21678],[89.69781,25.21696],[89.69762,25.21697],[89.69743,25.21769],[89.69723,25.2177],[89.69724,25.21806],[89.69704,25.21806],[89.69705,25.21842],[89.69666,25.21861],[89.69648,25.21933],[89.69628,25.21934],[89.69629,25.22006],[89.69649,25.22006],[89.6965,25.22042],[89.6967,25.22041],[89.69671,25.22077],[89.69691,25.22077],[89.69692,25.22149],[89.69712,25.22149],[89.69715,25.22293],[89.69755,25.22311],[89.69756,25.22347],[89.69816,25.22346]],[[89.69767,25.21967],[89.69787,25.21967],[89.69788,25.22003],[89.69768,25.22003],[89.69767,25.21967]]]}},{"type":"Feature","properties":{"kind":"land","ha":4.8},"geometry":{"type":"Polygon","coordinates":[[[89.62647,25.22096],[89.62647,25.22078],[89.62667,25.22077],[89.62664,25.21969],[89.62684,25.21969],[89.62683,25.21897],[89.62702,25.21896],[89.62702,25.2186],[89.62741,25.21859],[89.62741,25.21841],[89.62681,25.21842],[89.62682,25.2186],[89.62642,25.21861],[89.62643,25.21897],[89.62603,25.21898],[89.62602,25.21862],[89.62543,25.21863],[89.62542,25.21827],[89.62503,25.21828],[89.62502,25.21809],[89.62423,25.21811],[89.62424,25.21883],[89.62464,25.21882],[89.62464,25.219],[89.62484,25.219],[89.62485,25.21936],[89.62505,25.21936],[89.62506,25.22008],[89.62526,25.22008],[89.62527,25.22026],[89.62507,25.22026],[89.62507,25.22044],[89.62527,25.22044],[89.62527,25.22062],[89.62587,25.22061],[89.62608,25.22096],[89.62647,25.22096]],[[89.62524,25.21881],[89.62563,25.21881],[89.62564,25.21899],[89.62524,25.21899],[89.62524,25.21881]]]}},{"type":"Feature","properties":{"kind":"land","ha":1.2},"geometry":{"type":"Polygon","coordinates":[[[89.63021,25.21945],[89.6302,25.21909],[89.63,25.21909],[89.63,25.21891],[89.63099,25.21889],[89.63118,25.21853],[89.63158,25.21852],[89.63157,25.21816],[89.63177,25.21816],[89.63177,25.21797],[89.63137,25.21798],[89.63137,25.21816],[89.63117,25.21817],[89.63117,25.21781],[89.63097,25.21781],[89.63098,25.21835],[89.63019,25.21854],[89.63019,25.21872],[89.6296,25.21874],[89.62941,25.2191],[89.62961,25.2191],[89.62961,25.21928],[89.63001,25.21927],[89.63001,25.21945],[89.63021,25.21945]]]}},{"type":"Feature","properties":{"kind":"land","ha":1.4},"geometry":{"type":"Polygon","coordinates":[[[89.66133,25.21817],[89.66133,25.21799],[89.66173,25.21798],[89.66192,25.21762],[89.66231,25.21761],[89.6623,25.21725],[89.66191,25.21743],[89.66191,25.21725],[89.66111,25.21727],[89.66112,25.21745],[89.66092,25.21745],[89.66091,25.21709],[89.66111,25.21709],[89.66111,25.21691],[89.66071,25.21691],[89.66072,25.21728],[89.66052,25.21728],[89.66054,25.21818],[89.66133,25.21817]]]}},{"type":"Feature","properties":{"kind":"land","ha":2.1},"geometry":{"type":"Polygon","coordinates":[[[89.62069,25.21944],[89.62068,25.21907],[89.62088,25.21907],[89.62086,25.21835],[89.62046,25.21836],[89.62045,25.21763],[89.62065,25.21763],[89.62064,25.21727],[89.62004,25.21728],[89.62004,25.21692],[89.61984,25.21692],[89.61984,25.2171],[89.61964,25.21711],[89.61967,25.21819],[89.61947,25.21819],[89.61947,25.21837],[89.61967,25.21837],[89.61968,25.21891],[89.62007,25.21872],[89.62028,25.21908],[89.62048,25.21908],[89.62049,25.21944],[89.62069,25.21944]]]}},{"type":"Feature","properties":{"kind":"land","ha":7.5},"geometry":{"type":"Polygon","coordinates":[[[89.62151,25.22105],[89.62151,25.22086],[89.62171,25.22086],[89.6217,25.22068],[89.6219,25.22068],[89.6219,25.2205],[89.6217,25.2205],[89.62169,25.21996],[89.62208,25.21977],[89.62208,25.21959],[89.62228,25.21959],[89.62226,25.21887],[89.62246,25.21886],[89.62246,25.21904],[89.62286,25.21904],[89.62288,25.22012],[89.62308,25.22011],[89.6231,25.22084],[89.62369,25.22083],[89.62366,25.2192],[89.62385,25.2192],[89.62385,25.21902],[89.62345,25.21884],[89.62344,25.2183],[89.62284,25.21831],[89.62283,25.21759],[89.62303,25.21759],[89.62302,25.21723],[89.62282,25.21723],[89.62281,25.21687],[89.62222,25.21688],[89.62221,25.21652],[89.62181,25.21653],[89.62181,25.21635],[89.62102,25.21636],[89.62102,25.21672],[89.62142,25.2169],[89.62144,25.21744],[89.62184,25.21761],[89.62185,25.21815],[89.62146,25.21834],[89.62147,25.21906],[89.62127,25.21906],[89.62128,25.21961],[89.62109,25.21961],[89.6211,25.22015],[89.6209,25.22015],[89.62091,25.22051],[89.6211,25.22051],[89.62112,25.22123],[89.62151,25.22105]]]}},{"type":"Feature","properties":{"kind":"land","ha":4.1},"geometry":{"type":"Polygon","coordinates":[[[89.64104,25.21546],[89.64102,25.21492],[89.64062,25.21475],[89.64062,25.21439],[89.64002,25.2144],[89.64002,25.21422],[89.63922,25.21423],[89.63922,25.21405],[89.63883,25.21424],[89.63882,25.21406],[89.63863,25.21406],[89.63861,25.21334],[89.63821,25.21335],[89.63821,25.21317],[89.63801,25.21317],[89.63802,25.21353],[89.63723,25.21355],[89.63702,25.21319],[89.63662,25.2132],[89.63663,25.21374],[89.63683,25.21373],[89.63684,25.21391],[89.63723,25.21391],[89.63744,25.21426],[89.63764,25.21426],[89.63764,25.21444],[89.63784,25.21444],[89.63784,25.21462],[89.63844,25.21461],[89.63844,25.21479],[89.63884,25.21478],[89.63884,25.21496],[89.63983,25.21494],[89.63984,25.21512],[89.64024,25.21512],[89.64024,25.2153],[89.64064,25.21529],[89.64064,25.21547],[89.64104,25.21546]]]}},{"type":"Feature","properties":{"kind":"land","ha":2.1},"geometry":{"type":"Polygon","coordinates":[[[89.70231,25.21381],[89.70231,25.21399],[89.70211,25.214],[89.70212,25.21418],[89.70192,25.21418],[89.70193,25.21454],[89.70153,25.21437],[89.70153,25.21455],[89.70133,25.21455],[89.70134,25.21473],[89.70173,25.21473],[89.70174,25.21509],[89.70194,25.21508],[89.70193,25.21472],[89.70213,25.21472],[89.70212,25.21436],[89.70291,25.21434],[89.70292,25.21452],[89.70312,25.21452],[89.70308,25.21308],[89.70328,25.21307],[89.70327,25.21235],[89.70347,25.21235],[89.70345,25.21163],[89.70306,25.21181],[89.70307,25.21236],[89.70268,25.21254],[89.70268,25.2129],[89.70249,25.21291],[89.7025,25.21345],[89.7027,25.21345],[89.7027,25.21363],[89.70231,25.21381]],[[89.7029,25.21362],[89.7029,25.2138],[89.7027,25.21381],[89.7027,25.21363],[89.7029,25.21362]]]}},{"type":"Feature","properties":{"kind":"land","ha":2.0},"geometry":{"type":"Polygon","coordinates":[[[89.64238,25.21345],[89.64256,25.21273],[89.64217,25.21292],[89.64196,25.2122],[89.64176,25.2122],[89.64175,25.21184],[89.64135,25.21185],[89.64136,25.21221],[89.64077,25.21222],[89.64076,25.21186],[89.64056,25.21186],[89.64058,25.21258],[89.64078,25.21258],[89.64078,25.21276],[89.63999,25.21277],[89.63999,25.21295],[89.64058,25.21294],[89.64059,25.21312],[89.64099,25.21312],[89.64099,25.2133],[89.64119,25.21329],[89.64118,25.21293],[89.64177,25.21292],[89.64178,25.2131],[89.64218,25.2131],[89.64198,25.21346],[89.64238,25.21345]]]}},{"type":"Feature","properties":{"kind":"land","ha":1.0},"geometry":{"type":"Polygon","coordinates":[[[89.63701,25.21265],[89.637,25.21229],[89.6372,25.21228],[89.63719,25.2121],[89.63779,25.21209],[89.63779,25.21227],[89.63799,25.21227],[89.63798,25.21155],[89.63698,25.21156],[89.63699,25.21193],[89.6362,25.21194],[89.6362,25.21212],[89.6366,25.21211],[89.6366,25.21229],[89.6368,25.21229],[89.63661,25.21265],[89.63701,25.21265]]]}},{"type":"Feature","properties":{"kind":"land","ha":1.7},"geometry":{"type":"Polygon","coordinates":[[[89.60133,25.21418],[89.60152,25.21382],[89.60172,25.21381],[89.60171,25.21363],[89.60151,25.21364],[89.60151,25.21328],[89.6019,25.21309],[89.60189,25.21273],[89.60209,25.21272],[89.60207,25.212],[89.60148,25.21201],[89.60149,25.21237],[89.60129,25.21238],[89.60131,25.21328],[89.60091,25.21329],[89.60072,25.21365],[89.60052,25.21365],[89.60053,25.21402],[89.60093,25.21401],[89.60093,25.21419],[89.60133,25.21418]]]}},{"type":"Feature","properties":{"kind":"land","ha":3.3},"geometry":{"type":"Polygon","coordinates":[[[89.60422,25.21955],[89.60418,25.21774],[89.60398,25.21775],[89.60397,25.2172],[89.60417,25.2172],[89.60415,25.21648],[89.60396,25.21648],[89.60395,25.21612],[89.60415,25.21612],[89.60408,25.21287],[89.60427,25.21287],[89.60424,25.21142],[89.60405,25.21143],[89.60406,25.21215],[89.60386,25.21215],[89.60387,25.21251],[89.60367,25.21252],[89.60373,25.21504],[89.60353,25.21505],[89.60355,25.21631],[89.60375,25.21631],[89.60379,25.21811],[89.60399,25.21811],[89.60402,25.21955],[89.60422,25.21955]]]}},{"type":"Feature","properties":{"kind":"land","ha":1.6},"geometry":{"type":"Polygon","coordinates":[[[89.69791,25.21227],[89.6979,25.21209],[89.69771,25.21209],[89.69769,25.21155],[89.69789,25.21155],[89.69787,25.21047],[89.69767,25.21047],[89.69765,25.20957],[89.69725,25.20957],[89.69727,25.2103],[89.69707,25.2103],[89.69709,25.2112],[89.69749,25.21137],[89.6975,25.21192],[89.69711,25.2121],[89.69712,25.21228],[89.69751,25.21228],[89.69752,25.21246],[89.69791,25.21227]]]}},{"type":"Feature","properties":{"kind":"land","ha":10.4},"geometry":{"type":"Polygon","coordinates":[[[89.6813,25.2151],[89.68129,25.21438],[89.68188,25.21437],[89.68207,25.21364],[89.68246,25.21363],[89.68242,25.21165],[89.68222,25.21165],[89.6822,25.21057],[89.6818,25.2104],[89.68179,25.21004],[89.6804,25.21006],[89.6804,25.20988],[89.6802,25.20988],[89.6802,25.21006],[89.68,25.21007],[89.68002,25.21061],[89.67982,25.21061],[89.67982,25.21079],[89.67923,25.2108],[89.67922,25.21044],[89.67902,25.21045],[89.67903,25.21081],[89.67883,25.21081],[89.67884,25.21135],[89.67864,25.21136],[89.67865,25.21172],[89.67845,25.21172],[89.67846,25.21208],[89.67826,25.21209],[89.67827,25.21263],[89.67808,25.21263],[89.67808,25.21299],[89.67789,25.21299],[89.67789,25.21318],[89.67868,25.21298],[89.6787,25.2137],[89.67889,25.2137],[89.67888,25.21298],[89.67927,25.21297],[89.67948,25.21333],[89.67968,25.21332],[89.67968,25.2135],[89.68008,25.2135],[89.68009,25.21386],[89.68049,25.21403],[89.6807,25.21475],[89.6809,25.21474],[89.68091,25.21529],[89.6813,25.2151]],[[89.68048,25.21349],[89.68028,25.21349],[89.68027,25.21313],[89.68007,25.21314],[89.68006,25.21259],[89.67966,25.2126],[89.67984,25.21152],[89.68024,25.21169],[89.68025,25.21223],[89.68045,25.21223],[89.68044,25.21187],[89.68064,25.21186],[89.68063,25.21168],[89.68103,25.21167],[89.68104,25.21204],[89.68144,25.21221],[89.68142,25.21149],[89.68182,25.2113],[89.68182,25.21148],[89.68202,25.21148],[89.68204,25.21238],[89.68224,25.21237],[89.68226,25.21328],[89.68186,25.21328],[89.68185,25.21292],[89.68165,25.21293],[89.68164,25.21239],[89.68144,25.21239],[89.68147,25.21347],[89.68127,25.21347],[89.68128,25.21384],[89.68068,25.21385],[89.68048,25.21349]],[[89.68061,25.21042],[89.6814,25.21022],[89.6814,25.21058],[89.6816,25.21058],[89.68161,25.21076],[89.68121,25.21077],[89.68122,25.21131],[89.68063,25.21132],[89.68061,25.21042]]]}},{"type":"Feature","properties":{"kind":"land","ha":21.1},"geometry":{"type":"Polygon","coordinates":[[[89.69587,25.21862],[89.69606,25.21826],[89.69625,25.21826],[89.69604,25.21754],[89.69643,25.21735],[89.69643,25.21717],[89.69663,25.21717],[89.69662,25.21699],[89.69682,25.21698],[89.69682,25.2168],[89.69702,25.2168],[89.69701,25.21644],[89.69721,25.21643],[89.69719,25.21589],[89.69739,25.21589],[89.69739,25.21553],[89.69778,25.21534],[89.69777,25.2148],[89.69816,25.21461],[89.69815,25.21443],[89.69835,25.21443],[89.69835,25.21425],[89.69855,25.21424],[89.69854,25.21388],[89.69874,25.21388],[89.69873,25.21352],[89.69833,25.21353],[89.69832,25.21316],[89.69872,25.21316],[89.69891,25.21279],[89.69851,25.21262],[89.69852,25.2128],[89.69832,25.2128],[89.69831,25.21262],[89.69792,25.21263],[89.69791,25.21245],[89.69771,25.21245],[89.69774,25.21372],[89.69794,25.21371],[89.69795,25.21407],[89.69775,25.21408],[89.69775,25.21426],[89.69736,25.21426],[89.69736,25.21445],[89.69756,25.21444],[89.69757,25.21498],[89.69698,25.21499],[89.69696,25.21445],[89.69677,25.21446],[89.69675,25.21355],[89.69655,25.21356],[89.69654,25.2132],[89.69614,25.2132],[89.69594,25.21285],[89.69574,25.21285],[89.69573,25.21231],[89.69553,25.21231],[89.69552,25.21213],[89.69572,25.21213],[89.69572,25.21195],[89.69552,25.21195],[89.69551,25.21159],[89.69531,25.21159],[89.6953,25.21105],[89.6955,25.21105],[89.6955,25.21087],[89.6951,25.21088],[89.69509,25.21034],[89.69548,25.21015],[89.69548,25.20997],[89.69568,25.20996],[89.69565,25.20888],[89.69506,25.20889],[89.69505,25.20871],[89.69485,25.20872],[89.69487,25.20926],[89.69526,25.20925],[89.69527,25.20961],[89.69487,25.20944],[89.69488,25.2098],[89.69468,25.2098],[89.69469,25.21016],[89.69489,25.21016],[89.6949,25.2107],[89.6947,25.2107],[89.69472,25.21143],[89.69452,25.21143],[89.69454,25.21251],[89.69434,25.21252],[89.69435,25.21306],[89.69416,25.21306],[89.69417,25.2136],[89.69378,25.21379],[89.69382,25.21559],[89.69401,25.21559],[89.69402,25.21595],[89.69422,25.21595],[89.69424,25.21685],[89.69444,25.21684],[89.69445,25.21721],[89.69464,25.2172],[89.69465,25.21756],[89.69485,25.21756],[89.69486,25.21792],[89.69526,25.21809],[89.69527,25.21863],[89.69587,25.21862]],[[89.6962,25.21555],[89.69639,25.21555],[89.6964,25.21573],[89.6962,25.21573],[89.6962,25.21555]],[[89.6948,25.21539],[89.6956,25.21538],[89.6956,25.21556],[89.69481,25.21557],[89.6948,25.21539]],[[89.69598,25.21483],[89.69638,25.21482],[89.69639,25.21519],[89.69599,25.21519],[89.69598,25.21483]]]}},{"type":"Feature","properties":{"kind":"land","ha":1.2},"geometry":{"type":"Polygon","coordinates":[[[89.61216,25.21056],[89.61254,25.20983],[89.61294,25.20983],[89.61315,25.21018],[89.61334,25.21018],[89.61333,25.20964],[89.61353,25.20963],[89.61352,25.20927],[89.61194,25.20966],[89.61195,25.21002],[89.61175,25.21003],[89.61176,25.21039],[89.61156,25.21039],[89.61157,25.21057],[89.61216,25.21056]]]}},{"type":"Feature","properties":{"kind":"land","ha":1.3},"geometry":{"type":"Polygon","coordinates":[[[89.64785,25.20957],[89.64785,25.20938],[89.64825,25.20938],[89.64824,25.2092],[89.64844,25.20919],[89.64842,25.20847],[89.64823,25.20848],[89.64823,25.20866],[89.64763,25.20867],[89.64763,25.20831],[89.64743,25.20831],[89.64743,25.20849],[89.64723,25.20849],[89.64725,25.20903],[89.64705,25.20904],[89.64706,25.20958],[89.64785,25.20957]]]}},{"type":"Feature","properties":{"kind":"land","ha":5.8},"geometry":{"type":"Polygon","coordinates":[[[89.70652,25.2159],[89.70652,25.21572],[89.70671,25.21572],[89.70671,25.21536],[89.7069,25.21535],[89.70689,25.21481],[89.70709,25.21481],[89.70709,25.21463],[89.70768,25.21462],[89.70767,25.21426],[89.70787,25.21425],[89.70786,25.21371],[89.70806,25.21371],[89.70805,25.21335],[89.70825,25.21334],[89.70824,25.21298],[89.70844,25.21298],[89.70843,25.21244],[89.70863,25.21243],[89.70862,25.21207],[89.70882,25.21207],[89.70881,25.21189],[89.70901,25.21189],[89.709,25.21134],[89.7092,25.21134],[89.70919,25.21098],[89.70939,25.21098],[89.70937,25.21044],[89.70977,25.21025],[89.70976,25.21007],[89.71016,25.21006],[89.71016,25.20988],[89.71035,25.20988],[89.71035,25.20951],[89.71074,25.20951],[89.71074,25.20933],[89.71094,25.20932],[89.71093,25.20896],[89.71113,25.20896],[89.71112,25.20878],[89.71152,25.20877],[89.7117,25.20805],[89.7121,25.20786],[89.71209,25.20768],[89.71249,25.20767],[89.71268,25.20731],[89.71307,25.2073],[89.71307,25.20694],[89.71267,25.20713],[89.71267,25.20677],[89.71286,25.20676],[89.71286,25.20658],[89.71266,25.20658],[89.71266,25.2064],[89.71226,25.20641],[89.71227,25.20695],[89.71247,25.20695],[89.71248,25.20713],[89.71208,25.20732],[89.71209,25.2075],[89.71189,25.2075],[89.71189,25.20768],[89.71169,25.20769],[89.7117,25.20787],[89.7115,25.20787],[89.7115,25.20805],[89.71131,25.20805],[89.71131,25.20841],[89.71112,25.20842],[89.71112,25.2086],[89.71072,25.20861],[89.71073,25.20897],[89.71034,25.20915],[89.71034,25.20933],[89.70995,25.20934],[89.70995,25.20952],[89.70975,25.20953],[89.70976,25.20989],[89.70937,25.21007],[89.70937,25.21025],[89.70897,25.21026],[89.70899,25.21098],[89.7086,25.21117],[89.70861,25.21171],[89.70841,25.21172],[89.70842,25.21208],[89.70802,25.21208],[89.70783,25.21245],[89.70763,25.21245],[89.70764,25.21263],[89.70784,25.21263],[89.70785,25.21317],[89.70765,25.21317],[89.70766,25.21353],[89.70746,25.21354],[89.70747,25.2139],[89.70727,25.2139],[89.70727,25.21408],[89.70668,25.21409],[89.70669,25.21446],[89.70649,25.21446],[89.70631,25.21554],[89.70612,25.21555],[89.70613,25.21609],[89.70652,25.2159]]]}},{"type":"Feature","properties":{"kind":"land","ha":1.9},"geometry":{"type":"Polygon","coordinates":[[[89.63892,25.20918],[89.6389,25.20864],[89.6391,25.20864],[89.6391,25.20846],[89.6385,25.20847],[89.6385,25.20811],[89.6381,25.20793],[89.63809,25.20757],[89.63789,25.20758],[89.63789,25.20776],[89.6373,25.20777],[89.63731,25.20813],[89.63711,25.20813],[89.63711,25.20831],[89.63751,25.20831],[89.63752,25.20885],[89.63772,25.20884],[89.63772,25.20902],[89.63812,25.20902],[89.63812,25.2092],[89.63892,25.20918]]]}},{"type":"Feature","properties":{"kind":"land","ha":5.4},"geometry":{"type":"Polygon","coordinates":[[[89.60319,25.20855],[89.60318,25.20801],[89.60258,25.20802],[89.60238,25.20767],[89.60198,25.20767],[89.60199,25.20785],[89.60218,25.20785],[89.60219,25.20821],[89.60239,25.20821],[89.6024,25.20875],[89.60201,25.20894],[89.60201,25.20912],[89.60181,25.20912],[89.60163,25.20984],[89.60124,25.21003],[89.60125,25.21039],[89.60105,25.2104],[89.60106,25.21076],[89.60125,25.21075],[89.60127,25.21148],[89.60088,25.21166],[89.60088,25.21202],[89.60148,25.21201],[89.60167,25.21165],[89.60207,25.21164],[89.60207,25.212],[89.60267,25.21199],[89.60267,25.21181],[89.60286,25.21181],[89.60284,25.21091],[89.60265,25.21091],[89.60262,25.20983],[89.60282,25.20982],[89.6028,25.20874],[89.603,25.20874],[89.60299,25.20856],[89.60319,25.20855]],[[89.6026,25.20856],[89.60279,25.2082],[89.60298,25.2082],[89.60299,25.20856],[89.6026,25.20856]]]}},{"type":"Feature","properties":{"kind":"land","ha":1.6},"geometry":{"type":"Polygon","coordinates":[[[89.67283,25.20839],[89.67302,25.20803],[89.67321,25.20803],[89.6732,25.2073],[89.6734,25.2073],[89.67339,25.20694],[89.67359,25.20694],[89.67358,25.20676],[89.67378,25.20675],[89.67396,25.20603],[89.67337,25.20604],[89.67319,25.20676],[89.67279,25.20695],[89.67261,25.20768],[89.67241,25.20768],[89.67243,25.2084],[89.67283,25.20839]]]}},{"type":"Feature","properties":{"kind":"land","ha":4.7},"geometry":{"type":"Polygon","coordinates":[[[89.70637,25.20923],[89.70637,25.20905],[89.70676,25.20904],[89.70677,25.20922],[89.70697,25.20922],[89.70696,25.20867],[89.70676,25.20868],[89.70675,25.20832],[89.70635,25.20814],[89.70634,25.20796],[89.70615,25.20797],[89.70614,25.20761],[89.70594,25.20761],[89.70594,25.20779],[89.70535,25.2078],[89.70535,25.20798],[89.70515,25.20799],[89.70515,25.20781],[89.70495,25.20781],[89.70494,25.20727],[89.70613,25.20725],[89.70632,25.20688],[89.70652,25.20688],[89.70651,25.2067],[89.70711,25.20669],[89.70711,25.20687],[89.70731,25.20686],[89.7075,25.2065],[89.7077,25.2065],[89.70769,25.20613],[89.70749,25.20614],[89.70749,25.20596],[89.7069,25.20597],[89.70689,25.20579],[89.70669,25.20579],[89.70668,25.20543],[89.70688,25.20543],[89.70688,25.20525],[89.70668,25.20525],[89.70668,25.20507],[89.70628,25.20508],[89.70628,25.20526],[89.70648,25.20525],[89.70649,25.20561],[89.70629,25.20562],[89.7063,25.20598],[89.7061,25.20598],[89.70612,25.2067],[89.70592,25.20671],[89.70592,25.20689],[89.70553,25.2069],[89.70552,25.20672],[89.70532,25.20672],[89.70533,25.2069],[89.70473,25.20691],[89.7045,25.20547],[89.70431,25.20547],[89.70433,25.20638],[89.70452,25.20637],[89.70457,25.20836],[89.70516,25.20835],[89.70517,25.20871],[89.70537,25.2087],[89.70536,25.20816],[89.70555,25.20816],[89.70555,25.20798],[89.70595,25.20797],[89.70595,25.20815],[89.70615,25.20815],[89.70617,25.20905],[89.70597,25.20905],[89.70598,25.20941],[89.70637,25.20923]]]}},{"type":"Feature","properties":{"kind":"land","ha":1.8},"geometry":{"type":"Polygon","coordinates":[[[89.65933,25.2081],[89.65931,25.20737],[89.65951,25.20737],[89.6595,25.20701],[89.6599,25.207],[89.66009,25.20664],[89.66029,25.20663],[89.66028,25.20627],[89.66067,25.20609],[89.66067,25.20573],[89.66106,25.20554],[89.66105,25.20518],[89.66046,25.20519],[89.66046,25.20555],[89.66007,25.20574],[89.66008,25.2061],[89.65969,25.20628],[89.65969,25.20646],[89.65949,25.20647],[89.6595,25.20683],[89.6591,25.20684],[89.65911,25.2072],[89.65891,25.2072],[89.65893,25.2081],[89.65933,25.2081]]]}},{"type":"Feature","properties":{"kind":"land","ha":1.4},"geometry":{"type":"Polygon","coordinates":[[[89.68486,25.20529],[89.68486,25.20511],[89.68505,25.2051],[89.68504,25.20456],[89.68484,25.20457],[89.68484,25.20439],[89.68523,25.2042],[89.68523,25.20402],[89.68503,25.20402],[89.68502,25.20366],[89.68443,25.20367],[89.68424,25.20404],[89.68404,25.20404],[89.68405,25.20458],[89.68425,25.20458],[89.68426,25.20512],[89.68446,25.20511],[89.68446,25.20529],[89.68486,25.20529]]]}},{"type":"Feature","properties":{"kind":"land","ha":1.5},"geometry":{"type":"Polygon","coordinates":[[[89.69377,25.20458],[89.69377,25.2044],[89.69416,25.2044],[89.69437,25.20475],[89.69457,25.20475],[89.69456,25.20421],[89.69475,25.20421],[89.69475,25.20402],[89.69535,25.20401],[89.69531,25.20257],[89.69492,25.20258],[89.69492,25.20276],[89.69472,25.20276],[89.69474,25.20366],[89.69454,25.20367],[89.69455,25.20403],[89.69435,25.20403],[89.69436,25.20421],[89.69356,25.20423],[89.69357,25.20441],[89.69337,25.20441],[89.69338,25.20477],[89.69377,25.20458]]]}},{"type":"Feature","properties":{"kind":"land","ha":2.3},"geometry":{"type":"Polygon","coordinates":[[[89.63109,25.20517],[89.63109,25.20499],[89.63168,25.20498],[89.63166,25.2039],[89.63126,25.20372],[89.63126,25.20354],[89.62987,25.20357],[89.62988,25.20411],[89.63028,25.2041],[89.63029,25.20464],[89.63068,25.20464],[89.6307,25.20518],[89.63109,25.20517]]]}},{"type":"Feature","properties":{"kind":"land","ha":5.7},"geometry":{"type":"Polygon","coordinates":[[[89.69958,25.20719],[89.69976,25.2061],[89.69995,25.2061],[89.69995,25.20573],[89.70014,25.20573],[89.70013,25.20519],[89.70033,25.20519],[89.70032,25.20464],[89.69953,25.20484],[89.69932,25.20448],[89.69913,25.20449],[89.69911,25.20394],[89.69951,25.20376],[89.6995,25.2034],[89.6997,25.20339],[89.69969,25.20321],[89.69989,25.20321],[89.69968,25.20249],[89.69987,25.20249],[89.69987,25.20213],[89.69947,25.20231],[89.69948,25.20267],[89.69909,25.20268],[89.69888,25.20232],[89.69868,25.20233],[89.6987,25.20305],[89.6983,25.20324],[89.69831,25.20342],[89.69851,25.20341],[89.69852,25.20396],[89.69832,25.20396],[89.69833,25.20432],[89.69813,25.20432],[89.69814,25.20487],[89.69834,25.20486],[89.69834,25.20504],[89.69815,25.20505],[89.69815,25.20523],[89.69895,25.20557],[89.69896,25.20611],[89.69916,25.20611],[89.69919,25.20719],[89.69958,25.20719]]]}},{"type":"Feature","properties":{"kind":"land","ha":7.4},"geometry":{"type":"Polygon","coordinates":[[[89.70531,25.20618],[89.7053,25.20546],[89.70569,25.20527],[89.70569,25.20509],[89.70608,25.20508],[89.70607,25.20472],[89.70528,25.20455],[89.70526,25.20401],[89.70546,25.20401],[89.70546,25.20365],[89.70565,25.20364],[89.70565,25.20346],[89.70605,25.20346],[89.70604,25.2031],[89.70663,25.20309],[89.70684,25.20344],[89.70763,25.20343],[89.70764,25.20361],[89.70783,25.2036],[89.70783,25.20342],[89.70823,25.20342],[89.70822,25.20324],[89.70842,25.20323],[89.70841,25.20251],[89.7088,25.2025],[89.7088,25.20232],[89.70781,25.20234],[89.7078,25.20216],[89.7076,25.20217],[89.70761,25.20253],[89.70801,25.20252],[89.70801,25.2027],[89.70821,25.2027],[89.70822,25.20306],[89.70802,25.20306],[89.70803,25.20324],[89.70763,25.20325],[89.70762,25.20271],[89.70682,25.20272],[89.70682,25.20236],[89.70642,25.20237],[89.7064,25.20165],[89.7066,25.20164],[89.7066,25.20146],[89.70699,25.20145],[89.70699,25.20109],[89.7056,25.20112],[89.70541,25.20148],[89.70521,25.20149],[89.70522,25.20203],[89.70542,25.20202],[89.70544,25.20275],[89.70524,25.20275],[89.70525,25.20329],[89.70505,25.20329],[89.70505,25.20348],[89.70426,25.20349],[89.70428,25.20439],[89.70408,25.2044],[89.70409,25.20476],[89.70469,25.20475],[89.70489,25.2051],[89.70509,25.2051],[89.7051,25.20564],[89.7049,25.20564],[89.70491,25.206],[89.70511,25.206],[89.70511,25.20618],[89.70531,25.20618]]]}},{"type":"Feature","properties":{"kind":"land","ha":8.4},"geometry":{"type":"Polygon","coordinates":[[[89.62571,25.20418],[89.62651,25.20417],[89.62652,25.20471],[89.62632,25.20472],[89.62633,25.20508],[89.62673,25.20507],[89.62671,25.20453],[89.62711,25.20434],[89.6271,25.20416],[89.6273,25.20416],[89.62731,25.20434],[89.6275,25.20433],[89.62751,25.20469],[89.62771,25.20469],[89.62772,25.20523],[89.62792,25.20523],[89.62792,25.20541],[89.62832,25.2054],[89.62832,25.20558],[89.62892,25.20557],[89.6289,25.20485],[89.6285,25.20468],[89.62849,25.20414],[89.62829,25.20414],[89.62829,25.20378],[89.62809,25.20378],[89.62808,25.2036],[89.62769,25.20361],[89.62768,25.20343],[89.62729,25.20343],[89.62728,25.20325],[89.62689,25.20326],[89.62688,25.20308],[89.62609,25.20309],[89.62608,25.20291],[89.62589,25.20292],[89.62589,25.20328],[89.6257,25.20328],[89.6257,25.20346],[89.6261,25.20364],[89.6261,25.20382],[89.62511,25.20383],[89.6253,25.20347],[89.6251,25.20347],[89.62509,25.20257],[89.62489,25.20257],[89.62488,25.20221],[89.62449,25.2024],[89.62449,25.20258],[89.62429,25.20259],[89.6243,25.20295],[89.6241,25.20295],[89.62411,25.20349],[89.62451,25.20348],[89.62451,25.20366],[89.62412,25.20367],[89.62412,25.20385],[89.62353,25.20386],[89.62351,25.20314],[89.62331,25.20314],[89.62332,25.2035],[89.62293,25.20369],[89.62293,25.20405],[89.62313,25.20405],[89.62314,25.20423],[89.62334,25.20423],[89.62333,25.20405],[89.62373,25.20404],[89.62373,25.20422],[89.62413,25.20421],[89.62433,25.20457],[89.62453,25.20457],[89.62454,25.20475],[89.62533,25.20491],[89.62554,25.20527],[89.62574,25.20527],[89.62574,25.20545],[89.62634,25.20544],[89.62633,25.20526],[89.62613,25.20526],[89.62613,25.2049],[89.62593,25.2049],[89.62592,25.20472],[89.62573,25.20473],[89.62571,25.20418]],[[89.62573,25.20491],[89.62553,25.20491],[89.62553,25.20473],[89.62573,25.20473],[89.62573,25.20491]],[[89.62533,25.20473],[89.62533,25.20455],[89.62552,25.20455],[89.62553,25.20473],[89.62533,25.20473]]]}},{"type":"Feature","properties":{"kind":"land","ha":6.6},"geometry":{"type":"Polygon","coordinates":[[[89.68883,25.20558],[89.68883,25.2054],[89.68903,25.20539],[89.68902,25.20503],[89.68863,25.20522],[89.68862,25.20486],[89.68842,25.20486],[89.6884,25.20378],[89.68918,25.2034],[89.68936,25.20268],[89.68956,25.20268],[89.68955,25.20195],[89.68994,25.20177],[89.68992,25.20104],[89.68973,25.20105],[89.68972,25.20087],[89.68952,25.20087],[89.68953,25.20105],[89.68913,25.20106],[89.68895,25.20178],[89.68856,25.20197],[89.68856,25.20215],[89.68836,25.20216],[89.68837,25.20234],[89.68817,25.20234],[89.68798,25.20306],[89.68779,25.20307],[89.68779,25.20343],[89.6874,25.20362],[89.68741,25.20416],[89.68702,25.20435],[89.68704,25.20507],[89.68684,25.20507],[89.68685,25.20543],[89.68704,25.20543],[89.68705,25.20561],[89.68883,25.20558]]]}},{"type":"Feature","properties":{"kind":"land","ha":9.7},"geometry":{"type":"Polygon","coordinates":[[[89.59968,25.2115],[89.59967,25.21114],[89.60007,25.21096],[89.60006,25.21077],[89.60046,25.21077],[89.60046,25.21059],[89.60085,25.21058],[89.60085,25.2104],[89.60105,25.2104],[89.60103,25.20967],[89.60123,25.20967],[89.60122,25.20913],[89.60142,25.20913],[89.60141,25.20859],[89.6016,25.20858],[89.60159,25.20768],[89.60139,25.20768],[89.60138,25.20732],[89.60118,25.20733],[89.60118,25.20715],[89.60098,25.20715],[89.60097,25.20661],[89.60077,25.20661],[89.60076,25.20643],[89.60096,25.20643],[89.60096,25.20607],[89.60056,25.20607],[89.60074,25.20535],[89.60054,25.20535],[89.60054,25.20499],[89.60034,25.20499],[89.60033,25.20481],[89.60014,25.20482],[89.60013,25.20446],[89.59993,25.20446],[89.59992,25.20392],[89.59972,25.20392],[89.59971,25.20356],[89.59951,25.20356],[89.59951,25.2032],[89.59911,25.20321],[89.5989,25.20285],[89.59871,25.20286],[89.5987,25.20268],[89.5983,25.20268],[89.5983,25.2025],[89.5981,25.20251],[89.59811,25.20305],[89.59831,25.20304],[89.59832,25.20322],[89.59812,25.20323],[89.59812,25.20341],[89.59852,25.20358],[89.59853,25.20376],[89.59912,25.20375],[89.59912,25.20393],[89.59932,25.20393],[89.59933,25.20429],[89.59913,25.20429],[89.59914,25.20447],[89.59954,25.20465],[89.59954,25.20483],[89.59974,25.20482],[89.59975,25.20537],[89.59935,25.20537],[89.59935,25.20501],[89.59895,25.20484],[89.59894,25.20466],[89.59855,25.20466],[89.59855,25.20503],[89.59895,25.20502],[89.59895,25.2052],[89.59856,25.20521],[89.59856,25.20539],[89.59876,25.20538],[89.59876,25.20556],[89.59916,25.20556],[89.59916,25.20574],[89.59996,25.20572],[89.59996,25.20608],[89.60036,25.20626],[89.60037,25.20644],[89.60057,25.20643],[89.60057,25.20679],[89.60077,25.20679],[89.60079,25.20769],[89.6004,25.20788],[89.6004,25.20806],[89.6,25.20789],[89.60004,25.20951],[89.59984,25.20952],[89.59985,25.21006],[89.59965,25.21006],[89.59966,25.21042],[89.59946,25.21042],[89.59947,25.21079],[89.59927,25.21079],[89.59929,25.21169],[89.59968,25.2115]]]}},{"type":"Feature","properties":{"kind":"land","ha":1.6},"geometry":{"type":"Polygon","coordinates":[[[89.63085,25.20301],[89.63084,25.20283],[89.63104,25.20283],[89.63104,25.20265],[89.63124,25.20264],[89.63123,25.20246],[89.63163,25.20245],[89.63182,25.20209],[89.63202,25.20209],[89.63201,25.20173],[89.63221,25.20172],[89.6322,25.20136],[89.6324,25.20136],[89.6324,25.20118],[89.63161,25.20137],[89.63142,25.20174],[89.63122,25.20174],[89.63122,25.20192],[89.63082,25.20193],[89.63064,25.20265],[89.63025,25.20284],[89.63046,25.2032],[89.63085,25.20301]]]}},{"type":"Feature","properties":{"kind":"land","ha":2.9},"geometry":{"type":"Polygon","coordinates":[[[89.62925,25.20268],[89.62925,25.20232],[89.62905,25.20232],[89.62904,25.20178],[89.62923,25.20178],[89.62923,25.20141],[89.62883,25.2016],[89.62884,25.20178],[89.62705,25.20181],[89.62704,25.20127],[89.62664,25.20128],[89.62645,25.20164],[89.62665,25.20164],[89.62666,25.20218],[89.62627,25.20219],[89.62627,25.20255],[89.62727,25.20253],[89.62727,25.20271],[89.62925,25.20268]]]}},{"type":"Feature","properties":{"kind":"land","ha":1.2},"geometry":{"type":"Polygon","coordinates":[[[89.62863,25.20124],[89.62862,25.20106],[89.62882,25.20106],[89.62881,25.2007],[89.62841,25.20053],[89.6284,25.19999],[89.62781,25.2],[89.62781,25.20018],[89.62741,25.20018],[89.62763,25.2009],[89.62802,25.20089],[89.62803,25.20126],[89.62863,25.20124]]]}},{"type":"Feature","properties":{"kind":"land","ha":2.3},"geometry":{"type":"Polygon","coordinates":[[[89.69884,25.20052],[89.69884,25.20034],[89.69903,25.20034],[89.69921,25.19925],[89.69941,25.19925],[89.69941,25.19961],[89.69981,25.19942],[89.6998,25.19924],[89.6996,25.19924],[89.69959,25.1987],[89.69919,25.19853],[89.69919,25.19835],[89.6988,25.19854],[89.6988,25.1989],[89.69841,25.19908],[89.69842,25.19927],[89.69802,25.19927],[89.69803,25.19963],[89.69763,25.19982],[89.69764,25.2],[89.69724,25.20001],[89.69725,25.20019],[89.69784,25.20018],[89.69784,25.2],[89.69823,25.19999],[89.69823,25.19981],[89.69843,25.19981],[89.69843,25.19999],[89.69863,25.19998],[89.69864,25.20034],[89.69844,25.20035],[89.69845,25.20071],[89.69884,25.20052]]]}},{"type":"Feature","properties":{"kind":"land","ha":1.3},"geometry":{"type":"Polygon","coordinates":[[[89.59711,25.20252],[89.59709,25.20162],[89.59729,25.20162],[89.59728,25.20126],[89.59669,25.20127],[89.59668,25.20109],[89.59629,25.20109],[89.59648,25.20073],[89.59608,25.20056],[89.59607,25.2002],[89.59587,25.2002],[89.5959,25.20146],[89.59629,25.20146],[89.5965,25.20181],[89.5967,25.20181],[89.5967,25.20199],[89.5969,25.20199],[89.59691,25.20253],[89.59711,25.20252]]]}},{"type":"Feature","properties":{"kind":"land","ha":1.6},"geometry":{"type":"Polygon","coordinates":[[[89.70755,25.19982],[89.70755,25.19964],[89.70735,25.19964],[89.70735,25.19946],[89.70695,25.19947],[89.70694,25.19911],[89.70654,25.19894],[89.70653,25.19858],[89.70614,25.19858],[89.70613,25.19822],[89.70573,25.19823],[89.70573,25.19805],[89.70553,25.19805],[89.70553,25.19823],[89.70534,25.19824],[89.70535,25.19896],[89.70575,25.19895],[89.70595,25.19931],[89.70615,25.1993],[89.70616,25.19948],[89.70675,25.19947],[89.70676,25.19965],[89.70715,25.19965],[89.70716,25.19983],[89.70755,25.19982]]]}},{"type":"Feature","properties":{"kind":"land","ha":3.7},"geometry":{"type":"Polygon","coordinates":[[[89.62346,25.20098],[89.62346,25.20061],[89.62405,25.2006],[89.62405,25.20078],[89.62445,25.20078],[89.62445,25.2006],[89.62524,25.20058],[89.62523,25.20022],[89.62503,25.20023],[89.62503,25.20005],[89.62463,25.20005],[89.62462,25.19951],[89.62423,25.19952],[89.62422,25.19916],[89.62402,25.19916],[89.62402,25.19898],[89.62362,25.19917],[89.62363,25.19935],[89.62383,25.19934],[89.62383,25.19971],[89.62344,25.19971],[89.62343,25.19935],[89.62303,25.19936],[89.62303,25.19918],[89.62243,25.19919],[89.62245,25.19973],[89.62225,25.19973],[89.62226,25.20046],[89.62266,25.20045],[89.62267,25.20081],[89.62307,25.20098],[89.62307,25.20116],[89.62346,25.20098]],[[89.62285,25.1999],[89.62265,25.19991],[89.62264,25.19955],[89.62284,25.19954],[89.62284,25.19972],[89.62324,25.19972],[89.62325,25.20008],[89.62285,25.20008],[89.62285,25.1999]]]}},{"type":"Feature","properties":{"kind":"land","ha":1.2},"geometry":{"type":"Polygon","coordinates":[[[89.67463,25.20024],[89.67461,25.19934],[89.67481,25.19933],[89.6748,25.19897],[89.6746,25.19898],[89.67458,25.19807],[89.67478,25.19807],[89.67477,25.19771],[89.67438,25.1979],[89.6744,25.19862],[89.6742,25.19862],[89.67422,25.1997],[89.67402,25.19971],[89.67404,25.20025],[89.67463,25.20024]]]}},{"type":"Feature","properties":{"kind":"land","ha":13.5},"geometry":{"type":"Polygon","coordinates":[[[89.72874,25.20719],[89.72873,25.20647],[89.72932,25.20646],[89.72929,25.20483],[89.72949,25.20483],[89.72946,25.20357],[89.72985,25.20356],[89.72985,25.20338],[89.73045,25.20337],[89.73044,25.20319],[89.72985,25.2032],[89.72984,25.20302],[89.72964,25.20302],[89.72963,25.20248],[89.73003,25.20247],[89.73002,25.20229],[89.73022,25.20229],[89.73021,25.20193],[89.73041,25.20193],[89.73041,25.20175],[89.73021,25.20175],[89.73021,25.20157],[89.7304,25.20157],[89.7304,25.20138],[89.7302,25.20139],[89.7302,25.20121],[89.7298,25.20122],[89.72981,25.2014],[89.72921,25.20141],[89.72919,25.20069],[89.72979,25.20067],[89.72998,25.20031],[89.73018,25.20031],[89.73017,25.20013],[89.73136,25.2001],[89.73136,25.19992],[89.73156,25.19992],[89.73155,25.19974],[89.73096,25.19975],[89.73075,25.19939],[89.73055,25.1994],[89.73055,25.19922],[89.73035,25.19922],[89.73053,25.19849],[89.73034,25.1985],[89.73033,25.19814],[89.73112,25.19812],[89.73111,25.19776],[89.73151,25.19757],[89.7315,25.19739],[89.7317,25.19739],[89.73169,25.19703],[89.73209,25.19702],[89.73208,25.19684],[89.73228,25.19684],[89.73227,25.19648],[89.73247,25.19647],[89.73247,25.19611],[89.73266,25.19611],[89.73266,25.19593],[89.73226,25.19576],[89.73225,25.19558],[89.73206,25.19558],[89.73205,25.1954],[89.73166,25.19541],[89.73147,25.19613],[89.73108,25.19632],[89.73109,25.1965],[89.73089,25.1965],[89.73089,25.19668],[89.73069,25.19669],[89.7307,25.19687],[89.7305,25.19687],[89.73051,25.19741],[89.73011,25.19742],[89.73013,25.19814],[89.72974,25.19833],[89.72975,25.19887],[89.72936,25.19906],[89.72937,25.19942],[89.72917,25.19942],[89.72918,25.19996],[89.72878,25.19997],[89.72879,25.20015],[89.72859,25.20015],[89.72864,25.2025],[89.72884,25.2025],[89.72887,25.20412],[89.72868,25.20412],[89.72869,25.20467],[89.72849,25.20467],[89.72855,25.20719],[89.72874,25.20719]]]}},{"type":"Feature","properties":{"kind":"land","ha":1.0},"geometry":{"type":"Polygon","coordinates":[[[89.66623,25.19714],[89.66622,25.19678],[89.66662,25.19677],[89.66662,25.19659],[89.66642,25.1966],[89.66641,25.19606],[89.66601,25.19606],[89.66602,25.19642],[89.66582,25.19643],[89.66582,25.19661],[89.66503,25.19662],[89.66503,25.1968],[89.66523,25.1968],[89.66524,25.19716],[89.66623,25.19714]]]}},{"type":"Feature","properties":{"kind":"land","ha":3.1},"geometry":{"type":"Polygon","coordinates":[[[89.60561,25.20111],[89.6056,25.20075],[89.6062,25.20074],[89.60618,25.19984],[89.60598,25.19984],[89.60597,25.1993],[89.60557,25.19913],[89.60557,25.19931],[89.60518,25.19931],[89.60516,25.19859],[89.60555,25.1984],[89.60555,25.19822],[89.60575,25.19822],[89.60574,25.19768],[89.60594,25.19768],[89.60592,25.19713],[89.60553,25.19714],[89.60552,25.19696],[89.60532,25.19696],[89.60534,25.19787],[89.60495,25.19787],[89.60496,25.1986],[89.60476,25.1986],[89.60478,25.1995],[89.60498,25.1995],[89.60499,25.19986],[89.60519,25.19985],[89.60521,25.20076],[89.60541,25.20075],[89.60541,25.20111],[89.60561,25.20111]]]}},{"type":"Feature","properties":{"kind":"land","ha":1.0},"geometry":{"type":"Polygon","coordinates":[[[89.73244,25.19485],[89.73242,25.19431],[89.73302,25.1943],[89.73302,25.19448],[89.73322,25.19447],[89.73321,25.19393],[89.7338,25.19392],[89.73381,25.1941],[89.73401,25.1941],[89.734,25.19374],[89.7336,25.19356],[89.73359,25.1932],[89.73339,25.19321],[89.73339,25.19303],[89.73319,25.19303],[89.7332,25.19339],[89.7334,25.19339],[89.7334,25.19357],[89.73301,25.19376],[89.73302,25.19412],[89.73262,25.19394],[89.73262,25.19412],[89.73222,25.19413],[89.73223,25.19467],[89.73204,25.19468],[89.73204,25.19504],[89.73244,25.19485]]]}},{"type":"Feature","properties":{"kind":"land","ha":4.2},"geometry":{"type":"Polygon","coordinates":[[[89.60333,25.19628],[89.60332,25.1961],[89.60352,25.19609],[89.60351,25.19555],[89.60371,25.19555],[89.6037,25.19519],[89.6033,25.19501],[89.6033,25.19483],[89.6031,25.19484],[89.60309,25.19448],[89.60289,25.19448],[89.60288,25.19376],[89.60268,25.19376],[89.60267,25.1934],[89.60187,25.19323],[89.60187,25.19305],[89.60147,25.19306],[89.6015,25.19432],[89.6017,25.19432],[89.60171,25.19468],[89.6019,25.19468],[89.60191,25.19504],[89.60211,25.19504],[89.60212,25.19558],[89.60232,25.19557],[89.60232,25.19575],[89.60272,25.19575],[89.60273,25.19611],[89.60293,25.1961],[89.60293,25.19628],[89.60333,25.19628]]]}},{"type":"Feature","properties":{"kind":"land","ha":5.9},"geometry":{"type":"Polygon","coordinates":[[[89.73473,25.19102],[89.73474,25.19138],[89.73454,25.19138],[89.73455,25.19156],[89.73435,25.19157],[89.73436,25.19193],[89.73416,25.19193],[89.73415,25.19157],[89.73376,25.19176],[89.73376,25.19212],[89.73357,25.19212],[89.73358,25.19266],[89.73338,25.19267],[89.73339,25.19303],[89.73378,25.19284],[89.73378,25.19302],[89.73398,25.19302],[89.73399,25.19338],[89.73419,25.19337],[89.73419,25.19319],[89.73458,25.19319],[89.73459,25.19355],[89.73498,25.19336],[89.73498,25.19318],[89.73557,25.19317],[89.73557,25.19281],[89.73537,25.19281],[89.73535,25.19227],[89.73555,25.19227],[89.73555,25.19208],[89.73614,25.19207],[89.73615,25.19225],[89.73635,25.19225],[89.73634,25.19189],[89.73594,25.1919],[89.73592,25.191],[89.73612,25.19099],[89.73611,25.19063],[89.7369,25.19062],[89.73689,25.19007],[89.7365,25.19008],[89.7365,25.19026],[89.73591,25.19027],[89.73591,25.19045],[89.73551,25.19046],[89.73531,25.1901],[89.73511,25.19011],[89.7351,25.18993],[89.73491,25.18993],[89.7349,25.18975],[89.73451,25.18976],[89.73451,25.19012],[89.73432,25.19012],[89.73432,25.1903],[89.73452,25.1903],[89.73452,25.19048],[89.73492,25.19047],[89.73493,25.19101],[89.73473,25.19102]],[[89.73513,25.19101],[89.73514,25.19137],[89.73553,25.19118],[89.73554,25.19154],[89.73514,25.19155],[89.73514,25.19173],[89.73495,25.19174],[89.73493,25.19101],[89.73513,25.19101]],[[89.73534,25.19173],[89.73535,25.19191],[89.73515,25.19191],[89.73514,25.19173],[89.73534,25.19173]],[[89.73397,25.19229],[89.73417,25.19229],[89.73417,25.19247],[89.73397,25.19248],[89.73397,25.19229]]]}},{"type":"Feature","properties":{"kind":"land","ha":4.3},"geometry":{"type":"Polygon","coordinates":[[[89.71193,25.19144],[89.71191,25.19035],[89.7121,25.19035],[89.7121,25.18999],[89.7119,25.18999],[89.7119,25.19017],[89.71131,25.19019],[89.7113,25.19],[89.71071,25.19002],[89.71071,25.1902],[89.71012,25.19021],[89.71012,25.19039],[89.70972,25.19021],[89.70972,25.19039],[89.70893,25.19041],[89.70894,25.19059],[89.70874,25.19059],[89.70873,25.19041],[89.70853,25.19042],[89.70854,25.1906],[89.70834,25.1906],[89.70875,25.19131],[89.71034,25.19129],[89.71034,25.19147],[89.71193,25.19144]]]}},{"type":"Feature","properties":{"kind":"land","ha":1.3},"geometry":{"type":"Polygon","coordinates":[[[89.71647,25.19063],[89.71646,25.19009],[89.71685,25.1899],[89.71685,25.18972],[89.71705,25.18972],[89.71703,25.18882],[89.71643,25.18883],[89.71625,25.18955],[89.71605,25.18956],[89.71607,25.1901],[89.71587,25.1901],[89.71587,25.19028],[89.71627,25.19046],[89.71628,25.19064],[89.71647,25.19063]]]}},{"type":"Feature","properties":{"kind":"land","ha":1.8},"geometry":{"type":"Polygon","coordinates":[[[89.62446,25.19175],[89.62445,25.19157],[89.62485,25.19157],[89.62485,25.19138],[89.62445,25.19139],[89.62464,25.19103],[89.62365,25.19104],[89.62364,25.19086],[89.62325,25.19087],[89.62324,25.19069],[89.62265,25.1907],[89.62264,25.19052],[89.62245,25.19052],[89.62246,25.19107],[89.62226,25.19107],[89.62226,25.19125],[89.62266,25.19142],[89.62267,25.1916],[89.62386,25.19158],[89.62386,25.19176],[89.62446,25.19175]],[[89.62306,25.19124],[89.62345,25.19123],[89.62346,25.19141],[89.62306,25.19142],[89.62306,25.19124]]]}},{"type":"Feature","properties":{"kind":"land","ha":12.2},"geometry":{"type":"Polygon","coordinates":[[[89.72577,25.18938],[89.72578,25.18992],[89.72558,25.18992],[89.72559,25.19028],[89.72579,25.19028],[89.72581,25.19136],[89.72561,25.19137],[89.72561,25.19119],[89.72521,25.19119],[89.7252,25.19065],[89.72481,25.19084],[89.72484,25.1921],[89.72464,25.19211],[89.72466,25.19301],[89.72446,25.19301],[89.72448,25.19391],[89.72409,25.1941],[89.72409,25.19428],[89.72389,25.19429],[89.7239,25.19447],[89.72271,25.19449],[89.7225,25.19413],[89.7223,25.19413],[89.7223,25.19395],[89.72171,25.19396],[89.7217,25.19378],[89.72111,25.1938],[89.7211,25.19361],[89.72071,25.19362],[89.7207,25.19344],[89.7205,25.19345],[89.7205,25.19308],[89.7201,25.19309],[89.72009,25.19273],[89.71929,25.19257],[89.71909,25.19221],[89.71889,25.19221],[89.71889,25.19203],[89.71809,25.19205],[89.7181,25.19223],[89.71829,25.19222],[89.7183,25.19258],[89.7187,25.19276],[89.71871,25.19312],[89.71891,25.19311],[89.71891,25.19329],[89.71931,25.19329],[89.71952,25.19364],[89.71971,25.19364],[89.71972,25.19382],[89.71992,25.19382],[89.71992,25.194],[89.72032,25.19399],[89.72032,25.19417],[89.72092,25.19416],[89.72112,25.19452],[89.72132,25.19451],[89.72132,25.19469],[89.72192,25.19468],[89.72213,25.19504],[89.72232,25.19504],[89.72233,25.19522],[89.72292,25.19521],[89.72313,25.19556],[89.72353,25.19556],[89.72353,25.19574],[89.72373,25.19573],[89.72372,25.19555],[89.72412,25.19554],[89.72411,25.195],[89.7245,25.19482],[89.72449,25.19427],[89.72488,25.19409],[89.72487,25.19337],[89.72546,25.19335],[89.72544,25.19245],[89.72583,25.19226],[89.72583,25.19208],[89.72603,25.19208],[89.72602,25.19172],[89.72582,25.19172],[89.72582,25.19154],[89.72641,25.19153],[89.7264,25.19117],[89.7266,25.19117],[89.7266,25.19099],[89.7264,25.19099],[89.72639,25.19063],[89.72659,25.19063],[89.72659,25.19045],[89.72619,25.19045],[89.72619,25.19027],[89.72638,25.19027],[89.72618,25.18991],[89.72638,25.18991],[89.72636,25.18937],[89.72676,25.18918],[89.72696,25.18954],[89.72716,25.18953],[89.72714,25.18845],[89.72674,25.18846],[89.72674,25.18828],[89.72614,25.18829],[89.72615,25.18865],[89.72595,25.18865],[89.72597,25.18937],[89.72577,25.18938]],[[89.72617,25.18937],[89.72617,25.18955],[89.72597,25.18955],[89.72597,25.18937],[89.72617,25.18937]]]}},{"type":"Feature","properties":{"kind":"land","ha":1.2},"geometry":{"type":"Polygon","coordinates":[[[89.72022,25.18966],[89.72021,25.18912],[89.7208,25.18911],[89.7208,25.18893],[89.7204,25.18875],[89.7204,25.18857],[89.7202,25.18858],[89.72019,25.1884],[89.71999,25.1884],[89.71999,25.18822],[89.71959,25.18823],[89.7196,25.18841],[89.7194,25.18841],[89.71942,25.18913],[89.71961,25.18913],[89.71962,25.18931],[89.72001,25.1893],[89.72002,25.18966],[89.72022,25.18966]]]}},{"type":"Feature","properties":{"kind":"land","ha":1.4},"geometry":{"type":"Polygon","coordinates":[[[89.60479,25.1903],[89.60478,25.18993],[89.60438,25.18976],[89.60437,25.1894],[89.60357,25.18923],[89.60357,25.18905],[89.60317,25.18906],[89.60317,25.18888],[89.60297,25.18888],[89.60296,25.18852],[89.60256,25.18835],[89.60257,25.18889],[89.60297,25.18906],[89.60298,25.18924],[89.60318,25.18924],[89.60318,25.18942],[89.60338,25.18942],[89.60338,25.1896],[89.60358,25.18959],[89.60358,25.18978],[89.60378,25.18977],[89.60379,25.18995],[89.60399,25.18995],[89.60399,25.19031],[89.60479,25.1903]]]}},{"type":"Feature","properties":{"kind":"land","ha":2.9},"geometry":{"type":"Polygon","coordinates":[[[89.72557,25.1892],[89.72555,25.18848],[89.72594,25.18829],[89.72592,25.18721],[89.72572,25.18721],[89.72572,25.18703],[89.72611,25.18684],[89.7261,25.18648],[89.7263,25.18648],[89.72629,25.18594],[89.72589,25.18577],[89.72588,25.18559],[89.72568,25.18559],[89.72568,25.18541],[89.72548,25.18541],[89.72546,25.18451],[89.72526,25.18451],[89.7253,25.18596],[89.7251,25.18596],[89.72512,25.18704],[89.72532,25.18704],[89.72537,25.1892],[89.72557,25.1892]]]}},{"type":"Feature","properties":{"kind":"land","ha":2.3},"geometry":{"type":"Polygon","coordinates":[[[89.72926,25.18588],[89.72925,25.18552],[89.72945,25.18552],[89.72944,25.18516],[89.72964,25.18516],[89.72964,25.18497],[89.73023,25.18496],[89.73022,25.1846],[89.72963,25.18461],[89.72963,25.18479],[89.72944,25.1848],[89.72943,25.18462],[89.72923,25.18462],[89.72923,25.18426],[89.72883,25.18427],[89.72862,25.18391],[89.72842,25.18391],[89.72824,25.18464],[89.72804,25.18464],[89.72805,25.18482],[89.72765,25.18483],[89.72766,25.18519],[89.72825,25.18518],[89.72826,25.18536],[89.72865,25.18535],[89.72866,25.18553],[89.72886,25.18553],[89.72887,25.18607],[89.72926,25.18588]],[[89.72844,25.18464],[89.72884,25.18463],[89.72884,25.18499],[89.72845,25.185],[89.72844,25.18464]]]}},{"type":"Feature","properties":{"kind":"land","ha":2.7},"geometry":{"type":"Polygon","coordinates":[[[89.67436,25.18779],[89.67435,25.18725],[89.67455,25.18725],[89.67454,25.18688],[89.67474,25.18688],[89.67472,25.18634],[89.67453,25.18634],[89.6745,25.18526],[89.6747,25.18526],[89.67469,25.1849],[89.6741,25.18491],[89.67389,25.18455],[89.67369,25.18455],[89.6737,25.18491],[89.6733,25.18492],[89.67332,25.18582],[89.67313,25.18583],[89.67313,25.18601],[89.67353,25.186],[89.67351,25.1851],[89.6737,25.18509],[89.67372,25.18582],[89.67392,25.18581],[89.67397,25.18798],[89.67436,25.18779]]]}},{"type":"Feature","properties":{"kind":"land","ha":4.0},"geometry":{"type":"Polygon","coordinates":[[[89.71539,25.1865],[89.71538,25.18596],[89.71518,25.18596],[89.71517,25.1856],[89.71497,25.18561],[89.71495,25.18434],[89.71514,25.18434],[89.71513,25.1838],[89.71434,25.18399],[89.71432,25.18309],[89.71412,25.18309],[89.71393,25.18346],[89.71374,25.18346],[89.71376,25.18436],[89.71356,25.18437],[89.71356,25.18455],[89.71317,25.18456],[89.71321,25.18636],[89.7134,25.18636],[89.7134,25.186],[89.71359,25.18599],[89.71358,25.18545],[89.71457,25.18543],[89.71458,25.18561],[89.71478,25.18561],[89.71479,25.18633],[89.71519,25.18632],[89.71519,25.1865],[89.71539,25.1865]]]}},{"type":"Feature","properties":{"kind":"land","ha":1.0},"geometry":{"type":"Polygon","coordinates":[[[89.67668,25.18504],[89.67665,25.1836],[89.67645,25.1836],[89.67646,25.18396],[89.67526,25.1838],[89.67527,25.18398],[89.67547,25.18398],[89.67548,25.1847],[89.67568,25.1847],[89.67567,25.18434],[89.67647,25.18432],[89.67647,25.1845],[89.67627,25.18451],[89.67628,25.18505],[89.67668,25.18504]]]}},{"type":"Feature","properties":{"kind":"land","ha":1.9},"geometry":{"type":"Polygon","coordinates":[[[89.67308,25.18366],[89.67308,25.18384],[89.67348,25.18383],[89.67369,25.18419],[89.67388,25.18419],[89.67389,25.18455],[89.67409,25.18455],[89.67409,25.18437],[89.67448,25.18436],[89.67449,25.18454],[89.67468,25.18454],[89.67467,25.18399],[89.67487,25.18399],[89.67486,25.18363],[89.67446,25.18346],[89.67446,25.18328],[89.67485,25.18309],[89.67485,25.18291],[89.67327,25.18312],[89.67347,25.18347],[89.67367,25.18347],[89.67367,25.18365],[89.67308,25.18366]],[[89.67387,25.18365],[89.67388,25.18383],[89.67368,25.18383],[89.67367,25.18365],[89.67387,25.18365]]]}},{"type":"Feature","properties":{"kind":"land","ha":1.1},"geometry":{"type":"Polygon","coordinates":[[[89.73277,25.18329],[89.73297,25.18329],[89.73299,25.18401],[89.73338,25.184],[89.73338,25.18364],[89.73318,25.18365],[89.73315,25.1822],[89.73334,25.1822],[89.73333,25.18148],[89.73293,25.18148],[89.73294,25.18203],[89.73255,25.18203],[89.73256,25.18239],[89.73275,25.18239],[89.73277,25.18329]],[[89.73275,25.18221],[89.73295,25.18221],[89.73295,25.18239],[89.73275,25.18239],[89.73275,25.18221]]]}},{"type":"Feature","properties":{"kind":"land","ha":1.3},"geometry":{"type":"Polygon","coordinates":[[[89.6217,25.1835],[89.6217,25.18332],[89.62209,25.18331],[89.6221,25.18349],[89.6223,25.18349],[89.62228,25.18277],[89.62248,25.18276],[89.62247,25.18258],[89.62228,25.18259],[89.62227,25.18223],[89.62167,25.18224],[89.62168,25.1826],[89.62129,25.18278],[89.62129,25.18296],[89.62109,25.18297],[89.6211,25.18315],[89.6207,25.18316],[89.62071,25.18334],[89.6215,25.18332],[89.6215,25.1835],[89.6217,25.1835]]]}},{"type":"Feature","properties":{"kind":"land","ha":1.7},"geometry":{"type":"Polygon","coordinates":[[[89.60544,25.18361],[89.60543,25.18324],[89.60523,25.18325],[89.60522,25.18289],[89.60482,25.18271],[89.60482,25.18253],[89.60462,25.18254],[89.60462,25.18236],[89.60442,25.18236],[89.60442,25.18218],[89.60402,25.18219],[89.60405,25.18363],[89.60425,25.18363],[89.60425,25.18381],[89.60544,25.18361]]]}},{"type":"Feature","properties":{"kind":"land","ha":2.8},"geometry":{"type":"Polygon","coordinates":[[[89.70737,25.18268],[89.70736,25.18232],[89.70756,25.18231],[89.70755,25.18159],[89.70735,25.18159],[89.70734,25.18141],[89.70774,25.18141],[89.70773,25.18087],[89.70812,25.18068],[89.70811,25.18014],[89.70791,25.18014],[89.70791,25.17996],[89.70751,25.17997],[89.70751,25.18015],[89.70652,25.18017],[89.70653,25.18035],[89.70633,25.18035],[89.70656,25.18179],[89.70696,25.18178],[89.70695,25.1816],[89.70715,25.1816],[89.70717,25.18232],[89.70677,25.18233],[89.70678,25.18269],[89.70698,25.18268],[89.70698,25.18286],[89.70737,25.18268]],[[89.70713,25.1807],[89.70693,25.1807],[89.70692,25.18034],[89.70732,25.18033],[89.70753,25.18069],[89.70713,25.18088],[89.70713,25.1807]]]}},{"type":"Feature","properties":{"kind":"land","ha":1.7},"geometry":{"type":"Polygon","coordinates":[[[89.67541,25.18127],[89.6754,25.18109],[89.6758,25.18109],[89.6758,25.18091],[89.67679,25.18089],[89.67678,25.18071],[89.67658,25.18071],[89.67658,25.18053],[89.67618,25.18054],[89.67598,25.18018],[89.67578,25.18018],[89.67579,25.18054],[89.67519,25.18056],[89.67519,25.18037],[89.674,25.1804],[89.674,25.18058],[89.67361,25.18058],[89.67361,25.18076],[89.6744,25.18075],[89.67441,25.18093],[89.6748,25.18092],[89.67481,25.1811],[89.6752,25.1811],[89.67521,25.18128],[89.67541,25.18127]]]}},{"type":"Feature","properties":{"kind":"land","ha":1.4},"geometry":{"type":"Polygon","coordinates":[[[89.60342,25.18202],[89.60342,25.18184],[89.60361,25.18183],[89.60361,25.18147],[89.60381,25.18147],[89.60379,25.18093],[89.60339,25.18075],[89.60339,25.18057],[89.60299,25.18058],[89.60299,25.18022],[89.60279,25.18022],[89.60282,25.18185],[89.60302,25.18184],[89.60302,25.18202],[89.60342,25.18202]]]}},{"type":"Feature","properties":{"kind":"land","ha":23.3},"geometry":{"type":"Polygon","coordinates":[[[89.71846,25.18175],[89.71806,25.18176],[89.71805,25.1814],[89.71765,25.18122],[89.71744,25.18051],[89.71704,25.18033],[89.71703,25.17979],[89.71683,25.1798],[89.71682,25.17944],[89.71662,25.17944],[89.71662,25.17926],[89.71642,25.17926],[89.71641,25.1789],[89.71621,25.1789],[89.7162,25.17836],[89.716,25.17837],[89.71623,25.17981],[89.71643,25.1798],[89.71644,25.18034],[89.71664,25.18034],[89.71666,25.18106],[89.71646,25.18107],[89.71647,25.18143],[89.71667,25.18142],[89.71667,25.1816],[89.71647,25.18161],[89.71648,25.18197],[89.71668,25.18196],[89.7167,25.18305],[89.7165,25.18305],[89.71652,25.18395],[89.71672,25.18395],[89.71673,25.18431],[89.71693,25.18431],[89.71692,25.18377],[89.71711,25.18376],[89.71711,25.18358],[89.71751,25.18357],[89.71751,25.18375],[89.71771,25.18375],[89.71772,25.18411],[89.71733,25.1843],[89.71733,25.18448],[89.71773,25.18465],[89.71774,25.18519],[89.71794,25.18519],[89.71795,25.18555],[89.71834,25.18554],[89.71835,25.1859],[89.71815,25.18591],[89.71816,25.18627],[89.71777,25.18628],[89.71778,25.18682],[89.71798,25.18681],[89.71798,25.18717],[89.71818,25.18717],[89.71819,25.18735],[89.71838,25.18735],[89.7184,25.18807],[89.7188,25.18806],[89.7188,25.18824],[89.7194,25.18823],[89.71938,25.18733],[89.71918,25.18733],[89.71917,25.18697],[89.71897,25.18698],[89.71897,25.1868],[89.71877,25.1868],[89.71876,25.18644],[89.71915,25.18625],[89.71913,25.18535],[89.71874,25.18536],[89.71873,25.18481],[89.71892,25.18481],[89.71892,25.18463],[89.72011,25.18461],[89.72011,25.18479],[89.72071,25.18478],[89.72091,25.18514],[89.72111,25.18513],[89.7211,25.18459],[89.7207,25.18442],[89.7207,25.18424],[89.7205,25.18424],[89.72049,25.18388],[89.72088,25.18369],[89.72086,25.18261],[89.72106,25.18261],[89.72105,25.18225],[89.72065,25.18225],[89.72064,25.18189],[89.72084,25.18189],[89.72084,25.18171],[89.72163,25.18169],[89.72163,25.18151],[89.72183,25.18151],[89.72181,25.18079],[89.72161,25.18079],[89.72159,25.17989],[89.72198,25.1797],[89.72199,25.17988],[89.72219,25.17988],[89.72217,25.17916],[89.72237,25.17915],[89.72216,25.1788],[89.72196,25.1788],[89.72198,25.17934],[89.72158,25.17935],[89.72137,25.17899],[89.72117,25.17899],[89.72117,25.17881],[89.72097,25.17882],[89.72096,25.17846],[89.72136,25.17845],[89.72136,25.17827],[89.72096,25.17828],[89.72075,25.17792],[89.72056,25.17792],[89.72055,25.17774],[89.72035,25.17775],[89.72036,25.17811],[89.72056,25.1781],[89.72058,25.17882],[89.72038,25.17883],[89.72039,25.17937],[89.72079,25.17954],[89.7208,25.1799],[89.721,25.1799],[89.72101,25.18044],[89.72081,25.18044],[89.72082,25.18099],[89.72023,25.181],[89.72022,25.18082],[89.71943,25.18083],[89.71944,25.18119],[89.71924,25.1812],[89.71926,25.18192],[89.71846,25.18193],[89.71846,25.18175]],[[89.71847,25.18211],[89.71926,25.1821],[89.71927,25.18246],[89.71947,25.18245],[89.71947,25.18264],[89.71927,25.18264],[89.71928,25.183],[89.71908,25.183],[89.71909,25.18318],[89.71849,25.18319],[89.71828,25.18248],[89.71808,25.18248],[89.71807,25.18212],[89.71846,25.18193],[89.71847,25.18211]],[[89.72102,25.18098],[89.72122,25.18098],[89.72122,25.18116],[89.72102,25.18116],[89.72102,25.18098]]]}},{"type":"Feature","properties":{"kind":"land","ha":2.1},"geometry":{"type":"Polygon","coordinates":[[[89.6716,25.17936],[89.67177,25.17827],[89.67137,25.17828],[89.67137,25.1781],[89.67058,25.17811],[89.67037,25.17775],[89.66997,25.17776],[89.66998,25.17812],[89.67038,25.17812],[89.67038,25.1783],[89.67018,25.1783],[89.67019,25.17866],[89.66979,25.17849],[89.6698,25.17885],[89.67,25.17884],[89.67,25.17902],[89.6704,25.17902],[89.6704,25.1792],[89.671,25.17919],[89.671,25.17937],[89.6716,25.17936]],[[89.67099,25.17883],[89.67119,25.17882],[89.67119,25.179],[89.67099,25.17901],[89.67099,25.17883]]]}},{"type":"Feature","properties":{"kind":"land","ha":1.4},"geometry":{"type":"Polygon","coordinates":[[[89.70944,25.17777],[89.70943,25.17704],[89.70963,25.17704],[89.70962,25.17686],[89.71022,25.17685],[89.71021,25.17667],[89.70942,25.1765],[89.70941,25.17632],[89.70921,25.17633],[89.70921,25.17597],[89.70881,25.17597],[89.70881,25.17615],[89.70862,25.17616],[89.70863,25.1767],[89.70883,25.17669],[89.70884,25.17742],[89.70924,25.17759],[89.70925,25.17777],[89.70944,25.17777]]]}},{"type":"Feature","properties":{"kind":"land","ha":1.7},"geometry":{"type":"Polygon","coordinates":[[[89.66443,25.17804],[89.66442,25.17786],[89.66482,25.17785],[89.66481,25.17731],[89.66501,25.17731],[89.665,25.17695],[89.6652,25.17695],[89.66519,25.17676],[89.6644,25.17696],[89.66441,25.17732],[89.66382,25.17733],[89.66381,25.17697],[89.66342,25.17716],[89.6634,25.17662],[89.66321,25.17662],[89.66321,25.1768],[89.66262,25.17681],[89.66262,25.17699],[89.66242,25.177],[89.66263,25.17735],[89.66302,25.17735],[89.66303,25.17753],[89.66402,25.17751],[89.66403,25.17787],[89.66422,25.17787],[89.66423,25.17805],[89.66443,25.17804]]]}},{"type":"Feature","properties":{"kind":"land","ha":2.0},"geometry":{"type":"Polygon","coordinates":[[[89.70389,25.17787],[89.70387,25.1766],[89.70367,25.17661],[89.70366,25.17625],[89.70327,25.17643],[89.70325,25.17571],[89.70345,25.17571],[89.70343,25.17463],[89.70303,25.17463],[89.70303,25.17481],[89.70283,25.17482],[89.70287,25.17644],[89.70307,25.17644],[89.70308,25.17716],[89.70349,25.17733],[89.7035,25.17805],[89.70389,25.17787]]]}},{"type":"Feature","properties":{"kind":"land","ha":1.2},"geometry":{"type":"Polygon","coordinates":[[[89.66359,25.17607],[89.66358,25.17571],[89.66319,25.17572],[89.66318,25.17554],[89.66298,25.17554],[89.66298,25.17518],[89.66278,25.17518],[89.66277,25.175],[89.66238,25.17501],[89.66219,25.17538],[89.66199,25.17538],[89.662,25.17574],[89.6624,25.17591],[89.6624,25.17609],[89.66319,25.17608],[89.6632,25.17626],[89.66359,25.17607]]]}},{"type":"Feature","properties":{"kind":"land","ha":1.5},"geometry":{"type":"Polygon","coordinates":[[[89.68165,25.17647],[89.68164,25.17611],[89.68184,25.1761],[89.68182,25.17538],[89.68222,25.17519],[89.68221,25.17483],[89.68181,25.17484],[89.68182,25.17502],[89.68162,25.17502],[89.68141,25.17467],[89.68121,25.17467],[89.68102,25.17503],[89.68063,25.17504],[89.68084,25.17576],[89.68064,25.17576],[89.68065,25.17612],[89.68124,25.17611],[89.68145,25.17647],[89.68165,25.17647]],[[89.68103,25.1754],[89.68162,25.17538],[89.68164,25.17593],[89.68104,25.17594],[89.68103,25.1754]]]}},{"type":"Feature","properties":{"kind":"land","ha":1.7},"geometry":{"type":"Polygon","coordinates":[[[89.66932,25.17489],[89.66931,25.17434],[89.66891,25.17435],[89.66872,25.17472],[89.66852,25.17472],[89.66851,25.17436],[89.66792,25.17437],[89.66791,25.17401],[89.66712,25.17402],[89.66713,25.17456],[89.66792,25.17455],[89.66793,25.17473],[89.66812,25.17473],[89.66813,25.17509],[89.66734,25.1751],[89.66733,25.17492],[89.66714,25.17492],[89.66714,25.17529],[89.66734,25.17528],[89.66735,25.17546],[89.66774,25.17546],[89.66774,25.17528],[89.66833,25.17526],[89.66833,25.17508],[89.66873,25.17508],[89.66873,25.17526],[89.66893,25.17525],[89.66912,25.17489],[89.66932,25.17489]],[[89.66892,25.17489],[89.66892,25.17471],[89.66911,25.17471],[89.66912,25.17489],[89.66892,25.17489]]]}},{"type":"Feature","properties":{"kind":"land","ha":4.6},"geometry":{"type":"Polygon","coordinates":[[[89.70604,25.1762],[89.70603,25.17584],[89.70643,25.17584],[89.7064,25.17457],[89.7066,25.17457],[89.70659,25.17439],[89.70619,25.17422],[89.70621,25.17512],[89.70601,25.17512],[89.70601,25.17494],[89.70581,25.17494],[89.7058,25.1744],[89.7056,25.17441],[89.70559,25.17405],[89.70579,25.17404],[89.70579,25.17386],[89.70599,25.17386],[89.70599,25.17404],[89.70639,25.17403],[89.70638,25.17367],[89.70598,25.1735],[89.70597,25.17332],[89.70657,25.17331],[89.70678,25.17366],[89.70697,25.17366],[89.70698,25.17384],[89.70718,25.17384],[89.70718,25.1742],[89.70758,25.17437],[89.70759,25.17455],[89.70779,25.17455],[89.708,25.17527],[89.7082,25.17526],[89.70821,25.1758],[89.70861,25.1758],[89.70839,25.17472],[89.70799,25.17454],[89.70798,25.17418],[89.70758,25.17419],[89.70757,25.17383],[89.70717,25.17366],[89.70717,25.17348],[89.70697,25.17348],[89.70697,25.1733],[89.70677,25.1733],[89.70676,25.17312],[89.70657,25.17313],[89.70656,25.17295],[89.70636,25.17295],[89.70636,25.17277],[89.70576,25.17278],[89.70577,25.17296],[89.70537,25.17297],[89.70541,25.17477],[89.70502,25.17496],[89.70502,25.17514],[89.70522,25.17514],[89.70525,25.17622],[89.70604,25.1762]]]}},{"type":"Feature","properties":{"kind":"land","ha":19.3},"geometry":{"type":"Polygon","coordinates":[[[89.67789,25.1861],[89.67788,25.18556],[89.67808,25.18556],[89.67807,25.18502],[89.67827,25.18501],[89.67825,25.18447],[89.67865,25.18428],[89.67864,25.1841],[89.67884,25.1841],[89.67883,25.18374],[89.67923,25.18355],[89.67922,25.18337],[89.67942,25.18337],[89.67942,25.18319],[89.67961,25.18318],[89.67961,25.183],[89.67981,25.183],[89.6798,25.18246],[89.68019,25.18227],[89.68037,25.18154],[89.68076,25.18136],[89.68076,25.18118],[89.68096,25.18117],[89.68095,25.18099],[89.68115,25.18099],[89.68115,25.18081],[89.68135,25.1808],[89.68134,25.18044],[89.68173,25.18026],[89.68173,25.18008],[89.68193,25.18007],[89.68192,25.17971],[89.68212,25.17971],[89.68211,25.17935],[89.6825,25.17916],[89.6825,25.17898],[89.6827,25.17898],[89.68269,25.17879],[89.68289,25.17879],[89.68288,25.17843],[89.68327,25.17824],[89.68327,25.17806],[89.68347,25.17806],[89.68346,25.17788],[89.68366,25.17787],[89.68366,25.17769],[89.68386,25.17769],[89.68385,25.17733],[89.68424,25.17714],[89.68423,25.17678],[89.68463,25.17659],[89.68481,25.17587],[89.68501,25.17587],[89.685,25.1755],[89.6852,25.1755],[89.68519,25.17514],[89.68558,25.17495],[89.68557,25.17441],[89.68596,25.17422],[89.68595,25.17386],[89.68615,25.17386],[89.68614,25.17332],[89.68634,25.17331],[89.68633,25.17295],[89.68515,25.17316],[89.68514,25.17297],[89.68494,25.17298],[89.68496,25.1737],[89.68456,25.17371],[89.68456,25.17353],[89.68377,25.17354],[89.68377,25.17372],[89.68357,25.17373],[89.68358,25.17427],[89.68398,25.17426],[89.68399,25.17462],[89.6832,25.17463],[89.6832,25.175],[89.68281,25.17518],[89.68282,25.17554],[89.68262,25.17555],[89.68263,25.17609],[89.68224,25.17628],[89.68225,25.17664],[89.68165,25.17665],[89.68166,25.17683],[89.68185,25.17682],[89.68187,25.17737],[89.68167,25.17737],[89.68168,25.17773],[89.68148,25.17773],[89.68149,25.17809],[89.68109,25.17828],[89.6811,25.17864],[89.6809,25.17865],[89.68091,25.17919],[89.68052,25.17938],[89.68053,25.17974],[89.68033,25.17974],[89.68035,25.18046],[89.67996,25.18065],[89.67977,25.18137],[89.67957,25.18138],[89.67958,25.18174],[89.67938,25.18174],[89.6794,25.18228],[89.6792,25.18229],[89.67921,25.18265],[89.67901,25.18265],[89.67901,25.18301],[89.67882,25.18302],[89.67883,25.18356],[89.67844,25.18375],[89.67844,25.18411],[89.67805,25.18429],[89.67806,25.18447],[89.67786,25.18448],[89.67787,25.1852],[89.67767,25.1852],[89.67769,25.18611],[89.67789,25.1861]],[[89.68226,25.17736],[89.68246,25.17736],[89.68246,25.17717],[89.68305,25.17716],[89.68306,25.17771],[89.68227,25.17772],[89.68226,25.17736]],[[89.68283,25.1759],[89.68302,25.1759],[89.68303,25.17608],[89.68283,25.17609],[89.68283,25.1759]],[[89.6836,25.17517],[89.68341,25.17517],[89.6834,25.17481],[89.68379,25.1748],[89.68381,25.17535],[89.68361,25.17535],[89.6836,25.17517]],[[89.68438,25.17461],[89.68419,25.17462],[89.68418,25.17426],[89.68497,25.17406],[89.68497,25.17424],[89.68517,25.17424],[89.68517,25.17442],[89.68498,25.17442],[89.68498,25.17478],[89.68439,25.17479],[89.68438,25.17461]]]}},{"type":"Feature","properties":{"kind":"land","ha":8.1},"geometry":{"type":"Polygon","coordinates":[[[89.67649,25.17656],[89.67649,25.17638],[89.67689,25.17637],[89.67688,25.17601],[89.67708,25.17601],[89.67707,25.17583],[89.67727,25.17582],[89.67727,25.17601],[89.67787,25.17599],[89.67787,25.17581],[89.67826,25.17581],[89.67826,25.17563],[89.67905,25.17561],[89.67905,25.17543],[89.67865,25.17544],[89.67864,25.17508],[89.67904,25.17507],[89.67904,25.17489],[89.67884,25.17489],[89.67883,25.17453],[89.67863,25.17454],[89.67863,25.17436],[89.67922,25.17435],[89.67922,25.17417],[89.67942,25.17416],[89.6794,25.17344],[89.6792,25.17344],[89.67919,25.17308],[89.6788,25.17309],[89.6788,25.17327],[89.6786,25.17327],[89.6786,25.17309],[89.6782,25.1731],[89.6782,25.17274],[89.6774,25.17275],[89.67741,25.17293],[89.6776,25.17293],[89.67762,25.17347],[89.67742,25.17348],[89.67742,25.17366],[89.67762,25.17365],[89.67762,25.17383],[89.67723,25.17384],[89.67722,25.1733],[89.67702,25.1733],[89.67702,25.17348],[89.67623,25.1735],[89.67624,25.17404],[89.67644,25.17403],[89.67644,25.17422],[89.67624,25.17422],[89.67625,25.1744],[89.67664,25.17439],[89.67665,25.17457],[89.67685,25.17457],[89.67687,25.17547],[89.67647,25.1753],[89.67647,25.17548],[89.67627,25.17548],[89.67626,25.17512],[89.67587,25.17513],[89.67587,25.17531],[89.67567,25.17531],[89.67569,25.17621],[89.67609,25.17639],[89.6761,25.17675],[89.67649,25.17656]],[[89.67785,25.17509],[89.67745,25.1751],[89.67745,25.17474],[89.67725,25.17474],[89.67744,25.17438],[89.67803,25.17437],[89.67805,25.17527],[89.67785,25.17527],[89.67785,25.17509]]]}},{"type":"Feature","properties":{"kind":"land","ha":5.8},"geometry":{"type":"Polygon","coordinates":[[[89.66456,25.17497],[89.66455,25.17461],[89.66435,25.17461],[89.66434,25.17407],[89.66474,25.17407],[89.66473,25.17352],[89.66492,25.17352],[89.66492,25.17316],[89.66452,25.17317],[89.66453,25.17353],[89.66413,25.17372],[89.66413,25.17354],[89.66393,25.17354],[89.66392,25.17318],[89.66432,25.17317],[89.66432,25.17299],[89.66372,25.173],[89.66372,25.17282],[89.66332,25.17283],[89.66333,25.17319],[89.66313,25.17319],[89.66314,25.17337],[89.66234,25.17339],[89.66234,25.17321],[89.66155,25.17322],[89.66134,25.17286],[89.66095,25.17305],[89.66094,25.17287],[89.65995,25.17289],[89.65996,25.17307],[89.66055,25.17306],[89.66056,25.17342],[89.66016,25.17343],[89.66017,25.17361],[89.66056,25.1736],[89.66057,25.17396],[89.66097,25.17395],[89.66096,25.17359],[89.66195,25.17357],[89.66196,25.17394],[89.66136,25.17395],[89.66137,25.17413],[89.66117,25.17413],[89.66118,25.17467],[89.66138,25.17467],[89.66138,25.17485],[89.66198,25.17484],[89.66217,25.17447],[89.66276,25.17446],[89.66277,25.17464],[89.66296,25.17464],[89.66296,25.17446],[89.66316,25.17446],[89.66315,25.17409],[89.66355,25.17409],[89.66375,25.17444],[89.66395,25.17444],[89.66396,25.17462],[89.66415,25.17462],[89.66416,25.17498],[89.66456,25.17497]]]}},{"type":"Feature","properties":{"kind":"land","ha":9.1},"geometry":{"type":"Polygon","coordinates":[[[89.61131,25.17989],[89.61131,25.17971],[89.6119,25.1797],[89.61189,25.17934],[89.61228,25.17915],[89.61228,25.17879],[89.61248,25.17879],[89.61247,25.17843],[89.61286,25.17824],[89.61286,25.17806],[89.61325,25.17805],[89.61324,25.17751],[89.61344,25.17751],[89.61343,25.17715],[89.61382,25.17696],[89.61381,25.17606],[89.614,25.17605],[89.61399,25.17533],[89.61419,25.17533],[89.61416,25.17425],[89.61436,25.17424],[89.61434,25.17334],[89.61395,25.17353],[89.61395,25.17371],[89.61376,25.17371],[89.61376,25.17407],[89.61357,25.17408],[89.61358,25.17498],[89.61259,25.175],[89.6126,25.17518],[89.6124,25.17518],[89.61223,25.17663],[89.61203,25.17663],[89.61204,25.17681],[89.61164,25.17682],[89.61165,25.17718],[89.61224,25.17717],[89.61245,25.17753],[89.61285,25.17752],[89.61285,25.1777],[89.61265,25.1777],[89.61266,25.17806],[89.61246,25.17807],[89.61225,25.17771],[89.61206,25.17771],[89.61205,25.17753],[89.61185,25.17754],[89.61185,25.17736],[89.61165,25.17736],[89.61146,25.17772],[89.61126,25.17773],[89.61127,25.17827],[89.61108,25.17827],[89.61108,25.17863],[89.61069,25.17882],[89.61069,25.179],[89.61089,25.179],[89.6109,25.17954],[89.61071,25.17954],[89.61071,25.17972],[89.61091,25.17972],[89.61091,25.1799],[89.61131,25.17989]]]}},{"type":"Feature","properties":{"kind":"land","ha":1.4},"geometry":{"type":"Polygon","coordinates":[[[89.65958,25.17416],[89.65957,25.1738],[89.65977,25.17379],[89.65977,25.17361],[89.65937,25.17362],[89.65936,25.1729],[89.65975,25.17289],[89.65955,25.17253],[89.65915,25.17254],[89.65915,25.17272],[89.65896,25.17273],[89.65916,25.17308],[89.65896,25.17309],[89.65897,25.17327],[89.65738,25.1733],[89.65738,25.17312],[89.65698,25.17312],[89.65699,25.17348],[89.65739,25.17348],[89.65739,25.17366],[89.65778,25.17347],[89.65779,25.17365],[89.65858,25.17364],[89.65858,25.17345],[89.65877,25.17345],[89.65878,25.17363],[89.65898,25.17363],[89.65897,25.17345],[89.65917,25.17344],[89.65918,25.1738],[89.65938,25.1738],[89.65938,25.17398],[89.65918,25.17399],[89.65919,25.17417],[89.65958,25.17416]]]}},{"type":"Feature","properties":{"kind":"land","ha":2.6},"geometry":{"type":"Polygon","coordinates":[[[89.66708,25.1724],[89.6671,25.17312],[89.6669,25.17312],[89.6669,25.1733],[89.66611,25.17332],[89.66611,25.1735],[89.66651,25.17349],[89.66672,25.17385],[89.66691,25.17385],[89.66692,25.17403],[89.66712,25.17402],[89.66711,25.17366],[89.66751,25.17365],[89.66751,25.17384],[89.6681,25.17382],[89.6681,25.17346],[89.6677,25.17329],[89.66769,25.17311],[89.66808,25.17292],[89.66808,25.17274],[89.66867,25.17273],[89.66867,25.17255],[89.66887,25.17255],[89.66866,25.17219],[89.66846,25.17219],[89.66846,25.17201],[89.66806,25.17202],[89.66806,25.17184],[89.66786,25.17184],[89.66785,25.17148],[89.66766,25.17149],[89.66767,25.17203],[89.66728,25.17222],[89.66728,25.1724],[89.66708,25.1724]],[[89.66768,25.17257],[89.66768,25.17275],[89.66729,25.17276],[89.66728,25.1724],[89.66768,25.17257]]]}},{"type":"Feature","properties":{"kind":"land","ha":2.7},"geometry":{"type":"Polygon","coordinates":[[[89.72097,25.16997],[89.72098,25.17015],[89.72078,25.17016],[89.72082,25.17196],[89.72062,25.17197],[89.72063,25.17233],[89.72103,25.1725],[89.72104,25.17304],[89.72144,25.17303],[89.72143,25.17285],[89.72163,25.17285],[89.72162,25.17213],[89.72182,25.17212],[89.72181,25.17176],[89.72141,25.17177],[89.72141,25.17159],[89.72121,25.17159],[89.7212,25.17105],[89.72159,25.17105],[89.72159,25.17086],[89.72179,25.17086],[89.72176,25.1696],[89.72136,25.16961],[89.72117,25.16997],[89.72097,25.16997]],[[89.72157,25.16996],[89.72157,25.17014],[89.72118,25.17015],[89.72117,25.16997],[89.72157,25.16996]]]}},{"type":"Feature","properties":{"kind":"land","ha":1.9},"geometry":{"type":"Polygon","coordinates":[[[89.66134,25.17268],[89.66133,25.17232],[89.66192,25.17231],[89.66192,25.17213],[89.66231,25.17212],[89.66231,25.17176],[89.66191,25.17177],[89.66172,25.17213],[89.66132,25.17214],[89.66132,25.17196],[89.66092,25.17197],[89.66092,25.17179],[89.66072,25.17179],[89.66071,25.17143],[89.65952,25.17145],[89.65952,25.17127],[89.65972,25.17127],[89.6597,25.17055],[89.6595,25.17055],[89.65951,25.17091],[89.65931,25.17091],[89.65933,25.17164],[89.65953,25.17163],[89.65953,25.17181],[89.65993,25.17181],[89.65993,25.17199],[89.66053,25.17198],[89.66054,25.17252],[89.66093,25.17251],[89.66094,25.17287],[89.66134,25.17268]]]}},{"type":"Feature","properties":{"kind":"land","ha":19.0},"geometry":{"type":"Polygon","coordinates":[[[89.71165,25.17863],[89.71163,25.17791],[89.71183,25.1779],[89.7116,25.17646],[89.71239,25.17627],[89.71258,25.1759],[89.71357,25.17589],[89.71356,25.17552],[89.71316,25.17553],[89.71316,25.17535],[89.71296,25.17535],[89.71295,25.17499],[89.71255,25.17482],[89.71255,25.17464],[89.71175,25.17447],[89.71155,25.17412],[89.71115,25.17412],[89.71134,25.17376],[89.71114,25.17376],[89.71114,25.17358],[89.71134,25.17358],[89.71133,25.1734],[89.71093,25.17323],[89.71093,25.17305],[89.71053,25.17305],[89.71053,25.17323],[89.70994,25.17324],[89.70994,25.17306],[89.70974,25.17307],[89.70951,25.17163],[89.70971,25.17162],[89.70969,25.17108],[89.70989,25.17108],[89.70989,25.1709],[89.70969,25.1709],[89.70969,25.17072],[89.70949,25.17073],[89.7095,25.17145],[89.70911,25.17145],[89.7089,25.1711],[89.7087,25.1711],[89.70869,25.17074],[89.70829,25.17057],[89.70829,25.17021],[89.70789,25.17003],[89.70788,25.16985],[89.70749,25.16986],[89.70747,25.16932],[89.70668,25.16951],[89.70648,25.16916],[89.70609,25.16934],[89.70608,25.16916],[89.70588,25.16917],[89.7059,25.16971],[89.70629,25.1697],[89.7065,25.17006],[89.7067,25.17006],[89.7067,25.17024],[89.7069,25.17023],[89.7069,25.17041],[89.7071,25.17041],[89.7071,25.17059],[89.7075,25.1704],[89.7075,25.17058],[89.7079,25.17057],[89.7079,25.17075],[89.7081,25.17075],[89.70811,25.17129],[89.70772,25.1713],[89.70773,25.17184],[89.70733,25.17185],[89.70735,25.17257],[89.70775,25.17274],[89.70775,25.17292],[89.70795,25.17292],[89.70797,25.17382],[89.70817,25.17382],[89.70818,25.17418],[89.70837,25.17418],[89.70838,25.17436],[89.70957,25.17451],[89.70959,25.17542],[89.70979,25.17541],[89.7098,25.17577],[89.7102,25.17595],[89.7102,25.17613],[89.7104,25.17612],[89.71041,25.17648],[89.71081,25.17666],[89.71081,25.17684],[89.71101,25.17683],[89.71102,25.17701],[89.71042,25.17703],[89.71042,25.17721],[89.71082,25.1772],[89.71083,25.17756],[89.71122,25.17737],[89.71123,25.17773],[89.71143,25.17773],[89.71144,25.17827],[89.71124,25.17827],[89.71125,25.17845],[89.71144,25.17845],[89.71145,25.17863],[89.71165,25.17863]],[[89.70955,25.17361],[89.71034,25.1736],[89.71035,25.17378],[89.71055,25.17377],[89.71036,25.17414],[89.70956,25.17415],[89.70955,25.17361]]]}},{"type":"Feature","properties":{"kind":"land","ha":2.0},"geometry":{"type":"Polygon","coordinates":[[[89.66528,25.17153],[89.66508,25.17153],[89.66509,25.17189],[89.66528,25.17189],[89.66529,25.17207],[89.66549,25.17207],[89.66548,25.17189],[89.66588,25.17206],[89.66588,25.17188],[89.66628,25.17187],[89.66626,25.17115],[89.66666,25.17114],[89.66665,25.17096],[89.66586,25.1708],[89.66585,25.17044],[89.66525,25.17045],[89.66525,25.17009],[89.66505,25.17009],[89.66504,25.16991],[89.66445,25.16992],[89.66446,25.17028],[89.66485,25.17027],[89.66486,25.17045],[89.66506,25.17045],[89.66507,25.17135],[89.66527,25.17135],[89.66528,25.17153]],[[89.66526,25.17081],[89.66566,25.1708],[89.66567,25.17134],[89.66527,25.17135],[89.66526,25.17081]]]}},{"type":"Feature","properties":{"kind":"land","ha":1.8},"geometry":{"type":"Polygon","coordinates":[[[89.71327,25.17138],[89.71326,25.17084],[89.71306,25.17084],[89.71304,25.17012],[89.71285,25.17012],[89.71284,25.16976],[89.71264,25.16977],[89.71263,25.16922],[89.71243,25.16923],[89.71242,25.16887],[89.71202,25.16869],[89.71202,25.16887],[89.71183,25.16888],[89.71184,25.1696],[89.71204,25.1696],[89.71205,25.16996],[89.71225,25.16995],[89.71226,25.17049],[89.71246,25.17049],[89.71247,25.17085],[89.71287,25.17102],[89.71287,25.17121],[89.71307,25.1712],[89.71307,25.17138],[89.71327,25.17138]]]}},{"type":"Feature","properties":{"kind":"land","ha":3.7},"geometry":{"type":"Polygon","coordinates":[[[89.67756,25.17113],[89.67777,25.17148],[89.67837,25.17147],[89.67836,25.17129],[89.67816,25.1713],[89.67815,25.17076],[89.67795,25.17076],[89.67795,25.1704],[89.67854,25.17039],[89.67852,25.16967],[89.67812,25.16949],[89.67812,25.16931],[89.67753,25.16932],[89.67753,25.1695],[89.67713,25.16951],[89.67714,25.16969],[89.67694,25.16969],[89.67693,25.16933],[89.67634,25.16934],[89.67634,25.16952],[89.67674,25.16952],[89.67674,25.1697],[89.67634,25.1697],[89.67636,25.17061],[89.67696,25.1706],[89.67695,25.17042],[89.67715,25.17041],[89.67716,25.17077],[89.67676,25.17078],[89.67678,25.1715],[89.67756,25.17113]]]}},{"type":"Feature","properties":{"kind":"land","ha":1.0},"geometry":{"type":"Polygon","coordinates":[[[89.65614,25.17079],[89.65613,25.17043],[89.65653,25.17042],[89.65652,25.17024],[89.65672,25.17024],[89.65672,25.17042],[89.65712,25.17041],[89.65733,25.17077],[89.65753,25.17077],[89.6575,25.16968],[89.65711,25.16987],[89.65712,25.17023],[89.65692,25.17024],[89.65691,25.17006],[89.65652,25.17006],[89.65651,25.16988],[89.65632,25.16989],[89.6563,25.16934],[89.65611,25.16935],[89.65613,25.17025],[89.65593,25.17025],[89.65594,25.17079],[89.65614,25.17079]]]}},{"type":"Feature","properties":{"kind":"land","ha":1.1},"geometry":{"type":"Polygon","coordinates":[[[89.66664,25.17024],[89.66643,25.16988],[89.66623,25.16989],[89.66623,25.16971],[89.66643,25.1697],[89.66642,25.16934],[89.66662,25.16934],[89.66661,25.16916],[89.66542,25.16918],[89.66544,25.16972],[89.66524,25.16972],[89.66525,25.17009],[89.66564,25.1699],[89.66564,25.17008],[89.66624,25.17007],[89.66624,25.17025],[89.66664,25.17024]]]}},{"type":"Feature","properties":{"kind":"land","ha":1.8},"geometry":{"type":"Polygon","coordinates":[[[89.64366,25.17138],[89.64365,25.1712],[89.64425,25.17118],[89.64424,25.171],[89.64444,25.171],[89.64442,25.1701],[89.64481,25.16991],[89.64481,25.16973],[89.64421,25.16974],[89.64423,25.17064],[89.64404,25.17065],[89.64404,25.17101],[89.64385,25.17101],[89.64381,25.16957],[89.64401,25.16956],[89.644,25.1692],[89.6442,25.1692],[89.6442,25.16902],[89.6438,25.16903],[89.64361,25.16939],[89.64322,25.1694],[89.64324,25.1703],[89.64343,25.1703],[89.64346,25.17138],[89.64366,25.17138]],[[89.64342,25.16957],[89.64362,25.16957],[89.64362,25.16975],[89.64342,25.16976],[89.64342,25.16957]]]}},{"type":"Feature","properties":{"kind":"land","ha":1.1},"geometry":{"type":"Polygon","coordinates":[[[89.65275,25.17013],[89.65274,25.16977],[89.65294,25.16977],[89.65294,25.16959],[89.65274,25.16959],[89.65273,25.16923],[89.65253,25.16923],[89.65253,25.16905],[89.65233,25.16905],[89.65232,25.16869],[89.65193,25.16888],[89.65193,25.1687],[89.65173,25.1687],[89.65174,25.16943],[89.65215,25.1696],[89.65216,25.17014],[89.65275,25.17013]],[[89.65235,25.16978],[89.65255,25.16977],[89.65255,25.16995],[89.65235,25.16996],[89.65235,25.16978]]]}},{"type":"Feature","properties":{"kind":"land","ha":1.9},"geometry":{"type":"Polygon","coordinates":[[[89.6573,25.16951],[89.65728,25.16842],[89.65708,25.16843],[89.65707,25.16789],[89.65667,25.16789],[89.65667,25.16771],[89.65647,25.16772],[89.65647,25.1679],[89.65588,25.16791],[89.65588,25.16827],[89.65548,25.1681],[89.6555,25.16882],[89.6557,25.16881],[89.65571,25.16917],[89.6561,25.16917],[89.65629,25.1688],[89.65669,25.1688],[89.6569,25.16915],[89.65709,25.16915],[89.6571,25.16951],[89.6573,25.16951]],[[89.65648,25.16826],[89.65668,25.16825],[89.65669,25.16862],[89.65649,25.16862],[89.65648,25.16826]],[[89.65608,25.16808],[89.65628,25.16808],[89.65628,25.16844],[89.65609,25.16845],[89.65608,25.16808]]]}},{"type":"Feature","properties":{"kind":"land","ha":1.0},"geometry":{"type":"Polygon","coordinates":[[[89.66143,25.16799],[89.66142,25.16763],[89.66182,25.16762],[89.66182,25.16744],[89.66102,25.16745],[89.66082,25.1671],[89.66062,25.1671],[89.66062,25.16728],[89.66003,25.16729],[89.66003,25.16747],[89.65944,25.16748],[89.65944,25.16766],[89.66063,25.16764],[89.66084,25.168],[89.66143,25.16799]]]}},{"type":"Feature","properties":{"kind":"land","ha":1.5},"geometry":{"type":"Polygon","coordinates":[[[89.65471,25.16901],[89.65469,25.16811],[89.65489,25.16811],[89.65489,25.16793],[89.65528,25.16792],[89.65528,25.16774],[89.65488,25.16775],[89.65488,25.16756],[89.65428,25.16758],[89.65428,25.1674],[89.65408,25.1674],[89.65407,25.16704],[89.65368,25.16704],[89.65369,25.16759],[89.65349,25.16759],[89.65349,25.16777],[89.65389,25.16794],[89.6539,25.1683],[89.6543,25.16848],[89.65431,25.16866],[89.6545,25.16865],[89.65451,25.16902],[89.65471,25.16901]]]}},{"type":"Feature","properties":{"kind":"land","ha":2.1},"geometry":{"type":"Polygon","coordinates":[[[89.70588,25.16917],[89.70588,25.16881],[89.70607,25.1688],[89.70606,25.16826],[89.70566,25.16809],[89.70566,25.16791],[89.70546,25.16791],[89.70543,25.16683],[89.70504,25.16684],[89.70503,25.16666],[89.70543,25.16665],[89.70543,25.16647],[89.70563,25.16646],[89.70562,25.16628],[89.70542,25.16629],[89.70542,25.16611],[89.70502,25.16611],[89.70503,25.1663],[89.70443,25.16631],[89.70424,25.16667],[89.70444,25.16667],[89.70445,25.16703],[89.70465,25.16702],[89.70466,25.16775],[89.70506,25.16792],[89.70507,25.1681],[89.70546,25.16809],[89.70567,25.16845],[89.70587,25.16845],[89.70587,25.16863],[89.70567,25.16863],[89.70568,25.16917],[89.70588,25.16917]]]}},{"type":"Feature","properties":{"kind":"land","ha":1.6},"geometry":{"type":"Polygon","coordinates":[[[89.59304,25.16974],[89.59304,25.16938],[89.59323,25.16938],[89.59322,25.16884],[89.59263,25.16885],[89.59242,25.16849],[89.59222,25.1685],[89.59222,25.16831],[89.59202,25.16832],[89.59202,25.16814],[89.59182,25.16814],[89.59182,25.16796],[89.59142,25.16797],[89.59143,25.16833],[89.59163,25.16833],[89.59164,25.16887],[89.59204,25.16904],[89.59204,25.16922],[89.59224,25.16922],[89.59224,25.1694],[89.59244,25.16939],[89.59245,25.16957],[89.59284,25.16957],[89.59285,25.16975],[89.59304,25.16974]]]}},{"type":"Feature","properties":{"kind":"land","ha":4.4},"geometry":{"type":"Polygon","coordinates":[[[89.65014,25.16873],[89.65014,25.16855],[89.65034,25.16855],[89.65033,25.16837],[89.64954,25.16838],[89.64933,25.16803],[89.64854,25.16804],[89.64855,25.16822],[89.64815,25.16823],[89.64815,25.16841],[89.64775,25.16823],[89.64775,25.16805],[89.64795,25.16805],[89.64794,25.16769],[89.64814,25.16769],[89.64813,25.16732],[89.64833,25.16732],[89.64833,25.1675],[89.64893,25.16749],[89.64891,25.16659],[89.64851,25.16678],[89.64852,25.16714],[89.64793,25.16715],[89.64793,25.16733],[89.64753,25.16734],[89.64753,25.16715],[89.64694,25.16717],[89.64694,25.16735],[89.64674,25.16735],[89.64674,25.16717],[89.64654,25.16717],[89.64654,25.16735],[89.64555,25.16737],[89.64556,25.16773],[89.64615,25.16772],[89.64636,25.16808],[89.64676,25.16807],[89.64676,25.16843],[89.64716,25.16843],[89.64717,25.16861],[89.64796,25.16859],[89.64796,25.16877],[89.64975,25.16874],[89.64975,25.16892],[89.65014,25.16873]]]}},{"type":"Feature","properties":{"kind":"land","ha":4.2},"geometry":{"type":"Polygon","coordinates":[[[89.6682,25.16913],[89.66819,25.16877],[89.66879,25.16876],[89.66878,25.16858],[89.66998,25.16874],[89.66997,25.16838],[89.66957,25.1682],[89.66956,25.16784],[89.66996,25.16802],[89.66996,25.1682],[89.67036,25.16801],[89.67036,25.16819],[89.67115,25.16817],[89.67115,25.16781],[89.67154,25.16781],[89.67153,25.16745],[89.67134,25.16745],[89.67133,25.16727],[89.67094,25.16728],[89.67094,25.16746],[89.67054,25.16746],[89.67055,25.16764],[89.67015,25.16765],[89.67015,25.16747],[89.66916,25.16749],[89.66914,25.16677],[89.66934,25.16676],[89.66933,25.1664],[89.66893,25.16641],[89.66893,25.16605],[89.66873,25.16605],[89.66873,25.16623],[89.66853,25.16624],[89.66854,25.1666],[89.66834,25.1666],[89.66835,25.16696],[89.66815,25.16696],[89.66817,25.16769],[89.66837,25.16768],[89.66837,25.16786],[89.66877,25.16786],[89.66878,25.1684],[89.66858,25.1684],[89.66858,25.16858],[89.66799,25.16859],[89.668,25.16913],[89.6682,25.16913]]]}},{"type":"Feature","properties":{"kind":"land","ha":1.3},"geometry":{"type":"Polygon","coordinates":[[[89.7221,25.16725],[89.72209,25.1667],[89.72229,25.1667],[89.72228,25.16634],[89.72248,25.16634],[89.72247,25.16579],[89.72267,25.16579],[89.72265,25.16489],[89.72225,25.1649],[89.72208,25.16598],[89.72168,25.16617],[89.72171,25.16725],[89.7221,25.16725]]]}},{"type":"Feature","properties":{"kind":"land","ha":10.5},"geometry":{"type":"Polygon","coordinates":[[[89.68649,25.17133],[89.68669,25.17132],[89.68671,25.17204],[89.68651,25.17205],[89.68652,25.17241],[89.68672,25.1724],[89.68672,25.17277],[89.68712,25.17258],[89.68711,25.17222],[89.68731,25.17221],[89.6873,25.17167],[89.68749,25.17167],[89.68748,25.17095],[89.68768,25.17094],[89.68766,25.17022],[89.68786,25.17022],[89.68784,25.16932],[89.68804,25.16931],[89.68801,25.16805],[89.68821,25.16805],[89.6882,25.16787],[89.68801,25.16787],[89.688,25.16751],[89.6882,25.1675],[89.68818,25.16678],[89.68798,25.16679],[89.68798,25.16661],[89.68818,25.1666],[89.68817,25.16642],[89.68777,25.16625],[89.68775,25.16535],[89.68755,25.16535],[89.68756,25.16571],[89.68736,25.16571],[89.68737,25.1659],[89.68717,25.1659],[89.68718,25.16644],[89.68698,25.16644],[89.687,25.16717],[89.6868,25.16717],[89.68701,25.16753],[89.68681,25.16753],[89.68682,25.16825],[89.68663,25.16826],[89.68664,25.16898],[89.68704,25.16915],[89.68706,25.17005],[89.68666,25.17006],[89.68666,25.1697],[89.68626,25.16953],[89.68625,25.16934],[89.68605,25.16935],[89.68606,25.16953],[89.68586,25.16953],[89.68587,25.16989],[89.68607,25.16989],[89.68607,25.17025],[89.68627,25.17025],[89.68628,25.17061],[89.68588,25.17061],[89.68588,25.17043],[89.68529,25.17045],[89.68529,25.17081],[89.68509,25.17081],[89.68511,25.17135],[89.68491,25.17135],[89.68492,25.1719],[89.68472,25.1719],[89.68493,25.17226],[89.68513,25.17225],[89.68512,25.17207],[89.68552,25.17207],[89.68553,25.17243],[89.68612,25.17242],[89.68611,25.17169],[89.6863,25.17169],[89.68629,25.17115],[89.68649,25.17115],[89.68649,25.17133]],[[89.68757,25.16589],[89.68757,25.16607],[89.68737,25.16608],[89.68737,25.1659],[89.68757,25.16589]],[[89.6872,25.16752],[89.68721,25.1677],[89.68701,25.16771],[89.68701,25.16753],[89.6872,25.16752]],[[89.68648,25.17078],[89.68668,25.17078],[89.68669,25.17114],[89.68649,25.17115],[89.68648,25.17078]],[[89.68722,25.16842],[89.68703,25.16843],[89.68701,25.16789],[89.68741,25.16806],[89.68743,25.1686],[89.68723,25.16861],[89.68722,25.16842]]]}},{"type":"Feature","properties":{"kind":"land","ha":1.7},"geometry":{"type":"Polygon","coordinates":[[[89.65189,25.16708],[89.65189,25.1669],[89.65228,25.16689],[89.65228,25.16653],[89.65267,25.16652],[89.65268,25.1667],[89.65288,25.1667],[89.65287,25.16652],[89.65327,25.16651],[89.65327,25.16669],[89.65426,25.16667],[89.65426,25.16631],[89.65346,25.16633],[89.65326,25.16597],[89.65306,25.16597],[89.65305,25.16579],[89.65226,25.16581],[89.65227,25.16599],[89.65207,25.16599],[89.65207,25.16635],[89.65168,25.16654],[89.65169,25.16708],[89.65189,25.16708]]]}},{"type":"Feature","properties":{"kind":"land","ha":1.2},"geometry":{"type":"Polygon","coordinates":[[[89.66357,25.16615],[89.66357,25.16578],[89.66317,25.16579],[89.66316,25.16543],[89.66355,25.16524],[89.66355,25.16488],[89.66374,25.16488],[89.66374,25.1647],[89.66334,25.16471],[89.66335,25.16489],[89.66275,25.1649],[89.66276,25.16526],[89.66236,25.16526],[89.66238,25.16581],[89.66218,25.16581],[89.66218,25.16599],[89.66258,25.16598],[89.66257,25.16562],[89.66297,25.16561],[89.66318,25.16633],[89.66357,25.16615]]]}},{"type":"Feature","properties":{"kind":"land","ha":1.0},"geometry":{"type":"Polygon","coordinates":[[[89.66514,25.16539],[89.66514,25.16521],[89.66534,25.16521],[89.66532,25.16449],[89.66512,25.16449],[89.66513,25.16467],[89.66473,25.16468],[89.66453,25.16432],[89.66373,25.16416],[89.66414,25.16487],[89.66474,25.16486],[89.66474,25.16522],[89.66454,25.16523],[89.66455,25.16541],[89.66514,25.16539]]]}},{"type":"Feature","properties":{"kind":"land","ha":1.1},"geometry":{"type":"Polygon","coordinates":[[[89.62508,25.16539],[89.62527,25.16502],[89.62547,25.16502],[89.62547,25.16484],[89.62566,25.16484],[89.62545,25.16412],[89.62486,25.16413],[89.62467,25.16485],[89.62447,25.16486],[89.62449,25.1654],[89.62508,25.16539]]]}},{"type":"Feature","properties":{"kind":"land","ha":1.8},"geometry":{"type":"Polygon","coordinates":[[[89.63023,25.16512],[89.63022,25.16476],[89.63062,25.16457],[89.63061,25.16421],[89.62744,25.16426],[89.62743,25.16408],[89.62724,25.16409],[89.62725,25.16481],[89.62765,25.1648],[89.62764,25.16462],[89.62804,25.16461],[89.62804,25.16443],[89.62823,25.16443],[89.62824,25.16461],[89.62943,25.16459],[89.62943,25.16477],[89.63003,25.16476],[89.62984,25.16512],[89.63023,25.16512]]]}},{"type":"Feature","properties":{"kind":"land","ha":2.5},"geometry":{"type":"Polygon","coordinates":[[[89.63597,25.16429],[89.63596,25.16393],[89.63695,25.16391],[89.63695,25.16373],[89.63734,25.16373],[89.63735,25.16409],[89.63715,25.16409],[89.63716,25.16427],[89.63775,25.16426],[89.63775,25.16408],[89.63794,25.16408],[89.63794,25.16372],[89.63774,25.16372],[89.63773,25.16354],[89.63734,25.16355],[89.63733,25.16319],[89.63614,25.16321],[89.63614,25.16339],[89.63595,25.16339],[89.63595,25.16375],[89.63556,25.16394],[89.63554,25.16304],[89.63534,25.16304],[89.63515,25.16341],[89.63535,25.1634],[89.63536,25.16358],[89.63496,25.16359],[89.63496,25.16341],[89.63476,25.16341],[89.63476,25.16359],[89.63436,25.1636],[89.63437,25.16378],[89.63417,25.16378],[89.63417,25.16396],[89.63517,25.16395],[89.63537,25.1643],[89.63597,25.16429]]]}},{"type":"Feature","properties":{"kind":"land","ha":1.9},"geometry":{"type":"Polygon","coordinates":[[[89.65219,25.16238],[89.65258,25.16237],[89.65258,25.16201],[89.65218,25.16202],[89.65218,25.1622],[89.65099,25.16222],[89.651,25.16258],[89.6514,25.16257],[89.65142,25.16348],[89.65162,25.16347],[89.65162,25.16365],[89.6532,25.16326],[89.65319,25.16308],[89.6528,25.16309],[89.65259,25.16273],[89.65239,25.16274],[89.65239,25.16256],[89.65219,25.16256],[89.65219,25.16238]],[[89.6522,25.16292],[89.6518,25.16293],[89.65179,25.16257],[89.65219,25.16256],[89.6522,25.16292]]]}},{"type":"Feature","properties":{"kind":"land","ha":2.2},"geometry":{"type":"Polygon","coordinates":[[[89.61177,25.16436],[89.61177,25.16418],[89.61157,25.16418],[89.61156,25.16382],[89.61136,25.16383],[89.61155,25.16346],[89.61215,25.16345],[89.61214,25.16327],[89.61294,25.16326],[89.61294,25.16344],[89.61314,25.16343],[89.61312,25.16235],[89.61331,25.16235],[89.61331,25.16217],[89.61311,25.16217],[89.61311,25.16199],[89.61272,25.16218],[89.61272,25.16236],[89.61252,25.16236],[89.61253,25.16254],[89.61233,25.16255],[89.61233,25.16273],[89.61174,25.16274],[89.61174,25.16292],[89.61154,25.16292],[89.61155,25.16328],[89.61115,25.16329],[89.61115,25.16311],[89.61095,25.16311],[89.61096,25.16365],[89.61116,25.16365],[89.61118,25.16437],[89.61137,25.16437],[89.61138,25.16455],[89.61177,25.16436]]]}},{"type":"Feature","properties":{"kind":"land","ha":1.2},"geometry":{"type":"Polygon","coordinates":[[[89.60599,25.16302],[89.60599,25.16284],[89.60658,25.16283],[89.60658,25.16265],[89.60697,25.16264],[89.60717,25.16228],[89.60736,25.16227],[89.60736,25.16209],[89.60696,25.1621],[89.60697,25.16228],[89.60637,25.16229],[89.60637,25.16211],[89.60617,25.16211],[89.60616,25.16175],[89.60577,25.16176],[89.60577,25.16194],[89.60557,25.16194],[89.60558,25.1623],[89.60598,25.1623],[89.60598,25.16266],[89.60519,25.16285],[89.6052,25.16303],[89.60599,25.16302]]]}},{"type":"Feature","properties":{"kind":"land","ha":1.1},"geometry":{"type":"Polygon","coordinates":[[[89.6714,25.16149],[89.6714,25.16131],[89.67219,25.1613],[89.67219,25.16094],[89.67199,25.16094],[89.67198,25.16076],[89.67159,25.16077],[89.67138,25.16041],[89.67118,25.16041],[89.67119,25.16059],[89.67079,25.1606],[89.671,25.16096],[89.6706,25.16115],[89.67061,25.16133],[89.671,25.16132],[89.67101,25.1615],[89.6714,25.16149]]]}},{"type":"Feature","properties":{"kind":"land","ha":2.7},"geometry":{"type":"Polygon","coordinates":[[[89.59827,25.1637],[89.59826,25.16316],[89.59846,25.16315],[89.59845,25.16297],[89.59905,25.16296],[89.59904,25.16278],[89.59865,25.16279],[89.59864,25.16261],[89.59904,25.16242],[89.59903,25.16224],[89.59923,25.16224],[89.59923,25.16206],[89.59962,25.16205],[89.59962,25.16169],[89.59922,25.16169],[89.59921,25.16115],[89.59901,25.16116],[89.59903,25.16188],[89.59883,25.16188],[89.59883,25.16206],[89.59824,25.16207],[89.59824,25.16225],[89.59784,25.16226],[89.59785,25.16244],[89.59705,25.16245],[89.59706,25.16263],[89.59547,25.16266],[89.59548,25.16284],[89.59647,25.16283],[89.59647,25.16301],[89.59766,25.1628],[89.59766,25.16317],[89.59786,25.16316],[89.59788,25.16388],[89.59827,25.1637]]]}},{"type":"Feature","properties":{"kind":"land","ha":1.6},"geometry":{"type":"Polygon","coordinates":[[[89.64821,25.16173],[89.64819,25.16119],[89.6476,25.1612],[89.64759,25.16066],[89.64739,25.16066],[89.64739,25.16048],[89.64659,25.16049],[89.64658,25.15995],[89.64619,25.15996],[89.6462,25.16068],[89.64739,25.16084],[89.6474,25.1612],[89.64641,25.16122],[89.64641,25.1614],[89.64622,25.1614],[89.64622,25.16176],[89.64701,25.16157],[89.64702,25.16175],[89.64722,25.16175],[89.64721,25.16138],[89.6476,25.16138],[89.64761,25.16156],[89.64781,25.16155],[89.64781,25.16192],[89.64821,25.16173]]]}},{"type":"Feature","properties":{"kind":"land","ha":2.8},"geometry":{"type":"Polygon","coordinates":[[[89.65098,25.16168],[89.65098,25.1615],[89.65058,25.16132],[89.65058,25.16151],[89.65038,25.16151],[89.65038,25.16133],[89.65018,25.16133],[89.65037,25.16097],[89.65097,25.16096],[89.65117,25.16131],[89.65197,25.16148],[89.65197,25.1613],[89.65216,25.1613],[89.65215,25.16075],[89.65096,25.16078],[89.65096,25.1606],[89.65056,25.1606],[89.65056,25.16042],[89.65036,25.16043],[89.65036,25.16061],[89.64937,25.16062],[89.64937,25.16044],[89.64897,25.16045],[89.64897,25.16027],[89.64917,25.16027],[89.64916,25.15991],[89.64837,25.15992],[89.64858,25.16064],[89.64917,25.16063],[89.64918,25.16081],[89.64938,25.1608],[89.64939,25.16135],[89.64959,25.16134],[89.64959,25.1617],[89.64979,25.1617],[89.64978,25.16116],[89.64998,25.16115],[89.64999,25.16152],[89.65019,25.16151],[89.65019,25.16169],[89.65059,25.16169],[89.65059,25.16187],[89.65098,25.16168]]]}},{"type":"Feature","properties":{"kind":"land","ha":30.8},"geometry":{"type":"Polygon","coordinates":[[[89.71697,25.17709],[89.71736,25.17708],[89.71758,25.1778],[89.71797,25.17779],[89.71816,25.17743],[89.71836,25.17742],[89.71835,25.17706],[89.71796,25.17707],[89.71795,25.17689],[89.71776,25.17689],[89.71772,25.17545],[89.71753,25.17545],[89.71752,25.17527],[89.71792,25.17526],[89.71791,25.1749],[89.71751,25.17473],[89.71751,25.17455],[89.71731,25.17455],[89.7173,25.17437],[89.7177,25.17419],[89.71767,25.17292],[89.71747,25.17293],[89.71746,25.17238],[89.71726,25.17239],[89.71725,25.17203],[89.71685,25.17185],[89.71683,25.17113],[89.71664,25.17114],[89.7166,25.16969],[89.7168,25.16969],[89.71676,25.1677],[89.71656,25.16771],[89.71654,25.16663],[89.71673,25.16662],[89.71673,25.16626],[89.71692,25.16626],[89.71691,25.16554],[89.71711,25.16553],[89.71709,25.16481],[89.71689,25.16481],[89.71688,25.16427],[89.71727,25.16409],[89.71727,25.16391],[89.71806,25.16389],[89.71807,25.16407],[89.71826,25.16407],[89.71826,25.16389],[89.71905,25.16387],[89.71906,25.16405],[89.71926,25.16405],[89.71924,25.16315],[89.71904,25.16315],[89.71903,25.16279],[89.71942,25.1626],[89.71941,25.16224],[89.71961,25.16224],[89.7194,25.16152],[89.7196,25.16152],[89.71959,25.16116],[89.7192,25.16134],[89.7192,25.1617],[89.71881,25.16189],[89.71882,25.16207],[89.71862,25.16208],[89.71862,25.16226],[89.71842,25.16226],[89.71843,25.16244],[89.71823,25.16244],[89.71825,25.16335],[89.71805,25.16335],[89.71805,25.16317],[89.71666,25.16319],[89.71666,25.16337],[89.71646,25.16338],[89.71648,25.16392],[89.71608,25.16411],[89.7161,25.16465],[89.7159,25.16465],[89.7159,25.16483],[89.71511,25.16485],[89.71508,25.16358],[89.71468,25.16341],[89.71468,25.16359],[89.71449,25.1636],[89.71447,25.16305],[89.71428,25.16306],[89.71426,25.16234],[89.71406,25.16234],[89.71406,25.16216],[89.71346,25.16217],[89.71346,25.16199],[89.71366,25.16199],[89.71365,25.16163],[89.71385,25.16162],[89.71383,25.16072],[89.71403,25.16072],[89.71401,25.15999],[89.7144,25.15981],[89.71439,25.15908],[89.71399,25.15891],[89.71398,25.15873],[89.71359,25.15874],[89.71338,25.15838],[89.71318,25.15839],[89.71318,25.15857],[89.71299,25.15857],[89.71299,25.15893],[89.71319,25.15893],[89.71321,25.15965],[89.71301,25.15965],[89.71301,25.15983],[89.71342,25.16001],[89.71343,25.16055],[89.71323,25.16055],[89.71324,25.16091],[89.71284,25.1611],[89.71285,25.16128],[89.71265,25.16128],[89.71265,25.16146],[89.71246,25.16147],[89.71246,25.16183],[89.71286,25.162],[89.71287,25.16218],[89.71307,25.16218],[89.71307,25.16254],[89.71268,25.16255],[89.71268,25.16273],[89.71288,25.16272],[89.71288,25.1629],[89.71328,25.1629],[89.71329,25.16326],[89.71349,25.16325],[89.71351,25.16415],[89.71371,25.16415],[89.71372,25.16469],[89.71392,25.16469],[89.71392,25.16487],[89.71432,25.16486],[89.71432,25.16504],[89.71491,25.16503],[89.71496,25.16702],[89.71516,25.16701],[89.71517,25.16755],[89.71537,25.16755],[89.71538,25.16791],[89.71557,25.16791],[89.71559,25.16845],[89.71578,25.16844],[89.71559,25.16881],[89.71579,25.16881],[89.71583,25.17061],[89.71563,25.17061],[89.71564,25.17097],[89.71544,25.17098],[89.71546,25.1717],[89.71605,25.17169],[89.71605,25.17151],[89.71645,25.1715],[89.71647,25.17258],[89.71627,25.17259],[89.71628,25.17295],[89.71608,25.17295],[89.71609,25.17331],[89.71589,25.17332],[89.7159,25.1735],[89.7155,25.1735],[89.71551,25.17404],[89.71571,25.17404],[89.71572,25.1744],[89.71592,25.1744],[89.71592,25.17476],[89.71612,25.17476],[89.71614,25.17548],[89.71634,25.17547],[89.71635,25.17601],[89.71655,25.17601],[89.71656,25.17655],[89.71696,25.17673],[89.71697,25.17709]],[[89.71695,25.17618],[89.71715,25.17618],[89.71716,25.17672],[89.71696,25.17673],[89.71695,25.17618]],[[89.71675,25.17619],[89.71674,25.17583],[89.71694,25.17582],[89.71695,25.17618],[89.71675,25.17619]],[[89.71654,25.17583],[89.71653,25.17511],[89.71672,25.17511],[89.71674,25.17583],[89.71654,25.17583]],[[89.71633,25.17511],[89.71632,25.17457],[89.71612,25.17458],[89.71611,25.17439],[89.71651,25.17421],[89.71653,25.17511],[89.71633,25.17511]],[[89.71712,25.1751],[89.71752,25.17509],[89.71733,25.17546],[89.71713,25.17546],[89.71712,25.1751]],[[89.71669,25.17348],[89.71709,25.17365],[89.71709,25.17384],[89.7167,25.17384],[89.71669,25.17348]],[[89.71573,25.1661],[89.71633,25.16609],[89.71614,25.16645],[89.71594,25.16646],[89.71594,25.16664],[89.71574,25.16664],[89.71573,25.1661]],[[89.71532,25.16538],[89.71552,25.16538],[89.71553,25.16574],[89.71533,25.16575],[89.71532,25.16538]]]}},{"type":"Feature","properties":{"kind":"land","ha":16.0},"geometry":{"type":"Polygon","coordinates":[[[89.60428,25.16648],[89.60427,25.16612],[89.60407,25.16612],[89.60406,25.1654],[89.60386,25.1654],[89.60384,25.1645],[89.60423,25.16431],[89.60423,25.16413],[89.60482,25.16412],[89.60503,25.16448],[89.60563,25.16447],[89.60562,25.16429],[89.60522,25.16412],[89.60522,25.16394],[89.60482,25.16394],[89.60461,25.16358],[89.60442,25.16359],[89.60441,25.16305],[89.6046,25.16304],[89.6046,25.16286],[89.604,25.16287],[89.60399,25.16215],[89.6036,25.16234],[89.6036,25.16252],[89.6032,25.16253],[89.60339,25.16216],[89.60359,25.16216],[89.60359,25.16198],[89.6028,25.16199],[89.60279,25.16163],[89.60299,25.16163],[89.60298,25.16145],[89.60219,25.16128],[89.60218,25.1611],[89.60179,25.16111],[89.60177,25.16021],[89.60196,25.1602],[89.60196,25.15984],[89.60235,25.15983],[89.60235,25.15965],[89.60156,25.15967],[89.60155,25.15949],[89.60135,25.15949],[89.60116,25.15986],[89.60097,25.15986],[89.60099,25.16112],[89.60119,25.16112],[89.6012,25.16148],[89.60179,25.16147],[89.60179,25.16129],[89.60199,25.16128],[89.60219,25.16164],[89.60239,25.16164],[89.6024,25.16218],[89.6028,25.16235],[89.60281,25.16271],[89.60301,25.16271],[89.60301,25.16289],[89.60381,25.16288],[89.60381,25.16306],[89.60401,25.16305],[89.60402,25.16341],[89.60362,25.16342],[89.60362,25.16324],[89.60262,25.16326],[89.60242,25.1629],[89.60222,25.1629],[89.60222,25.16272],[89.60182,25.16273],[89.60161,25.16237],[89.60122,25.16238],[89.60121,25.1622],[89.60002,25.16222],[89.59985,25.16331],[89.60025,25.1633],[89.60025,25.16348],[89.60005,25.16348],[89.60006,25.16385],[89.59986,25.16385],[89.59986,25.16367],[89.59946,25.16368],[89.59945,25.16331],[89.59925,25.16332],[89.59926,25.16368],[89.59887,25.16369],[89.59887,25.16405],[89.59927,25.16404],[89.59928,25.16476],[89.60008,25.16475],[89.60008,25.16493],[89.60048,25.16492],[89.60048,25.1651],[89.60108,25.16509],[89.60127,25.16473],[89.60166,25.16472],[89.60169,25.16616],[89.60249,25.16633],[89.6025,25.16651],[89.60428,25.16648]],[[89.60308,25.16596],[89.60328,25.16595],[89.60327,25.16577],[89.60307,25.16578],[89.60307,25.1656],[89.60248,25.16561],[89.60247,25.16543],[89.60287,25.16542],[89.60287,25.16524],[89.60346,25.16523],[89.60346,25.16541],[89.60366,25.16541],[89.60367,25.16595],[89.60387,25.16594],[89.60388,25.16631],[89.60328,25.16632],[89.60308,25.16596]],[[89.60268,25.16578],[89.60288,25.16578],[89.60288,25.16596],[89.60268,25.16597],[89.60268,25.16578]],[[89.60126,25.16437],[89.60086,25.16437],[89.60084,25.16347],[89.60044,25.1633],[89.60043,25.16276],[89.60123,25.16274],[89.60143,25.1631],[89.60203,25.16309],[89.60203,25.16345],[89.60164,25.16364],[89.60164,25.16382],[89.60145,25.16382],[89.60146,25.16454],[89.60126,25.16455],[89.60126,25.16437]],[[89.59947,25.16404],[89.59986,25.16403],[89.59987,25.16439],[89.59948,25.1644],[89.59947,25.16404]],[[89.60245,25.16416],[89.60225,25.16417],[89.60224,25.16363],[89.60283,25.16362],[89.60285,25.16434],[89.60245,25.16434],[89.60245,25.16416]]]}},{"type":"Feature","properties":{"kind":"land","ha":2.3},"geometry":{"type":"Polygon","coordinates":[[[89.68889,25.1628],[89.68888,25.16244],[89.68908,25.16243],[89.68881,25.15919],[89.689,25.15919],[89.68898,25.1581],[89.68878,25.15811],[89.68878,25.15793],[89.68858,25.15793],[89.6888,25.15901],[89.6886,25.15901],[89.68864,25.16082],[89.68845,25.16082],[89.68845,25.16118],[89.68826,25.16119],[89.68826,25.16137],[89.68806,25.16137],[89.68806,25.16155],[89.68846,25.16154],[89.68847,25.16208],[89.68808,25.16209],[89.68808,25.16245],[89.68849,25.16263],[89.68849,25.16281],[89.68889,25.1628]]]}},{"type":"Feature","properties":{"kind":"land","ha":1.8},"geometry":{"type":"Polygon","coordinates":[[[89.61211,25.16147],[89.6121,25.16111],[89.6119,25.16111],[89.61189,25.16057],[89.61209,25.16057],[89.61208,25.16038],[89.61248,25.16038],[89.61247,25.16002],[89.61207,25.15984],[89.61207,25.15966],[89.61246,25.15948],[89.61245,25.15893],[89.61205,25.15894],[89.61206,25.15912],[89.61186,25.15913],[89.61187,25.15949],[89.61167,25.15949],[89.61167,25.15967],[89.61127,25.15968],[89.61129,25.16058],[89.61149,25.16058],[89.6115,25.16112],[89.6117,25.16111],[89.61171,25.16147],[89.61211,25.16147]]]}},{"type":"Feature","properties":{"kind":"land","ha":1.4},"geometry":{"type":"Polygon","coordinates":[[[89.64458,25.15891],[89.64456,25.15836],[89.64496,25.15836],[89.64496,25.15854],[89.64516,25.15853],[89.64517,25.15889],[89.64557,25.15889],[89.64556,25.15871],[89.64536,25.15871],[89.64536,25.15835],[89.64516,25.15835],[89.64516,25.15817],[89.64496,25.15818],[89.64495,25.15782],[89.64455,25.15782],[89.64435,25.15747],[89.64375,25.15748],[89.64376,25.15766],[89.64356,25.15766],[89.64357,25.1582],[89.64436,25.15819],[89.64437,25.15855],[89.64417,25.15855],[89.64418,25.15873],[89.64437,25.15873],[89.64438,25.15891],[89.64458,25.15891]]]}},{"type":"Feature","properties":{"kind":"land","ha":15.8},"geometry":{"type":"Polygon","coordinates":[[[89.72436,25.17045],[89.72435,25.17009],[89.72455,25.17009],[89.72454,25.16991],[89.72434,25.16991],[89.72434,25.16973],[89.72454,25.16973],[89.72453,25.16919],[89.72433,25.16919],[89.72427,25.16666],[89.72467,25.16666],[89.72463,25.16503],[89.72483,25.16503],[89.72483,25.16485],[89.72463,25.16485],[89.72462,25.16449],[89.72442,25.1645],[89.72441,25.16395],[89.72421,25.16396],[89.72417,25.16215],[89.72377,25.16198],[89.72356,25.16126],[89.72336,25.16127],[89.72335,25.16091],[89.72315,25.16091],[89.72333,25.16018],[89.72293,25.16001],[89.72293,25.15983],[89.72273,25.15983],[89.72273,25.15965],[89.72293,25.15965],[89.72292,25.15929],[89.72312,25.15929],[89.7231,25.15856],[89.7229,25.15857],[89.72289,25.15803],[89.72348,25.15802],[89.72367,25.15765],[89.72387,25.15765],[89.72386,25.15693],[89.72366,25.15693],[89.72367,25.15729],[89.72347,25.15729],[89.72346,25.15675],[89.72365,25.15675],[89.72365,25.15639],[89.72404,25.15638],[89.72404,25.15602],[89.72384,25.15602],[89.72383,25.15584],[89.72344,25.15585],[89.72344,25.15621],[89.72325,25.15621],[89.72325,25.1564],[89.72266,25.15641],[89.72245,25.15605],[89.72225,25.15605],[89.72226,25.15641],[89.72206,25.15642],[89.72207,25.1566],[89.72088,25.15662],[89.72087,25.15626],[89.72067,25.15626],[89.72049,25.15699],[89.71989,25.157],[89.7199,25.15718],[89.7197,25.15718],[89.71971,25.15772],[89.72031,25.15771],[89.7203,25.15735],[89.7205,25.15735],[89.72049,25.15717],[89.72069,25.15716],[89.72069,25.15734],[89.72129,25.15733],[89.72129,25.15751],[89.72149,25.15751],[89.72149,25.15733],[89.72188,25.15732],[89.72188,25.15714],[89.72208,25.15714],[89.72228,25.1575],[89.72248,25.15749],[89.72251,25.15857],[89.72231,25.15858],[89.72232,25.15912],[89.72252,25.15912],[89.72255,25.16038],[89.72274,25.16038],[89.72276,25.16092],[89.72295,25.16091],[89.723,25.1629],[89.7228,25.1629],[89.72281,25.16326],[89.72301,25.16326],[89.72301,25.16344],[89.72341,25.16343],[89.72361,25.16379],[89.72381,25.16378],[89.72382,25.16397],[89.72401,25.16396],[89.72403,25.1645],[89.72363,25.16433],[89.72362,25.16415],[89.72342,25.16415],[89.72345,25.1656],[89.72326,25.1656],[89.72326,25.16596],[89.72307,25.16596],[89.72307,25.16614],[89.72287,25.16615],[89.72289,25.16705],[89.72269,25.16705],[89.72271,25.1676],[89.72251,25.1676],[89.72252,25.16796],[89.72291,25.16795],[89.7229,25.16723],[89.72309,25.16723],[89.72309,25.16705],[89.72349,25.16704],[89.72349,25.16722],[89.72369,25.16722],[89.72372,25.16848],[89.72392,25.16848],[89.72393,25.16902],[89.72413,25.16901],[89.72416,25.17046],[89.72436,25.17045]],[[89.72384,25.16487],[89.72423,25.16468],[89.72405,25.1654],[89.72385,25.16541],[89.72384,25.16487]],[[89.72251,25.15876],[89.72271,25.15875],[89.72271,25.15893],[89.72251,25.15894],[89.72251,25.15876]]]}},{"type":"Feature","properties":{"kind":"land","ha":1.4},"geometry":{"type":"Polygon","coordinates":[[[89.59405,25.16088],[89.59403,25.16016],[89.59383,25.16016],[89.59382,25.15944],[89.59421,25.15926],[89.59421,25.15907],[89.5944,25.15907],[89.5944,25.15889],[89.5946,25.15889],[89.5946,25.15871],[89.5942,25.15871],[89.59419,25.15853],[89.594,25.15854],[89.59399,25.15818],[89.59339,25.15819],[89.59339,25.15801],[89.59319,25.15801],[89.59341,25.15873],[89.5936,25.15872],[89.59362,25.15963],[89.59342,25.15963],[89.59343,25.15981],[89.59363,25.15981],[89.59364,25.16035],[89.59384,25.16034],[89.59385,25.16089],[89.59405,25.16088]]]}},{"type":"Feature","properties":{"kind":"land","ha":1.2},"geometry":{"type":"Polygon","coordinates":[[[89.61444,25.15908],[89.61443,25.1589],[89.61403,25.15873],[89.61402,25.15818],[89.61382,25.15819],[89.61381,25.15747],[89.61361,25.15747],[89.6136,25.15729],[89.61321,25.1573],[89.61302,25.15766],[89.61282,25.15766],[89.61282,25.15784],[89.61322,25.15802],[89.61323,25.1582],[89.61342,25.1582],[89.61343,25.15838],[89.61363,25.15837],[89.61364,25.15891],[89.61403,25.15891],[89.61404,25.15909],[89.61444,25.15908]]]}},{"type":"Feature","properties":{"kind":"land","ha":1.3},"geometry":{"type":"Polygon","coordinates":[[[89.66358,25.15712],[89.66356,25.15658],[89.66535,25.15655],[89.66534,25.15637],[89.66574,25.15636],[89.66574,25.15618],[89.66514,25.15619],[89.66515,25.15637],[89.66495,25.15637],[89.66494,25.15619],[89.66375,25.15621],[89.66376,25.1564],[89.66356,25.1564],[89.66355,25.15604],[89.66296,25.15605],[89.66316,25.15641],[89.66297,25.15641],[89.66297,25.15677],[89.66337,25.15694],[89.66338,25.15712],[89.66358,25.15712]]]}},{"type":"Feature","properties":{"kind":"land","ha":1.1},"geometry":{"type":"Polygon","coordinates":[[[89.63938,25.15701],[89.63938,25.15683],[89.63957,25.15683],[89.63958,25.15701],[89.63978,25.15701],[89.63976,25.15646],[89.64036,25.15645],[89.64035,25.15609],[89.63956,25.15611],[89.63956,25.15629],[89.63857,25.1563],[89.63858,25.15667],[89.63898,25.15684],[89.63898,25.15702],[89.63938,25.15701]]]}},{"type":"Feature","properties":{"kind":"land","ha":13.2},"geometry":{"type":"Polygon","coordinates":[[[89.67966,25.15827],[89.67966,25.15809],[89.68065,25.15808],[89.68065,25.1579],[89.68085,25.15789],[89.68084,25.15753],[89.68123,25.15752],[89.68123,25.15734],[89.68143,25.15734],[89.68142,25.15698],[89.68122,25.15698],[89.68122,25.1568],[89.68161,25.15679],[89.68162,25.15697],[89.68182,25.15697],[89.68181,25.15661],[89.68201,25.15661],[89.6818,25.15625],[89.68121,25.15626],[89.6812,25.1559],[89.68179,25.15589],[89.68198,25.15516],[89.68238,25.15534],[89.68219,25.1557],[89.68259,25.15587],[89.68259,25.15605],[89.68279,25.15605],[89.68278,25.15551],[89.68258,25.15551],[89.68256,25.15479],[89.68197,25.1548],[89.68196,25.15462],[89.68177,25.15463],[89.68178,25.15535],[89.68119,25.15536],[89.68119,25.15554],[89.68099,25.15554],[89.68063,25.15699],[89.68043,25.157],[89.68043,25.15718],[89.67944,25.15719],[89.67945,25.15738],[89.67885,25.15739],[89.67885,25.15721],[89.67865,25.15721],[89.67864,25.15685],[89.67884,25.15684],[89.67884,25.15666],[89.67963,25.15665],[89.67962,25.15629],[89.67764,25.15651],[89.67765,25.15669],[89.67725,25.15669],[89.67725,25.15651],[89.67645,25.15653],[89.67646,25.15671],[89.67606,25.15671],[89.67606,25.15653],[89.67507,25.15655],[89.67507,25.15691],[89.67448,25.15692],[89.67447,25.15674],[89.67408,25.15675],[89.67407,25.15657],[89.67368,25.15658],[89.67367,25.1564],[89.67328,25.1564],[89.67329,25.15695],[89.67349,25.15694],[89.67349,25.15712],[89.67448,25.1571],[89.67469,25.15746],[89.67528,25.15745],[89.6751,25.15818],[89.6755,25.15817],[89.6755,25.15835],[89.67966,25.15827]],[[89.67686,25.15688],[89.67706,25.15688],[89.67706,25.15706],[89.67686,25.15706],[89.67686,25.15688]]]}},{"type":"Feature","properties":{"kind":"land","ha":2.7},"geometry":{"type":"Polygon","coordinates":[[[89.60114,25.15859],[89.60113,25.15841],[89.60133,25.15841],[89.60134,25.15859],[89.60173,25.15858],[89.60192,25.15822],[89.60152,25.15804],[89.60151,25.15768],[89.60111,25.15751],[89.60111,25.15733],[89.60091,25.15733],[89.60091,25.15715],[89.60071,25.15716],[89.6007,25.15679],[89.6005,25.1568],[89.6005,25.15662],[89.6001,25.15662],[89.6001,25.15644],[89.5999,25.15645],[89.59989,25.15609],[89.5993,25.1561],[89.59931,25.15646],[89.59971,25.15663],[89.59972,25.15717],[89.60012,25.15717],[89.60012,25.15735],[89.60032,25.15734],[89.60033,25.15806],[89.60053,25.15806],[89.60054,25.1586],[89.60074,25.1586],[89.60074,25.15878],[89.60114,25.15859]]]}},{"type":"Feature","properties":{"kind":"land","ha":1.1},"geometry":{"type":"Polygon","coordinates":[[[89.67862,25.15577],[89.67861,25.15522],[89.67781,25.15524],[89.678,25.15487],[89.6776,25.1547],[89.6776,25.15452],[89.67721,25.15471],[89.67742,25.15543],[89.67821,25.15541],[89.67822,25.15559],[89.67742,25.15561],[89.67743,25.15597],[89.67862,25.15577]]]}},{"type":"Feature","properties":{"kind":"land","ha":1.0},"geometry":{"type":"Polygon","coordinates":[[[89.67524,25.15529],[89.67543,25.15492],[89.67562,25.15492],[89.67562,25.15456],[89.67344,25.1546],[89.67364,25.15495],[89.67404,25.15495],[89.67403,25.15477],[89.67423,25.15476],[89.67424,25.15494],[89.67463,25.15494],[89.67484,25.15529],[89.67524,25.15529]],[[89.67483,25.15475],[89.67503,25.15475],[89.67503,25.15493],[89.67483,25.15493],[89.67483,25.15475]]]}},{"type":"Feature","properties":{"kind":"land","ha":4.2},"geometry":{"type":"Polygon","coordinates":[[[89.71711,25.15669],[89.71711,25.15651],[89.7173,25.1565],[89.7173,25.15632],[89.7175,25.15632],[89.71749,25.15614],[89.71809,25.15613],[89.7181,25.15649],[89.71909,25.15647],[89.71928,25.15611],[89.71948,25.1561],[89.71947,25.15574],[89.71967,25.15574],[89.71966,25.15556],[89.71907,25.15557],[89.71888,25.15593],[89.71848,25.15594],[89.71849,25.15612],[89.71829,25.15613],[89.71808,25.15577],[89.71828,25.15576],[89.71827,25.15558],[89.71887,25.15557],[89.71887,25.15539],[89.71867,25.1554],[89.71866,25.15504],[89.71846,25.15504],[89.71827,25.1554],[89.71768,25.15541],[89.71768,25.1556],[89.71669,25.15561],[89.71669,25.15579],[89.7159,25.15581],[89.7159,25.15563],[89.7157,25.15563],[89.71565,25.15365],[89.71525,25.15347],[89.71528,25.15474],[89.71548,25.15473],[89.71548,25.15491],[89.71529,25.15492],[89.71529,25.15528],[89.71549,25.15527],[89.7155,25.15582],[89.7157,25.15581],[89.71571,25.15617],[89.71591,25.15617],[89.71592,25.15653],[89.71651,25.15652],[89.71672,25.15688],[89.71711,25.15669]]]}},{"type":"Feature","properties":{"kind":"land","ha":2.2},"geometry":{"type":"Polygon","coordinates":[[[89.71469,25.15511],[89.7145,25.15511],[89.71449,25.15493],[89.71469,25.15493],[89.71468,25.15457],[89.71488,25.15456],[89.71485,25.1533],[89.71465,25.1533],[89.71465,25.15312],[89.71445,25.15313],[89.71448,25.15421],[89.71428,25.15421],[89.71431,25.15566],[89.71451,25.15565],[89.71452,25.15619],[89.71472,25.15619],[89.71453,25.15656],[89.71433,25.15656],[89.71434,25.15692],[89.71454,25.15692],[89.71454,25.1571],[89.71493,25.15691],[89.71493,25.15673],[89.71513,25.15672],[89.71512,25.15636],[89.71532,25.15636],[89.7153,25.15564],[89.7149,25.15547],[89.7149,25.15529],[89.7147,25.15529],[89.71469,25.15511]],[[89.7147,25.15547],[89.7145,25.15547],[89.7145,25.15529],[89.7147,25.15529],[89.7147,25.15547]]]}},{"type":"Feature","properties":{"kind":"land","ha":7.1},"geometry":{"type":"Polygon","coordinates":[[[89.59434,25.15582],[89.59434,25.156],[89.59414,25.15601],[89.59415,25.15619],[89.59395,25.15619],[89.59394,25.15601],[89.59355,25.15602],[89.59355,25.15638],[89.59415,25.15637],[89.59415,25.15655],[89.59435,25.15655],[89.59435,25.15636],[89.59494,25.15635],[89.59493,25.15581],[89.59513,25.15581],[89.59512,25.15563],[89.59612,25.15561],[89.59613,25.15615],[89.59573,25.15634],[89.59574,25.15652],[89.59534,25.15653],[89.59555,25.15689],[89.59575,25.15688],[89.59575,25.15706],[89.59595,25.15706],[89.59596,25.1576],[89.59576,25.1576],[89.59578,25.15833],[89.59598,25.15832],[89.59598,25.1585],[89.59578,25.15851],[89.59578,25.15869],[89.59638,25.15868],[89.59638,25.15886],[89.59658,25.15885],[89.59659,25.15939],[89.59699,25.15939],[89.59718,25.15902],[89.59738,25.15902],[89.59739,25.15938],[89.59779,25.15955],[89.59779,25.15973],[89.59819,25.15973],[89.5982,25.16027],[89.59859,25.16026],[89.59861,25.1608],[89.5988,25.1608],[89.59881,25.16098],[89.59901,25.16098],[89.59898,25.15989],[89.59879,25.1599],[89.59877,25.15918],[89.59857,25.15918],[89.59855,25.1581],[89.59756,25.15811],[89.59757,25.15847],[89.59717,25.15866],[89.59717,25.15848],[89.59677,25.15849],[89.59657,25.15813],[89.59637,25.15813],[89.59636,25.15777],[89.59675,25.15759],[89.59654,25.15687],[89.59674,25.15686],[89.59673,25.1565],[89.59653,25.15651],[89.59652,25.15615],[89.59633,25.15615],[89.59632,25.15597],[89.59652,25.15597],[89.59651,25.1556],[89.59671,25.1556],[89.5967,25.15524],[89.59651,25.15524],[89.5965,25.15506],[89.5961,25.15507],[89.59611,25.15525],[89.59571,25.15526],[89.59572,25.15544],[89.59472,25.15546],[89.59453,25.15582],[89.59434,25.15582]],[[89.59473,25.15582],[89.59474,25.15618],[89.59454,25.15618],[89.59453,25.15582],[89.59473,25.15582]],[[89.59777,25.15901],[89.59837,25.159],[89.59838,25.15936],[89.59778,25.15937],[89.59777,25.15901]]]}},{"type":"Feature","properties":{"kind":"land","ha":1.7},"geometry":{"type":"Polygon","coordinates":[[[89.68396,25.15513],[89.68395,25.15459],[89.68414,25.15458],[89.68414,25.1544],[89.68473,25.15439],[89.68491,25.15331],[89.68431,25.15332],[89.68412,25.15368],[89.68393,25.15368],[89.68393,25.15405],[89.68354,25.15405],[89.68354,25.15423],[89.68315,25.15424],[89.68315,25.15442],[89.68295,25.15442],[89.68316,25.15478],[89.68375,25.15477],[89.68376,25.15513],[89.68396,25.15513]]]}},{"type":"Feature","properties":{"kind":"land","ha":1.0},"geometry":{"type":"Polygon","coordinates":[[[89.67916,25.15359],[89.67936,25.15323],[89.67856,25.15306],[89.67856,25.15324],[89.67777,25.15325],[89.67777,25.15307],[89.67737,25.15308],[89.67737,25.15326],[89.67658,25.15328],[89.67658,25.15346],[89.67758,25.15344],[89.67758,25.15362],[89.67916,25.15359]]]}},{"type":"Feature","properties":{"kind":"land","ha":5.0},"geometry":{"type":"Polygon","coordinates":[[[89.72006,25.15555],[89.72025,25.15519],[89.72065,25.15518],[89.72064,25.15482],[89.72123,25.15481],[89.72142,25.15444],[89.72162,25.15444],[89.72161,25.15408],[89.72181,25.15408],[89.7218,25.15353],[89.722,25.15353],[89.72199,25.15317],[89.72238,25.15298],[89.72238,25.1528],[89.72277,25.15279],[89.72296,25.15243],[89.72336,25.1526],[89.72336,25.15242],[89.72376,25.15242],[89.72375,25.15205],[89.72296,25.15207],[89.72296,25.15225],[89.72256,25.15226],[89.72257,25.15244],[89.72217,25.15244],[89.72198,25.15281],[89.72119,25.15282],[89.7212,25.15318],[89.7208,25.15319],[89.72061,25.15356],[89.72021,25.15356],[89.72002,25.15393],[89.71963,25.15394],[89.71963,25.15412],[89.71923,25.15412],[89.71924,25.1543],[89.71904,25.15431],[89.71905,25.15467],[89.71866,25.15486],[89.71886,25.15521],[89.71925,25.15502],[89.71925,25.15484],[89.71965,25.15484],[89.71984,25.15447],[89.72063,25.15446],[89.72063,25.15464],[89.72044,25.15464],[89.72044,25.155],[89.72005,25.15501],[89.71986,25.15537],[89.71966,25.15538],[89.71966,25.15556],[89.72006,25.15555]]]}},{"type":"Feature","properties":{"kind":"land","ha":2.9},"geometry":{"type":"Polygon","coordinates":[[[89.70265,25.15749],[89.70264,25.15713],[89.70284,25.15713],[89.70283,25.15677],[89.70323,25.15676],[89.70324,25.15712],[89.70364,25.1573],[89.70363,25.15676],[89.70343,25.15676],[89.70342,25.1564],[89.70302,25.15641],[89.70302,25.15604],[89.70282,25.15605],[89.7028,25.15515],[89.703,25.15514],[89.70299,25.15496],[89.70279,25.15497],[89.70277,25.15388],[89.70316,25.1537],[89.70314,25.15279],[89.70334,25.15279],[89.70332,25.15171],[89.70292,25.15189],[89.70275,25.15298],[89.70255,25.15298],[89.70258,25.15407],[89.70238,25.15407],[89.70261,25.15551],[89.70241,25.15551],[89.70242,25.15606],[89.70262,25.15605],[89.70263,25.15641],[89.70243,25.15642],[89.70243,25.1566],[89.70263,25.15659],[89.70263,25.15677],[89.70244,25.15678],[89.70245,25.1575],[89.70265,25.15749]]]}},{"type":"Feature","properties":{"kind":"land","ha":8.3},"geometry":{"type":"Polygon","coordinates":[[[89.62555,25.15942],[89.62552,25.15798],[89.62532,25.15798],[89.62531,25.15762],[89.62591,25.15761],[89.6259,25.15725],[89.6255,25.15726],[89.6255,25.15708],[89.6253,25.15708],[89.62529,25.15654],[89.62469,25.15655],[89.6247,25.15691],[89.6249,25.15691],[89.62491,25.15745],[89.62471,25.15745],[89.62471,25.15709],[89.62451,25.1571],[89.62449,25.15619],[89.62488,25.15601],[89.62487,25.15565],[89.62447,25.15547],[89.62446,25.15493],[89.62406,25.15476],[89.62406,25.15458],[89.62307,25.1546],[89.62305,25.15405],[89.62345,25.15405],[89.62345,25.15387],[89.62305,25.15369],[89.62283,25.15297],[89.62204,25.15299],[89.62204,25.15281],[89.62164,25.15282],[89.62165,25.15354],[89.62205,25.15353],[89.62205,25.15371],[89.62265,25.1537],[89.62265,25.15388],[89.62285,25.15388],[89.62286,25.15442],[89.62266,25.15442],[89.62267,25.1546],[89.62307,25.15478],[89.62307,25.15496],[89.62327,25.15495],[89.62328,25.15531],[89.62348,25.15531],[89.6233,25.1564],[89.6235,25.15639],[89.62352,25.15711],[89.62371,25.15711],[89.62374,25.15819],[89.62414,25.15837],[89.62414,25.15855],[89.62474,25.15854],[89.62475,25.15926],[89.62495,25.15925],[89.62495,25.15943],[89.62555,25.15942]],[[89.62494,25.15889],[89.62514,25.15889],[89.62514,25.15907],[89.62495,25.15907],[89.62494,25.15889]],[[89.62472,25.158],[89.62512,25.15781],[89.62512,25.15817],[89.62532,25.15816],[89.62533,25.15835],[89.62493,25.15835],[89.62472,25.158]],[[89.62367,25.15495],[89.62387,25.15494],[89.62387,25.1553],[89.62368,25.15531],[89.62367,25.15495]]]}},{"type":"Feature","properties":{"kind":"land","ha":1.4},"geometry":{"type":"Polygon","coordinates":[[[89.68292,25.15316],[89.68311,25.15244],[89.68271,25.15244],[89.6827,25.1519],[89.6825,25.15191],[89.6825,25.15172],[89.6823,25.15173],[89.6823,25.15209],[89.68191,25.1521],[89.6819,25.15192],[89.68171,25.15192],[89.68171,25.1521],[89.68072,25.15212],[89.68072,25.1523],[89.68132,25.15229],[89.68132,25.15247],[89.68112,25.15247],[89.68113,25.15283],[89.68152,25.15264],[89.68152,25.15246],[89.68211,25.15245],[89.68211,25.15227],[89.68251,25.15227],[89.68252,25.15281],[89.68232,25.15281],[89.68233,25.15317],[89.68253,25.15317],[89.68253,25.15335],[89.68292,25.15316]]]}},{"type":"Feature","properties":{"kind":"land","ha":2.4},"geometry":{"type":"Polygon","coordinates":[[[89.7309,25.15282],[89.7307,25.15247],[89.7309,25.15246],[89.73089,25.15228],[89.73129,25.15228],[89.73148,25.15191],[89.73168,25.15191],[89.73167,25.15155],[89.73206,25.15136],[89.73205,25.151],[89.73225,25.151],[89.73205,25.15064],[89.73165,25.15065],[89.73166,25.15101],[89.73126,25.15101],[89.73107,25.15138],[89.73048,25.15139],[89.73047,25.15121],[89.73027,25.15121],[89.73028,25.15139],[89.73008,25.1514],[89.73011,25.15266],[89.73031,25.15266],[89.73031,25.15284],[89.7309,25.15282]],[[89.73068,25.15175],[89.73108,25.15174],[89.73108,25.15192],[89.73069,25.15193],[89.73068,25.15175]]]}},{"type":"Feature","properties":{"kind":"land","ha":1.3},"geometry":{"type":"Polygon","coordinates":[[[89.71524,25.15275],[89.71522,25.15185],[89.71502,25.15185],[89.71499,25.15041],[89.71459,25.15024],[89.71459,25.1506],[89.7144,25.1506],[89.71442,25.15168],[89.71402,25.15169],[89.71403,25.15187],[89.71462,25.15186],[89.71462,25.15168],[89.71482,25.15168],[89.71503,25.15239],[89.71483,25.1524],[89.71484,25.15276],[89.71524,25.15275]]]}},{"type":"Feature","properties":{"kind":"land","ha":1.3},"geometry":{"type":"Polygon","coordinates":[[[89.63314,25.15297],[89.63314,25.15279],[89.63354,25.15278],[89.63354,25.15297],[89.63414,25.15295],[89.63412,25.15223],[89.63392,25.15224],[89.63391,25.1517],[89.63371,25.1517],[89.63372,25.15188],[89.63312,25.15189],[89.63312,25.15171],[89.63292,25.15171],[89.63293,25.15225],[89.63313,25.15225],[89.63313,25.15243],[89.63293,25.15243],[89.63295,25.15298],[89.63314,25.15297]]]}},{"type":"Feature","properties":{"kind":"land","ha":1.0},"geometry":{"type":"Polygon","coordinates":[[[89.73106,25.15102],[89.73105,25.15066],[89.73165,25.15065],[89.73164,25.1501],[89.73203,25.14992],[89.73202,25.14956],[89.73163,25.14956],[89.73163,25.14974],[89.73123,25.14975],[89.73124,25.14993],[89.73104,25.14993],[89.73086,25.15066],[89.73066,25.15066],[89.73067,25.15102],[89.73106,25.15102]]]}},{"type":"Feature","properties":{"kind":"land","ha":2.0},"geometry":{"type":"Polygon","coordinates":[[[89.67954,25.15268],[89.67953,25.15232],[89.68033,25.15231],[89.68032,25.15213],[89.67973,25.15214],[89.67972,25.15159],[89.68011,25.15159],[89.6801,25.15123],[89.6805,25.15104],[89.68049,25.15086],[89.68089,25.15085],[89.68089,25.15067],[89.68108,25.15067],[89.68108,25.15031],[89.68029,25.1505],[89.68029,25.15068],[89.6797,25.15069],[89.6797,25.15105],[89.67951,25.15106],[89.67951,25.15124],[89.67872,25.15143],[89.67873,25.15161],[89.67892,25.15161],[89.67893,25.15197],[89.67933,25.15214],[89.67934,25.15268],[89.67954,25.15268]]]}},{"type":"Feature","properties":{"kind":"land","ha":5.0},"geometry":{"type":"Polygon","coordinates":[[[89.6833,25.15243],[89.6833,25.15207],[89.68349,25.15207],[89.68349,25.15189],[89.68428,25.15169],[89.68428,25.15151],[89.68487,25.1515],[89.68487,25.15168],[89.68527,25.15167],[89.68527,25.15185],[89.68567,25.15185],[89.68567,25.15203],[89.68607,25.15202],[89.68607,25.15184],[89.68587,25.15184],[89.68586,25.15148],[89.68626,25.15148],[89.68626,25.15166],[89.68686,25.15165],[89.68686,25.15183],[89.68726,25.15182],[89.68723,25.15074],[89.68683,25.15056],[89.68682,25.14984],[89.68662,25.14985],[89.68661,25.14966],[89.68622,25.14967],[89.68622,25.14985],[89.68642,25.14985],[89.68643,25.15039],[89.68604,25.15058],[89.68604,25.15076],[89.68585,25.15076],[89.68584,25.15058],[89.68544,25.15059],[89.68544,25.15041],[89.68465,25.15042],[89.68465,25.1506],[89.68445,25.15061],[89.68445,25.15043],[89.68405,25.15043],[89.68405,25.15025],[89.68385,25.15026],[89.68386,25.1508],[89.68366,25.1508],[89.68367,25.15098],[89.68407,25.15097],[89.68406,25.15079],[89.68505,25.15078],[89.68506,25.15114],[89.68387,25.15116],[89.68387,25.15134],[89.68348,25.15135],[89.68329,25.15171],[89.68309,25.15171],[89.68311,25.15244],[89.6833,25.15243]]]}},{"type":"Feature","properties":{"kind":"land","ha":1.7},"geometry":{"type":"Polygon","coordinates":[[[89.70567,25.1504],[89.70565,25.14968],[89.70605,25.14967],[89.70605,25.14985],[89.70625,25.14985],[89.70626,25.15021],[89.70665,25.1502],[89.70666,25.15038],[89.70705,25.15038],[89.70705,25.15019],[89.70665,25.15002],[89.70665,25.14984],[89.70645,25.14984],[89.70644,25.14966],[89.70625,25.14967],[89.70624,25.14949],[89.70604,25.14949],[89.70604,25.14913],[89.70584,25.14913],[89.70583,25.14895],[89.70544,25.14896],[89.70543,25.1486],[89.70523,25.1486],[89.70523,25.14878],[89.70484,25.14879],[89.70486,25.14969],[89.70525,25.14969],[89.70526,25.14987],[89.70546,25.14986],[89.70547,25.1504],[89.70567,25.1504]]]}},{"type":"Feature","properties":{"kind":"land","ha":5.1},"geometry":{"type":"Polygon","coordinates":[[[89.62919,25.15358],[89.62918,25.15304],[89.62938,25.15304],[89.62938,25.15322],[89.62998,25.15321],[89.62998,25.15339],[89.63058,25.15338],[89.63037,25.15302],[89.63017,25.15302],[89.63016,25.15266],[89.62917,25.15268],[89.62916,25.15232],[89.62877,25.15233],[89.62896,25.15196],[89.62935,25.15196],[89.62935,25.15178],[89.62995,25.15177],[89.62974,25.15141],[89.62954,25.15141],[89.62954,25.15123],[89.62934,25.15123],[89.62913,25.15052],[89.62893,25.15052],[89.62891,25.14962],[89.62871,25.14962],[89.62872,25.15016],[89.62832,25.15017],[89.62832,25.14981],[89.62812,25.14981],[89.62795,25.15126],[89.62756,25.15127],[89.62755,25.15109],[89.62735,25.15109],[89.62736,25.15163],[89.62816,25.1518],[89.62817,25.15198],[89.62836,25.15197],[89.62838,25.15252],[89.62877,25.15251],[89.62878,25.15269],[89.62897,25.15269],[89.62898,25.15287],[89.62799,25.15288],[89.628,25.15342],[89.6282,25.15342],[89.6282,25.1536],[89.62919,25.15358]],[[89.62874,25.15106],[89.62854,25.15107],[89.62853,25.15071],[89.62894,25.15088],[89.62894,25.15106],[89.62914,25.15106],[89.62914,25.15124],[89.62874,25.15125],[89.62874,25.15106]],[[89.62814,25.15071],[89.62834,25.15071],[89.62834,25.15089],[89.62814,25.1509],[89.62814,25.15071]]]}},{"type":"Feature","properties":{"kind":"land","ha":5.8},"geometry":{"type":"Polygon","coordinates":[[[89.60604,25.15598],[89.60603,25.15544],[89.60623,25.15543],[89.60622,25.15525],[89.60682,25.15524],[89.60681,25.15506],[89.60701,25.15506],[89.60701,25.15488],[89.60661,25.15489],[89.60641,25.15453],[89.60621,25.15453],[89.6062,25.15399],[89.60639,25.15399],[89.60639,25.15381],[89.60679,25.1538],[89.60678,25.15362],[89.60579,25.15364],[89.60578,25.15328],[89.60559,25.15328],[89.60558,25.15292],[89.60597,25.15273],[89.60597,25.15255],[89.60636,25.15254],[89.60634,25.15164],[89.60615,25.15165],[89.60614,25.15128],[89.60634,25.15128],[89.60633,25.1511],[89.60752,25.15108],[89.60752,25.1509],[89.60791,25.15089],[89.60791,25.15071],[89.60811,25.15071],[89.60811,25.15053],[89.60731,25.15054],[89.60731,25.15036],[89.60652,25.15038],[89.60631,25.15002],[89.60591,25.15002],[89.60592,25.15039],[89.60612,25.15038],[89.60613,25.15092],[89.60593,25.15093],[89.60593,25.15075],[89.60553,25.15075],[89.60554,25.15093],[89.60534,25.15094],[89.60535,25.1513],[89.60554,25.15129],[89.60555,25.15148],[89.60535,25.15148],[89.60536,25.15184],[89.60516,25.15184],[89.60517,25.1522],[89.60497,25.15221],[89.60499,25.15311],[89.60519,25.15311],[89.60519,25.15347],[89.60539,25.15346],[89.6054,25.15364],[89.60559,25.15364],[89.60581,25.15472],[89.60622,25.15489],[89.60602,25.15526],[89.60563,25.15526],[89.60564,25.15581],[89.60584,25.1558],[89.60584,25.15598],[89.60604,25.15598]]]}},{"type":"Feature","properties":{"kind":"land","ha":2.2},"geometry":{"type":"Polygon","coordinates":[[[89.62695,25.15092],[89.62694,25.15019],[89.62654,25.15002],[89.62653,25.14984],[89.62574,25.15004],[89.62574,25.14985],[89.62554,25.14986],[89.62553,25.1495],[89.62534,25.1495],[89.62534,25.14986],[89.62515,25.14987],[89.62515,25.15005],[89.62475,25.15005],[89.62476,25.15023],[89.62416,25.15024],[89.62415,25.1497],[89.62375,25.14953],[89.62375,25.14935],[89.62355,25.14935],[89.62356,25.14971],[89.62375,25.14971],[89.62377,25.15025],[89.62396,25.15025],[89.62397,25.15043],[89.62516,25.15059],[89.62535,25.15022],[89.62555,25.15022],[89.62556,25.15076],[89.62596,25.15075],[89.62595,25.15039],[89.62635,25.15039],[89.62635,25.15075],[89.62655,25.15074],[89.62656,25.15092],[89.62695,25.15092]]]}},{"type":"Feature","properties":{"kind":"land","ha":3.0},"geometry":{"type":"Polygon","coordinates":[[[89.62116,25.14903],[89.62077,25.14904],[89.62079,25.15012],[89.62099,25.15012],[89.62099,25.15048],[89.62139,25.15047],[89.62139,25.15065],[89.6212,25.15066],[89.6212,25.15102],[89.62101,25.15102],[89.62103,25.1521],[89.62123,25.1521],[89.62123,25.15246],[89.62143,25.15246],[89.62144,25.15264],[89.62164,25.15263],[89.62163,25.15245],[89.62203,25.15245],[89.62202,25.15209],[89.62222,25.15208],[89.62221,25.15154],[89.62201,25.15155],[89.62178,25.15011],[89.62138,25.14993],[89.62137,25.14939],[89.62117,25.14939],[89.62116,25.14903]],[[89.62117,25.14957],[89.62097,25.14958],[89.62097,25.1494],[89.62117,25.14939],[89.62117,25.14957]]]}},{"type":"Feature","properties":{"kind":"land","ha":2.2},"geometry":{"type":"Polygon","coordinates":[[[89.70351,25.1517],[89.7035,25.15116],[89.7037,25.15116],[89.70369,25.15062],[89.70408,25.15043],[89.70408,25.15025],[89.70448,25.15042],[89.70447,25.15024],[89.70467,25.15024],[89.70466,25.14988],[89.70407,25.14989],[89.70406,25.14935],[89.70445,25.14916],[89.70443,25.14808],[89.70462,25.14807],[89.70462,25.14789],[89.70502,25.14789],[89.705,25.14734],[89.70461,25.14735],[89.70461,25.14753],[89.70441,25.14754],[89.70423,25.14826],[89.70403,25.14826],[89.70405,25.14917],[89.70366,25.14935],[89.70367,25.14972],[89.70347,25.14972],[89.70349,25.1508],[89.7033,25.1508],[89.70332,25.15171],[89.70351,25.1517]]]}},{"type":"Feature","properties":{"kind":"land","ha":1.5},"geometry":{"type":"Polygon","coordinates":[[[89.65648,25.14985],[89.65645,25.14877],[89.65626,25.14877],[89.65625,25.14841],[89.65605,25.14841],[89.65605,25.14823],[89.65565,25.14824],[89.65565,25.14842],[89.65526,25.14843],[89.65526,25.14861],[89.65506,25.14861],[89.65507,25.14879],[89.65487,25.14879],[89.65486,25.14861],[89.65447,25.14862],[89.65448,25.14916],[89.65468,25.14916],[89.65467,25.14898],[89.65547,25.14896],[89.65547,25.14914],[89.65587,25.14914],[89.65586,25.14896],[89.65606,25.14895],[89.65606,25.14913],[89.65626,25.14913],[89.65627,25.14967],[89.65568,25.14968],[89.65568,25.14986],[89.65648,25.14985]]]}},{"type":"Feature","properties":{"kind":"land","ha":6.2},"geometry":{"type":"Polygon","coordinates":[[[89.67891,25.15107],[89.6791,25.1507],[89.6793,25.1507],[89.6793,25.15052],[89.67949,25.15052],[89.67947,25.14925],[89.67966,25.14925],[89.67965,25.14871],[89.67985,25.1487],[89.67985,25.14852],[89.68044,25.14851],[89.68063,25.14815],[89.68083,25.14815],[89.68083,25.14796],[89.68162,25.14777],[89.68161,25.14759],[89.68221,25.14758],[89.6822,25.1474],[89.6828,25.14739],[89.6828,25.14757],[89.68379,25.14755],[89.68379,25.14737],[89.68399,25.14737],[89.68398,25.14701],[89.682,25.14722],[89.682,25.1474],[89.68081,25.14742],[89.68062,25.14779],[89.67983,25.1478],[89.67984,25.14798],[89.68023,25.14798],[89.68004,25.14834],[89.67905,25.14836],[89.67905,25.14818],[89.67964,25.14817],[89.67964,25.14799],[89.67845,25.14801],[89.67845,25.14819],[89.67786,25.1482],[89.67806,25.14856],[89.67787,25.14856],[89.67787,25.14874],[89.67747,25.14875],[89.67748,25.14893],[89.67609,25.14895],[89.67608,25.14859],[89.67529,25.14879],[89.6753,25.14897],[89.67569,25.14896],[89.6757,25.14914],[89.67609,25.14913],[89.6763,25.14949],[89.6765,25.14949],[89.6765,25.14967],[89.6769,25.14966],[89.67689,25.1493],[89.67729,25.14929],[89.67728,25.14911],[89.67827,25.14909],[89.67846,25.14873],[89.67945,25.14871],[89.67946,25.14907],[89.67926,25.14908],[89.67928,25.14962],[89.67888,25.1498],[89.67889,25.14999],[89.67869,25.14999],[89.67869,25.15017],[89.6785,25.15017],[89.6785,25.15035],[89.6783,25.15036],[89.67831,25.15054],[89.67811,25.15054],[89.67811,25.15072],[89.67791,25.15072],[89.67812,25.15108],[89.67891,25.15107]]]}},{"type":"Feature","properties":{"kind":"land","ha":2.7},"geometry":{"type":"Polygon","coordinates":[[[89.60474,25.15059],[89.60473,25.15041],[89.60493,25.1504],[89.60492,25.15004],[89.60472,25.15005],[89.60471,25.1495],[89.60451,25.14951],[89.60451,25.14933],[89.60411,25.14933],[89.60391,25.14898],[89.60371,25.14898],[89.60371,25.1488],[89.60351,25.1488],[89.6035,25.14862],[89.60331,25.14863],[89.6033,25.14845],[89.60231,25.14846],[89.60252,25.14918],[89.60272,25.14918],[89.60273,25.14954],[89.60293,25.14954],[89.60293,25.14972],[89.60333,25.14971],[89.60333,25.14989],[89.60413,25.14988],[89.60434,25.15059],[89.60474,25.15059]]]}},{"type":"Feature","properties":{"kind":"land","ha":1.0},"geometry":{"type":"Polygon","coordinates":[[[89.70678,25.14695],[89.70679,25.14731],[89.70719,25.1473],[89.70719,25.14748],[89.70739,25.14748],[89.7074,25.14784],[89.70759,25.14784],[89.7076,25.14802],[89.70799,25.14783],[89.70816,25.14675],[89.70777,25.14693],[89.70778,25.14711],[89.70738,25.14712],[89.70737,25.14658],[89.70717,25.14658],[89.70698,25.14695],[89.70678,25.14695]],[[89.70718,25.14694],[89.70718,25.14712],[89.70698,25.14713],[89.70698,25.14695],[89.70718,25.14694]]]}},{"type":"Feature","properties":{"kind":"land","ha":10.9},"geometry":{"type":"Polygon","coordinates":[[[89.59627,25.15362],[89.59627,25.15344],[89.59706,25.15343],[89.59705,25.15307],[89.59686,25.15307],[89.59685,25.15289],[89.59724,25.1527],[89.59724,25.15252],[89.59764,25.1527],[89.59764,25.15252],[89.59784,25.15251],[89.59782,25.15197],[89.59763,25.15198],[89.5976,25.15089],[89.5978,25.15089],[89.59779,25.15053],[89.59799,25.15052],[89.59798,25.1498],[89.59778,25.14981],[89.59777,25.14927],[89.59855,25.14889],[89.59854,25.14835],[89.59834,25.14835],[89.59834,25.14817],[89.59774,25.14818],[89.59775,25.14836],[89.59735,25.14837],[89.59735,25.14819],[89.59715,25.14819],[89.59716,25.14855],[89.59735,25.14855],[89.59736,25.14873],[89.59696,25.14874],[89.59677,25.1491],[89.59657,25.14911],[89.59658,25.14965],[89.59579,25.14966],[89.5958,25.15002],[89.5962,25.1502],[89.5962,25.15038],[89.59581,25.15056],[89.59581,25.15074],[89.59562,25.15075],[89.59562,25.15111],[89.59543,25.15111],[89.59544,25.15165],[89.59504,25.15166],[89.59523,25.1513],[89.59484,25.1513],[89.59484,25.15166],[89.59445,25.15185],[89.59446,25.15221],[89.59426,25.15221],[89.59426,25.1524],[89.59486,25.15238],[89.59485,25.15202],[89.59524,25.15184],[89.59547,25.15328],[89.59607,25.15327],[89.59607,25.15363],[89.59627,25.15362]],[[89.59564,25.15165],[89.59583,25.15165],[89.59583,25.15147],[89.59623,25.15146],[89.59623,25.15182],[89.59584,25.15201],[89.59585,25.15219],[89.59565,25.15219],[89.59564,25.15165]],[[89.59681,25.15091],[89.59661,25.15091],[89.59661,25.15073],[89.59681,25.15073],[89.59681,25.15091]],[[89.5968,25.15055],[89.597,25.15054],[89.597,25.15072],[89.59681,25.15073],[89.5968,25.15055]]]}},{"type":"Feature","properties":{"kind":"land","ha":7.3},"geometry":{"type":"Polygon","coordinates":[[[89.62992,25.15068],[89.63011,25.15032],[89.63071,25.15031],[89.63071,25.15049],[89.6319,25.15047],[89.63209,25.1501],[89.63288,25.15009],[89.63289,25.15027],[89.63328,25.15026],[89.63328,25.15008],[89.63308,25.15009],[89.63306,25.14882],[89.63226,25.14866],[89.63225,25.14848],[89.63206,25.14848],[89.63206,25.14866],[89.63166,25.14867],[89.63146,25.14831],[89.63126,25.14831],[89.63126,25.14813],[89.63106,25.14814],[89.63087,25.1485],[89.63107,25.1485],[89.63107,25.14886],[89.63087,25.14886],[89.63088,25.14904],[89.63028,25.14905],[89.63028,25.14887],[89.62949,25.14889],[89.62948,25.14871],[89.62929,25.14871],[89.62927,25.14817],[89.62967,25.14798],[89.62966,25.1478],[89.62946,25.1478],[89.62946,25.14762],[89.62887,25.14763],[89.62887,25.14781],[89.62907,25.14781],[89.62908,25.14835],[89.62888,25.14836],[89.62889,25.14872],[89.62909,25.14871],[89.62911,25.14961],[89.62951,25.14979],[89.6295,25.14961],[89.6299,25.1496],[89.62991,25.14996],[89.62931,25.14997],[89.62953,25.15069],[89.62992,25.15068]],[[89.63208,25.14938],[89.63247,25.14937],[89.63247,25.14919],[89.63267,25.14919],[89.63267,25.14955],[89.63208,25.14956],[89.63208,25.14938]]]}},{"type":"Feature","properties":{"kind":"land","ha":2.8},"geometry":{"type":"Polygon","coordinates":[[[89.67588,25.14842],[89.67587,25.14805],[89.67567,25.14806],[89.67567,25.14788],[89.67527,25.14788],[89.67527,25.1477],[89.67448,25.14772],[89.67427,25.14736],[89.67347,25.1472],[89.67347,25.14683],[89.67307,25.14684],[89.67306,25.14666],[89.67247,25.14667],[89.67247,25.14649],[89.67207,25.1465],[89.67208,25.14686],[89.67248,25.14703],[89.67248,25.14721],[89.67268,25.14721],[89.67269,25.14757],[89.67289,25.14757],[89.67289,25.14793],[89.67329,25.14792],[89.67329,25.1481],[89.67409,25.14809],[89.67409,25.14827],[89.67488,25.14825],[89.67488,25.14807],[89.67528,25.14807],[89.67528,25.14825],[89.67568,25.14824],[89.67568,25.14842],[89.67588,25.14842]],[[89.67328,25.14756],[89.67348,25.14756],[89.67348,25.14774],[89.67329,25.14774],[89.67328,25.14756]]]}},{"type":"Feature","properties":{"kind":"land","ha":1.8},"geometry":{"type":"Polygon","coordinates":[[[89.71492,25.14752],[89.7149,25.14626],[89.71529,25.14607],[89.71507,25.14499],[89.71487,25.145],[89.71486,25.14464],[89.71466,25.14464],[89.71465,25.1441],[89.71445,25.1441],[89.71447,25.14482],[89.71427,25.14483],[89.71428,25.14519],[89.71467,25.14518],[89.71469,25.1459],[89.71449,25.14591],[89.7145,25.14627],[89.7143,25.14627],[89.71431,25.14681],[89.71451,25.14681],[89.71453,25.14753],[89.71492,25.14752]],[[89.7145,25.14645],[89.7147,25.14644],[89.71471,25.14663],[89.71451,25.14663],[89.7145,25.14645]]]}},{"type":"Feature","properties":{"kind":"land","ha":4.6},"geometry":{"type":"Polygon","coordinates":[[[89.61937,25.14888],[89.61937,25.1487],[89.61957,25.1487],[89.61954,25.14762],[89.61875,25.14763],[89.61874,25.14727],[89.61855,25.14727],[89.61854,25.14709],[89.61874,25.14709],[89.61873,25.14673],[89.61853,25.14673],[89.61852,25.14619],[89.61872,25.14619],[89.61871,25.14583],[89.61812,25.14584],[89.61812,25.14602],[89.61792,25.14602],[89.61793,25.14638],[89.61754,25.14639],[89.61752,25.14585],[89.61674,25.14604],[89.61674,25.14622],[89.61654,25.14623],[89.61655,25.14659],[89.61695,25.14676],[89.61695,25.14694],[89.61715,25.14694],[89.61715,25.14712],[89.61735,25.14712],[89.61736,25.14748],[89.61776,25.14747],[89.61776,25.14765],[89.61796,25.14765],[89.61797,25.14801],[89.61837,25.14818],[89.61837,25.14836],[89.61857,25.14836],[89.61857,25.14854],[89.61877,25.14853],[89.61878,25.14871],[89.61897,25.14871],[89.61898,25.14889],[89.61937,25.14888]]]}},{"type":"Feature","properties":{"kind":"land","ha":1.2},"geometry":{"type":"Polygon","coordinates":[[[89.63558,25.14643],[89.63557,25.14607],[89.63577,25.14607],[89.63576,25.14534],[89.63536,25.14535],[89.63536,25.14517],[89.63456,25.14519],[89.63458,25.14573],[89.63498,25.1459],[89.63498,25.14608],[89.63518,25.14608],[89.63519,25.14644],[89.63558,25.14643]]]}},{"type":"Feature","properties":{"kind":"land","ha":1.1},"geometry":{"type":"Polygon","coordinates":[[[89.59673,25.14712],[89.59692,25.14675],[89.59712,25.14675],[89.5971,25.14585],[89.5969,25.14585],[89.5969,25.14567],[89.5963,25.14568],[89.59633,25.14712],[89.59673,25.14712]]]}},{"type":"Feature","properties":{"kind":"land","ha":2.0},"geometry":{"type":"Polygon","coordinates":[[[89.62033,25.14742],[89.62052,25.14706],[89.62012,25.14689],[89.62012,25.14652],[89.61992,25.14653],[89.61991,25.14599],[89.6201,25.14598],[89.6201,25.14562],[89.6199,25.14563],[89.61989,25.14509],[89.61969,25.14509],[89.61969,25.14491],[89.61929,25.14492],[89.61929,25.14473],[89.61869,25.14475],[89.6187,25.14511],[89.61949,25.14509],[89.61951,25.14599],[89.61931,25.146],[89.61934,25.14708],[89.61953,25.14708],[89.61954,25.14726],[89.61993,25.14725],[89.61994,25.14743],[89.62033,25.14742]]]}},{"type":"Feature","properties":{"kind":"land","ha":1.2},"geometry":{"type":"Polygon","coordinates":[[[89.70772,25.14477],[89.70772,25.14459],[89.70831,25.14458],[89.7085,25.14421],[89.7087,25.14421],[89.7087,25.14403],[89.7089,25.14402],[89.70889,25.14348],[89.70928,25.14348],[89.70928,25.1433],[89.70948,25.14329],[89.70927,25.14293],[89.70887,25.14294],[89.70888,25.14312],[89.70868,25.14313],[89.70869,25.14349],[89.70829,25.14367],[89.7083,25.14385],[89.7081,25.14386],[89.7081,25.14404],[89.70791,25.14404],[89.70791,25.14422],[89.70771,25.14423],[89.70772,25.14441],[89.70752,25.14441],[89.70753,25.14477],[89.70772,25.14477]]]}},{"type":"Feature","properties":{"kind":"land","ha":1.2},"geometry":{"type":"Polygon","coordinates":[[[89.71665,25.14478],[89.71664,25.1446],[89.71704,25.1446],[89.71704,25.14442],[89.71744,25.14459],[89.71763,25.14423],[89.71723,25.14405],[89.71723,25.14423],[89.71703,25.14424],[89.71683,25.14388],[89.71663,25.14388],[89.7166,25.1428],[89.71621,25.14281],[89.71642,25.14353],[89.71622,25.14353],[89.71623,25.14389],[89.71603,25.14389],[89.71604,25.14407],[89.71623,25.14407],[89.71624,25.14443],[89.71644,25.14443],[89.71645,25.14479],[89.71665,25.14478]]]}},{"type":"Feature","properties":{"kind":"land","ha":8.0},"geometry":{"type":"Polygon","coordinates":[[[89.62604,25.14552],[89.62545,25.14553],[89.62545,25.14535],[89.62604,25.14534],[89.62583,25.14498],[89.62603,25.14498],[89.62603,25.1448],[89.62563,25.14462],[89.62563,25.1448],[89.62543,25.14481],[89.62543,25.14445],[89.62503,25.14427],[89.62484,25.145],[89.62464,25.145],[89.62464,25.14482],[89.62405,25.14483],[89.62405,25.14519],[89.62366,25.1452],[89.62387,25.14592],[89.62367,25.14592],[89.62368,25.1461],[89.62407,25.14609],[89.62408,25.14627],[89.62428,25.14627],[89.62428,25.14663],[89.62488,25.14662],[89.62488,25.1468],[89.62449,25.14681],[89.62429,25.14717],[89.6241,25.14718],[89.6241,25.14754],[89.6249,25.14752],[89.62489,25.14716],[89.62529,25.14716],[89.62527,25.14661],[89.62567,25.14661],[89.62548,25.14697],[89.62588,25.14696],[89.62587,25.14678],[89.62607,25.14678],[89.62607,25.14696],[89.62627,25.14696],[89.62628,25.14714],[89.62608,25.14714],[89.62609,25.1475],[89.62628,25.1475],[89.62629,25.14768],[89.62609,25.14768],[89.6261,25.14804],[89.6259,25.14805],[89.62591,25.14841],[89.62611,25.1484],[89.6261,25.14822],[89.6267,25.14821],[89.62668,25.14749],[89.62688,25.14749],[89.62687,25.14713],[89.62727,25.1473],[89.62728,25.14748],[89.62747,25.14748],[89.62748,25.14766],[89.62807,25.14765],[89.62806,25.14729],[89.62767,25.14729],[89.62765,25.14639],[89.62745,25.14639],[89.62744,25.14603],[89.62724,25.14604],[89.62723,25.14532],[89.62703,25.14532],[89.62704,25.14586],[89.62665,25.14605],[89.62665,25.14623],[89.62626,25.14624],[89.62604,25.14552]],[[89.62627,25.1466],[89.62607,25.1466],[89.62606,25.14624],[89.62626,25.14624],[89.62627,25.1466]],[[89.62466,25.14554],[89.62485,25.14554],[89.62485,25.14518],[89.62524,25.14517],[89.62525,25.14571],[89.62447,25.14591],[89.62466,25.14554]]]}},{"type":"Feature","properties":{"kind":"land","ha":2.8},"geometry":{"type":"Polygon","coordinates":[[[89.62863,25.14601],[89.62862,25.14565],[89.62982,25.14581],[89.62981,25.14545],[89.62941,25.14546],[89.6296,25.14509],[89.62941,25.1451],[89.6294,25.14474],[89.62979,25.14455],[89.62979,25.14437],[89.62939,25.14419],[89.62939,25.14438],[89.62899,25.14438],[89.62921,25.1451],[89.62801,25.14494],[89.6282,25.14458],[89.6278,25.1444],[89.6278,25.14404],[89.62819,25.14404],[89.62838,25.14367],[89.62898,25.14366],[89.62897,25.14348],[89.62759,25.1435],[89.62759,25.14369],[89.62739,25.14369],[89.62742,25.14495],[89.62782,25.14512],[89.62782,25.14531],[89.62842,25.14529],[89.62843,25.14602],[89.62863,25.14601]]]}},{"type":"Feature","properties":{"kind":"land","ha":14.3},"geometry":{"type":"Polygon","coordinates":[[[89.71935,25.15033],[89.71933,25.14961],[89.71972,25.14942],[89.7197,25.14834],[89.7199,25.14833],[89.71989,25.14797],[89.72009,25.14797],[89.72008,25.14761],[89.72047,25.14742],[89.72047,25.14724],[89.72067,25.14724],[89.72066,25.14688],[89.72046,25.14688],[89.72045,25.14616],[89.72064,25.14616],[89.72064,25.14597],[89.72044,25.14598],[89.72043,25.14544],[89.72063,25.14543],[89.72062,25.14507],[89.72042,25.14508],[89.72041,25.14472],[89.72022,25.14472],[89.72021,25.14436],[89.72001,25.14436],[89.72,25.144],[89.7198,25.144],[89.71979,25.14364],[89.7196,25.14365],[89.71959,25.14329],[89.71939,25.14329],[89.71938,25.14293],[89.71899,25.14294],[89.71897,25.1424],[89.71857,25.14222],[89.71856,25.14168],[89.71836,25.14169],[89.71839,25.14277],[89.71859,25.14276],[89.71859,25.14312],[89.71879,25.14312],[89.71882,25.1442],[89.71901,25.1442],[89.71902,25.14456],[89.71922,25.14456],[89.71923,25.14492],[89.71883,25.14474],[89.71861,25.14403],[89.71842,25.14403],[89.71841,25.14367],[89.71801,25.1435],[89.71799,25.14277],[89.71779,25.14278],[89.71778,25.14224],[89.71758,25.14224],[89.71757,25.1417],[89.71698,25.14171],[89.71699,25.14243],[89.71679,25.14244],[89.7168,25.14262],[89.71739,25.14261],[89.7174,25.14279],[89.71759,25.14278],[89.71761,25.14332],[89.7178,25.14332],[89.71781,25.14368],[89.71801,25.14368],[89.71802,25.14422],[89.71822,25.14421],[89.71827,25.1462],[89.71846,25.1462],[89.71848,25.1471],[89.71829,25.1471],[89.71829,25.14746],[89.71849,25.14746],[89.7185,25.14782],[89.7187,25.14782],[89.71871,25.14836],[89.71851,25.14836],[89.71852,25.14872],[89.71832,25.14872],[89.71833,25.14927],[89.71853,25.14926],[89.71854,25.14944],[89.71834,25.14945],[89.71835,25.14999],[89.71874,25.1498],[89.71875,25.14998],[89.71894,25.14998],[89.71894,25.1498],[89.71914,25.14979],[89.71915,25.15033],[89.71935,25.15033]],[[89.71926,25.14618],[89.71945,25.14618],[89.71946,25.14654],[89.71926,25.14654],[89.71926,25.14618]]]}},{"type":"Feature","properties":{"kind":"land","ha":2.6},"geometry":{"type":"Polygon","coordinates":[[[89.72439,25.14518],[89.72437,25.14428],[89.72457,25.14428],[89.72456,25.14392],[89.72436,25.14392],[89.72434,25.14302],[89.72414,25.14302],[89.72414,25.14266],[89.72373,25.14249],[89.72373,25.14231],[89.72353,25.14231],[89.72332,25.14159],[89.72272,25.1416],[89.72273,25.14197],[89.72293,25.14196],[89.72295,25.14268],[89.72314,25.14268],[89.72315,25.14304],[89.72335,25.14304],[89.72336,25.1434],[89.72356,25.14339],[89.72357,25.14394],[89.72396,25.14393],[89.72397,25.14411],[89.72417,25.14411],[89.72418,25.14447],[89.72398,25.14447],[89.72399,25.14501],[89.72419,25.14501],[89.72419,25.14519],[89.72439,25.14518]]]}},{"type":"Feature","properties":{"kind":"land","ha":1.4},"geometry":{"type":"Polygon","coordinates":[[[89.63476,25.145],[89.63475,25.14464],[89.63515,25.14463],[89.63514,25.14445],[89.63455,25.14446],[89.63455,25.14464],[89.63416,25.14465],[89.63433,25.14357],[89.63453,25.14356],[89.63452,25.14338],[89.63492,25.14337],[89.63511,25.14301],[89.63531,25.14301],[89.63531,25.14283],[89.63471,25.14284],[89.63472,25.14302],[89.63432,25.14302],[89.63432,25.1432],[89.63412,25.14321],[89.63413,25.14357],[89.63374,25.14376],[89.63375,25.1443],[89.63395,25.14429],[89.63395,25.14447],[89.63376,25.14448],[89.63376,25.14484],[89.63436,25.14483],[89.63436,25.14501],[89.63476,25.145]]]}},{"type":"Feature","properties":{"kind":"land","ha":36.6},"geometry":{"type":"Polygon","coordinates":[[[89.67218,25.15155],[89.67217,25.15119],[89.67237,25.15119],[89.67237,25.15101],[89.67296,25.15099],[89.67297,25.15154],[89.67337,25.15153],[89.67337,25.15135],[89.67356,25.15135],[89.67355,25.1508],[89.67395,25.1508],[89.67394,25.15044],[89.67374,25.15044],[89.67374,25.15026],[89.67493,25.15042],[89.67492,25.15006],[89.67512,25.15005],[89.67512,25.14987],[89.67492,25.14988],[89.67492,25.1497],[89.67373,25.1499],[89.67373,25.14972],[89.67333,25.14972],[89.67333,25.14954],[89.67313,25.14955],[89.67332,25.14918],[89.67272,25.14919],[89.67273,25.14937],[89.67293,25.14937],[89.67293,25.14973],[89.67274,25.14974],[89.67274,25.14992],[89.67234,25.14992],[89.67235,25.1501],[89.67215,25.15011],[89.67214,25.14993],[89.67135,25.14994],[89.67135,25.14976],[89.67095,25.14977],[89.67096,25.14995],[89.67016,25.14996],[89.67016,25.14978],[89.66976,25.14979],[89.66976,25.14961],[89.66956,25.14961],[89.66955,25.14907],[89.66994,25.14906],[89.66995,25.14942],[89.67035,25.1496],[89.67054,25.14923],[89.67193,25.14921],[89.67172,25.14885],[89.67192,25.14885],[89.67192,25.14867],[89.67232,25.14884],[89.67232,25.14866],[89.67251,25.14866],[89.67231,25.1483],[89.67211,25.1483],[89.67211,25.14812],[89.67191,25.14813],[89.6721,25.14776],[89.6723,25.14776],[89.67229,25.14758],[89.67209,25.14758],[89.67209,25.1474],[89.67169,25.14741],[89.67149,25.14705],[89.67129,25.14705],[89.67128,25.14687],[89.67148,25.14687],[89.67146,25.14597],[89.67106,25.14579],[89.67106,25.14561],[89.67145,25.14543],[89.67146,25.14561],[89.67225,25.14559],[89.67225,25.14577],[89.67166,25.14578],[89.67166,25.14596],[89.67285,25.14612],[89.67305,25.14576],[89.67345,25.14593],[89.67344,25.14575],[89.67384,25.14574],[89.67383,25.1452],[89.67363,25.14521],[89.67362,25.14485],[89.67342,25.14485],[89.67342,25.14467],[89.67322,25.14467],[89.67284,25.1454],[89.67244,25.14541],[89.67243,25.14487],[89.67283,25.14486],[89.67282,25.14468],[89.67242,25.14451],[89.67204,25.14524],[89.67164,25.14506],[89.67183,25.1447],[89.67124,25.14471],[89.67125,25.14525],[89.67105,25.14525],[89.67106,25.14543],[89.67066,25.14544],[89.67064,25.14436],[89.67044,25.14436],[89.67043,25.14418],[89.67004,25.14419],[89.67003,25.14401],[89.66964,25.1442],[89.66964,25.14402],[89.66924,25.14402],[89.66922,25.1433],[89.66903,25.1433],[89.66902,25.14312],[89.67061,25.14328],[89.67082,25.14363],[89.67141,25.14362],[89.67142,25.1438],[89.67181,25.1438],[89.67182,25.14416],[89.67242,25.14415],[89.67241,25.14397],[89.67221,25.14397],[89.67221,25.14361],[89.6718,25.14344],[89.6718,25.14325],[89.6716,25.14326],[89.6716,25.14308],[89.6712,25.14309],[89.6712,25.1429],[89.67159,25.1429],[89.67179,25.14253],[89.67198,25.14253],[89.67198,25.14235],[89.67178,25.14235],[89.67177,25.14199],[89.67158,25.142],[89.67157,25.14181],[89.67117,25.14182],[89.67097,25.14146],[89.67057,25.14147],[89.67057,25.14129],[89.66958,25.14131],[89.66957,25.14113],[89.66938,25.14113],[89.66937,25.14077],[89.66897,25.14078],[89.66897,25.1406],[89.66857,25.14079],[89.66858,25.14097],[89.66759,25.14098],[89.66758,25.1408],[89.66739,25.14081],[89.66739,25.14099],[89.66719,25.14099],[89.66721,25.14189],[89.6682,25.14188],[89.66821,25.14206],[89.66781,25.14206],[89.66762,25.14243],[89.66742,25.14243],[89.66743,25.14279],[89.66723,25.1428],[89.66724,25.14316],[89.66744,25.14315],[89.66745,25.14369],[89.66785,25.14387],[89.66785,25.14405],[89.66765,25.14405],[89.66767,25.14459],[89.66807,25.14477],[89.66806,25.14459],[89.66866,25.14457],[89.66866,25.14494],[89.66906,25.14493],[89.66907,25.14511],[89.66926,25.14511],[89.66927,25.14547],[89.66947,25.14546],[89.66947,25.14564],[89.66928,25.14565],[89.66928,25.14601],[89.66968,25.14618],[89.66969,25.14636],[89.66909,25.14637],[89.6691,25.14691],[89.6693,25.14691],[89.66931,25.14709],[89.66891,25.1471],[89.66893,25.14782],[89.66853,25.14783],[89.66853,25.14801],[89.66833,25.14801],[89.66835,25.14855],[89.66854,25.14855],[89.66855,25.14891],[89.66835,25.14891],[89.66837,25.14963],[89.66877,25.14981],[89.66878,25.15035],[89.66918,25.15052],[89.66919,25.15088],[89.66939,25.15088],[89.66939,25.15106],[89.66959,25.15106],[89.6696,25.15142],[89.67039,25.1514],[89.6704,25.15158],[89.67218,25.15155]],[[89.67157,25.15102],[89.67197,25.15119],[89.67198,25.15137],[89.67158,25.15138],[89.67157,25.15102]],[[89.67049,25.14689],[89.6705,25.14707],[89.67089,25.14706],[89.6709,25.14724],[89.67109,25.14724],[89.6711,25.14742],[89.6719,25.14758],[89.6719,25.14777],[89.67071,25.14779],[89.67071,25.14797],[89.67151,25.14795],[89.67152,25.14849],[89.67073,25.14851],[89.67073,25.14869],[89.67013,25.1487],[89.67013,25.14852],[89.66934,25.14853],[89.66933,25.14835],[89.67013,25.14834],[89.67012,25.14816],[89.67032,25.14815],[89.67032,25.14797],[89.67012,25.14798],[89.67011,25.14762],[89.66991,25.14762],[89.66991,25.14744],[89.67011,25.14744],[89.6701,25.14708],[89.6697,25.14708],[89.6697,25.1469],[89.67049,25.14689]],[[89.6695,25.14691],[89.6695,25.14673],[89.6697,25.14672],[89.6697,25.1469],[89.6695,25.14691]],[[89.67068,25.14652],[89.67088,25.14652],[89.67088,25.1467],[89.67069,25.1467],[89.67068,25.14652]],[[89.66987,25.14582],[89.67047,25.14581],[89.67048,25.14617],[89.67008,25.14617],[89.67009,25.14653],[89.66989,25.14654],[89.66987,25.14582]],[[89.671,25.14273],[89.671,25.14291],[89.6706,25.14292],[89.6706,25.14273],[89.671,25.14273]],[[89.6702,25.14274],[89.67,25.14238],[89.67039,25.14238],[89.6704,25.14256],[89.6706,25.14255],[89.6706,25.14273],[89.6702,25.14274]],[[89.66762,25.14261],[89.66782,25.1426],[89.66782,25.14278],[89.66763,25.14279],[89.66762,25.14261]]]}},{"type":"Feature","properties":{"kind":"land","ha":1.5},"geometry":{"type":"Polygon","coordinates":[[[89.66463,25.14158],[89.66461,25.14086],[89.66421,25.14068],[89.66421,25.1405],[89.66262,25.14053],[89.66263,25.14089],[89.66224,25.14108],[89.66224,25.14126],[89.66303,25.14107],[89.66303,25.14125],[89.66343,25.14124],[89.66342,25.14106],[89.66402,25.14105],[89.66402,25.14123],[89.66442,25.14122],[89.66443,25.14158],[89.66463,25.14158]]]}},{"type":"Feature","properties":{"kind":"land","ha":3.2},"geometry":{"type":"Polygon","coordinates":[[[89.63354,25.14376],[89.63351,25.14214],[89.6337,25.14213],[89.6337,25.14195],[89.6335,25.14196],[89.63348,25.14105],[89.63249,25.14107],[89.63248,25.14053],[89.63149,25.14055],[89.6315,25.14109],[89.6317,25.14109],[89.63172,25.14199],[89.63251,25.14197],[89.63251,25.14179],[89.6331,25.14178],[89.63311,25.14196],[89.6333,25.14196],[89.63332,25.14268],[89.63213,25.1427],[89.63213,25.14288],[89.63273,25.14287],[89.63274,25.14341],[89.63294,25.14341],[89.63293,25.14305],[89.63313,25.14305],[89.63334,25.14376],[89.63354,25.14376]]]}},{"type":"Feature","properties":{"kind":"land","ha":1.9},"geometry":{"type":"Polygon","coordinates":[[[89.67096,25.14128],[89.67096,25.14092],[89.67136,25.1411],[89.67135,25.14092],[89.67155,25.14091],[89.67154,25.14037],[89.67114,25.14038],[89.67115,25.14056],[89.67075,25.14057],[89.67075,25.14075],[89.67056,25.14075],[89.67035,25.14039],[89.67055,25.14039],[89.67054,25.13985],[89.66955,25.13987],[89.66955,25.14005],[89.66896,25.14006],[89.66875,25.1397],[89.66855,25.1397],[89.66856,25.14006],[89.66876,25.14006],[89.66876,25.14024],[89.66916,25.14023],[89.66897,25.1406],[89.66936,25.14059],[89.66936,25.14041],[89.66995,25.1404],[89.67016,25.14076],[89.67036,25.14075],[89.67037,25.14111],[89.67056,25.14111],[89.67057,25.14129],[89.67096,25.14128]],[[89.67014,25.14004],[89.67034,25.14003],[89.67035,25.14021],[89.67015,25.14022],[89.67014,25.14004]]]}},{"type":"Feature","properties":{"kind":"land","ha":1.9},"geometry":{"type":"Polygon","coordinates":[[[89.68229,25.14252],[89.68229,25.14234],[89.68249,25.14234],[89.68248,25.14198],[89.68228,25.14198],[89.68227,25.14162],[89.68208,25.14162],[89.68207,25.14144],[89.68187,25.14145],[89.68185,25.14055],[89.68166,25.14055],[89.68164,25.13983],[89.68223,25.13982],[89.68224,25.14],[89.68244,25.13999],[89.68243,25.13963],[89.68203,25.13946],[89.68202,25.13928],[89.68143,25.13929],[89.68143,25.13911],[89.68123,25.13911],[89.68125,25.14002],[89.68145,25.14001],[89.68146,25.14073],[89.68166,25.14073],[89.68167,25.14127],[89.68147,25.14127],[89.68148,25.14164],[89.68168,25.14163],[89.68169,25.14217],[89.68189,25.14217],[89.6819,25.14253],[89.68229,25.14252]]]}},{"type":"Feature","properties":{"kind":"land","ha":2.8},"geometry":{"type":"Polygon","coordinates":[[[89.62244,25.14378],[89.62243,25.14324],[89.62282,25.14323],[89.62301,25.14286],[89.62341,25.14286],[89.62341,25.14268],[89.6236,25.14267],[89.6236,25.14249],[89.6232,25.1425],[89.6232,25.14214],[89.62359,25.14195],[89.62358,25.14177],[89.62378,25.14177],[89.62377,25.14141],[89.62397,25.1414],[89.62397,25.14104],[89.62416,25.14104],[89.62416,25.14086],[89.62376,25.14086],[89.62377,25.14105],[89.62357,25.14105],[89.62356,25.14087],[89.62337,25.14087],[89.62336,25.14051],[89.62356,25.14051],[89.62355,25.14033],[89.62336,25.14033],[89.62335,25.14015],[89.62355,25.14015],[89.62355,25.13997],[89.62315,25.13997],[89.62316,25.14033],[89.62276,25.14052],[89.6228,25.14233],[89.6226,25.14233],[89.62262,25.14305],[89.62222,25.14306],[89.62224,25.1436],[89.62204,25.1436],[89.62204,25.14396],[89.62244,25.14378]]]}},{"type":"Feature","properties":{"kind":"land","ha":1.3},"geometry":{"type":"Polygon","coordinates":[[[89.70346,25.14015],[89.70365,25.13979],[89.70385,25.13979],[89.70384,25.1396],[89.70404,25.1396],[89.70404,25.13942],[89.70424,25.13942],[89.70423,25.13924],[89.70443,25.13923],[89.70443,25.13905],[89.70462,25.13905],[89.70462,25.13887],[89.70482,25.13886],[89.70481,25.1385],[89.70442,25.13869],[89.70442,25.13887],[89.70363,25.13889],[89.70363,25.13907],[89.70324,25.13907],[89.70306,25.14016],[89.70346,25.14015]]]}},{"type":"Feature","properties":{"kind":"land","ha":1.6},"geometry":{"type":"Polygon","coordinates":[[[89.64225,25.14288],[89.64224,25.14234],[89.64263,25.14215],[89.64262,25.14197],[89.64282,25.14197],[89.64282,25.14179],[89.64302,25.14179],[89.64298,25.13998],[89.64318,25.13998],[89.64317,25.13962],[89.64278,25.1398],[89.64259,25.14053],[89.6422,25.14054],[89.6422,25.14072],[89.6426,25.14071],[89.64261,25.14125],[89.64241,25.14126],[89.64242,25.14162],[89.64222,25.14162],[89.64222,25.1418],[89.64203,25.1418],[89.64205,25.14289],[89.64225,25.14288]]]}},{"type":"Feature","properties":{"kind":"land","ha":17.9},"geometry":{"type":"Polygon","coordinates":[[[89.67425,25.14664],[89.67425,25.14646],[89.67465,25.14645],[89.67464,25.14609],[89.67523,25.14608],[89.67544,25.14644],[89.67564,25.14643],[89.67563,25.14625],[89.67702,25.14623],[89.67703,25.14641],[89.67841,25.14638],[89.67841,25.1462],[89.67821,25.14621],[89.6782,25.14585],[89.6778,25.14567],[89.6778,25.14549],[89.6774,25.1455],[89.6774,25.14532],[89.67661,25.14533],[89.6764,25.14498],[89.6762,25.14498],[89.67619,25.14444],[89.67599,25.14444],[89.67598,25.14408],[89.67578,25.14409],[89.67578,25.14372],[89.67597,25.14372],[89.67598,25.1439],[89.67638,25.14389],[89.67638,25.14407],[89.67678,25.14407],[89.67678,25.14425],[89.67718,25.14424],[89.67717,25.14388],[89.67697,25.14388],[89.67696,25.14352],[89.67676,25.14353],[89.67676,25.14317],[89.67656,25.14317],[89.67655,25.14281],[89.67615,25.14282],[89.67615,25.14245],[89.67595,25.14246],[89.67593,25.14174],[89.67573,25.14174],[89.67573,25.14138],[89.67553,25.14138],[89.67552,25.14084],[89.67532,25.14084],[89.67531,25.1403],[89.6757,25.1403],[89.67572,25.14102],[89.67592,25.14101],[89.67592,25.14119],[89.67632,25.14119],[89.67632,25.14155],[89.67652,25.14154],[89.67653,25.14173],[89.67672,25.14172],[89.67672,25.14136],[89.67652,25.14136],[89.67651,25.141],[89.67671,25.141],[89.67671,25.14118],[89.67711,25.14117],[89.67711,25.14099],[89.67691,25.141],[89.6769,25.14046],[89.6773,25.14063],[89.6773,25.14099],[89.6777,25.14098],[89.6777,25.14116],[89.6779,25.14116],[89.67791,25.14134],[89.6785,25.14133],[89.67829,25.14097],[89.6781,25.14098],[89.67809,25.14079],[89.67789,25.1408],[89.67789,25.14044],[89.67769,25.14044],[89.67788,25.14008],[89.67808,25.14007],[89.67807,25.13989],[89.67748,25.1399],[89.67749,25.14026],[89.67709,25.14027],[89.67708,25.13991],[89.67688,25.13991],[89.67688,25.13955],[89.67668,25.13956],[89.67667,25.13938],[89.67628,25.13938],[89.67627,25.1392],[89.67607,25.13921],[89.67608,25.13939],[89.67548,25.1394],[89.67548,25.13922],[89.67508,25.13922],[89.67508,25.13904],[89.67468,25.13905],[89.6747,25.13959],[89.67489,25.13959],[89.6749,25.13995],[89.6751,25.13995],[89.67512,25.14103],[89.67532,25.14103],[89.67533,25.14121],[89.67513,25.14121],[89.67513,25.14157],[89.67474,25.14158],[89.67474,25.14176],[89.67454,25.14176],[89.67452,25.14086],[89.67433,25.14086],[89.67435,25.14195],[89.67455,25.14194],[89.67457,25.14284],[89.67477,25.14284],[89.67478,25.14338],[89.67458,25.14339],[89.67458,25.14357],[89.67419,25.14357],[89.67418,25.14321],[89.67378,25.14322],[89.67377,25.1425],[89.67357,25.1425],[89.67356,25.14232],[89.67257,25.14234],[89.67238,25.1427],[89.67278,25.1427],[89.67278,25.14288],[89.67338,25.14287],[89.67338,25.14305],[89.67299,25.14305],[89.673,25.14359],[89.6734,25.14377],[89.6734,25.14395],[89.6736,25.14394],[89.6736,25.14412],[89.6742,25.14411],[89.6742,25.14429],[89.67519,25.14428],[89.6752,25.14464],[89.676,25.1448],[89.67601,25.14534],[89.67581,25.14535],[89.67581,25.14517],[89.67541,25.14517],[89.67541,25.14499],[89.67481,25.14501],[89.67481,25.14482],[89.67402,25.14502],[89.67423,25.14538],[89.67442,25.14537],[89.67443,25.14573],[89.67404,25.14574],[89.67404,25.14592],[89.67444,25.14609],[89.67444,25.14628],[89.67405,25.14628],[89.67405,25.14646],[89.67346,25.14647],[89.67346,25.14665],[89.67425,25.14664]],[[89.67359,25.1434],[89.67379,25.1434],[89.67379,25.14358],[89.67359,25.14358],[89.67359,25.1434]],[[89.67514,25.14175],[89.67554,25.14174],[89.67555,25.14228],[89.67575,25.14228],[89.67575,25.14246],[89.67535,25.14247],[89.67514,25.14175]]]}},{"type":"Feature","properties":{"kind":"land","ha":1.2},"geometry":{"type":"Polygon","coordinates":[[[89.62693,25.14063],[89.62692,25.14027],[89.62712,25.14026],[89.62711,25.13972],[89.62632,25.13974],[89.62631,25.13956],[89.62611,25.13956],[89.62612,25.13974],[89.62572,25.13975],[89.62573,25.14029],[89.62593,25.14029],[89.62594,25.14047],[89.62653,25.14045],[89.62653,25.14064],[89.62693,25.14063]]]}},{"type":"Feature","properties":{"kind":"land","ha":1.0},"geometry":{"type":"Polygon","coordinates":[[[89.63208,25.14018],[89.63207,25.14],[89.63386,25.13996],[89.63385,25.1396],[89.63345,25.13961],[89.63346,25.13979],[89.63306,25.13962],[89.63306,25.1398],[89.63247,25.13981],[89.63245,25.13927],[89.63166,25.13928],[89.63166,25.13946],[89.63186,25.13946],[89.63167,25.13982],[89.63187,25.13982],[89.63188,25.14018],[89.63208,25.14018]]]}},{"type":"Feature","properties":{"kind":"land","ha":2.9},"geometry":{"type":"Polygon","coordinates":[[[89.66003,25.13986],[89.66002,25.1395],[89.65982,25.1395],[89.65981,25.13914],[89.65942,25.13915],[89.65941,25.13878],[89.65921,25.13879],[89.65921,25.13861],[89.65941,25.1386],[89.6594,25.13824],[89.6592,25.13825],[89.6592,25.13807],[89.6588,25.13807],[89.65879,25.13771],[89.6582,25.13772],[89.6582,25.1379],[89.658,25.13791],[89.65802,25.13863],[89.65762,25.13864],[89.65743,25.139],[89.65823,25.13917],[89.65823,25.13935],[89.65883,25.13934],[89.65883,25.13952],[89.65943,25.13951],[89.65943,25.13987],[89.66003,25.13986]]]}},{"type":"Feature","properties":{"kind":"land","ha":1.2},"geometry":{"type":"Polygon","coordinates":[[[89.62177,25.14018],[89.62196,25.13981],[89.62215,25.13981],[89.62215,25.13963],[89.62235,25.13963],[89.62234,25.13945],[89.62254,25.13944],[89.62254,25.13926],[89.62234,25.13927],[89.62233,25.13872],[89.62193,25.13855],[89.62193,25.13837],[89.62153,25.13838],[89.62153,25.13856],[89.62173,25.13855],[89.62175,25.13928],[89.62155,25.13928],[89.62156,25.14],[89.62137,25.14],[89.62137,25.14019],[89.62177,25.14018]]]}},{"type":"Feature","properties":{"kind":"land","ha":2.4},"geometry":{"type":"Polygon","coordinates":[[[89.6269,25.13918],[89.62688,25.1381],[89.62589,25.13812],[89.62568,25.13776],[89.62528,25.13777],[89.6251,25.13849],[89.6249,25.1385],[89.62491,25.13886],[89.62531,25.13903],[89.62531,25.13921],[89.6269,25.13918]]]}},{"type":"Feature","properties":{"kind":"land","ha":4.8},"geometry":{"type":"Polygon","coordinates":[[[89.67153,25.13983],[89.67152,25.13965],[89.67192,25.13964],[89.67192,25.13982],[89.67292,25.13981],[89.6729,25.13908],[89.6727,25.13909],[89.67271,25.13945],[89.67251,25.13945],[89.67251,25.13963],[89.67232,25.13964],[89.67231,25.13927],[89.67171,25.13929],[89.6717,25.13874],[89.6715,25.13875],[89.67148,25.13767],[89.67128,25.13767],[89.67129,25.13821],[89.6709,25.1384],[89.67069,25.13768],[89.67029,25.13751],[89.67028,25.13696],[89.66849,25.137],[89.6683,25.13736],[89.6681,25.13737],[89.66811,25.13755],[89.66791,25.13755],[89.66791,25.13773],[89.66771,25.13773],[89.66772,25.13809],[89.66832,25.13808],[89.66831,25.13772],[89.6697,25.1377],[89.6697,25.13806],[89.6703,25.13805],[89.67031,25.13841],[89.67011,25.13841],[89.67011,25.13859],[89.67051,25.13877],[89.67052,25.13895],[89.67072,25.13894],[89.67072,25.13912],[89.67092,25.13912],[89.67093,25.13948],[89.67133,25.13965],[89.67133,25.13983],[89.67153,25.13983]]]}},{"type":"Feature","properties":{"kind":"land","ha":1.8},"geometry":{"type":"Polygon","coordinates":[[[89.66376,25.13817],[89.66416,25.13816],[89.66416,25.13834],[89.66456,25.13833],[89.66455,25.13797],[89.66494,25.13778],[89.66493,25.13742],[89.66513,25.13742],[89.66513,25.13724],[89.66453,25.13725],[89.66453,25.13707],[89.66433,25.13707],[89.66414,25.13744],[89.66374,25.13744],[89.66353,25.13673],[89.66333,25.13673],[89.66334,25.13709],[89.66295,25.13728],[89.66295,25.13764],[89.66276,25.13764],[89.66276,25.13782],[89.66316,25.13782],[89.66315,25.13763],[89.66335,25.13763],[89.66335,25.13781],[89.66375,25.1378],[89.66376,25.13817]],[[89.66375,25.13762],[89.66395,25.13762],[89.66395,25.1378],[89.66375,25.1378],[89.66375,25.13762]]]}},{"type":"Feature","properties":{"kind":"land","ha":1.6},"geometry":{"type":"Polygon","coordinates":[[[89.65544,25.1385],[89.65543,25.13813],[89.65583,25.13813],[89.6558,25.13704],[89.65501,25.13706],[89.655,25.1367],[89.65461,25.13671],[89.65462,25.13725],[89.65501,25.13724],[89.65503,25.13778],[89.65443,25.13779],[89.65444,25.13797],[89.65483,25.13796],[89.65484,25.13833],[89.65504,25.13832],[89.65504,25.1385],[89.65544,25.1385]]]}},{"type":"Feature","properties":{"kind":"land","ha":3.8},"geometry":{"type":"Polygon","coordinates":[[[89.60828,25.14006],[89.60828,25.13988],[89.60808,25.13988],[89.60805,25.13844],[89.60785,25.13844],[89.60783,25.13772],[89.60803,25.13771],[89.60803,25.13753],[89.60783,25.13754],[89.60782,25.13718],[89.60742,25.13718],[89.60742,25.13682],[89.60762,25.13682],[89.6076,25.13628],[89.60741,25.13628],[89.60741,25.13646],[89.60662,25.13647],[89.60661,25.13611],[89.60641,25.13612],[89.60642,25.13666],[89.60662,25.13666],[89.60662,25.13684],[89.60643,25.13684],[89.60643,25.13702],[89.60603,25.13703],[89.60604,25.13721],[89.60624,25.1372],[89.60624,25.13738],[89.60703,25.13737],[89.60706,25.13845],[89.60686,25.13846],[89.60686,25.13882],[89.60706,25.13881],[89.60707,25.13917],[89.60747,25.13935],[89.60747,25.13953],[89.60767,25.13952],[89.60768,25.13989],[89.60788,25.13988],[89.60788,25.14006],[89.60828,25.14006]]]}},{"type":"Feature","properties":{"kind":"land","ha":4.4},"geometry":{"type":"Polygon","coordinates":[[[89.6739,25.13961],[89.67389,25.13907],[89.67369,25.13907],[89.67369,25.13889],[89.67389,25.13889],[89.67388,25.13852],[89.67428,25.13852],[89.67448,25.13887],[89.67488,25.13887],[89.67487,25.13833],[89.67407,25.13798],[89.67407,25.13834],[89.67387,25.13834],[89.67387,25.13798],[89.67367,25.13799],[89.67365,25.13708],[89.67345,25.13709],[89.67344,25.13673],[89.67304,25.13655],[89.67304,25.13637],[89.67284,25.13638],[89.67284,25.1362],[89.67264,25.1362],[89.67263,25.13602],[89.67244,25.13602],[89.67242,25.13512],[89.67202,25.13495],[89.67201,25.13477],[89.67181,25.13477],[89.67181,25.13459],[89.67141,25.1346],[89.67142,25.13478],[89.67122,25.13478],[89.67123,25.13514],[89.67143,25.13514],[89.67144,25.13568],[89.67223,25.13585],[89.67224,25.13621],[89.67244,25.1362],[89.67246,25.13693],[89.67265,25.13692],[89.67267,25.13782],[89.67307,25.138],[89.67308,25.13836],[89.67328,25.13835],[89.67329,25.1389],[89.67349,25.13889],[89.6735,25.13925],[89.6737,25.13925],[89.6737,25.13961],[89.6739,25.13961]]]}},{"type":"Feature","properties":{"kind":"land","ha":1.2},"geometry":{"type":"Polygon","coordinates":[[[89.63597,25.13668],[89.63596,25.13632],[89.63636,25.13631],[89.63635,25.13595],[89.63674,25.13594],[89.63674,25.13576],[89.63615,25.13577],[89.63614,25.13559],[89.63575,25.1356],[89.63574,25.13542],[89.63594,25.13541],[89.63593,25.13505],[89.63514,25.13507],[89.63495,25.13543],[89.63535,25.13561],[89.63535,25.13579],[89.63575,25.13578],[89.63576,25.13632],[89.63536,25.13633],[89.63537,25.13651],[89.63576,25.1365],[89.63577,25.13668],[89.63597,25.13668]]]}},{"type":"Feature","properties":{"kind":"land","ha":3.5},"geometry":{"type":"Polygon","coordinates":[[[89.65263,25.13692],[89.65262,25.13656],[89.65242,25.13656],[89.65242,25.13638],[89.65103,25.13641],[89.65102,25.13605],[89.65062,25.13587],[89.65062,25.13569],[89.65002,25.1357],[89.65002,25.13552],[89.64962,25.13553],[89.64963,25.13571],[89.64903,25.13572],[89.64903,25.13536],[89.64862,25.13519],[89.64862,25.13501],[89.64901,25.13482],[89.64901,25.13464],[89.64921,25.13464],[89.6492,25.13446],[89.64821,25.13447],[89.64822,25.13465],[89.64802,25.13466],[89.64803,25.1352],[89.64843,25.13519],[89.64843,25.13537],[89.64863,25.13537],[89.64864,25.13573],[89.64904,25.1359],[89.64904,25.13626],[89.64944,25.13626],[89.64965,25.13661],[89.65083,25.13641],[89.65084,25.13659],[89.65123,25.13659],[89.65124,25.13695],[89.65223,25.13693],[89.65224,25.13711],[89.65263,25.13692]]]}},{"type":"Feature","properties":{"kind":"land","ha":1.1},"geometry":{"type":"Polygon","coordinates":[[[89.61792,25.13646],[89.61791,25.13628],[89.61811,25.13627],[89.61811,25.13609],[89.61771,25.1361],[89.61771,25.13592],[89.61811,25.13591],[89.6181,25.13555],[89.6183,25.13555],[89.61809,25.13519],[89.61789,25.13519],[89.61789,25.13501],[89.61769,25.13502],[89.61769,25.13484],[89.61749,25.13484],[89.6175,25.1352],[89.6173,25.1352],[89.6173,25.13538],[89.6175,25.13538],[89.61751,25.13592],[89.61712,25.13611],[89.61712,25.13629],[89.61752,25.13628],[89.61753,25.13664],[89.61792,25.13646]]]}},{"type":"Feature","properties":{"kind":"land","ha":2.5},"geometry":{"type":"Polygon","coordinates":[[[89.61017,25.13551],[89.61017,25.13569],[89.60997,25.13569],[89.60998,25.13605],[89.61038,25.13605],[89.61039,25.13659],[89.61138,25.13657],[89.61138,25.13675],[89.61158,25.13675],[89.61157,25.13639],[89.61177,25.13638],[89.61175,25.13566],[89.61156,25.13567],[89.61155,25.13512],[89.61174,25.13512],[89.61174,25.13476],[89.61154,25.13476],[89.61154,25.13494],[89.61055,25.13496],[89.61056,25.13532],[89.61017,25.13551]],[[89.61076,25.13532],[89.61076,25.13568],[89.61057,25.13568],[89.61056,25.13532],[89.61076,25.13532]]]}},{"type":"Feature","properties":{"kind":"land","ha":1.0},"geometry":{"type":"Polygon","coordinates":[[[89.62423,25.13508],[89.6242,25.13364],[89.62361,25.13365],[89.62361,25.13383],[89.62341,25.13383],[89.62343,25.13473],[89.62383,25.13473],[89.62404,25.13508],[89.62423,25.13508]]]}},{"type":"Feature","properties":{"kind":"land","ha":21.2},"geometry":{"type":"Polygon","coordinates":[[[89.72688,25.1325],[89.72689,25.13286],[89.72649,25.13269],[89.72649,25.13251],[89.72629,25.13251],[89.72629,25.13233],[89.72609,25.13234],[89.72608,25.13216],[89.72569,25.13217],[89.72568,25.13198],[89.72509,25.132],[89.72508,25.13182],[89.72409,25.13183],[89.72409,25.13165],[89.7231,25.13167],[89.72311,25.13239],[89.72272,25.1324],[89.72272,25.13258],[89.72252,25.13258],[89.72252,25.1324],[89.72192,25.13241],[89.72193,25.13278],[89.72213,25.13277],[89.72214,25.13295],[89.72194,25.13296],[89.72194,25.13314],[89.72174,25.13314],[89.72174,25.13296],[89.72134,25.13297],[89.72137,25.13405],[89.72177,25.13422],[89.72177,25.1344],[89.72197,25.1344],[89.72196,25.13404],[89.72176,25.13404],[89.72175,25.13368],[89.72156,25.13368],[89.72155,25.13332],[89.72214,25.13331],[89.72215,25.13349],[89.72235,25.13349],[89.72234,25.13331],[89.72294,25.1333],[89.72314,25.13366],[89.72334,25.13365],[89.72334,25.13383],[89.72354,25.13383],[89.72355,25.13401],[89.72374,25.13401],[89.72392,25.13292],[89.72412,25.13292],[89.72411,25.13274],[89.72491,25.13272],[89.7249,25.13254],[89.72569,25.13253],[89.7259,25.13288],[89.7263,25.13288],[89.72631,25.13342],[89.72651,25.13341],[89.72652,25.13377],[89.72671,25.13377],[89.72672,25.13395],[89.72731,25.13394],[89.72732,25.1343],[89.72712,25.1343],[89.72716,25.13611],[89.72696,25.13611],[89.72698,25.13683],[89.72718,25.13683],[89.72721,25.13845],[89.72741,25.13845],[89.72742,25.13899],[89.72762,25.13899],[89.72763,25.13953],[89.72783,25.13953],[89.72784,25.13989],[89.72804,25.13988],[89.72802,25.13898],[89.72782,25.13898],[89.72781,25.13844],[89.72821,25.13862],[89.72822,25.13898],[89.72842,25.13897],[89.72842,25.13915],[89.72822,25.13916],[89.72824,25.14006],[89.72844,25.14006],[89.72844,25.14024],[89.72805,25.14024],[89.72804,25.14006],[89.72784,25.14007],[89.72786,25.14061],[89.72806,25.1406],[89.72806,25.14097],[89.72786,25.14097],[89.72791,25.14295],[89.72811,25.14295],[89.72812,25.14331],[89.72831,25.14331],[89.72833,25.14385],[89.72852,25.14384],[89.72854,25.14457],[89.72815,25.14475],[89.72815,25.14493],[89.72795,25.14494],[89.72796,25.14512],[89.72776,25.14512],[89.72777,25.14566],[89.72738,25.14585],[89.72738,25.14603],[89.72718,25.14604],[89.7272,25.14658],[89.72739,25.14657],[89.72739,25.14621],[89.72778,25.14602],[89.72777,25.14584],[89.72797,25.14584],[89.72816,25.14511],[89.72855,25.14493],[89.72854,25.14475],[89.72874,25.14474],[89.72871,25.14312],[89.7289,25.14312],[89.7289,25.14275],[89.7287,25.14276],[89.72869,25.14222],[89.72829,25.14222],[89.72828,25.14186],[89.72848,25.14186],[89.72845,25.1406],[89.72884,25.14041],[89.72884,25.14005],[89.72864,25.14005],[89.7286,25.13843],[89.7284,25.13843],[89.72839,25.13789],[89.72819,25.13789],[89.72817,25.13699],[89.72797,25.137],[89.72797,25.13664],[89.72777,25.13664],[89.72779,25.13754],[89.72759,25.13754],[89.72758,25.13718],[89.72738,25.13719],[89.72735,25.13574],[89.72774,25.13556],[89.72776,25.13646],[89.72796,25.13645],[89.72794,25.13555],[89.72814,25.13555],[89.72813,25.13519],[89.72833,25.13518],[89.72833,25.135],[89.72872,25.135],[89.72873,25.13518],[89.72893,25.13517],[89.72891,25.13463],[89.72872,25.13464],[89.72871,25.13446],[89.72831,25.13446],[89.72832,25.13464],[89.72812,25.13465],[89.72811,25.13429],[89.72791,25.13429],[89.72789,25.13321],[89.72809,25.1332],[89.72809,25.13338],[89.72889,25.13337],[89.72887,25.13283],[89.72927,25.13282],[89.72927,25.133],[89.73026,25.13298],[89.73025,25.13244],[89.73045,25.13244],[89.73024,25.13208],[89.72985,25.13227],[89.72985,25.13209],[89.72965,25.13209],[89.72965,25.13227],[89.72946,25.13228],[89.72945,25.1321],[89.72866,25.13211],[89.72866,25.13193],[89.72846,25.13193],[89.72844,25.13139],[89.72864,25.13139],[89.72864,25.13121],[89.72824,25.13122],[89.72824,25.13104],[89.72764,25.13105],[89.72765,25.13141],[89.72726,25.13141],[89.72707,25.13178],[89.72687,25.13178],[89.72687,25.13196],[89.72707,25.13196],[89.72708,25.13232],[89.72747,25.13231],[89.72748,25.13249],[89.72688,25.1325]],[[89.72787,25.13249],[89.72788,25.13285],[89.72768,25.13285],[89.72748,25.13249],[89.72787,25.13249]],[[89.7276,25.13791],[89.7278,25.1379],[89.7278,25.13808],[89.7276,25.13809],[89.7276,25.13791]],[[89.72866,25.13229],[89.72926,25.13228],[89.72926,25.13246],[89.72867,25.13247],[89.72866,25.13229]]]}},{"type":"Feature","properties":{"kind":"land","ha":1.4},"geometry":{"type":"Polygon","coordinates":[[[89.68013,25.13444],[89.68012,25.1339],[89.67992,25.1339],[89.67991,25.13318],[89.67971,25.13318],[89.6797,25.13264],[89.6795,25.13265],[89.67949,25.13211],[89.67929,25.13211],[89.67929,25.13193],[89.67889,25.13194],[89.6789,25.1323],[89.6787,25.1323],[89.6787,25.13248],[89.6791,25.13265],[89.67912,25.13338],[89.67952,25.13355],[89.67953,25.13391],[89.67973,25.13391],[89.67973,25.13409],[89.67993,25.13408],[89.67994,25.13444],[89.68013,25.13444]]]}},{"type":"Feature","properties":{"kind":"land","ha":2.4},"geometry":{"type":"Polygon","coordinates":[[[89.70569,25.13361],[89.70569,25.13343],[89.70628,25.13342],[89.70628,25.13324],[89.70668,25.13324],[89.70687,25.13287],[89.70706,25.13287],[89.70706,25.13269],[89.70726,25.13268],[89.70726,25.1325],[89.70785,25.13249],[89.70785,25.13231],[89.70824,25.1323],[89.70843,25.13194],[89.70883,25.13193],[89.70882,25.13157],[89.70842,25.13158],[89.70823,25.13194],[89.70804,25.13195],[89.70804,25.13213],[89.70745,25.13214],[89.70744,25.13178],[89.70764,25.13177],[89.70762,25.13123],[89.70743,25.13124],[89.70724,25.13196],[89.70685,25.13215],[89.70686,25.13269],[89.70607,25.13289],[89.70587,25.13253],[89.70567,25.13253],[89.70548,25.1329],[89.70508,25.1329],[89.70509,25.13308],[89.70489,25.13309],[89.7049,25.13345],[89.70549,25.13344],[89.7055,25.13362],[89.70569,25.13361]]]}},{"type":"Feature","properties":{"kind":"land","ha":1.9},"geometry":{"type":"Polygon","coordinates":[[[89.64423,25.13382],[89.64423,25.13364],[89.64542,25.13362],[89.64541,25.13344],[89.64502,25.13345],[89.64521,25.13308],[89.64441,25.13292],[89.64441,25.13274],[89.64362,25.13275],[89.64362,25.13293],[89.64322,25.13294],[89.64322,25.13276],[89.64302,25.13276],[89.64301,25.13222],[89.64281,25.13222],[89.64283,25.13295],[89.64323,25.13312],[89.64323,25.13348],[89.64343,25.13348],[89.64344,25.13366],[89.64403,25.13365],[89.64404,25.13383],[89.64423,25.13382]],[[89.64383,25.13329],[89.64402,25.13328],[89.64403,25.13347],[89.64383,25.13347],[89.64383,25.13329]]]}},{"type":"Feature","properties":{"kind":"land","ha":1.6},"geometry":{"type":"Polygon","coordinates":[[[89.64125,25.13333],[89.64124,25.13297],[89.64104,25.13298],[89.64103,25.13244],[89.64123,25.13243],[89.64123,25.13261],[89.64163,25.13261],[89.64163,25.13243],[89.64143,25.13243],[89.64142,25.13225],[89.64103,25.13226],[89.64102,25.13207],[89.64063,25.13208],[89.64042,25.13172],[89.64022,25.13173],[89.64023,25.13209],[89.63984,25.13228],[89.63985,25.13264],[89.64025,25.13281],[89.64025,25.13317],[89.64065,25.13316],[89.64065,25.13334],[89.64125,25.13333]],[[89.64063,25.13244],[89.64083,25.13244],[89.64084,25.13262],[89.64064,25.13262],[89.64063,25.13244]]]}},{"type":"Feature","properties":{"kind":"land","ha":20.6},"geometry":{"type":"Polygon","coordinates":[[[89.717,25.13377],[89.71701,25.13413],[89.71681,25.13413],[89.71682,25.13449],[89.71662,25.1345],[89.71662,25.13468],[89.71603,25.13469],[89.71623,25.13505],[89.71663,25.13504],[89.71663,25.13486],[89.71682,25.13485],[89.71685,25.13612],[89.71665,25.13612],[89.71666,25.1363],[89.71686,25.1363],[89.71691,25.13864],[89.71711,25.13864],[89.71711,25.139],[89.71692,25.139],[89.71693,25.13973],[89.71733,25.1399],[89.71734,25.14008],[89.71753,25.14008],[89.71753,25.1399],[89.71773,25.13989],[89.71772,25.13953],[89.71812,25.1397],[89.71811,25.13934],[89.71791,25.13935],[89.71791,25.13917],[89.71751,25.13917],[89.71751,25.13899],[89.71731,25.139],[89.71728,25.13773],[89.71709,25.13774],[89.71704,25.13557],[89.71724,25.13557],[89.71722,25.13467],[89.71761,25.13448],[89.7176,25.1343],[89.7178,25.1343],[89.71801,25.13465],[89.71821,25.13465],[89.71821,25.13483],[89.71841,25.13483],[89.71841,25.13501],[89.71861,25.135],[89.71862,25.13518],[89.71881,25.13518],[89.71845,25.13663],[89.71865,25.13663],[89.71866,25.13699],[89.71885,25.13698],[89.71888,25.13807],[89.71908,25.13806],[89.71909,25.13878],[89.71929,25.13878],[89.7193,25.13914],[89.7195,25.13914],[89.7195,25.1395],[89.7199,25.13967],[89.72012,25.14039],[89.72052,25.14056],[89.72052,25.14074],[89.72072,25.14074],[89.72073,25.14092],[89.72132,25.14091],[89.72132,25.14109],[89.72172,25.14108],[89.72172,25.14126],[89.72192,25.14126],[89.72192,25.14108],[89.72232,25.14107],[89.72251,25.14071],[89.72231,25.14071],[89.7223,25.14053],[89.72191,25.14054],[89.7217,25.14018],[89.7213,25.14019],[89.7211,25.13983],[89.7207,25.13984],[89.7207,25.13966],[89.7205,25.13966],[89.72049,25.13912],[89.72009,25.13895],[89.72008,25.1384],[89.71967,25.13823],[89.71964,25.13679],[89.72004,25.1366],[89.71981,25.13552],[89.72001,25.13552],[89.72001,25.13534],[89.72021,25.13533],[89.72021,25.13551],[89.7208,25.1355],[89.72081,25.13586],[89.72121,25.13604],[89.72122,25.13622],[89.72141,25.13621],[89.72142,25.13639],[89.72162,25.13639],[89.72162,25.13675],[89.72202,25.13693],[89.72204,25.13747],[89.72224,25.13746],[89.72224,25.13782],[89.72244,25.13782],[89.72243,25.13728],[89.72283,25.13727],[89.72283,25.13763],[89.72303,25.13763],[89.72304,25.13817],[89.72285,25.13817],[89.72285,25.13835],[89.72325,25.13853],[89.72325,25.13871],[89.72345,25.1387],[89.72346,25.13906],[89.72386,25.13924],[89.72386,25.13942],[89.72406,25.13941],[89.72407,25.13978],[89.72447,25.13977],[89.72446,25.13959],[89.72466,25.13958],[89.72465,25.13922],[89.72425,25.13905],[89.72425,25.13887],[89.72405,25.13887],[89.72384,25.13816],[89.72364,25.13816],[89.72363,25.1378],[89.72323,25.13762],[89.72322,25.13726],[89.72302,25.13727],[89.72301,25.13673],[89.72281,25.13673],[89.7228,25.13601],[89.7226,25.13601],[89.72259,25.13547],[89.72239,25.13547],[89.72238,25.13511],[89.72218,25.13512],[89.72218,25.13476],[89.72198,25.13476],[89.72199,25.1353],[89.7212,25.13532],[89.72119,25.13496],[89.72079,25.13478],[89.72078,25.13442],[89.71999,25.13444],[89.71999,25.13462],[89.71979,25.13462],[89.7198,25.13498],[89.7196,25.13498],[89.71963,25.13643],[89.71924,25.13662],[89.71925,25.13716],[89.71945,25.13715],[89.71947,25.13805],[89.71907,25.13788],[89.719,25.13463],[89.7188,25.13464],[89.71878,25.13356],[89.71858,25.13356],[89.71855,25.1323],[89.71835,25.1323],[89.71835,25.13212],[89.71776,25.13213],[89.71774,25.13141],[89.71794,25.13141],[89.71793,25.13122],[89.71774,25.13123],[89.71772,25.13033],[89.71732,25.13033],[89.71711,25.12998],[89.71592,25.13],[89.71596,25.13162],[89.71576,25.13163],[89.71577,25.13199],[89.71616,25.1318],[89.71614,25.1309],[89.71634,25.13089],[89.71633,25.13035],[89.71653,25.13035],[89.71652,25.13017],[89.71692,25.13034],[89.71693,25.13088],[89.71713,25.13088],[89.71714,25.13106],[89.71753,25.13105],[89.71735,25.13178],[89.71755,25.13177],[89.71756,25.13231],[89.71736,25.13232],[89.71738,25.13322],[89.71718,25.13322],[89.7172,25.13377],[89.717,25.13377]],[[89.71758,25.13322],[89.71759,25.13358],[89.71739,25.13358],[89.71738,25.13322],[89.71758,25.13322]],[[89.71739,25.13376],[89.7174,25.13394],[89.7172,25.13395],[89.7172,25.13377],[89.71739,25.13376]],[[89.72242,25.13674],[89.72243,25.1371],[89.72223,25.1371],[89.72222,25.13674],[89.72242,25.13674]],[[89.72202,25.13674],[89.72202,25.13656],[89.72182,25.13657],[89.7218,25.13585],[89.7216,25.13585],[89.72179,25.13549],[89.72199,25.13548],[89.722,25.13566],[89.72239,25.13565],[89.72241,25.1362],[89.72201,25.1362],[89.72201,25.13638],[89.72221,25.13638],[89.72222,25.13674],[89.72202,25.13674]]]}},{"type":"Feature","properties":{"kind":"land","ha":4.6},"geometry":{"type":"Polygon","coordinates":[[[89.67437,25.13382],[89.67436,25.13328],[89.67495,25.13327],[89.67454,25.13256],[89.67493,25.13237],[89.67493,25.13219],[89.67513,25.13218],[89.67512,25.132],[89.67552,25.132],[89.67553,25.13236],[89.67593,25.13235],[89.67592,25.13217],[89.67632,25.13216],[89.67631,25.13198],[89.67651,25.13198],[89.6765,25.13162],[89.6767,25.13161],[89.6767,25.13143],[89.67591,25.13145],[89.67591,25.13163],[89.67571,25.13163],[89.67571,25.13145],[89.67491,25.13147],[89.67492,25.13183],[89.67453,25.13183],[89.67453,25.13201],[89.67433,25.13202],[89.67432,25.13166],[89.67472,25.13147],[89.67471,25.13129],[89.67531,25.13128],[89.6753,25.13092],[89.6755,25.13091],[89.67549,25.13055],[89.67569,25.13055],[89.67568,25.13037],[89.67489,25.13038],[89.67489,25.13056],[89.6745,25.13057],[89.67451,25.13093],[89.67431,25.13094],[89.67431,25.13112],[89.67372,25.13113],[89.67372,25.13131],[89.67352,25.13131],[89.67353,25.13167],[89.67393,25.13185],[89.67394,25.13221],[89.67374,25.13221],[89.67375,25.13275],[89.67395,25.13275],[89.67396,25.13311],[89.67416,25.1331],[89.67416,25.13329],[89.67396,25.13329],[89.67397,25.13383],[89.67437,25.13382]]]}},{"type":"Feature","properties":{"kind":"land","ha":3.0},"geometry":{"type":"Polygon","coordinates":[[[89.64698,25.13251],[89.64717,25.13215],[89.64757,25.13214],[89.64756,25.13178],[89.64776,25.13177],[89.64775,25.13159],[89.64735,25.13142],[89.64735,25.13124],[89.64616,25.13108],[89.64615,25.1309],[89.64595,25.1309],[89.64596,25.13108],[89.64556,25.13091],[89.64556,25.13109],[89.64477,25.13111],[89.64477,25.13129],[89.64497,25.13128],[89.64498,25.13164],[89.64538,25.13182],[89.64538,25.132],[89.64578,25.13181],[89.64578,25.13199],[89.64618,25.13198],[89.64619,25.13252],[89.64698,25.13251]]]}},{"type":"Feature","properties":{"kind":"land","ha":1.9},"geometry":{"type":"Polygon","coordinates":[[[89.67868,25.13158],[89.67868,25.13122],[89.67887,25.13121],[89.67887,25.13103],[89.67867,25.13104],[89.67866,25.1305],[89.67846,25.1305],[89.67845,25.12978],[89.67825,25.12978],[89.67824,25.12942],[89.67804,25.12942],[89.67804,25.12924],[89.67744,25.12925],[89.67745,25.12944],[89.67705,25.12944],[89.67706,25.12998],[89.67766,25.12997],[89.67767,25.13033],[89.67806,25.13033],[89.67808,25.13105],[89.67828,25.13104],[89.67828,25.13141],[89.67848,25.1314],[89.67849,25.13158],[89.67868,25.13158]]]}},{"type":"Feature","properties":{"kind":"land","ha":2.0},"geometry":{"type":"Polygon","coordinates":[[[89.66954,25.13066],[89.66973,25.1303],[89.67013,25.13047],[89.67013,25.13029],[89.67033,25.13029],[89.67034,25.13065],[89.67053,25.13064],[89.67052,25.1301],[89.67032,25.13011],[89.67031,25.1292],[89.66991,25.12939],[89.66991,25.12921],[89.66971,25.12921],[89.66952,25.12958],[89.66932,25.12958],[89.66933,25.12976],[89.66913,25.12977],[89.66913,25.12995],[89.66834,25.13014],[89.66835,25.13032],[89.66855,25.13032],[89.66855,25.13068],[89.66954,25.13066]]]}},{"type":"Feature","properties":{"kind":"land","ha":1.6},"geometry":{"type":"Polygon","coordinates":[[[89.66676,25.13035],[89.66675,25.12999],[89.66695,25.12999],[89.66696,25.13017],[89.66735,25.13016],[89.66736,25.13034],[89.66755,25.13034],[89.66755,25.13016],[89.66795,25.13015],[89.66794,25.12979],[89.66754,25.12979],[89.66753,25.12943],[89.66734,25.12944],[89.66733,25.12926],[89.66694,25.12926],[89.66673,25.12891],[89.66614,25.12892],[89.66615,25.12946],[89.66635,25.12946],[89.66636,25.13],[89.66656,25.12999],[89.66656,25.13035],[89.66676,25.13035]]]}},{"type":"Feature","properties":{"kind":"land","ha":3.1},"geometry":{"type":"Polygon","coordinates":[[[89.66577,25.13019],[89.66576,25.12983],[89.66556,25.12983],[89.66553,25.12857],[89.66533,25.12857],[89.66531,25.12749],[89.66511,25.12749],[89.66512,25.12785],[89.66492,25.12786],[89.66493,25.12804],[89.66473,25.12804],[89.66475,25.12912],[89.66455,25.12913],[89.66456,25.12931],[89.66396,25.12932],[89.66396,25.12896],[89.66316,25.12897],[89.66315,25.12861],[89.66276,25.1288],[89.66277,25.12898],[89.66257,25.12898],[89.66257,25.12916],[89.66297,25.12915],[89.66297,25.12934],[89.66337,25.12933],[89.66337,25.12951],[89.66357,25.12951],[89.66358,25.12987],[89.66397,25.12986],[89.66397,25.1295],[89.66456,25.12949],[89.66457,25.13003],[89.66497,25.13002],[89.66497,25.1302],[89.66577,25.13019]],[[89.66495,25.1293],[89.66535,25.12929],[89.66535,25.12947],[89.66496,25.12948],[89.66495,25.1293]]]}},{"type":"Feature","properties":{"kind":"land","ha":2.5},"geometry":{"type":"Polygon","coordinates":[[[89.639,25.13013],[89.63899,25.12976],[89.63879,25.12977],[89.63879,25.12959],[89.63899,25.12958],[89.63898,25.1294],[89.63918,25.1294],[89.63919,25.12958],[89.63978,25.12957],[89.63977,25.12903],[89.64017,25.1292],[89.64015,25.12848],[89.63976,25.12867],[89.63976,25.12885],[89.63957,25.12885],[89.63955,25.12795],[89.63994,25.12776],[89.63993,25.1274],[89.63954,25.12759],[89.63954,25.12777],[89.63934,25.12777],[89.63934,25.12741],[89.63835,25.12743],[89.63835,25.12779],[89.63855,25.12779],[89.63855,25.12761],[89.63894,25.1276],[89.63895,25.12778],[89.63915,25.12778],[89.63915,25.12796],[89.63895,25.12796],[89.63896,25.12832],[89.63876,25.12832],[89.63877,25.12887],[89.63897,25.12886],[89.63898,25.12922],[89.63859,25.12941],[89.63859,25.12959],[89.63839,25.12959],[89.6384,25.12996],[89.6386,25.12995],[89.6386,25.13013],[89.639,25.13013]]]}},{"type":"Feature","properties":{"kind":"land","ha":1.2},"geometry":{"type":"Polygon","coordinates":[[[89.6364,25.12927],[89.63659,25.1289],[89.63679,25.1289],[89.63679,25.12872],[89.63699,25.12872],[89.63698,25.12854],[89.63718,25.12853],[89.63736,25.12781],[89.63776,25.12762],[89.63775,25.12744],[89.63695,25.12727],[89.63697,25.12782],[89.63716,25.12781],[89.63717,25.12799],[89.63678,25.12818],[89.63678,25.12836],[89.63658,25.12836],[89.63659,25.12854],[89.63639,25.12855],[89.63639,25.12873],[89.63619,25.12873],[89.6362,25.12891],[89.6358,25.12892],[89.63561,25.12928],[89.6364,25.12927]]]}},{"type":"Feature","properties":{"kind":"land","ha":3.8},"geometry":{"type":"Polygon","coordinates":[[[89.7074,25.13015],[89.70739,25.12979],[89.70759,25.12979],[89.70759,25.12961],[89.70798,25.1296],[89.70794,25.12762],[89.70774,25.12762],[89.70772,25.12654],[89.70752,25.12654],[89.7075,25.12564],[89.7073,25.12564],[89.70731,25.126],[89.70592,25.12603],[89.70593,25.12639],[89.70554,25.12658],[89.70555,25.12712],[89.70535,25.12712],[89.70536,25.12748],[89.70556,25.12748],[89.70556,25.12766],[89.70576,25.12766],[89.70576,25.12748],[89.70655,25.12746],[89.70654,25.1271],[89.70634,25.12711],[89.70632,25.1262],[89.70652,25.1262],[89.70653,25.12656],[89.70693,25.12655],[89.70713,25.12691],[89.70733,25.12691],[89.70734,25.12745],[89.70714,25.12745],[89.70715,25.12763],[89.70755,25.12781],[89.70755,25.12799],[89.70775,25.12798],[89.70776,25.12852],[89.70756,25.12853],[89.70758,25.12925],[89.70738,25.12925],[89.70739,25.12961],[89.70719,25.12962],[89.7072,25.12998],[89.7068,25.12998],[89.70681,25.13017],[89.7074,25.13015]]]}},{"type":"Feature","properties":{"kind":"land","ha":2.1},"geometry":{"type":"Polygon","coordinates":[[[89.66611,25.12765],[89.66612,25.12838],[89.66652,25.12837],[89.66671,25.128],[89.66691,25.128],[89.6669,25.12764],[89.6671,25.12764],[89.66709,25.12746],[89.66749,25.12745],[89.66729,25.12709],[89.66808,25.12708],[89.66807,25.12654],[89.66767,25.12654],[89.66767,25.12672],[89.66748,25.12673],[89.66747,25.12655],[89.66708,25.12655],[89.66708,25.12691],[89.66688,25.12692],[89.66688,25.12674],[89.66648,25.12675],[89.66648,25.12638],[89.66608,25.12639],[89.66609,25.12693],[89.66629,25.12693],[89.66631,25.12765],[89.66611,25.12765]],[[89.6665,25.12765],[89.66651,25.12801],[89.66631,25.12801],[89.66631,25.12765],[89.6665,25.12765]]]}},{"type":"Feature","properties":{"kind":"land","ha":5.1},"geometry":{"type":"Polygon","coordinates":[[[89.63005,25.12866],[89.63004,25.1283],[89.63024,25.1283],[89.63022,25.12757],[89.63061,25.12739],[89.63061,25.12721],[89.63081,25.1272],[89.6308,25.12702],[89.63041,25.12703],[89.6304,25.12685],[89.6308,25.12684],[89.63079,25.12648],[89.63059,25.12648],[89.63059,25.1263],[89.62999,25.12631],[89.6298,25.12668],[89.62921,25.12669],[89.629,25.12633],[89.62881,25.12634],[89.62882,25.12724],[89.62843,25.12724],[89.62843,25.12743],[89.62804,25.12743],[89.62802,25.12671],[89.62762,25.12672],[89.62763,25.12708],[89.62724,25.12709],[89.62724,25.12727],[89.62744,25.12726],[89.62745,25.12798],[89.62725,25.12799],[89.62726,25.12817],[89.62746,25.12816],[89.62746,25.12835],[89.62766,25.12834],[89.62764,25.12762],[89.62804,25.12761],[89.62805,25.12815],[89.62785,25.12816],[89.62786,25.12834],[89.62924,25.12831],[89.62924,25.12813],[89.62984,25.12812],[89.62965,25.12885],[89.63005,25.12866]]]}},{"type":"Feature","properties":{"kind":"land","ha":1.0},"geometry":{"type":"Polygon","coordinates":[[[89.61297,25.1277],[89.61297,25.12752],[89.61277,25.12752],[89.61276,25.12716],[89.61296,25.12716],[89.61296,25.12698],[89.61375,25.12696],[89.61373,25.12606],[89.61294,25.12626],[89.61315,25.12661],[89.61295,25.12662],[89.61295,25.1268],[89.61256,25.1268],[89.61258,25.12771],[89.61297,25.1277]]]}},{"type":"Feature","properties":{"kind":"land","ha":3.0},"geometry":{"type":"Polygon","coordinates":[[[89.67224,25.127],[89.67224,25.12682],[89.67263,25.12681],[89.67282,25.12645],[89.67302,25.12645],[89.67301,25.12609],[89.67341,25.1259],[89.67339,25.12518],[89.67319,25.12518],[89.673,25.12554],[89.6728,25.12555],[89.67281,25.12591],[89.67242,25.1261],[89.67243,25.12646],[89.67223,25.12646],[89.67223,25.12664],[89.67183,25.12647],[89.67182,25.12593],[89.67221,25.12574],[89.67221,25.12556],[89.67241,25.12556],[89.6724,25.12538],[89.6726,25.12537],[89.6726,25.12519],[89.67299,25.12518],[89.67279,25.12483],[89.67259,25.12483],[89.67258,25.12447],[89.67218,25.12448],[89.67218,25.1243],[89.67179,25.12448],[89.6718,25.12521],[89.67141,25.12521],[89.67143,25.1263],[89.67163,25.12629],[89.67165,25.12701],[89.67224,25.127]]]}},{"type":"Feature","properties":{"kind":"land","ha":1.9},"geometry":{"type":"Polygon","coordinates":[[[89.65498,25.12659],[89.65497,25.12587],[89.65536,25.12586],[89.65536,25.12568],[89.65556,25.12568],[89.65554,25.12496],[89.65534,25.12496],[89.65534,25.1246],[89.65454,25.12461],[89.65453,25.12407],[89.65374,25.12409],[89.65375,25.12445],[89.65394,25.12444],[89.65396,25.12517],[89.65416,25.12516],[89.65415,25.12498],[89.65495,25.12497],[89.65496,25.12551],[89.65476,25.12551],[89.65478,25.12623],[89.65458,25.12624],[89.65478,25.12659],[89.65498,25.12659]]]}},{"type":"Feature","properties":{"kind":"land","ha":9.7},"geometry":{"type":"Polygon","coordinates":[[[89.61085,25.13044],[89.61084,25.13008],[89.61124,25.13026],[89.61124,25.13008],[89.61164,25.13007],[89.61163,25.12989],[89.61183,25.12989],[89.61182,25.12952],[89.61222,25.12934],[89.6122,25.1288],[89.6118,25.12862],[89.61179,25.12808],[89.61199,25.12808],[89.61197,25.12718],[89.61236,25.12699],[89.61235,25.12627],[89.61195,25.12627],[89.61194,25.12591],[89.61175,25.12592],[89.61174,25.12574],[89.61194,25.12573],[89.61194,25.12555],[89.61233,25.12554],[89.61233,25.12536],[89.61193,25.12519],[89.61192,25.12465],[89.61152,25.12466],[89.61152,25.12484],[89.61093,25.12485],[89.61094,25.12521],[89.61074,25.12521],[89.61074,25.12539],[89.61015,25.1254],[89.61015,25.12558],[89.60995,25.12559],[89.60995,25.12523],[89.60955,25.12523],[89.60957,25.12595],[89.60937,25.12596],[89.60937,25.12614],[89.60977,25.12613],[89.60976,25.12577],[89.61035,25.12576],[89.61037,25.12648],[89.60997,25.12649],[89.60998,25.12667],[89.61038,25.12684],[89.61039,25.1272],[89.61019,25.12721],[89.6102,25.12793],[89.6104,25.12792],[89.61041,25.12847],[89.61061,25.12846],[89.61062,25.129],[89.61042,25.12901],[89.61045,25.13045],[89.61085,25.13044]],[[89.61161,25.12899],[89.61122,25.12899],[89.61121,25.12881],[89.61181,25.1288],[89.61181,25.12916],[89.61162,25.12917],[89.61161,25.12899]],[[89.61081,25.12846],[89.61101,25.12846],[89.61101,25.12864],[89.61081,25.12864],[89.61081,25.12846]],[[89.61118,25.12737],[89.61158,25.12736],[89.61158,25.12754],[89.61119,25.12755],[89.61118,25.12737]],[[89.61117,25.12701],[89.61137,25.12701],[89.61138,25.12719],[89.61118,25.12719],[89.61117,25.12701]],[[89.61096,25.12647],[89.61136,25.12646],[89.61136,25.12664],[89.61156,25.12664],[89.61157,25.12682],[89.61117,25.12683],[89.61096,25.12647]]]}},{"type":"Feature","properties":{"kind":"land","ha":2.6},"geometry":{"type":"Polygon","coordinates":[[[89.66886,25.12634],[89.66904,25.12562],[89.66924,25.12561],[89.66923,25.12525],[89.66962,25.12506],[89.66961,25.1247],[89.66981,25.1247],[89.66981,25.12488],[89.67041,25.12487],[89.67039,25.12415],[89.67059,25.12414],[89.67057,25.12324],[89.66998,25.12325],[89.66979,25.12362],[89.66999,25.12361],[89.66999,25.12397],[89.66979,25.12398],[89.6698,25.12416],[89.6694,25.12417],[89.66941,25.12435],[89.66901,25.12435],[89.66922,25.12471],[89.66941,25.12471],[89.66942,25.12489],[89.66922,25.12489],[89.66922,25.12507],[89.66883,25.12508],[89.66883,25.12526],[89.66863,25.12526],[89.66864,25.12562],[89.66825,25.12581],[89.66825,25.12599],[89.66805,25.12599],[89.66826,25.12635],[89.66886,25.12634]]]}},{"type":"Feature","properties":{"kind":"land","ha":1.5},"geometry":{"type":"Polygon","coordinates":[[[89.62563,25.12639],[89.62563,25.12603],[89.62583,25.12603],[89.62578,25.12404],[89.62558,25.12405],[89.62559,25.12441],[89.62539,25.12441],[89.6254,25.12477],[89.6252,25.12478],[89.62519,25.12423],[89.62539,25.12423],[89.62539,25.12405],[89.62519,25.12405],[89.62517,25.12333],[89.62497,25.12334],[89.62498,25.1237],[89.62478,25.1237],[89.62479,25.12388],[89.62499,25.12388],[89.625,25.1246],[89.62461,25.12461],[89.62461,25.12479],[89.62481,25.12478],[89.62482,25.12532],[89.62502,25.12532],[89.62501,25.12496],[89.6256,25.12495],[89.62561,25.12513],[89.62541,25.12513],[89.62562,25.12549],[89.62542,25.12549],[89.62544,25.1264],[89.62563,25.12639]]]}},{"type":"Feature","properties":{"kind":"land","ha":1.7},"geometry":{"type":"Polygon","coordinates":[[[89.63312,25.12427],[89.63312,25.12409],[89.63332,25.12409],[89.63331,25.12373],[89.63351,25.12373],[89.6335,25.12318],[89.6327,25.1232],[89.63269,25.12266],[89.63289,25.12265],[89.63289,25.12247],[89.63249,25.12248],[89.6325,25.12284],[89.6321,25.12285],[89.63191,25.12321],[89.63171,25.12322],[89.63172,25.12358],[89.63251,25.12356],[89.63253,25.12428],[89.63312,25.12427]],[[89.6331,25.12337],[89.6333,25.12337],[89.63331,25.12355],[89.63311,25.12355],[89.6331,25.12337]]]}},{"type":"Feature","properties":{"kind":"land","ha":1.1},"geometry":{"type":"Polygon","coordinates":[[[89.63112,25.12341],[89.63091,25.12269],[89.63031,25.1227],[89.63031,25.12234],[89.63011,25.12234],[89.6301,25.12216],[89.62971,25.12217],[89.62971,25.12235],[89.62991,25.12235],[89.62992,25.12271],[89.62952,25.12289],[89.62953,25.12307],[89.63032,25.12306],[89.63033,25.12342],[89.63073,25.12341],[89.63073,25.12359],[89.63112,25.12341]]]}},{"type":"Feature","properties":{"kind":"land","ha":14.3},"geometry":{"type":"Polygon","coordinates":[[[89.70456,25.12714],[89.70455,25.12678],[89.70494,25.12659],[89.70494,25.12641],[89.70514,25.12641],[89.70513,25.12604],[89.70533,25.12604],[89.70532,25.12568],[89.70512,25.12568],[89.70512,25.1255],[89.70472,25.12551],[89.70471,25.12479],[89.7049,25.12479],[89.70488,25.12388],[89.70469,25.12389],[89.70467,25.12298],[89.70486,25.12298],[89.70485,25.12244],[89.70465,25.12244],[89.70464,25.1219],[89.70444,25.12191],[89.70444,25.12173],[89.70385,25.12174],[89.70384,25.12156],[89.70364,25.12156],[89.70363,25.12084],[89.70323,25.12066],[89.70322,25.12048],[89.70283,25.12049],[89.70287,25.12248],[89.70307,25.12247],[89.70308,25.12283],[89.70327,25.12283],[89.70328,25.12301],[89.70368,25.123],[89.70368,25.12318],[89.70348,25.12319],[89.70349,25.12355],[89.70329,25.12355],[89.7033,25.12391],[89.7029,25.12392],[89.70289,25.12356],[89.70249,25.12339],[89.70246,25.12176],[89.70206,25.12177],[89.70207,25.12213],[89.70187,25.12213],[89.70188,25.12231],[89.70128,25.12232],[89.70109,25.12269],[89.70149,25.12268],[89.70149,25.12286],[89.70169,25.12286],[89.7017,25.1234],[89.7015,25.1234],[89.70154,25.12485],[89.70193,25.12484],[89.70193,25.12466],[89.70252,25.12465],[89.70254,25.12555],[89.70314,25.12554],[89.70314,25.12572],[89.70334,25.12572],[89.70335,25.12608],[89.70375,25.12625],[89.70376,25.12679],[89.70416,25.12696],[89.70416,25.12715],[89.70456,25.12714]],[[89.70406,25.12227],[89.70445,25.12227],[89.70446,25.12263],[89.70406,25.12263],[89.70406,25.12227]]]}},{"type":"Feature","properties":{"kind":"land","ha":1.5},"geometry":{"type":"Polygon","coordinates":[[[89.61191,25.12411],[89.61189,25.12357],[89.61209,25.12356],[89.61208,25.1232],[89.61228,25.1232],[89.61226,25.12194],[89.61166,25.12195],[89.61167,25.12213],[89.61186,25.12212],[89.61187,25.12248],[89.61167,25.12249],[89.61168,25.12303],[89.61149,25.12303],[89.61149,25.12339],[89.6113,25.1234],[89.6113,25.12358],[89.6111,25.12358],[89.61111,25.12394],[89.61131,25.12394],[89.61131,25.12412],[89.61191,25.12411]]]}},{"type":"Feature","properties":{"kind":"land","ha":1.9},"geometry":{"type":"Polygon","coordinates":[[[89.66717,25.12168],[89.66717,25.12186],[89.66737,25.12186],[89.66738,25.1224],[89.66698,25.12222],[89.667,25.12295],[89.6672,25.12294],[89.66719,25.12258],[89.66739,25.12258],[89.66739,25.12276],[89.66779,25.12275],[89.66779,25.12293],[89.66858,25.12292],[89.66858,25.12274],[89.66818,25.12274],[89.66798,25.12239],[89.66778,25.12239],[89.66777,25.12203],[89.66817,25.12202],[89.66816,25.12184],[89.66856,25.12183],[89.66856,25.12201],[89.66876,25.12201],[89.66875,25.12147],[89.66815,25.12148],[89.66814,25.12094],[89.66775,25.12113],[89.66754,25.12077],[89.66735,25.12077],[89.66735,25.12095],[89.66715,25.12096],[89.66736,25.12131],[89.66795,25.1213],[89.66796,25.12148],[89.66776,25.12149],[89.66776,25.12167],[89.66717,25.12168]],[[89.66796,25.12166],[89.66796,25.12185],[89.66777,25.12185],[89.66776,25.12167],[89.66796,25.12166]]]}},{"type":"Feature","properties":{"kind":"land","ha":4.0},"geometry":{"type":"Polygon","coordinates":[[[89.63565,25.12206],[89.63625,25.12205],[89.63624,25.12151],[89.63663,25.1215],[89.63664,25.12168],[89.63683,25.12168],[89.63702,25.12096],[89.63741,25.12077],[89.63741,25.12059],[89.63582,25.12062],[89.63582,25.1208],[89.63543,25.1208],[89.63543,25.12098],[89.63523,25.12099],[89.63524,25.12117],[89.63484,25.12117],[89.63484,25.12136],[89.63385,25.12137],[89.63385,25.12119],[89.63326,25.1212],[89.63346,25.12156],[89.63366,25.12156],[89.63367,25.1221],[89.63347,25.1221],[89.63348,25.12228],[89.63308,25.12229],[89.63308,25.12247],[89.63328,25.12247],[89.63329,25.12301],[89.63389,25.123],[89.63389,25.12282],[89.63428,25.12281],[89.63428,25.12263],[89.63408,25.12263],[89.63407,25.12209],[89.63446,25.12208],[89.63446,25.1219],[89.63505,25.12189],[89.63525,25.12153],[89.63544,25.12152],[89.63544,25.12134],[89.63603,25.12133],[89.63565,25.12206]],[[89.63387,25.12209],[89.63387,25.12191],[89.63406,25.12191],[89.63407,25.12209],[89.63387,25.12209]],[[89.63603,25.12115],[89.63623,25.12115],[89.63623,25.12133],[89.63603,25.12133],[89.63603,25.12115]]]}},{"type":"Feature","properties":{"kind":"land","ha":1.0},"geometry":{"type":"Polygon","coordinates":[[[89.64712,25.12059],[89.64712,25.12078],[89.64772,25.12076],[89.64772,25.12058],[89.64811,25.12058],[89.64811,25.1204],[89.64831,25.12039],[89.6483,25.12021],[89.64791,25.12022],[89.6479,25.12004],[89.64691,25.12006],[89.64672,25.12042],[89.64632,25.12043],[89.64633,25.12061],[89.64672,25.1206],[89.64673,25.12078],[89.64712,25.12059]]]}},{"type":"Feature","properties":{"kind":"land","ha":9.4},"geometry":{"type":"Polygon","coordinates":[[[89.64009,25.12559],[89.64028,25.12523],[89.64068,25.12522],[89.64067,25.12486],[89.64087,25.12486],[89.64085,25.12414],[89.64046,25.12432],[89.64046,25.12414],[89.63986,25.12415],[89.63986,25.12397],[89.63946,25.12398],[89.63947,25.12416],[89.63768,25.12419],[89.63748,25.12384],[89.63728,25.12384],[89.63727,25.12366],[89.63787,25.12365],[89.63786,25.12347],[89.63826,25.12346],[89.63826,25.12328],[89.63806,25.12328],[89.63805,25.12292],[89.63825,25.12292],[89.63825,25.12274],[89.63884,25.12273],[89.63884,25.12255],[89.63963,25.12253],[89.63963,25.12271],[89.64003,25.12271],[89.64002,25.12253],[89.64022,25.12252],[89.64021,25.1218],[89.64041,25.1218],[89.6404,25.12162],[89.6402,25.12162],[89.64018,25.12072],[89.63999,25.12072],[89.64,25.12144],[89.6398,25.12145],[89.63982,25.12235],[89.63863,25.12237],[89.63864,25.12255],[89.63804,25.12256],[89.63823,25.1222],[89.63843,25.12219],[89.63843,25.12201],[89.63863,25.12201],[89.63862,25.12165],[89.63901,25.12146],[89.63901,25.12128],[89.6392,25.12128],[89.6392,25.1211],[89.63861,25.12111],[89.63861,25.12129],[89.63841,25.12129],[89.63839,25.12003],[89.63858,25.12003],[89.63858,25.11984],[89.63818,25.11985],[89.63819,25.12021],[89.6376,25.12022],[89.6376,25.1204],[89.638,25.1204],[89.63801,25.12094],[89.63781,25.12094],[89.63782,25.1213],[89.63822,25.12148],[89.63823,25.12184],[89.63783,25.12202],[89.63784,25.1222],[89.63764,25.12221],[89.63765,25.12257],[89.63725,25.12276],[89.63726,25.12294],[89.63706,25.12294],[89.63706,25.12312],[89.63667,25.12313],[89.63648,25.12349],[89.63608,25.1235],[89.63608,25.12368],[89.63668,25.12367],[89.63669,25.12403],[89.63728,25.12402],[89.63729,25.12438],[89.63689,25.12439],[89.6369,25.12457],[89.63729,25.12456],[89.6373,25.12492],[89.63691,25.12511],[89.63691,25.12529],[89.63731,25.12528],[89.6373,25.1251],[89.6379,25.12509],[89.63811,25.12545],[89.6385,25.12544],[89.6385,25.12526],[89.63889,25.12525],[89.63889,25.12507],[89.63948,25.12506],[89.63949,25.12542],[89.63929,25.12543],[89.6393,25.12561],[89.64009,25.12559]]]}},{"type":"Feature","properties":{"kind":"land","ha":1.1},"geometry":{"type":"Polygon","coordinates":[[[89.60154,25.12158],[89.60153,25.12086],[89.60173,25.12086],[89.60172,25.1205],[89.60132,25.12032],[89.60131,25.12014],[89.60112,25.12015],[89.60111,25.11997],[89.60072,25.11997],[89.60073,25.12087],[89.60113,25.12105],[89.60114,25.12141],[89.60134,25.12141],[89.60134,25.12159],[89.60154,25.12158]]]}},{"type":"Feature","properties":{"kind":"land","ha":1.5},"geometry":{"type":"Polygon","coordinates":[[[89.61421,25.12082],[89.61421,25.12046],[89.61401,25.12046],[89.614,25.12028],[89.61361,25.12029],[89.6136,25.11993],[89.6132,25.11993],[89.61319,25.11939],[89.61299,25.1194],[89.61301,25.11994],[89.61241,25.11995],[89.61241,25.11977],[89.61201,25.11977],[89.61202,25.11995],[89.61221,25.11995],[89.61223,25.12049],[89.61282,25.12048],[89.61282,25.12066],[89.61381,25.12064],[89.61382,25.12083],[89.61421,25.12082]]]}},{"type":"Feature","properties":{"kind":"land","ha":1.4},"geometry":{"type":"Polygon","coordinates":[[[89.61559,25.12025],[89.61559,25.12007],[89.61539,25.12008],[89.61538,25.11953],[89.61498,25.11954],[89.61517,25.11918],[89.61537,25.11917],[89.61536,25.11881],[89.61497,25.119],[89.61497,25.11882],[89.61457,25.11883],[89.61458,25.11919],[89.61418,25.11919],[89.61418,25.11937],[89.61438,25.11937],[89.6144,25.12027],[89.6146,25.12027],[89.6146,25.12009],[89.61499,25.12008],[89.6152,25.12044],[89.61559,25.12025]]]}},{"type":"Feature","properties":{"kind":"land","ha":12.3},"geometry":{"type":"Polygon","coordinates":[[[89.63268,25.1223],[89.63268,25.12194],[89.63287,25.12193],[89.63286,25.12103],[89.63305,25.12103],[89.63305,25.12085],[89.63384,25.12083],[89.63403,25.12047],[89.63423,25.12046],[89.63423,25.12028],[89.63443,25.12028],[89.63443,25.12046],[89.63502,25.12045],[89.63503,25.12063],[89.63562,25.12062],[89.63581,25.12025],[89.6368,25.12024],[89.63699,25.11987],[89.63719,25.11987],[89.63719,25.11969],[89.63818,25.11967],[89.63818,25.11949],[89.63837,25.11949],[89.63837,25.11913],[89.63856,25.11912],[89.63856,25.11894],[89.63896,25.11894],[89.63895,25.11876],[89.63935,25.11875],[89.63934,25.11839],[89.63973,25.1182],[89.63973,25.11802],[89.63933,25.11785],[89.63933,25.11803],[89.63894,25.11803],[89.63894,25.11821],[89.63815,25.11823],[89.63815,25.11841],[89.63736,25.11842],[89.63736,25.11824],[89.63696,25.11825],[89.63696,25.11843],[89.63597,25.11845],[89.63598,25.11863],[89.63558,25.11863],[89.63558,25.11882],[89.63539,25.11882],[89.63539,25.119],[89.63499,25.11901],[89.635,25.11919],[89.6342,25.1192],[89.63382,25.11993],[89.63343,25.11994],[89.63322,25.11958],[89.63283,25.11977],[89.63282,25.11923],[89.63222,25.11924],[89.63224,25.11996],[89.63283,25.11995],[89.63284,25.12013],[89.63323,25.12012],[89.63324,25.1203],[89.63284,25.12031],[89.63284,25.12049],[89.63245,25.1205],[89.63245,25.12068],[89.63225,25.12068],[89.63225,25.12032],[89.63185,25.12033],[89.63185,25.12051],[89.63146,25.12051],[89.63146,25.12087],[89.63107,25.12088],[89.63107,25.12106],[89.63187,25.12141],[89.63188,25.12195],[89.63228,25.12194],[89.63249,25.1223],[89.63268,25.1223]]]}},{"type":"Feature","properties":{"kind":"land","ha":2.1},"geometry":{"type":"Polygon","coordinates":[[[89.64372,25.11939],[89.64371,25.11867],[89.64391,25.11867],[89.6439,25.11849],[89.6447,25.11847],[89.64468,25.11793],[89.64488,25.11793],[89.64488,25.11775],[89.64409,25.11776],[89.64429,25.11812],[89.64409,25.11812],[89.6441,25.1183],[89.6433,25.11832],[89.6433,25.11796],[89.64369,25.11795],[89.64369,25.11777],[89.64309,25.11778],[89.64329,25.11741],[89.64289,25.11742],[89.6429,25.11778],[89.6427,25.11779],[89.64272,25.11869],[89.64232,25.11869],[89.64233,25.11888],[89.64312,25.11886],[89.64313,25.11922],[89.64352,25.11922],[89.64353,25.1194],[89.64372,25.11939]]]}},{"type":"Feature","properties":{"kind":"land","ha":4.8},"geometry":{"type":"Polygon","coordinates":[[[89.61146,25.12195],[89.61146,25.12177],[89.61126,25.12177],[89.61125,25.12141],[89.61106,25.12142],[89.61105,25.12105],[89.61243,25.12103],[89.61245,25.12193],[89.61285,25.12193],[89.61264,25.12121],[89.61284,25.1212],[89.61282,25.12066],[89.61263,25.12067],[89.61263,25.12085],[89.61144,25.12087],[89.61144,25.12069],[89.61104,25.12069],[89.61083,25.12034],[89.61064,25.12034],[89.61063,25.12016],[89.61043,25.12016],[89.61044,25.12034],[89.60984,25.12035],[89.60982,25.11945],[89.61002,25.11945],[89.61002,25.11927],[89.61101,25.11925],[89.61122,25.11961],[89.61141,25.1196],[89.61142,25.11978],[89.61201,25.11977],[89.612,25.11941],[89.61181,25.11942],[89.6118,25.11924],[89.61121,25.11925],[89.611,25.11889],[89.61179,25.11888],[89.61198,25.11851],[89.61139,25.11852],[89.61139,25.1187],[89.6112,25.11871],[89.61119,25.11852],[89.61099,25.11853],[89.611,25.11871],[89.6106,25.11872],[89.61059,25.11836],[89.6102,25.11836],[89.61019,25.11818],[89.61,25.11819],[89.61018,25.11746],[89.60978,25.11729],[89.60978,25.11747],[89.60958,25.11747],[89.6096,25.11819],[89.6098,25.11819],[89.6098,25.11855],[89.60961,25.11855],[89.60961,25.11873],[89.60981,25.11873],[89.60982,25.11909],[89.60942,25.11928],[89.60944,25.12],[89.60924,25.12],[89.60925,25.12036],[89.60964,25.12036],[89.60965,25.12054],[89.61024,25.12053],[89.61025,25.12089],[89.61065,25.12088],[89.61066,25.12142],[89.61086,25.12142],[89.61086,25.12178],[89.61106,25.12178],[89.61107,25.12196],[89.61146,25.12195]],[[89.6102,25.11872],[89.6104,25.11872],[89.61041,25.11908],[89.61021,25.11908],[89.6102,25.11872]]]}},{"type":"Feature","properties":{"kind":"land","ha":2.2},"geometry":{"type":"Polygon","coordinates":[[[89.6031,25.12029],[89.60307,25.11867],[89.60326,25.11866],[89.60326,25.11848],[89.60386,25.11847],[89.60405,25.11811],[89.60524,25.11809],[89.60522,25.11755],[89.60483,25.11755],[89.60482,25.11737],[89.60463,25.11738],[89.60463,25.11756],[89.60384,25.11775],[89.60365,25.11812],[89.60345,25.11812],[89.60345,25.11794],[89.60325,25.11794],[89.60323,25.11722],[89.60284,25.11723],[89.60285,25.11759],[89.60265,25.11759],[89.60265,25.11777],[89.60285,25.11777],[89.60288,25.11939],[89.60269,25.1194],[89.60269,25.11958],[89.60289,25.11957],[89.6029,25.1203],[89.6031,25.12029]]]}},{"type":"Feature","properties":{"kind":"land","ha":3.7},"geometry":{"type":"Polygon","coordinates":[[[89.61137,25.11744],[89.61136,25.11726],[89.61156,25.11725],[89.61155,25.11671],[89.61175,25.11671],[89.61174,25.11635],[89.61194,25.11635],[89.61192,25.11544],[89.61212,25.11544],[89.61211,25.11526],[89.61192,25.11526],[89.61191,25.1149],[89.61211,25.1149],[89.61209,25.11436],[89.6119,25.11436],[89.61189,25.11418],[89.61209,25.11418],[89.61209,25.114],[89.61169,25.114],[89.6117,25.11436],[89.6115,25.11437],[89.6115,25.11455],[89.61111,25.11456],[89.61092,25.11492],[89.61072,25.11492],[89.61073,25.11528],[89.61013,25.11529],[89.61014,25.11566],[89.61054,25.11565],[89.61053,25.11547],[89.61093,25.11546],[89.61092,25.11528],[89.61132,25.11527],[89.61114,25.116],[89.61094,25.116],[89.61095,25.11636],[89.61075,25.11637],[89.61076,25.11673],[89.61056,25.11673],[89.61056,25.11691],[89.61017,25.11692],[89.61017,25.11728],[89.61077,25.11727],[89.61077,25.11745],[89.61137,25.11744]]]}},{"type":"Feature","properties":{"kind":"land","ha":5.5},"geometry":{"type":"Polygon","coordinates":[[[89.61412,25.11649],[89.61392,25.11649],[89.61395,25.11757],[89.61315,25.11759],[89.61316,25.11777],[89.61276,25.11778],[89.61278,25.1185],[89.61317,25.11849],[89.61318,25.11867],[89.61338,25.11867],[89.61337,25.11831],[89.61416,25.11811],[89.61434,25.11739],[89.61474,25.11738],[89.61472,25.11684],[89.61492,25.11683],[89.61492,25.11665],[89.61472,25.11666],[89.61471,25.11612],[89.61491,25.11611],[89.6149,25.11593],[89.6157,25.11592],[89.61569,25.11574],[89.61609,25.11573],[89.61666,25.11464],[89.61527,25.11466],[89.61528,25.11484],[89.61488,25.11485],[89.61507,25.11449],[89.61408,25.1145],[89.61408,25.11432],[89.61388,25.11433],[89.61387,25.11397],[89.61367,25.11397],[89.6137,25.11505],[89.6135,25.11505],[89.61351,25.1156],[89.61371,25.11559],[89.61372,25.11613],[89.61411,25.11613],[89.61412,25.11649]],[[89.61411,25.11595],[89.61391,25.11595],[89.61391,25.11559],[89.6143,25.1154],[89.61429,25.11522],[89.61449,25.11522],[89.61449,25.11504],[89.61548,25.11502],[89.61549,25.11556],[89.61529,25.11556],[89.6153,25.11575],[89.6147,25.11576],[89.61471,25.11594],[89.61431,25.11594],[89.61431,25.11612],[89.61411,25.11613],[89.61411,25.11595]]]}},{"type":"Feature","properties":{"kind":"land","ha":1.0},"geometry":{"type":"Polygon","coordinates":[[[89.6864,25.11249],[89.68639,25.11231],[89.68659,25.1123],[89.68659,25.11212],[89.68678,25.11212],[89.68678,25.11194],[89.68698,25.11194],[89.68697,25.11176],[89.68717,25.11175],[89.68717,25.11157],[89.68737,25.11157],[89.68736,25.11121],[89.68676,25.11122],[89.68657,25.11158],[89.68638,25.11159],[89.68638,25.11177],[89.68618,25.11177],[89.68619,25.11195],[89.68599,25.11195],[89.686,25.11268],[89.6864,25.11249]]]}},{"type":"Feature","properties":{"kind":"land","ha":3.2},"geometry":{"type":"Polygon","coordinates":[[[89.61804,25.11425],[89.61803,25.11389],[89.61842,25.1137],[89.61842,25.11334],[89.61862,25.11334],[89.6186,25.11262],[89.6188,25.11261],[89.61879,25.11243],[89.6186,25.11244],[89.61858,25.11154],[89.61897,25.11153],[89.61896,25.11099],[89.61876,25.11099],[89.61877,25.11135],[89.61837,25.11136],[89.61838,25.11154],[89.61818,25.11154],[89.61817,25.11118],[89.61797,25.11119],[89.61799,25.11191],[89.61819,25.1119],[89.6182,25.11226],[89.618,25.11227],[89.618,25.11245],[89.61761,25.11246],[89.61742,25.11318],[89.61722,25.11318],[89.61723,25.11354],[89.61683,25.11337],[89.61664,25.11374],[89.61624,25.11374],[89.61645,25.1141],[89.61665,25.1141],[89.61684,25.11373],[89.61743,25.11372],[89.61745,25.11426],[89.61804,25.11425]],[[89.61821,25.11299],[89.61841,25.11298],[89.61841,25.11316],[89.61821,25.11317],[89.61821,25.11299]]]}},{"type":"Feature","properties":{"kind":"land","ha":1.4},"geometry":{"type":"Polygon","coordinates":[[[89.64812,25.11173],[89.64811,25.11137],[89.6485,25.11118],[89.6485,25.111],[89.6487,25.111],[89.64869,25.11082],[89.64889,25.11082],[89.64888,25.11009],[89.64828,25.11011],[89.64829,25.11065],[89.6481,25.11065],[89.6481,25.11101],[89.64751,25.11102],[89.6475,25.11066],[89.6471,25.11067],[89.64712,25.11121],[89.64731,25.11121],[89.64732,25.11139],[89.64771,25.11138],[89.64792,25.11174],[89.64812,25.11173]]]}},{"type":"Feature","properties":{"kind":"land","ha":1.2},"geometry":{"type":"Polygon","coordinates":[[[89.68756,25.1112],[89.68753,25.11012],[89.68833,25.11011],[89.68832,25.10993],[89.68812,25.10993],[89.68812,25.10975],[89.68772,25.10976],[89.68772,25.10958],[89.68673,25.10959],[89.68672,25.10941],[89.68633,25.10942],[89.68634,25.10978],[89.68673,25.10977],[89.68674,25.11013],[89.68714,25.11013],[89.68714,25.11031],[89.68734,25.1103],[89.68736,25.11121],[89.68756,25.1112]]]}},{"type":"Feature","properties":{"kind":"land","ha":1.3},"geometry":{"type":"Polygon","coordinates":[[[89.66419,25.11217],[89.66417,25.11163],[89.66398,25.11163],[89.66397,25.11127],[89.66377,25.11127],[89.66376,25.11091],[89.66336,25.11074],[89.66336,25.11056],[89.66316,25.11056],[89.66316,25.11038],[89.66296,25.11038],[89.66295,25.1102],[89.66276,25.11021],[89.66275,25.11003],[89.66255,25.11003],[89.66255,25.10985],[89.66215,25.10986],[89.66216,25.11004],[89.66236,25.11003],[89.66237,25.11094],[89.66257,25.11093],[89.66257,25.11075],[89.66316,25.11074],[89.66317,25.1111],[89.66357,25.11128],[89.66358,25.11164],[89.66398,25.11181],[89.66399,25.11217],[89.66419,25.11217]]]}},{"type":"Feature","properties":{"kind":"land","ha":3.9},"geometry":{"type":"Polygon","coordinates":[[[89.6093,25.11332],[89.60929,25.11314],[89.60949,25.11314],[89.60948,25.11278],[89.60988,25.11277],[89.60988,25.11295],[89.61008,25.11295],[89.61007,25.11241],[89.60987,25.11241],[89.60986,25.11205],[89.61006,25.11205],[89.61006,25.11169],[89.61084,25.11149],[89.61084,25.11131],[89.61044,25.11132],[89.61024,25.11096],[89.61004,25.11096],[89.61005,25.11151],[89.60985,25.11151],[89.60986,25.11169],[89.60946,25.1117],[89.60944,25.11079],[89.60964,25.11079],[89.60964,25.11061],[89.60924,25.11062],[89.60925,25.11098],[89.60905,25.11098],[89.60906,25.11152],[89.60867,25.11171],[89.60867,25.11189],[89.60847,25.11189],[89.60848,25.11207],[89.60828,25.11208],[89.60828,25.11226],[89.60809,25.11226],[89.60809,25.11244],[89.60789,25.11245],[89.6079,25.11281],[89.6077,25.11281],[89.60771,25.11317],[89.60791,25.11317],[89.6079,25.11299],[89.6083,25.11298],[89.60829,25.1128],[89.60849,25.1128],[89.60851,25.11352],[89.6093,25.11332]]]}},{"type":"Feature","properties":{"kind":"land","ha":5.6},"geometry":{"type":"Polygon","coordinates":[[[89.63469,25.11432],[89.63469,25.11396],[89.63389,25.11397],[89.63389,25.11379],[89.63429,25.11378],[89.63428,25.1136],[89.63408,25.11361],[89.63408,25.11325],[89.63427,25.11324],[89.63427,25.11306],[89.63506,25.11287],[89.63506,25.11269],[89.63466,25.11269],[89.63465,25.11215],[89.63485,25.11215],[89.63484,25.11197],[89.63444,25.1118],[89.63444,25.11162],[89.63424,25.11162],[89.63424,25.11144],[89.63384,25.11145],[89.63385,25.11181],[89.63345,25.11181],[89.63344,25.11127],[89.63364,25.11127],[89.63363,25.11109],[89.63324,25.1111],[89.63323,25.11091],[89.63304,25.11092],[89.63323,25.11055],[89.63283,25.11056],[89.63262,25.1102],[89.63243,25.11021],[89.63243,25.11057],[89.63164,25.11058],[89.63163,25.11022],[89.63124,25.11023],[89.63123,25.11005],[89.63064,25.11006],[89.63063,25.1097],[89.63043,25.1097],[89.63044,25.10988],[89.63024,25.10989],[89.63025,25.11043],[89.63005,25.11043],[89.63005,25.11061],[89.63025,25.11061],[89.63026,25.11115],[89.63046,25.11114],[89.63045,25.1106],[89.63065,25.1106],[89.63065,25.11042],[89.63144,25.11041],[89.63145,25.11077],[89.63164,25.11076],[89.63165,25.11112],[89.63185,25.11112],[89.63186,25.11148],[89.63206,25.11148],[89.63206,25.11166],[89.63245,25.11147],[89.63245,25.11129],[89.63265,25.11129],[89.63264,25.11111],[89.63304,25.1111],[89.63305,25.11182],[89.63286,25.11182],[89.63286,25.112],[89.63345,25.11199],[89.63366,25.11235],[89.63386,25.11235],[89.63387,25.11271],[89.63347,25.11272],[89.63347,25.1129],[89.63328,25.1129],[89.63328,25.11308],[89.63348,25.11308],[89.63349,25.11362],[89.6331,25.11381],[89.6331,25.11399],[89.6333,25.11398],[89.6333,25.11416],[89.63449,25.11414],[89.6345,25.11432],[89.63469,25.11432]],[[89.63368,25.11325],[89.63388,25.11325],[89.63389,25.11361],[89.63369,25.11361],[89.63368,25.11325]]]}},{"type":"Feature","properties":{"kind":"land","ha":4.9},"geometry":{"type":"Polygon","coordinates":[[[89.59185,25.11327],[89.59185,25.11309],[89.59145,25.11292],[89.59144,25.11273],[89.59124,25.11274],[89.59123,25.1122],[89.59103,25.1122],[89.59101,25.11094],[89.5914,25.11075],[89.5914,25.11057],[89.59199,25.11056],[89.59198,25.1102],[89.59119,25.11003],[89.59119,25.11021],[89.59079,25.11022],[89.59059,25.10986],[89.59039,25.10987],[89.5904,25.11041],[89.5902,25.11041],[89.5902,25.11023],[89.5898,25.11024],[89.58981,25.1106],[89.59021,25.11059],[89.59021,25.11077],[89.59041,25.11077],[89.59041,25.11095],[89.59022,25.11095],[89.59022,25.11131],[89.59042,25.11131],[89.59043,25.11149],[89.58963,25.1115],[89.58943,25.11115],[89.58923,25.11115],[89.58922,25.11097],[89.58903,25.11097],[89.58904,25.11151],[89.58924,25.11151],[89.58924,25.11187],[89.58944,25.11187],[89.58945,25.11223],[89.58985,25.1124],[89.58985,25.11258],[89.59005,25.11258],[89.59006,25.11276],[89.59025,25.11276],[89.59026,25.11294],[89.59046,25.11293],[89.59046,25.11311],[89.59125,25.1131],[89.59126,25.11328],[89.59185,25.11327]]]}},{"type":"Feature","properties":{"kind":"land","ha":1.9},"geometry":{"type":"Polygon","coordinates":[[[89.64709,25.11013],[89.64709,25.10995],[89.64729,25.10994],[89.64728,25.1094],[89.64787,25.10939],[89.64787,25.10921],[89.64747,25.10922],[89.64746,25.10886],[89.64766,25.10885],[89.64766,25.10867],[89.64726,25.1085],[89.64725,25.10832],[89.64666,25.10833],[89.64666,25.10851],[89.64646,25.10851],[89.64648,25.10905],[89.64667,25.10905],[89.64668,25.10923],[89.64628,25.10924],[89.64629,25.10978],[89.64669,25.10995],[89.6467,25.11013],[89.64709,25.11013]]]}},{"type":"Feature","properties":{"kind":"land","ha":10.0},"geometry":{"type":"Polygon","coordinates":[[[89.61386,25.1136],[89.61386,25.11324],[89.61425,25.11324],[89.61425,25.11306],[89.61544,25.11304],[89.61543,25.11285],[89.61484,25.11287],[89.61462,25.11215],[89.61443,25.11215],[89.61442,25.11179],[89.61422,25.11179],[89.61423,25.11215],[89.61403,25.11216],[89.61403,25.11234],[89.61364,25.11234],[89.61361,25.11108],[89.61381,25.11108],[89.6138,25.11072],[89.614,25.11071],[89.614,25.11089],[89.6144,25.11089],[89.6144,25.11107],[89.615,25.11106],[89.61499,25.11088],[89.61519,25.11087],[89.6152,25.11123],[89.6154,25.11123],[89.6154,25.11141],[89.616,25.1114],[89.616,25.11158],[89.6164,25.11157],[89.61641,25.1123],[89.61661,25.11229],[89.61661,25.11247],[89.61721,25.11246],[89.6172,25.11192],[89.6166,25.11193],[89.61658,25.11085],[89.61638,25.11085],[89.61637,25.11049],[89.61578,25.1105],[89.61559,25.11087],[89.61539,25.11087],[89.61538,25.11051],[89.61518,25.11051],[89.61517,25.10997],[89.61557,25.10996],[89.61556,25.1096],[89.61536,25.10961],[89.61536,25.10943],[89.61575,25.10924],[89.61575,25.10906],[89.61634,25.10905],[89.61634,25.10887],[89.61654,25.10886],[89.61633,25.10851],[89.61554,25.10852],[89.61554,25.1087],[89.61534,25.1087],[89.61535,25.10907],[89.61496,25.10907],[89.61496,25.10925],[89.61476,25.10926],[89.61478,25.11016],[89.61419,25.11017],[89.614,25.11053],[89.6136,25.11036],[89.6136,25.11054],[89.6134,25.11054],[89.61343,25.11199],[89.61323,25.11199],[89.61322,25.11145],[89.61302,25.11145],[89.613,25.11037],[89.61241,25.11038],[89.61259,25.10966],[89.61199,25.10967],[89.61199,25.10949],[89.61179,25.10949],[89.6118,25.10985],[89.612,25.10985],[89.61201,25.11057],[89.61182,25.11057],[89.61182,25.11075],[89.61202,25.11075],[89.61203,25.11111],[89.61163,25.11094],[89.61146,25.11238],[89.61126,25.11239],[89.61147,25.11274],[89.61127,25.11275],[89.61127,25.11293],[89.61167,25.1131],[89.61166,25.11274],[89.61186,25.11274],[89.61187,25.1131],[89.61207,25.11309],[89.61206,25.11255],[89.61245,25.11255],[89.61244,25.11219],[89.61324,25.11217],[89.61325,25.11253],[89.61344,25.11253],[89.61346,25.11343],[89.61366,25.11343],[89.61366,25.11361],[89.61386,25.1136]],[[89.61244,25.11201],[89.61204,25.11201],[89.61205,25.11219],[89.61185,25.1122],[89.61184,25.11165],[89.61204,25.11165],[89.61204,25.11183],[89.61244,25.11182],[89.61244,25.11201]],[[89.61243,25.11164],[89.61224,25.11165],[89.61222,25.11093],[89.61281,25.11092],[89.61283,25.11182],[89.61244,25.11182],[89.61243,25.11164]]]}},{"type":"Feature","properties":{"kind":"land","ha":2.4},"geometry":{"type":"Polygon","coordinates":[[[89.60507,25.11051],[89.60507,25.11033],[89.60527,25.11033],[89.60526,25.10978],[89.60565,25.10978],[89.60565,25.1096],[89.60585,25.10959],[89.60584,25.10905],[89.60623,25.10887],[89.60622,25.1085],[89.60602,25.10851],[89.60602,25.10833],[89.60562,25.10833],[89.60563,25.10852],[89.60543,25.10852],[89.60542,25.10834],[89.60523,25.10834],[89.60523,25.10852],[89.60483,25.10853],[89.60484,25.10871],[89.60464,25.10871],[89.60464,25.10889],[89.60504,25.10889],[89.60505,25.10943],[89.60485,25.10943],[89.60486,25.10961],[89.60426,25.10962],[89.60427,25.11016],[89.60467,25.11034],[89.60468,25.11052],[89.60507,25.11051]]]}},{"type":"Feature","properties":{"kind":"land","ha":8.2},"geometry":{"type":"Polygon","coordinates":[[[89.68559,25.11178],[89.68558,25.11142],[89.68518,25.11125],[89.68517,25.11107],[89.68498,25.11107],[89.68497,25.11089],[89.68477,25.11089],[89.68477,25.11071],[89.68457,25.11072],[89.68456,25.11035],[89.68417,25.11036],[89.68416,25.11018],[89.68357,25.11019],[89.68376,25.10983],[89.68396,25.10982],[89.68395,25.10964],[89.68376,25.10965],[89.68374,25.10911],[89.68355,25.10911],[89.68354,25.10875],[89.68314,25.10876],[89.68314,25.10858],[89.68294,25.10858],[89.68275,25.10894],[89.68235,25.10895],[89.68234,25.10841],[89.68194,25.10824],[89.68193,25.10788],[89.68174,25.10788],[89.68173,25.10752],[89.68153,25.10752],[89.68153,25.10734],[89.68113,25.10735],[89.68113,25.10717],[89.68053,25.10718],[89.68053,25.107],[89.68013,25.10701],[89.68013,25.10683],[89.67973,25.10683],[89.67974,25.10737],[89.67954,25.10738],[89.67955,25.10756],[89.67975,25.10755],[89.67975,25.10773],[89.68034,25.10772],[89.68055,25.10808],[89.68095,25.10807],[89.68115,25.10843],[89.68135,25.10843],[89.68136,25.10879],[89.68176,25.10878],[89.68176,25.10896],[89.68196,25.10896],[89.68217,25.10968],[89.68237,25.10967],[89.68238,25.11003],[89.68258,25.11003],[89.68258,25.11021],[89.68298,25.1102],[89.683,25.11111],[89.6834,25.11128],[89.6834,25.11146],[89.6836,25.11146],[89.6836,25.11164],[89.684,25.11163],[89.684,25.11181],[89.68559,25.11178]],[[89.68093,25.10753],[89.68134,25.10771],[89.68134,25.10789],[89.68094,25.10789],[89.68093,25.10753]]]}},{"type":"Feature","properties":{"kind":"land","ha":26.4},"geometry":{"type":"Polygon","coordinates":[[[89.63725,25.11319],[89.63724,25.11265],[89.63684,25.11284],[89.63684,25.11248],[89.63783,25.11246],[89.63781,25.11192],[89.63821,25.11191],[89.63821,25.11209],[89.63881,25.11208],[89.63901,25.11244],[89.63921,25.11243],[89.6392,25.11189],[89.6388,25.11172],[89.6388,25.11154],[89.63919,25.11135],[89.63919,25.11117],[89.63879,25.11118],[89.63879,25.111],[89.63859,25.111],[89.63859,25.11118],[89.63839,25.11118],[89.63839,25.11082],[89.63779,25.11083],[89.63761,25.11156],[89.63741,25.11156],[89.63742,25.11192],[89.63702,25.11193],[89.63701,25.11139],[89.63721,25.11139],[89.6372,25.11121],[89.63701,25.11121],[89.637,25.11103],[89.63661,25.11104],[89.63659,25.11031],[89.636,25.11032],[89.636,25.1105],[89.6358,25.11051],[89.6358,25.11033],[89.6356,25.11033],[89.63559,25.10997],[89.63698,25.10995],[89.63717,25.10958],[89.63737,25.10958],[89.63737,25.10976],[89.63797,25.10975],[89.63796,25.10957],[89.63816,25.10956],[89.63815,25.1092],[89.63855,25.1092],[89.63875,25.10955],[89.63856,25.10956],[89.63856,25.10974],[89.63896,25.10973],[89.63896,25.10991],[89.63757,25.10994],[89.63758,25.11012],[89.63837,25.11028],[89.63818,25.11065],[89.63858,25.11064],[89.63857,25.11028],[89.63936,25.11026],[89.63937,25.11063],[89.63977,25.11062],[89.63979,25.11152],[89.63999,25.11152],[89.64037,25.11079],[89.64076,25.11078],[89.64076,25.1106],[89.64116,25.11059],[89.64115,25.11041],[89.64135,25.11041],[89.64134,25.11005],[89.64154,25.11005],[89.64152,25.10914],[89.64212,25.10913],[89.6423,25.10841],[89.6425,25.1084],[89.64249,25.10804],[89.64288,25.10786],[89.64288,25.10767],[89.64308,25.10767],[89.64307,25.10749],[89.64287,25.10749],[89.64287,25.10713],[89.64247,25.10732],[89.64247,25.10714],[89.64207,25.10715],[89.64207,25.10697],[89.64187,25.10697],[89.64189,25.10769],[89.64208,25.10769],[89.6421,25.10823],[89.6419,25.10823],[89.6419,25.10841],[89.64131,25.10842],[89.64109,25.10771],[89.6409,25.10771],[89.64089,25.10735],[89.64109,25.10735],[89.64108,25.10717],[89.6393,25.1072],[89.63931,25.10756],[89.63911,25.10756],[89.63911,25.10774],[89.63852,25.10775],[89.63851,25.10757],[89.63832,25.10758],[89.63832,25.10776],[89.63673,25.10778],[89.63674,25.10796],[89.63654,25.10797],[89.63654,25.10815],[89.63694,25.10814],[89.63694,25.10832],[89.63754,25.10831],[89.63755,25.10885],[89.63735,25.10886],[89.63734,25.1085],[89.63715,25.1085],[89.63715,25.10868],[89.63616,25.1087],[89.63616,25.10852],[89.63576,25.10852],[89.63575,25.10798],[89.63515,25.10799],[89.63516,25.10817],[89.63456,25.10818],[89.63457,25.10836],[89.63417,25.10837],[89.63417,25.10855],[89.63378,25.10856],[89.63378,25.10874],[89.63418,25.10873],[89.63418,25.10891],[89.63438,25.10891],[89.63438,25.10873],[89.63477,25.10872],[89.63478,25.1089],[89.63616,25.10888],[89.63617,25.10942],[89.63677,25.10941],[89.63677,25.10959],[89.63499,25.10962],[89.63499,25.1098],[89.63301,25.10984],[89.63302,25.1102],[89.63322,25.11019],[89.63322,25.11037],[89.63362,25.11037],[89.63382,25.11072],[89.63402,25.11072],[89.63402,25.11054],[89.63461,25.11053],[89.63462,25.11089],[89.63442,25.11089],[89.63443,25.11107],[89.63522,25.11124],[89.63523,25.1116],[89.63543,25.1116],[89.63543,25.11178],[89.63583,25.11177],[89.63583,25.11195],[89.63603,25.11195],[89.63624,25.11267],[89.63605,25.11267],[89.63605,25.11303],[89.63645,25.11302],[89.63645,25.1132],[89.63725,25.11319]],[[89.63915,25.10955],[89.63994,25.10953],[89.63995,25.10971],[89.64015,25.10971],[89.63996,25.11007],[89.63916,25.11009],[89.63915,25.10955]],[[89.63834,25.10848],[89.63853,25.10847],[89.63854,25.10865],[89.63834,25.10866],[89.63834,25.10848]],[[89.63793,25.10812],[89.63853,25.10811],[89.63853,25.10829],[89.63794,25.1083],[89.63793,25.10812]]]}},{"type":"Feature","properties":{"kind":"land","ha":2.2},"geometry":{"type":"Polygon","coordinates":[[[89.61693,25.10886],[89.61693,25.1085],[89.61732,25.10849],[89.61731,25.10813],[89.61751,25.10813],[89.61751,25.10794],[89.61771,25.10794],[89.6177,25.1074],[89.6171,25.10741],[89.6171,25.10759],[89.61651,25.1076],[89.61651,25.10778],[89.61612,25.10779],[89.61591,25.10743],[89.61571,25.10743],[89.6157,25.10671],[89.6153,25.10672],[89.61531,25.10726],[89.61492,25.10727],[89.61493,25.10799],[89.61572,25.1078],[89.61573,25.10798],[89.61612,25.10797],[89.61613,25.10815],[89.61692,25.10814],[89.61692,25.10832],[89.61672,25.10832],[89.61674,25.10886],[89.61693,25.10886]]]}},{"type":"Feature","properties":{"kind":"land","ha":1.2},"geometry":{"type":"Polygon","coordinates":[[[89.65594,25.1069],[89.65594,25.10672],[89.65693,25.1067],[89.65693,25.10652],[89.65713,25.10652],[89.65712,25.10616],[89.65751,25.10615],[89.65752,25.10651],[89.65792,25.1065],[89.65791,25.10614],[89.65771,25.10615],[89.65771,25.10597],[89.65612,25.10599],[89.65613,25.10617],[89.65672,25.10616],[89.65672,25.10634],[89.65613,25.10635],[89.65613,25.10654],[89.65594,25.10654],[89.65593,25.10636],[89.65573,25.10636],[89.65555,25.10709],[89.65594,25.1069]]]}},{"type":"Feature","properties":{"kind":"land","ha":3.5},"geometry":{"type":"Polygon","coordinates":[[[89.6092,25.10881],[89.6092,25.10863],[89.6094,25.10863],[89.60938,25.10809],[89.60919,25.10809],[89.60917,25.10719],[89.60897,25.10719],[89.60896,25.10701],[89.60857,25.10702],[89.60856,25.10666],[89.60817,25.10685],[89.60817,25.10703],[89.60778,25.10703],[89.60779,25.10757],[89.60759,25.10758],[89.60757,25.10686],[89.60718,25.10704],[89.60719,25.10722],[89.60679,25.10723],[89.60661,25.10796],[89.6068,25.10795],[89.60681,25.10813],[89.60701,25.10813],[89.607,25.10777],[89.60739,25.10776],[89.60781,25.10848],[89.6086,25.10846],[89.60861,25.10882],[89.6092,25.10881]],[[89.60838,25.10738],[89.60877,25.10738],[89.60858,25.10774],[89.60839,25.10774],[89.60838,25.10738]]]}},{"type":"Feature","properties":{"kind":"land","ha":1.0},"geometry":{"type":"Polygon","coordinates":[[[89.65198,25.10715],[89.65198,25.10697],[89.65238,25.10696],[89.65257,25.1066],[89.65277,25.1066],[89.65276,25.10642],[89.65336,25.1064],[89.65334,25.10568],[89.65314,25.10569],[89.65315,25.10605],[89.65295,25.10605],[89.65296,25.10623],[89.65217,25.10643],[89.65217,25.10661],[89.65177,25.10661],[89.65178,25.10679],[89.65138,25.1068],[89.65139,25.10698],[89.65099,25.10699],[89.65099,25.10717],[89.65198,25.10715]]]}},{"type":"Feature","properties":{"kind":"land","ha":4.3},"geometry":{"type":"Polygon","coordinates":[[[89.59456,25.10997],[89.59454,25.10943],[89.59474,25.10943],[89.59474,25.10907],[89.59493,25.10906],[89.59491,25.1078],[89.5951,25.1078],[89.59506,25.10581],[89.59467,25.106],[89.59468,25.10654],[89.59429,25.10655],[89.59429,25.10691],[89.5941,25.10691],[89.59411,25.10745],[89.59391,25.10746],[89.59392,25.10782],[89.59352,25.10801],[89.59353,25.10819],[89.59293,25.1082],[89.59314,25.10855],[89.59334,25.10855],[89.59334,25.10873],[89.59354,25.10873],[89.59354,25.10891],[89.59374,25.1089],[89.59375,25.10926],[89.59395,25.10926],[89.59396,25.10998],[89.59456,25.10997]],[[89.59432,25.10817],[89.59452,25.10817],[89.59453,25.10871],[89.59433,25.10871],[89.59432,25.10817]],[[89.5945,25.10709],[89.59469,25.10708],[89.5947,25.10744],[89.5943,25.10745],[89.5945,25.10709]]]}},{"type":"Feature","properties":{"kind":"land","ha":1.0},"geometry":{"type":"Polygon","coordinates":[[[89.64423,25.10603],[89.64423,25.10585],[89.64462,25.10584],[89.64462,25.10566],[89.64521,25.10565],[89.6452,25.10493],[89.6448,25.10511],[89.64481,25.10547],[89.64442,25.10548],[89.64442,25.10566],[89.64422,25.10567],[89.64422,25.10549],[89.64362,25.1055],[89.64362,25.10532],[89.64322,25.10532],[89.64344,25.10604],[89.64423,25.10603]]]}},{"type":"Feature","properties":{"kind":"land","ha":1.1},"geometry":{"type":"Polygon","coordinates":[[[89.62658,25.10562],[89.62657,25.10526],[89.62696,25.10507],[89.62696,25.10489],[89.62577,25.10491],[89.62576,25.10455],[89.62596,25.10455],[89.62596,25.10437],[89.62516,25.10438],[89.62516,25.1042],[89.62496,25.1042],[89.62477,25.10457],[89.62517,25.10456],[89.62518,25.10492],[89.62537,25.10492],[89.62538,25.1051],[89.62617,25.10508],[89.62618,25.10563],[89.62658,25.10562]]]}},{"type":"Feature","properties":{"kind":"land","ha":5.2},"geometry":{"type":"Polygon","coordinates":[[[89.59273,25.10802],[89.59272,25.10766],[89.59232,25.10748],[89.59232,25.10712],[89.59212,25.10713],[89.59211,25.10695],[89.59192,25.10695],[89.5921,25.10623],[89.5917,25.10623],[89.5915,25.10587],[89.5911,25.10588],[89.59109,25.10552],[89.59169,25.10551],[89.59169,25.10569],[89.59189,25.10569],[89.59188,25.10533],[89.59148,25.10533],[89.59148,25.10515],[89.59128,25.10516],[89.59127,25.10443],[89.59107,25.10444],[89.59107,25.10426],[89.59027,25.10427],[89.59029,25.10517],[89.5895,25.10519],[89.5895,25.10501],[89.5891,25.10501],[89.5891,25.10483],[89.5889,25.10484],[89.58889,25.10466],[89.5885,25.10466],[89.5885,25.10502],[89.58831,25.10503],[89.58832,25.10557],[89.58812,25.10557],[89.58813,25.10593],[89.58853,25.10611],[89.58853,25.10629],[89.58892,25.1061],[89.58892,25.10592],[89.58912,25.10592],[89.58911,25.10574],[89.58931,25.10573],[89.58931,25.10555],[89.5899,25.10554],[89.5899,25.10536],[89.59069,25.10535],[89.5907,25.10553],[89.59089,25.10552],[89.59091,25.10643],[89.59111,25.10642],[89.59112,25.10678],[89.59132,25.10678],[89.59132,25.10696],[89.59152,25.10696],[89.59134,25.10768],[89.59253,25.10784],[89.59253,25.10802],[89.59273,25.10802]]]}},{"type":"Feature","properties":{"kind":"land","ha":6.3},"geometry":{"type":"Polygon","coordinates":[[[89.63988,25.10646],[89.63987,25.10628],[89.64007,25.10628],[89.64008,25.10646],[89.64027,25.10646],[89.64046,25.10609],[89.64066,25.10609],[89.64066,25.10591],[89.64026,25.10592],[89.64026,25.10574],[89.64065,25.10573],[89.64065,25.10537],[89.64144,25.10553],[89.64125,25.1059],[89.64165,25.10589],[89.64164,25.10553],[89.64204,25.10552],[89.64202,25.1048],[89.64182,25.10481],[89.64183,25.10499],[89.64104,25.105],[89.64103,25.10464],[89.64024,25.10465],[89.64003,25.1043],[89.63983,25.1043],[89.63982,25.10394],[89.63942,25.10377],[89.63942,25.10359],[89.63902,25.10359],[89.63902,25.10341],[89.63882,25.10342],[89.63883,25.10378],[89.63903,25.10377],[89.63903,25.10395],[89.63943,25.10395],[89.63943,25.10413],[89.63963,25.10412],[89.63964,25.10448],[89.63924,25.10449],[89.63924,25.10431],[89.63904,25.10431],[89.63905,25.10467],[89.63806,25.10469],[89.63807,25.10541],[89.63787,25.10542],[89.63788,25.10578],[89.63828,25.10577],[89.63828,25.10613],[89.63928,25.10611],[89.63909,25.10648],[89.63988,25.10646]],[[89.63827,25.10541],[89.63847,25.10541],[89.63847,25.10559],[89.63827,25.10559],[89.63827,25.10541]],[[89.64124,25.10518],[89.64144,25.10517],[89.64144,25.10535],[89.64124,25.10536],[89.64124,25.10518]]]}},{"type":"Feature","properties":{"kind":"land","ha":16.7},"geometry":{"type":"Polygon","coordinates":[[[89.63315,25.10695],[89.63314,25.10677],[89.63433,25.10674],[89.63433,25.10656],[89.63473,25.10656],[89.63472,25.1062],[89.63492,25.10619],[89.63491,25.10601],[89.63511,25.10601],[89.63511,25.10619],[89.63551,25.10618],[89.6357,25.10582],[89.6361,25.10581],[89.63609,25.10527],[89.63569,25.1051],[89.63569,25.10528],[89.63549,25.10528],[89.63548,25.10474],[89.63528,25.10474],[89.63528,25.10456],[89.63488,25.10457],[89.63489,25.10493],[89.63449,25.10494],[89.6345,25.10512],[89.6343,25.10512],[89.63429,25.10494],[89.6341,25.10494],[89.63409,25.10458],[89.6337,25.10477],[89.63369,25.10459],[89.6333,25.1046],[89.63309,25.10424],[89.63289,25.10424],[89.63288,25.1037],[89.63268,25.1037],[89.63287,25.10334],[89.63228,25.10335],[89.63227,25.10317],[89.63247,25.10317],[89.63246,25.10281],[89.63187,25.10282],[89.63187,25.103],[89.63148,25.103],[89.63149,25.10337],[89.63049,25.10338],[89.6305,25.10374],[89.6309,25.10374],[89.6309,25.10392],[89.63269,25.10389],[89.63271,25.10497],[89.63232,25.10516],[89.63232,25.10534],[89.63153,25.10535],[89.63152,25.10499],[89.63073,25.10518],[89.63075,25.10609],[89.62996,25.1061],[89.62995,25.10592],[89.62956,25.10593],[89.62955,25.10557],[89.62975,25.10556],[89.62974,25.10538],[89.62935,25.10539],[89.62934,25.10521],[89.62895,25.10522],[89.62895,25.1054],[89.62737,25.10542],[89.62737,25.1056],[89.62658,25.10562],[89.62678,25.10598],[89.62579,25.10599],[89.626,25.10635],[89.6262,25.10635],[89.6262,25.10653],[89.6264,25.10652],[89.6264,25.1067],[89.6266,25.1067],[89.62661,25.10688],[89.62739,25.10669],[89.62739,25.10651],[89.62779,25.1065],[89.62778,25.10614],[89.62798,25.10613],[89.62818,25.10649],[89.62917,25.10647],[89.62918,25.10666],[89.62997,25.10664],[89.62996,25.10628],[89.63056,25.10627],[89.63057,25.10681],[89.63077,25.10681],[89.63077,25.10699],[89.63315,25.10695]],[[89.63076,25.10645],[89.63155,25.10643],[89.63156,25.10679],[89.63096,25.1068],[89.63076,25.10645]]]}},{"type":"Feature","properties":{"kind":"land","ha":1.7},"geometry":{"type":"Polygon","coordinates":[[[89.62753,25.1038],[89.62752,25.10344],[89.62772,25.10343],[89.62772,25.10325],[89.62811,25.10324],[89.62811,25.10306],[89.62831,25.10306],[89.6283,25.10288],[89.62791,25.10289],[89.6279,25.10271],[89.62909,25.10269],[89.62909,25.10251],[89.6283,25.10252],[89.62829,25.10234],[89.6273,25.10236],[89.62731,25.1029],[89.62653,25.10327],[89.62653,25.10345],[89.62693,25.10345],[89.62694,25.10381],[89.62753,25.1038]]]}},{"type":"Feature","properties":{"kind":"land","ha":4.1},"geometry":{"type":"Polygon","coordinates":[[[89.60521,25.10744],[89.6052,25.10708],[89.60579,25.10707],[89.60579,25.10689],[89.60639,25.10688],[89.60639,25.10706],[89.60659,25.10705],[89.60658,25.10669],[89.60698,25.10669],[89.60697,25.10651],[89.60717,25.1065],[89.60716,25.10614],[89.60736,25.10614],[89.60735,25.10542],[89.60774,25.10523],[89.60772,25.10451],[89.60812,25.1045],[89.60811,25.10432],[89.60831,25.10432],[89.60831,25.10414],[89.60791,25.10414],[89.6079,25.10342],[89.6075,25.10325],[89.60749,25.10289],[89.60729,25.10289],[89.60729,25.10271],[89.6069,25.1029],[89.6069,25.10326],[89.6073,25.10325],[89.60731,25.10361],[89.60711,25.10362],[89.60711,25.1038],[89.60652,25.10381],[89.60652,25.10399],[89.60731,25.10397],[89.60732,25.10433],[89.60712,25.10434],[89.60714,25.10488],[89.60674,25.10471],[89.60674,25.10507],[89.60714,25.10506],[89.60715,25.10578],[89.60656,25.10579],[89.60657,25.10615],[89.60637,25.10616],[89.60637,25.10634],[89.60578,25.10635],[89.60578,25.10617],[89.60538,25.10617],[89.60538,25.10635],[89.60518,25.10636],[89.60519,25.10672],[89.60499,25.10672],[89.60501,25.10744],[89.60521,25.10744]]]}},{"type":"Feature","properties":{"kind":"land","ha":8.4},"geometry":{"type":"Polygon","coordinates":[[[89.61837,25.11118],[89.61836,25.11082],[89.61856,25.11081],[89.61855,25.11027],[89.61875,25.11027],[89.61854,25.10991],[89.61933,25.1099],[89.61932,25.10918],[89.61952,25.10917],[89.61951,25.10863],[89.6199,25.10844],[89.61989,25.10826],[89.6197,25.10827],[89.61969,25.10791],[89.61989,25.1079],[89.61988,25.10736],[89.62007,25.10736],[89.62005,25.10646],[89.61986,25.10646],[89.61985,25.10628],[89.62005,25.10628],[89.62004,25.10555],[89.62023,25.10555],[89.62022,25.10501],[89.62002,25.10501],[89.62002,25.10483],[89.62041,25.10464],[89.6204,25.10428],[89.62021,25.10429],[89.62019,25.10375],[89.62039,25.10374],[89.62036,25.1023],[89.62016,25.1023],[89.62018,25.10284],[89.61978,25.10303],[89.61979,25.10339],[89.61959,25.1034],[89.61961,25.10412],[89.61941,25.10412],[89.61941,25.1043],[89.61902,25.10431],[89.61901,25.10413],[89.61862,25.10413],[89.61862,25.1045],[89.61942,25.10448],[89.61943,25.10484],[89.61883,25.10485],[89.61883,25.10503],[89.61864,25.10504],[89.61864,25.1054],[89.61884,25.10539],[89.61884,25.10521],[89.61923,25.10521],[89.61927,25.10683],[89.61907,25.10683],[89.61908,25.10738],[89.61888,25.10738],[89.6189,25.10792],[89.6187,25.10792],[89.61871,25.10846],[89.61832,25.10865],[89.61832,25.10883],[89.61852,25.10883],[89.61853,25.10937],[89.61833,25.10937],[89.61834,25.10955],[89.61774,25.10956],[89.61775,25.10993],[89.61815,25.1101],[89.61816,25.11046],[89.61776,25.11047],[89.61776,25.11065],[89.61816,25.11082],[89.61817,25.11118],[89.61837,25.11118]]]}},{"type":"Feature","properties":{"kind":"land","ha":1.0},"geometry":{"type":"Polygon","coordinates":[[[89.63068,25.10284],[89.63067,25.10212],[89.63027,25.1023],[89.63027,25.10194],[89.63046,25.10194],[89.63046,25.10176],[89.62907,25.10178],[89.62908,25.10232],[89.62928,25.10232],[89.62928,25.10196],[89.62967,25.10195],[89.62968,25.10213],[89.62987,25.10213],[89.62988,25.10249],[89.62968,25.10249],[89.62969,25.10268],[89.63028,25.10266],[89.63029,25.10284],[89.63068,25.10284]]]}},{"type":"Feature","properties":{"kind":"land","ha":1.0},"geometry":{"type":"Polygon","coordinates":[[[89.60928,25.10304],[89.60927,25.10286],[89.60947,25.10285],[89.60927,25.10249],[89.60907,25.1025],[89.60906,25.10214],[89.60847,25.10215],[89.60846,25.10197],[89.60767,25.10198],[89.60767,25.10216],[89.60747,25.10217],[89.60768,25.10252],[89.60788,25.10252],[89.60787,25.10234],[89.60847,25.10233],[89.60888,25.10304],[89.60928,25.10304]]]}},{"type":"Feature","properties":{"kind":"land","ha":2.6},"geometry":{"type":"Polygon","coordinates":[[[89.62513,25.10276],[89.62532,25.10239],[89.62552,25.10239],[89.62551,25.10221],[89.62611,25.1022],[89.6261,25.10202],[89.62531,25.10185],[89.6253,25.10167],[89.62491,25.10168],[89.6249,25.1015],[89.62332,25.10134],[89.62332,25.1017],[89.62372,25.10188],[89.62373,25.10242],[89.62393,25.10242],[89.62394,25.10278],[89.62513,25.10276]]]}},{"type":"Feature","properties":{"kind":"land","ha":6.0},"geometry":{"type":"Polygon","coordinates":[[[89.64359,25.10405],[89.64359,25.10387],[89.64379,25.10387],[89.64378,25.10369],[89.64438,25.10368],[89.64437,25.1035],[89.64418,25.1035],[89.64417,25.10314],[89.64377,25.10297],[89.64376,25.10279],[89.64357,25.10279],[89.64356,25.10243],[89.64316,25.10244],[89.64315,25.10207],[89.64296,25.10208],[89.64294,25.10118],[89.64274,25.10118],[89.64273,25.101],[89.64313,25.10099],[89.64313,25.10081],[89.64293,25.10082],[89.64292,25.10063],[89.64253,25.10064],[89.64254,25.10118],[89.64214,25.10119],[89.64215,25.10137],[89.64235,25.10137],[89.64235,25.10173],[89.64196,25.10173],[89.64196,25.10192],[89.64176,25.10192],[89.64175,25.10156],[89.64156,25.10156],[89.64137,25.10229],[89.64157,25.10228],[89.64158,25.10264],[89.64118,25.10265],[89.64099,25.10302],[89.6406,25.10302],[89.64059,25.10284],[89.64039,25.10285],[89.64041,25.10339],[89.64021,25.10339],[89.64021,25.10357],[89.64041,25.10357],[89.64041,25.10375],[89.64101,25.10374],[89.64102,25.1041],[89.64141,25.10409],[89.6414,25.10373],[89.6416,25.10373],[89.6416,25.10355],[89.64259,25.10353],[89.64258,25.10299],[89.64317,25.10298],[89.64338,25.10333],[89.64358,25.10333],[89.64358,25.10369],[89.64319,25.10388],[89.6432,25.10424],[89.64359,25.10405]]]}},{"type":"Feature","properties":{"kind":"land","ha":1.1},"geometry":{"type":"Polygon","coordinates":[[[89.60589,25.10201],[89.60608,25.10165],[89.60687,25.10163],[89.60686,25.10127],[89.60646,25.1011],[89.60646,25.10092],[89.60606,25.10093],[89.60587,25.10129],[89.60547,25.1013],[89.60529,25.10202],[89.60589,25.10201]]]}},{"type":"Feature","properties":{"kind":"land","ha":25.9},"geometry":{"type":"Polygon","coordinates":[[[89.61315,25.1082],[89.61315,25.10784],[89.61334,25.10784],[89.61335,25.1082],[89.61355,25.10819],[89.61354,25.10765],[89.61393,25.10765],[89.61373,25.10729],[89.61333,25.1073],[89.61332,25.10657],[89.61371,25.10639],[89.61389,25.10566],[89.61409,25.10566],[89.61408,25.1053],[89.61448,25.10511],[89.61447,25.10475],[89.61467,25.10475],[89.61466,25.10457],[89.61506,25.10474],[89.61507,25.10492],[89.61526,25.10492],[89.61527,25.10528],[89.61547,25.10527],[89.61549,25.10599],[89.61509,25.106],[89.6151,25.10636],[89.61529,25.10636],[89.61529,25.10618],[89.61569,25.10617],[89.61568,25.10599],[89.61608,25.10598],[89.61609,25.10671],[89.61669,25.1067],[89.61669,25.10688],[89.61749,25.10686],[89.61748,25.10668],[89.61788,25.10667],[89.61787,25.10631],[89.61827,25.10631],[89.61826,25.10613],[89.61846,25.10612],[89.61846,25.10594],[89.61826,25.10595],[89.61824,25.10486],[89.61784,25.10469],[89.61765,25.10505],[89.61745,25.10506],[89.61747,25.10596],[89.61727,25.10596],[89.61706,25.10561],[89.61667,25.10561],[89.61666,25.10543],[89.61607,25.10544],[89.61606,25.10526],[89.61567,25.10527],[89.61565,25.10455],[89.61625,25.10454],[89.61624,25.10436],[89.61644,25.10435],[89.61643,25.10399],[89.61703,25.10398],[89.61722,25.10362],[89.61761,25.10361],[89.61762,25.10379],[89.61782,25.10379],[89.61782,25.10415],[89.61822,25.10432],[89.61821,25.10378],[89.61802,25.10378],[89.61801,25.1036],[89.61821,25.1036],[89.61821,25.10342],[89.61801,25.10342],[89.618,25.10324],[89.6184,25.10324],[89.6184,25.10306],[89.61859,25.10305],[89.61859,25.10269],[89.61958,25.10267],[89.61956,25.10177],[89.61995,25.10176],[89.61995,25.10158],[89.61936,25.10159],[89.61917,25.10196],[89.61897,25.10196],[89.61897,25.10214],[89.61877,25.10215],[89.61878,25.10233],[89.61858,25.10233],[89.61858,25.10251],[89.61838,25.10251],[89.61839,25.10288],[89.61701,25.1029],[89.6168,25.10254],[89.61601,25.10274],[89.61601,25.10256],[89.61581,25.10256],[89.61582,25.10292],[89.61502,25.10293],[89.61483,25.1033],[89.61463,25.1033],[89.61464,25.10348],[89.61365,25.1035],[89.61365,25.10368],[89.61326,25.10369],[89.61326,25.10405],[89.61267,25.10406],[89.61265,25.10334],[89.61246,25.10334],[89.61245,25.10298],[89.61304,25.10297],[89.61323,25.10261],[89.61383,25.10259],[89.61382,25.10241],[89.61422,25.10241],[89.61422,25.10223],[89.61481,25.10222],[89.615,25.10185],[89.6146,25.10186],[89.61459,25.10114],[89.61439,25.10114],[89.61439,25.10096],[89.61458,25.10096],[89.61457,25.10042],[89.61438,25.10042],[89.61438,25.10078],[89.61359,25.10061],[89.61378,25.10025],[89.61398,25.10025],[89.61396,25.0997],[89.61377,25.09971],[89.61377,25.10007],[89.61338,25.10008],[89.61338,25.10026],[89.61279,25.10027],[89.61279,25.10063],[89.61299,25.10062],[89.613,25.1008],[89.61339,25.10062],[89.6134,25.10098],[89.6132,25.10098],[89.61321,25.1017],[89.61282,25.10171],[89.61283,25.10243],[89.61243,25.10226],[89.61243,25.10208],[89.61223,25.10208],[89.61222,25.10154],[89.61261,25.10153],[89.61261,25.10135],[89.61221,25.10136],[89.612,25.10064],[89.6118,25.10064],[89.61181,25.10101],[89.61161,25.10101],[89.61164,25.10227],[89.61144,25.10228],[89.61145,25.10282],[89.61125,25.10282],[89.61126,25.103],[89.61165,25.10299],[89.61166,25.10317],[89.61146,25.10318],[89.61147,25.10354],[89.61127,25.10354],[89.61129,25.10426],[89.61169,25.10444],[89.6117,25.10498],[89.6115,25.10498],[89.6115,25.10516],[89.6119,25.10534],[89.61191,25.10552],[89.6121,25.10551],[89.61211,25.10569],[89.61231,25.10569],[89.61234,25.10731],[89.61214,25.10732],[89.61215,25.1075],[89.61255,25.10767],[89.61255,25.10803],[89.61275,25.10803],[89.61276,25.10821],[89.61315,25.1082]],[[89.61272,25.10659],[89.61292,25.10658],[89.61291,25.10622],[89.61331,25.10603],[89.61312,25.10676],[89.61292,25.10676],[89.61293,25.10712],[89.61273,25.10713],[89.61272,25.10659]],[[89.61288,25.10478],[89.61367,25.10458],[89.61348,25.10495],[89.61328,25.10495],[89.61329,25.10549],[89.6129,25.10568],[89.61288,25.10478]],[[89.61346,25.10405],[89.61366,25.10404],[89.61366,25.10386],[89.61405,25.10385],[89.61405,25.10367],[89.61425,25.10367],[89.61406,25.1044],[89.61347,25.10441],[89.61346,25.10405]],[[89.61206,25.10353],[89.61226,25.10352],[89.61227,25.10389],[89.61207,25.10389],[89.61206,25.10353]],[[89.61583,25.10364],[89.61603,25.10364],[89.61603,25.10382],[89.61584,25.10382],[89.61583,25.10364]],[[89.61184,25.10227],[89.61223,25.10226],[89.61224,25.10262],[89.61185,25.10263],[89.61184,25.10227]],[[89.61182,25.10155],[89.61202,25.10154],[89.61202,25.10172],[89.61183,25.10173],[89.61182,25.10155]],[[89.61379,25.10097],[89.61399,25.10097],[89.614,25.10151],[89.6138,25.10151],[89.61379,25.10097]]]}},{"type":"Feature","properties":{"kind":"land","ha":2.5},"geometry":{"type":"Polygon","coordinates":[[[89.61638,25.10147],[89.61638,25.10129],[89.61756,25.10127],[89.61756,25.10108],[89.61776,25.10108],[89.61776,25.1009],[89.61756,25.1009],[89.61755,25.10054],[89.61775,25.10054],[89.61774,25.1],[89.61754,25.1],[89.61753,25.09964],[89.61733,25.09964],[89.61733,25.09946],[89.61713,25.09947],[89.61712,25.09911],[89.61692,25.09911],[89.61693,25.09947],[89.61673,25.09947],[89.61675,25.10002],[89.61655,25.10002],[89.61654,25.09966],[89.61634,25.09966],[89.61635,25.1002],[89.61615,25.10021],[89.61618,25.10129],[89.61578,25.1013],[89.61579,25.10148],[89.61638,25.10147]],[[89.61636,25.10038],[89.61655,25.10038],[89.61655,25.1002],[89.61695,25.10037],[89.61696,25.10073],[89.61636,25.10074],[89.61636,25.10038]]]}},{"type":"Feature","properties":{"kind":"land","ha":6.4},"geometry":{"type":"Polygon","coordinates":[[[89.63921,25.10287],[89.6392,25.10269],[89.6398,25.10268],[89.63979,25.10232],[89.63999,25.10231],[89.63997,25.10141],[89.64036,25.1014],[89.64057,25.10176],[89.64116,25.10175],[89.64115,25.10121],[89.64095,25.10121],[89.64096,25.10139],[89.64056,25.1014],[89.64055,25.10104],[89.64115,25.10103],[89.64114,25.10067],[89.64094,25.10067],[89.64093,25.10031],[89.64034,25.10032],[89.64035,25.10068],[89.63995,25.10069],[89.63975,25.10033],[89.63955,25.10033],[89.63954,25.10015],[89.63935,25.10016],[89.63935,25.10034],[89.63856,25.10035],[89.63855,25.09981],[89.63894,25.0998],[89.63913,25.09944],[89.63893,25.09944],[89.63892,25.0989],[89.63852,25.09873],[89.63853,25.09891],[89.63813,25.09892],[89.63813,25.0991],[89.63794,25.0991],[89.63795,25.09964],[89.63755,25.09983],[89.63756,25.10001],[89.63796,25.1],[89.63797,25.10054],[89.63816,25.10054],[89.63817,25.1009],[89.63857,25.10107],[89.63858,25.10125],[89.63877,25.10125],[89.63881,25.10269],[89.639,25.10269],[89.63901,25.10287],[89.63921,25.10287]]]}},{"type":"Feature","properties":{"kind":"land","ha":2.9},"geometry":{"type":"Polygon","coordinates":[[[89.60786,25.10162],[89.60786,25.10144],[89.60845,25.10143],[89.60843,25.1007],[89.60863,25.1007],[89.60863,25.10034],[89.60822,25.10017],[89.60821,25.09944],[89.60861,25.09944],[89.6086,25.09908],[89.60781,25.09909],[89.60782,25.09963],[89.60742,25.09982],[89.60743,25.10018],[89.60723,25.10018],[89.60724,25.10036],[89.60684,25.10037],[89.60685,25.10073],[89.60645,25.10074],[89.60646,25.10092],[89.60685,25.10091],[89.60686,25.10109],[89.60725,25.10091],[89.60726,25.10145],[89.60766,25.10144],[89.60766,25.10162],[89.60786,25.10162]],[[89.60745,25.10108],[89.60765,25.10108],[89.60765,25.10126],[89.60746,25.10126],[89.60745,25.10108]],[[89.60783,25.10035],[89.60803,25.10035],[89.60803,25.10053],[89.60784,25.10053],[89.60783,25.10035]]]}},{"type":"Feature","properties":{"kind":"land","ha":1.6},"geometry":{"type":"Polygon","coordinates":[[[89.62465,25.09897],[89.62465,25.09879],[89.62485,25.09879],[89.62483,25.09825],[89.62444,25.09826],[89.62445,25.09862],[89.62425,25.09862],[89.62423,25.0979],[89.62403,25.0979],[89.62403,25.09772],[89.62363,25.09773],[89.62364,25.09791],[89.62304,25.09792],[89.62304,25.09774],[89.62284,25.09774],[89.62285,25.09792],[89.62265,25.09793],[89.62285,25.09828],[89.62345,25.09827],[89.62346,25.09881],[89.62405,25.0988],[89.62406,25.09898],[89.62465,25.09897]]]}},{"type":"Feature","properties":{"kind":"land","ha":1.0},"geometry":{"type":"Polygon","coordinates":[[[89.6306,25.09905],[89.6306,25.09887],[89.6304,25.09887],[89.63039,25.09851],[89.63019,25.09851],[89.63019,25.09833],[89.62999,25.09834],[89.62998,25.09762],[89.62978,25.09762],[89.62977,25.09744],[89.62938,25.09745],[89.62919,25.09781],[89.62958,25.0978],[89.62959,25.09798],[89.62978,25.09798],[89.62979,25.09834],[89.6294,25.09835],[89.62941,25.09889],[89.6302,25.09888],[89.6302,25.09906],[89.6306,25.09905]]]}},{"type":"Feature","properties":{"kind":"land","ha":1.0},"geometry":{"type":"Polygon","coordinates":[[[89.63157,25.09813],[89.63157,25.09795],[89.63256,25.09793],[89.63235,25.09757],[89.63215,25.09758],[89.63215,25.09722],[89.63135,25.09723],[89.63135,25.09705],[89.63115,25.09705],[89.63116,25.09723],[89.63096,25.09724],[89.63096,25.09742],[89.63116,25.09741],[89.63117,25.09796],[89.63137,25.09795],[89.63137,25.09813],[89.63157,25.09813]]]}},{"type":"Feature","properties":{"kind":"land","ha":1.8},"geometry":{"type":"Polygon","coordinates":[[[89.63413,25.09736],[89.63413,25.09718],[89.63393,25.09718],[89.63392,25.09682],[89.63412,25.09682],[89.63412,25.09664],[89.63392,25.09664],[89.63391,25.09646],[89.63292,25.09648],[89.63292,25.0963],[89.63272,25.0963],[89.63271,25.09576],[89.63192,25.09578],[89.63191,25.09542],[89.63171,25.09542],[89.63172,25.09596],[89.63252,25.09613],[89.63253,25.09649],[89.63273,25.09648],[89.63274,25.09703],[89.63314,25.0972],[89.63314,25.09738],[89.63334,25.09738],[89.63334,25.09756],[89.63413,25.09736]]]}},{"type":"Feature","properties":{"kind":"land","ha":3.7},"geometry":{"type":"Polygon","coordinates":[[[89.60603,25.09966],[89.60583,25.09931],[89.60702,25.09929],[89.60721,25.09892],[89.60681,25.09893],[89.60681,25.09875],[89.6076,25.09873],[89.6076,25.09891],[89.6078,25.09891],[89.60779,25.09837],[89.60799,25.09837],[89.60798,25.098],[89.60818,25.098],[89.60815,25.09656],[89.60835,25.09655],[89.60832,25.09547],[89.60813,25.09548],[89.60813,25.09584],[89.60793,25.09584],[89.60794,25.0962],[89.60755,25.09621],[89.60757,25.09729],[89.60718,25.09748],[89.60718,25.09766],[89.60698,25.09766],[89.60699,25.09784],[89.60679,25.09785],[89.6068,25.09857],[89.60661,25.09857],[89.60661,25.09893],[89.60641,25.09893],[89.60642,25.09912],[89.60582,25.09913],[89.60582,25.09895],[89.60562,25.09895],[89.60563,25.09913],[89.60543,25.09913],[89.60542,25.09895],[89.60523,25.09896],[89.60544,25.09967],[89.60603,25.09966]]]}},{"type":"Feature","properties":{"kind":"land","ha":1.2},"geometry":{"type":"Polygon","coordinates":[[[89.6363,25.09678],[89.63629,25.09624],[89.63668,25.09605],[89.63648,25.0957],[89.63628,25.0957],[89.63627,25.09534],[89.63607,25.09534],[89.63606,25.09498],[89.63587,25.09498],[89.63588,25.09589],[89.63569,25.09589],[89.63569,25.09625],[89.6355,25.09625],[89.63551,25.0968],[89.6363,25.09678]]]}},{"type":"Feature","properties":{"kind":"land","ha":7.5},"geometry":{"type":"Polygon","coordinates":[[[89.61633,25.09894],[89.61632,25.09876],[89.61652,25.09876],[89.61651,25.0984],[89.61691,25.09821],[89.61689,25.09767],[89.61729,25.09766],[89.6175,25.09802],[89.61769,25.09801],[89.61791,25.09873],[89.6183,25.09854],[89.61828,25.09782],[89.61788,25.09765],[89.61788,25.09729],[89.61768,25.09729],[89.61767,25.09711],[89.61827,25.0971],[89.61827,25.09692],[89.61807,25.09692],[89.61806,25.09656],[89.61766,25.09657],[89.61767,25.09675],[89.61747,25.09675],[89.61746,25.09639],[89.61706,25.09622],[89.61687,25.09658],[89.61667,25.09659],[89.61688,25.09695],[89.61668,25.09695],[89.61669,25.09731],[89.61649,25.09731],[89.61649,25.09749],[89.6161,25.0975],[89.61607,25.09642],[89.61528,25.09643],[89.61528,25.09625],[89.61508,25.09626],[89.61505,25.09499],[89.61466,25.095],[89.61466,25.09518],[89.61446,25.09518],[89.61447,25.09572],[89.61467,25.09572],[89.61468,25.09608],[89.61488,25.09608],[89.61488,25.09626],[89.61449,25.09645],[89.61449,25.09663],[89.6141,25.09663],[89.61411,25.09736],[89.61391,25.09736],[89.61392,25.09772],[89.61372,25.09772],[89.6137,25.09646],[89.6135,25.09646],[89.61349,25.0961],[89.61309,25.09611],[89.61309,25.09593],[89.6125,25.09594],[89.61249,25.09576],[89.6121,25.09595],[89.61231,25.09666],[89.61291,25.09665],[89.61291,25.09683],[89.61311,25.09683],[89.61312,25.09719],[89.61351,25.09719],[89.61353,25.09791],[89.61412,25.0979],[89.61412,25.09772],[89.61432,25.09771],[89.61431,25.09735],[89.61451,25.09735],[89.6145,25.09699],[89.6147,25.09698],[89.61469,25.0968],[89.61529,25.09679],[89.61529,25.09697],[89.61549,25.09697],[89.61551,25.09769],[89.6163,25.09768],[89.61631,25.0984],[89.61572,25.09841],[89.61572,25.09859],[89.61592,25.09859],[89.61593,25.09895],[89.61633,25.09894]],[[89.6133,25.09665],[89.6135,25.09664],[89.61351,25.09682],[89.61331,25.09683],[89.6133,25.09665]]]}},{"type":"Feature","properties":{"kind":"land","ha":11.8},"geometry":{"type":"Polygon","coordinates":[[[89.61138,25.09921],[89.61138,25.09957],[89.61158,25.09957],[89.61139,25.09993],[89.61179,25.09992],[89.61178,25.09956],[89.61257,25.09955],[89.61258,25.09991],[89.61278,25.09991],[89.61277,25.09973],[89.61297,25.09972],[89.61296,25.09918],[89.61316,25.09918],[89.61316,25.099],[89.61415,25.09898],[89.61414,25.0988],[89.61434,25.0988],[89.61433,25.09843],[89.61374,25.09844],[89.61355,25.09881],[89.61295,25.09882],[89.61296,25.099],[89.61216,25.09901],[89.61216,25.09883],[89.61196,25.09884],[89.61196,25.09848],[89.61176,25.09848],[89.61175,25.09794],[89.61194,25.09793],[89.61195,25.09812],[89.61234,25.09811],[89.61215,25.09847],[89.61295,25.09846],[89.61294,25.09828],[89.61314,25.09827],[89.61313,25.09791],[89.61274,25.09792],[89.61273,25.09756],[89.61233,25.09757],[89.61232,25.09685],[89.61133,25.09686],[89.61133,25.09704],[89.61093,25.09705],[89.61073,25.09669],[89.61053,25.0967],[89.6105,25.09543],[89.6103,25.09544],[89.6103,25.09508],[89.61069,25.09507],[89.61069,25.09489],[89.61029,25.09472],[89.61029,25.09453],[89.60989,25.09454],[89.6097,25.09491],[89.6095,25.09491],[89.60953,25.09617],[89.60973,25.09617],[89.60973,25.09635],[89.60933,25.09636],[89.60934,25.09654],[89.60914,25.09654],[89.60914,25.09636],[89.60894,25.09636],[89.60894,25.09654],[89.60874,25.09655],[89.60875,25.09691],[89.60914,25.09672],[89.60916,25.09744],[89.60956,25.09762],[89.60956,25.0978],[89.60976,25.09779],[89.60976,25.09797],[89.61016,25.09797],[89.61016,25.09815],[89.60977,25.09815],[89.60977,25.09833],[89.60957,25.09834],[89.60959,25.09888],[89.60919,25.09889],[89.609,25.09925],[89.60959,25.09924],[89.60959,25.09906],[89.60999,25.09905],[89.60999,25.09923],[89.61039,25.09923],[89.6104,25.09995],[89.6106,25.09994],[89.61061,25.1003],[89.6108,25.1003],[89.61081,25.10066],[89.6112,25.10047],[89.6112,25.10011],[89.611,25.10012],[89.61098,25.09922],[89.61138,25.09921]],[[89.61078,25.09922],[89.61077,25.09868],[89.61097,25.09867],[89.61098,25.09922],[89.61078,25.09922]],[[89.61135,25.09776],[89.61115,25.09777],[89.61114,25.09741],[89.61134,25.0974],[89.61133,25.09722],[89.61173,25.09722],[89.61174,25.09776],[89.61135,25.09795],[89.61135,25.09776]],[[89.61015,25.09743],[89.61035,25.09742],[89.61035,25.0976],[89.61015,25.09761],[89.61015,25.09743]],[[89.60995,25.09725],[89.60975,25.09725],[89.60974,25.09689],[89.60994,25.09689],[89.60994,25.09671],[89.61033,25.0967],[89.61034,25.09724],[89.60995,25.09743],[89.60995,25.09725]],[[89.61011,25.09562],[89.61031,25.09562],[89.61031,25.0958],[89.61011,25.0958],[89.61011,25.09562]]]}},{"type":"Feature","properties":{"kind":"land","ha":1.2},"geometry":{"type":"Polygon","coordinates":[[[89.59366,25.09555],[89.59365,25.09537],[89.59346,25.09537],[89.59344,25.09483],[89.59304,25.09466],[89.59304,25.0943],[89.59284,25.0943],[89.59283,25.09412],[89.59224,25.09413],[89.59224,25.09395],[89.59204,25.09395],[89.59205,25.09431],[89.59245,25.09449],[89.59246,25.09503],[89.59286,25.0952],[89.59286,25.09538],[89.59306,25.09538],[89.59306,25.09556],[89.59366,25.09555]]]}},{"type":"Feature","properties":{"kind":"land","ha":1.1},"geometry":{"type":"Polygon","coordinates":[[[89.62416,25.09447],[89.62416,25.09429],[89.62455,25.09428],[89.62456,25.09446],[89.62515,25.09445],[89.62514,25.09391],[89.62474,25.09392],[89.62474,25.09374],[89.62454,25.09374],[89.62454,25.09392],[89.62435,25.09393],[89.62433,25.0932],[89.62393,25.09321],[89.62415,25.09393],[89.62375,25.09394],[89.62377,25.09466],[89.62416,25.09447]]]}},{"type":"Feature","properties":{"kind":"land","ha":3.0},"geometry":{"type":"Polygon","coordinates":[[[89.69076,25.09454],[89.69074,25.09382],[89.69094,25.09381],[89.69094,25.09363],[89.69193,25.09362],[89.69191,25.09289],[89.69152,25.0929],[89.69151,25.09254],[89.69131,25.09254],[89.69131,25.09236],[89.69091,25.09237],[89.69091,25.09219],[89.68992,25.09221],[89.68991,25.09185],[89.68951,25.09186],[89.68952,25.09222],[89.68932,25.09222],[89.68933,25.09276],[89.68973,25.09293],[89.68974,25.09329],[89.69014,25.09347],[89.69015,25.09365],[89.69034,25.09364],[89.69036,25.09437],[89.69056,25.09436],[89.69056,25.09454],[89.69076,25.09454]],[[89.69073,25.09328],[89.69034,25.09328],[89.69032,25.09274],[89.69052,25.09274],[89.69052,25.09256],[89.69111,25.09255],[89.69112,25.09273],[89.69131,25.09272],[89.69133,25.09327],[89.69113,25.09327],[89.69113,25.09345],[89.69074,25.09346],[89.69073,25.09328]]]}},{"type":"Feature","properties":{"kind":"land","ha":2.1},"geometry":{"type":"Polygon","coordinates":[[[89.60595,25.09587],[89.60595,25.09551],[89.60614,25.09551],[89.60613,25.09497],[89.60652,25.09478],[89.60652,25.09442],[89.60612,25.09425],[89.6061,25.09353],[89.6063,25.09352],[89.6063,25.09334],[89.6059,25.09335],[89.60588,25.09263],[89.60549,25.09281],[89.6055,25.09299],[89.6053,25.093],[89.60531,25.09336],[89.60571,25.09353],[89.60571,25.09389],[89.60552,25.0939],[89.60553,25.09444],[89.60572,25.09443],[89.60573,25.09461],[89.60553,25.09462],[89.60555,25.0957],[89.60575,25.0957],[89.60576,25.09588],[89.60595,25.09587]]]}},{"type":"Feature","properties":{"kind":"land","ha":1.1},"geometry":{"type":"Polygon","coordinates":[[[89.68296,25.09125],[89.68295,25.09107],[89.68414,25.09105],[89.68433,25.09069],[89.68196,25.09073],[89.68177,25.09109],[89.68216,25.09109],[89.68217,25.09127],[89.68296,25.09125]]]}},{"type":"Feature","properties":{"kind":"land","ha":2.2},"geometry":{"type":"Polygon","coordinates":[[[89.6919,25.09235],[89.6919,25.09217],[89.6921,25.09217],[89.69207,25.09109],[89.69187,25.09109],[89.69185,25.09019],[89.69166,25.09019],[89.69165,25.09001],[89.69145,25.09001],[89.69146,25.09038],[89.69107,25.09038],[89.69088,25.09075],[89.69068,25.09075],[89.69069,25.09129],[89.69108,25.0911],[89.69109,25.09129],[89.69128,25.09128],[89.69129,25.09146],[89.69109,25.09147],[89.6911,25.09201],[89.6913,25.092],[89.69131,25.09236],[89.6919,25.09235]]]}},{"type":"Feature","properties":{"kind":"land","ha":1.7},"geometry":{"type":"Polygon","coordinates":[[[89.69506,25.09157],[89.69484,25.09086],[89.69504,25.09085],[89.69503,25.09031],[89.69523,25.09031],[89.69521,25.08941],[89.69461,25.08942],[89.69462,25.08996],[89.69443,25.08996],[89.69443,25.09014],[89.69403,25.09015],[89.69404,25.09033],[89.69424,25.09033],[89.69425,25.09105],[89.69445,25.09104],[89.69446,25.0914],[89.69426,25.09141],[89.69426,25.09159],[89.69506,25.09157]]]}},{"type":"Feature","properties":{"kind":"land","ha":4.2},"geometry":{"type":"Polygon","coordinates":[[[89.68117,25.0911],[89.68117,25.09092],[89.68057,25.09093],[89.68057,25.09075],[89.68017,25.09076],[89.67997,25.0904],[89.67917,25.09024],[89.67917,25.09006],[89.67877,25.09006],[89.67856,25.08971],[89.67797,25.08972],[89.67796,25.08936],[89.67835,25.08917],[89.67835,25.08899],[89.67815,25.08899],[89.67814,25.08845],[89.67794,25.08845],[89.67793,25.08809],[89.67754,25.0881],[89.67753,25.08774],[89.67733,25.08774],[89.67734,25.0881],[89.67694,25.08793],[89.67695,25.08829],[89.67775,25.08864],[89.67776,25.089],[89.67736,25.08901],[89.67736,25.08883],[89.67656,25.08884],[89.67656,25.08866],[89.67596,25.08867],[89.67617,25.08903],[89.67637,25.08902],[89.67637,25.0892],[89.67657,25.0892],[89.67657,25.08938],[89.67677,25.08938],[89.67678,25.08956],[89.67698,25.08956],[89.67698,25.08974],[89.67738,25.08973],[89.67758,25.09009],[89.67778,25.09008],[89.67778,25.09026],[89.67838,25.09025],[89.67858,25.09061],[89.67938,25.09059],[89.67958,25.09095],[89.67998,25.09094],[89.67998,25.09113],[89.68117,25.0911]]]}},{"type":"Feature","properties":{"kind":"land","ha":1.3},"geometry":{"type":"Polygon","coordinates":[[[89.59296,25.09069],[89.59295,25.09033],[89.59315,25.09032],[89.59314,25.08996],[89.59275,25.09015],[89.59275,25.08997],[89.59255,25.08997],[89.59254,25.08961],[89.59274,25.08961],[89.59272,25.08871],[89.59232,25.08871],[89.59233,25.08925],[89.59214,25.08926],[89.59216,25.09052],[89.59236,25.09052],[89.59237,25.0907],[89.59296,25.09069]]]}},{"type":"Feature","properties":{"kind":"land","ha":1.3},"geometry":{"type":"Polygon","coordinates":[[[89.62129,25.09019],[89.62128,25.08965],[89.62148,25.08964],[89.62125,25.0882],[89.62066,25.08821],[89.62066,25.0884],[89.62046,25.0884],[89.62047,25.08894],[89.62087,25.08875],[89.6209,25.0902],[89.62129,25.09019]]]}},{"type":"Feature","properties":{"kind":"land","ha":6.4},"geometry":{"type":"Polygon","coordinates":[[[89.63306,25.09341],[89.63305,25.09323],[89.63325,25.09323],[89.63324,25.09268],[89.63383,25.09267],[89.63384,25.09285],[89.63404,25.09285],[89.63404,25.09321],[89.63444,25.09339],[89.63423,25.09267],[89.63403,25.09267],[89.63402,25.09231],[89.63362,25.09214],[89.63361,25.09141],[89.63341,25.09142],[89.6334,25.09106],[89.6332,25.09106],[89.63319,25.09034],[89.63299,25.09034],[89.63298,25.0898],[89.63258,25.08963],[89.63257,25.08927],[89.63217,25.08909],[89.63217,25.08891],[89.63177,25.08892],[89.63177,25.08874],[89.63157,25.08874],[89.63157,25.08856],[89.63077,25.08858],[89.63077,25.08822],[89.62997,25.08805],[89.62996,25.08787],[89.62957,25.08788],[89.62978,25.08859],[89.63038,25.08858],[89.63038,25.08894],[89.63058,25.08894],[89.63059,25.0893],[89.63039,25.08931],[89.6304,25.08949],[89.63099,25.08948],[89.631,25.08984],[89.6312,25.08983],[89.6312,25.09001],[89.6314,25.09001],[89.63139,25.08983],[89.63219,25.08982],[89.63219,25.09],[89.63259,25.08999],[89.6326,25.09071],[89.6328,25.09071],[89.63281,25.09107],[89.63241,25.09107],[89.63242,25.09144],[89.63282,25.09161],[89.63282,25.09179],[89.63302,25.09179],[89.63303,25.09215],[89.63283,25.09215],[89.63285,25.09305],[89.63265,25.09306],[89.63264,25.0927],[89.63245,25.0927],[89.63245,25.09288],[89.63205,25.09289],[89.63205,25.09271],[89.63185,25.09271],[89.63186,25.09289],[89.63166,25.09289],[89.63167,25.09325],[89.63206,25.09325],[89.63206,25.09307],[89.63226,25.09306],[89.63226,25.09324],[89.63266,25.09324],[89.63266,25.09342],[89.63306,25.09341]]]}},{"type":"Feature","properties":{"kind":"land","ha":2.7},"geometry":{"type":"Polygon","coordinates":[[[89.62739,25.0881],[89.62758,25.08773],[89.62838,25.0879],[89.62837,25.08736],[89.62857,25.08735],[89.62856,25.08717],[89.62836,25.08718],[89.62836,25.087],[89.62796,25.087],[89.62796,25.08682],[89.62756,25.08683],[89.62736,25.08647],[89.62657,25.08649],[89.62656,25.08631],[89.62617,25.08631],[89.62617,25.08667],[89.62657,25.08685],[89.62658,25.08703],[89.62678,25.08702],[89.62678,25.0872],[89.62658,25.08721],[89.6266,25.08793],[89.62679,25.08793],[89.6268,25.08811],[89.62739,25.0881]]]}},{"type":"Feature","properties":{"kind":"land","ha":5.9},"geometry":{"type":"Polygon","coordinates":[[[89.6362,25.09209],[89.6362,25.09191],[89.63679,25.0919],[89.63679,25.09172],[89.63639,25.09173],[89.63639,25.09155],[89.63619,25.09155],[89.63618,25.09119],[89.63598,25.09119],[89.63598,25.09101],[89.63618,25.09101],[89.63617,25.09065],[89.63696,25.09063],[89.63696,25.09045],[89.63716,25.09045],[89.63715,25.09009],[89.63754,25.0899],[89.63754,25.08972],[89.63773,25.08972],[89.63772,25.089],[89.63752,25.089],[89.63751,25.08864],[89.63731,25.08864],[89.6373,25.08774],[89.6371,25.08774],[89.63709,25.0872],[89.63788,25.08719],[89.63788,25.08737],[89.63808,25.08736],[89.63787,25.08665],[89.63806,25.08664],[89.63805,25.08592],[89.63785,25.08592],[89.63786,25.0861],[89.63686,25.08612],[89.63686,25.08594],[89.63646,25.08595],[89.63646,25.08559],[89.63626,25.08559],[89.6363,25.08758],[89.6365,25.08757],[89.63651,25.08793],[89.6367,25.08793],[89.63671,25.08829],[89.63711,25.08846],[89.63713,25.08937],[89.63674,25.08937],[89.63674,25.08955],[89.63654,25.08956],[89.63656,25.09046],[89.63577,25.09047],[89.63578,25.0912],[89.63559,25.0912],[89.6356,25.09174],[89.6358,25.09174],[89.6358,25.0921],[89.6362,25.09209]]]}},{"type":"Feature","properties":{"kind":"land","ha":1.2},"geometry":{"type":"Polygon","coordinates":[[[89.62339,25.08618],[89.62338,25.08582],[89.62358,25.08582],[89.62357,25.08564],[89.62377,25.08563],[89.62376,25.08509],[89.62277,25.08511],[89.62258,25.08547],[89.62238,25.08548],[89.62259,25.08583],[89.62279,25.08583],[89.62279,25.08601],[89.62299,25.08601],[89.623,25.08637],[89.62339,25.08618]]]}},{"type":"Feature","properties":{"kind":"land","ha":62.0},"geometry":{"type":"Polygon","coordinates":[[[89.64524,25.08832],[89.64722,25.08828],[89.64722,25.08846],[89.64762,25.08846],[89.64803,25.08917],[89.64763,25.08918],[89.64764,25.08936],[89.64744,25.08936],[89.64745,25.08972],[89.64883,25.0897],[89.64885,25.09024],[89.64924,25.09023],[89.64925,25.09041],[89.64944,25.09041],[89.64945,25.09077],[89.64985,25.09076],[89.65004,25.0904],[89.65024,25.0904],[89.65025,25.09112],[89.65005,25.09112],[89.65006,25.0913],[89.65026,25.0913],[89.65027,25.09184],[89.65047,25.09184],[89.65049,25.09292],[89.65009,25.09293],[89.6501,25.09311],[89.6493,25.09294],[89.6493,25.09276],[89.6491,25.09276],[89.6491,25.09294],[89.64871,25.09295],[89.6485,25.09259],[89.6483,25.0926],[89.64829,25.09224],[89.64789,25.09206],[89.64789,25.09188],[89.64769,25.09189],[89.64768,25.09153],[89.64729,25.09153],[89.64728,25.09135],[89.64788,25.09134],[89.64787,25.0908],[89.64806,25.0908],[89.64805,25.09007],[89.64785,25.09008],[89.64785,25.0899],[89.64745,25.0899],[89.64745,25.09009],[89.64726,25.09009],[89.64727,25.09063],[89.64687,25.09064],[89.64686,25.0901],[89.64706,25.09009],[89.64704,25.08937],[89.64605,25.08939],[89.64605,25.08921],[89.64545,25.08922],[89.64525,25.08886],[89.64465,25.08887],[89.64466,25.08905],[89.64426,25.08906],[89.64426,25.08888],[89.64346,25.08889],[89.64346,25.08871],[89.64287,25.08872],[89.64287,25.0889],[89.64168,25.08892],[89.64168,25.08874],[89.64148,25.08875],[89.64148,25.08893],[89.64129,25.08893],[89.64128,25.08875],[89.64108,25.08875],[89.64108,25.08839],[89.64068,25.0884],[89.64068,25.08822],[89.64008,25.08823],[89.64009,25.08859],[89.64049,25.08877],[89.6405,25.08913],[89.6409,25.0893],[89.6409,25.08948],[89.6411,25.08948],[89.6411,25.08966],[89.6413,25.08965],[89.6413,25.08983],[89.6415,25.08983],[89.64151,25.09037],[89.64191,25.09054],[89.64193,25.09109],[89.64212,25.09108],[89.64213,25.09144],[89.64253,25.09162],[89.64254,25.0918],[89.64273,25.09179],[89.64275,25.09252],[89.64295,25.09251],[89.64295,25.09269],[89.64355,25.09268],[89.64355,25.09286],[89.64375,25.09286],[89.64396,25.09358],[89.64436,25.09375],[89.64437,25.09393],[89.64456,25.09393],[89.64457,25.09411],[89.64477,25.0941],[89.64476,25.09392],[89.64516,25.09392],[89.64516,25.0941],[89.64556,25.09409],[89.64555,25.09355],[89.64595,25.09372],[89.64595,25.0939],[89.64655,25.09389],[89.64654,25.09353],[89.64674,25.09353],[89.64673,25.09335],[89.64713,25.09334],[89.64714,25.0937],[89.64754,25.09387],[89.64754,25.09405],[89.64794,25.09405],[89.64795,25.09477],[89.64835,25.09476],[89.64834,25.09422],[89.64814,25.09422],[89.64813,25.09386],[89.64773,25.09369],[89.64773,25.09351],[89.64792,25.09351],[89.64792,25.09315],[89.64831,25.09314],[89.64832,25.09332],[89.64851,25.09332],[89.64852,25.09368],[89.64872,25.09367],[89.64874,25.09475],[89.64914,25.09493],[89.64915,25.09529],[89.65034,25.09545],[89.65055,25.09581],[89.65115,25.0958],[89.65108,25.09273],[89.65088,25.09273],[89.65087,25.09237],[89.65107,25.09237],[89.65106,25.09201],[89.65066,25.09183],[89.65066,25.09147],[89.65085,25.09147],[89.65084,25.09075],[89.65104,25.09074],[89.65101,25.08948],[89.65081,25.08948],[89.65078,25.08804],[89.65058,25.08804],[89.65057,25.08768],[89.65038,25.08769],[89.65037,25.08751],[89.65017,25.08751],[89.65036,25.08715],[89.65056,25.08714],[89.65053,25.08588],[89.65034,25.08588],[89.65032,25.08516],[89.65012,25.08516],[89.65013,25.08571],[89.64974,25.08589],[89.64975,25.08607],[89.64955,25.08608],[89.64955,25.08626],[89.64935,25.08626],[89.64935,25.08608],[89.64915,25.08608],[89.64914,25.08554],[89.64934,25.08554],[89.64933,25.08536],[89.64973,25.08535],[89.64973,25.08517],[89.64933,25.08518],[89.64912,25.08482],[89.64893,25.08482],[89.64892,25.08464],[89.64872,25.08465],[89.64872,25.08447],[89.64832,25.08447],[89.64833,25.08465],[89.64793,25.08466],[89.64774,25.08503],[89.64754,25.08503],[89.64755,25.08521],[89.64715,25.08522],[89.64696,25.08558],[89.64656,25.08559],[89.64656,25.08541],[89.64636,25.08541],[89.64637,25.08559],[89.64617,25.0856],[89.64618,25.08632],[89.64579,25.0865],[89.64581,25.08741],[89.64561,25.08741],[89.64562,25.08777],[89.64542,25.08777],[89.64542,25.08759],[89.64502,25.0876],[89.64501,25.08724],[89.64482,25.08724],[89.64482,25.08742],[89.64363,25.08745],[89.64362,25.0869],[89.64342,25.08691],[89.64323,25.08727],[89.64264,25.08728],[89.64265,25.08782],[89.64245,25.08783],[89.64246,25.08819],[89.64266,25.08819],[89.64266,25.08837],[89.64325,25.08836],[89.64325,25.08817],[89.64345,25.08817],[89.64345,25.08835],[89.64365,25.08835],[89.64365,25.08817],[89.64404,25.08816],[89.64404,25.08798],[89.64503,25.08796],[89.64524,25.08832]],[[89.64503,25.08778],[89.64522,25.08778],[89.64523,25.08796],[89.64503,25.08796],[89.64503,25.08778]],[[89.64992,25.09401],[89.64932,25.09402],[89.64932,25.09384],[89.64991,25.09383],[89.64991,25.09365],[89.65031,25.09364],[89.65032,25.09419],[89.64992,25.09419],[89.64992,25.09401]],[[89.64515,25.09338],[89.64534,25.09337],[89.64535,25.09355],[89.64515,25.09356],[89.64515,25.09338]],[[89.64633,25.09317],[89.64653,25.09317],[89.64653,25.09335],[89.64634,25.09335],[89.64633,25.09317]],[[89.64494,25.09284],[89.64513,25.09283],[89.64513,25.09265],[89.64573,25.09264],[89.64554,25.09301],[89.64534,25.09301],[89.64534,25.09319],[89.64514,25.09319],[89.64494,25.09284]],[[89.64593,25.093],[89.64613,25.093],[89.64613,25.09318],[89.64594,25.09318],[89.64593,25.093]],[[89.64509,25.09067],[89.64489,25.09067],[89.64488,25.09013],[89.64547,25.09012],[89.64549,25.09084],[89.64509,25.09085],[89.64509,25.09067]],[[89.6466,25.08703],[89.64679,25.08703],[89.64679,25.08685],[89.64738,25.08684],[89.64739,25.08702],[89.64759,25.08701],[89.64759,25.08719],[89.64719,25.0872],[89.6472,25.08738],[89.647,25.08739],[89.647,25.08757],[89.64661,25.08757],[89.6466,25.08703]]]}},{"type":"Feature","properties":{"kind":"land","ha":4.6},"geometry":{"type":"Polygon","coordinates":[[[89.60588,25.09227],[89.60587,25.09209],[89.60607,25.09208],[89.60606,25.09172],[89.60587,25.09172],[89.60582,25.08974],[89.60542,25.08957],[89.6054,25.08866],[89.6056,25.08866],[89.60559,25.0883],[89.6054,25.0883],[89.60539,25.08776],[89.60519,25.08777],[89.60518,25.08722],[89.60537,25.08722],[89.60536,25.08668],[89.60497,25.08669],[89.60494,25.0856],[89.60474,25.08561],[89.60473,25.08507],[89.60454,25.08507],[89.60454,25.08543],[89.60434,25.08543],[89.60437,25.08652],[89.60477,25.08669],[89.60478,25.08705],[89.60497,25.08705],[89.60501,25.08867],[89.60481,25.08867],[89.60482,25.08922],[89.60502,25.08921],[89.60507,25.09174],[89.60527,25.09173],[89.60528,25.0921],[89.60548,25.09209],[89.60548,25.09227],[89.60588,25.09227]]]}},{"type":"Feature","properties":{"kind":"land","ha":2.0},"geometry":{"type":"Polygon","coordinates":[[[89.64382,25.0869],[89.64381,25.08672],[89.64421,25.08671],[89.64421,25.08689],[89.64441,25.08689],[89.6444,25.08635],[89.6448,25.08634],[89.64479,25.08616],[89.64519,25.08634],[89.64518,25.08579],[89.64498,25.0858],[89.64497,25.08508],[89.64536,25.08489],[89.64535,25.08435],[89.64475,25.08436],[89.64476,25.08454],[89.64436,25.08454],[89.64437,25.08473],[89.64456,25.08472],[89.64458,25.08526],[89.64477,25.08526],[89.64478,25.08562],[89.6436,25.08618],[89.64362,25.0869],[89.64382,25.0869]]]}},{"type":"Feature","properties":{"kind":"land","ha":4.0},"geometry":{"type":"Polygon","coordinates":[[[89.64047,25.08786],[89.64047,25.08768],[89.64086,25.08768],[89.64104,25.08659],[89.64084,25.08659],[89.64083,25.08641],[89.64123,25.08641],[89.64122,25.08586],[89.64162,25.08586],[89.64161,25.08568],[89.64181,25.08567],[89.64199,25.08495],[89.64219,25.08494],[89.64198,25.08459],[89.64159,25.08459],[89.64159,25.08477],[89.64139,25.08478],[89.64141,25.08532],[89.64121,25.08532],[89.6412,25.08514],[89.64101,25.08515],[89.64099,25.0846],[89.6408,25.08461],[89.64079,25.08425],[89.64059,25.08425],[89.6406,25.08461],[89.6404,25.08462],[89.64041,25.08516],[89.64021,25.08516],[89.64022,25.08552],[89.64042,25.08552],[89.64043,25.08588],[89.64062,25.08588],[89.64063,25.08606],[89.64043,25.08606],[89.64044,25.08642],[89.64024,25.08642],[89.64024,25.0866],[89.63985,25.08661],[89.63985,25.08679],[89.63965,25.08679],[89.63987,25.08751],[89.64007,25.08751],[89.63988,25.08787],[89.64047,25.08786]]]}},{"type":"Feature","properties":{"kind":"land","ha":1.5},"geometry":{"type":"Polygon","coordinates":[[[89.69686,25.08342],[89.69706,25.08378],[89.69726,25.08377],[89.69707,25.08414],[89.69747,25.08413],[89.69746,25.08359],[89.69726,25.08359],[89.69726,25.08341],[89.69745,25.08341],[89.69743,25.08251],[89.69763,25.0825],[89.69763,25.08232],[89.69723,25.08233],[89.69725,25.08305],[89.69705,25.08305],[89.69705,25.08324],[89.69685,25.08324],[89.69685,25.08288],[89.69665,25.08288],[89.69664,25.0827],[89.69625,25.08271],[89.69624,25.08253],[89.69605,25.08253],[89.69607,25.08343],[89.69587,25.08344],[89.69587,25.08362],[89.69607,25.08361],[89.69608,25.08397],[89.69647,25.08379],[89.69647,25.08361],[89.69666,25.0836],[89.69666,25.08342],[89.69686,25.08342]],[[89.69626,25.08343],[89.69626,25.08325],[89.69666,25.08324],[89.69666,25.08342],[89.69626,25.08343]]]}},{"type":"Feature","properties":{"kind":"land","ha":7.2},"geometry":{"type":"Polygon","coordinates":[[[89.67847,25.0852],[89.67846,25.08484],[89.67866,25.08483],[89.67864,25.08429],[89.67845,25.08429],[89.67844,25.08393],[89.67824,25.08394],[89.67823,25.0834],[89.67803,25.0834],[89.67802,25.08304],[89.67743,25.08305],[89.67742,25.08251],[89.67702,25.0827],[89.67703,25.08288],[89.67663,25.08288],[89.67664,25.08306],[89.67624,25.08307],[89.67624,25.08289],[89.67604,25.08289],[89.67605,25.08325],[89.67585,25.08326],[89.67584,25.08308],[89.67505,25.08309],[89.67506,25.08345],[89.67446,25.08346],[89.67446,25.08328],[89.67406,25.08329],[89.67407,25.08347],[89.67347,25.08348],[89.6735,25.08456],[89.6733,25.08457],[89.67331,25.08493],[89.67311,25.08493],[89.67311,25.08511],[89.67351,25.08511],[89.67351,25.08492],[89.6745,25.08491],[89.67448,25.08437],[89.67429,25.08437],[89.67429,25.08473],[89.6739,25.08474],[89.67389,25.0842],[89.67448,25.08419],[89.67447,25.08382],[89.67427,25.08383],[89.67427,25.08365],[89.67467,25.08364],[89.67467,25.084],[89.67487,25.084],[89.67487,25.08382],[89.67546,25.08381],[89.67547,25.08417],[89.67567,25.08416],[89.67567,25.08434],[89.67687,25.0845],[89.67687,25.08468],[89.67707,25.08468],[89.67706,25.08432],[89.67726,25.08432],[89.67727,25.08486],[89.67747,25.08485],[89.67747,25.08503],[89.67807,25.08502],[89.67807,25.0852],[89.67847,25.0852]],[[89.67624,25.08325],[89.67704,25.0836],[89.67705,25.08378],[89.67626,25.08379],[89.67624,25.08325]]]}},{"type":"Feature","properties":{"kind":"land","ha":3.4},"geometry":{"type":"Polygon","coordinates":[[[89.68756,25.08431],[89.68755,25.08359],[89.68794,25.0834],[89.68794,25.08322],[89.68873,25.08321],[89.68852,25.08285],[89.68813,25.08286],[89.68792,25.0825],[89.68772,25.0825],[89.68791,25.08214],[89.68672,25.08216],[89.68673,25.08234],[89.68653,25.08234],[89.68653,25.08252],[89.68693,25.08252],[89.68693,25.0827],[89.68713,25.08269],[89.68714,25.08287],[89.68654,25.08288],[89.68654,25.0827],[89.68555,25.08272],[89.68555,25.0829],[89.68615,25.08289],[89.68615,25.08325],[89.68595,25.08326],[89.68596,25.08344],[89.68556,25.08344],[89.68557,25.08362],[89.68596,25.08362],[89.68597,25.0838],[89.68716,25.08378],[89.68716,25.08396],[89.68736,25.08395],[89.68737,25.08431],[89.68756,25.08431]]]}},{"type":"Feature","properties":{"kind":"land","ha":1.2},"geometry":{"type":"Polygon","coordinates":[[[89.64256,25.08386],[89.64256,25.08367],[89.64296,25.08367],[89.64295,25.08349],[89.64335,25.08348],[89.64335,25.08366],[89.64355,25.08366],[89.64334,25.08294],[89.64274,25.08295],[89.64254,25.08259],[89.64234,25.0826],[89.64235,25.08296],[89.64215,25.08296],[89.64216,25.0835],[89.64196,25.0835],[89.64197,25.08387],[89.64256,25.08386]]]}},{"type":"Feature","properties":{"kind":"land","ha":1.6},"geometry":{"type":"Polygon","coordinates":[[[89.59251,25.08799],[89.5925,25.08745],[89.5923,25.08745],[89.59228,25.08673],[89.59208,25.08673],[89.59206,25.08583],[89.59187,25.08583],[89.59186,25.08547],[89.59166,25.08548],[89.59165,25.08475],[89.59145,25.08476],[89.59144,25.0844],[89.59124,25.0844],[89.59123,25.08386],[89.59083,25.08368],[89.59083,25.0835],[89.59063,25.08351],[89.59062,25.08333],[89.59043,25.08333],[89.59043,25.08369],[89.59083,25.08387],[89.59084,25.08423],[89.59104,25.08422],[89.59105,25.08476],[89.59125,25.08476],[89.59126,25.08512],[89.59145,25.08512],[89.59147,25.08566],[89.59166,25.08566],[89.59167,25.08602],[89.59187,25.08601],[89.5919,25.08746],[89.5923,25.08763],[89.59231,25.08799],[89.59251,25.08799]]]}},{"type":"Feature","properties":{"kind":"land","ha":4.7},"geometry":{"type":"Polygon","coordinates":[[[89.68611,25.08109],[89.6863,25.08072],[89.68669,25.08072],[89.6869,25.08107],[89.68729,25.08107],[89.68729,25.08089],[89.68788,25.08087],[89.68789,25.08106],[89.68928,25.08103],[89.68947,25.08067],[89.68986,25.08066],[89.68984,25.07976],[89.68945,25.07976],[89.68926,25.08013],[89.68906,25.08013],[89.68906,25.08031],[89.68827,25.08033],[89.68806,25.07997],[89.68747,25.07998],[89.68748,25.08034],[89.68688,25.08035],[89.68688,25.08017],[89.68648,25.08018],[89.68649,25.08036],[89.68609,25.08019],[89.68609,25.08037],[89.6853,25.08038],[89.68529,25.0802],[89.6845,25.08021],[89.68451,25.08057],[89.68431,25.08058],[89.68431,25.08076],[89.68451,25.08076],[89.68452,25.08112],[89.68611,25.08109]]]}},{"type":"Feature","properties":{"kind":"land","ha":2.4},"geometry":{"type":"Polygon","coordinates":[[[89.69722,25.08179],[89.69721,25.08143],[89.6976,25.08124],[89.6976,25.08106],[89.6978,25.08106],[89.69779,25.08088],[89.69799,25.08087],[89.69799,25.08069],[89.69819,25.08069],[89.69816,25.07961],[89.69757,25.07962],[89.69756,25.07925],[89.69736,25.07926],[89.69738,25.07998],[89.69699,25.08017],[89.6968,25.08089],[89.69661,25.0809],[89.69661,25.08108],[89.69621,25.08108],[89.69642,25.08144],[89.69662,25.08144],[89.69661,25.08126],[89.69701,25.08125],[89.69702,25.08161],[89.69682,25.08161],[89.69682,25.0818],[89.69722,25.08179]]]}},{"type":"Feature","properties":{"kind":"land","ha":3.7},"geometry":{"type":"Polygon","coordinates":[[[89.67305,25.08205],[89.67303,25.0815],[89.67343,25.08132],[89.67342,25.08114],[89.67362,25.08113],[89.67363,25.08149],[89.67383,25.08149],[89.67381,25.08095],[89.67421,25.08094],[89.67421,25.08076],[89.6748,25.08075],[89.67481,25.08093],[89.675,25.08093],[89.67502,25.08147],[89.67521,25.08146],[89.67519,25.08056],[89.67539,25.08056],[89.67539,25.08038],[89.67519,25.08038],[89.67519,25.0802],[89.67479,25.08021],[89.67478,25.07967],[89.67438,25.07967],[89.67438,25.07949],[89.67418,25.0795],[89.67418,25.07968],[89.67379,25.07969],[89.67398,25.07932],[89.67358,25.07915],[89.67357,25.07897],[89.67338,25.07897],[89.67338,25.07933],[89.67319,25.07934],[89.67321,25.0806],[89.67282,25.08079],[89.67285,25.08205],[89.67305,25.08205]],[[89.674,25.0804],[89.67401,25.08058],[89.67381,25.08059],[89.6738,25.08041],[89.674,25.0804]],[[89.67361,25.08041],[89.6736,25.08023],[89.6738,25.08023],[89.6738,25.08041],[89.67361,25.08041]]]}},{"type":"Feature","properties":{"kind":"land","ha":4.1},"geometry":{"type":"Polygon","coordinates":[[[89.60247,25.08131],[89.60287,25.08131],[89.60287,25.08149],[89.60248,25.0815],[89.60249,25.08222],[89.60289,25.08221],[89.60289,25.08239],[89.60309,25.08239],[89.6031,25.08275],[89.6033,25.08274],[89.60331,25.08347],[89.60351,25.08346],[89.60351,25.08364],[89.60411,25.08363],[89.6041,25.08345],[89.6043,25.08345],[89.6043,25.08309],[89.60449,25.08308],[89.60448,25.08254],[89.60428,25.08255],[89.60428,25.08219],[89.60447,25.08218],[89.60447,25.08182],[89.60407,25.08183],[89.60407,25.08201],[89.60348,25.08202],[89.60348,25.08184],[89.60328,25.08184],[89.60326,25.08112],[89.60346,25.08112],[89.60346,25.08094],[89.60306,25.08094],[89.60285,25.08023],[89.60225,25.08024],[89.60225,25.08006],[89.60205,25.08006],[89.60204,25.07952],[89.60184,25.07952],[89.60167,25.08061],[89.60207,25.08078],[89.60207,25.08096],[89.60266,25.08095],[89.60247,25.08131]],[[89.60226,25.08042],[89.60206,25.08042],[89.60205,25.08024],[89.60225,25.08024],[89.60226,25.08042]],[[89.60266,25.08077],[89.60286,25.08077],[89.60286,25.08095],[89.60266,25.08095],[89.60266,25.08077]],[[89.60348,25.0822],[89.60388,25.08219],[89.60389,25.08255],[89.60349,25.08256],[89.60348,25.0822]],[[89.60268,25.08185],[89.60288,25.08185],[89.60289,25.08203],[89.60269,25.08203],[89.60268,25.08185]]]}},{"type":"Feature","properties":{"kind":"land","ha":8.5},"geometry":{"type":"Polygon","coordinates":[[[89.68549,25.08002],[89.68548,25.07965],[89.68588,25.07965],[89.68567,25.07929],[89.68626,25.07928],[89.68627,25.07946],[89.68647,25.07946],[89.68647,25.07982],[89.68687,25.07981],[89.68686,25.07945],[89.68726,25.07944],[89.68727,25.0798],[89.68766,25.07962],[89.68766,25.0798],[89.68806,25.07979],[89.68806,25.07997],[89.68826,25.07997],[89.68805,25.07925],[89.68904,25.07923],[89.68905,25.07959],[89.68924,25.07959],[89.68943,25.07922],[89.68983,25.07921],[89.68984,25.07976],[89.69004,25.07975],[89.69023,25.07939],[89.69043,25.07938],[89.69041,25.07866],[89.69061,25.07866],[89.6904,25.0783],[89.6908,25.07829],[89.69098,25.07757],[89.69039,25.07758],[89.69039,25.0774],[89.68999,25.07741],[89.68998,25.07723],[89.68959,25.07723],[89.68938,25.07688],[89.68899,25.07706],[89.689,25.07743],[89.6894,25.0776],[89.6894,25.07778],[89.6896,25.07778],[89.6896,25.07796],[89.6898,25.07795],[89.68981,25.07813],[89.6902,25.07813],[89.69021,25.07849],[89.69001,25.07849],[89.69002,25.07867],[89.68962,25.0785],[89.68962,25.07886],[89.68903,25.07887],[89.68882,25.07851],[89.68863,25.07851],[89.68863,25.0787],[89.68784,25.07871],[89.68783,25.07853],[89.68744,25.07854],[89.68763,25.07817],[89.68783,25.07817],[89.68782,25.07799],[89.68802,25.07798],[89.68802,25.07816],[89.68842,25.07798],[89.68842,25.07816],[89.68882,25.07815],[89.68881,25.07797],[89.68861,25.07797],[89.6886,25.07725],[89.68781,25.07727],[89.68743,25.078],[89.68663,25.07783],[89.68664,25.07819],[89.68644,25.07819],[89.68644,25.07837],[89.68605,25.07838],[89.68584,25.07802],[89.68544,25.07803],[89.68545,25.07821],[89.68565,25.07821],[89.68566,25.07875],[89.68586,25.07875],[89.68586,25.07893],[89.68546,25.07893],[89.68548,25.07947],[89.68508,25.07948],[89.68508,25.07966],[89.68489,25.07967],[89.68509,25.08002],[89.68549,25.08002]],[[89.68625,25.07856],[89.68664,25.07855],[89.68665,25.07891],[89.68645,25.07892],[89.68625,25.07856]]]}},{"type":"Feature","properties":{"kind":"land","ha":3.7},"geometry":{"type":"Polygon","coordinates":[[[89.63688,25.07782],[89.63708,25.07745],[89.63747,25.07745],[89.63727,25.07709],[89.63746,25.07709],[89.63746,25.07691],[89.63826,25.07707],[89.63825,25.07689],[89.63845,25.07689],[89.63846,25.07725],[89.63866,25.07725],[89.63866,25.07743],[89.63925,25.07742],[89.63925,25.07724],[89.63965,25.07723],[89.63964,25.07705],[89.63984,25.07704],[89.63983,25.07668],[89.63944,25.07687],[89.63944,25.07705],[89.63905,25.07706],[89.63884,25.0767],[89.63864,25.0767],[89.63883,25.07634],[89.63784,25.07636],[89.63784,25.07618],[89.63744,25.07618],[89.63744,25.076],[89.63724,25.07601],[89.63725,25.07619],[89.63685,25.0762],[89.63685,25.07638],[89.63626,25.07639],[89.63588,25.07712],[89.63548,25.07712],[89.63569,25.07748],[89.63589,25.07748],[89.63608,25.07711],[89.63627,25.07711],[89.63629,25.07765],[89.63648,25.07765],[89.63649,25.07783],[89.63688,25.07782]]]}},{"type":"Feature","properties":{"kind":"land","ha":1.7},"geometry":{"type":"Polygon","coordinates":[[[89.67092,25.07541],[89.67052,25.07523],[89.67052,25.07505],[89.67032,25.07506],[89.67032,25.07524],[89.67012,25.07524],[89.67014,25.07578],[89.66994,25.07578],[89.66993,25.07542],[89.66973,25.07543],[89.66975,25.07615],[89.67034,25.07614],[89.67035,25.0765],[89.67055,25.07649],[89.67055,25.07668],[89.67095,25.07667],[89.67095,25.07685],[89.67115,25.07685],[89.67115,25.07666],[89.67154,25.07666],[89.67154,25.07648],[89.67134,25.07648],[89.67133,25.07612],[89.67113,25.07612],[89.67113,25.07576],[89.67093,25.07577],[89.67092,25.07541]],[[89.67093,25.07595],[89.67073,25.07595],[89.67073,25.07577],[89.67093,25.07577],[89.67093,25.07595]]]}},{"type":"Feature","properties":{"kind":"land","ha":3.4},"geometry":{"type":"Polygon","coordinates":[[[89.67696,25.07963],[89.67695,25.07945],[89.67655,25.07927],[89.67655,25.07909],[89.67635,25.0791],[89.67635,25.07892],[89.67655,25.07891],[89.67654,25.07855],[89.67733,25.07854],[89.67754,25.0789],[89.67773,25.07889],[89.67773,25.07853],[89.67733,25.07836],[89.67732,25.07818],[89.67712,25.07818],[89.67712,25.078],[89.67692,25.078],[89.67692,25.07782],[89.67632,25.07783],[89.67612,25.07748],[89.67592,25.07748],[89.67609,25.0764],[89.6759,25.0764],[89.67588,25.07586],[89.67548,25.07568],[89.67548,25.07532],[89.67508,25.07515],[89.67507,25.07497],[89.67487,25.07497],[89.67469,25.0757],[89.67509,25.07587],[89.6751,25.07605],[89.67549,25.07604],[89.6755,25.07623],[89.67569,25.07622],[89.6757,25.0764],[89.6755,25.07641],[89.67552,25.07749],[89.67572,25.07748],[89.67573,25.07785],[89.67593,25.07784],[89.67595,25.0791],[89.67636,25.07928],[89.67636,25.07946],[89.67656,25.07946],[89.67656,25.07964],[89.67696,25.07963]]]}},{"type":"Feature","properties":{"kind":"land","ha":1.1},"geometry":{"type":"Polygon","coordinates":[[[89.66204,25.07701],[89.66203,25.07683],[89.66183,25.07683],[89.66183,25.07665],[89.66143,25.07666],[89.66143,25.0763],[89.66103,25.07612],[89.66102,25.07594],[89.66063,25.07595],[89.66062,25.07559],[89.66022,25.07542],[89.66021,25.07524],[89.65982,25.07524],[89.66002,25.0756],[89.66022,25.0756],[89.66023,25.07596],[89.66043,25.07595],[89.66044,25.07632],[89.66083,25.07631],[89.66084,25.07667],[89.66104,25.07667],[89.66104,25.07685],[89.66164,25.07684],[89.66164,25.07702],[89.66204,25.07701]]]}},{"type":"Feature","properties":{"kind":"land","ha":5.1},"geometry":{"type":"Polygon","coordinates":[[[89.70441,25.07552],[89.70461,25.07552],[89.7048,25.07515],[89.705,25.07515],[89.705,25.07497],[89.7052,25.07496],[89.70519,25.07478],[89.70559,25.07478],[89.70558,25.07442],[89.70578,25.07441],[89.70577,25.07423],[89.70478,25.07425],[89.70478,25.07389],[89.70517,25.0737],[89.70516,25.07352],[89.70536,25.07352],[89.70535,25.07316],[89.70516,25.07316],[89.70515,25.07298],[89.70476,25.07299],[89.70457,25.07335],[89.70417,25.07336],[89.70417,25.07354],[89.70358,25.07355],[89.70358,25.07373],[89.70299,25.07374],[89.70299,25.07392],[89.7022,25.07394],[89.7022,25.07412],[89.70181,25.07412],[89.70181,25.0743],[89.70161,25.07431],[89.70162,25.07467],[89.70142,25.07467],[89.70143,25.07503],[89.70104,25.07522],[89.70104,25.0754],[89.70084,25.0754],[89.70085,25.07559],[89.70065,25.07559],[89.70065,25.07577],[89.70165,25.07575],[89.70184,25.07539],[89.70262,25.07519],[89.70262,25.07501],[89.70302,25.075],[89.70281,25.07465],[89.70301,25.07464],[89.703,25.07428],[89.70339,25.0741],[89.7034,25.07428],[89.70359,25.07427],[89.70378,25.07391],[89.70398,25.0739],[89.70398,25.07372],[89.70437,25.07372],[89.70441,25.07552]],[[89.70437,25.07354],[89.70457,25.07353],[89.70457,25.07371],[89.70437,25.07372],[89.70437,25.07354]]]}},{"type":"Feature","properties":{"kind":"land","ha":2.2},"geometry":{"type":"Polygon","coordinates":[[[89.59901,25.07668],[89.599,25.07632],[89.5988,25.07633],[89.59879,25.07578],[89.59799,25.07544],[89.59797,25.07453],[89.59738,25.07455],[89.59719,25.07527],[89.59759,25.07544],[89.5976,25.07562],[89.5974,25.07563],[89.59741,25.07617],[89.59781,25.07616],[89.59801,25.07652],[89.59821,25.07652],[89.59821,25.0767],[89.59901,25.07668]]]}},{"type":"Feature","properties":{"kind":"land","ha":1.6},"geometry":{"type":"Polygon","coordinates":[[[89.66417,25.07462],[89.66416,25.07444],[89.66436,25.07444],[89.66415,25.07408],[89.66435,25.07408],[89.66435,25.0739],[89.66415,25.0739],[89.66414,25.07354],[89.66394,25.07355],[89.66394,25.07318],[89.66374,25.07319],[89.66373,25.07301],[89.66274,25.07303],[89.66276,25.07375],[89.66296,25.07374],[89.66295,25.07338],[89.66315,25.07338],[89.66315,25.07374],[89.66356,25.07391],[89.66357,25.07445],[89.66376,25.07445],[89.66377,25.07463],[89.66417,25.07462]]]}},{"type":"Feature","properties":{"kind":"land","ha":21.4},"geometry":{"type":"Polygon","coordinates":[[[89.71569,25.07441],[89.71549,25.07442],[89.71549,25.0746],[89.71431,25.0748],[89.7143,25.07462],[89.7145,25.07461],[89.71449,25.07425],[89.71409,25.07408],[89.71409,25.07372],[89.71389,25.07372],[89.7137,25.07409],[89.7131,25.0741],[89.71311,25.07428],[89.71132,25.07431],[89.71113,25.07468],[89.71054,25.07469],[89.71055,25.07505],[89.70995,25.07506],[89.70996,25.07524],[89.70956,25.07525],[89.70957,25.07543],[89.70917,25.07543],[89.70917,25.07561],[89.70878,25.07562],[89.70878,25.0758],[89.70819,25.07581],[89.708,25.07618],[89.70958,25.07597],[89.70957,25.07579],[89.70997,25.07578],[89.70997,25.0756],[89.71036,25.07559],[89.71035,25.07523],[89.71115,25.07522],[89.71134,25.07485],[89.71173,25.07485],[89.71174,25.07503],[89.71273,25.07501],[89.71272,25.07483],[89.71312,25.07482],[89.71311,25.07464],[89.71351,25.07481],[89.71371,25.07445],[89.7139,25.07444],[89.71392,25.07499],[89.71471,25.07497],[89.71491,25.07533],[89.71571,25.07549],[89.71571,25.07567],[89.71631,25.07566],[89.71631,25.07584],[89.71691,25.07583],[89.71691,25.07601],[89.7173,25.07583],[89.71731,25.07601],[89.71929,25.07597],[89.71928,25.07579],[89.71968,25.07578],[89.71967,25.07542],[89.72046,25.07523],[89.72046,25.07505],[89.72085,25.07504],[89.72084,25.07468],[89.72124,25.07449],[89.72123,25.07431],[89.72143,25.07431],[89.72143,25.07413],[89.72182,25.07412],[89.72182,25.07394],[89.72103,25.07395],[89.72082,25.0736],[89.72062,25.0736],[89.72062,25.07342],[89.71943,25.07344],[89.71943,25.07362],[89.71924,25.07362],[89.71923,25.07344],[89.71844,25.07346],[89.71844,25.07328],[89.71824,25.07328],[89.71823,25.07274],[89.71862,25.07255],[89.71861,25.07237],[89.71802,25.07238],[89.71802,25.07256],[89.71783,25.07257],[89.71783,25.07293],[89.71744,25.07312],[89.71744,25.0733],[89.71705,25.0733],[89.71704,25.07312],[89.71625,25.07314],[89.71623,25.07224],[89.71643,25.07223],[89.71642,25.07187],[89.71622,25.07188],[89.71623,25.07206],[89.71603,25.07206],[89.71604,25.0726],[89.71565,25.07261],[89.71565,25.07279],[89.71545,25.07279],[89.71546,25.07333],[89.71527,25.07334],[89.71527,25.07352],[89.71507,25.07352],[89.71506,25.07298],[89.71526,25.07298],[89.71525,25.0728],[89.71486,25.0728],[89.71486,25.07298],[89.71466,25.07299],[89.71468,25.07353],[89.71487,25.07352],[89.71489,25.07425],[89.71568,25.07405],[89.71569,25.07441]],[[89.71567,25.07387],[89.71587,25.07387],[89.71588,25.07405],[89.71568,25.07405],[89.71567,25.07387]],[[89.71945,25.07452],[89.71985,25.07452],[89.71985,25.0747],[89.71946,25.0747],[89.71945,25.07452]],[[89.71586,25.07351],[89.71606,25.0735],[89.71607,25.07368],[89.71587,25.07369],[89.71586,25.07351]]]}},{"type":"Feature","properties":{"kind":"land","ha":1.9},"geometry":{"type":"Polygon","coordinates":[[[89.6578,25.07348],[89.65778,25.07275],[89.65818,25.07275],[89.65818,25.07257],[89.65837,25.07256],[89.65835,25.07166],[89.65795,25.07149],[89.65796,25.07167],[89.65717,25.07168],[89.65716,25.07132],[89.65696,25.07132],[89.65697,25.07169],[89.65677,25.07169],[89.65677,25.07151],[89.65637,25.07152],[89.65638,25.07188],[89.65677,25.07187],[89.65678,25.07205],[89.65697,25.07205],[89.65697,25.07187],[89.65757,25.07185],[89.65758,25.0724],[89.65718,25.0724],[89.65718,25.07222],[89.65698,25.07223],[89.65699,25.07259],[89.65718,25.07258],[89.65719,25.07294],[89.65739,25.07294],[89.65739,25.07312],[89.65759,25.07312],[89.6576,25.07348],[89.6578,25.07348]]]}},{"type":"Feature","properties":{"kind":"land","ha":1.2},"geometry":{"type":"Polygon","coordinates":[[[89.61339,25.07264],[89.61338,25.07228],[89.61318,25.07228],[89.61317,25.07156],[89.61376,25.07155],[89.61397,25.07191],[89.61417,25.0719],[89.61417,25.07208],[89.61437,25.07208],[89.61436,25.07154],[89.61396,25.07155],[89.61375,25.07119],[89.61296,25.0712],[89.61296,25.07102],[89.61256,25.07103],[89.61278,25.07211],[89.61298,25.07211],[89.61299,25.07247],[89.61319,25.07246],[89.61319,25.07264],[89.61339,25.07264]]]}},{"type":"Feature","properties":{"kind":"land","ha":3.2},"geometry":{"type":"Polygon","coordinates":[[[89.72217,25.07195],[89.72236,25.07158],[89.72256,25.07158],[89.72256,25.0714],[89.72275,25.07139],[89.72275,25.07121],[89.72315,25.07121],[89.72334,25.07084],[89.72353,25.07084],[89.72372,25.07011],[89.72391,25.07011],[89.72389,25.06903],[89.72448,25.06902],[89.72449,25.0692],[89.72469,25.06919],[89.72468,25.06901],[89.72508,25.06901],[89.72507,25.06883],[89.72527,25.06882],[89.72527,25.06864],[89.72566,25.06863],[89.72566,25.06845],[89.72507,25.06846],[89.72507,25.06864],[89.72487,25.06865],[89.72487,25.06847],[89.72467,25.06847],[89.72467,25.06865],[89.72368,25.06867],[89.72369,25.06885],[89.7225,25.06887],[89.7225,25.06905],[89.72191,25.06906],[89.72191,25.06924],[89.72251,25.06923],[89.72252,25.06959],[89.72291,25.06959],[89.7229,25.06923],[89.7235,25.06922],[89.72352,25.0703],[89.72332,25.0703],[89.72333,25.07048],[89.72293,25.07049],[89.72274,25.07085],[89.72254,25.07086],[89.72255,25.07104],[89.72235,25.07104],[89.72236,25.0714],[89.72196,25.07141],[89.72177,25.07177],[89.72157,25.07178],[89.72158,25.07196],[89.72217,25.07195]]]}},{"type":"Feature","properties":{"kind":"land","ha":4.7},"geometry":{"type":"Polygon","coordinates":[[[89.603,25.07824],[89.60299,25.0777],[89.60319,25.07769],[89.60319,25.07751],[89.60299,25.07752],[89.60298,25.07697],[89.60258,25.0768],[89.60236,25.07608],[89.60216,25.07609],[89.60216,25.07573],[89.60176,25.07555],[89.60154,25.07447],[89.60134,25.07448],[89.60132,25.07357],[89.60112,25.07358],[89.60111,25.07322],[89.60092,25.07322],[89.60091,25.07304],[89.60071,25.07304],[89.6007,25.0725],[89.6005,25.07251],[89.60048,25.0716],[89.60029,25.07161],[89.60028,25.07107],[89.60008,25.07107],[89.60007,25.07071],[89.59967,25.07071],[89.59968,25.0709],[89.59988,25.07089],[89.59989,25.07179],[89.60009,25.07179],[89.60011,25.07269],[89.60031,25.07269],[89.60032,25.07305],[89.60052,25.07305],[89.60052,25.07341],[89.60032,25.07341],[89.60033,25.07359],[89.60053,25.07359],[89.60053,25.07395],[89.60073,25.07395],[89.60075,25.07467],[89.60095,25.07466],[89.60096,25.0752],[89.60116,25.0752],[89.60116,25.07556],[89.60156,25.07556],[89.60157,25.07628],[89.60197,25.07627],[89.60198,25.07663],[89.60218,25.07663],[89.6022,25.07771],[89.6026,25.07788],[89.6026,25.07806],[89.6028,25.07806],[89.60281,25.07824],[89.603,25.07824]]]}},{"type":"Feature","properties":{"kind":"land","ha":2.8},"geometry":{"type":"Polygon","coordinates":[[[89.72554,25.07188],[89.72553,25.07134],[89.72572,25.07134],[89.72572,25.07116],[89.72612,25.07115],[89.72631,25.07079],[89.72651,25.07078],[89.7265,25.07042],[89.72689,25.07024],[89.72689,25.07006],[89.72767,25.06986],[89.72767,25.06968],[89.72807,25.06967],[89.72804,25.06841],[89.72824,25.06841],[89.72823,25.06823],[89.72784,25.06823],[89.72765,25.0686],[89.72745,25.0686],[89.72746,25.06914],[89.72706,25.06915],[89.72707,25.06951],[89.72668,25.0697],[89.72668,25.06988],[89.72649,25.06988],[89.72649,25.07006],[89.72629,25.07007],[89.7263,25.07043],[89.72591,25.07061],[89.72591,25.0708],[89.72571,25.0708],[89.72572,25.07098],[89.72552,25.07098],[89.72552,25.07116],[89.72532,25.07117],[89.72533,25.07135],[89.72513,25.07135],[89.72513,25.07153],[89.72494,25.07154],[89.72494,25.07172],[89.72474,25.07172],[89.72475,25.07226],[89.72554,25.07188]]]}},{"type":"Feature","properties":{"kind":"land","ha":10.8},"geometry":{"type":"Polygon","coordinates":[[[89.61657,25.07294],[89.61637,25.07295],[89.61656,25.07258],[89.61636,25.07259],[89.61634,25.07187],[89.61594,25.07169],[89.61594,25.07151],[89.61574,25.07152],[89.61573,25.07097],[89.61553,25.07098],[89.61553,25.07062],[89.61572,25.07061],[89.61572,25.07043],[89.61592,25.07043],[89.61592,25.07061],[89.61632,25.0706],[89.61631,25.07042],[89.61612,25.07043],[89.61611,25.07025],[89.61532,25.07026],[89.61556,25.07206],[89.61476,25.07207],[89.61477,25.07243],[89.61437,25.07226],[89.61438,25.0728],[89.61359,25.07282],[89.61359,25.073],[89.61379,25.07299],[89.6138,25.07317],[89.61419,25.07317],[89.6144,25.07352],[89.61479,25.07352],[89.6148,25.0737],[89.61519,25.07369],[89.6152,25.07405],[89.6154,25.07405],[89.61541,25.07441],[89.61561,25.07441],[89.61561,25.07459],[89.6168,25.07475],[89.61681,25.07493],[89.6176,25.07491],[89.6176,25.07509],[89.618,25.07509],[89.618,25.07527],[89.6186,25.07526],[89.61841,25.07562],[89.6188,25.07561],[89.6188,25.07543],[89.619,25.07543],[89.61899,25.07489],[89.61839,25.0749],[89.61839,25.07472],[89.6174,25.07473],[89.61739,25.07455],[89.617,25.07456],[89.61699,25.07438],[89.6166,25.07439],[89.61659,25.07403],[89.61837,25.074],[89.61838,25.07418],[89.61877,25.07417],[89.61877,25.07399],[89.61897,25.07399],[89.61897,25.07417],[89.61917,25.07416],[89.61918,25.07488],[89.61938,25.07488],[89.61939,25.07506],[89.61958,25.07506],[89.61958,25.07488],[89.61998,25.07487],[89.61997,25.07469],[89.62057,25.07468],[89.62056,25.0745],[89.62096,25.07449],[89.62095,25.07431],[89.62055,25.07414],[89.62055,25.07396],[89.61976,25.07397],[89.61975,25.07361],[89.61935,25.07344],[89.61935,25.07326],[89.61915,25.07326],[89.61915,25.07308],[89.61895,25.07308],[89.61894,25.0729],[89.61855,25.07291],[89.61856,25.07363],[89.61797,25.07364],[89.61796,25.07346],[89.61757,25.07347],[89.61756,25.07329],[89.61677,25.0733],[89.61657,25.07294]],[[89.61678,25.07348],[89.61717,25.07348],[89.61718,25.07366],[89.61599,25.07368],[89.61598,25.07332],[89.61677,25.0733],[89.61678,25.07348]],[[89.61498,25.07279],[89.61537,25.07279],[89.61538,25.07297],[89.61498,25.07297],[89.61498,25.07279]]]}},{"type":"Feature","properties":{"kind":"land","ha":1.4},"geometry":{"type":"Polygon","coordinates":[[[89.65495,25.06992],[89.65494,25.06956],[89.65534,25.06955],[89.65532,25.06901],[89.65552,25.069],[89.65552,25.06882],[89.65532,25.06883],[89.65532,25.06865],[89.65492,25.06865],[89.65493,25.06901],[89.65433,25.06902],[89.65433,25.06866],[89.65413,25.06867],[89.65414,25.06903],[89.65374,25.06904],[89.65374,25.06922],[89.65414,25.06921],[89.65415,25.06957],[89.65435,25.06957],[89.65435,25.06993],[89.65455,25.06992],[89.65455,25.0701],[89.65495,25.06992]]]}},{"type":"Feature","properties":{"kind":"land","ha":1.3},"geometry":{"type":"Polygon","coordinates":[[[89.62663,25.07078],[89.62662,25.0706],[89.62682,25.0706],[89.62681,25.07006],[89.62622,25.07007],[89.6262,25.06934],[89.626,25.06935],[89.626,25.06917],[89.62521,25.06918],[89.62521,25.06954],[89.62561,25.06972],[89.62562,25.0699],[89.62601,25.06989],[89.62603,25.07079],[89.62663,25.07078]]]}},{"type":"Feature","properties":{"kind":"land","ha":1.3},"geometry":{"type":"Polygon","coordinates":[[[89.62998,25.07],[89.63017,25.06964],[89.63096,25.06944],[89.63115,25.06908],[89.63135,25.06907],[89.63134,25.06871],[89.63094,25.06872],[89.63095,25.0689],[89.63075,25.0689],[89.63074,25.06872],[89.63035,25.06873],[89.63016,25.06909],[89.62996,25.0691],[89.62997,25.06946],[89.62977,25.06946],[89.62977,25.06964],[89.62938,25.06965],[89.62938,25.07001],[89.62998,25.07]]]}},{"type":"Feature","properties":{"kind":"land","ha":1.2},"geometry":{"type":"Polygon","coordinates":[[[89.6698,25.06929],[89.66978,25.06875],[89.66998,25.06874],[89.66996,25.06784],[89.66977,25.06785],[89.66976,25.06748],[89.66916,25.0675],[89.66918,25.0684],[89.66938,25.06839],[89.6694,25.06948],[89.6698,25.06929]]]}},{"type":"Feature","properties":{"kind":"land","ha":2.6},"geometry":{"type":"Polygon","coordinates":[[[89.61826,25.06876],[89.61825,25.06804],[89.61745,25.06806],[89.61725,25.0677],[89.61685,25.06789],[89.61685,25.06752],[89.61605,25.06754],[89.61605,25.06718],[89.61664,25.06717],[89.61663,25.06681],[89.61604,25.06682],[89.61603,25.06646],[89.61583,25.06646],[89.61564,25.06682],[89.61544,25.06683],[89.61565,25.06718],[89.61585,25.06718],[89.61586,25.06754],[89.61546,25.06755],[89.61547,25.06809],[89.61567,25.06809],[89.61568,25.06845],[89.61608,25.06862],[89.61607,25.06808],[89.61706,25.06806],[89.61726,25.06842],[89.61746,25.06842],[89.61746,25.0686],[89.61766,25.06859],[89.61767,25.06877],[89.61826,25.06876]]]}},{"type":"Feature","properties":{"kind":"land","ha":1.3},"geometry":{"type":"Polygon","coordinates":[[[89.65667,25.067],[89.65665,25.06628],[89.65606,25.06629],[89.65585,25.06593],[89.65565,25.06593],[89.65565,25.06557],[89.65545,25.06558],[89.65547,25.06666],[89.65527,25.06666],[89.65528,25.06684],[89.65567,25.06683],[89.65567,25.06665],[89.65587,25.06665],[89.65588,25.06701],[89.65548,25.06702],[89.65548,25.0672],[89.65667,25.067]]]}},{"type":"Feature","properties":{"kind":"land","ha":4.6},"geometry":{"type":"Polygon","coordinates":[[[89.61508,25.06828],[89.61507,25.06792],[89.61527,25.06791],[89.61527,25.06773],[89.61507,25.06774],[89.61506,25.06738],[89.61526,25.06737],[89.61525,25.06683],[89.61485,25.06684],[89.61485,25.06666],[89.61465,25.06666],[89.61464,25.06612],[89.61503,25.06611],[89.61522,25.06575],[89.61542,25.06574],[89.61541,25.06538],[89.61601,25.06537],[89.616,25.06519],[89.6162,25.06519],[89.6162,25.06501],[89.6158,25.06502],[89.6158,25.06484],[89.6156,25.06484],[89.6156,25.06466],[89.615,25.06467],[89.61501,25.06503],[89.61422,25.06504],[89.61421,25.06468],[89.61401,25.06469],[89.61404,25.06613],[89.61365,25.06614],[89.61346,25.0665],[89.61326,25.0665],[89.61327,25.06723],[89.61347,25.06722],[89.61348,25.0674],[89.61367,25.0674],[89.61367,25.06704],[89.61386,25.06704],[89.61386,25.06667],[89.61425,25.06667],[89.61426,25.06685],[89.61445,25.06684],[89.61447,25.06757],[89.61427,25.06757],[89.61428,25.06811],[89.61448,25.06811],[89.61449,25.06829],[89.61508,25.06828]]]}},{"type":"Feature","properties":{"kind":"land","ha":1.0},"geometry":{"type":"Polygon","coordinates":[[[89.5966,25.06608],[89.5966,25.06571],[89.59679,25.06571],[89.59679,25.06553],[89.59659,25.06553],[89.59658,25.06517],[89.59678,25.06517],[89.59678,25.06499],[89.59717,25.06498],[89.59697,25.06462],[89.59717,25.06462],[89.59716,25.06444],[89.59677,25.06445],[89.59677,25.06463],[89.59657,25.06463],[89.59658,25.06499],[89.59618,25.065],[89.59599,25.06536],[89.5958,25.06537],[89.5958,25.06573],[89.596,25.06572],[89.596,25.06591],[89.5964,25.0659],[89.5964,25.06608],[89.5966,25.06608]]]}},{"type":"Feature","properties":{"kind":"land","ha":1.6},"geometry":{"type":"Polygon","coordinates":[[[89.65583,25.06503],[89.65602,25.0643],[89.65582,25.06431],[89.65582,25.06449],[89.65542,25.06449],[89.65541,25.06359],[89.65501,25.06342],[89.655,25.06324],[89.65461,25.06324],[89.65459,25.0627],[89.654,25.06271],[89.65401,25.06307],[89.65441,25.06325],[89.65441,25.06343],[89.65461,25.06342],[89.65462,25.06379],[89.65442,25.06379],[89.65443,25.06433],[89.65482,25.06414],[89.65482,25.06396],[89.65521,25.06396],[89.65522,25.06414],[89.65502,25.06414],[89.65503,25.0645],[89.65523,25.0645],[89.65523,25.06486],[89.65543,25.06485],[89.65544,25.06503],[89.65583,25.06503]]]}},{"type":"Feature","properties":{"kind":"land","ha":2.8},"geometry":{"type":"Polygon","coordinates":[[[89.62155,25.0651],[89.62153,25.06401],[89.62113,25.06384],[89.62112,25.06366],[89.62093,25.06366],[89.62092,25.06348],[89.62072,25.06349],[89.62072,25.0633],[89.62052,25.06331],[89.62052,25.06313],[89.61973,25.06314],[89.61974,25.06368],[89.61954,25.06369],[89.61954,25.06387],[89.61895,25.06388],[89.61896,25.06424],[89.61975,25.0644],[89.61975,25.06422],[89.61995,25.06422],[89.61996,25.06458],[89.62055,25.06457],[89.62055,25.06475],[89.62095,25.06474],[89.62116,25.0651],[89.62155,25.0651]],[[89.62094,25.06438],[89.62055,25.06439],[89.62054,25.06403],[89.62134,25.06438],[89.62134,25.06456],[89.62095,25.06456],[89.62094,25.06438]]]}},{"type":"Feature","properties":{"kind":"land","ha":5.6},"geometry":{"type":"Polygon","coordinates":[[[89.66079,25.06512],[89.66078,25.06458],[89.66058,25.06458],[89.66057,25.06422],[89.66037,25.06422],[89.66036,25.06368],[89.66075,25.06349],[89.66075,25.06331],[89.66134,25.0633],[89.66135,25.06348],[89.66155,25.06348],[89.66155,25.06384],[89.66116,25.06385],[89.66117,25.06421],[89.66157,25.06438],[89.66157,25.06456],[89.66177,25.06456],[89.66176,25.06438],[89.66256,25.06437],[89.66255,25.06418],[89.66315,25.06417],[89.66313,25.06363],[89.66294,25.06364],[89.66293,25.06328],[89.66332,25.06327],[89.66332,25.06309],[89.66352,25.06308],[89.66351,25.06272],[89.66311,25.06255],[89.66311,25.06237],[89.66231,25.06238],[89.66232,25.06256],[89.66172,25.06258],[89.66172,25.06239],[89.66132,25.0624],[89.66133,25.06258],[89.66034,25.0626],[89.66034,25.06278],[89.66014,25.06278],[89.66015,25.06296],[89.66035,25.06296],[89.66035,25.06332],[89.66016,25.06333],[89.66016,25.06351],[89.65976,25.06351],[89.65977,25.06369],[89.66016,25.06369],[89.66017,25.06387],[89.65977,25.06405],[89.65978,25.06423],[89.65998,25.06423],[89.65998,25.06441],[89.66038,25.0644],[89.66039,25.06495],[89.66059,25.06494],[89.66059,25.06512],[89.66079,25.06512]],[[89.66233,25.06329],[89.66253,25.06328],[89.66254,25.06346],[89.66234,25.06347],[89.66233,25.06329]]]}},{"type":"Feature","properties":{"kind":"land","ha":1.4},"geometry":{"type":"Polygon","coordinates":[[[89.72872,25.06334],[89.72871,25.06298],[89.72851,25.06299],[89.7285,25.06245],[89.7283,25.06245],[89.72829,25.06209],[89.7281,25.06209],[89.72809,25.06173],[89.72769,25.06156],[89.72767,25.06084],[89.72747,25.06084],[89.72751,25.06264],[89.72732,25.06265],[89.72732,25.06283],[89.72811,25.06263],[89.72811,25.06281],[89.72831,25.06281],[89.72832,25.06335],[89.72872,25.06334]]]}},{"type":"Feature","properties":{"kind":"land","ha":2.6},"geometry":{"type":"Polygon","coordinates":[[[89.65304,25.06435],[89.65304,25.06399],[89.65284,25.064],[89.65283,25.06382],[89.65303,25.06381],[89.65303,25.06363],[89.65342,25.06363],[89.65342,25.06345],[89.65302,25.06345],[89.65282,25.0631],[89.65262,25.0631],[89.65261,25.06256],[89.65281,25.06255],[89.6528,25.06237],[89.65241,25.06238],[89.6524,25.0622],[89.65181,25.06221],[89.6518,25.06185],[89.652,25.06185],[89.65199,25.06131],[89.65159,25.06131],[89.65159,25.06113],[89.65179,25.06113],[89.65178,25.06095],[89.65119,25.06096],[89.65119,25.06114],[89.65099,25.06114],[89.651,25.06168],[89.6514,25.06168],[89.65142,25.0624],[89.65181,25.06239],[89.65182,25.06257],[89.65201,25.06257],[89.65202,25.06293],[89.65222,25.06293],[89.65222,25.06311],[89.65183,25.06311],[89.65184,25.06347],[89.65223,25.06347],[89.65224,25.06365],[89.65243,25.06364],[89.65244,25.064],[89.65284,25.06418],[89.65285,25.06436],[89.65304,25.06435]]]}},{"type":"Feature","properties":{"kind":"land","ha":1.4},"geometry":{"type":"Polygon","coordinates":[[[89.62187,25.06166],[89.62187,25.06148],[89.62207,25.06148],[89.62206,25.0613],[89.62187,25.0613],[89.62186,25.06076],[89.62166,25.06076],[89.62165,25.06058],[89.62146,25.06058],[89.62146,25.06076],[89.62086,25.06078],[89.62086,25.06059],[89.61987,25.06061],[89.62008,25.06097],[89.62047,25.06096],[89.62048,25.06114],[89.62067,25.06114],[89.62068,25.06132],[89.62127,25.06131],[89.62128,25.06167],[89.62187,25.06166]]]}},{"type":"Feature","properties":{"kind":"land","ha":1.6},"geometry":{"type":"Polygon","coordinates":[[[89.65736,25.06229],[89.65735,25.06211],[89.65755,25.06211],[89.65755,25.06175],[89.65715,25.06157],[89.65713,25.06103],[89.65673,25.06086],[89.65673,25.0605],[89.65712,25.06031],[89.65711,25.05977],[89.65671,25.05978],[89.65671,25.05996],[89.65652,25.05996],[89.65651,25.0596],[89.65631,25.0596],[89.65632,25.05996],[89.65592,25.05997],[89.65593,25.06015],[89.65652,25.06014],[89.65652,25.06032],[89.65633,25.06033],[89.65634,25.06087],[89.65674,25.06104],[89.65674,25.06122],[89.65694,25.06122],[89.65676,25.0623],[89.65736,25.06229]]]}},{"type":"Feature","properties":{"kind":"land","ha":1.2},"geometry":{"type":"Polygon","coordinates":[[[89.66446,25.06072],[89.66445,25.06054],[89.66485,25.06053],[89.66484,25.05999],[89.66504,25.05999],[89.66503,25.05963],[89.66543,25.0598],[89.66543,25.05962],[89.66602,25.05961],[89.66602,25.05943],[89.66522,25.05926],[89.66522,25.05944],[89.66463,25.05945],[89.66464,25.05982],[89.66444,25.05982],[89.66444,25.06],[89.66405,25.06001],[89.66405,25.06037],[89.66386,25.06037],[89.66386,25.06055],[89.66426,25.06054],[89.66426,25.06072],[89.66446,25.06072]]]}},{"type":"Feature","properties":{"kind":"land","ha":1.8},"geometry":{"type":"Polygon","coordinates":[[[89.59554,25.06284],[89.59573,25.06248],[89.59593,25.06248],[89.59592,25.06212],[89.59573,25.06212],[89.59572,25.06194],[89.59612,25.06175],[89.59611,25.06157],[89.59631,25.06157],[89.59631,25.06139],[89.5965,25.06138],[89.5965,25.0612],[89.5967,25.0612],[89.59669,25.06084],[89.59629,25.06085],[89.59609,25.06049],[89.5953,25.06068],[89.59531,25.06104],[89.5957,25.06104],[89.59572,25.06176],[89.59533,25.06195],[89.59533,25.06213],[89.59513,25.06213],[89.59514,25.06249],[89.59534,25.06249],[89.59534,25.06267],[89.59514,25.06267],[89.59515,25.06285],[89.59554,25.06284]]]}},{"type":"Feature","properties":{"kind":"land","ha":2.1},"geometry":{"type":"Polygon","coordinates":[[[89.6504,25.06115],[89.65059,25.06079],[89.65079,25.06079],[89.65078,25.06042],[89.65098,25.06042],[89.65097,25.06024],[89.65117,25.06024],[89.65118,25.0606],[89.65236,25.0604],[89.65235,25.05985],[89.65255,25.05985],[89.65254,25.05949],[89.65234,25.05949],[89.65234,25.05913],[89.65154,25.05915],[89.65154,25.05897],[89.65095,25.05898],[89.65095,25.05916],[89.65135,25.05915],[89.65135,25.05933],[89.65214,25.05932],[89.65215,25.05968],[89.65195,25.05968],[89.65196,25.05986],[89.65215,25.05986],[89.65216,25.06022],[89.65177,25.06023],[89.65176,25.06005],[89.65156,25.06005],[89.65156,25.05969],[89.65096,25.0597],[89.65097,25.05988],[89.65057,25.05989],[89.65058,25.06043],[89.65019,25.06044],[89.65,25.06116],[89.6504,25.06115]]]}},{"type":"Feature","properties":{"kind":"land","ha":3.5},"geometry":{"type":"Polygon","coordinates":[[[89.67275,25.05949],[89.67275,25.05931],[89.67354,25.05929],[89.67354,25.05911],[89.67393,25.05911],[89.67394,25.05929],[89.67453,25.05928],[89.67472,25.05891],[89.67512,25.0589],[89.67511,25.05854],[89.67471,25.05837],[89.67471,25.05819],[89.67432,25.05838],[89.67432,25.05856],[89.67392,25.05857],[89.67392,25.05838],[89.67352,25.05839],[89.67352,25.05821],[89.67312,25.05822],[89.67313,25.0584],[89.67273,25.05841],[89.67273,25.05859],[89.67234,25.05859],[89.67234,25.05877],[89.67214,25.05878],[89.67214,25.0586],[89.67174,25.0586],[89.67176,25.05951],[89.67196,25.0595],[89.67197,25.05986],[89.67177,25.05987],[89.67178,25.06041],[89.67218,25.0604],[89.67218,25.06022],[89.67237,25.06022],[89.67237,25.06004],[89.67217,25.06004],[89.67216,25.05968],[89.67256,25.05967],[89.67256,25.05949],[89.67275,25.05949]],[[89.67236,25.0595],[89.67235,25.05932],[89.67255,25.05931],[89.67256,25.05949],[89.67236,25.0595]]]}},{"type":"Feature","properties":{"kind":"land","ha":3.2},"geometry":{"type":"Polygon","coordinates":[[[89.65811,25.06029],[89.6581,25.06011],[89.65909,25.0601],[89.65909,25.05991],[89.65969,25.0599],[89.65968,25.05954],[89.66027,25.05953],[89.66046,25.05917],[89.66106,25.05916],[89.66104,25.05862],[89.66045,25.05863],[89.66044,25.05809],[89.65945,25.0581],[89.65926,25.05847],[89.65906,25.05847],[89.65906,25.05865],[89.65827,25.05867],[89.65848,25.05902],[89.65868,25.05902],[89.65868,25.0592],[89.65888,25.0592],[89.65889,25.05974],[89.65849,25.05975],[89.6585,25.05993],[89.6583,25.05993],[89.65829,25.05975],[89.6581,25.05975],[89.65791,25.06012],[89.65751,25.06012],[89.65751,25.05994],[89.65731,25.05995],[89.65732,25.06031],[89.65811,25.06029]],[[89.65945,25.05828],[89.65965,25.05828],[89.65965,25.05846],[89.66025,25.05845],[89.66026,25.05899],[89.65947,25.05901],[89.65945,25.05828]]]}},{"type":"Feature","properties":{"kind":"land","ha":4.3},"geometry":{"type":"Polygon","coordinates":[[[89.60005,25.06963],[89.6,25.06746],[89.5998,25.06746],[89.59979,25.06692],[89.59999,25.06692],[89.59997,25.06602],[89.60017,25.06601],[89.60014,25.06475],[89.60034,25.06475],[89.60032,25.06384],[89.60052,25.06384],[89.6005,25.06276],[89.60069,25.06275],[89.60067,25.06149],[89.60087,25.06149],[89.60085,25.06077],[89.60105,25.06076],[89.60102,25.0595],[89.60082,25.0595],[89.60081,25.05896],[89.60061,25.05897],[89.60064,25.06023],[89.60044,25.06023],[89.60045,25.06041],[89.60064,25.06041],[89.60066,25.06095],[89.60046,25.06095],[89.60048,25.06222],[89.60029,25.06222],[89.60031,25.06312],[89.60011,25.06313],[89.60012,25.06385],[89.59992,25.06385],[89.59994,25.06439],[89.59974,25.0644],[89.59978,25.06638],[89.59958,25.06638],[89.59961,25.06783],[89.59941,25.06783],[89.59962,25.06819],[89.59942,25.06819],[89.59943,25.06873],[89.59963,25.06873],[89.59964,25.06927],[89.59984,25.06927],[89.59985,25.06963],[89.60005,25.06963]]]}},{"type":"Feature","properties":{"kind":"land","ha":17.7},"geometry":{"type":"Polygon","coordinates":[[[89.66448,25.06162],[89.66449,25.06198],[89.66468,25.06198],[89.66469,25.06216],[89.66528,25.06215],[89.66529,25.06233],[89.66548,25.06233],[89.66551,25.06341],[89.66531,25.06341],[89.66532,25.06377],[89.66512,25.06378],[89.66512,25.06396],[89.66532,25.06395],[89.66533,25.06432],[89.66592,25.0643],[89.66613,25.06466],[89.66633,25.06466],[89.66634,25.0652],[89.66594,25.06521],[89.66596,25.06593],[89.66616,25.06592],[89.66615,25.06556],[89.66655,25.06574],[89.66674,25.06537],[89.66694,25.06537],[89.66693,25.06501],[89.66732,25.06482],[89.66731,25.06428],[89.66711,25.06428],[89.66711,25.0641],[89.6675,25.06392],[89.6675,25.06373],[89.66769,25.06373],[89.66769,25.06337],[89.66788,25.06337],[89.66788,25.06319],[89.66808,25.06318],[89.66807,25.06282],[89.66787,25.06283],[89.66786,25.06228],[89.66846,25.06227],[89.66844,25.06173],[89.66884,25.06154],[89.66883,25.06136],[89.66903,25.06136],[89.66903,25.06118],[89.66922,25.06118],[89.66922,25.061],[89.66962,25.06099],[89.6696,25.06009],[89.6692,25.06027],[89.669,25.05992],[89.6686,25.05992],[89.66861,25.0601],[89.66821,25.06011],[89.668,25.05975],[89.66781,25.05976],[89.66779,25.05922],[89.6676,25.05922],[89.66758,25.0585],[89.66778,25.0585],[89.66778,25.05831],[89.66758,25.05832],[89.66756,25.0576],[89.66717,25.05778],[89.66717,25.05796],[89.66697,25.05797],[89.66698,25.05815],[89.66658,25.05816],[89.66657,25.05761],[89.66578,25.05763],[89.66579,25.05835],[89.66599,25.05835],[89.666,25.05853],[89.66639,25.05852],[89.6666,25.05888],[89.6668,25.05887],[89.6668,25.05905],[89.667,25.05905],[89.66701,25.05959],[89.66681,25.0596],[89.66683,25.0605],[89.66644,25.06069],[89.66644,25.06087],[89.66565,25.06088],[89.66565,25.06106],[89.66506,25.06107],[89.66507,25.06161],[89.66448,25.06162]],[[89.66527,25.06161],[89.66527,25.06179],[89.66508,25.06179],[89.66507,25.06161],[89.66527,25.06161]],[[89.66709,25.0632],[89.66669,25.06321],[89.66668,25.06267],[89.66727,25.06266],[89.66729,25.06356],[89.6671,25.06356],[89.66709,25.0632]],[[89.66746,25.06211],[89.66706,25.06212],[89.66706,25.06176],[89.66765,25.06175],[89.66766,25.06229],[89.66746,25.06229],[89.66746,25.06211]]]}},{"type":"Feature","properties":{"kind":"land","ha":15.4},"geometry":{"type":"Polygon","coordinates":[[[89.64794,25.05759],[89.64755,25.05759],[89.64755,25.05777],[89.64735,25.05778],[89.64736,25.05814],[89.64716,25.05814],[89.64719,25.05923],[89.64679,25.05941],[89.64681,25.06013],[89.64721,25.06013],[89.64721,25.06031],[89.64682,25.0605],[89.64685,25.06212],[89.64665,25.06212],[89.64666,25.0623],[89.64706,25.06248],[89.64706,25.06266],[89.64726,25.06265],[89.64726,25.06283],[89.64746,25.06283],[89.64747,25.06301],[89.64766,25.06301],[89.64768,25.06355],[89.64807,25.06354],[89.64828,25.0639],[89.64848,25.0639],[89.64869,25.06461],[89.64909,25.06461],[89.64929,25.06496],[89.64949,25.06496],[89.64949,25.06514],[89.65009,25.06513],[89.6499,25.06549],[89.65029,25.06549],[89.6505,25.06584],[89.6507,25.06584],[89.6507,25.06602],[89.6509,25.06602],[89.6509,25.0662],[89.6511,25.06619],[89.65111,25.06656],[89.65151,25.06673],[89.65151,25.06691],[89.65171,25.06691],[89.65172,25.06727],[89.65212,25.06744],[89.65212,25.06762],[89.65232,25.06762],[89.65233,25.0678],[89.65252,25.06779],[89.65253,25.06797],[89.65273,25.06797],[89.65273,25.06815],[89.65293,25.06815],[89.65294,25.06851],[89.65313,25.0685],[89.65314,25.06869],[89.65334,25.06868],[89.65333,25.06832],[89.65372,25.06831],[89.65372,25.06795],[89.65332,25.06778],[89.65331,25.0676],[89.65292,25.06761],[89.65291,25.06743],[89.65271,25.06743],[89.65271,25.06707],[89.65231,25.0669],[89.6523,25.06671],[89.6521,25.06672],[89.6521,25.06636],[89.6517,25.06636],[89.6517,25.06654],[89.65151,25.06655],[89.65149,25.06565],[89.65168,25.06564],[89.65168,25.06546],[89.65109,25.06547],[89.65108,25.06529],[89.65088,25.0653],[89.65088,25.06494],[89.65048,25.06476],[89.65047,25.06458],[89.65027,25.06458],[89.65027,25.06422],[89.65007,25.06423],[89.65006,25.06405],[89.64987,25.06405],[89.64985,25.06333],[89.64926,25.06334],[89.64925,25.06298],[89.64945,25.06298],[89.64944,25.06279],[89.64905,25.0628],[89.64884,25.06244],[89.64864,25.06245],[89.64864,25.06209],[89.64844,25.06209],[89.64841,25.06101],[89.64782,25.06102],[89.64781,25.06066],[89.64821,25.06065],[89.64821,25.06083],[89.64841,25.06083],[89.64839,25.05975],[89.64799,25.05957],[89.64798,25.05939],[89.64838,25.0592],[89.64837,25.05884],[89.64797,25.05885],[89.64796,25.05849],[89.64856,25.05848],[89.64857,25.05884],[89.64876,25.05884],[89.64874,25.05757],[89.64834,25.05758],[89.64835,25.05794],[89.64796,25.05813],[89.64794,25.05759]],[[89.65028,25.06495],[89.64989,25.06495],[89.64988,25.06459],[89.65027,25.06458],[89.65028,25.06495]],[[89.64796,25.05831],[89.64776,25.05831],[89.64776,25.05813],[89.64796,25.05813],[89.64796,25.05831]],[[89.65109,25.06565],[89.65129,25.06565],[89.65129,25.06583],[89.65109,25.06583],[89.65109,25.06565]],[[89.64737,25.0585],[89.64777,25.05849],[89.64758,25.05886],[89.64738,25.05886],[89.64737,25.0585]]]}},{"type":"Feature","properties":{"kind":"land","ha":1.0},"geometry":{"type":"Polygon","coordinates":[[[89.73037,25.05754],[89.73037,25.05736],[89.73057,25.05735],[89.73056,25.05717],[89.73076,25.05717],[89.73075,25.05681],[89.73095,25.0568],[89.73093,25.05608],[89.73074,25.05609],[89.73073,25.05591],[89.73034,25.05591],[89.73036,25.057],[89.72997,25.05718],[89.72998,25.05773],[89.73037,25.05754]]]}},{"type":"Feature","properties":{"kind":"land","ha":5.2},"geometry":{"type":"Polygon","coordinates":[[[89.6561,25.05925],[89.6561,25.05907],[89.6563,25.05906],[89.65631,25.05942],[89.6565,25.05942],[89.65651,25.0596],[89.6571,25.05959],[89.65711,25.05977],[89.6573,25.05977],[89.65729,25.05923],[89.65709,25.05923],[89.65709,25.05905],[89.65748,25.05886],[89.65748,25.0585],[89.65669,25.05869],[89.65668,25.05851],[89.65648,25.05852],[89.65648,25.05816],[89.65687,25.05815],[89.65687,25.05797],[89.65707,25.05797],[89.65706,25.05779],[89.65667,25.05779],[89.65666,25.05743],[89.65567,25.05745],[89.65567,25.05727],[89.65487,25.05728],[89.65488,25.05746],[89.65468,25.05747],[89.65469,25.05783],[89.65488,25.05782],[89.65489,25.058],[89.65469,25.05801],[89.65469,25.05819],[89.65489,25.05819],[89.6549,25.05837],[89.6547,25.05837],[89.6547,25.05855],[89.65391,25.05856],[89.65412,25.05892],[89.65431,25.05892],[89.65433,25.05946],[89.65452,25.05946],[89.65453,25.05964],[89.65492,25.05963],[89.65513,25.05999],[89.65591,25.05961],[89.65591,25.05925],[89.6561,25.05925]],[[89.65571,25.05925],[89.65571,25.05943],[89.65512,25.05944],[89.65511,25.05926],[89.65472,25.05927],[89.65471,25.05909],[89.65511,25.0589],[89.6551,25.05872],[89.6557,25.05871],[89.6557,25.05907],[89.6559,25.05907],[89.65591,25.05925],[89.65571,25.05925]],[[89.6565,25.05906],[89.65669,25.05906],[89.6567,25.05924],[89.6565,25.05924],[89.6565,25.05906]],[[89.65589,25.05871],[89.65609,25.05871],[89.6561,25.05889],[89.6559,25.05889],[89.65589,25.05871]],[[89.65588,25.05799],[89.65548,25.05799],[89.65547,25.05763],[89.65627,25.05798],[89.65628,25.05816],[89.65588,25.05817],[89.65588,25.05799]]]}},{"type":"Feature","properties":{"kind":"land","ha":2.5},"geometry":{"type":"Polygon","coordinates":[[[89.65414,25.06],[89.65413,25.05964],[89.65433,25.05964],[89.65433,25.05946],[89.65353,25.05947],[89.65352,25.05875],[89.65391,25.05856],[89.6539,25.05802],[89.6541,25.05802],[89.65409,25.05784],[89.6537,25.05785],[89.65369,25.05748],[89.65349,25.05749],[89.65349,25.05731],[89.65309,25.05731],[89.65309,25.05713],[89.65289,25.05714],[89.65289,25.05732],[89.65269,25.05732],[89.6527,25.05768],[89.6529,25.05768],[89.65292,25.0584],[89.65272,25.0584],[89.65273,25.05895],[89.65293,25.05894],[89.65293,25.0593],[89.65333,25.05948],[89.65334,25.05966],[89.65354,25.05965],[89.65354,25.06001],[89.65414,25.06]],[[89.6531,25.05786],[89.6533,25.05785],[89.6533,25.05803],[89.65311,25.05804],[89.6531,25.05786]]]}},{"type":"Feature","properties":{"kind":"land","ha":3.8},"geometry":{"type":"Polygon","coordinates":[[[89.59797,25.06533],[89.59796,25.06443],[89.59815,25.06442],[89.59815,25.06406],[89.59834,25.06406],[89.59834,25.0637],[89.59814,25.0637],[89.59813,25.06352],[89.59833,25.06352],[89.59832,25.06298],[89.59852,25.06297],[89.59848,25.06117],[89.59868,25.06117],[89.59865,25.05972],[89.59885,25.05972],[89.59883,25.059],[89.59903,25.05899],[89.59901,25.05809],[89.59921,25.05809],[89.5992,25.05791],[89.59881,25.05791],[89.59882,25.05828],[89.59862,25.05828],[89.59864,25.05954],[89.59845,25.05955],[89.59846,25.06009],[89.59826,25.06009],[89.59827,25.06045],[89.59807,25.06045],[89.59808,25.06082],[89.59788,25.06082],[89.59788,25.061],[89.59808,25.061],[89.5981,25.06172],[89.5979,25.06172],[89.59791,25.06244],[89.59772,25.06245],[89.59774,25.06353],[89.59754,25.06353],[89.59754,25.06371],[89.59774,25.06371],[89.59755,25.06407],[89.59775,25.06407],[89.59777,25.06515],[89.59757,25.06516],[89.59758,25.06534],[89.59797,25.06533]]]}},{"type":"Feature","properties":{"kind":"land","ha":1.4},"geometry":{"type":"Polygon","coordinates":[[[89.67607,25.05726],[89.67626,25.0569],[89.67646,25.0569],[89.67646,25.05671],[89.67626,25.05672],[89.67625,25.05636],[89.67645,25.05635],[89.67644,25.05599],[89.67664,25.05599],[89.67664,25.05581],[89.67565,25.05583],[89.67565,25.05619],[89.67585,25.05618],[89.67586,25.05636],[89.67507,25.05656],[89.67548,25.05727],[89.67607,25.05726]]]}},{"type":"Feature","properties":{"kind":"land","ha":2.2},"geometry":{"type":"Polygon","coordinates":[[[89.68932,25.05576],[89.68932,25.05594],[89.68912,25.05594],[89.68913,25.05631],[89.68893,25.05631],[89.68894,25.05649],[89.68933,25.05648],[89.68934,25.05666],[89.68954,25.05666],[89.68954,25.05702],[89.68915,25.05721],[89.68916,25.05739],[89.68975,25.05738],[89.68973,25.05647],[89.68993,25.05647],[89.68992,25.05629],[89.69052,25.05628],[89.69051,25.05592],[89.69071,25.05592],[89.69071,25.0561],[89.69131,25.05609],[89.6911,25.05573],[89.6909,25.05573],[89.69089,25.05537],[89.69049,25.0552],[89.69049,25.05502],[89.69029,25.05502],[89.69029,25.05484],[89.6899,25.05503],[89.68991,25.05575],[89.68932,25.05576]],[[89.69031,25.05574],[89.69031,25.05592],[89.68992,25.05593],[89.68991,25.05575],[89.69031,25.05574]]]}},{"type":"Feature","properties":{"kind":"land","ha":3.0},"geometry":{"type":"Polygon","coordinates":[[[89.58832,25.05864],[89.58812,25.05828],[89.58851,25.05809],[89.5885,25.05791],[89.5887,25.05791],[89.5887,25.05773],[89.5889,25.05773],[89.58889,25.05755],[89.58909,25.05754],[89.58908,25.05718],[89.58868,25.05701],[89.58868,25.05683],[89.58848,25.05683],[89.58848,25.05665],[89.58828,25.05665],[89.58828,25.05647],[89.58808,25.05648],[89.58807,25.0563],[89.58768,25.0563],[89.58768,25.05648],[89.58709,25.05649],[89.58712,25.05794],[89.58672,25.05794],[89.58673,25.05849],[89.58792,25.05847],[89.58793,25.05865],[89.58832,25.05864]],[[89.58749,25.05685],[89.58789,25.05684],[89.58789,25.0572],[89.58829,25.0572],[89.58829,25.05738],[89.58849,25.05737],[89.5885,25.05773],[89.58791,25.05774],[89.58791,25.05792],[89.58751,25.05793],[89.58749,25.05685]]]}},{"type":"Feature","properties":{"kind":"land","ha":1.6},"geometry":{"type":"Polygon","coordinates":[[[89.58554,25.05851],[89.58552,25.05742],[89.58572,25.05742],[89.58569,25.05616],[89.58589,25.05615],[89.58588,25.05579],[89.58608,25.05579],[89.58607,25.05507],[89.58567,25.05526],[89.58568,25.05562],[89.58548,25.05562],[89.58549,25.0558],[89.58529,25.0558],[89.58533,25.05761],[89.58513,25.05761],[89.58515,25.05869],[89.58554,25.05851]]]}},{"type":"Feature","properties":{"kind":"land","ha":2.5},"geometry":{"type":"Polygon","coordinates":[[[89.72932,25.05485],[89.72931,25.05431],[89.7307,25.05428],[89.73069,25.05392],[89.73089,25.05392],[89.73088,25.05374],[89.73049,25.05375],[89.73049,25.05411],[89.7303,25.05411],[89.73009,25.05375],[89.72989,25.05376],[89.72989,25.05358],[89.72969,25.05358],[89.72967,25.05268],[89.72947,25.05268],[89.72946,25.05232],[89.72907,25.05233],[89.72906,25.05215],[89.72887,25.05215],[89.72887,25.05251],[89.72868,25.05252],[89.72868,25.0527],[89.72888,25.05269],[89.72888,25.05287],[89.72868,25.05288],[89.72869,25.05324],[89.72909,25.05323],[89.7291,25.05359],[89.7289,25.05359],[89.72892,25.0545],[89.72912,25.05449],[89.72912,25.05485],[89.72932,25.05485]]]}},{"type":"Feature","properties":{"kind":"land","ha":19.1},"geometry":{"type":"Polygon","coordinates":[[[89.66297,25.05587],[89.66336,25.05569],[89.66356,25.05604],[89.66376,25.05604],[89.66375,25.05532],[89.66335,25.05515],[89.66335,25.05551],[89.66296,25.05551],[89.66275,25.0548],[89.66294,25.05479],[89.66294,25.05443],[89.66234,25.05444],[89.66214,25.05408],[89.66194,25.05409],[89.66193,25.05391],[89.66174,25.05391],[89.66173,25.05373],[89.66153,25.05373],[89.66153,25.05355],[89.66133,25.05356],[89.66133,25.05338],[89.66113,25.05338],[89.66113,25.0532],[89.66073,25.05321],[89.66073,25.05303],[89.66013,25.05304],[89.66013,25.05286],[89.65973,25.05286],[89.65974,25.05304],[89.65993,25.05304],[89.65994,25.05358],[89.65975,25.05359],[89.65975,25.05377],[89.65995,25.05376],[89.65996,25.0543],[89.65976,25.05431],[89.65978,25.05503],[89.65998,25.05503],[89.65998,25.05521],[89.65978,25.05521],[89.65979,25.05539],[89.65998,25.05539],[89.65999,25.05557],[89.66038,25.05556],[89.66039,25.05592],[89.6596,25.05593],[89.65942,25.05666],[89.65882,25.05667],[89.65883,25.05685],[89.65803,25.05668],[89.65804,25.05723],[89.65824,25.05722],[89.65824,25.0574],[89.65864,25.0574],[89.65865,25.05776],[89.65924,25.05775],[89.65943,25.05738],[89.65963,25.05738],[89.65963,25.05756],[89.66003,25.05755],[89.66003,25.05773],[89.66043,25.05772],[89.66062,25.05736],[89.66082,25.05736],[89.66082,25.05718],[89.66101,25.05717],[89.66101,25.05699],[89.66081,25.057],[89.6608,25.05627],[89.6606,25.05628],[89.66058,25.05556],[89.66118,25.05555],[89.66117,25.05537],[89.66078,25.05537],[89.66077,25.05519],[89.66097,25.05519],[89.66097,25.05501],[89.66136,25.055],[89.66137,25.05518],[89.66176,25.05517],[89.66157,25.05554],[89.66137,25.05554],[89.66138,25.05572],[89.66158,25.05572],[89.66159,25.05626],[89.66139,25.05626],[89.66141,25.05699],[89.66121,25.05699],[89.66122,25.05735],[89.66102,25.05735],[89.66102,25.05771],[89.66063,25.05772],[89.66044,25.05809],[89.66103,25.05808],[89.66104,25.05826],[89.66123,25.05825],[89.66124,25.05861],[89.66144,25.05861],[89.66144,25.05843],[89.66183,25.05842],[89.66182,25.05788],[89.66222,25.05787],[89.66221,25.05751],[89.66201,25.05752],[89.66201,25.05734],[89.66221,25.05733],[89.6622,25.05715],[89.663,25.05732],[89.663,25.0575],[89.6634,25.05749],[89.6634,25.05767],[89.66261,25.05769],[89.66261,25.05751],[89.66241,25.05751],[89.66242,25.05787],[89.66261,25.05787],[89.66263,25.05841],[89.66223,25.0586],[89.66224,25.05878],[89.66263,25.05877],[89.66265,25.05949],[89.66245,25.05949],[89.66246,25.05985],[89.66324,25.05948],[89.66323,25.05894],[89.66363,25.05893],[89.66362,25.05875],[89.66382,25.05875],[89.66381,25.05839],[89.66362,25.05839],[89.66359,25.05731],[89.66379,25.0573],[89.66379,25.05712],[89.66418,25.05712],[89.66439,25.05747],[89.66459,25.05747],[89.66478,25.05711],[89.66497,25.0571],[89.66497,25.05692],[89.66477,25.05692],[89.66476,25.05638],[89.66496,25.05638],[89.66495,25.05602],[89.66456,25.05603],[89.66455,25.05585],[89.66435,25.05585],[89.66436,25.05621],[89.66357,25.05622],[89.66357,25.05641],[89.66337,25.05641],[89.66317,25.05605],[89.66297,25.05605],[89.66297,25.05587]],[[89.66278,25.05642],[89.66238,25.05643],[89.66219,25.05679],[89.662,25.05679],[89.66199,25.05643],[89.66219,25.05643],[89.66218,25.05625],[89.66297,25.05605],[89.66278,25.05642]],[[89.66377,25.05658],[89.66417,25.05657],[89.66417,25.05676],[89.66378,25.05676],[89.66377,25.05658]]]}},{"type":"Feature","properties":{"kind":"land","ha":1.2},"geometry":{"type":"Polygon","coordinates":[[[89.657,25.05472],[89.65699,25.05418],[89.65718,25.05417],[89.65717,25.05363],[89.65697,25.05364],[89.65697,25.05345],[89.65736,25.05327],[89.65736,25.05309],[89.65716,25.05309],[89.65715,25.05273],[89.65676,25.05274],[89.65657,25.0531],[89.65637,25.0531],[89.65638,25.05365],[89.65678,25.05382],[89.65679,25.05436],[89.65659,25.05436],[89.6566,25.05473],[89.657,25.05472]]]}},{"type":"Feature","properties":{"kind":"land","ha":1.2},"geometry":{"type":"Polygon","coordinates":[[[89.59877,25.05593],[89.59874,25.05485],[89.59894,25.05484],[89.59894,25.05466],[89.59953,25.05465],[89.59953,25.05447],[89.59893,25.05448],[89.59893,25.0543],[89.59873,25.05431],[89.59872,25.05376],[89.59832,25.05377],[89.59833,25.05413],[89.59853,25.05413],[89.59854,25.05467],[89.59815,25.05486],[89.59815,25.05504],[89.59835,25.05503],[89.59836,25.05558],[89.59816,25.05558],[89.59817,25.05594],[89.59837,25.05594],[89.59837,25.05612],[89.59877,25.05593]]]}},{"type":"Feature","properties":{"kind":"land","ha":1.8},"geometry":{"type":"Polygon","coordinates":[[[89.73285,25.05298],[89.73284,25.0528],[89.73304,25.0528],[89.73304,25.05262],[89.73264,25.05262],[89.73263,25.05208],[89.73342,25.05207],[89.7334,25.05098],[89.733,25.05099],[89.73301,25.05153],[89.73282,25.05154],[89.73282,25.0519],[89.73243,25.0519],[89.73242,25.05172],[89.73183,25.05174],[89.73184,25.05228],[89.73204,25.05227],[89.73204,25.05245],[89.73185,25.05246],[89.73186,25.053],[89.73245,25.05299],[89.73246,25.05317],[89.73285,25.05298]]]}},{"type":"Feature","properties":{"kind":"land","ha":6.9},"geometry":{"type":"Polygon","coordinates":[[[89.65665,25.05689],[89.65664,25.05671],[89.65645,25.05671],[89.65643,25.05617],[89.65663,25.05617],[89.65662,25.05581],[89.65643,25.05581],[89.65642,25.05563],[89.65603,25.05564],[89.65602,25.05528],[89.65562,25.05528],[89.65562,25.0551],[89.65582,25.0551],[89.65581,25.05474],[89.65541,25.05457],[89.6554,25.05439],[89.65521,25.05439],[89.65539,25.05366],[89.65499,25.05367],[89.655,25.05403],[89.6546,25.05404],[89.6546,25.05368],[89.65301,25.05371],[89.6526,25.05299],[89.6522,25.053],[89.6522,25.05282],[89.65141,25.05283],[89.6512,25.05248],[89.65081,25.05266],[89.65122,25.05338],[89.65201,25.05336],[89.65182,25.05373],[89.65222,25.0539],[89.65223,25.05408],[89.65243,25.05408],[89.65243,25.05426],[89.65302,25.05425],[89.65303,25.05443],[89.65323,25.05442],[89.65322,25.05406],[89.65342,25.05406],[89.65342,25.05424],[89.65461,25.05422],[89.65462,25.05458],[89.65521,25.05457],[89.65522,25.05493],[89.65442,25.05476],[89.65442,25.05458],[89.65403,25.05477],[89.65423,25.05513],[89.65443,25.05512],[89.65444,25.05549],[89.65503,25.05548],[89.65504,25.05566],[89.65424,25.05567],[89.65425,25.05585],[89.65464,25.05584],[89.65485,25.0562],[89.65505,25.0562],[89.65505,25.05638],[89.65525,25.05637],[89.65525,25.05655],[89.65565,25.05655],[89.65565,25.05673],[89.65625,25.05672],[89.65625,25.0569],[89.65665,25.05689]]]}},{"type":"Feature","properties":{"kind":"land","ha":1.0},"geometry":{"type":"Polygon","coordinates":[[[89.65636,25.05292],[89.65635,25.05238],[89.65695,25.05237],[89.65694,25.05201],[89.65674,25.05202],[89.65674,25.05183],[89.65634,25.05184],[89.65613,25.05148],[89.65594,25.05149],[89.65594,25.05167],[89.65574,25.05167],[89.65576,25.05239],[89.65616,25.05257],[89.65617,25.05293],[89.65636,25.05292]]]}},{"type":"Feature","properties":{"kind":"land","ha":1.8},"geometry":{"type":"Polygon","coordinates":[[[89.65914,25.05287],[89.65913,25.05269],[89.65933,25.05269],[89.65913,25.05233],[89.65873,25.05234],[89.65872,25.0518],[89.65911,25.05179],[89.65911,25.05161],[89.65871,25.05162],[89.65851,25.05126],[89.65831,25.05127],[89.65832,25.05181],[89.65773,25.05182],[89.65775,25.0529],[89.65914,25.05287]]]}},{"type":"Feature","properties":{"kind":"land","ha":1.4},"geometry":{"type":"Polygon","coordinates":[[[89.58902,25.05429],[89.58901,25.05357],[89.58881,25.05358],[89.5888,25.05322],[89.58959,25.0532],[89.58978,25.05284],[89.5886,25.05286],[89.58858,25.05232],[89.58839,25.05232],[89.58841,25.0534],[89.58821,25.05341],[89.58822,25.05359],[89.58782,25.05359],[89.58782,25.05377],[89.58822,25.05377],[89.58842,25.05412],[89.58862,25.05412],[89.58863,25.0543],[89.58902,25.05429]]]}},{"type":"Feature","properties":{"kind":"land","ha":1.4},"geometry":{"type":"Polygon","coordinates":[[[89.58724,25.05451],[89.58724,25.05433],[89.58764,25.05432],[89.58763,25.05396],[89.58783,25.05395],[89.58782,25.05377],[89.58702,25.05343],[89.58701,25.05271],[89.58661,25.05253],[89.5866,25.05235],[89.58641,25.05235],[89.58663,25.05379],[89.58683,25.05379],[89.58684,25.05397],[89.58723,25.05396],[89.58704,25.05433],[89.58665,25.05434],[89.58665,25.05452],[89.58724,25.05451]]]}},{"type":"Feature","properties":{"kind":"land","ha":7.4},"geometry":{"type":"Polygon","coordinates":[[[89.66514,25.05547],[89.66513,25.05511],[89.66493,25.05512],[89.66492,25.0544],[89.66472,25.0544],[89.66471,25.05404],[89.66431,25.05405],[89.66431,25.05368],[89.66411,25.05369],[89.6641,25.05351],[89.6647,25.0535],[89.66489,25.05313],[89.6641,25.05315],[89.66409,25.05297],[89.6631,25.05298],[89.6629,25.05263],[89.6625,25.05263],[89.66249,25.05227],[89.6621,25.05228],[89.66208,25.05156],[89.66247,25.05137],[89.66247,25.05119],[89.66168,25.05139],[89.66167,25.05102],[89.66127,25.05085],[89.66128,25.05103],[89.66068,25.05104],[89.66069,25.05122],[89.66049,25.05123],[89.66049,25.05141],[89.66069,25.0514],[89.6607,25.05194],[89.6599,25.0516],[89.65991,25.05196],[89.66031,25.05213],[89.66031,25.05231],[89.66051,25.05231],[89.66052,25.05249],[89.66071,25.05249],[89.66072,25.05267],[89.66111,25.05266],[89.66112,25.05302],[89.66152,25.05301],[89.66172,25.05337],[89.66192,25.05337],[89.66193,25.05355],[89.66232,25.05354],[89.66253,25.0539],[89.66292,25.05389],[89.66293,25.05407],[89.66313,25.05407],[89.66313,25.05443],[89.66333,25.05442],[89.66332,25.05388],[89.66372,25.05388],[89.66372,25.05406],[89.66392,25.05405],[89.66393,25.05441],[89.66412,25.05441],[89.66413,25.05477],[89.66473,25.05476],[89.66454,25.05512],[89.66434,25.05513],[89.66434,25.05531],[89.66474,25.0553],[89.66474,25.05548],[89.66514,25.05547]],[[89.66211,25.05282],[89.66212,25.05318],[89.66192,25.05319],[89.66171,25.05283],[89.66211,25.05282]],[[89.66151,25.05283],[89.66151,25.05265],[89.66171,25.05265],[89.66171,25.05283],[89.66151,25.05283]],[[89.66129,25.05157],[89.66149,25.05157],[89.66149,25.05175],[89.66129,25.05175],[89.66129,25.05157]]]}},{"type":"Feature","properties":{"kind":"land","ha":3.2},"geometry":{"type":"Polygon","coordinates":[[[89.65478,25.05295],[89.65497,25.05259],[89.65477,25.05259],[89.65476,25.05205],[89.65456,25.05205],[89.65455,25.05151],[89.65435,25.05152],[89.65436,25.0517],[89.65376,25.05171],[89.65375,25.05135],[89.65455,25.05133],[89.65454,25.05115],[89.65415,25.05116],[89.65394,25.0508],[89.65374,25.05081],[89.65374,25.05062],[89.65354,25.05063],[89.65356,25.05135],[89.65296,25.05136],[89.65295,25.05082],[89.65275,25.05082],[89.65256,25.05119],[89.65236,25.05119],[89.65237,25.05137],[89.65217,25.05137],[89.65217,25.05156],[89.65198,25.05156],[89.65198,25.05174],[89.65178,25.05174],[89.65179,25.05192],[89.65218,25.05192],[89.65218,25.05174],[89.65277,25.05173],[89.65278,25.05191],[89.65297,25.0519],[89.65297,25.05172],[89.65317,25.05172],[89.65317,25.0519],[89.65357,25.05189],[89.65358,25.05225],[89.65377,25.05225],[89.65378,25.05243],[89.65338,25.05244],[89.65339,25.0528],[89.65379,25.05279],[89.65379,25.05297],[89.65478,25.05295]]]}},{"type":"Feature","properties":{"kind":"land","ha":8.5},"geometry":{"type":"Polygon","coordinates":[[[89.59273,25.06091],[89.59252,25.06019],[89.59271,25.06019],[89.59271,25.06001],[89.59311,25.06],[89.59311,25.06018],[89.5937,25.06017],[89.5937,25.05981],[89.59409,25.0598],[89.59409,25.05962],[89.59468,25.05961],[89.59448,25.05925],[89.59487,25.05925],[89.59467,25.05889],[89.59447,25.05889],[89.59447,25.05871],[89.59407,25.05872],[89.59407,25.05854],[89.59446,25.05853],[89.59425,25.05781],[89.59445,25.05781],[89.59444,25.05763],[89.59484,25.05762],[89.59484,25.05744],[89.59444,25.05745],[89.59444,25.05727],[89.59384,25.05728],[89.59405,25.05764],[89.59385,25.05764],[89.59386,25.05818],[89.59347,25.05837],[89.59347,25.05855],[89.59288,25.05856],[89.59287,25.0582],[89.59267,25.0582],[89.59267,25.05802],[89.59287,25.05802],[89.59284,25.05694],[89.59304,25.05693],[89.59305,25.05729],[89.59364,25.05728],[89.59364,25.0571],[89.59324,25.05711],[89.59323,25.05639],[89.59303,25.05639],[89.59301,25.05549],[89.5934,25.0553],[89.59341,25.05548],[89.59361,25.05548],[89.59361,25.05584],[89.59381,25.05584],[89.5938,25.05529],[89.594,25.05529],[89.59399,25.05511],[89.5938,25.05511],[89.59379,25.05493],[89.5934,25.05494],[89.59339,25.05476],[89.59359,25.05476],[89.59358,25.0544],[89.59378,25.05439],[89.59377,25.05403],[89.59397,25.05403],[89.59396,25.05349],[89.59435,25.0533],[89.59435,25.05312],[89.59455,25.05312],[89.59454,25.05275],[89.59434,25.05276],[89.59432,25.05168],[89.59392,25.05168],[89.59393,25.05204],[89.59373,25.05205],[89.59394,25.0524],[89.59374,25.05241],[89.59375,25.05313],[89.59356,25.05313],[89.59357,25.05367],[89.59337,25.05368],[89.59338,25.05404],[89.59318,25.05404],[89.59319,25.0544],[89.59299,25.05441],[89.59301,25.05531],[89.59281,25.05531],[89.59282,25.05603],[89.59263,25.05604],[89.59265,25.05694],[89.59245,25.05694],[89.59245,25.0573],[89.59265,25.0573],[89.59266,25.05748],[89.59246,25.05748],[89.59248,25.05857],[89.59228,25.05857],[89.59229,25.05911],[89.59269,25.0591],[89.5927,25.05965],[89.59231,25.05965],[89.59231,25.05983],[89.59211,25.05984],[89.59212,25.06002],[89.59231,25.06001],[89.59233,25.06092],[89.59273,25.06091]],[[89.59329,25.05945],[89.59369,25.05945],[89.59369,25.05963],[89.5933,25.05964],[89.59329,25.05945]],[[89.59308,25.05874],[89.59348,25.05873],[89.59348,25.05891],[89.59308,25.05892],[89.59308,25.05874]]]}},{"type":"Feature","properties":{"kind":"land","ha":1.2},"geometry":{"type":"Polygon","coordinates":[[[89.66244,25.04993],[89.66244,25.04975],[89.66264,25.04974],[89.66263,25.04956],[89.66283,25.04956],[89.66284,25.0501],[89.66304,25.0501],[89.66302,25.04901],[89.66203,25.04903],[89.66202,25.04885],[89.66182,25.04886],[89.66185,25.04994],[89.66205,25.04993],[89.66205,25.05012],[89.66244,25.04993]]]}},{"type":"Feature","properties":{"kind":"land","ha":3.8},"geometry":{"type":"Polygon","coordinates":[[[89.68621,25.04968],[89.68641,25.04968],[89.6864,25.04913],[89.6862,25.04914],[89.68619,25.04878],[89.68579,25.0486],[89.68579,25.04824],[89.68539,25.04825],[89.68539,25.04843],[89.6852,25.04843],[89.6852,25.0488],[89.6854,25.04879],[89.68542,25.04951],[89.68561,25.04951],[89.68562,25.04969],[89.68502,25.0497],[89.68503,25.04988],[89.68523,25.04988],[89.68524,25.0506],[89.68564,25.05059],[89.68565,25.05113],[89.68605,25.05131],[89.68605,25.05149],[89.68645,25.05148],[89.68645,25.05166],[89.68665,25.05166],[89.68664,25.05112],[89.68703,25.05093],[89.68702,25.05057],[89.68683,25.05057],[89.68682,25.05021],[89.68662,25.05021],[89.68661,25.04985],[89.68622,25.04986],[89.68621,25.04968]],[[89.68622,25.05004],[89.68602,25.05004],[89.68602,25.04986],[89.68622,25.04986],[89.68622,25.05004]]]}},{"type":"Feature","properties":{"kind":"land","ha":2.2},"geometry":{"type":"Polygon","coordinates":[[[89.58995,25.05121],[89.58993,25.05049],[89.59033,25.05066],[89.59033,25.0503],[89.59072,25.05029],[89.59072,25.05011],[89.59092,25.05011],[89.5909,25.04939],[89.5907,25.04939],[89.5907,25.04921],[89.5905,25.04921],[89.5905,25.0494],[89.59011,25.0494],[89.59012,25.05012],[89.58972,25.04995],[89.58972,25.04959],[89.58912,25.0496],[89.58914,25.05068],[89.58934,25.05068],[89.58935,25.05104],[89.58955,25.05104],[89.58955,25.05122],[89.58995,25.05121]]]}},{"type":"Feature","properties":{"kind":"land","ha":1.1},"geometry":{"type":"Polygon","coordinates":[[[89.59687,25.05055],[89.59686,25.05001],[89.59706,25.05],[89.59704,25.04946],[89.59665,25.04929],[89.59664,25.04911],[89.59625,25.04911],[89.59626,25.04966],[89.59645,25.04965],[89.59646,25.04983],[89.59607,25.05002],[89.59607,25.05038],[89.59627,25.05038],[89.59628,25.05056],[89.59687,25.05055]]]}},{"type":"Feature","properties":{"kind":"land","ha":8.1},"geometry":{"type":"Polygon","coordinates":[[[89.67565,25.05583],[89.67564,25.05565],[89.67525,25.05565],[89.67524,25.05547],[89.67505,25.05548],[89.67503,25.05494],[89.67543,25.05475],[89.67542,25.05439],[89.67522,25.05439],[89.67521,25.05385],[89.67501,25.05385],[89.67499,25.05313],[89.67519,25.05313],[89.67518,25.05277],[89.67538,25.05276],[89.67537,25.0524],[89.67557,25.0524],[89.67555,25.05132],[89.67535,25.05132],[89.67535,25.05114],[89.67555,25.05114],[89.67553,25.05041],[89.67533,25.05042],[89.67532,25.05006],[89.67552,25.05005],[89.67551,25.04951],[89.67571,25.04951],[89.6757,25.04897],[89.67589,25.04896],[89.67589,25.0486],[89.67569,25.04861],[89.67567,25.0477],[89.67547,25.04771],[89.67549,25.04861],[89.67509,25.04862],[89.67511,25.04916],[89.67491,25.04916],[89.67513,25.05024],[89.67493,25.05024],[89.67494,25.05079],[89.67475,25.05079],[89.67475,25.05115],[89.67416,25.05116],[89.67415,25.05098],[89.67396,25.05098],[89.67414,25.05026],[89.67394,25.05026],[89.67393,25.04954],[89.67412,25.04954],[89.67412,25.04936],[89.67372,25.04936],[89.67371,25.04882],[89.67391,25.04882],[89.67392,25.04918],[89.67431,25.04917],[89.67431,25.04899],[89.67471,25.04899],[89.6747,25.0488],[89.67431,25.04881],[89.6743,25.04863],[89.6741,25.04863],[89.67387,25.0472],[89.67348,25.0472],[89.67348,25.04738],[89.67368,25.04738],[89.6737,25.0481],[89.6733,25.04829],[89.67332,25.04883],[89.67312,25.04883],[89.67313,25.04919],[89.67353,25.04937],[89.67356,25.05081],[89.67375,25.05081],[89.67376,25.05117],[89.67396,25.05116],[89.67397,25.05153],[89.67456,25.05151],[89.67456,25.05133],[89.67476,25.05133],[89.67478,25.05223],[89.67418,25.05224],[89.6742,25.05297],[89.6744,25.05296],[89.67442,25.05404],[89.67462,25.05404],[89.67463,25.0544],[89.67482,25.0544],[89.67485,25.05566],[89.67505,25.05566],[89.67505,25.05584],[89.67565,25.05583]]]}},{"type":"Feature","properties":{"kind":"land","ha":6.4},"geometry":{"type":"Polygon","coordinates":[[[89.67767,25.04875],[89.67766,25.04839],[89.67786,25.04839],[89.67787,25.04875],[89.67827,25.04874],[89.67826,25.04856],[89.67807,25.04856],[89.67805,25.04802],[89.67825,25.04802],[89.67825,25.04784],[89.67884,25.04783],[89.67883,25.04729],[89.67863,25.04729],[89.67863,25.04711],[89.67784,25.0473],[89.67784,25.04712],[89.67764,25.04713],[89.67762,25.04641],[89.67703,25.04642],[89.67704,25.04678],[89.67644,25.04679],[89.67643,25.04643],[89.67624,25.04643],[89.67624,25.04661],[89.67565,25.04662],[89.67564,25.04644],[89.67544,25.04644],[89.67542,25.04536],[89.67443,25.04538],[89.67443,25.04556],[89.67364,25.04557],[89.67364,25.04539],[89.67344,25.0454],[89.67345,25.04576],[89.67404,25.04575],[89.67405,25.04593],[89.67424,25.04593],[89.67425,25.04647],[89.67445,25.04646],[89.67446,25.04664],[89.67426,25.04665],[89.67428,25.04755],[89.67467,25.04754],[89.67467,25.04718],[89.67447,25.04718],[89.67446,25.047],[89.67486,25.04682],[89.67486,25.047],[89.67546,25.04699],[89.67547,25.04753],[89.67587,25.0477],[89.67587,25.04788],[89.67627,25.04787],[89.67627,25.04805],[89.67647,25.04805],[89.67646,25.04751],[89.67705,25.0475],[89.67706,25.04768],[89.67725,25.04768],[89.67726,25.04804],[89.67746,25.04803],[89.67747,25.04875],[89.67767,25.04875]],[[89.67684,25.04696],[89.67724,25.04695],[89.67725,25.04731],[89.67705,25.04732],[89.67684,25.04696]],[[89.67504,25.04627],[89.67465,25.04628],[89.67464,25.04592],[89.67504,25.04591],[89.67504,25.04609],[89.67524,25.04609],[89.67525,25.04645],[89.67505,25.04645],[89.67504,25.04627]]]}},{"type":"Feature","properties":{"kind":"land","ha":7.5},"geometry":{"type":"Polygon","coordinates":[[[89.65844,25.04801],[89.65666,25.04805],[89.65665,25.04787],[89.65685,25.04786],[89.65684,25.0475],[89.65704,25.0475],[89.65703,25.04696],[89.65723,25.04695],[89.65722,25.04677],[89.65762,25.04677],[89.65761,25.04658],[89.65781,25.04658],[89.65782,25.04676],[89.65841,25.04675],[89.6584,25.04639],[89.65781,25.0464],[89.6578,25.04586],[89.65839,25.04585],[89.65838,25.04549],[89.65779,25.0455],[89.6576,25.04586],[89.6574,25.04587],[89.6574,25.04605],[89.65721,25.04605],[89.65721,25.04623],[89.65681,25.04624],[89.65662,25.0466],[89.65643,25.04661],[89.65644,25.04715],[89.65624,25.04715],[89.65624,25.04733],[89.65644,25.04733],[89.65646,25.04823],[89.65666,25.04823],[89.65667,25.04859],[89.65686,25.04858],[89.65687,25.04894],[89.65707,25.04894],[89.65708,25.0493],[89.65728,25.0493],[89.65728,25.04966],[89.65748,25.04966],[89.65749,25.05002],[89.65789,25.05019],[89.65789,25.05037],[89.65809,25.05037],[89.6581,25.05055],[89.65849,25.05054],[89.6585,25.05072],[89.65929,25.05071],[89.6593,25.05125],[89.6595,25.05124],[89.6595,25.05142],[89.6597,25.05142],[89.65969,25.05106],[89.65949,25.05106],[89.65948,25.05052],[89.65928,25.05053],[89.65928,25.05035],[89.65849,25.05036],[89.65848,25.05018],[89.65868,25.05018],[89.65867,25.04963],[89.65907,25.04963],[89.65906,25.04945],[89.65986,25.04943],[89.65985,25.04907],[89.65945,25.04908],[89.65945,25.0489],[89.65905,25.04891],[89.65905,25.04872],[89.65885,25.04873],[89.65883,25.04801],[89.65844,25.04819],[89.65844,25.04801]],[[89.65845,25.04837],[89.65825,25.04838],[89.65824,25.0482],[89.65844,25.04819],[89.65845,25.04837]],[[89.65747,25.04911],[89.65787,25.04911],[89.65787,25.04947],[89.65768,25.04947],[89.65747,25.04911]]]}},{"type":"Feature","properties":{"kind":"land","ha":6.0},"geometry":{"type":"Polygon","coordinates":[[[89.6914,25.05139],[89.6914,25.05121],[89.691,25.05122],[89.69118,25.05013],[89.69078,25.05014],[89.69077,25.04978],[89.69116,25.04959],[89.69117,25.04977],[89.69137,25.04977],[89.69135,25.04905],[89.69095,25.04905],[89.69095,25.04887],[89.69075,25.04888],[89.69074,25.04851],[89.69034,25.04834],[89.69052,25.04726],[89.69092,25.04725],[89.69091,25.04689],[89.6913,25.04688],[89.69112,25.04761],[89.69152,25.0476],[89.69151,25.04742],[89.69171,25.04741],[89.69172,25.04778],[89.69212,25.04795],[89.69212,25.04813],[89.69232,25.04813],[89.69231,25.04776],[89.69271,25.04776],[89.6927,25.0474],[89.69231,25.04758],[89.69231,25.0474],[89.69211,25.04741],[89.69211,25.04759],[89.69191,25.04759],[89.6919,25.04687],[89.6921,25.04687],[89.69209,25.04669],[89.6915,25.0467],[89.69149,25.04652],[89.6911,25.04652],[89.6911,25.0467],[89.69071,25.04671],[89.69069,25.04581],[89.69088,25.0458],[89.69088,25.04562],[89.69029,25.04564],[89.69008,25.04528],[89.68988,25.04528],[89.68987,25.04492],[89.68948,25.04493],[89.6895,25.04601],[89.6899,25.046],[89.6899,25.04618],[89.6901,25.04618],[89.69011,25.04654],[89.6905,25.04653],[89.69051,25.04707],[89.69012,25.04726],[89.69013,25.04744],[89.68993,25.04745],[89.68993,25.04763],[89.69013,25.04762],[89.69014,25.04816],[89.68994,25.04817],[89.68994,25.04781],[89.68974,25.04781],[89.68973,25.04763],[89.68954,25.04763],[89.68955,25.04818],[89.68975,25.04817],[89.68976,25.04889],[89.69016,25.04907],[89.69017,25.04961],[89.69037,25.0496],[89.69039,25.05033],[89.69059,25.05032],[89.69059,25.05068],[89.69079,25.05068],[89.69081,25.0514],[89.6914,25.05139]]]}},{"type":"Feature","properties":{"kind":"land","ha":7.6},"geometry":{"type":"Polygon","coordinates":[[[89.6794,25.04637],[89.6798,25.04637],[89.68001,25.04672],[89.6802,25.04672],[89.68021,25.0469],[89.6806,25.04689],[89.68061,25.04725],[89.68101,25.04743],[89.68102,25.04761],[89.68161,25.0476],[89.68182,25.04795],[89.68201,25.04795],[89.68203,25.04849],[89.68222,25.04849],[89.68223,25.04867],[89.68243,25.04867],[89.68241,25.04812],[89.68261,25.04812],[89.68261,25.04794],[89.6832,25.04793],[89.68321,25.04829],[89.68341,25.04829],[89.68342,25.04883],[89.68302,25.04883],[89.68303,25.04902],[89.68342,25.04901],[89.68343,25.04919],[89.68382,25.049],[89.6838,25.04792],[89.6836,25.04792],[89.68359,25.04756],[89.68279,25.0474],[89.68278,25.04667],[89.68238,25.0465],[89.68239,25.04704],[89.682,25.04723],[89.682,25.04741],[89.68121,25.04742],[89.68119,25.0467],[89.68079,25.04653],[89.68079,25.04635],[89.68059,25.04635],[89.68059,25.04617],[89.68039,25.04618],[89.68037,25.04527],[89.68077,25.04545],[89.68078,25.04563],[89.68097,25.04562],[89.68098,25.0458],[89.68157,25.04579],[89.68178,25.04615],[89.68198,25.04615],[89.68198,25.04633],[89.68218,25.04632],[89.68217,25.04596],[89.68237,25.04596],[89.68236,25.04542],[89.68276,25.04559],[89.68276,25.04577],[89.68296,25.04577],[89.68295,25.04523],[89.68255,25.04523],[89.68255,25.04505],[89.68235,25.04506],[89.68235,25.04524],[89.68116,25.04526],[89.68117,25.04544],[89.68097,25.04544],[89.68096,25.04508],[89.68076,25.04509],[89.68076,25.04491],[89.68017,25.04492],[89.68016,25.04474],[89.67957,25.04475],[89.67956,25.04457],[89.67917,25.04457],[89.67919,25.04547],[89.67859,25.04549],[89.6788,25.04584],[89.6786,25.04585],[89.67861,25.04621],[89.6794,25.04619],[89.6794,25.04637]],[[89.6794,25.04601],[89.6792,25.04602],[89.67919,25.04566],[89.67958,25.04547],[89.6798,25.04619],[89.6794,25.04619],[89.6794,25.04601]]]}},{"type":"Feature","properties":{"kind":"land","ha":1.1},"geometry":{"type":"Polygon","coordinates":[[[89.67658,25.04426],[89.67677,25.04389],[89.67638,25.0439],[89.67637,25.04372],[89.67618,25.04372],[89.67616,25.04318],[89.67498,25.04338],[89.67499,25.04375],[89.67519,25.04374],[89.67519,25.04392],[89.67578,25.04391],[89.67579,25.04409],[89.67618,25.04409],[89.67619,25.04427],[89.67658,25.04426]]]}},{"type":"Feature","properties":{"kind":"land","ha":2.0},"geometry":{"type":"Polygon","coordinates":[[[89.67955,25.04384],[89.67954,25.04348],[89.67934,25.04349],[89.67934,25.04331],[89.67835,25.04332],[89.67834,25.04314],[89.67775,25.04315],[89.67796,25.04387],[89.67757,25.04406],[89.67757,25.04424],[89.67738,25.04424],[89.67738,25.04442],[89.67778,25.04442],[89.67778,25.0446],[89.67837,25.04459],[89.67836,25.04387],[89.67876,25.04404],[89.67876,25.04422],[89.67975,25.0442],[89.67975,25.04402],[89.67935,25.04403],[89.67935,25.04385],[89.67955,25.04384]],[[89.67915,25.04385],[89.67915,25.04367],[89.67935,25.04367],[89.67935,25.04385],[89.67915,25.04385]],[[89.67875,25.0435],[89.67895,25.04349],[89.67895,25.04367],[89.67875,25.04368],[89.67875,25.0435]]]}},{"type":"Feature","properties":{"kind":"land","ha":1.2},"geometry":{"type":"Polygon","coordinates":[[[89.68768,25.04406],[89.68767,25.0437],[89.68747,25.0437],[89.68747,25.04352],[89.68766,25.04352],[89.68766,25.04334],[89.68746,25.04334],[89.68746,25.04316],[89.68785,25.04315],[89.68786,25.04333],[89.68806,25.04333],[89.68804,25.04279],[89.68765,25.04298],[89.68765,25.0428],[89.68745,25.0428],[89.68745,25.04298],[89.68726,25.04298],[89.68726,25.04334],[89.68646,25.043],[89.68668,25.04372],[89.68708,25.04389],[89.68708,25.04407],[89.68728,25.04407],[89.68728,25.04425],[89.68768,25.04406]]]}},{"type":"Feature","properties":{"kind":"land","ha":4.7},"geometry":{"type":"Polygon","coordinates":[[[89.60454,25.04789],[89.60453,25.04734],[89.60493,25.04734],[89.60493,25.04752],[89.60513,25.04751],[89.60514,25.04788],[89.60533,25.04787],[89.60552,25.04715],[89.60571,25.04714],[89.6057,25.04642],[89.6059,25.04642],[89.60586,25.04443],[89.60566,25.04444],[89.60565,25.04408],[89.60545,25.04408],[89.60549,25.0457],[89.60568,25.0457],[89.60569,25.04588],[89.60549,25.04588],[89.6055,25.04661],[89.60531,25.04661],[89.60531,25.04697],[89.60512,25.04697],[89.60512,25.04715],[89.60472,25.04716],[89.60472,25.04698],[89.60492,25.04698],[89.6049,25.04607],[89.60451,25.04626],[89.60451,25.04644],[89.60372,25.04646],[89.60371,25.0461],[89.60411,25.04609],[89.6041,25.04591],[89.6037,25.04573],[89.6037,25.04555],[89.6035,25.04556],[89.6035,25.04538],[89.60389,25.04519],[89.60389,25.04501],[89.60349,25.04484],[89.60348,25.04466],[89.60328,25.04466],[89.60328,25.04448],[89.60308,25.04448],[89.60309,25.04502],[89.60329,25.04502],[89.6033,25.04538],[89.6031,25.04538],[89.60312,25.04647],[89.60332,25.04646],[89.60333,25.047],[89.60353,25.047],[89.60354,25.04736],[89.60394,25.04754],[89.60394,25.04772],[89.60414,25.04771],[89.60415,25.04789],[89.60454,25.04789]],[[89.60413,25.04699],[89.60432,25.04699],[89.60433,25.04735],[89.60413,25.04735],[89.60413,25.04699]]]}},{"type":"Feature","properties":{"kind":"land","ha":1.7},"geometry":{"type":"Polygon","coordinates":[[[89.66708,25.04461],[89.66708,25.04443],[89.66747,25.04442],[89.66746,25.04388],[89.66825,25.04369],[89.66825,25.04351],[89.66706,25.04353],[89.66685,25.04317],[89.66646,25.04318],[89.66645,25.043],[89.66586,25.04301],[89.66586,25.04319],[89.66606,25.04318],[89.66607,25.04355],[89.66666,25.04353],[89.66667,25.0439],[89.66687,25.04389],[89.66668,25.04426],[89.66628,25.04426],[89.66629,25.04462],[89.66708,25.04461]]]}},{"type":"Feature","properties":{"kind":"land","ha":1.4},"geometry":{"type":"Polygon","coordinates":[[[89.58766,25.04602],[89.58766,25.04583],[89.58805,25.04583],[89.58784,25.04511],[89.58745,25.0453],[89.58743,25.04458],[89.58763,25.04457],[89.58762,25.04421],[89.58782,25.04421],[89.58782,25.04403],[89.58742,25.04403],[89.58723,25.0444],[89.58703,25.0444],[89.58706,25.04585],[89.58686,25.04585],[89.58687,25.04603],[89.58766,25.04602]]]}},{"type":"Feature","properties":{"kind":"land","ha":10.2},"geometry":{"type":"Polygon","coordinates":[[[89.58793,25.04926],[89.58812,25.04926],[89.58813,25.04944],[89.58833,25.04943],[89.58833,25.04961],[89.58892,25.0496],[89.58892,25.04924],[89.58931,25.04924],[89.58931,25.04906],[89.59109,25.04902],[89.59108,25.04866],[89.59128,25.04866],[89.59127,25.0483],[89.59088,25.04831],[89.59069,25.04867],[89.59029,25.04868],[89.59029,25.0485],[89.59009,25.0485],[89.59008,25.04796],[89.58988,25.04796],[89.58987,25.04742],[89.58967,25.04742],[89.58966,25.04688],[89.58986,25.04688],[89.58985,25.04652],[89.58965,25.04652],[89.58964,25.04616],[89.58984,25.04616],[89.58983,25.04562],[89.59003,25.04561],[89.59,25.04435],[89.5904,25.04434],[89.59039,25.04398],[89.59019,25.04399],[89.5902,25.04417],[89.59,25.04417],[89.58999,25.04399],[89.5896,25.044],[89.5896,25.04418],[89.58861,25.04419],[89.58862,25.04437],[89.58881,25.04437],[89.58862,25.04474],[89.58882,25.04473],[89.58884,25.04545],[89.58923,25.04545],[89.58924,25.04599],[89.58905,25.04599],[89.58905,25.04617],[89.58865,25.04618],[89.58866,25.04636],[89.58826,25.04637],[89.58807,25.04673],[89.58688,25.04675],[89.58689,25.04693],[89.58669,25.04693],[89.5867,25.04748],[89.5871,25.04747],[89.5871,25.04765],[89.5873,25.04765],[89.58731,25.04819],[89.58691,25.04819],[89.58671,25.04784],[89.58651,25.04784],[89.5865,25.04748],[89.5861,25.04731],[89.58613,25.04857],[89.58633,25.04857],[89.58632,25.04839],[89.58672,25.04838],[89.58672,25.04856],[89.58712,25.04855],[89.58712,25.04873],[89.58752,25.04873],[89.58772,25.04908],[89.58792,25.04908],[89.58793,25.04926]],[[89.58989,25.0485],[89.5893,25.04851],[89.58929,25.04797],[89.58988,25.04796],[89.58989,25.0485]],[[89.58791,25.04854],[89.58831,25.04871],[89.58831,25.04853],[89.58851,25.04853],[89.58851,25.04871],[89.58871,25.0487],[89.58871,25.04889],[89.58812,25.0489],[89.58812,25.04908],[89.58792,25.04908],[89.58791,25.04854]],[[89.5885,25.04817],[89.5881,25.04817],[89.5879,25.04782],[89.5877,25.04782],[89.58769,25.04764],[89.5875,25.04764],[89.58749,25.04746],[89.58729,25.04747],[89.58728,25.04692],[89.58768,25.0471],[89.58769,25.04728],[89.58808,25.04727],[89.58809,25.04745],[89.58848,25.04726],[89.58847,25.04708],[89.58927,25.04707],[89.58928,25.04779],[89.58908,25.0478],[89.5891,25.04834],[89.5887,25.04834],[89.5887,25.04852],[89.58851,25.04853],[89.5885,25.04817]]]}},{"type":"Feature","properties":{"kind":"land","ha":4.5},"geometry":{"type":"Polygon","coordinates":[[[89.65937,25.04511],[89.65936,25.04475],[89.65995,25.04474],[89.65995,25.04456],[89.66015,25.04455],[89.66014,25.04419],[89.66054,25.04437],[89.66052,25.04364],[89.66092,25.04364],[89.66091,25.04328],[89.66111,25.04327],[89.66111,25.04309],[89.6615,25.04309],[89.6615,25.04291],[89.6609,25.04292],[89.66089,25.04219],[89.66128,25.04219],[89.66129,25.04255],[89.66149,25.04254],[89.66149,25.04236],[89.66188,25.04236],[89.66188,25.04218],[89.66208,25.04217],[89.66207,25.04199],[89.66148,25.042],[89.66147,25.04182],[89.66068,25.04184],[89.66069,25.04202],[89.66049,25.04202],[89.6605,25.04238],[89.6601,25.04239],[89.6601,25.04257],[89.65991,25.04257],[89.65992,25.04311],[89.65972,25.04312],[89.65972,25.0433],[89.65933,25.04331],[89.65933,25.04367],[89.65894,25.04385],[89.65895,25.04421],[89.65856,25.0444],[89.65857,25.04476],[89.65876,25.04476],[89.65877,25.04494],[89.65916,25.04475],[89.65917,25.04511],[89.65937,25.04511]]]}},{"type":"Feature","properties":{"kind":"land","ha":7.1},"geometry":{"type":"Polygon","coordinates":[[[89.59215,25.04305],[89.59295,25.04304],[89.59294,25.04285],[89.59254,25.04268],[89.59254,25.0425],[89.59234,25.0425],[89.59233,25.04196],[89.59213,25.04197],[89.59214,25.04233],[89.59194,25.04233],[89.59195,25.04269],[89.59175,25.0427],[89.59175,25.04288],[89.59136,25.04288],[89.59136,25.04306],[89.59116,25.04307],[89.59117,25.04343],[89.59137,25.04342],[89.59139,25.04451],[89.59119,25.04451],[89.59121,25.04505],[89.5914,25.04505],[89.59141,25.04523],[89.59121,25.04523],[89.59122,25.04577],[89.59102,25.04578],[89.59105,25.04704],[89.59066,25.04723],[89.59067,25.04795],[89.59107,25.04794],[89.59106,25.04758],[89.59126,25.04758],[89.59124,25.04667],[89.59144,25.04667],[89.59143,25.04613],[89.59182,25.04612],[89.59183,25.0463],[89.59242,25.04629],[89.59242,25.04647],[89.59282,25.04647],[89.59283,25.04701],[89.59303,25.047],[89.59303,25.04719],[89.59343,25.047],[89.59341,25.0461],[89.59321,25.0461],[89.59319,25.04538],[89.59359,25.04519],[89.59358,25.04465],[89.59338,25.04465],[89.59337,25.04447],[89.59357,25.04447],[89.59357,25.04429],[89.59337,25.04429],[89.59337,25.04411],[89.59257,25.04412],[89.59258,25.04431],[89.59238,25.04431],[89.59237,25.04377],[89.59217,25.04377],[89.59215,25.04305]],[[89.59218,25.04449],[89.59159,25.0445],[89.59158,25.04396],[89.59178,25.04396],[89.59177,25.04378],[89.59217,25.04377],[89.59218,25.04449]],[[89.59199,25.04486],[89.59219,25.04485],[89.59219,25.04467],[89.59258,25.04467],[89.59278,25.0443],[89.59317,25.04429],[89.59319,25.0452],[89.5922,25.04521],[89.59199,25.04486]]]}},{"type":"Feature","properties":{"kind":"land","ha":1.7},"geometry":{"type":"Polygon","coordinates":[[[89.64229,25.04343],[89.64227,25.04253],[89.64207,25.04253],[89.64207,25.04235],[89.64227,25.04235],[89.64226,25.04217],[89.64207,25.04217],[89.64203,25.04073],[89.64124,25.04074],[89.64125,25.04092],[89.64144,25.04092],[89.64145,25.0411],[89.64125,25.0411],[89.64126,25.04146],[89.64146,25.04146],[89.64147,25.04218],[89.64187,25.04235],[89.64187,25.04253],[89.64168,25.04254],[89.64169,25.04308],[89.64209,25.04325],[89.64209,25.04343],[89.64229,25.04343]]]}},{"type":"Feature","properties":{"kind":"land","ha":5.0},"geometry":{"type":"Polygon","coordinates":[[[89.59829,25.04276],[89.59829,25.04258],[89.59789,25.04259],[89.59789,25.04277],[89.59809,25.04276],[89.5981,25.04331],[89.59751,25.04332],[89.59751,25.04314],[89.59731,25.04314],[89.5973,25.0426],[89.59769,25.04259],[89.59768,25.04187],[89.59748,25.04187],[89.59749,25.04223],[89.59709,25.04242],[89.5971,25.0426],[89.5969,25.04261],[89.5969,25.04279],[89.59671,25.04279],[89.59671,25.04315],[89.59632,25.04334],[89.59633,25.04352],[89.59771,25.04349],[89.59772,25.04367],[89.59831,25.04366],[89.59831,25.04384],[89.59911,25.04383],[89.5993,25.04347],[89.59949,25.04346],[89.59948,25.04292],[89.59988,25.04291],[89.59988,25.04273],[89.60047,25.04272],[89.60045,25.042],[89.60065,25.042],[89.60065,25.04182],[89.60104,25.04181],[89.60105,25.04199],[89.60125,25.04199],[89.60107,25.04307],[89.60167,25.04306],[89.60166,25.04288],[89.60127,25.04289],[89.60126,25.04271],[89.60166,25.0427],[89.60164,25.04198],[89.60124,25.04181],[89.60123,25.04145],[89.60143,25.04144],[89.60142,25.04072],[89.60103,25.04091],[89.60103,25.04109],[89.60083,25.04109],[89.60084,25.04127],[89.60064,25.04128],[89.60064,25.04146],[89.60044,25.04146],[89.60045,25.04182],[89.60005,25.04183],[89.60006,25.04201],[89.59986,25.04201],[89.59987,25.04237],[89.59947,25.04238],[89.59948,25.04256],[89.59928,25.04256],[89.59927,25.04238],[89.59868,25.04239],[89.59869,25.04293],[89.59829,25.04276]],[[89.59909,25.04293],[89.59909,25.04329],[89.5987,25.04348],[89.59869,25.04293],[89.59909,25.04293]]]}},{"type":"Feature","properties":{"kind":"land","ha":1.2},"geometry":{"type":"Polygon","coordinates":[[[89.66875,25.03935],[89.66875,25.03917],[89.66974,25.03915],[89.66973,25.03897],[89.66914,25.03898],[89.66893,25.03862],[89.66854,25.03863],[89.66853,25.03845],[89.66794,25.03846],[89.66794,25.03828],[89.66774,25.03828],[89.66775,25.03882],[89.66795,25.03882],[89.66796,25.03918],[89.66815,25.03918],[89.66816,25.03936],[89.66875,25.03935]]]}},{"type":"Feature","properties":{"kind":"land","ha":2.9},"geometry":{"type":"Polygon","coordinates":[[[89.5992,25.03895],[89.59921,25.03932],[89.59901,25.03932],[89.59902,25.03986],[89.59942,25.03985],[89.59943,25.04039],[89.59903,25.0404],[89.59904,25.04058],[89.59844,25.04059],[89.59825,25.04096],[89.59805,25.04096],[89.59807,25.0415],[89.59846,25.04131],[89.59845,25.04113],[89.59865,25.04113],[89.59865,25.04095],[89.59904,25.04094],[89.59925,25.0413],[89.59945,25.0413],[89.59964,25.04093],[89.59984,25.04093],[89.59983,25.04075],[89.60003,25.04075],[89.60003,25.04056],[89.60023,25.04056],[89.60002,25.0402],[89.59982,25.04021],[89.59981,25.03967],[89.60001,25.03966],[89.6,25.03912],[89.60039,25.03893],[89.60038,25.03857],[89.60018,25.03858],[89.60018,25.0384],[89.60038,25.03839],[89.60037,25.03821],[89.59959,25.03841],[89.59959,25.03877],[89.5992,25.03895]],[[89.59999,25.03876],[89.5998,25.03912],[89.5996,25.03913],[89.59959,25.03877],[89.59999,25.03876]]]}},{"type":"Feature","properties":{"kind":"land","ha":5.3},"geometry":{"type":"Polygon","coordinates":[[[89.63074,25.04057],[89.63093,25.0402],[89.63113,25.0402],[89.63111,25.0393],[89.6313,25.03929],[89.6313,25.03893],[89.63169,25.03874],[89.63169,25.03856],[89.63248,25.03855],[89.63247,25.03819],[89.63267,25.03818],[89.63266,25.03764],[89.63246,25.03765],[89.63247,25.03801],[89.63207,25.03801],[89.63207,25.03783],[89.63187,25.03784],[89.63188,25.0382],[89.63148,25.03821],[89.63148,25.03803],[89.63128,25.03803],[89.63128,25.03821],[89.63108,25.03821],[89.63109,25.03857],[89.6307,25.03876],[89.6307,25.03894],[89.6305,25.03895],[89.6305,25.03858],[89.6303,25.03859],[89.6303,25.03841],[89.6299,25.03841],[89.6299,25.03823],[89.63009,25.03823],[89.63009,25.03805],[89.63049,25.03804],[89.63048,25.03768],[89.63028,25.03769],[89.63028,25.03787],[89.62989,25.03787],[89.62988,25.03769],[89.62909,25.03771],[89.6291,25.03789],[89.6289,25.03789],[89.62889,25.03771],[89.6285,25.03772],[89.62851,25.03808],[89.6289,25.03807],[89.62891,25.03825],[89.62831,25.03826],[89.62832,25.03862],[89.62793,25.03881],[89.62793,25.03899],[89.62714,25.039],[89.62714,25.03919],[89.62813,25.03917],[89.62813,25.03899],[89.62892,25.03897],[89.62892,25.03879],[89.62931,25.03879],[89.62931,25.03861],[89.6297,25.0386],[89.62991,25.03896],[89.63011,25.03895],[89.63011,25.03913],[89.63031,25.03913],[89.63032,25.03967],[89.63012,25.03967],[89.63013,25.04003],[89.63033,25.04003],[89.63034,25.04057],[89.63074,25.04057]]]}},{"type":"Feature","properties":{"kind":"land","ha":1.5},"geometry":{"type":"Polygon","coordinates":[[[89.66695,25.03848],[89.66695,25.0383],[89.66655,25.03812],[89.66654,25.03794],[89.66634,25.03794],[89.66634,25.03776],[89.66614,25.03777],[89.66614,25.03759],[89.66673,25.03758],[89.66672,25.03704],[89.66553,25.03706],[89.66554,25.03742],[89.66574,25.03741],[89.66574,25.03759],[89.66515,25.03761],[89.66515,25.03779],[89.66535,25.03778],[89.66535,25.03796],[89.66575,25.03796],[89.66596,25.03831],[89.66655,25.0383],[89.66655,25.03848],[89.66695,25.03848]]]}}]}