segment,side,year,y_mid,y_top,y_bot,bank_x,corridor_width_m,bulge_m,landward_settlement_ha,jrc_occ_river,jrc_occ_land,hand_land_m,dw_water_river,target_eroded_ha,target_eroded_settlement_ha,target_retreat_m,dw_water_change,eroded_ha_lag1,eroded_ha_lag2,eroded_ha_lag3,retreat_m_lag1,retreat_m_lag2,eroded_settlement_ha_lag1,side_is_west,target,split,buildings,building_area_m2,population,union_name,union_id
0,east,2015,2814490.0,2814740.0,2814240.0,777690.0,12800.0,,10.28,51.5,7.0,1.750001,,2.88,0.04,80.0,,,,,,,,0,0.0,train,37.0,1758.3919925689697,740.6847796440125,Mohanganj,29066614B51426412731792
0,east,2016,2814490.0,2814740.0,2814240.0,777770.0,13160.0,,9.68,51.5,1.5,1.8000011,72.0,3.24,0.48,60.0,,2.88,,,80.0,,0.04,0,0.0,train,37.0,1758.3919925689697,740.6847796440125,Mohanganj,29066614B51426412731792
0,east,2017,2814490.0,2814740.0,2814240.0,777830.0,13400.0,,8.64,50.5,1.0,1.8000011,73.0,0.0,0.0,20.0,1.0,3.24,2.88,,60.0,80.0,0.48,0,0.0,train,37.0,1758.3919925689697,740.6847796440125,Mohanganj,29066614B51426412731792
0,east,2018,2814490.0,2814740.0,2814240.0,777850.0,13440.0,,11.120000000000001,50.5,1.0,1.8000011,66.0,0.32,0.0,0.0,-7.0,0.0,3.24,2.88,20.0,60.0,0.0,0,0.0,train,37.0,1758.3919925689697,740.6847796440125,Mohanganj,29066614B51426412731792
0,east,2019,2814490.0,2814740.0,2814240.0,777850.0,13420.0,,10.08,50.5,1.0,1.8000011,72.0,1.52,0.2,20.0,6.0,0.32,0.0,3.24,0.0,20.0,0.0,0,0.0,train,37.0,1758.3919925689697,740.6847796440125,Mohanganj,29066614B51426412731792
0,east,2020,2814490.0,2814740.0,2814240.0,777870.0,13530.0,,10.28,47.5,0.0,1.8000011,70.0,0.0,0.0,0.0,-2.0,1.52,0.32,0.0,20.0,0.0,0.2,0,0.0,train,37.0,1758.3919925689697,740.6847796440125,Mohanganj,29066614B51426412731792
0,east,2021,2814490.0,2814740.0,2814240.0,777870.0,13700.0,,9.36,47.5,0.5,1.8000011,17.0,1.0,0.0,20.0,-53.0,0.0,1.52,0.32,0.0,20.0,0.0,0,0.0,train,37.0,1758.3919925689697,740.6847796440125,Mohanganj,29066614B51426412731792
0,east,2022,2814490.0,2814740.0,2814240.0,777890.0,13670.0,,9.84,44.5,0.0,1.8000011,25.0,0.0,0.0,-40.0,8.0,1.0,0.0,1.52,20.0,0.0,0.0,0,0.0,train,37.0,1758.3919925689697,740.6847796440125,Mohanganj,29066614B51426412731792
0,east,2023,2814490.0,2814740.0,2814240.0,777850.0,13430.0,,11.0,50.5,1.0,1.8000011,7.0,0.0,0.0,-10.0,-18.0,0.0,1.0,0.0,-40.0,20.0,0.0,0,0.0,train,37.0,1758.3919925689697,740.6847796440125,Mohanganj,29066614B51426412731792
0,east,2024,2814490.0,2814740.0,2814240.0,777840.0,13660.0,,11.44,50.5,1.0,1.8000011,70.0,0.2,0.0,-30.0,63.0,0.0,0.0,1.0,-10.0,-40.0,0.0,0,0.0,train,37.0,1758.3919925689697,740.6847796440125,Mohanganj,29066614B51426412731792
0,east,2025,2814490.0,2814740.0,2814240.0,777810.0,13650.0,,11.120000000000001,50.5,1.0,1.8000011,66.0,0.0,0.0,20.0,-4.0,0.2,0.0,0.0,-30.0,-10.0,0.0,0,0.0,train,37.0,1758.3919925689697,740.6847796440125,Mohanganj,29066614B51426412731792
0,east,2026,2814490.0,2814740.0,2814240.0,777830.0,13660.0,,12.08,50.5,1.0,1.8000011,71.0,,,,5.0,0.0,0.2,0.0,20.0,-30.0,0.0,0,,forecast,37.0,1758.3919925689697,740.6847796440125,Mohanganj,29066614B51426412731792
0,west,2015,2814490.0,2814740.0,2814240.0,764890.0,12800.0,,4.64,15.5,17.0,0.29999924,,12.4,0.2,280.0,,,,,,,,1,1.0,train,0.0,0.0,1007.4836120605469,Sreepur,29066614B81271240039512
0,west,2016,2814490.0,2814740.0,2814240.0,764610.0,13160.0,,8.6,15.5,7.0,0.6000004,35.0,3.96,0.0,180.0,,12.4,,,280.0,,0.2,1,0.0,train,0.0,0.0,1007.4836120605469,Sreepur,29066614B81271240039512
0,west,2017,2814490.0,2814740.0,2814240.0,764430.0,13400.0,,9.32,17.0,4.5,0.6000004,34.5,1.48,0.04,20.0,-0.5,3.96,12.4,,180.0,280.0,0.0,1,0.0,train,0.0,0.0,1007.4836120605469,Sreepur,29066614B81271240039512
0,west,2018,2814490.0,2814740.0,2814240.0,764410.0,13440.0,,10.96,18.0,1.0,0.6000004,12.5,0.76,0.0,-20.0,-22.0,1.48,3.96,12.4,20.0,180.0,0.04,1,0.0,train,0.0,0.0,1007.4836120605469,Sreepur,29066614B81271240039512
0,west,2019,2814490.0,2814740.0,2814240.0,764430.0,13420.0,,11.48,17.0,4.5,0.6000004,8.0,3.8000000000000003,0.24,90.0,-4.5,0.76,1.48,3.96,-20.0,20.0,0.0,1,0.0,train,0.0,0.0,1007.4836120605469,Sreepur,29066614B81271240039512
0,west,2020,2814490.0,2814740.0,2814240.0,764340.0,13530.0,,11.0,16.0,0.0,0.6000004,15.5,7.72,0.08,170.0,7.5,3.8000000000000003,0.76,1.48,90.0,-20.0,0.24,1,1.0,train,0.0,0.0,1007.4836120605469,Sreepur,29066614B81271240039512
0,west,2021,2814490.0,2814740.0,2814240.0,764170.0,13700.0,,11.24,12.0,0.0,0.49999905,67.0,0.0,0.0,-50.0,51.5,7.72,3.8000000000000003,0.76,170.0,90.0,0.08,1,0.0,train,0.0,0.0,1007.4836120605469,Sreepur,29066614B81271240039512
0,west,2022,2814490.0,2814740.0,2814240.0,764220.0,13670.0,,9.88,13.0,0.0,0.5999985,68.0,0.0,0.0,-200.0,1.0,0.0,7.72,3.8000000000000003,-50.0,170.0,0.0,1,0.0,train,0.0,0.0,1007.4836120605469,Sreepur,29066614B81271240039512
0,west,2023,2814490.0,2814740.0,2814240.0,764420.0,13430.0,,9.24,15.0,0.5,0.6000004,63.0,7.88,0.0,250.0,-5.0,0.0,0.0,7.72,-200.0,-50.0,0.0,1,1.0,train,0.0,0.0,1007.4836120605469,Sreepur,29066614B81271240039512
0,west,2024,2814490.0,2814740.0,2814240.0,764170.0,13660.0,,11.6,12.0,0.0,0.5999985,67.0,0.0,0.0,10.0,4.0,7.88,0.0,0.0,250.0,-200.0,0.0,1,0.0,train,0.0,0.0,1007.4836120605469,Sreepur,29066614B81271240039512
0,west,2025,2814490.0,2814740.0,2814240.0,764160.0,13650.0,,9.64,12.0,0.0,0.39999962,72.0,0.0,0.0,-10.0,5.0,0.0,7.88,0.0,10.0,250.0,0.0,1,0.0,train,0.0,0.0,1007.4836120605469,Sreepur,29066614B81271240039512
0,west,2026,2814490.0,2814740.0,2814240.0,764170.0,13660.0,,9.52,12.0,0.0,0.49999905,72.0,,,,0.0,0.0,0.0,7.88,-10.0,10.0,0.0,1,,forecast,0.0,0.0,1007.4836120605469,Sreepur,29066614B81271240039512
1,east,2015,2813990.0,2814240.0,2813740.0,777710.0,12860.0,-180.0,14.32,39.0,6.0,1.5,,3.2800000000000002,0.32,60.0,,,,,,,,0,0.0,train,240.0,12807.15998506546,744.8051247596741,Mohanganj,29066614B51426412731792
1,east,2016,2813990.0,2814240.0,2813740.0,777770.0,13100.0,-120.0,13.8,40.0,3.0,1.5,73.0,3.64,0.24,60.0,,3.2800000000000002,,,60.0,,0.32,0,0.0,train,240.0,12807.15998506546,744.8051247596741,Mohanganj,29066614B51426412731792
1,east,2017,2813990.0,2814240.0,2813740.0,777830.0,13520.0,20.0,13.64,40.0,1.0,1.5,73.0,0.0,0.0,20.0,0.0,3.64,3.2800000000000002,,60.0,60.0,0.24,0,0.0,train,240.0,12807.15998506546,744.8051247596741,Mohanganj,29066614B51426412731792
1,east,2018,2813990.0,2814240.0,2813740.0,777850.0,13600.0,20.0,14.6,40.0,1.0,1.2999992,65.0,1.4000000000000001,0.04,20.0,-8.0,0.0,3.64,3.2800000000000002,20.0,60.0,0.0,0,0.0,train,240.0,12807.15998506546,744.8051247596741,Mohanganj,29066614B51426412731792
1,east,2019,2813990.0,2814240.0,2813740.0,777870.0,13560.0,-20.0,14.76,39.0,0.0,1.2999992,71.0,5.4,1.36,120.0,6.0,1.4000000000000001,0.0,3.64,20.0,20.0,0.04,0,1.0,train,240.0,12807.15998506546,744.8051247596741,Mohanganj,29066614B51426412731792
1,east,2020,2813990.0,2814240.0,2813740.0,777990.0,13760.0,-180.0,17.0,37.0,0.0,0.70000076,68.0,0.0,0.0,-180.0,-3.0,5.4,1.4000000000000001,0.0,120.0,20.0,1.36,0,0.0,train,240.0,12807.15998506546,744.8051247596741,Mohanganj,29066614B51426412731792
1,east,2021,2813990.0,2814240.0,2813740.0,777810.0,13720.0,40.0,13.52,40.0,1.0,1.5,27.0,5.2,0.0,120.0,-41.0,0.0,5.4,1.4000000000000001,-180.0,120.0,0.0,0,1.0,train,240.0,12807.15998506546,744.8051247596741,Mohanganj,29066614B51426412731792
1,east,2022,2813990.0,2814240.0,2813740.0,777930.0,13840.0,-100.0,16.240000000000002,39.0,0.0,0.70000076,35.0,0.16,0.0,-20.0,8.0,5.2,0.0,5.4,120.0,-180.0,0.0,0,0.0,train,240.0,12807.15998506546,744.8051247596741,Mohanganj,29066614B51426412731792
1,east,2023,2813990.0,2814240.0,2813740.0,777910.0,13820.0,-60.0,16.32,39.0,0.0,1.2999992,12.0,0.0,0.0,40.0,-23.0,0.16,5.2,0.0,-20.0,120.0,0.0,0,0.0,train,240.0,12807.15998506546,744.8051247596741,Mohanganj,29066614B51426412731792
1,east,2024,2813990.0,2814240.0,2813740.0,777950.0,13860.0,-210.0,18.2,38.0,0.0,0.70000076,8.0,1.6,0.0,-80.0,-4.0,0.0,0.16,5.2,40.0,-20.0,0.0,0,0.0,train,240.0,12807.15998506546,744.8051247596741,Mohanganj,29066614B51426412731792
1,east,2025,2813990.0,2814240.0,2813740.0,777870.0,13780.0,-160.0,17.080000000000002,39.0,0.0,1.2999992,64.0,0.0,0.0,-160.0,56.0,1.6,0.0,0.16,-80.0,40.0,0.0,0,0.0,train,240.0,12807.15998506546,744.8051247596741,Mohanganj,29066614B51426412731792
1,east,2026,2813990.0,2814240.0,2813740.0,777710.0,13620.0,-20.0,14.68,39.0,6.0,1.5,71.0,,,,7.0,0.0,1.6,0.0,-160.0,-80.0,0.0,0,,forecast,240.0,12807.15998506546,744.8051247596741,Mohanganj,29066614B51426412731792
1,west,2015,2813990.0,2814240.0,2813740.0,764810.0,12860.0,-160.0,7.5200000000000005,10.0,18.0,0.29999924,,10.88,0.76,140.0,,,,,,,,1,1.0,train,81.0,3777.0888090133667,1033.5275039672852,Sreepur,29066614B81271240039512
1,west,2016,2813990.0,2814240.0,2813740.0,764670.0,13100.0,100.0,8.32,15.0,17.0,0.6000004,37.0,15.36,0.0,360.0,,10.88,,,140.0,,0.76,1,1.0,train,81.0,3777.0888090133667,1033.5275039672852,Sreepur,29066614B81271240039512
1,west,2017,2813990.0,2814240.0,2813740.0,764310.0,13520.0,-80.0,8.68,18.0,1.0,0.9000015,73.0,3.68,0.12,60.0,36.0,15.36,10.88,,360.0,140.0,0.0,1,0.0,train,81.0,3777.0888090133667,1033.5275039672852,Sreepur,29066614B81271240039512
1,west,2018,2813990.0,2814240.0,2813740.0,764250.0,13600.0,-140.0,10.4,18.0,0.0,0.69999886,11.0,0.0,0.0,-60.0,-62.0,3.68,15.36,10.88,60.0,360.0,0.12,1,0.0,train,81.0,3777.0888090133667,1033.5275039672852,Sreepur,29066614B81271240039512
1,west,2019,2813990.0,2814240.0,2813740.0,764310.0,13560.0,-100.0,9.92,18.0,0.0,0.8999996,11.0,5.64,0.0,80.0,0.0,0.0,3.68,15.36,-60.0,60.0,0.0,1,1.0,train,81.0,3777.0888090133667,1033.5275039672852,Sreepur,29066614B81271240039512
1,west,2020,2813990.0,2814240.0,2813740.0,764230.0,13760.0,-50.0,11.0,18.0,0.0,0.69999886,19.0,6.32,0.16,140.0,8.0,5.64,0.0,3.68,80.0,-60.0,0.0,1,1.0,train,81.0,3777.0888090133667,1033.5275039672852,Sreepur,29066614B81271240039512
1,west,2021,2813990.0,2814240.0,2813740.0,764090.0,13720.0,-60.0,12.36,17.0,0.0,0.39999962,67.0,0.0,0.0,0.0,48.0,6.32,5.64,0.0,140.0,80.0,0.16,1,0.0,train,81.0,3777.0888090133667,1033.5275039672852,Sreepur,29066614B81271240039512
1,west,2022,2813990.0,2814240.0,2813740.0,764090.0,13840.0,-130.0,12.4,17.0,0.0,0.39999962,69.0,0.0,0.0,0.0,2.0,0.0,6.32,5.64,0.0,140.0,0.0,1,0.0,train,81.0,3777.0888090133667,1033.5275039672852,Sreepur,29066614B81271240039512
1,west,2023,2813990.0,2814240.0,2813740.0,764090.0,13820.0,-330.0,12.8,17.0,0.0,0.39999962,18.0,0.64,0.0,0.0,-51.0,0.0,0.0,6.32,0.0,0.0,0.0,1,0.0,train,81.0,3777.0888090133667,1033.5275039672852,Sreepur,29066614B81271240039512
1,west,2024,2813990.0,2814240.0,2813740.0,764090.0,13860.0,-80.0,12.88,17.0,0.0,0.39999962,67.0,0.0,0.0,0.0,49.0,0.64,0.0,0.0,0.0,0.0,0.0,1,0.0,train,81.0,3777.0888090133667,1033.5275039672852,Sreepur,29066614B81271240039512
1,west,2025,2813990.0,2814240.0,2813740.0,764090.0,13780.0,-70.0,12.16,17.0,0.0,0.39999962,71.0,0.0,0.0,0.0,4.0,0.0,0.64,0.0,0.0,0.0,0.0,1,0.0,train,81.0,3777.0888090133667,1033.5275039672852,Sreepur,29066614B81271240039512
1,west,2026,2813990.0,2814240.0,2813740.0,764090.0,13620.0,-100.0,11.32,17.0,0.0,0.39999962,72.0,,,,1.0,0.0,0.0,0.64,0.0,0.0,0.0,1,,forecast,81.0,3777.0888090133667,1033.5275039672852,Sreepur,29066614B81271240039512
2,east,2015,2813490.0,2813740.0,2813240.0,777550.0,12660.0,-80.0,13.48,36.0,27.0,0.79999924,,5.92,1.12,100.0,,,,,,,,0,1.0,train,212.0,11580.462403297424,682.1120820045471,Mohanganj,29066614B51426412731792
2,east,2016,2813490.0,2813740.0,2813240.0,777650.0,13020.0,-80.0,12.4,37.0,8.0,1.0,73.0,8.52,1.04,200.0,,5.92,,,100.0,,1.12,0,1.0,train,212.0,11580.462403297424,682.1120820045471,Mohanganj,29066614B51426412731792
2,east,2017,2813490.0,2813740.0,2813240.0,777850.0,13560.0,-420.0,12.24,36.0,1.0,1.2000008,73.0,0.72,0.0,20.0,0.0,8.52,5.92,,200.0,100.0,1.04,0,0.0,train,212.0,11580.462403297424,682.1120820045471,Mohanganj,29066614B51426412731792
2,east,2018,2813490.0,2813740.0,2813240.0,777870.0,13640.0,-340.0,12.52,36.0,0.0,1.2000008,70.0,0.48,0.0,0.0,-3.0,0.72,8.52,5.92,20.0,200.0,0.0,0,0.0,train,212.0,11580.462403297424,682.1120820045471,Mohanganj,29066614B51426412731792
2,east,2019,2813490.0,2813740.0,2813240.0,777870.0,13580.0,-240.0,13.24,35.0,0.0,1.2000008,72.0,2.52,0.04,60.0,2.0,0.48,0.72,8.52,0.0,20.0,0.0,0,0.0,train,212.0,11580.462403297424,682.1120820045471,Mohanganj,29066614B51426412731792
2,east,2020,2813490.0,2813740.0,2813240.0,777930.0,13760.0,-220.0,12.68,32.0,0.0,1.2000008,70.0,0.0,0.0,-140.0,-2.0,2.52,0.48,0.72,60.0,0.0,0.04,0,0.0,train,212.0,11580.462403297424,682.1120820045471,Mohanganj,29066614B51426412731792
2,east,2021,2813490.0,2813740.0,2813240.0,777790.0,13700.0,-120.0,10.68,37.0,2.0,1.0,26.0,4.2,0.0,80.0,-44.0,0.0,2.52,0.48,-140.0,60.0,0.0,0,0.0,train,212.0,11580.462403297424,682.1120820045471,Mohanganj,29066614B51426412731792
2,east,2022,2813490.0,2813740.0,2813240.0,777870.0,13780.0,-180.0,13.040000000000001,36.0,0.0,1.2000008,35.0,2.24,0.0,40.0,9.0,4.2,0.0,2.52,80.0,-140.0,0.0,0,0.0,train,212.0,11580.462403297424,682.1120820045471,Mohanganj,29066614B51426412731792
2,east,2023,2813490.0,2813740.0,2813240.0,777910.0,13820.0,-240.0,13.44,34.0,0.0,1.2000008,42.0,0.28,0.0,-60.0,7.0,2.24,4.2,0.0,40.0,80.0,0.0,0,0.0,train,212.0,11580.462403297424,682.1120820045471,Mohanganj,29066614B51426412731792
2,east,2024,2813490.0,2813740.0,2813240.0,777850.0,13760.0,-120.0,14.24,36.0,0.0,1.2000008,10.0,0.0,0.0,-80.0,-32.0,0.28,2.24,4.2,-60.0,40.0,0.0,0,0.0,train,212.0,11580.462403297424,682.1120820045471,Mohanganj,29066614B51426412731792
2,east,2025,2813490.0,2813740.0,2813240.0,777770.0,13680.0,-60.0,13.36,37.0,1.0,1.2000008,9.0,0.0,0.0,-200.0,-1.0,0.0,0.28,2.24,-80.0,-60.0,0.0,0,0.0,train,212.0,11580.462403297424,682.1120820045471,Mohanganj,29066614B51426412731792
2,east,2026,2813490.0,2813740.0,2813240.0,777570.0,13460.0,140.0,14.64,36.0,25.0,1.0,63.0,,,,54.0,0.0,0.0,0.28,-200.0,-80.0,0.0,0,,forecast,212.0,11580.462403297424,682.1120820045471,Mohanganj,29066614B51426412731792
2,west,2015,2813490.0,2813740.0,2813240.0,764890.0,12660.0,-20.0,8.24,14.0,18.0,1.3000011,,12.16,0.56,260.0,,,,,,,,1,1.0,train,102.0,5258.9203243255615,1008.055347442627,Sreepur,29066614B81271240039512
2,west,2016,2813490.0,2813740.0,2813240.0,764630.0,13020.0,20.0,7.04,15.0,21.0,1.0,43.0,18.2,0.04,360.0,,12.16,,,260.0,,0.56,1,1.0,train,102.0,5258.9203243255615,1008.055347442627,Sreepur,29066614B81271240039512
2,west,2017,2813490.0,2813740.0,2813240.0,764270.0,13560.0,0.0,9.040000000000001,21.0,0.0,1.4000015,73.0,2.12,0.08,40.0,30.0,18.2,12.16,,360.0,260.0,0.04,1,0.0,train,102.0,5258.9203243255615,1008.055347442627,Sreepur,29066614B81271240039512
2,west,2018,2813490.0,2813740.0,2813240.0,764230.0,13640.0,100.0,10.88,21.0,0.0,1.4000015,15.0,0.0,0.0,-60.0,-58.0,2.12,18.2,12.16,40.0,360.0,0.08,1,0.0,train,102.0,5258.9203243255615,1008.055347442627,Sreepur,29066614B81271240039512
2,west,2019,2813490.0,2813740.0,2813240.0,764290.0,13580.0,160.0,11.6,19.0,0.0,1.4000015,16.0,6.48,0.08,120.0,1.0,0.0,2.12,18.2,-60.0,40.0,0.0,1,1.0,train,102.0,5258.9203243255615,1008.055347442627,Sreepur,29066614B81271240039512
2,west,2020,2813490.0,2813740.0,2813240.0,764170.0,13760.0,0.0,11.44,21.0,0.0,1.1999989,21.0,4.04,0.32,100.0,5.0,6.48,0.0,2.12,120.0,-60.0,0.08,1,0.0,train,102.0,5258.9203243255615,1008.055347442627,Sreepur,29066614B81271240039512
2,west,2021,2813490.0,2813740.0,2813240.0,764070.0,13700.0,-20.0,12.56,21.0,0.0,0.79999924,68.0,0.0,0.0,-20.0,47.0,4.04,6.48,0.0,100.0,120.0,0.32,1,0.0,train,102.0,5258.9203243255615,1008.055347442627,Sreepur,29066614B81271240039512
2,west,2022,2813490.0,2813740.0,2813240.0,764090.0,13780.0,-20.0,12.120000000000001,21.0,0.0,0.79999924,66.0,0.0,0.0,0.0,-2.0,0.0,4.04,6.48,-20.0,100.0,0.0,1,0.0,train,102.0,5258.9203243255615,1008.055347442627,Sreepur,29066614B81271240039512
2,west,2023,2813490.0,2813740.0,2813240.0,764090.0,13820.0,-20.0,10.84,21.0,0.0,0.79999924,30.0,0.0,0.0,0.0,-36.0,0.0,0.0,4.04,0.0,-20.0,0.0,1,0.0,train,102.0,5258.9203243255615,1008.055347442627,Sreepur,29066614B81271240039512
2,west,2024,2813490.0,2813740.0,2813240.0,764090.0,13760.0,-20.0,11.8,21.0,0.0,0.79999924,66.0,0.0,0.0,0.0,36.0,0.0,0.0,0.0,0.0,0.0,0.0,1,0.0,train,102.0,5258.9203243255615,1008.055347442627,Sreepur,29066614B81271240039512
2,west,2025,2813490.0,2813740.0,2813240.0,764090.0,13680.0,-20.0,11.56,21.0,0.0,0.79999924,69.0,0.0,0.0,-20.0,3.0,0.0,0.0,0.0,0.0,0.0,0.0,1,0.0,train,102.0,5258.9203243255615,1008.055347442627,Sreepur,29066614B81271240039512
2,west,2026,2813490.0,2813740.0,2813240.0,764110.0,13460.0,20.0,11.120000000000001,21.0,0.0,1.1999989,16.0,,,,-53.0,0.0,0.0,0.0,-20.0,0.0,0.0,1,,forecast,102.0,5258.9203243255615,1008.055347442627,Sreepur,29066614B81271240039512
3,east,2015,2812990.0,2813240.0,2812740.0,777310.0,12320.0,60.0,6.8,51.0,22.0,0.70000076,,7.28,1.04,140.0,,,,,,,,0,1.0,train,94.0,5481.0869970321655,696.2248406410217,Mohanganj,29066614B51426412731792
3,east,2016,2812990.0,2813240.0,2812740.0,777450.0,12880.0,0.0,5.5200000000000005,48.0,1.0,0.80000114,73.0,1.84,0.44,0.0,,7.28,,,140.0,,1.04,0,0.0,train,94.0,5481.0869970321655,696.2248406410217,Mohanganj,29066614B51426412731792
3,east,2017,2812990.0,2813240.0,2812740.0,777450.0,13220.0,260.0,5.08,47.0,2.0,0.80000114,73.0,3.48,0.84,100.0,0.0,1.84,7.28,,0.0,140.0,0.44,0,0.0,train,94.0,5481.0869970321655,696.2248406410217,Mohanganj,29066614B51426412731792
3,east,2018,2812990.0,2813240.0,2812740.0,777550.0,13440.0,100.0,3.92,39.0,1.0,0.9000015,71.0,2.04,0.36,80.0,-2.0,3.48,1.84,7.28,100.0,0.0,0.84,0,0.0,train,94.0,5481.0869970321655,696.2248406410217,Mohanganj,29066614B51426412731792
3,east,2019,2812990.0,2813240.0,2812740.0,777630.0,13540.0,-80.0,3.64,35.0,1.0,1.1000004,72.0,1.84,0.4,20.0,1.0,2.04,3.48,1.84,80.0,100.0,0.36,0,0.0,train,94.0,5481.0869970321655,696.2248406410217,Mohanganj,29066614B51426412731792
3,east,2020,2812990.0,2813240.0,2812740.0,777650.0,13540.0,20.0,3.24,34.0,1.0,1.1000004,70.0,0.0,0.0,0.0,-2.0,1.84,2.04,3.48,20.0,80.0,0.4,0,0.0,train,94.0,5481.0869970321655,696.2248406410217,Mohanganj,29066614B51426412731792
3,east,2021,2812990.0,2813240.0,2812740.0,777650.0,13580.0,-100.0,3.52,34.0,1.0,1.1000004,23.0,0.0,0.0,-20.0,-47.0,0.0,1.84,2.04,0.0,20.0,0.0,0,0.0,train,94.0,5481.0869970321655,696.2248406410217,Mohanganj,29066614B51426412731792
3,east,2022,2812990.0,2813240.0,2812740.0,777630.0,13520.0,20.0,3.2,34.0,1.0,1.1000004,12.0,0.0,0.0,40.0,-11.0,0.0,0.0,1.84,-20.0,0.0,0.0,0,0.0,train,94.0,5481.0869970321655,696.2248406410217,Mohanganj,29066614B51426412731792
3,east,2023,2812990.0,2813240.0,2812740.0,777670.0,13560.0,-20.0,4.04,34.0,1.0,1.1000004,13.0,0.0,0.0,-40.0,1.0,0.0,0.0,0.0,40.0,-20.0,0.0,0,0.0,train,94.0,5481.0869970321655,696.2248406410217,Mohanganj,29066614B51426412731792
3,east,2024,2812990.0,2813240.0,2812740.0,777630.0,13520.0,-20.0,4.96,35.0,1.0,0.9000015,9.0,0.2,0.0,-20.0,-4.0,0.0,0.0,0.0,-40.0,40.0,0.0,0,0.0,train,94.0,5481.0869970321655,696.2248406410217,Mohanganj,29066614B51426412731792
3,east,2025,2812990.0,2813240.0,2812740.0,777610.0,13500.0,-60.0,4.48,36.0,1.0,0.9000015,8.0,0.0,0.0,-40.0,-1.0,0.2,0.0,0.0,-20.0,-40.0,0.0,0,0.0,train,94.0,5481.0869970321655,696.2248406410217,Mohanganj,29066614B51426412731792
3,east,2026,2812990.0,2813240.0,2812740.0,777570.0,13460.0,-180.0,5.76,37.0,1.0,0.9000015,8.0,,,,0.0,0.0,0.2,0.0,-40.0,-20.0,0.0,0,,forecast,94.0,5481.0869970321655,696.2248406410217,Mohanganj,29066614B51426412731792
3,west,2015,2812990.0,2813240.0,2812740.0,764990.0,12320.0,20.0,8.08,17.0,15.0,1.4000015,,23.6,0.0,420.0,,,,,,,,1,1.0,train,139.0,6304.624616622925,1064.6396179199219,Sreepur,29066614B81271240039512
3,west,2016,2812990.0,2813240.0,2812740.0,764570.0,12880.0,-120.0,12.36,15.0,18.0,1.7000008,41.0,16.28,0.92,340.0,,23.6,,,420.0,,0.0,1,1.0,train,139.0,6304.624616622925,1064.6396179199219,Sreepur,29066614B81271240039512
3,west,2017,2812990.0,2813240.0,2812740.0,764230.0,13220.0,-100.0,12.040000000000001,19.0,0.0,2.1000004,66.0,5.28,0.0,120.0,25.0,16.28,23.6,,340.0,420.0,0.92,1,1.0,train,139.0,6304.624616622925,1064.6396179199219,Sreepur,29066614B81271240039512
3,west,2018,2812990.0,2813240.0,2812740.0,764110.0,13440.0,-180.0,14.08,18.0,0.0,2.3000011,27.0,0.0,0.0,0.0,-39.0,5.28,16.28,23.6,120.0,340.0,0.0,1,0.0,train,139.0,6304.624616622925,1064.6396179199219,Sreepur,29066614B81271240039512
3,west,2019,2812990.0,2813240.0,2812740.0,764110.0,13540.0,-220.0,12.92,18.0,0.0,2.3000011,16.0,0.92,0.0,0.0,-11.0,0.0,5.28,16.28,0.0,120.0,0.0,1,0.0,train,139.0,6304.624616622925,1064.6396179199219,Sreepur,29066614B81271240039512
3,west,2020,2812990.0,2813240.0,2812740.0,764110.0,13540.0,-100.0,13.88,18.0,0.0,2.3000011,19.0,1.6400000000000001,0.0,40.0,3.0,0.92,0.0,5.28,0.0,0.0,0.0,1,0.0,train,139.0,6304.624616622925,1064.6396179199219,Sreepur,29066614B81271240039512
3,west,2021,2812990.0,2813240.0,2812740.0,764070.0,13580.0,-80.0,15.56,18.0,0.0,2.3000011,68.0,0.0,0.0,-40.0,49.0,1.6400000000000001,0.92,0.0,40.0,0.0,0.0,1,0.0,train,139.0,6304.624616622925,1064.6396179199219,Sreepur,29066614B81271240039512
3,west,2022,2812990.0,2813240.0,2812740.0,764110.0,13520.0,-40.0,16.6,18.0,0.0,2.3000011,69.0,0.0,0.0,0.0,1.0,0.0,1.6400000000000001,0.92,-40.0,40.0,0.0,1,0.0,train,139.0,6304.624616622925,1064.6396179199219,Sreepur,29066614B81271240039512
3,west,2023,2812990.0,2813240.0,2812740.0,764110.0,13560.0,-40.0,16.68,18.0,0.0,2.3000011,37.0,0.0,0.0,0.0,-32.0,0.0,0.0,1.6400000000000001,0.0,-40.0,0.0,1,0.0,train,139.0,6304.624616622925,1064.6396179199219,Sreepur,29066614B81271240039512
3,west,2024,2812990.0,2813240.0,2812740.0,764110.0,13520.0,-40.0,16.92,18.0,0.0,2.3000011,66.0,0.0,0.0,0.0,29.0,0.0,0.0,0.0,0.0,0.0,0.0,1,0.0,train,139.0,6304.624616622925,1064.6396179199219,Sreepur,29066614B81271240039512
3,west,2025,2812990.0,2813240.0,2812740.0,764110.0,13500.0,-40.0,16.16,18.0,0.0,2.3000011,71.0,0.0,0.0,0.0,5.0,0.0,0.0,0.0,0.0,0.0,0.0,1,0.0,train,139.0,6304.624616622925,1064.6396179199219,Sreepur,29066614B81271240039512
3,west,2026,2812990.0,2813240.0,2812740.0,764110.0,13460.0,-60.0,15.36,18.0,0.0,2.3000011,71.0,,,,0.0,0.0,0.0,0.0,0.0,0.0,0.0,1,,forecast,139.0,6304.624616622925,1064.6396179199219,Sreepur,29066614B81271240039512
4,east,2015,2812490.0,2812740.0,2812240.0,777130.0,12060.0,-60.0,8.2,53.0,8.0,0.79999924,,6.28,0.92,120.0,,,,,,,,0,1.0,train,339.0,20258.552939414978,769.3645701408386,Mohanganj,29066614B51426412731792
4,east,2016,2812490.0,2812740.0,2812240.0,777250.0,12620.0,-40.0,7.76,46.0,0.0,0.79999924,72.0,1.52,0.0,60.0,,6.28,,,120.0,,0.92,0,0.0,train,339.0,20258.552939414978,769.3645701408386,Mohanganj,29066614B51426412731792
4,east,2017,2812490.0,2812740.0,2812240.0,777310.0,13020.0,-80.0,7.640000000000001,45.0,0.0,0.79999924,73.0,1.08,0.0,20.0,1.0,1.52,6.28,,60.0,120.0,0.0,0,0.0,train,339.0,20258.552939414978,769.3645701408386,Mohanganj,29066614B51426412731792
4,east,2018,2812490.0,2812740.0,2812240.0,777330.0,13160.0,40.0,10.72,43.0,0.0,0.79999924,72.0,0.08,0.0,-20.0,-1.0,1.08,1.52,6.28,20.0,60.0,0.0,0,0.0,train,339.0,20258.552939414978,769.3645701408386,Mohanganj,29066614B51426412731792
4,east,2019,2812490.0,2812740.0,2812240.0,777310.0,13160.0,160.0,10.96,43.0,0.0,0.79999924,72.0,3.48,0.32,80.0,0.0,0.08,1.08,1.52,-20.0,20.0,0.0,0,0.0,train,339.0,20258.552939414978,769.3645701408386,Mohanganj,29066614B51426412731792
4,east,2020,2812490.0,2812740.0,2812240.0,777390.0,13240.0,20.0,13.8,40.0,0.0,0.79999924,69.0,1.24,0.08,20.0,-3.0,3.48,0.08,1.08,80.0,-20.0,0.32,0,0.0,train,339.0,20258.552939414978,769.3645701408386,Mohanganj,29066614B51426412731792
4,east,2021,2812490.0,2812740.0,2812240.0,777410.0,13260.0,20.0,12.64,39.0,0.0,0.79999924,67.0,0.0,0.0,0.0,-2.0,1.24,3.48,0.08,20.0,80.0,0.08,0,0.0,train,339.0,20258.552939414978,769.3645701408386,Mohanganj,29066614B51426412731792
4,east,2022,2812490.0,2812740.0,2812240.0,777410.0,13240.0,-40.0,14.96,39.0,0.0,0.79999924,30.0,0.0,0.0,0.0,-37.0,0.0,1.24,3.48,0.0,20.0,0.0,0,0.0,train,339.0,20258.552939414978,769.3645701408386,Mohanganj,29066614B51426412731792
4,east,2023,2812490.0,2812740.0,2812240.0,777410.0,13240.0,-20.0,14.24,39.0,0.0,0.79999924,16.0,0.0,0.0,-20.0,-14.0,0.0,0.0,1.24,0.0,0.0,0.0,0,0.0,train,339.0,20258.552939414978,769.3645701408386,Mohanganj,29066614B51426412731792
4,east,2024,2812490.0,2812740.0,2812240.0,777390.0,13220.0,-80.0,14.24,40.0,0.0,0.79999924,10.0,0.0,0.0,0.0,-6.0,0.0,0.0,0.0,-20.0,0.0,0.0,0,0.0,train,339.0,20258.552939414978,769.3645701408386,Mohanganj,29066614B51426412731792
4,east,2025,2812490.0,2812740.0,2812240.0,777390.0,13220.0,-40.0,13.76,39.0,0.0,0.79999924,8.0,0.0,0.0,0.0,-2.0,0.0,0.0,0.0,0.0,-20.0,0.0,0,0.0,train,339.0,20258.552939414978,769.3645701408386,Mohanganj,29066614B51426412731792
4,east,2026,2812490.0,2812740.0,2812240.0,777390.0,13220.0,-100.0,15.120000000000001,40.0,0.0,0.79999924,9.0,,,,1.0,0.0,0.0,0.0,0.0,0.0,0.0,0,,forecast,339.0,20258.552939414978,769.3645701408386,Mohanganj,29066614B51426412731792
4,west,2015,2812490.0,2812740.0,2812240.0,765070.0,12060.0,-40.0,12.84,17.0,15.0,1.7999992,,20.52,1.32,440.0,,,,,,,,1,1.0,train,165.0,12497.650562286377,1101.9339590072632,Malibari,29066614B35066293360573
4,west,2016,2812490.0,2812740.0,2812240.0,764630.0,12620.0,-180.0,15.280000000000001,14.0,19.0,1.6000004,40.0,16.68,0.36,340.0,,20.52,,,440.0,,1.32,1,1.0,train,165.0,12497.650562286377,1101.9339590072632,Malibari,29066614B35066293360573
4,west,2017,2812490.0,2812740.0,2812240.0,764290.0,13020.0,-220.0,17.0,17.0,0.0,1.1999989,67.0,7.5600000000000005,0.76,120.0,27.0,16.68,20.52,,340.0,440.0,0.36,1,1.0,train,165.0,12497.650562286377,1101.9339590072632,Malibari,29066614B35066293360573
4,west,2018,2812490.0,2812740.0,2812240.0,764170.0,13160.0,-260.0,16.8,19.0,0.0,0.70000076,31.0,0.0,0.0,20.0,-36.0,7.5600000000000005,16.68,20.52,120.0,340.0,0.76,1,0.0,train,165.0,12497.650562286377,1101.9339590072632,Malibari,29066614B35066293360573
4,west,2019,2812490.0,2812740.0,2812240.0,764150.0,13160.0,-280.0,16.12,19.0,0.0,0.70000076,38.0,0.0,0.0,0.0,7.0,0.0,7.5600000000000005,16.68,20.0,120.0,0.0,1,0.0,train,165.0,12497.650562286377,1101.9339590072632,Malibari,29066614B35066293360573
4,west,2020,2812490.0,2812740.0,2812240.0,764150.0,13240.0,-280.0,17.32,19.0,0.0,0.70000076,23.0,0.0,0.0,0.0,-15.0,0.0,0.0,7.5600000000000005,0.0,20.0,0.0,1,0.0,train,165.0,12497.650562286377,1101.9339590072632,Malibari,29066614B35066293360573
4,west,2021,2812490.0,2812740.0,2812240.0,764150.0,13260.0,-160.0,18.48,19.0,0.0,0.70000076,69.0,0.0,0.0,-20.0,46.0,0.0,0.0,0.0,0.0,0.0,0.0,1,0.0,train,165.0,12497.650562286377,1101.9339590072632,Malibari,29066614B35066293360573
4,west,2022,2812490.0,2812740.0,2812240.0,764170.0,13240.0,-160.0,19.12,19.0,0.0,0.70000076,69.0,0.0,0.0,0.0,0.0,0.0,0.0,0.0,-20.0,0.0,0.0,1,0.0,train,165.0,12497.650562286377,1101.9339590072632,Malibari,29066614B35066293360573
4,west,2023,2812490.0,2812740.0,2812240.0,764170.0,13240.0,-160.0,18.84,19.0,0.0,0.70000076,61.0,0.0,0.0,0.0,-8.0,0.0,0.0,0.0,0.0,-20.0,0.0,1,0.0,train,165.0,12497.650562286377,1101.9339590072632,Malibari,29066614B35066293360573
4,west,2024,2812490.0,2812740.0,2812240.0,764170.0,13220.0,-160.0,19.6,19.0,0.0,0.70000076,66.0,0.0,0.0,0.0,5.0,0.0,0.0,0.0,0.0,0.0,0.0,1,0.0,train,165.0,12497.650562286377,1101.9339590072632,Malibari,29066614B35066293360573
4,west,2025,2812490.0,2812740.0,2812240.0,764170.0,13220.0,-160.0,19.32,19.0,0.0,0.70000076,69.0,0.0,0.0,0.0,3.0,0.0,0.0,0.0,0.0,0.0,0.0,1,0.0,train,165.0,12497.650562286377,1101.9339590072632,Malibari,29066614B35066293360573
4,west,2026,2812490.0,2812740.0,2812240.0,764170.0,13220.0,-160.0,18.92,19.0,0.0,0.70000076,72.0,,,,3.0,0.0,0.0,0.0,0.0,0.0,0.0,1,,forecast,165.0,12497.650562286377,1101.9339590072632,Malibari,29066614B35066293360573
5,east,2015,2811990.0,2812240.0,2811740.0,776890.0,11680.0,-40.0,10.52,50.0,27.0,0.19999886,,7.4,1.56,120.0,,,,,,,,0,1.0,train,173.0,8055.48010635376,744.211009979248,Mohanganj,29066614B51426412731792
5,east,2016,2811990.0,2812240.0,2811740.0,777010.0,12140.0,-40.0,7.48,46.0,0.0,0.6000004,73.0,3.16,0.0,80.0,,7.4,,,120.0,,1.56,0,0.0,train,173.0,8055.48010635376,744.211009979248,Mohanganj,29066614B51426412731792
5,east,2017,2811990.0,2812240.0,2811740.0,777090.0,12520.0,-20.0,7.32,43.0,0.0,0.6000004,74.0,2.32,0.0,60.0,1.0,3.16,7.4,,80.0,120.0,0.0,0,0.0,train,173.0,8055.48010635376,744.211009979248,Mohanganj,29066614B51426412731792
5,east,2018,2811990.0,2812240.0,2811740.0,777150.0,12660.0,-80.0,9.040000000000001,41.0,0.0,1.0,71.0,0.56,0.0,0.0,-3.0,2.32,3.16,7.4,60.0,80.0,0.0,0,0.0,train,173.0,8055.48010635376,744.211009979248,Mohanganj,29066614B51426412731792
5,east,2019,2811990.0,2812240.0,2811740.0,777150.0,12680.0,-80.0,9.52,40.0,0.0,1.0,72.0,0.0,0.0,0.0,1.0,0.56,2.32,3.16,0.0,60.0,0.0,0,0.0,train,173.0,8055.48010635376,744.211009979248,Mohanganj,29066614B51426412731792
5,east,2020,2811990.0,2812240.0,2811740.0,777150.0,12680.0,40.0,9.88,39.0,0.0,1.1999989,71.0,0.68,0.0,40.0,-1.0,0.0,0.56,2.32,0.0,0.0,0.0,0,0.0,train,173.0,8055.48010635376,744.211009979248,Mohanganj,29066614B51426412731792
5,east,2021,2811990.0,2812240.0,2811740.0,777190.0,12800.0,0.0,10.0,38.0,0.0,1.1999989,70.0,0.0,0.0,-40.0,-1.0,0.68,0.0,0.56,40.0,0.0,0.0,0,0.0,train,173.0,8055.48010635376,744.211009979248,Mohanganj,29066614B51426412731792
5,east,2022,2811990.0,2812240.0,2811740.0,777150.0,12760.0,100.0,9.36,38.0,0.0,1.1999989,68.0,0.0,0.0,-20.0,-2.0,0.0,0.68,0.0,-40.0,40.0,0.0,0,0.0,train,173.0,8055.48010635376,744.211009979248,Mohanganj,29066614B51426412731792
5,east,2023,2811990.0,2812240.0,2811740.0,777130.0,12740.0,140.0,10.72,39.0,0.0,1.0,46.0,0.0,0.0,-60.0,-22.0,0.0,0.0,0.68,-20.0,-40.0,0.0,0,0.0,train,173.0,8055.48010635376,744.211009979248,Mohanganj,29066614B51426412731792
5,east,2024,2811990.0,2812240.0,2811740.0,777070.0,12680.0,180.0,12.36,43.0,0.0,0.6000004,19.0,2.12,0.0,60.0,-27.0,0.0,0.0,0.0,-60.0,-20.0,0.0,0,0.0,train,173.0,8055.48010635376,744.211009979248,Mohanganj,29066614B51426412731792
5,east,2025,2811990.0,2812240.0,2811740.0,777130.0,12740.0,120.0,11.72,40.0,0.0,1.0,15.0,0.0,0.0,-20.0,-4.0,2.12,0.0,0.0,60.0,-60.0,0.0,0,0.0,train,173.0,8055.48010635376,744.211009979248,Mohanganj,29066614B51426412731792
5,east,2026,2811990.0,2812240.0,2811740.0,777110.0,12720.0,160.0,11.8,41.0,0.0,0.8999996,14.0,,,,-1.0,0.0,2.12,0.0,-20.0,60.0,0.0,0,,forecast,173.0,8055.48010635376,744.211009979248,Mohanganj,29066614B51426412731792
5,west,2015,2811990.0,2812240.0,2811740.0,765190.0,11680.0,340.0,9.92,22.0,19.0,1.6000004,,16.32,0.0,320.0,,,,,,,,1,1.0,train,115.0,5301.198781490326,1088.9317455291748,Malibari,29066614B35066293360573
5,west,2016,2811990.0,2812240.0,2811740.0,764870.0,12140.0,160.0,12.44,21.0,21.0,1.7999992,64.0,15.52,1.48,300.0,,16.32,,,320.0,,0.0,1,1.0,train,115.0,5301.198781490326,1088.9317455291748,Malibari,29066614B35066293360573
5,west,2017,2811990.0,2812240.0,2811740.0,764570.0,12520.0,140.0,15.120000000000001,20.0,0.0,1.5,73.0,4.28,1.4000000000000001,80.0,9.0,15.52,16.32,,300.0,320.0,1.48,1,0.0,train,115.0,5301.198781490326,1088.9317455291748,Malibari,29066614B35066293360573
5,west,2018,2811990.0,2812240.0,2811740.0,764490.0,12660.0,120.0,15.24,22.0,0.0,1.3999996,67.0,0.0,0.0,20.0,-6.0,4.28,15.52,16.32,80.0,300.0,1.4000000000000001,1,0.0,train,115.0,5301.198781490326,1088.9317455291748,Malibari,29066614B35066293360573
5,west,2019,2811990.0,2812240.0,2811740.0,764470.0,12680.0,100.0,14.200000000000001,22.0,0.0,1.3999996,13.0,0.0,0.0,0.0,-54.0,0.0,4.28,15.52,20.0,80.0,0.0,1,0.0,train,115.0,5301.198781490326,1088.9317455291748,Malibari,29066614B35066293360573
5,west,2020,2811990.0,2812240.0,2811740.0,764470.0,12680.0,100.0,15.76,22.0,0.0,1.3999996,18.0,2.44,0.36,80.0,5.0,0.0,0.0,4.28,0.0,20.0,0.0,1,0.0,train,115.0,5301.198781490326,1088.9317455291748,Malibari,29066614B35066293360573
5,west,2021,2811990.0,2812240.0,2811740.0,764390.0,12800.0,-60.0,15.92,21.0,0.0,1.3000011,69.0,0.0,0.0,0.0,51.0,2.44,0.0,0.0,80.0,0.0,0.36,1,0.0,train,115.0,5301.198781490326,1088.9317455291748,Malibari,29066614B35066293360573
5,west,2022,2811990.0,2812240.0,2811740.0,764390.0,12760.0,-80.0,17.48,21.0,0.0,1.3000011,57.0,0.0,0.0,0.0,-12.0,0.0,2.44,0.0,0.0,80.0,0.0,1,0.0,train,115.0,5301.198781490326,1088.9317455291748,Malibari,29066614B35066293360573
5,west,2023,2811990.0,2812240.0,2811740.0,764390.0,12740.0,-80.0,16.76,21.0,0.0,1.3000011,64.0,0.0,0.0,0.0,7.0,0.0,0.0,2.44,0.0,0.0,0.0,1,0.0,train,115.0,5301.198781490326,1088.9317455291748,Malibari,29066614B35066293360573
5,west,2024,2811990.0,2812240.0,2811740.0,764390.0,12680.0,-80.0,16.16,21.0,0.0,1.3000011,67.0,0.0,0.0,0.0,3.0,0.0,0.0,0.0,0.0,0.0,0.0,1,0.0,train,115.0,5301.198781490326,1088.9317455291748,Malibari,29066614B35066293360573
5,west,2025,2811990.0,2812240.0,2811740.0,764390.0,12740.0,-80.0,15.120000000000001,21.0,0.0,1.3000011,55.0,0.0,0.0,0.0,-12.0,0.0,0.0,0.0,0.0,0.0,0.0,1,0.0,train,115.0,5301.198781490326,1088.9317455291748,Malibari,29066614B35066293360573
5,west,2026,2811990.0,2812240.0,2811740.0,764390.0,12720.0,-80.0,14.96,21.0,0.0,1.3000011,72.0,,,,17.0,0.0,0.0,0.0,0.0,0.0,0.0,1,,forecast,115.0,5301.198781490326,1088.9317455291748,Malibari,29066614B35066293360573
6,east,2015,2811490.0,2811740.0,2811240.0,776610.0,11640.0,60.0,12.24,58.0,28.0,0.5,,7.0,0.24,120.0,,,,,,,,0,1.0,train,257.0,12648.842480182648,678.7392163276672,Mohanganj,29066614B51426412731792
6,east,2016,2811490.0,2811740.0,2811240.0,776730.0,11760.0,60.0,12.32,54.0,3.0,0.70000076,72.0,5.6000000000000005,0.36,120.0,,7.0,,,120.0,,0.24,0,1.0,train,257.0,12648.842480182648,678.7392163276672,Mohanganj,29066614B51426412731792
6,east,2017,2811490.0,2811740.0,2811240.0,776850.0,12140.0,-20.0,12.0,48.0,0.0,0.70000076,74.0,2.08,0.12,40.0,2.0,5.6000000000000005,7.0,,120.0,120.0,0.36,0,0.0,train,257.0,12648.842480182648,678.7392163276672,Mohanganj,29066614B51426412731792
6,east,2018,2811490.0,2811740.0,2811240.0,776890.0,12200.0,20.0,13.44,41.0,0.0,0.70000076,71.0,1.6400000000000001,0.0,20.0,-3.0,2.08,5.6000000000000005,7.0,40.0,120.0,0.12,0,0.0,train,257.0,12648.842480182648,678.7392163276672,Mohanganj,29066614B51426412731792
6,east,2019,2811490.0,2811740.0,2811240.0,776910.0,12220.0,40.0,14.36,39.0,0.0,0.70000076,72.0,0.0,0.0,40.0,1.0,1.6400000000000001,2.08,5.6000000000000005,20.0,40.0,0.0,0,0.0,train,257.0,12648.842480182648,678.7392163276672,Mohanganj,29066614B51426412731792
6,east,2020,2811490.0,2811740.0,2811240.0,776950.0,12260.0,-60.0,15.4,37.0,0.0,0.70000076,71.0,1.52,0.0,20.0,-1.0,0.0,1.6400000000000001,2.08,40.0,20.0,0.0,0,0.0,train,257.0,12648.842480182648,678.7392163276672,Mohanganj,29066614B51426412731792
6,east,2021,2811490.0,2811740.0,2811240.0,776970.0,12280.0,60.0,14.8,35.0,0.0,0.29999924,70.0,0.88,0.0,20.0,-1.0,1.52,0.0,1.6400000000000001,20.0,40.0,0.0,0,0.0,train,257.0,12648.842480182648,678.7392163276672,Mohanganj,29066614B51426412731792
6,east,2022,2811490.0,2811740.0,2811240.0,776990.0,12300.0,20.0,15.24,33.0,0.0,0.29999924,70.0,0.0,0.0,0.0,0.0,0.88,1.52,0.0,20.0,20.0,0.0,0,0.0,train,257.0,12648.842480182648,678.7392163276672,Mohanganj,29066614B51426412731792
6,east,2023,2811490.0,2811740.0,2811240.0,776990.0,12300.0,40.0,14.48,34.0,0.0,0.29999924,65.0,0.0,0.0,-60.0,-5.0,0.0,0.88,1.52,0.0,20.0,0.0,0,0.0,train,257.0,12648.842480182648,678.7392163276672,Mohanganj,29066614B51426412731792
6,east,2024,2811490.0,2811740.0,2811240.0,776930.0,12240.0,60.0,15.4,38.0,0.0,0.29999924,13.0,3.52,0.0,60.0,-52.0,0.0,0.0,0.88,-60.0,0.0,0.0,0,0.0,train,257.0,12648.842480182648,678.7392163276672,Mohanganj,29066614B51426412731792
6,east,2025,2811490.0,2811740.0,2811240.0,776990.0,12300.0,20.0,14.6,33.0,0.0,0.29999924,11.0,0.0,0.0,0.0,-2.0,3.52,0.0,0.0,60.0,-60.0,0.0,0,0.0,train,257.0,12648.842480182648,678.7392163276672,Mohanganj,29066614B51426412731792
6,east,2026,2811490.0,2811740.0,2811240.0,776990.0,12300.0,-40.0,16.04,35.0,0.0,0.29999924,12.0,,,,1.0,0.0,3.52,0.0,0.0,60.0,0.0,0,,forecast,257.0,12648.842480182648,678.7392163276672,Mohanganj,29066614B51426412731792
6,west,2015,2811490.0,2811740.0,2811240.0,764970.0,11640.0,-480.0,16.16,32.0,29.0,2.2000008,,1.8800000000000001,0.0,20.0,,,,,,,,1,0.0,train,140.0,7362.545610427856,1107.5689306259155,Malibari,29066614B35066293360573
6,west,2016,2811490.0,2811740.0,2811240.0,764950.0,11760.0,160.0,17.240000000000002,32.0,18.0,2.2000008,71.0,12.44,0.0,240.0,,1.8800000000000001,,,20.0,,0.0,1,1.0,train,140.0,7362.545610427856,1107.5689306259155,Malibari,29066614B35066293360573
6,west,2017,2811490.0,2811740.0,2811240.0,764710.0,12140.0,20.0,17.44,36.0,0.0,1.8999996,74.0,1.2,0.0,20.0,3.0,12.44,1.8800000000000001,,240.0,20.0,0.0,1,0.0,train,140.0,7362.545610427856,1107.5689306259155,Malibari,29066614B35066293360573
6,west,2018,2811490.0,2811740.0,2811240.0,764690.0,12200.0,40.0,20.68,36.0,0.0,1.8999996,70.0,0.0,0.0,0.0,-4.0,1.2,12.44,1.8800000000000001,20.0,240.0,0.0,1,0.0,train,140.0,7362.545610427856,1107.5689306259155,Malibari,29066614B35066293360573
6,west,2019,2811490.0,2811740.0,2811240.0,764690.0,12220.0,40.0,18.8,36.0,0.0,1.8999996,57.0,0.24,0.0,0.0,-13.0,0.0,1.2,12.44,0.0,20.0,0.0,1,0.0,train,140.0,7362.545610427856,1107.5689306259155,Malibari,29066614B35066293360573
6,west,2020,2811490.0,2811740.0,2811240.0,764690.0,12260.0,80.0,19.400000000000002,36.0,0.0,1.8999996,30.0,0.12,0.0,0.0,-27.0,0.24,0.0,1.2,0.0,0.0,0.0,1,0.0,train,140.0,7362.545610427856,1107.5689306259155,Malibari,29066614B35066293360573
6,west,2021,2811490.0,2811740.0,2811240.0,764690.0,12280.0,180.0,21.12,36.0,0.0,1.8999996,68.0,0.0,0.0,0.0,38.0,0.12,0.24,0.0,0.0,0.0,0.0,1,0.0,train,140.0,7362.545610427856,1107.5689306259155,Malibari,29066614B35066293360573
6,west,2022,2811490.0,2811740.0,2811240.0,764690.0,12300.0,160.0,21.64,36.0,0.0,1.8999996,68.0,0.0,0.0,0.0,0.0,0.0,0.12,0.24,0.0,0.0,0.0,1,0.0,train,140.0,7362.545610427856,1107.5689306259155,Malibari,29066614B35066293360573
6,west,2023,2811490.0,2811740.0,2811240.0,764690.0,12300.0,180.0,21.6,36.0,0.0,1.8999996,62.0,0.0,0.0,0.0,-6.0,0.0,0.0,0.12,0.0,0.0,0.0,1,0.0,train,140.0,7362.545610427856,1107.5689306259155,Malibari,29066614B35066293360573
6,west,2024,2811490.0,2811740.0,2811240.0,764690.0,12240.0,220.0,22.240000000000002,36.0,0.0,1.8999996,68.0,0.0,0.0,0.0,6.0,0.0,0.0,0.0,0.0,0.0,0.0,1,0.0,train,140.0,7362.545610427856,1107.5689306259155,Malibari,29066614B35066293360573
6,west,2025,2811490.0,2811740.0,2811240.0,764690.0,12300.0,200.0,21.84,36.0,0.0,1.8999996,72.0,0.0,0.0,0.0,4.0,0.0,0.0,0.0,0.0,0.0,0.0,1,0.0,train,140.0,7362.545610427856,1107.5689306259155,Malibari,29066614B35066293360573
6,west,2026,2811490.0,2811740.0,2811240.0,764690.0,12300.0,200.0,22.0,36.0,0.0,1.8999996,72.0,,,,0.0,0.0,0.0,0.0,0.0,0.0,0.0,1,,forecast,140.0,7362.545610427856,1107.5689306259155,Malibari,29066614B35066293360573
7,east,2015,2810990.0,2811240.0,2810740.0,776390.0,11160.0,160.0,7.68,61.0,19.0,1.0,,5.6000000000000005,0.0,120.0,,,,,,,,0,1.0,train,65.0,2782.697385787964,648.6427655220032,Mohanganj,29066614B51426412731792
7,east,2016,2810990.0,2811240.0,2810740.0,776510.0,11620.0,40.0,6.32,59.0,6.0,0.8999996,73.0,4.32,0.28,80.0,,5.6000000000000005,,,120.0,,0.0,0,0.0,train,65.0,2782.697385787964,648.6427655220032,Mohanganj,29066614B51426412731792
7,east,2017,2810990.0,2811240.0,2810740.0,776590.0,11760.0,0.0,7.32,57.0,2.0,0.70000076,74.0,2.24,0.0,60.0,1.0,4.32,5.6000000000000005,,80.0,120.0,0.28,0,0.0,train,65.0,2782.697385787964,648.6427655220032,Mohanganj,29066614B51426412731792
7,east,2018,2810990.0,2811240.0,2810740.0,776650.0,11800.0,-40.0,8.44,54.0,1.0,0.6000004,72.0,2.52,0.28,60.0,-2.0,2.24,4.32,5.6000000000000005,60.0,80.0,0.0,0,0.0,train,65.0,2782.697385787964,648.6427655220032,Mohanganj,29066614B51426412731792
7,east,2019,2810990.0,2811240.0,2810740.0,776710.0,11840.0,-100.0,7.72,45.0,0.0,0.39999962,73.0,0.0,0.0,-20.0,1.0,2.52,2.24,4.32,60.0,60.0,0.28,0,0.0,train,65.0,2782.697385787964,648.6427655220032,Mohanganj,29066614B51426412731792
7,east,2020,2810990.0,2811240.0,2810740.0,776690.0,11840.0,-40.0,7.12,50.0,1.0,0.6000004,72.0,6.32,0.28,120.0,-1.0,0.0,2.52,2.24,-20.0,60.0,0.0,0,1.0,train,65.0,2782.697385787964,648.6427655220032,Mohanganj,29066614B51426412731792
7,east,2021,2810990.0,2811240.0,2810740.0,776810.0,12000.0,-140.0,7.12,32.0,0.0,0.30000114,70.0,3.3200000000000003,0.48,40.0,-2.0,6.32,0.0,2.52,120.0,-20.0,0.28,0,0.0,train,65.0,2782.697385787964,648.6427655220032,Mohanganj,29066614B51426412731792
7,east,2022,2810990.0,2811240.0,2810740.0,776850.0,12020.0,-60.0,6.04,23.0,0.0,0.30000114,71.0,1.52,0.08,40.0,1.0,3.3200000000000003,6.32,0.0,40.0,120.0,0.48,0,0.0,train,65.0,2782.697385787964,648.6427655220032,Mohanganj,29066614B51426412731792
7,east,2023,2810990.0,2811240.0,2810740.0,776890.0,12060.0,-80.0,6.0,23.0,0.0,0.30000114,66.0,0.0,0.0,-40.0,-5.0,1.52,3.3200000000000003,6.32,40.0,40.0,0.08,0,0.0,train,65.0,2782.697385787964,648.6427655220032,Mohanganj,29066614B51426412731792
7,east,2024,2810990.0,2811240.0,2810740.0,776850.0,12080.0,-60.0,6.84,23.0,0.0,0.30000114,24.0,1.08,0.0,20.0,-42.0,0.0,1.52,3.3200000000000003,-40.0,40.0,0.0,0,0.0,train,65.0,2782.697385787964,648.6427655220032,Mohanganj,29066614B51426412731792
7,east,2025,2810990.0,2811240.0,2810740.0,776870.0,12080.0,-40.0,6.08,26.0,0.0,0.30000114,18.0,0.0,0.0,-40.0,-6.0,1.08,0.0,1.52,20.0,-40.0,0.0,0,0.0,train,65.0,2782.697385787964,648.6427655220032,Mohanganj,29066614B51426412731792
7,east,2026,2810990.0,2811240.0,2810740.0,776830.0,12040.0,-20.0,7.2,27.0,0.0,0.30000114,15.0,,,,-3.0,0.0,1.08,0.0,-40.0,20.0,0.0,0,,forecast,65.0,2782.697385787964,648.6427655220032,Mohanganj,29066614B51426412731792
7,west,2015,2810990.0,2811240.0,2810740.0,765230.0,11160.0,460.0,22.28,52.0,33.0,2.4000015,,11.200000000000001,0.0,360.0,,,,,,,,1,1.0,train,260.0,16896.9350938797,1093.2289628982544,Gidari,29066614B80838231660790
7,west,2016,2810990.0,2811240.0,2810740.0,764870.0,11620.0,-20.0,23.400000000000002,43.0,0.0,2.4000015,8.0,3.08,0.0,40.0,,11.200000000000001,,,360.0,,0.0,1,0.0,train,260.0,16896.9350938797,1093.2289628982544,Gidari,29066614B80838231660790
7,west,2017,2810990.0,2811240.0,2810740.0,764830.0,11760.0,180.0,25.28,42.0,0.0,2.4000015,73.0,0.44,0.0,-20.0,65.0,3.08,11.200000000000001,,40.0,360.0,0.0,1,0.0,train,260.0,16896.9350938797,1093.2289628982544,Gidari,29066614B80838231660790
7,west,2018,2810990.0,2811240.0,2810740.0,764850.0,11800.0,220.0,26.36,43.0,0.0,2.8000011,69.0,0.0,0.0,-20.0,-4.0,0.44,3.08,11.200000000000001,-20.0,40.0,0.0,1,0.0,train,260.0,16896.9350938797,1093.2289628982544,Gidari,29066614B80838231660790
7,west,2019,2810990.0,2811240.0,2810740.0,764870.0,11840.0,140.0,26.560000000000002,44.0,0.0,2.8000011,53.0,4.16,0.0,40.0,-16.0,0.0,0.44,3.08,-20.0,-20.0,0.0,1,0.0,train,260.0,16896.9350938797,1093.2289628982544,Gidari,29066614B80838231660790
7,west,2020,2810990.0,2811240.0,2810740.0,764830.0,11840.0,200.0,27.16,42.0,0.0,2.4000015,69.0,1.8,0.0,20.0,16.0,4.16,0.0,0.44,40.0,-20.0,0.0,1,0.0,train,260.0,16896.9350938797,1093.2289628982544,Gidari,29066614B80838231660790
7,west,2021,2810990.0,2811240.0,2810740.0,764810.0,12000.0,100.0,27.88,41.0,0.0,2.4000015,67.0,0.0,0.0,-20.0,-2.0,1.8,4.16,0.0,20.0,40.0,0.0,1,0.0,train,260.0,16896.9350938797,1093.2289628982544,Gidari,29066614B80838231660790
7,west,2022,2810990.0,2811240.0,2810740.0,764830.0,12020.0,200.0,26.72,43.0,0.0,2.4000015,69.0,1.28,0.0,20.0,2.0,0.0,1.8,4.16,-20.0,20.0,0.0,1,0.0,train,260.0,16896.9350938797,1093.2289628982544,Gidari,29066614B80838231660790
7,west,2023,2810990.0,2811240.0,2810740.0,764810.0,12060.0,140.0,27.0,42.0,0.0,2.4000015,38.0,1.2,0.0,40.0,-31.0,1.28,0.0,1.8,20.0,-20.0,0.0,1,0.0,train,260.0,16896.9350938797,1093.2289628982544,Gidari,29066614B80838231660790
7,west,2024,2810990.0,2811240.0,2810740.0,764770.0,12080.0,60.0,28.12,41.0,0.0,2.1000004,67.0,0.0,0.0,-20.0,29.0,1.2,1.28,0.0,40.0,20.0,0.0,1,0.0,train,260.0,16896.9350938797,1093.2289628982544,Gidari,29066614B80838231660790
7,west,2025,2810990.0,2811240.0,2810740.0,764790.0,12080.0,100.0,27.560000000000002,41.0,0.0,2.4000015,71.0,0.0,0.0,0.0,4.0,0.0,1.2,1.28,-20.0,40.0,0.0,1,0.0,train,260.0,16896.9350938797,1093.2289628982544,Gidari,29066614B80838231660790
7,west,2026,2810990.0,2811240.0,2810740.0,764790.0,12040.0,80.0,27.52,41.0,0.0,2.4000015,72.0,,,,1.0,0.0,0.0,1.2,0.0,-20.0,0.0,1,,forecast,260.0,16896.9350938797,1093.2289628982544,Gidari,29066614B80838231660790
8,east,2015,2810490.0,2810740.0,2810240.0,776330.0,11340.0,-60.0,5.04,60.0,5.0,0.80000114,,0.32,0.0,0.0,,,,,,,,0,0.0,train,78.0,3570.822696685791,613.2462682723999,Mohanganj,29066614B51426412731792
8,east,2016,2810490.0,2810740.0,2810240.0,776330.0,11520.0,60.0,5.5600000000000005,59.0,4.0,0.80000114,63.0,0.8,0.0,0.0,,0.32,,,0.0,,0.0,0,0.0,train,78.0,3570.822696685791,613.2462682723999,Mohanganj,29066614B51426412731792
8,east,2017,2810490.0,2810740.0,2810240.0,776330.0,11560.0,120.0,6.44,59.0,4.0,0.80000114,73.0,0.96,0.0,40.0,10.0,0.8,0.32,,0.0,0.0,0.0,0,0.0,train,78.0,3570.822696685791,613.2462682723999,Mohanganj,29066614B51426412731792
8,east,2018,2810490.0,2810740.0,2810240.0,776370.0,11520.0,140.0,6.2,58.0,3.0,0.80000114,71.0,2.72,0.12,40.0,-2.0,0.96,0.8,0.32,40.0,0.0,0.0,0,0.0,train,78.0,3570.822696685791,613.2462682723999,Mohanganj,29066614B51426412731792
8,east,2019,2810490.0,2810740.0,2810240.0,776410.0,11500.0,100.0,5.5600000000000005,55.0,3.0,0.80000114,73.0,0.0,0.0,-20.0,2.0,2.72,0.96,0.8,40.0,40.0,0.12,0,0.0,train,78.0,3570.822696685791,613.2462682723999,Mohanganj,29066614B51426412731792
8,east,2020,2810490.0,2810740.0,2810240.0,776390.0,11620.0,100.0,6.72,57.0,3.0,0.80000114,71.0,6.5600000000000005,0.0,120.0,-2.0,0.0,2.72,0.96,-20.0,40.0,0.0,0,1.0,train,78.0,3570.822696685791,613.2462682723999,Mohanganj,29066614B51426412731792
8,east,2021,2810490.0,2810740.0,2810240.0,776510.0,11720.0,40.0,7.24,49.0,2.0,0.80000114,70.0,6.28,1.24,140.0,-1.0,6.5600000000000005,0.0,2.72,120.0,-20.0,0.0,0,1.0,train,78.0,3570.822696685791,613.2462682723999,Mohanganj,29066614B51426412731792
8,east,2022,2810490.0,2810740.0,2810240.0,776650.0,11860.0,-60.0,6.4,20.0,0.0,0.80000114,71.0,3.2800000000000002,0.28,60.0,1.0,6.28,6.5600000000000005,0.0,140.0,120.0,1.24,0,0.0,train,78.0,3570.822696685791,613.2462682723999,Mohanganj,29066614B51426412731792
8,east,2023,2810490.0,2810740.0,2810240.0,776710.0,11940.0,-40.0,6.44,8.0,0.0,0.70000076,63.0,0.48,0.0,0.0,-8.0,3.2800000000000002,6.28,6.5600000000000005,60.0,140.0,0.28,0,0.0,train,78.0,3570.822696685791,613.2462682723999,Mohanganj,29066614B51426412731792
8,east,2024,2810490.0,2810740.0,2810240.0,776710.0,11980.0,0.0,6.96,8.0,0.0,0.70000076,67.0,0.0,0.0,0.0,4.0,0.48,3.2800000000000002,6.28,0.0,60.0,0.0,0,0.0,train,78.0,3570.822696685791,613.2462682723999,Mohanganj,29066614B51426412731792
8,east,2025,2810490.0,2810740.0,2810240.0,776710.0,11920.0,20.0,6.8,8.0,0.0,0.70000076,23.0,0.0,0.0,-60.0,-44.0,0.0,0.48,3.2800000000000002,0.0,0.0,0.0,0,0.0,train,78.0,3570.822696685791,613.2462682723999,Mohanganj,29066614B51426412731792
8,east,2026,2810490.0,2810740.0,2810240.0,776650.0,11840.0,100.0,6.84,19.0,1.0,0.80000114,26.0,,,,3.0,0.0,0.0,0.48,-60.0,0.0,0.0,0,,forecast,78.0,3570.822696685791,613.2462682723999,Mohanganj,29066614B51426412731792
8,west,2015,2810490.0,2810740.0,2810240.0,765030.0,11340.0,120.0,15.84,52.0,22.0,1.7000008,,6.5200000000000005,0.0,220.0,,,,,,,,1,1.0,train,83.0,4300.280673027039,1042.0356016159058,Gidari,29066614B80838231660790
8,west,2016,2810490.0,2810740.0,2810240.0,764810.0,11520.0,20.0,15.72,33.0,0.0,1.1000004,12.0,1.48,0.0,40.0,,6.5200000000000005,,,220.0,,0.0,1,0.0,train,83.0,4300.280673027039,1042.0356016159058,Gidari,29066614B80838231660790
8,west,2017,2810490.0,2810740.0,2810240.0,764770.0,11560.0,-20.0,16.52,32.0,0.0,1.1000004,25.0,0.0,0.0,-20.0,13.0,1.48,6.5200000000000005,,40.0,220.0,0.0,1,0.0,train,83.0,4300.280673027039,1042.0356016159058,Gidari,29066614B80838231660790
8,west,2018,2810490.0,2810740.0,2810240.0,764790.0,11520.0,80.0,17.12,33.0,0.0,1.1000004,15.0,1.92,0.0,-120.0,-10.0,0.0,1.48,6.5200000000000005,-20.0,40.0,0.0,1,0.0,train,83.0,4300.280673027039,1042.0356016159058,Gidari,29066614B80838231660790
8,west,2019,2810490.0,2810740.0,2810240.0,764910.0,11500.0,-460.0,16.96,50.0,3.0,2.0,12.0,4.08,0.0,140.0,-3.0,1.92,0.0,1.48,-120.0,-20.0,0.0,1,0.0,train,83.0,4300.280673027039,1042.0356016159058,Gidari,29066614B80838231660790
8,west,2020,2810490.0,2810740.0,2810240.0,764770.0,11620.0,180.0,18.16,30.0,0.0,0.69999886,11.0,1.32,0.0,-60.0,-1.0,4.08,1.92,0.0,140.0,-120.0,0.0,1,0.0,train,83.0,4300.280673027039,1042.0356016159058,Gidari,29066614B80838231660790
8,west,2021,2810490.0,2810740.0,2810240.0,764830.0,11720.0,360.0,18.76,34.0,0.0,1.1000004,66.0,0.0,0.0,60.0,55.0,1.32,4.08,1.92,-60.0,140.0,0.0,1,0.0,train,83.0,4300.280673027039,1042.0356016159058,Gidari,29066614B80838231660790
8,west,2022,2810490.0,2810740.0,2810240.0,764770.0,11860.0,160.0,18.76,33.0,0.0,1.1000004,59.0,4.24,0.0,-20.0,-7.0,0.0,1.32,4.08,60.0,-60.0,0.0,1,0.0,train,83.0,4300.280673027039,1042.0356016159058,Gidari,29066614B80838231660790
8,west,2023,2810490.0,2810740.0,2810240.0,764790.0,11940.0,180.0,18.52,30.0,0.0,0.69999886,60.0,0.0,0.0,0.0,1.0,4.24,0.0,1.32,-20.0,60.0,0.0,1,0.0,train,83.0,4300.280673027039,1042.0356016159058,Gidari,29066614B80838231660790
8,west,2024,2810490.0,2810740.0,2810240.0,764790.0,11980.0,120.0,20.240000000000002,31.0,0.0,0.69999886,67.0,0.44,0.0,0.0,7.0,0.0,4.24,0.0,0.0,-20.0,0.0,1,0.0,train,83.0,4300.280673027039,1042.0356016159058,Gidari,29066614B80838231660790
8,west,2025,2810490.0,2810740.0,2810240.0,764790.0,11920.0,80.0,19.76,30.0,0.0,0.69999886,71.0,0.0,0.0,-20.0,4.0,0.44,0.0,4.24,0.0,0.0,0.0,1,0.0,train,83.0,4300.280673027039,1042.0356016159058,Gidari,29066614B80838231660790
8,west,2026,2810490.0,2810740.0,2810240.0,764810.0,11840.0,-80.0,18.84,33.0,0.0,0.69999886,71.0,,,,0.0,0.0,0.44,0.0,-20.0,0.0,0.0,1,,forecast,83.0,4300.280673027039,1042.0356016159058,Gidari,29066614B80838231660790
9,east,2015,2809990.0,2810240.0,2809740.0,776210.0,11480.0,60.0,2.92,57.0,3.0,1.6000004,,0.0,0.0,0.0,,,,,,,,0,0.0,train,96.0,4427.987609863281,812.7094507217407,Mohanganj,29066614B51426412731792
9,east,2016,2809990.0,2810240.0,2809740.0,776210.0,11480.0,80.0,2.8000000000000003,57.0,3.0,1.6000004,9.0,2.32,0.0,-20.0,,0.0,,,0.0,,0.0,0,0.0,train,96.0,4427.987609863281,812.7094507217407,Mohanganj,29066614B51426412731792
9,east,2017,2809990.0,2810240.0,2809740.0,776190.0,11460.0,140.0,3.4,58.0,3.0,1.3999996,8.0,3.0,0.0,40.0,-1.0,2.32,0.0,,-20.0,0.0,0.0,0,0.0,train,96.0,4427.987609863281,812.7094507217407,Mohanganj,29066614B51426412731792
9,east,2018,2809990.0,2810240.0,2809740.0,776230.0,11560.0,-380.0,2.8000000000000003,56.0,3.0,1.6000004,69.0,0.04,0.0,-20.0,61.0,3.0,2.32,0.0,40.0,-20.0,0.0,0,0.0,train,96.0,4427.987609863281,812.7094507217407,Mohanganj,29066614B51426412731792
9,east,2019,2809990.0,2810240.0,2809740.0,776210.0,10840.0,-340.0,3.6,56.0,3.0,1.6000004,72.0,1.72,0.0,-20.0,3.0,0.04,3.0,2.32,-20.0,40.0,0.0,0,0.0,train,96.0,4427.987609863281,812.7094507217407,Mohanganj,29066614B51426412731792
9,east,2020,2809990.0,2810240.0,2809740.0,776190.0,11660.0,-280.0,3.64,57.0,3.0,1.6000004,71.0,5.0,0.0,60.0,-1.0,1.72,0.04,3.0,-20.0,-20.0,0.0,0,1.0,train,96.0,4427.987609863281,812.7094507217407,Mohanganj,29066614B51426412731792
9,east,2021,2809990.0,2810240.0,2809740.0,776250.0,11780.0,220.0,3.2,53.0,3.0,1.3999996,70.0,5.72,0.0,140.0,-1.0,5.0,1.72,0.04,60.0,-20.0,0.0,0,1.0,train,96.0,4427.987609863281,812.7094507217407,Mohanganj,29066614B51426412731792
9,east,2022,2809990.0,2810240.0,2809740.0,776390.0,11860.0,100.0,4.16,41.0,0.0,1.0,72.0,5.24,0.12,100.0,2.0,5.72,5.0,1.72,140.0,60.0,0.0,0,1.0,train,96.0,4427.987609863281,812.7094507217407,Mohanganj,29066614B51426412731792
9,east,2023,2809990.0,2810240.0,2809740.0,776490.0,11960.0,-40.0,5.32,24.0,2.0,0.9000015,67.0,4.36,0.2,80.0,-5.0,5.24,5.72,5.0,100.0,140.0,0.12,0,0.0,train,96.0,4427.987609863281,812.7094507217407,Mohanganj,29066614B51426412731792
9,east,2024,2809990.0,2810240.0,2809740.0,776570.0,11880.0,40.0,6.04,8.0,1.0,0.9000015,68.0,0.0,0.0,0.0,1.0,4.36,5.24,5.72,80.0,100.0,0.2,0,0.0,train,96.0,4427.987609863281,812.7094507217407,Mohanganj,29066614B51426412731792
9,east,2025,2809990.0,2810240.0,2809740.0,776570.0,11860.0,40.0,5.92,8.0,1.0,0.9000015,71.0,0.0,0.0,0.0,3.0,0.0,4.36,5.24,0.0,80.0,0.0,0,0.0,train,96.0,4427.987609863281,812.7094507217407,Mohanganj,29066614B51426412731792
9,east,2026,2809990.0,2810240.0,2809740.0,776570.0,11640.0,-40.0,6.4,8.0,1.0,0.9000015,48.0,,,,-23.0,0.0,0.0,4.36,0.0,0.0,0.0,0,,forecast,96.0,4427.987609863281,812.7094507217407,Mohanganj,29066614B51426412731792
9,west,2015,2809990.0,2810240.0,2809740.0,764710.0,11480.0,-320.0,6.76,27.0,2.0,0.0,,1.8,0.0,-20.0,,,,,,,,1,0.0,train,53.0,2220.825008392334,984.6089868545532,Gidari,29066614B80838231660790
9,west,2016,2809990.0,2810240.0,2809740.0,764730.0,11480.0,80.0,6.76,28.0,0.0,0.0,23.0,0.12,0.0,0.0,,1.8,,,-20.0,,0.0,1,0.0,train,53.0,2220.825008392334,984.6089868545532,Gidari,29066614B80838231660790
9,west,2017,2809990.0,2810240.0,2809740.0,764730.0,11460.0,-40.0,5.84,27.0,13.0,0.0,15.0,2.92,0.0,80.0,-8.0,0.12,1.8,,0.0,-20.0,0.0,1,0.0,train,53.0,2220.825008392334,984.6089868545532,Gidari,29066614B80838231660790
9,west,2018,2809990.0,2810240.0,2809740.0,764650.0,11560.0,0.0,6.84,21.0,0.0,0.10000038,10.0,4.28,0.0,-760.0,-5.0,2.92,0.12,1.8,80.0,0.0,0.0,1,0.0,train,53.0,2220.825008392334,984.6089868545532,Gidari,29066614B80838231660790
9,west,2019,2809990.0,2810240.0,2809740.0,765410.0,10840.0,740.0,5.8,50.0,43.0,0.70000076,40.0,21.76,0.0,880.0,30.0,4.28,2.92,0.12,-760.0,80.0,0.0,1,1.0,train,53.0,2220.825008392334,984.6089868545532,Gidari,29066614B80838231660790
9,west,2020,2809990.0,2810240.0,2809740.0,764530.0,11660.0,-140.0,7.8,21.0,0.0,0.40000153,9.0,0.56,0.0,40.0,-31.0,21.76,4.28,2.92,880.0,-760.0,0.0,1,0.0,train,53.0,2220.825008392334,984.6089868545532,Gidari,29066614B80838231660790
9,west,2021,2809990.0,2810240.0,2809740.0,764490.0,11780.0,-720.0,8.44,20.0,0.0,0.40000153,8.0,0.72,0.0,-60.0,-1.0,0.56,21.76,4.28,40.0,880.0,0.0,1,0.0,train,53.0,2220.825008392334,984.6089868545532,Gidari,29066614B80838231660790
9,west,2022,2809990.0,2810240.0,2809740.0,764550.0,11860.0,-860.0,7.24,23.0,0.0,0.39999962,9.0,1.48,0.0,-40.0,1.0,0.72,0.56,21.76,-60.0,40.0,0.0,1,0.0,train,53.0,2220.825008392334,984.6089868545532,Gidari,29066614B80838231660790
9,west,2023,2809990.0,2810240.0,2809740.0,764590.0,11960.0,-660.0,7.12,23.0,0.0,0.5,10.0,3.16,0.0,-100.0,1.0,1.48,0.72,0.56,-40.0,-60.0,0.0,1,0.0,train,53.0,2220.825008392334,984.6089868545532,Gidari,29066614B80838231660790
9,west,2024,2809990.0,2810240.0,2809740.0,764690.0,11880.0,-240.0,7.88,24.0,0.0,0.0,66.0,0.0,0.0,-20.0,56.0,3.16,1.48,0.72,-100.0,-40.0,0.0,1,0.0,train,53.0,2220.825008392334,984.6089868545532,Gidari,29066614B80838231660790
9,west,2025,2809990.0,2810240.0,2809740.0,764710.0,11860.0,-200.0,8.0,27.0,2.0,0.0,70.0,2.44,0.0,-200.0,4.0,0.0,3.16,1.48,-20.0,-100.0,0.0,1,0.0,train,53.0,2220.825008392334,984.6089868545532,Gidari,29066614B80838231660790
9,west,2026,2809990.0,2810240.0,2809740.0,764910.0,11640.0,80.0,7.16,45.0,19.0,0.5,66.0,,,,-4.0,2.44,0.0,3.16,-200.0,-20.0,0.0,1,,forecast,53.0,2220.825008392334,984.6089868545532,Gidari,29066614B80838231660790
10,east,2015,2809490.0,2809740.0,2809240.0,776150.0,11420.0,100.0,14.36,27.0,0.0,1.3000011,,1.24,0.0,20.0,,,,,,,,0,0.0,train,238.0,12312.578899383545,1201.406114578247,Char Aomkhaoa,29066614B50813513276342
10,east,2016,2809490.0,2809740.0,2809240.0,776170.0,11600.0,80.0,13.88,27.0,0.0,1.3000011,8.0,1.12,0.0,20.0,,1.24,,,20.0,,0.0,0,0.0,train,238.0,12312.578899383545,1201.406114578247,Char Aomkhaoa,29066614B50813513276342
10,east,2017,2809490.0,2809740.0,2809240.0,776190.0,11460.0,20.0,15.56,26.0,0.0,1.3000011,8.0,2.0,0.0,-480.0,0.0,1.12,1.24,,20.0,20.0,0.0,0,0.0,train,238.0,12312.578899383545,1201.406114578247,Char Aomkhaoa,29066614B50813513276342
10,east,2018,2809490.0,2809740.0,2809240.0,775710.0,11180.0,240.0,14.8,66.0,28.0,3.0,70.0,1.72,0.0,-40.0,62.0,2.0,1.12,1.24,-480.0,20.0,0.0,0,0.0,train,238.0,12312.578899383545,1201.406114578247,Char Aomkhaoa,29066614B50813513276342
10,east,2019,2809490.0,2809740.0,2809240.0,775670.0,10500.0,220.0,15.48,64.0,27.0,3.0,73.0,3.48,0.0,40.0,3.0,1.72,2.0,1.12,-40.0,-480.0,0.0,0,0.0,train,238.0,12312.578899383545,1201.406114578247,Char Aomkhaoa,29066614B50813513276342
10,east,2020,2809490.0,2809740.0,2809240.0,775710.0,11280.0,100.0,16.68,59.0,22.0,1.7000008,71.0,16.76,0.0,500.0,-2.0,3.48,1.72,2.0,40.0,-40.0,0.0,0,1.0,train,238.0,12312.578899383545,1201.406114578247,Char Aomkhaoa,29066614B50813513276342
10,east,2021,2809490.0,2809740.0,2809240.0,776210.0,11340.0,60.0,17.64,25.0,0.0,1.3000011,9.0,0.04,0.0,20.0,-62.0,16.76,3.48,1.72,500.0,40.0,0.0,0,0.0,train,238.0,12312.578899383545,1201.406114578247,Char Aomkhaoa,29066614B50813513276342
10,east,2022,2809490.0,2809740.0,2809240.0,776230.0,11040.0,160.0,19.96,24.0,0.0,1.3000011,36.0,2.36,0.12,0.0,27.0,0.04,16.76,3.48,20.0,500.0,0.0,0,0.0,train,238.0,12312.578899383545,1201.406114578247,Char Aomkhaoa,29066614B50813513276342
10,east,2023,2809490.0,2809740.0,2809240.0,776230.0,11180.0,280.0,19.96,24.0,0.0,1.3000011,67.0,10.96,0.8,240.0,31.0,2.36,0.04,16.76,0.0,20.0,0.12,0,1.0,train,238.0,12312.578899383545,1201.406114578247,Char Aomkhaoa,29066614B50813513276342
10,east,2024,2809490.0,2809740.0,2809240.0,776470.0,11640.0,-80.0,20.400000000000002,15.0,0.0,2.2000008,67.0,0.12,0.0,0.0,0.0,10.96,2.36,0.04,240.0,0.0,0.8,0,0.0,train,238.0,12312.578899383545,1201.406114578247,Char Aomkhaoa,29066614B50813513276342
10,east,2025,2809490.0,2809740.0,2809240.0,776470.0,11640.0,-20.0,17.72,15.0,0.0,2.1999989,71.0,0.0,0.0,-20.0,4.0,0.12,10.96,2.36,0.0,240.0,0.0,0,0.0,train,238.0,12312.578899383545,1201.406114578247,Char Aomkhaoa,29066614B50813513276342
10,east,2026,2809490.0,2809740.0,2809240.0,776450.0,11520.0,60.0,20.04,16.0,0.0,2.1999989,71.0,,,,0.0,0.0,0.12,10.96,-20.0,0.0,0.0,0,,forecast,238.0,12312.578899383545,1201.406114578247,Char Aomkhaoa,29066614B50813513276342
10,west,2015,2809490.0,2809740.0,2809240.0,764710.0,11420.0,300.0,7.48,26.0,15.0,1.0,,6.5600000000000005,0.0,140.0,,,,,,,,1,1.0,train,53.0,2372.9191093444824,928.6288652420044,Gidari,29066614B80838231660790
10,west,2016,2809490.0,2809740.0,2809240.0,764570.0,11600.0,-340.0,6.5200000000000005,20.0,0.0,0.9000015,14.0,0.0,0.0,-160.0,,6.5600000000000005,,,140.0,,0.0,1,0.0,train,53.0,2372.9191093444824,928.6288652420044,Gidari,29066614B80838231660790
10,west,2017,2809490.0,2809740.0,2809240.0,764730.0,11460.0,-280.0,6.76,27.0,17.0,1.2000008,8.0,11.92,0.0,220.0,-6.0,0.0,6.5600000000000005,,-160.0,140.0,0.0,1,1.0,train,53.0,2372.9191093444824,928.6288652420044,Gidari,29066614B80838231660790
10,west,2018,2809490.0,2809740.0,2809240.0,764510.0,11180.0,-400.0,7.88,20.0,0.0,0.9000015,10.0,0.64,0.0,-660.0,2.0,11.92,0.0,6.5600000000000005,220.0,-160.0,0.0,1,0.0,train,53.0,2372.9191093444824,928.6288652420044,Gidari,29066614B80838231660790
10,west,2019,2809490.0,2809740.0,2809240.0,765170.0,10500.0,-100.0,6.4,57.0,21.0,1.2000008,23.0,5.12,0.0,740.0,13.0,0.64,11.92,0.0,-660.0,220.0,0.0,1,1.0,train,53.0,2372.9191093444824,928.6288652420044,Gidari,29066614B80838231660790
10,west,2020,2809490.0,2809740.0,2809240.0,764430.0,11280.0,-660.0,9.48,19.0,0.0,1.1000004,9.0,3.8000000000000003,0.08,-440.0,-14.0,5.12,0.64,11.92,740.0,-660.0,0.0,1,0.0,train,53.0,2372.9191093444824,928.6288652420044,Gidari,29066614B80838231660790
10,west,2021,2809490.0,2809740.0,2809240.0,764870.0,11340.0,280.0,9.28,34.0,18.0,1.2000008,24.0,0.0,0.0,-320.0,15.0,3.8000000000000003,5.12,0.64,-440.0,740.0,0.08,1,0.0,train,53.0,2372.9191093444824,928.6288652420044,Gidari,29066614B80838231660790
10,west,2022,2809490.0,2809740.0,2809240.0,765190.0,11040.0,560.0,7.4,57.0,21.0,1.2000008,66.0,6.28,0.0,140.0,42.0,0.0,3.8000000000000003,5.12,-320.0,-440.0,0.0,1,1.0,train,53.0,2372.9191093444824,928.6288652420044,Gidari,29066614B80838231660790
10,west,2023,2809490.0,2809740.0,2809240.0,765050.0,11180.0,420.0,7.44,55.0,20.0,3.2000008,35.0,10.8,0.0,220.0,-31.0,6.28,0.0,3.8000000000000003,140.0,-320.0,0.0,1,1.0,train,53.0,2372.9191093444824,928.6288652420044,Gidari,29066614B80838231660790
10,west,2024,2809490.0,2809740.0,2809240.0,764830.0,11640.0,40.0,7.32,32.0,17.0,1.2000008,68.0,0.0,0.0,0.0,33.0,10.8,6.28,0.0,220.0,140.0,0.0,1,0.0,train,53.0,2372.9191093444824,928.6288652420044,Gidari,29066614B80838231660790
10,west,2025,2809490.0,2809740.0,2809240.0,764830.0,11640.0,20.0,6.5600000000000005,32.0,18.0,1.2000008,22.0,2.2,0.0,-100.0,-46.0,0.0,10.8,6.28,0.0,220.0,0.0,1,0.0,train,53.0,2372.9191093444824,928.6288652420044,Gidari,29066614B80838231660790
10,west,2026,2809490.0,2809740.0,2809240.0,764930.0,11520.0,0.0,6.5200000000000005,44.0,19.0,1.1000004,49.0,,,,27.0,2.2,0.0,10.8,-100.0,0.0,0.0,1,,forecast,53.0,2372.9191093444824,928.6288652420044,Gidari,29066614B80838231660790
11,east,2015,2808990.0,2809240.0,2808740.0,776190.0,11780.0,-60.0,16.36,18.0,0.0,1.1000004,,0.76,0.0,20.0,,,,,,,,0,0.0,train,271.0,13607.924300193787,1299.5443506240845,Char Aomkhaoa,29066614B50813513276342
11,east,2016,2808990.0,2809240.0,2808740.0,776210.0,11440.0,-20.0,15.040000000000001,18.0,0.0,1.1000004,8.0,1.16,0.0,0.0,,0.76,,,20.0,,0.0,0,0.0,train,271.0,13607.924300193787,1299.5443506240845,Char Aomkhaoa,29066614B50813513276342
11,east,2017,2808990.0,2809240.0,2808740.0,776210.0,11200.0,20.0,13.96,18.0,0.0,1.1000004,9.0,0.28,0.0,-780.0,1.0,1.16,0.76,,0.0,20.0,0.0,0,0.0,train,271.0,13607.924300193787,1299.5443506240845,Char Aomkhaoa,29066614B50813513276342
11,east,2018,2808990.0,2809240.0,2808740.0,775430.0,10660.0,-60.0,8.84,58.0,20.0,0.5,11.0,0.28,0.0,-80.0,2.0,0.28,1.16,0.76,-780.0,0.0,0.0,0,0.0,train,271.0,13607.924300193787,1299.5443506240845,Char Aomkhaoa,29066614B50813513276342
11,east,2019,2808990.0,2809240.0,2808740.0,775350.0,10320.0,80.0,10.4,62.0,22.0,0.5,72.0,1.44,0.0,-20.0,61.0,0.28,0.28,1.16,-80.0,-780.0,0.0,0,0.0,train,271.0,13607.924300193787,1299.5443506240845,Char Aomkhaoa,29066614B50813513276342
11,east,2020,2808990.0,2809240.0,2808740.0,775330.0,10340.0,20.0,9.200000000000001,64.0,22.0,0.6000004,71.0,15.64,0.0,900.0,-1.0,1.44,0.28,0.28,-20.0,-80.0,0.0,0,1.0,train,271.0,13607.924300193787,1299.5443506240845,Char Aomkhaoa,29066614B50813513276342
11,east,2021,2808990.0,2809240.0,2808740.0,776230.0,11260.0,20.0,17.96,18.0,0.0,1.1000004,8.0,0.0,0.0,0.0,-63.0,15.64,1.44,0.28,900.0,-20.0,0.0,0,0.0,train,271.0,13607.924300193787,1299.5443506240845,Char Aomkhaoa,29066614B50813513276342
11,east,2022,2808990.0,2809240.0,2808740.0,776230.0,10960.0,40.0,20.52,18.0,0.0,1.1000004,7.0,0.0,0.0,20.0,-1.0,0.0,15.64,1.44,0.0,900.0,0.0,0,0.0,train,271.0,13607.924300193787,1299.5443506240845,Char Aomkhaoa,29066614B50813513276342
11,east,2023,2808990.0,2809240.0,2808740.0,776250.0,11160.0,-20.0,20.76,18.0,0.0,1.1000004,10.0,4.0,0.0,40.0,3.0,0.0,0.0,15.64,20.0,0.0,0.0,0,0.0,train,271.0,13607.924300193787,1299.5443506240845,Char Aomkhaoa,29066614B50813513276342
11,east,2024,2808990.0,2809240.0,2808740.0,776290.0,11360.0,60.0,23.36,18.0,0.0,1.4000015,69.0,2.16,0.0,60.0,59.0,4.0,0.0,0.0,40.0,20.0,0.0,0,0.0,train,271.0,13607.924300193787,1299.5443506240845,Char Aomkhaoa,29066614B50813513276342
11,east,2025,2808990.0,2809240.0,2808740.0,776350.0,11420.0,20.0,21.92,18.0,0.0,1.6000004,71.0,2.4,0.0,40.0,2.0,2.16,4.0,0.0,60.0,40.0,0.0,0,0.0,train,271.0,13607.924300193787,1299.5443506240845,Char Aomkhaoa,29066614B50813513276342
11,east,2026,2808990.0,2809240.0,2808740.0,776390.0,11440.0,-40.0,22.44,18.0,0.0,2.0,45.0,,,,-26.0,2.4,2.16,4.0,40.0,60.0,0.0,0,,forecast,271.0,13607.924300193787,1299.5443506240845,Char Aomkhaoa,29066614B50813513276342
11,west,2015,2808990.0,2809240.0,2808740.0,764410.0,11780.0,-340.0,10.44,26.0,0.0,0.5,,0.0,0.0,-340.0,,,,,,,,1,0.0,train,67.0,3741.1419944763184,983.1130242347717,Gidari,29066614B80838231660790
11,west,2016,2808990.0,2809240.0,2808740.0,764750.0,11440.0,480.0,8.120000000000001,38.0,21.0,0.70000076,11.0,0.0,0.0,-260.0,,0.0,,,-340.0,,0.0,1,0.0,train,67.0,3741.1419944763184,983.1130242347717,Gidari,29066614B80838231660790
11,west,2017,2808990.0,2809240.0,2808740.0,765010.0,11200.0,620.0,5.48,47.0,27.0,1.9000015,41.0,13.280000000000001,0.0,240.0,30.0,0.0,0.0,,-260.0,-340.0,0.0,1,1.0,train,67.0,3741.1419944763184,983.1130242347717,Gidari,29066614B80838231660790
11,west,2018,2808990.0,2809240.0,2808740.0,764770.0,10660.0,340.0,9.28,36.0,20.0,0.79999924,12.0,0.0,0.0,-260.0,-29.0,13.280000000000001,0.0,0.0,240.0,-260.0,0.0,1,0.0,train,67.0,3741.1419944763184,983.1130242347717,Gidari,29066614B80838231660790
11,west,2019,2808990.0,2809240.0,2808740.0,765030.0,10320.0,120.0,5.12,50.0,28.0,3.0,14.0,2.4,0.0,40.0,2.0,0.0,13.280000000000001,0.0,-260.0,240.0,0.0,1,0.0,train,67.0,3741.1419944763184,983.1130242347717,Gidari,29066614B80838231660790
11,west,2020,2808990.0,2809240.0,2808740.0,764990.0,10340.0,700.0,6.5200000000000005,47.0,26.0,1.9000015,11.0,2.2800000000000002,0.0,20.0,-3.0,2.4,0.0,13.280000000000001,40.0,-260.0,0.0,1,0.0,train,67.0,3741.1419944763184,983.1130242347717,Gidari,29066614B80838231660790
11,west,2021,2808990.0,2809240.0,2808740.0,764970.0,11260.0,220.0,6.84,45.0,26.0,1.6000004,17.0,0.0,0.0,-300.0,6.0,2.2800000000000002,2.4,0.0,20.0,40.0,0.0,1,0.0,train,67.0,3741.1419944763184,983.1130242347717,Gidari,29066614B80838231660790
11,west,2022,2808990.0,2809240.0,2808740.0,765270.0,10960.0,600.0,5.08,53.0,32.0,0.9000006,68.0,5.72,0.0,180.0,51.0,0.0,2.2800000000000002,2.4,-300.0,20.0,0.0,1,1.0,train,67.0,3741.1419944763184,983.1130242347717,Gidari,29066614B80838231660790
11,west,2023,2808990.0,2809240.0,2808740.0,765090.0,11160.0,200.0,5.4,52.0,29.0,3.0,16.0,7.28,0.0,160.0,-52.0,5.72,0.0,2.2800000000000002,180.0,-300.0,0.0,1,1.0,train,67.0,3741.1419944763184,983.1130242347717,Gidari,29066614B80838231660790
11,west,2024,2808990.0,2809240.0,2808740.0,764930.0,11360.0,60.0,5.96,42.0,26.0,2.3000011,60.0,0.0,0.0,0.0,44.0,7.28,5.72,0.0,160.0,180.0,0.0,1,0.0,train,67.0,3741.1419944763184,983.1130242347717,Gidari,29066614B80838231660790
11,west,2025,2808990.0,2809240.0,2808740.0,764930.0,11420.0,-160.0,4.76,47.0,26.0,2.4000015,9.0,4.48,0.0,-20.0,-51.0,0.0,7.28,5.72,0.0,160.0,0.0,1,0.0,train,67.0,3741.1419944763184,983.1130242347717,Gidari,29066614B80838231660790
11,west,2026,2808990.0,2809240.0,2808740.0,764950.0,11440.0,40.0,5.72,44.0,26.0,2.4000015,31.0,,,,22.0,4.48,0.0,7.28,-20.0,0.0,0.0,1,,forecast,67.0,3741.1419944763184,983.1130242347717,Gidari,29066614B80838231660790
12,east,2015,2808490.0,2808740.0,2808240.0,776170.0,11720.0,-1380.0,11.24,16.0,0.0,1.2000008,,2.84,0.0,60.0,,,,,,,,0,0.0,train,228.0,11434.986515045166,1401.0512399673462,Char Aomkhaoa,29066614B50813513276342
12,east,2016,2808490.0,2808740.0,2808240.0,776230.0,11780.0,-80.0,9.28,16.0,0.0,1.8000011,7.0,0.0,0.0,20.0,,2.84,,,60.0,,0.0,0,0.0,train,228.0,11434.986515045166,1401.0512399673462,Char Aomkhaoa,29066614B50813513276342
12,east,2017,2808490.0,2808740.0,2808240.0,776250.0,11580.0,-100.0,10.6,16.0,0.0,1.8000011,10.0,0.4,0.0,,3.0,0.0,2.84,,20.0,60.0,0.0,0,0.0,train,228.0,11434.986515045166,1401.0512399673462,Char Aomkhaoa,29066614B50813513276342
12,east,2018,2808490.0,2808740.0,2808240.0,775090.0,10400.0,140.0,5.88,56.0,11.0,1.0,9.0,2.24,0.0,20.0,-1.0,0.4,0.0,2.84,,20.0,0.0,0,0.0,train,228.0,11434.986515045166,1401.0512399673462,Char Aomkhaoa,29066614B50813513276342
12,east,2019,2808490.0,2808740.0,2808240.0,775110.0,10340.0,120.0,7.6000000000000005,53.0,10.0,0.8999996,10.0,0.0,0.0,-140.0,1.0,2.24,0.4,0.0,20.0,,0.0,0,0.0,train,228.0,11434.986515045166,1401.0512399673462,Char Aomkhaoa,29066614B50813513276342
12,east,2020,2808490.0,2808740.0,2808240.0,774970.0,10120.0,380.0,8.8,59.0,11.0,1.2000008,70.0,11.92,0.0,,60.0,0.0,2.24,0.4,-140.0,20.0,0.0,0,1.0,train,228.0,11434.986515045166,1401.0512399673462,Char Aomkhaoa,29066614B50813513276342
12,east,2021,2808490.0,2808740.0,2808240.0,776270.0,11380.0,-20.0,15.16,16.0,0.0,2.5,8.0,0.0,0.0,0.0,-62.0,11.92,0.0,2.24,,-140.0,0.0,0,0.0,train,228.0,11434.986515045166,1401.0512399673462,Char Aomkhaoa,29066614B50813513276342
12,east,2022,2808490.0,2808740.0,2808240.0,776270.0,11540.0,-1340.0,14.92,17.0,0.0,2.0,8.0,0.32,0.0,-20.0,0.0,0.0,11.92,0.0,0.0,,0.0,0,0.0,train,228.0,11434.986515045166,1401.0512399673462,Char Aomkhaoa,29066614B50813513276342
12,east,2023,2808490.0,2808740.0,2808240.0,776250.0,11320.0,-1360.0,14.24,18.0,0.0,1.5,8.0,1.2,0.0,-80.0,0.0,0.32,0.0,11.92,-20.0,0.0,0.0,0,0.0,train,228.0,11434.986515045166,1401.0512399673462,Char Aomkhaoa,29066614B50813513276342
12,east,2024,2808490.0,2808740.0,2808240.0,776170.0,11200.0,-1340.0,14.72,18.0,0.0,1.0,22.0,21.400000000000002,0.0,80.0,14.0,1.2,0.32,0.0,-80.0,-20.0,0.0,0,1.0,train,228.0,11434.986515045166,1401.0512399673462,Char Aomkhaoa,29066614B50813513276342
12,east,2025,2808490.0,2808740.0,2808240.0,776250.0,11060.0,-140.0,18.72,16.0,0.0,1.8000011,71.0,2.7600000000000002,0.0,40.0,49.0,21.400000000000002,1.2,0.32,80.0,-80.0,0.0,0,0.0,train,228.0,11434.986515045166,1401.0512399673462,Char Aomkhaoa,29066614B50813513276342
12,east,2026,2808490.0,2808740.0,2808240.0,776290.0,11360.0,-80.0,19.36,15.0,0.0,2.1000004,70.0,,,,-1.0,2.7600000000000002,21.400000000000002,1.2,40.0,80.0,0.0,0,,forecast,228.0,11434.986515045166,1401.0512399673462,Char Aomkhaoa,29066614B50813513276342
12,west,2015,2808490.0,2808740.0,2808240.0,764450.0,11720.0,20.0,14.08,34.0,0.0,0.80000114,,0.2,0.0,0.0,,,,,,,,1,0.0,train,135.0,7677.754913330078,1078.695767879486,Gidari,29066614B80838231660790
12,west,2016,2808490.0,2808740.0,2808240.0,764450.0,11780.0,-200.0,13.68,35.0,0.0,0.8999996,8.0,0.0,0.0,-220.0,,0.2,,,0.0,,0.0,1,0.0,train,135.0,7677.754913330078,1078.695767879486,Gidari,29066614B80838231660790
12,west,2017,2808490.0,2808740.0,2808240.0,764670.0,11580.0,0.0,12.8,35.0,7.0,1.6999989,26.0,0.64,0.0,-20.0,18.0,0.0,0.2,,-220.0,0.0,0.0,1,0.0,train,135.0,7677.754913330078,1078.695767879486,Gidari,29066614B80838231660790
12,west,2018,2808490.0,2808740.0,2808240.0,764690.0,10400.0,240.0,13.96,35.0,25.0,3.4000006,14.0,1.2,0.0,-80.0,-12.0,0.64,0.0,0.2,-20.0,-220.0,0.0,1,0.0,train,135.0,7677.754913330078,1078.695767879486,Gidari,29066614B80838231660790
12,west,2019,2808490.0,2808740.0,2808240.0,764770.0,10340.0,160.0,14.52,36.0,29.0,4.1000004,13.0,2.24,0.0,-80.0,-1.0,1.2,0.64,0.0,-80.0,-20.0,0.0,1,0.0,train,135.0,7677.754913330078,1078.695767879486,Gidari,29066614B80838231660790
12,west,2020,2808490.0,2808740.0,2808240.0,764850.0,10120.0,-400.0,14.44,37.0,31.0,1.2000008,8.0,2.48,0.0,0.0,-5.0,2.24,1.2,0.64,-80.0,-80.0,0.0,1,0.0,train,135.0,7677.754913330078,1078.695767879486,Gidari,29066614B80838231660790
12,west,2021,2808490.0,2808740.0,2808240.0,764850.0,11380.0,-580.0,15.24,37.0,32.0,1.2000008,8.0,8.88,0.0,100.0,0.0,2.48,2.24,1.2,0.0,-80.0,0.0,1,1.0,train,135.0,7677.754913330078,1078.695767879486,Gidari,29066614B80838231660790
12,west,2022,2808490.0,2808740.0,2808240.0,764750.0,11540.0,-840.0,14.44,35.0,29.0,3.4000006,7.0,0.0,0.0,-180.0,-1.0,8.88,2.48,2.24,100.0,0.0,0.0,1,0.0,train,135.0,7677.754913330078,1078.695767879486,Gidari,29066614B80838231660790
12,west,2023,2808490.0,2808740.0,2808240.0,764930.0,11320.0,-300.0,13.72,37.0,33.0,4.500001,12.0,1.36,0.0,-40.0,5.0,0.0,8.88,2.48,-180.0,100.0,0.0,1,0.0,train,135.0,7677.754913330078,1078.695767879486,Gidari,29066614B80838231660790
12,west,2024,2808490.0,2808740.0,2808240.0,764970.0,11200.0,-40.0,14.76,37.0,34.0,2.0,50.0,0.0,0.0,-220.0,38.0,1.36,0.0,8.88,-40.0,-180.0,0.0,1,0.0,train,135.0,7677.754913330078,1078.695767879486,Gidari,29066614B80838231660790
12,west,2025,2808490.0,2808740.0,2808240.0,765190.0,11060.0,200.0,11.48,51.0,35.0,0.0,30.0,12.44,0.0,260.0,-20.0,0.0,1.36,0.0,-220.0,-40.0,0.0,1,1.0,train,135.0,7677.754913330078,1078.695767879486,Gidari,29066614B80838231660790
12,west,2026,2808490.0,2808740.0,2808240.0,764930.0,11360.0,-40.0,14.0,37.0,35.0,4.500001,25.0,,,,-5.0,12.44,0.0,1.36,260.0,-220.0,0.0,1,,forecast,135.0,7677.754913330078,1078.695767879486,Gidari,29066614B80838231660790
13,east,2015,2807990.0,2808240.0,2807740.0,774770.0,10300.0,540.0,8.24,47.0,20.0,1.0,,20.16,0.0,,,,,,,,,0,1.0,train,195.0,10277.865508079529,1354.545825958252,Char Aomkhaoa,29066614B50813513276342
13,east,2016,2807990.0,2808240.0,2807740.0,776170.0,11840.0,0.0,12.92,13.0,0.0,1.6000004,8.0,0.0,0.0,20.0,,20.16,,,,,0.0,0,0.0,train,195.0,10277.865508079529,1354.545825958252,Char Aomkhaoa,29066614B50813513276342
13,east,2017,2807990.0,2808240.0,2807740.0,776190.0,11860.0,-1320.0,13.32,13.0,0.0,1.9000015,9.0,0.0,0.0,,1.0,0.0,20.16,,20.0,,0.0,0,0.0,train,195.0,10277.865508079529,1354.545825958252,Char Aomkhaoa,29066614B50813513276342
13,east,2018,2807990.0,2808240.0,2807740.0,774890.0,10500.0,160.0,8.8,47.0,12.0,0.79999924,24.0,6.32,0.0,100.0,15.0,0.0,0.0,20.16,,20.0,0.0,0,1.0,train,195.0,10277.865508079529,1354.545825958252,Char Aomkhaoa,29066614B50813513276342
13,east,2019,2807990.0,2808240.0,2807740.0,774990.0,10620.0,-80.0,10.200000000000001,38.0,9.0,0.5999985,8.0,0.0,0.0,0.0,-16.0,6.32,0.0,0.0,100.0,,0.0,0,0.0,train,195.0,10277.865508079529,1354.545825958252,Char Aomkhaoa,29066614B50813513276342
13,east,2020,2807990.0,2808240.0,2807740.0,774990.0,9840.0,-540.0,9.72,40.0,9.0,0.79999924,10.0,7.84,0.0,,2.0,0.0,6.32,0.0,0.0,100.0,0.0,0,1.0,train,195.0,10277.865508079529,1354.545825958252,Char Aomkhaoa,29066614B50813513276342
13,east,2021,2807990.0,2808240.0,2807740.0,776290.0,10980.0,-280.0,16.32,12.0,0.0,4.200001,9.0,0.64,0.0,,-1.0,7.84,0.0,6.32,,0.0,0.0,0,0.0,train,195.0,10277.865508079529,1354.545825958252,Char Aomkhaoa,29066614B50813513276342
13,east,2022,2807990.0,2808240.0,2807740.0,774970.0,9900.0,1260.0,10.56,37.0,9.0,0.79999924,38.0,0.44,0.0,-80.0,29.0,0.64,7.84,0.0,,,0.0,0,0.0,train,195.0,10277.865508079529,1354.545825958252,Char Aomkhaoa,29066614B50813513276342
13,east,2023,2807990.0,2808240.0,2807740.0,774890.0,9780.0,1180.0,10.24,43.0,12.0,0.79999924,8.0,0.0,0.0,-180.0,-30.0,0.44,0.64,7.84,-80.0,,0.0,0,0.0,train,195.0,10277.865508079529,1354.545825958252,Char Aomkhaoa,29066614B50813513276342
13,east,2024,2807990.0,2808240.0,2807740.0,774710.0,9640.0,1260.0,6.76,47.0,23.0,1.0,8.0,32.24,0.68,,0.0,0.0,0.44,0.64,-180.0,-80.0,0.0,0,1.0,train,195.0,10277.865508079529,1354.545825958252,Char Aomkhaoa,29066614B50813513276342
13,east,2025,2807990.0,2808240.0,2807740.0,776010.0,10940.0,260.0,15.6,14.0,2.0,0.80000114,9.0,2.6,0.0,100.0,1.0,32.24,0.0,0.44,,-180.0,0.68,0,0.0,train,195.0,10277.865508079529,1354.545825958252,Char Aomkhaoa,29066614B50813513276342
13,east,2026,2807990.0,2808240.0,2807740.0,776110.0,11180.0,-20.0,16.44,14.0,0.0,1.2000008,71.0,,,,62.0,2.6,32.24,0.0,100.0,,0.0,0,,forecast,195.0,10277.865508079529,1354.545825958252,Char Aomkhaoa,29066614B50813513276342
13,west,2015,2807990.0,2808240.0,2807740.0,764470.0,10300.0,-1140.0,6.4,37.0,0.0,1.1000004,,15.56,0.0,120.0,,,,,,,,1,1.0,train,81.0,3694.6135082244873,915.7779169082642,Gidari,29066614B80838231660790
13,west,2016,2807990.0,2808240.0,2807740.0,764350.0,11840.0,100.0,5.92,37.0,0.0,6.8,8.0,1.44,0.0,20.0,,15.56,,,120.0,,0.0,1,0.0,train,81.0,3694.6135082244873,915.7779169082642,Gidari,29066614B80838231660790
13,west,2017,2807990.0,2808240.0,2807740.0,764330.0,11860.0,-80.0,5.32,36.0,0.0,6.8,21.0,2.24,0.0,-40.0,13.0,1.44,15.56,,20.0,120.0,0.0,1,0.0,train,81.0,3694.6135082244873,915.7779169082642,Gidari,29066614B80838231660790
13,west,2018,2807990.0,2808240.0,2807740.0,764370.0,10500.0,20.0,6.48,37.0,0.0,6.8,13.0,0.0,0.0,20.0,-8.0,2.24,1.44,15.56,-40.0,20.0,0.0,1,0.0,train,81.0,3694.6135082244873,915.7779169082642,Gidari,29066614B80838231660790
13,west,2019,2807990.0,2808240.0,2807740.0,764350.0,10620.0,-140.0,6.8,37.0,0.0,6.8,11.0,0.8,0.0,-760.0,-2.0,0.0,2.24,1.44,20.0,-40.0,0.0,1,0.0,train,81.0,3694.6135082244873,915.7779169082642,Gidari,29066614B80838231660790
13,west,2020,2807990.0,2808240.0,2807740.0,765110.0,9840.0,360.0,7.32,45.0,31.0,0.0,10.0,0.0,0.0,-200.0,-1.0,0.8,0.0,2.24,-760.0,20.0,0.0,1,0.0,train,81.0,3694.6135082244873,915.7779169082642,Gidari,29066614B80838231660790
13,west,2021,2807990.0,2808240.0,2807740.0,765310.0,10980.0,440.0,8.48,54.0,29.0,0.5,25.0,10.76,0.0,240.0,15.0,0.0,0.8,0.0,-200.0,-760.0,0.0,1,1.0,train,81.0,3694.6135082244873,915.7779169082642,Gidari,29066614B80838231660790
13,west,2022,2807990.0,2808240.0,2807740.0,765070.0,9900.0,380.0,6.92,43.0,34.0,0.0,23.0,0.08,0.0,0.0,-2.0,10.76,0.0,0.8,240.0,-200.0,0.0,1,0.0,train,81.0,3694.6135082244873,915.7779169082642,Gidari,29066614B80838231660790
13,west,2023,2807990.0,2808240.0,2807740.0,765070.0,9780.0,220.0,7.32,44.0,32.0,0.0,18.0,2.48,0.0,20.0,-5.0,0.08,10.76,0.0,0.0,240.0,0.0,1,0.0,train,81.0,3694.6135082244873,915.7779169082642,Gidari,29066614B80838231660790
13,west,2024,2807990.0,2808240.0,2807740.0,765050.0,9640.0,140.0,8.56,43.0,35.0,0.0,55.0,1.16,0.0,-200.0,37.0,2.48,0.08,10.76,20.0,0.0,0.0,1,0.0,train,81.0,3694.6135082244873,915.7779169082642,Gidari,29066614B80838231660790
13,west,2025,2807990.0,2808240.0,2807740.0,765250.0,10940.0,380.0,7.04,51.0,30.0,0.0,24.0,12.84,0.0,300.0,-31.0,1.16,2.48,0.08,-200.0,20.0,0.0,1,1.0,train,81.0,3694.6135082244873,915.7779169082642,Gidari,29066614B80838231660790
13,west,2026,2807990.0,2808240.0,2807740.0,764950.0,11180.0,100.0,7.12,32.0,37.0,0.0,18.0,,,,-6.0,12.84,1.16,2.48,300.0,-200.0,0.0,1,,forecast,81.0,3694.6135082244873,915.7779169082642,Gidari,29066614B80838231660790
14,east,2015,2807490.0,2807740.0,2807240.0,773910.0,8280.0,260.0,0.36,47.0,34.0,1.2000008,,34.72,0.0,,,,,,,,,0,1.0,train,187.0,8927.894912719727,1270.3647689819336,Char Aomkhaoa,29066614B50813513276342
14,east,2016,2807490.0,2807740.0,2807240.0,776110.0,11920.0,-1300.0,8.84,15.0,0.0,1.0999985,7.0,0.68,0.0,,,34.72,,,,,0.0,0,0.0,train,187.0,8927.894912719727,1270.3647689819336,Char Aomkhaoa,29066614B50813513276342
14,east,2017,2807490.0,2807740.0,2807240.0,774810.0,10760.0,1400.0,6.44,27.0,17.0,0.8999996,58.0,3.52,0.0,40.0,51.0,0.68,34.72,,,,0.0,0,0.0,train,187.0,8927.894912719727,1270.3647689819336,Char Aomkhaoa,29066614B50813513276342
14,east,2018,2807490.0,2807740.0,2807240.0,774850.0,10820.0,20.0,6.16,29.0,15.0,0.69999886,16.0,1.08,0.0,-60.0,-42.0,3.52,0.68,34.72,40.0,,0.0,0,0.0,train,187.0,8927.894912719727,1270.3647689819336,Char Aomkhaoa,29066614B50813513276342
14,east,2019,2807490.0,2807740.0,2807240.0,774790.0,10700.0,300.0,6.12,29.0,16.0,0.69999886,9.0,2.4,0.0,-320.0,-7.0,1.08,3.52,0.68,-60.0,40.0,0.0,0,0.0,train,187.0,8927.894912719727,1270.3647689819336,Char Aomkhaoa,29066614B50813513276342
14,east,2020,2807490.0,2807740.0,2807240.0,774470.0,9520.0,560.0,2.08,33.0,25.0,1.0,14.0,14.56,0.0,,5.0,2.4,1.08,3.52,-320.0,-60.0,0.0,0,1.0,train,187.0,8927.894912719727,1270.3647689819336,Char Aomkhaoa,29066614B50813513276342
14,east,2021,2807490.0,2807740.0,2807240.0,776030.0,10760.0,-40.0,17.84,14.0,0.0,0.70000076,9.0,1.84,0.0,,-5.0,14.56,2.4,1.08,,-320.0,0.0,0,0.0,train,187.0,8927.894912719727,1270.3647689819336,Char Aomkhaoa,29066614B50813513276342
14,east,2022,2807490.0,2807740.0,2807240.0,774930.0,9920.0,-60.0,5.96,28.0,12.0,0.69999886,9.0,0.0,0.0,-220.0,0.0,1.84,14.56,2.4,,,0.0,0,0.0,train,187.0,8927.894912719727,1270.3647689819336,Char Aomkhaoa,29066614B50813513276342
14,east,2023,2807490.0,2807740.0,2807240.0,774710.0,9720.0,-400.0,6.24,31.0,20.0,1.0999985,9.0,2.0,0.0,-200.0,0.0,0.0,1.84,14.56,-220.0,,0.0,0,0.0,train,187.0,8927.894912719727,1270.3647689819336,Char Aomkhaoa,29066614B50813513276342
14,east,2024,2807490.0,2807740.0,2807240.0,774510.0,9500.0,-160.0,4.96,33.0,26.0,1.0,7.0,6.12,0.0,,-2.0,2.0,0.0,1.84,-200.0,-220.0,0.0,0,1.0,train,187.0,8927.894912719727,1270.3647689819336,Char Aomkhaoa,29066614B50813513276342
14,east,2025,2807490.0,2807740.0,2807240.0,776030.0,11100.0,-240.0,20.2,14.0,0.0,0.6000004,9.0,1.52,0.0,-120.0,2.0,6.12,2.0,0.0,,-200.0,0.0,0,0.0,train,187.0,8927.894912719727,1270.3647689819336,Char Aomkhaoa,29066614B50813513276342
14,east,2026,2807490.0,2807740.0,2807240.0,775910.0,11040.0,120.0,19.48,14.0,0.0,0.70000076,8.0,,,,-1.0,1.52,6.12,2.0,-120.0,,0.0,0,,forecast,187.0,8927.894912719727,1270.3647689819336,Char Aomkhaoa,29066614B50813513276342
14,west,2015,2807490.0,2807740.0,2807240.0,765630.0,8280.0,960.0,1.6400000000000001,54.0,50.0,1.6000013,,53.24,0.0,,,,,,,,,1,1.0,train,87.0,5037.842625617981,854.1528253555298,Gidari,29066614B80838231660790
14,west,2016,2807490.0,2807740.0,2807240.0,764150.0,11920.0,60.0,5.2,33.0,0.0,3.0,28.0,1.84,0.0,80.0,,53.24,,,,,0.0,1,0.0,train,87.0,5037.842625617981,854.1528253555298,Gidari,29066614B80838231660790
14,west,2017,2807490.0,2807740.0,2807240.0,764070.0,10760.0,-80.0,6.16,31.0,0.0,3.0,11.0,2.12,0.0,40.0,-17.0,1.84,53.24,,80.0,,0.0,1,0.0,train,87.0,5037.842625617981,854.1528253555298,Gidari,29066614B80838231660790
14,west,2018,2807490.0,2807740.0,2807240.0,764030.0,10820.0,-100.0,6.84,30.0,0.0,3.0,13.0,0.0,0.0,-40.0,2.0,2.12,1.84,53.24,40.0,80.0,0.0,1,0.0,train,87.0,5037.842625617981,854.1528253555298,Gidari,29066614B80838231660790
14,west,2019,2807490.0,2807740.0,2807240.0,764070.0,10700.0,0.0,6.0,32.0,0.0,3.0,10.0,0.0,0.0,-940.0,-3.0,0.0,2.12,1.84,-40.0,40.0,0.0,1,0.0,train,87.0,5037.842625617981,854.1528253555298,Gidari,29066614B80838231660790
14,west,2020,2807490.0,2807740.0,2807240.0,765010.0,9520.0,100.0,4.08,44.0,33.0,0.0,27.0,0.0,0.0,-320.0,17.0,0.0,0.0,2.12,-940.0,-40.0,0.0,1,0.0,train,87.0,5037.842625617981,854.1528253555298,Gidari,29066614B80838231660790
14,west,2021,2807490.0,2807740.0,2807240.0,765330.0,10760.0,420.0,3.88,53.0,32.0,0.0,12.0,10.68,0.0,320.0,-15.0,0.0,0.0,0.0,-320.0,-940.0,0.0,1,1.0,train,87.0,5037.842625617981,854.1528253555298,Gidari,29066614B80838231660790
14,west,2022,2807490.0,2807740.0,2807240.0,765010.0,9920.0,140.0,4.24,44.0,33.0,0.0,7.0,0.0,0.0,20.0,-5.0,10.68,0.0,0.0,320.0,-320.0,0.0,1,0.0,train,87.0,5037.842625617981,854.1528253555298,Gidari,29066614B80838231660790
14,west,2023,2807490.0,2807740.0,2807240.0,764990.0,9720.0,80.0,3.4,44.0,33.0,0.0,8.0,0.0,0.0,0.0,1.0,0.0,10.68,0.0,20.0,320.0,0.0,1,0.0,train,87.0,5037.842625617981,854.1528253555298,Gidari,29066614B80838231660790
14,west,2024,2807490.0,2807740.0,2807240.0,764990.0,9500.0,-40.0,4.16,44.0,33.0,0.0,48.0,1.72,0.0,60.0,40.0,0.0,0.0,10.68,0.0,20.0,0.0,1,0.0,train,87.0,5037.842625617981,854.1528253555298,Gidari,29066614B80838231660790
14,west,2025,2807490.0,2807740.0,2807240.0,764930.0,11100.0,-300.0,3.64,40.0,34.0,0.0,22.0,4.04,0.0,60.0,-26.0,1.72,0.0,0.0,60.0,0.0,0.0,1,0.0,train,87.0,5037.842625617981,854.1528253555298,Gidari,29066614B80838231660790
14,west,2026,2807490.0,2807740.0,2807240.0,764870.0,11040.0,-100.0,3.4,37.0,34.0,0.0,16.0,,,,-6.0,4.04,1.72,0.0,60.0,60.0,0.0,1,,forecast,87.0,5037.842625617981,854.1528253555298,Gidari,29066614B80838231660790
15,east,2015,2806990.0,2807240.0,2806740.0,773310.0,7480.0,280.0,0.0,54.0,33.0,1.6000004,,9.4,0.0,,,,,,,,,0,1.0,train,325.0,16729.39930152893,1229.8618574142456,Char Aomkhaoa,29066614B50813513276342
15,east,2016,2806990.0,2807240.0,2806740.0,774750.0,10860.0,1520.0,10.0,29.0,25.0,1.0,12.0,4.2,0.0,80.0,,9.4,,,,,0.0,0,0.0,train,325.0,16729.39930152893,1229.8618574142456,Char Aomkhaoa,29066614B50813513276342
15,east,2017,2806990.0,2807240.0,2806740.0,774830.0,10940.0,100.0,10.72,29.0,23.0,1.0,49.0,0.36,0.0,0.0,37.0,4.2,9.4,,80.0,,0.0,0,0.0,train,325.0,16729.39930152893,1229.8618574142456,Char Aomkhaoa,29066614B50813513276342
15,east,2018,2806990.0,2807240.0,2806740.0,774830.0,11040.0,140.0,11.44,29.0,22.0,1.0,19.0,2.12,0.0,60.0,-30.0,0.36,4.2,9.4,0.0,80.0,0.0,0,0.0,train,325.0,16729.39930152893,1229.8618574142456,Char Aomkhaoa,29066614B50813513276342
15,east,2019,2806990.0,2807240.0,2806740.0,774890.0,11100.0,40.0,11.44,28.0,21.0,1.0,10.0,0.84,0.0,-380.0,-9.0,2.12,0.36,4.2,60.0,0.0,0.0,0,0.0,train,325.0,16729.39930152893,1229.8618574142456,Char Aomkhaoa,29066614B50813513276342
15,east,2020,2806990.0,2807240.0,2806740.0,774510.0,9700.0,220.0,9.6,27.0,25.0,1.3999996,16.0,7.76,0.0,,6.0,0.84,2.12,0.36,-380.0,60.0,0.0,0,1.0,train,325.0,16729.39930152893,1229.8618574142456,Char Aomkhaoa,29066614B50813513276342
15,east,2021,2806990.0,2807240.0,2806740.0,775730.0,10800.0,40.0,26.76,17.0,0.0,0.5999985,10.0,0.0,0.0,-900.0,-6.0,7.76,0.84,2.12,,-380.0,0.0,0,0.0,train,325.0,16729.39930152893,1229.8618574142456,Char Aomkhaoa,29066614B50813513276342
15,east,2022,2806990.0,2807240.0,2806740.0,774830.0,9960.0,-540.0,12.88,28.0,23.0,1.0999985,7.0,0.0,0.0,-700.0,-3.0,0.0,7.76,0.84,-900.0,,0.0,0,0.0,train,325.0,16729.39930152893,1229.8618574142456,Char Aomkhaoa,29066614B50813513276342
15,east,2023,2806990.0,2807240.0,2806740.0,774130.0,9280.0,400.0,5.0,28.0,27.0,2.1999989,25.0,2.4,0.0,20.0,18.0,0.0,0.0,7.76,-700.0,-900.0,0.0,0,0.0,train,325.0,16729.39930152893,1229.8618574142456,Char Aomkhaoa,29066614B50813513276342
15,east,2024,2806990.0,2807240.0,2806740.0,774150.0,9180.0,-760.0,6.0,28.0,27.0,1.6000004,8.0,6.28,0.0,,-17.0,2.4,0.0,0.0,20.0,-700.0,0.0,0,1.0,train,325.0,16729.39930152893,1229.8618574142456,Char Aomkhaoa,29066614B50813513276342
15,east,2025,2806990.0,2807240.0,2806740.0,775810.0,10900.0,-120.0,31.36,16.0,0.0,0.5999985,9.0,0.0,0.0,20.0,1.0,6.28,2.4,0.0,,20.0,0.0,0,0.0,train,325.0,16729.39930152893,1229.8618574142456,Char Aomkhaoa,29066614B50813513276342
15,east,2026,2806990.0,2807240.0,2806740.0,775830.0,10940.0,-260.0,32.08,16.0,0.0,0.5999985,9.0,,,,0.0,0.0,6.28,2.4,20.0,,0.0,0,,forecast,325.0,16729.39930152893,1229.8618574142456,Char Aomkhaoa,29066614B50813513276342
15,west,2015,2806990.0,2807240.0,2806740.0,765830.0,7480.0,140.0,0.76,61.0,54.0,0.0,,41.24,0.0,,,,,,,,,1,1.0,train,70.0,4332.1284828186035,753.6734838485718,Gidari,29066614B80838231660790
15,west,2016,2806990.0,2807240.0,2806740.0,763890.0,10860.0,-60.0,5.4,30.0,6.0,1.9000015,29.0,0.12,0.0,0.0,,41.24,,,,,0.0,1,0.0,train,70.0,4332.1284828186035,753.6734838485718,Gidari,29066614B80838231660790
15,west,2017,2806990.0,2807240.0,2806740.0,763890.0,10940.0,20.0,6.04,30.0,6.0,1.9000015,9.0,2.72,0.0,100.0,-20.0,0.12,41.24,,0.0,,0.0,1,0.0,train,70.0,4332.1284828186035,753.6734838485718,Gidari,29066614B80838231660790
15,west,2018,2806990.0,2807240.0,2806740.0,763790.0,11040.0,-160.0,7.92,29.0,6.0,1.9000015,13.0,0.0,0.0,0.0,4.0,2.72,0.12,41.24,100.0,0.0,0.0,1,0.0,train,70.0,4332.1284828186035,753.6734838485718,Gidari,29066614B80838231660790
15,west,2019,2806990.0,2807240.0,2806740.0,763790.0,11100.0,-180.0,8.08,30.0,6.0,1.9000015,10.0,0.0,0.0,,-3.0,0.0,2.72,0.12,0.0,100.0,0.0,1,0.0,train,70.0,4332.1284828186035,753.6734838485718,Gidari,29066614B80838231660790
15,west,2020,2806990.0,2807240.0,2806740.0,764810.0,9700.0,120.0,5.84,36.0,31.0,0.0,41.0,0.0,0.0,-120.0,31.0,0.0,0.0,2.72,,0.0,0.0,1,0.0,train,70.0,4332.1284828186035,753.6734838485718,Gidari,29066614B80838231660790
15,west,2021,2806990.0,2807240.0,2806740.0,764930.0,10800.0,100.0,4.64,42.0,32.0,0.0,8.0,6.28,0.0,120.0,-33.0,0.0,0.0,0.0,-120.0,,0.0,1,1.0,train,70.0,4332.1284828186035,753.6734838485718,Gidari,29066614B80838231660790
15,west,2022,2806990.0,2807240.0,2806740.0,764810.0,9960.0,-120.0,5.16,37.0,32.0,0.0,7.0,0.0,0.0,-20.0,-1.0,6.28,0.0,0.0,120.0,-120.0,0.0,1,0.0,train,70.0,4332.1284828186035,753.6734838485718,Gidari,29066614B80838231660790
15,west,2023,2806990.0,2807240.0,2806740.0,764830.0,9280.0,40.0,4.2,37.0,32.0,0.0,7.0,0.0,0.0,-140.0,0.0,0.0,6.28,0.0,-20.0,120.0,0.0,1,0.0,train,70.0,4332.1284828186035,753.6734838485718,Gidari,29066614B80838231660790
15,west,2024,2806990.0,2807240.0,2806740.0,764970.0,9180.0,-200.0,4.76,44.0,32.0,0.0,9.0,1.6400000000000001,0.0,60.0,2.0,0.0,0.0,6.28,-140.0,-20.0,0.0,1,0.0,train,70.0,4332.1284828186035,753.6734838485718,Gidari,29066614B80838231660790
15,west,2025,2806990.0,2807240.0,2806740.0,764910.0,10900.0,-340.0,4.6000000000000005,41.0,32.0,0.0,21.0,1.44,0.0,20.0,12.0,1.6400000000000001,0.0,0.0,60.0,-140.0,0.0,1,0.0,train,70.0,4332.1284828186035,753.6734838485718,Gidari,29066614B80838231660790
15,west,2026,2806990.0,2807240.0,2806740.0,764890.0,10940.0,-360.0,4.04,38.0,32.0,0.0,16.0,,,,-5.0,1.44,1.6400000000000001,0.0,20.0,60.0,0.0,1,,forecast,70.0,4332.1284828186035,753.6734838485718,Gidari,29066614B80838231660790
16,east,2015,2806490.0,2806740.0,2806240.0,772990.0,7080.0,300.0,1.24,55.0,35.0,1.3999996,,14.72,0.0,,,,,,,,,0,1.0,train,152.0,7573.003189086914,1152.2223930358887,Char Aomkhaoa,29066614B50813513276342
16,east,2016,2806490.0,2806740.0,2806240.0,774910.0,11220.0,-20.0,9.040000000000001,30.0,22.0,0.10000038,8.0,3.3200000000000003,0.0,40.0,,14.72,,,,,0.0,0,0.0,train,152.0,7573.003189086914,1152.2223930358887,Char Aomkhaoa,29066614B50813513276342
16,east,2017,2806490.0,2806740.0,2806240.0,774950.0,11260.0,-260.0,10.0,31.0,21.0,0.10000038,34.0,0.08,0.0,0.0,26.0,3.3200000000000003,14.72,,40.0,,0.0,0,0.0,train,152.0,7573.003189086914,1152.2223930358887,Char Aomkhaoa,29066614B50813513276342
16,east,2018,2806490.0,2806740.0,2806240.0,774950.0,11240.0,0.0,10.040000000000001,31.0,20.0,0.10000038,21.0,4.0,0.04,80.0,-13.0,0.08,3.3200000000000003,14.72,0.0,40.0,0.0,0,0.0,train,152.0,7573.003189086914,1152.2223930358887,Char Aomkhaoa,29066614B50813513276342
16,east,2019,2806490.0,2806740.0,2806240.0,775030.0,11340.0,-60.0,10.6,31.0,19.0,0.20000076,8.0,0.0,0.0,-260.0,-13.0,4.0,0.08,3.3200000000000003,80.0,0.0,0.04,0,0.0,train,152.0,7573.003189086914,1152.2223930358887,Char Aomkhaoa,29066614B50813513276342
16,east,2020,2806490.0,2806740.0,2806240.0,774770.0,10280.0,60.0,10.48,29.0,26.0,0.5,18.0,5.36,0.0,700.0,10.0,0.0,4.0,0.08,-260.0,80.0,0.0,0,1.0,train,152.0,7573.003189086914,1152.2223930358887,Char Aomkhaoa,29066614B50813513276342
16,east,2021,2806490.0,2806740.0,2806240.0,775470.0,11020.0,-60.0,13.040000000000001,22.0,0.0,0.39999962,15.0,0.0,0.0,,-3.0,5.36,0.0,4.0,700.0,-260.0,0.0,0,0.0,train,152.0,7573.003189086914,1152.2223930358887,Char Aomkhaoa,29066614B50813513276342
16,east,2022,2806490.0,2806740.0,2806240.0,774190.0,9460.0,680.0,6.48,25.0,30.0,1.0999985,10.0,0.0,0.0,-240.0,-5.0,0.0,5.36,0.0,,700.0,0.0,0,0.0,train,152.0,7573.003189086914,1152.2223930358887,Char Aomkhaoa,29066614B50813513276342
16,east,2023,2806490.0,2806740.0,2806240.0,773950.0,9340.0,140.0,3.84,26.0,28.0,1.5,10.0,2.0,0.0,-920.0,0.0,0.0,0.0,5.36,-240.0,,0.0,0,0.0,train,152.0,7573.003189086914,1152.2223930358887,Char Aomkhaoa,29066614B50813513276342
16,east,2024,2806490.0,2806740.0,2806240.0,773030.0,7880.0,760.0,1.32,57.0,37.0,1.3999996,13.0,0.28,0.0,,3.0,2.0,0.0,0.0,-920.0,-240.0,0.0,0,0.0,train,152.0,7573.003189086914,1152.2223930358887,Char Aomkhaoa,29066614B50813513276342
16,east,2025,2806490.0,2806740.0,2806240.0,775470.0,10240.0,0.0,13.56,22.0,0.0,0.39999962,10.0,1.16,0.0,20.0,-3.0,0.28,2.0,0.0,,-920.0,0.0,0,0.0,train,152.0,7573.003189086914,1152.2223930358887,Char Aomkhaoa,29066614B50813513276342
16,east,2026,2806490.0,2806740.0,2806240.0,775490.0,10220.0,-140.0,13.200000000000001,21.0,0.0,0.39999962,15.0,,,,5.0,1.16,0.28,2.0,20.0,,0.0,0,,forecast,152.0,7573.003189086914,1152.2223930358887,Char Aomkhaoa,29066614B50813513276342
16,west,2015,2806490.0,2806740.0,2806240.0,765890.0,7080.0,40.0,1.08,62.0,54.0,0.0,,17.04,0.0,,,,,,,,,1,1.0,train,107.0,4359.749402999878,478.6014542579651,Gidari,29066614B80838231660790
16,west,2016,2806490.0,2806740.0,2806240.0,763690.0,11220.0,0.0,5.8,30.0,9.0,1.6000004,39.0,0.88,0.0,0.0,,17.04,,,,,0.0,1,0.0,train,107.0,4359.749402999878,478.6014542579651,Gidari,29066614B80838231660790
16,west,2017,2806490.0,2806740.0,2806240.0,763690.0,11260.0,20.0,6.36,31.0,9.0,1.6000004,8.0,0.0,0.0,-20.0,-31.0,0.88,17.04,,0.0,,0.0,1,0.0,train,107.0,4359.749402999878,478.6014542579651,Gidari,29066614B80838231660790
16,west,2018,2806490.0,2806740.0,2806240.0,763710.0,11240.0,120.0,6.08,31.0,9.0,1.6000004,14.0,0.0,0.0,20.0,6.0,0.0,0.88,17.04,-20.0,0.0,0.0,1,0.0,train,107.0,4359.749402999878,478.6014542579651,Gidari,29066614B80838231660790
16,west,2019,2806490.0,2806740.0,2806240.0,763690.0,11340.0,0.0,6.04,31.0,9.0,1.6000004,9.0,0.0,0.0,-800.0,-5.0,0.0,0.0,0.88,20.0,-20.0,0.0,1,0.0,train,107.0,4359.749402999878,478.6014542579651,Gidari,29066614B80838231660790
16,west,2020,2806490.0,2806740.0,2806240.0,764490.0,10280.0,40.0,4.2,33.0,32.0,0.0,69.0,3.36,0.0,60.0,60.0,0.0,0.0,0.0,-800.0,20.0,0.0,1,0.0,train,107.0,4359.749402999878,478.6014542579651,Gidari,29066614B80838231660790
16,west,2021,2806490.0,2806740.0,2806240.0,764430.0,11020.0,-200.0,4.4,33.0,31.0,0.0,10.0,1.72,0.0,-300.0,-59.0,3.36,0.0,0.0,60.0,-800.0,0.0,1,0.0,train,107.0,4359.749402999878,478.6014542579651,Gidari,29066614B80838231660790
16,west,2022,2806490.0,2806740.0,2806240.0,764730.0,9460.0,-260.0,4.28,40.0,33.0,0.0,7.0,3.52,0.0,100.0,-3.0,1.72,3.36,0.0,-300.0,60.0,0.0,1,0.0,train,107.0,4359.749402999878,478.6014542579651,Gidari,29066614B80838231660790
16,west,2023,2806490.0,2806740.0,2806240.0,764630.0,9340.0,-560.0,2.44,38.0,33.0,0.0,8.0,7.0,0.0,-520.0,1.0,3.52,1.72,3.36,100.0,-300.0,0.0,1,1.0,train,107.0,4359.749402999878,478.6014542579651,Gidari,29066614B80838231660790
16,west,2024,2806490.0,2806740.0,2806240.0,765150.0,7880.0,460.0,3.96,53.0,37.0,0.0,8.0,2.92,0.0,-80.0,0.0,7.0,3.52,1.72,-520.0,100.0,0.0,1,0.0,train,107.0,4359.749402999878,478.6014542579651,Gidari,29066614B80838231660790
16,west,2025,2806490.0,2806740.0,2806240.0,765230.0,10240.0,460.0,3.88,53.0,40.0,0.0,22.0,0.0,0.0,-40.0,14.0,2.92,7.0,3.52,-80.0,-520.0,0.0,1,0.0,train,107.0,4359.749402999878,478.6014542579651,Gidari,29066614B80838231660790
16,west,2026,2806490.0,2806740.0,2806240.0,765270.0,10220.0,220.0,3.8000000000000003,52.0,40.0,0.0,37.0,,,,15.0,0.0,2.92,7.0,-40.0,-80.0,0.0,1,,forecast,107.0,4359.749402999878,478.6014542579651,Gidari,29066614B80838231660790
17,east,2015,2805990.0,2806240.0,2805740.0,772970.0,7080.0,-760.0,0.0,42.0,32.0,0.0,,7.16,0.0,,,,,,,,,0,1.0,train,229.0,11832.317078590393,1117.734052658081,Char Aomkhaoa,29066614B50813513276342
17,east,2016,2805990.0,2806240.0,2805740.0,775050.0,11520.0,-520.0,17.32,28.0,0.0,1.2000008,10.0,1.84,0.0,-240.0,,7.16,,,,,0.0,0,0.0,train,229.0,11832.317078590393,1117.734052658081,Char Aomkhaoa,29066614B50813513276342
17,east,2017,2805990.0,2806240.0,2805740.0,774810.0,11380.0,140.0,18.48,28.0,18.0,1.0,26.0,7.48,0.0,260.0,16.0,1.84,7.16,,-240.0,,0.0,0,1.0,train,229.0,11832.317078590393,1117.734052658081,Char Aomkhaoa,29066614B50813513276342
17,east,2018,2805990.0,2806240.0,2805740.0,775070.0,11520.0,-320.0,19.52,29.0,0.0,1.2000008,26.0,2.48,0.0,40.0,0.0,7.48,1.84,7.16,260.0,-240.0,0.0,0,0.0,train,229.0,11832.317078590393,1117.734052658081,Char Aomkhaoa,29066614B50813513276342
17,east,2019,2805990.0,2806240.0,2805740.0,775110.0,11540.0,-340.0,19.48,29.0,0.0,1.2000008,14.0,0.0,0.0,-20.0,-12.0,2.48,7.48,1.84,40.0,260.0,0.0,0,0.0,train,229.0,11832.317078590393,1117.734052658081,Char Aomkhaoa,29066614B50813513276342
17,east,2020,2805990.0,2806240.0,2805740.0,775090.0,10960.0,-500.0,20.72,29.0,0.0,1.2000008,27.0,2.7600000000000002,0.0,60.0,13.0,0.0,2.48,7.48,-20.0,40.0,0.0,0,0.0,train,229.0,11832.317078590393,1117.734052658081,Char Aomkhaoa,29066614B50813513276342
17,east,2021,2805990.0,2806240.0,2805740.0,775150.0,11020.0,120.0,21.12,28.0,0.0,1.2000008,11.0,0.0,0.0,-920.0,-16.0,2.7600000000000002,0.0,2.48,60.0,-20.0,0.0,0,0.0,train,229.0,11832.317078590393,1117.734052658081,Char Aomkhaoa,29066614B50813513276342
17,east,2022,2805990.0,2806240.0,2805740.0,774230.0,9320.0,520.0,16.8,26.0,26.0,1.1999989,16.0,0.0,0.0,-320.0,5.0,0.0,2.7600000000000002,0.0,-920.0,60.0,0.0,0,0.0,train,229.0,11832.317078590393,1117.734052658081,Char Aomkhaoa,29066614B50813513276342
17,east,2023,2805990.0,2806240.0,2805740.0,773910.0,8920.0,500.0,11.040000000000001,25.0,26.0,0.69999886,9.0,0.68,0.0,,-7.0,0.0,0.0,2.7600000000000002,-320.0,-920.0,0.0,0,0.0,train,229.0,11832.317078590393,1117.734052658081,Char Aomkhaoa,29066614B50813513276342
17,east,2024,2805990.0,2806240.0,2805740.0,772670.0,7800.0,200.0,3.04,58.0,40.0,0.0,68.0,3.2800000000000002,0.0,,59.0,0.68,0.0,0.0,,-320.0,0.0,0,0.0,train,229.0,11832.317078590393,1117.734052658081,Char Aomkhaoa,29066614B50813513276342
17,east,2025,2805990.0,2806240.0,2805740.0,775130.0,10040.0,100.0,23.080000000000002,29.0,0.0,1.2000008,13.0,0.0,0.0,-120.0,-55.0,3.2800000000000002,0.68,0.0,,,0.0,0,0.0,train,229.0,11832.317078590393,1117.734052658081,Char Aomkhaoa,29066614B50813513276342
17,east,2026,2805990.0,2806240.0,2805740.0,775010.0,9580.0,180.0,23.96,29.0,0.0,0.80000114,15.0,,,,2.0,0.0,3.2800000000000002,0.68,-120.0,,0.0,0,,forecast,229.0,11832.317078590393,1117.734052658081,Char Aomkhaoa,29066614B50813513276342
17,west,2015,2805990.0,2806240.0,2805740.0,765910.0,7080.0,-160.0,0.84,62.0,56.0,0.0,,16.2,0.0,,,,,,,,,1,1.0,train,11.0,349.1106986999512,305.9019298553467,Gidari,29066614B80838231660790
17,west,2016,2805990.0,2806240.0,2805740.0,763490.0,11520.0,-20.0,9.52,40.0,5.0,1.7000008,30.0,1.24,0.0,20.0,,16.2,,,,,0.0,1,0.0,train,11.0,349.1106986999512,305.9019298553467,Gidari,29066614B80838231660790
17,west,2017,2805990.0,2806240.0,2805740.0,763470.0,11380.0,80.0,10.64,40.0,5.0,1.5,8.0,0.0,0.0,-40.0,-22.0,1.24,16.2,,20.0,,0.0,1,0.0,train,11.0,349.1106986999512,305.9019298553467,Gidari,29066614B80838231660790
17,west,2018,2805990.0,2806240.0,2805740.0,763510.0,11520.0,140.0,9.72,40.0,5.0,1.7000008,15.0,0.0,0.0,-80.0,7.0,0.0,1.24,16.2,-40.0,20.0,0.0,1,0.0,train,11.0,349.1106986999512,305.9019298553467,Gidari,29066614B80838231660790
17,west,2019,2805990.0,2806240.0,2805740.0,763590.0,11540.0,260.0,10.8,39.0,5.0,1.7000008,10.0,0.0,0.0,-540.0,-5.0,0.0,0.0,1.24,-80.0,-40.0,0.0,1,0.0,train,11.0,349.1106986999512,305.9019298553467,Gidari,29066614B80838231660790
17,west,2020,2805990.0,2806240.0,2805740.0,764130.0,10960.0,580.0,10.72,36.0,39.0,1.9000006,14.0,5.4,0.0,0.0,4.0,0.0,0.0,0.0,-540.0,-80.0,0.0,1,1.0,train,11.0,349.1106986999512,305.9019298553467,Gidari,29066614B80838231660790
17,west,2021,2805990.0,2806240.0,2805740.0,764130.0,11020.0,520.0,10.68,36.0,37.0,1.9000006,10.0,0.0,0.0,-780.0,-4.0,5.4,0.0,0.0,0.0,-540.0,0.0,1,0.0,train,11.0,349.1106986999512,305.9019298553467,Gidari,29066614B80838231660790
17,west,2022,2805990.0,2806240.0,2805740.0,764910.0,9320.0,740.0,4.36,50.0,34.0,0.0,10.0,0.0,0.0,-80.0,0.0,0.0,5.4,0.0,-780.0,0.0,0.0,1,0.0,train,11.0,349.1106986999512,305.9019298553467,Gidari,29066614B80838231660790
17,west,2023,2805990.0,2806240.0,2805740.0,764990.0,8920.0,2020.0,5.36,51.0,34.0,0.0,11.0,6.36,0.0,120.0,1.0,0.0,0.0,5.4,-80.0,-780.0,0.0,1,1.0,train,11.0,349.1106986999512,305.9019298553467,Gidari,29066614B80838231660790
17,west,2024,2805990.0,2806240.0,2805740.0,764870.0,7800.0,1340.0,5.76,49.0,36.0,0.0,8.0,2.8000000000000003,0.0,-220.0,-3.0,6.36,0.0,0.0,120.0,-80.0,0.0,1,0.0,train,11.0,349.1106986999512,305.9019298553467,Gidari,29066614B80838231660790
17,west,2025,2805990.0,2806240.0,2805740.0,765090.0,10040.0,20.0,5.12,52.0,35.0,0.0,11.0,0.0,0.0,-340.0,3.0,2.8000000000000003,6.36,0.0,-220.0,120.0,0.0,1,0.0,train,11.0,349.1106986999512,305.9019298553467,Gidari,29066614B80838231660790
17,west,2026,2805990.0,2806240.0,2805740.0,765430.0,9580.0,240.0,0.32,57.0,47.0,0.0,10.0,,,,-1.0,0.0,2.8000000000000003,6.36,-340.0,-220.0,0.0,1,,forecast,11.0,349.1106986999512,305.9019298553467,Gidari,29066614B80838231660790
18,east,2015,2805490.0,2805740.0,2805240.0,772190.0,6600.0,2680.0,0.08,56.0,39.0,0.10000038,,23.64,0.04,,,,,,,,,0,1.0,train,165.0,9620.348779678345,1056.6160249710083,Char Aomkhaoa,29066614B50813513276342
18,east,2016,2805490.0,2805740.0,2805240.0,774670.0,11360.0,40.0,11.040000000000001,26.0,8.0,0.20000076,9.0,7.8,0.0,140.0,,23.64,,,,,0.04,0,1.0,train,165.0,9620.348779678345,1056.6160249710083,Char Aomkhaoa,29066614B50813513276342
18,east,2017,2805490.0,2805740.0,2805240.0,774810.0,11640.0,-420.0,11.36,27.0,3.0,0.30000114,19.0,1.76,0.0,60.0,10.0,7.8,23.64,,140.0,,0.0,0,0.0,train,165.0,9620.348779678345,1056.6160249710083,Char Aomkhaoa,29066614B50813513276342
18,east,2018,2805490.0,2805740.0,2805240.0,774870.0,11700.0,-160.0,13.8,26.0,2.0,0.30000114,22.0,0.44,0.08,-20.0,3.0,1.76,7.8,23.64,60.0,140.0,0.0,0,0.0,train,165.0,9620.348779678345,1056.6160249710083,Char Aomkhaoa,29066614B50813513276342
18,east,2019,2805490.0,2805740.0,2805240.0,774850.0,11620.0,0.0,12.68,26.0,2.0,0.30000114,12.0,1.96,0.32,60.0,-10.0,0.44,1.76,7.8,-20.0,60.0,0.08,0,0.0,train,165.0,9620.348779678345,1056.6160249710083,Char Aomkhaoa,29066614B50813513276342
18,east,2020,2805490.0,2805740.0,2805240.0,774910.0,11680.0,-60.0,11.88,25.0,0.0,0.30000114,25.0,0.0,0.0,40.0,13.0,1.96,0.44,1.76,60.0,-20.0,0.32,0,0.0,train,165.0,9620.348779678345,1056.6160249710083,Char Aomkhaoa,29066614B50813513276342
18,east,2021,2805490.0,2805740.0,2805240.0,774950.0,11600.0,-40.0,13.040000000000001,25.0,0.0,0.5,17.0,0.0,0.0,-160.0,-8.0,0.0,1.96,0.44,40.0,60.0,0.0,0,0.0,train,165.0,9620.348779678345,1056.6160249710083,Char Aomkhaoa,29066614B50813513276342
18,east,2022,2805490.0,2805740.0,2805240.0,774790.0,10360.0,-680.0,13.92,26.0,4.0,0.20000076,13.0,0.0,0.0,-420.0,-4.0,0.0,0.0,1.96,-160.0,40.0,0.0,0,0.0,train,165.0,9620.348779678345,1056.6160249710083,Char Aomkhaoa,29066614B50813513276342
18,east,2023,2805490.0,2805740.0,2805240.0,774370.0,11040.0,-140.0,9.48,24.0,25.0,0.39999962,10.0,2.44,0.0,,-3.0,0.0,0.0,0.0,-420.0,-160.0,0.0,0,0.0,train,165.0,9620.348779678345,1056.6160249710083,Char Aomkhaoa,29066614B50813513276342
18,east,2024,2805490.0,2805740.0,2805240.0,772510.0,9260.0,0.0,4.36,45.0,41.0,0.0,68.0,8.36,0.0,,58.0,2.44,0.0,0.0,,-420.0,0.0,0,1.0,train,165.0,9620.348779678345,1056.6160249710083,Char Aomkhaoa,29066614B50813513276342
18,east,2025,2805490.0,2805740.0,2805240.0,774890.0,9960.0,20.0,14.76,25.0,1.0,0.30000114,14.0,0.0,0.0,-180.0,-54.0,8.36,2.44,0.0,,,0.0,0,0.0,train,165.0,9620.348779678345,1056.6160249710083,Char Aomkhaoa,29066614B50813513276342
18,east,2026,2805490.0,2805740.0,2805240.0,774710.0,9460.0,240.0,13.92,25.0,6.0,0.20000076,15.0,,,,1.0,0.0,8.36,2.44,-180.0,,0.0,0,,forecast,165.0,9620.348779678345,1056.6160249710083,Char Aomkhaoa,29066614B50813513276342
18,west,2015,2805490.0,2805740.0,2805240.0,766090.0,6600.0,700.0,0.16,53.0,52.0,0.0,,24.52,0.0,,,,,,,,,1,1.0,train,14.0,453.4805974960327,332.92048358917236,Kamarjani,29066614B10610516449153
18,west,2016,2805490.0,2805740.0,2805240.0,763310.0,11360.0,120.0,7.6000000000000005,38.0,19.0,0.0,27.0,2.52,0.0,140.0,,24.52,,,,,0.0,1,0.0,train,14.0,453.4805974960327,332.92048358917236,Kamarjani,29066614B10610516449153
18,west,2017,2805490.0,2805740.0,2805240.0,763170.0,11640.0,60.0,8.16,34.0,20.0,0.099998474,14.0,1.56,0.0,0.0,-13.0,2.52,24.52,,140.0,,0.0,1,0.0,train,14.0,453.4805974960327,332.92048358917236,Kamarjani,29066614B10610516449153
18,west,2018,2805490.0,2805740.0,2805240.0,763170.0,11700.0,60.0,9.16,34.0,19.0,0.6000004,11.0,0.0,0.0,-60.0,-3.0,1.56,2.52,24.52,0.0,140.0,0.0,1,0.0,train,14.0,453.4805974960327,332.92048358917236,Kamarjani,29066614B10610516449153
18,west,2019,2805490.0,2805740.0,2805240.0,763230.0,11620.0,-460.0,7.48,34.0,21.0,0.099998474,9.0,0.8,0.0,40.0,-2.0,0.0,1.56,2.52,-60.0,0.0,0.0,1,0.0,train,14.0,453.4805974960327,332.92048358917236,Kamarjani,29066614B10610516449153
18,west,2020,2805490.0,2805740.0,2805240.0,763190.0,11680.0,-1060.0,6.84,35.0,23.0,0.0,13.0,5.08,0.0,-120.0,4.0,0.8,0.0,1.56,40.0,-60.0,0.0,1,1.0,train,14.0,453.4805974960327,332.92048358917236,Kamarjani,29066614B10610516449153
18,west,2021,2805490.0,2805740.0,2805240.0,763310.0,11600.0,-720.0,8.08,38.0,24.0,0.099998474,19.0,0.0,0.0,,6.0,5.08,0.8,0.0,-120.0,40.0,0.0,1,0.0,train,14.0,453.4805974960327,332.92048358917236,Kamarjani,29066614B10610516449153
18,west,2022,2805490.0,2805740.0,2805240.0,764350.0,10360.0,-880.0,0.36,31.0,33.0,0.0,10.0,0.0,0.0,,-9.0,0.0,5.08,0.8,,-120.0,0.0,1,0.0,train,14.0,453.4805974960327,332.92048358917236,Kamarjani,29066614B10610516449153
18,west,2023,2805490.0,2805740.0,2805240.0,763330.0,11040.0,-1660.0,8.64,38.0,26.0,0.29999924,10.0,4.08,0.0,80.0,0.0,0.0,0.0,5.08,,,0.0,1,0.0,train,14.0,453.4805974960327,332.92048358917236,Kamarjani,29066614B10610516449153
18,west,2024,2805490.0,2805740.0,2805240.0,763250.0,9260.0,-1540.0,9.32,35.0,24.0,0.0,9.0,0.56,0.0,,-1.0,4.08,0.0,0.0,80.0,,0.0,1,0.0,train,14.0,453.4805974960327,332.92048358917236,Kamarjani,29066614B10610516449153
18,west,2025,2805490.0,2805740.0,2805240.0,764930.0,9960.0,140.0,0.16,44.0,30.0,0.0,9.0,0.0,0.0,-420.0,0.0,0.56,4.08,0.0,,80.0,0.0,1,0.0,train,14.0,453.4805974960327,332.92048358917236,Kamarjani,29066614B10610516449153
18,west,2026,2805490.0,2805740.0,2805240.0,765350.0,9460.0,520.0,0.4,47.0,44.0,0.0,15.0,,,,6.0,0.0,0.56,4.08,-420.0,,0.0,1,,forecast,14.0,453.4805974960327,332.92048358917236,Kamarjani,29066614B10610516449153
19,east,2015,2804990.0,2805240.0,2804740.0,774090.0,8460.0,-2040.0,16.12,30.0,20.0,1.6999989,,12.68,0.0,240.0,,,,,,,,0,1.0,train,410.0,20608.13725233078,1021.4007573127747,Char Aomkhaoa,29066614B50813513276342
19,east,2016,2804990.0,2805240.0,2804740.0,774330.0,11320.0,20.0,23.28,27.0,14.0,1.7999992,19.0,3.44,0.4,60.0,,12.68,,,240.0,,0.0,0,0.0,train,410.0,20608.13725233078,1021.4007573127747,Char Aomkhaoa,29066614B50813513276342
19,east,2017,2804990.0,2805240.0,2804740.0,774390.0,11580.0,80.0,25.96,27.0,13.0,1.7999992,58.0,5.48,0.68,120.0,39.0,3.44,12.68,,60.0,240.0,0.4,0,1.0,train,410.0,20608.13725233078,1021.4007573127747,Char Aomkhaoa,29066614B50813513276342
19,east,2018,2804990.0,2805240.0,2804740.0,774510.0,11740.0,-40.0,30.8,25.0,0.0,1.5999985,34.0,3.12,0.4,80.0,-24.0,5.48,3.44,12.68,120.0,60.0,0.68,0,0.0,train,410.0,20608.13725233078,1021.4007573127747,Char Aomkhaoa,29066614B50813513276342
19,east,2019,2804990.0,2805240.0,2804740.0,774590.0,11260.0,-200.0,27.88,25.0,0.0,1.0,38.0,4.28,0.44,80.0,4.0,3.12,5.48,3.44,80.0,120.0,0.4,0,0.0,train,410.0,20608.13725233078,1021.4007573127747,Char Aomkhaoa,29066614B50813513276342
19,east,2020,2804990.0,2805240.0,2804740.0,774670.0,11360.0,-160.0,30.240000000000002,21.0,0.0,0.69999886,26.0,1.44,0.08,40.0,-12.0,4.28,3.12,5.48,80.0,80.0,0.44,0,0.0,train,410.0,20608.13725233078,1021.4007573127747,Char Aomkhaoa,29066614B50813513276342
19,east,2021,2804990.0,2805240.0,2804740.0,774710.0,11500.0,-100.0,30.36,17.0,0.0,0.69999886,18.0,0.0,0.0,-40.0,-8.0,1.44,4.28,3.12,40.0,80.0,0.08,0,0.0,train,410.0,20608.13725233078,1021.4007573127747,Char Aomkhaoa,29066614B50813513276342
19,east,2022,2804990.0,2805240.0,2804740.0,774670.0,10000.0,-160.0,31.240000000000002,19.0,0.0,0.69999886,20.0,0.0,0.0,20.0,2.0,0.0,1.44,4.28,-40.0,40.0,0.0,0,0.0,train,410.0,20608.13725233078,1021.4007573127747,Char Aomkhaoa,29066614B50813513276342
19,east,2023,2804990.0,2805240.0,2804740.0,774690.0,11360.0,-640.0,33.04,19.0,0.0,0.69999886,9.0,0.24,0.0,,-11.0,0.0,0.0,1.44,20.0,-40.0,0.0,0,0.0,train,410.0,20608.13725233078,1021.4007573127747,Char Aomkhaoa,29066614B50813513276342
19,east,2024,2804990.0,2805240.0,2804740.0,772350.0,9180.0,60.0,0.96,48.0,46.0,0.0,68.0,13.200000000000001,0.0,,59.0,0.24,0.0,0.0,,20.0,0.0,0,1.0,train,410.0,20608.13725233078,1021.4007573127747,Char Aomkhaoa,29066614B50813513276342
19,east,2025,2804990.0,2805240.0,2804740.0,774670.0,10040.0,-100.0,33.68,20.0,0.0,0.69999886,15.0,0.0,0.0,-20.0,-53.0,13.200000000000001,0.24,0.0,,,0.0,0,0.0,train,410.0,20608.13725233078,1021.4007573127747,Char Aomkhaoa,29066614B50813513276342
19,east,2026,2804990.0,2805240.0,2804740.0,774650.0,9820.0,-220.0,33.92,23.0,0.0,1.0,19.0,,,,4.0,0.0,13.200000000000001,0.24,-20.0,,0.0,0,,forecast,410.0,20608.13725233078,1021.4007573127747,Char Aomkhaoa,29066614B50813513276342
19,west,2015,2804990.0,2805240.0,2804740.0,765570.0,8460.0,-480.0,0.0,54.0,54.0,0.0,,15.96,0.0,,,,,,,,,1,1.0,train,36.0,1029.0079908370972,452.42846965789795,Gidari,29066614B80838231660790
19,west,2016,2804990.0,2805240.0,2804740.0,763010.0,11320.0,40.0,9.32,25.0,21.0,0.0,30.0,8.96,0.0,200.0,,15.96,,,,,0.0,1,1.0,train,36.0,1029.0079908370972,452.42846965789795,Gidari,29066614B80838231660790
19,west,2017,2804990.0,2805240.0,2804740.0,762810.0,11580.0,-220.0,10.88,25.0,18.0,0.6000004,8.0,1.2,0.0,40.0,-22.0,8.96,15.96,,200.0,,0.0,1,0.0,train,36.0,1029.0079908370972,452.42846965789795,Gidari,29066614B80838231660790
19,west,2018,2804990.0,2805240.0,2804740.0,762770.0,11740.0,-360.0,12.120000000000001,25.0,18.0,0.70000076,10.0,0.0,0.0,-560.0,2.0,1.2,8.96,15.96,40.0,200.0,0.0,1,0.0,train,36.0,1029.0079908370972,452.42846965789795,Gidari,29066614B80838231660790
19,west,2019,2804990.0,2805240.0,2804740.0,763330.0,11260.0,300.0,8.32,26.0,25.0,0.70000076,9.0,2.0,0.0,20.0,-1.0,0.0,1.2,8.96,-560.0,40.0,0.0,1,0.0,train,36.0,1029.0079908370972,452.42846965789795,Gidari,29066614B80838231660790
19,west,2020,2804990.0,2805240.0,2804740.0,763310.0,11360.0,200.0,9.64,25.0,24.0,0.70000076,13.0,4.64,0.0,100.0,4.0,2.0,0.0,1.2,20.0,-560.0,0.0,1,0.0,train,36.0,1029.0079908370972,452.42846965789795,Gidari,29066614B80838231660790
19,west,2021,2804990.0,2805240.0,2804740.0,763210.0,11500.0,20.0,10.24,26.0,25.0,0.70000076,16.0,0.0,0.0,,3.0,4.64,2.0,0.0,100.0,20.0,0.0,1,0.0,train,36.0,1029.0079908370972,452.42846965789795,Gidari,29066614B80838231660790
19,west,2022,2804990.0,2805240.0,2804740.0,764670.0,10000.0,340.0,0.12,34.0,23.0,0.0,8.0,0.0,0.0,,-8.0,0.0,4.64,2.0,,100.0,0.0,1,0.0,train,36.0,1029.0079908370972,452.42846965789795,Gidari,29066614B80838231660790
19,west,2023,2804990.0,2805240.0,2804740.0,763330.0,11360.0,240.0,9.88,26.0,25.0,1.2000008,12.0,3.2,0.0,160.0,4.0,0.0,0.0,4.64,,,0.0,1,0.0,train,36.0,1029.0079908370972,452.42846965789795,Gidari,29066614B80838231660790
19,west,2024,2804990.0,2805240.0,2804740.0,763170.0,9180.0,-80.0,11.68,26.0,25.0,0.6000004,10.0,2.8000000000000003,0.36,,-2.0,3.2,0.0,0.0,160.0,,0.0,1,0.0,train,36.0,1029.0079908370972,452.42846965789795,Gidari,29066614B80838231660790
19,west,2025,2804990.0,2805240.0,2804740.0,764630.0,10040.0,380.0,2.68,26.0,23.0,0.0,15.0,0.0,0.0,-120.0,5.0,2.8000000000000003,3.2,0.0,,160.0,0.36,1,0.0,train,36.0,1029.0079908370972,452.42846965789795,Gidari,29066614B80838231660790
19,west,2026,2804990.0,2805240.0,2804740.0,764750.0,9820.0,220.0,3.2,41.0,23.0,0.0,22.0,,,,7.0,0.0,2.8000000000000003,3.2,-120.0,,0.0,1,,forecast,36.0,1029.0079908370972,452.42846965789795,Gidari,29066614B80838231660790
20,east,2015,2804490.0,2804740.0,2804240.0,773950.0,8440.0,-260.0,16.12,36.0,16.0,4.0,,3.4,0.0,60.0,,,,,,,,0,0.0,train,343.0,17342.45279121399,862.6105651855469,Char Aomkhaoa,29066614B50813513276342
20,east,2016,2804490.0,2804740.0,2804240.0,774010.0,11360.0,-200.0,16.8,40.0,14.0,3.7000008,64.0,1.0,0.0,40.0,,3.4,,,60.0,,0.0,0,0.0,train,343.0,17342.45279121399,862.6105651855469,Char Aomkhaoa,29066614B50813513276342
20,east,2017,2804490.0,2804740.0,2804240.0,774050.0,11360.0,200.0,19.16,41.0,13.0,3.6000004,69.0,3.48,0.0,60.0,5.0,1.0,3.4,,40.0,60.0,0.0,0,0.0,train,343.0,17342.45279121399,862.6105651855469,Char Aomkhaoa,29066614B50813513276342
20,east,2018,2804490.0,2804740.0,2804240.0,774110.0,11400.0,180.0,23.88,41.0,7.0,3.2999992,55.0,2.64,0.32,20.0,-14.0,3.48,1.0,3.4,60.0,40.0,0.0,0,0.0,train,343.0,17342.45279121399,862.6105651855469,Char Aomkhaoa,29066614B50813513276342
20,east,2019,2804490.0,2804740.0,2804240.0,774130.0,11020.0,280.0,24.0,41.0,0.0,3.1000004,54.0,6.2,0.04,140.0,-1.0,2.64,3.48,1.0,20.0,60.0,0.32,0,1.0,train,343.0,17342.45279121399,862.6105651855469,Char Aomkhaoa,29066614B50813513276342
20,east,2020,2804490.0,2804740.0,2804240.0,774270.0,11060.0,140.0,27.76,38.0,0.0,2.6000004,57.0,5.44,0.28,100.0,3.0,6.2,2.64,3.48,140.0,20.0,0.04,0,1.0,train,343.0,17342.45279121399,862.6105651855469,Char Aomkhaoa,29066614B50813513276342
20,east,2021,2804490.0,2804740.0,2804240.0,774370.0,11320.0,180.0,28.04,21.0,0.0,2.1999989,17.0,0.2,0.0,20.0,-40.0,5.44,6.2,2.64,100.0,140.0,0.28,0,0.0,train,343.0,17342.45279121399,862.6105651855469,Char Aomkhaoa,29066614B50813513276342
20,east,2022,2804490.0,2804740.0,2804240.0,774390.0,9820.0,60.0,30.240000000000002,20.0,0.0,2.0,14.0,0.0,0.0,-20.0,-3.0,0.2,5.44,6.2,20.0,100.0,0.0,0,0.0,train,343.0,17342.45279121399,862.6105651855469,Char Aomkhaoa,29066614B50813513276342
20,east,2023,2804490.0,2804740.0,2804240.0,774370.0,11300.0,100.0,31.68,20.0,0.0,2.0,13.0,0.0,0.0,,-1.0,0.0,0.2,5.44,-20.0,20.0,0.0,0,0.0,train,343.0,17342.45279121399,862.6105651855469,Char Aomkhaoa,29066614B50813513276342
20,east,2024,2804490.0,2804740.0,2804240.0,772250.0,9100.0,60.0,0.04,57.0,38.0,3.8000002,67.0,18.44,0.0,,54.0,0.0,0.0,0.2,,-20.0,0.0,0,1.0,train,343.0,17342.45279121399,862.6105651855469,Char Aomkhaoa,29066614B50813513276342
20,east,2025,2804490.0,2804740.0,2804240.0,774350.0,10440.0,160.0,31.48,20.0,0.0,2.1999989,11.0,0.0,0.0,20.0,-56.0,18.44,0.0,0.0,,,0.0,0,0.0,train,343.0,17342.45279121399,862.6105651855469,Char Aomkhaoa,29066614B50813513276342
20,east,2026,2804490.0,2804740.0,2804240.0,774370.0,10440.0,80.0,31.6,21.0,0.0,2.1999989,13.0,,,,2.0,0.0,18.44,0.0,20.0,,0.0,0,,forecast,343.0,17342.45279121399,862.6105651855469,Char Aomkhaoa,29066614B50813513276342
20,west,2015,2804490.0,2804740.0,2804240.0,765530.0,8440.0,240.0,0.04,54.0,59.0,1.7000008,,22.36,0.0,,,,,,,,,1,1.0,train,20.0,682.701093673706,516.6493644714355,Gidari,29066614B80838231660790
20,west,2016,2804490.0,2804740.0,2804240.0,762670.0,11360.0,-200.0,10.72,22.0,24.0,0.6000004,21.0,0.28,0.0,0.0,,22.36,,,,,0.0,1,0.0,train,20.0,682.701093673706,516.6493644714355,Gidari,29066614B80838231660790
20,west,2017,2804490.0,2804740.0,2804240.0,762670.0,11360.0,-40.0,10.6,22.0,25.0,0.6000004,17.0,0.0,0.0,-60.0,-4.0,0.28,22.36,,0.0,,0.0,1,0.0,train,20.0,682.701093673706,516.6493644714355,Gidari,29066614B80838231660790
20,west,2018,2804490.0,2804740.0,2804240.0,762730.0,11400.0,-20.0,11.68,22.0,26.0,0.6000004,9.0,0.0,0.0,-400.0,-8.0,0.0,0.28,22.36,-60.0,0.0,0.0,1,0.0,train,20.0,682.701093673706,516.6493644714355,Gidari,29066614B80838231660790
20,west,2019,2804490.0,2804740.0,2804240.0,763130.0,11020.0,140.0,12.08,22.0,22.0,1.3000011,22.0,0.0,0.0,-100.0,13.0,0.0,0.0,0.28,-400.0,-60.0,0.0,1,0.0,train,20.0,682.701093673706,516.6493644714355,Gidari,29066614B80838231660790
20,west,2020,2804490.0,2804740.0,2804240.0,763230.0,11060.0,340.0,12.48,18.0,22.0,2.9000006,14.0,7.48,0.0,140.0,-8.0,0.0,0.0,0.0,-100.0,-400.0,0.0,1,1.0,train,20.0,682.701093673706,516.6493644714355,Gidari,29066614B80838231660790
20,west,2021,2804490.0,2804740.0,2804240.0,763090.0,11320.0,100.0,13.84,23.0,24.0,0.9000015,19.0,0.0,0.0,,5.0,7.48,0.0,0.0,140.0,-100.0,0.0,1,0.0,train,20.0,682.701093673706,516.6493644714355,Gidari,29066614B80838231660790
20,west,2022,2804490.0,2804740.0,2804240.0,764650.0,9820.0,320.0,0.0,41.0,20.0,2.1000004,12.0,4.04,0.0,,-7.0,0.0,7.48,0.0,,140.0,0.0,1,0.0,train,20.0,682.701093673706,516.6493644714355,Gidari,29066614B80838231660790
20,west,2023,2804490.0,2804740.0,2804240.0,763090.0,11300.0,-60.0,14.200000000000001,23.0,22.0,1.3000011,10.0,0.0,0.0,-80.0,-2.0,4.04,0.0,7.48,,,0.0,1,0.0,train,20.0,682.701093673706,516.6493644714355,Gidari,29066614B80838231660790
20,west,2024,2804490.0,2804740.0,2804240.0,763170.0,9100.0,280.0,13.84,17.0,22.0,1.3000011,10.0,1.04,0.0,-780.0,0.0,0.0,4.04,0.0,-80.0,,0.0,1,0.0,train,20.0,682.701093673706,516.6493644714355,Gidari,29066614B80838231660790
20,west,2025,2804490.0,2804740.0,2804240.0,763950.0,10440.0,-220.0,6.36,21.0,16.0,0.0,18.0,1.6,0.0,20.0,8.0,1.04,0.0,4.04,-780.0,-80.0,0.0,1,0.0,train,20.0,682.701093673706,516.6493644714355,Gidari,29066614B80838231660790
20,west,2026,2804490.0,2804740.0,2804240.0,763930.0,10440.0,-340.0,6.32,21.0,16.0,0.0,17.0,,,,-1.0,1.6,1.04,0.0,20.0,-780.0,0.0,1,,forecast,20.0,682.701093673706,516.6493644714355,Gidari,29066614B80838231660790
21,east,2015,2803990.0,2804240.0,2803740.0,773550.0,8300.0,100.0,4.8,51.0,19.0,2.7999992,,0.92,0.0,-60.0,,,,,,,,0,0.0,train,153.0,7362.143379211426,743.3703207969666,Erendabari,29066614B33260955984753
21,east,2016,2803990.0,2804240.0,2803740.0,773490.0,10960.0,300.0,4.44,51.0,18.0,2.7999992,49.0,13.72,0.0,420.0,,0.92,,,-60.0,,0.0,0,1.0,train,153.0,7362.143379211426,743.3703207969666,Erendabari,29066614B33260955984753
21,east,2017,2803990.0,2804240.0,2803740.0,773910.0,11340.0,-620.0,6.72,47.0,15.0,2.5,72.0,2.08,0.0,-20.0,23.0,13.72,0.92,,420.0,-60.0,0.0,0,0.0,train,153.0,7362.143379211426,743.3703207969666,Erendabari,29066614B33260955984753
21,east,2018,2803990.0,2804240.0,2803740.0,773890.0,11120.0,-540.0,8.44,46.0,14.0,2.3000011,55.0,0.48,0.0,60.0,-17.0,2.08,13.72,0.92,-20.0,420.0,0.0,0,0.0,train,153.0,7362.143379211426,743.3703207969666,Erendabari,29066614B33260955984753
21,east,2019,2803990.0,2804240.0,2803740.0,773950.0,11080.0,-620.0,9.120000000000001,41.0,10.0,2.3000011,47.0,3.72,0.0,60.0,-8.0,0.48,2.08,13.72,60.0,-20.0,0.0,0,0.0,train,153.0,7362.143379211426,743.3703207969666,Erendabari,29066614B33260955984753
21,east,2020,2803990.0,2804240.0,2803740.0,774010.0,11000.0,-540.0,9.08,35.0,7.0,2.0999985,43.0,9.6,0.0,200.0,-4.0,3.72,0.48,2.08,60.0,60.0,0.0,0,1.0,train,153.0,7362.143379211426,743.3703207969666,Erendabari,29066614B33260955984753
21,east,2021,2803990.0,2804240.0,2803740.0,774210.0,11340.0,660.0,10.72,19.0,4.0,2.2000008,62.0,1.44,0.0,-40.0,19.0,9.6,3.72,0.48,200.0,60.0,0.0,0,0.0,train,153.0,7362.143379211426,743.3703207969666,Erendabari,29066614B33260955984753
21,east,2022,2803990.0,2804240.0,2803740.0,774170.0,9860.0,400.0,10.88,17.0,4.0,2.2000008,34.0,0.0,0.0,-20.0,-28.0,1.44,9.6,3.72,-40.0,200.0,0.0,0,0.0,train,153.0,7362.143379211426,743.3703207969666,Erendabari,29066614B33260955984753
21,east,2023,2803990.0,2804240.0,2803740.0,774150.0,11240.0,-500.0,11.4,17.0,5.0,2.2000008,32.0,0.0,0.0,,-2.0,0.0,1.44,9.6,-20.0,-40.0,0.0,0,0.0,train,153.0,7362.143379211426,743.3703207969666,Erendabari,29066614B33260955984753
21,east,2024,2803990.0,2804240.0,2803740.0,772210.0,9320.0,240.0,0.0,52.0,35.0,0.29999924,68.0,20.52,0.0,,36.0,0.0,0.0,1.44,,-20.0,0.0,0,1.0,train,153.0,7362.143379211426,743.3703207969666,Erendabari,29066614B33260955984753
21,east,2025,2803990.0,2804240.0,2803740.0,774190.0,10700.0,-320.0,12.52,17.0,4.0,2.2000008,10.0,0.24,0.0,-20.0,-58.0,20.52,0.0,0.0,,,0.0,0,0.0,train,153.0,7362.143379211426,743.3703207969666,Erendabari,29066614B33260955984753
21,east,2026,2803990.0,2804240.0,2803740.0,774170.0,10720.0,-260.0,12.68,17.0,4.0,2.2000008,22.0,,,,12.0,0.24,20.52,0.0,-20.0,,0.0,0,,forecast,153.0,7362.143379211426,743.3703207969666,Erendabari,29066614B33260955984753
21,west,2015,2803990.0,2804240.0,2803740.0,765250.0,8300.0,20.0,0.76,61.0,50.0,3.1000004,,26.48,0.0,,,,,,,,,1,1.0,train,19.0,888.9975967407227,735.8709707260132,Kanchi Para,29066614B46317551489475
21,west,2016,2803990.0,2804240.0,2803740.0,762530.0,10960.0,-380.0,15.76,26.0,0.0,1.2999992,10.0,0.0,0.0,-40.0,,26.48,,,,,0.0,1,0.0,train,19.0,888.9975967407227,735.8709707260132,Kanchi Para,29066614B46317551489475
21,west,2017,2803990.0,2804240.0,2803740.0,762570.0,11340.0,-300.0,15.08,24.0,0.0,1.2999992,8.0,0.2,0.0,-140.0,-2.0,0.0,26.48,,-40.0,,0.0,1,0.0,train,19.0,888.9975967407227,735.8709707260132,Kanchi Para,29066614B46317551489475
21,west,2018,2803990.0,2804240.0,2803740.0,762710.0,11120.0,-40.0,14.84,23.0,21.0,1.2999992,13.0,0.0,0.0,-80.0,5.0,0.2,0.0,26.48,-140.0,-40.0,0.0,1,0.0,train,19.0,888.9975967407227,735.8709707260132,Kanchi Para,29066614B46317551489475
21,west,2019,2803990.0,2804240.0,2803740.0,762790.0,11080.0,-300.0,13.84,20.0,23.0,3.0,8.0,0.0,0.0,-20.0,-5.0,0.0,0.2,0.0,-80.0,-140.0,0.0,1,0.0,train,19.0,888.9975967407227,735.8709707260132,Kanchi Para,29066614B46317551489475
21,west,2020,2803990.0,2804240.0,2803740.0,762810.0,11000.0,-360.0,13.92,20.0,23.0,2.8999996,9.0,3.08,0.0,-60.0,1.0,0.0,0.0,0.2,-20.0,-80.0,0.0,1,0.0,train,19.0,888.9975967407227,735.8709707260132,Kanchi Para,29066614B46317551489475
21,west,2021,2803990.0,2804240.0,2803740.0,762870.0,11340.0,-160.0,14.92,20.0,26.0,4.1000013,16.0,0.0,0.0,,7.0,3.08,0.0,0.0,-60.0,-20.0,0.0,1,0.0,train,19.0,888.9975967407227,735.8709707260132,Kanchi Para,29066614B46317551489475
21,west,2022,2803990.0,2804240.0,2803740.0,764310.0,9860.0,-160.0,3.68,24.0,18.0,1.9000006,14.0,5.2,0.0,,-2.0,0.0,3.08,0.0,,-60.0,0.0,1,1.0,train,19.0,888.9975967407227,735.8709707260132,Kanchi Para,29066614B46317551489475
21,west,2023,2803990.0,2804240.0,2803740.0,762910.0,11240.0,-120.0,13.92,18.0,26.0,5.8999996,11.0,1.2,0.0,20.0,-3.0,5.2,0.0,3.08,,,0.0,1,0.0,train,19.0,888.9975967407227,735.8709707260132,Kanchi Para,29066614B46317551489475
21,west,2024,2803990.0,2804240.0,2803740.0,762890.0,9320.0,-200.0,14.32,18.0,26.0,5.8999996,8.0,0.0,0.0,-600.0,-3.0,1.2,5.2,0.0,20.0,,0.0,1,0.0,train,19.0,888.9975967407227,735.8709707260132,Kanchi Para,29066614B46317551489475
21,west,2025,2803990.0,2804240.0,2803740.0,763490.0,10700.0,-220.0,8.08,15.0,16.0,0.0,15.0,1.8800000000000001,0.0,40.0,7.0,0.0,1.2,5.2,-600.0,20.0,0.0,1,0.0,train,19.0,888.9975967407227,735.8709707260132,Kanchi Para,29066614B46317551489475
21,west,2026,2803990.0,2804240.0,2803740.0,763450.0,10720.0,-280.0,7.36,15.0,16.0,0.0,15.0,,,,0.0,1.8800000000000001,0.0,1.2,40.0,-600.0,0.0,1,,forecast,19.0,888.9975967407227,735.8709707260132,Kanchi Para,29066614B46317551489475
22,east,2015,2803490.0,2803740.0,2803240.0,773250.0,8240.0,-860.0,1.24,57.0,15.0,4.0,,9.76,0.0,20.0,,,,,,,,0,1.0,train,89.0,4077.718280315399,619.2650694847107,Erendabari,29066614B33260955984753
22,east,2016,2803490.0,2803740.0,2803240.0,773270.0,10500.0,-780.0,1.6,40.0,10.0,3.3999996,8.0,0.0,0.0,-120.0,,9.76,,,20.0,,0.0,0,0.0,train,89.0,4077.718280315399,619.2650694847107,Erendabari,29066614B33260955984753
22,east,2017,2803490.0,2803740.0,2803240.0,773150.0,10380.0,-60.0,2.12,49.0,12.0,4.0,61.0,0.96,0.0,-20.0,53.0,0.0,9.76,,-120.0,20.0,0.0,0,0.0,train,89.0,4077.718280315399,619.2650694847107,Erendabari,29066614B33260955984753
22,east,2018,2803490.0,2803740.0,2803240.0,773130.0,10400.0,140.0,1.96,51.0,13.0,4.0,68.0,0.0,0.0,20.0,7.0,0.96,0.0,9.76,-20.0,-120.0,0.0,0,0.0,train,89.0,4077.718280315399,619.2650694847107,Erendabari,29066614B33260955984753
22,east,2019,2803490.0,2803740.0,2803240.0,773150.0,10400.0,80.0,2.04,51.0,13.0,4.0,51.0,9.88,0.0,60.0,-17.0,0.0,0.96,0.0,20.0,-20.0,0.0,0,1.0,train,89.0,4077.718280315399,619.2650694847107,Erendabari,29066614B33260955984753
22,east,2020,2803490.0,2803740.0,2803240.0,773210.0,10460.0,100.0,3.48,40.0,11.0,4.0,15.0,3.4,0.0,,-36.0,9.88,0.0,0.96,60.0,20.0,0.0,0,0.0,train,89.0,4077.718280315399,619.2650694847107,Erendabari,29066614B33260955984753
22,east,2021,2803490.0,2803740.0,2803240.0,774710.0,11880.0,-2000.0,8.72,6.0,0.0,0.79999924,8.0,0.0,0.0,-360.0,-7.0,3.4,9.88,0.0,,60.0,0.0,0,0.0,train,89.0,4077.718280315399,619.2650694847107,Erendabari,29066614B33260955984753
22,east,2022,2803490.0,2803740.0,2803240.0,774350.0,10200.0,-1900.0,5.5200000000000005,8.0,5.0,2.7000008,8.0,1.4000000000000001,0.0,-920.0,0.0,0.0,3.4,9.88,-360.0,,0.0,0,0.0,train,89.0,4077.718280315399,619.2650694847107,Erendabari,29066614B33260955984753
22,east,2023,2803490.0,2803740.0,2803240.0,773430.0,10600.0,-120.0,2.56,25.0,9.0,2.3999996,59.0,3.0,0.0,,51.0,1.4000000000000001,0.0,3.4,-920.0,-360.0,0.0,0,0.0,train,89.0,4077.718280315399,619.2650694847107,Erendabari,29066614B33260955984753
22,east,2024,2803490.0,2803740.0,2803240.0,772410.0,9600.0,-20.0,0.24,52.0,54.0,0.0,67.0,22.36,0.04,,8.0,3.0,1.4000000000000001,0.0,,-920.0,0.0,0,1.0,train,89.0,4077.718280315399,619.2650694847107,Erendabari,29066614B33260955984753
22,east,2025,2803490.0,2803740.0,2803240.0,773710.0,10460.0,-580.0,4.76,11.0,8.0,2.2000008,31.0,4.72,0.0,0.0,-36.0,22.36,3.0,1.4000000000000001,,,0.04,0,0.0,train,89.0,4077.718280315399,619.2650694847107,Erendabari,29066614B33260955984753
22,east,2026,2803490.0,2803740.0,2803240.0,773710.0,10480.0,-520.0,5.44,10.0,8.0,2.3000011,21.0,,,,-10.0,4.72,22.36,3.0,0.0,,0.0,0,,forecast,89.0,4077.718280315399,619.2650694847107,Erendabari,29066614B33260955984753
22,west,2015,2803490.0,2803740.0,2803240.0,764950.0,8240.0,680.0,4.24,54.0,37.0,0.5,,24.8,0.0,,,,,,,,,1,1.0,train,53.0,2682.260100364685,936.9771499633789,Kanchi Para,29066614B46317551489475
22,west,2016,2803490.0,2803740.0,2803240.0,762770.0,10500.0,-140.0,14.72,25.0,0.0,1.1000004,9.0,0.2,0.0,0.0,,24.8,,,,,0.0,1,0.0,train,53.0,2682.260100364685,936.9771499633789,Kanchi Para,29066614B46317551489475
22,west,2017,2803490.0,2803740.0,2803240.0,762770.0,10380.0,-160.0,16.16,23.0,0.0,1.1000004,8.0,2.96,0.0,40.0,-1.0,0.2,24.8,,0.0,,0.0,1,0.0,train,53.0,2682.260100364685,936.9771499633789,Kanchi Para,29066614B46317551489475
22,west,2018,2803490.0,2803740.0,2803240.0,762730.0,10400.0,-360.0,17.04,25.0,0.0,1.1000004,9.0,0.0,0.0,-20.0,1.0,2.96,0.2,24.8,40.0,0.0,0.0,1,0.0,train,53.0,2682.260100364685,936.9771499633789,Kanchi Para,29066614B46317551489475
22,west,2019,2803490.0,2803740.0,2803240.0,762750.0,10400.0,-380.0,16.68,23.0,0.0,1.1000004,8.0,0.0,0.0,0.0,-1.0,0.0,2.96,0.2,-20.0,40.0,0.0,1,0.0,train,53.0,2682.260100364685,936.9771499633789,Kanchi Para,29066614B46317551489475
22,west,2020,2803490.0,2803740.0,2803240.0,762750.0,10460.0,-400.0,17.48,23.0,0.0,1.1000004,8.0,0.0,0.0,-60.0,0.0,0.0,0.0,2.96,0.0,-20.0,0.0,1,0.0,train,53.0,2682.260100364685,936.9771499633789,Kanchi Para,29066614B46317551489475
22,west,2021,2803490.0,2803740.0,2803240.0,762810.0,11880.0,-380.0,17.0,22.0,0.0,1.1000004,8.0,1.04,0.0,,0.0,0.0,0.0,0.0,-60.0,0.0,0.0,1,0.0,train,53.0,2682.260100364685,936.9771499633789,Kanchi Para,29066614B46317551489475
22,west,2022,2803490.0,2803740.0,2803240.0,764130.0,10200.0,-260.0,9.96,32.0,15.0,0.0,11.0,1.12,0.0,,3.0,1.04,0.0,0.0,,-60.0,0.0,1,0.0,train,53.0,2682.260100364685,936.9771499633789,Kanchi Para,29066614B46317551489475
22,west,2023,2803490.0,2803740.0,2803240.0,762850.0,10600.0,-380.0,17.84,22.0,0.0,1.1000004,11.0,1.12,0.0,40.0,0.0,1.12,1.04,0.0,,,0.0,1,0.0,train,53.0,2682.260100364685,936.9771499633789,Kanchi Para,29066614B46317551489475
22,west,2024,2803490.0,2803740.0,2803240.0,762810.0,9600.0,-440.0,19.36,22.0,0.0,1.1000004,7.0,0.0,0.0,-440.0,-4.0,1.12,1.12,1.04,40.0,,0.0,1,0.0,train,53.0,2682.260100364685,936.9771499633789,Kanchi Para,29066614B46317551489475
22,west,2025,2803490.0,2803740.0,2803240.0,763250.0,10460.0,-180.0,15.08,16.0,23.0,0.0,10.0,0.36,0.0,0.0,3.0,0.0,1.12,1.12,-440.0,40.0,0.0,1,0.0,train,53.0,2682.260100364685,936.9771499633789,Kanchi Para,29066614B46317551489475
22,west,2026,2803490.0,2803740.0,2803240.0,763250.0,10480.0,-140.0,15.84,16.0,23.0,0.0,16.0,,,,6.0,0.36,0.0,1.12,0.0,-440.0,0.0,1,,forecast,53.0,2682.260100364685,936.9771499633789,Kanchi Para,29066614B46317551489475
23,east,2015,2802990.0,2803240.0,2802740.0,772090.0,8120.0,700.0,0.08,63.0,41.0,4.000001,,11.4,0.0,180.0,,,,,,,,0,1.0,train,82.0,3185.7538895606995,346.28993558883667,Erendabari,29066614B33260955984753
23,east,2016,2802990.0,2803240.0,2802740.0,772270.0,9120.0,660.0,0.0,61.0,27.0,4.000001,16.0,3.44,0.0,60.0,,11.4,,,180.0,,0.0,0,0.0,train,82.0,3185.7538895606995,346.28993558883667,Erendabari,29066614B33260955984753
23,east,2017,2802990.0,2803240.0,2802740.0,772330.0,9200.0,500.0,0.2,61.0,20.0,3.9000006,72.0,8.24,0.0,180.0,56.0,3.44,11.4,,60.0,180.0,0.0,0,1.0,train,82.0,3185.7538895606995,346.28993558883667,Erendabari,29066614B33260955984753
23,east,2018,2802990.0,2803240.0,2802740.0,772510.0,9400.0,140.0,0.56,48.0,18.0,1.0,68.0,0.0,0.0,-80.0,-4.0,8.24,3.44,11.4,180.0,60.0,0.0,0,0.0,train,82.0,3185.7538895606995,346.28993558883667,Erendabari,29066614B33260955984753
23,east,2019,2802990.0,2803240.0,2802740.0,772430.0,9340.0,300.0,0.64,58.0,19.0,3.000001,44.0,4.76,0.0,80.0,-24.0,0.0,8.24,3.44,-80.0,180.0,0.0,0,0.0,train,82.0,3185.7538895606995,346.28993558883667,Erendabari,29066614B33260955984753
23,east,2020,2802990.0,2803240.0,2802740.0,772510.0,9420.0,300.0,0.84,46.0,18.0,1.0,46.0,18.44,0.0,700.0,2.0,4.76,0.0,8.24,80.0,-80.0,0.0,0,1.0,train,82.0,3185.7538895606995,346.28993558883667,Erendabari,29066614B33260955984753
23,east,2021,2802990.0,2803240.0,2802740.0,773210.0,10080.0,960.0,2.56,17.0,12.0,2.8000002,8.0,0.0,0.0,-580.0,-38.0,18.44,4.76,0.0,700.0,80.0,0.0,0,0.0,train,82.0,3185.7538895606995,346.28993558883667,Erendabari,29066614B33260955984753
23,east,2022,2802990.0,2803240.0,2802740.0,772630.0,8420.0,1240.0,0.52,36.0,17.0,0.39999962,10.0,0.0,0.0,-40.0,2.0,0.0,18.44,4.76,-580.0,700.0,0.0,0,0.0,train,82.0,3185.7538895606995,346.28993558883667,Erendabari,29066614B33260955984753
23,east,2023,2802990.0,2803240.0,2802740.0,772590.0,9420.0,520.0,0.48,43.0,17.0,0.8999996,16.0,0.0,0.0,0.0,6.0,0.0,0.0,18.44,-40.0,-580.0,0.0,0,0.0,train,82.0,3185.7538895606995,346.28993558883667,Erendabari,29066614B33260955984753
23,east,2024,2802990.0,2803240.0,2802740.0,772590.0,9420.0,-480.0,0.84,46.0,18.0,0.8999996,21.0,10.44,0.0,60.0,5.0,0.0,0.0,0.0,0.0,-40.0,0.0,0,1.0,train,82.0,3185.7538895606995,346.28993558883667,Erendabari,29066614B33260955984753
23,east,2025,2802990.0,2803240.0,2802740.0,772650.0,9480.0,620.0,1.44,32.0,16.0,0.39999962,30.0,5.32,0.0,80.0,9.0,10.44,0.0,0.0,60.0,0.0,0.0,0,1.0,train,82.0,3185.7538895606995,346.28993558883667,Erendabari,29066614B33260955984753
23,east,2026,2802990.0,2803240.0,2802740.0,772730.0,9560.0,420.0,1.32,27.0,16.0,1.1000004,24.0,,,,-6.0,5.32,10.44,0.0,80.0,60.0,0.0,0,,forecast,82.0,3185.7538895606995,346.28993558883667,Erendabari,29066614B33260955984753
23,west,2015,2802990.0,2803240.0,2802740.0,763970.0,8120.0,-560.0,8.6,27.0,15.0,0.0,,10.120000000000001,0.0,820.0,,,,,,,,1,1.0,train,199.0,13190.685130119324,1196.8980312347412,Kanchi Para,29066614B46317551489475
23,west,2016,2802990.0,2803240.0,2802740.0,763150.0,9120.0,60.0,17.96,30.0,0.0,7.500001,29.0,1.48,0.0,20.0,,10.120000000000001,,,820.0,,0.0,1,0.0,train,199.0,13190.685130119324,1196.8980312347412,Kanchi Para,29066614B46317551489475
23,west,2017,2802990.0,2803240.0,2802740.0,763130.0,9200.0,100.0,19.32,36.0,0.0,4.0,13.0,0.0,0.0,20.0,-16.0,1.48,10.120000000000001,,20.0,820.0,0.0,1,0.0,train,199.0,13190.685130119324,1196.8980312347412,Kanchi Para,29066614B46317551489475
23,west,2018,2802990.0,2803240.0,2802740.0,763110.0,9400.0,120.0,20.92,39.0,0.0,4.0,14.0,0.0,0.0,20.0,1.0,0.0,1.48,10.120000000000001,20.0,20.0,0.0,1,0.0,train,199.0,13190.685130119324,1196.8980312347412,Kanchi Para,29066614B46317551489475
23,west,2019,2802990.0,2803240.0,2802740.0,763090.0,9340.0,40.0,21.080000000000002,37.0,0.0,4.0,13.0,0.0,0.0,0.0,-1.0,0.0,0.0,1.48,20.0,20.0,0.0,1,0.0,train,199.0,13190.685130119324,1196.8980312347412,Kanchi Para,29066614B46317551489475
23,west,2020,2802990.0,2803240.0,2802740.0,763090.0,9420.0,-20.0,23.56,36.0,0.0,4.0,13.0,0.0,0.0,-40.0,0.0,0.0,0.0,0.0,0.0,20.0,0.0,1,0.0,train,199.0,13190.685130119324,1196.8980312347412,Kanchi Para,29066614B46317551489475
23,west,2021,2802990.0,2803240.0,2802740.0,763130.0,10080.0,40.0,24.52,34.0,0.0,7.500001,17.0,0.0,0.0,,4.0,0.0,0.0,0.0,-40.0,0.0,0.0,1,0.0,train,199.0,13190.685130119324,1196.8980312347412,Kanchi Para,29066614B46317551489475
23,west,2022,2802990.0,2803240.0,2802740.0,764210.0,8420.0,700.0,10.64,45.0,18.0,1.500001,18.0,2.92,0.0,,1.0,0.0,0.0,0.0,,-40.0,0.0,1,0.0,train,199.0,13190.685130119324,1196.8980312347412,Kanchi Para,29066614B46317551489475
23,west,2023,2802990.0,2803240.0,2802740.0,763170.0,9420.0,-20.0,25.080000000000002,34.0,0.0,4.0,13.0,0.0,0.0,0.0,-5.0,2.92,0.0,0.0,,,0.0,1,0.0,train,199.0,13190.685130119324,1196.8980312347412,Kanchi Para,29066614B46317551489475
23,west,2024,2802990.0,2803240.0,2802740.0,763170.0,9420.0,140.0,24.76,31.0,0.0,4.0,40.0,0.0,0.0,-20.0,27.0,0.0,2.92,0.0,0.0,,0.0,1,0.0,train,199.0,13190.685130119324,1196.8980312347412,Kanchi Para,29066614B46317551489475
23,west,2025,2802990.0,2803240.0,2802740.0,763190.0,9480.0,-260.0,24.080000000000002,28.0,0.0,7.500001,17.0,0.0,0.0,0.0,-23.0,0.0,0.0,2.92,-20.0,0.0,0.0,1,0.0,train,199.0,13190.685130119324,1196.8980312347412,Kanchi Para,29066614B46317551489475
23,west,2026,2802990.0,2803240.0,2802740.0,763190.0,9560.0,-260.0,23.44,29.0,0.0,7.500001,25.0,,,,8.0,0.0,0.0,0.0,0.0,-20.0,0.0,1,,forecast,199.0,13190.685130119324,1196.8980312347412,Kanchi Para,29066614B46317551489475
24,east,2015,2802490.0,2802740.0,2802240.0,771630.0,8080.0,400.0,0.8,60.0,55.0,2.1999989,,9.36,0.0,300.0,,,,,,,,0,1.0,train,130.0,4858.566301345825,319.1799478530884,Erendabari,29066614B33260955984753
24,east,2016,2802490.0,2802740.0,2802240.0,771930.0,8460.0,120.0,0.48,61.0,20.0,2.6000004,28.0,2.52,0.0,80.0,,9.36,,,300.0,,0.0,0,0.0,train,130.0,4858.566301345825,319.1799478530884,Erendabari,29066614B33260955984753
24,east,2017,2802490.0,2802740.0,2802240.0,772010.0,8620.0,100.0,0.84,61.0,17.0,2.3999996,73.0,3.8000000000000003,0.0,20.0,45.0,2.52,9.36,,80.0,300.0,0.0,0,0.0,train,130.0,4858.566301345825,319.1799478530884,Erendabari,29066614B33260955984753
24,east,2018,2802490.0,2802740.0,2802240.0,772030.0,8660.0,420.0,1.0,59.0,15.0,2.3999996,69.0,0.0,0.0,-20.0,-4.0,3.8000000000000003,2.52,9.36,20.0,80.0,0.0,0,0.0,train,130.0,4858.566301345825,319.1799478530884,Erendabari,29066614B33260955984753
24,east,2019,2802490.0,2802740.0,2802240.0,772010.0,8620.0,340.0,1.28,60.0,17.0,2.3999996,65.0,3.7600000000000002,0.0,100.0,-4.0,0.0,3.8000000000000003,2.52,-20.0,20.0,0.0,0,0.0,train,130.0,4858.566301345825,319.1799478530884,Erendabari,29066614B33260955984753
24,east,2020,2802490.0,2802740.0,2802240.0,772110.0,8660.0,320.0,1.6,59.0,14.0,2.3999996,71.0,1.6400000000000001,0.0,560.0,6.0,3.7600000000000002,0.0,3.8000000000000003,100.0,-20.0,0.0,0,0.0,train,130.0,4858.566301345825,319.1799478530884,Erendabari,29066614B33260955984753
24,east,2021,2802490.0,2802740.0,2802240.0,772670.0,9080.0,-100.0,3.72,16.0,15.0,0.0,8.0,0.0,0.0,-520.0,-63.0,1.6400000000000001,3.7600000000000002,0.0,560.0,100.0,0.0,0,0.0,train,130.0,4858.566301345825,319.1799478530884,Erendabari,29066614B33260955984753
24,east,2022,2802490.0,2802740.0,2802240.0,772150.0,8520.0,400.0,2.0,56.0,13.0,2.3999996,53.0,4.48,0.0,120.0,45.0,0.0,1.6400000000000001,3.7600000000000002,-520.0,560.0,0.0,0,0.0,train,130.0,4858.566301345825,319.1799478530884,Erendabari,29066614B33260955984753
24,east,2023,2802490.0,2802740.0,2802240.0,772270.0,8760.0,240.0,2.84,51.0,13.0,2.0999985,46.0,0.68,0.0,20.0,-7.0,4.48,0.0,1.6400000000000001,120.0,-520.0,0.0,0,0.0,train,130.0,4858.566301345825,319.1799478530884,Erendabari,29066614B33260955984753
24,east,2024,2802490.0,2802740.0,2802240.0,772290.0,8880.0,280.0,2.84,51.0,13.0,2.3999996,67.0,0.24,0.0,-80.0,21.0,0.68,4.48,0.0,20.0,120.0,0.0,0,0.0,train,130.0,4858.566301345825,319.1799478530884,Erendabari,29066614B33260955984753
24,east,2025,2802490.0,2802740.0,2802240.0,772210.0,8820.0,480.0,3.08,54.0,13.0,2.0999985,70.0,2.0,0.0,-40.0,3.0,0.24,0.68,4.48,-80.0,20.0,0.0,0,0.0,train,130.0,4858.566301345825,319.1799478530884,Erendabari,29066614B33260955984753
24,east,2026,2802490.0,2802740.0,2802240.0,772170.0,8780.0,560.0,2.84,54.0,14.0,1.8999996,70.0,,,,0.0,2.0,0.24,0.68,-40.0,-80.0,0.0,0,,forecast,130.0,4858.566301345825,319.1799478530884,Erendabari,29066614B33260955984753
24,west,2015,2802490.0,2802740.0,2802240.0,763550.0,8080.0,-540.0,18.64,42.0,4.0,1.5,,5.44,0.0,80.0,,,,,,,,1,1.0,train,288.0,17630.30546951294,1256.595669746399,Kanchi Para,29066614B46317551489475
24,west,2016,2802490.0,2802740.0,2802240.0,763470.0,8460.0,140.0,19.32,47.0,0.0,1.5,28.0,2.88,0.0,80.0,,5.44,,,80.0,,0.0,1,0.0,train,288.0,17630.30546951294,1256.595669746399,Kanchi Para,29066614B46317551489475
24,west,2017,2802490.0,2802740.0,2802240.0,763390.0,8620.0,60.0,20.16,48.0,0.0,1.5,14.0,0.0,0.0,20.0,-14.0,2.88,5.44,,80.0,80.0,0.0,1,0.0,train,288.0,17630.30546951294,1256.595669746399,Kanchi Para,29066614B46317551489475
24,west,2018,2802490.0,2802740.0,2802240.0,763370.0,8660.0,20.0,20.8,48.0,0.0,1.5,16.0,0.0,0.0,-20.0,2.0,0.0,2.88,5.44,20.0,80.0,0.0,1,0.0,train,288.0,17630.30546951294,1256.595669746399,Kanchi Para,29066614B46317551489475
24,west,2019,2802490.0,2802740.0,2802240.0,763390.0,8620.0,100.0,20.52,48.0,0.0,1.5,20.0,0.0,0.0,-60.0,4.0,0.0,0.0,2.88,-20.0,20.0,0.0,1,0.0,train,288.0,17630.30546951294,1256.595669746399,Kanchi Para,29066614B46317551489475
24,west,2020,2802490.0,2802740.0,2802240.0,763450.0,8660.0,200.0,22.72,48.0,0.0,1.5,18.0,0.0,0.0,40.0,-2.0,0.0,0.0,0.0,-60.0,-20.0,0.0,1,0.0,train,288.0,17630.30546951294,1256.595669746399,Kanchi Para,29066614B46317551489475
24,west,2021,2802490.0,2802740.0,2802240.0,763410.0,9080.0,40.0,21.28,48.0,0.0,1.6999998,23.0,1.2,0.0,-180.0,5.0,0.0,0.0,0.0,40.0,-60.0,0.0,1,0.0,train,288.0,17630.30546951294,1256.595669746399,Kanchi Para,29066614B46317551489475
24,west,2022,2802490.0,2802740.0,2802240.0,763590.0,8520.0,-620.0,16.88,45.0,6.0,1.0,11.0,0.32,0.0,80.0,-12.0,1.2,0.0,0.0,-180.0,40.0,0.0,1,0.0,train,288.0,17630.30546951294,1256.595669746399,Kanchi Para,29066614B46317551489475
24,west,2023,2802490.0,2802740.0,2802240.0,763510.0,8760.0,100.0,20.52,47.0,2.0,1.5,14.0,3.4,0.0,120.0,3.0,0.32,1.2,0.0,80.0,-180.0,0.0,1,0.0,train,288.0,17630.30546951294,1256.595669746399,Kanchi Para,29066614B46317551489475
24,west,2024,2802490.0,2802740.0,2802240.0,763390.0,8880.0,-20.0,22.0,48.0,0.0,1.3999996,48.0,0.0,0.0,0.0,34.0,3.4,0.32,1.2,120.0,80.0,0.0,1,0.0,train,288.0,17630.30546951294,1256.595669746399,Kanchi Para,29066614B46317551489475
24,west,2025,2802490.0,2802740.0,2802240.0,763390.0,8820.0,-20.0,22.080000000000002,48.0,0.0,1.5,54.0,0.0,0.0,0.0,6.0,0.0,3.4,0.32,0.0,120.0,0.0,1,0.0,train,288.0,17630.30546951294,1256.595669746399,Kanchi Para,29066614B46317551489475
24,west,2026,2802490.0,2802740.0,2802240.0,763390.0,8780.0,-20.0,22.240000000000002,48.0,0.0,1.5,39.0,,,,-15.0,0.0,0.0,3.4,0.0,0.0,0.0,1,,forecast,288.0,17630.30546951294,1256.595669746399,Kanchi Para,29066614B46317551489475
25,east,2015,2801990.0,2802240.0,2801740.0,771570.0,7920.0,100.0,0.12,60.0,51.0,0.8999996,,5.2,0.0,140.0,,,,,,,,0,1.0,train,317.0,11269.337104320526,354.4541780948639,Erendabari,29066614B33260955984753
25,east,2016,2801990.0,2802240.0,2801740.0,771710.0,8040.0,180.0,0.28,60.0,37.0,1.2999992,43.0,3.92,0.0,80.0,,5.2,,,140.0,,0.0,0,0.0,train,317.0,11269.337104320526,354.4541780948639,Erendabari,29066614B33260955984753
25,east,2017,2801990.0,2802240.0,2801740.0,771790.0,8200.0,160.0,0.6,59.0,23.0,0.8999996,73.0,8.6,0.0,180.0,30.0,3.92,5.2,,80.0,140.0,0.0,0,1.0,train,317.0,11269.337104320526,354.4541780948639,Erendabari,29066614B33260955984753
25,east,2018,2801990.0,2802240.0,2801740.0,771970.0,8360.0,-60.0,1.28,57.0,12.0,2.499999,69.0,0.04,0.0,-40.0,-4.0,8.6,3.92,5.2,180.0,80.0,0.0,0,0.0,train,317.0,11269.337104320526,354.4541780948639,Erendabari,29066614B33260955984753
25,east,2019,2801990.0,2802240.0,2801740.0,771930.0,8340.0,160.0,1.16,58.0,12.0,1.9000006,67.0,4.96,0.0,100.0,-2.0,0.04,8.6,3.92,-40.0,180.0,0.0,0,0.0,train,317.0,11269.337104320526,354.4541780948639,Erendabari,29066614B33260955984753
25,east,2020,2801990.0,2802240.0,2801740.0,772030.0,8420.0,60.0,1.6400000000000001,56.0,11.0,2.499999,71.0,0.0,0.0,0.0,4.0,4.96,0.04,8.6,100.0,-40.0,0.0,0,0.0,train,317.0,11269.337104320526,354.4541780948639,Erendabari,29066614B33260955984753
25,east,2021,2801990.0,2802240.0,2801740.0,772030.0,8380.0,640.0,2.44,54.0,11.0,2.499999,67.0,1.12,0.0,40.0,-4.0,0.0,4.96,0.04,0.0,100.0,0.0,0,0.0,train,317.0,11269.337104320526,354.4541780948639,Erendabari,29066614B33260955984753
25,east,2022,2801990.0,2802240.0,2801740.0,772070.0,8480.0,40.0,2.6,51.0,10.0,2.499999,69.0,6.76,0.0,120.0,2.0,1.12,0.0,4.96,40.0,0.0,0.0,0,1.0,train,317.0,11269.337104320526,354.4541780948639,Erendabari,29066614B33260955984753
25,east,2023,2801990.0,2802240.0,2801740.0,772190.0,8440.0,80.0,4.88,42.0,10.0,2.499999,64.0,3.52,0.0,80.0,-5.0,6.76,1.12,0.0,120.0,40.0,0.0,0,0.0,train,317.0,11269.337104320526,354.4541780948639,Erendabari,29066614B33260955984753
25,east,2024,2801990.0,2802240.0,2801740.0,772270.0,8640.0,40.0,5.5600000000000005,32.0,10.0,3.499999,68.0,0.0,0.0,-20.0,4.0,3.52,6.76,1.12,80.0,120.0,0.0,0,0.0,train,317.0,11269.337104320526,354.4541780948639,Erendabari,29066614B33260955984753
25,east,2025,2801990.0,2802240.0,2801740.0,772250.0,8660.0,20.0,4.28,34.0,10.0,3.499999,70.0,0.0,0.0,-80.0,2.0,0.0,3.52,6.76,-20.0,80.0,0.0,0,0.0,train,317.0,11269.337104320526,354.4541780948639,Erendabari,29066614B33260955984753
25,east,2026,2801990.0,2802240.0,2801740.0,772170.0,8600.0,140.0,5.36,43.0,10.0,2.499999,70.0,,,,0.0,0.0,0.0,3.52,-80.0,-20.0,0.0,0,,forecast,317.0,11269.337104320526,354.4541780948639,Erendabari,29066614B33260955984753
25,west,2015,2801990.0,2802240.0,2801740.0,763670.0,7920.0,140.0,14.36,59.0,0.0,0.20000076,,1.36,0.6,20.0,,,,,,,,1,0.0,train,200.0,10665.862722873688,1034.8468127250671,Kanchi Para,29066614B46317551489475
25,west,2016,2801990.0,2802240.0,2801740.0,763650.0,8040.0,280.0,12.88,59.0,0.0,0.30000114,53.0,3.2800000000000002,0.08,60.0,,1.36,,,20.0,,0.6,1,0.0,train,200.0,10665.862722873688,1034.8468127250671,Kanchi Para,29066614B46317551489475
25,west,2017,2801990.0,2802240.0,2801740.0,763590.0,8200.0,220.0,13.96,57.0,0.0,0.30000114,24.0,0.08,0.0,-20.0,-29.0,3.2800000000000002,1.36,,60.0,20.0,0.08,1,0.0,train,200.0,10665.862722873688,1034.8468127250671,Kanchi Para,29066614B46317551489475
25,west,2018,2801990.0,2802240.0,2801740.0,763610.0,8360.0,240.0,14.88,57.0,0.0,0.30000114,14.0,1.92,0.0,20.0,-10.0,0.08,3.2800000000000002,1.36,-20.0,60.0,0.0,1,0.0,train,200.0,10665.862722873688,1034.8468127250671,Kanchi Para,29066614B46317551489475
25,west,2019,2801990.0,2802240.0,2801740.0,763590.0,8340.0,140.0,14.36,57.0,0.0,0.30000114,13.0,0.0,0.0,-20.0,-1.0,1.92,0.08,3.2800000000000002,20.0,-20.0,0.0,1,0.0,train,200.0,10665.862722873688,1034.8468127250671,Kanchi Para,29066614B46317551489475
25,west,2020,2801990.0,2802240.0,2801740.0,763610.0,8420.0,120.0,16.4,57.0,0.0,0.30000114,13.0,0.0,0.0,-40.0,0.0,0.0,1.92,0.08,-20.0,20.0,0.0,1,0.0,train,200.0,10665.862722873688,1034.8468127250671,Kanchi Para,29066614B46317551489475
25,west,2021,2801990.0,2802240.0,2801740.0,763650.0,8380.0,320.0,15.92,59.0,0.0,0.20000076,34.0,0.0,0.0,60.0,21.0,0.0,0.0,1.92,-40.0,-20.0,0.0,1,0.0,train,200.0,10665.862722873688,1034.8468127250671,Kanchi Para,29066614B46317551489475
25,west,2022,2801990.0,2802240.0,2801740.0,763590.0,8480.0,-20.0,16.64,58.0,0.0,0.30000114,11.0,0.48,0.0,-160.0,-23.0,0.0,0.0,0.0,60.0,-40.0,0.0,1,0.0,train,200.0,10665.862722873688,1034.8468127250671,Kanchi Para,29066614B46317551489475
25,west,2023,2801990.0,2802240.0,2801740.0,763750.0,8440.0,300.0,15.120000000000001,59.0,0.0,0.30000114,17.0,6.6000000000000005,0.2,120.0,6.0,0.48,0.0,0.0,-160.0,60.0,0.0,1,1.0,train,200.0,10665.862722873688,1034.8468127250671,Kanchi Para,29066614B46317551489475
25,west,2024,2801990.0,2802240.0,2801740.0,763630.0,8640.0,320.0,17.32,58.0,0.0,0.30000114,35.0,0.0,0.0,20.0,18.0,6.6000000000000005,0.48,0.0,120.0,-160.0,0.2,1,0.0,train,200.0,10665.862722873688,1034.8468127250671,Kanchi Para,29066614B46317551489475
25,west,2025,2801990.0,2802240.0,2801740.0,763610.0,8660.0,280.0,16.8,57.0,0.0,0.30000114,44.0,0.0,0.0,0.0,9.0,0.0,6.6000000000000005,0.48,20.0,120.0,0.0,1,0.0,train,200.0,10665.862722873688,1034.8468127250671,Kanchi Para,29066614B46317551489475
25,west,2026,2801990.0,2802240.0,2801740.0,763610.0,8600.0,280.0,16.56,57.0,0.0,0.30000114,22.0,,,,-22.0,0.0,0.0,6.6000000000000005,0.0,20.0,0.0,1,,forecast,200.0,10665.862722873688,1034.8468127250671,Kanchi Para,29066614B46317551489475
26,east,2015,2801490.0,2801740.0,2801240.0,771610.0,7960.0,-40.0,1.2,63.0,47.0,3.1000004,,4.04,0.0,60.0,,,,,,,,0,0.0,train,504.0,18378.23399400711,372.92724204063416,Erendabari,29066614B33260955984753
26,east,2016,2801490.0,2801740.0,2801240.0,771670.0,8120.0,100.0,1.16,61.0,42.0,3.3000011,44.0,3.08,0.0,60.0,,4.04,,,60.0,,0.0,0,0.0,train,504.0,18378.23399400711,372.92724204063416,Erendabari,29066614B33260955984753
26,east,2017,2801490.0,2801740.0,2801240.0,771730.0,8140.0,80.0,1.72,59.0,37.0,3.3000011,73.0,6.72,0.0,120.0,29.0,3.08,4.04,,60.0,60.0,0.0,0,1.0,train,504.0,18378.23399400711,372.92724204063416,Erendabari,29066614B33260955984753
26,east,2018,2801490.0,2801740.0,2801240.0,771850.0,8240.0,100.0,2.88,56.0,10.0,3.2000008,69.0,7.44,0.0,160.0,-4.0,6.72,3.08,4.04,120.0,60.0,0.0,0,1.0,train,504.0,18378.23399400711,372.92724204063416,Erendabari,29066614B33260955984753
26,east,2019,2801490.0,2801740.0,2801240.0,772010.0,8360.0,-80.0,3.4,54.0,8.0,4.9000006,70.0,0.76,0.0,0.0,1.0,7.44,6.72,3.08,160.0,120.0,0.0,0,0.0,train,504.0,18378.23399400711,372.92724204063416,Erendabari,29066614B33260955984753
26,east,2020,2801490.0,2801740.0,2801240.0,772010.0,8380.0,20.0,3.4,54.0,8.0,4.9000006,71.0,0.76,0.0,20.0,1.0,0.76,7.44,6.72,0.0,160.0,0.0,0,0.0,train,504.0,18378.23399400711,372.92724204063416,Erendabari,29066614B33260955984753
26,east,2021,2801490.0,2801740.0,2801240.0,772030.0,8460.0,40.0,4.5600000000000005,53.0,8.0,4.9000006,69.0,0.0,0.0,0.0,-2.0,0.76,0.76,7.44,20.0,0.0,0.0,0,0.0,train,504.0,18378.23399400711,372.92724204063416,Erendabari,29066614B33260955984753
26,east,2022,2801490.0,2801740.0,2801240.0,772030.0,8420.0,60.0,5.08,54.0,8.0,4.9000006,67.0,8.28,0.44,160.0,-2.0,0.0,0.76,0.76,0.0,20.0,0.0,0,1.0,train,504.0,18378.23399400711,372.92724204063416,Erendabari,29066614B33260955984753
26,east,2023,2801490.0,2801740.0,2801240.0,772190.0,8500.0,140.0,7.2,42.0,8.0,4.9000006,65.0,4.48,0.0,100.0,-2.0,8.28,0.0,0.76,160.0,0.0,0.44,0,0.0,train,504.0,18378.23399400711,372.92724204063416,Erendabari,29066614B33260955984753
26,east,2024,2801490.0,2801740.0,2801240.0,772290.0,8740.0,60.0,7.28,22.0,9.0,2.5999994,68.0,0.0,0.0,20.0,3.0,4.48,8.28,0.0,100.0,160.0,0.0,0,0.0,train,504.0,18378.23399400711,372.92724204063416,Erendabari,29066614B33260955984753
26,east,2025,2801490.0,2801740.0,2801240.0,772310.0,8760.0,0.0,7.76,22.0,9.0,2.5999994,70.0,0.0,0.0,0.0,2.0,0.0,4.48,8.28,20.0,100.0,0.0,0,0.0,train,504.0,18378.23399400711,372.92724204063416,Erendabari,29066614B33260955984753
26,east,2026,2801490.0,2801740.0,2801240.0,772310.0,8760.0,-40.0,8.120000000000001,22.0,9.0,2.8000002,69.0,,,,-1.0,0.0,0.0,4.48,0.0,20.0,0.0,0,,forecast,504.0,18378.23399400711,372.92724204063416,Erendabari,29066614B33260955984753
26,west,2015,2801490.0,2801740.0,2801240.0,763650.0,7960.0,-60.0,15.32,51.0,0.0,1.0,,4.72,0.68,100.0,,,,,,,,1,0.0,train,185.0,10236.29463481903,972.2155685424805,Kanchi Para,29066614B46317551489475
26,west,2016,2801490.0,2801740.0,2801240.0,763550.0,8120.0,-100.0,13.36,45.0,0.0,0.6000004,63.0,0.0,0.0,-20.0,,4.72,,,100.0,,0.68,1,0.0,train,185.0,10236.29463481903,972.2155685424805,Kanchi Para,29066614B46317551489475
26,west,2017,2801490.0,2801740.0,2801240.0,763570.0,8140.0,0.0,13.0,45.0,0.0,0.80000114,73.0,0.08,0.0,-40.0,10.0,0.0,4.72,,-20.0,100.0,0.0,1,0.0,train,185.0,10236.29463481903,972.2155685424805,Kanchi Para,29066614B46317551489475
26,west,2018,2801490.0,2801740.0,2801240.0,763610.0,8240.0,100.0,15.08,51.0,0.0,0.9000015,40.0,1.04,0.0,-40.0,-33.0,0.08,0.0,4.72,-40.0,-20.0,0.0,1,0.0,train,185.0,10236.29463481903,972.2155685424805,Kanchi Para,29066614B46317551489475
26,west,2019,2801490.0,2801740.0,2801240.0,763650.0,8360.0,160.0,16.080000000000002,51.0,0.0,0.9000015,43.0,0.0,0.0,0.0,3.0,1.04,0.08,0.0,-40.0,-40.0,0.0,1,0.0,train,185.0,10236.29463481903,972.2155685424805,Kanchi Para,29066614B46317551489475
26,west,2020,2801490.0,2801740.0,2801240.0,763650.0,8380.0,120.0,17.52,49.0,0.0,1.0,26.0,3.3200000000000003,0.0,80.0,-17.0,0.0,1.04,0.08,0.0,-40.0,0.0,1,0.0,train,185.0,10236.29463481903,972.2155685424805,Kanchi Para,29066614B46317551489475
26,west,2021,2801490.0,2801740.0,2801240.0,763570.0,8460.0,-60.0,18.12,45.0,0.0,0.80000114,20.0,0.0,0.0,-40.0,-6.0,3.3200000000000003,0.0,1.04,80.0,0.0,0.0,1,0.0,train,185.0,10236.29463481903,972.2155685424805,Kanchi Para,29066614B46317551489475
26,west,2022,2801490.0,2801740.0,2801240.0,763610.0,8420.0,80.0,18.240000000000002,46.0,0.0,0.9000015,40.0,0.0,0.0,-80.0,20.0,0.0,3.3200000000000003,0.0,-40.0,80.0,0.0,1,0.0,train,185.0,10236.29463481903,972.2155685424805,Kanchi Para,29066614B46317551489475
26,west,2023,2801490.0,2801740.0,2801240.0,763690.0,8500.0,120.0,19.6,53.0,0.0,0.80000114,18.0,5.24,0.0,140.0,-22.0,0.0,0.0,3.3200000000000003,-80.0,-40.0,0.0,1,1.0,train,185.0,10236.29463481903,972.2155685424805,Kanchi Para,29066614B46317551489475
26,west,2024,2801490.0,2801740.0,2801240.0,763550.0,8740.0,-40.0,20.2,45.0,0.0,0.6000004,47.0,0.0,0.0,0.0,29.0,5.24,0.0,0.0,140.0,-80.0,0.0,1,0.0,train,185.0,10236.29463481903,972.2155685424805,Kanchi Para,29066614B46317551489475
26,west,2025,2801490.0,2801740.0,2801240.0,763550.0,8760.0,-20.0,18.16,45.0,0.0,0.6000004,24.0,0.0,0.0,0.0,-23.0,0.0,5.24,0.0,0.0,140.0,0.0,1,0.0,train,185.0,10236.29463481903,972.2155685424805,Kanchi Para,29066614B46317551489475
26,west,2026,2801490.0,2801740.0,2801240.0,763550.0,8760.0,0.0,19.68,45.0,0.0,0.6000004,71.0,,,,47.0,0.0,0.0,5.24,0.0,0.0,0.0,1,,forecast,185.0,10236.29463481903,972.2155685424805,Kanchi Para,29066614B46317551489475
27,east,2015,2800990.0,2801240.0,2800740.0,771610.0,7900.0,100.0,1.08,71.0,36.0,5.8,,7.44,0.0,120.0,,,,,,,,0,1.0,train,288.0,12070.359501838684,322.775438785553,Erendabari,29066614B33260955984753
27,east,2016,2800990.0,2801240.0,2800740.0,771730.0,8180.0,20.0,0.72,68.0,32.0,5.2,44.0,1.12,0.0,20.0,,7.44,,,120.0,,0.0,0,0.0,train,288.0,12070.359501838684,322.775438785553,Erendabari,29066614B33260955984753
27,east,2017,2800990.0,2801240.0,2800740.0,771750.0,8200.0,20.0,1.76,68.0,29.0,4.4000006,73.0,4.36,0.0,80.0,29.0,1.12,7.44,,20.0,120.0,0.0,0,0.0,train,288.0,12070.359501838684,322.775438785553,Erendabari,29066614B33260955984753
27,east,2018,2800990.0,2801240.0,2800740.0,771830.0,8320.0,100.0,3.52,67.0,13.0,4.4000006,69.0,9.44,0.0,180.0,-4.0,4.36,1.12,7.44,80.0,20.0,0.0,0,1.0,train,288.0,12070.359501838684,322.775438785553,Erendabari,29066614B33260955984753
27,east,2019,2800990.0,2801240.0,2800740.0,772010.0,8460.0,40.0,5.92,53.0,6.0,3.999999,72.0,0.0,0.0,0.0,3.0,9.44,4.36,1.12,180.0,80.0,0.0,0,0.0,train,288.0,12070.359501838684,322.775438785553,Erendabari,29066614B33260955984753
27,east,2020,2800990.0,2801240.0,2800740.0,772010.0,8440.0,-20.0,8.24,54.0,7.0,3.999999,71.0,3.08,0.0,60.0,-1.0,0.0,9.44,4.36,0.0,180.0,0.0,0,0.0,train,288.0,12070.359501838684,322.775438785553,Erendabari,29066614B33260955984753
27,east,2021,2800990.0,2801240.0,2800740.0,772070.0,8500.0,40.0,7.2,46.0,5.0,3.999999,70.0,0.0,0.0,-20.0,-1.0,3.08,0.0,9.44,60.0,0.0,0.0,0,0.0,train,288.0,12070.359501838684,322.775438785553,Erendabari,29066614B33260955984753
27,east,2022,2800990.0,2801240.0,2800740.0,772050.0,8500.0,120.0,8.36,46.0,5.0,3.999999,53.0,13.52,0.16,280.0,-17.0,0.0,3.08,0.0,-20.0,60.0,0.0,0,1.0,train,288.0,12070.359501838684,322.775438785553,Erendabari,29066614B33260955984753
27,east,2023,2800990.0,2801240.0,2800740.0,772330.0,8820.0,40.0,6.640000000000001,17.0,5.0,0.6999998,65.0,1.44,0.0,40.0,12.0,13.52,0.0,3.08,280.0,-20.0,0.16,0,0.0,train,288.0,12070.359501838684,322.775438785553,Erendabari,29066614B33260955984753
27,east,2024,2800990.0,2801240.0,2800740.0,772370.0,8860.0,180.0,6.5600000000000005,12.0,6.0,0.6999998,68.0,0.0,0.0,0.0,3.0,1.44,13.52,0.0,40.0,280.0,0.0,0,0.0,train,288.0,12070.359501838684,322.775438785553,Erendabari,29066614B33260955984753
27,east,2025,2800990.0,2801240.0,2800740.0,772370.0,8860.0,160.0,6.88,12.0,6.0,0.6999998,70.0,1.84,0.0,40.0,2.0,0.0,1.44,13.52,0.0,40.0,0.0,0,0.0,train,288.0,12070.359501838684,322.775438785553,Erendabari,29066614B33260955984753
27,east,2026,2800990.0,2801240.0,2800740.0,772410.0,8920.0,40.0,7.92,11.0,8.0,0.6999998,70.0,,,,0.0,1.84,0.0,1.44,40.0,0.0,0.0,0,,forecast,288.0,12070.359501838684,322.775438785553,Erendabari,29066614B33260955984753
27,west,2015,2800990.0,2801240.0,2800740.0,763690.0,7900.0,40.0,10.64,35.0,0.0,0.80000114,,7.92,1.04,140.0,,,,,,,,1,1.0,train,129.0,6752.182009220123,829.4501852989197,Kanchi Para,29066614B46317551489475
27,west,2016,2800990.0,2801240.0,2800740.0,763550.0,8180.0,20.0,9.96,35.0,0.0,0.80000114,58.0,0.32,0.0,0.0,,7.92,,,140.0,,1.04,1,0.0,train,129.0,6752.182009220123,829.4501852989197,Kanchi Para,29066614B46317551489475
27,west,2017,2800990.0,2801240.0,2800740.0,763550.0,8200.0,100.0,8.88,35.0,0.0,0.80000114,36.0,1.72,0.0,40.0,-22.0,0.32,7.92,,0.0,140.0,0.0,1,0.0,train,129.0,6752.182009220123,829.4501852989197,Kanchi Para,29066614B46317551489475
27,west,2018,2800990.0,2801240.0,2800740.0,763510.0,8320.0,60.0,11.64,35.0,0.0,0.80000114,19.0,0.0,0.0,-40.0,-17.0,1.72,0.32,7.92,40.0,0.0,0.0,1,0.0,train,129.0,6752.182009220123,829.4501852989197,Kanchi Para,29066614B46317551489475
27,west,2019,2800990.0,2801240.0,2800740.0,763550.0,8460.0,120.0,11.92,35.0,0.0,0.80000114,12.0,0.0,0.0,-20.0,-7.0,0.0,1.72,0.32,-40.0,40.0,0.0,1,0.0,train,129.0,6752.182009220123,829.4501852989197,Kanchi Para,29066614B46317551489475
27,west,2020,2800990.0,2801240.0,2800740.0,763570.0,8440.0,160.0,12.120000000000001,35.0,0.0,1.1000004,15.0,1.08,0.0,20.0,3.0,0.0,0.0,1.72,-20.0,-40.0,0.0,1,0.0,train,129.0,6752.182009220123,829.4501852989197,Kanchi Para,29066614B46317551489475
27,west,2021,2800990.0,2801240.0,2800740.0,763550.0,8500.0,200.0,12.36,35.0,0.0,0.80000114,11.0,1.28,0.32,0.0,-4.0,1.08,0.0,0.0,20.0,-20.0,0.0,1,0.0,train,129.0,6752.182009220123,829.4501852989197,Kanchi Para,29066614B46317551489475
27,west,2022,2800990.0,2801240.0,2800740.0,763550.0,8500.0,140.0,10.6,35.0,0.0,0.80000114,8.0,1.32,0.32,40.0,-3.0,1.28,1.08,0.0,0.0,20.0,0.32,1,0.0,train,129.0,6752.182009220123,829.4501852989197,Kanchi Para,29066614B46317551489475
27,west,2023,2800990.0,2801240.0,2800740.0,763510.0,8820.0,0.0,12.6,35.0,0.0,0.80000114,19.0,0.12,0.0,0.0,11.0,1.32,1.28,1.08,40.0,0.0,0.32,1,0.0,train,129.0,6752.182009220123,829.4501852989197,Kanchi Para,29066614B46317551489475
27,west,2024,2800990.0,2801240.0,2800740.0,763510.0,8860.0,100.0,12.040000000000001,35.0,0.0,0.80000114,38.0,0.0,0.0,0.0,19.0,0.12,1.32,1.28,0.0,40.0,0.0,1,0.0,train,129.0,6752.182009220123,829.4501852989197,Kanchi Para,29066614B46317551489475
27,west,2025,2800990.0,2801240.0,2800740.0,763510.0,8860.0,100.0,10.32,35.0,0.0,0.80000114,18.0,0.0,0.0,20.0,-20.0,0.0,0.12,1.32,0.0,0.0,0.0,1,0.0,train,129.0,6752.182009220123,829.4501852989197,Kanchi Para,29066614B46317551489475
27,west,2026,2800990.0,2801240.0,2800740.0,763490.0,8920.0,80.0,11.0,34.0,0.0,0.80000114,72.0,,,,54.0,0.0,0.0,0.12,20.0,0.0,0.0,1,,forecast,129.0,6752.182009220123,829.4501852989197,Kanchi Para,29066614B46317551489475
28,east,2015,2800490.0,2800740.0,2800240.0,771710.0,8000.0,-20.0,0.6,75.0,30.0,3.6000013,,5.5200000000000005,0.0,100.0,,,,,,,,0,1.0,train,300.0,11054.982128620148,366.3223810195923,Erendabari,29066614B33260955984753
28,east,2016,2800490.0,2800740.0,2800240.0,771810.0,8240.0,20.0,0.68,73.0,26.0,2.1999998,44.0,0.4,0.0,-20.0,,5.5200000000000005,,,100.0,,0.0,0,0.0,train,300.0,11054.982128620148,366.3223810195923,Erendabari,29066614B33260955984753
28,east,2017,2800490.0,2800740.0,2800240.0,771790.0,8360.0,160.0,1.04,74.0,27.0,3.6000013,73.0,5.4,0.0,120.0,29.0,0.4,5.5200000000000005,,-20.0,100.0,0.0,0,1.0,train,300.0,11054.982128620148,366.3223810195923,Erendabari,29066614B33260955984753
28,east,2018,2800490.0,2800740.0,2800240.0,771910.0,8560.0,40.0,1.72,65.0,13.0,1.9000006,67.0,7.28,0.0,140.0,-6.0,5.4,0.4,5.5200000000000005,120.0,-20.0,0.0,0,1.0,train,300.0,11054.982128620148,366.3223810195923,Erendabari,29066614B33260955984753
28,east,2019,2800490.0,2800740.0,2800240.0,772050.0,8720.0,80.0,2.08,48.0,8.0,1.9000006,72.0,0.2,0.0,-60.0,5.0,7.28,5.4,0.4,140.0,120.0,0.0,0,0.0,train,300.0,11054.982128620148,366.3223810195923,Erendabari,29066614B33260955984753
28,east,2020,2800490.0,2800740.0,2800240.0,771990.0,8640.0,280.0,2.52,58.0,10.0,1.9000006,69.0,7.88,0.0,160.0,-3.0,0.2,7.28,5.4,-60.0,140.0,0.0,0,1.0,train,300.0,11054.982128620148,366.3223810195923,Erendabari,29066614B33260955984753
28,east,2021,2800490.0,2800740.0,2800240.0,772150.0,8820.0,60.0,3.12,34.0,6.0,1.9000006,70.0,2.88,0.0,40.0,1.0,7.88,0.2,7.28,160.0,-60.0,0.0,0,0.0,train,300.0,11054.982128620148,366.3223810195923,Erendabari,29066614B33260955984753
28,east,2022,2800490.0,2800740.0,2800240.0,772190.0,8840.0,100.0,3.68,30.0,6.0,1.3000002,70.0,15.24,0.0,320.0,0.0,2.88,7.88,0.2,40.0,160.0,0.0,0,1.0,train,300.0,11054.982128620148,366.3223810195923,Erendabari,29066614B33260955984753
28,east,2023,2800490.0,2800740.0,2800240.0,772510.0,9180.0,-40.0,4.16,9.0,7.0,4.2,66.0,5.28,0.0,120.0,-4.0,15.24,2.88,7.88,320.0,40.0,0.0,0,1.0,train,300.0,11054.982128620148,366.3223810195923,Erendabari,29066614B33260955984753
28,east,2024,2800490.0,2800740.0,2800240.0,772630.0,9260.0,-100.0,6.36,7.0,10.0,3.8999996,57.0,0.0,0.0,-40.0,-9.0,5.28,15.24,2.88,120.0,320.0,0.0,0,0.0,train,300.0,11054.982128620148,366.3223810195923,Erendabari,29066614B33260955984753
28,east,2025,2800490.0,2800740.0,2800240.0,772590.0,9220.0,-60.0,5.2,7.0,9.0,3.8999996,53.0,0.4,0.0,-40.0,-4.0,0.0,5.28,15.24,-40.0,120.0,0.0,0,0.0,train,300.0,11054.982128620148,366.3223810195923,Erendabari,29066614B33260955984753
28,east,2026,2800490.0,2800740.0,2800240.0,772550.0,9200.0,80.0,5.96,8.0,9.0,4.2,70.0,,,,17.0,0.4,0.0,5.28,-40.0,-40.0,0.0,0,,forecast,300.0,11054.982128620148,366.3223810195923,Erendabari,29066614B33260955984753
28,west,2015,2800490.0,2800740.0,2800240.0,763690.0,8000.0,-40.0,10.200000000000001,31.0,29.0,0.8999996,,8.24,0.0,160.0,,,,,,,,1,1.0,train,145.0,7150.019714355469,864.5693097114563,Kanchi Para,29066614B46317551489475
28,west,2016,2800490.0,2800740.0,2800240.0,763530.0,8240.0,40.0,12.4,31.0,2.0,1.0,44.0,4.88,1.24,100.0,,8.24,,,160.0,,0.0,1,0.0,train,145.0,7150.019714355469,864.5693097114563,Kanchi Para,29066614B46317551489475
28,west,2017,2800490.0,2800740.0,2800240.0,763430.0,8360.0,-60.0,11.48,31.0,0.0,1.0,72.0,3.92,0.12,80.0,28.0,4.88,8.24,,100.0,160.0,1.24,1,0.0,train,145.0,7150.019714355469,864.5693097114563,Kanchi Para,29066614B46317551489475
28,west,2018,2800490.0,2800740.0,2800240.0,763350.0,8560.0,-80.0,12.200000000000001,31.0,0.0,1.0,12.0,0.92,0.0,20.0,-60.0,3.92,4.88,8.24,80.0,100.0,0.12,1,0.0,train,145.0,7150.019714355469,864.5693097114563,Kanchi Para,29066614B46317551489475
28,west,2019,2800490.0,2800740.0,2800240.0,763330.0,8720.0,0.0,10.68,31.0,0.0,1.0,12.0,0.0,0.0,0.0,0.0,0.92,3.92,4.88,20.0,80.0,0.0,1,0.0,train,145.0,7150.019714355469,864.5693097114563,Kanchi Para,29066614B46317551489475
28,west,2020,2800490.0,2800740.0,2800240.0,763330.0,8640.0,-20.0,12.200000000000001,31.0,0.0,1.0,12.0,0.0,0.0,0.0,0.0,0.0,0.92,3.92,0.0,20.0,0.0,1,0.0,train,145.0,7150.019714355469,864.5693097114563,Kanchi Para,29066614B46317551489475
28,west,2021,2800490.0,2800740.0,2800240.0,763330.0,8820.0,-40.0,11.32,31.0,0.0,1.0,33.0,0.48,0.0,-20.0,21.0,0.0,0.0,0.92,0.0,0.0,0.0,1,0.0,train,145.0,7150.019714355469,864.5693097114563,Kanchi Para,29066614B46317551489475
28,west,2022,2800490.0,2800740.0,2800240.0,763350.0,8840.0,0.0,11.72,31.0,0.0,1.0,14.0,1.2,0.0,20.0,-19.0,0.48,0.0,0.0,-20.0,0.0,0.0,1,0.0,train,145.0,7150.019714355469,864.5693097114563,Kanchi Para,29066614B46317551489475
28,west,2023,2800490.0,2800740.0,2800240.0,763330.0,9180.0,40.0,13.36,31.0,0.0,1.0,25.0,0.0,0.0,-40.0,11.0,1.2,0.48,0.0,20.0,-20.0,0.0,1,0.0,train,145.0,7150.019714355469,864.5693097114563,Kanchi Para,29066614B46317551489475
28,west,2024,2800490.0,2800740.0,2800240.0,763370.0,9260.0,0.0,13.040000000000001,31.0,0.0,1.0,33.0,0.0,0.0,0.0,8.0,0.0,1.2,0.48,-40.0,20.0,0.0,1,0.0,train,145.0,7150.019714355469,864.5693097114563,Kanchi Para,29066614B46317551489475
28,west,2025,2800490.0,2800740.0,2800240.0,763370.0,9220.0,80.0,11.48,31.0,0.0,1.0,72.0,0.0,0.0,20.0,39.0,0.0,0.0,1.2,0.0,-40.0,0.0,1,0.0,train,145.0,7150.019714355469,864.5693097114563,Kanchi Para,29066614B46317551489475
28,west,2026,2800490.0,2800740.0,2800240.0,763350.0,9200.0,0.0,11.96,31.0,0.0,1.0,72.0,,,,0.0,0.0,0.0,0.0,20.0,0.0,0.0,1,,forecast,145.0,7150.019714355469,864.5693097114563,Kanchi Para,29066614B46317551489475
29,east,2015,2799990.0,2800240.0,2799740.0,771790.0,8080.0,40.0,1.0,69.0,32.0,0.9000006,,6.4,0.04,120.0,,,,,,,,0,1.0,train,226.0,8949.51530122757,398.588303565979,Erendabari,29066614B33260955984753
29,east,2016,2799990.0,2800240.0,2799740.0,771910.0,8420.0,20.0,0.88,66.0,28.0,0.9000006,52.0,4.36,0.0,80.0,,6.4,,,120.0,,0.04,0,0.0,train,226.0,8949.51530122757,398.588303565979,Erendabari,29066614B33260955984753
29,east,2017,2799990.0,2800240.0,2799740.0,771990.0,8620.0,-20.0,2.04,58.0,22.0,0.9000006,71.0,1.8800000000000001,0.0,40.0,19.0,4.36,6.4,,80.0,120.0,0.0,0,0.0,train,226.0,8949.51530122757,398.588303565979,Erendabari,29066614B33260955984753
29,east,2018,2799990.0,2800240.0,2799740.0,772030.0,8760.0,-80.0,2.32,57.0,16.0,0.9000006,59.0,8.32,0.0,140.0,-12.0,1.8800000000000001,4.36,6.4,40.0,80.0,0.0,0,1.0,train,226.0,8949.51530122757,398.588303565979,Erendabari,29066614B33260955984753
29,east,2019,2799990.0,2800240.0,2799740.0,772170.0,9060.0,20.0,2.6,44.0,11.0,1.3000002,71.0,3.36,0.0,80.0,12.0,8.32,1.8800000000000001,4.36,140.0,40.0,0.0,0,0.0,train,226.0,8949.51530122757,398.588303565979,Erendabari,29066614B33260955984753
29,east,2020,2799990.0,2800240.0,2799740.0,772250.0,9140.0,-100.0,2.48,37.0,10.0,4.000001,53.0,2.32,0.0,40.0,-18.0,3.36,8.32,1.8800000000000001,80.0,140.0,0.0,0,0.0,train,226.0,8949.51530122757,398.588303565979,Erendabari,29066614B33260955984753
29,east,2021,2799990.0,2800240.0,2799740.0,772290.0,9140.0,40.0,3.3200000000000003,32.0,10.0,4.000001,69.0,7.0,0.0,140.0,16.0,2.32,3.36,8.32,40.0,80.0,0.0,0,1.0,train,226.0,8949.51530122757,398.588303565979,Erendabari,29066614B33260955984753
29,east,2022,2799990.0,2800240.0,2799740.0,772430.0,9280.0,-100.0,3.04,28.0,9.0,6.4000006,71.0,10.16,0.28,220.0,2.0,7.0,2.32,3.36,140.0,40.0,0.0,0,1.0,train,226.0,8949.51530122757,398.588303565979,Erendabari,29066614B33260955984753
29,east,2023,2799990.0,2800240.0,2799740.0,772650.0,9540.0,-40.0,4.48,12.0,9.0,8.400001,66.0,7.2,0.0,140.0,-5.0,10.16,7.0,2.32,220.0,140.0,0.28,0,1.0,train,226.0,8949.51530122757,398.588303565979,Erendabari,29066614B33260955984753
29,east,2024,2799990.0,2800240.0,2799740.0,772790.0,9560.0,0.0,7.24,10.0,10.0,2.2999992,54.0,0.0,0.0,-40.0,-12.0,7.2,10.16,7.0,140.0,220.0,0.0,0,0.0,train,226.0,8949.51530122757,398.588303565979,Erendabari,29066614B33260955984753
29,east,2025,2799990.0,2800240.0,2799740.0,772750.0,9600.0,20.0,6.640000000000001,11.0,10.0,2.6999989,31.0,1.76,0.0,20.0,-23.0,0.0,7.2,10.16,-40.0,140.0,0.0,0,0.0,train,226.0,8949.51530122757,398.588303565979,Erendabari,29066614B33260955984753
29,east,2026,2799990.0,2800240.0,2799740.0,772770.0,9560.0,-60.0,6.36,10.0,10.0,2.6999989,51.0,,,,20.0,1.76,0.0,7.2,20.0,-40.0,0.0,0,,forecast,226.0,8949.51530122757,398.588303565979,Erendabari,29066614B33260955984753
29,west,2015,2799990.0,2800240.0,2799740.0,763730.0,8080.0,-20.0,8.8,24.0,26.0,0.19999886,,10.76,0.0,260.0,,,,,,,,1,1.0,train,108.0,5073.361232757568,801.443395614624,Kanchi Para,29066614B46317551489475
29,west,2016,2799990.0,2800240.0,2799740.0,763470.0,8420.0,-160.0,8.72,26.0,25.0,0.5,62.0,5.0,0.0,100.0,,10.76,,,260.0,,0.0,1,1.0,train,108.0,5073.361232757568,801.443395614624,Kanchi Para,29066614B46317551489475
29,west,2017,2799990.0,2800240.0,2799740.0,763370.0,8620.0,-80.0,10.56,26.0,23.0,1.1000004,73.0,6.2,0.92,100.0,11.0,5.0,10.76,,100.0,260.0,0.0,1,1.0,train,108.0,5073.361232757568,801.443395614624,Kanchi Para,29066614B46317551489475
29,west,2018,2799990.0,2800240.0,2799740.0,763270.0,8760.0,-40.0,11.84,26.0,0.0,1.4000015,17.0,6.76,0.76,160.0,-56.0,6.2,5.0,10.76,100.0,100.0,0.92,1,1.0,train,108.0,5073.361232757568,801.443395614624,Kanchi Para,29066614B46317551489475
29,west,2019,2799990.0,2800240.0,2799740.0,763110.0,9060.0,-120.0,9.6,26.0,0.0,1.4000015,11.0,0.52,0.0,0.0,-6.0,6.76,6.2,5.0,160.0,100.0,0.76,1,0.0,train,108.0,5073.361232757568,801.443395614624,Kanchi Para,29066614B46317551489475
29,west,2020,2799990.0,2800240.0,2799740.0,763110.0,9140.0,-100.0,11.4,26.0,0.0,1.4000015,29.0,0.0,0.0,-40.0,18.0,0.52,6.76,6.2,0.0,160.0,0.0,1,0.0,train,108.0,5073.361232757568,801.443395614624,Kanchi Para,29066614B46317551489475
29,west,2021,2799990.0,2800240.0,2799740.0,763150.0,9140.0,-20.0,11.32,27.0,0.0,1.4000015,35.0,0.0,0.0,0.0,6.0,0.0,0.52,6.76,-40.0,0.0,0.0,1,0.0,train,108.0,5073.361232757568,801.443395614624,Kanchi Para,29066614B46317551489475
29,west,2022,2799990.0,2800240.0,2799740.0,763150.0,9280.0,-40.0,10.76,26.0,0.0,1.4000015,45.0,2.2800000000000002,0.0,40.0,10.0,0.0,0.0,0.52,0.0,-40.0,0.0,1,0.0,train,108.0,5073.361232757568,801.443395614624,Kanchi Para,29066614B46317551489475
29,west,2023,2799990.0,2800240.0,2799740.0,763110.0,9540.0,-100.0,10.96,26.0,0.0,1.4000015,27.0,0.0,0.0,-120.0,-18.0,2.2800000000000002,0.0,0.0,40.0,0.0,0.0,1,0.0,train,108.0,5073.361232757568,801.443395614624,Kanchi Para,29066614B46317551489475
29,west,2024,2799990.0,2800240.0,2799740.0,763230.0,9560.0,-100.0,11.92,26.0,0.0,1.4000015,19.0,3.92,0.0,80.0,-8.0,0.0,2.2800000000000002,0.0,-120.0,40.0,0.0,1,0.0,train,108.0,5073.361232757568,801.443395614624,Kanchi Para,29066614B46317551489475
29,west,2025,2799990.0,2800240.0,2799740.0,763150.0,9600.0,-60.0,10.56,26.0,0.0,1.4000015,54.0,0.0,0.0,-60.0,35.0,3.92,0.0,2.2800000000000002,80.0,-120.0,0.0,1,0.0,train,108.0,5073.361232757568,801.443395614624,Kanchi Para,29066614B46317551489475
29,west,2026,2799990.0,2800240.0,2799740.0,763210.0,9560.0,80.0,9.92,26.0,0.0,1.4000015,54.0,,,,0.0,0.0,3.92,0.0,-60.0,80.0,0.0,1,,forecast,108.0,5073.361232757568,801.443395614624,Kanchi Para,29066614B46317551489475
30,east,2015,2799490.0,2799740.0,2799240.0,771910.0,8120.0,20.0,1.6,66.0,38.0,5.9000006,,5.96,0.0,120.0,,,,,,,,0,1.0,train,124.0,5518.059891700745,459.7923445701599,Erendabari,29066614B33260955984753
30,east,2016,2799490.0,2799740.0,2799240.0,772030.0,8460.0,0.0,1.56,60.0,32.0,6.6000013,53.0,6.32,0.0,140.0,,5.96,,,120.0,,0.0,0,1.0,train,124.0,5518.059891700745,459.7923445701599,Erendabari,29066614B33260955984753
30,east,2017,2799490.0,2799740.0,2799240.0,772170.0,8780.0,-40.0,2.16,55.0,23.0,5.9000006,67.0,0.0,0.0,-100.0,14.0,6.32,5.96,,140.0,120.0,0.0,0,0.0,train,124.0,5518.059891700745,459.7923445701599,Erendabari,29066614B33260955984753
30,east,2018,2799490.0,2799740.0,2799240.0,772070.0,8840.0,280.0,2.36,57.0,28.0,5.9000006,69.0,11.32,0.0,240.0,2.0,0.0,6.32,5.96,-100.0,140.0,0.0,0,1.0,train,124.0,5518.059891700745,459.7923445701599,Erendabari,29066614B33260955984753
30,east,2019,2799490.0,2799740.0,2799240.0,772310.0,9300.0,-20.0,2.0,44.0,15.0,3.2000008,72.0,5.6000000000000005,0.0,100.0,3.0,11.32,0.0,6.32,240.0,-100.0,0.0,0,1.0,train,124.0,5518.059891700745,459.7923445701599,Erendabari,29066614B33260955984753
30,east,2020,2799490.0,2799740.0,2799240.0,772410.0,9420.0,0.0,3.6,38.0,11.0,4.5,38.0,2.68,0.04,60.0,-34.0,5.6000000000000005,11.32,0.0,100.0,240.0,0.0,0,0.0,train,124.0,5518.059891700745,459.7923445701599,Erendabari,29066614B33260955984753
30,east,2021,2799490.0,2799740.0,2799240.0,772470.0,9480.0,40.0,2.44,35.0,9.0,2.7000008,69.0,4.96,0.0,100.0,31.0,2.68,5.6000000000000005,11.32,60.0,100.0,0.04,0,0.0,train,124.0,5518.059891700745,459.7923445701599,Erendabari,29066614B33260955984753
30,east,2022,2799490.0,2799740.0,2799240.0,772570.0,9580.0,20.0,2.72,28.0,8.0,2.7000008,72.0,8.88,0.64,180.0,3.0,4.96,2.68,5.6000000000000005,100.0,60.0,0.0,0,1.0,train,124.0,5518.059891700745,459.7923445701599,Erendabari,29066614B33260955984753
30,east,2023,2799490.0,2799740.0,2799240.0,772750.0,9760.0,40.0,1.44,18.0,7.0,2.0999985,66.0,9.040000000000001,0.0,200.0,-6.0,8.88,4.96,2.68,180.0,100.0,0.64,0,1.0,train,124.0,5518.059891700745,459.7923445701599,Erendabari,29066614B33260955984753
30,east,2024,2799490.0,2799740.0,2799240.0,772950.0,9760.0,-60.0,2.36,11.0,9.0,0.9000015,69.0,0.0,0.0,-20.0,3.0,9.040000000000001,8.88,4.96,200.0,180.0,0.0,0,0.0,train,124.0,5518.059891700745,459.7923445701599,Erendabari,29066614B33260955984753
30,east,2025,2799490.0,2799740.0,2799240.0,772930.0,9940.0,-60.0,2.7600000000000002,12.0,9.0,0.9000015,21.0,0.28,0.0,0.0,-48.0,0.0,9.040000000000001,8.88,-20.0,200.0,0.0,0,0.0,train,124.0,5518.059891700745,459.7923445701599,Erendabari,29066614B33260955984753
30,east,2026,2799490.0,2799740.0,2799240.0,772930.0,9940.0,-20.0,3.2,11.0,9.0,0.9000015,70.0,,,,49.0,0.28,0.0,9.040000000000001,0.0,-20.0,0.0,0,,forecast,124.0,5518.059891700745,459.7923445701599,Erendabari,29066614B33260955984753
30,west,2015,2799490.0,2799740.0,2799240.0,763790.0,8120.0,-100.0,4.92,22.0,21.0,0.20000076,,12.040000000000001,0.0,220.0,,,,,,,,1,1.0,train,100.0,5103.7990436553955,707.3002734184265,Udakhali,29066614B49634666788164
30,west,2016,2799490.0,2799740.0,2799240.0,763570.0,8460.0,-40.0,4.5600000000000005,23.0,21.0,0.5,46.0,8.48,0.04,180.0,,12.040000000000001,,,220.0,,0.0,1,1.0,train,100.0,5103.7990436553955,707.3002734184265,Udakhali,29066614B49634666788164
30,west,2017,2799490.0,2799740.0,2799240.0,763390.0,8780.0,-60.0,6.8,22.0,20.0,0.70000076,72.0,8.48,0.72,160.0,26.0,8.48,12.040000000000001,,180.0,220.0,0.04,1,1.0,train,100.0,5103.7990436553955,707.3002734184265,Udakhali,29066614B49634666788164
30,west,2018,2799490.0,2799740.0,2799240.0,763230.0,8840.0,-100.0,6.36,21.0,7.0,1.3000011,22.0,8.84,0.12,220.0,-50.0,8.48,8.48,12.040000000000001,160.0,180.0,0.72,1,1.0,train,100.0,5103.7990436553955,707.3002734184265,Udakhali,29066614B49634666788164
30,west,2019,2799490.0,2799740.0,2799240.0,763010.0,9300.0,-120.0,6.16,21.0,0.0,1.3000011,19.0,1.6400000000000001,0.04,20.0,-3.0,8.84,8.48,8.48,220.0,160.0,0.12,1,0.0,train,100.0,5103.7990436553955,707.3002734184265,Udakhali,29066614B49634666788164
30,west,2020,2799490.0,2799740.0,2799240.0,762990.0,9420.0,-100.0,6.96,22.0,0.0,1.3000011,24.0,0.0,0.0,0.0,5.0,1.6400000000000001,8.84,8.48,20.0,220.0,0.04,1,0.0,train,100.0,5103.7990436553955,707.3002734184265,Udakhali,29066614B49634666788164
30,west,2021,2799490.0,2799740.0,2799240.0,762990.0,9480.0,-140.0,7.08,22.0,0.0,1.3000011,21.0,0.0,0.0,0.0,-3.0,0.0,1.6400000000000001,8.84,0.0,20.0,0.0,1,0.0,train,100.0,5103.7990436553955,707.3002734184265,Udakhali,29066614B49634666788164
30,west,2022,2799490.0,2799740.0,2799240.0,762990.0,9580.0,-120.0,6.8,21.0,0.0,1.3000011,25.0,1.4000000000000001,0.0,0.0,4.0,0.0,0.0,1.6400000000000001,0.0,0.0,0.0,1,0.0,train,100.0,5103.7990436553955,707.3002734184265,Udakhali,29066614B49634666788164
30,west,2023,2799490.0,2799740.0,2799240.0,762990.0,9760.0,-80.0,8.64,22.0,0.0,1.3000011,17.0,0.0,0.0,-200.0,-8.0,1.4000000000000001,0.0,0.0,0.0,0.0,0.0,1,0.0,train,100.0,5103.7990436553955,707.3002734184265,Udakhali,29066614B49634666788164
30,west,2024,2799490.0,2799740.0,2799240.0,763190.0,9760.0,200.0,8.120000000000001,21.0,1.0,1.3000011,26.0,6.96,0.0,200.0,9.0,0.0,1.4000000000000001,0.0,-200.0,0.0,0.0,1,1.0,train,100.0,5103.7990436553955,707.3002734184265,Udakhali,29066614B49634666788164
30,west,2025,2799490.0,2799740.0,2799240.0,762990.0,9940.0,-120.0,7.5600000000000005,21.0,0.0,1.3000011,16.0,0.0,0.0,0.0,-10.0,6.96,0.0,1.4000000000000001,200.0,-200.0,0.0,1,0.0,train,100.0,5103.7990436553955,707.3002734184265,Udakhali,29066614B49634666788164
30,west,2026,2799490.0,2799740.0,2799240.0,762990.0,9940.0,-220.0,6.5600000000000005,22.0,0.0,1.3000011,28.0,,,,12.0,0.0,6.96,0.0,0.0,200.0,0.0,1,,forecast,100.0,5103.7990436553955,707.3002734184265,Udakhali,29066614B49634666788164
31,east,2015,2798990.0,2799240.0,2798740.0,772050.0,8120.0,20.0,2.52,67.0,36.0,2.4000015,,5.4,0.16,100.0,,,,,,,,0,1.0,train,142.0,5738.610223770142,608.4400420188904,Erendabari,29066614B33260955984753
31,east,2016,2798990.0,2799240.0,2798740.0,772150.0,8460.0,0.0,1.76,59.0,31.0,2.4000015,53.0,7.84,0.0,160.0,,5.4,,,100.0,,0.16,0,1.0,train,142.0,5738.610223770142,608.4400420188904,Erendabari,29066614B33260955984753
31,east,2017,2798990.0,2799240.0,2798740.0,772310.0,8860.0,-20.0,1.48,55.0,18.0,2.2000008,67.0,2.84,0.0,80.0,14.0,7.84,5.4,,160.0,100.0,0.0,0,0.0,train,142.0,5738.610223770142,608.4400420188904,Erendabari,29066614B33260955984753
31,east,2018,2798990.0,2799240.0,2798740.0,772390.0,9100.0,-140.0,2.24,48.0,17.0,2.2000008,67.0,2.84,0.0,40.0,0.0,2.84,7.84,5.4,80.0,160.0,0.0,0,0.0,train,142.0,5738.610223770142,608.4400420188904,Erendabari,29066614B33260955984753
31,east,2019,2798990.0,2799240.0,2798740.0,772430.0,9400.0,40.0,2.88,44.0,14.0,1.9000015,72.0,7.8,0.0,140.0,5.0,2.84,2.84,7.84,40.0,80.0,0.0,0,1.0,train,142.0,5738.610223770142,608.4400420188904,Erendabari,29066614B33260955984753
31,east,2020,2798990.0,2799240.0,2798740.0,772570.0,9600.0,20.0,4.2,35.0,10.0,1.9000015,59.0,4.8,0.08,120.0,-13.0,7.8,2.84,2.84,140.0,40.0,0.0,0,0.0,train,142.0,5738.610223770142,608.4400420188904,Erendabari,29066614B33260955984753
31,east,2021,2798990.0,2799240.0,2798740.0,772690.0,9720.0,-20.0,2.36,31.0,9.0,1.9000015,69.0,2.16,0.0,40.0,10.0,4.8,7.8,2.84,120.0,140.0,0.08,0,0.0,train,142.0,5738.610223770142,608.4400420188904,Erendabari,29066614B33260955984753
31,east,2022,2798990.0,2799240.0,2798740.0,772730.0,9780.0,40.0,2.84,26.0,9.0,1.5,71.0,8.52,0.0,160.0,2.0,2.16,4.8,7.8,40.0,120.0,0.0,0,1.0,train,142.0,5738.610223770142,608.4400420188904,Erendabari,29066614B33260955984753
31,east,2023,2798990.0,2799240.0,2798740.0,772890.0,9940.0,0.0,3.04,17.0,10.0,0.9000015,66.0,7.48,0.0,160.0,-5.0,8.52,2.16,4.8,160.0,40.0,0.0,0,1.0,train,142.0,5738.610223770142,608.4400420188904,Erendabari,29066614B33260955984753
31,east,2024,2798990.0,2799240.0,2798740.0,773050.0,10100.0,40.0,4.76,10.0,17.0,0.70000076,68.0,0.0,0.0,0.0,2.0,7.48,8.52,2.16,160.0,160.0,0.0,0,0.0,train,142.0,5738.610223770142,608.4400420188904,Erendabari,29066614B33260955984753
31,east,2025,2798990.0,2799240.0,2798740.0,773050.0,10100.0,60.0,4.12,10.0,17.0,0.70000076,52.0,1.04,0.0,20.0,-16.0,0.0,7.48,8.52,0.0,160.0,0.0,0,0.0,train,142.0,5738.610223770142,608.4400420188904,Erendabari,29066614B33260955984753
31,east,2026,2798990.0,2799240.0,2798740.0,773070.0,10060.0,60.0,4.44,10.0,17.0,0.70000076,42.0,,,,-10.0,1.04,0.0,7.48,20.0,0.0,0.0,0,,forecast,142.0,5738.610223770142,608.4400420188904,Erendabari,29066614B33260955984753
31,west,2015,2798990.0,2799240.0,2798740.0,763950.0,8120.0,0.0,6.88,22.0,18.0,0.20000076,,11.0,0.08,240.0,,,,,,,,1,1.0,train,277.0,12978.223864555359,656.5638375282288,Udakhali,29066614B49634666788164
31,west,2016,2798990.0,2799240.0,2798740.0,763710.0,8460.0,20.0,6.92,23.0,17.0,0.10000038,47.0,12.24,0.08,240.0,,11.0,,,240.0,,0.08,1,1.0,train,277.0,12978.223864555359,656.5638375282288,Udakhali,29066614B49634666788164
31,west,2017,2798990.0,2799240.0,2798740.0,763470.0,8860.0,-60.0,8.72,19.0,19.0,0.40000153,72.0,8.08,0.0,180.0,25.0,12.24,11.0,,240.0,240.0,0.08,1,1.0,train,277.0,12978.223864555359,656.5638375282288,Udakhali,29066614B49634666788164
31,west,2018,2798990.0,2799240.0,2798740.0,763290.0,9100.0,-100.0,10.64,17.0,18.0,0.70000076,34.0,13.8,0.0,260.0,-38.0,8.08,12.24,11.0,180.0,240.0,0.0,1,1.0,train,277.0,12978.223864555359,656.5638375282288,Udakhali,29066614B49634666788164
31,west,2019,2798990.0,2799240.0,2798740.0,763030.0,9400.0,-20.0,13.36,19.0,0.0,1.2000008,20.0,3.36,0.0,60.0,-14.0,13.8,8.08,12.24,260.0,180.0,0.0,1,0.0,train,277.0,12978.223864555359,656.5638375282288,Udakhali,29066614B49634666788164
31,west,2020,2798990.0,2799240.0,2798740.0,762970.0,9600.0,-40.0,15.96,19.0,0.0,1.2000008,14.0,0.0,0.0,0.0,-6.0,3.36,13.8,8.08,60.0,260.0,0.0,1,0.0,train,277.0,12978.223864555359,656.5638375282288,Udakhali,29066614B49634666788164
31,west,2021,2798990.0,2799240.0,2798740.0,762970.0,9720.0,-20.0,15.200000000000001,19.0,0.0,1.2000008,16.0,0.0,0.0,20.0,2.0,0.0,3.36,13.8,0.0,60.0,0.0,1,0.0,train,277.0,12978.223864555359,656.5638375282288,Udakhali,29066614B49634666788164
31,west,2022,2798990.0,2799240.0,2798740.0,762950.0,9780.0,-60.0,16.0,19.0,0.0,1.2000008,37.0,0.72,0.0,0.0,21.0,0.0,0.0,3.36,20.0,0.0,0.0,1,0.0,train,277.0,12978.223864555359,656.5638375282288,Udakhali,29066614B49634666788164
31,west,2023,2798990.0,2799240.0,2798740.0,762950.0,9940.0,-80.0,16.72,19.0,0.0,1.2000008,16.0,0.0,0.0,0.0,-21.0,0.72,0.0,0.0,0.0,20.0,0.0,1,0.0,train,277.0,12978.223864555359,656.5638375282288,Udakhali,29066614B49634666788164
31,west,2024,2798990.0,2799240.0,2798740.0,762950.0,10100.0,-260.0,15.84,19.0,0.0,1.2000008,36.0,0.56,0.0,0.0,20.0,0.0,0.72,0.0,0.0,0.0,0.0,1,0.0,train,277.0,12978.223864555359,656.5638375282288,Udakhali,29066614B49634666788164
31,west,2025,2798990.0,2799240.0,2798740.0,762950.0,10100.0,-80.0,14.76,19.0,0.0,1.2000008,9.0,0.0,0.0,-40.0,-27.0,0.56,0.0,0.72,0.0,0.0,0.0,1,0.0,train,277.0,12978.223864555359,656.5638375282288,Udakhali,29066614B49634666788164
31,west,2026,2798990.0,2799240.0,2798740.0,762990.0,10060.0,20.0,14.56,20.0,0.0,1.2000008,29.0,,,,20.0,0.0,0.56,0.0,-40.0,0.0,0.0,1,,forecast,277.0,12978.223864555359,656.5638375282288,Udakhali,29066614B49634666788164
32,east,2015,2798490.0,2798740.0,2798240.0,772210.0,8100.0,0.0,2.64,67.0,40.0,1.2000008,,3.48,0.08,60.0,,,,,,,,0,0.0,train,302.0,13519.655212402344,619.1061177253723,Erendabari,29066614B33260955984753
32,east,2016,2798490.0,2798740.0,2798240.0,772270.0,8440.0,20.0,2.36,66.0,33.0,1.1000004,58.0,8.52,0.0,160.0,,3.48,,,60.0,,0.08,0,1.0,train,302.0,13519.655212402344,619.1061177253723,Erendabari,29066614B33260955984753
32,east,2017,2798490.0,2798740.0,2798240.0,772430.0,8840.0,40.0,5.36,58.0,23.0,1.0,73.0,6.36,0.0,140.0,15.0,8.52,3.48,,160.0,60.0,0.0,0,1.0,train,302.0,13519.655212402344,619.1061177253723,Erendabari,29066614B33260955984753
32,east,2018,2798490.0,2798740.0,2798240.0,772570.0,9120.0,-40.0,7.28,46.0,14.0,1.2000008,57.0,1.08,0.0,20.0,-16.0,6.36,8.52,3.48,140.0,160.0,0.0,0,0.0,train,302.0,13519.655212402344,619.1061177253723,Erendabari,29066614B33260955984753
32,east,2019,2798490.0,2798740.0,2798240.0,772590.0,9460.0,40.0,7.24,45.0,14.0,1.2000008,67.0,8.040000000000001,0.0,160.0,10.0,1.08,6.36,8.52,20.0,140.0,0.0,0,1.0,train,302.0,13519.655212402344,619.1061177253723,Erendabari,29066614B33260955984753
32,east,2020,2798490.0,2798740.0,2798240.0,772750.0,9760.0,-20.0,9.36,37.0,11.0,1.2000008,70.0,6.2,0.12,140.0,3.0,8.040000000000001,1.08,6.36,160.0,20.0,0.0,0,1.0,train,302.0,13519.655212402344,619.1061177253723,Erendabari,29066614B33260955984753
32,east,2021,2798490.0,2798740.0,2798240.0,772890.0,9920.0,-60.0,9.6,26.0,11.0,0.29999924,69.0,1.6,0.0,40.0,-1.0,6.2,8.040000000000001,1.08,140.0,160.0,0.12,0,0.0,train,302.0,13519.655212402344,619.1061177253723,Erendabari,29066614B33260955984753
32,east,2022,2798490.0,2798740.0,2798240.0,772930.0,9960.0,-40.0,10.68,24.0,11.0,0.10000038,71.0,5.4,0.12,100.0,2.0,1.6,6.2,8.040000000000001,40.0,140.0,0.0,0,1.0,train,302.0,13519.655212402344,619.1061177253723,Erendabari,29066614B33260955984753
32,east,2023,2798490.0,2798740.0,2798240.0,773030.0,10020.0,-20.0,11.44,21.0,12.0,0.29999924,67.0,8.6,0.76,160.0,-4.0,5.4,1.6,6.2,100.0,40.0,0.12,0,1.0,train,302.0,13519.655212402344,619.1061177253723,Erendabari,29066614B33260955984753
32,east,2024,2798490.0,2798740.0,2798240.0,773190.0,10220.0,-20.0,14.280000000000001,11.0,13.0,0.39999962,66.0,2.04,0.04,40.0,-1.0,8.6,5.4,1.6,160.0,100.0,0.76,0,0.0,train,302.0,13519.655212402344,619.1061177253723,Erendabari,29066614B33260955984753
32,east,2025,2798490.0,2798740.0,2798240.0,773230.0,10240.0,20.0,14.120000000000001,11.0,12.0,0.5,70.0,1.04,0.0,40.0,4.0,2.04,8.6,5.4,40.0,160.0,0.04,0,0.0,train,302.0,13519.655212402344,619.1061177253723,Erendabari,29066614B33260955984753
32,east,2026,2798490.0,2798740.0,2798240.0,773270.0,10300.0,-20.0,16.92,11.0,12.0,0.5,27.0,,,,-43.0,1.04,2.04,8.6,40.0,40.0,0.0,0,,forecast,302.0,13519.655212402344,619.1061177253723,Erendabari,29066614B33260955984753
32,west,2015,2798490.0,2798740.0,2798240.0,764110.0,8100.0,-420.0,9.08,28.0,19.0,1.2000008,,11.64,0.0,280.0,,,,,,,,1,1.0,train,148.0,7935.561459541321,733.8260769844055,Uria,29066614B5843755970083
32,west,2016,2798490.0,2798740.0,2798240.0,763830.0,8440.0,120.0,9.64,24.0,17.0,0.30000114,47.0,12.200000000000001,0.56,220.0,,11.64,,,280.0,,0.0,1,1.0,train,148.0,7935.561459541321,733.8260769844055,Uria,29066614B5843755970083
32,west,2017,2798490.0,2798740.0,2798240.0,763610.0,8840.0,0.0,9.24,19.0,16.0,0.80000114,71.0,7.36,0.08,160.0,24.0,12.200000000000001,11.64,,220.0,280.0,0.56,1,1.0,train,148.0,7935.561459541321,733.8260769844055,Uria,29066614B5843755970083
32,west,2018,2798490.0,2798740.0,2798240.0,763450.0,9120.0,0.0,9.4,18.0,18.0,0.80000114,51.0,13.72,2.08,380.0,-20.0,7.36,12.200000000000001,11.64,160.0,220.0,0.08,1,1.0,train,148.0,7935.561459541321,733.8260769844055,Uria,29066614B5843755970083
32,west,2019,2798490.0,2798740.0,2798240.0,763070.0,9460.0,-380.0,10.120000000000001,18.0,0.0,0.80000114,37.0,7.5600000000000005,0.0,80.0,-14.0,13.72,7.36,12.200000000000001,380.0,160.0,2.08,1,1.0,train,148.0,7935.561459541321,733.8260769844055,Uria,29066614B5843755970083
32,west,2020,2798490.0,2798740.0,2798240.0,762990.0,9760.0,-360.0,12.16,18.0,0.0,1.0,54.0,1.4000000000000001,0.0,20.0,17.0,7.5600000000000005,13.72,7.36,80.0,380.0,0.0,1,0.0,train,148.0,7935.561459541321,733.8260769844055,Uria,29066614B5843755970083
32,west,2021,2798490.0,2798740.0,2798240.0,762970.0,9920.0,-60.0,13.4,18.0,0.0,1.0,10.0,0.0,0.0,0.0,-44.0,1.4000000000000001,7.5600000000000005,13.72,20.0,80.0,0.0,1,0.0,train,148.0,7935.561459541321,733.8260769844055,Uria,29066614B5843755970083
32,west,2022,2798490.0,2798740.0,2798240.0,762970.0,9960.0,-40.0,12.88,18.0,0.0,1.0,41.0,0.0,0.0,-20.0,31.0,0.0,1.4000000000000001,7.5600000000000005,0.0,20.0,0.0,1,0.0,train,148.0,7935.561459541321,733.8260769844055,Uria,29066614B5843755970083
32,west,2023,2798490.0,2798740.0,2798240.0,762990.0,10020.0,-40.0,13.0,18.0,0.0,1.0,37.0,1.12,0.0,20.0,-4.0,0.0,0.0,1.4000000000000001,-20.0,0.0,0.0,1,0.0,train,148.0,7935.561459541321,733.8260769844055,Uria,29066614B5843755970083
32,west,2024,2798490.0,2798740.0,2798240.0,762970.0,10220.0,-40.0,14.96,18.0,0.0,1.0,36.0,0.0,0.0,-20.0,-1.0,1.12,0.0,0.0,20.0,-20.0,0.0,1,0.0,train,148.0,7935.561459541321,733.8260769844055,Uria,29066614B5843755970083
32,west,2025,2798490.0,2798740.0,2798240.0,762990.0,10240.0,0.0,14.48,18.0,0.0,1.0,23.0,2.32,0.0,20.0,-13.0,0.0,1.12,0.0,-20.0,20.0,0.0,1,0.0,train,148.0,7935.561459541321,733.8260769844055,Uria,29066614B5843755970083
32,west,2026,2798490.0,2798740.0,2798240.0,762970.0,10300.0,-80.0,13.8,18.0,0.0,1.0,50.0,,,,27.0,2.32,0.0,1.12,20.0,-20.0,0.0,1,,forecast,148.0,7935.561459541321,733.8260769844055,Uria,29066614B5843755970083
33,east,2015,2797990.0,2798240.0,2797740.0,772370.0,7680.0,-40.0,2.2,58.0,34.0,0.5,,3.2,0.08,40.0,,,,,,,,0,0.0,train,198.0,9578.756474494934,586.7561945915222,Erendabari,29066614B33260955984753
33,east,2016,2797990.0,2798240.0,2797740.0,772410.0,8580.0,20.0,1.0,57.0,32.0,0.5,59.0,8.72,0.0,180.0,,3.2,,,40.0,,0.08,0,1.0,train,198.0,9578.756474494934,586.7561945915222,Erendabari,29066614B33260955984753
33,east,2017,2797990.0,2798240.0,2797740.0,772590.0,8860.0,-20.0,1.6400000000000001,49.0,28.0,0.29999924,74.0,6.2,0.04,120.0,15.0,8.72,3.2,,180.0,40.0,0.0,0,1.0,train,198.0,9578.756474494934,586.7561945915222,Erendabari,29066614B33260955984753
33,east,2018,2797990.0,2798240.0,2797740.0,772710.0,9100.0,-20.0,2.36,36.0,22.0,0.20000076,54.0,3.6,0.0,80.0,-20.0,6.2,8.72,3.2,120.0,180.0,0.04,0,0.0,train,198.0,9578.756474494934,586.7561945915222,Erendabari,29066614B33260955984753
33,east,2019,2797990.0,2798240.0,2797740.0,772790.0,9300.0,-80.0,2.16,36.0,18.0,0.29999924,27.0,6.28,0.0,120.0,-27.0,3.6,6.2,8.72,80.0,120.0,0.0,0,1.0,train,198.0,9578.756474494934,586.7561945915222,Erendabari,29066614B33260955984753
33,east,2020,2797990.0,2798240.0,2797740.0,772910.0,9540.0,-20.0,2.64,33.0,14.0,0.29999924,70.0,5.16,0.0,120.0,43.0,6.28,3.6,6.2,120.0,80.0,0.0,0,1.0,train,198.0,9578.756474494934,586.7561945915222,Erendabari,29066614B33260955984753
33,east,2021,2797990.0,2798240.0,2797740.0,773030.0,10000.0,20.0,2.32,30.0,10.0,0.39999962,70.0,3.44,0.0,60.0,0.0,5.16,6.28,3.6,120.0,120.0,0.0,0,0.0,train,198.0,9578.756474494934,586.7561945915222,Erendabari,29066614B33260955984753
33,east,2022,2797990.0,2798240.0,2797740.0,773090.0,10060.0,20.0,2.88,29.0,9.0,0.5,71.0,2.92,0.0,60.0,1.0,3.44,5.16,6.28,60.0,120.0,0.0,0,0.0,train,198.0,9578.756474494934,586.7561945915222,Erendabari,29066614B33260955984753
33,east,2023,2797990.0,2798240.0,2797740.0,773150.0,10040.0,60.0,4.2,26.0,9.0,0.5,66.0,7.48,0.08,160.0,-5.0,2.92,3.44,5.16,60.0,60.0,0.0,0,1.0,train,198.0,9578.756474494934,586.7561945915222,Erendabari,29066614B33260955984753
33,east,2024,2797990.0,2798240.0,2797740.0,773310.0,10280.0,-80.0,7.5200000000000005,18.0,9.0,1.1000004,68.0,6.6000000000000005,0.08,120.0,2.0,7.48,2.92,3.44,160.0,60.0,0.08,0,1.0,train,198.0,9578.756474494934,586.7561945915222,Erendabari,29066614B33260955984753
33,east,2025,2797990.0,2798240.0,2797740.0,773430.0,10400.0,-100.0,11.52,14.0,10.0,1.1000004,71.0,0.0,0.0,20.0,3.0,6.6000000000000005,7.48,2.92,120.0,160.0,0.08,0,0.0,train,198.0,9578.756474494934,586.7561945915222,Erendabari,29066614B33260955984753
33,east,2026,2797990.0,2798240.0,2797740.0,773450.0,10440.0,-100.0,11.52,14.0,10.0,1.1000004,70.0,,,,-1.0,0.0,6.6000000000000005,7.48,20.0,120.0,0.0,0,,forecast,198.0,9578.756474494934,586.7561945915222,Erendabari,29066614B33260955984753
33,west,2015,2797990.0,2798240.0,2797740.0,764690.0,7680.0,100.0,4.24,25.0,20.0,1.0999985,,35.96,0.8,860.0,,,,,,,,1,1.0,train,177.0,9775.591222286224,714.4646611213684,Uria,29066614B5843755970083
33,west,2016,2797990.0,2798240.0,2797740.0,763830.0,8580.0,220.0,13.32,27.0,19.0,1.5,25.0,2.68,0.12,80.0,,35.96,,,860.0,,0.8,1,0.0,train,177.0,9775.591222286224,714.4646611213684,Uria,29066614B5843755970083
33,west,2017,2797990.0,2798240.0,2797740.0,763750.0,8860.0,280.0,14.0,27.0,18.0,1.5,45.0,6.5600000000000005,0.0,140.0,20.0,2.68,35.96,,80.0,860.0,0.12,1,1.0,train,177.0,9775.591222286224,714.4646611213684,Uria,29066614B5843755970083
33,west,2018,2797990.0,2798240.0,2797740.0,763610.0,9100.0,160.0,15.200000000000001,25.0,15.0,1.3000011,19.0,6.32,0.0,120.0,-26.0,6.5600000000000005,2.68,35.96,140.0,80.0,0.0,1,1.0,train,177.0,9775.591222286224,714.4646611213684,Uria,29066614B5843755970083
33,west,2019,2797990.0,2798240.0,2797740.0,763490.0,9300.0,240.0,15.52,26.0,14.0,1.1000004,46.0,6.72,0.04,120.0,27.0,6.32,6.5600000000000005,2.68,120.0,140.0,0.0,1,1.0,train,177.0,9775.591222286224,714.4646611213684,Uria,29066614B5843755970083
33,west,2020,2797990.0,2798240.0,2797740.0,763370.0,9540.0,200.0,16.92,22.0,11.0,1.3000011,56.0,13.84,0.28,340.0,10.0,6.72,6.32,6.5600000000000005,120.0,120.0,0.04,1,1.0,train,177.0,9775.591222286224,714.4646611213684,Uria,29066614B5843755970083
33,west,2021,2797990.0,2798240.0,2797740.0,763030.0,10000.0,40.0,19.0,15.0,0.0,0.8999996,24.0,0.0,0.0,0.0,-32.0,13.84,6.72,6.32,340.0,120.0,0.28,1,0.0,train,177.0,9775.591222286224,714.4646611213684,Uria,29066614B5843755970083
33,west,2022,2797990.0,2798240.0,2797740.0,763030.0,10060.0,60.0,20.400000000000002,15.0,0.0,0.8999996,28.0,0.0,0.0,-40.0,4.0,0.0,13.84,6.72,0.0,340.0,0.0,1,0.0,train,177.0,9775.591222286224,714.4646611213684,Uria,29066614B5843755970083
33,west,2023,2797990.0,2798240.0,2797740.0,763070.0,10040.0,100.0,21.0,15.0,0.0,1.1000004,45.0,4.44,0.0,40.0,17.0,0.0,0.0,13.84,-40.0,0.0,0.0,1,0.0,train,177.0,9775.591222286224,714.4646611213684,Uria,29066614B5843755970083
33,west,2024,2797990.0,2798240.0,2797740.0,763030.0,10280.0,60.0,20.68,15.0,0.0,0.8999996,18.0,0.0,0.0,0.0,-27.0,4.44,0.0,0.0,40.0,-40.0,0.0,1,0.0,train,177.0,9775.591222286224,714.4646611213684,Uria,29066614B5843755970083
33,west,2025,2797990.0,2798240.0,2797740.0,763030.0,10400.0,40.0,20.52,15.0,0.0,0.8999996,70.0,0.84,0.0,0.0,52.0,0.0,4.44,0.0,0.0,40.0,0.0,1,0.0,train,177.0,9775.591222286224,714.4646611213684,Uria,29066614B5843755970083
33,west,2026,2797990.0,2798240.0,2797740.0,763030.0,10440.0,60.0,20.72,15.0,0.0,0.8999996,29.0,,,,-41.0,0.84,0.0,4.44,0.0,0.0,0.0,1,,forecast,177.0,9775.591222286224,714.4646611213684,Uria,29066614B5843755970083
34,east,2015,2797490.0,2797740.0,2797240.0,772490.0,7360.0,1000.0,2.7600000000000002,59.0,36.0,0.80000114,,3.36,0.0,80.0,,,,,,,,0,0.0,train,224.0,9721.302695274353,615.3180513381958,Erendabari,29066614B33260955984753
34,east,2016,2797490.0,2797740.0,2797240.0,772570.0,8960.0,-100.0,2.52,58.0,33.0,0.6000004,62.0,8.44,0.0,160.0,,3.36,,,80.0,,0.0,0,1.0,train,224.0,9721.302695274353,615.3180513381958,Erendabari,29066614B33260955984753
34,east,2017,2797490.0,2797740.0,2797240.0,772730.0,9120.0,-20.0,2.96,55.0,28.0,0.40000153,73.0,5.68,0.0,100.0,11.0,8.44,3.36,,160.0,80.0,0.0,0,1.0,train,224.0,9721.302695274353,615.3180513381958,Erendabari,29066614B33260955984753
34,east,2018,2797490.0,2797740.0,2797240.0,772830.0,9220.0,40.0,3.08,44.0,20.0,0.40000153,33.0,2.96,0.0,80.0,-40.0,5.68,8.44,3.36,100.0,160.0,0.0,0,0.0,train,224.0,9721.302695274353,615.3180513381958,Erendabari,29066614B33260955984753
34,east,2019,2797490.0,2797740.0,2797240.0,772910.0,9220.0,-40.0,3.64,41.0,16.0,0.5,9.0,7.5600000000000005,0.0,140.0,-24.0,2.96,5.68,8.44,80.0,100.0,0.0,0,1.0,train,224.0,9721.302695274353,615.3180513381958,Erendabari,29066614B33260955984753
34,east,2020,2797490.0,2797740.0,2797240.0,773050.0,9500.0,-20.0,4.24,34.0,10.0,0.70000076,70.0,6.640000000000001,0.0,140.0,61.0,7.5600000000000005,2.96,5.68,140.0,80.0,0.0,0,1.0,train,224.0,9721.302695274353,615.3180513381958,Erendabari,29066614B33260955984753
34,east,2021,2797490.0,2797740.0,2797240.0,773190.0,10140.0,160.0,4.2,31.0,10.0,0.70000076,69.0,4.5200000000000005,0.0,80.0,-1.0,6.640000000000001,7.5600000000000005,2.96,140.0,140.0,0.0,0,0.0,train,224.0,9721.302695274353,615.3180513381958,Erendabari,29066614B33260955984753
34,east,2022,2797490.0,2797740.0,2797240.0,773270.0,10240.0,80.0,6.04,28.0,13.0,0.70000076,71.0,3.44,0.0,60.0,2.0,4.5200000000000005,6.640000000000001,7.5600000000000005,80.0,140.0,0.0,0,0.0,train,224.0,9721.302695274353,615.3180513381958,Erendabari,29066614B33260955984753
34,east,2023,2797490.0,2797740.0,2797240.0,773330.0,10280.0,60.0,6.16,21.0,14.0,0.5,60.0,1.28,0.0,20.0,-11.0,3.44,4.5200000000000005,6.640000000000001,60.0,80.0,0.0,0,0.0,train,224.0,9721.302695274353,615.3180513381958,Erendabari,29066614B33260955984753
34,east,2024,2797490.0,2797740.0,2797240.0,773350.0,10320.0,280.0,7.6000000000000005,21.0,14.0,0.5,68.0,8.68,0.08,180.0,8.0,1.28,3.44,4.5200000000000005,20.0,60.0,0.0,0,1.0,train,224.0,9721.302695274353,615.3180513381958,Erendabari,29066614B33260955984753
34,east,2025,2797490.0,2797740.0,2797240.0,773530.0,10500.0,20.0,10.28,10.0,14.0,0.5,70.0,0.0,0.0,0.0,2.0,8.68,1.28,3.44,180.0,20.0,0.08,0,0.0,train,224.0,9721.302695274353,615.3180513381958,Erendabari,29066614B33260955984753
34,east,2026,2797490.0,2797740.0,2797240.0,773530.0,10500.0,360.0,11.48,10.0,14.0,0.5,70.0,,,,0.0,0.0,8.68,1.28,0.0,180.0,0.0,0,,forecast,224.0,9721.302695274353,615.3180513381958,Erendabari,29066614B33260955984753
34,west,2015,2797490.0,2797740.0,2797240.0,765170.0,7360.0,160.0,4.84,35.0,10.0,2.8999996,,33.56,1.04,,,,,,,,,1,1.0,train,109.0,5002.838102340698,730.9381065368652,Uria,29066614B5843755970083
34,west,2016,2797490.0,2797740.0,2797240.0,763610.0,8960.0,80.0,9.120000000000001,31.0,12.0,2.0,25.0,0.0,0.0,0.0,,33.56,,,,,1.04,1,0.0,train,109.0,5002.838102340698,730.9381065368652,Uria,29066614B5843755970083
34,west,2017,2797490.0,2797740.0,2797240.0,763610.0,9120.0,120.0,10.52,31.0,12.0,1.8000011,16.0,0.84,0.0,0.0,-9.0,0.0,33.56,,0.0,,0.0,1,0.0,train,109.0,5002.838102340698,730.9381065368652,Uria,29066614B5843755970083
34,west,2018,2797490.0,2797740.0,2797240.0,763610.0,9220.0,260.0,11.88,31.0,12.0,1.8000011,17.0,0.0,0.0,-60.0,1.0,0.84,0.0,33.56,0.0,0.0,0.0,1,0.0,train,109.0,5002.838102340698,730.9381065368652,Uria,29066614B5843755970083
34,west,2019,2797490.0,2797740.0,2797240.0,763670.0,9220.0,320.0,11.16,31.0,12.0,2.2999992,34.0,5.64,0.0,120.0,17.0,0.0,0.84,0.0,-60.0,0.0,0.0,1,1.0,train,109.0,5002.838102340698,730.9381065368652,Uria,29066614B5843755970083
34,west,2020,2797490.0,2797740.0,2797240.0,763550.0,9500.0,240.0,12.48,30.0,12.0,1.0,24.0,20.6,0.76,500.0,-10.0,5.64,0.0,0.84,120.0,-60.0,0.0,1,1.0,train,109.0,5002.838102340698,730.9381065368652,Uria,29066614B5843755970083
34,west,2021,2797490.0,2797740.0,2797240.0,763050.0,10140.0,-40.0,13.8,12.0,0.0,1.3000011,36.0,0.0,0.0,20.0,12.0,20.6,5.64,0.0,500.0,120.0,0.76,1,0.0,train,109.0,5002.838102340698,730.9381065368652,Uria,29066614B5843755970083
34,west,2022,2797490.0,2797740.0,2797240.0,763030.0,10240.0,-20.0,14.8,12.0,0.0,1.3000011,60.0,0.0,0.0,-20.0,24.0,0.0,20.6,5.64,20.0,500.0,0.0,1,0.0,train,109.0,5002.838102340698,730.9381065368652,Uria,29066614B5843755970083
34,west,2023,2797490.0,2797740.0,2797240.0,763050.0,10280.0,-60.0,14.6,12.0,0.0,1.3000011,17.0,0.72,0.0,20.0,-43.0,0.0,0.0,20.6,-20.0,20.0,0.0,1,0.0,train,109.0,5002.838102340698,730.9381065368652,Uria,29066614B5843755970083
34,west,2024,2797490.0,2797740.0,2797240.0,763030.0,10320.0,0.0,14.200000000000001,12.0,0.0,1.3000011,31.0,0.0,0.0,0.0,14.0,0.72,0.0,0.0,20.0,-20.0,0.0,1,0.0,train,109.0,5002.838102340698,730.9381065368652,Uria,29066614B5843755970083
34,west,2025,2797490.0,2797740.0,2797240.0,763030.0,10500.0,0.0,14.6,12.0,0.0,1.3000011,71.0,0.0,0.0,0.0,40.0,0.0,0.72,0.0,0.0,20.0,0.0,1,0.0,train,109.0,5002.838102340698,730.9381065368652,Uria,29066614B5843755970083
34,west,2026,2797490.0,2797740.0,2797240.0,763030.0,10500.0,0.0,14.200000000000001,12.0,0.0,1.3000011,45.0,,,,-26.0,0.0,0.0,0.72,0.0,0.0,0.0,1,,forecast,109.0,5002.838102340698,730.9381065368652,Uria,29066614B5843755970083
35,east,2015,2796990.0,2797240.0,2796740.0,773610.0,8120.0,-360.0,0.36,22.0,11.0,0.70000076,,0.0,0.0,-980.0,,,,,,,,0,0.0,train,42.0,1799.3789043426514,566.3394355773926,Erendabari,29066614B33260955984753
35,east,2016,2796990.0,2797240.0,2796740.0,772630.0,9300.0,1500.0,0.48,61.0,40.0,0.80000114,34.0,11.64,0.0,220.0,,0.0,,,-980.0,,0.0,0,1.0,train,42.0,1799.3789043426514,566.3394355773926,Erendabari,29066614B33260955984753
35,east,2017,2796990.0,2797240.0,2796740.0,772850.0,9500.0,1280.0,0.72,53.0,28.0,0.39999962,73.0,4.44,0.0,140.0,39.0,11.64,0.0,,220.0,-980.0,0.0,0,0.0,train,42.0,1799.3789043426514,566.3394355773926,Erendabari,29066614B33260955984753
35,east,2018,2796990.0,2797240.0,2796740.0,772990.0,9640.0,20.0,0.92,50.0,22.0,0.70000076,16.0,0.24,0.0,0.0,-57.0,4.44,11.64,0.0,140.0,220.0,0.0,0,0.0,train,42.0,1799.3789043426514,566.3394355773926,Erendabari,29066614B33260955984753
35,east,2019,2796990.0,2797240.0,2796740.0,772990.0,9460.0,80.0,0.84,49.0,22.0,0.70000076,20.0,8.6,0.0,180.0,4.0,0.24,4.44,11.64,0.0,140.0,0.0,0,1.0,train,42.0,1799.3789043426514,566.3394355773926,Erendabari,29066614B33260955984753
35,east,2020,2796990.0,2797240.0,2796740.0,773170.0,9680.0,0.0,0.64,41.0,16.0,0.79999924,70.0,15.68,0.0,340.0,50.0,8.6,0.24,4.44,180.0,0.0,0.0,0,1.0,train,42.0,1799.3789043426514,566.3394355773926,Erendabari,29066614B33260955984753
35,east,2021,2796990.0,2797240.0,2796740.0,773510.0,10240.0,-240.0,0.96,23.0,12.0,0.79999924,40.0,8.0,0.0,20.0,-30.0,15.68,8.6,0.24,340.0,180.0,0.0,0,1.0,train,42.0,1799.3789043426514,566.3394355773926,Erendabari,29066614B33260955984753
35,east,2022,2796990.0,2797240.0,2796740.0,773530.0,10480.0,-140.0,1.32,21.0,11.0,0.79999924,71.0,1.96,0.0,40.0,31.0,8.0,15.68,8.6,20.0,340.0,0.0,0,0.0,train,42.0,1799.3789043426514,566.3394355773926,Erendabari,29066614B33260955984753
35,east,2023,2796990.0,2797240.0,2796740.0,773570.0,10460.0,-40.0,1.52,21.0,10.0,0.79999924,59.0,6.4,0.0,100.0,-12.0,1.96,8.0,15.68,40.0,20.0,0.0,0,1.0,train,42.0,1799.3789043426514,566.3394355773926,Erendabari,29066614B33260955984753
35,east,2024,2796990.0,2797240.0,2796740.0,773670.0,10640.0,-80.0,1.84,19.0,9.0,1.0,24.0,3.08,0.0,-20.0,-35.0,6.4,1.96,8.0,100.0,40.0,0.0,0,0.0,train,42.0,1799.3789043426514,566.3394355773926,Erendabari,29066614B33260955984753
35,east,2025,2796990.0,2797240.0,2796740.0,773650.0,10600.0,40.0,1.84,19.0,9.0,0.5,69.0,2.92,0.0,320.0,45.0,3.08,6.4,1.96,-20.0,100.0,0.0,0,0.0,train,42.0,1799.3789043426514,566.3394355773926,Erendabari,29066614B33260955984753
35,east,2026,2796990.0,2797240.0,2796740.0,773970.0,10920.0,-460.0,2.04,13.0,8.0,1.0,70.0,,,,1.0,2.92,3.08,6.4,320.0,-20.0,0.0,0,,forecast,42.0,1799.3789043426514,566.3394355773926,Erendabari,29066614B33260955984753
35,west,2015,2796990.0,2797240.0,2796740.0,765490.0,8120.0,240.0,3.68,44.0,8.0,3.2999992,,21.48,0.72,,,,,,,,,1,1.0,train,129.0,7038.165380477905,728.764317035675,Uria,29066614B5843755970083
35,west,2016,2796990.0,2797240.0,2796740.0,763310.0,9300.0,-80.0,10.24,22.0,2.0,1.5,8.0,0.32,0.0,-40.0,,21.48,,,,,0.72,1,0.0,train,129.0,7038.165380477905,728.764317035675,Uria,29066614B5843755970083
35,west,2017,2796990.0,2797240.0,2796740.0,763350.0,9500.0,-40.0,10.44,22.0,6.0,1.5,8.0,0.8,0.0,0.0,0.0,0.32,21.48,,-40.0,,0.0,1,0.0,train,129.0,7038.165380477905,728.764317035675,Uria,29066614B5843755970083
35,west,2018,2796990.0,2797240.0,2796740.0,763350.0,9640.0,-20.0,11.120000000000001,22.0,7.0,1.3000011,10.0,0.0,0.0,-180.0,2.0,0.8,0.32,21.48,0.0,-40.0,0.0,1,0.0,train,129.0,7038.165380477905,728.764317035675,Uria,29066614B5843755970083
35,west,2019,2796990.0,2797240.0,2796740.0,763530.0,9460.0,280.0,9.88,20.0,12.0,1.2000008,8.0,1.4000000000000001,0.0,40.0,-2.0,0.0,0.8,0.32,-180.0,0.0,0.0,1,0.0,train,129.0,7038.165380477905,728.764317035675,Uria,29066614B5843755970083
35,west,2020,2796990.0,2797240.0,2796740.0,763490.0,9680.0,280.0,12.72,20.0,12.0,1.1000004,10.0,16.76,0.0,380.0,2.0,1.4000000000000001,0.0,0.8,40.0,-180.0,0.0,1,1.0,train,129.0,7038.165380477905,728.764317035675,Uria,29066614B5843755970083
35,west,2021,2796990.0,2797240.0,2796740.0,763110.0,10240.0,-120.0,13.8,17.0,0.0,1.6999989,55.0,4.6000000000000005,0.0,60.0,45.0,16.76,1.4000000000000001,0.0,380.0,40.0,0.0,1,0.0,train,129.0,7038.165380477905,728.764317035675,Uria,29066614B5843755970083
35,west,2022,2796990.0,2797240.0,2796740.0,763050.0,10480.0,20.0,14.64,16.0,0.0,1.8999996,22.0,0.0,0.0,-40.0,-33.0,4.6000000000000005,16.76,1.4000000000000001,60.0,380.0,0.0,1,0.0,train,129.0,7038.165380477905,728.764317035675,Uria,29066614B5843755970083
35,west,2023,2796990.0,2797240.0,2796740.0,763090.0,10460.0,120.0,14.96,19.0,0.0,1.7999992,53.0,3.44,0.0,60.0,31.0,0.0,4.6000000000000005,16.76,-40.0,60.0,0.0,1,0.0,train,129.0,7038.165380477905,728.764317035675,Uria,29066614B5843755970083
35,west,2024,2796990.0,2797240.0,2796740.0,763030.0,10640.0,-40.0,16.64,16.0,0.0,1.8999996,39.0,0.0,0.0,0.0,-14.0,3.44,0.0,4.6000000000000005,60.0,-40.0,0.0,1,0.0,train,129.0,7038.165380477905,728.764317035675,Uria,29066614B5843755970083
35,west,2025,2796990.0,2797240.0,2796740.0,763030.0,10600.0,20.0,15.6,16.0,0.0,1.8999996,69.0,0.0,0.0,0.0,30.0,0.0,3.44,0.0,0.0,60.0,0.0,1,0.0,train,129.0,7038.165380477905,728.764317035675,Uria,29066614B5843755970083
35,west,2026,2796990.0,2797240.0,2796740.0,763030.0,10920.0,20.0,14.84,16.0,0.0,1.8999996,57.0,,,,-12.0,0.0,0.0,3.44,0.0,0.0,0.0,1,,forecast,129.0,7038.165380477905,728.764317035675,Uria,29066614B5843755970083
36,east,2015,2796490.0,2796740.0,2796240.0,774370.0,8760.0,-840.0,2.64,12.0,2.0,1.3999996,,0.0,0.0,-180.0,,,,,,,,0,0.0,train,100.0,4081.124499320984,584.4809155464172,Erendabari,29066614B33260955984753
36,east,2016,2796490.0,2796740.0,2796240.0,774190.0,11100.0,-1520.0,1.92,14.0,4.0,0.8999996,8.0,7.5600000000000005,0.0,60.0,,0.0,,,-180.0,,0.0,0,1.0,train,100.0,4081.124499320984,584.4809155464172,Erendabari,29066614B33260955984753
36,east,2017,2796490.0,2796740.0,2796240.0,774250.0,11020.0,-1300.0,2.4,14.0,3.0,1.0,15.0,4.88,0.0,,7.0,7.5600000000000005,0.0,,60.0,-180.0,0.0,0,0.0,train,100.0,4081.124499320984,584.4809155464172,Erendabari,29066614B33260955984753
36,east,2018,2796490.0,2796740.0,2796240.0,773170.0,10060.0,40.0,1.2,33.0,16.0,0.69999886,25.0,0.84,0.0,-20.0,10.0,4.88,7.5600000000000005,0.0,,60.0,0.0,0,0.0,train,100.0,4081.124499320984,584.4809155464172,Erendabari,29066614B33260955984753
36,east,2019,2796490.0,2796740.0,2796240.0,773150.0,10040.0,340.0,2.2800000000000002,36.0,16.0,0.70000076,10.0,6.6000000000000005,0.0,140.0,-15.0,0.84,4.88,7.5600000000000005,-20.0,,0.0,0,1.0,train,100.0,4081.124499320984,584.4809155464172,Erendabari,29066614B33260955984753
36,east,2020,2796490.0,2796740.0,2796240.0,773290.0,10140.0,100.0,2.44,31.0,14.0,0.5,69.0,14.52,0.0,300.0,59.0,6.6000000000000005,0.84,4.88,140.0,-20.0,0.0,0,1.0,train,100.0,4081.124499320984,584.4809155464172,Erendabari,29066614B33260955984753
36,east,2021,2796490.0,2796740.0,2796240.0,773590.0,10300.0,360.0,2.32,18.0,13.0,0.70000076,24.0,4.8,0.0,60.0,-45.0,14.52,6.6000000000000005,0.84,300.0,140.0,0.0,0,0.0,train,100.0,4081.124499320984,584.4809155464172,Erendabari,29066614B33260955984753
36,east,2022,2796490.0,2796740.0,2796240.0,773650.0,10600.0,40.0,2.64,16.0,12.0,0.79999924,70.0,3.92,0.0,120.0,46.0,4.8,14.52,6.6000000000000005,60.0,300.0,0.0,0,0.0,train,100.0,4081.124499320984,584.4809155464172,Erendabari,29066614B33260955984753
36,east,2023,2796490.0,2796740.0,2796240.0,773770.0,10740.0,-20.0,2.2800000000000002,15.0,12.0,0.79999924,53.0,13.6,0.0,140.0,-17.0,3.92,4.8,14.52,120.0,60.0,0.0,0,1.0,train,100.0,4081.124499320984,584.4809155464172,Erendabari,29066614B33260955984753
36,east,2024,2796490.0,2796740.0,2796240.0,773910.0,10820.0,-160.0,2.88,14.0,11.0,0.8999996,8.0,1.08,0.0,-100.0,-45.0,13.6,3.92,4.8,140.0,120.0,0.0,0,0.0,train,100.0,4081.124499320984,584.4809155464172,Erendabari,29066614B33260955984753
36,east,2025,2796490.0,2796740.0,2796240.0,773810.0,10800.0,40.0,2.24,14.0,11.0,0.8999996,70.0,3.3200000000000003,0.0,140.0,62.0,1.08,13.6,3.92,-100.0,140.0,0.0,0,0.0,train,100.0,4081.124499320984,584.4809155464172,Erendabari,29066614B33260955984753
36,east,2026,2796490.0,2796740.0,2796240.0,773950.0,10920.0,40.0,2.84,14.0,11.0,0.8999996,63.0,,,,-7.0,3.3200000000000003,1.08,13.6,140.0,-100.0,0.0,0,,forecast,100.0,4081.124499320984,584.4809155464172,Erendabari,29066614B33260955984753
36,west,2015,2796490.0,2796740.0,2796240.0,765570.0,8760.0,-220.0,3.6,52.0,12.0,3.8999996,,14.8,0.12,,,,,,,,,1,1.0,train,116.0,6796.817228317261,671.1024723052979,Udakhali,29066614B49634666788164
36,west,2016,2796490.0,2796740.0,2796240.0,763090.0,11100.0,-200.0,7.0,22.0,3.0,1.6999989,6.0,0.88,0.0,-40.0,,14.8,,,,,0.12,1,0.0,train,116.0,6796.817228317261,671.1024723052979,Udakhali,29066614B49634666788164
36,west,2017,2796490.0,2796740.0,2796240.0,763130.0,11020.0,-100.0,6.68,23.0,2.0,2.1999989,7.0,1.76,0.0,20.0,1.0,0.88,14.8,,-40.0,,0.0,1,0.0,train,116.0,6796.817228317261,671.1024723052979,Udakhali,29066614B49634666788164
36,west,2018,2796490.0,2796740.0,2796240.0,763110.0,10060.0,-240.0,7.640000000000001,23.0,3.0,1.7999992,8.0,0.72,0.0,0.0,1.0,1.76,0.88,14.8,20.0,-40.0,0.0,1,0.0,train,116.0,6796.817228317261,671.1024723052979,Udakhali,29066614B49634666788164
36,west,2019,2796490.0,2796740.0,2796240.0,763110.0,10040.0,-340.0,7.16,22.0,3.0,1.6999989,7.0,0.0,0.0,-40.0,-1.0,0.72,1.76,0.88,0.0,20.0,0.0,1,0.0,train,116.0,6796.817228317261,671.1024723052979,Udakhali,29066614B49634666788164
36,west,2020,2796490.0,2796740.0,2796240.0,763150.0,10140.0,-300.0,8.32,23.0,3.0,1.7999992,7.0,0.04,0.0,-140.0,0.0,0.0,0.72,1.76,-40.0,0.0,0.0,1,0.0,train,116.0,6796.817228317261,671.1024723052979,Udakhali,29066614B49634666788164
36,west,2021,2796490.0,2796740.0,2796240.0,763290.0,10300.0,300.0,7.640000000000001,23.0,4.0,4.0,46.0,11.84,0.0,240.0,39.0,0.04,0.0,0.72,-140.0,-40.0,0.0,1,1.0,train,116.0,6796.817228317261,671.1024723052979,Udakhali,29066614B49634666788164
36,west,2022,2796490.0,2796740.0,2796240.0,763050.0,10600.0,0.0,7.640000000000001,22.0,3.0,1.6999989,13.0,1.36,0.12,40.0,-33.0,11.84,0.04,0.0,240.0,-140.0,0.0,1,0.0,train,116.0,6796.817228317261,671.1024723052979,Udakhali,29066614B49634666788164
36,west,2023,2796490.0,2796740.0,2796240.0,763010.0,10740.0,-40.0,7.92,21.0,4.0,1.6999989,47.0,0.0,0.0,-60.0,34.0,1.36,11.84,0.04,40.0,240.0,0.12,1,0.0,train,116.0,6796.817228317261,671.1024723052979,Udakhali,29066614B49634666788164
36,west,2024,2796490.0,2796740.0,2796240.0,763070.0,10820.0,-60.0,8.44,22.0,3.0,1.7999992,53.0,3.2800000000000002,0.0,60.0,6.0,0.0,1.36,11.84,-60.0,40.0,0.0,1,0.0,train,116.0,6796.817228317261,671.1024723052979,Udakhali,29066614B49634666788164
36,west,2025,2796490.0,2796740.0,2796240.0,763010.0,10800.0,0.0,7.92,21.0,4.0,1.6999989,54.0,0.0,0.0,0.0,1.0,3.2800000000000002,0.0,1.36,60.0,-60.0,0.0,1,0.0,train,116.0,6796.817228317261,671.1024723052979,Udakhali,29066614B49634666788164
36,west,2026,2796490.0,2796740.0,2796240.0,763010.0,10920.0,0.0,8.52,21.0,4.0,1.6999989,60.0,,,,6.0,0.0,3.2800000000000002,0.0,0.0,60.0,0.0,1,,forecast,116.0,6796.817228317261,671.1024723052979,Udakhali,29066614B49634666788164
37,east,2015,2795990.0,2796240.0,2795740.0,774290.0,8400.0,320.0,3.7600000000000002,11.0,3.0,0.9000015,,0.08,0.0,-60.0,,,,,,,,0,0.0,train,208.0,8841.674805641174,577.3389401435852,Erendabari,29066614B33260955984753
37,east,2016,2795990.0,2796240.0,2795740.0,774230.0,11160.0,340.0,3.2,11.0,3.0,0.9000015,8.0,3.96,0.0,120.0,,0.08,,,-60.0,,0.0,0,0.0,train,208.0,8841.674805641174,577.3389401435852,Erendabari,29066614B33260955984753
37,east,2017,2795990.0,2796240.0,2795740.0,774350.0,11340.0,-20.0,3.8000000000000003,11.0,3.0,0.9000015,8.0,3.44,0.0,-960.0,0.0,3.96,0.08,,120.0,-60.0,0.0,0,0.0,train,208.0,8841.674805641174,577.3389401435852,Erendabari,29066614B33260955984753
37,east,2018,2795990.0,2796240.0,2795740.0,773390.0,10260.0,0.0,2.64,17.0,12.0,0.70000076,15.0,6.92,0.0,260.0,7.0,3.44,3.96,0.08,-960.0,120.0,0.0,0,1.0,train,208.0,8841.674805641174,577.3389401435852,Erendabari,29066614B33260955984753
37,east,2019,2795990.0,2796240.0,2795740.0,773650.0,10620.0,-560.0,3.36,15.0,11.0,0.80000114,12.0,3.0,0.0,-140.0,-3.0,6.92,3.44,3.96,260.0,-960.0,0.0,0,0.0,train,208.0,8841.674805641174,577.3389401435852,Erendabari,29066614B33260955984753
37,east,2020,2795990.0,2796240.0,2795740.0,773510.0,10380.0,-140.0,3.12,16.0,11.0,0.6000004,16.0,20.84,0.0,520.0,4.0,3.0,6.92,3.44,-140.0,260.0,0.0,0,1.0,train,208.0,8841.674805641174,577.3389401435852,Erendabari,29066614B33260955984753
37,east,2021,2795990.0,2796240.0,2795740.0,774030.0,10860.0,-720.0,3.08,11.0,7.0,0.80000114,10.0,1.8800000000000001,0.0,-220.0,-6.0,20.84,3.0,6.92,520.0,-140.0,0.0,0,0.0,train,208.0,8841.674805641174,577.3389401435852,Erendabari,29066614B33260955984753
37,east,2022,2795990.0,2796240.0,2795740.0,773810.0,10760.0,-120.0,3.04,13.0,11.0,1.0,37.0,5.0,0.0,140.0,27.0,1.8800000000000001,20.84,3.0,-220.0,520.0,0.0,0,1.0,train,208.0,8841.674805641174,577.3389401435852,Erendabari,29066614B33260955984753
37,east,2023,2795990.0,2796240.0,2795740.0,773950.0,10980.0,-180.0,3.2800000000000002,12.0,10.0,1.0,22.0,3.36,0.0,40.0,-15.0,5.0,1.8800000000000001,20.84,140.0,-220.0,0.0,0,0.0,train,208.0,8841.674805641174,577.3389401435852,Erendabari,29066614B33260955984753
37,east,2024,2795990.0,2796240.0,2795740.0,773990.0,10820.0,-40.0,4.24,12.0,9.0,1.1000004,9.0,1.56,0.0,20.0,-13.0,3.36,5.0,1.8800000000000001,40.0,140.0,0.0,0,0.0,train,208.0,8841.674805641174,577.3389401435852,Erendabari,29066614B33260955984753
37,east,2025,2795990.0,2796240.0,2795740.0,774010.0,11020.0,-100.0,3.92,11.0,8.0,1.1000004,69.0,0.0,0.0,-40.0,60.0,1.56,3.36,5.0,20.0,40.0,0.0,0,0.0,train,208.0,8841.674805641174,577.3389401435852,Erendabari,29066614B33260955984753
37,east,2026,2795990.0,2796240.0,2795740.0,773970.0,10980.0,-180.0,5.5600000000000005,12.0,9.0,1.1000004,69.0,,,,0.0,0.0,1.56,3.36,-40.0,20.0,0.0,0,,forecast,208.0,8841.674805641174,577.3389401435852,Erendabari,29066614B33260955984753
37,west,2015,2795990.0,2796240.0,2795740.0,765870.0,8400.0,600.0,6.96,47.0,34.0,3.1000013,,16.64,0.0,,,,,,,,,1,1.0,train,160.0,9306.367718696594,743.9946689605713,Uria,29066614B5843755970083
37,west,2016,2795990.0,2796240.0,2795740.0,763070.0,11160.0,100.0,14.4,30.0,2.0,2.0,10.0,1.4000000000000001,0.0,60.0,,16.64,,,,,0.0,1,0.0,train,160.0,9306.367718696594,743.9946689605713,Uria,29066614B5843755970083
37,west,2017,2795990.0,2796240.0,2795740.0,763010.0,11340.0,-40.0,14.84,30.0,2.0,2.2999992,18.0,1.44,0.0,-100.0,8.0,1.4000000000000001,16.64,,60.0,,0.0,1,0.0,train,160.0,9306.367718696594,743.9946689605713,Uria,29066614B5843755970083
37,west,2018,2795990.0,2796240.0,2795740.0,763110.0,10260.0,-140.0,15.32,30.0,3.0,2.1000004,9.0,3.64,0.0,80.0,-9.0,1.44,1.4000000000000001,16.64,-100.0,60.0,0.0,1,0.0,train,160.0,9306.367718696594,743.9946689605713,Uria,29066614B5843755970083
37,west,2019,2795990.0,2796240.0,2795740.0,763030.0,10620.0,-120.0,15.8,30.0,2.0,2.0,7.0,0.0,0.0,-80.0,-2.0,3.64,1.44,1.4000000000000001,80.0,-100.0,0.0,1,0.0,train,160.0,9306.367718696594,743.9946689605713,Uria,29066614B5843755970083
37,west,2020,2795990.0,2796240.0,2795740.0,763110.0,10380.0,140.0,15.0,30.0,2.0,2.3999996,7.0,0.08,0.0,-60.0,0.0,0.0,3.64,1.44,-80.0,80.0,0.0,1,0.0,train,160.0,9306.367718696594,743.9946689605713,Uria,29066614B5843755970083
37,west,2021,2795990.0,2796240.0,2795740.0,763170.0,10860.0,100.0,14.68,30.0,2.0,2.5,9.0,4.92,0.0,120.0,2.0,0.08,0.0,3.64,-60.0,-80.0,0.0,1,0.0,train,160.0,9306.367718696594,743.9946689605713,Uria,29066614B5843755970083
37,west,2022,2795990.0,2796240.0,2795740.0,763050.0,10760.0,80.0,16.76,30.0,2.0,2.0,38.0,3.52,0.0,80.0,29.0,4.92,0.08,0.0,120.0,-60.0,0.0,1,0.0,train,160.0,9306.367718696594,743.9946689605713,Uria,29066614B5843755970083
37,west,2023,2795990.0,2796240.0,2795740.0,762970.0,10980.0,0.0,17.6,30.0,4.0,2.0,37.0,0.0,0.0,-200.0,-1.0,3.52,4.92,0.08,80.0,120.0,0.0,1,0.0,train,160.0,9306.367718696594,743.9946689605713,Uria,29066614B5843755970083
37,west,2024,2795990.0,2796240.0,2795740.0,763170.0,10820.0,240.0,15.48,30.0,2.0,2.5,37.0,9.24,0.0,180.0,0.0,0.0,3.52,4.92,-200.0,80.0,0.0,1,1.0,train,160.0,9306.367718696594,743.9946689605713,Uria,29066614B5843755970083
37,west,2025,2795990.0,2796240.0,2795740.0,762990.0,11020.0,60.0,17.2,30.0,4.0,2.0,65.0,0.0,0.0,0.0,28.0,9.24,0.0,3.52,180.0,-200.0,0.0,1,0.0,train,160.0,9306.367718696594,743.9946689605713,Uria,29066614B5843755970083
37,west,2026,2795990.0,2796240.0,2795740.0,762990.0,10980.0,60.0,17.8,30.0,4.0,2.0,56.0,,,,-9.0,0.0,9.24,0.0,0.0,180.0,0.0,1,,forecast,160.0,9306.367718696594,743.9946689605713,Uria,29066614B5843755970083
38,east,2015,2795490.0,2795740.0,2795240.0,774530.0,8960.0,-320.0,3.0,10.0,0.0,0.70000076,,4.4,0.0,80.0,,,,,,,,0,0.0,train,215.0,9558.685202598572,600.251531124115,Erendabari,29066614B33260955984753
38,east,2016,2795490.0,2795740.0,2795240.0,774610.0,11660.0,-500.0,3.16,10.0,0.0,0.70000076,7.0,2.44,0.0,-180.0,,4.4,,,80.0,,0.0,0,0.0,train,215.0,9558.685202598572,600.251531124115,Erendabari,29066614B33260955984753
38,east,2017,2795490.0,2795740.0,2795240.0,774430.0,11500.0,-1300.0,3.72,10.0,0.0,1.0,8.0,1.36,0.0,-820.0,1.0,2.44,4.4,,-180.0,80.0,0.0,0,0.0,train,215.0,9558.685202598572,600.251531124115,Erendabari,29066614B33260955984753
38,east,2018,2795490.0,2795740.0,2795240.0,773610.0,10460.0,-560.0,7.2,15.0,9.0,0.40000153,10.0,0.0,0.0,-20.0,2.0,1.36,2.44,4.4,-820.0,-180.0,0.0,0,0.0,train,215.0,9558.685202598572,600.251531124115,Erendabari,29066614B33260955984753
38,east,2019,2795490.0,2795740.0,2795240.0,773590.0,10460.0,-120.0,6.5600000000000005,17.0,10.0,0.40000153,41.0,2.92,0.0,0.0,31.0,0.0,1.36,2.44,-20.0,-820.0,0.0,0,0.0,train,215.0,9558.685202598572,600.251531124115,Erendabari,29066614B33260955984753
38,east,2020,2795490.0,2795740.0,2795240.0,773590.0,10660.0,-100.0,7.72,17.0,9.0,0.40000153,10.0,13.52,0.0,160.0,-31.0,2.92,0.0,1.36,0.0,-20.0,0.0,0,1.0,train,215.0,9558.685202598572,600.251531124115,Erendabari,29066614B33260955984753
38,east,2021,2795490.0,2795740.0,2795240.0,773750.0,10820.0,400.0,5.72,11.0,10.0,0.5,9.0,4.0,0.04,100.0,-1.0,13.52,2.92,0.0,160.0,0.0,0.0,0,0.0,train,215.0,9558.685202598572,600.251531124115,Erendabari,29066614B33260955984753
38,east,2022,2795490.0,2795740.0,2795240.0,773850.0,10880.0,-60.0,6.6000000000000005,11.0,10.0,1.0,10.0,5.28,0.0,100.0,1.0,4.0,13.52,2.92,100.0,160.0,0.04,0,1.0,train,215.0,9558.685202598572,600.251531124115,Erendabari,29066614B33260955984753
38,east,2023,2795490.0,2795740.0,2795240.0,773950.0,11020.0,0.0,6.08,10.0,10.0,1.6000004,11.0,3.36,0.0,80.0,1.0,5.28,4.0,13.52,100.0,100.0,0.0,0,0.0,train,215.0,9558.685202598572,600.251531124115,Erendabari,29066614B33260955984753
38,east,2024,2795490.0,2795740.0,2795240.0,774030.0,11000.0,-80.0,6.84,10.0,10.0,1.6000004,8.0,4.04,0.0,80.0,-3.0,3.36,5.28,4.0,80.0,100.0,0.0,0,0.0,train,215.0,9558.685202598572,600.251531124115,Erendabari,29066614B33260955984753
38,east,2025,2795490.0,2795740.0,2795240.0,774110.0,11200.0,-200.0,7.32,9.0,10.0,1.6000004,8.0,0.0,0.0,-300.0,0.0,4.04,3.36,5.28,80.0,80.0,0.0,0,0.0,train,215.0,9558.685202598572,600.251531124115,Erendabari,29066614B33260955984753
38,east,2026,2795490.0,2795740.0,2795240.0,773810.0,10960.0,280.0,7.04,11.0,10.0,0.70000076,71.0,,,,63.0,0.0,4.04,3.36,-300.0,80.0,0.0,0,,forecast,215.0,9558.685202598572,600.251531124115,Erendabari,29066614B33260955984753
38,west,2015,2795490.0,2795740.0,2795240.0,765570.0,8960.0,120.0,4.8,29.0,31.0,2.500001,,6.68,0.0,,,,,,,,,1,1.0,train,127.0,6093.880971908569,691.5348420143127,Uria,29066614B5843755970083
38,west,2016,2795490.0,2795740.0,2795240.0,762950.0,11660.0,720.0,10.040000000000001,30.0,3.0,3.3999996,8.0,0.44,0.0,20.0,,6.68,,,,,0.0,1,0.0,train,127.0,6093.880971908569,691.5348420143127,Uria,29066614B5843755970083
38,west,2017,2795490.0,2795740.0,2795240.0,762930.0,11500.0,380.0,11.040000000000001,30.0,3.0,2.3999996,23.0,0.0,0.0,-320.0,15.0,0.44,6.68,,20.0,,0.0,1,0.0,train,127.0,6093.880971908569,691.5348420143127,Uria,29066614B5843755970083
38,west,2018,2795490.0,2795740.0,2795240.0,763250.0,10460.0,1260.0,11.08,24.0,29.0,3.3999996,15.0,6.96,0.0,180.0,-8.0,0.0,0.44,6.68,-320.0,20.0,0.0,1,1.0,train,127.0,6093.880971908569,691.5348420143127,Uria,29066614B5843755970083
38,west,2019,2795490.0,2795740.0,2795240.0,763070.0,10460.0,1160.0,10.48,26.0,3.0,9.299999,8.0,2.7600000000000002,0.0,140.0,-7.0,6.96,0.0,0.44,180.0,-320.0,0.0,1,0.0,train,127.0,6093.880971908569,691.5348420143127,Uria,29066614B5843755970083
38,west,2020,2795490.0,2795740.0,2795240.0,762930.0,10660.0,600.0,11.48,30.0,3.0,2.3999996,8.0,0.32,0.0,-20.0,0.0,2.7600000000000002,6.96,0.0,140.0,180.0,0.0,1,0.0,train,127.0,6093.880971908569,691.5348420143127,Uria,29066614B5843755970083
38,west,2021,2795490.0,2795740.0,2795240.0,762950.0,10820.0,760.0,12.52,29.0,3.0,3.3999996,29.0,0.0,0.0,-20.0,21.0,0.32,2.7600000000000002,6.96,-20.0,140.0,0.0,1,0.0,train,127.0,6093.880971908569,691.5348420143127,Uria,29066614B5843755970083
38,west,2022,2795490.0,2795740.0,2795240.0,762970.0,10880.0,840.0,12.68,28.0,3.0,8.6,52.0,3.08,0.0,40.0,23.0,0.0,0.32,2.7600000000000002,-20.0,-20.0,0.0,1,0.0,train,127.0,6093.880971908569,691.5348420143127,Uria,29066614B5843755970083
38,west,2023,2795490.0,2795740.0,2795240.0,762930.0,11020.0,80.0,14.32,30.0,3.0,3.3999996,41.0,0.0,0.0,-100.0,-11.0,3.08,0.0,0.32,40.0,-20.0,0.0,1,0.0,train,127.0,6093.880971908569,691.5348420143127,Uria,29066614B5843755970083
38,west,2024,2795490.0,2795740.0,2795240.0,763030.0,11000.0,60.0,14.16,26.0,3.0,9.299999,50.0,5.88,0.0,120.0,9.0,0.0,3.08,0.0,-100.0,40.0,0.0,1,1.0,train,127.0,6093.880971908569,691.5348420143127,Uria,29066614B5843755970083
38,west,2025,2795490.0,2795740.0,2795240.0,762910.0,11200.0,80.0,13.040000000000001,30.0,3.0,1.8999996,64.0,0.4,0.0,0.0,14.0,5.88,0.0,3.08,120.0,-100.0,0.0,1,0.0,train,127.0,6093.880971908569,691.5348420143127,Uria,29066614B5843755970083
38,west,2026,2795490.0,2795740.0,2795240.0,762910.0,10960.0,160.0,13.24,30.0,3.0,1.8999996,69.0,,,,5.0,0.4,5.88,0.0,0.0,120.0,0.0,1,,forecast,127.0,6093.880971908569,691.5348420143127,Uria,29066614B5843755970083
39,east,2015,2794990.0,2795240.0,2794740.0,774450.0,9300.0,200.0,2.16,8.0,4.0,0.70000076,,5.44,0.0,40.0,,,,,,,,0,1.0,train,208.0,8644.14540195465,615.1306562423706,Erendabari,29066614B33260955984753
39,east,2016,2794990.0,2795240.0,2794740.0,774490.0,12360.0,200.0,3.08,8.0,0.0,0.5,7.0,1.2,0.0,,,5.44,,,40.0,,0.0,0,0.0,train,208.0,8644.14540195465,615.1306562423706,Erendabari,29066614B33260955984753
39,east,2017,2794990.0,2795240.0,2794740.0,773210.0,10740.0,1480.0,2.08,33.0,15.0,0.39999962,42.0,3.3200000000000003,0.0,60.0,35.0,1.2,5.44,,,40.0,0.0,0,0.0,train,208.0,8644.14540195465,615.1306562423706,Erendabari,29066614B33260955984753
39,east,2018,2794990.0,2795240.0,2794740.0,773270.0,11180.0,500.0,3.52,31.0,14.0,0.39999962,69.0,6.28,0.0,140.0,27.0,3.3200000000000003,1.2,5.44,60.0,,0.0,0,1.0,train,208.0,8644.14540195465,615.1306562423706,Erendabari,29066614B33260955984753
39,east,2019,2794990.0,2795240.0,2794740.0,773410.0,11460.0,260.0,4.96,29.0,13.0,0.39999962,73.0,6.48,0.0,160.0,4.0,6.28,3.3200000000000003,1.2,140.0,60.0,0.0,0,1.0,train,208.0,8644.14540195465,615.1306562423706,Erendabari,29066614B33260955984753
39,east,2020,2794990.0,2795240.0,2794740.0,773570.0,11420.0,100.0,5.24,21.0,12.0,0.79999924,12.0,5.48,0.0,300.0,-61.0,6.48,6.28,3.3200000000000003,160.0,140.0,0.0,0,1.0,train,208.0,8644.14540195465,615.1306562423706,Erendabari,29066614B33260955984753
39,east,2021,2794990.0,2795240.0,2794740.0,773870.0,11900.0,-120.0,5.24,15.0,8.0,1.0,12.0,3.0,0.0,-40.0,0.0,5.48,6.48,6.28,300.0,160.0,0.0,0,0.0,train,208.0,8644.14540195465,615.1306562423706,Erendabari,29066614B33260955984753
39,east,2022,2794990.0,2795240.0,2794740.0,773830.0,11780.0,20.0,6.36,14.0,9.0,1.0,30.0,6.28,0.0,120.0,18.0,3.0,5.48,6.48,-40.0,300.0,0.0,0,1.0,train,208.0,8644.14540195465,615.1306562423706,Erendabari,29066614B33260955984753
39,east,2023,2794990.0,2795240.0,2794740.0,773950.0,11140.0,-40.0,7.5200000000000005,13.0,8.0,1.1000004,13.0,1.12,0.0,40.0,-17.0,6.28,3.0,5.48,120.0,-40.0,0.0,0,0.0,train,208.0,8644.14540195465,615.1306562423706,Erendabari,29066614B33260955984753
39,east,2024,2794990.0,2795240.0,2794740.0,773990.0,11160.0,-60.0,7.32,13.0,8.0,1.1000004,11.0,0.8,0.0,20.0,-2.0,1.12,6.28,3.0,40.0,120.0,0.0,0,0.0,train,208.0,8644.14540195465,615.1306562423706,Erendabari,29066614B33260955984753
39,east,2025,2794990.0,2795240.0,2794740.0,774010.0,11220.0,60.0,6.92,13.0,9.0,1.2000008,9.0,1.16,0.0,-80.0,-2.0,0.8,1.12,6.28,20.0,40.0,0.0,0,0.0,train,208.0,8644.14540195465,615.1306562423706,Erendabari,29066614B33260955984753
39,east,2026,2794990.0,2795240.0,2794740.0,773930.0,11260.0,-1060.0,7.12,14.0,8.0,1.0999985,11.0,,,,2.0,1.16,0.8,1.12,-80.0,20.0,0.0,0,,forecast,208.0,8644.14540195465,615.1306562423706,Erendabari,29066614B33260955984753
39,west,2015,2794990.0,2795240.0,2794740.0,765150.0,9300.0,-180.0,3.64,22.0,23.0,0.8999996,,6.36,0.0,,,,,,,,,1,1.0,train,169.0,8394.956368923187,627.4585523605347,Uria,29066614B5843755970083
39,west,2016,2794990.0,2795240.0,2794740.0,762110.0,12360.0,380.0,11.08,31.0,5.0,0.6000004,7.0,2.44,0.0,-360.0,,6.36,,,,,0.0,1,0.0,train,169.0,8394.956368923187,627.4585523605347,Uria,29066614B5843755970083
39,west,2017,2794990.0,2795240.0,2794740.0,762470.0,10740.0,1140.0,10.92,44.0,5.0,1.1999989,25.0,4.4,0.0,340.0,18.0,2.44,6.36,,-360.0,,0.0,1,0.0,train,169.0,8394.956368923187,627.4585523605347,Uria,29066614B5843755970083
39,west,2018,2794990.0,2795240.0,2794740.0,762130.0,11180.0,0.0,13.16,31.0,5.0,1.0999985,20.0,1.72,0.0,180.0,-5.0,4.4,2.44,6.36,340.0,-360.0,0.0,1,0.0,train,169.0,8394.956368923187,627.4585523605347,Uria,29066614B5843755970083
39,west,2019,2794990.0,2795240.0,2794740.0,761950.0,11460.0,-40.0,12.68,29.0,4.0,0.6000004,54.0,0.0,0.0,-200.0,34.0,1.72,4.4,2.44,180.0,340.0,0.0,1,0.0,train,169.0,8394.956368923187,627.4585523605347,Uria,29066614B5843755970083
39,west,2020,2794990.0,2795240.0,2794740.0,762150.0,11420.0,480.0,15.6,31.0,5.0,1.0999985,25.0,1.8800000000000001,0.0,180.0,-29.0,0.0,1.72,4.4,-200.0,180.0,0.0,1,0.0,train,169.0,8394.956368923187,627.4585523605347,Uria,29066614B5843755970083
39,west,2021,2794990.0,2795240.0,2794740.0,761970.0,11900.0,60.0,14.040000000000001,29.0,5.0,1.2000008,8.0,4.92,0.0,-80.0,-17.0,1.8800000000000001,0.0,1.72,180.0,-200.0,0.0,1,0.0,train,169.0,8394.956368923187,627.4585523605347,Uria,29066614B5843755970083
39,west,2022,2794990.0,2795240.0,2794740.0,762050.0,11780.0,-80.0,12.4,30.0,7.0,1.1000004,9.0,0.28,0.0,-760.0,1.0,4.92,1.8800000000000001,0.0,-80.0,180.0,0.0,1,0.0,train,169.0,8394.956368923187,627.4585523605347,Uria,29066614B5843755970083
39,west,2023,2794990.0,2795240.0,2794740.0,762810.0,11140.0,780.0,11.72,38.0,24.0,2.5999985,61.0,0.0,0.0,-20.0,52.0,0.28,4.92,1.8800000000000001,-760.0,-80.0,0.0,1,0.0,train,169.0,8394.956368923187,627.4585523605347,Uria,29066614B5843755970083
39,west,2024,2794990.0,2795240.0,2794740.0,762830.0,11160.0,1160.0,11.68,46.0,29.0,2.3999996,55.0,2.52,0.0,80.0,-6.0,0.0,0.28,4.92,-20.0,-760.0,0.0,1,0.0,train,169.0,8394.956368923187,627.4585523605347,Uria,29066614B5843755970083
39,west,2025,2794990.0,2795240.0,2794740.0,762750.0,11220.0,-60.0,9.96,50.0,33.0,3.3999996,51.0,4.28,0.0,80.0,-4.0,2.52,0.0,0.28,80.0,-20.0,0.0,1,0.0,train,169.0,8394.956368923187,627.4585523605347,Uria,29066614B5843755970083
39,west,2026,2794990.0,2795240.0,2794740.0,762670.0,11260.0,-60.0,10.96,50.0,30.0,2.6000004,70.0,,,,19.0,4.28,2.52,0.0,80.0,80.0,0.0,1,,forecast,169.0,8394.956368923187,627.4585523605347,Uria,29066614B5843755970083
40,east,2015,2794490.0,2794740.0,2794240.0,774570.0,9660.0,-340.0,5.28,8.0,0.0,0.20000076,,1.32,0.0,0.0,,,,,,,,0,0.0,train,266.0,11101.702231407166,543.9889249801636,Erendabari,29066614B33260955984753
40,east,2016,2794490.0,2794740.0,2794240.0,774570.0,13680.0,-300.0,7.72,8.0,0.0,0.20000076,7.0,0.2,0.0,,,1.32,,,0.0,,0.0,0,0.0,train,266.0,11101.702231407166,543.9889249801636,Erendabari,29066614B33260955984753
40,east,2017,2794490.0,2794740.0,2794240.0,773470.0,12600.0,-60.0,3.72,31.0,12.0,1.0,63.0,0.32,0.0,-40.0,56.0,0.2,1.32,,,0.0,0.0,0,0.0,train,266.0,11101.702231407166,543.9889249801636,Erendabari,29066614B33260955984753
40,east,2018,2794490.0,2794740.0,2794240.0,773430.0,12420.0,-60.0,5.16,31.0,13.0,1.0999985,69.0,4.68,0.0,60.0,6.0,0.32,0.2,1.32,-40.0,,0.0,0,0.0,train,266.0,11101.702231407166,543.9889249801636,Erendabari,29066614B33260955984753
40,east,2019,2794490.0,2794740.0,2794240.0,773490.0,12620.0,20.0,6.24,31.0,12.0,1.0,73.0,6.16,0.04,160.0,4.0,4.68,0.32,0.2,60.0,-40.0,0.0,0,1.0,train,266.0,11101.702231407166,543.9889249801636,Erendabari,29066614B33260955984753
40,east,2020,2794490.0,2794740.0,2794240.0,773650.0,12680.0,-280.0,6.32,19.0,11.0,0.5999985,9.0,10.64,0.0,220.0,-64.0,6.16,4.68,0.32,160.0,60.0,0.04,0,1.0,train,266.0,11101.702231407166,543.9889249801636,Erendabari,29066614B33260955984753
40,east,2021,2794490.0,2794740.0,2794240.0,773870.0,12900.0,0.0,10.08,13.0,8.0,0.30000114,10.0,0.0,0.0,-40.0,1.0,10.64,6.16,4.68,220.0,160.0,0.0,0,0.0,train,266.0,11101.702231407166,543.9889249801636,Erendabari,29066614B33260955984753
40,east,2022,2794490.0,2794740.0,2794240.0,773830.0,12620.0,60.0,10.64,14.0,9.0,0.30000114,26.0,4.32,0.0,80.0,16.0,0.0,10.64,6.16,-40.0,220.0,0.0,0,0.0,train,266.0,11101.702231407166,543.9889249801636,Erendabari,29066614B33260955984753
40,east,2023,2794490.0,2794740.0,2794240.0,773910.0,12020.0,-100.0,11.6,12.0,8.0,0.30000114,13.0,0.0,0.0,-20.0,-13.0,4.32,0.0,10.64,80.0,-40.0,0.0,0,0.0,train,266.0,11101.702231407166,543.9889249801636,Erendabari,29066614B33260955984753
40,east,2024,2794490.0,2794740.0,2794240.0,773890.0,12280.0,-340.0,12.96,12.0,9.0,0.30000114,10.0,4.92,0.0,80.0,-3.0,0.0,4.32,0.0,-20.0,80.0,0.0,0,0.0,train,266.0,11101.702231407166,543.9889249801636,Erendabari,29066614B33260955984753
40,east,2025,2794490.0,2794740.0,2794240.0,773970.0,11320.0,-80.0,12.52,12.0,8.0,0.30000114,9.0,0.0,0.0,-980.0,-1.0,4.92,0.0,4.32,80.0,-20.0,0.0,0,0.0,train,266.0,11101.702231407166,543.9889249801636,Erendabari,29066614B33260955984753
40,east,2026,2794490.0,2794740.0,2794240.0,772990.0,10520.0,920.0,8.16,35.0,30.0,0.5999985,15.0,,,,6.0,0.0,4.92,0.0,-980.0,80.0,0.0,0,,forecast,266.0,11101.702231407166,543.9889249801636,Erendabari,29066614B33260955984753
40,west,2015,2794490.0,2794740.0,2794240.0,764910.0,9660.0,80.0,3.3200000000000003,22.0,19.0,1.3999996,,12.36,0.0,,,,,,,,,1,1.0,train,43.0,1869.9590110778809,578.0593152046204,Udakhali,29066614B49634666788164
40,west,2016,2794490.0,2794740.0,2794240.0,760890.0,13680.0,-880.0,9.040000000000001,19.0,0.0,1.2000008,7.0,0.0,0.0,20.0,,12.36,,,,,0.0,1,0.0,train,43.0,1869.9590110778809,578.0593152046204,Udakhali,29066614B49634666788164
40,west,2017,2794490.0,2794740.0,2794240.0,760870.0,12600.0,-1260.0,9.36,19.0,0.0,1.2000008,8.0,0.0,0.0,-140.0,1.0,0.0,12.36,,20.0,,0.0,1,0.0,train,43.0,1869.9590110778809,578.0593152046204,Udakhali,29066614B49634666788164
40,west,2018,2794490.0,2794740.0,2794240.0,761010.0,12420.0,-760.0,9.64,19.0,0.0,1.2000008,8.0,6.96,0.04,140.0,0.0,0.0,0.0,12.36,-140.0,20.0,0.0,1,1.0,train,43.0,1869.9590110778809,578.0593152046204,Udakhali,29066614B49634666788164
40,west,2019,2794490.0,2794740.0,2794240.0,760870.0,12620.0,-780.0,9.16,19.0,0.0,0.80000114,25.0,0.04,0.0,-20.0,17.0,6.96,0.0,0.0,140.0,-140.0,0.04,1,0.0,train,43.0,1869.9590110778809,578.0593152046204,Udakhali,29066614B49634666788164
40,west,2020,2794490.0,2794740.0,2794240.0,760890.0,12680.0,-900.0,10.48,19.0,0.0,0.80000114,24.0,0.0,0.0,-40.0,-1.0,0.04,6.96,0.0,-20.0,140.0,0.0,1,0.0,train,43.0,1869.9590110778809,578.0593152046204,Udakhali,29066614B49634666788164
40,west,2021,2794490.0,2794740.0,2794240.0,760930.0,12900.0,-660.0,8.52,19.0,0.0,1.0,9.0,7.04,0.0,-280.0,-15.0,0.0,0.04,6.96,-40.0,-20.0,0.0,1,1.0,train,43.0,1869.9590110778809,578.0593152046204,Udakhali,29066614B49634666788164
40,west,2022,2794490.0,2794740.0,2794240.0,761210.0,12620.0,-180.0,9.68,17.0,6.0,0.79999924,7.0,0.0,0.0,-700.0,-2.0,7.04,0.0,0.04,-280.0,-40.0,0.0,1,0.0,train,43.0,1869.9590110778809,578.0593152046204,Udakhali,29066614B49634666788164
40,west,2023,2794490.0,2794740.0,2794240.0,761910.0,12020.0,240.0,6.68,33.0,20.0,1.3999996,8.0,4.48,0.0,440.0,1.0,0.0,7.04,0.0,-700.0,-280.0,0.0,1,0.0,train,43.0,1869.9590110778809,578.0593152046204,Udakhali,29066614B49634666788164
40,west,2024,2794490.0,2794740.0,2794240.0,761470.0,12280.0,-700.0,5.08,26.0,18.0,1.4000015,8.0,0.0,0.0,,0.0,4.48,0.0,7.04,440.0,-700.0,0.0,1,0.0,train,43.0,1869.9590110778809,578.0593152046204,Udakhali,29066614B49634666788164
40,west,2025,2794490.0,2794740.0,2794240.0,762650.0,11320.0,380.0,2.32,40.0,39.0,1.0999994,71.0,6.16,0.0,160.0,63.0,0.0,4.48,0.0,,440.0,0.0,1,1.0,train,43.0,1869.9590110778809,578.0593152046204,Udakhali,29066614B49634666788164
40,west,2026,2794490.0,2794740.0,2794240.0,762490.0,10520.0,-40.0,3.04,38.0,35.0,1.0999994,71.0,,,,0.0,6.16,0.0,4.48,160.0,,0.0,1,,forecast,43.0,1869.9590110778809,578.0593152046204,Udakhali,29066614B49634666788164
41,east,2015,2793990.0,2794240.0,2793740.0,774350.0,9960.0,40.0,6.48,8.0,0.0,0.39999962,,1.4000000000000001,0.0,0.0,,,,,,,,0,0.0,train,218.0,8333.583605766296,560.5159487724304,Erendabari,29066614B33260955984753
41,east,2016,2793990.0,2794240.0,2793740.0,774350.0,13820.0,-1160.0,8.52,8.0,0.0,0.39999962,7.0,0.0,0.0,-680.0,,1.4000000000000001,,,0.0,,0.0,0,0.0,train,218.0,8333.583605766296,560.5159487724304,Erendabari,29066614B33260955984753
41,east,2017,2793990.0,2794240.0,2793740.0,773670.0,13140.0,-260.0,2.84,28.0,12.0,0.8999996,46.0,0.32,0.0,-140.0,39.0,0.0,1.4000000000000001,,-680.0,0.0,0.0,0,0.0,train,218.0,8333.583605766296,560.5159487724304,Erendabari,29066614B33260955984753
41,east,2018,2793990.0,2794240.0,2793740.0,773530.0,12920.0,60.0,4.32,33.0,15.0,1.0,69.0,1.96,0.0,60.0,23.0,0.32,0.0,1.4000000000000001,-140.0,-680.0,0.0,0,0.0,train,218.0,8333.583605766296,560.5159487724304,Erendabari,29066614B33260955984753
41,east,2019,2793990.0,2794240.0,2793740.0,773590.0,13020.0,0.0,4.72,33.0,15.0,1.0,73.0,4.64,0.0,-140.0,4.0,1.96,0.32,0.0,60.0,-140.0,0.0,0,0.0,train,218.0,8333.583605766296,560.5159487724304,Erendabari,29066614B33260955984753
41,east,2020,2793990.0,2794240.0,2793740.0,773450.0,12920.0,640.0,5.16,32.0,14.0,1.0,29.0,12.84,0.0,420.0,-44.0,4.64,1.96,0.32,-140.0,60.0,0.0,0,1.0,train,218.0,8333.583605766296,560.5159487724304,Erendabari,29066614B33260955984753
41,east,2021,2793990.0,2794240.0,2793740.0,773870.0,13340.0,60.0,7.24,16.0,8.0,0.69999886,9.0,1.16,0.0,20.0,-20.0,12.84,4.64,1.96,420.0,-140.0,0.0,0,0.0,train,218.0,8333.583605766296,560.5159487724304,Erendabari,29066614B33260955984753
41,east,2022,2793990.0,2794240.0,2793740.0,773890.0,13340.0,40.0,8.92,16.0,8.0,0.69999886,8.0,0.48,0.0,-120.0,-1.0,1.16,12.84,4.64,20.0,420.0,0.0,0,0.0,train,218.0,8333.583605766296,560.5159487724304,Erendabari,29066614B33260955984753
41,east,2023,2793990.0,2794240.0,2793740.0,773770.0,13000.0,-120.0,7.96,22.0,9.0,0.8999996,15.0,0.0,0.0,-320.0,7.0,0.48,1.16,12.84,-120.0,20.0,0.0,0,0.0,train,218.0,8333.583605766296,560.5159487724304,Erendabari,29066614B33260955984753
41,east,2024,2793990.0,2794240.0,2793740.0,773450.0,12640.0,600.0,6.76,34.0,15.0,1.0,13.0,2.72,0.0,400.0,-2.0,0.0,0.48,1.16,-320.0,-120.0,0.0,0,0.0,train,218.0,8333.583605766296,560.5159487724304,Erendabari,29066614B33260955984753
41,east,2025,2793990.0,2794240.0,2793740.0,773850.0,11600.0,-800.0,7.84,18.0,10.0,0.8999996,9.0,1.68,0.0,-880.0,-4.0,2.72,0.0,0.48,400.0,-320.0,0.0,0,0.0,train,218.0,8333.583605766296,560.5159487724304,Erendabari,29066614B33260955984753
41,east,2026,2793990.0,2794240.0,2793740.0,772970.0,10700.0,600.0,6.28,44.0,34.0,1.5,8.0,,,,-1.0,1.68,2.72,0.0,-880.0,400.0,0.0,0,,forecast,218.0,8333.583605766296,560.5159487724304,Erendabari,29066614B33260955984753
41,west,2015,2793990.0,2794240.0,2793740.0,764590.0,9960.0,240.0,0.52,14.0,21.0,2.2000008,,37.24,0.0,,,,,,,,,1,1.0,train,49.0,1701.0473003387451,552.8715579509735,Udakhali,29066614B49634666788164
41,west,2016,2793990.0,2794240.0,2793740.0,760550.0,13820.0,-300.0,12.120000000000001,16.0,3.0,0.6000004,7.0,0.28,0.0,20.0,,37.24,,,,,0.0,1,0.0,train,49.0,1701.0473003387451,552.8715579509735,Udakhali,29066614B49634666788164
41,west,2017,2793990.0,2794240.0,2793740.0,760530.0,13140.0,-260.0,11.200000000000001,16.0,3.0,0.6000004,20.0,0.0,0.0,-120.0,13.0,0.28,37.24,,20.0,,0.0,1,0.0,train,49.0,1701.0473003387451,552.8715579509735,Udakhali,29066614B49634666788164
41,west,2018,2793990.0,2794240.0,2793740.0,760650.0,12920.0,-200.0,10.52,15.0,9.0,0.79999924,9.0,5.76,0.0,80.0,-11.0,0.0,0.28,37.24,-120.0,20.0,0.0,1,1.0,train,49.0,1701.0473003387451,552.8715579509735,Udakhali,29066614B49634666788164
41,west,2019,2793990.0,2794240.0,2793740.0,760570.0,13020.0,-360.0,11.28,16.0,4.0,0.69999886,8.0,1.8,0.0,40.0,-1.0,5.76,0.0,0.28,80.0,-120.0,0.0,1,0.0,train,49.0,1701.0473003387451,552.8715579509735,Udakhali,29066614B49634666788164
41,west,2020,2793990.0,2794240.0,2793740.0,760530.0,12920.0,-260.0,13.52,16.0,3.0,0.6000004,16.0,0.0,0.0,-20.0,8.0,1.8,5.76,0.0,40.0,80.0,0.0,1,0.0,train,49.0,1701.0473003387451,552.8715579509735,Udakhali,29066614B49634666788164
41,west,2021,2793990.0,2794240.0,2793740.0,760550.0,13340.0,-220.0,12.52,16.0,3.0,0.6000004,8.0,0.0,0.0,0.0,-8.0,0.0,1.8,5.76,-20.0,40.0,0.0,1,0.0,train,49.0,1701.0473003387451,552.8715579509735,Udakhali,29066614B49634666788164
41,west,2022,2793990.0,2794240.0,2793740.0,760550.0,13340.0,-480.0,12.64,16.0,3.0,0.6000004,11.0,0.0,0.0,-220.0,3.0,0.0,0.0,1.8,0.0,-20.0,0.0,1,0.0,train,49.0,1701.0473003387451,552.8715579509735,Udakhali,29066614B49634666788164
41,west,2023,2793990.0,2794240.0,2793740.0,760770.0,13000.0,-740.0,11.16,15.0,8.0,1.2000008,8.0,5.44,0.0,-40.0,-3.0,0.0,0.0,0.0,-220.0,0.0,0.0,1,1.0,train,49.0,1701.0473003387451,552.8715579509735,Udakhali,29066614B49634666788164
41,west,2024,2793990.0,2794240.0,2793740.0,760810.0,12640.0,-220.0,11.72,15.0,6.0,1.2000008,8.0,0.0,0.0,,0.0,5.44,0.0,0.0,-40.0,-220.0,0.0,1,0.0,train,49.0,1701.0473003387451,552.8715579509735,Udakhali,29066614B49634666788164
41,west,2025,2793990.0,2794240.0,2793740.0,762170.0,11600.0,-800.0,2.36,18.0,24.0,4.299999,9.0,1.4000000000000001,0.0,-180.0,1.0,0.0,5.44,0.0,,-40.0,0.0,1,0.0,train,49.0,1701.0473003387451,552.8715579509735,Udakhali,29066614B49634666788164
41,west,2026,2793990.0,2794240.0,2793740.0,762350.0,10700.0,-140.0,2.2800000000000002,18.0,21.0,4.1000004,68.0,,,,59.0,1.4000000000000001,0.0,5.44,-180.0,,0.0,1,,forecast,49.0,1701.0473003387451,552.8715579509735,Udakhali,29066614B49634666788164
42,east,2015,2793490.0,2793740.0,2793240.0,774170.0,10140.0,-200.0,6.08,13.0,0.0,0.19999886,,1.4000000000000001,0.0,,,,,,,,,0,0.0,train,297.0,13513.8906955719,671.9948506355286,Chikajani,29066614B96981412293624
42,east,2016,2793490.0,2793740.0,2793240.0,772970.0,12460.0,1560.0,3.96,53.0,39.0,0.5,62.0,22.44,0.0,640.0,,1.4000000000000001,,,,,0.0,0,1.0,train,297.0,13513.8906955719,671.9948506355286,Chikajani,29066614B96981412293624
42,east,2017,2793490.0,2793740.0,2793240.0,773610.0,13180.0,-120.0,9.64,37.0,14.0,1.0,61.0,6.0,0.0,80.0,-1.0,22.44,1.4000000000000001,,640.0,,0.0,0,1.0,train,297.0,13513.8906955719,671.9948506355286,Chikajani,29066614B96981412293624
42,east,2018,2793490.0,2793740.0,2793240.0,773690.0,13200.0,-60.0,12.24,34.0,14.0,0.8999996,29.0,0.0,0.0,0.0,-32.0,6.0,22.44,1.4000000000000001,80.0,640.0,0.0,0,0.0,train,297.0,13513.8906955719,671.9948506355286,Chikajani,29066614B96981412293624
42,east,2019,2793490.0,2793740.0,2793240.0,773690.0,13080.0,40.0,12.36,33.0,14.0,0.8999996,72.0,11.120000000000001,0.0,200.0,43.0,0.0,6.0,22.44,0.0,80.0,0.0,0,1.0,train,297.0,13513.8906955719,671.9948506355286,Chikajani,29066614B96981412293624
42,east,2020,2793490.0,2793740.0,2793240.0,773890.0,13460.0,-360.0,14.76,23.0,9.0,0.0,64.0,1.72,0.0,40.0,-8.0,11.120000000000001,0.0,6.0,200.0,0.0,0.0,0,0.0,train,297.0,13513.8906955719,671.9948506355286,Chikajani,29066614B96981412293624
42,east,2021,2793490.0,2793740.0,2793240.0,773930.0,13520.0,-20.0,13.08,22.0,9.0,0.0,9.0,3.2800000000000002,0.0,60.0,-55.0,1.72,11.120000000000001,0.0,40.0,200.0,0.0,0,0.0,train,297.0,13513.8906955719,671.9948506355286,Chikajani,29066614B96981412293624
42,east,2022,2793490.0,2793740.0,2793240.0,773990.0,13620.0,-120.0,14.36,19.0,8.0,0.19999886,7.0,0.0,0.0,-480.0,-2.0,3.2800000000000002,1.72,11.120000000000001,60.0,40.0,0.0,0,0.0,train,297.0,13513.8906955719,671.9948506355286,Chikajani,29066614B96981412293624
42,east,2023,2793490.0,2793740.0,2793240.0,773510.0,13140.0,100.0,13.6,38.0,16.0,1.0,25.0,3.96,0.0,100.0,18.0,0.0,3.2800000000000002,1.72,-480.0,60.0,0.0,0,0.0,train,297.0,13513.8906955719,671.9948506355286,Chikajani,29066614B96981412293624
42,east,2024,2793490.0,2793740.0,2793240.0,773610.0,13240.0,-220.0,15.32,37.0,14.0,1.0,12.0,0.0,0.0,-680.0,-13.0,3.96,0.0,3.2800000000000002,100.0,-480.0,0.0,0,0.0,train,297.0,13513.8906955719,671.9948506355286,Chikajani,29066614B96981412293624
42,east,2025,2793490.0,2793740.0,2793240.0,772930.0,10460.0,1320.0,6.48,51.0,39.0,0.6000004,15.0,7.76,0.0,620.0,3.0,0.0,3.96,0.0,-680.0,100.0,0.0,0,1.0,train,297.0,13513.8906955719,671.9948506355286,Chikajani,29066614B96981412293624
42,east,2026,2793490.0,2793740.0,2793240.0,773550.0,11200.0,-740.0,16.6,38.0,15.0,1.0,8.0,,,,-7.0,7.76,0.0,3.96,620.0,-680.0,0.0,0,,forecast,297.0,13513.8906955719,671.9948506355286,Chikajani,29066614B96981412293624
42,west,2015,2793490.0,2793740.0,2793240.0,764030.0,10140.0,-460.0,3.2,11.0,13.0,1.7999992,,37.800000000000004,0.0,,,,,,,,,1,1.0,train,138.0,5037.975306510925,460.9090418815613,Gazaria,29066614B22549105649922
42,west,2016,2793490.0,2793740.0,2793240.0,760510.0,12460.0,-140.0,7.68,15.0,3.0,1.1000004,8.0,2.56,0.08,60.0,,37.800000000000004,,,,,0.0,1,0.0,train,138.0,5037.975306510925,460.9090418815613,Gazaria,29066614B22549105649922
42,west,2017,2793490.0,2793740.0,2793240.0,760450.0,13180.0,-200.0,7.5600000000000005,15.0,0.0,0.8999996,9.0,0.0,0.0,-40.0,1.0,2.56,37.800000000000004,,60.0,,0.08,1,0.0,train,138.0,5037.975306510925,460.9090418815613,Gazaria,29066614B22549105649922
42,west,2018,2793490.0,2793740.0,2793240.0,760490.0,13200.0,-260.0,7.0,16.0,6.0,1.2999992,9.0,3.08,0.0,-140.0,0.0,0.0,2.56,37.800000000000004,-40.0,60.0,0.0,1,0.0,train,138.0,5037.975306510925,460.9090418815613,Gazaria,29066614B22549105649922
42,west,2019,2793490.0,2793740.0,2793240.0,760630.0,13080.0,-60.0,6.68,18.0,10.0,0.79999924,8.0,5.36,0.0,200.0,-1.0,3.08,0.0,2.56,-140.0,-40.0,0.0,1,1.0,train,138.0,5037.975306510925,460.9090418815613,Gazaria,29066614B22549105649922
42,west,2020,2793490.0,2793740.0,2793240.0,760430.0,13460.0,-200.0,8.52,15.0,0.0,0.8999996,9.0,1.6400000000000001,0.08,40.0,1.0,5.36,3.08,0.0,200.0,-140.0,0.0,1,0.0,train,138.0,5037.975306510925,460.9090418815613,Gazaria,29066614B22549105649922
42,west,2021,2793490.0,2793740.0,2793240.0,760390.0,13520.0,-200.0,7.5200000000000005,15.0,0.0,0.8999996,9.0,0.0,0.0,20.0,0.0,1.6400000000000001,5.36,3.08,40.0,200.0,0.08,1,0.0,train,138.0,5037.975306510925,460.9090418815613,Gazaria,29066614B22549105649922
42,west,2022,2793490.0,2793740.0,2793240.0,760370.0,13620.0,-240.0,8.16,15.0,0.0,0.8999996,9.0,0.0,0.0,0.0,0.0,0.0,1.6400000000000001,5.36,20.0,40.0,0.0,1,0.0,train,138.0,5037.975306510925,460.9090418815613,Gazaria,29066614B22549105649922
42,west,2023,2793490.0,2793740.0,2793240.0,760370.0,13140.0,-2420.0,8.72,15.0,0.0,0.8999996,8.0,0.0,0.0,0.0,-1.0,0.0,0.0,1.6400000000000001,0.0,20.0,0.0,1,0.0,train,138.0,5037.975306510925,460.9090418815613,Gazaria,29066614B22549105649922
42,west,2024,2793490.0,2793740.0,2793240.0,760370.0,13240.0,-2700.0,9.16,15.0,0.0,0.8999996,8.0,0.0,0.0,,0.0,0.0,0.0,0.0,0.0,0.0,0.0,1,0.0,train,138.0,5037.975306510925,460.9090418815613,Gazaria,29066614B22549105649922
42,west,2025,2793490.0,2793740.0,2793240.0,762490.0,10460.0,320.0,5.36,20.0,16.0,3.0999985,67.0,3.84,0.0,140.0,59.0,0.0,0.0,0.0,,0.0,0.0,1,0.0,train,138.0,5037.975306510925,460.9090418815613,Gazaria,29066614B22549105649922
42,west,2026,2793490.0,2793740.0,2793240.0,762350.0,11200.0,-80.0,5.5200000000000005,18.0,16.0,4.0,60.0,,,,-7.0,3.84,0.0,0.0,140.0,,0.0,1,,forecast,138.0,5037.975306510925,460.9090418815613,Gazaria,29066614B22549105649922
43,east,2015,2792990.0,2793240.0,2792740.0,773790.0,9880.0,180.0,8.8,24.0,0.0,1.5,,0.0,0.0,-640.0,,,,,,,,0,0.0,train,405.0,18982.973571777344,959.1920018196106,Chikajani,29066614B96981412293624
43,east,2016,2792990.0,2793240.0,2792740.0,773150.0,12520.0,-40.0,7.28,45.0,34.0,0.79999924,13.0,12.64,0.0,280.0,,0.0,,,-640.0,,0.0,0,1.0,train,405.0,18982.973571777344,959.1920018196106,Chikajani,29066614B96981412293624
43,east,2017,2792990.0,2793240.0,2792740.0,773430.0,12860.0,180.0,10.120000000000001,37.0,22.0,1.3999996,61.0,17.68,0.0,360.0,48.0,12.64,0.0,,280.0,-640.0,0.0,0,1.0,train,405.0,18982.973571777344,959.1920018196106,Chikajani,29066614B96981412293624
43,east,2018,2792990.0,2793240.0,2792740.0,773790.0,13220.0,-140.0,16.8,25.0,0.0,1.5,16.0,1.2,0.0,40.0,-45.0,17.68,12.64,0.0,360.0,280.0,0.0,0,0.0,train,405.0,18982.973571777344,959.1920018196106,Chikajani,29066614B96981412293624
43,east,2019,2792990.0,2793240.0,2792740.0,773830.0,13060.0,-120.0,18.16,24.0,0.0,1.3999996,42.0,7.36,0.4,140.0,26.0,1.2,17.68,12.64,40.0,360.0,0.0,0,1.0,train,405.0,18982.973571777344,959.1920018196106,Chikajani,29066614B96981412293624
43,east,2020,2792990.0,2793240.0,2792740.0,773970.0,13440.0,-60.0,18.96,22.0,0.0,1.0999985,70.0,0.0,0.0,0.0,28.0,7.36,1.2,17.68,140.0,40.0,0.4,0,0.0,train,405.0,18982.973571777344,959.1920018196106,Chikajani,29066614B96981412293624
43,east,2021,2792990.0,2793240.0,2792740.0,773970.0,13520.0,0.0,16.52,22.0,0.0,1.0999985,9.0,1.08,0.0,0.0,-61.0,0.0,7.36,1.2,0.0,140.0,0.0,0,0.0,train,405.0,18982.973571777344,959.1920018196106,Chikajani,29066614B96981412293624
43,east,2022,2792990.0,2793240.0,2792740.0,773970.0,13540.0,-280.0,18.16,22.0,0.0,1.0999985,8.0,0.0,0.0,-620.0,-1.0,1.08,0.0,7.36,0.0,0.0,0.0,0,0.0,train,405.0,18982.973571777344,959.1920018196106,Chikajani,29066614B96981412293624
43,east,2023,2792990.0,2793240.0,2792740.0,773350.0,10980.0,400.0,14.280000000000001,38.0,23.0,0.79999924,64.0,4.5600000000000005,0.0,200.0,56.0,0.0,1.08,0.0,-620.0,0.0,0.0,0,0.0,train,405.0,18982.973571777344,959.1920018196106,Chikajani,29066614B96981412293624
43,east,2024,2792990.0,2793240.0,2792740.0,773550.0,10920.0,20.0,18.36,36.0,18.0,1.5999985,30.0,0.0,0.0,-220.0,-34.0,4.5600000000000005,0.0,1.08,200.0,-620.0,0.0,0,0.0,train,405.0,18982.973571777344,959.1920018196106,Chikajani,29066614B96981412293624
43,east,2025,2792990.0,2793240.0,2792740.0,773330.0,10840.0,-140.0,14.68,40.0,24.0,0.79999924,16.0,4.12,0.0,60.0,-14.0,0.0,4.5600000000000005,0.0,-220.0,200.0,0.0,0,0.0,train,405.0,18982.973571777344,959.1920018196106,Chikajani,29066614B96981412293624
43,east,2026,2792990.0,2793240.0,2792740.0,773390.0,10960.0,0.0,16.080000000000002,38.0,23.0,0.79999924,9.0,,,,-7.0,4.12,0.0,4.5600000000000005,60.0,-220.0,0.0,0,,forecast,405.0,18982.973571777344,959.1920018196106,Chikajani,29066614B96981412293624
43,west,2015,2792990.0,2793240.0,2792740.0,763930.0,9880.0,240.0,1.6400000000000001,12.0,9.0,1.8999996,,21.16,0.28,,,,,,,,,1,1.0,train,67.0,2505.0946922302246,453.6620786190033,Gazaria,29066614B22549105649922
43,west,2016,2792990.0,2793240.0,2792740.0,760610.0,12520.0,0.0,9.36,32.0,4.0,1.5,7.0,1.92,0.04,40.0,,21.16,,,,,0.28,1,0.0,train,67.0,2505.0946922302246,453.6620786190033,Gazaria,29066614B22549105649922
43,west,2017,2792990.0,2793240.0,2792740.0,760570.0,12860.0,0.0,10.24,31.0,3.0,1.7000008,34.0,0.08,0.0,-20.0,27.0,1.92,21.16,,40.0,,0.04,1,0.0,train,67.0,2505.0946922302246,453.6620786190033,Gazaria,29066614B22549105649922
43,west,2018,2792990.0,2793240.0,2792740.0,760590.0,13220.0,20.0,11.8,32.0,3.0,1.7000008,25.0,0.0,0.0,-160.0,-9.0,0.08,1.92,21.16,-20.0,40.0,0.0,1,0.0,train,67.0,2505.0946922302246,453.6620786190033,Gazaria,29066614B22549105649922
43,west,2019,2792990.0,2793240.0,2792740.0,760750.0,13060.0,-200.0,9.68,33.0,7.0,1.2999992,8.0,6.0,0.0,220.0,-17.0,0.0,0.08,1.92,-160.0,-20.0,0.0,1,1.0,train,67.0,2505.0946922302246,453.6620786190033,Gazaria,29066614B22549105649922
43,west,2020,2792990.0,2793240.0,2792740.0,760530.0,13440.0,-60.0,12.120000000000001,28.0,3.0,1.7000008,9.0,5.32,0.4,100.0,1.0,6.0,0.0,0.08,220.0,-160.0,0.0,1,1.0,train,67.0,2505.0946922302246,453.6620786190033,Gazaria,29066614B22549105649922
43,west,2021,2792990.0,2793240.0,2792740.0,760430.0,13520.0,-220.0,13.120000000000001,22.0,0.0,1.5,10.0,0.0,0.0,0.0,1.0,5.32,6.0,0.0,100.0,220.0,0.4,1,0.0,train,67.0,2505.0946922302246,453.6620786190033,Gazaria,29066614B22549105649922
43,west,2022,2792990.0,2793240.0,2792740.0,760430.0,13540.0,-200.0,13.84,22.0,0.0,1.5,8.0,0.0,0.0,,-2.0,0.0,5.32,6.0,0.0,100.0,0.0,1,0.0,train,67.0,2505.0946922302246,453.6620786190033,Gazaria,29066614B22549105649922
43,west,2023,2792990.0,2793240.0,2792740.0,762390.0,10980.0,2140.0,8.56,25.0,16.0,2.2000008,8.0,1.08,0.0,-240.0,0.0,0.0,0.0,5.32,,0.0,0.0,1,0.0,train,67.0,2505.0946922302246,453.6620786190033,Gazaria,29066614B22549105649922
43,west,2024,2792990.0,2793240.0,2792740.0,762630.0,10920.0,2640.0,5.72,26.0,18.0,2.2000008,35.0,5.28,0.32,140.0,27.0,1.08,0.0,0.0,-240.0,,0.0,1,1.0,train,67.0,2505.0946922302246,453.6620786190033,Gazaria,29066614B22549105649922
43,west,2025,2792990.0,2793240.0,2792740.0,762490.0,10840.0,240.0,3.88,26.0,17.0,2.2000008,65.0,2.92,0.0,60.0,30.0,5.28,1.08,0.0,140.0,-240.0,0.32,1,0.0,train,67.0,2505.0946922302246,453.6620786190033,Gazaria,29066614B22549105649922
43,west,2026,2792990.0,2793240.0,2792740.0,762430.0,10960.0,260.0,4.5600000000000005,26.0,17.0,1.5,31.0,,,,-34.0,2.92,5.28,1.08,60.0,140.0,0.0,1,,forecast,67.0,2505.0946922302246,453.6620786190033,Gazaria,29066614B22549105649922
44,east,2015,2792490.0,2792740.0,2792240.0,773590.0,10000.0,60.0,9.040000000000001,28.0,9.0,1.1999989,,0.0,0.0,-300.0,,,,,,,,0,0.0,train,319.0,15482.37945652008,969.5878000259399,Chikajani,29066614B96981412293624
44,east,2016,2792490.0,2792740.0,2792240.0,773290.0,12580.0,60.0,9.200000000000001,40.0,20.0,0.20000076,8.0,5.44,0.0,140.0,,0.0,,,-300.0,,0.0,0,1.0,train,319.0,15482.37945652008,969.5878000259399,Chikajani,29066614B96981412293624
44,east,2017,2792490.0,2792740.0,2792240.0,773430.0,12740.0,120.0,12.4,37.0,19.0,0.6000004,58.0,15.48,1.0,320.0,50.0,5.44,0.0,,140.0,-300.0,0.0,0,1.0,train,319.0,15482.37945652008,969.5878000259399,Chikajani,29066614B96981412293624
44,east,2018,2792490.0,2792740.0,2792240.0,773750.0,13100.0,80.0,13.68,22.0,0.0,1.3999996,13.0,4.12,0.8,100.0,-45.0,15.48,5.44,0.0,320.0,140.0,1.0,0,0.0,train,319.0,15482.37945652008,969.5878000259399,Chikajani,29066614B96981412293624
44,east,2019,2792490.0,2792740.0,2792240.0,773850.0,12780.0,20.0,14.92,20.0,0.0,1.1999989,37.0,7.5200000000000005,2.2,140.0,24.0,4.12,15.48,5.44,100.0,320.0,0.8,0,1.0,train,319.0,15482.37945652008,969.5878000259399,Chikajani,29066614B96981412293624
44,east,2020,2792490.0,2792740.0,2792240.0,773990.0,13280.0,40.0,14.8,18.0,0.0,0.79999924,69.0,0.0,0.0,20.0,32.0,7.5200000000000005,4.12,15.48,140.0,100.0,2.2,0,0.0,train,319.0,15482.37945652008,969.5878000259399,Chikajani,29066614B96981412293624
44,east,2021,2792490.0,2792740.0,2792240.0,774010.0,13300.0,80.0,12.6,17.0,0.0,0.69999886,10.0,0.0,0.0,-340.0,-59.0,0.0,7.5200000000000005,4.12,20.0,140.0,0.0,0,0.0,train,319.0,15482.37945652008,969.5878000259399,Chikajani,29066614B96981412293624
44,east,2022,2792490.0,2792740.0,2792240.0,773670.0,12920.0,800.0,11.96,25.0,8.0,1.3999996,71.0,0.0,0.0,-80.0,61.0,0.0,0.0,7.5200000000000005,-340.0,20.0,0.0,0,0.0,train,319.0,15482.37945652008,969.5878000259399,Chikajani,29066614B96981412293624
44,east,2023,2792490.0,2792740.0,2792240.0,773590.0,11320.0,-220.0,12.24,28.0,9.0,1.1000004,49.0,0.44,0.0,-80.0,-22.0,0.0,0.0,0.0,-80.0,-340.0,0.0,0,0.0,train,319.0,15482.37945652008,969.5878000259399,Chikajani,29066614B96981412293624
44,east,2024,2792490.0,2792740.0,2792240.0,773510.0,11260.0,260.0,13.4,34.0,14.0,0.8999996,45.0,2.52,0.0,80.0,-4.0,0.44,0.0,0.0,-80.0,-80.0,0.0,0,0.0,train,319.0,15482.37945652008,969.5878000259399,Chikajani,29066614B96981412293624
44,east,2025,2792490.0,2792740.0,2792240.0,773590.0,11340.0,40.0,13.52,28.0,9.0,1.1000004,41.0,0.0,0.0,-360.0,-4.0,2.52,0.44,0.0,80.0,-80.0,0.0,0,0.0,train,319.0,15482.37945652008,969.5878000259399,Chikajani,29066614B96981412293624
44,east,2026,2792490.0,2792740.0,2792240.0,773230.0,10980.0,940.0,12.32,43.0,22.0,0.30000114,70.0,,,,29.0,0.0,2.52,0.44,-360.0,80.0,0.0,0,,forecast,319.0,15482.37945652008,969.5878000259399,Chikajani,29066614B96981412293624
44,west,2015,2792490.0,2792740.0,2792240.0,763590.0,10000.0,-500.0,2.84,10.0,8.0,1.0999985,,2.88,0.0,,,,,,,,,1,0.0,train,134.0,5314.920397758484,415.8012948036194,Gazaria,29066614B22549105649922
44,west,2016,2792490.0,2792740.0,2792240.0,760710.0,12580.0,240.0,13.32,53.0,1.0,1.6000004,8.0,0.2,0.0,20.0,,2.88,,,,,0.0,1,0.0,train,134.0,5314.920397758484,415.8012948036194,Gazaria,29066614B22549105649922
44,west,2017,2792490.0,2792740.0,2792240.0,760690.0,12740.0,220.0,13.120000000000001,53.0,1.0,1.6000004,10.0,1.6,0.12,20.0,2.0,0.2,2.88,,20.0,,0.0,1,0.0,train,134.0,5314.920397758484,415.8012948036194,Gazaria,29066614B22549105649922
44,west,2018,2792490.0,2792740.0,2792240.0,760670.0,13100.0,240.0,14.16,53.0,1.0,1.6000004,12.0,0.0,0.0,-400.0,2.0,1.6,0.2,2.88,20.0,20.0,0.12,1,0.0,train,134.0,5314.920397758484,415.8012948036194,Gazaria,29066614B22549105649922
44,west,2019,2792490.0,2792740.0,2792240.0,761070.0,12780.0,880.0,10.8,43.0,44.0,1.1000004,24.0,10.040000000000001,0.0,380.0,12.0,0.0,1.6,0.2,-400.0,20.0,0.0,1,1.0,train,134.0,5314.920397758484,415.8012948036194,Gazaria,29066614B22549105649922
44,west,2020,2792490.0,2792740.0,2792240.0,760690.0,13280.0,140.0,13.84,53.0,1.0,1.6000004,22.0,0.92,0.0,0.0,-2.0,10.040000000000001,0.0,1.6,380.0,-400.0,0.0,1,0.0,train,134.0,5314.920397758484,415.8012948036194,Gazaria,29066614B22549105649922
44,west,2021,2792490.0,2792740.0,2792240.0,760690.0,13300.0,320.0,14.32,53.0,1.0,1.6000004,17.0,0.0,0.0,0.0,-5.0,0.92,10.040000000000001,0.0,0.0,380.0,0.0,1,0.0,train,134.0,5314.920397758484,415.8012948036194,Gazaria,29066614B22549105649922
44,west,2022,2792490.0,2792740.0,2792240.0,760690.0,12920.0,280.0,14.92,53.0,1.0,1.8999996,12.0,1.44,0.0,,-5.0,0.0,0.92,10.040000000000001,0.0,0.0,0.0,1,0.0,train,134.0,5314.920397758484,415.8012948036194,Gazaria,29066614B22549105649922
44,west,2023,2792490.0,2792740.0,2792240.0,762270.0,11320.0,-740.0,6.04,19.0,19.0,3.3999996,8.0,2.64,0.0,20.0,-4.0,1.44,0.0,0.92,,0.0,0.0,1,0.0,train,134.0,5314.920397758484,415.8012948036194,Gazaria,29066614B22549105649922
44,west,2024,2792490.0,2792740.0,2792240.0,762250.0,11260.0,-380.0,6.12,20.0,18.0,3.6000004,8.0,2.16,0.0,0.0,0.0,2.64,1.44,0.0,20.0,,0.0,1,0.0,train,134.0,5314.920397758484,415.8012948036194,Gazaria,29066614B22549105649922
44,west,2025,2792490.0,2792740.0,2792240.0,762250.0,11340.0,-420.0,6.0,20.0,18.0,3.5,25.0,0.08,0.0,0.0,17.0,2.16,2.64,1.44,0.0,20.0,0.0,1,0.0,train,134.0,5314.920397758484,415.8012948036194,Gazaria,29066614B22549105649922
44,west,2026,2792490.0,2792740.0,2792240.0,762250.0,10980.0,-340.0,6.5600000000000005,20.0,18.0,3.3999996,20.0,,,,-5.0,0.08,2.16,2.64,0.0,0.0,0.0,1,,forecast,134.0,5314.920397758484,415.8012948036194,Gazaria,29066614B22549105649922
45,east,2015,2791990.0,2792240.0,2791740.0,773450.0,9740.0,520.0,9.64,32.0,17.0,0.30000114,,0.0,0.0,40.0,,,,,,,,0,0.0,train,393.0,18918.076684951782,990.3488454818726,Chikajani,29066614B96981412293624
45,east,2016,2791990.0,2792240.0,2791740.0,773490.0,12920.0,120.0,8.08,32.0,17.0,0.30000114,8.0,2.32,0.0,60.0,,0.0,,,40.0,,0.0,0,0.0,train,393.0,18918.076684951782,990.3488454818726,Chikajani,29066614B96981412293624
45,east,2017,2791990.0,2792240.0,2791740.0,773550.0,12960.0,-60.0,9.72,31.0,16.0,0.39999962,25.0,11.56,0.52,240.0,17.0,2.32,0.0,,60.0,40.0,0.0,0,1.0,train,393.0,18918.076684951782,990.3488454818726,Chikajani,29066614B96981412293624
45,east,2018,2791990.0,2792240.0,2791740.0,773790.0,13280.0,20.0,12.4,22.0,4.0,0.5999985,19.0,5.32,0.2,100.0,-6.0,11.56,2.32,0.0,240.0,60.0,0.52,0,1.0,train,393.0,18918.076684951782,990.3488454818726,Chikajani,29066614B96981412293624
45,east,2019,2791990.0,2792240.0,2791740.0,773890.0,13380.0,20.0,14.4,19.0,3.0,0.5999985,28.0,8.16,0.0,160.0,9.0,5.32,11.56,2.32,100.0,240.0,0.2,0,1.0,train,393.0,18918.076684951782,990.3488454818726,Chikajani,29066614B96981412293624
45,east,2020,2791990.0,2792240.0,2791740.0,774050.0,13340.0,-20.0,16.92,16.0,0.0,0.19999886,70.0,3.12,0.0,80.0,42.0,8.16,5.32,11.56,160.0,100.0,0.0,0,0.0,train,393.0,18918.076684951782,990.3488454818726,Chikajani,29066614B96981412293624
45,east,2021,2791990.0,2792240.0,2791740.0,774130.0,13500.0,40.0,18.28,11.0,0.0,0.099998474,15.0,1.24,0.0,40.0,-55.0,3.12,8.16,5.32,80.0,160.0,0.0,0,0.0,train,393.0,18918.076684951782,990.3488454818726,Chikajani,29066614B96981412293624
45,east,2022,2791990.0,2792240.0,2791740.0,774170.0,13520.0,-400.0,18.400000000000002,10.0,0.0,0.20000076,60.0,0.0,0.0,-560.0,45.0,1.24,3.12,8.16,40.0,80.0,0.0,0,0.0,train,393.0,18918.076684951782,990.3488454818726,Chikajani,29066614B96981412293624
45,east,2023,2791990.0,2792240.0,2791740.0,773610.0,10900.0,480.0,16.080000000000002,27.0,8.0,0.39999962,66.0,3.8000000000000003,0.0,120.0,6.0,0.0,1.24,3.12,-560.0,40.0,0.0,0,0.0,train,393.0,18918.076684951782,990.3488454818726,Chikajani,29066614B96981412293624
45,east,2024,2791990.0,2792240.0,2791740.0,773730.0,11460.0,-100.0,18.8,25.0,6.0,0.5,56.0,6.88,0.0,160.0,-10.0,3.8000000000000003,0.0,1.24,120.0,-560.0,0.0,0,1.0,train,393.0,18918.076684951782,990.3488454818726,Chikajani,29066614B96981412293624
45,east,2025,2791990.0,2792240.0,2791740.0,773890.0,11520.0,0.0,18.92,20.0,3.0,0.40000153,66.0,5.0,0.0,120.0,10.0,6.88,3.8000000000000003,0.0,160.0,120.0,0.0,0,1.0,train,393.0,18918.076684951782,990.3488454818726,Chikajani,29066614B96981412293624
45,east,2026,2791990.0,2792240.0,2791740.0,774010.0,11620.0,-320.0,24.080000000000002,17.0,0.0,0.20000076,71.0,,,,5.0,5.0,6.88,3.8000000000000003,120.0,160.0,0.0,0,,forecast,393.0,18918.076684951782,990.3488454818726,Chikajani,29066614B96981412293624
45,west,2015,2791990.0,2792240.0,2791740.0,763750.0,9740.0,40.0,4.68,16.0,6.0,0.6000004,,3.52,0.08,,,,,,,,,1,0.0,train,74.0,2836.60320186615,326.547970533371,Gazaria,29066614B22549105649922
45,west,2016,2791990.0,2792240.0,2791740.0,760570.0,12920.0,20.0,9.56,46.0,0.0,3.2999992,7.0,1.16,0.0,-20.0,,3.52,,,,,0.08,1,0.0,train,74.0,2836.60320186615,326.547970533371,Gazaria,29066614B22549105649922
45,west,2017,2791990.0,2792240.0,2791740.0,760590.0,12960.0,-640.0,9.84,46.0,0.0,3.2999992,8.0,0.32,0.0,80.0,1.0,1.16,3.52,,-20.0,,0.0,1,0.0,train,74.0,2836.60320186615,326.547970533371,Gazaria,29066614B22549105649922
45,west,2018,2791990.0,2792240.0,2791740.0,760510.0,13280.0,-680.0,10.0,44.0,0.0,3.2999992,15.0,0.0,0.0,0.0,7.0,0.32,1.16,3.52,80.0,-20.0,0.0,1,0.0,train,74.0,2836.60320186615,326.547970533371,Gazaria,29066614B22549105649922
45,west,2019,2791990.0,2792240.0,2791740.0,760510.0,13380.0,-900.0,9.48,44.0,0.0,3.2999992,22.0,0.96,0.0,-200.0,7.0,0.0,0.32,1.16,0.0,80.0,0.0,1,0.0,train,74.0,2836.60320186615,326.547970533371,Gazaria,29066614B22549105649922
45,west,2020,2791990.0,2792240.0,2791740.0,760710.0,13340.0,-200.0,9.92,50.0,0.0,2.5,11.0,4.5200000000000005,0.0,80.0,-11.0,0.96,0.0,0.32,-200.0,0.0,0.0,1,0.0,train,74.0,2836.60320186615,326.547970533371,Gazaria,29066614B22549105649922
45,west,2021,2791990.0,2792240.0,2791740.0,760630.0,13500.0,-580.0,10.76,48.0,0.0,3.2999992,8.0,0.0,0.0,-40.0,-3.0,4.5200000000000005,0.96,0.0,80.0,-200.0,0.0,1,0.0,train,74.0,2836.60320186615,326.547970533371,Gazaria,29066614B22549105649922
45,west,2022,2791990.0,2792240.0,2791740.0,760670.0,13520.0,-340.0,10.36,48.0,0.0,3.0,8.0,0.0,0.0,,0.0,0.0,4.5200000000000005,0.96,-40.0,80.0,0.0,1,0.0,train,74.0,2836.60320186615,326.547970533371,Gazaria,29066614B22549105649922
45,west,2023,2791990.0,2792240.0,2791740.0,762890.0,10900.0,700.0,1.96,8.0,13.0,4.0,58.0,17.68,0.0,640.0,50.0,0.0,0.0,4.5200000000000005,,-40.0,0.0,1,1.0,train,74.0,2836.60320186615,326.547970533371,Gazaria,29066614B22549105649922
45,west,2024,2791990.0,2792240.0,2791740.0,762250.0,11460.0,-260.0,2.88,15.0,15.0,3.2000008,8.0,0.0,0.0,-180.0,-50.0,17.68,0.0,0.0,640.0,,0.0,1,0.0,train,74.0,2836.60320186615,326.547970533371,Gazaria,29066614B22549105649922
45,west,2025,2791990.0,2792240.0,2791740.0,762430.0,11520.0,200.0,3.16,13.0,15.0,3.3000011,27.0,1.32,0.0,20.0,19.0,0.0,17.68,0.0,-180.0,640.0,0.0,1,0.0,train,74.0,2836.60320186615,326.547970533371,Gazaria,29066614B22549105649922
45,west,2026,2791990.0,2792240.0,2791740.0,762410.0,11620.0,160.0,3.04,14.0,15.0,3.3000011,29.0,,,,2.0,1.32,0.0,17.68,20.0,-180.0,0.0,1,,forecast,74.0,2836.60320186615,326.547970533371,Gazaria,29066614B22549105649922
46,east,2015,2791490.0,2791740.0,2791240.0,773830.0,9960.0,-320.0,6.8,30.0,10.0,0.29999924,,0.0,0.0,-20.0,,,,,,,,0,0.0,train,172.0,8158.295627593994,920.8350849151611,Bahadurabad,29066614B82338417530703
46,east,2016,2791490.0,2791740.0,2791240.0,773810.0,13340.0,-180.0,6.5200000000000005,31.0,11.0,0.29999924,9.0,0.84,0.0,-200.0,,0.0,,,-20.0,,0.0,0,0.0,train,172.0,8158.295627593994,920.8350849151611,Bahadurabad,29066614B82338417530703
46,east,2017,2791490.0,2791740.0,2791240.0,773610.0,12600.0,320.0,7.24,34.0,18.0,0.6000004,50.0,9.92,0.0,240.0,41.0,0.84,0.0,,-200.0,-20.0,0.0,0,1.0,train,172.0,8158.295627593994,920.8350849151611,Bahadurabad,29066614B82338417530703
46,east,2018,2791490.0,2791740.0,2791240.0,773850.0,12820.0,160.0,10.32,30.0,8.0,0.29999924,27.0,4.84,0.12,100.0,-23.0,9.92,0.84,0.0,240.0,-200.0,0.0,0,0.0,train,172.0,8158.295627593994,920.8350849151611,Bahadurabad,29066614B82338417530703
46,east,2019,2791490.0,2791740.0,2791240.0,773950.0,13100.0,60.0,10.68,29.0,6.0,0.20000076,22.0,7.8,2.64,140.0,-5.0,4.84,9.92,0.84,100.0,240.0,0.12,0,1.0,train,172.0,8158.295627593994,920.8350849151611,Bahadurabad,29066614B82338417530703
46,east,2020,2791490.0,2791740.0,2791240.0,774090.0,13160.0,0.0,8.16,24.0,2.0,0.20000076,70.0,9.0,1.2,200.0,48.0,7.8,4.84,9.92,140.0,100.0,2.64,0,1.0,train,172.0,8158.295627593994,920.8350849151611,Bahadurabad,29066614B82338417530703
46,east,2021,2791490.0,2791740.0,2791240.0,774290.0,13140.0,0.0,6.6000000000000005,11.0,0.0,0.20000076,45.0,0.8,0.0,-20.0,-25.0,9.0,7.8,4.84,200.0,140.0,1.2,0,0.0,train,172.0,8158.295627593994,920.8350849151611,Bahadurabad,29066614B82338417530703
46,east,2022,2791490.0,2791740.0,2791240.0,774270.0,13280.0,80.0,6.48,11.0,0.0,0.20000076,37.0,0.0,0.0,-160.0,-8.0,0.8,9.0,7.8,-20.0,200.0,0.0,0,0.0,train,172.0,8158.295627593994,920.8350849151611,Bahadurabad,29066614B82338417530703
46,east,2023,2791490.0,2791740.0,2791240.0,774110.0,11300.0,-120.0,6.12,24.0,2.0,0.20000076,66.0,0.16,0.0,-260.0,29.0,0.0,0.8,9.0,-160.0,-20.0,0.0,0,0.0,train,172.0,8158.295627593994,920.8350849151611,Bahadurabad,29066614B82338417530703
46,east,2024,2791490.0,2791740.0,2791240.0,773850.0,11300.0,260.0,7.12,30.0,8.0,0.40000153,65.0,17.2,0.0,340.0,-1.0,0.16,0.0,0.8,-260.0,-160.0,0.0,0,1.0,train,172.0,8158.295627593994,920.8350849151611,Bahadurabad,29066614B82338417530703
46,east,2025,2791490.0,2791740.0,2791240.0,774190.0,11800.0,40.0,7.96,18.0,1.0,0.20000076,69.0,12.68,0.32,280.0,4.0,17.2,0.16,0.0,340.0,-260.0,0.0,0,1.0,train,172.0,8158.295627593994,920.8350849151611,Bahadurabad,29066614B82338417530703
46,east,2026,2791490.0,2791740.0,2791240.0,774470.0,12040.0,-240.0,8.36,7.0,0.0,0.20000076,71.0,,,,2.0,12.68,17.2,0.16,280.0,340.0,0.32,0,,forecast,172.0,8158.295627593994,920.8350849151611,Bahadurabad,29066614B82338417530703
46,west,2015,2791490.0,2791740.0,2791240.0,763870.0,9960.0,60.0,3.8000000000000003,33.0,8.0,2.2000008,,11.84,0.04,,,,,,,,,1,1.0,train,68.0,2733.8303050994873,372.1089503765106,Gazaria,29066614B22549105649922
46,west,2016,2791490.0,2791740.0,2791240.0,760410.0,13340.0,-980.0,8.24,28.0,0.0,4.0,7.0,1.12,0.0,-720.0,,11.84,,,,,0.04,1,0.0,train,68.0,2733.8303050994873,372.1089503765106,Gazaria,29066614B22549105649922
46,west,2017,2791490.0,2791740.0,2791240.0,761130.0,12600.0,400.0,6.96,35.0,33.0,0.0,7.0,1.4000000000000001,0.0,100.0,0.0,1.12,11.84,,-720.0,,0.0,1,0.0,train,68.0,2733.8303050994873,372.1089503765106,Gazaria,29066614B22549105649922
46,west,2018,2791490.0,2791740.0,2791240.0,761030.0,12820.0,200.0,7.92,39.0,26.0,0.0,62.0,6.4,0.0,180.0,55.0,1.4000000000000001,1.12,11.84,100.0,-720.0,0.0,1,1.0,train,68.0,2733.8303050994873,372.1089503765106,Gazaria,29066614B22549105649922
46,west,2019,2791490.0,2791740.0,2791240.0,760850.0,13100.0,-140.0,8.2,40.0,22.0,0.0,14.0,2.96,0.0,-80.0,-48.0,6.4,1.4000000000000001,1.12,180.0,100.0,0.0,1,0.0,train,68.0,2733.8303050994873,372.1089503765106,Gazaria,29066614B22549105649922
46,west,2020,2791490.0,2791740.0,2791240.0,760930.0,13160.0,20.0,6.92,41.0,25.0,0.0,14.0,0.32,0.0,-220.0,0.0,2.96,6.4,1.4000000000000001,-80.0,180.0,0.0,1,0.0,train,68.0,2733.8303050994873,372.1089503765106,Gazaria,29066614B22549105649922
46,west,2021,2791490.0,2791740.0,2791240.0,761150.0,13140.0,540.0,6.72,38.0,33.0,0.0,11.0,4.72,0.0,160.0,-3.0,0.32,2.96,6.4,-220.0,-80.0,0.0,1,0.0,train,68.0,2733.8303050994873,372.1089503765106,Gazaria,29066614B22549105649922
46,west,2022,2791490.0,2791740.0,2791240.0,760990.0,13280.0,120.0,6.84,41.0,26.0,0.0,8.0,0.0,0.0,,-3.0,4.72,0.32,2.96,160.0,-220.0,0.0,1,0.0,train,68.0,2733.8303050994873,372.1089503765106,Gazaria,29066614B22549105649922
46,west,2023,2791490.0,2791740.0,2791240.0,762810.0,11300.0,160.0,3.36,6.0,11.0,0.5,59.0,10.72,0.0,300.0,51.0,0.0,4.72,0.32,,160.0,0.0,1,1.0,train,68.0,2733.8303050994873,372.1089503765106,Gazaria,29066614B22549105649922
46,west,2024,2791490.0,2791740.0,2791240.0,762510.0,11300.0,180.0,3.24,10.0,12.0,1.7999992,7.0,6.96,0.04,100.0,-52.0,10.72,0.0,4.72,300.0,,0.0,1,1.0,train,68.0,2733.8303050994873,372.1089503765106,Gazaria,29066614B22549105649922
46,west,2025,2791490.0,2791740.0,2791240.0,762410.0,11800.0,-120.0,2.36,10.0,12.0,2.1000004,21.0,0.16,0.0,0.0,14.0,6.96,10.72,0.0,100.0,300.0,0.04,1,0.0,train,68.0,2733.8303050994873,372.1089503765106,Gazaria,29066614B22549105649922
46,west,2026,2791490.0,2791740.0,2791240.0,762410.0,12040.0,0.0,3.3200000000000003,10.0,12.0,2.1000004,28.0,,,,7.0,0.16,6.96,10.72,0.0,100.0,0.0,1,,forecast,68.0,2733.8303050994873,372.1089503765106,Gazaria,29066614B22549105649922
47,east,2015,2790990.0,2791240.0,2790740.0,773890.0,9960.0,-20.0,4.48,30.0,11.0,0.80000114,,3.16,0.2,60.0,,,,,,,,0,0.0,train,103.0,4506.350797653198,955.778657913208,Chikajani,29066614B96981412293624
47,east,2016,2790990.0,2791240.0,2790740.0,773950.0,12720.0,-60.0,4.24,30.0,9.0,0.70000076,7.0,1.4000000000000001,0.0,40.0,,3.16,,,60.0,,0.2,0,0.0,train,103.0,4506.350797653198,955.778657913208,Chikajani,29066614B96981412293624
47,east,2017,2790990.0,2791240.0,2790740.0,773990.0,12720.0,-280.0,5.5200000000000005,30.0,7.0,0.70000076,15.0,4.2,0.0,80.0,8.0,1.4000000000000001,3.16,,40.0,60.0,0.0,0,0.0,train,103.0,4506.350797653198,955.778657913208,Chikajani,29066614B96981412293624
47,east,2018,2790990.0,2791240.0,2790740.0,774070.0,12740.0,-80.0,6.76,30.0,6.0,0.70000076,67.0,0.84,0.0,0.0,52.0,4.2,1.4000000000000001,3.16,80.0,40.0,0.0,0,0.0,train,103.0,4506.350797653198,955.778657913208,Chikajani,29066614B96981412293624
47,east,2019,2790990.0,2791240.0,2790740.0,774070.0,12760.0,60.0,7.72,30.0,6.0,0.29999924,38.0,3.48,0.04,60.0,-29.0,0.84,4.2,1.4000000000000001,0.0,80.0,0.0,0,0.0,train,103.0,4506.350797653198,955.778657913208,Chikajani,29066614B96981412293624
47,east,2020,2790990.0,2791240.0,2790740.0,774130.0,13000.0,120.0,8.2,29.0,6.0,0.20000076,69.0,14.24,0.6,320.0,31.0,3.48,0.84,4.2,60.0,0.0,0.04,0,1.0,train,103.0,4506.350797653198,955.778657913208,Chikajani,29066614B96981412293624
47,east,2021,2790990.0,2791240.0,2790740.0,774450.0,13320.0,-40.0,8.96,10.0,0.0,0.10000038,68.0,0.0,0.0,0.0,-1.0,14.24,3.48,0.84,320.0,60.0,0.6,0,0.0,train,103.0,4506.350797653198,955.778657913208,Chikajani,29066614B96981412293624
47,east,2022,2790990.0,2791240.0,2790740.0,774450.0,13280.0,-60.0,8.92,10.0,0.0,0.10000038,12.0,1.28,0.0,40.0,-56.0,0.0,14.24,3.48,0.0,320.0,0.0,0,0.0,train,103.0,4506.350797653198,955.778657913208,Chikajani,29066614B96981412293624
47,east,2023,2790990.0,2791240.0,2790740.0,774490.0,11920.0,-200.0,8.52,9.0,0.0,0.10000038,67.0,0.0,0.0,-260.0,55.0,1.28,0.0,14.24,40.0,0.0,0.0,0,0.0,train,103.0,4506.350797653198,955.778657913208,Chikajani,29066614B96981412293624
47,east,2024,2790990.0,2791240.0,2790740.0,774230.0,11640.0,60.0,8.68,25.0,3.0,0.20000076,55.0,12.08,0.0,300.0,-12.0,0.0,1.28,0.0,-260.0,40.0,0.0,0,1.0,train,103.0,4506.350797653198,955.778657913208,Chikajani,29066614B96981412293624
47,east,2025,2790990.0,2791240.0,2790740.0,774530.0,12020.0,-200.0,9.48,7.0,1.0,0.10000038,69.0,9.16,0.52,160.0,14.0,12.08,0.0,1.28,300.0,-260.0,0.0,0,1.0,train,103.0,4506.350797653198,955.778657913208,Chikajani,29066614B96981412293624
47,east,2026,2790990.0,2791240.0,2790740.0,774690.0,12280.0,-100.0,10.48,6.0,2.0,0.10000038,71.0,,,,2.0,9.16,12.08,0.0,160.0,300.0,0.52,0,,forecast,103.0,4506.350797653198,955.778657913208,Chikajani,29066614B96981412293624
47,west,2015,2790990.0,2791240.0,2790740.0,763930.0,9960.0,260.0,5.68,34.0,15.0,1.8000011,,20.72,1.28,,,,,,,,,1,1.0,train,70.0,2332.200298309326,367.75266456604004,Gazaria,29066614B22549105649922
47,west,2016,2790990.0,2791240.0,2790740.0,761230.0,12720.0,800.0,3.68,38.0,29.0,0.0,7.0,0.0,0.0,-40.0,,20.72,,,,,1.28,1,0.0,train,70.0,2332.200298309326,367.75266456604004,Gazaria,29066614B22549105649922
47,west,2017,2790990.0,2791240.0,2790740.0,761270.0,12720.0,140.0,3.88,38.0,31.0,0.0,9.0,0.2,0.0,-80.0,2.0,0.0,20.72,,-40.0,,0.0,1,0.0,train,70.0,2332.200298309326,367.75266456604004,Gazaria,29066614B22549105649922
47,west,2018,2790990.0,2791240.0,2790740.0,761350.0,12740.0,260.0,4.5200000000000005,35.0,32.0,0.0,11.0,2.36,0.0,20.0,2.0,0.2,0.0,20.72,-80.0,-40.0,0.0,1,0.0,train,70.0,2332.200298309326,367.75266456604004,Gazaria,29066614B22549105649922
47,west,2019,2790990.0,2791240.0,2790740.0,761330.0,12760.0,340.0,4.32,37.0,31.0,0.0,28.0,7.4,0.0,200.0,17.0,2.36,0.2,0.0,20.0,-80.0,0.0,1,1.0,train,70.0,2332.200298309326,367.75266456604004,Gazaria,29066614B22549105649922
47,west,2020,2790990.0,2791240.0,2790740.0,761130.0,13000.0,-200.0,4.92,38.0,25.0,0.0,12.0,1.84,0.0,0.0,-16.0,7.4,2.36,0.2,200.0,20.0,0.0,1,0.0,train,70.0,2332.200298309326,367.75266456604004,Gazaria,29066614B22549105649922
47,west,2021,2790990.0,2791240.0,2790740.0,761130.0,13320.0,-440.0,5.6000000000000005,39.0,25.0,0.0,8.0,0.0,0.0,-60.0,-4.0,1.84,7.4,2.36,0.0,200.0,0.0,1,0.0,train,70.0,2332.200298309326,367.75266456604004,Gazaria,29066614B22549105649922
47,west,2022,2790990.0,2791240.0,2790740.0,761190.0,13280.0,-160.0,6.8,39.0,25.0,0.0,9.0,0.0,0.0,,1.0,0.0,1.84,7.4,-60.0,0.0,0.0,1,0.0,train,70.0,2332.200298309326,367.75266456604004,Gazaria,29066614B22549105649922
47,west,2023,2790990.0,2791240.0,2790740.0,762570.0,11920.0,-60.0,2.88,8.0,17.0,0.70000076,59.0,1.24,0.0,-20.0,50.0,0.0,0.0,1.84,,-60.0,0.0,1,0.0,train,70.0,2332.200298309326,367.75266456604004,Gazaria,29066614B22549105649922
47,west,2024,2790990.0,2791240.0,2790740.0,762590.0,11640.0,740.0,4.84,9.0,17.0,1.0999985,8.0,3.48,0.12,80.0,-51.0,1.24,0.0,0.0,-20.0,,0.0,1,0.0,train,70.0,2332.200298309326,367.75266456604004,Gazaria,29066614B22549105649922
47,west,2025,2790990.0,2791240.0,2790740.0,762510.0,12020.0,420.0,4.16,8.0,19.0,0.8999996,36.0,4.32,0.0,100.0,28.0,3.48,1.24,0.0,80.0,-20.0,0.12,1,0.0,train,70.0,2332.200298309326,367.75266456604004,Gazaria,29066614B22549105649922
47,west,2026,2790990.0,2791240.0,2790740.0,762410.0,12280.0,180.0,5.4,8.0,22.0,0.8999996,27.0,,,,-9.0,4.32,3.48,1.24,100.0,80.0,0.0,1,,forecast,70.0,2332.200298309326,367.75266456604004,Gazaria,29066614B22549105649922
48,east,2015,2790490.0,2790740.0,2790240.0,773930.0,10200.0,20.0,3.6,24.0,22.0,0.30000114,,5.16,0.12,100.0,,,,,,,,0,1.0,train,118.0,5377.894704818726,986.6773462295532,Chikajani,29066614B96981412293624
48,east,2016,2790490.0,2790740.0,2790240.0,774030.0,12780.0,20.0,4.08,25.0,11.0,0.40000153,7.0,2.12,0.0,60.0,,5.16,,,100.0,,0.12,0,0.0,train,118.0,5377.894704818726,986.6773462295532,Chikajani,29066614B96981412293624
48,east,2017,2790490.0,2790740.0,2790240.0,774090.0,12780.0,40.0,4.5200000000000005,25.0,7.0,0.6000004,8.0,5.92,0.08,120.0,1.0,2.12,5.16,,60.0,100.0,0.0,0,1.0,train,118.0,5377.894704818726,986.6773462295532,Chikajani,29066614B96981412293624
48,east,2018,2790490.0,2790740.0,2790240.0,774210.0,12800.0,-60.0,6.08,25.0,6.0,0.8999996,36.0,2.36,0.0,40.0,28.0,5.92,2.12,5.16,120.0,60.0,0.08,0,0.0,train,118.0,5377.894704818726,986.6773462295532,Chikajani,29066614B96981412293624
48,east,2019,2790490.0,2790740.0,2790240.0,774250.0,12760.0,-20.0,7.5600000000000005,25.0,6.0,0.8999996,38.0,1.8,0.0,40.0,2.0,2.36,5.92,2.12,40.0,120.0,0.0,0,0.0,train,118.0,5377.894704818726,986.6773462295532,Chikajani,29066614B96981412293624
48,east,2020,2790490.0,2790740.0,2790240.0,774290.0,12760.0,0.0,8.08,25.0,5.0,0.8999996,69.0,13.56,0.6,280.0,31.0,1.8,2.36,5.92,40.0,40.0,0.0,0,1.0,train,118.0,5377.894704818726,986.6773462295532,Chikajani,29066614B96981412293624
48,east,2021,2790490.0,2790740.0,2790240.0,774570.0,13020.0,-20.0,11.36,11.0,1.0,0.19999886,68.0,0.16,0.0,0.0,-1.0,13.56,1.8,2.36,280.0,40.0,0.6,0,0.0,train,118.0,5377.894704818726,986.6773462295532,Chikajani,29066614B96981412293624
48,east,2022,2790490.0,2790740.0,2790240.0,774570.0,13040.0,40.0,11.88,10.0,1.0,0.19999886,11.0,5.08,0.0,100.0,-57.0,0.16,13.56,1.8,0.0,280.0,0.0,0,1.0,train,118.0,5377.894704818726,986.6773462295532,Chikajani,29066614B96981412293624
48,east,2023,2790490.0,2790740.0,2790240.0,774670.0,12280.0,-40.0,11.4,7.0,1.0,0.19999886,62.0,0.2,0.0,0.0,51.0,5.08,0.16,13.56,100.0,0.0,0.0,0,0.0,train,118.0,5377.894704818726,986.6773462295532,Chikajani,29066614B96981412293624
48,east,2024,2790490.0,2790740.0,2790240.0,774670.0,12740.0,-240.0,12.88,7.0,1.0,0.19999886,64.0,0.68,0.32,0.0,2.0,0.2,5.08,0.16,0.0,100.0,0.0,0,0.0,train,118.0,5377.894704818726,986.6773462295532,Chikajani,29066614B96981412293624
48,east,2025,2790490.0,2790740.0,2790240.0,774670.0,12480.0,60.0,12.120000000000001,7.0,1.0,0.19999886,69.0,7.5600000000000005,0.0,140.0,5.0,0.68,0.2,5.08,0.0,0.0,0.32,0,1.0,train,118.0,5377.894704818726,986.6773462295532,Chikajani,29066614B96981412293624
48,east,2026,2790490.0,2790740.0,2790240.0,774810.0,12580.0,-20.0,11.76,5.0,1.0,0.20000076,71.0,,,,2.0,7.5600000000000005,0.68,0.2,140.0,0.0,0.0,0,,forecast,118.0,5377.894704818726,986.6773462295532,Chikajani,29066614B96981412293624
48,west,2015,2790490.0,2790740.0,2790240.0,763730.0,10200.0,200.0,2.56,34.0,18.0,1.8000011,,21.64,0.32,,,,,,,,,1,1.0,train,133.0,4910.702091217041,384.7270269393921,Gazaria,29066614B22549105649922
48,west,2016,2790490.0,2790740.0,2790240.0,761250.0,12780.0,-440.0,1.72,42.0,28.0,0.0,7.0,3.0,0.0,-20.0,,21.64,,,,,0.32,1,0.0,train,133.0,4910.702091217041,384.7270269393921,Gazaria,29066614B22549105649922
48,west,2017,2790490.0,2790740.0,2790240.0,761270.0,12780.0,-280.0,2.36,42.0,29.0,1.0,7.0,2.48,0.0,-140.0,0.0,3.0,21.64,,-20.0,,0.0,1,0.0,train,133.0,4910.702091217041,384.7270269393921,Gazaria,29066614B22549105649922
48,west,2018,2790490.0,2790740.0,2790240.0,761410.0,12800.0,-240.0,2.44,40.0,36.0,0.0,8.0,0.0,0.0,-60.0,1.0,2.48,3.0,21.64,-140.0,-20.0,0.0,1,0.0,train,133.0,4910.702091217041,384.7270269393921,Gazaria,29066614B22549105649922
48,west,2019,2790490.0,2790740.0,2790240.0,761470.0,12760.0,-120.0,2.12,34.0,37.0,0.0,7.0,0.36,0.0,-60.0,-1.0,0.0,2.48,3.0,-60.0,-140.0,0.0,1,0.0,train,133.0,4910.702091217041,384.7270269393921,Gazaria,29066614B22549105649922
48,west,2020,2790490.0,2790740.0,2790240.0,761530.0,12760.0,-180.0,2.72,33.0,35.0,0.0,9.0,7.84,0.0,-20.0,2.0,0.36,0.0,2.48,-60.0,-60.0,0.0,1,1.0,train,133.0,4910.702091217041,384.7270269393921,Gazaria,29066614B22549105649922
48,west,2021,2790490.0,2790740.0,2790240.0,761550.0,13020.0,220.0,4.68,32.0,38.0,0.0,17.0,0.0,0.0,0.0,8.0,7.84,0.36,0.0,-20.0,-60.0,0.0,1,0.0,train,133.0,4910.702091217041,384.7270269393921,Gazaria,29066614B22549105649922
48,west,2022,2790490.0,2790740.0,2790240.0,761550.0,13040.0,120.0,6.2,32.0,39.0,0.0,10.0,0.0,0.0,-840.0,-7.0,0.0,7.84,0.36,0.0,-20.0,0.0,1,0.0,train,133.0,4910.702091217041,384.7270269393921,Gazaria,29066614B22549105649922
48,west,2023,2790490.0,2790740.0,2790240.0,762390.0,12280.0,460.0,3.84,15.0,25.0,2.5999994,38.0,6.76,0.0,460.0,28.0,0.0,0.0,7.84,-840.0,0.0,0.0,1,1.0,train,133.0,4910.702091217041,384.7270269393921,Gazaria,29066614B22549105649922
48,west,2024,2790490.0,2790740.0,2790240.0,761930.0,12740.0,-480.0,7.2,21.0,40.0,0.30000114,9.0,0.0,0.0,-260.0,-29.0,6.76,0.0,0.0,460.0,-840.0,0.0,1,0.0,train,133.0,4910.702091217041,384.7270269393921,Gazaria,29066614B22549105649922
48,west,2025,2790490.0,2790740.0,2790240.0,762190.0,12480.0,120.0,4.64,16.0,26.0,2.6000004,22.0,0.68,0.0,-40.0,13.0,0.0,6.76,0.0,-260.0,460.0,0.0,1,0.0,train,133.0,4910.702091217041,384.7270269393921,Gazaria,29066614B22549105649922
48,west,2026,2790490.0,2790740.0,2790240.0,762230.0,12580.0,20.0,6.12,16.0,26.0,3.2999992,21.0,,,,-1.0,0.68,0.0,6.76,-40.0,-260.0,0.0,1,,forecast,133.0,4910.702091217041,384.7270269393921,Gazaria,29066614B22549105649922
49,east,2015,2789990.0,2790240.0,2789740.0,773990.0,10660.0,0.0,1.28,28.0,25.0,0.6000004,,6.0,0.08,140.0,,,,,,,,0,1.0,train,43.0,1984.1030979156494,898.0830788612366,Chikajani,29066614B96981412293624
49,east,2016,2789990.0,2790240.0,2789740.0,774130.0,12420.0,-40.0,2.04,26.0,23.0,0.5,7.0,6.16,0.04,100.0,,6.0,,,140.0,,0.08,0,1.0,train,43.0,1984.1030979156494,898.0830788612366,Chikajani,29066614B96981412293624
49,east,2017,2789990.0,2790240.0,2789740.0,774230.0,12680.0,40.0,3.04,26.0,10.0,0.5,9.0,2.96,0.0,60.0,2.0,6.16,6.0,,100.0,140.0,0.04,0,0.0,train,43.0,1984.1030979156494,898.0830788612366,Chikajani,29066614B96981412293624
49,east,2018,2789990.0,2790240.0,2789740.0,774290.0,12580.0,80.0,3.3200000000000003,26.0,10.0,0.5,69.0,5.88,0.0,120.0,60.0,2.96,6.16,6.0,60.0,100.0,0.0,0,1.0,train,43.0,1984.1030979156494,898.0830788612366,Chikajani,29066614B96981412293624
49,east,2019,2789990.0,2790240.0,2789740.0,774410.0,12620.0,-40.0,3.84,25.0,8.0,0.5,39.0,1.6,0.0,40.0,-30.0,5.88,2.96,6.16,120.0,60.0,0.0,0,0.0,train,43.0,1984.1030979156494,898.0830788612366,Chikajani,29066614B96981412293624
49,east,2020,2789990.0,2790240.0,2789740.0,774450.0,12300.0,0.0,3.92,25.0,7.0,0.5,69.0,11.200000000000001,0.04,220.0,30.0,1.6,5.88,2.96,40.0,120.0,0.0,0,1.0,train,43.0,1984.1030979156494,898.0830788612366,Chikajani,29066614B96981412293624
49,east,2021,2789990.0,2790240.0,2789740.0,774670.0,12920.0,-80.0,4.32,20.0,4.0,0.39999962,68.0,3.72,0.0,60.0,-1.0,11.200000000000001,1.6,5.88,220.0,40.0,0.04,0,0.0,train,43.0,1984.1030979156494,898.0830788612366,Chikajani,29066614B96981412293624
49,east,2022,2789990.0,2790240.0,2789740.0,774730.0,12940.0,60.0,3.88,11.0,4.0,0.20000076,70.0,4.0,0.0,80.0,2.0,3.72,11.200000000000001,1.6,60.0,220.0,0.0,0,0.0,train,43.0,1984.1030979156494,898.0830788612366,Chikajani,29066614B96981412293624
49,east,2023,2789990.0,2790240.0,2789740.0,774810.0,13060.0,120.0,4.64,10.0,3.0,0.20000076,62.0,2.52,0.0,60.0,-8.0,4.0,3.72,11.200000000000001,80.0,60.0,0.0,0,0.0,train,43.0,1984.1030979156494,898.0830788612366,Chikajani,29066614B96981412293624
49,east,2024,2789990.0,2790240.0,2789740.0,774870.0,13120.0,40.0,5.28,9.0,3.0,0.20000076,66.0,0.4,0.0,0.0,4.0,2.52,4.0,3.72,60.0,80.0,0.0,0,0.0,train,43.0,1984.1030979156494,898.0830788612366,Chikajani,29066614B96981412293624
49,east,2025,2789990.0,2790240.0,2789740.0,774870.0,13120.0,120.0,5.6000000000000005,9.0,3.0,0.20000076,68.0,1.44,0.0,40.0,2.0,0.4,2.52,4.0,0.0,60.0,0.0,0,0.0,train,43.0,1984.1030979156494,898.0830788612366,Chikajani,29066614B96981412293624
49,east,2026,2789990.0,2790240.0,2789740.0,774910.0,12880.0,140.0,5.36,9.0,3.0,0.20000076,71.0,,,,3.0,1.44,0.4,2.52,40.0,0.0,0.0,0,,forecast,43.0,1984.1030979156494,898.0830788612366,Chikajani,29066614B96981412293624
49,west,2015,2789990.0,2790240.0,2789740.0,763330.0,10660.0,1360.0,1.56,39.0,16.0,2.0,,17.240000000000002,0.04,,,,,,,,,1,1.0,train,118.0,4366.405985355377,647.1250104904175,Gazaria,29066614B22549105649922
49,west,2016,2789990.0,2790240.0,2789740.0,761710.0,12420.0,600.0,2.32,35.0,39.0,0.0,14.0,3.24,0.0,160.0,,17.240000000000002,,,,,0.04,1,0.0,train,118.0,4366.405985355377,647.1250104904175,Gazaria,29066614B22549105649922
49,west,2017,2789990.0,2790240.0,2789740.0,761550.0,12680.0,320.0,2.84,37.0,28.0,2.5999994,8.0,4.44,0.0,-160.0,-6.0,3.24,17.240000000000002,,160.0,,0.0,1,0.0,train,118.0,4366.405985355377,647.1250104904175,Gazaria,29066614B22549105649922
49,west,2018,2789990.0,2790240.0,2789740.0,761710.0,12580.0,280.0,3.52,35.0,39.0,0.0,9.0,0.0,0.0,-20.0,1.0,4.44,3.24,17.240000000000002,-160.0,160.0,0.0,1,0.0,train,118.0,4366.405985355377,647.1250104904175,Gazaria,29066614B22549105649922
49,west,2019,2789990.0,2790240.0,2789740.0,761730.0,12620.0,-20.0,3.16,34.0,39.0,0.0,9.0,1.72,0.0,-380.0,0.0,0.0,4.44,3.24,-20.0,-160.0,0.0,1,0.0,train,118.0,4366.405985355377,647.1250104904175,Gazaria,29066614B22549105649922
49,west,2020,2789990.0,2790240.0,2789740.0,762110.0,12300.0,800.0,2.24,25.0,37.0,0.0,8.0,12.040000000000001,0.0,360.0,-1.0,1.72,0.0,4.44,-380.0,-20.0,0.0,1,1.0,train,118.0,4366.405985355377,647.1250104904175,Gazaria,29066614B22549105649922
49,west,2021,2789990.0,2790240.0,2789740.0,761750.0,12920.0,160.0,4.28,34.0,39.0,0.0,8.0,0.0,0.0,-40.0,0.0,12.040000000000001,1.72,0.0,360.0,-380.0,0.0,1,0.0,train,118.0,4366.405985355377,647.1250104904175,Gazaria,29066614B22549105649922
49,west,2022,2789990.0,2790240.0,2789740.0,761790.0,12940.0,260.0,4.32,34.0,41.0,0.0,9.0,1.2,0.0,40.0,1.0,0.0,12.040000000000001,1.72,-40.0,360.0,0.0,1,0.0,train,118.0,4366.405985355377,647.1250104904175,Gazaria,29066614B22549105649922
49,west,2023,2789990.0,2790240.0,2789740.0,761750.0,13060.0,-560.0,4.64,34.0,40.0,0.0,57.0,0.24,0.0,0.0,48.0,1.2,0.0,12.040000000000001,40.0,-40.0,0.0,1,0.0,train,118.0,4366.405985355377,647.1250104904175,Gazaria,29066614B22549105649922
49,west,2024,2789990.0,2790240.0,2789740.0,761750.0,13120.0,-60.0,5.36,34.0,40.0,0.0,55.0,0.04,0.0,0.0,-2.0,0.24,1.2,0.0,0.0,40.0,0.0,1,0.0,train,118.0,4366.405985355377,647.1250104904175,Gazaria,29066614B22549105649922
49,west,2025,2789990.0,2790240.0,2789740.0,761750.0,13120.0,-260.0,4.92,34.0,39.0,0.0,15.0,0.0,0.0,-280.0,-40.0,0.04,0.24,1.2,0.0,0.0,0.0,1,0.0,train,118.0,4366.405985355377,647.1250104904175,Gazaria,29066614B22549105649922
49,west,2026,2789990.0,2790240.0,2789740.0,762030.0,12880.0,240.0,4.12,30.0,39.0,0.0,23.0,,,,8.0,0.0,0.04,0.24,-280.0,0.0,0.0,1,,forecast,118.0,4366.405985355377,647.1250104904175,Gazaria,29066614B22549105649922
50,east,2015,2789490.0,2789740.0,2789240.0,774050.0,12480.0,40.0,3.24,36.0,27.0,0.39999962,,5.44,0.16,140.0,,,,,,,,0,1.0,train,49.0,1864.279990196228,1028.9139986038208,Chikajani,29066614B96981412293624
50,east,2016,2789490.0,2789740.0,2789240.0,774190.0,12620.0,-60.0,2.2800000000000002,30.0,24.0,0.29999924,8.0,10.48,0.04,220.0,,5.44,,,140.0,,0.16,0,1.0,train,49.0,1864.279990196228,1028.9139986038208,Chikajani,29066614B96981412293624
50,east,2017,2789490.0,2789740.0,2789240.0,774410.0,12820.0,-40.0,1.28,29.0,11.0,0.6000004,17.0,1.6400000000000001,0.0,40.0,9.0,10.48,5.44,,220.0,140.0,0.04,0,0.0,train,49.0,1864.279990196228,1028.9139986038208,Chikajani,29066614B96981412293624
50,east,2018,2789490.0,2789740.0,2789240.0,774450.0,12700.0,0.0,0.72,29.0,11.0,0.6000004,26.0,5.24,0.0,80.0,9.0,1.6400000000000001,10.48,5.44,40.0,220.0,0.0,0,1.0,train,49.0,1864.279990196228,1028.9139986038208,Chikajani,29066614B96981412293624
50,east,2019,2789490.0,2789740.0,2789240.0,774530.0,12520.0,40.0,1.24,28.0,9.0,0.69999886,43.0,3.4,0.0,80.0,17.0,5.24,1.6400000000000001,10.48,80.0,40.0,0.0,0,0.0,train,49.0,1864.279990196228,1028.9139986038208,Chikajani,29066614B96981412293624
50,east,2020,2789490.0,2789740.0,2789240.0,774610.0,12720.0,20.0,1.12,26.0,8.0,0.69999886,69.0,4.44,0.0,80.0,26.0,3.4,5.24,1.6400000000000001,80.0,80.0,0.0,0,0.0,train,49.0,1864.279990196228,1028.9139986038208,Chikajani,29066614B96981412293624
50,east,2021,2789490.0,2789740.0,2789240.0,774690.0,12900.0,60.0,1.72,25.0,7.0,0.6000004,69.0,12.56,0.24,260.0,0.0,4.44,3.4,5.24,80.0,80.0,0.0,0,1.0,train,49.0,1864.279990196228,1028.9139986038208,Chikajani,29066614B96981412293624
50,east,2022,2789490.0,2789740.0,2789240.0,774950.0,13180.0,-140.0,1.56,11.0,6.0,0.5,61.0,5.84,0.0,120.0,-8.0,12.56,4.44,3.4,260.0,80.0,0.24,0,1.0,train,49.0,1864.279990196228,1028.9139986038208,Chikajani,29066614B96981412293624
50,east,2023,2789490.0,2789740.0,2789240.0,775070.0,13400.0,-140.0,1.6400000000000001,9.0,5.0,0.30000114,66.0,2.84,0.08,40.0,5.0,5.84,12.56,4.44,120.0,260.0,0.0,0,0.0,train,49.0,1864.279990196228,1028.9139986038208,Chikajani,29066614B96981412293624
50,east,2024,2789490.0,2789740.0,2789240.0,775110.0,13480.0,-40.0,1.96,8.0,5.0,0.30000114,59.0,3.92,0.0,80.0,-7.0,2.84,5.84,12.56,40.0,120.0,0.08,0,0.0,train,49.0,1864.279990196228,1028.9139986038208,Chikajani,29066614B96981412293624
50,east,2025,2789490.0,2789740.0,2789240.0,775190.0,13620.0,-20.0,2.7600000000000002,8.0,4.0,0.30000114,52.0,0.0,0.0,-40.0,-7.0,3.92,2.84,5.84,80.0,40.0,0.0,0,0.0,train,49.0,1864.279990196228,1028.9139986038208,Chikajani,29066614B96981412293624
50,east,2026,2789490.0,2789740.0,2789240.0,775150.0,13560.0,100.0,2.56,8.0,5.0,0.30000114,49.0,,,,-3.0,0.0,3.92,2.84,-40.0,80.0,0.0,0,,forecast,49.0,1864.279990196228,1028.9139986038208,Chikajani,29066614B96981412293624
50,west,2015,2789490.0,2789740.0,2789240.0,761570.0,12480.0,-1640.0,4.84,41.0,23.0,2.3000002,,0.24,0.0,0.0,,,,,,,,1,0.0,train,239.0,15379.647623062134,1036.1258869171143,Gazaria,29066614B22549105649922
50,west,2016,2789490.0,2789740.0,2789240.0,761570.0,12620.0,-60.0,4.96,41.0,23.0,0.0,14.0,1.44,0.0,60.0,,0.24,,,0.0,,0.0,1,0.0,train,239.0,15379.647623062134,1036.1258869171143,Gazaria,29066614B22549105649922
50,west,2017,2789490.0,2789740.0,2789240.0,761510.0,12820.0,0.0,5.0,41.0,21.0,0.0,10.0,0.0,0.0,-220.0,-4.0,1.44,0.24,,60.0,0.0,0.0,1,0.0,train,239.0,15379.647623062134,1036.1258869171143,Gazaria,29066614B22549105649922
50,west,2018,2789490.0,2789740.0,2789240.0,761730.0,12700.0,300.0,5.12,38.0,38.0,2.3000002,16.0,0.0,0.0,-280.0,6.0,0.0,1.44,0.24,-220.0,60.0,0.0,1,0.0,train,239.0,15379.647623062134,1036.1258869171143,Gazaria,29066614B22549105649922
50,west,2019,2789490.0,2789740.0,2789240.0,762010.0,12520.0,660.0,4.76,37.0,36.0,0.10000038,25.0,2.84,0.0,120.0,9.0,0.0,0.0,1.44,-280.0,-220.0,0.0,1,0.0,train,239.0,15379.647623062134,1036.1258869171143,Gazaria,29066614B22549105649922
50,west,2020,2789490.0,2789740.0,2789240.0,761890.0,12720.0,100.0,5.96,37.0,37.0,0.5999994,14.0,8.36,0.0,100.0,-11.0,2.84,0.0,0.0,120.0,-280.0,0.0,1,1.0,train,239.0,15379.647623062134,1036.1258869171143,Gazaria,29066614B22549105649922
50,west,2021,2789490.0,2789740.0,2789240.0,761790.0,12900.0,300.0,6.84,37.0,39.0,2.0,10.0,1.52,0.0,20.0,-4.0,8.36,2.84,0.0,100.0,120.0,0.0,1,0.0,train,239.0,15379.647623062134,1036.1258869171143,Gazaria,29066614B22549105649922
50,west,2022,2789490.0,2789740.0,2789240.0,761770.0,13180.0,120.0,9.120000000000001,38.0,39.0,2.3000002,10.0,4.36,0.04,100.0,0.0,1.52,8.36,2.84,20.0,100.0,0.0,1,0.0,train,239.0,15379.647623062134,1036.1258869171143,Gazaria,29066614B22549105649922
50,west,2023,2789490.0,2789740.0,2789240.0,761670.0,13400.0,-60.0,9.8,41.0,31.0,2.3000002,11.0,2.4,0.0,40.0,1.0,4.36,1.52,8.36,100.0,20.0,0.04,1,0.0,train,239.0,15379.647623062134,1036.1258869171143,Gazaria,29066614B22549105649922
50,west,2024,2789490.0,2789740.0,2789240.0,761630.0,13480.0,-60.0,10.16,41.0,25.0,2.3000002,50.0,1.6400000000000001,0.0,60.0,39.0,2.4,4.36,1.52,40.0,100.0,0.0,1,0.0,train,239.0,15379.647623062134,1036.1258869171143,Gazaria,29066614B22549105649922
50,west,2025,2789490.0,2789740.0,2789240.0,761570.0,13620.0,-160.0,9.92,41.0,23.0,2.3000002,18.0,0.0,0.0,-20.0,-32.0,1.6400000000000001,2.4,4.36,60.0,40.0,0.0,1,0.0,train,239.0,15379.647623062134,1036.1258869171143,Gazaria,29066614B22549105649922
50,west,2026,2789490.0,2789740.0,2789240.0,761590.0,13560.0,-460.0,9.44,41.0,24.0,0.5999994,10.0,,,,-8.0,0.0,1.6400000000000001,2.4,-20.0,60.0,0.0,1,,forecast,239.0,15379.647623062134,1036.1258869171143,Gazaria,29066614B22549105649922
51,east,2015,2788990.0,2789240.0,2788740.0,774150.0,12700.0,0.0,7.2,34.0,22.0,0.80000114,,1.76,0.0,40.0,,,,,,,,0,0.0,train,149.0,6464.354007720947,1237.2077703475952,Chikajani,29066614B96981412293624
51,east,2016,2788990.0,2789240.0,2788740.0,774190.0,12700.0,0.0,6.76,33.0,21.0,0.8999996,14.0,13.44,0.6,360.0,,1.76,,,40.0,,0.0,0,1.0,train,149.0,6464.354007720947,1237.2077703475952,Chikajani,29066614B96981412293624
51,east,2017,2788990.0,2789240.0,2788740.0,774550.0,13080.0,-120.0,10.84,24.0,10.0,0.8999996,11.0,3.68,0.0,60.0,-3.0,13.44,1.76,,360.0,40.0,0.6,0,0.0,train,149.0,6464.354007720947,1237.2077703475952,Chikajani,29066614B96981412293624
51,east,2018,2788990.0,2789240.0,2788740.0,774610.0,13160.0,20.0,10.68,23.0,9.0,0.79999924,17.0,3.36,0.0,80.0,6.0,3.68,13.44,1.76,60.0,360.0,0.0,0,0.0,train,149.0,6464.354007720947,1237.2077703475952,Chikajani,29066614B96981412293624
51,east,2019,2788990.0,2789240.0,2788740.0,774690.0,13060.0,60.0,10.64,21.0,8.0,0.79999924,39.0,5.44,0.0,100.0,22.0,3.36,3.68,13.44,80.0,60.0,0.0,0,1.0,train,149.0,6464.354007720947,1237.2077703475952,Chikajani,29066614B96981412293624
51,east,2020,2788990.0,2789240.0,2788740.0,774790.0,13220.0,-20.0,12.36,19.0,8.0,0.69999886,61.0,0.48,0.0,-20.0,22.0,5.44,3.36,3.68,100.0,80.0,0.0,0,0.0,train,149.0,6464.354007720947,1237.2077703475952,Chikajani,29066614B96981412293624
51,east,2021,2788990.0,2789240.0,2788740.0,774770.0,13240.0,140.0,12.6,19.0,8.0,0.5999985,60.0,11.28,0.16,260.0,-1.0,0.48,5.44,3.36,-20.0,100.0,0.0,0,1.0,train,149.0,6464.354007720947,1237.2077703475952,Chikajani,29066614B96981412293624
51,east,2022,2788990.0,2789240.0,2788740.0,775030.0,13400.0,-100.0,12.56,10.0,7.0,0.29999924,70.0,8.16,0.84,160.0,10.0,11.28,0.48,5.44,260.0,-20.0,0.16,0,1.0,train,149.0,6464.354007720947,1237.2077703475952,Chikajani,29066614B96981412293624
51,east,2023,2788990.0,2789240.0,2788740.0,775190.0,13540.0,-100.0,11.040000000000001,8.0,8.0,0.099998474,66.0,6.0,0.24,120.0,-4.0,8.16,11.28,0.48,160.0,260.0,0.84,0,1.0,train,149.0,6464.354007720947,1237.2077703475952,Chikajani,29066614B96981412293624
51,east,2024,2788990.0,2789240.0,2788740.0,775310.0,13740.0,-80.0,10.88,8.0,8.0,0.19999886,63.0,9.08,0.28,180.0,-3.0,6.0,8.16,11.28,120.0,160.0,0.24,0,1.0,train,149.0,6464.354007720947,1237.2077703475952,Chikajani,29066614B96981412293624
51,east,2025,2788990.0,2789240.0,2788740.0,775490.0,13940.0,-260.0,10.76,8.0,2.0,0.6000004,46.0,0.0,0.0,0.0,-17.0,9.08,6.0,8.16,180.0,120.0,0.28,0,0.0,train,149.0,6464.354007720947,1237.2077703475952,Chikajani,29066614B96981412293624
51,east,2026,2788990.0,2789240.0,2788740.0,775490.0,13880.0,-300.0,9.76,8.0,2.0,0.6000004,45.0,,,,-1.0,0.0,9.08,6.0,0.0,180.0,0.0,0,,forecast,149.0,6464.354007720947,1237.2077703475952,Chikajani,29066614B96981412293624
51,west,2015,2788990.0,2789240.0,2788740.0,761450.0,12700.0,-140.0,8.32,48.0,22.0,1.0,,0.84,0.0,-40.0,,,,,,,,1,0.0,train,189.0,11694.775491714478,1284.8636455535889,Gazaria,29066614B22549105649922
51,west,2016,2788990.0,2789240.0,2788740.0,761490.0,12700.0,-80.0,7.88,48.0,23.0,0.0,21.0,1.68,0.0,20.0,,0.84,,,-40.0,,0.0,1,0.0,train,189.0,11694.775491714478,1284.8636455535889,Gazaria,29066614B22549105649922
51,west,2017,2788990.0,2789240.0,2788740.0,761470.0,13080.0,-60.0,8.8,48.0,22.0,1.0,25.0,1.28,0.0,20.0,4.0,1.68,0.84,,20.0,-40.0,0.0,1,0.0,train,189.0,11694.775491714478,1284.8636455535889,Gazaria,29066614B22549105649922
51,west,2018,2788990.0,2789240.0,2788740.0,761450.0,13160.0,-300.0,8.6,48.0,28.0,0.0,21.0,0.0,0.0,-180.0,-4.0,1.28,1.68,0.84,20.0,20.0,0.0,1,0.0,train,189.0,11694.775491714478,1284.8636455535889,Gazaria,29066614B22549105649922
51,west,2019,2788990.0,2789240.0,2788740.0,761630.0,13060.0,-220.0,9.48,48.0,34.0,0.0,17.0,2.0,0.0,60.0,-4.0,0.0,1.28,1.68,-180.0,20.0,0.0,1,0.0,train,189.0,11694.775491714478,1284.8636455535889,Gazaria,29066614B22549105649922
51,west,2020,2788990.0,2789240.0,2788740.0,761570.0,13220.0,-240.0,10.68,48.0,32.0,0.0,14.0,2.24,0.0,40.0,-3.0,2.0,0.0,1.28,60.0,-180.0,0.0,1,0.0,train,189.0,11694.775491714478,1284.8636455535889,Gazaria,29066614B22549105649922
51,west,2021,2788990.0,2789240.0,2788740.0,761530.0,13240.0,-220.0,10.28,48.0,26.0,0.0,8.0,0.0,0.0,-100.0,-6.0,2.24,2.0,0.0,40.0,60.0,0.0,1,0.0,train,189.0,11694.775491714478,1284.8636455535889,Gazaria,29066614B22549105649922
51,west,2022,2788990.0,2789240.0,2788740.0,761630.0,13400.0,-60.0,11.24,48.0,34.0,0.0,16.0,3.16,0.0,-20.0,8.0,0.0,2.24,2.0,-100.0,40.0,0.0,1,0.0,train,189.0,11694.775491714478,1284.8636455535889,Gazaria,29066614B22549105649922
51,west,2023,2788990.0,2789240.0,2788740.0,761650.0,13540.0,20.0,11.48,48.0,33.0,0.0,12.0,2.84,0.0,80.0,-4.0,3.16,0.0,2.24,-20.0,-100.0,0.0,1,0.0,train,189.0,11694.775491714478,1284.8636455535889,Gazaria,29066614B22549105649922
51,west,2024,2788990.0,2789240.0,2788740.0,761570.0,13740.0,-120.0,11.48,47.0,25.0,0.0,58.0,0.0,0.0,20.0,46.0,2.84,3.16,0.0,80.0,-20.0,0.0,1,0.0,train,189.0,11694.775491714478,1284.8636455535889,Gazaria,29066614B22549105649922
51,west,2025,2788990.0,2789240.0,2788740.0,761550.0,13940.0,-180.0,10.96,48.0,26.0,0.0,28.0,0.0,0.0,-60.0,-30.0,0.0,2.84,3.16,20.0,80.0,0.0,1,0.0,train,189.0,11694.775491714478,1284.8636455535889,Gazaria,29066614B22549105649922
51,west,2026,2788990.0,2789240.0,2788740.0,761610.0,13880.0,-100.0,11.120000000000001,46.0,29.0,0.0,19.0,,,,-9.0,0.0,0.0,2.84,-60.0,20.0,0.0,1,,forecast,189.0,11694.775491714478,1284.8636455535889,Gazaria,29066614B22549105649922
52,east,2015,2788490.0,2788740.0,2788240.0,774250.0,12780.0,420.0,16.28,42.0,22.0,0.30000114,,0.0,0.0,-60.0,,,,,,,,0,0.0,train,241.0,11813.684213638306,1358.9644556045532,Chikajani,29066614B96981412293624
52,east,2016,2788490.0,2788740.0,2788240.0,774190.0,12700.0,340.0,15.6,44.0,25.0,0.39999962,33.0,14.72,0.0,380.0,,0.0,,,-60.0,,0.0,0,1.0,train,241.0,11813.684213638306,1358.9644556045532,Chikajani,29066614B96981412293624
52,east,2017,2788490.0,2788740.0,2788240.0,774570.0,13080.0,60.0,21.04,31.0,16.0,0.30000114,25.0,11.24,1.12,220.0,-8.0,14.72,0.0,,380.0,-60.0,0.0,0,1.0,train,241.0,11813.684213638306,1358.9644556045532,Chikajani,29066614B96981412293624
52,east,2018,2788490.0,2788740.0,2788240.0,774790.0,13300.0,-60.0,23.76,22.0,8.0,0.29999924,13.0,2.6,0.12,120.0,-12.0,11.24,14.72,0.0,220.0,380.0,1.12,0,0.0,train,241.0,11813.684213638306,1358.9644556045532,Chikajani,29066614B96981412293624
52,east,2019,2788490.0,2788740.0,2788240.0,774910.0,13420.0,-100.0,22.76,21.0,8.0,0.29999924,36.0,5.28,0.0,40.0,23.0,2.6,11.24,14.72,120.0,220.0,0.12,0,1.0,train,241.0,11813.684213638306,1358.9644556045532,Chikajani,29066614B96981412293624
52,east,2020,2788490.0,2788740.0,2788240.0,774950.0,13460.0,-20.0,25.240000000000002,19.0,7.0,0.10000038,33.0,2.2,0.04,40.0,-3.0,5.28,2.6,11.24,40.0,120.0,0.0,0,0.0,train,241.0,11813.684213638306,1358.9644556045532,Chikajani,29066614B96981412293624
52,east,2021,2788490.0,2788740.0,2788240.0,774990.0,13500.0,-120.0,26.28,19.0,7.0,0.10000038,10.0,1.68,0.24,20.0,-23.0,2.2,5.28,2.6,40.0,40.0,0.04,0,0.0,train,241.0,11813.684213638306,1358.9644556045532,Chikajani,29066614B96981412293624
52,east,2022,2788490.0,2788740.0,2788240.0,775010.0,13460.0,100.0,24.68,19.0,8.0,0.0,71.0,9.84,0.6,200.0,61.0,1.68,2.2,5.28,20.0,40.0,0.24,0,1.0,train,241.0,11813.684213638306,1358.9644556045532,Chikajani,29066614B96981412293624
52,east,2023,2788490.0,2788740.0,2788240.0,775210.0,13600.0,-60.0,27.96,10.0,8.0,0.70000076,66.0,11.4,0.24,220.0,-5.0,9.84,1.68,2.2,200.0,20.0,0.6,0,1.0,train,241.0,11813.684213638306,1358.9644556045532,Chikajani,29066614B96981412293624
52,east,2024,2788490.0,2788740.0,2788240.0,775430.0,13800.0,-180.0,32.44,7.0,0.0,1.3999996,67.0,5.08,0.12,100.0,1.0,11.4,9.84,1.68,220.0,200.0,0.24,0,1.0,train,241.0,11813.684213638306,1358.9644556045532,Chikajani,29066614B96981412293624
52,east,2025,2788490.0,2788740.0,2788240.0,775530.0,13820.0,-180.0,31.88,8.0,0.0,1.6000004,19.0,0.0,0.0,0.0,-48.0,5.08,11.4,9.84,100.0,220.0,0.12,0,0.0,train,241.0,11813.684213638306,1358.9644556045532,Chikajani,29066614B96981412293624
52,east,2026,2788490.0,2788740.0,2788240.0,775530.0,13820.0,-180.0,32.08,8.0,0.0,1.6000004,50.0,,,,31.0,0.0,5.08,11.4,0.0,100.0,0.0,0,,forecast,241.0,11813.684213638306,1358.9644556045532,Chikajani,29066614B96981412293624
52,west,2015,2788490.0,2788740.0,2788240.0,761470.0,12780.0,60.0,38.480000000000004,44.0,0.0,9.0,,0.08,0.0,-20.0,,,,,,,,1,0.0,train,422.0,29401.160190582275,1855.647334098816,Bhartkhali,29066614B53786715579598
52,west,2016,2788490.0,2788740.0,2788240.0,761490.0,12700.0,100.0,36.08,44.0,0.0,9.5,8.0,0.28,0.0,0.0,,0.08,,,-20.0,,0.0,1,0.0,train,422.0,29401.160190582275,1855.647334098816,Bhartkhali,29066614B53786715579598
52,west,2017,2788490.0,2788740.0,2788240.0,761490.0,13080.0,140.0,35.0,44.0,0.0,9.5,13.0,0.32,0.0,20.0,5.0,0.28,0.08,,0.0,-20.0,0.0,1,0.0,train,422.0,29401.160190582275,1855.647334098816,Bhartkhali,29066614B53786715579598
52,west,2018,2788490.0,2788740.0,2788240.0,761470.0,13300.0,120.0,37.84,44.0,0.0,9.5,19.0,0.0,0.0,0.0,6.0,0.32,0.28,0.08,20.0,0.0,0.0,1,0.0,train,422.0,29401.160190582275,1855.647334098816,Bhartkhali,29066614B53786715579598
52,west,2019,2788490.0,2788740.0,2788240.0,761470.0,13420.0,-60.0,36.96,44.0,0.0,9.5,10.0,0.04,0.0,-20.0,-9.0,0.0,0.32,0.28,0.0,20.0,0.0,1,0.0,train,422.0,29401.160190582275,1855.647334098816,Bhartkhali,29066614B53786715579598
52,west,2020,2788490.0,2788740.0,2788240.0,761490.0,13460.0,60.0,38.52,44.0,0.0,9.5,13.0,0.0,0.0,0.0,3.0,0.04,0.0,0.32,-20.0,0.0,0.0,1,0.0,train,422.0,29401.160190582275,1855.647334098816,Bhartkhali,29066614B53786715579598
52,west,2021,2788490.0,2788740.0,2788240.0,761490.0,13500.0,60.0,37.800000000000004,44.0,0.0,9.5,9.0,0.0,0.0,-60.0,-4.0,0.0,0.04,0.0,0.0,-20.0,0.0,1,0.0,train,422.0,29401.160190582275,1855.647334098816,Bhartkhali,29066614B53786715579598
52,west,2022,2788490.0,2788740.0,2788240.0,761550.0,13460.0,-60.0,36.4,42.0,0.0,9.5,14.0,0.16,0.0,-60.0,5.0,0.0,0.0,0.04,-60.0,0.0,0.0,1,0.0,train,422.0,29401.160190582275,1855.647334098816,Bhartkhali,29066614B53786715579598
52,west,2023,2788490.0,2788740.0,2788240.0,761610.0,13600.0,100.0,36.96,41.0,0.0,9.0,17.0,0.16,0.0,-20.0,3.0,0.16,0.0,0.0,-60.0,-60.0,0.0,1,0.0,train,422.0,29401.160190582275,1855.647334098816,Bhartkhali,29066614B53786715579598
52,west,2024,2788490.0,2788740.0,2788240.0,761630.0,13800.0,160.0,37.6,41.0,0.0,8.4,44.0,0.56,0.0,-80.0,27.0,0.16,0.16,0.0,-20.0,-60.0,0.0,1,0.0,train,422.0,29401.160190582275,1855.647334098816,Bhartkhali,29066614B53786715579598
52,west,2025,2788490.0,2788740.0,2788240.0,761710.0,13820.0,400.0,37.2,40.0,0.0,8.4,25.0,0.0,0.0,-20.0,-19.0,0.56,0.16,0.16,-80.0,-20.0,0.0,1,0.0,train,422.0,29401.160190582275,1855.647334098816,Bhartkhali,29066614B53786715579598
52,west,2026,2788490.0,2788740.0,2788240.0,761730.0,13820.0,200.0,36.68,39.0,43.0,8.4,24.0,,,,-1.0,0.0,0.56,0.16,-20.0,-80.0,0.0,1,,forecast,422.0,29401.160190582275,1855.647334098816,Bhartkhali,29066614B53786715579598
53,east,2015,2787990.0,2788240.0,2787740.0,774770.0,13340.0,-320.0,13.040000000000001,31.0,23.0,0.80000114,,0.0,0.0,-240.0,,,,,,,,0,0.0,train,180.0,9320.97000837326,1422.7298774719238,Chikajani,29066614B96981412293624
53,east,2016,2787990.0,2788240.0,2787740.0,774530.0,13140.0,-320.0,13.88,50.0,25.0,0.70000076,15.0,9.48,0.0,120.0,,0.0,,,-240.0,,0.0,0,1.0,train,180.0,9320.97000837326,1422.7298774719238,Chikajani,29066614B96981412293624
53,east,2017,2787990.0,2788240.0,2787740.0,774650.0,13280.0,160.0,14.08,39.0,25.0,0.70000076,20.0,13.040000000000001,0.24,260.0,5.0,9.48,0.0,,120.0,-240.0,0.0,0,1.0,train,180.0,9320.97000837326,1422.7298774719238,Chikajani,29066614B96981412293624
53,east,2018,2787990.0,2788240.0,2787740.0,774910.0,13540.0,0.0,14.88,26.0,21.0,0.8999996,11.0,5.2,0.0,120.0,-9.0,13.040000000000001,9.48,0.0,260.0,120.0,0.24,0,1.0,train,180.0,9320.97000837326,1422.7298774719238,Chikajani,29066614B96981412293624
53,east,2019,2787990.0,2788240.0,2787740.0,775030.0,13660.0,-100.0,15.280000000000001,25.0,17.0,0.8999996,30.0,2.84,0.16,60.0,19.0,5.2,13.040000000000001,9.48,120.0,260.0,0.0,0,0.0,train,180.0,9320.97000837326,1422.7298774719238,Chikajani,29066614B96981412293624
53,east,2020,2787990.0,2788240.0,2787740.0,775090.0,13740.0,-120.0,15.120000000000001,24.0,10.0,0.8999996,14.0,0.64,0.0,0.0,-16.0,2.84,5.2,13.040000000000001,60.0,120.0,0.16,0,0.0,train,180.0,9320.97000837326,1422.7298774719238,Chikajani,29066614B96981412293624
53,east,2021,2787990.0,2788240.0,2787740.0,775090.0,13700.0,-80.0,15.88,24.0,9.0,0.8999996,9.0,0.0,0.0,0.0,-5.0,0.64,2.84,5.2,0.0,60.0,0.0,0,0.0,train,180.0,9320.97000837326,1422.7298774719238,Chikajani,29066614B96981412293624
53,east,2022,2787990.0,2788240.0,2787740.0,775090.0,13560.0,-40.0,15.52,24.0,9.0,0.8999996,12.0,4.04,0.0,80.0,3.0,0.0,0.64,2.84,0.0,0.0,0.0,0,0.0,train,180.0,9320.97000837326,1422.7298774719238,Chikajani,29066614B96981412293624
53,east,2023,2787990.0,2788240.0,2787740.0,775170.0,13700.0,0.0,17.56,24.0,2.0,0.8999996,67.0,9.08,0.36,200.0,55.0,4.04,0.0,0.64,80.0,0.0,0.0,0,1.0,train,180.0,9320.97000837326,1422.7298774719238,Chikajani,29066614B96981412293624
53,east,2024,2787990.0,2788240.0,2787740.0,775370.0,13840.0,-200.0,20.0,26.0,0.0,0.69999886,61.0,0.68,0.0,20.0,-6.0,9.08,4.04,0.0,200.0,80.0,0.36,0,0.0,train,180.0,9320.97000837326,1422.7298774719238,Chikajani,29066614B96981412293624
53,east,2025,2787990.0,2788240.0,2787740.0,775390.0,13920.0,-120.0,19.8,26.0,0.0,0.5999985,56.0,0.0,0.0,0.0,-5.0,0.68,9.08,4.04,20.0,200.0,0.0,0,0.0,train,180.0,9320.97000837326,1422.7298774719238,Chikajani,29066614B96981412293624
53,east,2026,2787990.0,2788240.0,2787740.0,775390.0,13780.0,-140.0,19.56,26.0,0.0,0.69999886,38.0,,,,-18.0,0.0,0.68,9.08,0.0,20.0,0.0,0,,forecast,180.0,9320.97000837326,1422.7298774719238,Chikajani,29066614B96981412293624
53,west,2015,2787990.0,2788240.0,2787740.0,761430.0,13340.0,160.0,19.92,44.0,0.0,0.8999996,,2.08,0.0,40.0,,,,,,,,1,0.0,train,219.0,14842.048892974854,1654.2745971679688,Gazaria,29066614B22549105649922
53,west,2016,2787990.0,2788240.0,2787740.0,761390.0,13140.0,140.0,17.28,44.0,0.0,0.5999985,8.0,0.2,0.0,20.0,,2.08,,,40.0,,0.0,1,0.0,train,219.0,14842.048892974854,1654.2745971679688,Gazaria,29066614B22549105649922
53,west,2017,2787990.0,2788240.0,2787740.0,761370.0,13280.0,180.0,19.84,44.0,0.0,0.5999985,9.0,0.0,0.0,0.0,1.0,0.2,2.08,,20.0,40.0,0.0,1,0.0,train,219.0,14842.048892974854,1654.2745971679688,Gazaria,29066614B22549105649922
53,west,2018,2787990.0,2788240.0,2787740.0,761370.0,13540.0,240.0,23.12,44.0,0.0,0.5999985,12.0,0.0,0.0,0.0,3.0,0.0,0.2,2.08,0.0,20.0,0.0,1,0.0,train,219.0,14842.048892974854,1654.2745971679688,Gazaria,29066614B22549105649922
53,west,2019,2787990.0,2788240.0,2787740.0,761370.0,13660.0,260.0,23.0,44.0,0.0,0.5999985,37.0,0.8,0.0,20.0,25.0,0.0,0.0,0.2,0.0,0.0,0.0,1,0.0,train,219.0,14842.048892974854,1654.2745971679688,Gazaria,29066614B22549105649922
53,west,2020,2787990.0,2788240.0,2787740.0,761350.0,13740.0,200.0,24.2,44.0,0.0,0.5999985,34.0,0.0,0.0,-40.0,-3.0,0.8,0.0,0.0,20.0,0.0,0.0,1,0.0,train,219.0,14842.048892974854,1654.2745971679688,Gazaria,29066614B22549105649922
53,west,2021,2787990.0,2788240.0,2787740.0,761390.0,13700.0,300.0,22.68,44.0,0.0,0.5999985,29.0,0.0,0.0,-140.0,-5.0,0.0,0.8,0.0,-40.0,20.0,0.0,1,0.0,train,219.0,14842.048892974854,1654.2745971679688,Gazaria,29066614B22549105649922
53,west,2022,2787990.0,2788240.0,2787740.0,761530.0,13560.0,-20.0,19.8,43.0,0.0,1.0,11.0,3.92,0.0,60.0,-18.0,0.0,0.0,0.8,-140.0,-40.0,0.0,1,0.0,train,219.0,14842.048892974854,1654.2745971679688,Gazaria,29066614B22549105649922
53,west,2023,2787990.0,2788240.0,2787740.0,761470.0,13700.0,220.0,21.88,43.0,0.0,0.79999924,14.0,0.0,0.0,-60.0,3.0,3.92,0.0,0.0,60.0,-140.0,0.0,1,0.0,train,219.0,14842.048892974854,1654.2745971679688,Gazaria,29066614B22549105649922
53,west,2024,2787990.0,2788240.0,2787740.0,761530.0,13840.0,-40.0,21.080000000000002,43.0,0.0,1.0,11.0,1.32,0.0,60.0,-3.0,0.0,3.92,0.0,-60.0,60.0,0.0,1,0.0,train,219.0,14842.048892974854,1654.2745971679688,Gazaria,29066614B22549105649922
53,west,2025,2787990.0,2788240.0,2787740.0,761470.0,13920.0,120.0,21.28,43.0,0.0,0.79999924,16.0,0.16,0.0,-180.0,5.0,1.32,0.0,3.92,60.0,-60.0,0.0,1,0.0,train,219.0,14842.048892974854,1654.2745971679688,Gazaria,29066614B22549105649922
53,west,2026,2787990.0,2788240.0,2787740.0,761650.0,13780.0,200.0,19.28,40.0,16.0,1.5,21.0,,,,5.0,0.16,1.32,0.0,-180.0,60.0,0.0,1,,forecast,219.0,14842.048892974854,1654.2745971679688,Gazaria,29066614B22549105649922
54,east,2015,2787490.0,2787740.0,2787240.0,774970.0,13740.0,0.0,15.200000000000001,42.0,0.0,1.6000004,,0.0,0.0,-420.0,,,,,,,,0,0.0,train,143.0,7058.589288234711,1402.99875831604,Chikajani,29066614B96981412293624
54,east,2016,2787490.0,2787740.0,2787240.0,774550.0,13400.0,600.0,14.72,60.0,38.0,1.1000004,65.0,13.64,0.0,340.0,,0.0,,,-420.0,,0.0,0,1.0,train,143.0,7058.589288234711,1402.99875831604,Chikajani,29066614B96981412293624
54,east,2017,2787490.0,2787740.0,2787240.0,774890.0,13820.0,-180.0,14.52,48.0,8.0,1.6000004,16.0,8.32,0.0,140.0,-49.0,13.64,0.0,,340.0,-420.0,0.0,0,1.0,train,143.0,7058.589288234711,1402.99875831604,Chikajani,29066614B96981412293624
54,east,2018,2787490.0,2787740.0,2787240.0,775030.0,14000.0,-20.0,16.240000000000002,42.0,0.0,1.6000004,13.0,1.68,0.08,20.0,-3.0,8.32,13.64,0.0,140.0,340.0,0.0,0,0.0,train,143.0,7058.589288234711,1402.99875831604,Chikajani,29066614B96981412293624
54,east,2019,2787490.0,2787740.0,2787240.0,775050.0,14040.0,100.0,16.76,42.0,0.0,1.6000004,30.0,3.4,0.2,60.0,17.0,1.68,8.32,13.64,20.0,140.0,0.08,0,0.0,train,143.0,7058.589288234711,1402.99875831604,Chikajani,29066614B96981412293624
54,east,2020,2787490.0,2787740.0,2787240.0,775110.0,14100.0,40.0,17.080000000000002,41.0,0.0,1.2999992,13.0,0.0,0.0,0.0,-17.0,3.4,1.68,8.32,60.0,20.0,0.2,0,0.0,train,143.0,7058.589288234711,1402.99875831604,Chikajani,29066614B96981412293624
54,east,2021,2787490.0,2787740.0,2787240.0,775110.0,14120.0,20.0,16.44,41.0,0.0,1.2999992,9.0,0.0,0.0,20.0,-4.0,0.0,3.4,1.68,0.0,60.0,0.0,0,0.0,train,143.0,7058.589288234711,1402.99875831604,Chikajani,29066614B96981412293624
54,east,2022,2787490.0,2787740.0,2787240.0,775130.0,13580.0,0.0,16.4,41.0,0.0,1.2999992,9.0,0.08,0.0,0.0,0.0,0.0,0.0,3.4,20.0,0.0,0.0,0,0.0,train,143.0,7058.589288234711,1402.99875831604,Chikajani,29066614B96981412293624
54,east,2023,2787490.0,2787740.0,2787240.0,775130.0,14020.0,80.0,16.0,41.0,0.0,1.2999992,67.0,0.0,0.0,-20.0,58.0,0.08,0.0,0.0,0.0,20.0,0.0,0,0.0,train,143.0,7058.589288234711,1402.99875831604,Chikajani,29066614B96981412293624
54,east,2024,2787490.0,2787740.0,2787240.0,775110.0,13640.0,240.0,17.12,41.0,0.0,1.2999992,60.0,0.2,0.0,20.0,-7.0,0.0,0.08,0.0,-20.0,0.0,0.0,0,0.0,train,143.0,7058.589288234711,1402.99875831604,Chikajani,29066614B96981412293624
54,east,2025,2787490.0,2787740.0,2787240.0,775130.0,14020.0,300.0,16.68,41.0,0.0,1.2999992,54.0,0.0,0.0,-20.0,-6.0,0.2,0.0,0.08,20.0,-20.0,0.0,0,0.0,train,143.0,7058.589288234711,1402.99875831604,Chikajani,29066614B96981412293624
54,east,2026,2787490.0,2787740.0,2787240.0,775110.0,13760.0,300.0,17.400000000000002,41.0,0.0,1.2999992,54.0,,,,0.0,0.0,0.2,0.0,-20.0,20.0,0.0,0,,forecast,143.0,7058.589288234711,1402.99875831604,Chikajani,29066614B96981412293624
54,west,2015,2787490.0,2787740.0,2787240.0,761230.0,13740.0,-180.0,13.56,27.0,1.0,1.1000004,,3.8000000000000003,0.24,80.0,,,,,,,,1,0.0,train,135.0,9436.212106227875,1481.367467880249,Bhartkhali,29066614B53786715579598
54,west,2016,2787490.0,2787740.0,2787240.0,761150.0,13400.0,-160.0,12.08,27.0,0.0,1.2000008,14.0,5.36,0.44,80.0,,3.8000000000000003,,,80.0,,0.24,1,1.0,train,135.0,9436.212106227875,1481.367467880249,Bhartkhali,29066614B53786715579598
54,west,2017,2787490.0,2787740.0,2787240.0,761070.0,13820.0,-200.0,13.52,28.0,0.0,1.0,9.0,0.32,0.0,40.0,-5.0,5.36,3.8000000000000003,,80.0,80.0,0.44,1,0.0,train,135.0,9436.212106227875,1481.367467880249,Bhartkhali,29066614B53786715579598
54,west,2018,2787490.0,2787740.0,2787240.0,761030.0,14000.0,-280.0,14.56,28.0,0.0,1.0,22.0,0.0,0.0,20.0,13.0,0.32,5.36,3.8000000000000003,40.0,80.0,0.0,1,0.0,train,135.0,9436.212106227875,1481.367467880249,Bhartkhali,29066614B53786715579598
54,west,2019,2787490.0,2787740.0,2787240.0,761010.0,14040.0,-320.0,13.280000000000001,28.0,0.0,1.0,33.0,0.44,0.0,0.0,11.0,0.0,0.32,5.36,20.0,40.0,0.0,1,0.0,train,135.0,9436.212106227875,1481.367467880249,Bhartkhali,29066614B53786715579598
54,west,2020,2787490.0,2787740.0,2787240.0,761010.0,14100.0,-300.0,15.6,28.0,0.0,1.0,35.0,0.0,0.0,20.0,2.0,0.44,0.0,0.32,0.0,20.0,0.0,1,0.0,train,135.0,9436.212106227875,1481.367467880249,Bhartkhali,29066614B53786715579598
54,west,2021,2787490.0,2787740.0,2787240.0,760990.0,14120.0,-380.0,14.68,28.0,0.0,1.0,10.0,0.0,0.0,-540.0,-25.0,0.0,0.44,0.0,20.0,0.0,0.0,1,0.0,train,135.0,9436.212106227875,1481.367467880249,Bhartkhali,29066614B53786715579598
54,west,2022,2787490.0,2787740.0,2787240.0,761530.0,13580.0,520.0,12.32,31.0,28.0,1.6000004,8.0,19.080000000000002,0.0,420.0,-2.0,0.0,0.0,0.44,-540.0,20.0,0.0,1,1.0,train,135.0,9436.212106227875,1481.367467880249,Bhartkhali,29066614B53786715579598
54,west,2023,2787490.0,2787740.0,2787240.0,761110.0,14020.0,-240.0,14.96,27.0,0.0,1.0,9.0,0.0,0.0,-360.0,1.0,19.080000000000002,0.0,0.0,420.0,-540.0,0.0,1,0.0,train,135.0,9436.212106227875,1481.367467880249,Bhartkhali,29066614B53786715579598
54,west,2024,2787490.0,2787740.0,2787240.0,761470.0,13640.0,400.0,13.76,29.0,28.0,1.2000008,32.0,0.0,0.0,360.0,23.0,0.0,19.080000000000002,0.0,-360.0,420.0,0.0,1,0.0,train,135.0,9436.212106227875,1481.367467880249,Bhartkhali,29066614B53786715579598
54,west,2025,2787490.0,2787740.0,2787240.0,761110.0,14020.0,-660.0,14.36,27.0,0.0,1.0,8.0,0.0,0.0,-260.0,-24.0,0.0,0.0,19.080000000000002,360.0,-360.0,0.0,1,0.0,train,135.0,9436.212106227875,1481.367467880249,Bhartkhali,29066614B53786715579598
54,west,2026,2787490.0,2787740.0,2787240.0,761370.0,13760.0,-240.0,12.96,28.0,25.0,1.3999996,19.0,,,,11.0,0.0,0.0,0.0,-260.0,360.0,0.0,1,,forecast,135.0,9436.212106227875,1481.367467880249,Bhartkhali,29066614B53786715579598
55,east,2015,2786990.0,2787240.0,2786740.0,775170.0,13960.0,60.0,15.16,53.0,0.0,0.29999924,,0.0,0.0,0.0,,,,,,,,0,0.0,train,188.0,8958.145498275757,1127.0751791000366,Chikajani,29066614B96981412293624
55,east,2016,2786990.0,2787240.0,2786740.0,775170.0,14120.0,-360.0,14.36,53.0,0.0,0.69999886,66.0,0.52,0.0,-220.0,,0.0,,,0.0,,0.0,0,0.0,train,188.0,8958.145498275757,1127.0751791000366,Chikajani,29066614B96981412293624
55,east,2017,2786990.0,2787240.0,2786740.0,774950.0,13940.0,300.0,13.48,59.0,41.0,2.1000004,73.0,10.4,0.0,180.0,7.0,0.52,0.0,,-220.0,0.0,0.0,0,1.0,train,188.0,8958.145498275757,1127.0751791000366,Chikajani,29066614B96981412293624
55,east,2018,2786990.0,2787240.0,2786740.0,775130.0,14180.0,80.0,16.56,54.0,0.0,0.29999924,19.0,1.32,0.0,40.0,-54.0,10.4,0.52,0.0,180.0,-220.0,0.0,0,0.0,train,188.0,8958.145498275757,1127.0751791000366,Chikajani,29066614B96981412293624
55,east,2019,2786990.0,2787240.0,2786740.0,775170.0,14200.0,40.0,15.52,53.0,0.0,0.29999924,20.0,0.28,0.0,0.0,1.0,1.32,10.4,0.52,40.0,180.0,0.0,0,0.0,train,188.0,8958.145498275757,1127.0751791000366,Chikajani,29066614B96981412293624
55,east,2020,2786990.0,2787240.0,2786740.0,775170.0,14200.0,80.0,16.6,54.0,0.0,0.29999924,13.0,0.0,0.0,-20.0,-7.0,0.28,1.32,10.4,0.0,40.0,0.0,0,0.0,train,188.0,8958.145498275757,1127.0751791000366,Chikajani,29066614B96981412293624
55,east,2021,2786990.0,2787240.0,2786740.0,775150.0,14180.0,100.0,16.32,54.0,0.0,0.29999924,8.0,2.04,0.0,20.0,-5.0,0.0,0.28,1.32,-20.0,0.0,0.0,0,0.0,train,188.0,8958.145498275757,1127.0751791000366,Chikajani,29066614B96981412293624
55,east,2022,2786990.0,2787240.0,2786740.0,775170.0,14160.0,120.0,15.84,53.0,0.0,0.29999924,8.0,0.0,0.0,0.0,0.0,2.04,0.0,0.28,20.0,-20.0,0.0,0,0.0,train,188.0,8958.145498275757,1127.0751791000366,Chikajani,29066614B96981412293624
55,east,2023,2786990.0,2787240.0,2786740.0,775170.0,14180.0,40.0,16.4,53.0,0.0,0.29999924,64.0,0.0,0.0,-80.0,56.0,0.0,2.04,0.0,0.0,20.0,0.0,0,0.0,train,188.0,8958.145498275757,1127.0751791000366,Chikajani,29066614B96981412293624
55,east,2024,2786990.0,2787240.0,2786740.0,775090.0,14080.0,140.0,16.72,56.0,0.0,0.69999886,49.0,4.36,0.0,80.0,-15.0,0.0,0.0,2.04,-80.0,0.0,0.0,0,0.0,train,188.0,8958.145498275757,1127.0751791000366,Chikajani,29066614B96981412293624
55,east,2025,2786990.0,2787240.0,2786740.0,775170.0,13780.0,40.0,18.52,53.0,0.0,0.29999924,68.0,0.0,0.0,-40.0,19.0,4.36,0.0,0.0,80.0,-80.0,0.0,0,0.0,train,188.0,8958.145498275757,1127.0751791000366,Chikajani,29066614B96981412293624
55,east,2026,2786990.0,2787240.0,2786740.0,775130.0,13780.0,-20.0,17.0,56.0,0.0,0.29999924,43.0,,,,-25.0,0.0,4.36,0.0,-40.0,80.0,0.0,0,,forecast,188.0,8958.145498275757,1127.0751791000366,Chikajani,29066614B96981412293624
55,west,2015,2786990.0,2787240.0,2786740.0,761210.0,13960.0,-40.0,12.4,17.0,1.0,0.79999924,,7.0,0.2,140.0,,,,,,,,1,1.0,train,110.0,7126.156294822693,1322.8804483413696,Muktanagar,29066614B86541244944041
55,west,2016,2786990.0,2787240.0,2786740.0,761070.0,14120.0,-80.0,11.44,23.0,0.0,1.0,16.0,4.12,0.08,100.0,,7.0,,,140.0,,0.2,1,0.0,train,110.0,7126.156294822693,1322.8804483413696,Muktanagar,29066614B86541244944041
55,west,2017,2786990.0,2787240.0,2786740.0,760970.0,13940.0,-120.0,11.08,25.0,0.0,1.0999985,10.0,0.72,0.0,0.0,-6.0,4.12,7.0,,100.0,140.0,0.08,1,0.0,train,110.0,7126.156294822693,1322.8804483413696,Muktanagar,29066614B86541244944041
55,west,2018,2786990.0,2787240.0,2786740.0,760970.0,14180.0,-80.0,12.6,25.0,0.0,1.0999985,12.0,0.0,0.0,0.0,2.0,0.72,4.12,7.0,0.0,100.0,0.0,1,0.0,train,110.0,7126.156294822693,1322.8804483413696,Muktanagar,29066614B86541244944041
55,west,2019,2786990.0,2787240.0,2786740.0,760970.0,14200.0,-60.0,12.280000000000001,25.0,0.0,1.0999985,28.0,0.0,0.0,0.0,16.0,0.0,0.72,4.12,0.0,0.0,0.0,1,0.0,train,110.0,7126.156294822693,1322.8804483413696,Muktanagar,29066614B86541244944041
55,west,2020,2786990.0,2787240.0,2786740.0,760970.0,14200.0,-60.0,12.16,25.0,0.0,1.0999985,49.0,0.0,0.0,0.0,21.0,0.0,0.0,0.72,0.0,0.0,0.0,1,0.0,train,110.0,7126.156294822693,1322.8804483413696,Muktanagar,29066614B86541244944041
55,west,2021,2786990.0,2787240.0,2786740.0,760970.0,14180.0,-40.0,12.24,25.0,0.0,1.0999985,13.0,0.0,0.0,-40.0,-36.0,0.0,0.0,0.0,0.0,0.0,0.0,1,0.0,train,110.0,7126.156294822693,1322.8804483413696,Muktanagar,29066614B86541244944041
55,west,2022,2786990.0,2787240.0,2786740.0,761010.0,14160.0,-480.0,11.4,23.0,0.0,1.0,12.0,2.7600000000000002,0.0,20.0,-1.0,0.0,0.0,0.0,-40.0,0.0,0.0,1,0.0,train,110.0,7126.156294822693,1322.8804483413696,Muktanagar,29066614B86541244944041
55,west,2023,2786990.0,2787240.0,2786740.0,760990.0,14180.0,-120.0,11.36,24.0,0.0,1.0999985,26.0,0.32,0.0,-20.0,14.0,2.7600000000000002,0.0,0.0,20.0,-40.0,0.0,1,0.0,train,110.0,7126.156294822693,1322.8804483413696,Muktanagar,29066614B86541244944041
55,west,2024,2786990.0,2787240.0,2786740.0,761010.0,14080.0,-440.0,12.16,24.0,0.0,1.0,11.0,0.16,0.0,-400.0,-15.0,0.32,2.7600000000000002,0.0,-20.0,20.0,0.0,1,0.0,train,110.0,7126.156294822693,1322.8804483413696,Muktanagar,29066614B86541244944041
55,west,2025,2786990.0,2787240.0,2786740.0,761410.0,13780.0,320.0,10.24,16.0,24.0,0.79999924,10.0,5.76,0.0,80.0,-1.0,0.16,0.32,2.7600000000000002,-400.0,-20.0,0.0,1,1.0,train,110.0,7126.156294822693,1322.8804483413696,Muktanagar,29066614B86541244944041
55,west,2026,2786990.0,2787240.0,2786740.0,761330.0,13780.0,160.0,10.040000000000001,17.0,24.0,0.79999924,13.0,,,,3.0,5.76,0.16,0.32,80.0,-400.0,0.0,1,,forecast,110.0,7126.156294822693,1322.8804483413696,Muktanagar,29066614B86541244944041
56,east,2015,2786490.0,2786740.0,2786240.0,775430.0,14200.0,60.0,24.400000000000002,57.0,0.0,0.5,,0.92,0.0,0.0,,,,,,,,0,0.0,train,320.0,16941.251880645752,790.5092787742615,Chukaibari,29066614B45676429898522
56,east,2016,2786490.0,2786740.0,2786240.0,775430.0,14360.0,20.0,25.080000000000002,56.0,0.0,0.5,66.0,0.0,0.0,-120.0,,0.92,,,0.0,,0.0,0,0.0,train,320.0,16941.251880645752,790.5092787742615,Chukaibari,29066614B45676429898522
56,east,2017,2786490.0,2786740.0,2786240.0,775310.0,14320.0,-200.0,22.400000000000002,61.0,8.0,0.5999985,73.0,2.8000000000000003,0.04,0.0,7.0,0.0,0.92,,-120.0,0.0,0.0,0,0.0,train,320.0,16941.251880645752,790.5092787742615,Chukaibari,29066614B45676429898522
56,east,2018,2786490.0,2786740.0,2786240.0,775310.0,14320.0,20.0,24.64,60.0,0.0,0.5999985,23.0,2.68,0.0,20.0,-50.0,2.8000000000000003,0.0,0.92,0.0,-120.0,0.04,0,0.0,train,320.0,16941.251880645752,790.5092787742615,Chukaibari,29066614B45676429898522
56,east,2019,2786490.0,2786740.0,2786240.0,775330.0,14340.0,80.0,26.96,58.0,0.0,0.5999985,68.0,0.0,0.0,-20.0,45.0,2.68,2.8000000000000003,0.0,20.0,0.0,0.0,0,0.0,train,320.0,16941.251880645752,790.5092787742615,Chukaibari,29066614B45676429898522
56,east,2020,2786490.0,2786740.0,2786240.0,775310.0,14320.0,220.0,27.8,60.0,0.0,0.5999985,10.0,1.48,0.0,-20.0,-58.0,0.0,2.68,2.8000000000000003,-20.0,20.0,0.0,0,0.0,train,320.0,16941.251880645752,790.5092787742615,Chukaibari,29066614B45676429898522
56,east,2021,2786490.0,2786740.0,2786240.0,775290.0,14300.0,100.0,28.0,59.0,1.0,0.5999985,9.0,1.36,0.0,40.0,-1.0,1.48,0.0,2.68,-20.0,-20.0,0.0,0,0.0,train,320.0,16941.251880645752,790.5092787742615,Chukaibari,29066614B45676429898522
56,east,2022,2786490.0,2786740.0,2786240.0,775330.0,14340.0,20.0,27.8,60.0,0.0,0.5999985,10.0,0.0,0.0,-80.0,1.0,1.36,1.48,0.0,40.0,-20.0,0.0,0,0.0,train,320.0,16941.251880645752,790.5092787742615,Chukaibari,29066614B45676429898522
56,east,2023,2786490.0,2786740.0,2786240.0,775250.0,14260.0,-60.0,26.72,63.0,1.0,0.5999985,65.0,0.0,0.0,-40.0,55.0,0.0,1.36,1.48,-80.0,40.0,0.0,0,0.0,train,320.0,16941.251880645752,790.5092787742615,Chukaibari,29066614B45676429898522
56,east,2024,2786490.0,2786740.0,2786240.0,775210.0,14240.0,-60.0,25.36,64.0,16.0,0.5,67.0,2.8000000000000003,0.04,40.0,2.0,0.0,0.0,1.36,-40.0,-80.0,0.0,0,0.0,train,320.0,16941.251880645752,790.5092787742615,Chukaibari,29066614B45676429898522
56,east,2025,2786490.0,2786740.0,2786240.0,775250.0,13860.0,-40.0,26.48,63.0,5.0,0.5999985,62.0,0.0,0.0,-120.0,-5.0,2.8000000000000003,0.0,0.0,40.0,-40.0,0.04,0,0.0,train,320.0,16941.251880645752,790.5092787742615,Chukaibari,29066614B45676429898522
56,east,2026,2786490.0,2786740.0,2786240.0,775130.0,14000.0,-80.0,23.2,66.0,38.0,0.5999985,44.0,,,,-18.0,0.0,2.8000000000000003,0.0,-120.0,40.0,0.0,0,,forecast,320.0,16941.251880645752,790.5092787742615,Chukaibari,29066614B45676429898522
56,west,2015,2786490.0,2786740.0,2786240.0,761230.0,14200.0,-100.0,19.48,14.0,7.0,0.79999924,,7.04,1.28,160.0,,,,,,,,1,1.0,train,196.0,15081.269988059998,1342.966181755066,Muktanagar,29066614B86541244944041
56,west,2016,2786490.0,2786740.0,2786240.0,761070.0,14360.0,-120.0,16.92,17.0,0.0,0.79999924,12.0,4.72,0.4,80.0,,7.04,,,160.0,,1.28,1,0.0,train,196.0,15081.269988059998,1342.966181755066,Muktanagar,29066614B86541244944041
56,west,2017,2786490.0,2786740.0,2786240.0,760990.0,14320.0,-20.0,15.72,19.0,0.0,1.0999985,19.0,0.0,0.0,0.0,7.0,4.72,7.04,,80.0,160.0,0.4,1,0.0,train,196.0,15081.269988059998,1342.966181755066,Muktanagar,29066614B86541244944041
56,west,2018,2786490.0,2786740.0,2786240.0,760990.0,14320.0,20.0,17.64,19.0,0.0,1.0999985,14.0,0.0,0.0,0.0,-5.0,0.0,4.72,7.04,0.0,80.0,0.0,1,0.0,train,196.0,15081.269988059998,1342.966181755066,Muktanagar,29066614B86541244944041
56,west,2019,2786490.0,2786740.0,2786240.0,760990.0,14340.0,20.0,17.240000000000002,19.0,0.0,1.0999985,12.0,0.0,0.0,0.0,-2.0,0.0,0.0,4.72,0.0,0.0,0.0,1,0.0,train,196.0,15081.269988059998,1342.966181755066,Muktanagar,29066614B86541244944041
56,west,2020,2786490.0,2786740.0,2786240.0,760990.0,14320.0,40.0,18.76,19.0,0.0,1.0999985,13.0,0.0,0.0,0.0,1.0,0.0,0.0,0.0,0.0,0.0,0.0,1,0.0,train,196.0,15081.269988059998,1342.966181755066,Muktanagar,29066614B86541244944041
56,west,2021,2786490.0,2786740.0,2786240.0,760990.0,14300.0,20.0,18.400000000000002,19.0,0.0,1.0999985,11.0,0.0,0.0,20.0,-2.0,0.0,0.0,0.0,0.0,0.0,0.0,1,0.0,train,196.0,15081.269988059998,1342.966181755066,Muktanagar,29066614B86541244944041
56,west,2022,2786490.0,2786740.0,2786240.0,760970.0,14340.0,-60.0,18.56,19.0,0.0,1.0999985,9.0,0.0,0.0,-20.0,-2.0,0.0,0.0,0.0,20.0,0.0,0.0,1,0.0,train,196.0,15081.269988059998,1342.966181755066,Muktanagar,29066614B86541244944041
56,west,2023,2786490.0,2786740.0,2786240.0,760990.0,14260.0,20.0,19.240000000000002,19.0,0.0,1.0999985,10.0,0.0,0.0,0.0,1.0,0.0,0.0,0.0,-20.0,20.0,0.0,1,0.0,train,196.0,15081.269988059998,1342.966181755066,Muktanagar,29066614B86541244944041
56,west,2024,2786490.0,2786740.0,2786240.0,760990.0,14240.0,-20.0,19.96,19.0,0.0,1.0999985,65.0,0.0,0.0,-400.0,55.0,0.0,0.0,0.0,0.0,-20.0,0.0,1,0.0,train,196.0,15081.269988059998,1342.966181755066,Muktanagar,29066614B86541244944041
56,west,2025,2786490.0,2786740.0,2786240.0,761390.0,13860.0,380.0,17.72,13.0,19.0,0.79999924,23.0,9.08,0.0,260.0,-42.0,0.0,0.0,0.0,-400.0,0.0,0.0,1,1.0,train,196.0,15081.269988059998,1342.966181755066,Muktanagar,29066614B86541244944041
56,west,2026,2786490.0,2786740.0,2786240.0,761130.0,14000.0,-440.0,16.48,16.0,0.0,0.79999924,8.0,,,,-15.0,9.08,0.0,0.0,260.0,-400.0,0.0,1,,forecast,196.0,15081.269988059998,1342.966181755066,Muktanagar,29066614B86541244944041
57,east,2015,2785990.0,2786240.0,2785740.0,775750.0,14400.0,-20.0,11.200000000000001,52.0,5.0,0.6000004,,1.08,0.0,-40.0,,,,,,,,0,0.0,train,104.0,5137.564796447754,827.7216148376465,Chukaibari,29066614B45676429898522
57,east,2016,2785990.0,2786240.0,2785740.0,775710.0,14540.0,60.0,11.96,56.0,5.0,0.6000004,64.0,0.0,0.0,-240.0,,1.08,,,-40.0,,0.0,0,0.0,train,104.0,5137.564796447754,827.7216148376465,Chukaibari,29066614B45676429898522
57,east,2017,2785990.0,2786240.0,2785740.0,775470.0,14460.0,120.0,10.0,64.0,24.0,0.6000004,73.0,0.0,0.0,40.0,9.0,0.0,1.08,,-240.0,-40.0,0.0,0,0.0,train,104.0,5137.564796447754,827.7216148376465,Chukaibari,29066614B45676429898522
57,east,2018,2785990.0,2786240.0,2785740.0,775510.0,14520.0,60.0,9.92,64.0,26.0,0.6000004,70.0,6.48,0.0,60.0,-3.0,0.0,0.0,1.08,40.0,-240.0,0.0,0,1.0,train,104.0,5137.564796447754,827.7216148376465,Chukaibari,29066614B45676429898522
57,east,2019,2785990.0,2786240.0,2785740.0,775570.0,14580.0,0.0,11.0,63.0,6.0,0.6000004,56.0,0.0,0.0,100.0,-14.0,6.48,0.0,0.0,60.0,40.0,0.0,0,0.0,train,104.0,5137.564796447754,827.7216148376465,Chukaibari,29066614B45676429898522
57,east,2020,2785990.0,2786240.0,2785740.0,775670.0,14680.0,-180.0,12.280000000000001,64.0,8.0,0.6000004,52.0,1.8800000000000001,0.0,-140.0,-4.0,0.0,6.48,0.0,100.0,60.0,0.0,0,0.0,train,104.0,5137.564796447754,827.7216148376465,Chukaibari,29066614B45676429898522
57,east,2021,2785990.0,2786240.0,2785740.0,775530.0,14560.0,20.0,12.280000000000001,63.0,19.0,0.6000004,12.0,1.68,0.0,-20.0,-40.0,1.8800000000000001,0.0,6.48,-140.0,100.0,0.0,0,0.0,train,104.0,5137.564796447754,827.7216148376465,Chukaibari,29066614B45676429898522
57,east,2022,2785990.0,2786240.0,2785740.0,775510.0,14520.0,-240.0,11.64,64.0,27.0,0.6000004,8.0,0.0,0.0,-240.0,-4.0,1.68,1.8800000000000001,0.0,-20.0,-140.0,0.0,0,0.0,train,104.0,5137.564796447754,827.7216148376465,Chukaibari,29066614B45676429898522
57,east,2023,2785990.0,2786240.0,2785740.0,775270.0,14300.0,100.0,11.32,69.0,50.0,0.8999996,65.0,0.88,0.0,0.0,57.0,0.0,1.68,1.8800000000000001,-240.0,-20.0,0.0,0,0.0,train,104.0,5137.564796447754,827.7216148376465,Chukaibari,29066614B45676429898522
57,east,2024,2785990.0,2786240.0,2785740.0,775270.0,14280.0,120.0,11.52,69.0,49.0,0.70000076,69.0,0.0,0.0,20.0,4.0,0.88,0.0,1.68,0.0,-240.0,0.0,0,0.0,train,104.0,5137.564796447754,827.7216148376465,Chukaibari,29066614B45676429898522
57,east,2025,2785990.0,2786240.0,2785740.0,775290.0,14300.0,60.0,11.88,66.0,48.0,0.6000004,46.0,0.0,0.0,-240.0,-23.0,0.0,0.88,0.0,20.0,0.0,0.0,0,0.0,train,104.0,5137.564796447754,827.7216148376465,Chukaibari,29066614B45676429898522
57,east,2026,2785990.0,2786240.0,2785740.0,775050.0,13840.0,80.0,10.56,79.0,63.0,1.0,51.0,,,,5.0,0.0,0.0,0.88,-240.0,20.0,0.0,0,,forecast,104.0,5137.564796447754,827.7216148376465,Chukaibari,29066614B45676429898522
57,west,2015,2785990.0,2786240.0,2785740.0,761350.0,14400.0,-40.0,15.96,16.0,27.0,0.5999985,,7.28,0.0,160.0,,,,,,,,1,1.0,train,181.0,14277.017166137695,1311.8661098480225,Muktanagar,29066614B86541244944041
57,west,2016,2785990.0,2786240.0,2785740.0,761190.0,14540.0,-100.0,14.08,22.0,0.0,0.5999985,41.0,7.76,0.32,160.0,,7.28,,,160.0,,0.0,1,1.0,train,181.0,14277.017166137695,1311.8661098480225,Muktanagar,29066614B86541244944041
57,west,2017,2785990.0,2786240.0,2785740.0,761030.0,14460.0,-120.0,15.88,27.0,0.0,1.0,49.0,2.24,0.0,40.0,8.0,7.76,7.28,,160.0,160.0,0.32,1,0.0,train,181.0,14277.017166137695,1311.8661098480225,Muktanagar,29066614B86541244944041
57,west,2018,2785990.0,2786240.0,2785740.0,760990.0,14520.0,-80.0,18.36,27.0,0.0,1.0,29.0,0.0,0.0,0.0,-20.0,2.24,7.76,7.28,40.0,160.0,0.0,1,0.0,train,181.0,14277.017166137695,1311.8661098480225,Muktanagar,29066614B86541244944041
57,west,2019,2785990.0,2786240.0,2785740.0,760990.0,14580.0,-80.0,17.28,27.0,0.0,1.0,18.0,0.0,0.0,20.0,-11.0,0.0,2.24,7.76,0.0,40.0,0.0,1,0.0,train,181.0,14277.017166137695,1311.8661098480225,Muktanagar,29066614B86541244944041
57,west,2020,2785990.0,2786240.0,2785740.0,760970.0,14680.0,-80.0,19.96,27.0,0.0,1.0,34.0,0.0,0.0,-20.0,16.0,0.0,0.0,2.24,20.0,0.0,0.0,1,0.0,train,181.0,14277.017166137695,1311.8661098480225,Muktanagar,29066614B86541244944041
57,west,2021,2785990.0,2786240.0,2785740.0,760990.0,14560.0,-60.0,19.56,27.0,0.0,1.0,13.0,0.0,0.0,0.0,-21.0,0.0,0.0,0.0,-20.0,20.0,0.0,1,0.0,train,181.0,14277.017166137695,1311.8661098480225,Muktanagar,29066614B86541244944041
57,west,2022,2785990.0,2786240.0,2785740.0,760990.0,14520.0,-60.0,17.56,27.0,0.0,1.0,10.0,0.28,0.0,20.0,-3.0,0.0,0.0,0.0,0.0,-20.0,0.0,1,0.0,train,181.0,14277.017166137695,1311.8661098480225,Muktanagar,29066614B86541244944041
57,west,2023,2785990.0,2786240.0,2785740.0,760970.0,14300.0,-40.0,19.68,27.0,0.0,1.0,8.0,0.52,0.0,-20.0,-2.0,0.28,0.0,0.0,20.0,0.0,0.0,1,0.0,train,181.0,14277.017166137695,1311.8661098480225,Muktanagar,29066614B86541244944041
57,west,2024,2785990.0,2786240.0,2785740.0,760990.0,14280.0,40.0,20.2,27.0,0.0,1.0,11.0,0.0,0.0,0.0,3.0,0.52,0.28,0.0,-20.0,20.0,0.0,1,0.0,train,181.0,14277.017166137695,1311.8661098480225,Muktanagar,29066614B86541244944041
57,west,2025,2785990.0,2786240.0,2785740.0,760990.0,14300.0,-360.0,18.84,27.0,0.0,1.0,37.0,0.0,0.0,-380.0,26.0,0.0,0.52,0.28,0.0,-20.0,0.0,1,0.0,train,181.0,14277.017166137695,1311.8661098480225,Muktanagar,29066614B86541244944041
57,west,2026,2785990.0,2786240.0,2785740.0,761370.0,13840.0,640.0,16.04,16.0,27.0,0.79999924,21.0,,,,-16.0,0.0,0.0,0.52,-380.0,0.0,0.0,1,,forecast,181.0,14277.017166137695,1311.8661098480225,Muktanagar,29066614B86541244944041
58,east,2015,2785490.0,2785740.0,2785240.0,776050.0,14520.0,-20.0,10.88,48.0,2.0,0.099998474,,0.24,0.0,0.0,,,,,,,,0,0.0,train,77.0,3581.713788986206,769.3926939964294,Chukaibari,29066614B45676429898522
58,east,2016,2785490.0,2785740.0,2785240.0,776050.0,14660.0,-60.0,12.16,48.0,2.0,0.19999886,64.0,0.0,0.0,-300.0,,0.24,,,0.0,,0.0,0,0.0,train,77.0,3581.713788986206,769.3926939964294,Chukaibari,29066614B45676429898522
58,east,2017,2785490.0,2785740.0,2785240.0,775750.0,14560.0,300.0,8.2,67.0,29.0,0.30000114,73.0,1.96,0.0,20.0,9.0,0.0,0.24,,-300.0,0.0,0.0,0,0.0,train,77.0,3581.713788986206,769.3926939964294,Chukaibari,29066614B45676429898522
58,east,2018,2785490.0,2785740.0,2785240.0,775770.0,14700.0,180.0,8.6,67.0,28.0,0.20000076,71.0,3.84,0.0,40.0,-2.0,1.96,0.0,0.24,20.0,-300.0,0.0,0,0.0,train,77.0,3581.713788986206,769.3926939964294,Chukaibari,29066614B45676429898522
58,east,2019,2785490.0,2785740.0,2785240.0,775810.0,14720.0,140.0,9.120000000000001,66.0,28.0,0.30000114,71.0,3.7600000000000002,0.0,40.0,0.0,3.84,1.96,0.0,40.0,20.0,0.0,0,0.0,train,77.0,3581.713788986206,769.3926939964294,Chukaibari,29066614B45676429898522
58,east,2020,2785490.0,2785740.0,2785240.0,775850.0,14840.0,40.0,9.28,66.0,15.0,0.0,68.0,0.0,0.0,-60.0,-3.0,3.7600000000000002,3.84,1.96,40.0,40.0,0.0,0,0.0,train,77.0,3581.713788986206,769.3926939964294,Chukaibari,29066614B45676429898522
58,east,2021,2785490.0,2785740.0,2785240.0,775790.0,14720.0,-120.0,8.92,67.0,28.0,0.30000114,19.0,0.92,0.0,-340.0,-49.0,0.0,3.7600000000000002,3.84,-60.0,40.0,0.0,0,0.0,train,77.0,3581.713788986206,769.3926939964294,Chukaibari,29066614B45676429898522
58,east,2022,2785490.0,2785740.0,2785240.0,775450.0,14380.0,360.0,7.0,66.0,58.0,1.8000011,11.0,0.88,0.0,-60.0,-8.0,0.92,0.0,3.7600000000000002,-340.0,-60.0,0.0,0,0.0,train,77.0,3581.713788986206,769.3926939964294,Chukaibari,29066614B45676429898522
58,east,2023,2785490.0,2785740.0,2785240.0,775390.0,14420.0,20.0,6.48,66.0,65.0,1.8999996,66.0,3.84,0.0,60.0,55.0,0.88,0.92,0.0,-60.0,-340.0,0.0,0,0.0,train,77.0,3581.713788986206,769.3926939964294,Chukaibari,29066614B45676429898522
58,east,2024,2785490.0,2785740.0,2785240.0,775450.0,14460.0,-80.0,6.96,66.0,60.0,2.0,68.0,0.0,0.0,-60.0,2.0,3.84,0.88,0.92,60.0,-60.0,0.0,0,0.0,train,77.0,3581.713788986206,769.3926939964294,Chukaibari,29066614B45676429898522
58,east,2025,2785490.0,2785740.0,2785240.0,775390.0,14420.0,-100.0,6.5200000000000005,66.0,65.0,2.0,34.0,0.0,0.0,-340.0,-34.0,0.0,3.84,0.88,-60.0,60.0,0.0,0,0.0,train,77.0,3581.713788986206,769.3926939964294,Chukaibari,29066614B45676429898522
58,east,2026,2785490.0,2785740.0,2785240.0,775050.0,14080.0,0.0,7.24,75.0,66.0,2.7000008,44.0,,,,10.0,0.0,0.0,3.84,-340.0,-60.0,0.0,0,,forecast,77.0,3581.713788986206,769.3926939964294,Chukaibari,29066614B45676429898522
58,west,2015,2785490.0,2785740.0,2785240.0,761510.0,14520.0,-160.0,9.56,22.0,27.0,0.8999996,,7.8,0.0,100.0,,,,,,,,1,1.0,train,164.0,9552.594279289246,1209.0772762298584,Muktanagar,29066614B86541244944041
58,west,2016,2785490.0,2785740.0,2785240.0,761410.0,14660.0,140.0,9.64,24.0,25.0,0.8999996,41.0,8.48,0.0,220.0,,7.8,,,100.0,,0.0,1,1.0,train,164.0,9552.594279289246,1209.0772762298584,Muktanagar,29066614B86541244944041
58,west,2017,2785490.0,2785740.0,2785240.0,761190.0,14560.0,-60.0,11.36,28.0,0.0,0.8999996,41.0,5.8,0.0,120.0,0.0,8.48,7.8,,220.0,100.0,0.0,1,1.0,train,164.0,9552.594279289246,1209.0772762298584,Muktanagar,29066614B86541244944041
58,west,2018,2785490.0,2785740.0,2785240.0,761070.0,14700.0,-80.0,13.24,29.0,0.0,0.79999924,29.0,0.64,0.0,0.0,-12.0,5.8,8.48,7.8,120.0,220.0,0.0,1,0.0,train,164.0,9552.594279289246,1209.0772762298584,Muktanagar,29066614B86541244944041
58,west,2019,2785490.0,2785740.0,2785240.0,761070.0,14720.0,-40.0,13.200000000000001,28.0,0.0,0.79999924,43.0,1.48,0.0,40.0,14.0,0.64,5.8,8.48,0.0,120.0,0.0,1,0.0,train,164.0,9552.594279289246,1209.0772762298584,Muktanagar,29066614B86541244944041
58,west,2020,2785490.0,2785740.0,2785240.0,761030.0,14840.0,-60.0,14.44,28.0,0.0,0.79999924,44.0,0.0,0.0,-20.0,1.0,1.48,0.64,5.8,40.0,0.0,0.0,1,0.0,train,164.0,9552.594279289246,1209.0772762298584,Muktanagar,29066614B86541244944041
58,west,2021,2785490.0,2785740.0,2785240.0,761050.0,14720.0,-20.0,14.88,28.0,0.0,0.79999924,28.0,0.0,0.0,-20.0,-16.0,0.0,1.48,0.64,-20.0,40.0,0.0,1,0.0,train,164.0,9552.594279289246,1209.0772762298584,Muktanagar,29066614B86541244944041
58,west,2022,2785490.0,2785740.0,2785240.0,761070.0,14380.0,40.0,14.200000000000001,28.0,0.0,0.79999924,12.0,5.76,0.0,80.0,-16.0,0.0,0.0,1.48,-20.0,-20.0,0.0,1,1.0,train,164.0,9552.594279289246,1209.0772762298584,Muktanagar,29066614B86541244944041
58,west,2023,2785490.0,2785740.0,2785240.0,760990.0,14420.0,-40.0,16.96,28.0,0.0,0.8999996,42.0,0.96,0.0,40.0,30.0,5.76,0.0,0.0,80.0,-20.0,0.0,1,0.0,train,164.0,9552.594279289246,1209.0772762298584,Muktanagar,29066614B86541244944041
58,west,2024,2785490.0,2785740.0,2785240.0,760950.0,14460.0,-120.0,16.240000000000002,27.0,0.0,0.8999996,21.0,0.0,0.0,0.0,-21.0,0.96,5.76,0.0,40.0,80.0,0.0,1,0.0,train,164.0,9552.594279289246,1209.0772762298584,Muktanagar,29066614B86541244944041
58,west,2025,2785490.0,2785740.0,2785240.0,760950.0,14420.0,-120.0,16.36,27.0,0.0,0.8999996,13.0,0.0,0.0,-20.0,-8.0,0.0,0.96,5.76,0.0,40.0,0.0,1,0.0,train,164.0,9552.594279289246,1209.0772762298584,Muktanagar,29066614B86541244944041
58,west,2026,2785490.0,2785740.0,2785240.0,760970.0,14080.0,-480.0,15.92,27.0,0.0,0.8999996,41.0,,,,28.0,0.0,0.0,0.96,-20.0,0.0,0.0,1,,forecast,164.0,9552.594279289246,1209.0772762298584,Muktanagar,29066614B86541244944041
59,east,2015,2784990.0,2785240.0,2784740.0,776330.0,14500.0,-140.0,20.2,50.0,6.0,0.29999924,,0.8,0.0,0.0,,,,,,,,0,0.0,train,7.0,287.9361972808838,742.5754580497742,Chukaibari,29066614B45676429898522
59,east,2016,2784990.0,2785240.0,2784740.0,776330.0,14820.0,-120.0,21.28,44.0,6.0,0.29999924,61.0,0.0,0.0,0.0,,0.8,,,0.0,,0.0,0,0.0,train,7.0,287.9361972808838,742.5754580497742,Chukaibari,29066614B45676429898522
59,east,2017,2784990.0,2785240.0,2784740.0,776330.0,14920.0,-420.0,19.92,44.0,6.0,0.29999924,54.0,0.4,0.0,-120.0,-7.0,0.0,0.8,,0.0,0.0,0.0,0,0.0,train,7.0,287.9361972808838,742.5754580497742,Chukaibari,29066614B45676429898522
59,east,2018,2784990.0,2785240.0,2784740.0,776210.0,14960.0,-420.0,17.72,59.0,9.0,0.20000076,71.0,0.0,0.0,-20.0,17.0,0.4,0.0,0.8,-120.0,0.0,0.0,0,0.0,train,7.0,287.9361972808838,742.5754580497742,Chukaibari,29066614B45676429898522
59,east,2019,2784990.0,2785240.0,2784740.0,776190.0,15000.0,-220.0,17.72,59.0,8.0,0.20000076,20.0,0.0,0.0,-120.0,-51.0,0.0,0.4,0.0,-20.0,-120.0,0.0,0,0.0,train,7.0,287.9361972808838,742.5754580497742,Chukaibari,29066614B45676429898522
59,east,2020,2784990.0,2785240.0,2784740.0,776070.0,14900.0,60.0,14.96,67.0,29.0,0.10000038,69.0,0.0,0.0,-140.0,49.0,0.0,0.0,0.4,-120.0,-20.0,0.0,0,0.0,train,7.0,287.9361972808838,742.5754580497742,Chukaibari,29066614B45676429898522
59,east,2021,2784990.0,2785240.0,2784740.0,775930.0,14780.0,400.0,11.24,67.0,38.0,0.20000076,65.0,0.0,0.0,-180.0,-4.0,0.0,0.0,0.0,-140.0,-120.0,0.0,0,0.0,train,7.0,287.9361972808838,742.5754580497742,Chukaibari,29066614B45676429898522
59,east,2022,2784990.0,2785240.0,2784740.0,775750.0,14620.0,60.0,6.0,66.0,64.0,0.5,69.0,1.84,0.0,-220.0,4.0,0.0,0.0,0.0,-180.0,-140.0,0.0,0,0.0,train,7.0,287.9361972808838,742.5754580497742,Chukaibari,29066614B45676429898522
59,east,2023,2784990.0,2785240.0,2784740.0,775530.0,14480.0,340.0,6.04,64.0,66.0,1.5,67.0,5.6000000000000005,0.0,20.0,-2.0,1.84,0.0,0.0,-220.0,-180.0,0.0,0,1.0,train,7.0,287.9361972808838,742.5754580497742,Chukaibari,29066614B45676429898522
59,east,2024,2784990.0,2785240.0,2784740.0,775550.0,14520.0,340.0,9.24,65.0,62.0,1.5,66.0,0.0,0.0,-160.0,-1.0,5.6000000000000005,1.84,0.0,20.0,-220.0,0.0,0,0.0,train,7.0,287.9361972808838,742.5754580497742,Chukaibari,29066614B45676429898522
59,east,2025,2784990.0,2785240.0,2784740.0,775390.0,14360.0,-180.0,2.04,62.0,66.0,2.1000004,46.0,0.0,0.0,-340.0,-20.0,0.0,5.6000000000000005,1.84,-160.0,20.0,0.0,0,0.0,train,7.0,287.9361972808838,742.5754580497742,Chukaibari,29066614B45676429898522
59,east,2026,2784990.0,2785240.0,2784740.0,775050.0,14040.0,160.0,1.16,63.0,65.0,2.0,44.0,,,,-2.0,0.0,0.0,5.6000000000000005,-340.0,-160.0,0.0,0,,forecast,7.0,287.9361972808838,742.5754580497742,Chukaibari,29066614B45676429898522
59,west,2015,2784990.0,2785240.0,2784740.0,761830.0,14500.0,300.0,10.88,35.0,28.0,0.79999924,,14.72,0.0,340.0,,,,,,,,1,1.0,train,130.0,7818.6860065460205,1223.1406993865967,Muktanagar,29066614B86541244944041
59,west,2016,2784990.0,2785240.0,2784740.0,761490.0,14820.0,-200.0,10.44,30.0,18.0,0.79999924,26.0,4.48,0.0,80.0,,14.72,,,340.0,,0.0,1,0.0,train,130.0,7818.6860065460205,1223.1406993865967,Muktanagar,29066614B86541244944041
59,west,2017,2784990.0,2785240.0,2784740.0,761410.0,14920.0,20.0,9.64,30.0,6.0,0.79999924,36.0,8.2,0.0,180.0,10.0,4.48,14.72,,80.0,340.0,0.0,1,1.0,train,130.0,7818.6860065460205,1223.1406993865967,Muktanagar,29066614B86541244944041
59,west,2018,2784990.0,2785240.0,2784740.0,761230.0,14960.0,-60.0,11.44,28.0,0.0,0.8999996,35.0,2.12,0.0,40.0,-1.0,8.2,4.48,14.72,180.0,80.0,0.0,1,0.0,train,130.0,7818.6860065460205,1223.1406993865967,Muktanagar,29066614B86541244944041
59,west,2019,2784990.0,2785240.0,2784740.0,761190.0,15000.0,-80.0,11.56,25.0,0.0,0.8999996,28.0,2.2800000000000002,0.0,40.0,-7.0,2.12,8.2,4.48,40.0,180.0,0.0,1,0.0,train,130.0,7818.6860065460205,1223.1406993865967,Muktanagar,29066614B86541244944041
59,west,2020,2784990.0,2785240.0,2784740.0,761150.0,14900.0,-60.0,12.96,24.0,0.0,0.8999996,39.0,0.0,0.0,20.0,11.0,2.2800000000000002,2.12,8.2,40.0,40.0,0.0,1,0.0,train,130.0,7818.6860065460205,1223.1406993865967,Muktanagar,29066614B86541244944041
59,west,2021,2784990.0,2785240.0,2784740.0,761130.0,14780.0,-80.0,12.08,23.0,0.0,0.8999996,25.0,0.92,0.0,20.0,-14.0,0.0,2.2800000000000002,2.12,20.0,40.0,0.0,1,0.0,train,130.0,7818.6860065460205,1223.1406993865967,Muktanagar,29066614B86541244944041
59,west,2022,2784990.0,2785240.0,2784740.0,761110.0,14620.0,-80.0,13.36,23.0,0.0,0.8999996,32.0,3.84,0.0,60.0,7.0,0.92,0.0,2.2800000000000002,20.0,20.0,0.0,1,0.0,train,130.0,7818.6860065460205,1223.1406993865967,Muktanagar,29066614B86541244944041
59,west,2023,2784990.0,2785240.0,2784740.0,761050.0,14480.0,-20.0,13.0,20.0,0.0,0.8999996,45.0,0.8,0.0,20.0,13.0,3.84,0.92,0.0,60.0,20.0,0.0,1,0.0,train,130.0,7818.6860065460205,1223.1406993865967,Muktanagar,29066614B86541244944041
59,west,2024,2784990.0,2785240.0,2784740.0,761030.0,14520.0,40.0,14.84,20.0,0.0,0.8999996,53.0,0.0,0.0,0.0,8.0,0.8,3.84,0.92,20.0,60.0,0.0,1,0.0,train,130.0,7818.6860065460205,1223.1406993865967,Muktanagar,29066614B86541244944041
59,west,2025,2784990.0,2785240.0,2784740.0,761030.0,14360.0,40.0,12.52,20.0,0.0,0.8999996,15.0,0.0,0.0,-20.0,-38.0,0.0,0.8,3.84,0.0,20.0,0.0,1,0.0,train,130.0,7818.6860065460205,1223.1406993865967,Muktanagar,29066614B86541244944041
59,west,2026,2784990.0,2785240.0,2784740.0,761050.0,14040.0,60.0,13.040000000000001,20.0,0.0,0.8999996,21.0,,,,6.0,0.0,0.0,0.8,-20.0,0.0,0.0,1,,forecast,130.0,7818.6860065460205,1223.1406993865967,Muktanagar,29066614B86541244944041
60,east,2015,2784490.0,2784740.0,2784240.0,776470.0,14620.0,20.0,30.240000000000002,57.0,4.0,0.80000114,,0.0,0.0,20.0,,,,,,,,0,0.0,train,15.0,741.3479070663452,752.7582831382751,Chukaibari,29066614B45676429898522
60,east,2016,2784490.0,2784740.0,2784240.0,776490.0,14720.0,-20.0,33.56,57.0,4.0,0.80000114,12.0,0.0,0.0,0.0,,0.0,,,20.0,,0.0,0,0.0,train,15.0,741.3479070663452,752.7582831382751,Chukaibari,29066614B45676429898522
60,east,2017,2784490.0,2784740.0,2784240.0,776490.0,14860.0,-20.0,32.6,57.0,4.0,0.80000114,12.0,0.0,0.0,-260.0,0.0,0.0,0.0,,0.0,20.0,0.0,0,0.0,train,15.0,741.3479070663452,752.7582831382751,Chukaibari,29066614B45676429898522
60,east,2018,2784490.0,2784740.0,2784240.0,776230.0,14820.0,180.0,26.560000000000002,67.0,11.0,0.20000076,71.0,4.68,0.0,120.0,59.0,0.0,0.0,0.0,-260.0,0.0,0.0,0,0.0,train,15.0,741.3479070663452,752.7582831382751,Chukaibari,29066614B45676429898522
60,east,2019,2784490.0,2784740.0,2784240.0,776350.0,14960.0,100.0,28.36,64.0,5.0,0.10000038,73.0,0.0,0.0,0.0,2.0,4.68,0.0,0.0,120.0,-260.0,0.0,0,0.0,train,15.0,741.3479070663452,752.7582831382751,Chukaibari,29066614B45676429898522
60,east,2020,2784490.0,2784740.0,2784240.0,776350.0,15000.0,-80.0,29.76,64.0,5.0,0.10000038,69.0,2.84,0.0,120.0,-4.0,0.0,4.68,0.0,0.0,120.0,0.0,0,0.0,train,15.0,741.3479070663452,752.7582831382751,Chukaibari,29066614B45676429898522
60,east,2021,2784490.0,2784740.0,2784240.0,776470.0,15100.0,-380.0,31.240000000000002,60.0,4.0,0.10000038,68.0,0.0,0.0,-360.0,-1.0,2.84,0.0,4.68,120.0,0.0,0.0,0,0.0,train,15.0,741.3479070663452,752.7582831382751,Chukaibari,29066614B45676429898522
60,east,2022,2784490.0,2784740.0,2784240.0,776110.0,14860.0,140.0,23.52,67.0,49.0,1.0,48.0,0.0,0.0,-100.0,-20.0,0.0,2.84,0.0,-360.0,120.0,0.0,0,0.0,train,15.0,741.3479070663452,752.7582831382751,Chukaibari,29066614B45676429898522
60,east,2023,2784490.0,2784740.0,2784240.0,776010.0,14880.0,-220.0,21.12,66.0,54.0,1.2000008,16.0,2.16,0.0,-20.0,-32.0,0.0,0.0,2.84,-100.0,-360.0,0.0,0,0.0,train,15.0,741.3479070663452,752.7582831382751,Chukaibari,29066614B45676429898522
60,east,2024,2784490.0,2784740.0,2784240.0,775990.0,14960.0,-140.0,21.04,66.0,55.0,1.3999996,18.0,0.0,0.0,-780.0,2.0,2.16,0.0,0.0,-20.0,-100.0,0.0,0,0.0,train,15.0,741.3479070663452,752.7582831382751,Chukaibari,29066614B45676429898522
60,east,2025,2784490.0,2784740.0,2784240.0,775210.0,14120.0,780.0,2.8000000000000003,48.0,54.0,0.69999886,46.0,2.32,0.0,0.0,28.0,0.0,2.16,0.0,-780.0,-20.0,0.0,0,0.0,train,15.0,741.3479070663452,752.7582831382751,Chukaibari,29066614B45676429898522
60,east,2026,2784490.0,2784740.0,2784240.0,775210.0,14140.0,120.0,2.44,48.0,53.0,0.69999886,38.0,,,,-8.0,2.32,0.0,2.16,0.0,-780.0,0.0,0,,forecast,15.0,741.3479070663452,752.7582831382751,Chukaibari,29066614B45676429898522
60,west,2015,2784490.0,2784740.0,2784240.0,761850.0,14620.0,-520.0,9.16,39.0,21.0,0.80000114,,8.44,0.0,80.0,,,,,,,,1,1.0,train,145.0,9850.55797958374,1179.4825239181519,Muktanagar,29066614B86541244944041
60,west,2016,2784490.0,2784740.0,2784240.0,761770.0,14720.0,-140.0,11.56,41.0,20.0,0.8999996,23.0,9.0,0.0,160.0,,8.44,,,80.0,,0.0,1,1.0,train,145.0,9850.55797958374,1179.4825239181519,Muktanagar,29066614B86541244944041
60,west,2017,2784490.0,2784740.0,2784240.0,761610.0,14860.0,-100.0,14.88,35.0,11.0,0.70000076,39.0,8.0,0.0,160.0,16.0,9.0,8.44,,160.0,80.0,0.0,1,1.0,train,145.0,9850.55797958374,1179.4825239181519,Muktanagar,29066614B86541244944041
60,west,2018,2784490.0,2784740.0,2784240.0,761450.0,14820.0,-20.0,18.48,23.0,3.0,0.6000004,51.0,3.0,0.0,60.0,12.0,8.0,9.0,8.44,160.0,160.0,0.0,1,0.0,train,145.0,9850.55797958374,1179.4825239181519,Muktanagar,29066614B86541244944041
60,west,2019,2784490.0,2784740.0,2784240.0,761390.0,14960.0,-40.0,19.44,22.0,3.0,0.6000004,26.0,2.8000000000000003,0.0,60.0,-25.0,3.0,8.0,9.0,60.0,160.0,0.0,1,0.0,train,145.0,9850.55797958374,1179.4825239181519,Muktanagar,29066614B86541244944041
60,west,2020,2784490.0,2784740.0,2784240.0,761330.0,15000.0,-40.0,21.64,21.0,3.0,0.6000004,45.0,1.2,0.0,40.0,19.0,2.8000000000000003,3.0,8.0,60.0,60.0,0.0,1,0.0,train,145.0,9850.55797958374,1179.4825239181519,Muktanagar,29066614B86541244944041
60,west,2021,2784490.0,2784740.0,2784240.0,761290.0,15100.0,-60.0,22.32,20.0,0.0,0.6000004,25.0,3.24,0.0,60.0,-20.0,1.2,2.8000000000000003,3.0,40.0,60.0,0.0,1,0.0,train,145.0,9850.55797958374,1179.4825239181519,Muktanagar,29066614B86541244944041
60,west,2022,2784490.0,2784740.0,2784240.0,761230.0,14860.0,-60.0,21.6,20.0,0.0,0.29999924,62.0,6.6000000000000005,0.12,100.0,37.0,3.24,1.2,2.8000000000000003,60.0,40.0,0.0,1,1.0,train,145.0,9850.55797958374,1179.4825239181519,Muktanagar,29066614B86541244944041
60,west,2023,2784490.0,2784740.0,2784240.0,761130.0,14880.0,20.0,22.0,12.0,0.0,0.20000076,64.0,2.52,0.0,60.0,2.0,6.6000000000000005,3.24,1.2,100.0,60.0,0.12,1,0.0,train,145.0,9850.55797958374,1179.4825239181519,Muktanagar,29066614B86541244944041
60,west,2024,2784490.0,2784740.0,2784240.0,761070.0,14960.0,-20.0,21.52,8.0,0.0,0.20000076,66.0,0.0,0.0,0.0,2.0,2.52,6.6000000000000005,3.24,60.0,100.0,0.0,1,0.0,train,145.0,9850.55797958374,1179.4825239181519,Muktanagar,29066614B86541244944041
60,west,2025,2784490.0,2784740.0,2784240.0,761070.0,14120.0,-20.0,21.76,8.0,0.0,0.20000076,24.0,0.0,0.0,0.0,-42.0,0.0,2.52,6.6000000000000005,0.0,60.0,0.0,1,0.0,train,145.0,9850.55797958374,1179.4825239181519,Muktanagar,29066614B86541244944041
60,west,2026,2784490.0,2784740.0,2784240.0,761070.0,14140.0,-60.0,21.16,8.0,0.0,0.20000076,15.0,,,,-9.0,0.0,0.0,2.52,0.0,0.0,0.0,1,,forecast,145.0,9850.55797958374,1179.4825239181519,Muktanagar,29066614B86541244944041
61,east,2015,2783990.0,2784240.0,2783740.0,776630.0,14260.0,-120.0,26.2,62.0,8.0,0.0,,0.0,0.0,0.0,,,,,,,,0,0.0,train,38.0,1865.311011314392,859.0585770606995,Chukaibari,29066614B45676429898522
61,east,2016,2783990.0,2784240.0,2783740.0,776630.0,14440.0,-100.0,26.92,62.0,8.0,0.0,24.0,0.0,0.0,0.0,,0.0,,,0.0,,0.0,0,0.0,train,38.0,1865.311011314392,859.0585770606995,Chukaibari,29066614B45676429898522
61,east,2017,2783990.0,2784240.0,2783740.0,776630.0,14700.0,-100.0,26.76,62.0,7.0,0.0,32.0,0.0,0.0,-200.0,8.0,0.0,0.0,,0.0,0.0,0.0,0,0.0,train,38.0,1865.311011314392,859.0585770606995,Chukaibari,29066614B45676429898522
61,east,2018,2783990.0,2784240.0,2783740.0,776430.0,14740.0,-140.0,21.32,62.0,19.0,0.20000076,71.0,8.040000000000001,0.0,180.0,39.0,0.0,0.0,0.0,-200.0,0.0,0.0,0,1.0,train,38.0,1865.311011314392,859.0585770606995,Chukaibari,29066614B45676429898522
61,east,2019,2783990.0,2784240.0,2783740.0,776610.0,14960.0,-200.0,26.400000000000002,62.0,10.0,0.0,73.0,0.0,0.0,-60.0,2.0,8.040000000000001,0.0,0.0,180.0,-200.0,0.0,0,0.0,train,38.0,1865.311011314392,859.0585770606995,Chukaibari,29066614B45676429898522
61,east,2020,2783990.0,2784240.0,2783740.0,776550.0,15000.0,-100.0,27.68,62.0,11.0,0.0,69.0,3.04,0.0,80.0,-4.0,0.0,8.040000000000001,0.0,-60.0,180.0,0.0,0,0.0,train,38.0,1865.311011314392,859.0585770606995,Chukaibari,29066614B45676429898522
61,east,2021,2783990.0,2784240.0,2783740.0,776630.0,15120.0,-120.0,28.68,62.0,8.0,0.0,69.0,0.0,0.0,-20.0,0.0,3.04,0.0,8.040000000000001,80.0,-60.0,0.0,0,0.0,train,38.0,1865.311011314392,859.0585770606995,Chukaibari,29066614B45676429898522
61,east,2022,2783990.0,2784240.0,2783740.0,776610.0,15200.0,-460.0,26.52,62.0,11.0,0.0,65.0,0.0,0.0,-340.0,-4.0,0.0,3.04,0.0,-20.0,80.0,0.0,0,0.0,train,38.0,1865.311011314392,859.0585770606995,Chukaibari,29066614B45676429898522
61,east,2023,2783990.0,2784240.0,2783740.0,776270.0,15080.0,120.0,23.16,62.0,57.0,0.0,46.0,1.04,0.0,20.0,-19.0,0.0,0.0,3.04,-340.0,-20.0,0.0,0,0.0,train,38.0,1865.311011314392,859.0585770606995,Chukaibari,29066614B45676429898522
61,east,2024,2783990.0,2784240.0,2783740.0,776290.0,15160.0,0.0,19.68,62.0,59.0,0.29999924,31.0,0.0,0.0,-480.0,-15.0,1.04,0.0,0.0,20.0,-340.0,0.0,0,0.0,train,38.0,1865.311011314392,859.0585770606995,Chukaibari,29066614B45676429898522
61,east,2025,2783990.0,2784240.0,2783740.0,775810.0,14680.0,200.0,13.4,51.0,61.0,0.5999985,25.0,0.0,0.0,-320.0,-6.0,0.0,1.04,0.0,-480.0,20.0,0.0,0,0.0,train,38.0,1865.311011314392,859.0585770606995,Chukaibari,29066614B45676429898522
61,east,2026,2783990.0,2784240.0,2783740.0,775490.0,14340.0,320.0,6.2,40.0,57.0,0.5,36.0,,,,11.0,0.0,0.0,1.04,-320.0,-480.0,0.0,0,,forecast,38.0,1865.311011314392,859.0585770606995,Chukaibari,29066614B45676429898522
61,west,2015,2783990.0,2784240.0,2783740.0,762390.0,14260.0,520.0,3.2800000000000002,38.0,32.0,4.2,,8.120000000000001,0.0,200.0,,,,,,,,1,1.0,train,176.0,12619.296802043915,1133.510389328003,Sughatta,29066614B3223007795129
61,west,2016,2783990.0,2784240.0,2783740.0,762190.0,14440.0,320.0,5.08,32.0,32.0,4.2,46.0,13.0,0.16,280.0,,8.120000000000001,,,200.0,,0.0,1,1.0,train,176.0,12619.296802043915,1133.510389328003,Sughatta,29066614B3223007795129
61,west,2017,2783990.0,2784240.0,2783740.0,761910.0,14700.0,60.0,5.88,32.0,20.0,1.3000011,32.0,11.76,0.04,220.0,-14.0,13.0,8.120000000000001,,280.0,200.0,0.16,1,1.0,train,176.0,12619.296802043915,1133.510389328003,Sughatta,29066614B3223007795129
61,west,2018,2783990.0,2784240.0,2783740.0,761690.0,14740.0,40.0,10.64,33.0,5.0,0.20000076,65.0,2.88,0.0,60.0,33.0,11.76,13.0,8.120000000000001,220.0,280.0,0.04,1,0.0,train,176.0,12619.296802043915,1133.510389328003,Sughatta,29066614B3223007795129
61,west,2019,2783990.0,2784240.0,2783740.0,761630.0,14960.0,0.0,12.76,31.0,5.0,0.20000076,70.0,3.92,0.0,80.0,5.0,2.88,11.76,13.0,60.0,220.0,0.0,1,0.0,train,176.0,12619.296802043915,1133.510389328003,Sughatta,29066614B3223007795129
61,west,2020,2783990.0,2784240.0,2783740.0,761550.0,15000.0,40.0,14.32,28.0,4.0,0.20000076,69.0,2.6,0.0,40.0,-1.0,3.92,2.88,11.76,80.0,60.0,0.0,1,0.0,train,176.0,12619.296802043915,1133.510389328003,Sughatta,29066614B3223007795129
61,west,2021,2783990.0,2784240.0,2783740.0,761510.0,15120.0,200.0,14.36,27.0,3.0,0.20000076,70.0,4.76,0.28,100.0,1.0,2.6,3.92,2.88,40.0,80.0,0.0,1,0.0,train,176.0,12619.296802043915,1133.510389328003,Sughatta,29066614B3223007795129
61,west,2022,2783990.0,2784240.0,2783740.0,761410.0,15200.0,160.0,13.8,20.0,2.0,0.20000076,72.0,10.64,0.0,220.0,2.0,4.76,2.6,3.92,100.0,40.0,0.28,1,1.0,train,176.0,12619.296802043915,1133.510389328003,Sughatta,29066614B3223007795129
61,west,2023,2783990.0,2784240.0,2783740.0,761190.0,15080.0,20.0,19.04,5.0,0.0,0.5,59.0,2.56,0.04,60.0,-13.0,10.64,4.76,2.6,220.0,100.0,0.0,1,0.0,train,176.0,12619.296802043915,1133.510389328003,Sughatta,29066614B3223007795129
61,west,2024,2783990.0,2784240.0,2783740.0,761130.0,15160.0,0.0,21.12,5.0,0.0,0.5,51.0,0.0,0.0,0.0,-8.0,2.56,10.64,4.76,60.0,220.0,0.04,1,0.0,train,176.0,12619.296802043915,1133.510389328003,Sughatta,29066614B3223007795129
61,west,2025,2783990.0,2784240.0,2783740.0,761130.0,14680.0,-100.0,21.04,5.0,0.0,0.5,35.0,1.92,0.0,-20.0,-16.0,0.0,2.56,10.64,0.0,60.0,0.0,1,0.0,train,176.0,12619.296802043915,1133.510389328003,Sughatta,29066614B3223007795129
61,west,2026,2783990.0,2784240.0,2783740.0,761150.0,14340.0,-20.0,21.64,5.0,0.0,0.5,12.0,,,,-23.0,1.92,0.0,2.56,-20.0,0.0,0.0,1,,forecast,176.0,12619.296802043915,1133.510389328003,Sughatta,29066614B3223007795129
62,east,2015,2783490.0,2783740.0,2783240.0,776670.0,14260.0,-240.0,24.72,60.0,0.0,0.6000004,,0.0,0.0,0.0,,,,,,,,0,0.0,train,167.0,7997.715470314026,1059.6109108924866,Chukaibari,29066614B45676429898522
62,east,2016,2783490.0,2783740.0,2783240.0,776670.0,14380.0,-220.0,25.44,60.0,0.0,0.6000004,64.0,0.0,0.0,0.0,,0.0,,,0.0,,0.0,0,0.0,train,167.0,7997.715470314026,1059.6109108924866,Chukaibari,29066614B45676429898522
62,east,2017,2783490.0,2783740.0,2783240.0,776670.0,14520.0,-220.0,24.28,60.0,0.0,0.6000004,65.0,0.0,0.0,-180.0,1.0,0.0,0.0,,0.0,0.0,0.0,0,0.0,train,167.0,7997.715470314026,1059.6109108924866,Chukaibari,29066614B45676429898522
62,east,2018,2783490.0,2783740.0,2783240.0,776490.0,14600.0,-60.0,23.36,60.0,0.0,0.6000004,71.0,8.56,0.0,180.0,6.0,0.0,0.0,0.0,-180.0,0.0,0.0,0,1.0,train,167.0,7997.715470314026,1059.6109108924866,Chukaibari,29066614B45676429898522
62,east,2019,2783490.0,2783740.0,2783240.0,776670.0,14800.0,-240.0,24.36,60.0,0.0,0.6000004,73.0,0.0,0.0,-20.0,2.0,8.56,0.0,0.0,180.0,-180.0,0.0,0,0.0,train,167.0,7997.715470314026,1059.6109108924866,Chukaibari,29066614B45676429898522
62,east,2020,2783490.0,2783740.0,2783240.0,776650.0,14920.0,-260.0,25.68,60.0,0.0,0.6000004,69.0,0.08,0.0,20.0,-4.0,0.0,8.56,0.0,-20.0,180.0,0.0,0,0.0,train,167.0,7997.715470314026,1059.6109108924866,Chukaibari,29066614B45676429898522
62,east,2021,2783490.0,2783740.0,2783240.0,776670.0,15120.0,-220.0,25.92,60.0,0.0,0.6000004,68.0,0.0,0.0,-20.0,-1.0,0.08,0.0,8.56,20.0,-20.0,0.0,0,0.0,train,167.0,7997.715470314026,1059.6109108924866,Chukaibari,29066614B45676429898522
62,east,2022,2783490.0,2783740.0,2783240.0,776650.0,15220.0,-200.0,26.400000000000002,60.0,0.0,0.6000004,72.0,0.0,0.0,0.0,4.0,0.0,0.08,0.0,-20.0,20.0,0.0,0,0.0,train,167.0,7997.715470314026,1059.6109108924866,Chukaibari,29066614B45676429898522
62,east,2023,2783490.0,2783740.0,2783240.0,776650.0,15420.0,-540.0,26.44,60.0,0.0,0.6000004,66.0,0.0,0.0,-60.0,-6.0,0.0,0.0,0.08,0.0,-20.0,0.0,0,0.0,train,167.0,7997.715470314026,1059.6109108924866,Chukaibari,29066614B45676429898522
62,east,2024,2783490.0,2783740.0,2783240.0,776590.0,15380.0,-400.0,26.12,60.0,0.0,0.6000004,45.0,1.8,0.04,20.0,-21.0,0.0,0.0,0.0,-60.0,0.0,0.0,0,0.0,train,167.0,7997.715470314026,1059.6109108924866,Chukaibari,29066614B45676429898522
62,east,2025,2783490.0,2783740.0,2783240.0,776610.0,15320.0,-920.0,24.64,60.0,0.0,0.6000004,69.0,0.0,0.0,-520.0,24.0,1.8,0.0,0.0,20.0,-60.0,0.04,0,0.0,train,167.0,7997.715470314026,1059.6109108924866,Chukaibari,29066614B45676429898522
62,east,2026,2783490.0,2783740.0,2783240.0,776090.0,14840.0,-240.0,17.64,47.0,59.0,0.8999996,66.0,,,,-3.0,0.0,1.8,0.0,-520.0,20.0,0.0,0,,forecast,167.0,7997.715470314026,1059.6109108924866,Chukaibari,29066614B45676429898522
62,west,2015,2783490.0,2783740.0,2783240.0,762410.0,14260.0,120.0,9.6,39.0,29.0,0.8999996,,4.68,0.0,120.0,,,,,,,,1,0.0,train,148.0,9608.25504398346,1126.5954580307007,Sughatta,29066614B3223007795129
62,west,2016,2783490.0,2783740.0,2783240.0,762290.0,14380.0,140.0,7.2,36.0,28.0,0.8999996,40.0,6.8,0.0,140.0,,4.68,,,120.0,,0.0,1,1.0,train,148.0,9608.25504398346,1126.5954580307007,Sughatta,29066614B3223007795129
62,west,2017,2783490.0,2783740.0,2783240.0,762150.0,14520.0,100.0,7.5600000000000005,32.0,24.0,0.8999996,65.0,13.48,0.0,260.0,25.0,6.8,4.68,,140.0,120.0,0.0,1,1.0,train,148.0,9608.25504398346,1126.5954580307007,Sughatta,29066614B3223007795129
62,west,2018,2783490.0,2783740.0,2783240.0,761890.0,14600.0,100.0,8.36,29.0,9.0,0.8999996,68.0,1.56,0.0,20.0,3.0,13.48,6.8,4.68,260.0,140.0,0.0,1,0.0,train,148.0,9608.25504398346,1126.5954580307007,Sughatta,29066614B3223007795129
62,west,2019,2783490.0,2783740.0,2783240.0,761870.0,14800.0,140.0,7.640000000000001,29.0,9.0,0.8999996,72.0,6.72,0.0,140.0,4.0,1.56,13.48,6.8,20.0,260.0,0.0,1,1.0,train,148.0,9608.25504398346,1126.5954580307007,Sughatta,29066614B3223007795129
62,west,2020,2783490.0,2783740.0,2783240.0,761730.0,14920.0,60.0,10.52,27.0,7.0,0.70000076,70.0,8.44,0.0,200.0,-2.0,6.72,1.56,13.48,140.0,20.0,0.0,1,1.0,train,148.0,9608.25504398346,1126.5954580307007,Sughatta,29066614B3223007795129
62,west,2021,2783490.0,2783740.0,2783240.0,761530.0,15120.0,20.0,13.52,19.0,6.0,0.70000076,70.0,4.88,0.0,100.0,0.0,8.44,6.72,1.56,200.0,140.0,0.0,1,0.0,train,148.0,9608.25504398346,1126.5954580307007,Sughatta,29066614B3223007795129
62,west,2022,2783490.0,2783740.0,2783240.0,761430.0,15220.0,-20.0,14.96,11.0,6.0,0.70000076,70.0,10.76,0.24,200.0,0.0,4.88,8.44,6.72,100.0,200.0,0.0,1,1.0,train,148.0,9608.25504398346,1126.5954580307007,Sughatta,29066614B3223007795129
62,west,2023,2783490.0,2783740.0,2783240.0,761230.0,15420.0,-80.0,17.0,8.0,0.0,0.6000004,62.0,1.0,0.08,40.0,-8.0,10.76,4.88,8.44,200.0,100.0,0.24,1,0.0,train,148.0,9608.25504398346,1126.5954580307007,Sughatta,29066614B3223007795129
62,west,2024,2783490.0,2783740.0,2783240.0,761190.0,15380.0,-100.0,16.080000000000002,8.0,0.0,0.6000004,69.0,0.0,0.0,-100.0,7.0,1.0,10.76,4.88,40.0,200.0,0.08,1,0.0,train,148.0,9608.25504398346,1126.5954580307007,Sughatta,29066614B3223007795129
62,west,2025,2783490.0,2783740.0,2783240.0,761290.0,15320.0,80.0,17.400000000000002,9.0,0.0,0.5,45.0,2.36,0.0,40.0,-24.0,0.0,1.0,10.76,-100.0,40.0,0.0,1,0.0,train,148.0,9608.25504398346,1126.5954580307007,Sughatta,29066614B3223007795129
62,west,2026,2783490.0,2783740.0,2783240.0,761250.0,14840.0,-20.0,16.4,8.0,0.0,0.5,44.0,,,,-1.0,2.36,0.0,1.0,40.0,-100.0,0.0,1,,forecast,148.0,9608.25504398346,1126.5954580307007,Sughatta,29066614B3223007795129
63,east,2015,2782990.0,2783240.0,2782740.0,776470.0,14240.0,-180.0,19.56,63.0,0.0,0.8999996,,0.0,0.0,20.0,,,,,,,,0,0.0,train,209.0,16313.154136987305,1181.4465489387512,Chukaibari,29066614B45676429898522
63,east,2016,2782990.0,2783240.0,2782740.0,776490.0,14260.0,-220.0,21.04,63.0,0.0,0.8999996,64.0,0.0,0.0,0.0,,0.0,,,20.0,,0.0,0,0.0,train,209.0,16313.154136987305,1181.4465489387512,Chukaibari,29066614B45676429898522
63,east,2017,2782990.0,2783240.0,2782740.0,776490.0,14200.0,-200.0,18.6,63.0,0.0,0.8999996,72.0,0.0,0.0,0.0,8.0,0.0,0.0,,0.0,20.0,0.0,0,0.0,train,209.0,16313.154136987305,1181.4465489387512,Chukaibari,29066614B45676429898522
63,east,2018,2782990.0,2783240.0,2782740.0,776490.0,14500.0,-380.0,20.12,63.0,0.0,0.8999996,70.0,1.16,0.0,0.0,-2.0,0.0,0.0,0.0,0.0,0.0,0.0,0,0.0,train,209.0,16313.154136987305,1181.4465489387512,Chukaibari,29066614B45676429898522
63,east,2019,2782990.0,2783240.0,2782740.0,776490.0,14520.0,-200.0,19.6,63.0,0.0,0.8999996,73.0,0.0,0.0,0.0,3.0,1.16,0.0,0.0,0.0,0.0,0.0,0,0.0,train,209.0,16313.154136987305,1181.4465489387512,Chukaibari,29066614B45676429898522
63,east,2020,2782990.0,2783240.0,2782740.0,776490.0,14640.0,-220.0,19.96,63.0,0.0,0.8999996,69.0,0.0,0.0,0.0,-4.0,0.0,1.16,0.0,0.0,0.0,0.0,0,0.0,train,209.0,16313.154136987305,1181.4465489387512,Chukaibari,29066614B45676429898522
63,east,2021,2782990.0,2783240.0,2782740.0,776490.0,14960.0,-200.0,19.8,63.0,0.0,0.8999996,68.0,0.0,0.0,0.0,-1.0,0.0,0.0,1.16,0.0,0.0,0.0,0,0.0,train,209.0,16313.154136987305,1181.4465489387512,Chukaibari,29066614B45676429898522
63,east,2022,2782990.0,2783240.0,2782740.0,776490.0,15020.0,-240.0,20.32,63.0,0.0,0.8999996,71.0,0.0,0.0,0.0,3.0,0.0,0.0,0.0,0.0,0.0,0.0,0,0.0,train,209.0,16313.154136987305,1181.4465489387512,Chukaibari,29066614B45676429898522
63,east,2023,2782990.0,2783240.0,2782740.0,776490.0,15140.0,-240.0,19.400000000000002,63.0,0.0,0.8999996,61.0,0.0,0.0,0.0,-10.0,0.0,0.0,0.0,0.0,0.0,0.0,0,0.0,train,209.0,16313.154136987305,1181.4465489387512,Chukaibari,29066614B45676429898522
63,east,2024,2782990.0,2783240.0,2782740.0,776490.0,15140.0,-280.0,20.48,63.0,0.0,0.8999996,67.0,0.0,0.0,0.0,6.0,0.0,0.0,0.0,0.0,0.0,0.0,0,0.0,train,209.0,16313.154136987305,1181.4465489387512,Chukaibari,29066614B45676429898522
63,east,2025,2782990.0,2783240.0,2782740.0,776490.0,15120.0,-260.0,19.080000000000002,63.0,0.0,0.8999996,16.0,0.0,0.0,-40.0,-51.0,0.0,0.0,0.0,0.0,0.0,0.0,0,0.0,train,209.0,16313.154136987305,1181.4465489387512,Chukaibari,29066614B45676429898522
63,east,2026,2782990.0,2783240.0,2782740.0,776450.0,15040.0,-700.0,19.96,63.0,0.0,0.8999996,64.0,,,,48.0,0.0,0.0,0.0,-40.0,0.0,0.0,0,,forecast,209.0,16313.154136987305,1181.4465489387512,Chukaibari,29066614B45676429898522
63,west,2015,2782990.0,2783240.0,2782740.0,762310.0,14240.0,320.0,8.16,39.0,23.0,0.6000004,,1.6400000000000001,0.0,60.0,,,,,,,,1,0.0,train,158.0,9506.976802825928,1157.7395210266113,Sughatta,29066614B3223007795129
63,west,2016,2782990.0,2783240.0,2782740.0,762250.0,14260.0,320.0,9.32,40.0,23.0,0.69999886,7.0,0.0,0.0,-40.0,,1.6400000000000001,,,60.0,,0.0,1,0.0,train,158.0,9506.976802825928,1157.7395210266113,Sughatta,29066614B3223007795129
63,west,2017,2782990.0,2783240.0,2782740.0,762290.0,14200.0,160.0,9.28,42.0,23.0,0.69999886,70.0,13.92,0.0,300.0,63.0,0.0,1.6400000000000001,,-40.0,60.0,0.0,1,1.0,train,158.0,9506.976802825928,1157.7395210266113,Sughatta,29066614B3223007795129
63,west,2018,2782990.0,2783240.0,2782740.0,761990.0,14500.0,180.0,12.88,29.0,13.0,0.5,70.0,0.88,0.0,20.0,0.0,13.92,0.0,1.6400000000000001,300.0,-40.0,0.0,1,0.0,train,158.0,9506.976802825928,1157.7395210266113,Sughatta,29066614B3223007795129
63,west,2019,2782990.0,2783240.0,2782740.0,761970.0,14520.0,200.0,12.88,28.0,13.0,0.6000004,73.0,5.96,0.0,120.0,3.0,0.88,13.92,0.0,20.0,300.0,0.0,1,1.0,train,158.0,9506.976802825928,1157.7395210266113,Sughatta,29066614B3223007795129
63,west,2020,2782990.0,2783240.0,2782740.0,761850.0,14640.0,40.0,13.52,25.0,12.0,0.5,71.0,15.44,1.56,320.0,-2.0,5.96,0.88,13.92,120.0,20.0,0.0,1,1.0,train,158.0,9506.976802825928,1157.7395210266113,Sughatta,29066614B3223007795129
63,west,2021,2782990.0,2783240.0,2782740.0,761530.0,14960.0,-80.0,14.0,15.0,0.0,1.5,71.0,2.88,0.0,60.0,0.0,15.44,5.96,0.88,320.0,120.0,1.56,1,0.0,train,158.0,9506.976802825928,1157.7395210266113,Sughatta,29066614B3223007795129
63,west,2022,2782990.0,2783240.0,2782740.0,761470.0,15020.0,-80.0,13.48,14.0,0.0,1.5,72.0,4.36,0.0,120.0,1.0,2.88,15.44,5.96,60.0,320.0,0.0,1,0.0,train,158.0,9506.976802825928,1157.7395210266113,Sughatta,29066614B3223007795129
63,west,2023,2782990.0,2783240.0,2782740.0,761350.0,15140.0,-120.0,16.0,13.0,0.0,2.0,64.0,0.0,0.0,0.0,-8.0,4.36,2.88,15.44,120.0,60.0,0.0,1,0.0,train,158.0,9506.976802825928,1157.7395210266113,Sughatta,29066614B3223007795129
63,west,2024,2782990.0,2783240.0,2782740.0,761350.0,15140.0,-80.0,17.44,13.0,0.0,2.1000004,69.0,0.0,0.0,-20.0,5.0,0.0,4.36,2.88,0.0,120.0,0.0,1,0.0,train,158.0,9506.976802825928,1157.7395210266113,Sughatta,29066614B3223007795129
63,west,2025,2782990.0,2783240.0,2782740.0,761370.0,15120.0,-140.0,15.36,13.0,0.0,2.1000004,65.0,0.96,0.0,0.0,-4.0,0.0,0.0,4.36,-20.0,0.0,0.0,1,0.0,train,158.0,9506.976802825928,1157.7395210266113,Sughatta,29066614B3223007795129
63,west,2026,2782990.0,2783240.0,2782740.0,761370.0,15040.0,-120.0,15.72,13.0,0.0,2.0,71.0,,,,6.0,0.96,0.0,0.0,0.0,-20.0,0.0,1,,forecast,158.0,9506.976802825928,1157.7395210266113,Sughatta,29066614B3223007795129
64,east,2015,2782490.0,2782740.0,2782240.0,776090.0,14180.0,-200.0,21.080000000000002,64.0,0.0,3.1999989,,0.0,0.0,0.0,,,,,,,,0,0.0,train,295.0,19315.402711868286,1171.9124841690063,Patharsi,29066614B58952131258122
64,east,2016,2782490.0,2782740.0,2782240.0,776090.0,14200.0,-180.0,22.6,64.0,0.0,3.1999989,64.0,0.0,0.0,20.0,,0.0,,,0.0,,0.0,0,0.0,train,295.0,19315.402711868286,1171.9124841690063,Patharsi,29066614B58952131258122
64,east,2017,2782490.0,2782740.0,2782240.0,776110.0,13900.0,-220.0,21.56,64.0,0.0,3.1999989,71.0,0.0,0.0,0.0,7.0,0.0,0.0,,20.0,0.0,0.0,0,0.0,train,295.0,19315.402711868286,1171.9124841690063,Patharsi,29066614B58952131258122
64,east,2018,2782490.0,2782740.0,2782240.0,776110.0,14200.0,-200.0,26.72,64.0,0.0,3.1999989,70.0,0.0,0.0,0.0,-1.0,0.0,0.0,0.0,0.0,20.0,0.0,0,0.0,train,295.0,19315.402711868286,1171.9124841690063,Patharsi,29066614B58952131258122
64,east,2019,2782490.0,2782740.0,2782240.0,776110.0,14240.0,-200.0,24.48,64.0,0.0,3.1999989,73.0,0.0,0.0,0.0,3.0,0.0,0.0,0.0,0.0,0.0,0.0,0,0.0,train,295.0,19315.402711868286,1171.9124841690063,Patharsi,29066614B58952131258122
64,east,2020,2782490.0,2782740.0,2782240.0,776110.0,14180.0,-200.0,26.44,64.0,0.0,3.1999989,69.0,0.0,0.0,0.0,-4.0,0.0,0.0,0.0,0.0,0.0,0.0,0,0.0,train,295.0,19315.402711868286,1171.9124841690063,Patharsi,29066614B58952131258122
64,east,2021,2782490.0,2782740.0,2782240.0,776110.0,14500.0,-200.0,26.68,64.0,0.0,3.1999989,70.0,0.0,0.0,-20.0,1.0,0.0,0.0,0.0,0.0,0.0,0.0,0,0.0,train,295.0,19315.402711868286,1171.9124841690063,Patharsi,29066614B58952131258122
64,east,2022,2782490.0,2782740.0,2782240.0,776090.0,14500.0,-180.0,26.48,64.0,0.0,3.1999989,72.0,0.0,0.0,0.0,2.0,0.0,0.0,0.0,-20.0,0.0,0.0,0,0.0,train,295.0,19315.402711868286,1171.9124841690063,Patharsi,29066614B58952131258122
64,east,2023,2782490.0,2782740.0,2782240.0,776090.0,14500.0,-200.0,25.92,64.0,0.0,3.1999989,67.0,0.0,0.0,20.0,-5.0,0.0,0.0,0.0,0.0,-20.0,0.0,0,0.0,train,295.0,19315.402711868286,1171.9124841690063,Patharsi,29066614B58952131258122
64,east,2024,2782490.0,2782740.0,2782240.0,776110.0,14520.0,-220.0,25.28,64.0,0.0,3.1999989,67.0,0.0,0.0,0.0,0.0,0.0,0.0,0.0,20.0,0.0,0.0,0,0.0,train,295.0,19315.402711868286,1171.9124841690063,Patharsi,29066614B58952131258122
64,east,2025,2782490.0,2782740.0,2782240.0,776110.0,14520.0,-200.0,24.32,64.0,0.0,3.1999989,68.0,0.0,0.0,0.0,1.0,0.0,0.0,0.0,0.0,20.0,0.0,0,0.0,train,295.0,19315.402711868286,1171.9124841690063,Patharsi,29066614B58952131258122
64,east,2026,2782490.0,2782740.0,2782240.0,776110.0,14500.0,-320.0,26.6,64.0,0.0,3.1999989,70.0,,,,2.0,0.0,0.0,0.0,0.0,0.0,0.0,0,,forecast,295.0,19315.402711868286,1171.9124841690063,Patharsi,29066614B58952131258122
64,west,2015,2782490.0,2782740.0,2782240.0,761890.0,14180.0,-720.0,13.64,35.0,16.0,1.0,,3.0,0.0,0.0,,,,,,,,1,0.0,train,175.0,10339.65827178955,1168.7779817581177,Sughatta,29066614B3223007795129
64,west,2016,2782490.0,2782740.0,2782240.0,761890.0,14200.0,-460.0,13.48,34.0,15.0,1.1000004,7.0,0.0,0.0,-380.0,,3.0,,,0.0,,0.0,1,0.0,train,175.0,10339.65827178955,1168.7779817581177,Sughatta,29066614B3223007795129
64,west,2017,2782490.0,2782740.0,2782240.0,762270.0,13900.0,360.0,10.4,50.0,22.0,0.8999996,16.0,12.040000000000001,0.0,360.0,9.0,0.0,3.0,,-380.0,0.0,0.0,1,1.0,train,175.0,10339.65827178955,1168.7779817581177,Sughatta,29066614B3223007795129
64,west,2018,2782490.0,2782740.0,2782240.0,761910.0,14200.0,-20.0,13.76,34.0,17.0,1.2999992,66.0,1.28,0.0,40.0,50.0,12.040000000000001,0.0,3.0,360.0,-380.0,0.0,1,0.0,train,175.0,10339.65827178955,1168.7779817581177,Sughatta,29066614B3223007795129
64,west,2019,2782490.0,2782740.0,2782240.0,761870.0,14240.0,20.0,15.0,34.0,15.0,1.1000004,72.0,1.76,0.0,-60.0,6.0,1.28,12.040000000000001,0.0,40.0,360.0,0.0,1,0.0,train,175.0,10339.65827178955,1168.7779817581177,Sughatta,29066614B3223007795129
64,west,2020,2782490.0,2782740.0,2782240.0,761930.0,14180.0,200.0,15.0,34.0,15.0,1.2999992,72.0,15.08,0.0,320.0,0.0,1.76,1.28,12.040000000000001,-60.0,40.0,0.0,1,1.0,train,175.0,10339.65827178955,1168.7779817581177,Sughatta,29066614B3223007795129
64,west,2021,2782490.0,2782740.0,2782240.0,761610.0,14500.0,-60.0,17.68,21.0,0.0,1.6000004,70.0,0.0,0.0,20.0,-2.0,15.08,1.76,1.28,320.0,-60.0,0.0,1,0.0,train,175.0,10339.65827178955,1168.7779817581177,Sughatta,29066614B3223007795129
64,west,2022,2782490.0,2782740.0,2782240.0,761590.0,14500.0,-20.0,17.2,21.0,0.0,1.6000004,72.0,0.0,0.0,0.0,2.0,0.0,15.08,1.76,20.0,320.0,0.0,1,0.0,train,175.0,10339.65827178955,1168.7779817581177,Sughatta,29066614B3223007795129
64,west,2023,2782490.0,2782740.0,2782240.0,761590.0,14500.0,100.0,18.36,21.0,0.0,1.6000004,65.0,0.0,0.0,0.0,-7.0,0.0,0.0,15.08,0.0,20.0,0.0,1,0.0,train,175.0,10339.65827178955,1168.7779817581177,Sughatta,29066614B3223007795129
64,west,2024,2782490.0,2782740.0,2782240.0,761590.0,14520.0,100.0,17.96,21.0,0.0,1.6000004,68.0,0.0,0.0,0.0,3.0,0.0,0.0,0.0,0.0,0.0,0.0,1,0.0,train,175.0,10339.65827178955,1168.7779817581177,Sughatta,29066614B3223007795129
64,west,2025,2782490.0,2782740.0,2782240.0,761590.0,14520.0,80.0,16.84,21.0,0.0,1.6000004,20.0,0.0,0.0,-20.0,-48.0,0.0,0.0,0.0,0.0,0.0,0.0,1,0.0,train,175.0,10339.65827178955,1168.7779817581177,Sughatta,29066614B3223007795129
64,west,2026,2782490.0,2782740.0,2782240.0,761610.0,14500.0,140.0,16.84,21.0,0.0,1.6000004,70.0,,,,50.0,0.0,0.0,0.0,-20.0,0.0,0.0,1,,forecast,175.0,10339.65827178955,1168.7779817581177,Sughatta,29066614B3223007795129
65,east,2015,2781990.0,2782240.0,2781740.0,775510.0,13320.0,-1380.0,22.84,66.0,0.0,2.1000004,,0.0,0.0,0.0,,,,,,,,0,0.0,train,354.0,18398.036623954773,1160.0154962539673,Patharsi,29066614B58952131258122
65,east,2016,2781990.0,2782240.0,2781740.0,775510.0,13520.0,-1360.0,23.28,66.0,0.0,2.1000004,63.0,0.0,0.0,0.0,,0.0,,,0.0,,0.0,0,0.0,train,354.0,18398.036623954773,1160.0154962539673,Patharsi,29066614B58952131258122
65,east,2017,2781990.0,2782240.0,2781740.0,775510.0,13620.0,-1360.0,21.64,66.0,0.0,2.1000004,73.0,0.0,0.0,20.0,10.0,0.0,0.0,,0.0,0.0,0.0,0,0.0,train,354.0,18398.036623954773,1160.0154962539673,Patharsi,29066614B58952131258122
65,east,2018,2781990.0,2782240.0,2781740.0,775530.0,13680.0,-1400.0,24.52,66.0,0.0,2.1000004,70.0,0.0,0.0,0.0,-3.0,0.0,0.0,0.0,20.0,0.0,0.0,0,0.0,train,354.0,18398.036623954773,1160.0154962539673,Patharsi,29066614B58952131258122
65,east,2019,2781990.0,2782240.0,2781740.0,775530.0,13780.0,-1400.0,22.96,66.0,0.0,2.1000004,73.0,0.0,0.0,0.0,3.0,0.0,0.0,0.0,0.0,20.0,0.0,0,0.0,train,354.0,18398.036623954773,1160.0154962539673,Patharsi,29066614B58952131258122
65,east,2020,2781990.0,2782240.0,2781740.0,775530.0,13700.0,-1400.0,25.36,66.0,0.0,2.1000004,69.0,0.0,0.0,0.0,-4.0,0.0,0.0,0.0,0.0,0.0,0.0,0,0.0,train,354.0,18398.036623954773,1160.0154962539673,Patharsi,29066614B58952131258122
65,east,2021,2781990.0,2782240.0,2781740.0,775530.0,13780.0,-1400.0,24.16,66.0,0.0,2.1000004,69.0,0.0,0.0,-20.0,0.0,0.0,0.0,0.0,0.0,0.0,0.0,0,0.0,train,354.0,18398.036623954773,1160.0154962539673,Patharsi,29066614B58952131258122
65,east,2022,2781990.0,2782240.0,2781740.0,775510.0,13760.0,-1380.0,24.28,66.0,0.0,2.1000004,73.0,0.0,0.0,-20.0,4.0,0.0,0.0,0.0,-20.0,0.0,0.0,0,0.0,train,354.0,18398.036623954773,1160.0154962539673,Patharsi,29066614B58952131258122
65,east,2023,2781990.0,2782240.0,2781740.0,775490.0,13760.0,-1320.0,24.6,66.0,0.0,2.1000004,66.0,0.0,0.0,20.0,-7.0,0.0,0.0,0.0,-20.0,-20.0,0.0,0,0.0,train,354.0,18398.036623954773,1160.0154962539673,Patharsi,29066614B58952131258122
65,east,2024,2781990.0,2782240.0,2781740.0,775510.0,13780.0,-1340.0,26.0,66.0,0.0,2.1000004,69.0,0.0,0.0,20.0,3.0,0.0,0.0,0.0,20.0,-20.0,0.0,0,0.0,train,354.0,18398.036623954773,1160.0154962539673,Patharsi,29066614B58952131258122
65,east,2025,2781990.0,2782240.0,2781740.0,775530.0,13780.0,-1400.0,24.84,66.0,0.0,2.1000004,69.0,0.0,0.0,-80.0,0.0,0.0,0.0,0.0,20.0,20.0,0.0,0,0.0,train,354.0,18398.036623954773,1160.0154962539673,Patharsi,29066614B58952131258122
65,east,2026,2781990.0,2782240.0,2781740.0,775450.0,13720.0,-1220.0,26.12,66.0,0.0,0.8999996,70.0,,,,1.0,0.0,0.0,0.0,-80.0,20.0,0.0,0,,forecast,354.0,18398.036623954773,1160.0154962539673,Patharsi,29066614B58952131258122
65,west,2015,2781990.0,2782240.0,2781740.0,762190.0,13320.0,380.0,14.92,52.0,37.0,0.5999985,,4.72,0.0,200.0,,,,,,,,1,0.0,train,204.0,11638.960283279419,1149.7318725585938,Sughatta,29066614B3223007795129
65,west,2016,2781990.0,2782240.0,2781740.0,761990.0,13520.0,-80.0,13.44,48.0,21.0,1.2999992,7.0,1.96,0.0,100.0,,4.72,,,200.0,,0.0,1,0.0,train,204.0,11638.960283279419,1149.7318725585938,Sughatta,29066614B3223007795129
65,west,2017,2781990.0,2782240.0,2781740.0,761890.0,13620.0,-440.0,15.16,45.0,0.0,0.79999924,7.0,7.84,0.0,40.0,0.0,1.96,4.72,,100.0,200.0,0.0,1,1.0,train,204.0,11638.960283279419,1149.7318725585938,Sughatta,29066614B3223007795129
65,west,2018,2781990.0,2782240.0,2781740.0,761850.0,13680.0,80.0,17.6,44.0,0.0,1.5999985,24.0,1.36,0.0,100.0,17.0,7.84,1.96,4.72,40.0,100.0,0.0,1,0.0,train,204.0,11638.960283279419,1149.7318725585938,Sughatta,29066614B3223007795129
65,west,2019,2781990.0,2782240.0,2781740.0,761750.0,13780.0,-40.0,17.88,42.0,0.0,1.5999985,17.0,0.96,0.0,-60.0,-7.0,1.36,7.84,1.96,100.0,40.0,0.0,1,0.0,train,204.0,11638.960283279419,1149.7318725585938,Sughatta,29066614B3223007795129
65,west,2020,2781990.0,2782240.0,2781740.0,761810.0,13700.0,20.0,18.400000000000002,44.0,0.0,1.5999985,71.0,4.96,0.0,60.0,54.0,0.96,1.36,7.84,-60.0,100.0,0.0,1,0.0,train,204.0,11638.960283279419,1149.7318725585938,Sughatta,29066614B3223007795129
65,west,2021,2781990.0,2782240.0,2781740.0,761750.0,13780.0,240.0,17.96,41.0,0.0,1.0,69.0,0.0,0.0,20.0,-2.0,4.96,0.96,1.36,60.0,-60.0,0.0,1,0.0,train,204.0,11638.960283279419,1149.7318725585938,Sughatta,29066614B3223007795129
65,west,2022,2781990.0,2782240.0,2781740.0,761730.0,13760.0,200.0,18.32,41.0,0.0,1.0,71.0,0.0,0.0,0.0,2.0,0.0,4.96,0.96,20.0,60.0,0.0,1,0.0,train,204.0,11638.960283279419,1149.7318725585938,Sughatta,29066614B3223007795129
65,west,2023,2781990.0,2782240.0,2781740.0,761730.0,13760.0,60.0,17.52,41.0,0.0,1.0,65.0,0.0,0.0,0.0,-6.0,0.0,0.0,4.96,0.0,20.0,0.0,1,0.0,train,204.0,11638.960283279419,1149.7318725585938,Sughatta,29066614B3223007795129
65,west,2024,2781990.0,2782240.0,2781740.0,761730.0,13780.0,60.0,18.6,41.0,0.0,1.0,70.0,0.68,0.0,0.0,5.0,0.0,0.0,0.0,0.0,0.0,0.0,1,0.0,train,204.0,11638.960283279419,1149.7318725585938,Sughatta,29066614B3223007795129
65,west,2025,2781990.0,2782240.0,2781740.0,761730.0,13780.0,180.0,18.84,41.0,0.0,1.0,68.0,0.2,0.0,20.0,-2.0,0.68,0.0,0.0,0.0,0.0,0.0,1,0.0,train,204.0,11638.960283279419,1149.7318725585938,Sughatta,29066614B3223007795129
65,west,2026,2781990.0,2782240.0,2781740.0,761710.0,13720.0,160.0,18.76,41.0,0.0,1.0,66.0,,,,-2.0,0.2,0.68,0.0,20.0,0.0,0.0,1,,forecast,204.0,11638.960283279419,1149.7318725585938,Sughatta,29066614B3223007795129
66,east,2015,2781490.0,2781740.0,2781240.0,773550.0,11720.0,1700.0,13.200000000000001,77.0,0.0,1.5,,0.0,0.0,20.0,,,,,,,,0,0.0,train,289.0,13878.214933872223,811.0684385299683,Kulkandi,29066614B43932806931593
66,east,2016,2781490.0,2781740.0,2781240.0,773570.0,11780.0,1680.0,12.6,72.0,0.0,1.1000004,65.0,0.0,0.0,-20.0,,0.0,,,20.0,,0.0,0,0.0,train,289.0,13878.214933872223,811.0684385299683,Kulkandi,29066614B43932806931593
66,east,2017,2781490.0,2781740.0,2781240.0,773550.0,11900.0,1700.0,13.200000000000001,72.0,0.0,1.1000004,73.0,0.0,0.0,0.0,8.0,0.0,0.0,,-20.0,20.0,0.0,0,0.0,train,289.0,13878.214933872223,811.0684385299683,Kulkandi,29066614B43932806931593
66,east,2018,2781490.0,2781740.0,2781240.0,773550.0,11840.0,1400.0,15.8,72.0,0.0,1.1000004,68.0,0.0,0.0,0.0,-5.0,0.0,0.0,0.0,0.0,-20.0,0.0,0,0.0,train,289.0,13878.214933872223,811.0684385299683,Kulkandi,29066614B43932806931593
66,east,2019,2781490.0,2781740.0,2781240.0,773550.0,11920.0,1380.0,14.040000000000001,72.0,0.0,1.1000004,72.0,0.0,0.0,0.0,4.0,0.0,0.0,0.0,0.0,0.0,0.0,0,0.0,train,289.0,13878.214933872223,811.0684385299683,Kulkandi,29066614B43932806931593
66,east,2020,2781490.0,2781740.0,2781240.0,773550.0,11900.0,1720.0,16.48,72.0,0.0,1.1000004,68.0,0.0,0.0,0.0,-4.0,0.0,0.0,0.0,0.0,0.0,0.0,0,0.0,train,289.0,13878.214933872223,811.0684385299683,Kulkandi,29066614B43932806931593
66,east,2021,2781490.0,2781740.0,2781240.0,773550.0,11900.0,1720.0,15.280000000000001,72.0,0.0,1.1000004,69.0,0.0,0.0,0.0,1.0,0.0,0.0,0.0,0.0,0.0,0.0,0,0.0,train,289.0,13878.214933872223,811.0684385299683,Kulkandi,29066614B43932806931593
66,east,2022,2781490.0,2781740.0,2781240.0,773550.0,11880.0,1660.0,15.8,72.0,0.0,1.1000004,71.0,0.0,0.0,20.0,2.0,0.0,0.0,0.0,0.0,0.0,0.0,0,0.0,train,289.0,13878.214933872223,811.0684385299683,Kulkandi,29066614B43932806931593
66,east,2023,2781490.0,2781740.0,2781240.0,773570.0,11760.0,1620.0,16.44,72.0,0.0,1.1000004,66.0,0.0,0.0,0.0,-5.0,0.0,0.0,0.0,20.0,0.0,0.0,0,0.0,train,289.0,13878.214933872223,811.0684385299683,Kulkandi,29066614B43932806931593
66,east,2024,2781490.0,2781740.0,2781240.0,773570.0,11760.0,1620.0,18.48,77.0,0.0,1.1000004,69.0,0.0,0.0,-20.0,3.0,0.0,0.0,0.0,0.0,20.0,0.0,0,0.0,train,289.0,13878.214933872223,811.0684385299683,Kulkandi,29066614B43932806931593
66,east,2025,2781490.0,2781740.0,2781240.0,773550.0,11860.0,1600.0,18.28,77.0,0.0,1.1000004,68.0,0.0,0.0,20.0,-1.0,0.0,0.0,0.0,-20.0,0.0,0.0,0,0.0,train,289.0,13878.214933872223,811.0684385299683,Kulkandi,29066614B43932806931593
66,east,2026,2781490.0,2781740.0,2781240.0,773570.0,11920.0,1580.0,19.92,72.0,0.0,1.1000004,70.0,,,,2.0,0.0,0.0,0.0,20.0,-20.0,0.0,0,,forecast,289.0,13878.214933872223,811.0684385299683,Kulkandi,29066614B43932806931593
66,west,2015,2781490.0,2781740.0,2781240.0,762110.0,11720.0,220.0,9.8,55.0,39.0,0.19999886,,5.72,0.0,-60.0,,,,,,,,1,1.0,train,148.0,8897.857884407043,1156.4640035629272,Sughatta,29066614B3223007795129
66,west,2016,2781490.0,2781740.0,2781240.0,762170.0,11780.0,700.0,10.120000000000001,56.0,46.0,0.0,7.0,7.32,0.0,220.0,,5.72,,,-60.0,,0.0,1,1.0,train,148.0,8897.857884407043,1156.4640035629272,Sughatta,29066614B3223007795129
66,west,2017,2781490.0,2781740.0,2781240.0,761950.0,11900.0,740.0,9.6,55.0,24.0,0.29999924,7.0,8.56,0.0,240.0,0.0,7.32,5.72,,220.0,-60.0,0.0,1,1.0,train,148.0,8897.857884407043,1156.4640035629272,Sughatta,29066614B3223007795129
66,west,2018,2781490.0,2781740.0,2781240.0,761710.0,11840.0,300.0,12.4,49.0,6.0,1.3999996,9.0,0.96,0.0,40.0,2.0,8.56,7.32,5.72,240.0,220.0,0.0,1,0.0,train,148.0,8897.857884407043,1156.4640035629272,Sughatta,29066614B3223007795129
66,west,2019,2781490.0,2781740.0,2781240.0,761670.0,11920.0,20.0,13.4,46.0,1.0,1.3000011,10.0,1.56,0.0,0.0,1.0,0.96,8.56,7.32,40.0,240.0,0.0,1,0.0,train,148.0,8897.857884407043,1156.4640035629272,Sughatta,29066614B3223007795129
66,west,2020,2781490.0,2781740.0,2781240.0,761670.0,11900.0,-60.0,15.120000000000001,47.0,1.0,1.3000011,69.0,1.48,0.0,20.0,59.0,1.56,0.96,8.56,0.0,40.0,0.0,1,0.0,train,148.0,8897.857884407043,1156.4640035629272,Sughatta,29066614B3223007795129
66,west,2021,2781490.0,2781740.0,2781240.0,761650.0,11900.0,-60.0,14.56,48.0,1.0,1.3000011,69.0,0.0,0.0,-20.0,0.0,1.48,1.56,0.96,20.0,0.0,0.0,1,0.0,train,148.0,8897.857884407043,1156.4640035629272,Sughatta,29066614B3223007795129
66,west,2022,2781490.0,2781740.0,2781240.0,761670.0,11880.0,-60.0,14.040000000000001,47.0,1.0,1.3000011,68.0,0.0,0.0,-140.0,-1.0,0.0,1.48,1.56,-20.0,20.0,0.0,1,0.0,train,148.0,8897.857884407043,1156.4640035629272,Sughatta,29066614B3223007795129
66,west,2023,2781490.0,2781740.0,2781240.0,761810.0,11760.0,260.0,14.120000000000001,52.0,18.0,0.6000004,65.0,0.0,0.0,0.0,-3.0,0.0,0.0,1.48,-140.0,-20.0,0.0,1,0.0,train,148.0,8897.857884407043,1156.4640035629272,Sughatta,29066614B3223007795129
66,west,2024,2781490.0,2781740.0,2781240.0,761810.0,11760.0,160.0,14.96,52.0,18.0,0.6000004,70.0,5.68,0.0,120.0,5.0,0.0,0.0,0.0,0.0,-140.0,0.0,1,1.0,train,148.0,8897.857884407043,1156.4640035629272,Sughatta,29066614B3223007795129
66,west,2025,2781490.0,2781740.0,2781240.0,761690.0,11860.0,60.0,15.120000000000001,48.0,1.0,1.3999996,71.0,2.04,0.0,40.0,1.0,5.68,0.0,0.0,120.0,0.0,0.0,1,0.0,train,148.0,8897.857884407043,1156.4640035629272,Sughatta,29066614B3223007795129
66,west,2026,2781490.0,2781740.0,2781240.0,761650.0,11920.0,60.0,16.080000000000002,46.0,1.0,1.3000011,72.0,,,,1.0,2.04,5.68,0.0,40.0,120.0,0.0,1,,forecast,148.0,8897.857884407043,1156.4640035629272,Sughatta,29066614B3223007795129
67,east,2015,2780990.0,2781240.0,2780740.0,773290.0,11500.0,260.0,15.92,72.0,0.0,5.5,,0.76,0.0,20.0,,,,,,,,0,0.0,train,167.0,7898.515303611755,787.0882210731506,Kulkandi,29066614B43932806931593
67,east,2016,2780990.0,2781240.0,2780740.0,773310.0,11640.0,340.0,15.72,72.0,0.0,5.700001,65.0,0.0,0.0,-20.0,,0.76,,,20.0,,0.0,0,0.0,train,167.0,7898.515303611755,787.0882210731506,Kulkandi,29066614B43932806931593
67,east,2017,2780990.0,2781240.0,2780740.0,773290.0,12020.0,180.0,15.08,72.0,0.0,5.5,74.0,0.76,0.0,-320.0,9.0,0.0,0.76,,-20.0,20.0,0.0,0,0.0,train,167.0,7898.515303611755,787.0882210731506,Kulkandi,29066614B43932806931593
67,east,2018,2780990.0,2781240.0,2780740.0,772970.0,11660.0,380.0,16.64,83.0,55.0,3.5999994,70.0,2.8000000000000003,0.0,-20.0,-4.0,0.76,0.0,0.76,-320.0,-20.0,0.0,0,0.0,train,167.0,7898.515303611755,787.0882210731506,Kulkandi,29066614B43932806931593
67,east,2019,2780990.0,2781240.0,2780740.0,772950.0,11500.0,920.0,15.84,83.0,55.0,2.8000002,71.0,11.84,0.0,340.0,1.0,2.8000000000000003,0.76,0.0,-20.0,-320.0,0.0,0,1.0,train,167.0,7898.515303611755,787.0882210731506,Kulkandi,29066614B43932806931593
67,east,2020,2780990.0,2781240.0,2780740.0,773290.0,11700.0,280.0,16.52,72.0,0.0,5.5,18.0,0.0,0.0,0.0,-53.0,11.84,2.8000000000000003,0.76,340.0,-20.0,0.0,0,0.0,train,167.0,7898.515303611755,787.0882210731506,Kulkandi,29066614B43932806931593
67,east,2021,2780990.0,2781240.0,2780740.0,773290.0,11660.0,300.0,15.6,77.0,0.0,5.0,68.0,2.24,0.0,-40.0,50.0,0.0,11.84,2.8000000000000003,0.0,340.0,0.0,0,0.0,train,167.0,7898.515303611755,787.0882210731506,Kulkandi,29066614B43932806931593
67,east,2022,2780990.0,2781240.0,2780740.0,773250.0,11620.0,160.0,15.64,72.0,0.0,5.5,72.0,1.6,0.0,20.0,4.0,2.24,0.0,11.84,-40.0,0.0,0.0,0,0.0,train,167.0,7898.515303611755,787.0882210731506,Kulkandi,29066614B43932806931593
67,east,2023,2780990.0,2781240.0,2780740.0,773270.0,11640.0,220.0,15.76,72.0,0.0,5.5,67.0,0.0,0.0,-20.0,-5.0,1.6,2.24,0.0,20.0,-40.0,0.0,0,0.0,train,167.0,7898.515303611755,787.0882210731506,Kulkandi,29066614B43932806931593
67,east,2024,2780990.0,2781240.0,2780740.0,773250.0,11520.0,200.0,17.400000000000002,72.0,0.0,5.0,69.0,0.0,0.0,-80.0,2.0,0.0,1.6,2.24,-20.0,20.0,0.0,0,0.0,train,167.0,7898.515303611755,787.0882210731506,Kulkandi,29066614B43932806931593
67,east,2025,2780990.0,2781240.0,2780740.0,773170.0,11580.0,180.0,15.64,77.0,0.0,4.5,68.0,5.72,0.0,100.0,-1.0,0.0,0.0,1.6,-80.0,-20.0,0.0,0,1.0,train,167.0,7898.515303611755,787.0882210731506,Kulkandi,29066614B43932806931593
67,east,2026,2780990.0,2781240.0,2780740.0,773270.0,11740.0,200.0,16.96,72.0,0.0,5.5,71.0,,,,3.0,5.72,0.0,0.0,100.0,-80.0,0.0,0,,forecast,167.0,7898.515303611755,787.0882210731506,Kulkandi,29066614B43932806931593
67,west,2015,2780990.0,2781240.0,2780740.0,761810.0,11500.0,540.0,8.56,47.0,28.0,1.5,,15.200000000000001,0.0,160.0,,,,,,,,1,1.0,train,148.0,7268.342312812805,1278.4923973083496,Sughatta,29066614B3223007795129
67,west,2016,2780990.0,2781240.0,2780740.0,761650.0,11640.0,-240.0,8.36,47.0,26.0,1.5,7.0,7.2,0.0,380.0,,15.200000000000001,,,160.0,,0.0,1,1.0,train,148.0,7268.342312812805,1278.4923973083496,Sughatta,29066614B3223007795129
67,west,2017,2780990.0,2781240.0,2780740.0,761270.0,12020.0,-400.0,13.200000000000001,29.0,0.0,1.9000015,7.0,5.32,0.0,0.0,0.0,7.2,15.200000000000001,,380.0,160.0,0.0,1,1.0,train,148.0,7268.342312812805,1278.4923973083496,Sughatta,29066614B3223007795129
67,west,2018,2780990.0,2781240.0,2780740.0,761270.0,11660.0,-160.0,15.8,28.0,0.0,1.9000015,9.0,0.0,0.0,-300.0,2.0,5.32,7.2,15.200000000000001,0.0,380.0,0.0,1,0.0,train,148.0,7268.342312812805,1278.4923973083496,Sughatta,29066614B3223007795129
67,west,2019,2780990.0,2781240.0,2780740.0,761570.0,11500.0,300.0,12.56,44.0,18.0,1.7000008,8.0,2.84,0.0,-20.0,-1.0,0.0,5.32,7.2,-300.0,0.0,0.0,1,0.0,train,148.0,7268.342312812805,1278.4923973083496,Sughatta,29066614B3223007795129
67,west,2020,2780990.0,2781240.0,2780740.0,761590.0,11700.0,480.0,14.200000000000001,47.0,25.0,1.5,67.0,1.12,0.0,-20.0,59.0,2.84,0.0,5.32,-20.0,-300.0,0.0,1,0.0,train,148.0,7268.342312812805,1278.4923973083496,Sughatta,29066614B3223007795129
67,west,2021,2780990.0,2781240.0,2780740.0,761610.0,11660.0,-20.0,14.68,47.0,25.0,1.5,69.0,1.44,0.0,-60.0,2.0,1.12,2.84,0.0,-20.0,-20.0,0.0,1,0.0,train,148.0,7268.342312812805,1278.4923973083496,Sughatta,29066614B3223007795129
67,west,2022,2780990.0,2781240.0,2780740.0,761670.0,11620.0,120.0,14.52,47.0,26.0,1.5,70.0,0.0,0.0,40.0,1.0,1.44,1.12,2.84,-60.0,-20.0,0.0,1,0.0,train,148.0,7268.342312812805,1278.4923973083496,Sughatta,29066614B3223007795129
67,west,2023,2780990.0,2781240.0,2780740.0,761630.0,11640.0,80.0,13.84,47.0,25.0,1.5,65.0,0.0,0.0,-100.0,-5.0,0.0,1.44,1.12,40.0,-60.0,0.0,1,0.0,train,148.0,7268.342312812805,1278.4923973083496,Sughatta,29066614B3223007795129
67,west,2024,2780990.0,2781240.0,2780740.0,761730.0,11520.0,280.0,15.44,47.0,27.0,1.5,71.0,6.32,0.0,140.0,6.0,0.0,0.0,1.44,-100.0,40.0,0.0,1,1.0,train,148.0,7268.342312812805,1278.4923973083496,Sughatta,29066614B3223007795129
67,west,2025,2780990.0,2781240.0,2780740.0,761590.0,11580.0,140.0,15.44,47.0,25.0,1.5,72.0,2.84,0.0,60.0,1.0,6.32,0.0,0.0,140.0,-100.0,0.0,1,0.0,train,148.0,7268.342312812805,1278.4923973083496,Sughatta,29066614B3223007795129
67,west,2026,2780990.0,2781240.0,2780740.0,761530.0,11740.0,60.0,16.84,45.0,23.0,1.5,73.0,,,,1.0,2.84,6.32,0.0,60.0,140.0,0.0,1,,forecast,148.0,7268.342312812805,1278.4923973083496,Sughatta,29066614B3223007795129
68,east,2015,2780490.0,2780740.0,2780240.0,773290.0,12320.0,60.0,8.4,49.0,0.0,4.5,,4.0,0.0,100.0,,,,,,,,0,0.0,train,128.0,6526.855388641357,789.1917610168457,Kulkandi,29066614B43932806931593
68,east,2016,2780490.0,2780740.0,2780240.0,773390.0,12020.0,140.0,9.52,46.0,0.0,4.5,65.0,0.0,0.0,-180.0,,4.0,,,100.0,,0.0,0,0.0,train,128.0,6526.855388641357,789.1917610168457,Kulkandi,29066614B43932806931593
68,east,2017,2780490.0,2780740.0,2780240.0,773210.0,12220.0,60.0,9.64,62.0,0.0,4.1000004,73.0,3.36,0.0,-440.0,8.0,0.0,4.0,,-180.0,100.0,0.0,0,0.0,train,128.0,6526.855388641357,789.1917610168457,Kulkandi,29066614B43932806931593
68,east,2018,2780490.0,2780740.0,2780240.0,772770.0,11700.0,660.0,10.6,80.0,58.0,1.0999994,71.0,6.640000000000001,0.0,500.0,-2.0,3.36,0.0,4.0,-440.0,-180.0,0.0,0,1.0,train,128.0,6526.855388641357,789.1917610168457,Kulkandi,29066614B43932806931593
68,east,2019,2780490.0,2780740.0,2780240.0,773270.0,12100.0,-460.0,9.68,54.0,18.0,2.5,9.0,4.84,0.0,40.0,-62.0,6.640000000000001,3.36,0.0,500.0,-440.0,0.0,0,0.0,train,128.0,6526.855388641357,789.1917610168457,Kulkandi,29066614B43932806931593
68,east,2020,2780490.0,2780740.0,2780240.0,773310.0,12280.0,60.0,9.52,47.0,0.0,4.5,9.0,2.16,0.0,20.0,0.0,4.84,6.640000000000001,3.36,40.0,500.0,0.0,0,0.0,train,128.0,6526.855388641357,789.1917610168457,Kulkandi,29066614B43932806931593
68,east,2021,2780490.0,2780740.0,2780240.0,773330.0,11760.0,140.0,10.28,46.0,0.0,4.5,9.0,0.0,0.0,-220.0,0.0,2.16,4.84,6.640000000000001,20.0,40.0,0.0,0,0.0,train,128.0,6526.855388641357,789.1917610168457,Kulkandi,29066614B43932806931593
68,east,2022,2780490.0,2780740.0,2780240.0,773110.0,11560.0,-120.0,9.76,65.0,30.0,2.1000013,72.0,4.48,0.0,80.0,63.0,0.0,2.16,4.84,-220.0,20.0,0.0,0,0.0,train,128.0,6526.855388641357,789.1917610168457,Kulkandi,29066614B43932806931593
68,east,2023,2780490.0,2780740.0,2780240.0,773190.0,11780.0,-60.0,10.16,63.0,7.0,4.1000004,68.0,0.0,0.0,-60.0,-4.0,4.48,0.0,2.16,80.0,-220.0,0.0,0,0.0,train,128.0,6526.855388641357,789.1917610168457,Kulkandi,29066614B43932806931593
68,east,2024,2780490.0,2780740.0,2780240.0,773130.0,11740.0,0.0,11.96,64.0,29.0,3.0,70.0,0.0,0.0,-160.0,2.0,0.0,4.48,0.0,-60.0,80.0,0.0,0,0.0,train,128.0,6526.855388641357,789.1917610168457,Kulkandi,29066614B43932806931593
68,east,2025,2780490.0,2780740.0,2780240.0,772970.0,11620.0,-60.0,10.64,67.0,42.0,2.1000013,65.0,7.2,0.0,200.0,-5.0,0.0,0.0,4.48,-160.0,-60.0,0.0,0,1.0,train,128.0,6526.855388641357,789.1917610168457,Kulkandi,29066614B43932806931593
68,east,2026,2780490.0,2780740.0,2780240.0,773170.0,11800.0,-120.0,10.92,63.0,15.0,4.1000004,71.0,,,,6.0,7.2,0.0,0.0,200.0,-160.0,0.0,0,,forecast,128.0,6526.855388641357,789.1917610168457,Kulkandi,29066614B43932806931593
68,west,2015,2780490.0,2780740.0,2780240.0,760970.0,12320.0,-720.0,19.080000000000002,28.0,0.0,2.3000011,,0.68,0.0,-400.0,,,,,,,,1,0.0,train,236.0,13461.085495471954,1562.8963356018066,Sughatta,29066614B3223007795129
68,west,2016,2780490.0,2780740.0,2780240.0,761370.0,12020.0,240.0,15.4,41.0,25.0,1.7000008,7.0,14.200000000000001,0.0,380.0,,0.68,,,-400.0,,0.0,1,1.0,train,236.0,13461.085495471954,1562.8963356018066,Sughatta,29066614B3223007795129
68,west,2017,2780490.0,2780740.0,2780240.0,760990.0,12220.0,-140.0,20.56,28.0,0.0,2.1000004,8.0,0.0,0.0,0.0,1.0,14.200000000000001,0.68,,380.0,-400.0,0.0,1,0.0,train,236.0,13461.085495471954,1562.8963356018066,Sughatta,29066614B3223007795129
68,west,2018,2780490.0,2780740.0,2780240.0,760990.0,11700.0,-120.0,20.080000000000002,29.0,0.0,2.1000004,10.0,0.0,0.0,-180.0,2.0,0.0,14.200000000000001,0.68,0.0,380.0,0.0,1,0.0,train,236.0,13461.085495471954,1562.8963356018066,Sughatta,29066614B3223007795129
68,west,2019,2780490.0,2780740.0,2780240.0,761170.0,12100.0,-120.0,19.88,33.0,0.0,2.0,13.0,2.44,0.0,140.0,3.0,0.0,0.0,14.200000000000001,-180.0,0.0,0.0,1,0.0,train,236.0,13461.085495471954,1562.8963356018066,Sughatta,29066614B3223007795129
68,west,2020,2780490.0,2780740.0,2780240.0,761030.0,12280.0,-420.0,20.6,32.0,0.0,2.1000004,64.0,1.0,0.0,-560.0,51.0,2.44,0.0,0.0,140.0,-180.0,0.0,1,0.0,train,236.0,13461.085495471954,1562.8963356018066,Sughatta,29066614B3223007795129
68,west,2021,2780490.0,2780740.0,2780240.0,761590.0,11760.0,340.0,16.88,41.0,29.0,0.5,70.0,2.68,0.0,40.0,6.0,1.0,2.44,0.0,-560.0,140.0,0.0,1,0.0,train,236.0,13461.085495471954,1562.8963356018066,Sughatta,29066614B3223007795129
68,west,2022,2780490.0,2780740.0,2780240.0,761550.0,11560.0,-100.0,18.36,41.0,28.0,1.6000004,72.0,5.68,0.0,180.0,2.0,2.68,1.0,2.44,40.0,-560.0,0.0,1,1.0,train,236.0,13461.085495471954,1562.8963356018066,Sughatta,29066614B3223007795129
68,west,2023,2780490.0,2780740.0,2780240.0,761370.0,11780.0,-100.0,19.04,41.0,27.0,1.7000008,21.0,0.96,0.0,0.0,-51.0,5.68,2.68,1.0,180.0,40.0,0.0,1,0.0,train,236.0,13461.085495471954,1562.8963356018066,Sughatta,29066614B3223007795129
68,west,2024,2780490.0,2780740.0,2780240.0,761370.0,11740.0,-120.0,19.84,41.0,27.0,1.7000008,8.0,3.68,0.0,20.0,-13.0,0.96,5.68,2.68,0.0,180.0,0.0,1,0.0,train,236.0,13461.085495471954,1562.8963356018066,Sughatta,29066614B3223007795129
68,west,2025,2780490.0,2780740.0,2780240.0,761350.0,11620.0,-260.0,19.76,40.0,26.0,1.7000008,13.0,1.72,0.0,0.0,5.0,3.68,0.96,5.68,20.0,0.0,0.0,1,0.0,train,236.0,13461.085495471954,1562.8963356018066,Sughatta,29066614B3223007795129
68,west,2026,2780490.0,2780740.0,2780240.0,761350.0,11800.0,200.0,20.48,40.0,25.0,1.8000011,70.0,,,,57.0,1.72,3.68,0.96,0.0,20.0,0.0,1,,forecast,236.0,13461.085495471954,1562.8963356018066,Sughatta,29066614B3223007795129
69,east,2015,2779990.0,2780240.0,2779740.0,773350.0,12500.0,420.0,9.96,42.0,12.0,2.0,,4.32,0.0,260.0,,,,,,,,0,0.0,train,78.0,4066.127402305603,832.763795375824,Kulkandi,29066614B43932806931593
69,east,2016,2779990.0,2780240.0,2779740.0,773610.0,12760.0,-80.0,9.88,37.0,0.0,2.2999992,59.0,0.0,0.0,-420.0,,4.32,,,260.0,,0.0,0,0.0,train,78.0,4066.127402305603,832.763795375824,Kulkandi,29066614B43932806931593
69,east,2017,2779990.0,2780240.0,2779740.0,773190.0,12320.0,-20.0,9.16,48.0,25.0,2.0,72.0,4.76,0.0,40.0,13.0,0.0,4.32,,-420.0,260.0,0.0,0,0.0,train,78.0,4066.127402305603,832.763795375824,Kulkandi,29066614B43932806931593
69,east,2018,2779990.0,2780240.0,2779740.0,773230.0,12380.0,-720.0,9.32,47.0,24.0,2.0,9.0,0.0,0.0,-100.0,-63.0,4.76,0.0,4.32,40.0,-420.0,0.0,0,0.0,train,78.0,4066.127402305603,832.763795375824,Kulkandi,29066614B43932806931593
69,east,2019,2779990.0,2780240.0,2779740.0,773130.0,12240.0,-380.0,10.08,49.0,33.0,2.0,8.0,10.24,0.0,260.0,-1.0,0.0,4.76,0.0,-100.0,40.0,0.0,0,1.0,train,78.0,4066.127402305603,832.763795375824,Kulkandi,29066614B43932806931593
69,east,2020,2779990.0,2780240.0,2779740.0,773390.0,12500.0,-180.0,10.16,42.0,14.0,2.0,8.0,5.28,0.0,120.0,0.0,10.24,0.0,4.76,260.0,-100.0,0.0,0,1.0,train,78.0,4066.127402305603,832.763795375824,Kulkandi,29066614B43932806931593
69,east,2021,2779990.0,2780240.0,2779740.0,773510.0,12280.0,-220.0,9.76,41.0,5.0,2.0,8.0,0.0,0.0,-660.0,0.0,5.28,10.24,0.0,120.0,260.0,0.0,0,0.0,train,78.0,4066.127402305603,832.763795375824,Kulkandi,29066614B43932806931593
69,east,2022,2779990.0,2780240.0,2779740.0,772850.0,11320.0,640.0,10.4,65.0,44.0,3.2999992,72.0,11.44,0.0,200.0,64.0,0.0,5.28,10.24,-660.0,120.0,0.0,0,1.0,train,78.0,4066.127402305603,832.763795375824,Kulkandi,29066614B43932806931593
69,east,2023,2779990.0,2780240.0,2779740.0,773050.0,11820.0,-60.0,9.64,52.0,39.0,3.2000008,68.0,0.0,0.0,-40.0,-4.0,11.44,0.0,5.28,200.0,-660.0,0.0,0,0.0,train,78.0,4066.127402305603,832.763795375824,Kulkandi,29066614B43932806931593
69,east,2024,2779990.0,2780240.0,2779740.0,773010.0,11860.0,-120.0,10.28,52.0,41.0,2.8000002,70.0,0.0,0.0,-300.0,2.0,0.0,11.44,0.0,-40.0,200.0,0.0,0,0.0,train,78.0,4066.127402305603,832.763795375824,Kulkandi,29066614B43932806931593
69,east,2025,2779990.0,2780240.0,2779740.0,772710.0,11320.0,160.0,9.88,69.0,46.0,3.5,68.0,11.48,0.0,240.0,-2.0,0.0,0.0,11.44,-300.0,-40.0,0.0,0,1.0,train,78.0,4066.127402305603,832.763795375824,Kulkandi,29066614B43932806931593
69,east,2026,2779990.0,2780240.0,2779740.0,772950.0,11980.0,40.0,9.4,56.0,42.0,2.8000002,71.0,,,,3.0,11.48,0.0,0.0,240.0,-300.0,0.0,0,,forecast,78.0,4066.127402305603,832.763795375824,Kulkandi,29066614B43932806931593
69,west,2015,2779990.0,2780240.0,2779740.0,760850.0,12500.0,-140.0,23.76,28.0,0.0,1.9000015,,0.0,0.0,0.0,,,,,,,,1,0.0,train,374.0,26819.300010681152,1948.8751230239868,Ghuridaha,29066614B77973251958526
69,west,2016,2779990.0,2780240.0,2779740.0,760850.0,12760.0,-540.0,21.44,28.0,0.0,1.9000015,8.0,0.0,0.0,0.0,,0.0,,,0.0,,0.0,1,0.0,train,374.0,26819.300010681152,1948.8751230239868,Ghuridaha,29066614B77973251958526
69,west,2017,2779990.0,2780240.0,2779740.0,760850.0,12320.0,-160.0,24.0,28.0,0.0,1.8000011,8.0,0.0,0.0,20.0,0.0,0.0,0.0,,0.0,0.0,0.0,1,0.0,train,374.0,26819.300010681152,1948.8751230239868,Ghuridaha,29066614B77973251958526
69,west,2018,2779990.0,2780240.0,2779740.0,760830.0,12380.0,-200.0,26.6,28.0,0.0,1.9000015,11.0,0.12,0.0,-60.0,3.0,0.0,0.0,0.0,20.0,0.0,0.0,1,0.0,train,374.0,26819.300010681152,1948.8751230239868,Ghuridaha,29066614B77973251958526
69,west,2019,2779990.0,2780240.0,2779740.0,760890.0,12240.0,-260.0,26.6,28.0,0.0,1.8000011,8.0,1.08,0.0,0.0,-3.0,0.12,0.0,0.0,-60.0,20.0,0.0,1,0.0,train,374.0,26819.300010681152,1948.8751230239868,Ghuridaha,29066614B77973251958526
69,west,2020,2779990.0,2780240.0,2779740.0,760890.0,12500.0,-120.0,27.84,28.0,0.0,1.8000011,47.0,0.0,0.0,-340.0,39.0,1.08,0.12,0.0,0.0,-60.0,0.0,1,0.0,train,374.0,26819.300010681152,1948.8751230239868,Ghuridaha,29066614B77973251958526
69,west,2021,2779990.0,2780240.0,2779740.0,761230.0,12280.0,0.0,26.44,29.0,27.0,1.1000004,58.0,0.24,0.0,-300.0,11.0,0.0,1.08,0.12,-340.0,0.0,0.0,1,0.0,train,374.0,26819.300010681152,1948.8751230239868,Ghuridaha,29066614B77973251958526
69,west,2022,2779990.0,2780240.0,2779740.0,761530.0,11320.0,640.0,23.16,30.0,28.0,1.2000008,73.0,9.76,0.0,320.0,15.0,0.24,0.0,1.08,-300.0,-340.0,0.0,1,1.0,train,374.0,26819.300010681152,1948.8751230239868,Ghuridaha,29066614B77973251958526
69,west,2023,2779990.0,2780240.0,2779740.0,761210.0,11820.0,-100.0,27.84,29.0,26.0,1.1000004,18.0,2.32,0.0,80.0,-55.0,9.76,0.24,0.0,320.0,-300.0,0.0,1,0.0,train,374.0,26819.300010681152,1948.8751230239868,Ghuridaha,29066614B77973251958526
69,west,2024,2779990.0,2780240.0,2779740.0,761130.0,11860.0,-740.0,27.52,28.0,24.0,1.2000008,8.0,1.6400000000000001,0.0,-240.0,-10.0,2.32,9.76,0.24,80.0,320.0,0.0,1,0.0,train,374.0,26819.300010681152,1948.8751230239868,Ghuridaha,29066614B77973251958526
69,west,2025,2779990.0,2780240.0,2779740.0,761370.0,11320.0,160.0,23.56,30.0,28.0,1.1000004,10.0,9.92,0.0,400.0,2.0,1.6400000000000001,2.32,9.76,-240.0,80.0,0.0,1,1.0,train,374.0,26819.300010681152,1948.8751230239868,Ghuridaha,29066614B77973251958526
69,west,2026,2779990.0,2780240.0,2779740.0,760970.0,11980.0,-280.0,28.48,28.0,0.0,1.6000004,19.0,,,,9.0,9.92,1.6400000000000001,2.32,400.0,-240.0,0.0,1,,forecast,374.0,26819.300010681152,1948.8751230239868,Ghuridaha,29066614B77973251958526
70,east,2015,2779490.0,2779740.0,2779240.0,773830.0,12960.0,-300.0,19.400000000000002,27.0,0.0,4.6000004,,0.0,0.0,-80.0,,,,,,,,0,0.0,train,119.0,5522.361299037933,760.8056149482727,Belgachha,29066614B21817217046964
70,east,2016,2779490.0,2779740.0,2779240.0,773750.0,12880.0,80.0,20.6,30.0,0.0,4.6000004,9.0,0.0,0.0,-600.0,,0.0,,,-80.0,,0.0,0,0.0,train,119.0,5522.361299037933,760.8056149482727,Belgachha,29066614B21817217046964
70,east,2017,2779490.0,2779740.0,2779240.0,773150.0,12280.0,40.0,15.4,44.0,33.0,3.2000008,73.0,0.0,0.0,-180.0,64.0,0.0,0.0,,-600.0,-80.0,0.0,0,0.0,train,119.0,5522.361299037933,760.8056149482727,Belgachha,29066614B21817217046964
70,east,2018,2779490.0,2779740.0,2779240.0,772970.0,12100.0,140.0,14.48,46.0,38.0,3.2999992,9.0,0.0,0.0,-360.0,-64.0,0.0,0.0,0.0,-180.0,-600.0,0.0,0,0.0,train,119.0,5522.361299037933,760.8056149482727,Belgachha,29066614B21817217046964
70,east,2019,2779490.0,2779740.0,2779240.0,772610.0,11740.0,580.0,9.32,65.0,43.0,2.3999996,9.0,16.52,0.0,680.0,0.0,0.0,0.0,0.0,-360.0,-180.0,0.0,0,1.0,train,119.0,5522.361299037933,760.8056149482727,Belgachha,29066614B21817217046964
70,east,2020,2779490.0,2779740.0,2779240.0,773290.0,12420.0,20.0,17.96,42.0,29.0,2.5,8.0,8.64,0.0,180.0,-1.0,16.52,0.0,0.0,680.0,-360.0,0.0,0,1.0,train,119.0,5522.361299037933,760.8056149482727,Belgachha,29066614B21817217046964
70,east,2021,2779490.0,2779740.0,2779240.0,773470.0,12580.0,40.0,20.36,37.0,22.0,3.2000008,8.0,0.0,0.0,-240.0,0.0,8.64,16.52,0.0,180.0,680.0,0.0,0,0.0,train,119.0,5522.361299037933,760.8056149482727,Belgachha,29066614B21817217046964
70,east,2022,2779490.0,2779740.0,2779240.0,773230.0,12360.0,-340.0,18.080000000000002,43.0,30.0,3.2000008,9.0,2.92,0.0,-380.0,1.0,0.0,8.64,16.52,-240.0,180.0,0.0,0,0.0,train,119.0,5522.361299037933,760.8056149482727,Belgachha,29066614B21817217046964
70,east,2023,2779490.0,2779740.0,2779240.0,772850.0,11700.0,20.0,14.280000000000001,51.0,40.0,4.0,67.0,0.12,0.0,-80.0,58.0,2.92,0.0,8.64,-380.0,-240.0,0.0,0,0.0,train,119.0,5522.361299037933,760.8056149482727,Belgachha,29066614B21817217046964
70,east,2024,2779490.0,2779740.0,2779240.0,772770.0,11140.0,180.0,12.88,54.0,42.0,3.7999992,70.0,0.0,0.0,-160.0,3.0,0.12,2.92,0.0,-80.0,-380.0,0.0,0,0.0,train,119.0,5522.361299037933,760.8056149482727,Belgachha,29066614B21817217046964
70,east,2025,2779490.0,2779740.0,2779240.0,772610.0,11380.0,20.0,9.84,65.0,44.0,3.7999992,69.0,8.4,0.0,160.0,-1.0,0.0,0.12,2.92,-160.0,-80.0,0.0,0,1.0,train,119.0,5522.361299037933,760.8056149482727,Belgachha,29066614B21817217046964
70,east,2026,2779490.0,2779740.0,2779240.0,772770.0,11900.0,40.0,13.88,54.0,42.0,3.7999992,52.0,,,,-17.0,8.4,0.0,0.12,160.0,-160.0,0.0,0,,forecast,119.0,5522.361299037933,760.8056149482727,Belgachha,29066614B21817217046964
70,west,2015,2779490.0,2779740.0,2779240.0,760870.0,12960.0,-40.0,33.76,27.0,0.0,0.80000114,,0.0,0.0,0.0,,,,,,,,1,0.0,train,386.0,27961.450461387634,1708.167296409607,Ghuridaha,29066614B77973251958526
70,west,2016,2779490.0,2779740.0,2779240.0,760870.0,12880.0,-20.0,31.6,27.0,0.0,0.80000114,8.0,0.0,0.0,0.0,,0.0,,,0.0,,0.0,1,0.0,train,386.0,27961.450461387634,1708.167296409607,Ghuridaha,29066614B77973251958526
70,west,2017,2779490.0,2779740.0,2779240.0,760870.0,12280.0,-40.0,31.8,27.0,0.0,0.80000114,8.0,0.08,0.0,0.0,0.0,0.0,0.0,,0.0,0.0,0.0,1,0.0,train,386.0,27961.450461387634,1708.167296409607,Ghuridaha,29066614B77973251958526
70,west,2018,2779490.0,2779740.0,2779240.0,760870.0,12100.0,-20.0,34.44,27.0,0.0,0.80000114,9.0,0.0,0.0,0.0,1.0,0.08,0.0,0.0,0.0,0.0,0.0,1,0.0,train,386.0,27961.450461387634,1708.167296409607,Ghuridaha,29066614B77973251958526
70,west,2019,2779490.0,2779740.0,2779240.0,760870.0,11740.0,-80.0,35.4,27.0,0.0,0.80000114,10.0,0.24,0.0,0.0,1.0,0.0,0.08,0.0,0.0,0.0,0.0,1,0.0,train,386.0,27961.450461387634,1708.167296409607,Ghuridaha,29066614B77973251958526
70,west,2020,2779490.0,2779740.0,2779240.0,760870.0,12420.0,-80.0,36.0,27.0,0.0,0.80000114,69.0,0.0,0.0,0.0,59.0,0.24,0.0,0.08,0.0,0.0,0.0,1,0.0,train,386.0,27961.450461387634,1708.167296409607,Ghuridaha,29066614B77973251958526
70,west,2021,2779490.0,2779740.0,2779240.0,760870.0,12580.0,-420.0,37.2,26.0,0.0,0.30000114,34.0,0.0,0.0,0.0,-35.0,0.0,0.24,0.0,0.0,0.0,0.0,1,0.0,train,386.0,27961.450461387634,1708.167296409607,Ghuridaha,29066614B77973251958526
70,west,2022,2779490.0,2779740.0,2779240.0,760870.0,12360.0,-720.0,36.56,27.0,0.0,0.80000114,14.0,0.68,0.0,-280.0,-20.0,0.0,0.0,0.24,0.0,0.0,0.0,1,0.0,train,386.0,27961.450461387634,1708.167296409607,Ghuridaha,29066614B77973251958526
70,west,2023,2779490.0,2779740.0,2779240.0,761150.0,11700.0,-20.0,34.0,24.0,27.0,0.69999886,19.0,0.0,0.0,-480.0,5.0,0.68,0.0,0.0,-280.0,0.0,0.0,1,0.0,train,386.0,27961.450461387634,1708.167296409607,Ghuridaha,29066614B77973251958526
70,west,2024,2779490.0,2779740.0,2779240.0,761630.0,11140.0,460.0,30.96,30.0,24.0,1.0,58.0,16.0,0.0,400.0,39.0,0.0,0.68,0.0,-480.0,-280.0,0.0,1,1.0,train,386.0,27961.450461387634,1708.167296409607,Ghuridaha,29066614B77973251958526
70,west,2025,2779490.0,2779740.0,2779240.0,761230.0,11380.0,20.0,32.28,25.0,27.0,0.9000015,8.0,8.96,0.0,360.0,-50.0,16.0,0.0,0.68,400.0,-480.0,0.0,1,1.0,train,386.0,27961.450461387634,1708.167296409607,Ghuridaha,29066614B77973251958526
70,west,2026,2779490.0,2779740.0,2779240.0,760870.0,11900.0,-160.0,35.12,27.0,0.0,0.80000114,10.0,,,,2.0,8.96,16.0,0.0,360.0,400.0,0.0,1,,forecast,386.0,27961.450461387634,1708.167296409607,Ghuridaha,29066614B77973251958526
71,east,2015,2778990.0,2779240.0,2778740.0,774010.0,13080.0,-40.0,17.64,28.0,0.0,2.1999989,,0.0,0.0,-40.0,,,,,,,,0,0.0,train,94.0,4477.597075462341,702.1775245666504,Belgachha,29066614B21817217046964
71,east,2016,2778990.0,2779240.0,2778740.0,773970.0,13020.0,-60.0,18.84,29.0,0.0,2.5999985,11.0,0.0,0.0,-820.0,,0.0,,,-40.0,,0.0,0,0.0,train,94.0,4477.597075462341,702.1775245666504,Belgachha,29066614B21817217046964
71,east,2017,2778990.0,2779240.0,2778740.0,773150.0,12220.0,160.0,9.84,47.0,33.0,4.4000006,74.0,0.0,0.0,-300.0,63.0,0.0,0.0,,-820.0,-40.0,0.0,0,0.0,train,94.0,4477.597075462341,702.1775245666504,Belgachha,29066614B21817217046964
71,east,2018,2778990.0,2779240.0,2778740.0,772850.0,11920.0,260.0,7.36,50.0,41.0,2.3999996,12.0,0.12,0.0,-180.0,-62.0,0.0,0.0,0.0,-300.0,-820.0,0.0,0,0.0,train,94.0,4477.597075462341,702.1775245666504,Belgachha,29066614B21817217046964
71,east,2019,2778990.0,2779240.0,2778740.0,772670.0,11780.0,500.0,4.8,57.0,43.0,1.8999996,17.0,11.88,0.0,540.0,5.0,0.12,0.0,0.0,-180.0,-300.0,0.0,0,1.0,train,94.0,4477.597075462341,702.1775245666504,Belgachha,29066614B21817217046964
71,east,2020,2778990.0,2779240.0,2778740.0,773210.0,12280.0,20.0,11.72,46.0,31.0,2.7000008,8.0,13.040000000000001,0.0,260.0,-9.0,11.88,0.12,0.0,540.0,-180.0,0.0,0,1.0,train,94.0,4477.597075462341,702.1775245666504,Belgachha,29066614B21817217046964
71,east,2021,2778990.0,2779240.0,2778740.0,773470.0,12540.0,-100.0,15.24,38.0,28.0,4.4000006,8.0,0.0,0.0,-200.0,0.0,13.040000000000001,11.88,0.12,260.0,540.0,0.0,0,0.0,train,94.0,4477.597075462341,702.1775245666504,Belgachha,29066614B21817217046964
71,east,2022,2778990.0,2779240.0,2778740.0,773270.0,12320.0,-140.0,12.4,44.0,30.0,3.3000002,8.0,0.0,0.0,-600.0,0.0,0.0,13.040000000000001,11.88,-200.0,260.0,0.0,0,0.0,train,94.0,4477.597075462341,702.1775245666504,Belgachha,29066614B21817217046964
71,east,2023,2778990.0,2779240.0,2778740.0,772670.0,11560.0,140.0,6.0,57.0,46.0,2.3999996,68.0,2.56,0.0,40.0,60.0,0.0,0.0,13.040000000000001,-600.0,-200.0,0.0,0,0.0,train,94.0,4477.597075462341,702.1775245666504,Belgachha,29066614B21817217046964
71,east,2024,2778990.0,2779240.0,2778740.0,772710.0,11040.0,-60.0,7.08,57.0,46.0,2.3999996,64.0,0.0,0.0,-180.0,-4.0,2.56,0.0,0.0,40.0,-600.0,0.0,0,0.0,train,94.0,4477.597075462341,702.1775245666504,Belgachha,29066614B21817217046964
71,east,2025,2778990.0,2779240.0,2778740.0,772530.0,11440.0,120.0,5.76,60.0,48.0,1.0,69.0,4.44,0.0,100.0,5.0,0.0,2.56,0.0,-180.0,40.0,0.0,0,0.0,train,94.0,4477.597075462341,702.1775245666504,Belgachha,29066614B21817217046964
71,east,2026,2778990.0,2779240.0,2778740.0,772630.0,11700.0,60.0,6.24,57.0,47.0,2.3999996,42.0,,,,-27.0,4.44,0.0,2.56,100.0,-180.0,0.0,0,,forecast,94.0,4477.597075462341,702.1775245666504,Belgachha,29066614B21817217046964
71,west,2015,2778990.0,2779240.0,2778740.0,760930.0,13080.0,20.0,24.84,28.0,0.0,0.6000004,,0.0,0.0,20.0,,,,,,,,1,0.0,train,376.0,21130.067821502686,1405.973614692688,Ghuridaha,29066614B77973251958526
71,west,2016,2778990.0,2779240.0,2778740.0,760910.0,13020.0,-80.0,24.0,28.0,0.0,0.6000004,9.0,0.0,0.0,-20.0,,0.0,,,20.0,,0.0,1,0.0,train,376.0,21130.067821502686,1405.973614692688,Ghuridaha,29066614B77973251958526
71,west,2017,2778990.0,2779240.0,2778740.0,760930.0,12220.0,-20.0,23.16,28.0,0.0,0.6000004,8.0,0.0,0.0,0.0,-1.0,0.0,0.0,,-20.0,20.0,0.0,1,0.0,train,376.0,21130.067821502686,1405.973614692688,Ghuridaha,29066614B77973251958526
71,west,2018,2778990.0,2779240.0,2778740.0,760930.0,11920.0,-20.0,26.36,28.0,0.0,0.6000004,11.0,0.0,0.0,0.0,3.0,0.0,0.0,0.0,0.0,-20.0,0.0,1,0.0,train,376.0,21130.067821502686,1405.973614692688,Ghuridaha,29066614B77973251958526
71,west,2019,2778990.0,2779240.0,2778740.0,760930.0,11780.0,0.0,27.48,28.0,0.0,0.6000004,9.0,0.0,0.0,0.0,-2.0,0.0,0.0,0.0,0.0,0.0,0.0,1,0.0,train,376.0,21130.067821502686,1405.973614692688,Ghuridaha,29066614B77973251958526
71,west,2020,2778990.0,2779240.0,2778740.0,760930.0,12280.0,0.0,29.400000000000002,28.0,0.0,0.6000004,13.0,0.0,0.0,0.0,4.0,0.0,0.0,0.0,0.0,0.0,0.0,1,0.0,train,376.0,21130.067821502686,1405.973614692688,Ghuridaha,29066614B77973251958526
71,west,2021,2778990.0,2779240.0,2778740.0,760930.0,12540.0,0.0,29.44,28.0,0.0,0.6000004,70.0,0.0,0.0,0.0,57.0,0.0,0.0,0.0,0.0,0.0,0.0,1,0.0,train,376.0,21130.067821502686,1405.973614692688,Ghuridaha,29066614B77973251958526
71,west,2022,2778990.0,2779240.0,2778740.0,760930.0,12320.0,-20.0,27.96,28.0,0.0,0.6000004,18.0,0.16,0.0,-180.0,-52.0,0.0,0.0,0.0,0.0,0.0,0.0,1,0.0,train,376.0,21130.067821502686,1405.973614692688,Ghuridaha,29066614B77973251958526
71,west,2023,2778990.0,2779240.0,2778740.0,761110.0,11560.0,60.0,26.28,27.0,0.0,0.6000004,36.0,0.0,0.0,-560.0,18.0,0.16,0.0,0.0,-180.0,0.0,0.0,1,0.0,train,376.0,21130.067821502686,1405.973614692688,Ghuridaha,29066614B77973251958526
71,west,2024,2778990.0,2779240.0,2778740.0,761670.0,11040.0,240.0,20.56,31.0,27.0,1.1000004,71.0,8.040000000000001,0.0,600.0,35.0,0.0,0.16,0.0,-560.0,-180.0,0.0,1,1.0,train,376.0,21130.067821502686,1405.973614692688,Ghuridaha,29066614B77973251958526
71,west,2025,2778990.0,2779240.0,2778740.0,761070.0,11440.0,-80.0,26.44,27.0,0.0,0.6000004,8.0,7.48,0.0,140.0,-63.0,8.040000000000001,0.0,0.16,600.0,-560.0,0.0,1,1.0,train,376.0,21130.067821502686,1405.973614692688,Ghuridaha,29066614B77973251958526
71,west,2026,2778990.0,2779240.0,2778740.0,760930.0,11700.0,0.0,29.44,28.0,0.0,0.6000004,9.0,,,,1.0,7.48,8.040000000000001,0.0,140.0,600.0,0.0,1,,forecast,376.0,21130.067821502686,1405.973614692688,Ghuridaha,29066614B77973251958526
72,east,2015,2778490.0,2778740.0,2778240.0,774150.0,13180.0,-100.0,20.240000000000002,29.0,0.0,2.3999996,,0.0,0.0,-20.0,,,,,,,,0,0.0,train,49.0,2339.5477018356323,671.8305053710938,Belgachha,29066614B21817217046964
72,east,2016,2778490.0,2778740.0,2778240.0,774130.0,13120.0,-100.0,20.28,29.0,0.0,2.3999996,8.0,0.0,0.0,-820.0,,0.0,,,-20.0,,0.0,0,0.0,train,49.0,2339.5477018356323,671.8305053710938,Belgachha,29066614B21817217046964
72,east,2017,2778490.0,2778740.0,2778240.0,773310.0,12280.0,300.0,9.120000000000001,50.0,35.0,2.8000002,73.0,0.0,0.0,-320.0,65.0,0.0,0.0,,-820.0,-20.0,0.0,0,0.0,train,49.0,2339.5477018356323,671.8305053710938,Belgachha,29066614B21817217046964
72,east,2018,2778490.0,2778740.0,2778240.0,772990.0,11980.0,220.0,4.36,54.0,38.0,2.2000008,11.0,2.92,0.0,240.0,-62.0,0.0,0.0,0.0,-320.0,-820.0,0.0,0,0.0,train,49.0,2339.5477018356323,671.8305053710938,Belgachha,29066614B21817217046964
72,east,2019,2778490.0,2778740.0,2778240.0,773230.0,12220.0,-180.0,7.2,53.0,37.0,2.8000002,10.0,1.08,0.0,-80.0,-1.0,2.92,0.0,0.0,240.0,-320.0,0.0,0,0.0,train,49.0,2339.5477018356323,671.8305053710938,Belgachha,29066614B21817217046964
72,east,2020,2778490.0,2778740.0,2778240.0,773150.0,12160.0,-120.0,6.6000000000000005,54.0,38.0,2.8000002,11.0,7.2,0.0,220.0,1.0,1.08,2.92,0.0,-80.0,240.0,0.0,0,1.0,train,49.0,2339.5477018356323,671.8305053710938,Belgachha,29066614B21817217046964
72,east,2021,2778490.0,2778740.0,2778240.0,773370.0,12380.0,340.0,8.72,44.0,35.0,2.8000002,8.0,0.0,0.0,-200.0,-3.0,7.2,1.08,2.92,220.0,-80.0,0.0,0,0.0,train,49.0,2339.5477018356323,671.8305053710938,Belgachha,29066614B21817217046964
72,east,2022,2778490.0,2778740.0,2778240.0,773170.0,12180.0,0.0,5.72,53.0,38.0,2.8000002,8.0,0.0,0.0,-540.0,0.0,0.0,7.2,1.08,-200.0,220.0,0.0,0,0.0,train,49.0,2339.5477018356323,671.8305053710938,Belgachha,29066614B21817217046964
72,east,2023,2778490.0,2778740.0,2778240.0,772630.0,11620.0,100.0,2.6,53.0,54.0,2.9000006,67.0,1.16,0.0,-40.0,59.0,0.0,0.0,7.2,-540.0,-200.0,0.0,0,0.0,train,49.0,2339.5477018356323,671.8305053710938,Belgachha,29066614B21817217046964
72,east,2024,2778490.0,2778740.0,2778240.0,772590.0,11120.0,220.0,3.52,54.0,54.0,2.7000008,58.0,0.0,0.0,-20.0,-9.0,1.16,0.0,0.0,-40.0,-540.0,0.0,0,0.0,train,49.0,2339.5477018356323,671.8305053710938,Belgachha,29066614B21817217046964
72,east,2025,2778490.0,2778740.0,2778240.0,772570.0,11580.0,-60.0,3.68,54.0,54.0,2.7000008,66.0,0.0,0.0,-20.0,8.0,0.0,1.16,0.0,-20.0,-40.0,0.0,0,0.0,train,49.0,2339.5477018356323,671.8305053710938,Belgachha,29066614B21817217046964
72,east,2026,2778490.0,2778740.0,2778240.0,772550.0,11560.0,40.0,3.6,54.0,54.0,3.3000002,35.0,,,,-31.0,0.0,0.0,1.16,-20.0,-20.0,0.0,0,,forecast,49.0,2339.5477018356323,671.8305053710938,Belgachha,29066614B21817217046964
72,west,2015,2778490.0,2778740.0,2778240.0,760970.0,13180.0,40.0,15.52,35.0,0.0,0.6000004,,0.0,0.0,-60.0,,,,,,,,1,0.0,train,321.0,18147.08302307129,1264.941888809204,Ghuridaha,29066614B77973251958526
72,west,2016,2778490.0,2778740.0,2778240.0,761030.0,13120.0,160.0,14.280000000000001,33.0,0.0,0.5,12.0,0.84,0.0,20.0,,0.0,,,-60.0,,0.0,1,0.0,train,321.0,18147.08302307129,1264.941888809204,Ghuridaha,29066614B77973251958526
72,west,2017,2778490.0,2778740.0,2778240.0,761010.0,12280.0,120.0,15.44,33.0,0.0,0.6000004,9.0,1.04,0.0,0.0,-3.0,0.84,0.0,,20.0,-60.0,0.0,1,0.0,train,321.0,18147.08302307129,1264.941888809204,Ghuridaha,29066614B77973251958526
72,west,2018,2778490.0,2778740.0,2778240.0,761010.0,11980.0,100.0,17.32,33.0,0.0,0.6000004,11.0,0.0,0.0,20.0,2.0,1.04,0.84,0.0,0.0,20.0,0.0,1,0.0,train,321.0,18147.08302307129,1264.941888809204,Ghuridaha,29066614B77973251958526
72,west,2019,2778490.0,2778740.0,2778240.0,760990.0,12220.0,20.0,19.2,33.0,0.0,0.6000004,10.0,0.68,0.0,0.0,-1.0,0.0,1.04,0.84,20.0,0.0,0.0,1,0.0,train,321.0,18147.08302307129,1264.941888809204,Ghuridaha,29066614B77973251958526
72,west,2020,2778490.0,2778740.0,2778240.0,760990.0,12160.0,60.0,19.64,35.0,0.0,0.6000004,15.0,0.0,0.0,0.0,5.0,0.68,0.0,1.04,0.0,20.0,0.0,1,0.0,train,321.0,18147.08302307129,1264.941888809204,Ghuridaha,29066614B77973251958526
72,west,2021,2778490.0,2778740.0,2778240.0,760990.0,12380.0,80.0,19.28,33.0,0.0,0.6000004,46.0,0.0,0.0,-20.0,31.0,0.0,0.68,0.0,0.0,0.0,0.0,1,0.0,train,321.0,18147.08302307129,1264.941888809204,Ghuridaha,29066614B77973251958526
72,west,2022,2778490.0,2778740.0,2778240.0,761010.0,12180.0,120.0,19.080000000000002,33.0,0.0,0.29999924,49.0,1.4000000000000001,0.0,0.0,3.0,0.0,0.0,0.68,-20.0,0.0,0.0,1,0.0,train,321.0,18147.08302307129,1264.941888809204,Ghuridaha,29066614B77973251958526
72,west,2023,2778490.0,2778740.0,2778240.0,761010.0,11620.0,-60.0,19.36,33.0,0.0,0.29999924,65.0,0.0,0.0,-460.0,16.0,1.4000000000000001,0.0,0.0,0.0,-20.0,0.0,1,0.0,train,321.0,18147.08302307129,1264.941888809204,Ghuridaha,29066614B77973251958526
72,west,2024,2778490.0,2778740.0,2778240.0,761470.0,11120.0,300.0,15.84,38.0,33.0,0.5999985,67.0,2.2,0.0,480.0,2.0,0.0,1.4000000000000001,0.0,-460.0,0.0,0.0,1,0.0,train,321.0,18147.08302307129,1264.941888809204,Ghuridaha,29066614B77973251958526
72,west,2025,2778490.0,2778740.0,2778240.0,760990.0,11580.0,-60.0,19.6,35.0,0.0,0.6000004,10.0,1.8,0.0,0.0,-57.0,2.2,0.0,1.4000000000000001,480.0,-460.0,0.0,1,0.0,train,321.0,18147.08302307129,1264.941888809204,Ghuridaha,29066614B77973251958526
72,west,2026,2778490.0,2778740.0,2778240.0,760990.0,11560.0,60.0,19.400000000000002,35.0,0.0,0.6000004,10.0,,,,0.0,1.8,2.2,0.0,0.0,480.0,0.0,1,,forecast,321.0,18147.08302307129,1264.941888809204,Ghuridaha,29066614B77973251958526
73,east,2015,2777990.0,2778240.0,2777740.0,774190.0,13220.0,-560.0,32.76,30.0,0.0,3.0,,0.08,0.0,0.0,,,,,,,,0,0.0,train,119.0,5331.946704864502,618.8162140846252,Belgachha,29066614B21817217046964
73,east,2016,2777990.0,2778240.0,2777740.0,774190.0,13200.0,-580.0,34.72,30.0,0.0,3.0,9.0,1.24,0.0,-420.0,,0.08,,,0.0,,0.0,0,0.0,train,119.0,5331.946704864502,618.8162140846252,Belgachha,29066614B21817217046964
73,east,2017,2777990.0,2778240.0,2777740.0,773770.0,12800.0,-560.0,26.8,42.0,29.0,2.8999996,73.0,0.0,0.0,-420.0,64.0,1.24,0.08,,-420.0,0.0,0.0,0,0.0,train,119.0,5331.946704864502,618.8162140846252,Belgachha,29066614B21817217046964
73,east,2018,2777990.0,2778240.0,2777740.0,773350.0,12360.0,-40.0,23.04,53.0,42.0,3.1999998,11.0,4.76,0.0,260.0,-62.0,0.0,1.24,0.08,-420.0,-420.0,0.0,0,0.0,train,119.0,5331.946704864502,618.8162140846252,Belgachha,29066614B21817217046964
73,east,2019,2777990.0,2778240.0,2777740.0,773610.0,12580.0,-320.0,25.04,43.0,34.0,3.3999996,8.0,0.0,0.0,-640.0,-3.0,4.76,0.0,1.24,260.0,-420.0,0.0,0,0.0,train,119.0,5331.946704864502,618.8162140846252,Belgachha,29066614B21817217046964
73,east,2020,2777990.0,2778240.0,2777740.0,772970.0,11980.0,380.0,15.56,53.0,46.0,2.7999992,10.0,17.44,0.0,640.0,2.0,0.0,4.76,0.0,-640.0,260.0,0.0,0,1.0,train,119.0,5331.946704864502,618.8162140846252,Belgachha,29066614B21817217046964
73,east,2021,2777990.0,2778240.0,2777740.0,773610.0,12640.0,-180.0,25.6,43.0,32.0,3.3999996,8.0,0.0,0.0,-540.0,-2.0,17.44,0.0,4.76,640.0,-640.0,0.0,0,0.0,train,119.0,5331.946704864502,618.8162140846252,Belgachha,29066614B21817217046964
73,east,2022,2777990.0,2778240.0,2777740.0,773070.0,12100.0,300.0,20.32,54.0,43.0,3.000001,8.0,0.0,0.0,-380.0,0.0,0.0,17.44,0.0,-540.0,640.0,0.0,0,0.0,train,119.0,5331.946704864502,618.8162140846252,Belgachha,29066614B21817217046964
73,east,2023,2777990.0,2778240.0,2777740.0,772690.0,11720.0,320.0,10.52,51.0,53.0,2.7000008,53.0,0.0,0.0,0.0,45.0,0.0,0.0,17.44,-380.0,-540.0,0.0,0,0.0,train,119.0,5331.946704864502,618.8162140846252,Belgachha,29066614B21817217046964
73,east,2024,2777990.0,2778240.0,2777740.0,772690.0,11720.0,-100.0,10.56,51.0,55.0,2.7000008,56.0,0.28,0.0,-140.0,3.0,0.0,0.0,0.0,0.0,-380.0,0.0,0,0.0,train,119.0,5331.946704864502,618.8162140846252,Belgachha,29066614B21817217046964
73,east,2025,2777990.0,2778240.0,2777740.0,772550.0,11580.0,40.0,8.64,52.0,54.0,4.0999994,68.0,0.0,0.0,-40.0,12.0,0.28,0.0,0.0,-140.0,0.0,0.0,0,0.0,train,119.0,5331.946704864502,618.8162140846252,Belgachha,29066614B21817217046964
73,east,2026,2777990.0,2778240.0,2777740.0,772510.0,11540.0,80.0,7.8,53.0,54.0,2.3000002,34.0,,,,-34.0,0.0,0.28,0.0,-40.0,-140.0,0.0,0,,forecast,119.0,5331.946704864502,618.8162140846252,Belgachha,29066614B21817217046964
73,west,2015,2777990.0,2778240.0,2777740.0,760970.0,13220.0,100.0,15.0,46.0,0.0,0.6000004,,0.72,0.0,-20.0,,,,,,,,1,0.0,train,184.0,10177.096050262451,1119.8503971099854,Jummerbari,29066614B71885874815418
73,west,2016,2777990.0,2778240.0,2777740.0,760990.0,13200.0,180.0,13.200000000000001,46.0,0.0,0.6000004,23.0,1.4000000000000001,0.0,20.0,,0.72,,,-20.0,,0.0,1,0.0,train,184.0,10177.096050262451,1119.8503971099854,Jummerbari,29066614B71885874815418
73,west,2017,2777990.0,2778240.0,2777740.0,760970.0,12800.0,140.0,13.72,46.0,0.0,0.6000004,49.0,0.0,0.0,-20.0,26.0,1.4000000000000001,0.72,,20.0,-20.0,0.0,1,0.0,train,184.0,10177.096050262451,1119.8503971099854,Jummerbari,29066614B71885874815418
73,west,2018,2777990.0,2778240.0,2777740.0,760990.0,12360.0,40.0,16.4,46.0,0.0,0.6000004,12.0,0.0,0.0,-40.0,-37.0,0.0,1.4000000000000001,0.72,-20.0,20.0,0.0,1,0.0,train,184.0,10177.096050262451,1119.8503971099854,Jummerbari,29066614B71885874815418
73,west,2019,2777990.0,2778240.0,2777740.0,761030.0,12580.0,240.0,15.08,45.0,0.0,0.6000004,8.0,1.56,0.0,40.0,-4.0,0.0,0.0,1.4000000000000001,-40.0,-20.0,0.0,1,0.0,train,184.0,10177.096050262451,1119.8503971099854,Jummerbari,29066614B71885874815418
73,west,2020,2777990.0,2778240.0,2777740.0,760990.0,11980.0,60.0,14.96,46.0,0.0,0.6000004,33.0,1.44,0.0,20.0,25.0,1.56,0.0,0.0,40.0,-40.0,0.0,1,0.0,train,184.0,10177.096050262451,1119.8503971099854,Jummerbari,29066614B71885874815418
73,west,2021,2777990.0,2778240.0,2777740.0,760970.0,12640.0,160.0,14.72,46.0,0.0,0.6000004,40.0,0.0,0.0,0.0,7.0,1.44,1.56,0.0,20.0,40.0,0.0,1,0.0,train,184.0,10177.096050262451,1119.8503971099854,Jummerbari,29066614B71885874815418
73,west,2022,2777990.0,2778240.0,2777740.0,760970.0,12100.0,140.0,14.08,46.0,0.0,0.6000004,69.0,0.0,0.0,0.0,29.0,0.0,1.44,1.56,0.0,20.0,0.0,1,0.0,train,184.0,10177.096050262451,1119.8503971099854,Jummerbari,29066614B71885874815418
73,west,2023,2777990.0,2778240.0,2777740.0,760970.0,11720.0,140.0,14.92,46.0,0.0,0.6000004,66.0,0.0,0.0,0.0,-3.0,0.0,0.0,1.44,0.0,0.0,0.0,1,0.0,train,184.0,10177.096050262451,1119.8503971099854,Jummerbari,29066614B71885874815418
73,west,2024,2777990.0,2778240.0,2777740.0,760970.0,11720.0,-320.0,15.120000000000001,46.0,0.0,0.6000004,47.0,0.0,0.0,0.0,-19.0,0.0,0.0,0.0,0.0,0.0,0.0,1,0.0,train,184.0,10177.096050262451,1119.8503971099854,Jummerbari,29066614B71885874815418
73,west,2025,2777990.0,2778240.0,2777740.0,760970.0,11580.0,160.0,13.92,46.0,0.0,0.6000004,9.0,0.0,0.0,-20.0,-38.0,0.0,0.0,0.0,0.0,0.0,0.0,1,0.0,train,184.0,10177.096050262451,1119.8503971099854,Jummerbari,29066614B71885874815418
73,west,2026,2777990.0,2778240.0,2777740.0,760990.0,11540.0,120.0,13.040000000000001,46.0,0.0,0.6000004,10.0,,,,1.0,0.0,0.0,0.0,-20.0,0.0,0.0,1,,forecast,184.0,10177.096050262451,1119.8503971099854,Jummerbari,29066614B71885874815418
74,east,2015,2777490.0,2777740.0,2777240.0,773670.0,12840.0,500.0,31.12,57.0,0.0,8.2,,1.48,0.36,0.0,,,,,,,,0,0.0,train,374.0,25742.27259540558,614.2015733718872,Chinadulli,29066614B94077025165254
74,east,2016,2777490.0,2777740.0,2777240.0,773670.0,12960.0,600.0,31.88,57.0,0.0,8.2,64.0,0.0,0.0,0.0,,1.48,,,0.0,,0.36,0,0.0,train,374.0,25742.27259540558,614.2015733718872,Chinadulli,29066614B94077025165254
74,east,2017,2777490.0,2777740.0,2777240.0,773670.0,12920.0,160.0,31.12,55.0,0.0,8.2,37.0,0.0,0.0,0.0,-27.0,0.0,1.48,,0.0,0.0,0.0,0,0.0,train,374.0,25742.27259540558,614.2015733718872,Chinadulli,29066614B94077025165254
74,east,2018,2777490.0,2777740.0,2777240.0,773670.0,12740.0,-240.0,33.480000000000004,55.0,0.0,8.8,16.0,0.28,0.0,0.0,-21.0,0.0,0.0,1.48,0.0,0.0,0.0,0,0.0,train,374.0,25742.27259540558,614.2015733718872,Chinadulli,29066614B94077025165254
74,east,2019,2777490.0,2777740.0,2777240.0,773670.0,12840.0,20.0,32.84,55.0,0.0,8.8,9.0,0.0,0.0,-500.0,-7.0,0.28,0.0,0.0,0.0,0.0,0.0,0,0.0,train,374.0,25742.27259540558,614.2015733718872,Chinadulli,29066614B94077025165254
74,east,2020,2777490.0,2777740.0,2777240.0,773170.0,12240.0,380.0,32.160000000000004,63.0,55.0,1.5999994,37.0,9.84,0.0,500.0,28.0,0.0,0.28,0.0,-500.0,0.0,0.0,0,1.0,train,374.0,25742.27259540558,614.2015733718872,Chinadulli,29066614B94077025165254
74,east,2021,2777490.0,2777740.0,2777240.0,773670.0,12880.0,0.0,32.12,55.0,0.0,8.8,9.0,0.0,0.0,-400.0,-28.0,9.84,0.0,0.28,500.0,-500.0,0.0,0,0.0,train,374.0,25742.27259540558,614.2015733718872,Chinadulli,29066614B94077025165254
74,east,2022,2777490.0,2777740.0,2777240.0,773270.0,12480.0,220.0,30.84,55.0,48.0,3.0999994,9.0,0.0,0.0,-200.0,0.0,0.0,9.84,0.0,-400.0,500.0,0.0,0,0.0,train,374.0,25742.27259540558,614.2015733718872,Chinadulli,29066614B94077025165254
74,east,2023,2777490.0,2777740.0,2777240.0,773070.0,12280.0,280.0,28.44,64.0,51.0,1.3000002,44.0,0.0,0.0,-380.0,35.0,0.0,0.0,9.84,-200.0,-400.0,0.0,0,0.0,train,374.0,25742.27259540558,614.2015733718872,Chinadulli,29066614B94077025165254
74,east,2024,2777490.0,2777740.0,2777240.0,772690.0,11900.0,680.0,28.28,63.0,60.0,2.1999998,60.0,5.92,0.0,-120.0,16.0,0.0,0.0,0.0,-380.0,-200.0,0.0,0,1.0,train,374.0,25742.27259540558,614.2015733718872,Chinadulli,29066614B94077025165254
74,east,2025,2777490.0,2777740.0,2777240.0,772570.0,11780.0,680.0,24.560000000000002,55.0,65.0,2.1999998,61.0,0.0,0.0,-20.0,1.0,5.92,0.0,0.0,-120.0,-380.0,0.0,0,0.0,train,374.0,25742.27259540558,614.2015733718872,Chinadulli,29066614B94077025165254
74,east,2026,2777490.0,2777740.0,2777240.0,772550.0,11680.0,180.0,24.6,54.0,65.0,2.1999998,31.0,,,,-30.0,0.0,5.92,0.0,-20.0,-120.0,0.0,0,,forecast,374.0,25742.27259540558,614.2015733718872,Chinadulli,29066614B94077025165254
74,west,2015,2777490.0,2777740.0,2777240.0,760870.0,12840.0,80.0,11.8,41.0,1.0,0.8999996,,4.4,0.48,100.0,,,,,,,,1,0.0,train,160.0,8961.164910793304,1169.5019788742065,Jummerbari,29066614B71885874815418
74,west,2016,2777490.0,2777740.0,2777240.0,760770.0,12960.0,-20.0,11.24,42.0,1.0,0.8999996,22.0,0.84,0.16,-20.0,,4.4,,,100.0,,0.48,1,0.0,train,160.0,8961.164910793304,1169.5019788742065,Jummerbari,29066614B71885874815418
74,west,2017,2777490.0,2777740.0,2777240.0,760790.0,12920.0,140.0,10.200000000000001,41.0,1.0,0.8999996,16.0,0.0,0.0,-140.0,-6.0,0.84,4.4,,-20.0,100.0,0.16,1,0.0,train,160.0,8961.164910793304,1169.5019788742065,Jummerbari,29066614B71885874815418
74,west,2018,2777490.0,2777740.0,2777240.0,760930.0,12740.0,400.0,9.16,41.0,1.0,0.79999924,14.0,5.5600000000000005,0.0,100.0,-2.0,0.0,0.84,4.4,-140.0,-20.0,0.0,1,1.0,train,160.0,8961.164910793304,1169.5019788742065,Jummerbari,29066614B71885874815418
74,west,2019,2777490.0,2777740.0,2777240.0,760830.0,12840.0,120.0,10.68,42.0,1.0,0.8999996,8.0,0.76,0.0,-100.0,-6.0,5.5600000000000005,0.0,0.84,100.0,-140.0,0.0,1,0.0,train,160.0,8961.164910793304,1169.5019788742065,Jummerbari,29066614B71885874815418
74,west,2020,2777490.0,2777740.0,2777240.0,760930.0,12240.0,320.0,9.96,42.0,1.0,0.8999996,55.0,3.52,0.0,140.0,47.0,0.76,5.5600000000000005,0.0,-100.0,100.0,0.0,1,0.0,train,160.0,8961.164910793304,1169.5019788742065,Jummerbari,29066614B71885874815418
74,west,2021,2777490.0,2777740.0,2777240.0,760790.0,12880.0,60.0,14.08,42.0,1.0,0.8999996,42.0,0.0,0.0,0.0,-13.0,3.52,0.76,5.5600000000000005,140.0,-100.0,0.0,1,0.0,train,160.0,8961.164910793304,1169.5019788742065,Jummerbari,29066614B71885874815418
74,west,2022,2777490.0,2777740.0,2777240.0,760790.0,12480.0,80.0,12.4,42.0,1.0,0.8999996,71.0,0.0,0.0,0.0,29.0,0.0,3.52,0.76,0.0,140.0,0.0,1,0.0,train,160.0,8961.164910793304,1169.5019788742065,Jummerbari,29066614B71885874815418
74,west,2023,2777490.0,2777740.0,2777240.0,760790.0,12280.0,100.0,11.8,42.0,1.0,0.8999996,66.0,0.0,0.0,0.0,-5.0,0.0,0.0,3.52,0.0,0.0,0.0,1,0.0,train,160.0,8961.164910793304,1169.5019788742065,Jummerbari,29066614B71885874815418
74,west,2024,2777490.0,2777740.0,2777240.0,760790.0,11900.0,100.0,12.32,42.0,1.0,0.8999996,70.0,0.0,0.0,0.0,4.0,0.0,0.0,0.0,0.0,0.0,0.0,1,0.0,train,160.0,8961.164910793304,1169.5019788742065,Jummerbari,29066614B71885874815418
74,west,2025,2777490.0,2777740.0,2777240.0,760790.0,11780.0,60.0,11.36,42.0,1.0,0.8999996,10.0,0.0,0.0,-80.0,-60.0,0.0,0.0,0.0,0.0,0.0,0.0,1,0.0,train,160.0,8961.164910793304,1169.5019788742065,Jummerbari,29066614B71885874815418
74,west,2026,2777490.0,2777740.0,2777240.0,760870.0,11680.0,140.0,11.4,41.0,1.0,0.8999996,12.0,,,,2.0,0.0,0.0,0.0,-80.0,0.0,0.0,1,,forecast,160.0,8961.164910793304,1169.5019788742065,Jummerbari,29066614B71885874815418
75,east,2015,2776990.0,2777240.0,2776740.0,773650.0,12960.0,460.0,20.12,74.0,0.0,8.500001,,5.2,0.0,100.0,,,,,,,,0,1.0,train,181.0,9706.76947593689,589.0206050872803,Chinadulli,29066614B94077025165254
75,east,2016,2776990.0,2777240.0,2776740.0,773750.0,13180.0,300.0,21.92,74.0,0.0,6.200001,63.0,0.0,0.0,-20.0,,5.2,,,100.0,,0.0,0,0.0,train,181.0,9706.76947593689,589.0206050872803,Chinadulli,29066614B94077025165254
75,east,2017,2776990.0,2777240.0,2776740.0,773730.0,13260.0,360.0,20.16,74.0,0.0,6.200001,41.0,0.08,0.0,20.0,-22.0,0.0,5.2,,-20.0,100.0,0.0,0,0.0,train,181.0,9706.76947593689,589.0206050872803,Chinadulli,29066614B94077025165254
75,east,2018,2776990.0,2777240.0,2776740.0,773750.0,13280.0,340.0,22.64,74.0,0.0,6.200001,65.0,0.0,0.0,0.0,24.0,0.08,0.0,5.2,20.0,-20.0,0.0,0,0.0,train,181.0,9706.76947593689,589.0206050872803,Chinadulli,29066614B94077025165254
75,east,2019,2776990.0,2777240.0,2776740.0,773750.0,13240.0,340.0,21.76,74.0,0.0,6.200001,72.0,0.0,0.0,0.0,7.0,0.0,0.08,0.0,0.0,20.0,0.0,0,0.0,train,181.0,9706.76947593689,589.0206050872803,Chinadulli,29066614B94077025165254
75,east,2020,2776990.0,2777240.0,2776740.0,773750.0,13200.0,-140.0,22.88,74.0,0.0,5.3999996,52.0,0.12,0.0,-20.0,-20.0,0.0,0.0,0.08,0.0,0.0,0.0,0,0.0,train,181.0,9706.76947593689,589.0206050872803,Chinadulli,29066614B94077025165254
75,east,2021,2776990.0,2777240.0,2776740.0,773730.0,13180.0,380.0,21.240000000000002,74.0,0.0,6.200001,14.0,0.0,0.0,-40.0,-38.0,0.12,0.0,0.0,-20.0,0.0,0.0,0,0.0,train,181.0,9706.76947593689,589.0206050872803,Chinadulli,29066614B94077025165254
75,east,2022,2776990.0,2777240.0,2776740.0,773690.0,13160.0,80.0,21.8,74.0,0.0,8.500001,30.0,0.0,0.0,40.0,16.0,0.0,0.12,0.0,-40.0,-20.0,0.0,0,0.0,train,181.0,9706.76947593689,589.0206050872803,Chinadulli,29066614B94077025165254
75,east,2023,2776990.0,2777240.0,2776740.0,773730.0,13220.0,-200.0,23.080000000000002,74.0,0.0,5.3999996,42.0,0.0,0.0,-360.0,12.0,0.0,0.0,0.12,40.0,-40.0,0.0,0,0.0,train,181.0,9706.76947593689,589.0206050872803,Chinadulli,29066614B94077025165254
75,east,2024,2776990.0,2777240.0,2776740.0,773370.0,12860.0,160.0,24.88,68.0,69.0,4.700001,11.0,0.0,0.0,-100.0,-31.0,0.0,0.0,0.0,-360.0,40.0,0.0,0,0.0,train,181.0,9706.76947593689,589.0206050872803,Chinadulli,29066614B94077025165254
75,east,2025,2776990.0,2777240.0,2776740.0,773270.0,12720.0,240.0,23.68,64.0,73.0,3.6000004,9.0,0.0,0.0,-500.0,-2.0,0.0,0.0,0.0,-100.0,-360.0,0.0,0,0.0,train,181.0,9706.76947593689,589.0206050872803,Chinadulli,29066614B94077025165254
75,east,2026,2776990.0,2777240.0,2776740.0,772770.0,12160.0,260.0,19.88,57.0,65.0,0.0,43.0,,,,34.0,0.0,0.0,0.0,-500.0,-100.0,0.0,0,,forecast,181.0,9706.76947593689,589.0206050872803,Chinadulli,29066614B94077025165254
75,west,2015,2776990.0,2777240.0,2776740.0,760690.0,12960.0,-20.0,23.6,39.0,0.0,1.2999992,,6.12,1.28,120.0,,,,,,,,1,1.0,train,155.0,9071.234307289124,1188.9902505874634,Jummerbari,29066614B71885874815418
75,west,2016,2776990.0,2777240.0,2776740.0,760570.0,13180.0,-20.0,19.16,38.0,0.0,1.6999989,21.0,4.5200000000000005,1.0,100.0,,6.12,,,120.0,,1.28,1,0.0,train,155.0,9071.234307289124,1188.9902505874634,Jummerbari,29066614B71885874815418
75,west,2017,2776990.0,2777240.0,2776740.0,760470.0,13260.0,-220.0,17.72,38.0,0.0,2.0999985,11.0,0.0,0.0,0.0,-10.0,4.5200000000000005,6.12,,100.0,120.0,1.0,1,0.0,train,155.0,9071.234307289124,1188.9902505874634,Jummerbari,29066614B71885874815418
75,west,2018,2776990.0,2777240.0,2776740.0,760470.0,13280.0,-340.0,19.12,38.0,0.0,2.0999985,34.0,1.48,0.0,-40.0,23.0,0.0,4.5200000000000005,6.12,0.0,100.0,0.0,1,0.0,train,155.0,9071.234307289124,1188.9902505874634,Jummerbari,29066614B71885874815418
75,west,2019,2776990.0,2777240.0,2776740.0,760510.0,13240.0,-160.0,19.2,38.0,0.0,1.6999989,8.0,0.0,0.0,-40.0,-26.0,1.48,0.0,4.5200000000000005,-40.0,0.0,0.0,1,0.0,train,155.0,9071.234307289124,1188.9902505874634,Jummerbari,29066614B71885874815418
75,west,2020,2776990.0,2777240.0,2776740.0,760550.0,13200.0,-560.0,19.72,38.0,0.0,1.6999989,9.0,0.6,0.0,0.0,1.0,0.0,1.48,0.0,-40.0,-40.0,0.0,1,0.0,train,155.0,9071.234307289124,1188.9902505874634,Jummerbari,29066614B71885874815418
75,west,2021,2776990.0,2777240.0,2776740.0,760550.0,13180.0,-100.0,19.56,38.0,0.0,1.6999989,68.0,1.68,0.0,20.0,59.0,0.6,0.0,1.48,0.0,-40.0,0.0,1,0.0,train,155.0,9071.234307289124,1188.9902505874634,Jummerbari,29066614B71885874815418
75,west,2022,2776990.0,2777240.0,2776740.0,760530.0,13160.0,-100.0,19.56,38.0,0.0,1.6999989,71.0,0.0,0.0,20.0,3.0,1.68,0.6,0.0,20.0,0.0,0.0,1,0.0,train,155.0,9071.234307289124,1188.9902505874634,Jummerbari,29066614B71885874815418
75,west,2023,2776990.0,2777240.0,2776740.0,760510.0,13220.0,-120.0,19.240000000000002,38.0,0.0,1.6999989,66.0,0.0,0.0,0.0,-5.0,0.0,1.68,0.6,20.0,20.0,0.0,1,0.0,train,155.0,9071.234307289124,1188.9902505874634,Jummerbari,29066614B71885874815418
75,west,2024,2776990.0,2777240.0,2776740.0,760510.0,12860.0,-140.0,20.92,38.0,0.0,1.6999989,71.0,0.0,0.0,-40.0,5.0,0.0,0.0,1.68,0.0,20.0,0.0,1,0.0,train,155.0,9071.234307289124,1188.9902505874634,Jummerbari,29066614B71885874815418
75,west,2025,2776990.0,2777240.0,2776740.0,760550.0,12720.0,-60.0,19.080000000000002,38.0,0.0,1.6999989,18.0,0.0,0.0,-60.0,-53.0,0.0,0.0,0.0,-40.0,0.0,0.0,1,0.0,train,155.0,9071.234307289124,1188.9902505874634,Jummerbari,29066614B71885874815418
75,west,2026,2776990.0,2777240.0,2776740.0,760610.0,12160.0,-20.0,19.76,38.0,0.0,1.5,26.0,,,,8.0,0.0,0.0,0.0,-60.0,-40.0,0.0,1,,forecast,155.0,9071.234307289124,1188.9902505874634,Jummerbari,29066614B71885874815418
76,east,2015,2776490.0,2776740.0,2776240.0,774090.0,13560.0,360.0,11.96,58.0,3.0,0.29999924,,4.72,0.0,40.0,,,,,,,,0,0.0,train,103.0,5036.6399211883545,664.3913192749023,Chinadulli,29066614B94077025165254
76,east,2016,2776490.0,2776740.0,2776240.0,774130.0,13740.0,360.0,12.32,65.0,0.0,0.29999924,54.0,0.4,0.0,20.0,,4.72,,,40.0,,0.0,0,0.0,train,103.0,5036.6399211883545,664.3913192749023,Chinadulli,29066614B94077025165254
76,east,2017,2776490.0,2776740.0,2776240.0,774150.0,13780.0,320.0,12.48,64.0,0.0,0.29999924,73.0,1.32,0.0,20.0,19.0,0.4,4.72,,20.0,40.0,0.0,0,0.0,train,103.0,5036.6399211883545,664.3913192749023,Chinadulli,29066614B94077025165254
76,east,2018,2776490.0,2776740.0,2776240.0,774170.0,13820.0,280.0,15.280000000000001,64.0,0.0,0.5999985,54.0,0.0,0.0,0.0,-19.0,1.32,0.4,4.72,20.0,20.0,0.0,0,0.0,train,103.0,5036.6399211883545,664.3913192749023,Chinadulli,29066614B94077025165254
76,east,2019,2776490.0,2776740.0,2776240.0,774170.0,13820.0,320.0,13.72,64.0,0.0,0.5999985,73.0,0.0,0.0,20.0,19.0,0.0,1.32,0.4,0.0,20.0,0.0,0,0.0,train,103.0,5036.6399211883545,664.3913192749023,Chinadulli,29066614B94077025165254
76,east,2020,2776490.0,2776740.0,2776240.0,774190.0,13520.0,280.0,12.96,64.0,0.0,0.5999985,68.0,0.0,0.0,-20.0,-5.0,0.0,0.0,1.32,20.0,0.0,0.0,0,0.0,train,103.0,5036.6399211883545,664.3913192749023,Chinadulli,29066614B94077025165254
76,east,2021,2776490.0,2776740.0,2776240.0,774170.0,13760.0,280.0,14.48,64.0,0.0,0.5999985,16.0,0.0,0.0,20.0,-52.0,0.0,0.0,0.0,-20.0,20.0,0.0,0,0.0,train,103.0,5036.6399211883545,664.3913192749023,Chinadulli,29066614B94077025165254
76,east,2022,2776490.0,2776740.0,2776240.0,774190.0,13820.0,220.0,13.36,64.0,0.0,0.5999985,12.0,0.0,0.0,0.0,-4.0,0.0,0.0,0.0,20.0,-20.0,0.0,0,0.0,train,103.0,5036.6399211883545,664.3913192749023,Chinadulli,29066614B94077025165254
76,east,2023,2776490.0,2776740.0,2776240.0,774190.0,13840.0,240.0,13.32,64.0,0.0,0.5999985,20.0,0.0,0.0,20.0,8.0,0.0,0.0,0.0,0.0,20.0,0.0,0,0.0,train,103.0,5036.6399211883545,664.3913192749023,Chinadulli,29066614B94077025165254
76,east,2024,2776490.0,2776740.0,2776240.0,774210.0,13840.0,-140.0,16.88,61.0,0.0,0.5999985,45.0,0.0,0.0,0.0,25.0,0.0,0.0,0.0,20.0,0.0,0.0,0,0.0,train,103.0,5036.6399211883545,664.3913192749023,Chinadulli,29066614B94077025165254
76,east,2025,2776490.0,2776740.0,2776240.0,774210.0,13840.0,-240.0,14.8,61.0,0.0,0.29999924,66.0,0.0,0.0,-960.0,21.0,0.0,0.0,0.0,0.0,20.0,0.0,0,0.0,train,103.0,5036.6399211883545,664.3913192749023,Chinadulli,29066614B94077025165254
76,east,2026,2776490.0,2776740.0,2776240.0,773250.0,12880.0,1200.0,13.08,58.0,61.0,0.0,40.0,,,,-26.0,0.0,0.0,0.0,-960.0,0.0,0.0,0,,forecast,103.0,5036.6399211883545,664.3913192749023,Chinadulli,29066614B94077025165254
76,west,2015,2776490.0,2776740.0,2776240.0,760530.0,13560.0,-40.0,20.84,35.0,0.0,1.8000011,,6.76,0.04,140.0,,,,,,,,1,1.0,train,246.0,13653.13210105896,1203.1282386779785,Jummerbari,29066614B71885874815418
76,west,2016,2776490.0,2776740.0,2776240.0,760390.0,13740.0,-80.0,20.48,35.0,0.0,1.8999996,42.0,0.6,0.0,20.0,,6.76,,,140.0,,0.04,1,0.0,train,246.0,13653.13210105896,1203.1282386779785,Jummerbari,29066614B71885874815418
76,west,2017,2776490.0,2776740.0,2776240.0,760370.0,13780.0,0.0,21.76,35.0,0.0,1.8999996,8.0,1.08,0.32,20.0,-34.0,0.6,6.76,,20.0,140.0,0.0,1,0.0,train,246.0,13653.13210105896,1203.1282386779785,Jummerbari,29066614B71885874815418
76,west,2018,2776490.0,2776740.0,2776240.0,760350.0,13820.0,-20.0,23.88,35.0,0.0,1.8999996,11.0,0.0,0.0,0.0,3.0,1.08,0.6,6.76,20.0,20.0,0.32,1,0.0,train,246.0,13653.13210105896,1203.1282386779785,Jummerbari,29066614B71885874815418
76,west,2019,2776490.0,2776740.0,2776240.0,760350.0,13820.0,-60.0,23.44,35.0,0.0,1.8999996,10.0,0.04,0.0,-380.0,-1.0,0.0,1.08,0.6,0.0,20.0,0.0,1,0.0,train,246.0,13653.13210105896,1203.1282386779785,Jummerbari,29066614B71885874815418
76,west,2020,2776490.0,2776740.0,2776240.0,760730.0,13520.0,240.0,19.400000000000002,36.0,33.0,1.1000004,18.0,11.24,0.0,320.0,8.0,0.04,0.0,1.08,-380.0,0.0,0.0,1,1.0,train,246.0,13653.13210105896,1203.1282386779785,Jummerbari,29066614B71885874815418
76,west,2021,2776490.0,2776740.0,2776240.0,760410.0,13760.0,-20.0,23.080000000000002,35.0,0.0,1.8999996,69.0,4.16,0.0,40.0,51.0,11.24,0.04,0.0,320.0,-380.0,0.0,1,0.0,train,246.0,13653.13210105896,1203.1282386779785,Jummerbari,29066614B71885874815418
76,west,2022,2776490.0,2776740.0,2776240.0,760370.0,13820.0,-20.0,24.0,35.0,0.0,1.8999996,71.0,0.0,0.0,20.0,2.0,4.16,11.24,0.04,40.0,320.0,0.0,1,0.0,train,246.0,13653.13210105896,1203.1282386779785,Jummerbari,29066614B71885874815418
76,west,2023,2776490.0,2776740.0,2776240.0,760350.0,13840.0,-40.0,25.48,35.0,0.0,1.8999996,66.0,0.0,0.0,-20.0,-5.0,0.0,4.16,11.24,20.0,40.0,0.0,1,0.0,train,246.0,13653.13210105896,1203.1282386779785,Jummerbari,29066614B71885874815418
76,west,2024,2776490.0,2776740.0,2776240.0,760370.0,13840.0,0.0,25.0,35.0,0.0,1.8999996,71.0,0.0,0.0,0.0,5.0,0.0,0.0,4.16,-20.0,20.0,0.0,1,0.0,train,246.0,13653.13210105896,1203.1282386779785,Jummerbari,29066614B71885874815418
76,west,2025,2776490.0,2776740.0,2776240.0,760370.0,13840.0,-60.0,24.080000000000002,35.0,0.0,1.8999996,16.0,0.0,0.0,0.0,-55.0,0.0,0.0,0.0,0.0,-20.0,0.0,1,0.0,train,246.0,13653.13210105896,1203.1282386779785,Jummerbari,29066614B71885874815418
76,west,2026,2776490.0,2776740.0,2776240.0,760370.0,12880.0,-120.0,23.84,35.0,0.0,1.8999996,24.0,,,,8.0,0.0,0.0,0.0,0.0,0.0,0.0,1,,forecast,246.0,13653.13210105896,1203.1282386779785,Jummerbari,29066614B71885874815418
77,east,2015,2775990.0,2776240.0,2775740.0,774890.0,14480.0,-200.0,5.5200000000000005,46.0,11.0,0.40000153,,1.56,0.0,-20.0,,,,,,,,0,0.0,train,71.0,3441.494881629944,851.1282758712769,Chinadulli,29066614B94077025165254
77,east,2016,2775990.0,2776240.0,2775740.0,774870.0,14580.0,-140.0,5.84,45.0,7.0,0.19999886,52.0,0.48,0.0,20.0,,1.56,,,-20.0,,0.0,0,0.0,train,71.0,3441.494881629944,851.1282758712769,Chinadulli,29066614B94077025165254
77,east,2017,2775990.0,2776240.0,2775740.0,774890.0,14620.0,-160.0,5.0,46.0,7.0,0.40000153,38.0,0.0,0.0,-20.0,-14.0,0.48,1.56,,20.0,-20.0,0.0,0,0.0,train,71.0,3441.494881629944,851.1282758712769,Chinadulli,29066614B94077025165254
77,east,2018,2775990.0,2776240.0,2775740.0,774870.0,14620.0,-80.0,5.16,46.0,7.0,0.40000153,66.0,0.0,0.0,40.0,28.0,0.0,0.48,1.56,-20.0,20.0,0.0,0,0.0,train,71.0,3441.494881629944,851.1282758712769,Chinadulli,29066614B94077025165254
77,east,2019,2775990.0,2776240.0,2775740.0,774910.0,14680.0,-180.0,5.04,46.0,7.0,0.19999886,68.0,0.0,0.0,0.0,2.0,0.0,0.0,0.48,40.0,-20.0,0.0,0,0.0,train,71.0,3441.494881629944,851.1282758712769,Chinadulli,29066614B94077025165254
77,east,2020,2775990.0,2776240.0,2775740.0,774910.0,14240.0,-140.0,6.16,46.0,7.0,0.19999886,62.0,0.0,0.0,-20.0,-6.0,0.0,0.0,0.0,0.0,40.0,0.0,0,0.0,train,71.0,3441.494881629944,851.1282758712769,Chinadulli,29066614B94077025165254
77,east,2021,2775990.0,2776240.0,2775740.0,774890.0,14600.0,-200.0,5.24,45.0,8.0,0.40000153,18.0,0.0,0.0,20.0,-44.0,0.0,0.0,0.0,-20.0,0.0,0.0,0,0.0,train,71.0,3441.494881629944,851.1282758712769,Chinadulli,29066614B94077025165254
77,east,2022,2775990.0,2776240.0,2775740.0,774910.0,14680.0,-200.0,5.64,46.0,8.0,0.40000153,36.0,0.0,0.0,-20.0,18.0,0.0,0.0,0.0,20.0,-20.0,0.0,0,0.0,train,71.0,3441.494881629944,851.1282758712769,Chinadulli,29066614B94077025165254
77,east,2023,2775990.0,2776240.0,2775740.0,774890.0,14660.0,-120.0,5.16,46.0,8.0,0.40000153,40.0,0.0,0.0,20.0,4.0,0.0,0.0,0.0,-20.0,20.0,0.0,0,0.0,train,71.0,3441.494881629944,851.1282758712769,Chinadulli,29066614B94077025165254
77,east,2024,2775990.0,2776240.0,2775740.0,774910.0,14680.0,-180.0,6.44,45.0,7.0,0.19999886,67.0,0.08,0.0,0.0,27.0,0.0,0.0,0.0,20.0,-20.0,0.0,0,0.0,train,71.0,3441.494881629944,851.1282758712769,Chinadulli,29066614B94077025165254
77,east,2025,2775990.0,2776240.0,2775740.0,774910.0,14680.0,-120.0,6.4,45.0,7.0,0.19999886,60.0,0.0,0.0,20.0,-7.0,0.08,0.0,0.0,0.0,20.0,0.0,0,0.0,train,71.0,3441.494881629944,851.1282758712769,Chinadulli,29066614B94077025165254
77,east,2026,2775990.0,2776240.0,2775740.0,774930.0,14700.0,-1120.0,6.68,45.0,7.0,0.19999886,29.0,,,,-31.0,0.0,0.08,0.0,20.0,0.0,0.0,0,,forecast,71.0,3441.494881629944,851.1282758712769,Chinadulli,29066614B94077025165254
77,west,2015,2775990.0,2776240.0,2775740.0,760410.0,14480.0,-120.0,19.12,41.0,0.0,1.8999996,,5.24,0.04,120.0,,,,,,,,1,1.0,train,211.0,11052.326203346252,1128.6039972305298,Jummerbari,29066614B71885874815418
77,west,2016,2775990.0,2776240.0,2775740.0,760290.0,14580.0,-140.0,19.16,39.0,0.0,1.5,44.0,1.68,0.0,20.0,,5.24,,,120.0,,0.04,1,0.0,train,211.0,11052.326203346252,1128.6039972305298,Jummerbari,29066614B71885874815418
77,west,2017,2775990.0,2776240.0,2775740.0,760270.0,14620.0,-140.0,18.76,37.0,0.0,1.7999992,20.0,0.0,0.0,20.0,-24.0,1.68,5.24,,20.0,120.0,0.0,1,0.0,train,211.0,11052.326203346252,1128.6039972305298,Jummerbari,29066614B71885874815418
77,west,2018,2775990.0,2776240.0,2775740.0,760250.0,14620.0,-140.0,18.88,37.0,0.0,1.7999992,14.0,0.0,0.0,0.0,-6.0,0.0,1.68,5.24,20.0,20.0,0.0,1,0.0,train,211.0,11052.326203346252,1128.6039972305298,Jummerbari,29066614B71885874815418
77,west,2019,2775990.0,2776240.0,2775740.0,760250.0,14680.0,-120.0,18.12,37.0,0.0,1.7999992,10.0,0.0,0.0,-420.0,-4.0,0.0,0.0,1.68,0.0,20.0,0.0,1,0.0,train,211.0,11052.326203346252,1128.6039972305298,Jummerbari,29066614B71885874815418
77,west,2020,2775990.0,2776240.0,2775740.0,760670.0,14240.0,200.0,17.56,49.0,32.0,1.5,70.0,16.6,0.0,380.0,60.0,0.0,0.0,0.0,-420.0,0.0,0.0,1,1.0,train,211.0,11052.326203346252,1128.6039972305298,Jummerbari,29066614B71885874815418
77,west,2021,2775990.0,2776240.0,2775740.0,760290.0,14600.0,-180.0,21.36,39.0,0.0,1.8999996,70.0,3.64,0.0,60.0,0.0,16.6,0.0,0.0,380.0,-420.0,0.0,1,0.0,train,211.0,11052.326203346252,1128.6039972305298,Jummerbari,29066614B71885874815418
77,west,2022,2775990.0,2776240.0,2775740.0,760230.0,14680.0,-180.0,18.76,37.0,0.0,1.7999992,43.0,0.0,0.0,0.0,-27.0,3.64,16.6,0.0,60.0,380.0,0.0,1,0.0,train,211.0,11052.326203346252,1128.6039972305298,Jummerbari,29066614B71885874815418
77,west,2023,2775990.0,2776240.0,2775740.0,760230.0,14660.0,-160.0,19.16,37.0,0.0,1.7999992,66.0,0.0,0.0,0.0,23.0,0.0,3.64,16.6,0.0,60.0,0.0,1,0.0,train,211.0,11052.326203346252,1128.6039972305298,Jummerbari,29066614B71885874815418
77,west,2024,2775990.0,2776240.0,2775740.0,760230.0,14680.0,-180.0,21.68,37.0,0.0,1.7999992,70.0,0.0,0.0,-20.0,4.0,0.0,0.0,3.64,0.0,0.0,0.0,1,0.0,train,211.0,11052.326203346252,1128.6039972305298,Jummerbari,29066614B71885874815418
77,west,2025,2775990.0,2776240.0,2775740.0,760250.0,14680.0,-140.0,20.400000000000002,37.0,0.0,1.7999992,20.0,0.0,0.0,0.0,-50.0,0.0,0.0,0.0,-20.0,0.0,0.0,1,0.0,train,211.0,11052.326203346252,1128.6039972305298,Jummerbari,29066614B71885874815418
77,west,2026,2775990.0,2776240.0,2775740.0,760250.0,14700.0,-140.0,21.28,37.0,0.0,1.7999992,9.0,,,,-11.0,0.0,0.0,0.0,0.0,-20.0,0.0,1,,forecast,211.0,11052.326203346252,1128.6039972305298,Jummerbari,29066614B71885874815418
78,east,2015,2775490.0,2775740.0,2775240.0,775490.0,15080.0,-260.0,14.72,43.0,6.0,0.0,,5.88,0.0,-20.0,,,,,,,,0,1.0,train,160.0,11368.677124977112,992.2382106781006,Chinadulli,29066614B94077025165254
78,east,2016,2775490.0,2775740.0,2775240.0,775470.0,15140.0,-260.0,14.16,44.0,3.0,0.39999962,33.0,0.0,0.0,0.0,,5.88,,,-20.0,,0.0,0,0.0,train,160.0,11368.677124977112,992.2382106781006,Chinadulli,29066614B94077025165254
78,east,2017,2775490.0,2775740.0,2775240.0,775470.0,15160.0,-240.0,13.56,44.0,3.0,0.39999962,39.0,0.0,0.0,20.0,6.0,0.0,5.88,,0.0,-20.0,0.0,0,0.0,train,160.0,11368.677124977112,992.2382106781006,Chinadulli,29066614B94077025165254
78,east,2018,2775490.0,2775740.0,2775240.0,775490.0,15200.0,-340.0,14.6,44.0,3.0,0.39999962,38.0,0.0,0.0,-20.0,-1.0,0.0,0.0,5.88,20.0,0.0,0.0,0,0.0,train,160.0,11368.677124977112,992.2382106781006,Chinadulli,29066614B94077025165254
78,east,2019,2775490.0,2775740.0,2775240.0,775470.0,15200.0,-200.0,14.200000000000001,44.0,3.0,0.39999962,67.0,0.0,0.0,20.0,29.0,0.0,0.0,0.0,-20.0,20.0,0.0,0,0.0,train,160.0,11368.677124977112,992.2382106781006,Chinadulli,29066614B94077025165254
78,east,2020,2775490.0,2775740.0,2775240.0,775490.0,15080.0,-260.0,14.24,44.0,3.0,0.39999962,31.0,0.0,0.0,-80.0,-36.0,0.0,0.0,0.0,20.0,-20.0,0.0,0,0.0,train,160.0,11368.677124977112,992.2382106781006,Chinadulli,29066614B94077025165254
78,east,2021,2775490.0,2775740.0,2775240.0,775410.0,15060.0,-120.0,14.96,44.0,4.0,0.39999962,31.0,1.08,0.0,20.0,0.0,0.0,0.0,0.0,-80.0,20.0,0.0,0,0.0,train,160.0,11368.677124977112,992.2382106781006,Chinadulli,29066614B94077025165254
78,east,2022,2775490.0,2775740.0,2775240.0,775430.0,15160.0,-160.0,13.76,44.0,4.0,0.39999962,19.0,0.0,0.0,40.0,-12.0,1.08,0.0,0.0,20.0,-80.0,0.0,0,0.0,train,160.0,11368.677124977112,992.2382106781006,Chinadulli,29066614B94077025165254
78,east,2023,2775490.0,2775740.0,2775240.0,775470.0,15200.0,-240.0,13.8,44.0,3.0,0.39999962,34.0,0.0,0.0,-40.0,15.0,0.0,1.08,0.0,40.0,20.0,0.0,0,0.0,train,160.0,11368.677124977112,992.2382106781006,Chinadulli,29066614B94077025165254
78,east,2024,2775490.0,2775740.0,2775240.0,775430.0,15160.0,-140.0,15.040000000000001,44.0,4.0,0.39999962,60.0,2.04,0.0,60.0,26.0,0.0,0.0,1.08,-40.0,40.0,0.0,0,0.0,train,160.0,11368.677124977112,992.2382106781006,Chinadulli,29066614B94077025165254
78,east,2025,2775490.0,2775740.0,2775240.0,775490.0,15220.0,-280.0,14.120000000000001,44.0,3.0,0.39999962,63.0,0.0,0.0,0.0,3.0,2.04,0.0,0.0,60.0,-40.0,0.0,0,0.0,train,160.0,11368.677124977112,992.2382106781006,Chinadulli,29066614B94077025165254
78,east,2026,2775490.0,2775740.0,2775240.0,775490.0,15220.0,-260.0,14.92,44.0,3.0,0.39999962,26.0,,,,-37.0,0.0,2.04,0.0,0.0,60.0,0.0,0,,forecast,160.0,11368.677124977112,992.2382106781006,Chinadulli,29066614B94077025165254
78,west,2015,2775490.0,2775740.0,2775240.0,760410.0,15080.0,-80.0,13.16,47.0,0.0,1.7000008,,3.88,0.36,80.0,,,,,,,,1,0.0,train,238.0,12712.046125411987,1101.8723058700562,Jummerbari,29066614B71885874815418
78,west,2016,2775490.0,2775740.0,2775240.0,760330.0,15140.0,-40.0,13.84,45.0,0.0,1.8000011,45.0,1.32,0.0,20.0,,3.88,,,80.0,,0.36,1,0.0,train,238.0,12712.046125411987,1101.8723058700562,Jummerbari,29066614B71885874815418
78,west,2017,2775490.0,2775740.0,2775240.0,760310.0,15160.0,-40.0,14.72,45.0,0.0,1.8000011,49.0,1.12,0.0,20.0,4.0,1.32,3.88,,20.0,80.0,0.0,1,0.0,train,238.0,12712.046125411987,1101.8723058700562,Jummerbari,29066614B71885874815418
78,west,2018,2775490.0,2775740.0,2775240.0,760290.0,15200.0,0.0,15.92,45.0,0.0,1.8999996,29.0,0.0,0.0,20.0,-20.0,1.12,1.32,3.88,20.0,20.0,0.0,1,0.0,train,238.0,12712.046125411987,1101.8723058700562,Jummerbari,29066614B71885874815418
78,west,2019,2775490.0,2775740.0,2775240.0,760270.0,15200.0,-60.0,15.68,45.0,0.0,1.8999996,56.0,0.0,0.0,-140.0,27.0,0.0,1.12,1.32,20.0,20.0,0.0,1,0.0,train,238.0,12712.046125411987,1101.8723058700562,Jummerbari,29066614B71885874815418
78,west,2020,2775490.0,2775740.0,2775240.0,760410.0,15080.0,-200.0,16.84,45.0,0.0,1.7000008,70.0,3.84,0.0,60.0,14.0,0.0,0.0,1.12,-140.0,20.0,0.0,1,0.0,train,238.0,12712.046125411987,1101.8723058700562,Jummerbari,29066614B71885874815418
78,west,2021,2775490.0,2775740.0,2775240.0,760350.0,15060.0,0.0,17.36,45.0,0.0,1.8000011,67.0,3.96,0.0,80.0,-3.0,3.84,0.0,0.0,60.0,-140.0,0.0,1,0.0,train,238.0,12712.046125411987,1101.8723058700562,Jummerbari,29066614B71885874815418
78,west,2022,2775490.0,2775740.0,2775240.0,760270.0,15160.0,-20.0,17.2,45.0,0.0,1.8999996,68.0,0.0,0.0,0.0,1.0,3.96,3.84,0.0,80.0,60.0,0.0,1,0.0,train,238.0,12712.046125411987,1101.8723058700562,Jummerbari,29066614B71885874815418
78,west,2023,2775490.0,2775740.0,2775240.0,760270.0,15200.0,0.0,16.36,44.0,0.0,1.8999996,65.0,0.0,0.0,0.0,-3.0,0.0,3.96,3.84,0.0,80.0,0.0,1,0.0,train,238.0,12712.046125411987,1101.8723058700562,Jummerbari,29066614B71885874815418
78,west,2024,2775490.0,2775740.0,2775240.0,760270.0,15160.0,-20.0,16.92,45.0,0.0,1.8999996,38.0,0.0,0.0,0.0,-27.0,0.0,0.0,3.96,0.0,0.0,0.0,1,0.0,train,238.0,12712.046125411987,1101.8723058700562,Jummerbari,29066614B71885874815418
78,west,2025,2775490.0,2775740.0,2775240.0,760270.0,15220.0,-20.0,15.92,45.0,0.0,1.8999996,11.0,0.0,0.0,0.0,-27.0,0.0,0.0,0.0,0.0,0.0,0.0,1,0.0,train,238.0,12712.046125411987,1101.8723058700562,Jummerbari,29066614B71885874815418
78,west,2026,2775490.0,2775740.0,2775240.0,760270.0,15220.0,-40.0,16.0,45.0,0.0,1.8999996,29.0,,,,18.0,0.0,0.0,0.0,0.0,0.0,0.0,1,,forecast,238.0,12712.046125411987,1101.8723058700562,Jummerbari,29066614B71885874815418
79,east,2015,2774990.0,2775240.0,2774740.0,775830.0,15340.0,-260.0,5.24,38.0,4.0,0.9000015,,0.0,0.0,-20.0,,,,,,,,0,0.0,train,159.0,7857.899964332581,954.0554766654968,Chinadulli,29066614B94077025165254
79,east,2016,2774990.0,2775240.0,2774740.0,775810.0,15400.0,-240.0,5.0,38.0,4.0,0.9000015,20.0,0.0,0.0,0.0,,0.0,,,-20.0,,0.0,0,0.0,train,159.0,7857.899964332581,954.0554766654968,Chinadulli,29066614B94077025165254
79,east,2017,2774990.0,2775240.0,2774740.0,775810.0,15420.0,-240.0,5.72,38.0,4.0,0.9000015,13.0,0.0,0.0,-40.0,-7.0,0.0,0.0,,0.0,-20.0,0.0,0,0.0,train,159.0,7857.899964332581,954.0554766654968,Chinadulli,29066614B94077025165254
79,east,2018,2774990.0,2775240.0,2774740.0,775770.0,15420.0,-140.0,5.88,39.0,4.0,0.8999996,21.0,1.32,0.0,60.0,8.0,0.0,0.0,0.0,-40.0,0.0,0.0,0,0.0,train,159.0,7857.899964332581,954.0554766654968,Chinadulli,29066614B94077025165254
79,east,2019,2774990.0,2775240.0,2774740.0,775830.0,15480.0,-260.0,6.0,38.0,4.0,0.9000015,34.0,0.0,0.0,-20.0,13.0,1.32,0.0,0.0,60.0,-40.0,0.0,0,0.0,train,159.0,7857.899964332581,954.0554766654968,Chinadulli,29066614B94077025165254
79,east,2020,2774990.0,2775240.0,2774740.0,775810.0,15460.0,-200.0,7.24,39.0,4.0,0.9000015,49.0,0.0,0.0,0.0,15.0,0.0,1.32,0.0,-20.0,60.0,0.0,0,0.0,train,159.0,7857.899964332581,954.0554766654968,Chinadulli,29066614B94077025165254
79,east,2021,2774990.0,2775240.0,2774740.0,775810.0,15400.0,-300.0,7.24,39.0,4.0,0.9000015,31.0,0.04,0.0,-20.0,-18.0,0.0,0.0,1.32,0.0,-20.0,0.0,0,0.0,train,159.0,7857.899964332581,954.0554766654968,Chinadulli,29066614B94077025165254
79,east,2022,2774990.0,2775240.0,2774740.0,775790.0,15460.0,-260.0,8.040000000000001,37.0,4.0,0.9000015,18.0,0.8,0.0,20.0,-13.0,0.04,0.0,0.0,-20.0,0.0,0.0,0,0.0,train,159.0,7857.899964332581,954.0554766654968,Chinadulli,29066614B94077025165254
79,east,2023,2774990.0,2775240.0,2774740.0,775810.0,15500.0,-240.0,8.56,39.0,4.0,0.9000015,40.0,0.0,0.0,0.0,22.0,0.8,0.04,0.0,20.0,-20.0,0.0,0,0.0,train,159.0,7857.899964332581,954.0554766654968,Chinadulli,29066614B94077025165254
79,east,2024,2774990.0,2775240.0,2774740.0,775810.0,15480.0,-280.0,9.68,39.0,4.0,0.9000015,26.0,0.0,0.0,-20.0,-14.0,0.0,0.8,0.04,0.0,20.0,0.0,0,0.0,train,159.0,7857.899964332581,954.0554766654968,Chinadulli,29066614B94077025165254
79,east,2025,2774990.0,2775240.0,2774740.0,775790.0,15480.0,-180.0,8.64,39.0,4.0,0.9000015,43.0,0.0,0.0,0.0,17.0,0.0,0.0,0.8,-20.0,0.0,0.0,0,0.0,train,159.0,7857.899964332581,954.0554766654968,Chinadulli,29066614B94077025165254
79,east,2026,2774990.0,2775240.0,2774740.0,775790.0,15460.0,-160.0,8.8,38.0,4.0,0.9000015,26.0,,,,-17.0,0.0,0.0,0.0,0.0,-20.0,0.0,0,,forecast,159.0,7857.899964332581,954.0554766654968,Chinadulli,29066614B94077025165254
79,west,2015,2774990.0,2775240.0,2774740.0,760490.0,15340.0,-40.0,16.32,45.0,0.0,2.3999996,,4.2,0.0,80.0,,,,,,,,1,0.0,train,258.0,13096.639598846436,1111.4233417510986,Haldia,29066614B17903459871177
79,west,2016,2774990.0,2775240.0,2774740.0,760410.0,15400.0,-20.0,16.16,45.0,0.0,2.0,33.0,1.6,0.0,20.0,,4.2,,,80.0,,0.0,1,0.0,train,258.0,13096.639598846436,1111.4233417510986,Haldia,29066614B17903459871177
79,west,2017,2774990.0,2775240.0,2774740.0,760390.0,15420.0,0.0,15.84,44.0,0.0,2.0,33.0,2.12,0.0,60.0,0.0,1.6,4.2,,20.0,80.0,0.0,1,0.0,train,258.0,13096.639598846436,1111.4233417510986,Haldia,29066614B17903459871177
79,west,2018,2774990.0,2775240.0,2774740.0,760330.0,15420.0,-80.0,17.92,44.0,0.0,2.0,70.0,0.0,0.0,-20.0,37.0,2.12,1.6,4.2,60.0,20.0,0.0,1,0.0,train,258.0,13096.639598846436,1111.4233417510986,Haldia,29066614B17903459871177
79,west,2019,2774990.0,2775240.0,2774740.0,760350.0,15480.0,-20.0,17.240000000000002,44.0,0.0,2.0,50.0,0.0,0.0,0.0,-20.0,0.0,2.12,1.6,-20.0,60.0,0.0,1,0.0,train,258.0,13096.639598846436,1111.4233417510986,Haldia,29066614B17903459871177
79,west,2020,2774990.0,2775240.0,2774740.0,760350.0,15460.0,-160.0,18.12,44.0,0.0,2.0,70.0,0.0,0.0,-60.0,20.0,0.0,0.0,2.12,0.0,-20.0,0.0,1,0.0,train,258.0,13096.639598846436,1111.4233417510986,Haldia,29066614B17903459871177
79,west,2021,2774990.0,2775240.0,2774740.0,760410.0,15400.0,0.0,18.76,45.0,0.0,2.0,66.0,4.4,0.0,80.0,-4.0,0.0,0.0,0.0,-60.0,0.0,0.0,1,0.0,train,258.0,13096.639598846436,1111.4233417510986,Haldia,29066614B17903459871177
79,west,2022,2774990.0,2775240.0,2774740.0,760330.0,15460.0,-60.0,18.6,44.0,0.0,2.0,71.0,0.0,0.0,20.0,5.0,4.4,0.0,0.0,80.0,-60.0,0.0,1,0.0,train,258.0,13096.639598846436,1111.4233417510986,Haldia,29066614B17903459871177
79,west,2023,2774990.0,2775240.0,2774740.0,760310.0,15500.0,-80.0,17.76,44.0,0.0,2.0,65.0,0.0,0.0,-20.0,-6.0,0.0,4.4,0.0,20.0,80.0,0.0,1,0.0,train,258.0,13096.639598846436,1111.4233417510986,Haldia,29066614B17903459871177
79,west,2024,2774990.0,2775240.0,2774740.0,760330.0,15480.0,-60.0,18.16,44.0,0.0,2.0,39.0,0.0,0.0,20.0,-26.0,0.0,0.0,4.4,-20.0,20.0,0.0,1,0.0,train,258.0,13096.639598846436,1111.4233417510986,Haldia,29066614B17903459871177
79,west,2025,2774990.0,2775240.0,2774740.0,760310.0,15480.0,-80.0,16.44,44.0,0.0,2.0,14.0,0.0,0.0,-20.0,-25.0,0.0,0.0,0.0,20.0,-20.0,0.0,1,0.0,train,258.0,13096.639598846436,1111.4233417510986,Haldia,29066614B17903459871177
79,west,2026,2774990.0,2775240.0,2774740.0,760330.0,15460.0,-40.0,16.36,44.0,0.0,2.0,70.0,,,,56.0,0.0,0.0,0.0,-20.0,20.0,0.0,1,,forecast,258.0,13096.639598846436,1111.4233417510986,Haldia,29066614B17903459871177
80,east,2015,2774490.0,2774740.0,2774240.0,775910.0,15300.0,-180.0,5.44,32.0,5.0,0.70000076,,0.0,0.0,0.0,,,,,,,,0,0.0,train,120.0,5885.614996910095,873.0047087669373,Chinadulli,29066614B94077025165254
80,east,2016,2774490.0,2774740.0,2774240.0,775910.0,15420.0,-180.0,4.92,32.0,5.0,0.70000076,8.0,0.0,0.0,0.0,,0.0,,,0.0,,0.0,0,0.0,train,120.0,5885.614996910095,873.0047087669373,Chinadulli,29066614B94077025165254
80,east,2017,2774490.0,2774740.0,2774240.0,775910.0,15440.0,-200.0,5.08,31.0,5.0,0.70000076,8.0,0.0,0.0,0.0,0.0,0.0,0.0,,0.0,0.0,0.0,0,0.0,train,120.0,5885.614996910095,873.0047087669373,Chinadulli,29066614B94077025165254
80,east,2018,2774490.0,2774740.0,2774240.0,775910.0,15460.0,-240.0,5.12,31.0,5.0,0.70000076,15.0,0.0,0.0,20.0,7.0,0.0,0.0,0.0,0.0,0.0,0.0,0,0.0,train,120.0,5885.614996910095,873.0047087669373,Chinadulli,29066614B94077025165254
80,east,2019,2774490.0,2774740.0,2774240.0,775930.0,15480.0,-200.0,5.08,32.0,5.0,0.70000076,12.0,0.0,0.0,0.0,-3.0,0.0,0.0,0.0,20.0,0.0,0.0,0,0.0,train,120.0,5885.614996910095,873.0047087669373,Chinadulli,29066614B94077025165254
80,east,2020,2774490.0,2774740.0,2774240.0,775930.0,15480.0,-220.0,5.32,32.0,5.0,0.70000076,11.0,0.0,0.0,-20.0,-1.0,0.0,0.0,0.0,0.0,20.0,0.0,0,0.0,train,120.0,5885.614996910095,873.0047087669373,Chinadulli,29066614B94077025165254
80,east,2021,2774490.0,2774740.0,2774240.0,775910.0,15440.0,-180.0,4.84,31.0,5.0,0.70000076,10.0,0.0,0.0,-20.0,-1.0,0.0,0.0,0.0,-20.0,0.0,0.0,0,0.0,train,120.0,5885.614996910095,873.0047087669373,Chinadulli,29066614B94077025165254
80,east,2022,2774490.0,2774740.0,2774240.0,775890.0,15440.0,-140.0,6.36,31.0,5.0,0.70000076,17.0,1.04,0.0,20.0,7.0,0.0,0.0,0.0,-20.0,-20.0,0.0,0,0.0,train,120.0,5885.614996910095,873.0047087669373,Chinadulli,29066614B94077025165254
80,east,2023,2774490.0,2774740.0,2774240.0,775910.0,15480.0,-160.0,6.92,32.0,5.0,0.70000076,30.0,0.0,0.0,0.0,13.0,1.04,0.0,0.0,20.0,-20.0,0.0,0,0.0,train,120.0,5885.614996910095,873.0047087669373,Chinadulli,29066614B94077025165254
80,east,2024,2774490.0,2774740.0,2774240.0,775910.0,15460.0,-180.0,7.88,31.0,5.0,0.70000076,14.0,0.0,0.0,0.0,-16.0,0.0,1.04,0.0,0.0,20.0,0.0,0,0.0,train,120.0,5885.614996910095,873.0047087669373,Chinadulli,29066614B94077025165254
80,east,2025,2774490.0,2774740.0,2774240.0,775910.0,15480.0,-180.0,6.84,31.0,5.0,0.70000076,14.0,0.0,0.0,20.0,0.0,0.0,0.0,1.04,0.0,0.0,0.0,0,0.0,train,120.0,5885.614996910095,873.0047087669373,Chinadulli,29066614B94077025165254
80,east,2026,2774490.0,2774740.0,2774240.0,775930.0,15480.0,-200.0,6.4,32.0,5.0,0.70000076,33.0,,,,19.0,0.0,0.0,0.0,20.0,0.0,0.0,0,,forecast,120.0,5885.614996910095,873.0047087669373,Chinadulli,29066614B94077025165254
80,west,2015,2774490.0,2774740.0,2774240.0,760610.0,15300.0,60.0,14.76,44.0,0.0,2.2999992,,5.16,1.44,100.0,,,,,,,,1,1.0,train,155.0,9310.570678710938,1006.0310306549072,Jummerbari,29066614B71885874815418
80,west,2016,2774490.0,2774740.0,2774240.0,760510.0,15420.0,20.0,12.96,43.0,0.0,1.7999992,24.0,1.72,0.12,40.0,,5.16,,,100.0,,1.44,1,0.0,train,155.0,9310.570678710938,1006.0310306549072,Jummerbari,29066614B71885874815418
80,west,2017,2774490.0,2774740.0,2774240.0,760470.0,15440.0,0.0,12.92,43.0,0.0,1.6999989,13.0,1.12,0.0,20.0,-11.0,1.72,5.16,,40.0,100.0,0.12,1,0.0,train,155.0,9310.570678710938,1006.0310306549072,Jummerbari,29066614B71885874815418
80,west,2018,2774490.0,2774740.0,2774240.0,760450.0,15460.0,100.0,13.44,42.0,0.0,1.6999989,23.0,0.08,0.0,0.0,10.0,1.12,1.72,5.16,20.0,40.0,0.0,1,0.0,train,155.0,9310.570678710938,1006.0310306549072,Jummerbari,29066614B71885874815418
80,west,2019,2774490.0,2774740.0,2774240.0,760450.0,15480.0,120.0,12.48,42.0,0.0,1.6999989,62.0,0.0,0.0,0.0,39.0,0.08,1.12,1.72,0.0,20.0,0.0,1,0.0,train,155.0,9310.570678710938,1006.0310306549072,Jummerbari,29066614B71885874815418
80,west,2020,2774490.0,2774740.0,2774240.0,760450.0,15480.0,140.0,13.88,43.0,0.0,1.6999989,70.0,0.0,0.0,-20.0,8.0,0.0,0.08,1.12,0.0,0.0,0.0,1,0.0,train,155.0,9310.570678710938,1006.0310306549072,Jummerbari,29066614B71885874815418
80,west,2021,2774490.0,2774740.0,2774240.0,760470.0,15440.0,140.0,12.84,42.0,0.0,1.6999989,43.0,0.88,0.0,20.0,-27.0,0.0,0.0,0.08,-20.0,0.0,0.0,1,0.0,train,155.0,9310.570678710938,1006.0310306549072,Jummerbari,29066614B71885874815418
80,west,2022,2774490.0,2774740.0,2774240.0,760450.0,15440.0,140.0,12.88,43.0,0.0,1.6999989,69.0,0.0,0.0,20.0,26.0,0.88,0.0,0.0,20.0,-20.0,0.0,1,0.0,train,155.0,9310.570678710938,1006.0310306549072,Jummerbari,29066614B71885874815418
80,west,2023,2774490.0,2774740.0,2774240.0,760430.0,15480.0,160.0,13.84,41.0,0.0,1.6999989,65.0,0.0,0.0,-20.0,-4.0,0.0,0.88,0.0,20.0,20.0,0.0,1,0.0,train,155.0,9310.570678710938,1006.0310306549072,Jummerbari,29066614B71885874815418
80,west,2024,2774490.0,2774740.0,2774240.0,760450.0,15460.0,140.0,13.36,43.0,0.0,1.6999989,71.0,0.64,0.0,20.0,6.0,0.0,0.0,0.88,-20.0,20.0,0.0,1,0.0,train,155.0,9310.570678710938,1006.0310306549072,Jummerbari,29066614B71885874815418
80,west,2025,2774490.0,2774740.0,2774240.0,760430.0,15480.0,160.0,12.96,41.0,0.0,1.6999989,71.0,0.0,0.0,0.0,0.0,0.64,0.0,0.0,20.0,-20.0,0.0,1,0.0,train,155.0,9310.570678710938,1006.0310306549072,Jummerbari,29066614B71885874815418
80,west,2026,2774490.0,2774740.0,2774240.0,760430.0,15480.0,140.0,13.72,41.0,0.0,1.6999989,70.0,,,,-1.0,0.0,0.64,0.0,0.0,20.0,0.0,1,,forecast,155.0,9310.570678710938,1006.0310306549072,Jummerbari,29066614B71885874815418
81,east,2015,2773990.0,2774240.0,2773740.0,775810.0,15140.0,-180.0,8.08,33.0,3.0,0.70000076,,0.0,0.0,20.0,,,,,,,,0,0.0,train,120.0,6507.793688774109,942.1854267120361,Chinadulli,29066614B94077025165254
81,east,2016,2773990.0,2774240.0,2773740.0,775830.0,15240.0,-200.0,8.0,33.0,3.0,0.70000076,13.0,0.0,0.0,-20.0,,0.0,,,20.0,,0.0,0,0.0,train,120.0,6507.793688774109,942.1854267120361,Chinadulli,29066614B94077025165254
81,east,2017,2773990.0,2774240.0,2773740.0,775810.0,15260.0,-160.0,7.5600000000000005,33.0,3.0,0.70000076,70.0,0.0,0.0,0.0,57.0,0.0,0.0,,-20.0,20.0,0.0,0,0.0,train,120.0,6507.793688774109,942.1854267120361,Chinadulli,29066614B94077025165254
81,east,2018,2773990.0,2774240.0,2773740.0,775810.0,15340.0,-180.0,8.08,33.0,3.0,0.70000076,11.0,1.04,0.0,20.0,-59.0,0.0,0.0,0.0,0.0,-20.0,0.0,0,0.0,train,120.0,6507.793688774109,942.1854267120361,Chinadulli,29066614B94077025165254
81,east,2019,2773990.0,2774240.0,2773740.0,775830.0,15400.0,-180.0,7.88,33.0,3.0,0.70000076,14.0,0.0,0.0,0.0,3.0,1.04,0.0,0.0,20.0,0.0,0.0,0,0.0,train,120.0,6507.793688774109,942.1854267120361,Chinadulli,29066614B94077025165254
81,east,2020,2773990.0,2774240.0,2773740.0,775830.0,15420.0,-180.0,8.120000000000001,33.0,3.0,0.70000076,12.0,0.0,0.0,0.0,-2.0,0.0,1.04,0.0,0.0,20.0,0.0,0,0.0,train,120.0,6507.793688774109,942.1854267120361,Chinadulli,29066614B94077025165254
81,east,2021,2773990.0,2774240.0,2773740.0,775830.0,15440.0,-200.0,7.44,33.0,3.0,0.70000076,16.0,0.0,0.0,20.0,4.0,0.0,0.0,1.04,0.0,0.0,0.0,0,0.0,train,120.0,6507.793688774109,942.1854267120361,Chinadulli,29066614B94077025165254
81,east,2022,2773990.0,2774240.0,2773740.0,775850.0,15420.0,-260.0,7.04,33.0,3.0,0.70000076,26.0,0.0,0.0,0.0,10.0,0.0,0.0,0.0,20.0,0.0,0.0,0,0.0,train,120.0,6507.793688774109,942.1854267120361,Chinadulli,29066614B94077025165254
81,east,2023,2773990.0,2774240.0,2773740.0,775850.0,15460.0,-240.0,7.28,33.0,3.0,0.70000076,32.0,0.0,0.0,-20.0,6.0,0.0,0.0,0.0,0.0,20.0,0.0,0,0.0,train,120.0,6507.793688774109,942.1854267120361,Chinadulli,29066614B94077025165254
81,east,2024,2773990.0,2774240.0,2773740.0,775830.0,15400.0,-200.0,8.28,33.0,3.0,0.70000076,43.0,1.44,0.0,20.0,11.0,0.0,0.0,0.0,-20.0,0.0,0.0,0,0.0,train,120.0,6507.793688774109,942.1854267120361,Chinadulli,29066614B94077025165254
81,east,2025,2773990.0,2774240.0,2773740.0,775850.0,15460.0,-260.0,7.4,33.0,3.0,0.70000076,16.0,0.0,0.0,20.0,-27.0,1.44,0.0,0.0,20.0,-20.0,0.0,0,0.0,train,120.0,6507.793688774109,942.1854267120361,Chinadulli,29066614B94077025165254
81,east,2026,2773990.0,2774240.0,2773740.0,775870.0,15480.0,-260.0,8.32,34.0,3.0,0.5999985,14.0,,,,-2.0,0.0,1.44,0.0,20.0,20.0,0.0,0,,forecast,120.0,6507.793688774109,942.1854267120361,Chinadulli,29066614B94077025165254
81,west,2015,2773990.0,2774240.0,2773740.0,760670.0,15140.0,-100.0,11.200000000000001,43.0,10.0,1.5,,4.4,0.56,80.0,,,,,,,,1,0.0,train,188.0,12638.23369026184,1030.5343894958496,Jummerbari,29066614B71885874815418
81,west,2016,2773990.0,2774240.0,2773740.0,760590.0,15240.0,-40.0,12.56,43.0,5.0,1.5,45.0,1.8,0.08,40.0,,4.4,,,80.0,,0.56,1,0.0,train,188.0,12638.23369026184,1030.5343894958496,Jummerbari,29066614B71885874815418
81,west,2017,2773990.0,2774240.0,2773740.0,760550.0,15260.0,-80.0,12.16,43.0,5.0,1.3000011,18.0,3.84,0.52,80.0,-27.0,1.8,4.4,,40.0,80.0,0.08,1,0.0,train,188.0,12638.23369026184,1030.5343894958496,Jummerbari,29066614B71885874815418
81,west,2018,2773990.0,2774240.0,2773740.0,760470.0,15340.0,-100.0,13.040000000000001,43.0,5.0,1.3000011,60.0,2.8000000000000003,0.24,40.0,42.0,3.84,1.8,4.4,80.0,40.0,0.52,1,0.0,train,188.0,12638.23369026184,1030.5343894958496,Jummerbari,29066614B71885874815418
81,west,2019,2773990.0,2774240.0,2773740.0,760430.0,15400.0,-40.0,13.24,42.0,4.0,1.3000011,72.0,0.56,0.0,20.0,12.0,2.8000000000000003,3.84,1.8,40.0,80.0,0.24,1,0.0,train,188.0,12638.23369026184,1030.5343894958496,Jummerbari,29066614B71885874815418
81,west,2020,2773990.0,2774240.0,2773740.0,760410.0,15420.0,-80.0,13.24,40.0,4.0,0.9000015,71.0,0.0,0.0,20.0,-1.0,0.56,2.8000000000000003,3.84,20.0,40.0,0.0,1,0.0,train,188.0,12638.23369026184,1030.5343894958496,Jummerbari,29066614B71885874815418
81,west,2021,2773990.0,2774240.0,2773740.0,760390.0,15440.0,-120.0,13.08,40.0,4.0,1.3000011,13.0,0.0,0.0,-40.0,-58.0,0.0,0.56,2.8000000000000003,20.0,20.0,0.0,1,0.0,train,188.0,12638.23369026184,1030.5343894958496,Jummerbari,29066614B71885874815418
81,west,2022,2773990.0,2774240.0,2773740.0,760430.0,15420.0,-20.0,12.36,42.0,4.0,1.3000011,70.0,2.4,0.0,40.0,57.0,0.0,0.0,0.56,-40.0,20.0,0.0,1,0.0,train,188.0,12638.23369026184,1030.5343894958496,Jummerbari,29066614B71885874815418
81,west,2023,2773990.0,2774240.0,2773740.0,760390.0,15460.0,-40.0,13.52,38.0,4.0,0.9000015,61.0,0.0,0.0,-40.0,-9.0,2.4,0.0,0.0,40.0,-40.0,0.0,1,0.0,train,188.0,12638.23369026184,1030.5343894958496,Jummerbari,29066614B71885874815418
81,west,2024,2773990.0,2774240.0,2773740.0,760430.0,15400.0,0.0,14.120000000000001,42.0,4.0,1.3000011,71.0,2.08,0.0,40.0,10.0,0.0,2.4,0.0,-40.0,40.0,0.0,1,0.0,train,188.0,12638.23369026184,1030.5343894958496,Jummerbari,29066614B71885874815418
81,west,2025,2773990.0,2774240.0,2773740.0,760390.0,15460.0,-40.0,12.92,38.0,4.0,0.9000015,29.0,0.0,0.0,0.0,-42.0,2.08,0.0,2.4,40.0,-40.0,0.0,1,0.0,train,188.0,12638.23369026184,1030.5343894958496,Jummerbari,29066614B71885874815418
81,west,2026,2773990.0,2774240.0,2773740.0,760390.0,15480.0,-40.0,13.36,38.0,4.0,0.9000015,68.0,,,,39.0,0.0,2.08,0.0,0.0,40.0,0.0,1,,forecast,188.0,12638.23369026184,1030.5343894958496,Jummerbari,29066614B71885874815418
82,east,2015,2773490.0,2773740.0,2773240.0,775530.0,14700.0,20.0,14.64,41.0,0.0,0.29999924,,0.0,0.0,20.0,,,,,,,,0,0.0,train,203.0,11324.535387039185,970.461672782898,Chinadulli,29066614B94077025165254
82,east,2016,2773490.0,2773740.0,2773240.0,775550.0,14840.0,20.0,14.32,42.0,0.0,0.29999924,32.0,0.0,0.0,0.0,,0.0,,,20.0,,0.0,0,0.0,train,203.0,11324.535387039185,970.461672782898,Chinadulli,29066614B94077025165254
82,east,2017,2773490.0,2773740.0,2773240.0,775550.0,14840.0,0.0,13.32,42.0,0.0,0.29999924,61.0,0.0,0.0,-20.0,29.0,0.0,0.0,,0.0,20.0,0.0,0,0.0,train,203.0,11324.535387039185,970.461672782898,Chinadulli,29066614B94077025165254
82,east,2018,2773490.0,2773740.0,2773240.0,775530.0,14940.0,40.0,15.84,41.0,0.0,0.29999924,68.0,0.16,0.0,20.0,7.0,0.0,0.0,0.0,-20.0,0.0,0.0,0,0.0,train,203.0,11324.535387039185,970.461672782898,Chinadulli,29066614B94077025165254
82,east,2019,2773490.0,2773740.0,2773240.0,775550.0,15100.0,20.0,15.36,42.0,0.0,0.29999924,64.0,0.0,0.0,0.0,-4.0,0.16,0.0,0.0,20.0,-20.0,0.0,0,0.0,train,203.0,11324.535387039185,970.461672782898,Chinadulli,29066614B94077025165254
82,east,2020,2773490.0,2773740.0,2773240.0,775550.0,15100.0,0.0,15.36,42.0,0.0,0.29999924,27.0,0.0,0.0,0.0,-37.0,0.0,0.16,0.0,0.0,20.0,0.0,0,0.0,train,203.0,11324.535387039185,970.461672782898,Chinadulli,29066614B94077025165254
82,east,2021,2773490.0,2773740.0,2773240.0,775550.0,15120.0,20.0,16.04,42.0,0.0,0.29999924,14.0,0.0,0.0,0.0,-13.0,0.0,0.0,0.16,0.0,0.0,0.0,0,0.0,train,203.0,11324.535387039185,970.461672782898,Chinadulli,29066614B94077025165254
82,east,2022,2773490.0,2773740.0,2773240.0,775550.0,15120.0,-7760.0,16.32,41.0,0.0,0.29999924,11.0,0.0,0.0,0.0,-3.0,0.0,0.0,0.0,0.0,0.0,0.0,0,0.0,train,203.0,11324.535387039185,970.461672782898,Chinadulli,29066614B94077025165254
82,east,2023,2773490.0,2773740.0,2773240.0,775550.0,15160.0,40.0,17.52,41.0,0.0,0.29999924,22.0,0.0,0.0,0.0,11.0,0.0,0.0,0.0,0.0,0.0,0.0,0,0.0,train,203.0,11324.535387039185,970.461672782898,Chinadulli,29066614B94077025165254
82,east,2024,2773490.0,2773740.0,2773240.0,775550.0,15160.0,-3940.0,16.04,41.0,0.0,0.39999962,12.0,0.24,0.0,-20.0,-10.0,0.0,0.0,0.0,0.0,0.0,0.0,0,0.0,train,203.0,11324.535387039185,970.461672782898,Chinadulli,29066614B94077025165254
82,east,2025,2773490.0,2773740.0,2773240.0,775530.0,15140.0,-3860.0,18.96,42.0,0.0,0.29999924,53.0,0.24,0.0,20.0,41.0,0.24,0.0,0.0,-20.0,0.0,0.0,0,0.0,train,203.0,11324.535387039185,970.461672782898,Chinadulli,29066614B94077025165254
82,east,2026,2773490.0,2773740.0,2773240.0,775550.0,15160.0,40.0,18.8,42.0,0.0,0.29999924,26.0,,,,-27.0,0.24,0.24,0.0,20.0,-20.0,0.0,0,,forecast,203.0,11324.535387039185,970.461672782898,Chinadulli,29066614B94077025165254
82,west,2015,2773490.0,2773740.0,2773240.0,760830.0,14700.0,-120.0,11.76,43.0,18.0,0.80000114,,6.0,0.0,120.0,,,,,,,,1,1.0,train,218.0,14072.312141418457,1040.3913040161133,Jummerbari,29066614B71885874815418
82,west,2016,2773490.0,2773740.0,2773240.0,760710.0,14840.0,200.0,12.44,49.0,14.0,1.0,50.0,1.12,0.0,0.0,,6.0,,,120.0,,0.0,1,0.0,train,218.0,14072.312141418457,1040.3913040161133,Jummerbari,29066614B71885874815418
82,west,2017,2773490.0,2773740.0,2773240.0,760710.0,14840.0,140.0,13.52,49.0,7.0,1.0,28.0,5.72,0.44,120.0,-22.0,1.12,6.0,,0.0,120.0,0.0,1,1.0,train,218.0,14072.312141418457,1040.3913040161133,Jummerbari,29066614B71885874815418
82,west,2018,2773490.0,2773740.0,2773240.0,760590.0,14940.0,100.0,16.76,49.0,0.0,1.8000011,71.0,6.28,1.68,140.0,43.0,5.72,1.12,6.0,120.0,0.0,0.44,1,1.0,train,218.0,14072.312141418457,1040.3913040161133,Jummerbari,29066614B71885874815418
82,west,2019,2773490.0,2773740.0,2773240.0,760450.0,15100.0,-40.0,20.48,35.0,0.0,1.7000008,72.0,1.04,0.0,0.0,1.0,6.28,5.72,1.12,140.0,120.0,1.68,1,0.0,train,218.0,14072.312141418457,1040.3913040161133,Jummerbari,29066614B71885874815418
82,west,2020,2773490.0,2773740.0,2773240.0,760450.0,15100.0,20.0,21.92,26.0,0.0,1.6000004,57.0,1.12,0.08,20.0,-15.0,1.04,6.28,5.72,0.0,140.0,0.0,1,0.0,train,218.0,14072.312141418457,1040.3913040161133,Jummerbari,29066614B71885874815418
82,west,2021,2773490.0,2773740.0,2773240.0,760430.0,15120.0,60.0,22.240000000000002,29.0,0.0,1.7000008,18.0,0.08,0.0,0.0,-39.0,1.12,1.04,6.28,20.0,0.0,0.08,1,0.0,train,218.0,14072.312141418457,1040.3913040161133,Jummerbari,29066614B71885874815418
82,west,2022,2773490.0,2773740.0,2773240.0,760430.0,15120.0,0.0,22.0,23.0,0.0,1.7000008,71.0,2.24,0.0,40.0,53.0,0.08,1.12,1.04,0.0,20.0,0.0,1,0.0,train,218.0,14072.312141418457,1040.3913040161133,Jummerbari,29066614B71885874815418
82,west,2023,2773490.0,2773740.0,2773240.0,760390.0,15160.0,-20.0,23.12,22.0,0.0,1.6000004,48.0,0.0,0.0,-20.0,-23.0,2.24,0.08,1.12,40.0,0.0,0.0,1,0.0,train,218.0,14072.312141418457,1040.3913040161133,Jummerbari,29066614B71885874815418
82,west,2024,2773490.0,2773740.0,2773240.0,760410.0,15160.0,-40.0,24.92,22.0,0.0,1.7000008,71.0,0.52,0.0,20.0,23.0,0.0,2.24,0.08,-20.0,40.0,0.0,1,0.0,train,218.0,14072.312141418457,1040.3913040161133,Jummerbari,29066614B71885874815418
82,west,2025,2773490.0,2773740.0,2773240.0,760390.0,15140.0,-40.0,25.96,22.0,0.0,1.6000004,70.0,0.0,0.0,0.0,-1.0,0.52,0.0,2.24,20.0,-20.0,0.0,1,0.0,train,218.0,14072.312141418457,1040.3913040161133,Jummerbari,29066614B71885874815418
82,west,2026,2773490.0,2773740.0,2773240.0,760390.0,15160.0,-40.0,25.0,22.0,0.0,1.6000004,70.0,,,,0.0,0.0,0.52,0.0,0.0,20.0,0.0,1,,forecast,218.0,14072.312141418457,1040.3913040161133,Jummerbari,29066614B71885874815418
83,east,2015,2772990.0,2773240.0,2772740.0,775270.0,14160.0,40.0,15.16,54.0,0.0,0.6000004,,0.0,0.0,20.0,,,,,,,,0,0.0,train,185.0,10794.52278470993,926.8567447662354,Chinadulli,29066614B94077025165254
83,east,2016,2772990.0,2773240.0,2772740.0,775290.0,14640.0,40.0,16.36,54.0,0.0,0.69999886,61.0,0.0,0.0,0.0,,0.0,,,20.0,,0.0,0,0.0,train,185.0,10794.52278470993,926.8567447662354,Chinadulli,29066614B94077025165254
83,east,2017,2772990.0,2773240.0,2772740.0,775290.0,14600.0,-60.0,15.120000000000001,54.0,0.0,0.69999886,72.0,0.0,0.0,0.0,11.0,0.0,0.0,,0.0,20.0,0.0,0,0.0,train,185.0,10794.52278470993,926.8567447662354,Chinadulli,29066614B94077025165254
83,east,2018,2772990.0,2773240.0,2772740.0,775290.0,14680.0,40.0,17.2,54.0,0.0,0.69999886,47.0,0.0,0.0,0.0,-25.0,0.0,0.0,0.0,0.0,0.0,0.0,0,0.0,train,185.0,10794.52278470993,926.8567447662354,Chinadulli,29066614B94077025165254
83,east,2019,2772990.0,2773240.0,2772740.0,775290.0,14780.0,60.0,16.52,54.0,0.0,0.69999886,49.0,0.0,0.0,-20.0,2.0,0.0,0.0,0.0,0.0,0.0,0.0,0,0.0,train,185.0,10794.52278470993,926.8567447662354,Chinadulli,29066614B94077025165254
83,east,2020,2772990.0,2773240.0,2772740.0,775270.0,14800.0,100.0,16.84,54.0,0.0,0.6000004,62.0,0.0,0.0,20.0,13.0,0.0,0.0,0.0,-20.0,0.0,0.0,0,0.0,train,185.0,10794.52278470993,926.8567447662354,Chinadulli,29066614B94077025165254
83,east,2021,2772990.0,2773240.0,2772740.0,775290.0,14880.0,60.0,17.12,54.0,0.0,0.69999886,17.0,0.0,0.0,,-45.0,0.0,0.0,0.0,20.0,-20.0,0.0,0,0.0,train,185.0,10794.52278470993,926.8567447662354,Chinadulli,29066614B94077025165254
83,east,2022,2772990.0,2773240.0,2772740.0,767490.0,7060.0,8120.0,11.32,48.0,17.0,6.2,18.0,2.56,0.6,,1.0,0.0,0.0,0.0,,20.0,0.0,0,0.0,train,185.0,10794.52278470993,926.8567447662354,Chinadulli,29066614B94077025165254
83,east,2023,2772990.0,2773240.0,2772740.0,775290.0,14880.0,60.0,17.28,54.0,0.0,0.69999886,58.0,0.0,0.0,,40.0,2.56,0.0,0.0,,,0.6,0,0.0,train,185.0,10794.52278470993,926.8567447662354,Chinadulli,29066614B94077025165254
83,east,2024,2772990.0,2773240.0,2772740.0,771330.0,10900.0,3900.0,5.2,28.0,35.0,3.8000011,8.0,1.8,0.0,20.0,-50.0,0.0,2.56,0.0,,,0.0,0,0.0,train,185.0,10794.52278470993,926.8567447662354,Chinadulli,29066614B94077025165254
83,east,2025,2772990.0,2773240.0,2772740.0,771350.0,10920.0,3940.0,9.72,28.0,35.0,3.3999996,13.0,0.28,0.0,,5.0,1.8,0.0,2.56,20.0,,0.0,0,0.0,train,185.0,10794.52278470993,926.8567447662354,Chinadulli,29066614B94077025165254
83,east,2026,2772990.0,2773240.0,2772740.0,775270.0,14840.0,100.0,19.04,54.0,0.0,0.69999886,42.0,,,,29.0,0.28,1.8,0.0,,20.0,0.0,0,,forecast,185.0,10794.52278470993,926.8567447662354,Chinadulli,29066614B94077025165254
83,west,2015,2772990.0,2773240.0,2772740.0,761110.0,14160.0,-480.0,6.24,32.0,46.0,2.0,,14.88,0.0,480.0,,,,,,,,1,1.0,train,111.0,6103.102701187134,1088.8454194068909,Jummerbari,29066614B71885874815418
83,west,2016,2772990.0,2773240.0,2772740.0,760630.0,14640.0,120.0,11.96,49.0,0.0,1.3000011,16.0,2.08,0.0,-100.0,,14.88,,,480.0,,0.0,1,0.0,train,111.0,6103.102701187134,1088.8454194068909,Jummerbari,29066614B71885874815418
83,west,2017,2772990.0,2773240.0,2772740.0,760730.0,14600.0,360.0,11.92,50.0,9.0,1.3000011,73.0,5.16,0.0,120.0,57.0,2.08,14.88,,-100.0,480.0,0.0,1,1.0,train,111.0,6103.102701187134,1088.8454194068909,Jummerbari,29066614B71885874815418
83,west,2018,2772990.0,2773240.0,2772740.0,760610.0,14680.0,140.0,12.120000000000001,50.0,0.0,1.3000011,70.0,4.84,0.44,100.0,-3.0,5.16,2.08,14.88,120.0,-100.0,0.0,1,0.0,train,111.0,6103.102701187134,1088.8454194068909,Jummerbari,29066614B71885874815418
83,west,2019,2772990.0,2773240.0,2772740.0,760510.0,14780.0,100.0,11.72,50.0,0.0,1.0,72.0,2.84,0.0,40.0,2.0,4.84,5.16,2.08,100.0,120.0,0.44,1,0.0,train,111.0,6103.102701187134,1088.8454194068909,Jummerbari,29066614B71885874815418
83,west,2020,2772990.0,2773240.0,2772740.0,760470.0,14800.0,60.0,12.16,40.0,0.0,1.0,37.0,2.32,0.16,60.0,-35.0,2.84,4.84,5.16,40.0,100.0,0.0,1,0.0,train,111.0,6103.102701187134,1088.8454194068909,Jummerbari,29066614B71885874815418
83,west,2021,2772990.0,2773240.0,2772740.0,760410.0,14880.0,0.0,12.08,35.0,0.0,1.0,32.0,0.0,0.0,-20.0,-5.0,2.32,2.84,4.84,60.0,40.0,0.16,1,0.0,train,111.0,6103.102701187134,1088.8454194068909,Jummerbari,29066614B71885874815418
83,west,2022,2772990.0,2773240.0,2772740.0,760430.0,7060.0,40.0,12.16,35.0,0.0,1.0,69.0,0.04,0.0,20.0,37.0,0.0,2.32,2.84,-20.0,60.0,0.0,1,0.0,train,111.0,6103.102701187134,1088.8454194068909,Jummerbari,29066614B71885874815418
83,west,2023,2772990.0,2773240.0,2772740.0,760410.0,14880.0,0.0,11.120000000000001,35.0,0.0,1.0,63.0,0.0,0.0,-20.0,-6.0,0.04,0.0,2.32,20.0,-20.0,0.0,1,0.0,train,111.0,6103.102701187134,1088.8454194068909,Jummerbari,29066614B71885874815418
83,west,2024,2772990.0,2773240.0,2772740.0,760430.0,10900.0,80.0,11.16,35.0,0.0,1.0,66.0,0.0,0.0,0.0,3.0,0.0,0.04,0.0,-20.0,20.0,0.0,1,0.0,train,111.0,6103.102701187134,1088.8454194068909,Jummerbari,29066614B71885874815418
83,west,2025,2772990.0,2773240.0,2772740.0,760430.0,10920.0,40.0,10.68,35.0,0.0,1.0,72.0,0.0,0.0,0.0,6.0,0.0,0.0,0.04,0.0,-20.0,0.0,1,0.0,train,111.0,6103.102701187134,1088.8454194068909,Jummerbari,29066614B71885874815418
83,west,2026,2772990.0,2773240.0,2772740.0,760430.0,14840.0,60.0,11.52,35.0,0.0,1.0,70.0,,,,-2.0,0.0,0.0,0.0,0.0,0.0,0.0,1,,forecast,111.0,6103.102701187134,1088.8454194068909,Jummerbari,29066614B71885874815418
84,east,2015,2772490.0,2772740.0,2772240.0,775050.0,13180.0,-280.0,17.48,65.0,0.0,1.5999985,,0.08,0.0,20.0,,,,,,,,0,0.0,train,207.0,12643.275458335876,937.653311252594,Chinadulli,29066614B94077025165254
84,east,2016,2772490.0,2772740.0,2772240.0,775070.0,14640.0,210.0,19.88,65.0,0.0,1.5999985,54.0,0.0,0.0,-100.0,,0.08,,,20.0,,0.0,0,0.0,train,207.0,12643.275458335876,937.653311252594,Chinadulli,29066614B94077025165254
84,east,2017,2772490.0,2772740.0,2772240.0,774970.0,14600.0,320.0,19.68,65.0,0.0,1.5,72.0,2.84,0.0,120.0,18.0,0.0,0.08,,-100.0,20.0,0.0,0,0.0,train,207.0,12643.275458335876,937.653311252594,Chinadulli,29066614B94077025165254
84,east,2018,2772490.0,2772740.0,2772240.0,775090.0,14660.0,80.0,22.92,65.0,0.0,1.5999985,56.0,0.0,0.0,0.0,-16.0,2.84,0.0,0.08,120.0,-100.0,0.0,0,0.0,train,207.0,12643.275458335876,937.653311252594,Chinadulli,29066614B94077025165254
84,east,2019,2772490.0,2772740.0,2772240.0,775090.0,14660.0,60.0,21.8,65.0,0.0,1.5999985,68.0,0.0,0.0,0.0,12.0,0.0,2.84,0.0,0.0,120.0,0.0,0,0.0,train,207.0,12643.275458335876,937.653311252594,Chinadulli,29066614B94077025165254
84,east,2020,2772490.0,2772740.0,2772240.0,775090.0,14660.0,60.0,22.36,65.0,0.0,1.5999985,52.0,0.0,0.0,0.0,-16.0,0.0,0.0,2.84,0.0,0.0,0.0,0,0.0,train,207.0,12643.275458335876,937.653311252594,Chinadulli,29066614B94077025165254
84,east,2021,2772490.0,2772740.0,2772240.0,775090.0,14700.0,60.0,22.76,65.0,0.0,1.5999985,13.0,0.0,0.0,,-39.0,0.0,0.0,0.0,0.0,0.0,0.0,0,0.0,train,207.0,12643.275458335876,937.653311252594,Chinadulli,29066614B94077025165254
84,east,2022,2772490.0,2772740.0,2772240.0,767550.0,7160.0,80.0,7.84,45.0,17.0,2.3000011,31.0,5.5200000000000005,0.0,,18.0,0.0,0.0,0.0,,0.0,0.0,0,1.0,train,207.0,12643.275458335876,937.653311252594,Chinadulli,29066614B94077025165254
84,east,2023,2772490.0,2772740.0,2772240.0,775090.0,14660.0,20.0,21.12,65.0,0.0,1.5999985,48.0,0.2,0.0,,17.0,5.5200000000000005,0.0,0.0,,,0.0,0,0.0,train,207.0,12643.275458335876,937.653311252594,Chinadulli,29066614B94077025165254
84,east,2024,2772490.0,2772740.0,2772240.0,771010.0,10640.0,-950.0,3.72,29.0,34.0,3.7000008,22.0,5.28,0.0,100.0,-26.0,0.2,5.5200000000000005,0.0,,,0.0,0,1.0,train,207.0,12643.275458335876,937.653311252594,Chinadulli,29066614B94077025165254
84,east,2025,2772490.0,2772740.0,2772240.0,771110.0,10680.0,-790.0,5.16,32.0,33.0,4.7,14.0,0.0,0.0,,-8.0,5.28,0.2,5.5200000000000005,100.0,,0.0,0,0.0,train,207.0,12643.275458335876,937.653311252594,Chinadulli,29066614B94077025165254
84,east,2026,2772490.0,2772740.0,2772240.0,775090.0,14680.0,40.0,23.8,65.0,0.0,1.5999985,33.0,,,,19.0,0.0,5.28,0.2,,100.0,0.0,0,,forecast,207.0,12643.275458335876,937.653311252594,Chinadulli,29066614B94077025165254
84,west,2015,2772490.0,2772740.0,2772240.0,761870.0,13180.0,300.0,2.0,51.0,25.0,3.7000008,,36.72,0.0,,,,,,,,,1,1.0,train,215.0,14724.085006713867,1018.7494192123413,Jummerbari,29066614B71885874815418
84,west,2016,2772490.0,2772740.0,2772240.0,760430.0,14640.0,-180.0,14.88,45.0,0.0,3.8000002,7.0,0.8,0.0,40.0,,36.72,,,,,0.0,1,0.0,train,215.0,14724.085006713867,1018.7494192123413,Jummerbari,29066614B71885874815418
84,west,2017,2772490.0,2772740.0,2772240.0,760390.0,14600.0,-300.0,14.0,45.0,0.0,3.8000002,7.0,0.72,0.0,-100.0,0.0,0.8,36.72,,40.0,,0.0,1,0.0,train,215.0,14724.085006713867,1018.7494192123413,Jummerbari,29066614B71885874815418
84,west,2018,2772490.0,2772740.0,2772240.0,760490.0,14660.0,60.0,14.84,45.0,0.0,3.8000002,20.0,0.16,0.0,20.0,13.0,0.72,0.8,36.72,-100.0,40.0,0.0,1,0.0,train,215.0,14724.085006713867,1018.7494192123413,Jummerbari,29066614B71885874815418
84,west,2019,2772490.0,2772740.0,2772240.0,760470.0,14660.0,120.0,14.36,45.0,0.0,3.8000002,72.0,2.0,0.0,40.0,52.0,0.16,0.72,0.8,20.0,-100.0,0.0,1,0.0,train,215.0,14724.085006713867,1018.7494192123413,Jummerbari,29066614B71885874815418
84,west,2020,2772490.0,2772740.0,2772240.0,760430.0,14660.0,120.0,16.52,45.0,0.0,1.7999992,68.0,2.2,0.0,40.0,-4.0,2.0,0.16,0.72,40.0,20.0,0.0,1,0.0,train,215.0,14724.085006713867,1018.7494192123413,Jummerbari,29066614B71885874815418
84,west,2021,2772490.0,2772740.0,2772240.0,760390.0,14700.0,120.0,17.080000000000002,44.0,0.0,1.0,71.0,0.0,0.0,0.0,3.0,2.2,2.0,0.16,40.0,40.0,0.0,1,0.0,train,215.0,14724.085006713867,1018.7494192123413,Jummerbari,29066614B71885874815418
84,west,2022,2772490.0,2772740.0,2772240.0,760390.0,7160.0,70.0,17.44,44.0,0.0,1.7999992,15.0,0.0,0.0,-40.0,-56.0,0.0,2.2,2.0,0.0,40.0,0.0,1,0.0,train,215.0,14724.085006713867,1018.7494192123413,Jummerbari,29066614B71885874815418
84,west,2023,2772490.0,2772740.0,2772240.0,760430.0,14660.0,180.0,17.400000000000002,45.0,0.0,1.5,66.0,3.2800000000000002,0.0,60.0,51.0,0.0,0.0,2.2,-40.0,0.0,0.0,1,0.0,train,215.0,14724.085006713867,1018.7494192123413,Jummerbari,29066614B71885874815418
84,west,2024,2772490.0,2772740.0,2772240.0,760370.0,10640.0,20.0,18.76,44.0,0.0,1.0,23.0,0.0,0.0,-60.0,-43.0,3.2800000000000002,0.0,0.0,60.0,-40.0,0.0,1,0.0,train,215.0,14724.085006713867,1018.7494192123413,Jummerbari,29066614B71885874815418
84,west,2025,2772490.0,2772740.0,2772240.0,760430.0,10680.0,170.0,17.2,45.0,0.0,1.5,72.0,0.8,0.0,20.0,49.0,0.0,3.2800000000000002,0.0,-60.0,60.0,0.0,1,0.0,train,215.0,14724.085006713867,1018.7494192123413,Jummerbari,29066614B71885874815418
84,west,2026,2772490.0,2772740.0,2772240.0,760410.0,14680.0,110.0,16.56,45.0,0.0,1.5,71.0,,,,-1.0,0.8,0.0,3.2800000000000002,20.0,-60.0,0.0,1,,forecast,215.0,14724.085006713867,1018.7494192123413,Jummerbari,29066614B71885874815418
85,east,2015,2771990.0,2772240.0,2771740.0,774550.0,12220.0,,16.68,50.0,55.5,1.7999992,,9.84,0.0,510.0,,,,,,,,0,1.0,train,87.0,5050.258487701416,954.443733215332,Noarpara,29066614B64623654773445
85,east,2016,2771990.0,2772240.0,2771740.0,775060.0,14650.0,,20.32,57.0,0.0,0.79999924,15.5,0.0,0.0,-90.0,,9.84,,,510.0,,0.0,0,0.0,train,87.0,5050.258487701416,954.443733215332,Noarpara,29066614B64623654773445
85,east,2017,2771990.0,2772240.0,2771740.0,774970.0,14610.0,,17.64,56.0,0.0,0.79999924,13.0,1.72,0.0,0.0,-2.5,0.0,9.84,,-90.0,510.0,0.0,0,0.0,train,87.0,5050.258487701416,954.443733215332,Noarpara,29066614B64623654773445
85,east,2018,2771990.0,2772240.0,2771740.0,774970.0,14660.0,,22.2,55.0,0.0,0.70000076,68.0,1.52,0.0,-20.0,55.0,1.72,0.0,9.84,0.0,-90.0,0.0,0,0.0,train,87.0,5050.258487701416,954.443733215332,Noarpara,29066614B64623654773445
85,east,2019,2771990.0,2772240.0,2771740.0,774950.0,14640.0,,21.48,57.0,0.0,0.79999924,71.0,0.88,0.0,20.0,3.0,1.52,1.72,0.0,-20.0,0.0,0.0,0,0.0,train,87.0,5050.258487701416,954.443733215332,Noarpara,29066614B64623654773445
85,east,2020,2771990.0,2772240.0,2771740.0,774970.0,14660.0,,23.28,57.0,0.0,0.79999924,61.0,0.0,0.0,-20.0,-10.0,0.88,1.52,1.72,20.0,-20.0,0.0,0,0.0,train,87.0,5050.258487701416,954.443733215332,Noarpara,29066614B64623654773445
85,east,2021,2771990.0,2772240.0,2771740.0,774950.0,14700.0,,22.2,57.0,0.0,0.70000076,58.0,0.0,0.0,,-3.0,0.0,0.88,1.52,-20.0,20.0,0.0,0,0.0,train,87.0,5050.258487701416,954.443733215332,Noarpara,29066614B64623654773445
85,east,2022,2771990.0,2772240.0,2771740.0,767690.0,7410.0,,3.68,31.0,17.5,2.1999998,71.0,0.64,0.0,,13.0,0.0,0.0,0.88,,-20.0,0.0,0,0.0,train,87.0,5050.258487701416,954.443733215332,Noarpara,29066614B64623654773445
85,east,2023,2771990.0,2772240.0,2771740.0,774910.0,14610.0,,21.52,55.0,0.0,0.70000076,50.0,1.16,0.0,,-21.0,0.64,0.0,0.0,,,0.0,0,0.0,train,87.0,5050.258487701416,954.443733215332,Noarpara,29066614B64623654773445
85,east,2024,2771990.0,2772240.0,2771740.0,769740.0,9450.0,,3.0,18.5,20.0,1.3999996,8.0,11.76,0.0,340.0,-42.0,1.16,0.64,0.0,,,0.0,0,1.0,train,87.0,5050.258487701416,954.443733215332,Noarpara,29066614B64623654773445
85,east,2025,2771990.0,2772240.0,2771740.0,770080.0,9810.0,,4.04,20.0,25.0,2.0,9.0,5.44,0.04,,1.0,11.76,1.16,0.64,340.0,,0.0,0,1.0,train,87.0,5050.258487701416,954.443733215332,Noarpara,29066614B64623654773445
85,east,2026,2771990.0,2772240.0,2771740.0,774950.0,14640.0,,24.560000000000002,56.5,0.0,0.70000076,44.0,,,,35.0,5.44,11.76,1.16,,340.0,0.04,0,,forecast,87.0,5050.258487701416,954.443733215332,Noarpara,29066614B64623654773445
85,west,2015,2771990.0,2772240.0,2771740.0,762330.0,12220.0,,0.36,52.5,38.0,4.8,,23.56,0.0,,,,,,,,,1,1.0,train,84.0,5315.982412338257,899.2145595550537,Jummerbari,29066614B71885874815418
85,west,2016,2771990.0,2772240.0,2771740.0,760410.0,14650.0,,8.2,30.5,0.0,3.3000002,8.5,2.56,0.0,60.0,,23.56,,,,,0.0,1,0.0,train,84.0,5315.982412338257,899.2145595550537,Jummerbari,29066614B71885874815418
85,west,2017,2771990.0,2772240.0,2771740.0,760350.0,14610.0,,7.76,30.5,0.0,3.3000002,8.0,3.3200000000000003,0.0,40.0,-0.5,2.56,23.56,,60.0,,0.0,1,0.0,train,84.0,5315.982412338257,899.2145595550537,Jummerbari,29066614B71885874815418
85,west,2018,2771990.0,2772240.0,2771740.0,760310.0,14660.0,,9.24,30.0,0.0,3.3000002,8.0,0.0,0.0,0.0,0.0,3.3200000000000003,2.56,23.56,40.0,60.0,0.0,1,0.0,train,84.0,5315.982412338257,899.2145595550537,Jummerbari,29066614B71885874815418
85,west,2019,2771990.0,2772240.0,2771740.0,760310.0,14640.0,,8.72,30.0,0.0,3.3000002,8.0,1.84,0.0,40.0,0.0,0.0,3.3200000000000003,2.56,0.0,40.0,0.0,1,0.0,train,84.0,5315.982412338257,899.2145595550537,Jummerbari,29066614B71885874815418
85,west,2020,2771990.0,2772240.0,2771740.0,760270.0,14660.0,,10.0,30.5,0.0,3.3000002,42.0,2.2800000000000002,0.0,20.0,34.0,1.84,0.0,3.3200000000000003,40.0,0.0,0.0,1,0.0,train,84.0,5315.982412338257,899.2145595550537,Jummerbari,29066614B71885874815418
85,west,2021,2771990.0,2772240.0,2771740.0,760250.0,14700.0,,10.56,30.0,0.0,3.0999994,62.5,0.0,0.0,-30.0,20.5,2.2800000000000002,1.84,0.0,20.0,40.0,0.0,1,0.0,train,84.0,5315.982412338257,899.2145595550537,Jummerbari,29066614B71885874815418
85,west,2022,2771990.0,2772240.0,2771740.0,760280.0,7410.0,,10.68,30.0,0.0,3.3000002,16.0,1.36,0.0,10.0,-46.5,0.0,2.2800000000000002,1.84,-30.0,20.0,0.0,1,0.0,train,84.0,5315.982412338257,899.2145595550537,Jummerbari,29066614B71885874815418
85,west,2023,2771990.0,2772240.0,2771740.0,760270.0,14610.0,,10.44,30.0,0.0,3.1999998,23.5,1.16,0.0,-20.0,7.5,1.36,0.0,2.2800000000000002,10.0,-30.0,0.0,1,0.0,train,84.0,5315.982412338257,899.2145595550537,Jummerbari,29066614B71885874815418
85,west,2024,2771990.0,2772240.0,2771740.0,760290.0,9450.0,,9.96,30.5,0.0,3.3000002,56.5,1.2,0.0,30.0,33.0,1.16,1.36,0.0,-20.0,10.0,0.0,1,0.0,train,84.0,5315.982412338257,899.2145595550537,Jummerbari,29066614B71885874815418
85,west,2025,2771990.0,2772240.0,2771740.0,760260.0,9810.0,,8.48,30.5,0.0,3.3000002,38.0,3.36,0.0,-20.0,-18.5,1.2,1.16,1.36,30.0,-20.0,0.0,1,0.0,train,84.0,5315.982412338257,899.2145595550537,Jummerbari,29066614B71885874815418
85,west,2026,2771990.0,2772240.0,2771740.0,760280.0,14640.0,,8.72,30.5,0.0,3.3000002,69.5,,,,31.5,3.36,1.2,1.16,-20.0,30.0,0.0,1,,forecast,84.0,5315.982412338257,899.2145595550537,Jummerbari,29066614B71885874815418
