{"type":"FeatureCollection","features":[{"type":"Feature","properties":{"key":"aona","region":"sirajganj","unionId":"29066614B63909941428675","name":"Aona","score":0.528,"level":"Medium","rankRegion":35,"regionCount":57,"maxScore":0.54,"meanScore":0.51,"sections":2,"highSections":0,"population":1111,"buildings":0},"geometry":{"type":"Polygon","coordinates":[[[89.87414,24.67289],[89.8669,24.66429],[89.86545,24.66148],[89.86561,24.65872],[89.86611,24.65719],[89.86926,24.65286],[89.8697,24.65191],[89.86974,24.65058],[89.86881,24.64901],[89.86407,24.6465],[89.86206,24.64628],[89.86027,24.64571],[89.85654,24.64552],[89.85438,24.64596],[89.85176,24.64613],[89.85009,24.64654],[89.84742,24.64646],[89.84538,24.64608],[89.84383,24.64551],[89.8423,24.64438],[89.84207,24.64315],[89.84355,24.6409],[89.84434,24.63921],[89.84517,24.63877],[89.84729,24.63826],[89.84775,24.63796],[89.84788,24.63704],[89.84718,24.63558],[89.84693,24.63386],[89.84614,24.63357],[89.8446,24.6339],[89.84366,24.63353],[89.84281,24.63262],[89.84255,24.63156],[89.84366,24.62996],[89.8441,24.62848],[89.84462,24.62761],[89.84569,24.62641],[89.84639,24.62575],[89.8512,24.62305],[89.85251,24.62204],[89.85331,24.61998],[89.85202,24.61848],[89.85153,24.61844],[89.85079,24.61875],[89.84883,24.62021],[89.84657,24.62125],[89.8423,24.62389],[89.84076,24.62592],[89.8368,24.62964],[89.83361,24.63123],[89.83389,24.63391],[89.83269,24.63523],[89.83168,24.63569],[89.82709,24.63679],[89.82649,24.63655],[89.8257,24.63576],[89.8255,24.63524],[89.82489,24.6352],[89.82354,24.63606],[89.82303,24.63731],[89.82225,24.63804],[89.82044,24.63754],[89.81988,24.63698],[89.82006,24.6367],[89.81986,24.63616],[89.81934,24.63587],[89.81812,24.63625],[89.81711,24.63626],[89.81337,24.63555],[89.81317,24.6356],[89.81351,24.63586],[89.81493,24.63626],[89.81519,24.63653],[89.81516,24.63691],[89.8147,24.63701],[89.81315,24.63654],[89.81231,24.63661],[89.81201,24.637],[89.8109,24.63734],[89.8073,24.63704],[89.80545,24.63645],[89.80482,24.63586],[89.80436,24.63473],[89.80488,24.63407],[89.80469,24.63333],[89.8025,24.63323],[89.80209,24.63263],[89.8008,24.63225],[89.79797,24.633],[89.79733,24.63294],[89.79454,24.63119],[89.79208,24.62927],[89.79236,24.62479],[89.79133,24.62362],[89.79016,24.62367],[89.78868,24.62404],[89.78503,24.62581],[89.78435,24.62825],[89.78364,24.63383],[89.78329,24.64065],[89.78347,24.64417],[89.78459,24.65162],[89.78503,24.65619],[89.78494,24.65853],[89.7855,24.66255],[89.78511,24.66523],[89.78328,24.6689],[89.78342,24.66951],[89.79012,24.67166],[89.79065,24.67167],[89.79222,24.66926],[89.79418,24.66733],[89.79519,24.66714],[89.79581,24.66755],[89.7961,24.66836],[89.79683,24.66852],[89.79764,24.66782],[89.79758,24.66716],[89.79819,24.66711],[89.79865,24.66636],[89.79967,24.66602],[89.80015,24.6647],[89.8018,24.66408],[89.80328,24.664],[89.80819,24.66505],[89.81005,24.66635],[89.8112,24.66674],[89.81322,24.66853],[89.81537,24.67148],[89.81597,24.67163],[89.81663,24.67137],[89.81698,24.67047],[89.81747,24.66997],[89.82039,24.66934],[89.8216,24.66895],[89.82216,24.66852],[89.82436,24.66846],[89.82562,24.66912],[89.82654,24.66888],[89.82792,24.66886],[89.82912,24.6693],[89.82955,24.6679],[89.83023,24.66783],[89.83077,24.66751],[89.83134,24.6648],[89.83214,24.66437],[89.8332,24.66521],[89.83667,24.66569],[89.8386,24.66627],[89.84023,24.66823],[89.84251,24.66944],[89.84443,24.67165],[89.84567,24.67185],[89.84682,24.67292],[89.84762,24.67323],[89.85386,24.6733],[89.85386,24.66862],[89.85605,24.66795],[89.85869,24.66793],[89.86013,24.67352],[89.86189,24.67517],[89.86192,24.67615],[89.86348,24.67911],[89.86458,24.67841],[89.86589,24.67808],[89.87103,24.67856],[89.8721,24.67747],[89.87364,24.67706],[89.876,24.6755],[89.87414,24.67289]]]}},{"type":"Feature","properties":{"key":"arjuna","region":"sirajganj","unionId":"29066614B47866869946726","name":"Arjuna","score":0.512,"level":"Medium","rankRegion":42,"regionCount":57,"maxScore":0.553,"meanScore":0.451,"sections":7,"highSections":0,"population":6694,"buildings":238},"geometry":{"type":"Polygon","coordinates":[[[89.82281,24.57539],[89.82303,24.57518],[89.82327,24.5754],[89.82367,24.57536],[89.82379,24.57494],[89.82514,24.57394],[89.82591,24.57364],[89.83078,24.57377],[89.83166,24.57089],[89.83251,24.5707],[89.83269,24.57107],[89.83476,24.57182],[89.83754,24.57054],[89.84081,24.57056],[89.84133,24.57033],[89.84202,24.56947],[89.84164,24.56718],[89.84217,24.56433],[89.84208,24.56264],[89.84303,24.56079],[89.84298,24.56059],[89.84262,24.56061],[89.84143,24.56122],[89.84089,24.56076],[89.84081,24.5601],[89.84094,24.55944],[89.84214,24.55819],[89.83973,24.55774],[89.83676,24.55602],[89.83509,24.55319],[89.83466,24.55314],[89.83459,24.55251],[89.83374,24.55189],[89.83228,24.55167],[89.82994,24.5521],[89.82856,24.55183],[89.82704,24.55045],[89.82678,24.54894],[89.82706,24.54822],[89.82963,24.54964],[89.83019,24.54971],[89.83071,24.54915],[89.8309,24.54749],[89.83071,24.54702],[89.83073,24.54462],[89.83162,24.54112],[89.83232,24.53378],[89.83323,24.5318],[89.83468,24.52956],[89.83675,24.52857],[89.84247,24.52707],[89.84457,24.52666],[89.84751,24.52662],[89.85138,24.5261],[89.85535,24.52516],[89.85541,24.525],[89.8557,24.52221],[89.85545,24.51979],[89.85476,24.51691],[89.85294,24.51294],[89.8517,24.51366],[89.85058,24.51397],[89.85045,24.51444],[89.85082,24.51601],[89.85033,24.51599],[89.84987,24.51546],[89.8485,24.5157],[89.84733,24.51547],[89.84677,24.51496],[89.8468,24.5135],[89.84592,24.51332],[89.84557,24.51157],[89.84559,24.5108],[89.84674,24.50976],[89.84679,24.50937],[89.84651,24.50919],[89.84512,24.50917],[89.84333,24.50857],[89.84295,24.5082],[89.84291,24.50798],[89.84398,24.5068],[89.84533,24.50287],[89.84623,24.50286],[89.84717,24.50229],[89.84868,24.50226],[89.85047,24.50173],[89.85186,24.50086],[89.85448,24.49869],[89.85629,24.49779],[89.85683,24.49783],[89.85692,24.49754],[89.85698,24.49703],[89.85333,24.49824],[89.85184,24.4982],[89.8508,24.49885],[89.85024,24.49887],[89.85008,24.49818],[89.85145,24.49654],[89.84998,24.49559],[89.8496,24.49462],[89.85038,24.494],[89.85059,24.49242],[89.85148,24.49237],[89.85164,24.49058],[89.84753,24.48972],[89.84717,24.48942],[89.84708,24.48868],[89.8467,24.48836],[89.84634,24.48836],[89.84553,24.489],[89.84265,24.48927],[89.8398,24.48924],[89.83997,24.48998],[89.83954,24.49193],[89.83759,24.49829],[89.83554,24.49854],[89.83518,24.50259],[89.83306,24.50596],[89.8331,24.50619],[89.83395,24.50647],[89.83498,24.51466],[89.83475,24.51681],[89.83187,24.52111],[89.82998,24.52284],[89.82944,24.52415],[89.82785,24.52442],[89.82763,24.52799],[89.82604,24.52858],[89.82517,24.52926],[89.82408,24.52929],[89.82335,24.52995],[89.82222,24.53009],[89.82101,24.52701],[89.82066,24.52653],[89.8202,24.52658],[89.8182,24.52769],[89.81641,24.52823],[89.81621,24.52834],[89.8165,24.5284],[89.81608,24.52858],[89.81001,24.53056],[89.80342,24.5336],[89.80202,24.53064],[89.80175,24.5295],[89.79614,24.52954],[89.79069,24.52892],[89.78329,24.5289],[89.7821,24.52855],[89.78354,24.52393],[89.78401,24.52076],[89.78533,24.51668],[89.78473,24.51633],[89.78426,24.51662],[89.78062,24.52227],[89.776,24.53291],[89.77529,24.53098],[89.77486,24.52669],[89.77413,24.52499],[89.77255,24.52425],[89.7687,24.5231],[89.76748,24.52295],[89.76718,24.52301],[89.76689,24.52491],[89.76595,24.52474],[89.76314,24.52503],[89.75911,24.52435],[89.75706,24.52425],[89.75586,24.52457],[89.75196,24.52498],[89.74982,24.52559],[89.74904,24.52604],[89.74987,24.52854],[89.75002,24.52946],[89.74984,24.5301],[89.74919,24.53054],[89.74485,24.53224],[89.7445,24.5327],[89.74466,24.53346],[89.7451,24.53392],[89.7479,24.53424],[89.74859,24.53493],[89.74849,24.53537],[89.74796,24.53588],[89.74625,24.53618],[89.74608,24.53694],[89.74628,24.53731],[89.74689,24.53759],[89.74976,24.53784],[89.75287,24.53765],[89.75575,24.538],[89.75917,24.53758],[89.76254,24.53811],[89.76491,24.53983],[89.76927,24.53976],[89.76993,24.54002],[89.77005,24.54075],[89.76922,24.54215],[89.76884,24.54753],[89.7675,24.55501],[89.76742,24.55652],[89.76775,24.55751],[89.77074,24.56256],[89.77314,24.56455],[89.77472,24.56529],[89.77661,24.56561],[89.77708,24.56616],[89.78208,24.56888],[89.78646,24.57024],[89.78907,24.57229],[89.79066,24.56857],[89.79124,24.56808],[89.79282,24.56743],[89.79476,24.56711],[89.80388,24.56685],[89.80683,24.56761],[89.80871,24.56772],[89.80978,24.56744],[89.81138,24.5666],[89.81164,24.56711],[89.80981,24.5707],[89.8099,24.57289],[89.81111,24.57406],[89.81323,24.57525],[89.81456,24.57538],[89.81679,24.57512],[89.81768,24.57571],[89.82281,24.57539]]]}},{"type":"Feature","properties":{"key":"bachamara","region":"sirajganj","unionId":"29066614B46006888270125","name":"Bachamara","score":0.643,"level":"Medium","rankRegion":18,"regionCount":57,"maxScore":0.694,"meanScore":0.565,"sections":3,"highSections":1,"population":2402,"buildings":887},"geometry":{"type":"Polygon","coordinates":[[[89.77763,23.99061],[89.77704,23.98927],[89.77667,23.98753],[89.77486,23.98602],[89.77295,23.98541],[89.77174,23.98443],[89.76915,23.98337],[89.76744,23.9817],[89.76486,23.98009],[89.76422,23.979],[89.76437,23.97823],[89.76517,23.97775],[89.76608,23.97745],[89.76742,23.97738],[89.76935,23.97653],[89.77158,23.97656],[89.77297,23.97345],[89.77333,23.97336],[89.77304,23.97237],[89.77335,23.96984],[89.77455,23.96479],[89.77464,23.96349],[89.77501,23.96305],[89.77442,23.96233],[89.77431,23.96123],[89.77227,23.96165],[89.77016,23.96261],[89.76928,23.96255],[89.76843,23.96186],[89.76836,23.96124],[89.76893,23.9595],[89.76948,23.95535],[89.76934,23.95479],[89.76864,23.95411],[89.76696,23.95356],[89.76578,23.95364],[89.7623,23.95453],[89.75849,23.95591],[89.75743,23.95665],[89.75362,23.95783],[89.74695,23.95909],[89.74153,23.95972],[89.73324,23.9612],[89.73114,23.96214],[89.72975,23.96619],[89.72922,23.96707],[89.72862,23.96635],[89.7277,23.96365],[89.72687,23.96277],[89.72566,23.96267],[89.72341,23.96289],[89.72315,23.96142],[89.72318,23.95868],[89.72085,23.9576],[89.72058,23.9534],[89.72211,23.94778],[89.7213,23.94686],[89.71972,23.94403],[89.7182,23.94536],[89.71676,23.94701],[89.71521,23.95106],[89.71481,23.95165],[89.71399,23.95195],[89.71183,23.95178],[89.70966,23.95104],[89.7097,23.95017],[89.70894,23.94935],[89.70761,23.94928],[89.70443,23.94959],[89.69846,23.9485],[89.69411,23.94683],[89.69277,23.94666],[89.69174,23.95561],[89.69197,23.96307],[89.69176,23.9643],[89.69206,23.9664],[89.69157,23.97133],[89.69166,23.97374],[89.69142,23.97613],[89.69214,23.98077],[89.69286,23.98322],[89.69292,23.98529],[89.6934,23.9873],[89.69665,23.99364],[89.69827,23.99621],[89.69929,23.99734],[89.70348,24.00076],[89.70644,24.00375],[89.71129,24.00728],[89.71756,24.01083],[89.71951,24.01265],[89.72226,24.01379],[89.72462,24.00988],[89.72717,24.00303],[89.72883,23.99503],[89.72888,23.99085],[89.72796,23.98772],[89.72382,23.97998],[89.72272,23.97743],[89.72709,23.97949],[89.72834,23.97984],[89.72913,23.97829],[89.72969,23.97655],[89.73035,23.97613],[89.73087,23.97709],[89.73074,23.98025],[89.73091,23.98102],[89.73146,23.98148],[89.7418,23.98544],[89.74869,23.98778],[89.75014,23.98867],[89.75509,23.99021],[89.75692,23.99064],[89.76208,23.99077],[89.76254,23.99096],[89.7647,23.99112],[89.76494,23.99098],[89.7671,23.99132],[89.77075,23.9927],[89.77265,23.99372],[89.77371,23.99355],[89.77508,23.99178],[89.77763,23.99061]]]}},{"type":"Feature","properties":{"key":"bagutia","region":"sirajganj","unionId":"29066614B70600851552572","name":"Bagutia","score":0.48,"level":"Low","rankRegion":46,"regionCount":57,"maxScore":0.539,"meanScore":0.391,"sections":7,"highSections":0,"population":6988,"buildings":2366},"geometry":{"type":"Polygon","coordinates":[[[89.82285,24.07317],[89.8208,24.0694],[89.81997,24.0674],[89.81701,24.06358],[89.81493,24.06221],[89.81334,24.0604],[89.80916,24.05763],[89.80857,24.05748],[89.80722,24.05613],[89.80174,24.05201],[89.79982,24.04923],[89.79551,24.04389],[89.7924,24.042],[89.78898,24.04098],[89.78589,24.04075],[89.78441,24.04095],[89.78415,24.04165],[89.78437,24.04369],[89.78418,24.04573],[89.78695,24.0461],[89.78982,24.0459],[89.79396,24.04598],[89.79437,24.04654],[89.79381,24.04786],[89.79376,24.04886],[89.78769,24.04909],[89.78644,24.04946],[89.78175,24.04931],[89.77944,24.04889],[89.77648,24.04938],[89.77193,24.04959],[89.76875,24.04921],[89.767,24.04962],[89.76671,24.05139],[89.7678,24.05654],[89.77064,24.06445],[89.77137,24.06594],[89.77164,24.06753],[89.76773,24.06833],[89.76446,24.0686],[89.76231,24.06845],[89.75857,24.0677],[89.75464,24.06738],[89.7486,24.06708],[89.74492,24.06723],[89.74582,24.06789],[89.74843,24.06761],[89.7498,24.0679],[89.7537,24.07098],[89.75472,24.07242],[89.75524,24.0747],[89.75667,24.07565],[89.75762,24.07553],[89.7584,24.07453],[89.75961,24.0742],[89.76801,24.07489],[89.77257,24.07452],[89.77793,24.0748],[89.78395,24.07449],[89.79012,24.07455],[89.79402,24.07405],[89.79515,24.07367],[89.79538,24.07721],[89.79524,24.07851],[89.79549,24.08019],[89.79256,24.08054],[89.79396,24.08995],[89.79788,24.08917],[89.8022,24.08878],[89.80322,24.08829],[89.80407,24.08734],[89.80682,24.08689],[89.80771,24.08645],[89.80981,24.08664],[89.81261,24.0845],[89.81636,24.08229],[89.82409,24.0789],[89.82285,24.07317]]]}},{"type":"Feature","properties":{"key":"bahadurabad","region":"gaibandha","unionId":"29066614B82338417530703","name":"Bahadurabad","score":0.748,"level":"High","rankRegion":2,"regionCount":25,"maxScore":0.748,"meanScore":0.748,"sections":1,"highSections":0,"population":921,"buildings":172},"geometry":{"type":"Polygon","coordinates":[[[89.8033,25.2629],[89.80435,25.26246],[89.80555,25.25934],[89.80731,25.25684],[89.80792,25.25644],[89.80854,25.25641],[89.80923,25.25607],[89.81199,25.25301],[89.81772,25.24837],[89.82001,25.24544],[89.82136,25.2426],[89.82134,25.24199],[89.8205,25.24191],[89.81897,25.24246],[89.81825,25.2424],[89.81809,25.24213],[89.81953,25.24052],[89.81995,25.23974],[89.82049,25.23686],[89.82102,25.2357],[89.81935,25.2351],[89.81782,25.23495],[89.81554,25.23577],[89.81319,25.23748],[89.81139,25.24016],[89.81029,25.24139],[89.80791,25.24307],[89.80523,25.24434],[89.80217,25.24509],[89.80136,25.2451],[89.80031,25.24461],[89.79904,25.24366],[89.7925,25.23754],[89.79175,25.2364],[89.79145,25.23507],[89.79053,25.23302],[89.7892,25.23118],[89.78758,25.22976],[89.78446,25.22844],[89.78419,25.22808],[89.78483,25.22634],[89.78477,25.22564],[89.78406,25.22536],[89.78166,25.22559],[89.78105,25.22526],[89.78127,25.22323],[89.78249,25.2206],[89.78335,25.21959],[89.78438,25.21932],[89.78659,25.22016],[89.78772,25.21981],[89.78889,25.21908],[89.79062,25.21608],[89.79075,25.21462],[89.79045,25.21446],[89.78876,25.2149],[89.78843,25.21466],[89.78832,25.21414],[89.78831,25.21157],[89.78842,25.21104],[89.78909,25.21059],[89.78853,25.21053],[89.7894,25.20687],[89.79,25.20593],[89.79156,25.20543],[89.78976,25.20086],[89.78973,25.1991],[89.79104,25.19705],[89.7911,25.19581],[89.79149,25.1951],[89.79527,25.19279],[89.79493,25.19246],[89.79347,25.19245],[89.79313,25.19201],[89.79338,25.19147],[89.79614,25.1905],[89.79811,25.18776],[89.79966,25.18604],[89.80313,25.18423],[89.80435,25.18283],[89.80455,25.18201],[89.80445,25.18033],[89.80226,25.17613],[89.80159,25.17716],[89.80063,25.17989],[89.7993,25.18096],[89.79762,25.18283],[89.79102,25.18371],[89.78986,25.18255],[89.78917,25.18125],[89.78851,25.18194],[89.78748,25.18248],[89.7873,25.1825],[89.78727,25.18197],[89.78654,25.18239],[89.7858,25.18247],[89.78488,25.1819],[89.78274,25.18305],[89.78076,25.18451],[89.77973,25.1856],[89.77761,25.18613],[89.77723,25.18645],[89.77731,25.18733],[89.777,25.18757],[89.77543,25.18806],[89.77223,25.1879],[89.77006,25.18833],[89.76862,25.19016],[89.76722,25.1913],[89.7668,25.19217],[89.76271,25.19249],[89.76223,25.19288],[89.76185,25.19363],[89.76083,25.19381],[89.75639,25.19369],[89.7527,25.19308],[89.75114,25.19321],[89.74625,25.19449],[89.74419,25.19559],[89.74442,25.19893],[89.74351,25.20245],[89.74364,25.20354],[89.74679,25.20555],[89.74738,25.20637],[89.74733,25.2071],[89.74652,25.20799],[89.74536,25.20843],[89.74492,25.20961],[89.7438,25.21069],[89.74053,25.21271],[89.74015,25.21278],[89.73871,25.212],[89.73628,25.21264],[89.73343,25.21169],[89.73145,25.21314],[89.73191,25.21582],[89.73167,25.2219],[89.72963,25.22814],[89.72982,25.22917],[89.73082,25.23078],[89.73356,25.23374],[89.74146,25.23374],[89.74336,25.234],[89.74787,25.23508],[89.74852,25.23573],[89.74889,25.23642],[89.74949,25.23907],[89.74981,25.24282],[89.7504,25.24616],[89.75066,25.25067],[89.75035,25.25235],[89.75055,25.25258],[89.75922,25.25484],[89.77594,25.25769],[89.77647,25.25808],[89.77682,25.25871],[89.77712,25.25962],[89.77708,25.26046],[89.77763,25.26059],[89.77838,25.26041],[89.77882,25.2606],[89.77956,25.26202],[89.78147,25.26334],[89.78171,25.26433],[89.78295,25.2643],[89.78356,25.26503],[89.78507,25.26563],[89.78537,25.26528],[89.786,25.26519],[89.78676,25.26576],[89.78743,25.26575],[89.78963,25.26491],[89.79102,25.26412],[89.79414,25.26377],[89.79561,25.2627],[89.79735,25.26196],[89.79958,25.26199],[89.8017,25.26296],[89.8033,25.2629]]]}},{"type":"Feature","properties":{"key":"bara-dhul","region":"sirajganj","unionId":"29066614B75519297229397","name":"Bara Dhul","score":0.652,"level":"Medium","rankRegion":17,"regionCount":57,"maxScore":0.729,"meanScore":0.537,"sections":12,"highSections":4,"population":11222,"buildings":1057},"geometry":{"type":"Polygon","coordinates":[[[89.77186,24.31447],[89.77178,24.31072],[89.77445,24.30104],[89.77614,24.29853],[89.77932,24.29515],[89.78088,24.29388],[89.78286,24.29276],[89.78581,24.28982],[89.78636,24.2895],[89.78834,24.28552],[89.79027,24.27514],[89.79029,24.26891],[89.78995,24.26945],[89.78385,24.27134],[89.78103,24.27295],[89.7768,24.27618],[89.77276,24.27842],[89.77098,24.28068],[89.76983,24.28048],[89.768,24.28107],[89.76748,24.28075],[89.76672,24.28139],[89.76571,24.28175],[89.76241,24.28233],[89.76209,24.28179],[89.76195,24.28073],[89.76207,24.27859],[89.76259,24.27636],[89.76088,24.2753],[89.7584,24.2743],[89.75573,24.27379],[89.75547,24.27318],[89.75556,24.27016],[89.75458,24.26846],[89.75389,24.26788],[89.75202,24.2671],[89.75031,24.26583],[89.75018,24.26483],[89.74903,24.26407],[89.74851,24.26241],[89.74694,24.26161],[89.74604,24.2599],[89.74553,24.25971],[89.74328,24.25986],[89.74069,24.25959],[89.73441,24.25769],[89.73228,24.25749],[89.73115,24.25661],[89.73117,24.25485],[89.72975,24.2548],[89.72773,24.25423],[89.72567,24.25439],[89.72208,24.25323],[89.71765,24.254],[89.71717,24.25383],[89.71706,24.25506],[89.71632,24.25566],[89.71577,24.25654],[89.71478,24.25724],[89.71443,24.25838],[89.71368,24.25892],[89.71386,24.25998],[89.71441,24.26013],[89.71305,24.26187],[89.71377,24.2626],[89.71562,24.26325],[89.71537,24.26444],[89.71437,24.26513],[89.71515,24.26932],[89.71575,24.27116],[89.71586,24.27369],[89.71613,24.27356],[89.71694,24.27417],[89.71769,24.27578],[89.71769,24.27679],[89.71964,24.27838],[89.7206,24.28149],[89.72566,24.28325],[89.72747,24.28249],[89.72849,24.2823],[89.7297,24.28326],[89.73041,24.28641],[89.72977,24.28741],[89.73184,24.29316],[89.732,24.2946],[89.73201,24.29788],[89.73143,24.30115],[89.7315,24.30129],[89.73191,24.30106],[89.73307,24.30257],[89.73824,24.30151],[89.74085,24.30366],[89.73976,24.30736],[89.74037,24.30734],[89.74037,24.3075],[89.73944,24.30997],[89.74121,24.31507],[89.74268,24.3159],[89.7441,24.316],[89.74463,24.31528],[89.74459,24.31485],[89.74548,24.31479],[89.74639,24.31519],[89.74658,24.31509],[89.7473,24.31609],[89.74774,24.31784],[89.74824,24.31802],[89.75015,24.31812],[89.75178,24.31853],[89.75272,24.31798],[89.75504,24.31787],[89.75554,24.31835],[89.75473,24.31972],[89.75542,24.32046],[89.75637,24.32095],[89.7577,24.3203],[89.76096,24.32095],[89.76264,24.32108],[89.76296,24.32088],[89.76383,24.31888],[89.76475,24.31909],[89.76565,24.31765],[89.76603,24.31811],[89.76688,24.31836],[89.76792,24.31728],[89.77177,24.3171],[89.77227,24.31694],[89.77248,24.31662],[89.77186,24.31447]]]}},{"type":"Feature","properties":{"key":"belgachha","region":"gaibandha","unionId":"29066614B21817217046964","name":"Belgachha","score":0.539,"level":"Medium","rankRegion":17,"regionCount":25,"maxScore":0.569,"meanScore":0.495,"sections":4,"highSections":0,"population":2754,"buildings":381},"geometry":{"type":"Polygon","coordinates":[[[89.73797,25.10529],[89.73725,25.10445],[89.73643,25.1042],[89.73534,25.10296],[89.73388,25.10186],[89.7339,25.10131],[89.73419,25.10108],[89.73564,25.10025],[89.73584,25.09987],[89.7369,25.09947],[89.73641,25.09823],[89.73679,25.09766],[89.73851,25.09856],[89.73912,25.09858],[89.73896,25.09805],[89.73822,25.09756],[89.73617,25.09456],[89.73594,25.09391],[89.73315,25.09419],[89.72853,25.09271],[89.72804,25.09136],[89.7272,25.09112],[89.72666,25.09124],[89.72674,25.0922],[89.72656,25.0925],[89.72488,25.09301],[89.72447,25.0923],[89.72309,25.0914],[89.72092,25.09056],[89.71789,25.08891],[89.71593,25.08829],[89.71361,25.08825],[89.71167,25.09048],[89.71076,25.09078],[89.70968,25.09162],[89.70832,25.09118],[89.70704,25.09151],[89.70614,25.09344],[89.70393,25.09324],[89.70082,25.0933],[89.69731,25.09463],[89.69376,25.09643],[89.69123,25.09392],[89.68864,25.09262],[89.68716,25.08868],[89.69008,25.08817],[89.69174,25.08812],[89.69472,25.08729],[89.6971,25.08698],[89.69647,25.08503],[89.69607,25.08192],[89.69538,25.07971],[89.69248,25.07612],[89.68986,25.07393],[89.68887,25.07264],[89.68792,25.07209],[89.68731,25.07125],[89.68691,25.0711],[89.68536,25.07153],[89.68519,25.07275],[89.68474,25.07272],[89.68414,25.07212],[89.68403,25.07283],[89.682,25.07313],[89.6817,25.07479],[89.6804,25.07518],[89.67614,25.07517],[89.67579,25.07499],[89.67542,25.07404],[89.67341,25.07356],[89.67324,25.07472],[89.67185,25.07517],[89.6713,25.07597],[89.67168,25.07808],[89.67149,25.07998],[89.67164,25.08043],[89.67255,25.08077],[89.67242,25.08218],[89.67015,25.08219],[89.66989,25.08416],[89.66956,25.08488],[89.66619,25.08507],[89.66554,25.08969],[89.66017,25.08595],[89.65821,25.08501],[89.65313,25.0812],[89.65263,25.08023],[89.65307,25.07801],[89.65243,25.07801],[89.64938,25.07858],[89.64808,25.07915],[89.64676,25.08016],[89.6431,25.08363],[89.64042,25.08897],[89.63856,25.09008],[89.64022,25.09167],[89.64235,25.09449],[89.64363,25.09714],[89.64436,25.09954],[89.64428,25.10169],[89.64494,25.10613],[89.64882,25.10596],[89.64982,25.10613],[89.64981,25.10912],[89.64939,25.11166],[89.64947,25.11376],[89.64998,25.1167],[89.64992,25.11989],[89.64866,25.12024],[89.64809,25.12079],[89.64843,25.12288],[89.64915,25.12487],[89.64954,25.13049],[89.65056,25.13505],[89.65165,25.13896],[89.65292,25.14156],[89.65281,25.14263],[89.65191,25.14323],[89.65176,25.14379],[89.65217,25.14448],[89.65703,25.14924],[89.65918,25.14755],[89.66019,25.14647],[89.66259,25.14609],[89.66354,25.14513],[89.66345,25.14454],[89.66384,25.14408],[89.66452,25.144],[89.66579,25.14447],[89.66645,25.14385],[89.66782,25.14458],[89.66882,25.14471],[89.66935,25.1444],[89.67,25.14457],[89.67081,25.1437],[89.67148,25.14348],[89.67285,25.14396],[89.67344,25.1433],[89.67388,25.14213],[89.67457,25.1418],[89.67531,25.13841],[89.67615,25.13677],[89.67668,25.13502],[89.67847,25.13216],[89.6791,25.12924],[89.67903,25.12772],[89.67848,25.12583],[89.67879,25.12376],[89.6808,25.12348],[89.683,25.12254],[89.6829,25.12043],[89.6831,25.1193],[89.68347,25.11878],[89.68309,25.11708],[89.68348,25.11612],[89.68393,25.11568],[89.68349,25.11469],[89.68398,25.1127],[89.68451,25.11253],[89.68543,25.11272],[89.68581,25.11225],[89.68584,25.11113],[89.6867,25.11086],[89.68798,25.10963],[89.68873,25.10959],[89.68984,25.10998],[89.69136,25.1094],[89.69208,25.10943],[89.69096,25.11146],[89.69129,25.11208],[89.69251,25.1122],[89.69787,25.1136],[89.69818,25.1116],[89.69874,25.11067],[89.6993,25.10873],[89.70253,25.11033],[89.70543,25.11095],[89.70721,25.11187],[89.70855,25.11214],[89.71287,25.11042],[89.71587,25.11006],[89.71712,25.10943],[89.71911,25.10939],[89.7197,25.10961],[89.72069,25.10949],[89.7214,25.10864],[89.72194,25.10845],[89.72258,25.10728],[89.72308,25.10721],[89.72389,25.10621],[89.72562,25.10551],[89.72627,25.10552],[89.72766,25.10656],[89.72824,25.10673],[89.73004,25.10652],[89.73112,25.10615],[89.73376,25.10631],[89.73517,25.10603],[89.73819,25.10597],[89.73797,25.10529]]]}},{"type":"Feature","properties":{"key":"belkuchi","region":"sirajganj","unionId":"29066614B88209359372299","name":"Belkuchi","score":0.782,"level":"High","rankRegion":2,"regionCount":57,"maxScore":0.874,"meanScore":0.643,"sections":8,"highSections":3,"population":11145,"buildings":613},"geometry":{"type":"Polygon","coordinates":[[[89.77227,24.31694],[89.77177,24.3171],[89.76792,24.31728],[89.76688,24.31836],[89.76603,24.31811],[89.76565,24.31765],[89.76475,24.31909],[89.76383,24.31888],[89.76296,24.32088],[89.76264,24.32108],[89.76096,24.32095],[89.7577,24.3203],[89.75637,24.32095],[89.75542,24.32046],[89.75473,24.31972],[89.75554,24.31835],[89.75504,24.31787],[89.75272,24.31798],[89.75178,24.31853],[89.75015,24.31812],[89.74824,24.31802],[89.74774,24.31784],[89.7473,24.31609],[89.74658,24.31509],[89.74639,24.31519],[89.74548,24.31479],[89.74459,24.31485],[89.74463,24.31528],[89.7441,24.316],[89.74268,24.3159],[89.74121,24.31507],[89.73944,24.30997],[89.74037,24.3075],[89.74037,24.30734],[89.73976,24.30736],[89.74085,24.30366],[89.73824,24.30151],[89.73307,24.30257],[89.73184,24.301],[89.73134,24.30163],[89.72873,24.30234],[89.7273,24.29942],[89.72639,24.29846],[89.72308,24.29649],[89.72152,24.2966],[89.7208,24.29624],[89.72048,24.29577],[89.71982,24.29618],[89.71865,24.29618],[89.718,24.29552],[89.71781,24.29487],[89.7169,24.29415],[89.71423,24.2939],[89.71306,24.29414],[89.71136,24.29688],[89.7109,24.29706],[89.70902,24.29664],[89.70817,24.29694],[89.70719,24.29687],[89.70648,24.29651],[89.70622,24.29568],[89.70518,24.29562],[89.70512,24.29436],[89.70446,24.29407],[89.70473,24.29275],[89.70434,24.29275],[89.70349,24.29191],[89.70284,24.29173],[89.70089,24.29203],[89.70096,24.29131],[89.70057,24.29095],[89.69737,24.29196],[89.69692,24.2922],[89.69607,24.29351],[89.69568,24.29369],[89.69483,24.29357],[89.69348,24.29439],[89.69425,24.2976],[89.69415,24.29868],[89.69352,24.2997],[89.69216,24.30051],[89.69229,24.30172],[89.69104,24.30337],[89.69107,24.3042],[89.69202,24.30582],[89.69286,24.30633],[89.69558,24.30731],[89.6955,24.30608],[89.69495,24.30442],[89.69494,24.30292],[89.69532,24.30243],[89.69716,24.30146],[89.69955,24.3017],[89.70119,24.30271],[89.70185,24.30251],[89.70336,24.30278],[89.70659,24.30579],[89.70877,24.30512],[89.70948,24.30458],[89.70938,24.30425],[89.71036,24.30501],[89.71114,24.30609],[89.71101,24.30663],[89.70758,24.31],[89.70796,24.31568],[89.70817,24.31627],[89.70864,24.31635],[89.70972,24.31575],[89.71094,24.31606],[89.71358,24.32011],[89.71479,24.32143],[89.71805,24.323],[89.7191,24.32312],[89.71946,24.32272],[89.72246,24.32175],[89.72402,24.32261],[89.72494,24.32249],[89.72884,24.3241],[89.7298,24.32501],[89.73047,24.32688],[89.73144,24.3274],[89.73197,24.32803],[89.73255,24.32805],[89.73607,24.33438],[89.73405,24.34474],[89.73356,24.34511],[89.73337,24.34741],[89.73559,24.34792],[89.73579,24.34788],[89.73693,24.34586],[89.73776,24.3455],[89.74031,24.34515],[89.74191,24.34173],[89.74235,24.34223],[89.74146,24.34298],[89.74219,24.34322],[89.74504,24.34257],[89.7464,24.34249],[89.74799,24.34272],[89.74837,24.3425],[89.75054,24.34227],[89.75314,24.34385],[89.75578,24.34598],[89.75758,24.34433],[89.76209,24.34144],[89.76381,24.34083],[89.76494,24.34007],[89.76746,24.33637],[89.76906,24.33331],[89.76976,24.33228],[89.77057,24.33182],[89.77171,24.32986],[89.77276,24.32471],[89.77218,24.3218],[89.77211,24.31925],[89.77265,24.31684],[89.77248,24.31662],[89.77227,24.31694]]]}},{"type":"Feature","properties":{"key":"bera-paurashava","region":"sirajganj","unionId":"29066614B49416651325676","name":"Bera Paurashava","score":0.595,"level":"Medium","rankRegion":25,"regionCount":57,"maxScore":0.642,"meanScore":0.525,"sections":6,"highSections":0,"population":14473,"buildings":2586},"geometry":{"type":"Polygon","coordinates":[[[89.63702,24.08685],[89.63788,24.08644],[89.63923,24.08561],[89.64153,24.08365],[89.64417,24.08217],[89.65161,24.07945],[89.65368,24.07816],[89.65984,24.07545],[89.65974,24.07526],[89.66093,24.07435],[89.65934,24.07284],[89.65215,24.06823],[89.65149,24.06608],[89.65375,24.06388],[89.65596,24.06094],[89.66009,24.05398],[89.66103,24.05198],[89.6592,24.05073],[89.6581,24.05052],[89.65602,24.05085],[89.65421,24.05179],[89.65272,24.05363],[89.65263,24.05441],[89.65297,24.055],[89.65276,24.05557],[89.65331,24.05622],[89.65563,24.05766],[89.65537,24.05787],[89.65314,24.05761],[89.65183,24.05814],[89.64832,24.05722],[89.64553,24.05691],[89.6453,24.05769],[89.64471,24.05805],[89.64476,24.05853],[89.64684,24.06226],[89.6471,24.06322],[89.64701,24.06347],[89.64592,24.06373],[89.64545,24.06318],[89.64487,24.06293],[89.6435,24.06348],[89.64137,24.06081],[89.64001,24.06052],[89.63959,24.06014],[89.63964,24.05978],[89.64012,24.05943],[89.63954,24.05806],[89.63996,24.05582],[89.63934,24.05519],[89.63834,24.05514],[89.63766,24.0546],[89.63801,24.0518],[89.63759,24.05094],[89.63651,24.04974],[89.63662,24.04768],[89.63544,24.04767],[89.63457,24.04724],[89.63299,24.0478],[89.63298,24.04394],[89.63219,24.04251],[89.63184,24.04248],[89.63114,24.0418],[89.63049,24.04169],[89.63029,24.04183],[89.63043,24.04308],[89.62957,24.04242],[89.62785,24.04255],[89.6269,24.0416],[89.62606,24.04152],[89.6257,24.042],[89.62569,24.04304],[89.62532,24.04405],[89.62418,24.04478],[89.62358,24.04577],[89.62036,24.04551],[89.61808,24.04613],[89.61812,24.04583],[89.61739,24.04509],[89.61603,24.04503],[89.61395,24.04416],[89.61275,24.04396],[89.61217,24.04354],[89.60986,24.04292],[89.60935,24.04405],[89.60905,24.04419],[89.60617,24.04422],[89.60359,24.04517],[89.60282,24.04571],[89.60224,24.04572],[89.59993,24.04649],[89.60203,24.04811],[89.60461,24.04839],[89.60511,24.04867],[89.60561,24.04958],[89.60616,24.04993],[89.60869,24.04996],[89.60946,24.05015],[89.60991,24.0507],[89.61085,24.05463],[89.61282,24.05729],[89.613,24.06064],[89.61245,24.0632],[89.61142,24.06629],[89.61089,24.06677],[89.60972,24.06719],[89.60872,24.06799],[89.609,24.07154],[89.6076,24.07405],[89.60758,24.07486],[89.6081,24.07726],[89.60715,24.07813],[89.60733,24.0787],[89.60796,24.07862],[89.61064,24.07915],[89.61195,24.07892],[89.6126,24.07909],[89.61328,24.08002],[89.61337,24.08131],[89.61288,24.08253],[89.61125,24.08343],[89.61053,24.08515],[89.60906,24.08679],[89.60917,24.0871],[89.61063,24.0878],[89.61602,24.08834],[89.61644,24.0886],[89.61661,24.08903],[89.61616,24.08969],[89.61374,24.09095],[89.61144,24.09164],[89.61094,24.09196],[89.61089,24.09405],[89.6112,24.09537],[89.61149,24.09575],[89.61121,24.09648],[89.61156,24.09692],[89.6133,24.09607],[89.61468,24.09643],[89.61578,24.09706],[89.61629,24.09697],[89.61707,24.09521],[89.62823,24.08528],[89.63,24.08333],[89.63151,24.08338],[89.63312,24.08486],[89.6341,24.0853],[89.63618,24.08681],[89.63702,24.08685]]]}},{"type":"Feature","properties":{"key":"bhandarbari","region":"sirajganj","unionId":"29066614B19973114130966","name":"Bhandarbari","score":0.38,"level":"Low","rankRegion":54,"regionCount":57,"maxScore":0.436,"meanScore":0.295,"sections":7,"highSections":0,"population":7335,"buildings":1807},"geometry":{"type":"Polygon","coordinates":[[[89.65923,24.73512],[89.66033,24.73102],[89.66076,24.72841],[89.6583,24.72773],[89.6528,24.7251],[89.65108,24.72338],[89.6499,24.72112],[89.64807,24.71866],[89.64684,24.71804],[89.64533,24.71735],[89.64451,24.71734],[89.64233,24.71816],[89.64083,24.7171],[89.6391,24.71711],[89.63727,24.71665],[89.63868,24.71487],[89.6404,24.71411],[89.64198,24.71307],[89.64421,24.71033],[89.64478,24.70855],[89.64579,24.70311],[89.64587,24.70206],[89.64565,24.70143],[89.64518,24.70109],[89.64462,24.70107],[89.64368,24.70127],[89.64229,24.70195],[89.64201,24.70187],[89.63774,24.69633],[89.63669,24.69537],[89.63023,24.69063],[89.62726,24.68902],[89.6247,24.68663],[89.62403,24.68547],[89.62215,24.68583],[89.62016,24.68719],[89.61896,24.68852],[89.6174,24.68896],[89.61671,24.68878],[89.61594,24.68819],[89.61384,24.68571],[89.61373,24.68597],[89.61422,24.68733],[89.61403,24.6876],[89.61292,24.68771],[89.61222,24.68738],[89.612,24.68683],[89.61234,24.68464],[89.61199,24.68385],[89.61098,24.68516],[89.61112,24.68694],[89.61082,24.6879],[89.61031,24.68776],[89.60874,24.68643],[89.60797,24.68667],[89.60734,24.68718],[89.60465,24.69168],[89.60485,24.6931],[89.60535,24.69423],[89.60526,24.69454],[89.60396,24.69469],[89.59635,24.69745],[89.59614,24.69805],[89.59681,24.69861],[89.59745,24.69881],[89.59798,24.69859],[89.59871,24.69748],[89.59915,24.69737],[89.59951,24.69804],[89.59863,24.69875],[89.59862,24.69915],[89.59882,24.69925],[89.60056,24.69841],[89.60113,24.69837],[89.60183,24.69863],[89.60307,24.69985],[89.60257,24.70095],[89.60291,24.70152],[89.60571,24.70296],[89.61003,24.70457],[89.61009,24.70537],[89.61146,24.70658],[89.61145,24.70706],[89.6105,24.70782],[89.60863,24.70841],[89.60779,24.70891],[89.60718,24.70957],[89.60659,24.71139],[89.60672,24.7115],[89.60748,24.71188],[89.61066,24.71093],[89.6129,24.71345],[89.61367,24.71362],[89.61433,24.71335],[89.61556,24.71443],[89.61761,24.7144],[89.61885,24.71502],[89.61835,24.71611],[89.61875,24.71762],[89.61794,24.71813],[89.61762,24.71875],[89.61816,24.71935],[89.61834,24.72009],[89.61908,24.72033],[89.61871,24.7218],[89.61716,24.72187],[89.61671,24.72235],[89.61588,24.72183],[89.61552,24.72252],[89.61569,24.72638],[89.61527,24.72698],[89.61516,24.72789],[89.61538,24.72825],[89.61612,24.72853],[89.61613,24.7288],[89.61554,24.72935],[89.61569,24.72986],[89.61509,24.72997],[89.6144,24.72951],[89.61404,24.72951],[89.61255,24.73117],[89.61272,24.73208],[89.61335,24.73268],[89.61352,24.73316],[89.61347,24.7342],[89.61277,24.73611],[89.61295,24.73701],[89.61441,24.73796],[89.61425,24.7382],[89.61346,24.73825],[89.61315,24.73852],[89.61416,24.73877],[89.61554,24.73959],[89.61703,24.73973],[89.61694,24.74022],[89.6175,24.74163],[89.61552,24.74344],[89.61371,24.74375],[89.61323,24.74493],[89.61269,24.74519],[89.61194,24.74637],[89.61256,24.7469],[89.61268,24.74807],[89.61289,24.7483],[89.61534,24.74803],[89.61584,24.74859],[89.61604,24.7493],[89.61618,24.75125],[89.61321,24.75119],[89.61296,24.75158],[89.61357,24.75407],[89.6146,24.75417],[89.61515,24.75444],[89.61621,24.75571],[89.61846,24.75739],[89.62088,24.76026],[89.62171,24.76036],[89.62402,24.7598],[89.62769,24.75807],[89.62851,24.7579],[89.62885,24.75757],[89.62856,24.75524],[89.62885,24.75303],[89.63053,24.75222],[89.63113,24.75147],[89.63109,24.75082],[89.63064,24.7499],[89.62883,24.7487],[89.62864,24.74768],[89.62914,24.7456],[89.62883,24.74408],[89.62892,24.74339],[89.62947,24.74268],[89.62924,24.74198],[89.62929,24.74148],[89.62956,24.74122],[89.63333,24.74112],[89.63556,24.7397],[89.63714,24.73907],[89.63781,24.73942],[89.63832,24.73896],[89.639,24.73873],[89.63968,24.73887],[89.64072,24.7387],[89.64317,24.73724],[89.64409,24.73646],[89.6448,24.73622],[89.64702,24.73656],[89.65009,24.73779],[89.65255,24.73822],[89.65345,24.73867],[89.6546,24.73891],[89.65594,24.73968],[89.65709,24.73993],[89.65923,24.73512]]]}},{"type":"Feature","properties":{"key":"bhara","region":"sirajganj","unionId":"29066614B99048777936006","name":"Bhara","score":0.562,"level":"Medium","rankRegion":29,"regionCount":57,"maxScore":0.575,"meanScore":0.542,"sections":3,"highSections":2,"population":1681,"buildings":1},"geometry":{"type":"Polygon","coordinates":[[[89.79846,24.17205],[89.79887,24.17082],[89.79962,24.16763],[89.79942,24.16547],[89.79986,24.1642],[89.80191,24.16353],[89.81014,24.16411],[89.81148,24.16364],[89.81306,24.16262],[89.81469,24.16207],[89.81664,24.16235],[89.818,24.16314],[89.81942,24.16359],[89.81985,24.16336],[89.82017,24.16274],[89.82199,24.16145],[89.82325,24.15937],[89.82469,24.15787],[89.82853,24.15585],[89.83278,24.15474],[89.83545,24.15459],[89.8418,24.15171],[89.8432,24.15136],[89.84795,24.15095],[89.85107,24.15023],[89.85192,24.15027],[89.85099,24.14787],[89.85068,24.14583],[89.85116,24.14525],[89.85081,24.14461],[89.85062,24.14349],[89.85086,24.14305],[89.85231,24.1425],[89.85248,24.14108],[89.85335,24.13991],[89.85345,24.13924],[89.85322,24.13884],[89.85162,24.13777],[89.85083,24.1377],[89.85089,24.13712],[89.85127,24.13674],[89.8533,24.13592],[89.85854,24.13504],[89.8602,24.13482],[89.86296,24.13508],[89.86444,24.13489],[89.86584,24.13384],[89.86668,24.13359],[89.86835,24.13378],[89.86898,24.13422],[89.87022,24.13397],[89.87103,24.13334],[89.87139,24.13272],[89.87369,24.1309],[89.87521,24.12818],[89.87698,24.12829],[89.87776,24.12781],[89.87908,24.12811],[89.87965,24.12781],[89.88028,24.12572],[89.87789,24.12568],[89.87618,24.12618],[89.87547,24.12572],[89.87354,24.1252],[89.87093,24.12562],[89.86659,24.12523],[89.86574,24.12474],[89.8659,24.12424],[89.86417,24.12374],[89.86344,24.12336],[89.86317,24.12292],[89.86821,24.12017],[89.87285,24.11794],[89.87628,24.11517],[89.8761,24.11495],[89.87457,24.1153],[89.87303,24.11536],[89.8719,24.11409],[89.87068,24.11368],[89.86897,24.11363],[89.87009,24.10829],[89.86845,24.10568],[89.86767,24.10525],[89.86611,24.10533],[89.86407,24.10493],[89.86068,24.10299],[89.85916,24.10268],[89.85788,24.10288],[89.85497,24.10398],[89.85499,24.10469],[89.85549,24.106],[89.85631,24.10731],[89.85458,24.10746],[89.85196,24.1071],[89.84811,24.10759],[89.84657,24.10811],[89.84484,24.10826],[89.84437,24.10685],[89.84406,24.10486],[89.84439,24.09837],[89.84349,24.09638],[89.84235,24.09191],[89.84074,24.0917],[89.83949,24.09241],[89.8386,24.09265],[89.83595,24.0928],[89.83345,24.09213],[89.832,24.09196],[89.82819,24.09227],[89.82368,24.09204],[89.82089,24.09716],[89.82076,24.09781],[89.81892,24.10143],[89.81734,24.10676],[89.81684,24.1094],[89.81682,24.1148],[89.81633,24.11819],[89.81666,24.12073],[89.81621,24.12998],[89.81672,24.13157],[89.82035,24.13602],[89.82094,24.13713],[89.8211,24.13836],[89.8206,24.13998],[89.81984,24.14068],[89.8148,24.143],[89.80985,24.146],[89.80697,24.14873],[89.80521,24.15298],[89.80422,24.15824],[89.80342,24.15942],[89.80257,24.1601],[89.79661,24.159],[89.79201,24.15844],[89.79178,24.15959],[89.78914,24.15827],[89.78771,24.15795],[89.78765,24.1583],[89.78638,24.15899],[89.78473,24.16032],[89.78238,24.16264],[89.78113,24.16491],[89.77998,24.16647],[89.78011,24.16722],[89.78143,24.16829],[89.78273,24.17018],[89.78368,24.17105],[89.78575,24.17174],[89.78682,24.17197],[89.79185,24.17213],[89.79213,24.17089],[89.79368,24.17115],[89.79678,24.17122],[89.79768,24.17153],[89.79814,24.17213],[89.79846,24.17205]]]}},{"type":"Feature","properties":{"key":"bhartkhali","region":"gaibandha","unionId":"29066614B53786715579598","name":"Bhartkhali","score":0.714,"level":"High","rankRegion":5,"regionCount":25,"maxScore":0.728,"meanScore":0.692,"sections":2,"highSections":0,"population":3337,"buildings":557},"geometry":{"type":"Polygon","coordinates":[[[89.56211,25.23475],[89.5625,25.23665],[89.56305,25.2378],[89.56452,25.23838],[89.56714,25.23653],[89.56772,25.23651],[89.56706,25.2348],[89.56731,25.23383],[89.56779,25.23392],[89.56882,25.23569],[89.57021,25.23652],[89.57114,25.23577],[89.57069,25.23354],[89.57136,25.23299],[89.57205,25.23315],[89.57354,25.23476],[89.57394,25.23488],[89.57414,25.23466],[89.57411,25.23377],[89.57247,25.23115],[89.57198,25.22994],[89.57246,25.22992],[89.5735,25.23097],[89.57421,25.23085],[89.57437,25.23014],[89.57371,25.22962],[89.57401,25.22841],[89.57391,25.22786],[89.5732,25.22768],[89.57209,25.2283],[89.5717,25.22826],[89.57128,25.22787],[89.57082,25.22791],[89.57052,25.22856],[89.57071,25.23002],[89.57052,25.23074],[89.57026,25.23104],[89.56989,25.23105],[89.56934,25.23076],[89.56905,25.23007],[89.56988,25.22827],[89.56993,25.22729],[89.56835,25.22823],[89.56759,25.22784],[89.56747,25.22702],[89.56781,25.22417],[89.56676,25.22389],[89.56662,25.22246],[89.5669,25.22157],[89.56738,25.22097],[89.56844,25.22049],[89.56931,25.22203],[89.5697,25.22226],[89.57043,25.2223],[89.57095,25.22203],[89.57245,25.22305],[89.57319,25.2231],[89.57325,25.22273],[89.57249,25.22182],[89.57232,25.22095],[89.57314,25.21848],[89.57369,25.21756],[89.57429,25.21802],[89.57593,25.22014],[89.57671,25.22026],[89.57717,25.21999],[89.57624,25.21748],[89.57513,25.21614],[89.57516,25.21558],[89.57629,25.21397],[89.57736,25.21366],[89.57787,25.21457],[89.57748,25.21546],[89.57767,25.21616],[89.57825,25.21619],[89.57889,25.21568],[89.57989,25.21386],[89.5786,25.21306],[89.57869,25.21216],[89.57994,25.21054],[89.58116,25.21008],[89.58237,25.20917],[89.58296,25.20815],[89.58352,25.20612],[89.58391,25.20592],[89.58499,25.20389],[89.58625,25.20253],[89.58675,25.20104],[89.58672,25.19921],[89.58427,25.1997],[89.58376,25.19912],[89.58389,25.19888],[89.58453,25.19876],[89.58567,25.1978],[89.58711,25.19706],[89.58715,25.19618],[89.58649,25.19535],[89.58548,25.19581],[89.58492,25.19549],[89.58483,25.1948],[89.58531,25.19288],[89.58564,25.19246],[89.58641,25.19208],[89.58766,25.19477],[89.58825,25.19524],[89.58853,25.19522],[89.58833,25.19425],[89.58861,25.19392],[89.5899,25.19361],[89.59125,25.19418],[89.59217,25.19414],[89.59257,25.19378],[89.59285,25.19304],[89.59247,25.19201],[89.59173,25.19111],[89.59072,25.19275],[89.58993,25.19304],[89.58866,25.19288],[89.58834,25.19265],[89.58781,25.19189],[89.58767,25.19074],[89.58698,25.18939],[89.58598,25.18839],[89.58474,25.18786],[89.58444,25.18727],[89.58448,25.1867],[89.58517,25.18546],[89.58642,25.18437],[89.58785,25.1846],[89.59134,25.18645],[89.59197,25.1865],[89.59255,25.18627],[89.59394,25.18678],[89.59353,25.18609],[89.59353,25.18556],[89.59393,25.18497],[89.59375,25.18386],[89.59257,25.18201],[89.59151,25.18113],[89.58878,25.18058],[89.58864,25.1804],[89.58863,25.17972],[89.59085,25.1775],[89.59131,25.17641],[89.59056,25.1731],[89.58961,25.17119],[89.58927,25.17092],[89.58863,25.17087],[89.58617,25.17131],[89.58598,25.17274],[89.58493,25.17518],[89.5837,25.17566],[89.58373,25.1774],[89.5813,25.17904],[89.57916,25.17804],[89.57845,25.17744],[89.57807,25.17744],[89.57722,25.17819],[89.57653,25.17973],[89.574,25.17991],[89.57153,25.18046],[89.56955,25.17762],[89.56895,25.17739],[89.56825,25.17477],[89.56791,25.17452],[89.56504,25.17534],[89.56212,25.17564],[89.56198,25.17597],[89.56097,25.17643],[89.55959,25.17627],[89.55839,25.17738],[89.55796,25.17818],[89.5575,25.17984],[89.55765,25.18084],[89.55816,25.18115],[89.55872,25.18115],[89.55978,25.18085],[89.56114,25.18011],[89.5623,25.18112],[89.56163,25.18193],[89.56028,25.18206],[89.55921,25.18261],[89.55799,25.18377],[89.55901,25.18561],[89.56025,25.18653],[89.56127,25.18793],[89.56129,25.19355],[89.5609,25.19485],[89.56035,25.19516],[89.55995,25.19606],[89.55907,25.19677],[89.55906,25.19805],[89.55724,25.2002],[89.55719,25.20241],[89.55607,25.20384],[89.55577,25.20504],[89.55545,25.20545],[89.55563,25.20672],[89.55517,25.20726],[89.55517,25.20779],[89.55614,25.20897],[89.55764,25.21553],[89.5595,25.21816],[89.56077,25.22235],[89.56113,25.22445],[89.56109,25.2266],[89.56127,25.22664],[89.56127,25.23381],[89.56211,25.23475]]]}},{"type":"Feature","properties":{"key":"bhuapur-paurashava","region":"sirajganj","unionId":"29066614B14697296374434","name":"Bhuapur Paurashava","score":0.556,"level":"Medium","rankRegion":31,"regionCount":57,"maxScore":0.556,"meanScore":0.556,"sections":1,"highSections":0,"population":903,"buildings":187},"geometry":{"type":"Polygon","coordinates":[[[89.85164,24.49183],[89.858,24.49176],[89.85869,24.49152],[89.85933,24.49013],[89.86208,24.49018],[89.86285,24.48938],[89.86435,24.4891],[89.86478,24.48834],[89.87199,24.48818],[89.87384,24.48778],[89.87456,24.48722],[89.87432,24.48685],[89.87353,24.48201],[89.87405,24.47971],[89.87378,24.47831],[89.87623,24.47582],[89.87777,24.47257],[89.87776,24.47223],[89.87558,24.4692],[89.87539,24.46861],[89.87612,24.46649],[89.8764,24.4649],[89.87692,24.46386],[89.87688,24.46247],[89.87705,24.46209],[89.87759,24.46187],[89.88025,24.4623],[89.88168,24.46201],[89.88281,24.45777],[89.88326,24.4571],[89.88364,24.45515],[89.88351,24.45439],[89.88261,24.45439],[89.88128,24.45357],[89.87976,24.45307],[89.87874,24.45291],[89.87613,24.45306],[89.87449,24.45275],[89.8745,24.45162],[89.87347,24.45075],[89.87148,24.45044],[89.87104,24.45001],[89.87017,24.44778],[89.86878,24.44784],[89.86668,24.44737],[89.86491,24.44733],[89.85811,24.44802],[89.85798,24.44787],[89.85774,24.45018],[89.85362,24.45674],[89.85547,24.45694],[89.85589,24.45741],[89.85582,24.45816],[89.85422,24.46013],[89.85515,24.46076],[89.85523,24.46257],[89.85431,24.46256],[89.85399,24.46413],[89.85242,24.46409],[89.84943,24.4656],[89.84981,24.46686],[89.85049,24.46775],[89.8499,24.469],[89.84876,24.46889],[89.84782,24.46974],[89.84613,24.46954],[89.84505,24.47104],[89.84383,24.47021],[89.83954,24.46965],[89.83913,24.46899],[89.83925,24.46789],[89.83874,24.46719],[89.83741,24.46643],[89.83642,24.46685],[89.83639,24.46717],[89.8371,24.46832],[89.84129,24.4725],[89.84413,24.47437],[89.845,24.47617],[89.84478,24.4782],[89.84594,24.47804],[89.84627,24.47816],[89.84648,24.47858],[89.84649,24.48032],[89.84555,24.48057],[89.84546,24.48143],[89.84618,24.48348],[89.84718,24.48385],[89.85033,24.4841],[89.85124,24.48544],[89.85253,24.48588],[89.8526,24.48751],[89.85199,24.48825],[89.85208,24.4898],[89.85232,24.49029],[89.85164,24.49058],[89.85164,24.49183]]]}},{"type":"Feature","properties":{"key":"bohail","region":"sirajganj","unionId":"29066614B87000916238757","name":"Bohail","score":0.69,"level":"Medium","rankRegion":10,"regionCount":57,"maxScore":0.715,"meanScore":0.653,"sections":10,"highSections":5,"population":5754,"buildings":658},"geometry":{"type":"Polygon","coordinates":[[[89.65594,24.73968],[89.6546,24.73891],[89.65345,24.73867],[89.65255,24.73822],[89.65009,24.73779],[89.64702,24.73656],[89.6448,24.73622],[89.64409,24.73646],[89.64317,24.73724],[89.64072,24.7387],[89.63968,24.73887],[89.639,24.73873],[89.63832,24.73896],[89.63781,24.73942],[89.63714,24.73907],[89.63556,24.7397],[89.63333,24.74112],[89.62987,24.74118],[89.62929,24.74148],[89.62947,24.74268],[89.62892,24.74339],[89.62883,24.74408],[89.62914,24.7456],[89.62864,24.74768],[89.62883,24.7487],[89.63064,24.7499],[89.63109,24.75082],[89.63113,24.75147],[89.63053,24.75222],[89.62885,24.75303],[89.62856,24.75524],[89.62885,24.75757],[89.62851,24.7579],[89.62769,24.75807],[89.62402,24.7598],[89.62171,24.76036],[89.62088,24.76026],[89.62029,24.76077],[89.62086,24.7613],[89.62216,24.76166],[89.62266,24.76202],[89.62365,24.76189],[89.62495,24.76228],[89.62875,24.76508],[89.62941,24.76594],[89.62989,24.76715],[89.6298,24.76987],[89.62924,24.7717],[89.62716,24.77437],[89.62528,24.77322],[89.62402,24.77311],[89.62172,24.77362],[89.61946,24.77534],[89.61937,24.77625],[89.62039,24.7766],[89.62097,24.77897],[89.62201,24.77987],[89.62297,24.78359],[89.62295,24.78438],[89.62258,24.78524],[89.62182,24.78619],[89.62123,24.78645],[89.62248,24.78706],[89.6272,24.78708],[89.62806,24.78765],[89.62937,24.78775],[89.63056,24.78896],[89.63109,24.78895],[89.63156,24.78857],[89.63263,24.78834],[89.63305,24.78877],[89.63414,24.789],[89.63521,24.78986],[89.63678,24.79063],[89.63633,24.79161],[89.63664,24.79408],[89.63645,24.79634],[89.63712,24.79638],[89.63835,24.79607],[89.63792,24.79673],[89.63809,24.7972],[89.63696,24.79768],[89.63697,24.79876],[89.63514,24.79917],[89.63488,24.79962],[89.634,24.79995],[89.6341,24.8007],[89.63348,24.80085],[89.63368,24.80263],[89.63332,24.80312],[89.63372,24.80397],[89.63325,24.80429],[89.63364,24.8052],[89.63529,24.80589],[89.63637,24.80597],[89.6375,24.80563],[89.63815,24.80595],[89.63866,24.80589],[89.6391,24.80743],[89.63899,24.80993],[89.64001,24.81033],[89.64067,24.81118],[89.63952,24.81159],[89.63914,24.8121],[89.6391,24.81296],[89.6381,24.81347],[89.63828,24.81832],[89.6389,24.82089],[89.63995,24.82107],[89.63999,24.82285],[89.6402,24.82312],[89.6417,24.82338],[89.64479,24.8244],[89.64671,24.8246],[89.65248,24.82633],[89.65405,24.82631],[89.65582,24.82795],[89.657,24.82825],[89.66027,24.82808],[89.66225,24.82823],[89.66378,24.8279],[89.66535,24.82819],[89.66795,24.82788],[89.66825,24.82757],[89.67001,24.82756],[89.67088,24.8278],[89.67121,24.82845],[89.67112,24.82887],[89.67044,24.82924],[89.67054,24.82972],[89.67193,24.82924],[89.67345,24.82951],[89.67681,24.82942],[89.67904,24.83027],[89.68364,24.83012],[89.68495,24.82841],[89.68973,24.82346],[89.69267,24.82071],[89.6968,24.81732],[89.69952,24.81456],[89.70229,24.81248],[89.70412,24.81143],[89.70643,24.80944],[89.70825,24.80856],[89.70997,24.80702],[89.71659,24.80403],[89.71855,24.80276],[89.72261,24.80106],[89.72433,24.80013],[89.73032,24.79838],[89.72962,24.79757],[89.72721,24.79259],[89.72344,24.78662],[89.72048,24.78386],[89.71887,24.78171],[89.71651,24.77957],[89.71534,24.77735],[89.71488,24.77778],[89.71242,24.77876],[89.71024,24.77861],[89.70663,24.77923],[89.70156,24.77952],[89.69945,24.77942],[89.69733,24.77981],[89.69555,24.77987],[89.68961,24.78219],[89.67999,24.78382],[89.67953,24.78386],[89.6793,24.78346],[89.67744,24.78239],[89.67496,24.78168],[89.67402,24.77986],[89.6739,24.77758],[89.67416,24.77449],[89.67466,24.77331],[89.67499,24.77117],[89.67518,24.7684],[89.67452,24.76526],[89.67311,24.76143],[89.67238,24.76005],[89.67141,24.75911],[89.67056,24.7588],[89.66882,24.75867],[89.66874,24.75721],[89.66854,24.757],[89.66441,24.75534],[89.66388,24.75465],[89.66433,24.7541],[89.66646,24.74923],[89.66674,24.74796],[89.66646,24.7471],[89.66445,24.74722],[89.66016,24.74688],[89.65884,24.74712],[89.65718,24.74776],[89.6563,24.74789],[89.6559,24.74767],[89.65536,24.7464],[89.65534,24.74481],[89.65709,24.73993],[89.65594,24.73968]]]}},{"type":"Feature","properties":{"key":"chandan-baisha","region":"sirajganj","unionId":"29066614B35213255479834","name":"Chandan Baisha","score":0.625,"level":"Medium","rankRegion":22,"regionCount":57,"maxScore":0.719,"meanScore":0.485,"sections":6,"highSections":2,"population":5123,"buildings":1000},"geometry":{"type":"Polygon","coordinates":[[[89.6391,24.81296],[89.63914,24.8121],[89.63952,24.81159],[89.64067,24.81118],[89.64001,24.81033],[89.63899,24.80993],[89.6391,24.80743],[89.63866,24.80589],[89.63815,24.80595],[89.6375,24.80563],[89.63637,24.80597],[89.63529,24.80589],[89.63364,24.8052],[89.63325,24.80429],[89.63372,24.80397],[89.63332,24.80312],[89.63368,24.80263],[89.63348,24.80085],[89.6341,24.8007],[89.634,24.79995],[89.63488,24.79962],[89.63514,24.79917],[89.63697,24.79876],[89.63696,24.79768],[89.63809,24.7972],[89.63792,24.79673],[89.63835,24.79607],[89.63712,24.79638],[89.63645,24.79634],[89.63664,24.79408],[89.63633,24.79161],[89.63678,24.79063],[89.63521,24.78986],[89.63414,24.789],[89.63305,24.78877],[89.63263,24.78834],[89.63156,24.78857],[89.63109,24.78895],[89.63056,24.78896],[89.62937,24.78775],[89.62806,24.78765],[89.6272,24.78708],[89.62248,24.78706],[89.62092,24.78636],[89.61816,24.79076],[89.61762,24.79259],[89.61749,24.79411],[89.61689,24.79519],[89.61639,24.79557],[89.61443,24.79616],[89.61036,24.79682],[89.60867,24.79656],[89.60571,24.79542],[89.60441,24.79419],[89.60369,24.79296],[89.60274,24.79235],[89.60165,24.79121],[89.59805,24.78834],[89.595,24.78649],[89.59108,24.78576],[89.58795,24.78566],[89.58629,24.78644],[89.58564,24.78705],[89.58484,24.78859],[89.58457,24.7901],[89.58383,24.79186],[89.58142,24.79398],[89.58058,24.79515],[89.57869,24.79708],[89.57784,24.79841],[89.57734,24.80024],[89.57751,24.80116],[89.57928,24.80364],[89.58109,24.80495],[89.58175,24.80516],[89.58756,24.80545],[89.58992,24.80586],[89.59565,24.8055],[89.59798,24.80571],[89.60415,24.80863],[89.60694,24.81045],[89.60838,24.81213],[89.60987,24.81163],[89.61022,24.81174],[89.61128,24.81309],[89.61216,24.81599],[89.61318,24.81565],[89.61424,24.81559],[89.61754,24.81607],[89.61995,24.81611],[89.62393,24.81519],[89.62767,24.81464],[89.62989,24.81384],[89.63057,24.81412],[89.63095,24.81514],[89.63149,24.81507],[89.63296,24.81467],[89.63369,24.81426],[89.63414,24.81365],[89.63445,24.81252],[89.63494,24.81233],[89.63578,24.81231],[89.63757,24.81349],[89.6381,24.81347],[89.6391,24.81296]]]}},{"type":"Feature","properties":{"key":"char-aomkhaoa","region":"gaibandha","unionId":"29066614B50813513276342","name":"Char Aomkhaoa","score":0.649,"level":"Medium","rankRegion":10,"regionCount":25,"maxScore":0.69,"meanScore":0.588,"sections":11,"highSections":0,"population":12967,"buildings":2743},"geometry":{"type":"Polygon","coordinates":[[[89.79901,25.34963],[89.79844,25.34895],[89.79628,25.34837],[89.79509,25.34747],[89.79385,25.34708],[89.79253,25.34606],[89.79105,25.34572],[89.78953,25.34416],[89.78727,25.34265],[89.78664,25.34264],[89.78598,25.34154],[89.78576,25.33977],[89.78474,25.33951],[89.7838,25.34],[89.7832,25.34005],[89.78284,25.33926],[89.78289,25.33703],[89.78203,25.33521],[89.78259,25.33359],[89.78242,25.33326],[89.78169,25.33307],[89.77939,25.33336],[89.77898,25.33414],[89.7785,25.33442],[89.77848,25.33497],[89.77821,25.33514],[89.77517,25.33526],[89.77514,25.33444],[89.77685,25.33411],[89.77699,25.33368],[89.77608,25.32925],[89.77592,25.3274],[89.77536,25.32581],[89.77705,25.32483],[89.77621,25.32427],[89.77183,25.32232],[89.7683,25.31985],[89.76651,25.31786],[89.76447,25.3139],[89.76324,25.3127],[89.76252,25.31153],[89.76149,25.3079],[89.76012,25.29921],[89.75991,25.29658],[89.76021,25.29327],[89.7576,25.29214],[89.75536,25.29163],[89.75434,25.2917],[89.75403,25.29255],[89.7542,25.29505],[89.75405,25.29545],[89.75364,25.29587],[89.75259,25.29611],[89.75036,25.29747],[89.74895,25.29794],[89.74897,25.29726],[89.75024,25.29688],[89.75073,25.29633],[89.75084,25.29595],[89.75026,25.29473],[89.75105,25.29328],[89.75209,25.29211],[89.75126,25.29164],[89.75035,25.29144],[89.75003,25.29156],[89.74881,25.29325],[89.74812,25.2948],[89.74694,25.29554],[89.74621,25.29639],[89.74484,25.29889],[89.74315,25.30688],[89.74233,25.30906],[89.74164,25.31303],[89.74147,25.31714],[89.74215,25.31953],[89.73915,25.32011],[89.7378,25.32528],[89.73494,25.33233],[89.7342,25.33499],[89.73276,25.33753],[89.7326,25.34094],[89.73156,25.34403],[89.72857,25.3477],[89.72784,25.3492],[89.72656,25.35339],[89.72535,25.35419],[89.72343,25.35481],[89.72223,25.3555],[89.72181,25.35614],[89.72212,25.35695],[89.72309,25.35784],[89.72642,25.3595],[89.72839,25.36097],[89.73069,25.36172],[89.73538,25.36522],[89.73971,25.3693],[89.7419,25.37078],[89.74427,25.37295],[89.74454,25.37332],[89.74442,25.37399],[89.74518,25.37559],[89.74604,25.37701],[89.74741,25.37844],[89.74869,25.3791],[89.75578,25.37929],[89.76254,25.38019],[89.76247,25.37984],[89.76199,25.37985],[89.76182,25.37961],[89.76166,25.37784],[89.76248,25.37642],[89.76372,25.37267],[89.76585,25.36764],[89.76694,25.3671],[89.76957,25.36735],[89.77966,25.36986],[89.78081,25.37039],[89.7797,25.36266],[89.77987,25.36217],[89.78098,25.36114],[89.78131,25.35907],[89.78109,25.35772],[89.78184,25.35739],[89.78382,25.3572],[89.78512,25.35683],[89.78567,25.35661],[89.78671,25.35556],[89.78772,25.35574],[89.78997,25.35668],[89.78974,25.35445],[89.79032,25.35392],[89.79627,25.35291],[89.79869,25.35279],[89.79996,25.35216],[89.79901,25.34963]]]}},{"type":"Feature","properties":{"key":"char-girish","region":"sirajganj","unionId":"29066614B50066021446771","name":"Char Girish","score":0.659,"level":"Medium","rankRegion":15,"regionCount":57,"maxScore":0.719,"meanScore":0.57,"sections":11,"highSections":3,"population":5625,"buildings":427},"geometry":{"type":"Polygon","coordinates":[[[89.78335,24.66943],[89.78328,24.6689],[89.78511,24.66523],[89.78536,24.6636],[89.78331,24.66404],[89.78209,24.66378],[89.7806,24.66378],[89.77904,24.66528],[89.77719,24.66661],[89.7742,24.66771],[89.77247,24.66858],[89.77157,24.66873],[89.77082,24.66944],[89.77024,24.66952],[89.7695,24.67016],[89.7687,24.67225],[89.76762,24.67341],[89.76508,24.67411],[89.76061,24.67608],[89.75795,24.67701],[89.75675,24.67763],[89.75385,24.68001],[89.75297,24.68046],[89.74998,24.67829],[89.74969,24.67741],[89.74889,24.67662],[89.74782,24.67414],[89.74444,24.67076],[89.7435,24.66878],[89.74182,24.6675],[89.73743,24.6652],[89.73482,24.66524],[89.73428,24.66504],[89.73062,24.66231],[89.72697,24.66195],[89.72458,24.6609],[89.72243,24.65927],[89.722,24.65969],[89.72178,24.66472],[89.72091,24.66623],[89.71973,24.66743],[89.71929,24.66836],[89.72044,24.66818],[89.72051,24.66843],[89.71979,24.67014],[89.72112,24.68018],[89.72087,24.68807],[89.72021,24.6928],[89.72039,24.69545],[89.7212,24.69949],[89.72345,24.70154],[89.72439,24.70293],[89.7251,24.70557],[89.72582,24.70715],[89.72585,24.70837],[89.72468,24.71121],[89.72465,24.71189],[89.72492,24.71226],[89.72617,24.71212],[89.72769,24.71155],[89.72809,24.71119],[89.72976,24.71069],[89.73139,24.71076],[89.73163,24.71116],[89.73161,24.71185],[89.73133,24.71283],[89.73125,24.71468],[89.73164,24.71676],[89.73133,24.71781],[89.73592,24.72196],[89.7364,24.72429],[89.73719,24.72442],[89.73793,24.72415],[89.74041,24.72258],[89.74032,24.72514],[89.74055,24.72625],[89.74341,24.73353],[89.74945,24.73126],[89.75202,24.73258],[89.75224,24.73295],[89.75443,24.73392],[89.75468,24.73375],[89.75452,24.73303],[89.75276,24.73004],[89.76428,24.72591],[89.76398,24.72541],[89.76946,24.72333],[89.77007,24.72335],[89.77241,24.72422],[89.77356,24.71828],[89.77371,24.71641],[89.77424,24.71602],[89.77678,24.71606],[89.7775,24.71553],[89.77801,24.71412],[89.778,24.71245],[89.77825,24.71135],[89.77894,24.71021],[89.78009,24.70939],[89.78177,24.70931],[89.78244,24.70878],[89.78306,24.70449],[89.78331,24.70393],[89.78435,24.70396],[89.78732,24.70535],[89.78875,24.70542],[89.79249,24.70326],[89.7926,24.70213],[89.79236,24.70125],[89.79105,24.69866],[89.79014,24.69779],[89.78866,24.69715],[89.78801,24.69675],[89.78791,24.69647],[89.78877,24.69413],[89.78996,24.69221],[89.79063,24.69168],[89.79212,24.69107],[89.79288,24.69044],[89.79266,24.68997],[89.7911,24.69017],[89.79025,24.69003],[89.79,24.68929],[89.79014,24.68642],[89.79054,24.68558],[89.79187,24.68523],[89.79535,24.68598],[89.79677,24.68559],[89.79867,24.6825],[89.79919,24.68027],[89.7986,24.67857],[89.7975,24.67748],[89.79691,24.67649],[89.79493,24.67543],[89.79277,24.67325],[89.79012,24.67166],[89.78335,24.66943]]]}},{"type":"Feature","properties":{"key":"chhangachha","region":"sirajganj","unionId":"29066614B39043488051854","name":"Chhangachha","score":0.676,"level":"Medium","rankRegion":13,"regionCount":57,"maxScore":0.793,"meanScore":0.5,"sections":8,"highSections":0,"population":9355,"buildings":859},"geometry":{"type":"Polygon","coordinates":[[[89.65176,24.49989],[89.65206,24.50099],[89.65076,24.50198],[89.65094,24.50291],[89.65049,24.50599],[89.65036,24.51109],[89.65005,24.51256],[89.64932,24.51349],[89.64653,24.51369],[89.64579,24.51405],[89.64553,24.51468],[89.64588,24.51554],[89.64747,24.51707],[89.64879,24.51955],[89.65073,24.5224],[89.6495,24.52678],[89.65254,24.5282],[89.6547,24.52878],[89.65556,24.52939],[89.65623,24.53023],[89.65673,24.53162],[89.65716,24.53319],[89.65694,24.53412],[89.65801,24.5352],[89.65874,24.53746],[89.65826,24.53786],[89.65672,24.53809],[89.65238,24.53816],[89.65063,24.53908],[89.64833,24.53936],[89.64565,24.54118],[89.64536,24.54019],[89.64442,24.5407],[89.64301,24.5411],[89.64292,24.54127],[89.64324,24.54159],[89.64316,24.54236],[89.64287,24.54306],[89.64235,24.54334],[89.64217,24.54374],[89.64243,24.54422],[89.64237,24.54485],[89.64493,24.54946],[89.6453,24.55128],[89.6457,24.55204],[89.64663,24.55224],[89.64968,24.55211],[89.65058,24.55257],[89.64985,24.55408],[89.64963,24.55705],[89.65239,24.55707],[89.65327,24.55653],[89.65375,24.55552],[89.65421,24.55527],[89.65601,24.55539],[89.65938,24.55507],[89.66373,24.55546],[89.66489,24.55567],[89.66586,24.5561],[89.66722,24.55795],[89.66723,24.55827],[89.66808,24.55907],[89.66805,24.55741],[89.66865,24.55711],[89.67372,24.55678],[89.67358,24.55592],[89.67444,24.55484],[89.67461,24.55326],[89.67509,24.55232],[89.67588,24.55221],[89.67705,24.55254],[89.67832,24.55341],[89.67961,24.55471],[89.68073,24.55473],[89.68102,24.55437],[89.68056,24.55341],[89.67979,24.5527],[89.67999,24.55202],[89.68189,24.55064],[89.68235,24.5499],[89.68226,24.54853],[89.68133,24.54613],[89.6814,24.54557],[89.68339,24.54526],[89.68759,24.54537],[89.69099,24.54511],[89.69184,24.5461],[89.69237,24.54763],[89.6939,24.54675],[89.69531,24.54388],[89.69561,24.54261],[89.69556,24.54132],[89.69791,24.53902],[89.70105,24.53735],[89.70157,24.53643],[89.70039,24.5353],[89.69621,24.53437],[89.69429,24.53221],[89.6932,24.53144],[89.69297,24.53064],[89.69465,24.53067],[89.69533,24.53122],[89.69571,24.53127],[89.69617,24.53089],[89.6996,24.52973],[89.69991,24.52873],[89.69921,24.52773],[89.6992,24.52728],[89.6998,24.5273],[89.70151,24.52532],[89.70266,24.52495],[89.7028,24.52434],[89.70394,24.52422],[89.70354,24.5231],[89.70255,24.52229],[89.70257,24.52209],[89.70338,24.52201],[89.70349,24.52039],[89.70206,24.51798],[89.70081,24.51689],[89.69992,24.51662],[89.69913,24.51689],[89.69876,24.51753],[89.6988,24.51875],[89.69849,24.519],[89.69806,24.51895],[89.69693,24.51805],[89.69479,24.51523],[89.69292,24.51512],[89.69109,24.51418],[89.68911,24.51406],[89.68753,24.51368],[89.68653,24.51416],[89.68524,24.51434],[89.68435,24.51497],[89.68334,24.51635],[89.68294,24.51652],[89.6823,24.5164],[89.68155,24.51583],[89.6808,24.51464],[89.67981,24.51054],[89.68052,24.51021],[89.6807,24.50987],[89.68088,24.50797],[89.68069,24.50719],[89.67966,24.50837],[89.6787,24.50873],[89.67722,24.50862],[89.67448,24.5079],[89.67303,24.5079],[89.6727,24.50768],[89.67243,24.50736],[89.67296,24.50637],[89.67422,24.50487],[89.67474,24.503],[89.67528,24.50214],[89.67897,24.50188],[89.67892,24.50006],[89.67932,24.49954],[89.67876,24.49715],[89.67837,24.49666],[89.67773,24.4966],[89.67642,24.49693],[89.67385,24.4958],[89.67083,24.49654],[89.66788,24.49541],[89.66564,24.49527],[89.66207,24.49649],[89.66057,24.49569],[89.6595,24.49558],[89.65785,24.49602],[89.65455,24.49736],[89.65192,24.49948],[89.65176,24.49989]]]}},{"type":"Feature","properties":{"key":"chikajani","region":"gaibandha","unionId":"29066614B96981412293624","name":"Chikajani","score":0.737,"level":"High","rankRegion":3,"regionCount":25,"maxScore":0.811,"meanScore":0.625,"sections":13,"highSections":2,"population":14010,"buildings":2628},"geometry":{"type":"Polygon","coordinates":[[[89.73082,25.23078],[89.72966,25.22865],[89.72993,25.22686],[89.73167,25.2219],[89.73191,25.21582],[89.73145,25.21314],[89.73343,25.21169],[89.73628,25.21264],[89.73871,25.212],[89.74015,25.21278],[89.74053,25.21271],[89.7438,25.21069],[89.74492,25.20961],[89.74536,25.20843],[89.74652,25.20799],[89.74712,25.2074],[89.74746,25.20669],[89.74679,25.20555],[89.74364,25.20354],[89.74351,25.20245],[89.74442,25.19893],[89.74419,25.19559],[89.7459,25.19465],[89.74749,25.19408],[89.75185,25.19312],[89.75765,25.19378],[89.76168,25.19368],[89.76271,25.19249],[89.7668,25.19217],[89.76722,25.1913],[89.76862,25.19016],[89.77006,25.18833],[89.77223,25.1879],[89.77543,25.18806],[89.777,25.18757],[89.77731,25.18733],[89.77723,25.18645],[89.77864,25.18575],[89.77851,25.18496],[89.77794,25.18427],[89.7766,25.18374],[89.77591,25.18319],[89.77565,25.18248],[89.7759,25.1813],[89.77449,25.17974],[89.7733,25.17907],[89.76855,25.1811],[89.76722,25.18083],[89.76598,25.17995],[89.76333,25.17718],[89.76083,25.17304],[89.75964,25.17038],[89.75941,25.16911],[89.75842,25.16665],[89.75673,25.16865],[89.75404,25.16961],[89.7531,25.17066],[89.74979,25.17084],[89.74888,25.17071],[89.748,25.1702],[89.74678,25.16889],[89.74531,25.16871],[89.74398,25.16887],[89.74277,25.16978],[89.74177,25.17011],[89.73957,25.17016],[89.73701,25.17051],[89.73669,25.17068],[89.7365,25.17143],[89.73592,25.1717],[89.73139,25.17191],[89.72991,25.17175],[89.72594,25.17057],[89.72418,25.17049],[89.72317,25.16959],[89.72315,25.1722],[89.72376,25.17268],[89.72421,25.17368],[89.72561,25.17533],[89.72587,25.17597],[89.7255,25.17727],[89.72465,25.17853],[89.72408,25.17903],[89.72349,25.17918],[89.72303,25.18065],[89.72297,25.18125],[89.72341,25.1819],[89.7245,25.18246],[89.72441,25.18369],[89.72403,25.18445],[89.72242,25.18394],[89.72114,25.1839],[89.71932,25.18442],[89.71678,25.1859],[89.71419,25.1858],[89.71181,25.18608],[89.71172,25.18654],[89.71272,25.18894],[89.71283,25.19015],[89.71236,25.19135],[89.71107,25.19281],[89.70585,25.19403],[89.70188,25.19422],[89.70101,25.19386],[89.70029,25.19416],[89.69913,25.19523],[89.69787,25.19535],[89.69384,25.19408],[89.69101,25.19434],[89.69016,25.19066],[89.68951,25.18979],[89.68878,25.18721],[89.68809,25.18647],[89.68777,25.18526],[89.68545,25.18424],[89.68465,25.18272],[89.68463,25.18118],[89.68151,25.18232],[89.67968,25.18175],[89.67911,25.18091],[89.67853,25.17919],[89.6769,25.17718],[89.67506,25.17552],[89.67569,25.18239],[89.67628,25.18353],[89.67726,25.18417],[89.67745,25.18573],[89.67786,25.18661],[89.68089,25.19173],[89.68546,25.20241],[89.68617,25.20472],[89.68888,25.20867],[89.69107,25.21092],[89.6917,25.21228],[89.69601,25.21846],[89.69878,25.22577],[89.70039,25.23095],[89.70121,25.23215],[89.70573,25.23431],[89.71315,25.23583],[89.71486,25.23589],[89.71728,25.23565],[89.72489,25.23424],[89.72863,25.23424],[89.73084,25.23379],[89.73356,25.23374],[89.73082,25.23078]]]}},{"type":"Feature","properties":{"key":"chinadulli","region":"gaibandha","unionId":"29066614B94077025165254","name":"Chinadulli","score":0.555,"level":"Medium","rankRegion":15,"regionCount":25,"maxScore":0.644,"meanScore":0.42,"sections":11,"highSections":1,"population":9315,"buildings":1883},"geometry":{"type":"Polygon","coordinates":[[[89.69248,25.07612],[89.69538,25.07971],[89.69607,25.08192],[89.69647,25.08503],[89.69712,25.08667],[89.6971,25.08698],[89.6946,25.08732],[89.69235,25.08802],[89.69008,25.08817],[89.68716,25.08868],[89.68864,25.09262],[89.69123,25.09392],[89.69376,25.09643],[89.69731,25.09463],[89.70082,25.0933],[89.70393,25.09324],[89.70614,25.09344],[89.70704,25.09151],[89.7082,25.09118],[89.70929,25.09163],[89.70987,25.09154],[89.71054,25.09092],[89.71167,25.09048],[89.71311,25.08864],[89.71389,25.08813],[89.71593,25.08829],[89.71789,25.08891],[89.72092,25.09056],[89.72367,25.09172],[89.72447,25.0923],[89.72488,25.09301],[89.72656,25.0925],[89.72674,25.0922],[89.72666,25.09124],[89.72743,25.09115],[89.72804,25.09136],[89.72853,25.09271],[89.73331,25.09423],[89.73575,25.09385],[89.73642,25.09294],[89.73697,25.09166],[89.73694,25.09061],[89.73761,25.0899],[89.73731,25.08841],[89.73736,25.08607],[89.7393,25.0862],[89.74048,25.0865],[89.74025,25.08814],[89.74055,25.0894],[89.74198,25.08872],[89.74257,25.08872],[89.74366,25.08915],[89.74515,25.08764],[89.74592,25.08737],[89.74679,25.08754],[89.74781,25.08834],[89.74957,25.08836],[89.74918,25.08686],[89.74733,25.08428],[89.74536,25.08243],[89.74472,25.08061],[89.74416,25.08079],[89.74331,25.08065],[89.74117,25.07819],[89.73976,25.07711],[89.73957,25.07534],[89.74016,25.07406],[89.74091,25.07356],[89.74359,25.07365],[89.7447,25.07418],[89.74539,25.07277],[89.74571,25.07123],[89.74653,25.07072],[89.74805,25.0703],[89.74795,25.0699],[89.74744,25.06949],[89.74746,25.06838],[89.75183,25.06934],[89.75312,25.06871],[89.75439,25.06735],[89.75458,25.0662],[89.75427,25.06516],[89.75378,25.06494],[89.75272,25.06515],[89.75199,25.06415],[89.75202,25.06387],[89.75255,25.06379],[89.75242,25.06348],[89.75112,25.063],[89.75195,25.06159],[89.75196,25.06093],[89.75295,25.05805],[89.75205,25.05787],[89.75187,25.0574],[89.7523,25.05647],[89.75307,25.05599],[89.753,25.05573],[89.75203,25.05523],[89.7515,25.05466],[89.74987,25.05394],[89.75007,25.05327],[89.75097,25.05299],[89.75113,25.05242],[89.74985,25.05215],[89.74974,25.051],[89.74898,25.05067],[89.74832,25.04981],[89.74843,25.04949],[89.75263,25.0475],[89.7541,25.04643],[89.75419,25.04536],[89.75364,25.04379],[89.75258,25.04273],[89.75115,25.04252],[89.74974,25.04171],[89.74935,25.04181],[89.74767,25.04315],[89.74521,25.04379],[89.74378,25.04361],[89.74186,25.04301],[89.74084,25.04304],[89.73984,25.0434],[89.73874,25.04329],[89.73784,25.043],[89.73691,25.04231],[89.73466,25.04156],[89.73354,25.04186],[89.72964,25.04108],[89.72803,25.04169],[89.72724,25.04235],[89.72661,25.0444],[89.72673,25.04492],[89.72736,25.04502],[89.72739,25.04643],[89.72792,25.04854],[89.72528,25.04907],[89.72584,25.05131],[89.72571,25.05321],[89.72512,25.0537],[89.7244,25.05386],[89.72406,25.05435],[89.72321,25.05704],[89.72302,25.0584],[89.72105,25.05835],[89.72048,25.0573],[89.71725,25.05721],[89.71589,25.05746],[89.7154,25.05777],[89.71505,25.05941],[89.7143,25.05969],[89.71434,25.06077],[89.71364,25.06122],[89.71359,25.06231],[89.71249,25.06324],[89.71073,25.06404],[89.7079,25.06484],[89.70377,25.06526],[89.69505,25.06468],[89.69212,25.06351],[89.69051,25.06097],[89.69011,25.0606],[89.68917,25.06035],[89.68885,25.05951],[89.68829,25.05894],[89.68777,25.05881],[89.68672,25.05907],[89.68641,25.05929],[89.68566,25.0619],[89.68572,25.06241],[89.68631,25.06324],[89.6863,25.06376],[89.68619,25.06409],[89.68545,25.06424],[89.68562,25.06648],[89.68526,25.06691],[89.69142,25.07102],[89.68941,25.07336],[89.69248,25.07612]]]}},{"type":"Feature","properties":{"key":"chukaibari","region":"gaibandha","unionId":"29066614B45676429898522","name":"Chukaibari","score":0.592,"level":"Medium","rankRegion":14,"regionCount":25,"maxScore":0.634,"meanScore":0.529,"sections":8,"highSections":2,"population":6983,"buildings":937},"geometry":{"type":"Polygon","coordinates":[[[89.6769,25.17718],[89.67853,25.17919],[89.67911,25.18091],[89.67968,25.18175],[89.68151,25.18232],[89.68463,25.18118],[89.68465,25.18272],[89.68545,25.18424],[89.68777,25.18526],[89.68809,25.18647],[89.68878,25.18721],[89.68951,25.18979],[89.69016,25.19066],[89.69101,25.19434],[89.69384,25.19408],[89.69787,25.19535],[89.69872,25.19533],[89.70101,25.19386],[89.70188,25.19422],[89.70585,25.19403],[89.71031,25.1931],[89.71124,25.1927],[89.71236,25.19135],[89.71283,25.19015],[89.71272,25.18894],[89.71172,25.18654],[89.71181,25.18608],[89.71419,25.1858],[89.71678,25.1859],[89.71932,25.18442],[89.72114,25.1839],[89.72242,25.18394],[89.72403,25.18445],[89.72441,25.18369],[89.7245,25.18246],[89.72341,25.1819],[89.72297,25.18125],[89.72303,25.18065],[89.72349,25.17918],[89.72408,25.17903],[89.72465,25.17853],[89.7255,25.17727],[89.72587,25.17597],[89.72561,25.17533],[89.72421,25.17368],[89.72376,25.17268],[89.72315,25.1722],[89.72317,25.16959],[89.72418,25.17049],[89.72594,25.17057],[89.72991,25.17175],[89.73139,25.17191],[89.73592,25.1717],[89.7365,25.17143],[89.73669,25.17068],[89.73701,25.17051],[89.73957,25.17016],[89.74177,25.17011],[89.74277,25.16978],[89.74398,25.16887],[89.74531,25.16871],[89.74678,25.16889],[89.748,25.1702],[89.74888,25.17071],[89.74979,25.17084],[89.7531,25.17066],[89.75404,25.16961],[89.75673,25.16865],[89.75842,25.16665],[89.75918,25.16631],[89.75935,25.16505],[89.76215,25.16157],[89.7614,25.16009],[89.75962,25.15843],[89.75966,25.15776],[89.75895,25.15511],[89.75893,25.15361],[89.75676,25.15167],[89.75531,25.14958],[89.75423,25.14416],[89.75231,25.13753],[89.75172,25.13709],[89.75012,25.13649],[89.74903,25.13644],[89.74724,25.1373],[89.74686,25.13773],[89.74641,25.13838],[89.74622,25.13985],[89.74544,25.14214],[89.74519,25.14263],[89.74411,25.14357],[89.74227,25.14357],[89.73747,25.14579],[89.73498,25.14643],[89.73304,25.14742],[89.7304,25.1477],[89.73029,25.14931],[89.73003,25.14996],[89.72934,25.14963],[89.72644,25.14615],[89.72518,25.14727],[89.72379,25.14805],[89.72022,25.14785],[89.71954,25.14972],[89.7179,25.15216],[89.71762,25.15328],[89.71811,25.1537],[89.72006,25.15438],[89.72138,25.15454],[89.72331,25.15594],[89.7249,25.15819],[89.72558,25.1603],[89.72409,25.16037],[89.72315,25.16018],[89.71759,25.15806],[89.71626,25.15781],[89.7125,25.15866],[89.71216,25.15824],[89.71179,25.15816],[89.71072,25.15862],[89.70978,25.15865],[89.70713,25.15327],[89.70583,25.15126],[89.70409,25.14934],[89.70357,25.14782],[89.70264,25.14759],[89.70004,25.14746],[89.6993,25.14783],[89.69933,25.14869],[89.69987,25.15039],[89.69974,25.15196],[89.69414,25.15397],[89.69265,25.15433],[89.69142,25.15436],[89.69113,25.15493],[89.69126,25.15562],[89.69097,25.15608],[89.68921,25.15636],[89.68785,25.15709],[89.68779,25.15844],[89.68816,25.15958],[89.68936,25.15937],[89.68983,25.16048],[89.69012,25.16055],[89.69136,25.15951],[89.69209,25.15945],[89.69244,25.15964],[89.69236,25.1605],[89.69189,25.16139],[89.69094,25.16206],[89.68799,25.1627],[89.68716,25.1626],[89.68611,25.16279],[89.68529,25.16256],[89.68515,25.16152],[89.68547,25.1601],[89.68418,25.1591],[89.68357,25.15795],[89.68245,25.15719],[89.68178,25.1561],[89.68099,25.15637],[89.68066,25.15731],[89.67982,25.15827],[89.67734,25.15903],[89.67728,25.1595],[89.67775,25.16089],[89.6785,25.16183],[89.67821,25.16228],[89.67375,25.16302],[89.67127,25.16292],[89.6675,25.16119],[89.6659,25.16092],[89.66582,25.16123],[89.66615,25.16181],[89.66825,25.165],[89.67198,25.1697],[89.67506,25.17552],[89.6769,25.17718]]]}},{"type":"Feature","properties":{"key":"dhubaria","region":"sirajganj","unionId":"29066614B16260806803371","name":"Dhubaria","score":0.235,"level":"Low","rankRegion":57,"regionCount":57,"maxScore":0.235,"meanScore":0.235,"sections":1,"highSections":0,"population":840,"buildings":201},"geometry":{"type":"Polygon","coordinates":[[[89.83647,24.02901],[89.83824,24.02928],[89.83854,24.02978],[89.83866,24.0309],[89.83896,24.03118],[89.84015,24.03134],[89.84257,24.03124],[89.84296,24.03115],[89.84302,24.029],[89.84321,24.02871],[89.84431,24.02842],[89.84529,24.02781],[89.84652,24.02762],[89.84656,24.02665],[89.85112,24.02716],[89.85281,24.02715],[89.85294,24.02707],[89.85056,24.0249],[89.8499,24.02369],[89.85,24.02291],[89.85045,24.02211],[89.85242,24.02101],[89.85195,24.01926],[89.8523,24.01873],[89.85239,24.0174],[89.85311,24.0169],[89.85338,24.01606],[89.85409,24.01573],[89.85559,24.01586],[89.85753,24.01758],[89.8595,24.01788],[89.8608,24.01631],[89.86123,24.0135],[89.86205,24.01111],[89.86214,24.00958],[89.86269,24.00841],[89.86267,24.00716],[89.86131,24.00684],[89.8589,24.00673],[89.85761,24.00569],[89.85541,24.00565],[89.85492,24.0048],[89.85689,24.00462],[89.85669,24.00255],[89.85605,24.00074],[89.85417,23.99914],[89.85085,23.99939],[89.84607,24.00049],[89.84632,24.00214],[89.84496,24.00253],[89.84218,24.00284],[89.84097,24.00266],[89.83932,24.00281],[89.83665,24.00343],[89.82869,24.00417],[89.82651,24.00461],[89.82585,24.00625],[89.82122,24.00568],[89.82035,24.01106],[89.82036,24.01278],[89.81894,24.01316],[89.81869,24.01387],[89.81821,24.01928],[89.81504,24.01845],[89.81495,24.0174],[89.81392,24.01725],[89.81388,24.01691],[89.81336,24.01671],[89.81069,24.01703],[89.8102,24.01727],[89.81031,24.01563],[89.81106,24.01419],[89.80635,24.01469],[89.80175,24.01483],[89.80165,24.01626],[89.80084,24.01773],[89.80069,24.01895],[89.79986,24.02031],[89.79986,24.02192],[89.79939,24.0236],[89.80476,24.02277],[89.80698,24.02297],[89.81158,24.02405],[89.81977,24.02511],[89.82297,24.02636],[89.82618,24.02673],[89.82742,24.02669],[89.82932,24.02805],[89.83395,24.02877],[89.83473,24.02914],[89.83647,24.02901]]]}},{"type":"Feature","properties":{"key":"duptiair","region":"sirajganj","unionId":"29066614B75597752508543","name":"Duptiair","score":0.56,"level":"Medium","rankRegion":30,"regionCount":57,"maxScore":0.659,"meanScore":0.413,"sections":6,"highSections":1,"population":4917,"buildings":1989},"geometry":{"type":"Polygon","coordinates":[[[89.77297,23.97345],[89.77158,23.97656],[89.76935,23.97653],[89.76742,23.97738],[89.76608,23.97745],[89.76517,23.97775],[89.76437,23.97823],[89.76422,23.979],[89.76486,23.98009],[89.76744,23.9817],[89.76895,23.98323],[89.7698,23.98377],[89.77174,23.98443],[89.77295,23.98541],[89.77486,23.98602],[89.77682,23.98779],[89.77704,23.98927],[89.77763,23.99061],[89.77543,23.99164],[89.77532,23.99196],[89.7768,23.99515],[89.77843,23.99796],[89.77943,24.00067],[89.78258,24.00635],[89.78563,24.00985],[89.7865,24.01937],[89.78798,24.02476],[89.78814,24.02706],[89.79106,24.02674],[89.79294,24.02627],[89.79495,24.02559],[89.79653,24.02469],[89.79678,24.02477],[89.79698,24.02387],[89.79725,24.02363],[89.79939,24.0236],[89.79986,24.02192],[89.79986,24.02031],[89.80069,24.01895],[89.80084,24.01773],[89.80165,24.01626],[89.80175,24.01483],[89.80635,24.01469],[89.81106,24.01419],[89.81031,24.01563],[89.8102,24.01727],[89.81069,24.01703],[89.81336,24.01671],[89.81388,24.01691],[89.81392,24.01725],[89.81495,24.0174],[89.81504,24.01845],[89.81821,24.01928],[89.81869,24.01387],[89.81894,24.01316],[89.82036,24.01278],[89.82035,24.01106],[89.82122,24.00568],[89.82585,24.00625],[89.82651,24.00461],[89.82931,24.00407],[89.83219,24.00396],[89.83665,24.00343],[89.83877,24.00288],[89.84097,24.00266],[89.83996,23.99864],[89.84016,23.99787],[89.84006,23.99628],[89.8404,23.99455],[89.83892,23.99401],[89.8388,23.99345],[89.84019,23.99169],[89.84089,23.98872],[89.8419,23.98792],[89.84316,23.98734],[89.84419,23.9871],[89.846,23.9872],[89.84625,23.98689],[89.84527,23.98619],[89.84342,23.98574],[89.84289,23.98527],[89.84116,23.98127],[89.83973,23.97891],[89.83867,23.97646],[89.83307,23.97767],[89.83002,23.97869],[89.82966,23.97867],[89.82865,23.97792],[89.8282,23.97794],[89.82692,23.97895],[89.8269,23.98105],[89.82661,23.9813],[89.82296,23.98148],[89.82134,23.98231],[89.81949,23.98229],[89.81862,23.98214],[89.81822,23.98175],[89.81816,23.98063],[89.81733,23.97838],[89.81299,23.97841],[89.81308,23.9761],[89.81229,23.9724],[89.80992,23.97249],[89.80654,23.97301],[89.80525,23.97375],[89.80589,23.97618],[89.80583,23.97759],[89.80525,23.9783],[89.80351,23.97927],[89.80143,23.9798],[89.79707,23.97916],[89.79495,23.97957],[89.7927,23.97912],[89.79258,23.9799],[89.79296,23.98231],[89.79398,23.98645],[89.79327,23.98691],[89.79038,23.98697],[89.78772,23.98753],[89.7868,23.98733],[89.78498,23.98508],[89.78451,23.98377],[89.78403,23.98041],[89.78363,23.9798],[89.78235,23.97921],[89.78135,23.97834],[89.78001,23.97778],[89.77892,23.97685],[89.7773,23.97659],[89.77663,23.97441],[89.77544,23.97435],[89.77449,23.97371],[89.77297,23.97345]]]}},{"type":"Feature","properties":{"key":"erendabari","region":"gaibandha","unionId":"29066614B33260955984753","name":"Erendabari","score":0.671,"level":"Medium","rankRegion":8,"regionCount":25,"maxScore":0.752,"meanScore":0.551,"sections":21,"highSections":3,"population":10781,"buildings":4336},"geometry":{"type":"Polygon","coordinates":[[[89.75066,25.25067],[89.75066,25.24858],[89.74981,25.24282],[89.74966,25.24005],[89.74889,25.23642],[89.74787,25.23508],[89.74336,25.234],[89.74102,25.23372],[89.73084,25.23379],[89.72863,25.23424],[89.72445,25.2343],[89.71646,25.23577],[89.7126,25.23579],[89.70675,25.23461],[89.70374,25.23339],[89.70121,25.23215],[89.7005,25.23117],[89.69999,25.22983],[89.69584,25.2299],[89.6926,25.23027],[89.68953,25.23022],[89.68641,25.22953],[89.685,25.22841],[89.6843,25.22994],[89.68369,25.23073],[89.68311,25.23098],[89.67714,25.23176],[89.67615,25.23171],[89.67483,25.23111],[89.67118,25.23428],[89.6679,25.23632],[89.66438,25.23924],[89.66443,25.23965],[89.666,25.2408],[89.66829,25.24186],[89.6697,25.24314],[89.67146,25.24565],[89.67204,25.24982],[89.67276,25.25097],[89.67443,25.25284],[89.67907,25.25651],[89.6812,25.25868],[89.68187,25.25989],[89.68165,25.26049],[89.68181,25.26121],[89.68141,25.26155],[89.68147,25.26298],[89.68092,25.26357],[89.68236,25.26394],[89.68309,25.26366],[89.68329,25.26378],[89.68576,25.2657],[89.6869,25.26701],[89.68792,25.26885],[89.68847,25.26915],[89.68925,25.27011],[89.6893,25.27093],[89.68999,25.27114],[89.69084,25.27254],[89.69037,25.27337],[89.69203,25.27552],[89.69267,25.27701],[89.69262,25.27745],[89.69203,25.2778],[89.6923,25.27834],[89.69277,25.27854],[89.6932,25.2793],[89.69394,25.27949],[89.69424,25.2799],[89.69592,25.28075],[89.69669,25.28083],[89.69687,25.28111],[89.69647,25.28223],[89.6959,25.28265],[89.69569,25.28347],[89.69507,25.28418],[89.6945,25.2854],[89.69426,25.28715],[89.69499,25.28806],[89.6943,25.28933],[89.69475,25.29015],[89.69442,25.29071],[89.69394,25.29086],[89.69368,25.2913],[89.69299,25.29129],[89.69309,25.29199],[89.69206,25.29217],[89.69095,25.2938],[89.69047,25.29383],[89.69019,25.29423],[89.68981,25.29423],[89.68955,25.29508],[89.68891,25.29532],[89.68794,25.2962],[89.68732,25.29595],[89.68595,25.29605],[89.68436,25.29495],[89.6829,25.29515],[89.68131,25.29492],[89.68102,25.2952],[89.6798,25.29492],[89.67939,25.29517],[89.67942,25.29578],[89.68002,25.29689],[89.68008,25.29832],[89.67956,25.30112],[89.67858,25.30425],[89.68001,25.30366],[89.68178,25.30248],[89.6825,25.30231],[89.68276,25.3024],[89.68282,25.30422],[89.68343,25.30484],[89.68442,25.30534],[89.68328,25.30568],[89.68405,25.30598],[89.68498,25.30671],[89.68565,25.30798],[89.68586,25.30912],[89.68558,25.31039],[89.68409,25.30862],[89.68337,25.30875],[89.68293,25.30969],[89.6832,25.31121],[89.6842,25.31203],[89.68444,25.31253],[89.68366,25.31304],[89.68341,25.3136],[89.6835,25.31441],[89.6843,25.3151],[89.68424,25.316],[89.68354,25.31715],[89.68346,25.31804],[89.68619,25.31904],[89.68622,25.31965],[89.68582,25.32041],[89.68522,25.32045],[89.68458,25.32098],[89.68402,25.32102],[89.68373,25.3207],[89.68333,25.32083],[89.68236,25.32155],[89.68136,25.32291],[89.68078,25.32267],[89.68041,25.32311],[89.67802,25.32459],[89.67765,25.32424],[89.6771,25.32279],[89.67619,25.32302],[89.67624,25.32365],[89.68002,25.3317],[89.68129,25.33376],[89.68169,25.33419],[89.68252,25.33455],[89.68267,25.33505],[89.68294,25.34134],[89.68271,25.34459],[89.68203,25.34854],[89.68167,25.34868],[89.6809,25.34835],[89.67996,25.34857],[89.67856,25.34847],[89.67915,25.35343],[89.68013,25.3541],[89.68041,25.35401],[89.68116,25.35494],[89.68111,25.35719],[89.68022,25.36084],[89.68031,25.36321],[89.6796,25.36554],[89.68344,25.3647],[89.68764,25.36327],[89.68806,25.36364],[89.68867,25.36375],[89.69078,25.3635],[89.69082,25.36421],[89.69039,25.36474],[89.69019,25.36563],[89.69059,25.36727],[89.69071,25.36994],[89.68957,25.37222],[89.68877,25.37735],[89.68927,25.38006],[89.69002,25.38212],[89.69197,25.38611],[89.69321,25.387],[89.69752,25.38702],[89.70164,25.38655],[89.70243,25.38617],[89.70161,25.38533],[89.69897,25.38437],[89.69847,25.38382],[89.69977,25.38109],[89.69998,25.37973],[89.70178,25.37843],[89.70245,25.37757],[89.70481,25.37149],[89.70508,25.3712],[89.70878,25.36994],[89.70957,25.36915],[89.70998,25.36924],[89.71424,25.36716],[89.71458,25.36444],[89.71458,25.36179],[89.7159,25.35903],[89.7161,25.3547],[89.71589,25.3508],[89.7168,25.34541],[89.71738,25.34377],[89.71813,25.34389],[89.72004,25.34552],[89.72123,25.34616],[89.72222,25.34632],[89.7233,25.3461],[89.7243,25.34546],[89.72544,25.34367],[89.72608,25.34146],[89.72658,25.33773],[89.72701,25.33683],[89.7291,25.33545],[89.73102,25.33753],[89.73273,25.33835],[89.73276,25.33753],[89.7342,25.33499],[89.73494,25.33233],[89.7378,25.32528],[89.73915,25.32011],[89.74215,25.31953],[89.74147,25.31714],[89.74164,25.31303],[89.74233,25.30906],[89.74315,25.30688],[89.74492,25.29866],[89.7468,25.29567],[89.74812,25.2948],[89.74963,25.29188],[89.75035,25.29144],[89.75214,25.28919],[89.75476,25.28345],[89.75633,25.28086],[89.75549,25.2785],[89.75511,25.27661],[89.75428,25.27519],[89.75383,25.27368],[89.75321,25.27259],[89.7518,25.27153],[89.74936,25.27112],[89.74881,25.2703],[89.74859,25.26782],[89.74974,25.26796],[89.74905,25.26062],[89.74914,25.25686],[89.75066,25.25067]]]}},{"type":"Feature","properties":{"key":"gabsara","region":"sirajganj","unionId":"29066614B34472282797115","name":"Gabsara","score":0.508,"level":"Medium","rankRegion":43,"regionCount":57,"maxScore":0.538,"meanScore":0.462,"sections":12,"highSections":2,"population":6296,"buildings":510},"geometry":{"type":"Polygon","coordinates":[[[89.75135,24.5251],[89.75414,24.52463],[89.75586,24.52457],[89.75706,24.52425],[89.75911,24.52435],[89.76314,24.52503],[89.76595,24.52474],[89.76689,24.52491],[89.76718,24.52301],[89.7687,24.5231],[89.77286,24.52435],[89.77413,24.52499],[89.77486,24.52669],[89.77529,24.53098],[89.776,24.53291],[89.7808,24.52192],[89.78426,24.51662],[89.78484,24.51634],[89.78533,24.51668],[89.78401,24.52076],[89.78354,24.52393],[89.7821,24.52855],[89.78329,24.5289],[89.79069,24.52892],[89.79614,24.52954],[89.80175,24.5295],[89.80202,24.53064],[89.80342,24.5336],[89.81001,24.53056],[89.81608,24.52858],[89.8165,24.5284],[89.81621,24.52834],[89.81641,24.52823],[89.8182,24.52769],[89.8202,24.52658],[89.82066,24.52653],[89.82101,24.52701],[89.82222,24.53009],[89.82335,24.52995],[89.82408,24.52929],[89.82517,24.52926],[89.82604,24.52858],[89.82763,24.52799],[89.82785,24.52442],[89.82944,24.52415],[89.82998,24.52284],[89.83187,24.52111],[89.83475,24.51681],[89.83498,24.51466],[89.83395,24.50647],[89.8331,24.50619],[89.83306,24.50596],[89.83518,24.50259],[89.83554,24.49854],[89.83759,24.49829],[89.83954,24.49193],[89.83997,24.48998],[89.8398,24.48924],[89.84265,24.48927],[89.84553,24.489],[89.84655,24.48832],[89.84708,24.48868],[89.84725,24.48952],[89.84789,24.48988],[89.85164,24.49058],[89.85232,24.49029],[89.85208,24.4898],[89.85199,24.48825],[89.8526,24.48751],[89.85253,24.48588],[89.85124,24.48544],[89.85033,24.4841],[89.84718,24.48385],[89.84618,24.48348],[89.84546,24.48143],[89.84555,24.48057],[89.84649,24.48032],[89.84648,24.47858],[89.84627,24.47816],[89.84594,24.47804],[89.84478,24.4782],[89.845,24.47617],[89.84413,24.47437],[89.84129,24.4725],[89.83735,24.46861],[89.83635,24.46705],[89.83573,24.46725],[89.83544,24.46712],[89.83199,24.46467],[89.8286,24.46376],[89.82805,24.46257],[89.82649,24.46177],[89.8229,24.45939],[89.8213,24.45732],[89.81885,24.45538],[89.8186,24.4547],[89.81928,24.45451],[89.81932,24.45408],[89.81857,24.45342],[89.81806,24.4535],[89.81733,24.45318],[89.81686,24.45586],[89.81601,24.45677],[89.81516,24.4552],[89.81369,24.45456],[89.81261,24.45265],[89.81213,24.45235],[89.81116,24.45247],[89.81009,24.45399],[89.80932,24.45688],[89.80817,24.45963],[89.80592,24.46008],[89.80499,24.45912],[89.80351,24.45865],[89.80286,24.45865],[89.80161,24.45975],[89.80011,24.46223],[89.79875,24.46224],[89.79788,24.46179],[89.79818,24.45842],[89.79782,24.45741],[89.79145,24.45912],[89.79136,24.45809],[89.79197,24.45401],[89.79279,24.45107],[89.79288,24.449],[89.79338,24.44844],[89.79504,24.44821],[89.79475,24.44687],[89.79386,24.44476],[89.79379,24.44263],[89.79141,24.44249],[89.78731,24.44271],[89.78382,24.44244],[89.78449,24.44027],[89.78044,24.44019],[89.77757,24.44159],[89.77296,24.44324],[89.77174,24.44417],[89.77324,24.44775],[89.77136,24.44719],[89.76786,24.44561],[89.76551,24.44768],[89.76445,24.44734],[89.76338,24.44646],[89.76205,24.44403],[89.76178,24.443],[89.75696,24.4419],[89.74791,24.4408],[89.75027,24.44569],[89.75112,24.4465],[89.7522,24.44851],[89.75288,24.45001],[89.75331,24.45224],[89.75498,24.45461],[89.7552,24.45523],[89.75504,24.45547],[89.75386,24.45564],[89.75179,24.45537],[89.74563,24.45518],[89.7429,24.45531],[89.74236,24.4557],[89.74222,24.45774],[89.74309,24.46009],[89.74345,24.46256],[89.74301,24.46476],[89.74338,24.4659],[89.74342,24.46751],[89.74318,24.4685],[89.74252,24.46962],[89.74238,24.47065],[89.74286,24.47153],[89.74417,24.47194],[89.7457,24.47283],[89.74895,24.47282],[89.74917,24.47299],[89.75367,24.47886],[89.75569,24.48066],[89.75752,24.48303],[89.75798,24.48507],[89.75683,24.48548],[89.75571,24.48535],[89.75473,24.48491],[89.75364,24.48408],[89.7508,24.48133],[89.74902,24.48047],[89.74842,24.48059],[89.74819,24.48084],[89.74741,24.48301],[89.74795,24.48493],[89.74929,24.48766],[89.75337,24.49281],[89.75572,24.4965],[89.75762,24.49827],[89.75816,24.49955],[89.75683,24.50118],[89.75704,24.503],[89.75583,24.50437],[89.75551,24.50632],[89.75511,24.50647],[89.75381,24.50633],[89.75103,24.50484],[89.75028,24.50488],[89.75011,24.50591],[89.75039,24.50761],[89.75022,24.50831],[89.74951,24.50925],[89.74857,24.50953],[89.74799,24.51041],[89.74633,24.51054],[89.74531,24.51174],[89.74211,24.51373],[89.73902,24.51417],[89.73766,24.51473],[89.73682,24.51552],[89.73455,24.51681],[89.73411,24.51793],[89.73433,24.51912],[89.73468,24.51963],[89.73554,24.52012],[89.73577,24.52082],[89.73624,24.52131],[89.73856,24.52306],[89.73981,24.52308],[89.74132,24.52265],[89.74456,24.52105],[89.74696,24.52021],[89.74745,24.52021],[89.74904,24.52604],[89.75135,24.5251]]]}},{"type":"Feature","properties":{"key":"gala","region":"sirajganj","unionId":"29066614B15746196541033","name":"Gala","score":0.656,"level":"Medium","rankRegion":16,"regionCount":57,"maxScore":0.752,"meanScore":0.511,"sections":7,"highSections":1,"population":12470,"buildings":2059},"geometry":{"type":"Polygon","coordinates":[[[89.65974,24.07526],[89.65984,24.07545],[89.65368,24.07816],[89.65161,24.07945],[89.64417,24.08217],[89.64153,24.08365],[89.63923,24.08561],[89.63788,24.08644],[89.63702,24.08685],[89.63618,24.08681],[89.63644,24.08885],[89.63678,24.089],[89.63687,24.0899],[89.63664,24.09172],[89.63621,24.09253],[89.63649,24.09376],[89.63716,24.0942],[89.63831,24.09437],[89.64359,24.096],[89.64478,24.09666],[89.64558,24.0974],[89.64632,24.09856],[89.64659,24.09951],[89.64662,24.10055],[89.64759,24.10304],[89.64793,24.10565],[89.64797,24.10657],[89.64733,24.10662],[89.64678,24.10633],[89.64588,24.10685],[89.64558,24.10726],[89.64557,24.10778],[89.64605,24.10894],[89.6451,24.11095],[89.64237,24.11194],[89.64151,24.11248],[89.64032,24.11371],[89.63583,24.11611],[89.63643,24.11791],[89.63737,24.11946],[89.63759,24.12039],[89.63719,24.12468],[89.63736,24.12674],[89.63863,24.12749],[89.64054,24.12926],[89.64445,24.12426],[89.64672,24.12507],[89.64719,24.12419],[89.65028,24.12263],[89.65126,24.12061],[89.65425,24.11963],[89.65389,24.11745],[89.65591,24.11716],[89.6563,24.11764],[89.65707,24.11772],[89.65883,24.11668],[89.65943,24.11522],[89.65982,24.11495],[89.66041,24.11499],[89.66157,24.11679],[89.6622,24.11691],[89.66304,24.11636],[89.66441,24.1203],[89.66855,24.11875],[89.66996,24.11841],[89.67068,24.11852],[89.67244,24.11785],[89.67238,24.1166],[89.67194,24.11553],[89.67004,24.11476],[89.66957,24.11394],[89.66977,24.11237],[89.67217,24.11018],[89.67545,24.10945],[89.67632,24.10984],[89.67778,24.11249],[89.67853,24.1152],[89.67917,24.11571],[89.67934,24.11637],[89.68012,24.11669],[89.68032,24.11708],[89.68121,24.11721],[89.6818,24.11698],[89.68381,24.11474],[89.6852,24.11405],[89.68613,24.11395],[89.68636,24.11497],[89.68786,24.11841],[89.68908,24.1195],[89.68872,24.12138],[89.68879,24.1219],[89.68912,24.12203],[89.69009,24.12185],[89.69165,24.12114],[89.69375,24.1184],[89.69444,24.11792],[89.69667,24.11704],[89.6965,24.116],[89.69671,24.11518],[89.69882,24.11267],[89.69929,24.11175],[89.69924,24.10968],[89.69678,24.10661],[89.69669,24.10549],[89.69732,24.10117],[89.69711,24.10038],[89.69609,24.09904],[89.69632,24.09851],[89.69503,24.09764],[89.69359,24.09727],[89.69207,24.09715],[89.68896,24.09738],[89.68855,24.0971],[89.68827,24.09583],[89.68767,24.09461],[89.68826,24.09342],[89.68943,24.0923],[89.6911,24.09112],[89.6928,24.09037],[89.69476,24.09073],[89.69414,24.0926],[89.69434,24.09309],[89.69472,24.09302],[89.69667,24.09041],[89.69713,24.08913],[89.69688,24.08804],[89.69555,24.08605],[89.69528,24.08514],[89.69529,24.08399],[89.69563,24.0828],[89.69619,24.08168],[89.698,24.07949],[89.69863,24.07908],[89.70028,24.07921],[89.70042,24.07782],[89.69913,24.07694],[89.69744,24.07506],[89.6958,24.07588],[89.69532,24.07557],[89.69195,24.07465],[89.68922,24.07297],[89.68954,24.07163],[89.69241,24.07025],[89.69266,24.06971],[89.69251,24.06954],[89.6905,24.06985],[89.69025,24.06968],[89.68999,24.06922],[89.68987,24.06629],[89.68927,24.06532],[89.68833,24.0646],[89.68551,24.06398],[89.68475,24.06348],[89.6846,24.06234],[89.68517,24.05926],[89.68472,24.05848],[89.68459,24.05839],[89.68382,24.0589],[89.68242,24.06097],[89.68127,24.06203],[89.67842,24.06318],[89.67681,24.06428],[89.6755,24.06379],[89.67047,24.06707],[89.66737,24.06872],[89.66421,24.07096],[89.66258,24.07307],[89.65974,24.07526]]]}},{"type":"Feature","properties":{"key":"gandail","region":"sirajganj","unionId":"29066614B21119783475401","name":"Gandail","score":0.567,"level":"Medium","rankRegion":28,"regionCount":57,"maxScore":0.657,"meanScore":0.432,"sections":6,"highSections":0,"population":6589,"buildings":1076},"geometry":{"type":"Polygon","coordinates":[[[89.58676,24.61638],[89.58701,24.61678],[89.58673,24.61758],[89.587,24.6179],[89.58923,24.61855],[89.59136,24.61788],[89.5925,24.61787],[89.59295,24.61819],[89.59471,24.62059],[89.59478,24.62108],[89.59396,24.62178],[89.59404,24.62276],[89.59449,24.623],[89.59444,24.62359],[89.59276,24.62455],[89.5945,24.6259],[89.59679,24.62724],[89.59778,24.62856],[89.59947,24.63391],[89.59948,24.63554],[89.5998,24.63637],[89.59986,24.63782],[89.60019,24.63856],[89.6002,24.63982],[89.60051,24.64106],[89.60138,24.64095],[89.60264,24.63967],[89.60275,24.63884],[89.60392,24.6377],[89.60448,24.63566],[89.60506,24.63526],[89.60605,24.63494],[89.6079,24.63475],[89.61209,24.6351],[89.61215,24.6368],[89.61254,24.63719],[89.61344,24.63751],[89.61392,24.63686],[89.61516,24.63687],[89.61694,24.63611],[89.61719,24.63583],[89.61718,24.63509],[89.61792,24.63508],[89.61857,24.63481],[89.61985,24.63528],[89.6206,24.63531],[89.62328,24.63475],[89.62273,24.63327],[89.62282,24.63257],[89.62322,24.63216],[89.62722,24.63236],[89.62972,24.63102],[89.63248,24.63106],[89.63343,24.63021],[89.63409,24.62995],[89.63563,24.63298],[89.63532,24.63459],[89.6355,24.63523],[89.6362,24.63592],[89.63759,24.63585],[89.63871,24.63622],[89.63927,24.63815],[89.64091,24.6372],[89.64168,24.63602],[89.64165,24.63478],[89.64045,24.63304],[89.64056,24.6325],[89.64374,24.63018],[89.64456,24.63011],[89.64558,24.63106],[89.64599,24.63097],[89.646,24.62938],[89.64709,24.62651],[89.6473,24.62444],[89.64849,24.62435],[89.64981,24.62545],[89.65073,24.62542],[89.65167,24.62476],[89.6529,24.62095],[89.65407,24.62004],[89.65407,24.61952],[89.65327,24.61904],[89.65013,24.61841],[89.64988,24.61774],[89.64986,24.61664],[89.6507,24.61526],[89.65167,24.61493],[89.65275,24.615],[89.65352,24.61614],[89.65403,24.61622],[89.65423,24.61606],[89.65582,24.61714],[89.6562,24.61847],[89.65669,24.61908],[89.65794,24.61934],[89.65985,24.62117],[89.66206,24.62087],[89.66375,24.62137],[89.6672,24.62156],[89.66895,24.61951],[89.66931,24.61848],[89.66908,24.61722],[89.66928,24.61419],[89.66895,24.61389],[89.66829,24.61123],[89.66899,24.61039],[89.66836,24.60692],[89.66807,24.60657],[89.66716,24.60653],[89.66447,24.60721],[89.66285,24.60799],[89.66285,24.60578],[89.66239,24.6037],[89.66043,24.60398],[89.65612,24.60343],[89.65531,24.60196],[89.65419,24.60071],[89.65481,24.59671],[89.65574,24.5945],[89.656,24.5927],[89.65572,24.59229],[89.65464,24.5919],[89.65284,24.59334],[89.65082,24.59626],[89.64693,24.60014],[89.64603,24.60011],[89.64355,24.59767],[89.64177,24.59679],[89.6408,24.59687],[89.63685,24.59824],[89.63555,24.59797],[89.63254,24.59684],[89.63132,24.59684],[89.63027,24.59849],[89.62865,24.60206],[89.62615,24.60349],[89.62446,24.60393],[89.62403,24.60567],[89.62252,24.60561],[89.62226,24.60577],[89.61951,24.60899],[89.61844,24.60897],[89.61774,24.60861],[89.61694,24.60743],[89.61537,24.60754],[89.61375,24.60805],[89.61254,24.60923],[89.61089,24.61318],[89.60993,24.61325],[89.6093,24.61302],[89.60934,24.61149],[89.60817,24.61053],[89.60539,24.60963],[89.60367,24.60935],[89.60271,24.60883],[89.6023,24.60776],[89.60196,24.60548],[89.6017,24.60522],[89.59752,24.60997],[89.59565,24.6114],[89.59425,24.61195],[89.59238,24.61099],[89.59211,24.61093],[89.59151,24.61145],[89.58996,24.61056],[89.5892,24.61072],[89.58871,24.61144],[89.58806,24.61421],[89.5872,24.61534],[89.58678,24.61553],[89.58676,24.61638]]]}},{"type":"Feature","properties":{"key":"gazaria","region":"gaibandha","unionId":"29066614B22549105649922","name":"Gazaria","score":0.705,"level":"High","rankRegion":6,"regionCount":25,"maxScore":0.802,"meanScore":0.559,"sections":11,"highSections":2,"population":7404,"buildings":1449},"geometry":{"type":"Polygon","coordinates":[[[89.59255,25.18627],[89.59197,25.1865],[89.59134,25.18645],[89.58709,25.18439],[89.5862,25.18444],[89.58517,25.18546],[89.58448,25.1867],[89.58447,25.1874],[89.58474,25.18786],[89.58598,25.18839],[89.58698,25.18939],[89.58767,25.19074],[89.58781,25.19189],[89.58834,25.19265],[89.58866,25.19288],[89.58993,25.19304],[89.59072,25.19275],[89.59173,25.19111],[89.59247,25.19201],[89.59285,25.19304],[89.59257,25.19378],[89.59217,25.19414],[89.59125,25.19418],[89.5899,25.19361],[89.58861,25.19392],[89.58833,25.19425],[89.58853,25.19522],[89.58825,25.19524],[89.58766,25.19477],[89.58641,25.19208],[89.58564,25.19246],[89.58531,25.19288],[89.58483,25.1948],[89.58492,25.19549],[89.58548,25.19581],[89.58649,25.19535],[89.58715,25.19618],[89.58711,25.19706],[89.58567,25.1978],[89.58453,25.19876],[89.58389,25.19888],[89.58376,25.19912],[89.58427,25.1997],[89.58672,25.19921],[89.58675,25.20104],[89.58625,25.20253],[89.58499,25.20389],[89.58391,25.20592],[89.58352,25.20612],[89.58296,25.20815],[89.58237,25.20917],[89.58116,25.21008],[89.57994,25.21054],[89.57869,25.21216],[89.5786,25.21306],[89.57989,25.21386],[89.57889,25.21568],[89.57825,25.21619],[89.57767,25.21616],[89.57748,25.21546],[89.57787,25.21457],[89.57736,25.21366],[89.57629,25.21397],[89.57516,25.21558],[89.57513,25.21614],[89.57624,25.21748],[89.57717,25.21999],[89.57671,25.22026],[89.57593,25.22014],[89.57429,25.21802],[89.57369,25.21756],[89.57314,25.21848],[89.57232,25.22095],[89.57249,25.22182],[89.57325,25.22273],[89.57319,25.2231],[89.57245,25.22305],[89.57095,25.22203],[89.57043,25.2223],[89.5697,25.22226],[89.56931,25.22203],[89.56844,25.22049],[89.56738,25.22097],[89.5669,25.22157],[89.56662,25.22246],[89.56676,25.22389],[89.56781,25.22417],[89.56747,25.22702],[89.56759,25.22784],[89.56835,25.22823],[89.56993,25.22729],[89.56988,25.22827],[89.56905,25.23007],[89.56934,25.23076],[89.56989,25.23105],[89.57026,25.23104],[89.57052,25.23074],[89.57071,25.23002],[89.57052,25.22856],[89.57082,25.22791],[89.57128,25.22787],[89.5717,25.22826],[89.57209,25.2283],[89.57331,25.22767],[89.57384,25.22778],[89.57402,25.22808],[89.57371,25.22962],[89.57437,25.23014],[89.57421,25.23085],[89.5735,25.23097],[89.57246,25.22992],[89.57198,25.22994],[89.57247,25.23115],[89.57411,25.23377],[89.57414,25.23466],[89.57394,25.23488],[89.57354,25.23476],[89.57205,25.23315],[89.57136,25.23299],[89.57069,25.23354],[89.57114,25.23577],[89.57057,25.2364],[89.57003,25.23649],[89.57007,25.23675],[89.57242,25.23711],[89.57273,25.23747],[89.57362,25.23763],[89.57376,25.23832],[89.57354,25.23854],[89.57416,25.2387],[89.57506,25.23862],[89.57564,25.23811],[89.57974,25.23786],[89.58104,25.23752],[89.58287,25.23795],[89.58327,25.23828],[89.58342,25.23998],[89.58384,25.24026],[89.58395,25.2409],[89.58525,25.24128],[89.58562,25.24101],[89.58552,25.24031],[89.58527,25.24007],[89.58533,25.23941],[89.5865,25.23932],[89.58666,25.23713],[89.58696,25.23698],[89.5898,25.23692],[89.59378,25.2365],[89.59792,25.23661],[89.59893,25.23692],[89.59928,25.23802],[89.59985,25.23809],[89.60107,25.23664],[89.60178,25.23616],[89.60249,25.235],[89.60396,25.2358],[89.60491,25.2367],[89.60638,25.23656],[89.60711,25.23616],[89.60743,25.23571],[89.60801,25.23563],[89.60988,25.23663],[89.61068,25.23632],[89.61245,25.23723],[89.61312,25.23737],[89.61315,25.23712],[89.61473,25.23663],[89.61529,25.23591],[89.61799,25.2348],[89.61889,25.23464],[89.61934,25.23429],[89.62083,25.23426],[89.62395,25.23254],[89.62485,25.23236],[89.62638,25.23268],[89.62671,25.23312],[89.62734,25.23336],[89.62763,25.23245],[89.62825,25.2322],[89.62779,25.22895],[89.62817,25.2256],[89.62864,25.22417],[89.62937,25.22349],[89.63234,25.2223],[89.63413,25.22128],[89.63988,25.21566],[89.63873,25.21561],[89.63688,25.21229],[89.63542,25.21275],[89.63375,25.21266],[89.63351,25.21298],[89.63264,25.21318],[89.63182,25.21321],[89.63136,25.21291],[89.63119,25.21048],[89.62893,25.20751],[89.62826,25.2061],[89.62656,25.20454],[89.62266,25.20156],[89.62149,25.2013],[89.62001,25.20186],[89.6182,25.20488],[89.61658,25.20446],[89.61643,25.20361],[89.61688,25.2026],[89.61821,25.20149],[89.61955,25.20075],[89.61969,25.2004],[89.61916,25.20012],[89.61863,25.20034],[89.61722,25.20166],[89.61637,25.20162],[89.616,25.20093],[89.6162,25.19816],[89.61579,25.19773],[89.61518,25.19754],[89.61338,25.19812],[89.61282,25.19698],[89.61407,25.19634],[89.61552,25.19519],[89.61655,25.19474],[89.61602,25.19341],[89.61615,25.19269],[89.61574,25.19206],[89.61434,25.19156],[89.61415,25.19023],[89.61331,25.18925],[89.6149,25.18788],[89.61476,25.18737],[89.61583,25.18695],[89.61595,25.1865],[89.6171,25.18628],[89.61809,25.18419],[89.61833,25.18186],[89.61859,25.18174],[89.61838,25.18056],[89.61872,25.17912],[89.6185,25.17853],[89.61705,25.17691],[89.61711,25.17496],[89.61667,25.1748],[89.61527,25.17488],[89.61505,25.17537],[89.61456,25.17539],[89.61255,25.17454],[89.61175,25.17408],[89.61189,25.17378],[89.61038,25.17312],[89.60809,25.17266],[89.60769,25.17295],[89.60554,25.17625],[89.6034,25.17832],[89.6024,25.1798],[89.59601,25.18536],[89.59394,25.18678],[89.59255,25.18627]]]}},{"type":"Feature","properties":{"key":"gharjan","region":"sirajganj","unionId":"29066614B40793291925140","name":"Gharjan","score":0.579,"level":"Medium","rankRegion":27,"regionCount":57,"maxScore":0.608,"meanScore":0.536,"sections":4,"highSections":1,"population":2894,"buildings":118},"geometry":{"type":"Polygon","coordinates":[[[89.78238,24.16264],[89.78473,24.16032],[89.78638,24.15899],[89.78765,24.1583],[89.78771,24.15795],[89.78914,24.15827],[89.79178,24.15959],[89.79201,24.15844],[89.79661,24.159],[89.80201,24.16008],[89.80257,24.1601],[89.80327,24.15955],[89.80422,24.15824],[89.80521,24.15298],[89.80697,24.14873],[89.80985,24.146],[89.8148,24.143],[89.81984,24.14068],[89.8206,24.13998],[89.8211,24.13836],[89.82094,24.13713],[89.8205,24.13623],[89.81861,24.13409],[89.8178,24.13276],[89.81743,24.13275],[89.81716,24.13306],[89.81646,24.13465],[89.81513,24.13638],[89.8132,24.13767],[89.80614,24.13914],[89.79893,24.14201],[89.79426,24.14338],[89.79345,24.14408],[89.79343,24.14639],[89.79225,24.14729],[89.79198,24.14865],[89.78944,24.14913],[89.78762,24.14991],[89.78613,24.15107],[89.78432,24.15297],[89.78306,24.15206],[89.78258,24.1521],[89.78102,24.15373],[89.77628,24.15728],[89.77614,24.15781],[89.77678,24.15848],[89.77585,24.15904],[89.77502,24.1591],[89.7736,24.15808],[89.77286,24.15785],[89.77271,24.15739],[89.7731,24.15691],[89.77424,24.15649],[89.77486,24.15571],[89.77577,24.15307],[89.77926,24.14621],[89.78083,24.14262],[89.78302,24.13914],[89.78307,24.13849],[89.78218,24.13702],[89.78126,24.13608],[89.77993,24.13352],[89.77779,24.13153],[89.77558,24.12869],[89.77202,24.12196],[89.76539,24.11293],[89.76326,24.11348],[89.75827,24.11538],[89.75218,24.11839],[89.74748,24.12029],[89.74365,24.12248],[89.74233,24.12297],[89.7414,24.12297],[89.74109,24.1226],[89.74089,24.12108],[89.74121,24.11864],[89.73891,24.11904],[89.73778,24.11946],[89.73724,24.12006],[89.7372,24.12062],[89.73995,24.12342],[89.74017,24.12386],[89.7401,24.12494],[89.73916,24.12663],[89.73617,24.12957],[89.735,24.13007],[89.73377,24.13019],[89.7295,24.12915],[89.72817,24.12909],[89.7264,24.12941],[89.72206,24.13105],[89.71842,24.13396],[89.71617,24.13533],[89.71405,24.13881],[89.71226,24.14015],[89.71438,24.1453],[89.71532,24.1464],[89.71695,24.14742],[89.71744,24.148],[89.71599,24.14861],[89.71634,24.14947],[89.71782,24.1508],[89.71849,24.15109],[89.7179,24.15141],[89.71806,24.1516],[89.71965,24.15229],[89.72386,24.15227],[89.72551,24.15248],[89.72556,24.15367],[89.72527,24.15464],[89.72541,24.15492],[89.72471,24.15547],[89.72463,24.15655],[89.72545,24.15696],[89.72557,24.15742],[89.72657,24.15742],[89.72689,24.15784],[89.72584,24.16267],[89.72344,24.16434],[89.72393,24.16462],[89.73021,24.16459],[89.73113,24.16477],[89.73183,24.16521],[89.73307,24.16544],[89.73324,24.16579],[89.73473,24.16589],[89.73541,24.16554],[89.73551,24.16368],[89.73578,24.16334],[89.73973,24.16365],[89.74151,24.16302],[89.74346,24.1631],[89.74457,24.1628],[89.74529,24.16397],[89.74599,24.16372],[89.74695,24.16277],[89.74885,24.16287],[89.75012,24.16246],[89.75317,24.16201],[89.75417,24.16156],[89.75489,24.16087],[89.7572,24.16116],[89.75944,24.16203],[89.76184,24.16254],[89.76241,24.16329],[89.7625,24.16427],[89.76473,24.16581],[89.76569,24.16617],[89.76663,24.16603],[89.76688,24.16549],[89.76827,24.16536],[89.76935,24.16436],[89.77058,24.16465],[89.77252,24.1644],[89.77369,24.16465],[89.77453,24.16397],[89.77684,24.16334],[89.77712,24.16246],[89.77866,24.16198],[89.77889,24.16209],[89.77873,24.16284],[89.77897,24.16455],[89.77999,24.16655],[89.78238,24.16264]]]}},{"type":"Feature","properties":{"key":"ghuridaha","region":"gaibandha","unionId":"29066614B77973251958526","name":"Ghuridaha","score":0.723,"level":"High","rankRegion":4,"regionCount":25,"maxScore":0.76,"meanScore":0.667,"sections":4,"highSections":0,"population":6328,"buildings":1457},"geometry":{"type":"Polygon","coordinates":[[[89.57259,25.14206],[89.57202,25.14118],[89.56753,25.14109],[89.56686,25.14085],[89.56661,25.14023],[89.56758,25.13697],[89.56823,25.13586],[89.56852,25.1347],[89.56907,25.13402],[89.57013,25.13322],[89.57296,25.13372],[89.57595,25.13098],[89.57733,25.12897],[89.57342,25.12858],[89.57334,25.1284],[89.57499,25.12533],[89.57529,25.12312],[89.57628,25.12269],[89.57829,25.12021],[89.57897,25.11793],[89.57888,25.1154],[89.58143,25.11484],[89.58237,25.11344],[89.58172,25.11221],[89.58006,25.11083],[89.57864,25.10883],[89.5778,25.10713],[89.58156,25.10398],[89.58452,25.10094],[89.58509,25.10113],[89.58517,25.10138],[89.58523,25.1025],[89.58656,25.10746],[89.58721,25.10731],[89.589,25.10612],[89.59028,25.10663],[89.59301,25.10663],[89.59733,25.10704],[89.59701,25.1078],[89.59855,25.1071],[89.59873,25.10495],[89.59695,25.10258],[89.596,25.10171],[89.59629,25.10052],[89.59522,25.0995],[89.59474,25.09751],[89.59427,25.09732],[89.59348,25.09589],[89.59281,25.09527],[89.59009,25.0897],[89.5863,25.08666],[89.58564,25.0864],[89.58456,25.08638],[89.58268,25.08705],[89.58113,25.0896],[89.57952,25.09107],[89.58335,25.09525],[89.58324,25.09624],[89.58235,25.09681],[89.57991,25.09646],[89.57703,25.09495],[89.5744,25.0918],[89.57285,25.08948],[89.572,25.08867],[89.57052,25.08824],[89.56588,25.08777],[89.56223,25.08664],[89.5613,25.08828],[89.55937,25.08959],[89.55839,25.09057],[89.55892,25.09086],[89.56113,25.09058],[89.56185,25.0907],[89.56251,25.09126],[89.56258,25.092],[89.55878,25.09423],[89.55616,25.09611],[89.55419,25.0968],[89.55139,25.09726],[89.55102,25.09749],[89.55136,25.0978],[89.55361,25.09804],[89.55549,25.09902],[89.55598,25.10008],[89.5557,25.10029],[89.55506,25.1005],[89.55184,25.10016],[89.55161,25.10022],[89.55165,25.10066],[89.55208,25.10096],[89.55398,25.1012],[89.55663,25.10233],[89.55745,25.10316],[89.55732,25.10405],[89.55703,25.10441],[89.55566,25.10515],[89.55269,25.10547],[89.55206,25.10522],[89.55075,25.1036],[89.55033,25.10366],[89.5501,25.10415],[89.55034,25.1052],[89.55223,25.10731],[89.55236,25.10817],[89.55103,25.10917],[89.55016,25.10947],[89.54666,25.10922],[89.54436,25.10873],[89.54315,25.10799],[89.54091,25.10601],[89.54131,25.10702],[89.54079,25.10748],[89.54156,25.10802],[89.54279,25.11111],[89.54476,25.11266],[89.54461,25.11335],[89.54385,25.1137],[89.54064,25.11399],[89.53989,25.1134],[89.53963,25.11138],[89.53792,25.11239],[89.53636,25.11406],[89.53563,25.11532],[89.53484,25.116],[89.53417,25.11571],[89.53239,25.11332],[89.53195,25.11302],[89.53155,25.1133],[89.53013,25.11579],[89.52879,25.11654],[89.52892,25.11726],[89.52977,25.11856],[89.53025,25.1181],[89.53072,25.11651],[89.53122,25.11616],[89.53227,25.11602],[89.53332,25.11657],[89.53397,25.11724],[89.53574,25.12098],[89.53526,25.12184],[89.53424,25.12276],[89.53051,25.12299],[89.52984,25.12325],[89.52919,25.12422],[89.52895,25.12624],[89.52967,25.12694],[89.53221,25.12797],[89.53356,25.12739],[89.5349,25.12638],[89.536,25.12623],[89.53678,25.12577],[89.53713,25.12542],[89.53716,25.12456],[89.53713,25.12422],[89.5368,25.12405],[89.53647,25.12344],[89.53646,25.12075],[89.53697,25.11951],[89.53755,25.11946],[89.5382,25.12056],[89.53861,25.12243],[89.54097,25.12295],[89.54265,25.1236],[89.54229,25.12548],[89.54302,25.12619],[89.5435,25.12772],[89.54315,25.13204],[89.54265,25.13453],[89.54276,25.13511],[89.54451,25.13526],[89.54692,25.13591],[89.54696,25.13677],[89.54633,25.1368],[89.54616,25.1378],[89.54793,25.13916],[89.54978,25.13973],[89.54983,25.14022],[89.54919,25.1404],[89.54949,25.14097],[89.55055,25.14119],[89.55087,25.14086],[89.55447,25.14132],[89.55852,25.14236],[89.55909,25.14209],[89.56034,25.1407],[89.5613,25.14049],[89.56243,25.14255],[89.56345,25.14331],[89.56351,25.14348],[89.56289,25.14384],[89.56283,25.14436],[89.56356,25.14446],[89.56432,25.14394],[89.56446,25.14467],[89.565,25.14495],[89.56754,25.14352],[89.56843,25.14418],[89.56944,25.14409],[89.57005,25.14388],[89.57024,25.14335],[89.57264,25.14282],[89.57259,25.14206]]]}},{"type":"Feature","properties":{"key":"gidari","region":"gaibandha","unionId":"29066614B80838231660790","name":"Gidari","score":0.658,"level":"Medium","rankRegion":9,"regionCount":25,"maxScore":0.747,"meanScore":0.526,"sections":13,"highSections":1,"population":10387,"buildings":1063},"geometry":{"type":"Polygon","coordinates":[[[89.58334,25.33428],[89.58402,25.33494],[89.58457,25.33494],[89.58538,25.33396],[89.58628,25.33341],[89.58831,25.33357],[89.58929,25.33428],[89.59084,25.33469],[89.59131,25.33507],[89.59213,25.33644],[89.5936,25.33675],[89.59404,25.33718],[89.59529,25.339],[89.59505,25.33986],[89.5952,25.34067],[89.59807,25.34071],[89.59951,25.34284],[89.60245,25.34266],[89.60357,25.34291],[89.60462,25.34347],[89.60827,25.34776],[89.60855,25.34786],[89.60931,25.34754],[89.6096,25.34793],[89.61044,25.35072],[89.61009,25.35119],[89.61016,25.35204],[89.61157,25.35479],[89.61255,25.35617],[89.61237,25.35853],[89.61354,25.36518],[89.61178,25.36633],[89.60928,25.36601],[89.60673,25.36671],[89.60298,25.36679],[89.60112,25.36724],[89.59873,25.36818],[89.59553,25.36999],[89.59501,25.37152],[89.59403,25.37237],[89.59234,25.37318],[89.58992,25.37382],[89.58934,25.37415],[89.5895,25.37606],[89.58931,25.37707],[89.58724,25.37851],[89.58958,25.38496],[89.58963,25.38609],[89.58892,25.38703],[89.58898,25.38784],[89.58932,25.38837],[89.58985,25.38853],[89.59104,25.38847],[89.59192,25.38977],[89.59189,25.39258],[89.59372,25.39508],[89.59391,25.39633],[89.5952,25.39776],[89.59548,25.39989],[89.59686,25.39896],[89.59944,25.39825],[89.59981,25.39978],[89.60026,25.40038],[89.60085,25.40048],[89.60113,25.40031],[89.60133,25.3999],[89.6009,25.39923],[89.60167,25.39917],[89.60205,25.39994],[89.60325,25.40011],[89.60345,25.40164],[89.60397,25.402],[89.60717,25.40133],[89.60852,25.40177],[89.61224,25.39807],[89.61259,25.39803],[89.61284,25.3983],[89.61291,25.39967],[89.61328,25.40005],[89.61398,25.40036],[89.61484,25.40016],[89.6151,25.39983],[89.61526,25.39872],[89.61439,25.39808],[89.61453,25.39651],[89.61487,25.39623],[89.61591,25.39614],[89.61714,25.39668],[89.61762,25.39591],[89.61759,25.39488],[89.61776,25.39474],[89.62148,25.39416],[89.62265,25.39431],[89.62532,25.3952],[89.62751,25.39493],[89.62751,25.39387],[89.62789,25.39351],[89.62884,25.39333],[89.62982,25.39078],[89.62911,25.38978],[89.62877,25.3897],[89.62777,25.38873],[89.62695,25.38755],[89.6279,25.38714],[89.62807,25.38675],[89.62808,25.3858],[89.62719,25.38478],[89.62714,25.38423],[89.62848,25.38368],[89.63,25.38372],[89.63055,25.38348],[89.63006,25.38248],[89.63006,25.38154],[89.63071,25.38095],[89.63177,25.38079],[89.6324,25.38045],[89.63358,25.37809],[89.63572,25.37643],[89.63771,25.37351],[89.63762,25.37291],[89.63731,25.37266],[89.63482,25.37259],[89.63201,25.37203],[89.63211,25.37108],[89.63132,25.37008],[89.63087,25.36892],[89.62991,25.36877],[89.62961,25.3685],[89.63058,25.36614],[89.63005,25.36515],[89.63001,25.36445],[89.63258,25.36308],[89.63282,25.36543],[89.63359,25.36619],[89.63442,25.36616],[89.63731,25.36496],[89.6379,25.36492],[89.63859,25.36288],[89.63812,25.36184],[89.63821,25.36108],[89.63744,25.36075],[89.63679,25.36006],[89.63509,25.36008],[89.63483,25.36003],[89.63476,25.35972],[89.63477,25.35847],[89.63503,25.35807],[89.63689,25.35775],[89.63766,25.3583],[89.6382,25.35731],[89.63668,25.35694],[89.63538,25.35621],[89.63027,25.35566],[89.63008,25.35636],[89.63219,25.35774],[89.63238,25.35863],[89.63146,25.35918],[89.63015,25.35919],[89.62927,25.35877],[89.62878,25.35943],[89.62794,25.35934],[89.62748,25.35911],[89.62678,25.35821],[89.62502,25.35744],[89.62488,25.35632],[89.62526,25.35466],[89.62512,25.35431],[89.62265,25.35356],[89.62317,25.353],[89.62429,25.35296],[89.62527,25.35386],[89.62652,25.35405],[89.62717,25.35464],[89.6272,25.35576],[89.62763,25.35632],[89.62864,25.35549],[89.62984,25.35366],[89.63322,25.3519],[89.63367,25.35097],[89.6326,25.35033],[89.63091,25.35035],[89.62926,25.35069],[89.62849,25.35036],[89.62822,25.34908],[89.62869,25.34727],[89.62866,25.34641],[89.62834,25.34593],[89.62729,25.34568],[89.62623,25.34505],[89.62561,25.34387],[89.62576,25.34222],[89.62556,25.34079],[89.62505,25.33841],[89.62407,25.33547],[89.62432,25.33528],[89.62083,25.33682],[89.61999,25.33739],[89.6197,25.33817],[89.61928,25.3384],[89.61782,25.33739],[89.61571,25.33634],[89.61231,25.33271],[89.61104,25.33255],[89.60984,25.33302],[89.609,25.33361],[89.60845,25.33468],[89.60816,25.33674],[89.60731,25.33702],[89.60673,25.33644],[89.6057,25.33339],[89.60501,25.33028],[89.60451,25.32864],[89.60385,25.3275],[89.60383,25.32693],[89.60296,25.3268],[89.60233,25.32706],[89.60188,25.32798],[89.60034,25.32818],[89.598,25.32896],[89.59662,25.32911],[89.59447,25.32907],[89.59074,25.32736],[89.59022,25.32771],[89.58964,25.32907],[89.58887,25.3297],[89.58237,25.33098],[89.58024,25.33181],[89.58133,25.33305],[89.58314,25.33434],[89.58334,25.33428]]]}},{"type":"Feature","properties":{"key":"gobindasi","region":"sirajganj","unionId":"29066614B98068863009834","name":"Gobindasi","score":0.517,"level":"Medium","rankRegion":40,"regionCount":57,"maxScore":0.582,"meanScore":0.419,"sections":9,"highSections":0,"population":12133,"buildings":2923},"geometry":{"type":"Polygon","coordinates":[[[89.83678,24.46656],[89.83776,24.4665],[89.8392,24.46778],[89.83913,24.46899],[89.83941,24.46957],[89.84383,24.47021],[89.84505,24.47104],[89.84613,24.46954],[89.84782,24.46974],[89.84876,24.46889],[89.8499,24.469],[89.85049,24.46775],[89.84981,24.46686],[89.84943,24.4656],[89.85242,24.46409],[89.85399,24.46413],[89.85431,24.46256],[89.85523,24.46257],[89.85515,24.46076],[89.85422,24.46013],[89.85582,24.45816],[89.85589,24.45741],[89.85547,24.45694],[89.85362,24.45674],[89.85649,24.45193],[89.85754,24.45055],[89.85788,24.4496],[89.85792,24.44766],[89.85763,24.44709],[89.85654,24.44642],[89.85587,24.44641],[89.85171,24.44751],[89.85103,24.44669],[89.8506,24.44545],[89.84888,24.44619],[89.84756,24.44649],[89.84604,24.44504],[89.84484,24.44517],[89.84359,24.44249],[89.84178,24.443],[89.83959,24.4433],[89.84005,24.44202],[89.84008,24.44107],[89.83985,24.44046],[89.83873,24.43973],[89.83878,24.43867],[89.84006,24.43728],[89.84112,24.43733],[89.84174,24.43457],[89.84396,24.43373],[89.84731,24.43322],[89.85167,24.43162],[89.85233,24.43203],[89.85443,24.43004],[89.85536,24.42862],[89.85578,24.42725],[89.85577,24.42709],[89.8554,24.42714],[89.85466,24.42771],[89.85483,24.42654],[89.85585,24.42515],[89.8544,24.4241],[89.85412,24.42366],[89.85549,24.42305],[89.85546,24.42268],[89.85352,24.42164],[89.85116,24.42171],[89.85177,24.4201],[89.85019,24.41959],[89.8497,24.41993],[89.84914,24.41934],[89.84866,24.41709],[89.84905,24.41688],[89.85028,24.41718],[89.85041,24.41685],[89.85041,24.4165],[89.8496,24.41568],[89.84962,24.41466],[89.84823,24.4143],[89.84743,24.41518],[89.84585,24.41481],[89.84489,24.41481],[89.84447,24.41436],[89.84374,24.41429],[89.84333,24.41401],[89.84376,24.41308],[89.84327,24.41241],[89.84117,24.41141],[89.83985,24.41154],[89.83949,24.41229],[89.83904,24.41221],[89.83878,24.41277],[89.83551,24.41271],[89.83468,24.41371],[89.83345,24.4135],[89.83293,24.41411],[89.83177,24.41403],[89.83073,24.4155],[89.83024,24.41684],[89.82856,24.41712],[89.82712,24.41779],[89.8272,24.42076],[89.82645,24.42245],[89.82634,24.42362],[89.82698,24.42504],[89.83179,24.42533],[89.83174,24.42634],[89.83147,24.42692],[89.83033,24.42707],[89.83006,24.42733],[89.83011,24.43002],[89.82962,24.43124],[89.82874,24.4315],[89.82756,24.43233],[89.827,24.43134],[89.82364,24.43321],[89.82247,24.43336],[89.82212,24.43285],[89.82215,24.43188],[89.82032,24.43223],[89.81891,24.43195],[89.81725,24.43119],[89.8165,24.4315],[89.81576,24.43147],[89.81541,24.43092],[89.8155,24.42955],[89.81492,24.42952],[89.81485,24.43075],[89.81424,24.43251],[89.81231,24.43549],[89.81201,24.4363],[89.81206,24.43707],[89.813,24.43775],[89.81374,24.43951],[89.81499,24.44159],[89.81803,24.44593],[89.8189,24.44686],[89.81888,24.44721],[89.81861,24.44742],[89.81757,24.44797],[89.8165,24.448],[89.81621,24.44855],[89.81688,24.45054],[89.81647,24.45124],[89.81733,24.45318],[89.81806,24.4535],[89.81857,24.45342],[89.81924,24.45384],[89.81928,24.45451],[89.8186,24.4547],[89.81885,24.45538],[89.8213,24.45732],[89.82316,24.45961],[89.82805,24.46257],[89.8286,24.46376],[89.83199,24.46467],[89.83544,24.46712],[89.83573,24.46725],[89.83635,24.46705],[89.83678,24.46656]]]}},{"type":"Feature","properties":{"key":"gohaliabari","region":"sirajganj","unionId":"29066614B99132462787095","name":"Gohaliabari","score":0.687,"level":"Medium","rankRegion":11,"regionCount":57,"maxScore":0.834,"meanScore":0.465,"sections":9,"highSections":1,"population":16780,"buildings":3430},"geometry":{"type":"Polygon","coordinates":[[[89.76209,24.34144],[89.75632,24.34532],[89.7551,24.34687],[89.7536,24.34805],[89.75201,24.34973],[89.75136,24.35251],[89.75236,24.35986],[89.75292,24.3611],[89.75457,24.36334],[89.75982,24.36924],[89.76062,24.36986],[89.76153,24.37013],[89.76448,24.37325],[89.76595,24.37523],[89.76586,24.3765],[89.76514,24.37813],[89.76506,24.38021],[89.76543,24.3829],[89.76472,24.38621],[89.76321,24.38944],[89.76245,24.39015],[89.7622,24.39068],[89.76131,24.39488],[89.76577,24.39542],[89.77156,24.39494],[89.77478,24.39442],[89.77611,24.39443],[89.77863,24.395],[89.78221,24.39669],[89.78256,24.39651],[89.78519,24.397],[89.78709,24.39684],[89.78809,24.39762],[89.78839,24.39825],[89.78936,24.39823],[89.7905,24.39801],[89.79167,24.39674],[89.79274,24.39607],[89.79416,24.39387],[89.79526,24.39272],[89.79614,24.39065],[89.79624,24.3892],[89.80598,24.3888],[89.80645,24.38897],[89.80712,24.39055],[89.80808,24.39161],[89.81783,24.39065],[89.81848,24.39081],[89.8188,24.39125],[89.81926,24.39389],[89.8195,24.39802],[89.82064,24.39827],[89.82341,24.39817],[89.82396,24.39829],[89.82418,24.39879],[89.82361,24.40012],[89.82035,24.40295],[89.81974,24.40374],[89.81942,24.40425],[89.81943,24.40491],[89.82056,24.40527],[89.82343,24.40531],[89.8249,24.40453],[89.82601,24.40308],[89.82652,24.40276],[89.82707,24.40375],[89.82697,24.40434],[89.8259,24.40646],[89.82654,24.40659],[89.82821,24.40612],[89.83121,24.40602],[89.83305,24.40655],[89.83347,24.40709],[89.83509,24.40687],[89.83711,24.40531],[89.83828,24.40386],[89.84035,24.40031],[89.84318,24.40063],[89.84384,24.40034],[89.84506,24.40027],[89.84639,24.39907],[89.84746,24.399],[89.84802,24.39913],[89.84851,24.3999],[89.84905,24.40022],[89.85195,24.40062],[89.85292,24.39963],[89.85332,24.39636],[89.85454,24.39588],[89.85543,24.39584],[89.85596,24.3961],[89.85604,24.39563],[89.85519,24.39457],[89.85498,24.39317],[89.85402,24.39049],[89.85362,24.39012],[89.8536,24.38952],[89.85238,24.38872],[89.85204,24.38718],[89.85152,24.38654],[89.85016,24.3865],[89.84966,24.38583],[89.84894,24.3858],[89.84942,24.38457],[89.84933,24.38433],[89.84899,24.38436],[89.84869,24.38263],[89.84771,24.38221],[89.84647,24.38226],[89.84317,24.38339],[89.84337,24.38053],[89.84276,24.37889],[89.84299,24.37373],[89.84287,24.3719],[89.84259,24.37143],[89.83911,24.37097],[89.83444,24.37108],[89.83411,24.37082],[89.83379,24.36997],[89.83313,24.36934],[89.83233,24.36725],[89.83185,24.36697],[89.83003,24.36727],[89.82805,24.36836],[89.82808,24.37046],[89.82831,24.37077],[89.82398,24.37065],[89.82469,24.36673],[89.82574,24.36386],[89.82629,24.35905],[89.83061,24.35302],[89.83084,24.35067],[89.8318,24.34849],[89.83065,24.34887],[89.82898,24.34839],[89.82832,24.34863],[89.82818,24.34839],[89.8248,24.34829],[89.82321,24.34793],[89.8208,24.34799],[89.81909,24.35047],[89.81874,24.35202],[89.81857,24.35584],[89.81758,24.35767],[89.81598,24.35908],[89.81352,24.36052],[89.81147,24.36124],[89.80751,24.36204],[89.80578,24.36308],[89.80486,24.36338],[89.80176,24.36174],[89.80068,24.3615],[89.79854,24.3595],[89.7985,24.35851],[89.79897,24.35678],[89.79999,24.35419],[89.80023,24.3472],[89.79996,24.34542],[89.80002,24.3437],[89.79974,24.34239],[89.79932,24.34192],[89.79681,24.34149],[89.79558,24.34164],[89.79358,24.34115],[89.79057,24.33996],[89.78862,24.33954],[89.78675,24.33955],[89.78356,24.34],[89.7787,24.3414],[89.77437,24.34224],[89.76905,24.34233],[89.76561,24.34208],[89.76289,24.34113],[89.76209,24.34144]]]}},{"type":"Feature","properties":{"key":"gosainbari","region":"sirajganj","unionId":"29066614B79846087678827","name":"Gosainbari","score":0.692,"level":"Medium","rankRegion":9,"regionCount":57,"maxScore":0.809,"meanScore":0.517,"sections":8,"highSections":1,"population":9463,"buildings":2453},"geometry":{"type":"Polygon","coordinates":[[[89.61296,24.75158],[89.61321,24.75119],[89.61618,24.75125],[89.61604,24.7493],[89.61584,24.74859],[89.61534,24.74803],[89.61289,24.7483],[89.61268,24.74807],[89.61256,24.7469],[89.61194,24.74637],[89.61269,24.74519],[89.61323,24.74493],[89.61371,24.74375],[89.61552,24.74344],[89.61741,24.74184],[89.61751,24.74152],[89.61694,24.74022],[89.61703,24.73973],[89.61554,24.73959],[89.61416,24.73877],[89.61315,24.73852],[89.61346,24.73825],[89.61425,24.7382],[89.61441,24.73796],[89.61295,24.73701],[89.61277,24.73611],[89.61347,24.7342],[89.61352,24.73316],[89.61335,24.73268],[89.61272,24.73208],[89.61255,24.73117],[89.61404,24.72951],[89.6144,24.72951],[89.61509,24.72997],[89.61569,24.72986],[89.61554,24.72935],[89.61613,24.7288],[89.61612,24.72853],[89.61538,24.72825],[89.61516,24.72789],[89.61527,24.72698],[89.61569,24.72638],[89.61552,24.72252],[89.61588,24.72183],[89.61671,24.72235],[89.61716,24.72187],[89.61871,24.7218],[89.61908,24.72033],[89.61834,24.72009],[89.61816,24.71935],[89.61762,24.71875],[89.61794,24.71813],[89.61875,24.71762],[89.61835,24.71611],[89.61885,24.71502],[89.61761,24.7144],[89.61556,24.71443],[89.61433,24.71335],[89.61367,24.71362],[89.6129,24.71345],[89.61066,24.71093],[89.60748,24.71188],[89.60659,24.71139],[89.60718,24.70957],[89.60779,24.70891],[89.60863,24.70841],[89.6105,24.70782],[89.61137,24.70717],[89.61146,24.70658],[89.61015,24.70545],[89.60985,24.70438],[89.60682,24.70342],[89.60291,24.70152],[89.60257,24.70095],[89.60307,24.69985],[89.60183,24.69863],[89.60113,24.69837],[89.60056,24.69841],[89.59872,24.69922],[89.59863,24.69875],[89.59951,24.69804],[89.59915,24.69737],[89.59851,24.69765],[89.59798,24.69859],[89.59765,24.69878],[89.59681,24.69861],[89.59616,24.69807],[89.59489,24.70203],[89.5927,24.70274],[89.59128,24.70293],[89.59048,24.7028],[89.58853,24.70195],[89.58715,24.70198],[89.5858,24.70143],[89.58463,24.70127],[89.58264,24.70003],[89.58157,24.70041],[89.58096,24.70028],[89.57934,24.7005],[89.57695,24.69996],[89.57616,24.69906],[89.57533,24.69908],[89.57486,24.69935],[89.57385,24.69929],[89.57332,24.69901],[89.57142,24.69668],[89.56971,24.69387],[89.569,24.69348],[89.56728,24.69405],[89.56626,24.6973],[89.56475,24.69926],[89.56456,24.70031],[89.5639,24.70638],[89.56402,24.70849],[89.56433,24.70973],[89.56426,24.7107],[89.56396,24.71107],[89.56302,24.71108],[89.56146,24.71035],[89.56027,24.70939],[89.55975,24.71107],[89.56054,24.71357],[89.56183,24.71434],[89.56595,24.71587],[89.56724,24.7175],[89.56835,24.71789],[89.56936,24.71976],[89.56987,24.72206],[89.57154,24.72383],[89.57587,24.72333],[89.57912,24.72328],[89.58117,24.72268],[89.58217,24.72316],[89.58206,24.72382],[89.57925,24.72675],[89.57952,24.73062],[89.58053,24.73511],[89.58258,24.73806],[89.58463,24.74005],[89.58484,24.74065],[89.58456,24.74244],[89.58557,24.74354],[89.58687,24.74394],[89.58984,24.74378],[89.59004,24.74383],[89.59018,24.74475],[89.59062,24.74512],[89.59181,24.7449],[89.59338,24.74509],[89.59745,24.74635],[89.6,24.74644],[89.60085,24.74667],[89.60257,24.74779],[89.60256,24.74849],[89.60192,24.74972],[89.60168,24.75095],[89.60173,24.75193],[89.60208,24.75224],[89.60601,24.7526],[89.60668,24.7521],[89.60749,24.75101],[89.60777,24.75098],[89.60862,24.75234],[89.60919,24.75429],[89.60957,24.75452],[89.61,24.75458],[89.61095,24.75406],[89.61357,24.75407],[89.61296,24.75158]]]}},{"type":"Feature","properties":{"key":"haldia","region":"gaibandha","unionId":"29066614B17903459871177","name":"Haldia","score":0.313,"level":"Low","rankRegion":24,"regionCount":25,"maxScore":0.313,"meanScore":0.313,"sections":1,"highSections":0,"population":1111,"buildings":258},"geometry":{"type":"Polygon","coordinates":[[[89.64981,25.10912],[89.64982,25.10613],[89.64882,25.10596],[89.64494,25.10613],[89.64428,25.10169],[89.64436,25.09954],[89.64363,25.09714],[89.64235,25.09449],[89.64022,25.09167],[89.63856,25.09008],[89.64042,25.08897],[89.6431,25.08363],[89.64688,25.08006],[89.64808,25.07915],[89.64938,25.07858],[89.65307,25.07801],[89.65268,25.07323],[89.65279,25.07003],[89.65319,25.06838],[89.65531,25.06443],[89.65583,25.05818],[89.65591,25.04999],[89.64783,25.04674],[89.64152,25.04178],[89.64133,25.04156],[89.64108,25.0392],[89.64096,25.03896],[89.64026,25.03886],[89.63529,25.03906],[89.63133,25.04035],[89.62787,25.04204],[89.62042,25.04623],[89.61167,25.05049],[89.61043,25.05086],[89.60249,25.05078],[89.60048,25.05048],[89.59915,25.04981],[89.59738,25.04826],[89.59529,25.04573],[89.59037,25.04477],[89.58943,25.04491],[89.58666,25.04462],[89.58452,25.04385],[89.58154,25.04337],[89.5798,25.04323],[89.57911,25.04365],[89.57867,25.04473],[89.58053,25.0466],[89.58063,25.04713],[89.58043,25.04829],[89.57776,25.05052],[89.57828,25.05147],[89.57839,25.05293],[89.57939,25.05381],[89.57878,25.05683],[89.5791,25.05807],[89.57911,25.05926],[89.57851,25.06047],[89.57834,25.06268],[89.57763,25.06305],[89.5756,25.06332],[89.57528,25.06396],[89.57438,25.06414],[89.57408,25.06507],[89.57441,25.066],[89.57387,25.06685],[89.57047,25.06747],[89.57008,25.06766],[89.56996,25.06802],[89.571,25.07155],[89.5725,25.07297],[89.57395,25.07482],[89.57488,25.07501],[89.57638,25.07441],[89.57781,25.07432],[89.57834,25.07471],[89.57934,25.07618],[89.58066,25.07722],[89.5805,25.07756],[89.57747,25.08015],[89.57705,25.08092],[89.57892,25.0816],[89.57968,25.08083],[89.58016,25.08074],[89.58084,25.08108],[89.58126,25.08161],[89.5812,25.08233],[89.57989,25.0837],[89.58048,25.08432],[89.58056,25.08485],[89.58026,25.08551],[89.58054,25.08628],[89.58081,25.08651],[89.58232,25.08665],[89.58268,25.08705],[89.58456,25.08638],[89.58581,25.08643],[89.58932,25.08891],[89.59047,25.09035],[89.59281,25.09527],[89.59348,25.09589],[89.59427,25.09732],[89.59474,25.09751],[89.59516,25.0994],[89.59629,25.10052],[89.596,25.10171],[89.59695,25.10258],[89.59879,25.10507],[89.59855,25.1071],[89.59701,25.1078],[89.59644,25.11074],[89.5957,25.11308],[89.60021,25.11239],[89.60569,25.11224],[89.60599,25.11081],[89.60592,25.10904],[89.6064,25.10806],[89.60624,25.10684],[89.60723,25.10416],[89.60718,25.10285],[89.60755,25.10205],[89.60741,25.10092],[89.60714,25.10058],[89.60732,25.09902],[89.60879,25.09797],[89.61124,25.09749],[89.61289,25.09751],[89.61313,25.09559],[89.61665,25.09466],[89.61812,25.09645],[89.61942,25.09976],[89.61947,25.10119],[89.61828,25.10938],[89.61826,25.11041],[89.61848,25.11075],[89.62076,25.1112],[89.62969,25.11127],[89.64191,25.11197],[89.64407,25.11193],[89.64645,25.11158],[89.6494,25.11192],[89.64981,25.10912]]]}},{"type":"Feature","properties":{"key":"haturia-nakalia","region":"sirajganj","unionId":"29066614B45497498182514","name":"Haturia Nakalia","score":0.365,"level":"Low","rankRegion":56,"regionCount":57,"maxScore":0.386,"meanScore":0.333,"sections":7,"highSections":0,"population":9655,"buildings":2320},"geometry":{"type":"Polygon","coordinates":[[[89.71951,24.01265],[89.71756,24.01083],[89.71129,24.00728],[89.70644,24.00375],[89.70264,24.00008],[89.69706,24.00194],[89.69412,24.00063],[89.69106,23.99962],[89.69053,23.99954],[89.68866,23.99988],[89.68835,23.99949],[89.68809,23.99948],[89.68691,24.00002],[89.6857,24.00158],[89.68755,24.00782],[89.68673,24.00772],[89.68599,24.00794],[89.68475,24.00926],[89.68109,24.01214],[89.67995,24.01271],[89.67951,24.01268],[89.67881,24.01176],[89.67832,24.01205],[89.67785,24.01201],[89.67636,24.01077],[89.67497,24.01068],[89.67491,24.0111],[89.67444,24.01129],[89.6726,24.01046],[89.67194,24.01234],[89.67664,24.01543],[89.67732,24.01644],[89.67774,24.01868],[89.67763,24.02018],[89.67725,24.02137],[89.67652,24.02195],[89.67486,24.02198],[89.67337,24.02124],[89.67305,24.01972],[89.67081,24.01921],[89.6694,24.02142],[89.66753,24.02161],[89.66664,24.02275],[89.66556,24.02337],[89.66483,24.02415],[89.66383,24.02744],[89.66371,24.03038],[89.66296,24.03135],[89.66238,24.0316],[89.66035,24.03128],[89.65944,24.03099],[89.65859,24.0304],[89.6573,24.02879],[89.65588,24.02764],[89.65683,24.02619],[89.65625,24.02549],[89.65385,24.02497],[89.65093,24.02478],[89.65015,24.02438],[89.64893,24.02318],[89.64792,24.02279],[89.647,24.02283],[89.64567,24.02371],[89.64546,24.02451],[89.64571,24.0251],[89.64618,24.02536],[89.64766,24.02489],[89.64872,24.02513],[89.65087,24.02767],[89.65121,24.02839],[89.64892,24.02803],[89.64673,24.02805],[89.64268,24.02892],[89.64131,24.02821],[89.64067,24.02756],[89.64079,24.02661],[89.64021,24.02572],[89.63944,24.02639],[89.63784,24.02976],[89.63796,24.03163],[89.63644,24.03309],[89.63555,24.03357],[89.63508,24.03338],[89.63378,24.03219],[89.63275,24.03179],[89.62988,24.03223],[89.62914,24.03178],[89.6283,24.03184],[89.62763,24.03224],[89.62615,24.03192],[89.62528,24.03238],[89.62388,24.03256],[89.62355,24.03368],[89.62263,24.03384],[89.62194,24.03619],[89.62335,24.03712],[89.62326,24.03777],[89.62362,24.0386],[89.62226,24.03934],[89.62193,24.04011],[89.62268,24.04142],[89.62325,24.04183],[89.62424,24.04155],[89.62474,24.04209],[89.62571,24.04223],[89.62598,24.04159],[89.62651,24.04149],[89.62725,24.04181],[89.62785,24.04255],[89.62957,24.04242],[89.63043,24.04308],[89.6305,24.04253],[89.63026,24.04193],[89.63069,24.04169],[89.63219,24.04251],[89.63305,24.04424],[89.63299,24.0478],[89.63457,24.04724],[89.63544,24.04767],[89.63662,24.04768],[89.63651,24.04974],[89.63759,24.05094],[89.63801,24.0518],[89.63766,24.0546],[89.63834,24.05514],[89.63934,24.05519],[89.63996,24.05582],[89.63954,24.05806],[89.64012,24.05943],[89.63964,24.05978],[89.63959,24.06014],[89.64001,24.06052],[89.64137,24.06081],[89.6435,24.06348],[89.64464,24.06291],[89.64524,24.06304],[89.64592,24.06373],[89.64701,24.06347],[89.6471,24.06322],[89.64684,24.06226],[89.64476,24.05853],[89.64471,24.05805],[89.6453,24.05769],[89.64553,24.05691],[89.64832,24.05722],[89.65183,24.05814],[89.65314,24.05761],[89.65537,24.05787],[89.65563,24.05766],[89.65331,24.05622],[89.65276,24.05557],[89.65297,24.055],[89.65263,24.05441],[89.65272,24.05363],[89.65421,24.05179],[89.65602,24.05085],[89.6581,24.05052],[89.6592,24.05073],[89.66103,24.05198],[89.66009,24.05398],[89.65596,24.06094],[89.65375,24.06388],[89.65149,24.06608],[89.65215,24.06823],[89.65934,24.07284],[89.66093,24.07435],[89.66258,24.07307],[89.66421,24.07096],[89.66737,24.06872],[89.67047,24.06707],[89.67283,24.06539],[89.6755,24.06379],[89.67681,24.06428],[89.67842,24.06318],[89.68146,24.06192],[89.68242,24.06097],[89.68382,24.0589],[89.68459,24.05839],[89.68448,24.05768],[89.68414,24.05724],[89.6827,24.05748],[89.68195,24.05732],[89.68138,24.05564],[89.68143,24.05292],[89.68186,24.04985],[89.68339,24.04586],[89.68323,24.04485],[89.68388,24.04092],[89.68378,24.03846],[89.68289,24.03513],[89.68302,24.03424],[89.68616,24.03611],[89.68923,24.03693],[89.69186,24.03799],[89.69504,24.03842],[89.69692,24.03894],[89.69821,24.03871],[89.70204,24.03538],[89.70038,24.03551],[89.69767,24.03622],[89.6974,24.03614],[89.69712,24.03555],[89.69723,24.03507],[89.69821,24.03481],[89.69883,24.03428],[89.69898,24.03344],[89.69977,24.03249],[89.70111,24.03222],[89.70085,24.02907],[89.70222,24.02485],[89.70301,24.02367],[89.70362,24.02341],[89.70499,24.024],[89.7062,24.02384],[89.70704,24.02329],[89.70717,24.02231],[89.70753,24.02164],[89.70938,24.02017],[89.71179,24.01867],[89.71605,24.01668],[89.7197,24.01442],[89.72158,24.01353],[89.71951,24.01265]]]}},{"type":"Feature","properties":{"key":"hemnagar","region":"sirajganj","unionId":"29066614B69915410367892","name":"Hemnagar","score":0.619,"level":"Medium","rankRegion":23,"regionCount":57,"maxScore":0.674,"meanScore":0.537,"sections":3,"highSections":0,"population":3937,"buildings":170},"geometry":{"type":"Polygon","coordinates":[[[89.88135,24.57083],[89.88185,24.57002],[89.88594,24.56789],[89.88769,24.56657],[89.88969,24.56374],[89.89108,24.56231],[89.89231,24.56018],[89.89195,24.55902],[89.89147,24.55892],[89.88995,24.5596],[89.88614,24.56225],[89.88534,24.56248],[89.88429,24.56242],[89.88178,24.56183],[89.88063,24.56043],[89.88023,24.55932],[89.87599,24.55784],[89.87529,24.5575],[89.87493,24.55684],[89.87589,24.55574],[89.87626,24.55474],[89.8762,24.5541],[89.87518,24.55199],[89.87554,24.55013],[89.87822,24.54539],[89.87851,24.54428],[89.88213,24.54406],[89.88156,24.54229],[89.88152,24.54123],[89.88178,24.54058],[89.88357,24.5385],[89.88379,24.53787],[89.88338,24.53648],[89.88256,24.53614],[89.88124,24.53611],[89.87876,24.53642],[89.87628,24.53631],[89.87393,24.53668],[89.87294,24.53659],[89.87207,24.53616],[89.87142,24.53439],[89.87102,24.53389],[89.86976,24.53307],[89.8686,24.5331],[89.86748,24.5335],[89.86703,24.53426],[89.86675,24.53543],[89.86634,24.53571],[89.86477,24.53568],[89.86408,24.53677],[89.86241,24.53542],[89.86215,24.534],[89.8611,24.53395],[89.86039,24.53344],[89.86042,24.53092],[89.86106,24.52819],[89.86092,24.52735],[89.86064,24.52703],[89.85972,24.52687],[89.85918,24.52701],[89.85885,24.52746],[89.85804,24.5303],[89.85647,24.53268],[89.8563,24.5356],[89.85522,24.538],[89.85505,24.53818],[89.85397,24.53789],[89.85307,24.53722],[89.85301,24.5362],[89.85439,24.53257],[89.85471,24.52931],[89.85594,24.52715],[89.85594,24.52632],[89.85565,24.52542],[89.85535,24.52516],[89.84963,24.52638],[89.84457,24.52666],[89.84247,24.52707],[89.83675,24.52857],[89.83468,24.52956],[89.83323,24.5318],[89.83232,24.53378],[89.83162,24.54112],[89.83073,24.54462],[89.83071,24.54702],[89.8309,24.54749],[89.83071,24.54915],[89.83019,24.54971],[89.82963,24.54964],[89.82706,24.54822],[89.82678,24.54894],[89.82689,24.55013],[89.82809,24.55151],[89.82899,24.55204],[89.83017,24.55208],[89.83228,24.55167],[89.83374,24.55189],[89.83459,24.55251],[89.83466,24.55314],[89.83509,24.55319],[89.83676,24.55602],[89.83973,24.55774],[89.84214,24.55819],[89.84094,24.55944],[89.84081,24.5601],[89.84089,24.56076],[89.84143,24.56122],[89.84262,24.56061],[89.84298,24.56059],[89.84303,24.56079],[89.84208,24.56264],[89.84217,24.56433],[89.84164,24.56718],[89.84202,24.56947],[89.84596,24.57114],[89.8486,24.57162],[89.84942,24.57128],[89.85089,24.56973],[89.85248,24.56899],[89.85363,24.56892],[89.85434,24.56935],[89.85526,24.57117],[89.85513,24.57268],[89.85276,24.57678],[89.85187,24.57883],[89.85157,24.57862],[89.85162,24.57929],[89.8528,24.57953],[89.85585,24.58086],[89.85627,24.57898],[89.85774,24.57852],[89.86042,24.57886],[89.86657,24.57861],[89.86751,24.5784],[89.87088,24.57872],[89.87432,24.57815],[89.87634,24.57839],[89.87658,24.57618],[89.88136,24.57205],[89.88135,24.57083]]]}},{"type":"Feature","properties":{"key":"hugra","region":"sirajganj","unionId":"29066614B41359218766443","name":"Hugra","score":0.613,"level":"Medium","rankRegion":24,"regionCount":57,"maxScore":0.678,"meanScore":0.514,"sections":13,"highSections":0,"population":8146,"buildings":2099},"geometry":{"type":"Polygon","coordinates":[[[89.83554,24.30768],[89.83645,24.30723],[89.83815,24.30723],[89.83829,24.30657],[89.83889,24.30643],[89.83935,24.30555],[89.84019,24.30533],[89.8404,24.30429],[89.84159,24.3041],[89.84216,24.30344],[89.84305,24.30363],[89.84285,24.30197],[89.84158,24.30037],[89.84084,24.29894],[89.84069,24.2981],[89.84088,24.29635],[89.84213,24.2949],[89.84434,24.29507],[89.84506,24.29477],[89.84702,24.29258],[89.84965,24.28879],[89.84953,24.28828],[89.84874,24.28837],[89.84641,24.28966],[89.84398,24.28951],[89.84289,24.29033],[89.84035,24.28621],[89.84016,24.28545],[89.83882,24.28541],[89.8382,24.28491],[89.838,24.2841],[89.83806,24.28252],[89.83769,24.28162],[89.83811,24.2786],[89.84252,24.27496],[89.84364,24.27105],[89.84498,24.2691],[89.84473,24.26851],[89.84238,24.26655],[89.84212,24.2658],[89.84242,24.26486],[89.84308,24.26388],[89.84453,24.26333],[89.84541,24.25894],[89.84495,24.25524],[89.84439,24.25399],[89.84386,24.25004],[89.8438,24.24637],[89.84428,24.24544],[89.8459,24.24533],[89.84631,24.24502],[89.84562,24.24301],[89.84582,24.24204],[89.84625,24.24171],[89.8487,24.24085],[89.85128,24.24095],[89.85098,24.2377],[89.85069,24.23684],[89.84942,24.23638],[89.8489,24.23576],[89.84864,24.23479],[89.8486,24.23283],[89.84801,24.23318],[89.84405,24.23249],[89.8397,24.23229],[89.83453,24.23014],[89.83431,24.23166],[89.83403,24.23201],[89.83234,24.23177],[89.83257,24.23488],[89.83171,24.23749],[89.83131,24.23722],[89.82479,24.23614],[89.82449,24.23703],[89.82403,24.23735],[89.82242,24.23734],[89.82156,24.23763],[89.81696,24.23625],[89.81536,24.23611],[89.80423,24.23854],[89.80086,24.23894],[89.79715,24.23897],[89.79423,24.23665],[89.79179,24.23434],[89.78966,24.23287],[89.7873,24.22946],[89.78549,24.22739],[89.78457,24.22649],[89.78424,24.22641],[89.78401,24.23075],[89.78353,24.23289],[89.7836,24.23514],[89.78304,24.23704],[89.78429,24.2404],[89.78431,24.24137],[89.78387,24.24272],[89.78405,24.24484],[89.78448,24.24556],[89.78471,24.24685],[89.78458,24.24825],[89.78891,24.25801],[89.79013,24.26181],[89.79065,24.26512],[89.79017,24.27049],[89.79027,24.27514],[89.78877,24.28349],[89.78932,24.28326],[89.79185,24.28326],[89.79388,24.28284],[89.79825,24.28259],[89.79853,24.28308],[89.79845,24.28375],[89.79781,24.28594],[89.79709,24.28738],[89.79983,24.28716],[89.80221,24.28726],[89.80365,24.28694],[89.81023,24.28686],[89.81148,24.28829],[89.81482,24.2906],[89.81808,24.2933],[89.82037,24.29559],[89.8241,24.29823],[89.82529,24.29945],[89.83165,24.30478],[89.83257,24.30543],[89.8343,24.30617],[89.83465,24.3076],[89.83554,24.30768]]]}},{"type":"Feature","properties":{"key":"jalalpur","region":"sirajganj","unionId":"29066614B96064890030964","name":"Jalalpur","score":0.633,"level":"Medium","rankRegion":20,"regionCount":57,"maxScore":0.674,"meanScore":0.571,"sections":4,"highSections":0,"population":7360,"buildings":776},"geometry":{"type":"Polygon","coordinates":[[[89.65893,24.18047],[89.65746,24.18163],[89.65652,24.18321],[89.65615,24.18427],[89.65622,24.18515],[89.65701,24.18604],[89.65958,24.18681],[89.66268,24.18706],[89.66309,24.18753],[89.66308,24.18798],[89.6627,24.18887],[89.66092,24.19045],[89.66067,24.19135],[89.66114,24.19221],[89.66097,24.19385],[89.65871,24.19356],[89.65809,24.19389],[89.65678,24.19526],[89.6564,24.19652],[89.65619,24.20003],[89.6565,24.20026],[89.65824,24.20057],[89.6596,24.20175],[89.66733,24.20134],[89.66761,24.20371],[89.66878,24.20628],[89.66879,24.20873],[89.66928,24.20919],[89.66964,24.21004],[89.67033,24.21018],[89.67026,24.21036],[89.6709,24.21025],[89.67117,24.21011],[89.67107,24.20917],[89.67136,24.20779],[89.67016,24.20598],[89.67013,24.20545],[89.67089,24.20502],[89.67198,24.20491],[89.67308,24.20358],[89.67414,24.20387],[89.67485,24.20323],[89.67488,24.20174],[89.67594,24.20155],[89.67649,24.20071],[89.67575,24.19951],[89.67614,24.19923],[89.67768,24.19897],[89.67879,24.19741],[89.67905,24.19333],[89.67981,24.19279],[89.6804,24.19278],[89.68097,24.1931],[89.68088,24.19403],[89.6797,24.19541],[89.68017,24.19628],[89.68162,24.19524],[89.68209,24.19532],[89.68273,24.19622],[89.68576,24.19549],[89.68656,24.19422],[89.68651,24.1935],[89.68709,24.19359],[89.68736,24.19533],[89.68473,24.19681],[89.68469,24.19737],[89.68549,24.19912],[89.6843,24.19911],[89.68339,24.19952],[89.68329,24.20201],[89.68381,24.20347],[89.68454,24.20354],[89.68454,24.20406],[89.68567,24.20451],[89.68576,24.2055],[89.68642,24.20558],[89.68677,24.20604],[89.68755,24.20619],[89.68865,24.20752],[89.68941,24.20716],[89.68983,24.20799],[89.69005,24.20923],[89.68978,24.21131],[89.69062,24.21189],[89.69107,24.21187],[89.69243,24.21048],[89.69257,24.20968],[89.69203,24.20829],[89.6937,24.20776],[89.69495,24.20809],[89.69547,24.20777],[89.69596,24.20645],[89.69593,24.20576],[89.69558,24.20556],[89.69565,24.20503],[89.70068,24.20453],[89.70114,24.20484],[89.70166,24.20567],[89.7022,24.20594],[89.7075,24.20589],[89.70803,24.20671],[89.70797,24.20791],[89.70881,24.20839],[89.70911,24.20961],[89.70978,24.21022],[89.71039,24.20908],[89.71092,24.20869],[89.71422,24.20807],[89.71503,24.20782],[89.7155,24.20742],[89.71566,24.20662],[89.71547,24.20641],[89.71315,24.20742],[89.71183,24.20725],[89.7115,24.20601],[89.71096,24.20567],[89.71056,24.20471],[89.71154,24.20433],[89.71329,24.2045],[89.71318,24.20406],[89.71216,24.20372],[89.71195,24.2032],[89.71263,24.1992],[89.713,24.19858],[89.71539,24.19797],[89.71615,24.19739],[89.71559,24.19403],[89.71502,24.19368],[89.7147,24.19315],[89.71478,24.19267],[89.71501,24.19226],[89.71655,24.19175],[89.71713,24.19115],[89.72014,24.19007],[89.72119,24.18937],[89.72022,24.18586],[89.7202,24.18423],[89.72119,24.18345],[89.72257,24.18301],[89.72188,24.18071],[89.72194,24.17996],[89.72396,24.17949],[89.72309,24.17915],[89.72052,24.17873],[89.72014,24.17834],[89.72019,24.17752],[89.71995,24.17697],[89.7161,24.17737],[89.71394,24.17719],[89.71251,24.17745],[89.71165,24.17735],[89.7109,24.17621],[89.71055,24.17394],[89.70966,24.1737],[89.70815,24.17382],[89.70102,24.17617],[89.69862,24.17786],[89.69487,24.17998],[89.69429,24.18072],[89.69408,24.18154],[89.69412,24.18428],[89.6935,24.18438],[89.69316,24.18477],[89.69297,24.18577],[89.69221,24.18629],[89.69214,24.18741],[89.69026,24.18848],[89.68935,24.18737],[89.68944,24.18697],[89.69029,24.18598],[89.69022,24.18439],[89.68966,24.18335],[89.68833,24.18225],[89.6881,24.18064],[89.68769,24.18031],[89.68252,24.18014],[89.68079,24.17911],[89.67693,24.17964],[89.67282,24.18062],[89.66715,24.18112],[89.66698,24.18078],[89.66708,24.17878],[89.66533,24.17895],[89.66391,24.17875],[89.66357,24.17983],[89.66261,24.17996],[89.66265,24.17959],[89.66321,24.17905],[89.66324,24.17849],[89.66248,24.17762],[89.65926,24.17948],[89.65893,24.18047]]]}},{"type":"Feature","properties":{"key":"jhawail","region":"sirajganj","unionId":"29066614B10728356220272","name":"Jhawail","score":0.471,"level":"Low","rankRegion":47,"regionCount":57,"maxScore":0.507,"meanScore":0.417,"sections":4,"highSections":0,"population":3843,"buildings":252},"geometry":{"type":"Polygon","coordinates":[[[89.84657,24.62125],[89.84883,24.62021],[89.85094,24.61866],[89.85202,24.61848],[89.85277,24.61915],[89.8533,24.62023],[89.85246,24.62211],[89.8512,24.62305],[89.84639,24.62575],[89.84569,24.62641],[89.84462,24.62761],[89.8441,24.62848],[89.84366,24.62996],[89.84255,24.63156],[89.84281,24.63262],[89.84366,24.63353],[89.8446,24.6339],[89.84614,24.63357],[89.84698,24.63392],[89.84718,24.63558],[89.84788,24.6369],[89.84775,24.63796],[89.85013,24.63822],[89.8534,24.63781],[89.85716,24.63714],[89.86042,24.63578],[89.86154,24.63574],[89.86245,24.63509],[89.86422,24.633],[89.86409,24.63256],[89.8648,24.6281],[89.86347,24.62403],[89.86349,24.62316],[89.86386,24.62244],[89.86487,24.62194],[89.86588,24.62196],[89.86651,24.62231],[89.87008,24.6223],[89.87115,24.6219],[89.87317,24.62049],[89.87667,24.61989],[89.87796,24.61919],[89.87856,24.61853],[89.87811,24.61811],[89.87631,24.61741],[89.87511,24.61319],[89.87529,24.61156],[89.87514,24.61087],[89.87381,24.60983],[89.87344,24.60916],[89.87326,24.60813],[89.87699,24.60688],[89.87753,24.60644],[89.87783,24.6056],[89.87763,24.60504],[89.87677,24.60428],[89.8754,24.60221],[89.87539,24.59975],[89.87429,24.59721],[89.87411,24.5951],[89.8729,24.59424],[89.87164,24.59252],[89.87116,24.59151],[89.87071,24.5892],[89.87094,24.5881],[89.87176,24.58725],[89.87286,24.58659],[89.87541,24.58559],[89.87663,24.58453],[89.87516,24.582],[89.87562,24.58052],[89.87634,24.57918],[89.87634,24.57839],[89.87432,24.57815],[89.87088,24.57872],[89.86751,24.5784],[89.86657,24.57861],[89.86042,24.57886],[89.85774,24.57852],[89.85627,24.57898],[89.85585,24.58086],[89.8528,24.57953],[89.85191,24.57945],[89.85152,24.57907],[89.85157,24.57862],[89.85187,24.57883],[89.85301,24.57632],[89.85483,24.57341],[89.85521,24.57233],[89.85526,24.57117],[89.85471,24.56983],[89.85363,24.56892],[89.85285,24.56886],[89.8512,24.56954],[89.84942,24.57128],[89.8486,24.57162],[89.84596,24.57114],[89.84202,24.56947],[89.84133,24.57033],[89.84081,24.57056],[89.83754,24.57054],[89.83476,24.57182],[89.83269,24.57107],[89.83251,24.5707],[89.83177,24.57085],[89.83148,24.57104],[89.83078,24.57377],[89.82564,24.57369],[89.82379,24.57494],[89.82367,24.57536],[89.82327,24.5754],[89.82303,24.57518],[89.82281,24.57539],[89.81805,24.5757],[89.81814,24.57613],[89.81787,24.57668],[89.81698,24.57727],[89.8113,24.57762],[89.81122,24.57839],[89.81254,24.57961],[89.81292,24.58042],[89.81218,24.58146],[89.80987,24.58272],[89.81,24.58361],[89.81091,24.58473],[89.81173,24.58509],[89.81277,24.58499],[89.81448,24.58333],[89.81548,24.58088],[89.81587,24.58073],[89.81637,24.58086],[89.81734,24.5818],[89.81902,24.58403],[89.81918,24.5847],[89.82003,24.58612],[89.82135,24.58746],[89.82339,24.58758],[89.82715,24.58653],[89.82814,24.58675],[89.82862,24.58758],[89.82845,24.58891],[89.82663,24.59072],[89.82373,24.59239],[89.82311,24.59356],[89.82291,24.59462],[89.82307,24.5952],[89.82449,24.59684],[89.82739,24.59861],[89.82827,24.59963],[89.82893,24.60096],[89.8294,24.60132],[89.83383,24.60208],[89.83489,24.60262],[89.83522,24.60303],[89.83471,24.60358],[89.83116,24.60458],[89.82886,24.6059],[89.82747,24.60758],[89.82706,24.6086],[89.82794,24.60932],[89.82947,24.61001],[89.8312,24.6104],[89.83545,24.60828],[89.83635,24.6082],[89.83682,24.60843],[89.83675,24.60938],[89.83581,24.61187],[89.83612,24.61248],[89.83664,24.61288],[89.83936,24.61379],[89.84151,24.61407],[89.84215,24.61471],[89.84216,24.61545],[89.84172,24.61625],[89.8404,24.61734],[89.84008,24.61817],[89.84036,24.61851],[89.84165,24.6188],[89.84238,24.61935],[89.84244,24.62068],[89.84178,24.62354],[89.84184,24.62377],[89.8423,24.62389],[89.84657,24.62125]]]}},{"type":"Feature","properties":{"key":"jummerbari","region":"gaibandha","unionId":"29066614B71885874815418","name":"Jummerbari","score":0.465,"level":"Low","rankRegion":21,"regionCount":25,"maxScore":0.524,"meanScore":0.376,"sections":12,"highSections":0,"population":12996,"buildings":2165},"geometry":{"type":"Polygon","coordinates":[[[89.56588,25.08777],[89.57052,25.08824],[89.572,25.08867],[89.57285,25.08948],[89.57634,25.09425],[89.5773,25.09516],[89.58066,25.09667],[89.58235,25.09681],[89.58324,25.09624],[89.58343,25.09548],[89.58309,25.09485],[89.57952,25.09107],[89.58113,25.0896],[89.58268,25.0872],[89.58232,25.08665],[89.58081,25.08651],[89.58026,25.08551],[89.58056,25.08485],[89.58048,25.08432],[89.57989,25.0837],[89.5812,25.08233],[89.58126,25.08161],[89.58084,25.08108],[89.58016,25.08074],[89.57968,25.08083],[89.57892,25.0816],[89.57705,25.08092],[89.57747,25.08015],[89.5805,25.07756],[89.58066,25.07722],[89.57934,25.07618],[89.57834,25.07471],[89.57781,25.07432],[89.57638,25.07441],[89.57488,25.07501],[89.57395,25.07482],[89.5725,25.07297],[89.571,25.07155],[89.56996,25.06802],[89.57008,25.06766],[89.57047,25.06747],[89.57387,25.06685],[89.57441,25.066],[89.57408,25.06507],[89.57438,25.06414],[89.57528,25.06396],[89.5756,25.06332],[89.57763,25.06305],[89.57834,25.06268],[89.57851,25.06047],[89.57911,25.05926],[89.5791,25.05807],[89.57878,25.05683],[89.57939,25.05381],[89.57839,25.05293],[89.57828,25.05147],[89.57776,25.05052],[89.58043,25.04829],[89.58053,25.0466],[89.57867,25.04473],[89.57831,25.04486],[89.57799,25.04468],[89.57763,25.04371],[89.57621,25.04369],[89.57584,25.04493],[89.57522,25.04508],[89.57462,25.04487],[89.57427,25.04354],[89.57187,25.04266],[89.57165,25.04234],[89.57171,25.04181],[89.57341,25.0402],[89.57309,25.03954],[89.57213,25.03948],[89.56768,25.04067],[89.56622,25.04051],[89.56553,25.04011],[89.56463,25.03819],[89.56414,25.03792],[89.56155,25.03818],[89.55757,25.03964],[89.55626,25.03976],[89.55501,25.03963],[89.55378,25.03879],[89.55234,25.03872],[89.5502,25.0394],[89.54926,25.04033],[89.54847,25.0407],[89.54772,25.0406],[89.54721,25.03956],[89.54675,25.03947],[89.54551,25.04082],[89.54319,25.0407],[89.54212,25.04123],[89.54166,25.04172],[89.53989,25.04214],[89.53777,25.04188],[89.53438,25.0403],[89.53362,25.0402],[89.53239,25.04054],[89.53004,25.04298],[89.52922,25.0433],[89.52909,25.04521],[89.53025,25.04628],[89.53198,25.04704],[89.53198,25.04772],[89.53021,25.04948],[89.53006,25.05375],[89.52868,25.0557],[89.52844,25.05648],[89.52859,25.05702],[89.52921,25.05743],[89.5313,25.05684],[89.53157,25.05694],[89.53202,25.05783],[89.53237,25.06091],[89.53546,25.06327],[89.53644,25.06368],[89.53283,25.06704],[89.53262,25.06832],[89.53303,25.06927],[89.53401,25.06949],[89.53561,25.06917],[89.53916,25.06794],[89.54184,25.06616],[89.5488,25.05954],[89.55014,25.05851],[89.55303,25.05709],[89.55527,25.05692],[89.55475,25.05871],[89.55498,25.05941],[89.55612,25.05986],[89.55731,25.06143],[89.55779,25.06137],[89.5588,25.06212],[89.56013,25.06231],[89.56166,25.06346],[89.56141,25.06448],[89.56053,25.06548],[89.557,25.068],[89.55721,25.06847],[89.55349,25.07207],[89.55235,25.07362],[89.55067,25.07836],[89.55185,25.08345],[89.55197,25.08486],[89.55168,25.08666],[89.55185,25.08697],[89.55287,25.08696],[89.55887,25.08602],[89.56223,25.08664],[89.56588,25.08777]]]}},{"type":"Feature","properties":{"key":"kaijuri","region":"sirajganj","unionId":"29066614B17539360563631","name":"Kaijuri","score":0.748,"level":"High","rankRegion":3,"regionCount":57,"maxScore":0.804,"meanScore":0.664,"sections":13,"highSections":3,"population":22854,"buildings":2921},"geometry":{"type":"Polygon","coordinates":[[[89.68974,24.12194],[89.68879,24.1219],[89.68908,24.1195],[89.68786,24.11841],[89.68636,24.11497],[89.68613,24.11395],[89.6852,24.11405],[89.68381,24.11474],[89.6818,24.11698],[89.68099,24.11722],[89.68014,24.11701],[89.68019,24.11676],[89.67934,24.11637],[89.67917,24.11571],[89.67853,24.1152],[89.67778,24.11249],[89.67727,24.11183],[89.6765,24.11004],[89.67545,24.10945],[89.67182,24.11032],[89.67109,24.11133],[89.66961,24.11271],[89.66973,24.1144],[89.67017,24.11484],[89.67182,24.11538],[89.67235,24.1165],[89.67244,24.11785],[89.67068,24.11852],[89.66996,24.11841],[89.66855,24.11875],[89.66462,24.12028],[89.66334,24.12049],[89.66341,24.12086],[89.6646,24.12243],[89.66484,24.12322],[89.6655,24.12406],[89.66605,24.12429],[89.66565,24.12715],[89.66494,24.12746],[89.66509,24.12966],[89.66461,24.13051],[89.6646,24.1312],[89.66483,24.13161],[89.66628,24.13278],[89.66735,24.13316],[89.6675,24.13412],[89.66797,24.13461],[89.66845,24.1347],[89.66932,24.13426],[89.67014,24.1344],[89.67009,24.13512],[89.66937,24.1362],[89.66932,24.13682],[89.67108,24.14003],[89.67118,24.14055],[89.67082,24.14148],[89.6709,24.14285],[89.67125,24.14335],[89.67136,24.14411],[89.67092,24.14525],[89.66977,24.14578],[89.66904,24.14644],[89.66921,24.14666],[89.66887,24.14754],[89.66915,24.14786],[89.6684,24.14884],[89.66781,24.15292],[89.66703,24.15317],[89.66665,24.15386],[89.66632,24.15491],[89.66621,24.15666],[89.6657,24.15688],[89.66552,24.1573],[89.66542,24.15894],[89.6659,24.15994],[89.66615,24.16167],[89.66652,24.16737],[89.66646,24.17053],[89.66622,24.17156],[89.66594,24.17189],[89.6633,24.17199],[89.66224,24.17227],[89.66122,24.17542],[89.66123,24.17576],[89.66248,24.17762],[89.6632,24.17831],[89.66321,24.17905],[89.66265,24.17959],[89.66261,24.17996],[89.66357,24.17983],[89.66391,24.17875],[89.66533,24.17895],[89.66708,24.17878],[89.66698,24.18078],[89.66715,24.18112],[89.67282,24.18062],[89.67693,24.17964],[89.68079,24.17911],[89.68252,24.18014],[89.68769,24.18031],[89.6881,24.18064],[89.68833,24.18225],[89.68966,24.18335],[89.69022,24.18439],[89.69029,24.18598],[89.68944,24.18697],[89.68935,24.18737],[89.69026,24.18848],[89.69214,24.18741],[89.69221,24.18629],[89.69297,24.18577],[89.69316,24.18477],[89.6935,24.18438],[89.69412,24.18428],[89.69408,24.18154],[89.69429,24.18072],[89.69487,24.17998],[89.69862,24.17786],[89.70102,24.17617],[89.70815,24.17382],[89.70966,24.1737],[89.71055,24.17394],[89.7109,24.17621],[89.71165,24.17735],[89.71251,24.17745],[89.71394,24.17719],[89.7161,24.17737],[89.71995,24.17697],[89.72019,24.17752],[89.72014,24.17834],[89.72052,24.17873],[89.72411,24.17948],[89.72519,24.1784],[89.72781,24.17695],[89.73021,24.17517],[89.73022,24.17402],[89.73092,24.17342],[89.73102,24.17295],[89.73085,24.17263],[89.73107,24.17224],[89.73104,24.17128],[89.7306,24.16906],[89.73073,24.16862],[89.73304,24.16705],[89.73326,24.166],[89.73307,24.16544],[89.73183,24.16521],[89.73076,24.16466],[89.72593,24.16454],[89.72414,24.16469],[89.72344,24.16434],[89.72584,24.16267],[89.72689,24.15784],[89.72657,24.15742],[89.72557,24.15742],[89.72545,24.15696],[89.72463,24.15655],[89.72471,24.15547],[89.72541,24.15492],[89.72527,24.15464],[89.72556,24.15367],[89.72551,24.15248],[89.72386,24.15227],[89.71926,24.15223],[89.71806,24.1516],[89.7179,24.15141],[89.71849,24.15109],[89.71782,24.1508],[89.71634,24.14947],[89.71599,24.14861],[89.7145,24.14852],[89.71383,24.14871],[89.71353,24.14906],[89.71353,24.15045],[89.71379,24.15075],[89.71276,24.15095],[89.71284,24.15223],[89.71334,24.15241],[89.71344,24.15271],[89.7128,24.15364],[89.70929,24.15414],[89.70886,24.15646],[89.71054,24.15629],[89.71007,24.15716],[89.70887,24.15742],[89.70872,24.15704],[89.70839,24.15718],[89.7081,24.15794],[89.70807,24.15938],[89.70814,24.15958],[89.70955,24.15981],[89.70966,24.16185],[89.7083,24.16114],[89.707,24.16119],[89.70671,24.16022],[89.70538,24.16002],[89.70534,24.15899],[89.70481,24.15849],[89.70366,24.1586],[89.70013,24.15956],[89.6989,24.15959],[89.69832,24.15859],[89.69949,24.15839],[89.69931,24.15742],[89.69787,24.15729],[89.69748,24.15369],[89.69681,24.15233],[89.69603,24.15188],[89.69571,24.15008],[89.69691,24.14966],[89.69639,24.14908],[89.69602,24.14731],[89.69719,24.14528],[89.69729,24.14471],[89.69559,24.14269],[89.69507,24.14109],[89.69425,24.13988],[89.6946,24.13732],[89.69552,24.13642],[89.69575,24.13566],[89.69563,24.13341],[89.69506,24.13188],[89.69416,24.13044],[89.69147,24.12985],[89.69079,24.12906],[89.69021,24.12769],[89.69022,24.12733],[89.69101,24.1268],[89.69118,24.12642],[89.69083,24.12341],[89.69122,24.12136],[89.68974,24.12194]]]}},{"type":"Feature","properties":{"key":"kakua","region":"sirajganj","unionId":"29066614B37986638891713","name":"Kakua","score":0.553,"level":"Medium","rankRegion":32,"regionCount":57,"maxScore":0.624,"meanScore":0.447,"sections":11,"highSections":0,"population":11301,"buildings":3725},"geometry":{"type":"Polygon","coordinates":[[[89.84431,24.31195],[89.84362,24.31032],[89.84192,24.30974],[89.84086,24.30911],[89.83993,24.30964],[89.84042,24.31073],[89.83806,24.31181],[89.83533,24.31195],[89.83454,24.31126],[89.83399,24.31142],[89.83369,24.30997],[89.83467,24.30743],[89.8343,24.30617],[89.83257,24.30543],[89.83165,24.30478],[89.82529,24.29945],[89.8241,24.29823],[89.82037,24.29559],[89.81808,24.2933],[89.81482,24.2906],[89.81148,24.28829],[89.81023,24.28686],[89.80365,24.28694],[89.80221,24.28726],[89.79983,24.28716],[89.79709,24.28738],[89.79781,24.28594],[89.79845,24.28375],[89.79853,24.28308],[89.79825,24.28259],[89.79388,24.28284],[89.79185,24.28326],[89.78892,24.2833],[89.78834,24.28552],[89.78636,24.2895],[89.78581,24.28982],[89.78286,24.29276],[89.7805,24.29416],[89.77745,24.29699],[89.77591,24.29885],[89.77421,24.30151],[89.77178,24.31072],[89.77186,24.31447],[89.77225,24.31617],[89.77265,24.31684],[89.77211,24.31925],[89.77224,24.32235],[89.77276,24.32471],[89.77171,24.32986],[89.77057,24.33182],[89.76976,24.33228],[89.769,24.33339],[89.76746,24.33637],[89.7655,24.33942],[89.76416,24.34065],[89.76289,24.34113],[89.76561,24.34208],[89.76905,24.34233],[89.77437,24.34224],[89.7787,24.3414],[89.78356,24.34],[89.78675,24.33955],[89.78862,24.33954],[89.79057,24.33996],[89.79358,24.34115],[89.79558,24.34164],[89.79681,24.34149],[89.79932,24.34192],[89.79974,24.34239],[89.80002,24.3437],[89.79996,24.34542],[89.80023,24.3472],[89.79999,24.35419],[89.79897,24.35678],[89.7985,24.35851],[89.79854,24.3595],[89.80068,24.3615],[89.80176,24.36174],[89.80409,24.36313],[89.80453,24.36312],[89.80486,24.36338],[89.80527,24.3633],[89.80751,24.36204],[89.81147,24.36124],[89.81352,24.36052],[89.81598,24.35908],[89.81758,24.35767],[89.81857,24.35584],[89.81874,24.35202],[89.81909,24.35047],[89.8208,24.34799],[89.82321,24.34793],[89.8248,24.34829],[89.82818,24.34839],[89.82832,24.34863],[89.82898,24.34839],[89.83065,24.34887],[89.83163,24.34847],[89.83193,24.34856],[89.83237,24.34816],[89.83479,24.34422],[89.83596,24.3391],[89.83577,24.33797],[89.83668,24.33697],[89.83673,24.33453],[89.83614,24.33119],[89.83573,24.33045],[89.83549,24.3254],[89.83586,24.32413],[89.83569,24.32275],[89.83696,24.3224],[89.83702,24.32172],[89.83669,24.32065],[89.83685,24.32048],[89.84,24.31899],[89.84179,24.31688],[89.84231,24.31698],[89.84292,24.31814],[89.8435,24.31834],[89.84476,24.3175],[89.84773,24.31657],[89.84781,24.31599],[89.84657,24.31453],[89.84643,24.31405],[89.84431,24.31195]]]}},{"type":"Feature","properties":{"key":"kalia-haripur","region":"sirajganj","unionId":"29066614B50303356128955","name":"Kalia Haripur","score":0.521,"level":"Medium","rankRegion":36,"regionCount":57,"maxScore":0.535,"meanScore":0.499,"sections":6,"highSections":0,"population":15725,"buildings":1638},"geometry":{"type":"Polygon","coordinates":[[[89.74743,24.45513],[89.75386,24.45564],[89.75517,24.45534],[89.75498,24.45461],[89.75331,24.45224],[89.75288,24.45001],[89.7522,24.44851],[89.75112,24.4465],[89.75027,24.44569],[89.74803,24.44119],[89.74683,24.43609],[89.74653,24.43124],[89.74658,24.43054],[89.74748,24.42845],[89.74815,24.42603],[89.74948,24.42358],[89.75003,24.42192],[89.75113,24.42059],[89.75307,24.41664],[89.75353,24.41438],[89.75511,24.41029],[89.75613,24.40624],[89.75343,24.40586],[89.74424,24.40643],[89.7405,24.4075],[89.73814,24.40921],[89.73758,24.40933],[89.73589,24.40777],[89.73466,24.40578],[89.73365,24.40532],[89.73208,24.40508],[89.72968,24.40427],[89.72884,24.40435],[89.72785,24.4058],[89.72698,24.40636],[89.72418,24.40701],[89.72348,24.40643],[89.7236,24.40525],[89.72262,24.40344],[89.71955,24.40394],[89.71784,24.40381],[89.71231,24.40547],[89.70913,24.40819],[89.70857,24.40844],[89.70745,24.40821],[89.7065,24.40675],[89.7048,24.40532],[89.70243,24.40776],[89.70138,24.40766],[89.70035,24.40697],[89.69948,24.40677],[89.69811,24.40792],[89.69767,24.4075],[89.69702,24.40728],[89.69675,24.40725],[89.69613,24.40776],[89.69536,24.40731],[89.69471,24.40781],[89.69343,24.40829],[89.69247,24.40748],[89.6921,24.40672],[89.69164,24.40649],[89.69142,24.40617],[89.69156,24.40586],[89.69114,24.40537],[89.69089,24.40527],[89.69068,24.40577],[89.69037,24.40587],[89.69035,24.40436],[89.68997,24.40427],[89.68954,24.40457],[89.68904,24.40379],[89.68829,24.40332],[89.68825,24.40379],[89.68788,24.40418],[89.68644,24.40447],[89.68365,24.4057],[89.68182,24.40585],[89.67862,24.40705],[89.67872,24.40755],[89.67934,24.40808],[89.68212,24.40882],[89.68332,24.41019],[89.68338,24.41086],[89.68308,24.41174],[89.68201,24.41301],[89.68151,24.41325],[89.68053,24.41311],[89.67755,24.41211],[89.67475,24.41255],[89.67298,24.4136],[89.6708,24.41285],[89.67028,24.41285],[89.66743,24.41417],[89.6669,24.41485],[89.6666,24.41803],[89.66711,24.4218],[89.6652,24.42241],[89.66394,24.42346],[89.66324,24.42466],[89.66762,24.42661],[89.66811,24.42704],[89.66879,24.42836],[89.67054,24.4295],[89.67199,24.4301],[89.6724,24.4301],[89.67291,24.42958],[89.67325,24.42981],[89.67363,24.42966],[89.67486,24.42829],[89.67613,24.42771],[89.67688,24.42791],[89.67857,24.42921],[89.67948,24.42911],[89.68047,24.42865],[89.68118,24.42908],[89.68156,24.42956],[89.68154,24.43],[89.68017,24.43115],[89.68087,24.43337],[89.68073,24.43398],[89.68129,24.43453],[89.68103,24.43563],[89.68218,24.43754],[89.68253,24.43908],[89.6824,24.43999],[89.68295,24.44071],[89.68261,24.442],[89.68292,24.44274],[89.6844,24.44405],[89.68537,24.44633],[89.68623,24.447],[89.68731,24.44677],[89.68825,24.44706],[89.69012,24.44617],[89.6908,24.44545],[89.69115,24.44412],[89.6899,24.44184],[89.68969,24.44031],[89.69073,24.43783],[89.6926,24.4348],[89.69366,24.43386],[89.69377,24.43351],[89.69352,24.43307],[89.69376,24.43246],[89.6945,24.43215],[89.69585,24.43203],[89.69803,24.43229],[89.70132,24.43127],[89.70236,24.43231],[89.70296,24.43386],[89.7039,24.43338],[89.70447,24.43548],[89.70546,24.43557],[89.70868,24.43802],[89.71058,24.43685],[89.7117,24.43727],[89.71188,24.43893],[89.71275,24.43938],[89.71504,24.43943],[89.71769,24.43844],[89.71859,24.43854],[89.71883,24.43928],[89.71854,24.43992],[89.71478,24.44159],[89.71532,24.44246],[89.71707,24.4432],[89.71976,24.44396],[89.72235,24.44343],[89.72317,24.44469],[89.72367,24.44502],[89.72403,24.44472],[89.72413,24.44391],[89.72498,24.44328],[89.72694,24.44411],[89.72888,24.44536],[89.72961,24.44613],[89.73044,24.44766],[89.73278,24.45334],[89.73486,24.45728],[89.73661,24.45724],[89.73834,24.45641],[89.73934,24.45619],[89.7403,24.45447],[89.74174,24.45477],[89.74274,24.45539],[89.74743,24.45513]]]}},{"type":"Feature","properties":{"key":"kamalpur","region":"sirajganj","unionId":"29066614B61755487261961","name":"Kamalpur","score":0.712,"level":"High","rankRegion":6,"regionCount":57,"maxScore":0.768,"meanScore":0.629,"sections":7,"highSections":2,"population":6051,"buildings":1409},"geometry":{"type":"Polygon","coordinates":[[[89.61808,24.757],[89.61621,24.75571],[89.6149,24.75428],[89.61303,24.75398],[89.61095,24.75406],[89.61,24.75458],[89.60919,24.75429],[89.60862,24.75234],[89.60777,24.75098],[89.60749,24.75101],[89.60668,24.7521],[89.60601,24.7526],[89.60206,24.75223],[89.60173,24.75193],[89.60168,24.75095],[89.60192,24.74972],[89.60256,24.74849],[89.60257,24.74779],[89.60085,24.74667],[89.6,24.74644],[89.59745,24.74635],[89.59338,24.74509],[89.59181,24.7449],[89.59062,24.74512],[89.59067,24.74582],[89.59136,24.74657],[89.59095,24.74789],[89.59092,24.75019],[89.59004,24.75175],[89.58932,24.75228],[89.5888,24.75439],[89.58834,24.75466],[89.58767,24.75462],[89.58672,24.75726],[89.58633,24.7591],[89.58582,24.75985],[89.58513,24.76038],[89.5849,24.76097],[89.58425,24.76122],[89.58339,24.76041],[89.58175,24.75943],[89.58086,24.75795],[89.58059,24.75682],[89.58009,24.75649],[89.57967,24.75683],[89.57963,24.75815],[89.5789,24.75796],[89.57823,24.75733],[89.57679,24.75778],[89.57505,24.75718],[89.57441,24.75725],[89.57405,24.7578],[89.57287,24.75736],[89.57208,24.75743],[89.57219,24.75887],[89.57311,24.76044],[89.57304,24.76115],[89.57442,24.76465],[89.57449,24.76666],[89.57538,24.76888],[89.57558,24.77125],[89.57766,24.77359],[89.57873,24.77563],[89.5788,24.77638],[89.57782,24.777],[89.57725,24.77855],[89.57575,24.77979],[89.57472,24.78169],[89.5733,24.78328],[89.57374,24.78392],[89.57378,24.78473],[89.57456,24.78571],[89.57495,24.78774],[89.57475,24.78828],[89.57305,24.78941],[89.57295,24.78989],[89.57318,24.79068],[89.57299,24.79135],[89.5721,24.79104],[89.57155,24.79128],[89.57122,24.79164],[89.57102,24.79249],[89.57022,24.79313],[89.56746,24.79358],[89.5632,24.7947],[89.56021,24.79574],[89.55943,24.79559],[89.55912,24.79706],[89.55938,24.79794],[89.56171,24.79766],[89.56504,24.79859],[89.56645,24.79684],[89.56853,24.79735],[89.57244,24.79783],[89.57472,24.79761],[89.57676,24.79774],[89.57744,24.79719],[89.57834,24.79572],[89.57937,24.79581],[89.57966,24.79607],[89.58142,24.79398],[89.58361,24.79214],[89.58433,24.79083],[89.58484,24.78859],[89.58594,24.78669],[89.58761,24.78576],[89.58888,24.78558],[89.59419,24.78622],[89.59575,24.78691],[89.59805,24.78834],[89.60165,24.79121],[89.60274,24.79235],[89.60369,24.79296],[89.60429,24.79405],[89.60533,24.79515],[89.60758,24.79619],[89.60923,24.79671],[89.61103,24.7968],[89.61639,24.79557],[89.61689,24.79519],[89.61745,24.79425],[89.61772,24.79214],[89.6183,24.79048],[89.62092,24.78636],[89.62148,24.78637],[89.62209,24.78592],[89.62299,24.78417],[89.62271,24.78221],[89.62201,24.77987],[89.62097,24.77897],[89.62039,24.7766],[89.61937,24.77625],[89.61946,24.77534],[89.62172,24.77362],[89.62402,24.77311],[89.62528,24.77322],[89.62716,24.77437],[89.62924,24.7717],[89.62988,24.76934],[89.62989,24.76715],[89.62941,24.76594],[89.62875,24.76508],[89.62495,24.76228],[89.62365,24.76189],[89.62266,24.76202],[89.62216,24.76166],[89.62059,24.76116],[89.62032,24.76066],[89.62088,24.76026],[89.61808,24.757]]]}},{"type":"Feature","properties":{"key":"kamarjani","region":"gaibandha","unionId":"29066614B10610516449153","name":"Kamarjani","score":0.526,"level":"Medium","rankRegion":18,"regionCount":25,"maxScore":0.526,"meanScore":0.526,"sections":1,"highSections":1,"population":333,"buildings":14},"geometry":{"type":"Polygon","coordinates":[[[89.67922,25.35352],[89.67876,25.35264],[89.67852,25.35023],[89.6778,25.34917],[89.6764,25.34781],[89.67415,25.34625],[89.67071,25.3421],[89.67033,25.34129],[89.67051,25.33912],[89.66808,25.33806],[89.66535,25.33487],[89.66422,25.33268],[89.66196,25.33147],[89.66094,25.33124],[89.65869,25.33216],[89.65649,25.33234],[89.65601,25.33205],[89.65652,25.33043],[89.65743,25.32431],[89.65689,25.32352],[89.65498,25.32204],[89.65295,25.32212],[89.65197,25.32175],[89.64718,25.32374],[89.64612,25.32371],[89.64527,25.32308],[89.64423,25.32452],[89.64334,25.3251],[89.64236,25.32542],[89.64207,25.32727],[89.64242,25.32936],[89.64223,25.33078],[89.64092,25.33231],[89.63996,25.33411],[89.63919,25.33499],[89.63687,25.33506],[89.63513,25.33573],[89.63417,25.33586],[89.63373,25.33571],[89.6332,25.33495],[89.63223,25.3346],[89.63124,25.33479],[89.62968,25.33545],[89.62833,25.33546],[89.6257,25.3349],[89.62407,25.33547],[89.62539,25.33973],[89.62576,25.34222],[89.62561,25.34387],[89.6259,25.34457],[89.62623,25.34505],[89.62729,25.34568],[89.62834,25.34593],[89.62866,25.34641],[89.62869,25.34727],[89.62822,25.34908],[89.62849,25.35036],[89.62926,25.35069],[89.63091,25.35035],[89.6326,25.35033],[89.63367,25.35097],[89.63322,25.3519],[89.62984,25.35366],[89.62864,25.35549],[89.62763,25.35632],[89.6272,25.35576],[89.62717,25.35464],[89.62652,25.35405],[89.62527,25.35386],[89.62429,25.35296],[89.62317,25.353],[89.62265,25.35356],[89.62512,25.35431],[89.62526,25.35466],[89.62488,25.35632],[89.62502,25.35744],[89.62678,25.35821],[89.62748,25.35911],[89.62794,25.35934],[89.62878,25.35943],[89.62927,25.35877],[89.63015,25.35919],[89.63146,25.35918],[89.63238,25.35863],[89.63219,25.35774],[89.63008,25.35636],[89.63027,25.35566],[89.63538,25.35621],[89.63668,25.35694],[89.6382,25.35731],[89.63766,25.3583],[89.63689,25.35775],[89.63503,25.35807],[89.63477,25.35847],[89.63476,25.35972],[89.63483,25.36003],[89.63509,25.36008],[89.63679,25.36006],[89.63744,25.36075],[89.63821,25.36108],[89.63812,25.36184],[89.63859,25.36288],[89.6379,25.36492],[89.63731,25.36496],[89.63442,25.36616],[89.63359,25.36619],[89.63282,25.36543],[89.63258,25.36308],[89.63001,25.36445],[89.63005,25.36515],[89.63058,25.36614],[89.62961,25.3685],[89.62991,25.36877],[89.63087,25.36892],[89.63132,25.37008],[89.63211,25.37108],[89.63201,25.37203],[89.63482,25.37259],[89.63731,25.37266],[89.63762,25.37291],[89.63771,25.37351],[89.63572,25.37643],[89.63358,25.37809],[89.6324,25.38045],[89.63177,25.38079],[89.63071,25.38095],[89.63006,25.38154],[89.63006,25.38248],[89.63055,25.38348],[89.63,25.38372],[89.62827,25.38373],[89.62728,25.38404],[89.62708,25.38435],[89.62719,25.38478],[89.62804,25.3857],[89.62807,25.38675],[89.6279,25.38714],[89.62695,25.38755],[89.62789,25.38886],[89.62951,25.3902],[89.62982,25.39089],[89.62884,25.39333],[89.62769,25.39359],[89.62741,25.39424],[89.6276,25.39524],[89.62846,25.39675],[89.6288,25.40015],[89.628,25.40286],[89.62642,25.40401],[89.62649,25.40446],[89.62608,25.40485],[89.6266,25.40492],[89.62684,25.40543],[89.62596,25.40832],[89.6261,25.40927],[89.62693,25.40954],[89.63065,25.40881],[89.63161,25.40841],[89.63265,25.40698],[89.63323,25.40513],[89.63458,25.40353],[89.63594,25.40125],[89.63722,25.40138],[89.63859,25.4009],[89.641,25.40067],[89.64702,25.40187],[89.65345,25.39997],[89.65632,25.39968],[89.66317,25.3981],[89.66812,25.39768],[89.66911,25.3999],[89.67065,25.40114],[89.67358,25.40108],[89.67441,25.40116],[89.67474,25.40144],[89.67481,25.40022],[89.6745,25.39977],[89.67262,25.39942],[89.67164,25.39827],[89.66647,25.39605],[89.66525,25.39535],[89.66511,25.39505],[89.66525,25.39476],[89.66645,25.39437],[89.6666,25.39377],[89.66583,25.39248],[89.66571,25.38966],[89.66385,25.38649],[89.6647,25.38597],[89.66757,25.38507],[89.66757,25.38487],[89.66602,25.38393],[89.66608,25.3838],[89.66825,25.38205],[89.67002,25.38112],[89.66991,25.38045],[89.67027,25.37977],[89.67004,25.37925],[89.66897,25.37931],[89.66537,25.38039],[89.66504,25.37972],[89.66499,25.37815],[89.66572,25.37548],[89.66447,25.37352],[89.66625,25.37081],[89.66738,25.36838],[89.66782,25.36674],[89.66712,25.36605],[89.66814,25.36456],[89.66947,25.36316],[89.67172,25.36557],[89.67258,25.36508],[89.67433,25.36459],[89.67495,25.36064],[89.67385,25.35835],[89.67386,25.3578],[89.67534,25.357],[89.67607,25.3558],[89.67836,25.35541],[89.68013,25.3541],[89.67922,25.35352]]]}},{"type":"Feature","properties":{"key":"kanchi-para","region":"gaibandha","unionId":"29066614B46317551489475","name":"Kanchi Para","score":0.465,"level":"Low","rankRegion":21,"regionCount":25,"maxScore":0.497,"meanScore":0.417,"sections":9,"highSections":0,"population":8629,"buildings":1326},"geometry":{"type":"Polygon","coordinates":[[[89.57795,25.31213],[89.57784,25.31267],[89.57629,25.31404],[89.57615,25.31446],[89.57629,25.31493],[89.57774,25.31534],[89.57794,25.31565],[89.57765,25.31666],[89.57623,25.31929],[89.57633,25.32221],[89.57903,25.32408],[89.58004,25.32514],[89.58113,25.32799],[89.58324,25.3289],[89.58314,25.32943],[89.58248,25.33012],[89.58042,25.3306],[89.57969,25.33048],[89.57998,25.33168],[89.58024,25.33181],[89.58237,25.33098],[89.58887,25.3297],[89.58964,25.32907],[89.59022,25.32771],[89.59074,25.32736],[89.59447,25.32907],[89.59662,25.32911],[89.598,25.32896],[89.60034,25.32818],[89.60179,25.32801],[89.60247,25.32693],[89.60368,25.32683],[89.60452,25.32868],[89.6057,25.33339],[89.60673,25.33644],[89.6072,25.33698],[89.60751,25.33706],[89.60816,25.33674],[89.60845,25.33468],[89.609,25.33361],[89.61041,25.33277],[89.61176,25.33254],[89.61299,25.33325],[89.61571,25.33634],[89.61782,25.33739],[89.61928,25.3384],[89.6197,25.33817],[89.61999,25.33739],[89.62113,25.33664],[89.62452,25.33518],[89.6257,25.3349],[89.62916,25.3355],[89.63223,25.3346],[89.6335,25.33515],[89.63391,25.33586],[89.63513,25.33573],[89.63687,25.33506],[89.63919,25.33499],[89.63996,25.33411],[89.64092,25.33231],[89.64223,25.33078],[89.64242,25.32936],[89.64207,25.32727],[89.64236,25.32542],[89.64334,25.3251],[89.64423,25.32452],[89.64527,25.32308],[89.64612,25.32371],[89.64718,25.32374],[89.65197,25.32175],[89.65295,25.32212],[89.65471,25.32197],[89.65544,25.3223],[89.65698,25.31959],[89.66112,25.31513],[89.66043,25.31456],[89.65926,25.31417],[89.65813,25.31411],[89.65576,25.31445],[89.65428,25.31354],[89.65353,25.31382],[89.65207,25.31283],[89.65256,25.31206],[89.6528,25.31114],[89.65285,25.30965],[89.65262,25.30859],[89.6506,25.30484],[89.64905,25.30267],[89.64714,25.30297],[89.63822,25.30539],[89.63627,25.30356],[89.6359,25.30287],[89.63586,25.30181],[89.63668,25.30128],[89.63686,25.30047],[89.63646,25.30004],[89.63629,25.29923],[89.63575,25.2983],[89.63532,25.29936],[89.63429,25.2999],[89.63336,25.30089],[89.6319,25.30178],[89.62982,25.30227],[89.62861,25.30217],[89.62791,25.30181],[89.62747,25.30109],[89.6276,25.30025],[89.62947,25.29854],[89.62976,25.29743],[89.62917,25.29663],[89.62642,25.29496],[89.62613,25.29411],[89.62682,25.29255],[89.6293,25.2894],[89.62933,25.28863],[89.6283,25.28701],[89.62815,25.28632],[89.62739,25.28662],[89.62715,25.29076],[89.62562,25.29119],[89.62334,25.29127],[89.6227,25.29172],[89.62215,25.29265],[89.62179,25.29558],[89.62193,25.2977],[89.62316,25.30203],[89.62373,25.30277],[89.62306,25.30333],[89.623,25.30381],[89.62241,25.30385],[89.6221,25.30349],[89.62108,25.30398],[89.61973,25.30228],[89.61777,25.30279],[89.61718,25.30239],[89.61641,25.30232],[89.6123,25.30311],[89.61209,25.30187],[89.61141,25.3007],[89.61152,25.29762],[89.61096,25.29684],[89.61175,25.29587],[89.61047,25.29316],[89.611,25.29264],[89.61097,25.292],[89.61152,25.29157],[89.61087,25.28915],[89.60693,25.28994],[89.60545,25.28768],[89.60338,25.28781],[89.6032,25.28767],[89.60304,25.29019],[89.60191,25.28985],[89.59977,25.29],[89.59955,25.28941],[89.59847,25.2903],[89.59856,25.29221],[89.59468,25.2938],[89.59497,25.296],[89.59412,25.29631],[89.59325,25.2974],[89.59285,25.29921],[89.59202,25.29921],[89.59202,25.29969],[89.59155,25.29987],[89.58955,25.29947],[89.58841,25.29962],[89.58674,25.30032],[89.58586,25.30046],[89.58483,25.30156],[89.5836,25.30144],[89.58305,25.30161],[89.58243,25.30331],[89.58155,25.30406],[89.58175,25.3042],[89.58179,25.30504],[89.58143,25.3054],[89.58181,25.30551],[89.58159,25.3079],[89.58083,25.30859],[89.57921,25.30825],[89.57815,25.30878],[89.57775,25.30956],[89.57767,25.31115],[89.57795,25.31213]]]}},{"type":"Feature","properties":{"key":"katuli","region":"sirajganj","unionId":"29066614B76028201206405","name":"Katuli","score":0.582,"level":"Medium","rankRegion":26,"regionCount":57,"maxScore":0.642,"meanScore":0.492,"sections":11,"highSections":0,"population":6905,"buildings":2380},"geometry":{"type":"Polygon","coordinates":[[[89.84958,24.23238],[89.85088,24.23216],[89.85199,24.23134],[89.85391,24.22875],[89.85426,24.22699],[89.85498,24.22678],[89.85521,24.22651],[89.85585,24.22469],[89.85425,24.22441],[89.85244,24.22459],[89.85059,24.22445],[89.8492,24.22296],[89.8486,24.22269],[89.8473,24.22257],[89.84737,24.22199],[89.84797,24.22115],[89.84768,24.21915],[89.84814,24.21824],[89.84805,24.21661],[89.84872,24.21504],[89.84833,24.2105],[89.84874,24.21056],[89.85004,24.2101],[89.85305,24.21024],[89.85413,24.20878],[89.85686,24.20245],[89.85732,24.20181],[89.85731,24.19815],[89.85771,24.19376],[89.85744,24.19375],[89.85677,24.19456],[89.85541,24.19696],[89.85399,24.20023],[89.85317,24.20108],[89.85263,24.19976],[89.85288,24.19558],[89.85227,24.1909],[89.85232,24.18856],[89.85187,24.18196],[89.85232,24.18008],[89.85214,24.17965],[89.85152,24.17929],[89.85144,24.17894],[89.85229,24.17629],[89.8521,24.17408],[89.85185,24.17289],[89.84951,24.16712],[89.84934,24.16615],[89.84891,24.16554],[89.84813,24.16508],[89.84554,24.17166],[89.845,24.17233],[89.8441,24.17583],[89.8439,24.17817],[89.84173,24.17805],[89.84036,24.1794],[89.83832,24.17946],[89.8363,24.17995],[89.83648,24.18057],[89.83638,24.18194],[89.83524,24.18208],[89.83291,24.18138],[89.8318,24.1813],[89.83046,24.18178],[89.83128,24.18312],[89.83228,24.18859],[89.83105,24.18834],[89.82983,24.18981],[89.82746,24.19665],[89.82695,24.19884],[89.8252,24.19894],[89.82266,24.19861],[89.81852,24.19912],[89.81861,24.1972],[89.81792,24.19551],[89.81733,24.19463],[89.81492,24.19235],[89.81438,24.19138],[89.8136,24.19095],[89.81091,24.19078],[89.81073,24.19458],[89.80923,24.19442],[89.80608,24.19678],[89.80441,24.19743],[89.80259,24.19723],[89.80209,24.19709],[89.80317,24.19378],[89.79907,24.19278],[89.79656,24.19176],[89.79478,24.19061],[89.79429,24.19052],[89.79396,24.19203],[89.79198,24.19732],[89.79018,24.20019],[89.78999,24.20105],[89.79027,24.20175],[89.78954,24.20335],[89.78712,24.21095],[89.78575,24.22086],[89.78424,24.22641],[89.78457,24.22649],[89.78549,24.22739],[89.7873,24.22946],[89.78966,24.23287],[89.79179,24.23434],[89.79423,24.23665],[89.79715,24.23897],[89.80086,24.23894],[89.80423,24.23854],[89.81536,24.23611],[89.81696,24.23625],[89.82156,24.23763],[89.82242,24.23734],[89.82403,24.23735],[89.82449,24.23703],[89.82479,24.23614],[89.83131,24.23722],[89.83171,24.23749],[89.83257,24.23488],[89.83234,24.23177],[89.83403,24.23201],[89.83431,24.23166],[89.83453,24.23014],[89.8397,24.23229],[89.84405,24.23249],[89.84801,24.23318],[89.84958,24.23238]]]}},{"type":"Feature","properties":{"key":"kazipur","region":"sirajganj","unionId":"29066614B14714698461938","name":"Kazipur","score":0.446,"level":"Low","rankRegion":49,"regionCount":57,"maxScore":0.503,"meanScore":0.361,"sections":4,"highSections":0,"population":4589,"buildings":775},"geometry":{"type":"Polygon","coordinates":[[[89.64265,24.65066],[89.64086,24.65156],[89.64068,24.65375],[89.63942,24.65585],[89.63824,24.6565],[89.63786,24.65873],[89.63828,24.6593],[89.63908,24.65912],[89.63943,24.65925],[89.64003,24.66051],[89.64095,24.66071],[89.64132,24.66103],[89.64181,24.66334],[89.64182,24.66678],[89.64211,24.66896],[89.64176,24.66917],[89.64116,24.66907],[89.64052,24.66964],[89.63899,24.66971],[89.6395,24.67146],[89.63927,24.674],[89.63945,24.67618],[89.63933,24.67634],[89.63844,24.67607],[89.63808,24.67636],[89.63784,24.67677],[89.63804,24.67788],[89.63789,24.67821],[89.63604,24.67776],[89.63434,24.67837],[89.63247,24.67801],[89.63116,24.67847],[89.63098,24.67925],[89.63303,24.68063],[89.63404,24.68348],[89.63462,24.68362],[89.63459,24.68403],[89.6351,24.68478],[89.64067,24.68562],[89.64427,24.68443],[89.64769,24.68208],[89.65059,24.67967],[89.65184,24.6781],[89.65203,24.67546],[89.65312,24.67525],[89.65419,24.67583],[89.65467,24.67562],[89.65542,24.67754],[89.65515,24.67859],[89.65589,24.67908],[89.65615,24.67951],[89.65647,24.68111],[89.65794,24.68004],[89.65888,24.6797],[89.65975,24.6807],[89.66049,24.6795],[89.66114,24.67922],[89.66244,24.68147],[89.66509,24.68366],[89.66564,24.6853],[89.66567,24.68799],[89.66607,24.69052],[89.66769,24.69075],[89.67216,24.69035],[89.67237,24.69022],[89.67392,24.68535],[89.67492,24.68157],[89.67646,24.6795],[89.67818,24.67571],[89.67833,24.67404],[89.6778,24.67243],[89.67787,24.67055],[89.67895,24.66859],[89.6802,24.66835],[89.68058,24.66753],[89.68071,24.66649],[89.68028,24.6598],[89.67923,24.65638],[89.67677,24.65584],[89.67332,24.65423],[89.67156,24.65209],[89.67119,24.65045],[89.67032,24.64989],[89.67034,24.64967],[89.67172,24.64861],[89.67192,24.64807],[89.67099,24.6453],[89.66813,24.64004],[89.66768,24.63718],[89.67264,24.63652],[89.67402,24.6357],[89.67531,24.63617],[89.678,24.63582],[89.67845,24.63378],[89.68009,24.63231],[89.68568,24.62995],[89.68801,24.62974],[89.68792,24.628],[89.68621,24.6263],[89.68575,24.62665],[89.68526,24.62655],[89.68477,24.62556],[89.6848,24.62521],[89.68654,24.62427],[89.68738,24.62256],[89.68735,24.62054],[89.6869,24.61948],[89.68623,24.61658],[89.68638,24.61572],[89.68529,24.61577],[89.68245,24.61667],[89.68122,24.61665],[89.67777,24.61491],[89.67398,24.61335],[89.672,24.61314],[89.67191,24.61218],[89.67222,24.61059],[89.67159,24.61039],[89.66899,24.61039],[89.66829,24.61123],[89.66895,24.61389],[89.66928,24.61419],[89.66908,24.61722],[89.6693,24.61871],[89.66895,24.61951],[89.6672,24.62156],[89.66375,24.62137],[89.66206,24.62087],[89.65985,24.62117],[89.65794,24.61934],[89.65669,24.61908],[89.6562,24.61847],[89.65582,24.61714],[89.65423,24.61606],[89.65403,24.61622],[89.65352,24.61614],[89.65275,24.615],[89.65167,24.61493],[89.6507,24.61526],[89.64986,24.61664],[89.64988,24.61774],[89.65013,24.61841],[89.65327,24.61904],[89.65414,24.61964],[89.65396,24.62021],[89.6529,24.62095],[89.65147,24.62525],[89.64945,24.62785],[89.64943,24.62857],[89.65011,24.62986],[89.65034,24.63083],[89.65098,24.63127],[89.65239,24.63144],[89.653,24.63207],[89.6536,24.63178],[89.65336,24.6306],[89.65386,24.63007],[89.65551,24.62982],[89.65632,24.63022],[89.65802,24.63159],[89.65828,24.63225],[89.65821,24.63281],[89.65737,24.63494],[89.65662,24.63578],[89.65577,24.63542],[89.65528,24.63382],[89.6547,24.63397],[89.65443,24.63466],[89.65485,24.63645],[89.6553,24.63677],[89.65603,24.63671],[89.65844,24.63558],[89.65982,24.63456],[89.66051,24.63438],[89.66199,24.63499],[89.66229,24.63491],[89.66265,24.63666],[89.66246,24.63797],[89.66016,24.63897],[89.65772,24.63932],[89.65551,24.64159],[89.65577,24.64251],[89.65866,24.64596],[89.65891,24.64658],[89.65842,24.64722],[89.65738,24.64747],[89.65674,24.64794],[89.65704,24.64888],[89.65655,24.64939],[89.65538,24.64998],[89.65515,24.65251],[89.65407,24.65333],[89.6531,24.6522],[89.65053,24.65242],[89.64958,24.65209],[89.64886,24.65078],[89.64833,24.65037],[89.64803,24.64898],[89.6473,24.64902],[89.64644,24.64854],[89.64461,24.6481],[89.6435,24.64889],[89.6425,24.64899],[89.64265,24.65066]]]}},{"type":"Feature","properties":{"key":"kazipur-paurashava","region":"sirajganj","unionId":"29066614B77434540852123","name":"Kazipur Paurashava","score":0.429,"level":"Low","rankRegion":52,"regionCount":57,"maxScore":0.452,"meanScore":0.395,"sections":5,"highSections":0,"population":5446,"buildings":827},"geometry":{"type":"Polygon","coordinates":[[[89.62335,24.63459],[89.62404,24.63589],[89.62461,24.63636],[89.62431,24.63715],[89.6247,24.63758],[89.62434,24.63822],[89.62333,24.6386],[89.6231,24.6389],[89.62299,24.64152],[89.62543,24.64501],[89.62594,24.6465],[89.62698,24.64747],[89.62771,24.64763],[89.62833,24.64729],[89.62861,24.64653],[89.62939,24.64657],[89.63117,24.64787],[89.63303,24.64963],[89.63515,24.64993],[89.63534,24.65032],[89.63481,24.65133],[89.63475,24.65208],[89.6357,24.65371],[89.63737,24.65345],[89.63769,24.65315],[89.63816,24.65198],[89.63847,24.64922],[89.63914,24.64849],[89.64162,24.649],[89.64306,24.64902],[89.64397,24.64865],[89.64461,24.6481],[89.64644,24.64854],[89.6473,24.64902],[89.64803,24.64898],[89.64833,24.65037],[89.64886,24.65078],[89.64933,24.65189],[89.64979,24.65222],[89.65101,24.65243],[89.6531,24.6522],[89.65407,24.65333],[89.65421,24.65325],[89.65515,24.65251],[89.65538,24.64998],[89.65655,24.64939],[89.65704,24.64888],[89.65674,24.64794],[89.65738,24.64747],[89.65842,24.64722],[89.65891,24.64658],[89.65866,24.64596],[89.65577,24.64251],[89.65551,24.64159],[89.65772,24.63932],[89.65925,24.63921],[89.66155,24.63849],[89.66239,24.63807],[89.66262,24.63724],[89.66229,24.63491],[89.66199,24.63499],[89.66033,24.63436],[89.65844,24.63558],[89.65603,24.63671],[89.65504,24.63665],[89.65448,24.63522],[89.6546,24.63409],[89.65528,24.63382],[89.65577,24.63542],[89.65662,24.63578],[89.65737,24.63494],[89.658,24.63351],[89.65827,24.63249],[89.65816,24.63183],[89.65748,24.63103],[89.65551,24.62982],[89.65438,24.62989],[89.65353,24.63033],[89.65336,24.6306],[89.6536,24.63178],[89.653,24.63207],[89.65239,24.63144],[89.65098,24.63127],[89.65052,24.63102],[89.64943,24.62857],[89.64945,24.62785],[89.65167,24.62476],[89.65059,24.62549],[89.65002,24.62551],[89.64849,24.62435],[89.64759,24.62434],[89.64721,24.62463],[89.64709,24.62651],[89.646,24.62938],[89.64599,24.63097],[89.64558,24.63106],[89.64456,24.63011],[89.64374,24.63018],[89.64056,24.6325],[89.64045,24.63304],[89.64165,24.63478],[89.64168,24.63602],[89.64091,24.6372],[89.63927,24.63815],[89.63871,24.63622],[89.63759,24.63585],[89.6362,24.63592],[89.6355,24.63523],[89.63532,24.63459],[89.63563,24.63298],[89.63409,24.62995],[89.63343,24.63021],[89.63248,24.63106],[89.62972,24.63102],[89.62722,24.63236],[89.62322,24.63216],[89.62282,24.63257],[89.62273,24.63327],[89.62328,24.63475],[89.62335,24.63459]]]}},{"type":"Feature","properties":{"key":"khas-kaulia","region":"sirajganj","unionId":"29066614B22212393680157","name":"Khas Kaulia","score":0.746,"level":"High","rankRegion":4,"regionCount":57,"maxScore":0.846,"meanScore":0.595,"sections":8,"highSections":1,"population":9524,"buildings":2147},"geometry":{"type":"Polygon","coordinates":[[[89.81653,24.13128],[89.8162,24.12981],[89.81666,24.12073],[89.81633,24.11819],[89.81682,24.1148],[89.81684,24.1094],[89.81734,24.10676],[89.81892,24.10143],[89.82076,24.09747],[89.81911,24.09726],[89.81582,24.09743],[89.81416,24.09789],[89.81319,24.09843],[89.81409,24.10113],[89.81582,24.10356],[89.81555,24.10429],[89.81503,24.10488],[89.81532,24.10546],[89.81352,24.10665],[89.8127,24.10706],[89.80817,24.10797],[89.80037,24.11171],[89.79767,24.11201],[89.79764,24.11119],[89.79697,24.10936],[89.79685,24.10719],[89.79628,24.10573],[89.79499,24.10531],[89.79226,24.10374],[89.79192,24.10394],[89.7866,24.10191],[89.78396,24.10127],[89.78436,24.10469],[89.78425,24.1053],[89.78381,24.10555],[89.78134,24.10607],[89.77466,24.1062],[89.77406,24.10203],[89.774,24.09708],[89.77184,24.09665],[89.7708,24.09665],[89.77047,24.09684],[89.76935,24.09969],[89.76907,24.10136],[89.76864,24.10157],[89.76722,24.10145],[89.76225,24.10002],[89.75978,24.10003],[89.75903,24.10022],[89.758,24.10087],[89.75759,24.10056],[89.75777,24.10163],[89.76002,24.10464],[89.76053,24.10504],[89.76097,24.10589],[89.76109,24.10744],[89.76143,24.10822],[89.76259,24.10974],[89.7646,24.11169],[89.76533,24.11264],[89.76572,24.11361],[89.76907,24.11776],[89.77202,24.12196],[89.7752,24.12812],[89.77779,24.13153],[89.77993,24.13352],[89.78126,24.13608],[89.78218,24.13702],[89.78304,24.13839],[89.78302,24.13914],[89.78083,24.14262],[89.77926,24.14621],[89.77577,24.15307],[89.77486,24.15571],[89.77424,24.15649],[89.7731,24.15691],[89.77271,24.15739],[89.77286,24.15785],[89.77373,24.15815],[89.77474,24.15899],[89.77585,24.15904],[89.77678,24.15848],[89.77614,24.15781],[89.77628,24.15728],[89.78102,24.15373],[89.78258,24.1521],[89.78306,24.15206],[89.78432,24.15297],[89.78613,24.15107],[89.78762,24.14991],[89.78944,24.14913],[89.79198,24.14865],[89.79225,24.14729],[89.79343,24.14639],[89.79345,24.14408],[89.79426,24.14338],[89.79893,24.14201],[89.80614,24.13914],[89.8132,24.13767],[89.81513,24.13638],[89.81646,24.13465],[89.81716,24.13306],[89.81743,24.13275],[89.8178,24.13276],[89.81653,24.13128]]]}},{"type":"Feature","properties":{"key":"khas-pukuria","region":"sirajganj","unionId":"29066614B4779094618741","name":"Khas Pukuria","score":0.694,"level":"Medium","rankRegion":8,"regionCount":57,"maxScore":0.719,"meanScore":0.655,"sections":3,"highSections":0,"population":3028,"buildings":667},"geometry":{"type":"Polygon","coordinates":[[[89.81636,24.08229],[89.81261,24.0845],[89.80981,24.08664],[89.80771,24.08645],[89.80682,24.08689],[89.80407,24.08734],[89.80322,24.08829],[89.8022,24.08878],[89.79788,24.08917],[89.79396,24.08995],[89.79256,24.08054],[89.79549,24.08019],[89.79524,24.07851],[89.79538,24.07721],[89.79515,24.07367],[89.79402,24.07405],[89.79012,24.07455],[89.78395,24.07449],[89.77793,24.0748],[89.77257,24.07452],[89.76801,24.07489],[89.75961,24.0742],[89.7584,24.07453],[89.75773,24.07544],[89.75735,24.07564],[89.75624,24.07551],[89.75524,24.0747],[89.75501,24.07649],[89.75398,24.07736],[89.75437,24.07837],[89.75447,24.08009],[89.75587,24.08196],[89.75528,24.08229],[89.75581,24.08423],[89.75553,24.08694],[89.75495,24.08809],[89.75425,24.08851],[89.75073,24.08871],[89.75061,24.08966],[89.75139,24.09174],[89.75157,24.09325],[89.74889,24.0931],[89.74377,24.09437],[89.74095,24.09448],[89.74003,24.09506],[89.74234,24.09747],[89.74268,24.09926],[89.74337,24.10027],[89.74372,24.10135],[89.74352,24.10352],[89.74375,24.10433],[89.7441,24.10459],[89.74575,24.10484],[89.74623,24.10513],[89.74788,24.10759],[89.74875,24.10812],[89.75003,24.10807],[89.75227,24.1076],[89.75921,24.10544],[89.76057,24.10537],[89.76053,24.10504],[89.76002,24.10464],[89.75777,24.10163],[89.75759,24.10056],[89.758,24.10087],[89.75903,24.10022],[89.75978,24.10003],[89.76225,24.10002],[89.76787,24.10159],[89.76894,24.10147],[89.76935,24.09969],[89.77047,24.09684],[89.7708,24.09665],[89.77184,24.09665],[89.774,24.09708],[89.77406,24.10203],[89.77466,24.1062],[89.78134,24.10607],[89.78409,24.10544],[89.78437,24.10415],[89.78396,24.10127],[89.78415,24.10131],[89.78719,24.10208],[89.79192,24.10394],[89.79226,24.10374],[89.79499,24.10531],[89.79628,24.10573],[89.79685,24.10719],[89.79697,24.10936],[89.79764,24.11119],[89.79767,24.11201],[89.8001,24.1118],[89.80817,24.10797],[89.81296,24.10696],[89.81532,24.10546],[89.81503,24.10488],[89.81555,24.10429],[89.81582,24.10356],[89.81409,24.10113],[89.81384,24.09995],[89.81311,24.09859],[89.81378,24.09804],[89.81582,24.09743],[89.81911,24.09726],[89.82076,24.09747],[89.82185,24.09567],[89.82377,24.09192],[89.8249,24.08825],[89.82498,24.08489],[89.82409,24.0789],[89.81636,24.08229]]]}},{"type":"Feature","properties":{"key":"khas-rajbari","region":"sirajganj","unionId":"29066614B40785525406062","name":"Khas Rajbari","score":0.521,"level":"Medium","rankRegion":36,"regionCount":57,"maxScore":0.534,"meanScore":0.501,"sections":3,"highSections":0,"population":1963,"buildings":62},"geometry":{"type":"Polygon","coordinates":[[[89.66033,24.73102],[89.65923,24.73512],[89.65711,24.73987],[89.65534,24.74481],[89.65536,24.7464],[89.65582,24.74755],[89.6563,24.74789],[89.65949,24.74694],[89.66037,24.74687],[89.66445,24.74722],[89.66621,24.74702],[89.66665,24.74734],[89.66672,24.74817],[89.6664,24.7494],[89.66433,24.7541],[89.66388,24.75465],[89.66441,24.75534],[89.66854,24.757],[89.66874,24.75721],[89.66882,24.75867],[89.67083,24.75884],[89.67175,24.75936],[89.67238,24.76005],[89.6738,24.76305],[89.6746,24.76553],[89.67518,24.7684],[89.67499,24.77117],[89.67466,24.77331],[89.67416,24.77449],[89.6739,24.77758],[89.67402,24.77986],[89.67496,24.78168],[89.67759,24.78246],[89.6793,24.78346],[89.67953,24.78386],[89.68961,24.78219],[89.69555,24.77987],[89.69941,24.7795],[89.70247,24.77181],[89.70399,24.76731],[89.70455,24.76638],[89.70481,24.76516],[89.70483,24.76294],[89.70526,24.76273],[89.70573,24.76057],[89.70529,24.75356],[89.70495,24.7516],[89.70448,24.75043],[89.70451,24.74958],[89.70647,24.74977],[89.7067,24.7496],[89.70816,24.7468],[89.71221,24.74163],[89.71394,24.73998],[89.71542,24.7372],[89.71664,24.7372],[89.7172,24.73743],[89.71756,24.73798],[89.7187,24.73808],[89.71923,24.73609],[89.72138,24.73037],[89.72228,24.72623],[89.72277,24.7223],[89.723,24.72236],[89.72319,24.72212],[89.72429,24.72242],[89.72446,24.72093],[89.72426,24.71998],[89.72504,24.71992],[89.72724,24.72032],[89.72744,24.71942],[89.72781,24.71896],[89.73148,24.71772],[89.73164,24.71676],[89.73125,24.71468],[89.73163,24.71116],[89.73122,24.71066],[89.73004,24.71063],[89.72809,24.71119],[89.7265,24.71203],[89.72492,24.71226],[89.72462,24.71143],[89.72539,24.70979],[89.72592,24.7079],[89.72573,24.70682],[89.72519,24.70571],[89.72224,24.70535],[89.72174,24.7049],[89.71961,24.70389],[89.7154,24.70257],[89.71413,24.70173],[89.7137,24.70178],[89.71086,24.70266],[89.70673,24.70468],[89.70597,24.70484],[89.70337,24.70636],[89.70264,24.70603],[89.70215,24.70508],[89.69741,24.70838],[89.69443,24.70957],[89.69209,24.71018],[89.69092,24.71002],[89.69002,24.70961],[89.68924,24.70965],[89.68674,24.71122],[89.67979,24.71302],[89.6786,24.71358],[89.6784,24.71386],[89.67847,24.71437],[89.67915,24.71492],[89.67978,24.71601],[89.68001,24.71754],[89.68094,24.71915],[89.68136,24.72071],[89.68192,24.72157],[89.68197,24.72395],[89.68207,24.72427],[89.68251,24.72445],[89.68243,24.7256],[89.68219,24.72601],[89.68055,24.72563],[89.6771,24.72434],[89.67601,24.7242],[89.67254,24.72271],[89.67084,24.72242],[89.67032,24.72273],[89.66912,24.72421],[89.66744,24.72436],[89.6662,24.72484],[89.6647,24.72436],[89.66435,24.72508],[89.66412,24.7266],[89.66342,24.72761],[89.66239,24.72828],[89.66076,24.72841],[89.66033,24.73102]]]}},{"type":"Feature","properties":{"key":"khoksabari","region":"sirajganj","unionId":"29066614B11783672383851","name":"Khoksabari","score":0.729,"level":"High","rankRegion":5,"regionCount":57,"maxScore":0.795,"meanScore":0.629,"sections":8,"highSections":1,"population":11433,"buildings":1142},"geometry":{"type":"Polygon","coordinates":[[[89.67514,24.46545],[89.67606,24.46728],[89.67592,24.46875],[89.67618,24.46943],[89.67612,24.47032],[89.67557,24.47126],[89.67227,24.47324],[89.66772,24.47449],[89.66693,24.47497],[89.66607,24.47983],[89.66547,24.48106],[89.6645,24.48132],[89.66294,24.48083],[89.66168,24.48091],[89.66119,24.48151],[89.66094,24.48326],[89.66039,24.48395],[89.65897,24.48425],[89.65707,24.48424],[89.65639,24.48476],[89.65506,24.48794],[89.65612,24.48965],[89.65601,24.49238],[89.65675,24.49499],[89.65745,24.49511],[89.65747,24.49577],[89.65785,24.49602],[89.66018,24.4956],[89.66207,24.49649],[89.66526,24.49528],[89.66699,24.49528],[89.66877,24.49568],[89.67056,24.4965],[89.67385,24.4958],[89.67642,24.49693],[89.67773,24.4966],[89.67856,24.49678],[89.67932,24.49954],[89.67892,24.50006],[89.67897,24.50188],[89.67528,24.50214],[89.67474,24.503],[89.67422,24.50487],[89.67296,24.50637],[89.67243,24.50736],[89.67303,24.5079],[89.67586,24.50813],[89.67821,24.50876],[89.67966,24.50837],[89.68069,24.50719],[89.68088,24.50797],[89.6807,24.50987],[89.68052,24.51021],[89.67981,24.51054],[89.6808,24.51464],[89.68155,24.51583],[89.6823,24.5164],[89.68294,24.51652],[89.68334,24.51635],[89.68435,24.51497],[89.68524,24.51434],[89.68653,24.51416],[89.68768,24.51365],[89.68911,24.51406],[89.69109,24.51418],[89.6933,24.51522],[89.69479,24.51523],[89.69693,24.51805],[89.69819,24.51898],[89.6988,24.51875],[89.69883,24.51724],[89.69947,24.5167],[89.70009,24.51664],[89.70081,24.51689],[89.70214,24.51812],[89.70499,24.51738],[89.70618,24.51754],[89.7064,24.51692],[89.70865,24.51666],[89.70913,24.51623],[89.70939,24.51505],[89.71008,24.51483],[89.71016,24.51418],[89.70961,24.51339],[89.70987,24.51231],[89.71008,24.51203],[89.71089,24.51195],[89.71139,24.51119],[89.71132,24.50966],[89.71049,24.50755],[89.71106,24.50712],[89.71122,24.50671],[89.71163,24.50311],[89.71145,24.50269],[89.71119,24.50266],[89.71032,24.50309],[89.70961,24.50385],[89.70926,24.50344],[89.70909,24.50135],[89.70932,24.50038],[89.70922,24.49914],[89.70952,24.49877],[89.70833,24.49903],[89.70589,24.50034],[89.70486,24.5006],[89.70446,24.50053],[89.70372,24.49979],[89.70254,24.49946],[89.70204,24.49903],[89.70177,24.49807],[89.70173,24.49637],[89.70139,24.49555],[89.70209,24.49458],[89.70086,24.49282],[89.70051,24.49157],[89.70061,24.48611],[89.70238,24.48273],[89.70124,24.48143],[89.70115,24.47886],[89.70028,24.47918],[89.70003,24.47794],[89.69939,24.47694],[89.69787,24.47686],[89.69677,24.47583],[89.69582,24.47628],[89.69519,24.47624],[89.69551,24.47538],[89.695,24.47417],[89.69358,24.47463],[89.69132,24.47619],[89.6891,24.47646],[89.68826,24.47611],[89.68738,24.4752],[89.68745,24.47452],[89.68794,24.47349],[89.68968,24.47188],[89.69022,24.471],[89.68969,24.47034],[89.68824,24.47006],[89.68691,24.46788],[89.6859,24.46666],[89.68412,24.46626],[89.68267,24.46552],[89.68175,24.4655],[89.68123,24.46496],[89.68021,24.46462],[89.67926,24.46475],[89.67792,24.4643],[89.67632,24.46435],[89.67496,24.46397],[89.67514,24.46545]]]}},{"type":"Feature","properties":{"key":"khukni","region":"sirajganj","unionId":"29066614B92970651993439","name":"Khukni","score":0.553,"level":"Medium","rankRegion":32,"regionCount":57,"maxScore":0.584,"meanScore":0.505,"sections":6,"highSections":0,"population":12330,"buildings":1405},"geometry":{"type":"Polygon","coordinates":[[[89.66884,24.21126],[89.66855,24.21166],[89.6675,24.21543],[89.66503,24.21602],[89.6628,24.21583],[89.66119,24.21523],[89.65964,24.21416],[89.65776,24.21224],[89.65718,24.21225],[89.65684,24.21259],[89.65592,24.21251],[89.65423,24.21163],[89.65324,24.21013],[89.65241,24.21055],[89.65172,24.21057],[89.65258,24.21192],[89.65323,24.21378],[89.65271,24.21471],[89.65308,24.2175],[89.65294,24.21778],[89.65199,24.2173],[89.6514,24.21784],[89.65088,24.21894],[89.65033,24.21898],[89.65337,24.22215],[89.65355,24.22299],[89.6549,24.22284],[89.65551,24.2232],[89.65627,24.22532],[89.65652,24.22681],[89.65721,24.22838],[89.65698,24.22951],[89.65724,24.23182],[89.65638,24.23187],[89.65638,24.23223],[89.66151,24.23252],[89.66247,24.23218],[89.66245,24.23242],[89.66293,24.23261],[89.6634,24.23259],[89.66464,24.23195],[89.66622,24.23226],[89.66867,24.23211],[89.67048,24.23178],[89.67086,24.23131],[89.67417,24.22992],[89.67459,24.23033],[89.67511,24.23179],[89.67483,24.23212],[89.67606,24.23313],[89.67715,24.23359],[89.68057,24.23205],[89.68204,24.23178],[89.68303,24.23059],[89.68312,24.22938],[89.68412,24.22777],[89.68659,24.22702],[89.68786,24.22687],[89.68853,24.22532],[89.68939,24.22491],[89.68995,24.22492],[89.69079,24.2255],[89.69174,24.22548],[89.69297,24.22515],[89.69387,24.22544],[89.69455,24.22617],[89.6951,24.22817],[89.69781,24.23037],[89.69831,24.22999],[89.69913,24.22741],[89.69984,24.22656],[89.6994,24.22594],[89.69803,24.22526],[89.6975,24.22462],[89.69718,24.22389],[89.69739,24.22303],[89.69833,24.22241],[89.69883,24.22271],[89.69998,24.22479],[89.70059,24.2254],[89.70189,24.22599],[89.70241,24.22599],[89.70704,24.22355],[89.70921,24.2213],[89.70941,24.21929],[89.70897,24.21703],[89.7086,24.21626],[89.70779,24.21588],[89.70752,24.21509],[89.70694,24.21471],[89.70662,24.21328],[89.70692,24.21274],[89.70794,24.2127],[89.70873,24.21227],[89.70978,24.21022],[89.70911,24.20961],[89.70881,24.20839],[89.70797,24.20791],[89.70803,24.20671],[89.7075,24.20589],[89.7022,24.20594],[89.70166,24.20567],[89.70114,24.20484],[89.70068,24.20453],[89.69565,24.20503],[89.69558,24.20556],[89.69593,24.20576],[89.69596,24.20645],[89.69576,24.20734],[89.69538,24.20787],[89.69495,24.20809],[89.6937,24.20776],[89.69203,24.20829],[89.69257,24.20968],[89.69218,24.21088],[89.69107,24.21187],[89.69041,24.21182],[89.68985,24.21141],[89.69002,24.20888],[89.68941,24.20716],[89.68865,24.20752],[89.68755,24.20619],[89.68677,24.20604],[89.68642,24.20558],[89.68576,24.2055],[89.68567,24.20451],[89.68454,24.20406],[89.68454,24.20354],[89.68381,24.20347],[89.68329,24.20201],[89.68339,24.19952],[89.6843,24.19911],[89.68549,24.19912],[89.68469,24.19737],[89.68473,24.19681],[89.68736,24.19533],[89.68709,24.19359],[89.68651,24.1935],[89.68656,24.19422],[89.68576,24.19549],[89.68273,24.19622],[89.68209,24.19532],[89.68162,24.19524],[89.68017,24.19628],[89.6797,24.19541],[89.68088,24.19403],[89.68097,24.1931],[89.6804,24.19278],[89.67981,24.19279],[89.67905,24.19333],[89.67879,24.19741],[89.67768,24.19897],[89.67614,24.19923],[89.67575,24.19951],[89.67649,24.20071],[89.67594,24.20155],[89.67488,24.20174],[89.67485,24.20323],[89.67414,24.20387],[89.67308,24.20358],[89.67198,24.20491],[89.67089,24.20502],[89.67013,24.20545],[89.67009,24.20584],[89.67138,24.20798],[89.67107,24.20917],[89.67117,24.21011],[89.67026,24.21036],[89.66884,24.21126]]]}},{"type":"Feature","properties":{"key":"kulkandi","region":"gaibandha","unionId":"29066614B43932806931593","name":"Kulkandi","score":0.634,"level":"Medium","rankRegion":11,"regionCount":25,"maxScore":0.71,"meanScore":0.519,"sections":4,"highSections":1,"population":3220,"buildings":662},"geometry":{"type":"Polygon","coordinates":[[[89.73517,25.10603],[89.73376,25.10631],[89.73112,25.10615],[89.73004,25.10652],[89.72824,25.10673],[89.72766,25.10656],[89.72627,25.10552],[89.72562,25.10551],[89.72389,25.10621],[89.72308,25.10721],[89.72258,25.10728],[89.72194,25.10845],[89.7214,25.10864],[89.72069,25.10949],[89.7197,25.10961],[89.71911,25.10939],[89.71712,25.10943],[89.71587,25.11006],[89.71287,25.11042],[89.70855,25.11214],[89.70721,25.11187],[89.70543,25.11095],[89.70253,25.11033],[89.6993,25.10873],[89.69874,25.11067],[89.69818,25.1116],[89.69787,25.1136],[89.69251,25.1122],[89.69129,25.11208],[89.69096,25.11146],[89.692,25.10969],[89.69208,25.10943],[89.69189,25.10937],[89.68984,25.10998],[89.68814,25.10957],[89.6867,25.11086],[89.68584,25.11113],[89.68567,25.1125],[89.68543,25.11272],[89.68411,25.11254],[89.68389,25.11298],[89.68349,25.11469],[89.68393,25.11568],[89.68348,25.11612],[89.68309,25.11708],[89.68347,25.11878],[89.6831,25.1193],[89.6829,25.12043],[89.683,25.12254],[89.6808,25.12348],[89.67879,25.12376],[89.67848,25.12583],[89.67903,25.12772],[89.6791,25.12924],[89.67847,25.13216],[89.67668,25.13502],[89.67615,25.13677],[89.67531,25.13841],[89.67457,25.1418],[89.67388,25.14213],[89.67344,25.1433],[89.67285,25.14396],[89.67148,25.14348],[89.67081,25.1437],[89.67,25.14457],[89.66935,25.1444],[89.66882,25.14471],[89.66782,25.14458],[89.66645,25.14385],[89.66579,25.14447],[89.66452,25.144],[89.66384,25.14408],[89.66345,25.14454],[89.66354,25.14513],[89.66259,25.14609],[89.66019,25.14647],[89.65918,25.14755],[89.65703,25.14924],[89.65939,25.15192],[89.66045,25.15367],[89.66169,25.15512],[89.66241,25.15649],[89.66301,25.15832],[89.66442,25.16009],[89.66508,25.16058],[89.6675,25.16119],[89.67127,25.16292],[89.67375,25.16302],[89.67796,25.16234],[89.67847,25.16213],[89.6785,25.16183],[89.67775,25.16089],[89.67728,25.1595],[89.67734,25.15903],[89.67982,25.15827],[89.68066,25.15731],[89.68099,25.15637],[89.68178,25.1561],[89.68245,25.15719],[89.68357,25.15795],[89.68418,25.1591],[89.68547,25.1601],[89.68515,25.16152],[89.68529,25.16256],[89.68611,25.16279],[89.68716,25.1626],[89.68799,25.1627],[89.69094,25.16206],[89.69189,25.16139],[89.69236,25.1605],[89.69244,25.15964],[89.69209,25.15945],[89.69136,25.15951],[89.69012,25.16055],[89.68983,25.16048],[89.68936,25.15937],[89.68816,25.15958],[89.68779,25.15844],[89.68785,25.15709],[89.68921,25.15636],[89.69097,25.15608],[89.69126,25.15562],[89.69113,25.15493],[89.69142,25.15436],[89.69265,25.15433],[89.69414,25.15397],[89.69974,25.15196],[89.69987,25.15039],[89.69933,25.14869],[89.6993,25.14783],[89.70004,25.14746],[89.70264,25.14759],[89.70357,25.14782],[89.70409,25.14934],[89.70583,25.15126],[89.70713,25.15327],[89.70978,25.15865],[89.71072,25.15862],[89.71179,25.15816],[89.71216,25.15824],[89.7125,25.15866],[89.71626,25.15781],[89.71759,25.15806],[89.72315,25.16018],[89.72409,25.16037],[89.72558,25.1603],[89.7249,25.15819],[89.72331,25.15594],[89.72138,25.15454],[89.72006,25.15438],[89.71811,25.1537],[89.71758,25.15307],[89.7179,25.15216],[89.71954,25.14972],[89.72022,25.14785],[89.72354,25.1481],[89.72498,25.14741],[89.72623,25.14621],[89.72815,25.14521],[89.72817,25.14387],[89.72859,25.14255],[89.73194,25.14034],[89.73122,25.13817],[89.73105,25.13656],[89.72993,25.13432],[89.73013,25.13216],[89.72984,25.13174],[89.73087,25.131],[89.732,25.13122],[89.73181,25.12988],[89.73195,25.12878],[89.73177,25.12859],[89.73063,25.12864],[89.73031,25.12842],[89.73028,25.12804],[89.72761,25.12878],[89.72492,25.12857],[89.72477,25.12698],[89.72562,25.12635],[89.72603,25.1247],[89.72714,25.12461],[89.72808,25.1242],[89.72914,25.12302],[89.72884,25.12257],[89.72752,25.12263],[89.7279,25.12148],[89.72785,25.12043],[89.72761,25.12008],[89.72646,25.11961],[89.7253,25.11877],[89.72398,25.11752],[89.72391,25.11713],[89.72878,25.11634],[89.72918,25.11479],[89.72862,25.11456],[89.7287,25.11395],[89.73118,25.11365],[89.73279,25.11311],[89.73426,25.10855],[89.73638,25.10862],[89.73847,25.10819],[89.73843,25.10672],[89.73819,25.10597],[89.73517,25.10603]]]}},{"type":"Feature","properties":{"key":"kutubpur","region":"sirajganj","unionId":"29066614B75432735457588","name":"Kutubpur","score":0.49,"level":"Low","rankRegion":44,"regionCount":57,"maxScore":0.536,"meanScore":0.421,"sections":3,"highSections":0,"population":3353,"buildings":596},"geometry":{"type":"Polygon","coordinates":[[[89.5652,24.79857],[89.56627,24.80109],[89.56743,24.80589],[89.56825,24.80738],[89.56853,24.80981],[89.5696,24.80978],[89.56973,24.81017],[89.5675,24.8125],[89.56645,24.81543],[89.5649,24.81674],[89.56421,24.81795],[89.5631,24.81877],[89.56268,24.81949],[89.5627,24.82006],[89.56315,24.82078],[89.56255,24.82131],[89.56257,24.82158],[89.56324,24.82304],[89.56424,24.82405],[89.56456,24.8249],[89.56557,24.82497],[89.56624,24.82459],[89.56665,24.82491],[89.56707,24.82593],[89.56763,24.82875],[89.56738,24.82931],[89.56659,24.82963],[89.56632,24.83009],[89.56684,24.83302],[89.56614,24.83555],[89.56604,24.83686],[89.56549,24.83715],[89.56492,24.83922],[89.56377,24.84125],[89.56389,24.84236],[89.56445,24.84349],[89.56435,24.84427],[89.56543,24.8453],[89.5665,24.84903],[89.56727,24.84892],[89.56846,24.84773],[89.56912,24.84797],[89.57133,24.85007],[89.57291,24.85218],[89.57343,24.8533],[89.57428,24.8538],[89.57408,24.85491],[89.5745,24.85584],[89.57424,24.85671],[89.5749,24.85745],[89.57461,24.85832],[89.5747,24.85935],[89.57495,24.86002],[89.57571,24.86086],[89.57515,24.86305],[89.57566,24.86373],[89.57569,24.86447],[89.57656,24.86506],[89.57704,24.86601],[89.57763,24.86647],[89.57808,24.86646],[89.57925,24.86576],[89.57953,24.86534],[89.57973,24.86406],[89.58058,24.86299],[89.58065,24.8618],[89.58112,24.86142],[89.58216,24.8613],[89.58239,24.86075],[89.58343,24.86102],[89.58428,24.86166],[89.58432,24.86209],[89.58503,24.86234],[89.5847,24.86347],[89.58477,24.86414],[89.58612,24.86512],[89.58689,24.86354],[89.58842,24.86144],[89.58912,24.85965],[89.58964,24.85316],[89.5896,24.85093],[89.58869,24.85001],[89.58941,24.84742],[89.58863,24.84176],[89.58919,24.84037],[89.58816,24.83982],[89.5875,24.83824],[89.58755,24.8377],[89.58819,24.83629],[89.58867,24.83585],[89.58943,24.83562],[89.58993,24.83582],[89.59118,24.83747],[89.592,24.8376],[89.59255,24.83744],[89.59432,24.83582],[89.59467,24.83439],[89.59569,24.83411],[89.59577,24.83345],[89.59536,24.8321],[89.59555,24.82907],[89.59542,24.82777],[89.59581,24.82715],[89.59864,24.82725],[89.60196,24.82795],[89.60218,24.82647],[89.60287,24.82556],[89.6037,24.82521],[89.60526,24.82514],[89.60745,24.82335],[89.60781,24.82215],[89.60765,24.82069],[89.6081,24.81836],[89.60807,24.81554],[89.60904,24.8136],[89.60827,24.81277],[89.60836,24.81197],[89.60665,24.81024],[89.60389,24.80849],[89.59798,24.80571],[89.59565,24.8055],[89.58992,24.80586],[89.58756,24.80545],[89.58175,24.80516],[89.58109,24.80495],[89.579,24.80333],[89.57738,24.80085],[89.57734,24.80024],[89.57784,24.79841],[89.57869,24.79708],[89.57961,24.79615],[89.57937,24.79581],[89.57834,24.79572],[89.57744,24.79719],[89.57666,24.79777],[89.5749,24.79761],[89.57244,24.79783],[89.56853,24.79735],[89.56645,24.79684],[89.56504,24.79859],[89.5652,24.79857]]]}},{"type":"Feature","properties":{"key":"kytola","region":"sirajganj","unionId":"29066614B44814485903542","name":"Kytola","score":0.513,"level":"Medium","rankRegion":41,"regionCount":57,"maxScore":0.605,"meanScore":0.374,"sections":8,"highSections":0,"population":8585,"buildings":1646},"geometry":{"type":"Polygon","coordinates":[[[89.6394,23.99156],[89.63859,23.99193],[89.63926,23.99603],[89.63951,24.00112],[89.64018,24.0046],[89.64004,24.00683],[89.64017,24.00795],[89.64205,24.01218],[89.64231,24.01367],[89.64312,24.01454],[89.64326,24.01553],[89.64258,24.0164],[89.64163,24.01851],[89.64148,24.02297],[89.6408,24.02372],[89.64012,24.0257],[89.64079,24.02661],[89.64067,24.02756],[89.64131,24.02821],[89.64247,24.02885],[89.64303,24.02892],[89.64471,24.02837],[89.64673,24.02805],[89.64892,24.02803],[89.65121,24.02839],[89.65087,24.02767],[89.64872,24.02513],[89.64766,24.02489],[89.64618,24.02536],[89.64554,24.02484],[89.64546,24.02422],[89.6459,24.02346],[89.647,24.02283],[89.64792,24.02279],[89.64907,24.02326],[89.65072,24.02472],[89.65385,24.02497],[89.65625,24.02549],[89.65683,24.02619],[89.65588,24.02764],[89.6573,24.02879],[89.65859,24.0304],[89.6599,24.03117],[89.6625,24.03159],[89.66364,24.03064],[89.66387,24.02722],[89.66483,24.02415],[89.66556,24.02337],[89.66664,24.02275],[89.66753,24.02161],[89.6694,24.02142],[89.67081,24.01921],[89.67305,24.01972],[89.67337,24.02124],[89.67423,24.02173],[89.67563,24.02206],[89.677,24.02171],[89.67756,24.02052],[89.67771,24.01945],[89.67732,24.01644],[89.67664,24.01543],[89.67194,24.01234],[89.6726,24.01046],[89.67444,24.01129],[89.67477,24.01123],[89.67508,24.01071],[89.67468,24.01037],[89.67492,24.00921],[89.67476,24.00848],[89.67406,24.00703],[89.67264,24.00507],[89.6728,24.00449],[89.67359,24.00384],[89.67422,24.00384],[89.67785,24.00624],[89.67848,24.00639],[89.67903,24.00624],[89.67966,24.00494],[89.6799,24.00342],[89.68093,24.00197],[89.68015,24.0011],[89.67581,24.00015],[89.67344,23.99985],[89.67084,23.99985],[89.66894,24.00028],[89.66752,24.0018],[89.66554,24.00252],[89.66152,24.0028],[89.6597,24.00403],[89.65812,24.00424],[89.65489,24.00402],[89.65346,24.00554],[89.65236,24.00561],[89.65118,24.00481],[89.64961,24.00074],[89.64961,23.9998],[89.65017,23.99929],[89.65017,23.9985],[89.64859,23.99683],[89.64481,23.99384],[89.64048,23.99144],[89.6394,23.99156]]]}},{"type":"Feature","properties":{"key":"maijbari","region":"sirajganj","unionId":"29066614B70199964641954","name":"Maijbari","score":0.451,"level":"Low","rankRegion":48,"regionCount":57,"maxScore":0.488,"meanScore":0.396,"sections":4,"highSections":0,"population":4865,"buildings":1491},"geometry":{"type":"Polygon","coordinates":[[[89.61234,24.68475],[89.612,24.68683],[89.61222,24.68738],[89.61292,24.68771],[89.61403,24.6876],[89.61422,24.68733],[89.61373,24.68597],[89.61384,24.68571],[89.61594,24.68819],[89.61671,24.68878],[89.6174,24.68896],[89.61896,24.68852],[89.62016,24.68719],[89.62215,24.68583],[89.62403,24.68547],[89.6247,24.68663],[89.62726,24.68902],[89.63023,24.69063],[89.63669,24.69537],[89.63774,24.69633],[89.64201,24.70187],[89.64229,24.70195],[89.64368,24.70127],[89.64462,24.70107],[89.64518,24.70109],[89.64565,24.70143],[89.64587,24.70206],[89.64579,24.70311],[89.64478,24.70855],[89.64421,24.71033],[89.64218,24.71289],[89.6404,24.71411],[89.63868,24.71487],[89.63747,24.71624],[89.63734,24.71673],[89.6391,24.71711],[89.64083,24.7171],[89.64233,24.71816],[89.64451,24.71734],[89.64533,24.71735],[89.64684,24.71804],[89.64807,24.71866],[89.6499,24.72112],[89.65108,24.72338],[89.6528,24.7251],[89.6583,24.72773],[89.66076,24.72841],[89.66239,24.72828],[89.66342,24.72761],[89.66412,24.7266],[89.66435,24.72508],[89.6647,24.72436],[89.6662,24.72484],[89.66744,24.72436],[89.66912,24.72421],[89.67032,24.72273],[89.67084,24.72242],[89.67254,24.72271],[89.67601,24.7242],[89.67796,24.7246],[89.68106,24.72579],[89.68233,24.72589],[89.68251,24.72445],[89.68207,24.72427],[89.68197,24.72395],[89.68192,24.72157],[89.68136,24.72071],[89.68094,24.71915],[89.68001,24.71754],[89.67991,24.71636],[89.67955,24.71554],[89.67887,24.71472],[89.6777,24.71504],[89.67539,24.7142],[89.67531,24.71398],[89.67603,24.71368],[89.67604,24.71328],[89.67472,24.71142],[89.67427,24.71137],[89.67311,24.712],[89.67179,24.71208],[89.67148,24.71102],[89.67118,24.71072],[89.66904,24.70987],[89.66835,24.7098],[89.66799,24.71043],[89.66713,24.71557],[89.66626,24.71662],[89.66385,24.7169],[89.66175,24.71622],[89.66034,24.71685],[89.65943,24.71576],[89.65942,24.71392],[89.66004,24.71321],[89.66013,24.7127],[89.65954,24.71179],[89.65813,24.71049],[89.65779,24.70892],[89.65787,24.70711],[89.65832,24.70513],[89.65838,24.70094],[89.65935,24.69712],[89.65947,24.69269],[89.65996,24.6915],[89.6604,24.69103],[89.66336,24.691],[89.66488,24.69047],[89.66607,24.69052],[89.66567,24.68799],[89.66564,24.6853],[89.66535,24.68412],[89.6645,24.68309],[89.66244,24.68147],[89.66114,24.67922],[89.66049,24.6795],[89.65975,24.6807],[89.65888,24.6797],[89.65794,24.68004],[89.65647,24.68111],[89.65615,24.67951],[89.65589,24.67908],[89.65515,24.67859],[89.65542,24.67754],[89.65467,24.67562],[89.65419,24.67583],[89.6534,24.67529],[89.65242,24.67528],[89.65203,24.67546],[89.65177,24.67827],[89.65059,24.67967],[89.64769,24.68208],[89.64427,24.68443],[89.64067,24.68562],[89.6351,24.68478],[89.63459,24.68403],[89.63462,24.68362],[89.63404,24.68348],[89.63303,24.68063],[89.63098,24.67925],[89.63116,24.67847],[89.63247,24.67801],[89.63434,24.67837],[89.63604,24.67776],[89.63789,24.67821],[89.63804,24.67788],[89.63784,24.67677],[89.63808,24.67636],[89.63844,24.67607],[89.63933,24.67634],[89.63954,24.67579],[89.63927,24.674],[89.6395,24.67146],[89.63899,24.66971],[89.64052,24.66964],[89.64116,24.66907],[89.64191,24.66914],[89.64215,24.66885],[89.64182,24.66678],[89.64181,24.66334],[89.64143,24.66121],[89.64095,24.66071],[89.64003,24.66051],[89.63943,24.65925],[89.63908,24.65912],[89.63828,24.6593],[89.63811,24.65914],[89.63786,24.65873],[89.63803,24.65752],[89.63529,24.65709],[89.63443,24.65925],[89.63449,24.66005],[89.63523,24.66102],[89.63528,24.6616],[89.63124,24.66347],[89.63086,24.66477],[89.62964,24.66589],[89.6307,24.66635],[89.63052,24.66713],[89.62804,24.66736],[89.62604,24.66665],[89.62486,24.6672],[89.62468,24.66752],[89.62584,24.66864],[89.62581,24.66946],[89.62554,24.66987],[89.62414,24.6706],[89.62383,24.67167],[89.62287,24.67243],[89.62184,24.67265],[89.6192,24.67238],[89.61844,24.6725],[89.61816,24.67339],[89.61774,24.67354],[89.61379,24.6735],[89.61119,24.67376],[89.61047,24.67401],[89.61042,24.67663],[89.61193,24.68116],[89.6119,24.68311],[89.61234,24.68475]]]}},{"type":"Feature","properties":{"key":"malibari","region":"gaibandha","unionId":"29066614B35066293360573","name":"Malibari","score":0.307,"level":"Low","rankRegion":25,"regionCount":25,"maxScore":0.309,"meanScore":0.305,"sections":3,"highSections":0,"population":3298,"buildings":420},"geometry":{"type":"Polygon","coordinates":[[[89.57904,25.4322],[89.58107,25.43344],[89.58264,25.43352],[89.58272,25.43415],[89.5836,25.43393],[89.58456,25.4347],[89.58539,25.43649],[89.586,25.437],[89.58641,25.43705],[89.58785,25.43415],[89.58898,25.43371],[89.59012,25.43284],[89.59212,25.43037],[89.59342,25.42775],[89.59363,25.42638],[89.59351,25.42376],[89.59411,25.42293],[89.59507,25.42248],[89.59702,25.42209],[89.60284,25.4219],[89.60424,25.42147],[89.60575,25.42051],[89.60664,25.42085],[89.6084,25.42231],[89.60912,25.42254],[89.61061,25.4211],[89.61158,25.4194],[89.61197,25.41804],[89.61186,25.41415],[89.6126,25.41308],[89.6137,25.41273],[89.61627,25.41464],[89.61744,25.41522],[89.61835,25.41541],[89.61968,25.41498],[89.62141,25.41389],[89.62184,25.41356],[89.62209,25.41264],[89.62169,25.41223],[89.62003,25.4115],[89.61901,25.41124],[89.61455,25.41119],[89.61298,25.41142],[89.61242,25.4106],[89.61299,25.41005],[89.61431,25.40955],[89.61964,25.40822],[89.62257,25.40669],[89.62484,25.40508],[89.62608,25.40485],[89.62641,25.40457],[89.62642,25.40401],[89.628,25.40286],[89.6288,25.40015],[89.62846,25.39675],[89.62751,25.39493],[89.62532,25.3952],[89.62265,25.39431],[89.62148,25.39416],[89.61776,25.39474],[89.61759,25.39488],[89.61762,25.39591],[89.61714,25.39668],[89.61591,25.39614],[89.61487,25.39623],[89.61453,25.39651],[89.61439,25.39808],[89.61526,25.39872],[89.6151,25.39983],[89.61476,25.40021],[89.61398,25.40036],[89.61328,25.40005],[89.61291,25.39967],[89.61284,25.3983],[89.61259,25.39803],[89.61224,25.39807],[89.60852,25.40177],[89.60717,25.40133],[89.60414,25.40203],[89.60345,25.40164],[89.60325,25.40011],[89.60205,25.39994],[89.60167,25.39917],[89.6009,25.39923],[89.60133,25.3999],[89.60113,25.40031],[89.60085,25.40048],[89.60026,25.40038],[89.59981,25.39978],[89.59944,25.39825],[89.59686,25.39896],[89.59548,25.39989],[89.5952,25.39776],[89.59391,25.39633],[89.59372,25.39508],[89.59189,25.39258],[89.59204,25.39006],[89.59104,25.38847],[89.58944,25.38849],[89.58956,25.3897],[89.59037,25.39061],[89.59017,25.39115],[89.58984,25.39131],[89.58392,25.39099],[89.58314,25.3912],[89.58065,25.39256],[89.57976,25.39278],[89.57877,25.39254],[89.57593,25.39047],[89.57414,25.38996],[89.57177,25.39009],[89.56912,25.39067],[89.56672,25.39038],[89.56268,25.39125],[89.56062,25.39043],[89.55904,25.39066],[89.5582,25.39053],[89.55807,25.39246],[89.55779,25.3933],[89.55548,25.39349],[89.55515,25.39382],[89.55514,25.39426],[89.55565,25.39549],[89.55785,25.39683],[89.55859,25.39787],[89.55948,25.40003],[89.55955,25.40048],[89.55909,25.4007],[89.55896,25.40147],[89.56003,25.40467],[89.55931,25.40421],[89.55827,25.40255],[89.55747,25.40182],[89.55574,25.40184],[89.55391,25.40278],[89.55325,25.40152],[89.55291,25.40139],[89.5523,25.40162],[89.55169,25.40086],[89.55116,25.40082],[89.55074,25.40158],[89.55071,25.40248],[89.55142,25.40436],[89.55239,25.40594],[89.55463,25.40748],[89.55475,25.40779],[89.55464,25.40805],[89.55253,25.40791],[89.54919,25.40723],[89.54983,25.4087],[89.55088,25.40904],[89.55063,25.41038],[89.55085,25.41271],[89.55045,25.41333],[89.54947,25.41373],[89.54958,25.41443],[89.54994,25.41495],[89.55126,25.41559],[89.55155,25.41654],[89.55368,25.41606],[89.55415,25.41618],[89.55496,25.41723],[89.55764,25.41699],[89.56214,25.41607],[89.56308,25.41759],[89.56463,25.41751],[89.56573,25.41855],[89.56605,25.41982],[89.56646,25.41999],[89.5686,25.41975],[89.57028,25.42],[89.57161,25.4195],[89.572,25.41926],[89.57177,25.41764],[89.57212,25.41696],[89.57279,25.417],[89.57373,25.41772],[89.57483,25.4171],[89.57564,25.41704],[89.57631,25.41721],[89.57717,25.41795],[89.57776,25.41804],[89.57789,25.41862],[89.57631,25.41962],[89.57571,25.42068],[89.57607,25.42179],[89.57817,25.42375],[89.57885,25.42521],[89.57873,25.4259],[89.578,25.42682],[89.57776,25.42874],[89.57689,25.43006],[89.57732,25.43248],[89.57904,25.4322]]]}},{"type":"Feature","properties":{"key":"mansur-nagar","region":"sirajganj","unionId":"29066614B61708774655607","name":"Mansur Nagar","score":0.532,"level":"Medium","rankRegion":34,"regionCount":57,"maxScore":0.559,"meanScore":0.491,"sections":5,"highSections":1,"population":1418,"buildings":0},"geometry":{"type":"Polygon","coordinates":[[[89.70551,24.77932],[89.71024,24.77861],[89.71242,24.77876],[89.71488,24.77778],[89.71629,24.77677],[89.71914,24.77556],[89.72235,24.77505],[89.72374,24.77384],[89.7265,24.77277],[89.72794,24.77108],[89.72868,24.77065],[89.73115,24.77075],[89.73247,24.77039],[89.73306,24.76989],[89.73506,24.76565],[89.73494,24.76283],[89.7345,24.76175],[89.73488,24.7611],[89.73553,24.76141],[89.73685,24.76293],[89.73734,24.76467],[89.74046,24.76844],[89.74083,24.77013],[89.7395,24.77166],[89.73919,24.77254],[89.73924,24.77312],[89.74003,24.77404],[89.74136,24.77457],[89.74282,24.77483],[89.74505,24.77348],[89.74927,24.77177],[89.758,24.76718],[89.76232,24.76865],[89.77107,24.77296],[89.77166,24.77292],[89.77282,24.77231],[89.77623,24.76899],[89.77771,24.76789],[89.78069,24.76429],[89.78145,24.76288],[89.78237,24.75963],[89.78293,24.7562],[89.78321,24.75187],[89.78253,24.74881],[89.7806,24.74565],[89.77774,24.74446],[89.77705,24.7438],[89.77714,24.74308],[89.77784,24.74263],[89.78189,24.74155],[89.78538,24.74114],[89.78844,24.74022],[89.78947,24.7396],[89.79047,24.73824],[89.79092,24.73517],[89.7906,24.73459],[89.78906,24.73349],[89.78887,24.73258],[89.78794,24.7309],[89.7878,24.72987],[89.78799,24.72868],[89.78739,24.72752],[89.78504,24.72714],[89.78416,24.72653],[89.78337,24.72396],[89.78286,24.72408],[89.78043,24.72576],[89.77587,24.72572],[89.77358,24.72523],[89.7727,24.72469],[89.77241,24.72422],[89.77007,24.72335],[89.76946,24.72333],[89.76398,24.72541],[89.76428,24.72591],[89.75276,24.73004],[89.75447,24.73291],[89.75468,24.73355],[89.75456,24.73387],[89.75373,24.73373],[89.74945,24.73126],[89.74341,24.73353],[89.74055,24.72625],[89.74032,24.72514],[89.74041,24.72258],[89.73793,24.72415],[89.73719,24.72442],[89.7364,24.72429],[89.73592,24.72196],[89.73133,24.71781],[89.72781,24.71896],[89.72744,24.71942],[89.72724,24.72032],[89.72504,24.71992],[89.72426,24.71998],[89.72446,24.72093],[89.72435,24.72231],[89.72418,24.72249],[89.72319,24.72212],[89.723,24.72236],[89.72277,24.7223],[89.72228,24.72623],[89.72138,24.73037],[89.71923,24.73609],[89.7187,24.73808],[89.71756,24.73798],[89.7172,24.73743],[89.71664,24.7372],[89.71542,24.7372],[89.71394,24.73998],[89.71221,24.74163],[89.70816,24.7468],[89.7067,24.7496],[89.70647,24.74977],[89.70451,24.74958],[89.70448,24.75043],[89.70495,24.7516],[89.70529,24.75356],[89.70573,24.76057],[89.70526,24.76273],[89.70483,24.76294],[89.70481,24.76516],[89.70455,24.76638],[89.70399,24.76731],[89.70247,24.77181],[89.69945,24.77942],[89.70551,24.77932]]]}},{"type":"Feature","properties":{"key":"mohanganj","region":"gaibandha","unionId":"29066614B51426412731792","name":"Mohanganj","score":0.552,"level":"Medium","rankRegion":16,"regionCount":25,"maxScore":0.673,"meanScore":0.371,"sections":10,"highSections":1,"population":7131,"buildings":1591},"geometry":{"type":"Polygon","coordinates":[[[89.70855,25.45918],[89.7101,25.45811],[89.71132,25.45763],[89.71149,25.45612],[89.71336,25.45638],[89.714,25.45605],[89.71502,25.45382],[89.71464,25.45217],[89.7151,25.45103],[89.71613,25.45135],[89.71614,25.45108],[89.71704,25.45174],[89.71823,25.4518],[89.72257,25.45085],[89.72328,25.45249],[89.72499,25.45371],[89.72496,25.45397],[89.72403,25.45487],[89.72248,25.45479],[89.72226,25.45583],[89.72639,25.45715],[89.73111,25.45981],[89.73177,25.45974],[89.73246,25.45935],[89.73452,25.4568],[89.73594,25.45608],[89.73729,25.45623],[89.73842,25.45705],[89.73877,25.45761],[89.73892,25.46066],[89.73929,25.46242],[89.73986,25.46401],[89.74059,25.46512],[89.74155,25.4655],[89.74333,25.46539],[89.74456,25.46484],[89.74596,25.46354],[89.74768,25.46396],[89.74738,25.46544],[89.74536,25.46734],[89.74482,25.46832],[89.74572,25.46979],[89.74549,25.47038],[89.74632,25.47078],[89.74768,25.4734],[89.74925,25.47513],[89.74955,25.47575],[89.74947,25.47767],[89.74876,25.47849],[89.74774,25.4792],[89.74806,25.47997],[89.74889,25.48049],[89.74961,25.48062],[89.75208,25.47976],[89.75288,25.4811],[89.75382,25.48172],[89.75481,25.48203],[89.75602,25.48209],[89.75678,25.48274],[89.75764,25.48311],[89.7579,25.48299],[89.75567,25.47687],[89.75476,25.4702],[89.75738,25.46932],[89.7576,25.46895],[89.75715,25.46791],[89.75538,25.46628],[89.7548,25.4652],[89.75741,25.46102],[89.75825,25.46007],[89.7585,25.45892],[89.7619,25.45661],[89.76257,25.45561],[89.76364,25.45307],[89.76303,25.45233],[89.75878,25.45008],[89.75666,25.44795],[89.75601,25.44605],[89.75563,25.44114],[89.75337,25.4367],[89.75337,25.43579],[89.75436,25.43523],[89.75594,25.43511],[89.76245,25.43384],[89.76506,25.43304],[89.76693,25.4328],[89.76677,25.43243],[89.76793,25.4306],[89.76748,25.42912],[89.76775,25.42764],[89.76902,25.42701],[89.77153,25.42704],[89.77335,25.42647],[89.77376,25.42571],[89.77381,25.42424],[89.77439,25.42335],[89.77439,25.42207],[89.77386,25.42053],[89.77307,25.41951],[89.77337,25.41864],[89.77327,25.41823],[89.77231,25.41649],[89.77172,25.41591],[89.77154,25.41538],[89.77173,25.41509],[89.77323,25.4146],[89.77502,25.41467],[89.77609,25.41509],[89.77776,25.41629],[89.77852,25.4164],[89.77941,25.41607],[89.78025,25.414],[89.78119,25.4133],[89.78246,25.41275],[89.78236,25.41332],[89.78103,25.41447],[89.7806,25.41514],[89.78057,25.41684],[89.78106,25.41726],[89.78155,25.41713],[89.78205,25.41663],[89.78393,25.41341],[89.78435,25.41137],[89.78419,25.40692],[89.78351,25.40585],[89.78311,25.40404],[89.78298,25.40017],[89.78237,25.39724],[89.78116,25.39308],[89.78084,25.39063],[89.78022,25.38944],[89.78027,25.38796],[89.77884,25.38576],[89.77795,25.38484],[89.77657,25.38402],[89.77181,25.38192],[89.76589,25.38055],[89.75578,25.37929],[89.74869,25.3791],[89.74741,25.37844],[89.74604,25.37701],[89.74433,25.37386],[89.74305,25.37284],[89.74191,25.37251],[89.74133,25.37265],[89.74135,25.37322],[89.74377,25.37638],[89.74573,25.38052],[89.74617,25.38177],[89.74671,25.38514],[89.74697,25.38566],[89.74787,25.38631],[89.74778,25.38733],[89.74651,25.38868],[89.74483,25.38863],[89.742,25.38898],[89.74142,25.3889],[89.74058,25.38835],[89.7398,25.38855],[89.73907,25.38914],[89.73918,25.39187],[89.73995,25.39699],[89.73986,25.39745],[89.73926,25.39796],[89.73834,25.39822],[89.7362,25.39814],[89.73477,25.39725],[89.73324,25.39687],[89.73221,25.39597],[89.7296,25.39503],[89.72592,25.39486],[89.72361,25.395],[89.7223,25.39467],[89.7197,25.39447],[89.71461,25.393],[89.70967,25.39185],[89.70715,25.3916],[89.70663,25.39333],[89.70572,25.39321],[89.70489,25.39292],[89.70332,25.39181],[89.70165,25.39024],[89.70106,25.39005],[89.70044,25.39045],[89.70008,25.39103],[89.69958,25.39367],[89.69767,25.39572],[89.69504,25.39756],[89.69461,25.39823],[89.69449,25.39901],[89.69469,25.39966],[89.6952,25.4],[89.69859,25.40147],[89.70134,25.40216],[89.70083,25.40661],[89.701,25.40775],[89.70173,25.40891],[89.7015,25.41163],[89.70019,25.41447],[89.69926,25.41814],[89.6965,25.41664],[89.69347,25.41402],[89.69073,25.41249],[89.68931,25.41248],[89.68794,25.41303],[89.68669,25.41443],[89.68654,25.41514],[89.68866,25.41826],[89.69143,25.42065],[89.69373,25.42332],[89.69532,25.42661],[89.69692,25.43141],[89.70033,25.43727],[89.7009,25.43895],[89.70183,25.44346],[89.70296,25.44689],[89.703,25.44834],[89.70378,25.44907],[89.70408,25.44981],[89.70403,25.45128],[89.70379,25.45194],[89.70398,25.45222],[89.70355,25.45432],[89.70334,25.45442],[89.70365,25.4553],[89.70621,25.45959],[89.70855,25.45918]]]}},{"type":"Feature","properties":{"key":"muktanagar","region":"gaibandha","unionId":"29066614B86541244944041","name":"Muktanagar","score":0.703,"level":"High","rankRegion":7,"regionCount":25,"maxScore":0.797,"meanScore":0.562,"sections":6,"highSections":1,"population":7589,"buildings":926},"geometry":{"type":"Polygon","coordinates":[[[89.56504,25.17534],[89.56811,25.17459],[89.56895,25.17739],[89.56955,25.17762],[89.57153,25.18046],[89.574,25.17991],[89.57653,25.17973],[89.57722,25.17819],[89.57807,25.17744],[89.57845,25.17744],[89.57916,25.17804],[89.5813,25.17904],[89.58233,25.17845],[89.58281,25.17786],[89.58365,25.17747],[89.58385,25.1768],[89.5837,25.17566],[89.58493,25.17518],[89.58598,25.17274],[89.58606,25.17157],[89.58638,25.17131],[89.58578,25.1708],[89.58616,25.16707],[89.58483,25.16699],[89.58365,25.16734],[89.58332,25.1667],[89.58339,25.16575],[89.5831,25.16455],[89.58262,25.16396],[89.58161,25.16332],[89.58381,25.16248],[89.58503,25.16242],[89.58464,25.16189],[89.58447,25.16063],[89.58493,25.15926],[89.58564,25.15885],[89.58631,25.15882],[89.58602,25.15744],[89.58629,25.15659],[89.58585,25.15613],[89.5852,25.15598],[89.58497,25.15647],[89.5825,25.15671],[89.5805,25.15382],[89.57818,25.15371],[89.57757,25.15299],[89.57635,25.15269],[89.57555,25.14995],[89.57564,25.14909],[89.57713,25.14893],[89.57723,25.14848],[89.57563,25.14587],[89.57419,25.14284],[89.57312,25.14319],[89.57264,25.14282],[89.5712,25.14308],[89.57024,25.14335],[89.57005,25.14388],[89.56886,25.14415],[89.56831,25.14414],[89.56754,25.14352],[89.56572,25.14461],[89.56479,25.14491],[89.56446,25.14467],[89.56432,25.14394],[89.56356,25.14446],[89.56273,25.14424],[89.56289,25.14384],[89.56351,25.14348],[89.56345,25.14331],[89.56243,25.14255],[89.5613,25.14049],[89.56034,25.1407],[89.55909,25.14209],[89.55852,25.14236],[89.55447,25.14132],[89.55087,25.14086],[89.55055,25.14119],[89.54994,25.14115],[89.54941,25.14091],[89.54919,25.1404],[89.54983,25.14022],[89.54978,25.13973],[89.54793,25.13916],[89.54616,25.1378],[89.54633,25.1368],[89.54696,25.13677],[89.54692,25.13591],[89.54451,25.13526],[89.54276,25.13511],[89.54288,25.13646],[89.54188,25.13777],[89.53902,25.13786],[89.53846,25.13802],[89.5382,25.13842],[89.53842,25.13995],[89.53876,25.14016],[89.53906,25.14118],[89.53985,25.14208],[89.54071,25.14513],[89.54254,25.14806],[89.54318,25.14972],[89.54315,25.1512],[89.5427,25.15217],[89.54042,25.15356],[89.54,25.15397],[89.53996,25.15435],[89.54225,25.15692],[89.54296,25.15849],[89.54387,25.1616],[89.54489,25.16175],[89.54645,25.161],[89.54756,25.16092],[89.5483,25.16185],[89.54857,25.16255],[89.54856,25.16358],[89.54746,25.16607],[89.54747,25.1671],[89.54891,25.16794],[89.55182,25.16854],[89.55175,25.16998],[89.55132,25.17028],[89.54823,25.17047],[89.54771,25.17084],[89.54748,25.17134],[89.54776,25.17168],[89.54829,25.17175],[89.55005,25.1712],[89.5521,25.17399],[89.55476,25.17608],[89.55629,25.1763],[89.5571,25.17614],[89.55783,25.17544],[89.55891,25.17505],[89.56013,25.17383],[89.56071,25.17406],[89.56182,25.17555],[89.56504,25.17534]]]}},{"type":"Feature","properties":{"key":"nikrail","region":"sirajganj","unionId":"29066614B15387702168275","name":"Nikrail","score":0.699,"level":"Medium","rankRegion":7,"regionCount":57,"maxScore":0.765,"meanScore":0.6,"sections":9,"highSections":1,"population":14048,"buildings":2304},"geometry":{"type":"Polygon","coordinates":[[[89.84175,24.40997],[89.84244,24.40944],[89.8432,24.40677],[89.84374,24.40186],[89.84318,24.40063],[89.84035,24.40031],[89.83765,24.40474],[89.83542,24.40666],[89.83461,24.40703],[89.83347,24.40709],[89.83305,24.40655],[89.83121,24.40602],[89.82821,24.40612],[89.82654,24.40659],[89.8259,24.40646],[89.82697,24.40434],[89.82707,24.40375],[89.82652,24.40276],[89.82601,24.40308],[89.8249,24.40453],[89.82343,24.40531],[89.82056,24.40527],[89.81943,24.40491],[89.81942,24.40425],[89.81974,24.40374],[89.82035,24.40295],[89.82361,24.40012],[89.82418,24.39879],[89.82396,24.39829],[89.82341,24.39817],[89.82064,24.39827],[89.8195,24.39802],[89.81926,24.39389],[89.8188,24.39125],[89.81848,24.39081],[89.81783,24.39065],[89.80808,24.39161],[89.80712,24.39055],[89.80645,24.38897],[89.80598,24.3888],[89.79624,24.3892],[89.79614,24.39065],[89.79526,24.39272],[89.79416,24.39387],[89.79274,24.39607],[89.79167,24.39674],[89.7905,24.39801],[89.78936,24.39823],[89.78839,24.39825],[89.78809,24.39762],[89.78709,24.39684],[89.78519,24.397],[89.78256,24.39651],[89.78221,24.39669],[89.77863,24.395],[89.77611,24.39443],[89.77478,24.39442],[89.77156,24.39494],[89.76577,24.39542],[89.76131,24.39488],[89.759,24.3986],[89.75774,24.40146],[89.7564,24.40485],[89.75511,24.41029],[89.75353,24.41438],[89.75307,24.41664],[89.75113,24.42059],[89.74997,24.42205],[89.74948,24.42358],[89.74805,24.42629],[89.74748,24.42845],[89.74658,24.43054],[89.74683,24.43609],[89.74791,24.4408],[89.75696,24.4419],[89.76178,24.443],[89.76205,24.44403],[89.76338,24.44646],[89.76445,24.44734],[89.76551,24.44768],[89.76786,24.44561],[89.77136,24.44719],[89.77324,24.44775],[89.77174,24.44417],[89.77296,24.44324],[89.77757,24.44159],[89.78044,24.44019],[89.78449,24.44027],[89.78382,24.44244],[89.78731,24.44271],[89.79141,24.44249],[89.79379,24.44263],[89.79386,24.44476],[89.79475,24.44687],[89.79504,24.44821],[89.79338,24.44844],[89.79288,24.449],[89.79279,24.45107],[89.79195,24.45413],[89.79133,24.45895],[89.79145,24.45912],[89.79246,24.45895],[89.79782,24.45741],[89.79818,24.45842],[89.79788,24.46179],[89.79875,24.46224],[89.80011,24.46223],[89.80161,24.45975],[89.80286,24.45865],[89.80351,24.45865],[89.80499,24.45912],[89.80592,24.46008],[89.80817,24.45963],[89.80932,24.45688],[89.81009,24.45399],[89.81116,24.45247],[89.81213,24.45235],[89.81261,24.45265],[89.81369,24.45456],[89.81516,24.4552],[89.81601,24.45677],[89.81686,24.45586],[89.81733,24.45318],[89.81647,24.45124],[89.81688,24.45054],[89.81622,24.44834],[89.8165,24.448],[89.81782,24.4479],[89.81881,24.44728],[89.8189,24.44686],[89.81803,24.44593],[89.81499,24.44159],[89.81374,24.43951],[89.813,24.43775],[89.81198,24.43681],[89.81222,24.43565],[89.81424,24.43251],[89.81485,24.43075],[89.81492,24.42952],[89.8155,24.42955],[89.81541,24.43092],[89.81576,24.43147],[89.8165,24.4315],[89.81725,24.43119],[89.81891,24.43195],[89.82032,24.43223],[89.82215,24.43188],[89.82212,24.43285],[89.82247,24.43336],[89.82364,24.43321],[89.827,24.43134],[89.82756,24.43233],[89.82874,24.4315],[89.82962,24.43124],[89.83011,24.43002],[89.83006,24.42733],[89.83033,24.42707],[89.83147,24.42692],[89.83174,24.42634],[89.83179,24.42533],[89.82698,24.42504],[89.82634,24.42362],[89.82645,24.42245],[89.8272,24.42076],[89.82712,24.41779],[89.82856,24.41712],[89.83024,24.41684],[89.83073,24.4155],[89.83177,24.41403],[89.83293,24.41411],[89.83345,24.4135],[89.83468,24.41371],[89.83551,24.41271],[89.83878,24.41277],[89.83904,24.41221],[89.83949,24.41229],[89.83985,24.41154],[89.8413,24.41143],[89.84175,24.40997]]]}},{"type":"Feature","properties":{"key":"nishchintapur","region":"sirajganj","unionId":"29066614B73135537460214","name":"Nishchintapur","score":0.521,"level":"Medium","rankRegion":36,"regionCount":57,"maxScore":0.543,"meanScore":0.488,"sections":7,"highSections":1,"population":3351,"buildings":8},"geometry":{"type":"Polygon","coordinates":[[[89.7855,24.66255],[89.78492,24.65831],[89.78503,24.65619],[89.78459,24.65162],[89.78343,24.6438],[89.78329,24.64065],[89.78364,24.63383],[89.78435,24.62825],[89.78503,24.62581],[89.78211,24.62499],[89.77889,24.62459],[89.77667,24.62384],[89.76717,24.62376],[89.76591,24.62346],[89.76552,24.62313],[89.76548,24.62262],[89.76624,24.61998],[89.76518,24.61681],[89.76503,24.61384],[89.76763,24.60963],[89.77012,24.60614],[89.77036,24.60365],[89.77162,24.60021],[89.77043,24.59908],[89.76929,24.59532],[89.7684,24.59341],[89.7655,24.59244],[89.76474,24.59244],[89.76428,24.59294],[89.76422,24.59255],[89.76389,24.59265],[89.76349,24.59246],[89.76273,24.59117],[89.76249,24.59117],[89.76242,24.59081],[89.76181,24.59017],[89.76085,24.59084],[89.75804,24.59417],[89.75707,24.59573],[89.75656,24.5974],[89.7562,24.6008],[89.75615,24.6057],[89.75567,24.60896],[89.75564,24.61167],[89.75539,24.61222],[89.75524,24.61626],[89.7532,24.62426],[89.75269,24.62743],[89.75158,24.62839],[89.75116,24.62974],[89.7477,24.63676],[89.74784,24.63825],[89.7491,24.6392],[89.74766,24.63968],[89.74693,24.63954],[89.74619,24.63798],[89.74558,24.63576],[89.74513,24.63535],[89.74428,24.63529],[89.74282,24.63591],[89.73851,24.63976],[89.73809,24.64064],[89.7359,24.64043],[89.73531,24.64084],[89.734,24.63955],[89.73321,24.64091],[89.73262,24.64348],[89.72987,24.64568],[89.72696,24.64859],[89.7246,24.65199],[89.7229,24.65571],[89.72243,24.65927],[89.72458,24.6609],[89.72656,24.66179],[89.72766,24.66209],[89.73062,24.66231],[89.73428,24.66504],[89.73482,24.66524],[89.73743,24.6652],[89.74182,24.6675],[89.7435,24.66878],[89.74444,24.67076],[89.74782,24.67414],[89.74889,24.67662],[89.74969,24.67741],[89.74998,24.67829],[89.75297,24.68046],[89.75385,24.68001],[89.75675,24.67763],[89.75795,24.67701],[89.76061,24.67608],[89.76508,24.67411],[89.76762,24.67341],[89.7687,24.67225],[89.7695,24.67016],[89.77024,24.66952],[89.77082,24.66944],[89.77157,24.66873],[89.77247,24.66858],[89.7742,24.66771],[89.77719,24.66661],[89.77904,24.66528],[89.78048,24.66384],[89.78209,24.66378],[89.78331,24.66404],[89.78536,24.6636],[89.7855,24.66255]]]}},{"type":"Feature","properties":{"key":"noarpara","region":"gaibandha","unionId":"29066614B64623654773445","name":"Noarpara","score":0.508,"level":"Medium","rankRegion":19,"regionCount":25,"maxScore":0.508,"meanScore":0.508,"sections":1,"highSections":0,"population":954,"buildings":87},"geometry":{"type":"Polygon","coordinates":[[[89.67124,24.97666],[89.67052,24.97807],[89.66683,24.98089],[89.66446,24.98308],[89.66211,24.986],[89.66134,24.98735],[89.66076,24.98944],[89.66192,24.99487],[89.66143,24.99854],[89.66151,25.00363],[89.66125,25.0062],[89.65976,25.01199],[89.65763,25.01697],[89.65735,25.01864],[89.65852,25.01911],[89.66022,25.01939],[89.66356,25.02155],[89.66494,25.02218],[89.66759,25.02224],[89.67024,25.02333],[89.67383,25.02389],[89.6759,25.02396],[89.67632,25.02412],[89.67628,25.02475],[89.67652,25.02518],[89.67821,25.0247],[89.68017,25.02483],[89.68172,25.02618],[89.6826,25.02742],[89.68323,25.02769],[89.68394,25.02744],[89.68413,25.02452],[89.68325,25.02083],[89.68258,25.0194],[89.6814,25.01801],[89.68237,25.01753],[89.68293,25.01691],[89.68332,25.01517],[89.69053,25.01382],[89.69171,25.01439],[89.6934,25.01381],[89.69707,25.01323],[89.70062,25.01176],[89.70295,25.01342],[89.70385,25.01373],[89.70558,25.01372],[89.70701,25.01502],[89.70745,25.01501],[89.70844,25.01596],[89.70928,25.01632],[89.7093,25.01684],[89.70982,25.01695],[89.71078,25.01768],[89.71052,25.01887],[89.71132,25.01975],[89.71096,25.02017],[89.71046,25.02257],[89.70999,25.02262],[89.70979,25.02244],[89.70981,25.0226],[89.71076,25.02372],[89.7117,25.02379],[89.71218,25.02415],[89.7121,25.02546],[89.7124,25.02611],[89.71121,25.03033],[89.71096,25.03272],[89.71193,25.03338],[89.7128,25.03436],[89.71428,25.03506],[89.71524,25.03667],[89.71585,25.03696],[89.71448,25.03827],[89.71359,25.03958],[89.71525,25.03953],[89.7156,25.04017],[89.7164,25.0403],[89.71727,25.04075],[89.71877,25.04345],[89.71996,25.04652],[89.72085,25.04644],[89.72103,25.04504],[89.72183,25.04521],[89.72192,25.04879],[89.72273,25.04858],[89.72284,25.04931],[89.72792,25.04854],[89.72739,25.04643],[89.72736,25.04502],[89.72673,25.04492],[89.72661,25.0444],[89.72717,25.0425],[89.72789,25.04176],[89.72978,25.04108],[89.73185,25.04161],[89.73392,25.04186],[89.73514,25.04119],[89.73817,25.0406],[89.74144,25.03954],[89.74248,25.03864],[89.74449,25.03746],[89.74484,25.03636],[89.74503,25.03424],[89.74618,25.03276],[89.748,25.03148],[89.74932,25.03095],[89.75101,25.0308],[89.75256,25.0311],[89.75328,25.03061],[89.75349,25.03009],[89.75359,25.02766],[89.75313,25.02379],[89.75437,25.02373],[89.75456,25.02302],[89.7548,25.0229],[89.75633,25.0228],[89.75657,25.02182],[89.75708,25.0212],[89.7574,25.02008],[89.75789,25.01938],[89.75734,25.01732],[89.75555,25.01696],[89.75366,25.01485],[89.75251,25.0141],[89.74857,25.01321],[89.74689,25.01235],[89.7455,25.01193],[89.74201,25.00952],[89.74182,25.00925],[89.74312,25.00622],[89.74379,25.00565],[89.74471,25.00427],[89.73756,25.00551],[89.73113,25.00491],[89.73061,25.00508],[89.72715,25.00512],[89.72562,25.00482],[89.7225,25.00318],[89.71822,24.99957],[89.7124,24.99548],[89.70987,24.99301],[89.70803,24.99168],[89.70693,24.99123],[89.70654,24.98982],[89.7041,24.98649],[89.70318,24.9843],[89.70509,24.98111],[89.70561,24.97962],[89.70535,24.97813],[89.70486,24.97717],[89.70441,24.977],[89.70281,24.97731],[89.70191,24.97735],[89.70152,24.97713],[89.70205,24.97542],[89.70187,24.97497],[89.69717,24.97648],[89.69385,24.97676],[89.69227,24.97641],[89.69019,24.97672],[89.68875,24.97723],[89.68688,24.97727],[89.68492,24.97804],[89.68326,24.97811],[89.68228,24.97849],[89.67842,24.97866],[89.67697,24.97915],[89.6762,24.97907],[89.67499,24.9783],[89.67429,24.9774],[89.67389,24.97613],[89.67304,24.97517],[89.6726,24.97533],[89.67124,24.97666]]]}},{"type":"Feature","properties":{"key":"nutan-bharenga","region":"sirajganj","unionId":"29066614B95892379635699","name":"Nutan Bharenga","score":0.643,"level":"Medium","rankRegion":18,"regionCount":57,"maxScore":0.655,"meanScore":0.625,"sections":2,"highSections":0,"population":2467,"buildings":524},"geometry":{"type":"Polygon","coordinates":[[[89.69929,23.99734],[89.69827,23.99621],[89.69486,23.99042],[89.6934,23.9873],[89.69292,23.98529],[89.69286,23.98322],[89.69214,23.98077],[89.69142,23.97613],[89.69165,23.97094],[89.68952,23.97085],[89.68713,23.97107],[89.68156,23.96879],[89.68049,23.96809],[89.67834,23.96747],[89.67732,23.96877],[89.67448,23.96904],[89.67249,23.97018],[89.67138,23.97129],[89.67073,23.97236],[89.67064,23.97303],[89.67086,23.97352],[89.67397,23.97762],[89.67494,23.97925],[89.67417,23.98035],[89.67375,23.98041],[89.67214,23.97978],[89.67133,23.97976],[89.67076,23.97925],[89.67018,23.97908],[89.66865,23.98024],[89.66794,23.98026],[89.66748,23.9798],[89.66732,23.97902],[89.66671,23.97868],[89.66517,23.97934],[89.66329,23.98065],[89.65962,23.98107],[89.65763,23.98156],[89.65613,23.98224],[89.65448,23.98397],[89.65181,23.98434],[89.64882,23.98528],[89.64879,23.98509],[89.64577,23.98748],[89.64468,23.9881],[89.64212,23.98797],[89.64158,23.98772],[89.64103,23.99033],[89.64048,23.99144],[89.64481,23.99384],[89.64859,23.99683],[89.65017,23.9985],[89.65017,23.99929],[89.64961,23.9998],[89.64961,24.00074],[89.65118,24.00481],[89.65236,24.00561],[89.65346,24.00554],[89.65489,24.00402],[89.65812,24.00424],[89.6597,24.00403],[89.66152,24.0028],[89.66554,24.00252],[89.66752,24.0018],[89.66894,24.00028],[89.67084,23.99985],[89.67344,23.99985],[89.67581,24.00015],[89.68015,24.0011],[89.68093,24.00197],[89.6799,24.00342],[89.67966,24.00494],[89.67903,24.00624],[89.67848,24.00639],[89.67785,24.00624],[89.67422,24.00384],[89.67359,24.00384],[89.6728,24.00449],[89.67264,24.00507],[89.67406,24.00703],[89.67476,24.00848],[89.67492,24.00921],[89.67468,24.01037],[89.67553,24.01084],[89.67646,24.01081],[89.67785,24.01201],[89.67832,24.01205],[89.67881,24.01176],[89.67951,24.01268],[89.6802,24.01265],[89.68109,24.01214],[89.68495,24.00911],[89.68599,24.00794],[89.68673,24.00772],[89.68755,24.00782],[89.6857,24.00198],[89.68575,24.00146],[89.68691,24.00002],[89.68809,23.99948],[89.68835,23.99949],[89.68866,23.99988],[89.69073,23.99956],[89.69383,24.00052],[89.69732,24.00195],[89.70264,24.00008],[89.69929,23.99734]]]}},{"type":"Feature","properties":{"key":"patharsi","region":"gaibandha","unionId":"29066614B58952131258122","name":"Patharsi","score":0.484,"level":"Low","rankRegion":20,"regionCount":25,"maxScore":0.517,"meanScore":0.434,"sections":2,"highSections":0,"population":2332,"buildings":649},"geometry":{"type":"Polygon","coordinates":[[[89.73822,25.09756],[89.73896,25.09805],[89.73912,25.09858],[89.73851,25.09856],[89.73679,25.09766],[89.73641,25.09823],[89.7369,25.09947],[89.73584,25.09987],[89.73564,25.10025],[89.73419,25.10108],[89.7339,25.10131],[89.73388,25.10186],[89.73534,25.10296],[89.73643,25.1042],[89.73725,25.10445],[89.73797,25.10529],[89.73843,25.10672],[89.73847,25.10819],[89.73638,25.10862],[89.73426,25.10855],[89.73279,25.11311],[89.73118,25.11365],[89.7287,25.11395],[89.72862,25.11456],[89.72918,25.11479],[89.72878,25.11634],[89.72391,25.11713],[89.72398,25.11752],[89.7253,25.11877],[89.72646,25.11961],[89.72761,25.12008],[89.72785,25.12043],[89.7279,25.12148],[89.72752,25.12263],[89.72884,25.12257],[89.72914,25.12302],[89.72808,25.1242],[89.72714,25.12461],[89.72603,25.1247],[89.72562,25.12635],[89.72477,25.12698],[89.72492,25.12857],[89.72761,25.12878],[89.73028,25.12804],[89.73031,25.12842],[89.73063,25.12864],[89.73177,25.12859],[89.73195,25.12878],[89.73181,25.12988],[89.732,25.13122],[89.73087,25.131],[89.72984,25.13174],[89.73013,25.13216],[89.72993,25.13432],[89.73105,25.13656],[89.73122,25.13817],[89.73194,25.14034],[89.72859,25.14255],[89.72817,25.14387],[89.72815,25.14521],[89.72644,25.14615],[89.72934,25.14963],[89.73003,25.14996],[89.73029,25.14931],[89.7304,25.1477],[89.73304,25.14742],[89.73498,25.14643],[89.73747,25.14579],[89.74227,25.14357],[89.74411,25.14357],[89.74519,25.14263],[89.74544,25.14214],[89.74622,25.13985],[89.74641,25.13838],[89.74724,25.1373],[89.74861,25.13653],[89.74941,25.13645],[89.75012,25.13649],[89.7522,25.13732],[89.75265,25.13651],[89.75277,25.13531],[89.75247,25.13426],[89.75271,25.13325],[89.75381,25.13147],[89.75638,25.12819],[89.75757,25.12482],[89.75889,25.12294],[89.75918,25.12104],[89.75971,25.1207],[89.7608,25.12061],[89.76161,25.1199],[89.76252,25.11993],[89.7632,25.11858],[89.76548,25.11884],[89.76531,25.11738],[89.76612,25.11685],[89.7661,25.1166],[89.76546,25.11639],[89.76546,25.11599],[89.76581,25.11568],[89.76614,25.11574],[89.76595,25.11505],[89.76608,25.11423],[89.76598,25.11389],[89.76552,25.11372],[89.76561,25.11265],[89.76509,25.11218],[89.76526,25.11145],[89.76441,25.11109],[89.76433,25.11051],[89.76458,25.10996],[89.76493,25.10998],[89.76563,25.11058],[89.76585,25.11031],[89.76493,25.10918],[89.76342,25.10897],[89.76465,25.10855],[89.76505,25.10787],[89.76424,25.10358],[89.76363,25.10247],[89.76356,25.09942],[89.76385,25.09872],[89.76496,25.09771],[89.76434,25.09699],[89.76536,25.09594],[89.76643,25.09547],[89.76691,25.09438],[89.76828,25.09302],[89.76878,25.0918],[89.76912,25.09159],[89.77015,25.09182],[89.7712,25.09055],[89.77241,25.0885],[89.77275,25.08735],[89.77356,25.08699],[89.77324,25.08625],[89.77363,25.08544],[89.77261,25.0845],[89.77166,25.08279],[89.77112,25.08234],[89.76926,25.08189],[89.76672,25.08228],[89.76527,25.08198],[89.7657,25.08109],[89.7656,25.0803],[89.76536,25.07965],[89.76474,25.07942],[89.76358,25.07966],[89.76302,25.07932],[89.76224,25.07922],[89.76114,25.07983],[89.75992,25.07971],[89.75933,25.08025],[89.75847,25.08013],[89.75807,25.08114],[89.75729,25.08123],[89.7562,25.08213],[89.75509,25.0821],[89.75373,25.07902],[89.75391,25.07849],[89.75521,25.07795],[89.75541,25.07765],[89.75508,25.07682],[89.75537,25.07399],[89.75491,25.07268],[89.75399,25.0716],[89.75401,25.0707],[89.75308,25.07087],[89.75296,25.07004],[89.75261,25.06955],[89.75191,25.06921],[89.75183,25.06934],[89.74746,25.06838],[89.74744,25.06949],[89.74795,25.0699],[89.74805,25.0703],[89.74653,25.07072],[89.74571,25.07123],[89.74539,25.07277],[89.7447,25.07418],[89.74359,25.07365],[89.74081,25.0736],[89.74016,25.07406],[89.73965,25.07498],[89.73958,25.07656],[89.73976,25.07711],[89.74117,25.07819],[89.74331,25.08065],[89.74416,25.08079],[89.74472,25.08061],[89.74536,25.08243],[89.74733,25.08428],[89.74918,25.08686],[89.74957,25.08836],[89.74781,25.08834],[89.74679,25.08754],[89.74592,25.08737],[89.74515,25.08764],[89.74366,25.08915],[89.74257,25.08872],[89.74198,25.08872],[89.74055,25.0894],[89.74025,25.08814],[89.74048,25.0865],[89.7393,25.0862],[89.73736,25.08607],[89.73731,25.08841],[89.73761,25.0899],[89.73694,25.09061],[89.73697,25.09166],[89.73575,25.09385],[89.73822,25.09756]]]}},{"type":"Feature","properties":{"key":"pingna","region":"sirajganj","unionId":"29066614B53062779557034","name":"Pingna","score":0.423,"level":"Low","rankRegion":53,"regionCount":57,"maxScore":0.488,"meanScore":0.327,"sections":9,"highSections":0,"population":9013,"buildings":660},"geometry":{"type":"Polygon","coordinates":[[[89.78868,24.62404],[89.79016,24.62367],[89.79133,24.62362],[89.79236,24.62479],[89.79208,24.62927],[89.79454,24.63119],[89.79733,24.63294],[89.79797,24.633],[89.8008,24.63225],[89.80209,24.63263],[89.8025,24.63323],[89.80469,24.63333],[89.80488,24.63407],[89.80436,24.63473],[89.80482,24.63586],[89.80545,24.63645],[89.8073,24.63704],[89.8109,24.63734],[89.81201,24.637],[89.81231,24.63661],[89.81315,24.63654],[89.8147,24.63701],[89.81516,24.63691],[89.81519,24.63653],[89.81493,24.63626],[89.81351,24.63586],[89.81317,24.6356],[89.81337,24.63555],[89.81711,24.63626],[89.81812,24.63625],[89.81934,24.63587],[89.81986,24.63616],[89.82006,24.6367],[89.81988,24.63698],[89.82044,24.63754],[89.82225,24.63804],[89.82303,24.63731],[89.82354,24.63606],[89.82489,24.6352],[89.8255,24.63524],[89.8257,24.63576],[89.82649,24.63655],[89.82709,24.63679],[89.83168,24.63569],[89.83269,24.63523],[89.83389,24.63391],[89.83361,24.63123],[89.8368,24.62964],[89.84076,24.62592],[89.84226,24.62398],[89.84178,24.62354],[89.84244,24.62068],[89.84238,24.61935],[89.84165,24.6188],[89.84036,24.61851],[89.84008,24.61817],[89.8404,24.61734],[89.84172,24.61625],[89.84216,24.61545],[89.84215,24.61471],[89.84151,24.61407],[89.83936,24.61379],[89.83664,24.61288],[89.83612,24.61248],[89.83581,24.61187],[89.83675,24.60938],[89.83682,24.60843],[89.83635,24.6082],[89.83545,24.60828],[89.8312,24.6104],[89.82947,24.61001],[89.82794,24.60932],[89.82706,24.6086],[89.82747,24.60758],[89.82886,24.6059],[89.83116,24.60458],[89.83471,24.60358],[89.83522,24.60303],[89.83489,24.60262],[89.83383,24.60208],[89.8294,24.60132],[89.82893,24.60096],[89.82827,24.59963],[89.82739,24.59861],[89.82449,24.59684],[89.82307,24.5952],[89.82291,24.59462],[89.82311,24.59356],[89.82373,24.59239],[89.82663,24.59072],[89.82845,24.58891],[89.82862,24.58758],[89.82814,24.58675],[89.82715,24.58653],[89.82339,24.58758],[89.82135,24.58746],[89.82003,24.58612],[89.81918,24.5847],[89.81902,24.58403],[89.81734,24.5818],[89.81637,24.58086],[89.81587,24.58073],[89.81548,24.58088],[89.81448,24.58333],[89.81277,24.58499],[89.81173,24.58509],[89.81116,24.58488],[89.81,24.58361],[89.81001,24.58251],[89.81218,24.58146],[89.81292,24.58042],[89.81254,24.57961],[89.81122,24.57839],[89.8113,24.57762],[89.81698,24.57727],[89.81761,24.57699],[89.81817,24.57584],[89.81679,24.57512],[89.81456,24.57538],[89.81323,24.57525],[89.81111,24.57406],[89.8099,24.57289],[89.80981,24.5707],[89.81164,24.56711],[89.81138,24.5666],[89.80978,24.56744],[89.80871,24.56772],[89.80683,24.56761],[89.80388,24.56685],[89.79476,24.56711],[89.79261,24.5675],[89.79076,24.56846],[89.78887,24.5728],[89.78888,24.5735],[89.78949,24.57431],[89.7892,24.57536],[89.78421,24.57832],[89.78327,24.57927],[89.78302,24.58035],[89.78324,24.58307],[89.78071,24.5912],[89.77798,24.595],[89.77351,24.598],[89.77221,24.59924],[89.77104,24.60144],[89.77054,24.60299],[89.77012,24.60614],[89.76763,24.60963],[89.76503,24.61384],[89.76518,24.61681],[89.76623,24.61979],[89.76548,24.62262],[89.76569,24.62334],[89.76717,24.62376],[89.77667,24.62384],[89.77889,24.62459],[89.78211,24.62499],[89.78503,24.62581],[89.78868,24.62404]]]}},{"type":"Feature","properties":{"key":"puran-bharenga","region":"sirajganj","unionId":"29066614B56934125620376","name":"Puran Bharenga","score":0.444,"level":"Low","rankRegion":50,"regionCount":57,"maxScore":0.444,"meanScore":0.444,"sections":1,"highSections":0,"population":899,"buildings":60},"geometry":{"type":"Polygon","coordinates":[[[89.69206,23.9664],[89.69176,23.9643],[89.69197,23.96307],[89.69174,23.95561],[89.69277,23.94666],[89.69277,23.94273],[89.69247,23.94251],[89.68973,23.94254],[89.68938,23.9419],[89.68794,23.94124],[89.68688,23.94004],[89.68393,23.93936],[89.68462,23.93866],[89.6861,23.93776],[89.68621,23.93573],[89.68718,23.93401],[89.68743,23.93264],[89.68723,23.93156],[89.68633,23.93021],[89.6845,23.92525],[89.68568,23.92439],[89.68791,23.9235],[89.69331,23.9235],[89.69542,23.92392],[89.69716,23.91521],[89.69671,23.91489],[89.69676,23.9141],[89.69651,23.91373],[89.69621,23.91413],[89.69554,23.9144],[89.69329,23.91455],[89.68927,23.91386],[89.68879,23.91414],[89.6884,23.91479],[89.68754,23.9146],[89.68721,23.91485],[89.68669,23.91485],[89.68648,23.91474],[89.68652,23.91404],[89.68517,23.91417],[89.68157,23.91307],[89.67838,23.91265],[89.67792,23.91202],[89.67715,23.91184],[89.67672,23.91148],[89.67733,23.91088],[89.67789,23.90974],[89.67799,23.90815],[89.67783,23.90796],[89.67745,23.9083],[89.67605,23.90864],[89.67471,23.90927],[89.67077,23.91249],[89.66965,23.91175],[89.66779,23.91136],[89.66666,23.91177],[89.66571,23.91264],[89.66347,23.91234],[89.66303,23.91311],[89.66288,23.91418],[89.66147,23.91486],[89.66129,23.91635],[89.66018,23.91731],[89.65948,23.91835],[89.65804,23.91858],[89.65632,23.91819],[89.65514,23.91878],[89.6552,23.91952],[89.65463,23.921],[89.65501,23.92363],[89.65491,23.92476],[89.65467,23.92532],[89.65338,23.9267],[89.65287,23.92831],[89.65234,23.93137],[89.65248,23.93315],[89.65431,23.9358],[89.6542,23.93605],[89.65395,23.93595],[89.65319,23.93629],[89.65222,23.93711],[89.64924,23.94212],[89.64911,23.94323],[89.64724,23.9446],[89.64747,23.94606],[89.64839,23.948],[89.64833,23.9513],[89.64896,23.95189],[89.65006,23.95224],[89.65031,23.95126],[89.65052,23.95121],[89.65233,23.95205],[89.65418,23.95335],[89.65473,23.9527],[89.65512,23.95266],[89.65596,23.95386],[89.65629,23.95367],[89.65691,23.95196],[89.65765,23.95158],[89.65958,23.95208],[89.66114,23.9538],[89.66186,23.95419],[89.66389,23.95432],[89.66654,23.954],[89.66668,23.95488],[89.66639,23.95644],[89.66689,23.95984],[89.66262,23.96121],[89.65912,23.96346],[89.6549,23.96668],[89.65074,23.97109],[89.64864,23.97233],[89.64763,23.97319],[89.64694,23.97534],[89.64565,23.97636],[89.64562,23.97755],[89.64594,23.97817],[89.64664,23.97849],[89.64653,23.97892],[89.64752,23.98144],[89.64853,23.98214],[89.64882,23.98528],[89.65181,23.98434],[89.65448,23.98397],[89.65597,23.98237],[89.65673,23.98191],[89.65911,23.98115],[89.66329,23.98065],[89.66517,23.97934],[89.66671,23.97868],[89.66732,23.97902],[89.66748,23.9798],[89.66794,23.98026],[89.66865,23.98024],[89.67018,23.97908],[89.67076,23.97925],[89.67133,23.97976],[89.67214,23.97978],[89.67375,23.98041],[89.67417,23.98035],[89.67494,23.97925],[89.67397,23.97762],[89.67086,23.97352],[89.67064,23.97303],[89.67073,23.97236],[89.67138,23.97129],[89.67249,23.97018],[89.67448,23.96904],[89.67732,23.96877],[89.67834,23.96747],[89.68049,23.96809],[89.68156,23.96879],[89.68713,23.97107],[89.68952,23.97085],[89.69165,23.97094],[89.69206,23.9664]]]}},{"type":"Feature","properties":{"key":"rajapur","region":"sirajganj","unionId":"29066614B20057181211944","name":"Rajapur","score":0.442,"level":"Low","rankRegion":51,"regionCount":57,"maxScore":0.456,"meanScore":0.42,"sections":2,"highSections":0,"population":2979,"buildings":185},"geometry":{"type":"Polygon","coordinates":[[[89.75314,24.34385],[89.75054,24.34227],[89.74837,24.3425],[89.74799,24.34272],[89.7464,24.34249],[89.74504,24.34257],[89.74219,24.34322],[89.74146,24.34298],[89.74235,24.34223],[89.74191,24.34173],[89.74031,24.34515],[89.73776,24.3455],[89.73693,24.34586],[89.73579,24.34788],[89.73337,24.34741],[89.73356,24.34511],[89.73405,24.34474],[89.73607,24.33438],[89.73255,24.32805],[89.73197,24.32803],[89.73144,24.3274],[89.73047,24.32688],[89.7298,24.32501],[89.72884,24.3241],[89.72494,24.32249],[89.72402,24.32261],[89.72246,24.32175],[89.71946,24.32272],[89.7191,24.32312],[89.71805,24.323],[89.71479,24.32143],[89.71358,24.32011],[89.71094,24.31606],[89.70972,24.31575],[89.70864,24.31635],[89.70817,24.31627],[89.70796,24.31568],[89.70758,24.31],[89.7096,24.30788],[89.71048,24.30727],[89.71116,24.30619],[89.70978,24.30448],[89.70938,24.30425],[89.70948,24.30458],[89.70877,24.30512],[89.70659,24.30579],[89.70336,24.30278],[89.70185,24.30251],[89.70119,24.30271],[89.69955,24.3017],[89.69716,24.30146],[89.69505,24.30272],[89.69495,24.30442],[89.6955,24.30608],[89.69558,24.30731],[89.69599,24.3077],[89.69623,24.30854],[89.69431,24.31088],[89.6938,24.31185],[89.693,24.31621],[89.69177,24.31662],[89.69377,24.31845],[89.69401,24.31935],[89.69497,24.31984],[89.69552,24.32149],[89.69564,24.3229],[89.69509,24.32469],[89.69639,24.32563],[89.69672,24.3256],[89.69757,24.32465],[89.69855,24.32497],[89.69919,24.32567],[89.69948,24.32658],[89.70028,24.32628],[89.70095,24.32636],[89.70159,24.3277],[89.70149,24.32796],[89.69977,24.32818],[89.69848,24.32919],[89.69799,24.32987],[89.6986,24.33074],[89.7008,24.33222],[89.70096,24.33315],[89.70037,24.33449],[89.6972,24.3353],[89.69595,24.336],[89.69651,24.33676],[89.69886,24.33785],[89.69923,24.33851],[89.69461,24.34016],[89.69287,24.34156],[89.69634,24.34416],[89.69685,24.3452],[89.69651,24.34581],[89.69586,24.34631],[89.69611,24.34697],[89.69554,24.34795],[89.6947,24.34853],[89.69392,24.34868],[89.69354,24.34919],[89.69325,24.35044],[89.69164,24.35104],[89.69139,24.352],[89.69195,24.35361],[89.69141,24.35501],[89.69142,24.35591],[89.69167,24.35645],[89.69283,24.35706],[89.69317,24.35786],[89.69256,24.35889],[89.69124,24.35988],[89.69185,24.3609],[89.69252,24.36294],[89.69266,24.36416],[89.69364,24.36362],[89.69383,24.36398],[89.69506,24.3648],[89.69518,24.36508],[89.69461,24.36702],[89.69525,24.36786],[89.69571,24.36747],[89.6972,24.36781],[89.69815,24.36771],[89.69834,24.3669],[89.69813,24.36609],[89.69856,24.36561],[89.70004,24.36475],[89.70159,24.36425],[89.70312,24.36576],[89.70308,24.36606],[89.70506,24.3692],[89.70648,24.37245],[89.70691,24.37278],[89.70742,24.37288],[89.70851,24.37251],[89.71,24.37238],[89.71065,24.37275],[89.71107,24.3735],[89.71159,24.37368],[89.71525,24.37377],[89.7169,24.37438],[89.71832,24.37413],[89.71888,24.37487],[89.71928,24.37606],[89.72005,24.37623],[89.72085,24.37602],[89.72276,24.37467],[89.72424,24.37144],[89.72457,24.37112],[89.72516,24.37121],[89.72574,24.37185],[89.72605,24.37419],[89.72681,24.37672],[89.7267,24.37776],[89.72784,24.37715],[89.73005,24.37783],[89.73159,24.3776],[89.73345,24.37632],[89.73477,24.37497],[89.73632,24.37387],[89.73984,24.37393],[89.74041,24.37371],[89.74158,24.37205],[89.74131,24.37178],[89.74003,24.37154],[89.73942,24.37083],[89.73938,24.36518],[89.73888,24.36069],[89.73871,24.35658],[89.73846,24.35554],[89.73896,24.35317],[89.73965,24.35327],[89.74346,24.35264],[89.74392,24.35284],[89.74467,24.35421],[89.74552,24.35855],[89.74571,24.36613],[89.74547,24.36908],[89.74588,24.37082],[89.74655,24.371],[89.74737,24.37084],[89.74923,24.37003],[89.75059,24.36899],[89.75133,24.36879],[89.75313,24.36997],[89.75641,24.3708],[89.75866,24.37083],[89.76156,24.37025],[89.76009,24.36953],[89.75457,24.36334],[89.75292,24.3611],[89.75236,24.35986],[89.75136,24.35251],[89.75167,24.35068],[89.75201,24.34973],[89.7536,24.34805],[89.7551,24.34687],[89.75578,24.34598],[89.75314,24.34385]]]}},{"type":"Feature","properties":{"key":"ratankandi","region":"sirajganj","unionId":"29066614B80713432142857","name":"Ratankandi","score":0.521,"level":"Medium","rankRegion":36,"regionCount":57,"maxScore":0.611,"meanScore":0.386,"sections":9,"highSections":0,"population":9543,"buildings":1388},"geometry":{"type":"Polygon","coordinates":[[[89.64054,24.54306],[89.63881,24.54336],[89.63809,24.54276],[89.63729,24.54147],[89.63576,24.5407],[89.63467,24.54108],[89.63489,24.54244],[89.63417,24.54311],[89.63238,24.54356],[89.6322,24.54467],[89.63179,24.54493],[89.62779,24.54535],[89.62776,24.5449],[89.62393,24.54437],[89.62324,24.54364],[89.62331,24.5429],[89.62533,24.5427],[89.62668,24.54232],[89.62679,24.54075],[89.62717,24.54069],[89.62765,24.541],[89.62826,24.54223],[89.62912,24.54164],[89.62893,24.54115],[89.62782,24.54033],[89.62791,24.54005],[89.62982,24.53957],[89.63103,24.53821],[89.63222,24.53825],[89.63374,24.53863],[89.63414,24.53817],[89.63378,24.53691],[89.63315,24.53602],[89.63318,24.53527],[89.6327,24.53469],[89.63115,24.53547],[89.62727,24.53586],[89.62697,24.53612],[89.62439,24.53623],[89.62342,24.53735],[89.62314,24.53915],[89.62255,24.53903],[89.62199,24.53932],[89.623,24.54073],[89.62313,24.54241],[89.62222,24.54275],[89.62259,24.54286],[89.62233,24.54306],[89.62225,24.54385],[89.62156,24.54465],[89.6196,24.54446],[89.61828,24.54522],[89.61794,24.54606],[89.61794,24.54772],[89.61766,24.54838],[89.61719,24.54867],[89.61709,24.54991],[89.6159,24.55035],[89.61575,24.55065],[89.61563,24.55195],[89.61684,24.55299],[89.61667,24.55361],[89.61718,24.55442],[89.61712,24.55469],[89.61558,24.55535],[89.61226,24.55592],[89.61105,24.5567],[89.60998,24.55673],[89.6094,24.5572],[89.60947,24.55763],[89.60984,24.55805],[89.61042,24.55778],[89.60962,24.5588],[89.60934,24.55845],[89.60896,24.55843],[89.60754,24.55922],[89.60579,24.5595],[89.60185,24.56234],[89.60157,24.56279],[89.60184,24.56523],[89.60234,24.56693],[89.60379,24.56791],[89.60455,24.57024],[89.60417,24.57198],[89.60378,24.57246],[89.6023,24.57343],[89.60183,24.57441],[89.60189,24.57475],[89.60314,24.57617],[89.60389,24.57779],[89.60394,24.57819],[89.60329,24.58027],[89.6034,24.58058],[89.60449,24.58143],[89.60424,24.58333],[89.60302,24.58568],[89.60141,24.59068],[89.60028,24.59321],[89.5993,24.59465],[89.59969,24.59592],[89.60043,24.5972],[89.6009,24.59784],[89.60188,24.59833],[89.60202,24.59881],[89.60249,24.60101],[89.60268,24.6043],[89.60245,24.60524],[89.6017,24.60522],[89.60196,24.60548],[89.6023,24.60776],[89.60271,24.60883],[89.60367,24.60935],[89.60539,24.60963],[89.60817,24.61053],[89.60934,24.61149],[89.6093,24.61302],[89.60993,24.61325],[89.61099,24.61308],[89.6121,24.61001],[89.61254,24.60923],[89.61375,24.60805],[89.61537,24.60754],[89.61694,24.60743],[89.61774,24.60861],[89.61866,24.60901],[89.61961,24.60895],[89.62226,24.60577],[89.62252,24.60561],[89.62403,24.60567],[89.62446,24.60393],[89.62615,24.60349],[89.62865,24.60206],[89.63027,24.59849],[89.63132,24.59684],[89.63254,24.59684],[89.63555,24.59797],[89.63685,24.59824],[89.6408,24.59687],[89.64177,24.59679],[89.64355,24.59767],[89.64603,24.60011],[89.64693,24.60014],[89.65039,24.59676],[89.65284,24.59334],[89.65464,24.5919],[89.65482,24.59135],[89.65496,24.59021],[89.65467,24.58954],[89.65238,24.58913],[89.65157,24.58775],[89.64925,24.58662],[89.64841,24.58377],[89.64875,24.5835],[89.65031,24.58307],[89.65135,24.5819],[89.65151,24.57909],[89.65199,24.5762],[89.65249,24.57584],[89.65386,24.57602],[89.65841,24.57715],[89.66015,24.57829],[89.66102,24.57844],[89.66093,24.5796],[89.66132,24.58061],[89.66225,24.58097],[89.66281,24.58081],[89.66336,24.58026],[89.66382,24.57938],[89.66793,24.57523],[89.66873,24.57398],[89.66904,24.57242],[89.66908,24.56964],[89.66936,24.56779],[89.66855,24.56162],[89.66808,24.55907],[89.66723,24.55827],[89.66722,24.55795],[89.66624,24.55648],[89.66563,24.55594],[89.66439,24.55556],[89.65938,24.55507],[89.65601,24.55539],[89.6541,24.55529],[89.65375,24.55552],[89.65327,24.55653],[89.65239,24.55707],[89.64963,24.55705],[89.64985,24.55408],[89.65058,24.55257],[89.64968,24.55211],[89.64663,24.55224],[89.6457,24.55204],[89.6453,24.55128],[89.64493,24.54946],[89.64237,24.54485],[89.64243,24.54422],[89.64217,24.54374],[89.64235,24.54334],[89.64054,24.54306]]]}},{"type":"Feature","properties":{"key":"sadia-chandpur","region":"sirajganj","unionId":"29066614B45285033509386","name":"Sadia Chandpur","score":0.785,"level":"High","rankRegion":1,"regionCount":57,"maxScore":0.861,"meanScore":0.671,"sections":7,"highSections":0,"population":16458,"buildings":2152},"geometry":{"type":"Polygon","coordinates":[[[89.71765,24.254],[89.72208,24.25323],[89.72567,24.25439],[89.72773,24.25423],[89.72975,24.2548],[89.73117,24.25485],[89.73115,24.25661],[89.73228,24.25749],[89.73441,24.25769],[89.74069,24.25959],[89.74328,24.25986],[89.74553,24.25971],[89.74604,24.2599],[89.74694,24.26161],[89.74851,24.26241],[89.74903,24.26407],[89.75018,24.26483],[89.75031,24.26583],[89.75202,24.2671],[89.75389,24.26788],[89.75458,24.26846],[89.75556,24.27016],[89.75547,24.27318],[89.75573,24.27379],[89.7584,24.2743],[89.76088,24.2753],[89.76259,24.27636],[89.76207,24.27859],[89.76195,24.28073],[89.76209,24.28179],[89.76241,24.28233],[89.76571,24.28175],[89.76672,24.28139],[89.76748,24.28075],[89.768,24.28107],[89.76983,24.28048],[89.77098,24.28068],[89.77276,24.27842],[89.7768,24.27618],[89.78103,24.27295],[89.78385,24.27134],[89.78995,24.26945],[89.79034,24.26877],[89.79065,24.26512],[89.79013,24.26181],[89.78867,24.2574],[89.7846,24.24836],[89.78471,24.24685],[89.78448,24.24556],[89.78405,24.24484],[89.78387,24.24272],[89.78431,24.24137],[89.78429,24.2404],[89.78306,24.23732],[89.78307,24.23656],[89.7836,24.23514],[89.78353,24.23289],[89.78401,24.23075],[89.78422,24.22656],[89.78575,24.22086],[89.7861,24.21735],[89.78455,24.21701],[89.77992,24.21672],[89.77733,24.21621],[89.77538,24.21616],[89.77214,24.21553],[89.7702,24.21545],[89.76437,24.21466],[89.76314,24.21497],[89.76184,24.21595],[89.76096,24.21558],[89.76095,24.21502],[89.76068,24.21468],[89.75973,24.21444],[89.75923,24.21461],[89.75886,24.21503],[89.75888,24.21613],[89.75793,24.2166],[89.75824,24.21805],[89.75817,24.21847],[89.75759,24.21904],[89.75375,24.21966],[89.75165,24.21955],[89.74975,24.21902],[89.74797,24.21917],[89.7473,24.21958],[89.74677,24.2214],[89.74626,24.2215],[89.7456,24.22136],[89.7454,24.22043],[89.74366,24.21964],[89.74354,24.21889],[89.74324,24.21863],[89.74199,24.21898],[89.74127,24.21875],[89.74084,24.21926],[89.74017,24.21904],[89.7399,24.21867],[89.73981,24.2172],[89.73959,24.21692],[89.73833,24.21695],[89.73674,24.21563],[89.7354,24.215],[89.73385,24.21392],[89.73279,24.214],[89.73208,24.21493],[89.73204,24.2154],[89.73289,24.21619],[89.73305,24.21712],[89.73184,24.21927],[89.7304,24.21884],[89.72969,24.21797],[89.7289,24.21762],[89.72841,24.21671],[89.72763,24.21604],[89.72463,24.21473],[89.72237,24.21417],[89.72025,24.21485],[89.71967,24.21686],[89.71958,24.21841],[89.71897,24.21969],[89.71611,24.22059],[89.716,24.2212],[89.71627,24.22238],[89.71608,24.22298],[89.71461,24.22242],[89.71337,24.22154],[89.7131,24.22145],[89.7125,24.22184],[89.71172,24.22156],[89.71105,24.22112],[89.71078,24.22026],[89.7094,24.2195],[89.70916,24.22139],[89.7073,24.22334],[89.70212,24.22603],[89.70059,24.2254],[89.69998,24.22479],[89.69883,24.22271],[89.69833,24.22241],[89.69739,24.22303],[89.69718,24.22389],[89.69803,24.22526],[89.69904,24.22566],[89.69984,24.22656],[89.69913,24.22741],[89.69831,24.22999],[89.69763,24.23038],[89.69573,24.22852],[89.6951,24.22817],[89.69511,24.2294],[89.69492,24.22979],[89.69334,24.23164],[89.69197,24.23198],[89.69107,24.2328],[89.69018,24.2342],[89.68814,24.23561],[89.68754,24.23751],[89.68738,24.23932],[89.68803,24.23983],[89.68869,24.23999],[89.68948,24.24007],[89.69094,24.23968],[89.69179,24.24082],[89.69595,24.24091],[89.69803,24.24039],[89.69924,24.24108],[89.70056,24.2412],[89.70096,24.24166],[89.70101,24.24411],[89.70141,24.24503],[89.70228,24.2456],[89.70468,24.24636],[89.70462,24.24714],[89.70433,24.24735],[89.70352,24.24738],[89.70306,24.24826],[89.70235,24.24872],[89.70216,24.24903],[89.70237,24.24979],[89.70341,24.25038],[89.70494,24.25074],[89.70658,24.2492],[89.70728,24.24898],[89.70857,24.2491],[89.71044,24.25135],[89.71149,24.25193],[89.711,24.25265],[89.71127,24.25287],[89.71165,24.25301],[89.71262,24.25249],[89.71416,24.25331],[89.71527,24.25325],[89.71765,24.254]]]}},{"type":"Feature","properties":{"key":"saidabad","region":"sirajganj","unionId":"29066614B11639638752154","name":"Saidabad","score":0.68,"level":"Medium","rankRegion":12,"regionCount":57,"maxScore":0.775,"meanScore":0.538,"sections":12,"highSections":0,"population":25750,"buildings":1028},"geometry":{"type":"Polygon","coordinates":[[[89.7622,24.39068],[89.76245,24.39015],[89.76321,24.38944],[89.76472,24.38621],[89.76543,24.3829],[89.76506,24.38021],[89.76514,24.37813],[89.76586,24.3765],[89.76595,24.37523],[89.76448,24.37325],[89.76156,24.37025],[89.75866,24.37083],[89.75641,24.3708],[89.75313,24.36997],[89.75133,24.36879],[89.75059,24.36899],[89.74923,24.37003],[89.74737,24.37084],[89.74655,24.371],[89.74588,24.37082],[89.74547,24.36908],[89.74571,24.36613],[89.74552,24.35855],[89.74467,24.35421],[89.74426,24.3533],[89.74362,24.35266],[89.73965,24.35327],[89.73896,24.35317],[89.73854,24.35494],[89.73938,24.36518],[89.73942,24.37083],[89.74029,24.37169],[89.74157,24.37187],[89.74041,24.37371],[89.73921,24.374],[89.73632,24.37387],[89.73212,24.37732],[89.73112,24.37774],[89.73027,24.37768],[89.73005,24.37783],[89.72784,24.37715],[89.7267,24.37776],[89.72681,24.37672],[89.72605,24.37419],[89.72572,24.37178],[89.72516,24.37121],[89.72457,24.37112],[89.7239,24.37201],[89.72276,24.37467],[89.72085,24.37602],[89.7199,24.37624],[89.71918,24.37593],[89.71888,24.37487],[89.71832,24.37413],[89.7169,24.37438],[89.71525,24.37377],[89.71159,24.37368],[89.71107,24.3735],[89.71065,24.37275],[89.71,24.37238],[89.70851,24.37251],[89.70742,24.37288],[89.70682,24.37274],[89.70631,24.37209],[89.70502,24.36911],[89.70308,24.36606],[89.70312,24.36576],[89.70159,24.36425],[89.70004,24.36475],[89.69856,24.36561],[89.69813,24.36609],[89.69834,24.3669],[89.69815,24.36771],[89.6972,24.36781],[89.69571,24.36747],[89.69525,24.36786],[89.6956,24.36979],[89.69698,24.37109],[89.69758,24.37264],[89.69747,24.37358],[89.69652,24.3749],[89.69592,24.3752],[89.69513,24.37622],[89.69482,24.37632],[89.69139,24.37629],[89.68998,24.37683],[89.68997,24.37768],[89.69047,24.37893],[89.69045,24.3796],[89.68962,24.38038],[89.68904,24.37997],[89.6885,24.37852],[89.68803,24.37477],[89.68677,24.37457],[89.68632,24.37504],[89.68597,24.37625],[89.68571,24.37924],[89.68549,24.37973],[89.68429,24.38082],[89.68399,24.38162],[89.68419,24.38358],[89.68357,24.38539],[89.68439,24.3864],[89.68443,24.38786],[89.68476,24.38843],[89.68439,24.38976],[89.68463,24.39139],[89.68423,24.39268],[89.68492,24.39618],[89.68356,24.39891],[89.68373,24.39954],[89.68431,24.40029],[89.68616,24.40147],[89.68817,24.40335],[89.68904,24.40379],[89.68954,24.40457],[89.68997,24.40427],[89.69035,24.40436],[89.69037,24.40587],[89.69068,24.40577],[89.69089,24.40527],[89.69114,24.40537],[89.69156,24.40586],[89.69142,24.40617],[89.69164,24.40649],[89.6921,24.40672],[89.69241,24.40741],[89.69331,24.40827],[89.69471,24.40781],[89.69536,24.40731],[89.69613,24.40776],[89.69675,24.40725],[89.69702,24.40728],[89.69767,24.4075],[89.69811,24.40792],[89.69948,24.40677],[89.70035,24.40697],[89.70138,24.40766],[89.70243,24.40776],[89.7048,24.40532],[89.7065,24.40675],[89.70745,24.40821],[89.70857,24.40844],[89.70913,24.40819],[89.71231,24.40547],[89.71784,24.40381],[89.71955,24.40394],[89.72262,24.40344],[89.7236,24.40525],[89.72348,24.40643],[89.72418,24.40701],[89.72698,24.40636],[89.72785,24.4058],[89.72884,24.40435],[89.72968,24.40427],[89.73208,24.40508],[89.73365,24.40532],[89.73466,24.40578],[89.73589,24.40777],[89.73758,24.40933],[89.73814,24.40921],[89.7405,24.4075],[89.74424,24.40643],[89.75343,24.40586],[89.75613,24.40624],[89.75649,24.40457],[89.7588,24.39898],[89.76131,24.39488],[89.7622,24.39068]]]}},{"type":"Feature","properties":{"key":"salimabad","region":"sirajganj","unionId":"29066614B96767336091432","name":"Salimabad","score":0.665,"level":"Medium","rankRegion":14,"regionCount":57,"maxScore":0.717,"meanScore":0.587,"sections":8,"highSections":0,"population":8365,"buildings":1802},"geometry":{"type":"Polygon","coordinates":[[[89.78589,24.04075],[89.78933,24.04104],[89.7924,24.042],[89.79475,24.04333],[89.79551,24.04389],[89.79953,24.04886],[89.80174,24.05201],[89.80722,24.05613],[89.80857,24.05748],[89.80916,24.05763],[89.81334,24.0604],[89.8141,24.06132],[89.81706,24.0592],[89.81938,24.05801],[89.82034,24.0571],[89.82042,24.05642],[89.82081,24.05587],[89.82019,24.05539],[89.8202,24.05467],[89.81978,24.05437],[89.81993,24.05272],[89.82026,24.05201],[89.82101,24.05197],[89.8211,24.05243],[89.8222,24.05202],[89.82285,24.05202],[89.82363,24.05243],[89.82478,24.05218],[89.82481,24.0535],[89.82609,24.0537],[89.82681,24.05268],[89.82806,24.05268],[89.83381,24.05343],[89.83571,24.0541],[89.83812,24.05421],[89.83913,24.05407],[89.8389,24.05024],[89.83915,24.04921],[89.84193,24.05073],[89.84356,24.05045],[89.84428,24.05108],[89.84518,24.05113],[89.84802,24.05011],[89.85082,24.04941],[89.85158,24.04941],[89.8528,24.04852],[89.85459,24.04869],[89.8546,24.04802],[89.85389,24.04583],[89.85439,24.04529],[89.85314,24.04453],[89.85271,24.04398],[89.85294,24.04312],[89.85361,24.04242],[89.85359,24.04203],[89.85185,24.03983],[89.85083,24.0391],[89.84873,24.03855],[89.84713,24.0385],[89.84574,24.03945],[89.8439,24.04173],[89.84223,24.04242],[89.84047,24.03997],[89.83989,24.03985],[89.83875,24.03984],[89.83768,24.04028],[89.83608,24.04053],[89.83468,24.03993],[89.83404,24.03993],[89.83375,24.04016],[89.83288,24.04218],[89.83044,24.04074],[89.83117,24.0399],[89.83162,24.03788],[89.83268,24.03757],[89.83377,24.03685],[89.83377,24.03451],[89.83309,24.03422],[89.83335,24.03251],[89.83327,24.03137],[89.83468,24.03113],[89.83458,24.02897],[89.82932,24.02805],[89.82742,24.02669],[89.82618,24.02673],[89.82297,24.02636],[89.81977,24.02511],[89.81158,24.02405],[89.80698,24.02297],[89.80476,24.02277],[89.79939,24.0236],[89.79725,24.02363],[89.79698,24.02387],[89.79692,24.02466],[89.79604,24.02491],[89.79495,24.02559],[89.7916,24.02663],[89.78814,24.02706],[89.78707,24.03143],[89.7844,24.03725],[89.78417,24.03945],[89.78441,24.04095],[89.78589,24.04075]]]}},{"type":"Feature","properties":{"key":"sirajganj-paurashava","region":"sirajganj","unionId":"29066614B2668105510108","name":"Sirajganj Paurashava","score":0.633,"level":"Medium","rankRegion":20,"regionCount":57,"maxScore":0.743,"meanScore":0.468,"sections":10,"highSections":0,"population":93961,"buildings":6244},"geometry":{"type":"Polygon","coordinates":[[[89.73278,24.45334],[89.73044,24.44766],[89.72961,24.44613],[89.72888,24.44536],[89.72694,24.44411],[89.72498,24.44328],[89.72413,24.44391],[89.72403,24.44472],[89.72367,24.44502],[89.72317,24.44469],[89.72235,24.44343],[89.71976,24.44396],[89.71707,24.4432],[89.71532,24.44246],[89.71478,24.44159],[89.71854,24.43992],[89.71883,24.43928],[89.71859,24.43854],[89.71769,24.43844],[89.71504,24.43943],[89.71275,24.43938],[89.71188,24.43893],[89.7117,24.43727],[89.71058,24.43685],[89.70868,24.43802],[89.70546,24.43557],[89.70447,24.43548],[89.7039,24.43338],[89.70296,24.43386],[89.70236,24.43231],[89.7017,24.43147],[89.70121,24.43127],[89.69803,24.43229],[89.69585,24.43203],[89.6945,24.43215],[89.69376,24.43246],[89.69352,24.43307],[89.69377,24.43351],[89.69366,24.43386],[89.6926,24.4348],[89.69073,24.43783],[89.68969,24.44031],[89.6899,24.44184],[89.69115,24.44412],[89.69109,24.44478],[89.6903,24.44605],[89.68814,24.44709],[89.68737,24.44791],[89.68831,24.44966],[89.68736,24.45186],[89.68743,24.45325],[89.68636,24.45495],[89.68504,24.45778],[89.68339,24.46004],[89.68369,24.46055],[89.68419,24.46068],[89.68523,24.46029],[89.68477,24.46438],[89.68503,24.46642],[89.6859,24.46666],[89.68691,24.46788],[89.68824,24.47006],[89.68969,24.47034],[89.69022,24.471],[89.68968,24.47188],[89.68794,24.47349],[89.6876,24.47415],[89.68735,24.47504],[89.68791,24.47586],[89.6891,24.47646],[89.69081,24.47633],[89.69132,24.47619],[89.69358,24.47463],[89.6946,24.47419],[89.69508,24.4742],[89.69551,24.47538],[89.69519,24.47624],[89.69582,24.47628],[89.69677,24.47583],[89.69787,24.47686],[89.69939,24.47694],[89.70003,24.47794],[89.70028,24.47918],[89.70115,24.47886],[89.7013,24.48161],[89.70216,24.4826],[89.70287,24.48291],[89.70398,24.4826],[89.70536,24.48055],[89.70698,24.47879],[89.70827,24.47857],[89.70989,24.48006],[89.7098,24.48168],[89.71017,24.48276],[89.71055,24.483],[89.71152,24.48301],[89.7124,24.48463],[89.7135,24.48595],[89.71396,24.48616],[89.71531,24.48621],[89.71814,24.48596],[89.71868,24.48575],[89.71899,24.48508],[89.71891,24.48286],[89.71915,24.48213],[89.71956,24.48177],[89.72144,24.48112],[89.72172,24.47871],[89.72378,24.47664],[89.72308,24.47558],[89.72202,24.4757],[89.7212,24.47608],[89.72139,24.47502],[89.72076,24.47472],[89.71939,24.47479],[89.71869,24.47396],[89.71857,24.47303],[89.71914,24.47205],[89.72057,24.47211],[89.72056,24.47102],[89.72139,24.47051],[89.72216,24.47034],[89.7229,24.47053],[89.72365,24.4699],[89.72423,24.46974],[89.72561,24.47033],[89.72526,24.46927],[89.72446,24.46884],[89.72405,24.46822],[89.72381,24.46621],[89.72407,24.46497],[89.72489,24.46383],[89.72573,24.46189],[89.72613,24.46138],[89.73075,24.45973],[89.73164,24.45907],[89.7323,24.4589],[89.73296,24.45827],[89.73472,24.45819],[89.73498,24.45793],[89.73486,24.45728],[89.73278,24.45334]]]}},{"type":"Feature","properties":{"key":"sreepur","region":"gaibandha","unionId":"29066614B81271240039512","name":"Sreepur","score":0.336,"level":"Low","rankRegion":23,"regionCount":25,"maxScore":0.362,"meanScore":0.297,"sections":4,"highSections":0,"population":4114,"buildings":322},"geometry":{"type":"Polygon","coordinates":[[[89.61629,25.45564],[89.61802,25.45514],[89.61842,25.45532],[89.61824,25.45674],[89.61853,25.45703],[89.62205,25.45639],[89.62337,25.45666],[89.62424,25.4576],[89.62474,25.45778],[89.62694,25.45662],[89.6273,25.45618],[89.62822,25.4569],[89.62891,25.45784],[89.62968,25.45799],[89.63106,25.45765],[89.6343,25.45738],[89.6386,25.45648],[89.64188,25.45492],[89.64241,25.4542],[89.64225,25.45356],[89.64099,25.45154],[89.64055,25.45121],[89.63989,25.4514],[89.63955,25.45124],[89.63853,25.44939],[89.6394,25.44754],[89.63955,25.44587],[89.64014,25.44399],[89.64089,25.4397],[89.64194,25.43637],[89.64163,25.43401],[89.64101,25.43251],[89.64253,25.42981],[89.64234,25.42886],[89.64257,25.42806],[89.64108,25.42606],[89.64057,25.42489],[89.63771,25.42241],[89.63724,25.42171],[89.63707,25.42098],[89.63758,25.41875],[89.63685,25.4164],[89.63692,25.41459],[89.63637,25.413],[89.63623,25.41179],[89.63478,25.41031],[89.63343,25.4099],[89.63175,25.40827],[89.63065,25.40881],[89.62693,25.40954],[89.62638,25.40949],[89.62596,25.40904],[89.62596,25.40832],[89.62684,25.40543],[89.62676,25.40505],[89.62634,25.40483],[89.625,25.40499],[89.62213,25.40695],[89.61941,25.40831],[89.61431,25.40955],[89.61274,25.41022],[89.61242,25.4106],[89.61298,25.41142],[89.61455,25.41119],[89.61901,25.41124],[89.61973,25.4114],[89.62174,25.41226],[89.62209,25.41264],[89.62196,25.41329],[89.62042,25.41457],[89.61835,25.41541],[89.61744,25.41522],[89.61627,25.41464],[89.6137,25.41273],[89.6126,25.41308],[89.61186,25.41415],[89.61197,25.41804],[89.61158,25.4194],[89.61061,25.4211],[89.60912,25.42254],[89.6084,25.42231],[89.60664,25.42085],[89.60575,25.42051],[89.60424,25.42147],[89.60284,25.4219],[89.59702,25.42209],[89.59483,25.42257],[89.59389,25.42308],[89.59354,25.4236],[89.5936,25.42706],[89.59325,25.42828],[89.59212,25.43037],[89.59012,25.43284],[89.58898,25.43371],[89.58785,25.43415],[89.58641,25.43705],[89.586,25.437],[89.58539,25.43649],[89.58434,25.43443],[89.5836,25.43393],[89.58272,25.43415],[89.58163,25.43618],[89.57895,25.43897],[89.57927,25.44347],[89.57916,25.44457],[89.57869,25.4457],[89.5763,25.44864],[89.57528,25.44886],[89.57236,25.44889],[89.57151,25.44939],[89.57104,25.45023],[89.57017,25.45259],[89.57039,25.45577],[89.573,25.45941],[89.57353,25.46083],[89.57326,25.46167],[89.5724,25.46244],[89.56901,25.4635],[89.56819,25.46539],[89.56813,25.46623],[89.5686,25.46674],[89.56944,25.46661],[89.57017,25.46689],[89.57061,25.4662],[89.56998,25.46523],[89.57006,25.46474],[89.57134,25.46408],[89.57285,25.46427],[89.5736,25.463],[89.57413,25.46261],[89.57462,25.46262],[89.57515,25.46385],[89.57551,25.46362],[89.57592,25.46396],[89.57591,25.46533],[89.57642,25.467],[89.57699,25.46786],[89.57746,25.46794],[89.57897,25.46695],[89.57977,25.46709],[89.58025,25.46776],[89.58044,25.46947],[89.58079,25.47007],[89.58219,25.47073],[89.58382,25.47086],[89.58464,25.47153],[89.58532,25.47418],[89.58517,25.47464],[89.58422,25.47525],[89.5841,25.47577],[89.58546,25.47775],[89.58683,25.47874],[89.58722,25.47858],[89.58887,25.47685],[89.59115,25.47683],[89.5917,25.47705],[89.59218,25.47763],[89.59309,25.4772],[89.59385,25.47727],[89.5948,25.47691],[89.59668,25.4767],[89.59799,25.47601],[89.59812,25.47566],[89.59791,25.475],[89.59701,25.47474],[89.59619,25.47367],[89.59529,25.47334],[89.59497,25.47299],[89.59362,25.46942],[89.59211,25.46776],[89.59165,25.46645],[89.59217,25.46532],[89.59344,25.46472],[89.59424,25.46483],[89.59554,25.46448],[89.59697,25.46461],[89.59778,25.46431],[89.59893,25.46495],[89.60021,25.46424],[89.60099,25.46251],[89.59999,25.45978],[89.60023,25.4592],[89.60199,25.45776],[89.60211,25.45605],[89.60243,25.45562],[89.60617,25.4543],[89.60713,25.45276],[89.60764,25.45247],[89.61002,25.45394],[89.61153,25.45417],[89.61331,25.45504],[89.61416,25.45558],[89.61535,25.45679],[89.61629,25.45564]]]}},{"type":"Feature","properties":{"key":"sthal","region":"sirajganj","unionId":"29066614B64289030979686","name":"Sthal","score":0.49,"level":"Low","rankRegion":44,"regionCount":57,"maxScore":0.496,"meanScore":0.481,"sections":4,"highSections":0,"population":2646,"buildings":7},"geometry":{"type":"Polygon","coordinates":[[[89.79768,24.17153],[89.79643,24.1712],[89.79368,24.17115],[89.79213,24.17089],[89.79185,24.17213],[89.78682,24.17197],[89.78368,24.17105],[89.78239,24.1698],[89.78143,24.16829],[89.78011,24.16722],[89.77884,24.16403],[89.77872,24.16273],[89.77889,24.16209],[89.77848,24.16196],[89.77712,24.16246],[89.77684,24.16334],[89.77453,24.16397],[89.77369,24.16465],[89.77252,24.1644],[89.77058,24.16465],[89.76935,24.16436],[89.76827,24.16536],[89.76688,24.16549],[89.76663,24.16603],[89.7662,24.16616],[89.76503,24.16597],[89.7625,24.16427],[89.76241,24.16329],[89.76184,24.16254],[89.75944,24.16203],[89.75752,24.16125],[89.75586,24.16095],[89.75489,24.16087],[89.75377,24.16181],[89.75173,24.16232],[89.75012,24.16246],[89.74885,24.16287],[89.74705,24.16274],[89.74599,24.16372],[89.74529,24.16397],[89.74457,24.1628],[89.74346,24.1631],[89.74151,24.16302],[89.73973,24.16365],[89.73578,24.16334],[89.73551,24.16368],[89.73535,24.16562],[89.73473,24.16589],[89.73324,24.16579],[89.73304,24.16705],[89.73073,24.16862],[89.7306,24.16906],[89.73104,24.17128],[89.73107,24.17224],[89.73085,24.17263],[89.73102,24.17295],[89.73092,24.17342],[89.73022,24.17402],[89.73021,24.17517],[89.72781,24.17695],[89.72519,24.1784],[89.72411,24.17948],[89.72188,24.18005],[89.72188,24.18071],[89.72257,24.18301],[89.72066,24.18374],[89.72017,24.18438],[89.72033,24.18644],[89.72119,24.18937],[89.72014,24.19007],[89.71713,24.19115],[89.71655,24.19175],[89.71501,24.19226],[89.71478,24.19267],[89.7147,24.19315],[89.71502,24.19368],[89.71559,24.19403],[89.71615,24.19739],[89.71539,24.19797],[89.713,24.19858],[89.71263,24.1992],[89.71195,24.2032],[89.71216,24.20372],[89.71318,24.20406],[89.71329,24.2045],[89.71154,24.20433],[89.71056,24.20471],[89.71096,24.20567],[89.7115,24.20601],[89.71183,24.20725],[89.71315,24.20742],[89.71547,24.20641],[89.71566,24.20662],[89.7155,24.20742],[89.71503,24.20782],[89.71422,24.20807],[89.71206,24.20838],[89.71068,24.20883],[89.70953,24.21049],[89.70873,24.21227],[89.70794,24.2127],[89.70692,24.21274],[89.70664,24.2131],[89.70694,24.21471],[89.70752,24.21509],[89.70779,24.21588],[89.7086,24.21626],[89.70893,24.21693],[89.7094,24.2195],[89.71078,24.22026],[89.71105,24.22112],[89.71172,24.22156],[89.7125,24.22184],[89.7131,24.22145],[89.71337,24.22154],[89.71461,24.22242],[89.71608,24.22298],[89.71627,24.22238],[89.716,24.2212],[89.71611,24.22059],[89.71897,24.21969],[89.71958,24.21841],[89.71967,24.21686],[89.72025,24.21485],[89.72237,24.21417],[89.72463,24.21473],[89.72763,24.21604],[89.72841,24.21671],[89.7289,24.21762],[89.72969,24.21797],[89.7304,24.21884],[89.73184,24.21927],[89.73305,24.21712],[89.73289,24.21619],[89.73204,24.2154],[89.73208,24.21493],[89.73267,24.21409],[89.73333,24.21385],[89.73385,24.21392],[89.7354,24.215],[89.73674,24.21563],[89.73843,24.217],[89.73959,24.21692],[89.73981,24.2172],[89.7399,24.21867],[89.74017,24.21904],[89.74084,24.21926],[89.74127,24.21875],[89.74199,24.21898],[89.74324,24.21863],[89.74354,24.21889],[89.74366,24.21964],[89.7454,24.22043],[89.7456,24.22136],[89.74626,24.2215],[89.74677,24.2214],[89.7473,24.21958],[89.74797,24.21917],[89.74975,24.21902],[89.75165,24.21955],[89.75375,24.21966],[89.75759,24.21904],[89.75817,24.21847],[89.75824,24.21805],[89.75793,24.2166],[89.75888,24.21613],[89.75886,24.21503],[89.75923,24.21461],[89.75973,24.21444],[89.76068,24.21468],[89.76095,24.21502],[89.76096,24.21558],[89.76184,24.21595],[89.76314,24.21497],[89.76437,24.21466],[89.7702,24.21545],[89.77214,24.21553],[89.77538,24.21616],[89.77733,24.21621],[89.77992,24.21672],[89.78455,24.21701],[89.7861,24.21735],[89.78712,24.21095],[89.78954,24.20335],[89.79027,24.20175],[89.78999,24.20105],[89.79018,24.20019],[89.79207,24.19712],[89.79396,24.19203],[89.79485,24.1876],[89.79658,24.1837],[89.79854,24.1757],[89.79848,24.17481],[89.79805,24.17365],[89.79814,24.17213],[89.79768,24.17153]]]}},{"type":"Feature","properties":{"key":"subhagachha","region":"sirajganj","unionId":"29066614B79201737814888","name":"Subhagachha","score":0.375,"level":"Low","rankRegion":55,"regionCount":57,"maxScore":0.375,"meanScore":0.375,"sections":1,"highSections":0,"population":1028,"buildings":262},"geometry":{"type":"Polygon","coordinates":[[[89.69184,24.5461],[89.69099,24.54511],[89.68759,24.54537],[89.68339,24.54526],[89.6814,24.54557],[89.68133,24.54613],[89.68226,24.54853],[89.68235,24.5499],[89.68189,24.55064],[89.67999,24.55202],[89.67979,24.5527],[89.68056,24.55341],[89.68102,24.55437],[89.68073,24.55473],[89.67961,24.55471],[89.67832,24.55341],[89.67705,24.55254],[89.67588,24.55221],[89.67509,24.55232],[89.67461,24.55326],[89.67444,24.55484],[89.67358,24.55592],[89.67372,24.55678],[89.66971,24.557],[89.66865,24.55711],[89.66805,24.55741],[89.668,24.55861],[89.66936,24.56779],[89.66891,24.57339],[89.66793,24.57523],[89.66542,24.5776],[89.66291,24.58072],[89.66225,24.58097],[89.66132,24.58061],[89.66093,24.5796],[89.66102,24.57844],[89.66015,24.57829],[89.65829,24.5771],[89.65406,24.57605],[89.65233,24.57586],[89.65181,24.57676],[89.65135,24.5819],[89.65031,24.58307],[89.64875,24.5835],[89.64841,24.58377],[89.6486,24.58474],[89.64925,24.58662],[89.65157,24.58775],[89.6519,24.58806],[89.65219,24.58902],[89.65467,24.58954],[89.65496,24.59021],[89.65464,24.5919],[89.6556,24.59222],[89.65597,24.59261],[89.65574,24.5945],[89.65481,24.59671],[89.65419,24.60071],[89.65531,24.60196],[89.65605,24.60335],[89.65635,24.60356],[89.66043,24.60398],[89.66239,24.6037],[89.66285,24.60578],[89.66285,24.60799],[89.6655,24.6069],[89.66716,24.60653],[89.66807,24.60657],[89.66836,24.60692],[89.66899,24.61039],[89.67159,24.61039],[89.67222,24.61059],[89.67191,24.61218],[89.672,24.61314],[89.67398,24.61335],[89.67777,24.61491],[89.68122,24.61665],[89.68245,24.61667],[89.68529,24.61577],[89.68638,24.61572],[89.68623,24.61658],[89.6869,24.61948],[89.68735,24.62054],[89.69151,24.61975],[89.69163,24.62042],[89.69261,24.62066],[89.69999,24.61954],[89.70679,24.619],[89.70874,24.61901],[89.71481,24.61993],[89.71479,24.61876],[89.71422,24.61632],[89.71385,24.6156],[89.71532,24.61475],[89.71508,24.61216],[89.71529,24.61025],[89.71413,24.60968],[89.71237,24.60925],[89.71305,24.60358],[89.71329,24.60322],[89.7146,24.60262],[89.71548,24.60093],[89.71632,24.60075],[89.71667,24.60041],[89.71694,24.59992],[89.71739,24.59681],[89.71778,24.59632],[89.71926,24.59525],[89.7213,24.59509],[89.721,24.59269],[89.72036,24.59178],[89.71948,24.58836],[89.71927,24.58792],[89.71891,24.58781],[89.71652,24.5879],[89.71203,24.58888],[89.7081,24.58893],[89.70708,24.5893],[89.70681,24.58895],[89.70691,24.58703],[89.70613,24.58337],[89.70614,24.58288],[89.70704,24.58079],[89.70688,24.58006],[89.7064,24.58015],[89.70603,24.58061],[89.70503,24.58407],[89.70419,24.58443],[89.70255,24.58378],[89.70102,24.58359],[89.69924,24.58248],[89.69779,24.58213],[89.69754,24.58144],[89.69772,24.57961],[89.69737,24.57897],[89.69556,24.5783],[89.69444,24.57815],[89.6936,24.57772],[89.69145,24.5752],[89.69134,24.57382],[89.6916,24.57314],[89.68924,24.56885],[89.68877,24.56442],[89.6881,24.56356],[89.68786,24.56236],[89.6881,24.56167],[89.68969,24.56127],[89.69037,24.56068],[89.69044,24.56027],[89.68988,24.55922],[89.69025,24.55774],[89.69253,24.55473],[89.69266,24.55386],[89.69247,24.5529],[89.69207,24.55248],[89.69171,24.5514],[89.69178,24.55024],[89.69274,24.54887],[89.69184,24.5461]]]}},{"type":"Feature","properties":{"key":"sughatta","region":"gaibandha","unionId":"29066614B3223007795129","name":"Sughatta","score":0.758,"level":"High","rankRegion":1,"regionCount":25,"maxScore":0.884,"meanScore":0.569,"sections":8,"highSections":2,"population":9734,"buildings":1393},"geometry":{"type":"Polygon","coordinates":[[[89.58927,25.17092],[89.59025,25.17238],[89.59124,25.17565],[89.59128,25.17671],[89.59018,25.17829],[89.58863,25.17972],[89.58864,25.1804],[89.58878,25.18058],[89.59151,25.18113],[89.59257,25.18201],[89.59375,25.18386],[89.59393,25.18497],[89.59353,25.18556],[89.59353,25.18609],[89.59394,25.18678],[89.59601,25.18536],[89.6024,25.1798],[89.6034,25.17832],[89.60554,25.17625],[89.60776,25.17287],[89.60825,25.17261],[89.60944,25.1728],[89.61189,25.17378],[89.61198,25.17295],[89.61273,25.17171],[89.61246,25.17067],[89.61251,25.16879],[89.61146,25.16631],[89.6106,25.1653],[89.6108,25.16437],[89.6053,25.1637],[89.60436,25.16303],[89.60324,25.16357],[89.60256,25.16355],[89.60218,25.16282],[89.60149,25.16117],[89.60141,25.15945],[89.60071,25.15757],[89.60051,25.15573],[89.59948,25.15298],[89.59948,25.15249],[89.6007,25.15113],[89.60061,25.15018],[89.59991,25.14865],[89.60131,25.14752],[89.60274,25.14482],[89.60355,25.14378],[89.60488,25.14266],[89.60552,25.14227],[89.60603,25.14227],[89.60687,25.1433],[89.60953,25.14979],[89.61159,25.15336],[89.61217,25.15374],[89.61283,25.15367],[89.61707,25.15035],[89.61707,25.14435],[89.61607,25.14128],[89.61444,25.13799],[89.61495,25.13681],[89.61412,25.13408],[89.61556,25.13268],[89.61579,25.13027],[89.61573,25.12985],[89.61517,25.12944],[89.61467,25.12676],[89.61245,25.12528],[89.61133,25.123],[89.61055,25.12257],[89.61072,25.12178],[89.60996,25.11958],[89.6094,25.11938],[89.60849,25.11985],[89.60746,25.12004],[89.60619,25.11969],[89.6059,25.1193],[89.60568,25.11709],[89.60612,25.1167],[89.60719,25.11633],[89.60719,25.11587],[89.60694,25.1158],[89.60668,25.11511],[89.60687,25.11458],[89.60758,25.11409],[89.60755,25.11295],[89.60607,25.11276],[89.60575,25.11204],[89.60569,25.11224],[89.60021,25.11239],[89.5957,25.11308],[89.59733,25.10704],[89.59301,25.10663],[89.59028,25.10663],[89.589,25.10612],[89.58721,25.10731],[89.58656,25.10746],[89.58523,25.1025],[89.58517,25.10138],[89.58509,25.10113],[89.58452,25.10094],[89.58156,25.10398],[89.5778,25.10713],[89.57864,25.10883],[89.58006,25.11083],[89.58172,25.11221],[89.58237,25.11344],[89.58143,25.11484],[89.57888,25.1154],[89.57897,25.11793],[89.57829,25.12021],[89.57628,25.12269],[89.57529,25.12312],[89.57499,25.12533],[89.57334,25.1284],[89.57342,25.12858],[89.5768,25.12883],[89.57733,25.12897],[89.57725,25.12916],[89.57595,25.13098],[89.57296,25.13372],[89.57013,25.13322],[89.56907,25.13402],[89.56852,25.1347],[89.56823,25.13586],[89.56758,25.13697],[89.56661,25.14023],[89.56686,25.14085],[89.56753,25.14109],[89.57202,25.14118],[89.57259,25.14206],[89.57264,25.14282],[89.57308,25.14318],[89.57419,25.14284],[89.57563,25.14587],[89.57723,25.14848],[89.57713,25.14893],[89.57564,25.14909],[89.57555,25.14995],[89.57639,25.15273],[89.57757,25.15299],[89.57818,25.15371],[89.5805,25.15382],[89.5825,25.15671],[89.58497,25.15647],[89.5852,25.15598],[89.5856,25.156],[89.58622,25.15644],[89.58631,25.15688],[89.58602,25.15744],[89.58631,25.15882],[89.58564,25.15885],[89.58493,25.15926],[89.58447,25.16063],[89.58464,25.16189],[89.58503,25.16242],[89.58381,25.16248],[89.58203,25.16303],[89.58161,25.16338],[89.58254,25.16389],[89.5831,25.16455],[89.58339,25.16575],[89.58332,25.1667],[89.58365,25.16734],[89.58483,25.16699],[89.58616,25.16707],[89.58578,25.1708],[89.58638,25.17119],[89.58927,25.17092]]]}},{"type":"Feature","properties":{"key":"udakhali","region":"gaibandha","unionId":"29066614B49634666788164","name":"Udakhali","score":0.628,"level":"Medium","rankRegion":12,"regionCount":25,"maxScore":0.731,"meanScore":0.472,"sections":5,"highSections":1,"population":3166,"buildings":585},"geometry":{"type":"Polygon","coordinates":[[[89.56846,25.23767],[89.5683,25.23824],[89.56728,25.23754],[89.567,25.23757],[89.56674,25.23867],[89.56685,25.2403],[89.56665,25.24055],[89.56552,25.24088],[89.56528,25.24295],[89.5653,25.24319],[89.56562,25.2433],[89.56788,25.24341],[89.56793,25.24365],[89.56735,25.24458],[89.5656,25.24572],[89.56513,25.24632],[89.56542,25.24674],[89.56601,25.2469],[89.56787,25.24539],[89.56864,25.24566],[89.56972,25.24765],[89.56968,25.24967],[89.56877,25.24943],[89.56807,25.24877],[89.56725,25.24903],[89.56842,25.25113],[89.56836,25.25197],[89.56784,25.25223],[89.56556,25.25138],[89.56484,25.25093],[89.56308,25.24908],[89.56211,25.24889],[89.56152,25.24917],[89.56131,25.24972],[89.56107,25.25204],[89.56138,25.25278],[89.56186,25.25303],[89.5664,25.25273],[89.56727,25.25315],[89.56825,25.25533],[89.56926,25.2562],[89.5692,25.25775],[89.56787,25.25841],[89.56792,25.25912],[89.56859,25.25978],[89.57042,25.25988],[89.57033,25.26017],[89.5692,25.26044],[89.56899,25.26076],[89.56994,25.26165],[89.57059,25.26159],[89.57067,25.26183],[89.57038,25.26327],[89.56954,25.26531],[89.56949,25.26725],[89.56922,25.26805],[89.56847,25.26835],[89.56485,25.26844],[89.56395,25.26885],[89.56388,25.26906],[89.56498,25.27019],[89.56575,25.27031],[89.56697,25.27173],[89.56774,25.27354],[89.56827,25.27604],[89.57055,25.27688],[89.57144,25.27674],[89.57271,25.27573],[89.57337,25.27555],[89.57431,25.27612],[89.57552,25.27629],[89.57663,25.27605],[89.57839,25.27629],[89.5784,25.27702],[89.57786,25.27805],[89.57599,25.27787],[89.57506,25.27822],[89.57272,25.28307],[89.57262,25.28396],[89.57286,25.28481],[89.57436,25.28601],[89.57474,25.28948],[89.57525,25.28989],[89.57672,25.2903],[89.57669,25.29104],[89.57587,25.29204],[89.57685,25.29323],[89.57767,25.29381],[89.57766,25.29417],[89.57709,25.29451],[89.57451,25.29497],[89.57361,25.29484],[89.57237,25.29376],[89.57152,25.29181],[89.57117,25.29164],[89.57043,25.29171],[89.56951,25.29267],[89.56938,25.29495],[89.57,25.29614],[89.57161,25.29762],[89.57417,25.29908],[89.57899,25.30122],[89.57915,25.30219],[89.57766,25.30537],[89.57724,25.30735],[89.57615,25.30728],[89.57314,25.30599],[89.57238,25.30597],[89.57185,25.30641],[89.57263,25.308],[89.57351,25.30904],[89.5753,25.31013],[89.57719,25.31064],[89.57767,25.31115],[89.57775,25.30956],[89.57815,25.30878],[89.57921,25.30825],[89.58083,25.30859],[89.58159,25.3079],[89.58181,25.30551],[89.58143,25.3054],[89.58179,25.30504],[89.58175,25.3042],[89.58155,25.30406],[89.58243,25.30331],[89.58305,25.30161],[89.5836,25.30144],[89.58483,25.30156],[89.58586,25.30046],[89.58674,25.30032],[89.58841,25.29962],[89.58955,25.29947],[89.59139,25.29987],[89.59202,25.29969],[89.59202,25.29921],[89.59285,25.29921],[89.59325,25.2974],[89.59399,25.29644],[89.59497,25.296],[89.59468,25.2938],[89.59856,25.29221],[89.59847,25.2903],[89.59863,25.29008],[89.59955,25.28941],[89.59977,25.29],[89.60191,25.28985],[89.60304,25.29019],[89.6032,25.28767],[89.60275,25.28453],[89.60174,25.2823],[89.59897,25.27788],[89.59902,25.27625],[89.60045,25.27609],[89.60056,25.27583],[89.60076,25.27292],[89.60049,25.27144],[89.59869,25.26934],[89.5985,25.26836],[89.59874,25.26775],[89.59938,25.26708],[89.6005,25.26632],[89.60215,25.26562],[89.6031,25.26469],[89.60351,25.26367],[89.60391,25.26149],[89.60381,25.25916],[89.6032,25.25875],[89.60217,25.25881],[89.60126,25.25833],[89.60047,25.25826],[89.5989,25.25877],[89.59791,25.25944],[89.59698,25.25954],[89.59685,25.25893],[89.59722,25.25881],[89.59728,25.25804],[89.59489,25.25789],[89.59404,25.25608],[89.5924,25.25355],[89.5923,25.25223],[89.59278,25.24997],[89.59353,25.24801],[89.59457,25.24615],[89.59629,25.24429],[89.59703,25.24407],[89.5981,25.24411],[89.59752,25.24273],[89.6005,25.24193],[89.60087,25.24148],[89.60092,25.24075],[89.60068,25.24022],[89.59903,25.23987],[89.59933,25.23802],[89.59893,25.23692],[89.59792,25.23661],[89.59378,25.2365],[89.58677,25.23703],[89.58646,25.23841],[89.5865,25.23932],[89.58538,25.23933],[89.58527,25.24007],[89.58552,25.24031],[89.58562,25.24101],[89.58518,25.24128],[89.58395,25.2409],[89.58384,25.24026],[89.58342,25.23998],[89.58346,25.23913],[89.58309,25.23802],[89.58104,25.23752],[89.57974,25.23786],[89.57564,25.23811],[89.57506,25.23862],[89.57354,25.23854],[89.57376,25.23832],[89.57372,25.23771],[89.57259,25.23741],[89.57242,25.23711],[89.57015,25.23684],[89.57003,25.23649],[89.56857,25.23542],[89.56779,25.23392],[89.56749,25.2338],[89.56716,25.23399],[89.56706,25.2348],[89.56772,25.23651],[89.56846,25.23767]]]}},{"type":"Feature","properties":{"key":"uria","region":"gaibandha","unionId":"29066614B5843755970083","name":"Uria","score":0.598,"level":"Medium","rankRegion":13,"regionCount":25,"maxScore":0.706,"meanScore":0.435,"sections":7,"highSections":0,"population":4971,"buildings":1019},"geometry":{"type":"Polygon","coordinates":[[[89.62984,25.28528],[89.63079,25.28503],[89.63249,25.285],[89.633,25.28465],[89.63316,25.28369],[89.63297,25.28287],[89.63155,25.27963],[89.63113,25.27794],[89.6332,25.27746],[89.63344,25.27782],[89.63419,25.27784],[89.6344,25.27723],[89.63477,25.2772],[89.63548,25.27721],[89.63607,25.27755],[89.63657,25.27816],[89.63668,25.27882],[89.63644,25.28004],[89.6348,25.28385],[89.63505,25.28495],[89.63552,25.28533],[89.63741,25.28568],[89.63863,25.28635],[89.63998,25.28628],[89.64044,25.28587],[89.64051,25.28481],[89.6397,25.28358],[89.6393,25.28131],[89.63825,25.27966],[89.63819,25.27909],[89.63861,25.27833],[89.64141,25.27553],[89.64208,25.27446],[89.64221,25.27332],[89.64068,25.27013],[89.64042,25.26591],[89.63879,25.26371],[89.63878,25.26292],[89.63943,25.26079],[89.63859,25.25818],[89.63901,25.25706],[89.63978,25.25713],[89.64055,25.25668],[89.64132,25.25654],[89.64218,25.25428],[89.64008,25.25263],[89.6381,25.25151],[89.63655,25.25103],[89.63433,25.25076],[89.63432,25.25394],[89.6354,25.25489],[89.6357,25.25568],[89.63559,25.25667],[89.63522,25.25744],[89.63444,25.25731],[89.63192,25.25626],[89.63089,25.2562],[89.62849,25.25762],[89.6235,25.25855],[89.62281,25.25768],[89.62161,25.2568],[89.62108,25.25603],[89.6205,25.25595],[89.61991,25.25543],[89.61926,25.25531],[89.61893,25.25364],[89.61747,25.2533],[89.61726,25.25292],[89.61766,25.25234],[89.61841,25.25206],[89.62399,25.2509],[89.62777,25.24977],[89.6295,25.2496],[89.63231,25.24894],[89.6323,25.24374],[89.63254,25.24253],[89.6336,25.24222],[89.63499,25.24273],[89.63599,25.24273],[89.6371,25.24359],[89.63798,25.24366],[89.63872,25.24419],[89.63918,25.24422],[89.6415,25.24254],[89.64563,25.2379],[89.64474,25.23747],[89.64074,25.23639],[89.63625,25.23394],[89.63463,25.23379],[89.63447,25.23215],[89.62959,25.23203],[89.62809,25.23179],[89.62825,25.2322],[89.62763,25.23245],[89.62734,25.23336],[89.62671,25.23312],[89.62638,25.23268],[89.62485,25.23236],[89.62395,25.23254],[89.62083,25.23426],[89.61934,25.23429],[89.61889,25.23464],[89.61799,25.2348],[89.61529,25.23591],[89.61473,25.23663],[89.61315,25.23712],[89.61312,25.23737],[89.61245,25.23723],[89.61068,25.23632],[89.60988,25.23663],[89.60801,25.23563],[89.60743,25.23571],[89.60711,25.23616],[89.60638,25.23656],[89.60491,25.2367],[89.60396,25.2358],[89.60249,25.235],[89.60178,25.23616],[89.60107,25.23664],[89.60004,25.23796],[89.59933,25.23802],[89.59912,25.23876],[89.59914,25.24002],[89.60023,25.24002],[89.60084,25.24048],[89.60076,25.24169],[89.60034,25.24199],[89.59752,25.24273],[89.5981,25.24411],[89.59703,25.24407],[89.59629,25.24429],[89.59457,25.24615],[89.59353,25.24801],[89.59278,25.24997],[89.59238,25.25153],[89.59235,25.25321],[89.59271,25.25426],[89.5939,25.25584],[89.59489,25.25789],[89.59728,25.25804],[89.59722,25.25881],[89.59685,25.25893],[89.59698,25.25954],[89.59791,25.25944],[89.5989,25.25877],[89.60047,25.25826],[89.60126,25.25833],[89.60217,25.25881],[89.6032,25.25875],[89.60381,25.25916],[89.60391,25.26149],[89.60351,25.26367],[89.6031,25.26469],[89.60215,25.26562],[89.59981,25.26674],[89.59894,25.26749],[89.59854,25.26816],[89.59859,25.26916],[89.60049,25.27144],[89.60076,25.27292],[89.60056,25.27583],[89.60045,25.27609],[89.59902,25.27625],[89.59897,25.27788],[89.60243,25.28363],[89.60294,25.28548],[89.6032,25.28767],[89.60338,25.28781],[89.60545,25.28768],[89.60693,25.28994],[89.61087,25.28915],[89.61152,25.29157],[89.61097,25.292],[89.611,25.29264],[89.61047,25.29316],[89.61175,25.29587],[89.61096,25.29684],[89.61152,25.29762],[89.61141,25.3007],[89.61209,25.30187],[89.6123,25.30311],[89.61641,25.30232],[89.61718,25.30239],[89.61777,25.30279],[89.61973,25.30228],[89.62108,25.30398],[89.6221,25.30349],[89.62241,25.30385],[89.623,25.30381],[89.62306,25.30333],[89.62373,25.30277],[89.62316,25.30203],[89.62193,25.2977],[89.62179,25.29558],[89.62215,25.29265],[89.6227,25.29172],[89.62334,25.29127],[89.62562,25.29119],[89.62715,25.29076],[89.62739,25.28662],[89.62984,25.28528]]]}}]}