{"type":"FeatureCollection","features":[{"type":"Feature","properties":{"kind":"land","ha":3.8},"geometry":{"type":"Polygon","coordinates":[[[89.66648,24.81431],[89.66647,24.81413],[89.66707,24.81412],[89.66706,24.81394],[89.66766,24.81393],[89.66765,24.81374],[89.66805,24.81374],[89.66804,24.81356],[89.66844,24.81355],[89.66863,24.81319],[89.66883,24.81318],[89.66882,24.813],[89.66922,24.81299],[89.66921,24.81263],[89.66941,24.81263],[89.6694,24.81245],[89.67019,24.81226],[89.67038,24.81189],[89.6692,24.81209],[89.66899,24.81174],[89.6688,24.81174],[89.66879,24.81156],[89.6682,24.81157],[89.66822,24.81265],[89.66802,24.81265],[89.66803,24.81302],[89.66783,24.81302],[89.66784,24.8132],[89.66685,24.81322],[89.66685,24.8134],[89.66646,24.8134],[89.66647,24.81395],[89.66608,24.81413],[89.66608,24.81431],[89.66648,24.81431]]]}},{"type":"Feature","properties":{"kind":"land","ha":4.4},"geometry":{"type":"Polygon","coordinates":[[[89.65928,24.81046],[89.65927,24.81028],[89.65987,24.81027],[89.65986,24.81009],[89.66026,24.81009],[89.66025,24.80954],[89.66044,24.80954],[89.66044,24.80918],[89.66063,24.80918],[89.66064,24.80936],[89.66103,24.80935],[89.66102,24.80863],[89.66121,24.80862],[89.6612,24.8079],[89.661,24.80791],[89.66101,24.80809],[89.66061,24.80809],[89.66042,24.80846],[89.65983,24.80847],[89.6598,24.80721],[89.6596,24.80721],[89.6596,24.80703],[89.6594,24.80703],[89.65941,24.80721],[89.65901,24.80722],[89.65901,24.8074],[89.65862,24.80741],[89.65863,24.80813],[89.65844,24.80813],[89.65864,24.80849],[89.65943,24.80848],[89.65944,24.80902],[89.65925,24.80902],[89.65925,24.8092],[89.65965,24.80919],[89.65965,24.80937],[89.65985,24.80937],[89.65966,24.80974],[89.65946,24.80974],[89.65947,24.8101],[89.65907,24.81011],[89.65888,24.81047],[89.65928,24.81046]]]}},{"type":"Feature","properties":{"kind":"land","ha":7.4},"geometry":{"type":"Polygon","coordinates":[[[89.69066,24.80792],[89.69106,24.80791],[89.69127,24.80827],[89.69146,24.80826],[89.69145,24.80754],[89.69204,24.80753],[89.69204,24.80735],[89.69342,24.80733],[89.69321,24.80697],[89.69341,24.80697],[89.6934,24.8066],[89.6938,24.80642],[89.69379,24.80624],[89.69419,24.80623],[89.69438,24.80586],[89.69458,24.80586],[89.69416,24.80515],[89.69318,24.80516],[89.69318,24.80534],[89.69278,24.80535],[89.69279,24.80553],[89.6922,24.80554],[89.6922,24.80572],[89.692,24.80573],[89.69201,24.80609],[89.69122,24.8061],[89.69122,24.80628],[89.69083,24.80629],[89.69083,24.80665],[89.69064,24.80665],[89.69064,24.80683],[89.69005,24.80685],[89.68986,24.80721],[89.68966,24.80721],[89.68967,24.80757],[89.69006,24.80757],[89.69007,24.80775],[89.69066,24.80774],[89.69066,24.80792]],[[89.69066,24.80756],[89.69105,24.80755],[89.69106,24.80773],[89.69066,24.80774],[89.69066,24.80756]]]}},{"type":"Feature","properties":{"kind":"land","ha":3.9},"geometry":{"type":"Polygon","coordinates":[[[89.6705,24.8081],[89.67049,24.80774],[89.67069,24.80773],[89.67068,24.80737],[89.67048,24.80738],[89.67047,24.80684],[89.67067,24.80683],[89.67066,24.80647],[89.67007,24.80648],[89.66986,24.80612],[89.66966,24.80613],[89.66966,24.80577],[89.67005,24.80576],[89.67024,24.8054],[89.66846,24.80543],[89.66846,24.80525],[89.66826,24.80525],[89.66827,24.80543],[89.66807,24.80543],[89.66808,24.8058],[89.66827,24.80579],[89.66828,24.80597],[89.66907,24.80596],[89.6691,24.80758],[89.6693,24.80758],[89.6693,24.80776],[89.67009,24.80774],[89.67011,24.80829],[89.6705,24.8081]]]}},{"type":"Feature","properties":{"kind":"land","ha":9.0},"geometry":{"type":"Polygon","coordinates":[[[89.62902,24.81046],[89.62901,24.8101],[89.62921,24.81009],[89.6292,24.80973],[89.6294,24.80973],[89.62938,24.80901],[89.62978,24.80882],[89.62977,24.80864],[89.62997,24.80864],[89.62996,24.80828],[89.62976,24.80828],[89.62975,24.80738],[89.63014,24.80719],[89.63013,24.80665],[89.63052,24.80664],[89.63053,24.80682],[89.63072,24.80682],[89.63091,24.80645],[89.63111,24.80645],[89.63115,24.80825],[89.63135,24.80825],[89.63137,24.80915],[89.63176,24.80933],[89.63195,24.80896],[89.63215,24.80896],[89.63215,24.80878],[89.63235,24.80877],[89.63234,24.80859],[89.63214,24.8086],[89.63213,24.80788],[89.63193,24.80788],[89.63191,24.80698],[89.63171,24.80698],[89.6317,24.80644],[89.63151,24.80644],[89.63149,24.80572],[89.63071,24.8061],[89.6307,24.80555],[89.6305,24.80556],[89.63049,24.8052],[89.63029,24.8052],[89.6303,24.80556],[89.6301,24.80557],[89.63011,24.80575],[89.62991,24.80575],[89.62992,24.80629],[89.62953,24.80648],[89.62953,24.80666],[89.62934,24.80666],[89.62934,24.80684],[89.62914,24.80685],[89.62915,24.80703],[89.62895,24.80703],[89.62895,24.80721],[89.62875,24.80721],[89.62876,24.80739],[89.62856,24.8074],[89.62857,24.80794],[89.62837,24.80794],[89.62839,24.80866],[89.628,24.80885],[89.62801,24.80957],[89.62821,24.80957],[89.62822,24.80993],[89.62862,24.8101],[89.62862,24.81028],[89.62882,24.81028],[89.62882,24.81046],[89.62902,24.81046]]]}},{"type":"Feature","properties":{"kind":"land","ha":7.7},"geometry":{"type":"Polygon","coordinates":[[[89.69445,24.80911],[89.69444,24.80893],[89.69484,24.80892],[89.69484,24.80874],[89.69543,24.80873],[89.69542,24.80855],[89.69582,24.80855],[89.69601,24.80818],[89.69621,24.80818],[89.6962,24.808],[89.6964,24.80799],[89.6964,24.80781],[89.69659,24.80781],[89.69659,24.80763],[89.69679,24.80763],[89.69678,24.80745],[89.69718,24.80744],[89.69737,24.80707],[89.69757,24.80707],[89.69756,24.80689],[89.69776,24.80689],[89.69776,24.80671],[89.69795,24.8067],[89.69795,24.80652],[89.69815,24.80652],[89.69814,24.80634],[89.69834,24.80633],[89.69834,24.80615],[89.69854,24.80615],[89.69853,24.80597],[89.69873,24.80597],[89.69873,24.80579],[89.69892,24.80578],[89.69892,24.8056],[89.69912,24.8056],[89.69911,24.80542],[89.69931,24.80541],[89.69931,24.80523],[89.6995,24.80523],[89.6995,24.80505],[89.6999,24.80504],[89.69989,24.80468],[89.69949,24.80469],[89.6993,24.80505],[89.69911,24.80506],[89.69911,24.80524],[89.69891,24.80524],[89.69892,24.80542],[89.69872,24.80543],[89.69872,24.80561],[89.69852,24.80561],[89.69853,24.80579],[89.69833,24.80579],[89.69833,24.80597],[89.69794,24.80598],[89.69775,24.80635],[89.69755,24.80635],[89.69756,24.80653],[89.69736,24.80653],[89.69736,24.80671],[89.69677,24.80672],[89.69695,24.806],[89.69774,24.8058],[89.69773,24.80526],[89.69733,24.80509],[89.69732,24.80473],[89.69771,24.80454],[89.69771,24.80436],[89.6979,24.80436],[89.69789,24.80382],[89.69809,24.80381],[89.69808,24.80345],[89.69788,24.80346],[89.69788,24.80327],[89.69729,24.80329],[89.69729,24.80347],[89.6969,24.80347],[89.6969,24.80365],[89.6967,24.80366],[89.69671,24.8042],[89.69691,24.80419],[89.69692,24.80474],[89.69653,24.80492],[89.69654,24.80528],[89.69634,24.80529],[89.69635,24.80547],[89.69615,24.80547],[89.69616,24.80619],[89.69597,24.8062],[89.69597,24.80656],[89.69657,24.80655],[89.69639,24.80727],[89.69599,24.80746],[89.696,24.80764],[89.6956,24.80765],[89.69561,24.80783],[89.69501,24.80784],[89.69502,24.8082],[89.69463,24.80839],[89.69463,24.80857],[89.69444,24.80857],[89.69444,24.80875],[89.69404,24.80876],[89.69404,24.80858],[89.69384,24.80858],[89.69385,24.80912],[89.69445,24.80911]]]}},{"type":"Feature","properties":{"kind":"land","ha":17.2},"geometry":{"type":"Polygon","coordinates":[[[89.61761,24.81337],[89.61761,24.81319],[89.6178,24.81318],[89.6178,24.813],[89.618,24.813],[89.61799,24.81264],[89.61838,24.81245],[89.61838,24.81227],[89.61858,24.81227],[89.61857,24.8119],[89.61817,24.81191],[89.61817,24.81173],[89.61876,24.81172],[89.61876,24.81136],[89.61915,24.81117],[89.61914,24.81099],[89.61934,24.81099],[89.61933,24.81063],[89.61972,24.81044],[89.61972,24.81026],[89.61992,24.81026],[89.61987,24.80791],[89.62026,24.80772],[89.62026,24.80754],[89.62144,24.80734],[89.62164,24.8077],[89.62184,24.8077],[89.62185,24.80788],[89.62244,24.80787],[89.62241,24.8066],[89.62261,24.8066],[89.62261,24.80642],[89.623,24.80641],[89.623,24.80623],[89.6232,24.80623],[89.62319,24.80587],[89.62339,24.80586],[89.62338,24.80568],[89.62279,24.80569],[89.62298,24.80533],[89.62278,24.80533],[89.62275,24.80407],[89.62256,24.80407],[89.62255,24.80389],[89.62236,24.8039],[89.62236,24.80408],[89.62196,24.80408],[89.62177,24.80445],[89.62158,24.80445],[89.62158,24.80463],[89.62118,24.80464],[89.62099,24.805],[89.6208,24.80501],[89.6208,24.80519],[89.6206,24.80519],[89.62061,24.80537],[89.61982,24.80557],[89.61963,24.80593],[89.61943,24.80593],[89.61944,24.80611],[89.61904,24.80612],[89.61885,24.80648],[89.61865,24.80649],[89.61866,24.80667],[89.61846,24.80667],[89.61846,24.80685],[89.61807,24.80686],[89.61807,24.80704],[89.61748,24.80705],[89.61748,24.80723],[89.61709,24.80724],[89.61709,24.80742],[89.61689,24.80742],[89.6169,24.80778],[89.61789,24.80777],[89.61788,24.80758],[89.61868,24.80757],[89.61868,24.80775],[89.61888,24.80775],[89.61889,24.80847],[89.61869,24.80847],[89.61871,24.80938],[89.61951,24.80954],[89.61933,24.81027],[89.61893,24.81045],[89.61894,24.81063],[89.61874,24.81064],[89.61875,24.811],[89.61836,24.81119],[89.61836,24.81155],[89.61758,24.81174],[89.6176,24.81264],[89.6172,24.81283],[89.61722,24.81355],[89.61761,24.81337]],[[89.62163,24.80698],[89.62143,24.80698],[89.62143,24.8068],[89.62163,24.8068],[89.62161,24.80626],[89.62221,24.80625],[89.62221,24.80661],[89.62202,24.80661],[89.62203,24.80715],[89.62164,24.80734],[89.62163,24.80698]]]}},{"type":"Feature","properties":{"kind":"land","ha":9.1},"geometry":{"type":"Polygon","coordinates":[[[89.6914,24.8052],[89.69159,24.80483],[89.69218,24.80482],[89.69218,24.80464],[89.69257,24.80463],[89.69276,24.80427],[89.69335,24.80426],[89.69335,24.80408],[89.69375,24.80407],[89.69374,24.80371],[89.69413,24.80352],[89.69411,24.8028],[89.69431,24.8028],[89.6943,24.80244],[89.6945,24.80243],[89.69449,24.80207],[89.69509,24.80206],[89.69529,24.80242],[89.69549,24.80242],[89.69549,24.80223],[89.69608,24.80222],[89.69607,24.80186],[89.69567,24.80169],[89.69567,24.80151],[89.69586,24.80151],[89.69585,24.80078],[89.69624,24.80078],[89.69623,24.80006],[89.69603,24.80006],[89.69603,24.79988],[89.69543,24.79989],[89.69524,24.80025],[89.69505,24.80026],[89.69505,24.80062],[89.69466,24.80081],[89.69468,24.80135],[89.69448,24.80135],[89.69448,24.80153],[89.69409,24.80154],[89.6939,24.8019],[89.6937,24.80191],[89.69371,24.80227],[89.69351,24.80227],[89.69352,24.80299],[89.69333,24.803],[89.69333,24.80318],[89.69234,24.80319],[89.69235,24.80337],[89.69116,24.8034],[89.69117,24.80376],[89.69097,24.80376],[89.69099,24.80448],[89.69059,24.80467],[89.69061,24.80539],[89.6914,24.8052]]]}},{"type":"Feature","properties":{"kind":"land","ha":4.1},"geometry":{"type":"Polygon","coordinates":[[[89.69646,24.8015],[89.69645,24.80132],[89.69724,24.8013],[89.69743,24.80094],[89.69763,24.80093],[89.69763,24.80075],[89.69783,24.80075],[89.69782,24.80057],[89.69802,24.80056],[89.69802,24.80038],[89.69821,24.80038],[89.69821,24.80002],[89.6986,24.79983],[89.69859,24.79965],[89.69899,24.79964],[89.69898,24.79928],[89.69918,24.79928],[89.69917,24.7991],[89.69878,24.79893],[89.69878,24.79911],[89.69819,24.79912],[89.69819,24.7993],[89.6976,24.79931],[89.69759,24.79913],[89.6968,24.79914],[89.69681,24.79932],[89.69661,24.79933],[89.69662,24.79987],[89.69682,24.79986],[89.69683,24.80041],[89.69644,24.80059],[89.69644,24.80077],[89.69624,24.80078],[89.69625,24.80096],[89.69605,24.80096],[89.69606,24.8015],[89.69646,24.8015]]]}},{"type":"Feature","properties":{"kind":"land","ha":20.0},"geometry":{"type":"Polygon","coordinates":[[[89.6631,24.80426],[89.6631,24.80408],[89.66408,24.80406],[89.66408,24.80388],[89.66448,24.80387],[89.66447,24.80369],[89.66467,24.80369],[89.66466,24.80315],[89.66446,24.80315],[89.66446,24.80297],[89.66465,24.80297],[89.66465,24.80261],[89.66484,24.8026],[89.66484,24.80242],[89.66563,24.80223],[89.66562,24.80205],[89.66602,24.80204],[89.66601,24.80186],[89.66641,24.80185],[89.6664,24.80149],[89.66679,24.80131],[89.66679,24.80113],[89.66718,24.80112],[89.66718,24.80094],[89.66797,24.80092],[89.66816,24.80056],[89.66836,24.80056],[89.66836,24.80038],[89.66855,24.80037],[89.66855,24.80019],[89.66875,24.80019],[89.66874,24.80001],[89.66894,24.8],[89.66894,24.79982],[89.66933,24.79982],[89.66952,24.79945],[89.66972,24.79945],[89.66972,24.79927],[89.66991,24.79926],[89.66991,24.79908],[89.67011,24.79908],[89.6701,24.7989],[89.6703,24.7989],[89.6703,24.79872],[89.67108,24.79852],[89.67108,24.79834],[89.67148,24.79833],[89.67167,24.79797],[89.67206,24.79796],[89.67225,24.7976],[89.67304,24.7974],[89.67303,24.79722],[89.67343,24.79722],[89.67362,24.79685],[89.67382,24.79685],[89.67381,24.79667],[89.6746,24.79647],[89.6746,24.79629],[89.67499,24.79629],[89.67518,24.79592],[89.67538,24.79592],[89.67537,24.79574],[89.67577,24.79573],[89.67576,24.79537],[89.67616,24.79536],[89.67635,24.795],[89.67654,24.79499],[89.67654,24.79481],[89.67674,24.79481],[89.67673,24.79445],[89.67732,24.79444],[89.67751,24.79407],[89.67791,24.79407],[89.6779,24.79389],[89.6787,24.79387],[89.67869,24.79369],[89.67909,24.79369],[89.67908,24.7935],[89.67948,24.7935],[89.67947,24.79332],[89.67987,24.79331],[89.67987,24.79313],[89.68026,24.79312],[89.68045,24.79276],[89.68065,24.79275],[89.68064,24.79257],[89.68084,24.79257],[89.68084,24.79239],[89.68163,24.7922],[89.68162,24.79202],[89.68202,24.79201],[89.68221,24.79164],[89.6824,24.79164],[89.6824,24.79146],[89.6826,24.79146],[89.68259,24.79128],[89.68299,24.79127],[89.68299,24.79109],[89.68338,24.79108],[89.68338,24.7909],[89.68357,24.7909],[89.68357,24.79054],[89.68337,24.79054],[89.68337,24.79072],[89.68278,24.79073],[89.68259,24.7911],[89.6818,24.79129],[89.68161,24.79165],[89.68122,24.79166],[89.68122,24.79184],[89.67984,24.79187],[89.67965,24.79223],[89.67945,24.79223],[89.67966,24.79295],[89.67888,24.79315],[89.67888,24.79333],[89.6777,24.79353],[89.67751,24.79389],[89.67672,24.79409],[89.67673,24.79427],[89.67633,24.79428],[89.67634,24.79446],[89.67594,24.79446],[89.67594,24.79464],[89.67555,24.79465],[89.67555,24.79483],[89.67516,24.79484],[89.67516,24.79502],[89.67457,24.79503],[89.67457,24.79521],[89.67339,24.79523],[89.6732,24.79596],[89.67301,24.79596],[89.67301,24.79614],[89.67261,24.79615],[89.67242,24.79651],[89.67203,24.79652],[89.67203,24.7967],[89.67184,24.7967],[89.67184,24.79706],[89.67145,24.79725],[89.67146,24.79743],[89.67106,24.79744],[89.67087,24.7978],[89.67067,24.79781],[89.67068,24.79799],[89.67008,24.798],[89.67009,24.79818],[89.66969,24.79819],[89.6695,24.79855],[89.6693,24.79855],[89.66931,24.79873],[89.66911,24.79874],[89.66911,24.79892],[89.66892,24.79892],[89.66892,24.7991],[89.66853,24.79911],[89.66834,24.79947],[89.66814,24.79948],[89.66814,24.79966],[89.66775,24.79966],[89.66756,24.80003],[89.66736,24.80003],[89.66736,24.80021],[89.66717,24.80022],[89.66717,24.8004],[89.66677,24.8004],[89.66658,24.80077],[89.66639,24.80077],[89.66639,24.80095],[89.6658,24.80096],[89.66561,24.80133],[89.66541,24.80133],[89.66541,24.80151],[89.66522,24.80151],[89.66522,24.80169],[89.66502,24.8017],[89.66503,24.80188],[89.66483,24.80188],[89.66483,24.80206],[89.66444,24.80207],[89.66425,24.80243],[89.66405,24.80244],[89.66406,24.8028],[89.66386,24.8028],[89.66388,24.8037],[89.66348,24.80371],[89.66349,24.80389],[89.66289,24.8039],[89.6629,24.80408],[89.6623,24.80409],[89.66231,24.80427],[89.6631,24.80426]]]}},{"type":"Feature","properties":{"kind":"land","ha":6.2},"geometry":{"type":"Polygon","coordinates":[[[89.68576,24.7914],[89.68576,24.79122],[89.68615,24.79121],[89.68614,24.79085],[89.68634,24.79085],[89.68632,24.78977],[89.68671,24.78958],[89.6867,24.78922],[89.68709,24.78903],[89.68709,24.78885],[89.68748,24.78884],[89.68749,24.7892],[89.68789,24.78938],[89.6879,24.78974],[89.6881,24.78973],[89.6881,24.79009],[89.6885,24.79009],[89.68869,24.78972],[89.68889,24.78972],[89.68885,24.7881],[89.68865,24.7881],[89.68865,24.78792],[89.68806,24.78793],[89.68787,24.78829],[89.68668,24.78831],[89.68668,24.78813],[89.68688,24.78813],[89.68687,24.78777],[89.68667,24.78777],[89.68667,24.78795],[89.68628,24.78796],[89.6861,24.78869],[89.68649,24.7885],[89.68669,24.78886],[89.6865,24.78886],[89.68651,24.7894],[89.68611,24.78941],[89.68612,24.78977],[89.68573,24.78996],[89.68555,24.79068],[89.68495,24.79069],[89.68495,24.79051],[89.68475,24.79052],[89.68474,24.79015],[89.68455,24.79016],[89.68455,24.79034],[89.68396,24.79035],[89.68396,24.79053],[89.68416,24.79053],[89.68417,24.79107],[89.68457,24.79124],[89.68457,24.79106],[89.68476,24.79106],[89.68497,24.79141],[89.68576,24.7914]]]}},{"type":"Feature","properties":{"kind":"land","ha":9.1},"geometry":{"type":"Polygon","coordinates":[[[89.70097,24.79095],[89.70097,24.79076],[89.70137,24.79076],[89.70136,24.79058],[89.70176,24.79057],[89.70175,24.79039],[89.70235,24.79038],[89.70234,24.7902],[89.70432,24.78998],[89.70431,24.7898],[89.70471,24.78979],[89.7047,24.78961],[89.70588,24.78941],[89.70607,24.78869],[89.70646,24.7885],[89.70645,24.78796],[89.70664,24.78795],[89.70664,24.78759],[89.70683,24.78759],[89.70682,24.78687],[89.70603,24.78688],[89.70604,24.78724],[89.70564,24.78725],[89.70564,24.78743],[89.70505,24.78744],[89.70505,24.78762],[89.70466,24.78763],[89.70447,24.78799],[89.70407,24.788],[89.70408,24.78836],[89.70369,24.78837],[89.7035,24.78873],[89.7033,24.78874],[89.7033,24.78892],[89.70291,24.78892],[89.70272,24.78929],[89.70252,24.78929],[89.70252,24.78947],[89.70213,24.78948],[89.70194,24.78984],[89.70174,24.78985],[89.70175,24.79003],[89.70155,24.79003],[89.70155,24.79021],[89.70135,24.79022],[89.70136,24.7904],[89.70057,24.79059],[89.70058,24.79077],[89.70018,24.79078],[89.70018,24.79096],[89.70097,24.79095]]]}},{"type":"Feature","properties":{"kind":"land","ha":3.1},"geometry":{"type":"Polygon","coordinates":[[[89.70745,24.78866],[89.70745,24.78848],[89.70784,24.78847],[89.70784,24.78829],[89.70823,24.78829],[89.70823,24.78811],[89.70862,24.7881],[89.70862,24.78792],[89.70882,24.78792],[89.70881,24.78773],[89.70862,24.78774],[89.70859,24.7863],[89.70878,24.78629],[89.70877,24.78593],[89.70838,24.78594],[89.70819,24.7863],[89.70799,24.78631],[89.708,24.78649],[89.7078,24.78649],[89.7078,24.78667],[89.7076,24.78667],[89.70761,24.78703],[89.70722,24.78722],[89.70724,24.78812],[89.70704,24.78813],[89.70705,24.78849],[89.70685,24.78849],[89.70686,24.78867],[89.70745,24.78866]]]}},{"type":"Feature","properties":{"kind":"land","ha":30.8},"geometry":{"type":"Polygon","coordinates":[[[89.61634,24.79064],[89.61595,24.79083],[89.61596,24.79119],[89.61636,24.79137],[89.61638,24.79227],[89.61657,24.79226],[89.61657,24.79208],[89.61697,24.79208],[89.61695,24.79136],[89.61715,24.79135],[89.61714,24.79099],[89.61753,24.7908],[89.61753,24.79062],[89.61792,24.79062],[89.61792,24.79044],[89.61832,24.79043],[89.61831,24.79025],[89.61851,24.79025],[89.6185,24.78988],[89.6187,24.78988],[89.61869,24.78934],[89.61889,24.78934],[89.61888,24.78916],[89.61868,24.78916],[89.61867,24.78862],[89.61907,24.78861],[89.61907,24.78879],[89.61927,24.78879],[89.61928,24.78951],[89.61948,24.78951],[89.61949,24.78987],[89.61929,24.78987],[89.6193,24.79005],[89.6197,24.79022],[89.6197,24.79041],[89.6199,24.7904],[89.6199,24.79058],[89.62109,24.79056],[89.62108,24.79038],[89.62148,24.79037],[89.62147,24.79019],[89.62266,24.79017],[89.62265,24.78981],[89.62285,24.78981],[89.62283,24.78909],[89.62244,24.78891],[89.62243,24.78873],[89.62223,24.78874],[89.62219,24.78657],[89.62199,24.78657],[89.62199,24.78639],[89.62159,24.7864],[89.6216,24.78658],[89.6214,24.78658],[89.62161,24.7873],[89.62141,24.78731],[89.62142,24.78767],[89.62063,24.78768],[89.62063,24.78786],[89.62004,24.78787],[89.62004,24.78769],[89.61964,24.7877],[89.61964,24.78752],[89.61944,24.78752],[89.61963,24.78716],[89.61983,24.78715],[89.61982,24.78697],[89.61943,24.7868],[89.61942,24.78644],[89.61902,24.78645],[89.61883,24.78681],[89.61863,24.78681],[89.61864,24.78699],[89.61844,24.787],[89.61844,24.78718],[89.61825,24.78718],[89.61826,24.78772],[89.61806,24.78773],[89.61807,24.78809],[89.61787,24.78809],[89.61788,24.78845],[89.61749,24.78864],[89.61749,24.78882],[89.61729,24.78882],[89.6173,24.789],[89.6169,24.78901],[89.6169,24.78883],[89.6171,24.78883],[89.61709,24.78847],[89.61729,24.78846],[89.61727,24.78792],[89.61747,24.78792],[89.61746,24.78738],[89.61766,24.78737],[89.61765,24.78701],[89.61804,24.78682],[89.61804,24.78664],[89.61824,24.78664],[89.61823,24.78628],[89.61862,24.78609],[89.61862,24.78591],[89.61881,24.78591],[89.61881,24.78573],[89.6194,24.78572],[89.61941,24.7859],[89.6198,24.78589],[89.61999,24.78553],[89.62019,24.78552],[89.62019,24.78534],[89.62098,24.78533],[89.62097,24.78515],[89.62077,24.78515],[89.62077,24.78479],[89.62096,24.78479],[89.62096,24.78443],[89.62076,24.78443],[89.62076,24.78425],[89.62036,24.78444],[89.62037,24.78462],[89.62017,24.78462],[89.62017,24.7848],[89.61958,24.78481],[89.61959,24.78499],[89.61919,24.785],[89.619,24.78536],[89.6188,24.78537],[89.61881,24.78555],[89.61861,24.78555],[89.61861,24.78573],[89.61841,24.78573],[89.61842,24.78592],[89.61822,24.78592],[89.61822,24.7861],[89.61803,24.7861],[89.61803,24.78628],[89.61783,24.78629],[89.61784,24.78665],[89.61764,24.78665],[89.61765,24.78683],[89.61725,24.78684],[89.61706,24.7872],[89.61667,24.78721],[89.61667,24.78739],[89.61627,24.7874],[89.61628,24.78776],[89.61589,24.78794],[89.6161,24.78866],[89.61591,24.78867],[89.61591,24.78885],[89.61551,24.78885],[89.61532,24.78922],[89.61493,24.78923],[89.61492,24.78904],[89.61512,24.78904],[89.61511,24.78832],[89.61432,24.78833],[89.61413,24.7887],[89.61393,24.7887],[89.61393,24.78888],[89.61374,24.78889],[89.61374,24.78925],[89.61335,24.78943],[89.61336,24.78961],[89.61296,24.78962],[89.61297,24.78998],[89.61277,24.78998],[89.61277,24.79017],[89.61238,24.79017],[89.61219,24.79054],[89.61199,24.79054],[89.612,24.7909],[89.61318,24.79088],[89.61337,24.79052],[89.61357,24.79051],[89.61357,24.79033],[89.61377,24.79033],[89.61376,24.79015],[89.61396,24.79014],[89.61416,24.7905],[89.61436,24.7905],[89.61437,24.79068],[89.61476,24.79067],[89.61477,24.79085],[89.61536,24.79084],[89.61555,24.79048],[89.61614,24.79047],[89.61613,24.79011],[89.61653,24.78992],[89.61634,24.79064]],[[89.61652,24.78956],[89.61672,24.78955],[89.61672,24.78992],[89.61653,24.78992],[89.61652,24.78956]],[[89.61732,24.78991],[89.61771,24.78972],[89.6177,24.78954],[89.6181,24.78953],[89.61811,24.78989],[89.61771,24.79008],[89.61772,24.79026],[89.61732,24.79027],[89.61732,24.78991]],[[89.62084,24.78822],[89.62104,24.78822],[89.62104,24.7884],[89.62084,24.7884],[89.62084,24.78822]]]}},{"type":"Feature","properties":{"kind":"land","ha":3.8},"geometry":{"type":"Polygon","coordinates":[[[89.62497,24.78742],[89.62494,24.78598],[89.62455,24.78581],[89.62453,24.78491],[89.62433,24.78491],[89.6243,24.78365],[89.6241,24.78365],[89.62411,24.78383],[89.62391,24.78383],[89.62392,24.78437],[89.62412,24.78437],[89.62413,24.78491],[89.62393,24.78492],[89.62394,24.78528],[89.62374,24.78528],[89.62375,24.78564],[89.62336,24.78565],[89.62317,24.78601],[89.62297,24.78602],[89.62298,24.78638],[89.62317,24.78637],[89.62318,24.78673],[89.62358,24.78673],[89.62357,24.78655],[89.62377,24.78654],[89.62377,24.78672],[89.62397,24.78672],[89.62399,24.78744],[89.62458,24.78743],[89.62458,24.78761],[89.62497,24.78742]]]}},{"type":"Feature","properties":{"kind":"land","ha":3.4},"geometry":{"type":"Polygon","coordinates":[[[89.62865,24.78375],[89.62884,24.78339],[89.62904,24.78338],[89.62904,24.7832],[89.62924,24.7832],[89.62923,24.78302],[89.62903,24.78302],[89.62903,24.78284],[89.62844,24.78285],[89.62823,24.78249],[89.62803,24.7825],[89.62803,24.78232],[89.62783,24.78232],[89.62783,24.78214],[89.62763,24.78214],[89.62763,24.78196],[89.62743,24.78197],[89.62743,24.78179],[89.62624,24.78181],[89.62624,24.78199],[89.62585,24.78199],[89.62585,24.78217],[89.62566,24.78218],[89.62566,24.78236],[89.62625,24.78235],[89.62626,24.78253],[89.62665,24.78234],[89.62666,24.78288],[89.62705,24.78288],[89.62726,24.78323],[89.62746,24.78323],[89.62746,24.78341],[89.62766,24.78341],[89.62766,24.78359],[89.62825,24.78358],[89.62826,24.78376],[89.62865,24.78375]],[[89.62644,24.78198],[89.62664,24.78198],[89.62664,24.78216],[89.62645,24.78216],[89.62644,24.78198]]]}},{"type":"Feature","properties":{"kind":"land","ha":12.8},"geometry":{"type":"Polygon","coordinates":[[[89.71453,24.76868],[89.71473,24.76868],[89.71471,24.76795],[89.71491,24.76795],[89.7149,24.76777],[89.71471,24.76777],[89.71469,24.76705],[89.71429,24.76688],[89.7141,24.76724],[89.7139,24.76725],[89.71391,24.76743],[89.71371,24.76743],[89.71371,24.76761],[89.71352,24.76761],[89.71352,24.7678],[89.71313,24.7678],[89.71313,24.76798],[89.71194,24.768],[89.71195,24.76818],[89.71155,24.76819],[89.71136,24.76856],[89.71117,24.76856],[89.71117,24.76874],[89.71137,24.76874],[89.71137,24.7691],[89.71177,24.76909],[89.71179,24.76999],[89.7114,24.77018],[89.7114,24.77036],[89.7112,24.77036],[89.71121,24.77054],[89.71101,24.77055],[89.71122,24.77091],[89.71102,24.77091],[89.71103,24.77127],[89.71142,24.77126],[89.71143,24.77144],[89.71222,24.77143],[89.71221,24.77107],[89.7126,24.77106],[89.7126,24.77088],[89.71319,24.77087],[89.71319,24.77069],[89.71339,24.77069],[89.71338,24.77032],[89.71417,24.77031],[89.71436,24.76995],[89.71456,24.76994],[89.71455,24.76976],[89.71475,24.76976],[89.71475,24.76958],[89.71494,24.76957],[89.71494,24.76939],[89.71573,24.7692],[89.71572,24.76902],[89.71671,24.769],[89.71671,24.76918],[89.71691,24.76918],[89.7171,24.76881],[89.7173,24.76881],[89.71729,24.76863],[89.7169,24.76864],[89.71689,24.76828],[89.71669,24.76828],[89.71669,24.7681],[89.71748,24.7679],[89.71748,24.76808],[89.71768,24.76808],[89.71767,24.7679],[89.71787,24.7679],[89.71786,24.76754],[89.71707,24.76755],[89.71708,24.76773],[89.71668,24.76774],[89.71669,24.76792],[89.71649,24.76792],[89.7165,24.76828],[89.7161,24.76829],[89.71611,24.76847],[89.71591,24.76847],[89.7159,24.76829],[89.71531,24.7683],[89.71531,24.76848],[89.71512,24.76849],[89.71513,24.76885],[89.71453,24.76886],[89.71453,24.76868]],[[89.71454,24.76904],[89.71434,24.76904],[89.71433,24.76886],[89.71453,24.76886],[89.71454,24.76904]],[[89.71275,24.76889],[89.71256,24.7689],[89.71254,24.76835],[89.71274,24.76835],[89.71274,24.76817],[89.71294,24.76817],[89.71294,24.76835],[89.71333,24.76816],[89.71333,24.76834],[89.71373,24.76833],[89.71354,24.7687],[89.71334,24.7687],[89.71335,24.76888],[89.71315,24.76888],[89.71315,24.76907],[89.71276,24.76907],[89.71275,24.76889]],[[89.71196,24.76873],[89.71216,24.76872],[89.71216,24.7689],[89.71196,24.76891],[89.71196,24.76873]],[[89.71411,24.76742],[89.7143,24.76742],[89.71431,24.76778],[89.71392,24.76779],[89.71411,24.76742]]]}},{"type":"Feature","properties":{"kind":"land","ha":9.6},"geometry":{"type":"Polygon","coordinates":[[[89.72386,24.77068],[89.72385,24.77013],[89.72425,24.77013],[89.72424,24.76977],[89.72463,24.76976],[89.72463,24.76958],[89.72522,24.76957],[89.72523,24.76993],[89.72543,24.76993],[89.72542,24.76956],[89.72562,24.76956],[89.72562,24.76974],[89.72641,24.76973],[89.7266,24.76936],[89.7268,24.76936],[89.7268,24.76918],[89.72699,24.76917],[89.72699,24.76899],[89.72778,24.7688],[89.72777,24.76862],[89.72817,24.76861],[89.72816,24.76843],[89.72856,24.76842],[89.72874,24.7677],[89.72854,24.7677],[89.72855,24.76788],[89.72815,24.76789],[89.72816,24.76825],[89.72796,24.76825],[89.72797,24.76844],[89.72757,24.76844],[89.72736,24.76809],[89.72717,24.76809],[89.72716,24.76755],[89.72735,24.76754],[89.72735,24.76736],[89.72794,24.76735],[89.72794,24.76717],[89.72814,24.76717],[89.72813,24.76681],[89.72833,24.7668],[89.72832,24.76644],[89.72871,24.76626],[89.7287,24.76589],[89.7283,24.76572],[89.7283,24.76554],[89.7279,24.76555],[89.72771,24.76591],[89.72672,24.76593],[89.72673,24.76611],[89.72653,24.76611],[89.72655,24.76684],[89.72674,24.76683],[89.72675,24.76701],[89.72635,24.76702],[89.72635,24.76684],[89.72615,24.76684],[89.72616,24.76702],[89.72596,24.76703],[89.72597,24.76739],[89.72577,24.76739],[89.72577,24.76757],[89.72538,24.76758],[89.72538,24.76794],[89.72519,24.76794],[89.72519,24.76812],[89.72599,24.76829],[89.72619,24.76865],[89.72639,24.76864],[89.7264,24.76901],[89.72521,24.76885],[89.7252,24.76849],[89.72461,24.7685],[89.72461,24.76886],[89.72422,24.76904],[89.72423,24.76923],[89.72403,24.76923],[89.72404,24.76959],[89.72384,24.76959],[89.72384,24.76977],[89.72365,24.76978],[89.72367,24.77068],[89.72386,24.77068]]]}},{"type":"Feature","properties":{"kind":"land","ha":4.4},"geometry":{"type":"Polygon","coordinates":[[[89.73107,24.76567],[89.73126,24.76531],[89.73146,24.7653],[89.73145,24.76512],[89.73165,24.76512],[89.73164,24.76494],[89.73184,24.76494],[89.73184,24.76475],[89.73204,24.76475],[89.73203,24.76457],[89.73223,24.76457],[89.73223,24.76439],[89.73242,24.76438],[89.73242,24.7642],[89.73262,24.7642],[89.73261,24.76402],[89.73321,24.76401],[89.7332,24.76365],[89.7334,24.76364],[89.73338,24.7631],[89.73279,24.76311],[89.73278,24.76275],[89.73317,24.76256],[89.73317,24.76238],[89.73337,24.76238],[89.73336,24.76202],[89.73316,24.76202],[89.73317,24.7622],[89.73277,24.76221],[89.73278,24.76239],[89.73238,24.7624],[89.73219,24.76276],[89.73199,24.76277],[89.732,24.76295],[89.7316,24.76295],[89.73161,24.7635],[89.73181,24.76349],[89.73181,24.76367],[89.73162,24.76368],[89.73163,24.76404],[89.73123,24.76422],[89.73124,24.7644],[89.73104,24.76441],[89.73104,24.76459],[89.73085,24.76459],[89.73085,24.76495],[89.73046,24.76514],[89.73047,24.7655],[89.73067,24.7655],[89.73067,24.76568],[89.73107,24.76567]]]}},{"type":"Feature","properties":{"kind":"land","ha":42.2},"geometry":{"type":"Polygon","coordinates":[[[89.66198,24.76114],[89.66197,24.76078],[89.66276,24.76058],[89.66295,24.76022],[89.66315,24.76022],[89.66314,24.76004],[89.66334,24.76003],[89.66334,24.75985],[89.66353,24.75985],[89.66353,24.75967],[89.66393,24.75966],[89.66412,24.7593],[89.66451,24.75929],[89.6647,24.75893],[89.6651,24.75892],[89.66509,24.75874],[89.66549,24.75873],[89.66568,24.75837],[89.66587,24.75836],[89.66587,24.75818],[89.66607,24.75818],[89.66606,24.758],[89.66685,24.7578],[89.66685,24.75762],[89.66724,24.75762],[89.66743,24.75725],[89.66783,24.75725],[89.66802,24.75688],[89.66822,24.75688],[89.66821,24.7567],[89.66861,24.75669],[89.6686,24.75651],[89.66781,24.75652],[89.66782,24.7567],[89.66643,24.75673],[89.66644,24.75691],[89.66584,24.75692],[89.66585,24.7571],[89.66446,24.75712],[89.66446,24.75694],[89.66367,24.75696],[89.66367,24.75714],[89.66328,24.75715],[89.66328,24.75733],[89.66249,24.75734],[89.6623,24.7577],[89.66211,24.75771],[89.66211,24.75789],[89.66191,24.75789],[89.66192,24.75807],[89.66172,24.75808],[89.66172,24.75826],[89.66133,24.75826],[89.66114,24.75863],[89.66094,24.75863],[89.66094,24.75881],[89.66075,24.75882],[89.66075,24.759],[89.66055,24.759],[89.66056,24.75918],[89.66036,24.75918],[89.66036,24.75936],[89.66016,24.75937],[89.66017,24.75955],[89.65997,24.75955],[89.65997,24.75973],[89.65958,24.75974],[89.65939,24.7601],[89.65899,24.76011],[89.6588,24.76047],[89.65861,24.76048],[89.65861,24.76084],[89.65822,24.76103],[89.65823,24.76121],[89.65803,24.76121],[89.65803,24.76139],[89.65783,24.76139],[89.65784,24.76157],[89.65764,24.76158],[89.65765,24.76194],[89.65726,24.76213],[89.65726,24.76231],[89.65687,24.76231],[89.65687,24.76249],[89.65667,24.7625],[89.65668,24.76286],[89.65629,24.76305],[89.65629,24.76323],[89.6559,24.76323],[89.65552,24.76396],[89.65512,24.76397],[89.65493,24.76433],[89.65473,24.76434],[89.65474,24.76452],[89.65454,24.76452],[89.65455,24.76488],[89.65416,24.76507],[89.65416,24.76525],[89.65377,24.76526],[89.65358,24.76562],[89.65338,24.76562],[89.65339,24.76599],[89.65299,24.76617],[89.653,24.76635],[89.6528,24.76636],[89.6528,24.76654],[89.65241,24.76654],[89.65222,24.76691],[89.65202,24.76691],[89.65203,24.76709],[89.65183,24.7671],[89.65183,24.76728],[89.65163,24.76728],[89.65164,24.76764],[89.65144,24.76764],[89.65145,24.76782],[89.65105,24.76783],[89.65086,24.7682],[89.65067,24.7682],[89.65067,24.76838],[89.65047,24.76838],[89.65048,24.76856],[89.65028,24.76857],[89.65028,24.76875],[89.65008,24.76875],[89.65009,24.76911],[89.6497,24.7693],[89.6497,24.76948],[89.64951,24.76948],[89.64951,24.76966],[89.64931,24.76967],[89.64932,24.76985],[89.64912,24.76985],[89.64912,24.77003],[89.64893,24.77004],[89.64893,24.77022],[89.64873,24.77022],[89.64874,24.7704],[89.64854,24.7704],[89.64854,24.77058],[89.64834,24.77059],[89.64835,24.77077],[89.64815,24.77077],[89.64815,24.77095],[89.64796,24.77096],[89.64796,24.77114],[89.64776,24.77114],[89.64777,24.77132],[89.64757,24.77132],[89.64739,24.77205],[89.64699,24.77224],[89.647,24.77242],[89.6468,24.77242],[89.6468,24.7726],[89.64661,24.7726],[89.64661,24.77278],[89.64641,24.77279],[89.64642,24.77315],[89.64603,24.77334],[89.64604,24.7737],[89.64565,24.77388],[89.64565,24.77406],[89.64605,24.77406],[89.64624,24.77369],[89.64643,24.77369],[89.64643,24.77333],[89.64682,24.77314],[89.64681,24.77296],[89.64701,24.77296],[89.647,24.7726],[89.64739,24.77241],[89.64739,24.77223],[89.64759,24.77223],[89.64758,24.77204],[89.64778,24.77204],[89.64778,24.77186],[89.64798,24.77186],[89.64797,24.77168],[89.64817,24.77167],[89.64817,24.77149],[89.64836,24.77149],[89.64836,24.77131],[89.64856,24.77131],[89.64855,24.77113],[89.64875,24.77112],[89.64875,24.77094],[89.64894,24.77094],[89.64894,24.77076],[89.64914,24.77075],[89.64913,24.77057],[89.64933,24.77057],[89.64933,24.77039],[89.64953,24.77039],[89.64952,24.77021],[89.64972,24.7702],[89.64971,24.76984],[89.65011,24.76983],[89.6503,24.76947],[89.65049,24.76947],[89.65049,24.76929],[89.65069,24.76928],[89.65068,24.7691],[89.65088,24.7691],[89.65088,24.76892],[89.65108,24.76891],[89.65107,24.76873],[89.65127,24.76873],[89.65127,24.76855],[89.65166,24.76854],[89.65185,24.76818],[89.65205,24.76818],[89.65204,24.76799],[89.65224,24.76799],[89.65224,24.76781],[89.65263,24.7678],[89.65282,24.76744],[89.65302,24.76744],[89.65302,24.76726],[89.65322,24.76725],[89.65321,24.76707],[89.65361,24.76706],[89.6538,24.7667],[89.65419,24.76669],[89.65438,24.76633],[89.65478,24.76632],[89.65497,24.76596],[89.65516,24.76595],[89.65516,24.76577],[89.65536,24.76577],[89.65535,24.76559],[89.65555,24.76559],[89.65555,24.76541],[89.65575,24.7654],[89.65574,24.76522],[89.65594,24.76522],[89.65594,24.76504],[89.65672,24.76484],[89.65672,24.76466],[89.65711,24.76466],[89.6573,24.76429],[89.6575,24.76429],[89.6575,24.76411],[89.65769,24.7641],[89.65769,24.76392],[89.65848,24.76373],[89.65867,24.76336],[89.65906,24.76336],[89.65925,24.76299],[89.65945,24.76299],[89.65945,24.76281],[89.65964,24.76281],[89.65964,24.76263],[89.66004,24.76262],[89.66023,24.76225],[89.66042,24.76225],[89.66042,24.76207],[89.66062,24.76207],[89.66061,24.76189],[89.66081,24.76188],[89.66081,24.7617],[89.661,24.7617],[89.661,24.76152],[89.6614,24.76151],[89.66159,24.76115],[89.66198,24.76114]],[[89.66139,24.76115],[89.66138,24.76097],[89.66158,24.76097],[89.66159,24.76115],[89.66139,24.76115]],[[89.66176,24.75988],[89.66215,24.75987],[89.66196,24.76024],[89.66176,24.76024],[89.66176,24.75988]]]}},{"type":"Feature","properties":{"kind":"land","ha":8.4},"geometry":{"type":"Polygon","coordinates":[[[89.61775,24.76372],[89.61774,24.763],[89.61754,24.76301],[89.61753,24.76265],[89.61734,24.76265],[89.61733,24.76229],[89.61753,24.76228],[89.61752,24.7621],[89.61733,24.76211],[89.61732,24.76175],[89.61712,24.76175],[89.6171,24.76085],[89.61671,24.76085],[89.61669,24.76013],[89.61748,24.75994],[89.61768,24.7603],[89.61808,24.76029],[89.61806,24.75957],[89.61787,24.75957],[89.61785,24.75903],[89.61766,24.75903],[89.61765,24.75885],[89.61706,24.75886],[89.61705,24.7585],[89.61765,24.75849],[89.61764,24.75831],[89.61784,24.75831],[89.61783,24.75777],[89.61822,24.75758],[89.61801,24.75722],[89.61782,24.75723],[89.61779,24.75614],[89.6176,24.75615],[89.61761,24.75669],[89.61741,24.75669],[89.61723,24.75742],[89.61684,24.7576],[89.61684,24.75778],[89.61644,24.75761],[89.61644,24.75743],[89.61545,24.75745],[89.61546,24.75799],[89.61566,24.75799],[89.61567,24.75835],[89.61606,24.75852],[89.61607,24.75888],[89.61647,24.75887],[89.61648,24.7596],[89.61628,24.7596],[89.6163,24.76014],[89.6161,24.76014],[89.61611,24.76068],[89.61631,24.76068],[89.61632,24.7614],[89.61652,24.7614],[89.61654,24.7623],[89.61674,24.7623],[89.61674,24.76266],[89.61694,24.76266],[89.61696,24.76338],[89.61735,24.76337],[89.61756,24.76373],[89.61775,24.76372]]]}},{"type":"Feature","properties":{"kind":"land","ha":34.7},"geometry":{"type":"Polygon","coordinates":[[[89.73217,24.75302],[89.73217,24.75284],[89.73237,24.75283],[89.73235,24.75211],[89.73215,24.75211],[89.73215,24.75175],[89.73195,24.75176],[89.73195,24.75158],[89.73096,24.75159],[89.73096,24.75178],[89.73057,24.75178],[89.73056,24.7516],[89.73017,24.75161],[89.73016,24.75143],[89.72977,24.75144],[89.72976,24.75126],[89.72957,24.75126],[89.72955,24.75054],[89.72975,24.75053],[89.72973,24.74981],[89.72954,24.74982],[89.72954,24.75018],[89.72935,24.75018],[89.72937,24.75126],[89.72917,24.75127],[89.72918,24.75163],[89.72898,24.75163],[89.7292,24.75271],[89.72901,24.75271],[89.72901,24.75307],[89.72882,24.75308],[89.72884,24.75398],[89.72864,24.75398],[89.72865,24.75434],[89.72845,24.75435],[89.72845,24.75453],[89.72825,24.75453],[89.72827,24.75543],[89.72788,24.75562],[89.72789,24.75616],[89.7277,24.75617],[89.72771,24.75653],[89.72751,24.75653],[89.72752,24.75725],[89.72713,24.75744],[89.72714,24.7578],[89.72694,24.7578],[89.72695,24.75799],[89.72655,24.75799],[89.72656,24.75817],[89.72636,24.75818],[89.72637,24.75854],[89.72617,24.75854],[89.72617,24.75872],[89.72538,24.75874],[89.72537,24.75837],[89.72576,24.75819],[89.72575,24.75728],[89.72535,24.75747],[89.72537,24.75819],[89.72517,24.7582],[89.72518,24.75856],[89.72498,24.75856],[89.72499,24.75892],[89.7246,24.75911],[89.7246,24.75929],[89.72441,24.75929],[89.72441,24.75966],[89.72402,24.75984],[89.72403,24.76002],[89.72383,24.76003],[89.72383,24.76021],[89.72363,24.76021],[89.72364,24.76039],[89.72403,24.76038],[89.72404,24.76056],[89.72443,24.76056],[89.72444,24.7611],[89.72405,24.76111],[89.72386,24.76147],[89.72366,24.76147],[89.72367,24.76165],[89.72327,24.76166],[89.72327,24.76184],[89.72268,24.76185],[89.72269,24.76203],[89.72249,24.76204],[89.7225,24.7624],[89.72211,24.76259],[89.72192,24.76331],[89.72173,24.76331],[89.72173,24.76368],[89.72154,24.76368],[89.72154,24.76404],[89.72115,24.76423],[89.72116,24.76459],[89.72077,24.76478],[89.72077,24.76496],[89.72058,24.76496],[89.72058,24.76514],[89.72038,24.76514],[89.72039,24.76532],[89.72019,24.76533],[89.72019,24.76551],[89.71999,24.76551],[89.72001,24.76605],[89.71961,24.76624],[89.71962,24.76642],[89.72001,24.76641],[89.7202,24.76605],[89.7204,24.76605],[89.7204,24.76587],[89.7206,24.76586],[89.72059,24.76568],[89.72079,24.76568],[89.72078,24.7655],[89.72098,24.76549],[89.72098,24.76531],[89.72118,24.76531],[89.72117,24.76513],[89.72137,24.76513],[89.72137,24.76495],[89.72156,24.76494],[89.72156,24.76476],[89.72176,24.76476],[89.72175,24.76458],[89.72195,24.76457],[89.72195,24.76439],[89.72234,24.76439],[89.72253,24.76402],[89.72273,24.76402],[89.72273,24.76384],[89.72292,24.76383],[89.72292,24.76347],[89.72311,24.76347],[89.72311,24.76329],[89.7235,24.76328],[89.72369,24.76292],[89.72389,24.76291],[89.72389,24.76273],[89.72408,24.76273],[89.72408,24.76255],[89.72428,24.76255],[89.72427,24.76237],[89.72447,24.76236],[89.72447,24.76218],[89.72467,24.76218],[89.72466,24.762],[89.72486,24.76199],[89.72486,24.76181],[89.72505,24.76181],[89.72505,24.76163],[89.72525,24.76163],[89.72524,24.76145],[89.72544,24.76144],[89.72544,24.76126],[89.72563,24.76126],[89.72562,24.76072],[89.72601,24.76053],[89.72601,24.76035],[89.72621,24.76034],[89.7262,24.75998],[89.72679,24.75997],[89.7268,24.76015],[89.72719,24.76015],[89.72717,24.75906],[89.72756,24.75888],[89.72755,24.7587],[89.72795,24.75869],[89.72795,24.75887],[89.72776,24.75887],[89.72776,24.75923],[89.72757,24.75924],[89.72758,24.75978],[89.72797,24.75959],[89.72797,24.75941],[89.72816,24.75941],[89.72814,24.75814],[89.72853,24.75814],[89.72853,24.75832],[89.72933,24.7583],[89.72932,24.75812],[89.72952,24.75812],[89.7295,24.7574],[89.7297,24.75739],[89.72968,24.75649],[89.72988,24.75649],[89.72986,24.75577],[89.73025,24.75558],[89.73025,24.7554],[89.73045,24.75539],[89.73044,24.75521],[89.73064,24.75521],[89.73082,24.75449],[89.73201,24.75446],[89.7322,24.7541],[89.7324,24.7541],[89.73239,24.75391],[89.7314,24.75393],[89.73159,24.75321],[89.73198,24.7532],[89.73198,24.75302],[89.73217,24.75302]],[[89.73138,24.75303],[89.73137,24.75249],[89.73176,24.7523],[89.73176,24.75212],[89.73196,24.75212],[89.73198,24.75302],[89.73138,24.75303]],[[89.72657,24.75871],[89.72676,24.75871],[89.72676,24.75853],[89.72735,24.75852],[89.72697,24.75925],[89.72658,24.75926],[89.72657,24.75871]],[[89.72793,24.75779],[89.72813,24.75778],[89.72813,24.75796],[89.72793,24.75797],[89.72793,24.75779]],[[89.7306,24.75341],[89.73119,24.7534],[89.73119,24.75321],[89.73139,24.75321],[89.7314,24.75357],[89.7312,24.75358],[89.7312,24.75376],[89.73061,24.75377],[89.7306,24.75341]]]}},{"type":"Feature","properties":{"kind":"land","ha":4.1},"geometry":{"type":"Polygon","coordinates":[[[89.61554,24.75257],[89.61554,24.75221],[89.61593,24.75202],[89.61592,24.75184],[89.61612,24.75184],[89.61612,24.75166],[89.61632,24.75166],[89.61631,24.75148],[89.61651,24.75147],[89.6165,24.75093],[89.6167,24.75093],[89.61669,24.75075],[89.61689,24.75074],[89.6169,24.7511],[89.6167,24.75111],[89.61671,24.75147],[89.6169,24.75147],[89.6169,24.75128],[89.61749,24.75127],[89.61749,24.75091],[89.61768,24.75091],[89.61771,24.75217],[89.61791,24.75217],[89.6179,24.75163],[89.61829,24.75144],[89.61828,24.75126],[89.61848,24.75126],[89.61847,24.7509],[89.61788,24.75091],[89.61768,24.75055],[89.61748,24.75055],[89.61747,24.75037],[89.61728,24.75038],[89.61727,24.7502],[89.61668,24.75021],[89.61668,24.75039],[89.61629,24.75039],[89.61629,24.75057],[89.6159,24.75058],[89.6159,24.75076],[89.61531,24.75077],[89.61531,24.75095],[89.61492,24.75096],[89.61493,24.7515],[89.61513,24.7515],[89.61513,24.75186],[89.61494,24.75186],[89.61494,24.75222],[89.61514,24.75222],[89.61515,24.75258],[89.61554,24.75257]]]}},{"type":"Feature","properties":{"kind":"land","ha":11.6},"geometry":{"type":"Polygon","coordinates":[[[89.67779,24.75183],[89.67798,24.75147],[89.67897,24.75145],[89.67897,24.75127],[89.68015,24.75125],[89.68014,24.75089],[89.67975,24.75071],[89.67974,24.75053],[89.67895,24.75055],[89.67895,24.75037],[89.67855,24.75038],[89.67855,24.75019],[89.67835,24.7502],[89.67835,24.75038],[89.67697,24.7504],[89.67677,24.75005],[89.67657,24.75005],[89.67656,24.74987],[89.67577,24.7497],[89.67577,24.74952],[89.67537,24.74953],[89.67517,24.74917],[89.67497,24.74918],[89.67496,24.749],[89.67437,24.74901],[89.67418,24.74937],[89.67398,24.74937],[89.67399,24.74955],[89.67379,24.74956],[89.6738,24.74992],[89.6736,24.74992],[89.6736,24.7501],[89.67321,24.74993],[89.6732,24.74957],[89.67261,24.74958],[89.67262,24.7503],[89.67242,24.7503],[89.67243,24.75067],[89.67302,24.75065],[89.67302,24.75047],[89.67322,24.75047],[89.67322,24.75065],[89.67362,24.75064],[89.67362,24.75082],[89.67441,24.75081],[89.67442,24.75117],[89.67422,24.75117],[89.67423,24.75172],[89.67502,24.7517],[89.67502,24.75152],[89.67561,24.75151],[89.67561,24.75133],[89.676,24.75132],[89.676,24.75114],[89.6762,24.75114],[89.6764,24.7515],[89.6766,24.75149],[89.6766,24.75167],[89.6772,24.75166],[89.6772,24.75184],[89.67779,24.75183]]]}},{"type":"Feature","properties":{"kind":"land","ha":7.0},"geometry":{"type":"Polygon","coordinates":[[[89.69808,24.74858],[89.69807,24.74822],[89.69767,24.74805],[89.69767,24.74787],[89.69747,24.74787],[89.69747,24.74769],[89.69707,24.7477],[89.69707,24.74752],[89.69668,24.74752],[89.69667,24.74734],[89.69647,24.74735],[89.69647,24.74699],[89.69627,24.74699],[89.69626,24.74645],[89.69586,24.74627],[89.69585,24.74609],[89.69566,24.7461],[89.69565,24.74592],[89.69545,24.74592],[89.69545,24.74574],[89.69525,24.74574],[89.69525,24.74556],[89.69505,24.74557],[89.69505,24.74539],[89.69446,24.7454],[89.69446,24.74558],[89.69406,24.74558],[89.69387,24.74595],[89.69368,24.74595],[89.69368,24.74613],[89.69329,24.74614],[89.69329,24.74632],[89.6927,24.74633],[89.69269,24.74615],[89.6923,24.74616],[89.6923,24.74634],[89.6921,24.74634],[89.69212,24.74706],[89.69232,24.74706],[89.69231,24.7467],[89.69251,24.7467],[89.6925,24.74652],[89.6929,24.74651],[89.6931,24.74687],[89.6933,24.74686],[89.6933,24.74704],[89.6937,24.74704],[89.69391,24.74739],[89.6941,24.74739],[89.69411,24.74757],[89.6947,24.74756],[89.6947,24.74738],[89.69509,24.74737],[89.69509,24.74755],[89.69608,24.74753],[89.69609,24.74771],[89.69668,24.7477],[89.69688,24.74806],[89.69708,24.74806],[89.69709,24.74824],[89.69728,24.74823],[89.69729,24.74841],[89.69748,24.74841],[89.69749,24.74859],[89.69808,24.74858]]]}},{"type":"Feature","properties":{"kind":"land","ha":82.1},"geometry":{"type":"Polygon","coordinates":[[[89.69584,24.75458],[89.69584,24.7544],[89.69623,24.75439],[89.69623,24.75421],[89.69702,24.7542],[89.69701,24.75401],[89.69859,24.75399],[89.69859,24.75381],[89.69879,24.7538],[89.69877,24.75308],[89.69897,24.75308],[89.69896,24.75272],[89.69916,24.75271],[89.69915,24.75235],[89.69935,24.75235],[89.69934,24.75199],[89.69954,24.75198],[89.69953,24.75144],[89.69992,24.75144],[89.69993,24.7518],[89.69973,24.7518],[89.69974,24.75198],[89.69993,24.75198],[89.69994,24.75216],[89.69974,24.75216],[89.69975,24.75252],[89.69995,24.75252],[89.69995,24.7527],[89.69956,24.75289],[89.69955,24.75271],[89.69936,24.75271],[89.69919,24.75416],[89.69998,24.75414],[89.69998,24.75396],[89.70235,24.75392],[89.70234,24.75374],[89.70491,24.75369],[89.70491,24.75351],[89.7055,24.7535],[89.7055,24.75332],[89.70609,24.75331],[89.70609,24.75313],[89.70707,24.75311],[89.70707,24.75293],[89.70766,24.75292],[89.70766,24.75274],[89.70805,24.75273],[89.70805,24.75255],[89.70845,24.75255],[89.70844,24.75236],[89.70884,24.75236],[89.70903,24.75199],[89.70922,24.75199],[89.70922,24.75181],[89.70942,24.75181],[89.70941,24.75163],[89.70961,24.75162],[89.70961,24.75144],[89.7098,24.75144],[89.7098,24.75126],[89.71,24.75125],[89.71018,24.75053],[89.71057,24.75034],[89.71057,24.75016],[89.71077,24.75016],[89.71076,24.74998],[89.71096,24.74997],[89.71096,24.74979],[89.71115,24.74979],[89.71115,24.74961],[89.71135,24.7496],[89.71134,24.74942],[89.71174,24.74942],[89.71193,24.74905],[89.71232,24.74905],[89.71251,24.74868],[89.71271,24.74868],[89.71271,24.7485],[89.7129,24.74849],[89.7129,24.74831],[89.7131,24.74831],[89.71309,24.74813],[89.71329,24.74813],[89.71328,24.74758],[89.71367,24.74758],[89.71368,24.74776],[89.71388,24.74775],[89.71387,24.74739],[89.71426,24.74721],[89.71426,24.74702],[89.71445,24.74702],[89.71445,24.74684],[89.71465,24.74684],[89.71464,24.74666],[89.71484,24.74665],[89.71484,24.74647],[89.71523,24.74647],[89.71542,24.7461],[89.71562,24.7461],[89.71561,24.74592],[89.71601,24.74591],[89.7162,24.74555],[89.7164,24.74554],[89.71639,24.74536],[89.71659,24.74536],[89.71659,24.74518],[89.71678,24.74517],[89.71678,24.74499],[89.71698,24.74499],[89.71697,24.74481],[89.71717,24.74481],[89.71735,24.74408],[89.71696,24.74427],[89.71697,24.74445],[89.71657,24.74446],[89.71638,24.74482],[89.71599,24.74483],[89.7158,24.74519],[89.7156,24.7452],[89.7156,24.74538],[89.71521,24.74538],[89.71502,24.74575],[89.71482,24.74575],[89.71482,24.74593],[89.71443,24.74594],[89.71443,24.74612],[89.71384,24.74613],[89.71384,24.74631],[89.71345,24.74632],[89.71345,24.7465],[89.71306,24.74651],[89.71306,24.74669],[89.71247,24.7467],[89.71247,24.74688],[89.71188,24.74689],[89.71188,24.74707],[89.71129,24.74708],[89.7113,24.74726],[89.7109,24.74727],[89.7109,24.74745],[89.71051,24.74745],[89.71032,24.74782],[89.70953,24.74801],[89.70954,24.74819],[89.70914,24.7482],[89.70915,24.74838],[89.70875,24.74839],[89.70875,24.74857],[89.70836,24.74858],[89.70836,24.74876],[89.70777,24.74877],[89.70777,24.74895],[89.70738,24.74895],[89.70738,24.74913],[89.70659,24.74915],[89.7066,24.74933],[89.706,24.74934],[89.70601,24.74952],[89.70561,24.74953],[89.70562,24.74971],[89.70522,24.74972],[89.70523,24.7499],[89.70483,24.7499],[89.70484,24.75044],[89.70425,24.75045],[89.70424,24.75009],[89.70404,24.7501],[89.70405,24.75028],[89.70346,24.75029],[89.70346,24.75047],[89.70287,24.75048],[89.70287,24.75066],[89.70248,24.75067],[89.70248,24.75085],[89.7011,24.75087],[89.7011,24.75105],[89.70051,24.75106],[89.70051,24.75124],[89.69913,24.75127],[89.69913,24.75145],[89.69854,24.75146],[89.69854,24.75164],[89.69756,24.75166],[89.69756,24.75184],[89.69637,24.75186],[89.69638,24.75204],[89.6948,24.75207],[89.6948,24.75225],[89.69263,24.75229],[89.69263,24.75247],[89.69085,24.7525],[89.69085,24.75232],[89.68986,24.75234],[89.68986,24.75216],[89.68788,24.75219],[89.68788,24.75201],[89.68669,24.75203],[89.68669,24.75185],[89.6853,24.75188],[89.6853,24.7517],[89.68273,24.75174],[89.68274,24.75192],[89.68214,24.75194],[89.68215,24.75212],[89.68136,24.75213],[89.68136,24.75231],[89.68077,24.75232],[89.68077,24.7525],[89.67978,24.75252],[89.67979,24.7527],[89.6792,24.75271],[89.6792,24.75289],[89.67861,24.7529],[89.67861,24.75308],[89.67999,24.75306],[89.67999,24.75288],[89.68038,24.75287],[89.68038,24.75269],[89.68315,24.75282],[89.68315,24.75264],[89.68532,24.7526],[89.68532,24.75242],[89.68551,24.75242],[89.68552,24.7526],[89.68749,24.75256],[89.6875,24.75274],[89.68829,24.75273],[89.68829,24.75291],[89.68869,24.7529],[89.68869,24.75308],[89.68928,24.75307],[89.68929,24.75325],[89.68988,24.75324],[89.68988,24.75342],[89.69048,24.75341],[89.69048,24.75359],[89.69088,24.75358],[89.69088,24.75376],[89.69108,24.75376],[89.69108,24.75394],[89.69148,24.75393],[89.69148,24.75411],[89.69227,24.7541],[89.69248,24.75446],[89.69307,24.75445],[89.69307,24.75463],[89.69584,24.75458]],[[89.69581,24.75313],[89.6962,24.75313],[89.69621,24.75331],[89.69581,24.75331],[89.69581,24.75313]],[[89.69758,24.75292],[89.69798,24.75291],[89.69779,24.75328],[89.69759,24.75328],[89.69758,24.75292]],[[89.7027,24.75175],[89.7025,24.75175],[89.70249,24.75139],[89.70269,24.75139],[89.70269,24.75157],[89.70309,24.75156],[89.7029,24.75192],[89.7027,24.75193],[89.7027,24.75175]],[[89.7011,24.75123],[89.7013,24.75123],[89.70131,24.75159],[89.70111,24.75159],[89.7011,24.75123]],[[89.70995,24.74909],[89.71035,24.74908],[89.71035,24.74944],[89.70996,24.74945],[89.70995,24.74909]]]}},{"type":"Feature","properties":{"kind":"land","ha":11.2},"geometry":{"type":"Polygon","coordinates":[[[89.62465,24.75332],[89.62465,24.75313],[89.62385,24.75279],[89.62382,24.75134],[89.62362,24.75135],[89.62362,24.75099],[89.62342,24.75099],[89.62341,24.75063],[89.62321,24.75063],[89.62319,24.74937],[89.62279,24.7492],[89.62278,24.74865],[89.62317,24.74847],[89.62316,24.74811],[89.62336,24.7481],[89.62335,24.74792],[89.62355,24.74792],[89.62373,24.74719],[89.62412,24.74701],[89.62412,24.74683],[89.62432,24.74682],[89.62431,24.74664],[89.62451,24.74664],[89.6245,24.74628],[89.6247,24.74627],[89.6247,24.74609],[89.62529,24.74608],[89.62529,24.7459],[89.62509,24.74591],[89.62506,24.74464],[89.62467,24.74483],[89.62469,24.74555],[89.6243,24.74574],[89.6243,24.7461],[89.62391,24.74629],[89.62392,24.74647],[89.62372,24.74647],[89.62373,24.74683],[89.62333,24.74702],[89.62334,24.7472],[89.62294,24.74721],[89.62295,24.74739],[89.62275,24.74739],[89.62276,24.74793],[89.62237,24.74812],[89.62237,24.7483],[89.62218,24.7483],[89.62218,24.74848],[89.62198,24.74849],[89.62199,24.74867],[89.62179,24.74867],[89.62179,24.74885],[89.6214,24.74886],[89.6214,24.74904],[89.6216,24.74904],[89.62161,24.7494],[89.62141,24.7494],[89.62142,24.74976],[89.62181,24.74994],[89.62182,24.7503],[89.62162,24.7503],[89.62163,24.75066],[89.62143,24.75066],[89.62144,24.75102],[89.62124,24.75103],[89.62124,24.75085],[89.62085,24.75085],[89.62105,24.75121],[89.62125,24.75121],[89.62126,24.75157],[89.62066,24.75158],[89.62067,24.75176],[89.62146,24.75193],[89.62167,24.75228],[89.62206,24.75228],[89.62206,24.75246],[89.62226,24.75245],[89.62223,24.75101],[89.62243,24.75101],[89.62243,24.75119],[89.62263,24.75118],[89.62265,24.75227],[89.62305,24.75244],[89.62306,24.7528],[89.62346,24.75279],[89.62366,24.75315],[89.62386,24.75315],[89.62386,24.75333],[89.62465,24.75332]]]}},{"type":"Feature","properties":{"kind":"land","ha":6.5},"geometry":{"type":"Polygon","coordinates":[[[89.73122,24.74563],[89.73122,24.74545],[89.73142,24.74545],[89.73141,24.74527],[89.73161,24.74527],[89.73161,24.74509],[89.732,24.74526],[89.73238,24.74453],[89.73258,24.74453],[89.73259,24.74489],[89.73279,24.74488],[89.73279,24.74506],[89.73319,24.74506],[89.73318,24.74488],[89.73338,24.74487],[89.73337,24.74451],[89.73357,24.74451],[89.73357,24.74433],[89.73337,24.74433],[89.73336,24.74379],[89.73316,24.74379],[89.73314,24.74307],[89.73295,24.74308],[89.73294,24.74271],[89.73274,24.74272],[89.73273,24.74236],[89.73253,24.74236],[89.73253,24.742],[89.73233,24.742],[89.73232,24.74164],[89.73192,24.74147],[89.73192,24.74129],[89.73172,24.74129],[89.7317,24.74057],[89.73151,24.74057],[89.7315,24.74021],[89.7311,24.74022],[89.73132,24.74094],[89.73152,24.74094],[89.73152,24.74112],[89.73132,24.74112],[89.73133,24.74148],[89.73153,24.74148],[89.73154,24.74202],[89.73174,24.74201],[89.73174,24.74238],[89.73194,24.74237],[89.73195,24.74255],[89.73234,24.74236],[89.73236,24.74327],[89.73176,24.74328],[89.73177,24.74346],[89.73157,24.74346],[89.73158,24.744],[89.73178,24.744],[89.73179,24.74436],[89.73159,24.74436],[89.73159,24.74454],[89.7312,24.74455],[89.73119,24.74401],[89.73099,24.74401],[89.73098,24.74365],[89.73059,24.74384],[89.7306,24.7442],[89.7308,24.7442],[89.7308,24.74438],[89.7306,24.74438],[89.73062,24.74528],[89.73082,24.74528],[89.73083,24.74582],[89.73122,24.74563]],[[89.73277,24.74398],[89.73297,24.74398],[89.73297,24.74434],[89.73278,24.74434],[89.73277,24.74398]]]}},{"type":"Feature","properties":{"kind":"land","ha":6.1},"geometry":{"type":"Polygon","coordinates":[[[89.61997,24.7469],[89.61996,24.74636],[89.62035,24.74617],[89.62034,24.74581],[89.62074,24.74562],[89.62073,24.74544],[89.62093,24.74544],[89.62091,24.74472],[89.62032,24.74473],[89.62012,24.74437],[89.6209,24.74399],[89.62068,24.74292],[89.62088,24.74291],[89.62087,24.74273],[89.62127,24.74272],[89.62125,24.742],[89.62105,24.74201],[89.62106,24.74219],[89.62047,24.7422],[89.62046,24.74202],[89.62026,24.74202],[89.62027,24.74238],[89.61988,24.74239],[89.61988,24.74275],[89.61969,24.74275],[89.61971,24.74383],[89.61991,24.74383],[89.61992,24.74455],[89.61972,24.74456],[89.61974,24.7451],[89.61934,24.74529],[89.61935,24.74547],[89.61915,24.74547],[89.61915,24.74565],[89.61896,24.74565],[89.61877,24.74638],[89.61858,24.74638],[89.61858,24.74674],[89.61898,24.74674],[89.61898,24.74692],[89.61997,24.7469]]]}},{"type":"Feature","properties":{"kind":"land","ha":30.0},"geometry":{"type":"Polygon","coordinates":[[[89.70611,24.74519],[89.7063,24.74482],[89.7065,24.74482],[89.7065,24.74464],[89.70669,24.74463],[89.70668,24.74391],[89.70707,24.74373],[89.70706,24.74355],[89.70785,24.74353],[89.70785,24.74335],[89.70825,24.74334],[89.70824,24.74316],[89.70844,24.74316],[89.70844,24.74298],[89.70883,24.74297],[89.70882,24.74243],[89.70842,24.74226],[89.70841,24.7419],[89.70861,24.74189],[89.70861,24.74171],[89.7094,24.7417],[89.70939,24.74152],[89.70919,24.74152],[89.70919,24.74116],[89.70938,24.74116],[89.70938,24.7408],[89.70977,24.74061],[89.70976,24.74043],[89.70996,24.74042],[89.70996,24.74024],[89.71015,24.74024],[89.71015,24.74006],[89.71055,24.74005],[89.71074,24.73969],[89.71093,24.73968],[89.71093,24.73932],[89.70994,24.73934],[89.70995,24.73988],[89.70956,24.74007],[89.70956,24.74025],[89.70917,24.74026],[89.70898,24.74062],[89.70878,24.74063],[89.70878,24.74081],[89.70819,24.74082],[89.70818,24.74046],[89.70661,24.74067],[89.70662,24.74121],[89.70642,24.74121],[89.70643,24.74157],[89.70663,24.74157],[89.70662,24.74139],[89.70801,24.74136],[89.70801,24.74154],[89.70821,24.74154],[89.70821,24.7419],[89.70782,24.74209],[89.70783,24.74227],[89.70763,24.74227],[89.70763,24.74245],[89.70744,24.74246],[89.70744,24.74264],[89.70724,24.74264],[89.70725,24.74282],[89.70606,24.74284],[89.70587,24.74321],[89.70567,24.74321],[89.70568,24.74339],[89.70548,24.74339],[89.70548,24.74357],[89.70529,24.74358],[89.70529,24.74394],[89.7051,24.74394],[89.7051,24.74412],[89.70471,24.74413],[89.7045,24.74377],[89.7047,24.74377],[89.70469,24.74359],[89.70509,24.74358],[89.70508,24.74322],[89.70528,24.74322],[89.70526,24.74249],[89.70507,24.7425],[89.70507,24.74268],[89.70428,24.74269],[89.70428,24.74251],[89.70447,24.74251],[89.70447,24.74233],[89.70486,24.74232],[89.70505,24.74196],[89.70446,24.74197],[89.70446,24.74215],[89.70407,24.74216],[89.70386,24.7418],[89.70307,24.74181],[89.70308,24.74199],[89.70249,24.742],[89.70249,24.74218],[89.70288,24.74218],[89.70269,24.74254],[89.7021,24.74255],[89.70211,24.74273],[89.70171,24.74274],[89.70171,24.74292],[89.70073,24.74294],[89.70072,24.74276],[89.70132,24.74275],[89.70131,24.74239],[89.7019,24.74237],[89.7019,24.74219],[89.7017,24.7422],[89.70169,24.74184],[89.7013,24.74184],[89.70129,24.74166],[89.7007,24.74167],[89.7007,24.74149],[89.7003,24.7415],[89.70009,24.74114],[89.6993,24.74098],[89.6993,24.7408],[89.69831,24.74082],[89.69831,24.741],[89.69851,24.74099],[89.69853,24.74189],[89.69754,24.74191],[89.69735,24.74228],[89.69775,24.74227],[89.69775,24.74245],[89.69834,24.74244],[89.69853,24.74207],[89.69873,24.74207],[89.69873,24.74189],[89.69932,24.74188],[89.69932,24.7417],[89.69991,24.74169],[89.69991,24.74187],[89.70011,24.74187],[89.70012,24.74223],[89.69972,24.74223],[89.69973,24.74241],[89.69992,24.74241],[89.69994,24.74331],[89.70014,24.74331],[89.70016,24.74421],[89.70056,24.7442],[89.70056,24.74438],[89.70115,24.74437],[89.70136,24.74473],[89.70156,24.74473],[89.70137,24.74509],[89.70117,24.7451],[89.70117,24.74528],[89.70097,24.74528],[89.70098,24.74564],[89.70138,24.74581],[89.70159,24.74653],[89.70179,24.74653],[89.70178,24.74581],[89.70197,24.7458],[89.70197,24.74562],[89.70237,24.74562],[89.70237,24.7458],[89.70257,24.74579],[89.70257,24.74615],[89.70317,24.74614],[89.70316,24.74596],[89.70356,24.74595],[89.70356,24.74577],[89.70395,24.74577],[89.70395,24.74559],[89.70434,24.74558],[89.70434,24.7454],[89.70473,24.74539],[89.70473,24.74521],[89.70611,24.74519]],[[89.70355,24.74541],[89.70354,24.74487],[89.70472,24.74485],[89.70473,24.74521],[89.70355,24.74541]],[[89.70134,24.74401],[89.70174,24.744],[89.70174,24.74418],[89.70194,24.74418],[89.70194,24.74436],[89.70135,24.74437],[89.70134,24.74401]],[[89.70031,24.74204],[89.70071,24.74204],[89.70071,24.74222],[89.70032,24.74222],[89.70031,24.74204]]]}},{"type":"Feature","properties":{"kind":"land","ha":24.7},"geometry":{"type":"Polygon","coordinates":[[[89.73775,24.75472],[89.73774,24.75436],[89.73794,24.75436],[89.73793,24.75399],[89.73813,24.75399],[89.73811,24.75345],[89.73831,24.75345],[89.7383,24.75308],[89.7385,24.75308],[89.73849,24.75236],[89.73868,24.75236],[89.73867,24.752],[89.73887,24.75199],[89.73886,24.75163],[89.73906,24.75163],[89.73905,24.75109],[89.73925,24.75108],[89.73924,24.75072],[89.73944,24.75072],[89.73943,24.75054],[89.73963,24.75053],[89.73962,24.75017],[89.73982,24.75017],[89.73981,24.74981],[89.73942,24.75],[89.73941,24.74927],[89.73921,24.74928],[89.7392,24.7491],[89.7396,24.74891],[89.7396,24.74909],[89.7398,24.74909],[89.7398,24.74945],[89.73961,24.74945],[89.73961,24.74963],[89.74001,24.74962],[89.74,24.74926],[89.7402,24.74926],[89.74018,24.74872],[89.74038,24.74872],[89.74037,24.74817],[89.74057,24.74817],[89.74056,24.74763],[89.74075,24.74763],[89.74074,24.7469],[89.74093,24.7469],[89.74091,24.74564],[89.7411,24.74563],[89.7411,24.74527],[89.7409,24.74528],[89.74082,24.74167],[89.74062,24.74167],[89.74061,24.74131],[89.74042,24.74131],[89.7404,24.74059],[89.7402,24.7406],[89.73998,24.73952],[89.73978,24.73952],[89.73978,24.73916],[89.73958,24.73916],[89.73957,24.7388],[89.73937,24.73881],[89.73937,24.73845],[89.73917,24.73845],[89.73919,24.73935],[89.73879,24.73936],[89.7388,24.73972],[89.7386,24.73972],[89.73863,24.74099],[89.73883,24.74098],[89.73884,24.7417],[89.73904,24.7417],[89.73906,24.74242],[89.73886,24.74243],[89.73888,24.74351],[89.73869,24.74351],[89.73872,24.74496],[89.73892,24.74495],[89.73893,24.74567],[89.73913,24.74567],[89.73914,24.74639],[89.73895,24.74639],[89.73896,24.74694],[89.73876,24.74694],[89.73878,24.74784],[89.73858,24.74785],[89.73862,24.74929],[89.73842,24.74929],[89.73845,24.75092],[89.73826,24.75092],[89.73828,24.75218],[89.73809,24.75219],[89.73811,24.75327],[89.73791,24.75327],[89.73792,24.75363],[89.73772,24.75364],[89.73755,24.75472],[89.73775,24.75472]],[[89.73901,24.74946],[89.73921,24.74946],[89.73922,24.74964],[89.73902,24.74964],[89.73901,24.74946]]]}},{"type":"Feature","properties":{"kind":"land","ha":3.5},"geometry":{"type":"Polygon","coordinates":[[[89.6811,24.74004],[89.68109,24.73986],[89.68169,24.73985],[89.68168,24.73967],[89.68326,24.73964],[89.68326,24.73928],[89.68405,24.73927],[89.68425,24.73962],[89.68445,24.73962],[89.68445,24.7398],[89.68485,24.73979],[89.68484,24.73925],[89.68464,24.73926],[89.68462,24.73853],[89.68443,24.73854],[89.68443,24.73872],[89.68403,24.73873],[89.68384,24.73909],[89.68345,24.73892],[89.68344,24.73874],[89.68305,24.73874],[89.68304,24.73856],[89.68186,24.73876],[89.68167,24.73913],[89.68108,24.73914],[89.68089,24.7395],[89.68069,24.73951],[89.6807,24.74005],[89.6811,24.74004]]]}},{"type":"Feature","properties":{"kind":"land","ha":3.2},"geometry":{"type":"Polygon","coordinates":[[[89.73721,24.73939],[89.73721,24.73921],[89.73741,24.7392],[89.73737,24.73776],[89.73718,24.73776],[89.73717,24.7374],[89.73697,24.73741],[89.73697,24.73723],[89.73657,24.73723],[89.73658,24.73741],[89.73598,24.73742],[89.73597,24.73688],[89.73577,24.73689],[89.73577,24.73671],[89.73538,24.73671],[89.7354,24.7378],[89.7358,24.73797],[89.7358,24.73815],[89.736,24.73815],[89.736,24.73833],[89.7362,24.73832],[89.73621,24.73868],[89.73661,24.73886],[89.73661,24.73904],[89.73681,24.73903],[89.73682,24.73939],[89.73721,24.73939]]]}},{"type":"Feature","properties":{"kind":"land","ha":5.1},"geometry":{"type":"Polygon","coordinates":[[[89.67658,24.74157],[89.67658,24.74139],[89.67757,24.74137],[89.67756,24.74119],[89.67816,24.74118],[89.67815,24.74064],[89.67795,24.74064],[89.67791,24.73865],[89.6781,24.73865],[89.6781,24.73829],[89.67829,24.73829],[89.67829,24.73793],[89.67848,24.73792],[89.67848,24.73756],[89.67729,24.73758],[89.67729,24.73776],[89.6767,24.73777],[89.67671,24.73813],[89.67691,24.73813],[89.67691,24.73831],[89.67731,24.7383],[89.67731,24.73848],[89.67751,24.73848],[89.67753,24.73938],[89.67713,24.73957],[89.67714,24.73975],[89.67694,24.73975],[89.67694,24.73994],[89.67655,24.73994],[89.67656,24.7403],[89.67636,24.74031],[89.67637,24.74085],[89.67598,24.74104],[89.67599,24.74158],[89.67658,24.74157]]]}},{"type":"Feature","properties":{"kind":"land","ha":4.6},"geometry":{"type":"Polygon","coordinates":[[[89.64713,24.74119],[89.64732,24.74082],[89.6481,24.74063],[89.6481,24.74045],[89.6485,24.74044],[89.64849,24.74026],[89.64908,24.74025],[89.64927,24.73989],[89.64887,24.73971],[89.64887,24.73935],[89.64906,24.73935],[89.64906,24.73899],[89.64945,24.7388],[89.64944,24.73862],[89.64984,24.73861],[89.64984,24.73843],[89.65023,24.73842],[89.65042,24.73806],[89.65062,24.73806],[89.65061,24.7377],[89.65081,24.73769],[89.6508,24.73751],[89.65041,24.73752],[89.65041,24.7377],[89.65022,24.7377],[89.65022,24.73806],[89.64943,24.73808],[89.64924,24.73844],[89.64905,24.73845],[89.64905,24.73863],[89.64826,24.73882],[89.64807,24.73918],[89.64788,24.73919],[89.64788,24.73937],[89.64768,24.73937],[89.64769,24.73955],[89.64749,24.73956],[89.64749,24.73974],[89.64729,24.73974],[89.6473,24.73992],[89.6471,24.73992],[89.6471,24.7401],[89.64691,24.74011],[89.64691,24.74029],[89.64671,24.74029],[89.64672,24.74065],[89.64633,24.74084],[89.64634,24.7412],[89.64713,24.74119]]]}},{"type":"Feature","properties":{"kind":"land","ha":7.4},"geometry":{"type":"Polygon","coordinates":[[[89.65207,24.74128],[89.65205,24.7402],[89.65225,24.74019],[89.65226,24.7411],[89.65266,24.74109],[89.65265,24.74073],[89.65305,24.74072],[89.65304,24.74054],[89.65364,24.74053],[89.65363,24.74017],[89.65323,24.74018],[89.65322,24.73964],[89.65282,24.73946],[89.65282,24.73928],[89.65203,24.7393],[89.65184,24.73966],[89.65164,24.73966],[89.65144,24.73931],[89.65124,24.73931],[89.65123,24.73913],[89.65163,24.73912],[89.65162,24.73876],[89.65182,24.73876],[89.6518,24.73804],[89.6522,24.73785],[89.65219,24.73767],[89.65239,24.73766],[89.65238,24.7373],[89.65258,24.7373],[89.65257,24.73676],[89.65276,24.73676],[89.65276,24.73657],[89.65256,24.73658],[89.65254,24.73568],[89.65235,24.73568],[89.65234,24.73532],[89.65214,24.73532],[89.65214,24.73514],[89.65194,24.73515],[89.65195,24.73551],[89.65175,24.73551],[89.65178,24.73695],[89.65158,24.73696],[89.65159,24.7375],[89.6514,24.7375],[89.6514,24.73786],[89.65101,24.73805],[89.65102,24.73823],[89.65082,24.73823],[89.65082,24.73841],[89.65063,24.73842],[89.65063,24.7386],[89.65043,24.7386],[89.65044,24.73914],[89.65084,24.73932],[89.65085,24.7395],[89.65104,24.73949],[89.65126,24.74057],[89.65166,24.74075],[89.65168,24.74129],[89.65207,24.74128]]]}},{"type":"Feature","properties":{"kind":"land","ha":9.4},"geometry":{"type":"Polygon","coordinates":[[[89.70358,24.73765],[89.70357,24.73711],[89.70396,24.7371],[89.70415,24.73674],[89.70435,24.73674],[89.70434,24.73637],[89.70473,24.73619],[89.70473,24.73601],[89.70571,24.73599],[89.7059,24.73562],[89.7061,24.73562],[89.7061,24.73544],[89.7063,24.73544],[89.70629,24.73526],[89.70669,24.73525],[89.70668,24.73507],[89.70748,24.73523],[89.70768,24.73559],[89.70808,24.73559],[89.70807,24.7354],[89.70867,24.73539],[89.70886,24.73503],[89.70905,24.73503],[89.70905,24.73485],[89.70925,24.73484],[89.70924,24.73466],[89.70944,24.73466],[89.70944,24.73448],[89.70963,24.73447],[89.70962,24.73393],[89.70982,24.73393],[89.70982,24.73375],[89.70883,24.73377],[89.70883,24.73395],[89.70844,24.73395],[89.70844,24.73413],[89.70765,24.73415],[89.70766,24.73433],[89.70726,24.73434],[89.70726,24.73452],[89.70687,24.73452],[89.70687,24.7347],[89.70648,24.73471],[89.70648,24.73489],[89.70569,24.73491],[89.7057,24.73509],[89.7053,24.73509],[89.7053,24.73527],[89.70392,24.7353],[89.70373,24.73566],[89.70334,24.73567],[89.70334,24.73585],[89.70314,24.73585],[89.70314,24.73567],[89.70274,24.73568],[89.70275,24.73586],[89.70215,24.73587],[89.70217,24.73641],[89.70197,24.73642],[89.70198,24.73678],[89.70159,24.73697],[89.70159,24.73715],[89.70139,24.73715],[89.7014,24.73733],[89.7012,24.73733],[89.7012,24.73751],[89.70219,24.7375],[89.70219,24.73732],[89.70238,24.73731],[89.70238,24.73695],[89.70277,24.73676],[89.70276,24.73658],[89.70296,24.73658],[89.70296,24.7364],[89.70315,24.7364],[89.70316,24.73658],[89.70336,24.73657],[89.70336,24.73693],[89.70297,24.73712],[89.70298,24.73748],[89.70338,24.73747],[89.70338,24.73766],[89.70358,24.73765]]]}},{"type":"Feature","properties":{"kind":"land","ha":4.1},"geometry":{"type":"Polygon","coordinates":[[[89.69307,24.73604],[89.69306,24.73586],[89.69326,24.73585],[89.69306,24.73549],[89.69345,24.73531],[89.69344,24.73495],[89.69364,24.73494],[89.69363,24.73476],[89.69403,24.73476],[89.69403,24.73494],[89.69423,24.73493],[89.69405,24.73566],[89.69444,24.73565],[89.69463,24.73529],[89.69483,24.73528],[89.69482,24.73492],[89.69502,24.73492],[89.695,24.7342],[89.6952,24.73419],[89.69517,24.73257],[89.69457,24.73258],[89.69438,24.73294],[89.69419,24.73295],[89.6942,24.73349],[89.694,24.73349],[89.69401,24.73385],[89.69381,24.73386],[89.69381,24.73404],[89.69362,24.73404],[89.69344,24.73477],[89.69304,24.73495],[89.69286,24.73568],[89.69266,24.73568],[89.69267,24.73604],[89.69307,24.73604]]]}},{"type":"Feature","properties":{"kind":"land","ha":4.3},"geometry":{"type":"Polygon","coordinates":[[[89.7112,24.73354],[89.71119,24.73336],[89.71159,24.73336],[89.71158,24.73318],[89.71277,24.73333],[89.71296,24.73297],[89.71316,24.73297],[89.71316,24.73279],[89.71375,24.73278],[89.71374,24.73223],[89.71354,24.73224],[89.71352,24.73152],[89.71392,24.73151],[89.71411,24.73114],[89.71431,24.73114],[89.71429,24.73042],[89.71449,24.73042],[89.71448,24.73005],[89.71409,24.73024],[89.71409,24.73042],[89.71389,24.73043],[89.7139,24.73079],[89.71351,24.73097],[89.71352,24.73115],[89.71312,24.73116],[89.71293,24.73153],[89.71273,24.73153],[89.71274,24.73171],[89.71254,24.73171],[89.71254,24.73189],[89.71235,24.7319],[89.71235,24.73226],[89.71157,24.73245],[89.71138,24.73282],[89.71118,24.73282],[89.71118,24.733],[89.71099,24.73301],[89.71099,24.73319],[89.71079,24.73319],[89.7108,24.73337],[89.7106,24.73337],[89.7106,24.73355],[89.7112,24.73354]]]}},{"type":"Feature","properties":{"kind":"land","ha":8.1},"geometry":{"type":"Polygon","coordinates":[[[89.65391,24.73493],[89.65389,24.73403],[89.65409,24.73402],[89.65408,24.73366],[89.65507,24.73365],[89.65526,24.73328],[89.65566,24.73327],[89.65586,24.73363],[89.65665,24.73362],[89.65665,24.73344],[89.65724,24.73343],[89.65724,24.73361],[89.65823,24.73359],[89.65841,24.73286],[89.65782,24.73288],[89.65782,24.73269],[89.65703,24.73271],[89.65702,24.73253],[89.65663,24.73254],[89.65662,24.73235],[89.65504,24.73238],[89.65504,24.7322],[89.65484,24.73221],[89.65483,24.73148],[89.65463,24.73149],[89.65462,24.73113],[89.65423,24.73113],[89.65423,24.73131],[89.65384,24.73132],[89.65384,24.73168],[89.65365,24.73169],[89.65365,24.73187],[89.65345,24.73187],[89.65348,24.73313],[89.65328,24.73314],[89.65329,24.73368],[89.65349,24.73367],[89.65349,24.73385],[89.6533,24.73386],[89.6533,24.73404],[89.6535,24.73403],[89.65351,24.73476],[89.65371,24.73475],[89.65371,24.73493],[89.65391,24.73493]]]}},{"type":"Feature","properties":{"kind":"land","ha":3.2},"geometry":{"type":"Polygon","coordinates":[[[89.68002,24.73591],[89.68001,24.73555],[89.68021,24.73554],[89.68038,24.7341],[89.68057,24.73409],[89.68056,24.73337],[89.68076,24.73337],[89.68071,24.7312],[89.68091,24.7312],[89.68088,24.73012],[89.68069,24.73012],[89.68071,24.73102],[89.68051,24.73103],[89.68052,24.73139],[89.68032,24.73139],[89.68014,24.73248],[89.67995,24.73248],[89.67995,24.73266],[89.68015,24.73266],[89.68016,24.7332],[89.67996,24.7332],[89.67997,24.73356],[89.67977,24.73357],[89.67982,24.73573],[89.67962,24.73574],[89.67963,24.7361],[89.68002,24.73591]]]}},{"type":"Feature","properties":{"kind":"land","ha":4.0},"geometry":{"type":"Polygon","coordinates":[[[89.64894,24.73357],[89.64893,24.73321],[89.64913,24.73321],[89.64913,24.73303],[89.64952,24.73302],[89.64953,24.7332],[89.65012,24.73319],[89.65012,24.73301],[89.65031,24.73301],[89.65052,24.73337],[89.65072,24.73336],[89.65072,24.73354],[89.65092,24.73354],[89.65088,24.73191],[89.65069,24.73192],[89.65067,24.73138],[89.65048,24.73138],[89.65046,24.73066],[89.65026,24.73066],[89.65026,24.7303],[89.65006,24.7303],[89.65007,24.73103],[89.64988,24.73103],[89.64989,24.73157],[89.6495,24.73176],[89.6495,24.73194],[89.6493,24.73194],[89.64931,24.73212],[89.64911,24.73213],[89.64911,24.73231],[89.64892,24.73231],[89.64892,24.73267],[89.64873,24.73268],[89.64874,24.73322],[89.64854,24.73322],[89.64854,24.7334],[89.64874,24.7334],[89.64874,24.73358],[89.64894,24.73357]]]}},{"type":"Feature","properties":{"kind":"land","ha":8.4},"geometry":{"type":"Polygon","coordinates":[[[89.63686,24.74191],[89.63686,24.74173],[89.63666,24.74173],[89.63666,24.74137],[89.63646,24.74138],[89.63645,24.74101],[89.63625,24.74102],[89.63623,24.74012],[89.63604,24.74012],[89.63603,24.73976],[89.63583,24.73976],[89.63582,24.73922],[89.63562,24.73922],[89.63561,24.73886],[89.63542,24.73887],[89.63541,24.73833],[89.63521,24.73833],[89.6352,24.73797],[89.635,24.73797],[89.635,24.73761],[89.6348,24.73761],[89.63479,24.73725],[89.63459,24.73726],[89.63458,24.73653],[89.63438,24.73654],[89.63437,24.736],[89.63417,24.736],[89.63416,24.73564],[89.63397,24.73564],[89.63395,24.73492],[89.63375,24.73492],[89.63394,24.7342],[89.63374,24.7342],[89.63365,24.73023],[89.63346,24.73024],[89.6335,24.7324],[89.6333,24.73241],[89.63332,24.73331],[89.63352,24.7333],[89.63356,24.73511],[89.63376,24.73511],[89.63378,24.73637],[89.63359,24.73637],[89.6336,24.73727],[89.6338,24.73727],[89.63382,24.73799],[89.63402,24.73799],[89.63402,24.73835],[89.63422,24.73835],[89.63423,24.73871],[89.63463,24.73888],[89.63463,24.73924],[89.63483,24.73924],[89.63484,24.73978],[89.63504,24.73978],[89.63506,24.74068],[89.63526,24.74067],[89.63527,24.74122],[89.63567,24.74139],[89.63567,24.74157],[89.63587,24.74157],[89.63587,24.74175],[89.63627,24.74174],[89.63627,24.74192],[89.63686,24.74191]]]}},{"type":"Feature","properties":{"kind":"land","ha":3.5},"geometry":{"type":"Polygon","coordinates":[[[89.73441,24.72861],[89.7344,24.72807],[89.73459,24.72806],[89.73458,24.72734],[89.73477,24.72734],[89.73474,24.72553],[89.73454,24.72554],[89.73453,24.72518],[89.73433,24.72518],[89.73434,24.72536],[89.73374,24.72537],[89.73375,24.72555],[89.73355,24.72556],[89.73356,24.72592],[89.73336,24.72592],[89.73337,24.72628],[89.73297,24.72629],[89.73318,24.72665],[89.73357,24.72646],[89.73357,24.72664],[89.73377,24.72664],[89.7336,24.72772],[89.7338,24.72772],[89.7338,24.72808],[89.734,24.72807],[89.734,24.72826],[89.7342,24.72825],[89.73421,24.72861],[89.73441,24.72861]],[[89.73436,24.72662],[89.73437,24.7268],[89.73417,24.72681],[89.73417,24.72663],[89.73436,24.72662]],[[89.73397,24.72663],[89.73397,24.72645],[89.73416,24.72645],[89.73417,24.72663],[89.73397,24.72663]]]}},{"type":"Feature","properties":{"kind":"land","ha":5.1},"geometry":{"type":"Polygon","coordinates":[[[89.67407,24.72573],[89.67407,24.72555],[89.67486,24.72553],[89.67485,24.72499],[89.67445,24.72482],[89.67443,24.7241],[89.67463,24.72409],[89.67462,24.72373],[89.67482,24.72373],[89.67482,24.72355],[89.67501,24.72354],[89.67498,24.7221],[89.67459,24.72211],[89.6744,24.72247],[89.6742,24.72248],[89.6742,24.72266],[89.67401,24.72266],[89.67401,24.72284],[89.67381,24.72284],[89.67382,24.7232],[89.67362,24.72321],[89.67363,24.72339],[89.67303,24.7234],[89.67284,24.72376],[89.67265,24.72377],[89.67265,24.72395],[89.67245,24.72395],[89.67246,24.72431],[89.67207,24.7245],[89.67208,24.72486],[89.67247,24.72485],[89.67246,24.72449],[89.67385,24.72447],[89.67405,24.72482],[89.67366,24.72501],[89.67368,24.72573],[89.67407,24.72573]]]}},{"type":"Feature","properties":{"kind":"land","ha":4.3},"geometry":{"type":"Polygon","coordinates":[[[89.66977,24.72797],[89.66975,24.72689],[89.66995,24.72688],[89.66994,24.72652],[89.67033,24.72634],[89.67034,24.72688],[89.67054,24.72687],[89.67073,24.72651],[89.67093,24.7265],[89.67091,24.72578],[89.67071,24.72579],[89.6707,24.72525],[89.6709,24.72524],[89.67089,24.72488],[89.67109,24.72488],[89.67107,24.72416],[89.67127,24.72415],[89.67126,24.72361],[89.67165,24.72342],[89.67164,24.72306],[89.67184,24.72306],[89.67182,24.72216],[89.67202,24.72215],[89.67201,24.72161],[89.67181,24.72162],[89.67182,24.72198],[89.67162,24.72198],[89.67163,24.72252],[89.67143,24.72252],[89.67144,24.72289],[89.67124,24.72289],[89.67126,24.72343],[89.67106,24.72343],[89.67107,24.7238],[89.67087,24.7238],[89.67088,24.72416],[89.67048,24.72435],[89.67049,24.72453],[89.67029,24.72453],[89.6703,24.72489],[89.6701,24.7249],[89.67011,24.72508],[89.66991,24.72508],[89.66992,24.7258],[89.66973,24.7258],[89.66973,24.72617],[89.66954,24.72617],[89.66955,24.72671],[89.66935,24.72671],[89.66937,24.72744],[89.66917,24.72744],[89.66918,24.72798],[89.66938,24.72798],[89.66938,24.72816],[89.66977,24.72797]]]}},{"type":"Feature","properties":{"kind":"land","ha":4.8},"geometry":{"type":"Polygon","coordinates":[[[89.72542,24.72426],[89.72537,24.7221],[89.72557,24.72209],[89.72556,24.72155],[89.72536,24.72155],[89.72535,24.72119],[89.72516,24.7212],[89.72512,24.71975],[89.72532,24.71975],[89.72531,24.71903],[89.72511,24.71903],[89.72512,24.71939],[89.72492,24.7194],[89.72493,24.71976],[89.72473,24.71976],[89.72474,24.72012],[89.72435,24.72031],[89.72435,24.72049],[89.72395,24.7205],[89.72396,24.72068],[89.72376,24.72068],[89.72378,24.72158],[89.72398,24.72158],[89.72398,24.72176],[89.72438,24.72175],[89.72439,24.72211],[89.72458,24.72211],[89.72462,24.72373],[89.72482,24.72373],[89.72482,24.72391],[89.72521,24.7239],[89.72522,24.72426],[89.72542,24.72426]]]}},{"type":"Feature","properties":{"kind":"land","ha":10.7},"geometry":{"type":"Polygon","coordinates":[[[89.73452,24.72464],[89.73451,24.72409],[89.73431,24.7241],[89.7343,24.72374],[89.73391,24.72374],[89.7339,24.72356],[89.7337,24.72357],[89.73369,24.72285],[89.73408,24.72284],[89.73408,24.72248],[89.73427,24.72247],[89.73427,24.72229],[89.73348,24.72231],[89.73348,24.72213],[89.73328,24.72213],[89.73327,24.72159],[89.73307,24.72159],[89.73305,24.72087],[89.73325,24.72087],[89.73323,24.71997],[89.73303,24.71997],[89.73304,24.72033],[89.73284,24.72033],[89.73285,24.7207],[89.73265,24.7207],[89.73266,24.72106],[89.73246,24.72106],[89.73248,24.72179],[89.73268,24.72178],[89.73269,24.72214],[89.73229,24.72215],[89.73229,24.72197],[89.7313,24.72199],[89.73128,24.72127],[89.73148,24.72126],[89.73146,24.72018],[89.73165,24.72018],[89.73163,24.71927],[89.73183,24.71927],[89.73181,24.71837],[89.73161,24.71837],[89.73143,24.7191],[89.73124,24.7191],[89.73124,24.71946],[89.73105,24.71947],[89.73105,24.71983],[89.73086,24.71983],[89.73086,24.72019],[89.73067,24.72019],[89.73067,24.72055],[89.73048,24.72056],[89.73048,24.72092],[89.73029,24.72092],[89.7303,24.72128],[89.7301,24.72129],[89.73011,24.72201],[89.73071,24.722],[89.73071,24.72218],[89.73091,24.72218],[89.73093,24.72308],[89.73132,24.72307],[89.73132,24.72289],[89.73191,24.72288],[89.73193,24.72396],[89.73213,24.72396],[89.73214,24.72414],[89.73253,24.72413],[89.73252,24.72359],[89.73272,24.72359],[89.73292,24.72394],[89.73312,24.72394],[89.73312,24.72412],[89.73332,24.72412],[89.73333,24.72466],[89.73373,24.72483],[89.73374,24.72501],[89.73452,24.72464]]]}},{"type":"Feature","properties":{"kind":"land","ha":6.1},"geometry":{"type":"Polygon","coordinates":[[[89.73484,24.7212],[89.73483,24.72066],[89.73463,24.72066],[89.73461,24.71994],[89.735,24.71975],[89.73498,24.71849],[89.73557,24.71848],[89.73557,24.7183],[89.73596,24.71829],[89.73596,24.71811],[89.73615,24.71811],[89.73615,24.71793],[89.73595,24.71793],[89.73594,24.71757],[89.73555,24.7174],[89.73554,24.71704],[89.73593,24.71685],[89.73592,24.71631],[89.73611,24.7163],[89.7361,24.71558],[89.7359,24.71559],[89.73588,24.71468],[89.73608,24.71468],[89.73607,24.7145],[89.73568,24.71451],[89.7355,24.71523],[89.7353,24.71524],[89.73531,24.7156],[89.73511,24.7156],[89.73512,24.71614],[89.73493,24.71615],[89.73494,24.71687],[89.73455,24.71705],[89.73456,24.7176],[89.73417,24.71778],[89.73417,24.71796],[89.73398,24.71797],[89.73399,24.71869],[89.73419,24.71869],[89.7342,24.71923],[89.7344,24.71922],[89.73444,24.72103],[89.73464,24.72102],[89.73464,24.7212],[89.73484,24.7212]]]}},{"type":"Feature","properties":{"kind":"land","ha":3.8},"geometry":{"type":"Polygon","coordinates":[[[89.678,24.71555],[89.67819,24.71518],[89.67839,24.71518],[89.67839,24.715],[89.67858,24.715],[89.67858,24.71482],[89.67819,24.71482],[89.67818,24.71464],[89.67798,24.71465],[89.67798,24.71429],[89.67778,24.71429],[89.67778,24.71411],[89.67679,24.71413],[89.67679,24.71431],[89.6762,24.71432],[89.6762,24.7145],[89.67561,24.71451],[89.67561,24.71469],[89.67482,24.7147],[89.67503,24.71506],[89.67523,24.71506],[89.67523,24.71524],[89.67602,24.71522],[89.67602,24.71504],[89.67641,24.71504],[89.67641,24.71486],[89.67661,24.71485],[89.67681,24.71521],[89.67642,24.71522],[89.67643,24.71594],[89.67702,24.71593],[89.67721,24.71556],[89.678,24.71555]],[[89.67702,24.71557],[89.67701,24.71539],[89.67721,24.71538],[89.67721,24.71556],[89.67702,24.71557]]]}},{"type":"Feature","properties":{"kind":"land","ha":6.9},"geometry":{"type":"Polygon","coordinates":[[[89.68353,24.71509],[89.68352,24.71491],[89.68392,24.7149],[89.68391,24.71454],[89.6843,24.71435],[89.6843,24.71417],[89.68469,24.71417],[89.68469,24.71399],[89.68528,24.71397],[89.68527,24.71361],[89.68508,24.71362],[89.68507,24.71344],[89.68546,24.71325],[89.68546,24.71307],[89.68467,24.71308],[89.68467,24.71326],[89.68428,24.71327],[89.68428,24.71345],[89.68389,24.71346],[89.68389,24.71364],[89.68271,24.71366],[89.68271,24.71384],[89.68192,24.71385],[89.68192,24.71403],[89.68113,24.71405],[89.68113,24.71387],[89.68054,24.71388],[89.68053,24.7137],[89.67955,24.71372],[89.67955,24.7139],[89.67915,24.7139],[89.67916,24.71408],[89.67876,24.71409],[89.67878,24.71481],[89.68016,24.71479],[89.68016,24.71461],[89.68174,24.71458],[89.68173,24.7144],[89.68193,24.7144],[89.68214,24.71475],[89.68233,24.71475],[89.68234,24.71493],[89.68254,24.71493],[89.68254,24.71511],[89.68353,24.71509]]]}},{"type":"Feature","properties":{"kind":"land","ha":7.2},"geometry":{"type":"Polygon","coordinates":[[[89.68976,24.72021],[89.68976,24.72003],[89.69035,24.72002],[89.69054,24.71966],[89.69094,24.71965],[89.69113,24.71928],[89.69132,24.71928],[89.69132,24.7191],[89.69152,24.7191],[89.69151,24.71892],[89.69112,24.71892],[89.69111,24.71856],[89.69131,24.71856],[89.6913,24.71838],[89.6917,24.71837],[89.69171,24.71873],[89.6919,24.71873],[89.69209,24.71836],[89.69229,24.71836],[89.69228,24.718],[89.69267,24.71781],[89.69267,24.71745],[89.69306,24.71726],[89.69305,24.7169],[89.69325,24.7169],[89.69324,24.71654],[89.69363,24.71635],[89.69362,24.71581],[89.69401,24.71562],[89.694,24.71526],[89.6942,24.71526],[89.6942,24.71508],[89.69439,24.71507],[89.69439,24.71471],[89.69478,24.71453],[89.69477,24.71398],[89.69496,24.71398],[89.69496,24.71362],[89.69535,24.71343],[89.69534,24.71325],[89.69554,24.71325],[89.69554,24.71307],[89.69573,24.71306],[89.69573,24.71288],[89.69593,24.71288],[89.69592,24.7127],[89.69612,24.7127],[89.69612,24.71252],[89.69632,24.71251],[89.69631,24.71233],[89.69592,24.71234],[89.69573,24.7127],[89.69553,24.71271],[89.69553,24.71289],[89.69534,24.71289],[89.69534,24.71307],[89.69514,24.71308],[89.69515,24.71326],[89.69495,24.71326],[89.69495,24.71344],[89.69475,24.71344],[89.69476,24.7138],[89.69437,24.71399],[89.69437,24.71417],[89.69418,24.71418],[89.69419,24.71454],[89.69399,24.71454],[89.69399,24.71472],[89.69379,24.71472],[89.6938,24.71509],[89.69341,24.71527],[89.69341,24.71545],[89.69322,24.71546],[89.69322,24.71582],[89.69283,24.71601],[89.69284,24.71619],[89.69264,24.71619],[89.69264,24.71637],[89.69245,24.71637],[89.69245,24.71655],[89.69225,24.71656],[89.69226,24.71674],[89.69206,24.71674],[89.69207,24.7171],[89.69187,24.71711],[89.69187,24.71729],[89.69168,24.71729],[89.69169,24.71783],[89.69129,24.71766],[89.6913,24.71802],[89.6909,24.71821],[89.69091,24.71839],[89.69071,24.71839],[89.69072,24.71857],[89.69052,24.71857],[89.69052,24.71875],[89.69032,24.71876],[89.69033,24.71894],[89.69013,24.71894],[89.69013,24.71912],[89.68994,24.71913],[89.68994,24.71931],[89.68974,24.71931],[89.68975,24.71949],[89.68955,24.71949],[89.68955,24.71967],[89.68936,24.71968],[89.68936,24.71986],[89.68916,24.71986],[89.68917,24.72004],[89.68897,24.72005],[89.68897,24.72023],[89.68937,24.72022],[89.68937,24.7204],[89.68976,24.72021]]]}},{"type":"Feature","properties":{"kind":"land","ha":12.9},"geometry":{"type":"Polygon","coordinates":[[[89.63507,24.72227],[89.63506,24.72209],[89.63526,24.72208],[89.63525,24.72154],[89.63545,24.72154],[89.63543,24.72082],[89.63563,24.72081],[89.63562,24.72045],[89.63582,24.72045],[89.63582,24.72027],[89.63601,24.72026],[89.6362,24.71954],[89.63639,24.71954],[89.63638,24.71899],[89.63658,24.71899],[89.63656,24.71827],[89.63676,24.71827],[89.63675,24.7179],[89.63695,24.7179],[89.63671,24.71574],[89.63691,24.71574],[89.63686,24.71357],[89.63666,24.71357],[89.63666,24.71339],[89.63646,24.7134],[89.63647,24.71376],[89.63667,24.71375],[89.63668,24.7143],[89.63648,24.7143],[89.63649,24.71484],[89.63629,24.71484],[89.6363,24.7152],[89.63591,24.71539],[89.63591,24.71557],[89.63572,24.71558],[89.63572,24.71576],[89.63552,24.71576],[89.63553,24.71594],[89.63533,24.71594],[89.63533,24.71612],[89.63514,24.71613],[89.63514,24.71631],[89.63534,24.7163],[89.63535,24.71685],[89.63495,24.71667],[89.63495,24.71649],[89.63475,24.7165],[89.63476,24.71686],[89.63436,24.71704],[89.63437,24.71722],[89.63417,24.71723],[89.63417,24.71741],[89.63378,24.71742],[89.63378,24.7176],[89.63359,24.7176],[89.6336,24.71814],[89.6334,24.71814],[89.63342,24.71905],[89.63401,24.71904],[89.63439,24.71831],[89.63479,24.7183],[89.63479,24.71848],[89.63499,24.71848],[89.63499,24.71866],[89.63479,24.71866],[89.63482,24.71992],[89.63502,24.71992],[89.63503,24.72046],[89.63523,24.72046],[89.63524,24.72118],[89.63485,24.72137],[89.63487,24.72209],[89.63467,24.72209],[89.63467,24.72227],[89.63507,24.72227]]]}},{"type":"Feature","properties":{"kind":"land","ha":5.5},"geometry":{"type":"Polygon","coordinates":[[[89.67403,24.71472],[89.67403,24.71454],[89.67462,24.71453],[89.67458,24.71272],[89.67478,24.71272],[89.67477,24.71236],[89.67497,24.71235],[89.67515,24.71127],[89.67534,24.71126],[89.67532,24.71018],[89.67552,24.71018],[89.67551,24.70982],[89.67571,24.70981],[89.6757,24.70945],[89.6759,24.70945],[89.67589,24.70891],[89.67628,24.70872],[89.67627,24.70836],[89.67647,24.70836],[89.67646,24.708],[89.67685,24.70781],[89.67684,24.70745],[89.67645,24.70763],[89.67645,24.70781],[89.67626,24.70782],[89.67627,24.70818],[89.67587,24.70837],[89.67588,24.70855],[89.67568,24.70855],[89.67568,24.70873],[89.67549,24.70873],[89.6753,24.70946],[89.67511,24.70946],[89.67511,24.70982],[89.67492,24.70983],[89.67492,24.71019],[89.67453,24.71038],[89.67454,24.71074],[89.67434,24.71074],[89.67417,24.71183],[89.67397,24.71183],[89.67399,24.71273],[89.67379,24.71274],[89.67382,24.71382],[89.67401,24.71381],[89.67403,24.71436],[89.67383,24.71436],[89.67384,24.71472],[89.67403,24.71472]]]}},{"type":"Feature","properties":{"kind":"land","ha":3.9},"geometry":{"type":"Polygon","coordinates":[[[89.7224,24.70338],[89.72259,24.70301],[89.72278,24.70301],[89.72278,24.70283],[89.72298,24.70283],[89.72297,24.70247],[89.72317,24.70246],[89.72315,24.70192],[89.72355,24.70209],[89.72356,24.70227],[89.72415,24.70226],[89.72413,24.70154],[89.72374,24.70155],[89.72372,24.70065],[89.72333,24.70065],[89.72314,24.70102],[89.72294,24.70102],[89.72295,24.70138],[89.72275,24.70139],[89.72275,24.70157],[89.72236,24.70157],[89.72217,24.70194],[89.72197,24.70194],[89.72198,24.7023],[89.72159,24.70249],[89.72159,24.70285],[89.7214,24.70285],[89.72141,24.7034],[89.72161,24.70339],[89.72161,24.70357],[89.7224,24.70338]]]}},{"type":"Feature","properties":{"kind":"land","ha":3.7},"geometry":{"type":"Polygon","coordinates":[[[89.6331,24.70389],[89.63308,24.70317],[89.63249,24.70318],[89.63249,24.703],[89.63229,24.703],[89.63228,24.70264],[89.63248,24.70264],[89.63247,24.7021],[89.63208,24.70228],[89.63206,24.70138],[89.63186,24.70138],[89.63186,24.7012],[89.63166,24.70121],[89.63166,24.70139],[89.63127,24.70139],[89.63127,24.70157],[89.63068,24.70159],[89.63068,24.70177],[89.63088,24.70176],[89.6309,24.70284],[89.6313,24.70284],[89.6313,24.70266],[89.63149,24.70265],[89.6317,24.70301],[89.6319,24.70301],[89.63191,24.70355],[89.63151,24.70356],[89.63152,24.70374],[89.63132,24.70374],[89.63152,24.7041],[89.6331,24.70389]]]}},{"type":"Feature","properties":{"kind":"land","ha":31.2},"geometry":{"type":"Polygon","coordinates":[[[89.65165,24.72161],[89.65163,24.72053],[89.65183,24.72053],[89.65182,24.71999],[89.65201,24.71998],[89.65201,24.71962],[89.6522,24.71962],[89.65219,24.71908],[89.65239,24.71907],[89.65238,24.71871],[89.65277,24.71852],[89.65277,24.71834],[89.65297,24.71834],[89.65296,24.71816],[89.65316,24.71816],[89.65316,24.71798],[89.65335,24.71797],[89.65335,24.71779],[89.65355,24.71779],[89.65354,24.71761],[89.65374,24.7176],[89.65374,24.71742],[89.65394,24.71742],[89.65393,24.71724],[89.65413,24.71724],[89.65431,24.71651],[89.6547,24.71632],[89.65469,24.7156],[89.65488,24.7156],[89.65487,24.71506],[89.65507,24.71505],[89.65506,24.71469],[89.65545,24.71451],[89.65545,24.71433],[89.65565,24.71432],[89.65564,24.71414],[89.65584,24.71414],[89.65583,24.71378],[89.65603,24.71377],[89.65602,24.71323],[89.65622,24.71323],[89.65621,24.71287],[89.65641,24.71286],[89.65639,24.71214],[89.65659,24.71214],[89.65658,24.71178],[89.65678,24.71177],[89.65677,24.71141],[89.65697,24.71141],[89.65696,24.71087],[89.65735,24.71068],[89.65735,24.7105],[89.65754,24.7105],[89.65754,24.71014],[89.65773,24.71013],[89.65773,24.70995],[89.65812,24.70995],[89.65812,24.70959],[89.65831,24.70958],[89.6583,24.70904],[89.65869,24.70885],[89.65869,24.70867],[89.65889,24.70867],[89.65888,24.70849],[89.65908,24.70849],[89.65908,24.7083],[89.65927,24.7083],[89.65946,24.70758],[89.65985,24.70739],[89.65984,24.70721],[89.66004,24.7072],[89.66004,24.70702],[89.66024,24.70702],[89.66023,24.70684],[89.66043,24.70684],[89.66041,24.70611],[89.66001,24.70594],[89.66,24.7054],[89.6602,24.7054],[89.66019,24.70504],[89.66039,24.70503],[89.66039,24.70485],[89.66098,24.70484],[89.66098,24.70466],[89.66157,24.70465],[89.66175,24.70393],[89.66195,24.70392],[89.66194,24.70338],[89.66213,24.70338],[89.66213,24.70302],[89.66232,24.70301],[89.66231,24.70247],[89.66251,24.70247],[89.66248,24.70102],[89.66268,24.70102],[89.66265,24.69976],[89.66226,24.69995],[89.66208,24.70067],[89.66188,24.70067],[89.66189,24.70122],[89.6615,24.7014],[89.66151,24.70176],[89.66131,24.70177],[89.66131,24.70195],[89.66112,24.70195],[89.66093,24.70268],[89.66054,24.70286],[89.66055,24.70322],[89.66016,24.70341],[89.66016,24.70359],[89.65997,24.7036],[89.65997,24.70396],[89.65958,24.70414],[89.65959,24.7045],[89.6592,24.70469],[89.6592,24.70487],[89.659,24.70488],[89.65901,24.70506],[89.65881,24.70506],[89.65881,24.70524],[89.65862,24.70524],[89.65843,24.70597],[89.65804,24.70616],[89.65786,24.70688],[89.65766,24.70689],[89.65767,24.70725],[89.65747,24.70725],[89.65748,24.70761],[89.65728,24.70761],[89.65729,24.70798],[89.65709,24.70798],[89.6571,24.70834],[89.6569,24.70834],[89.65691,24.7087],[89.65671,24.70871],[89.65654,24.70979],[89.65634,24.7098],[89.65635,24.71016],[89.65615,24.71016],[89.65616,24.71052],[89.65577,24.71071],[89.65578,24.71143],[89.65559,24.71143],[89.65559,24.7118],[89.6554,24.7118],[89.65523,24.71325],[89.65503,24.71325],[89.65504,24.71361],[89.65484,24.71361],[89.65485,24.71379],[89.65465,24.7138],[89.65466,24.71434],[89.65427,24.71453],[89.65427,24.71471],[89.65408,24.71471],[89.65408,24.71507],[89.65369,24.71526],[89.6537,24.71544],[89.6535,24.71544],[89.65332,24.71617],[89.65312,24.71617],[89.65313,24.71653],[89.65293,24.71654],[89.65294,24.7169],[89.65274,24.7169],[89.65275,24.71726],[89.65236,24.71745],[89.65236,24.71781],[89.65217,24.71781],[89.65217,24.71799],[89.65197,24.718],[89.65198,24.71854],[89.65179,24.71854],[89.65181,24.7198],[89.65161,24.71981],[89.65162,24.72017],[89.65143,24.72017],[89.65145,24.72144],[89.65125,24.72144],[89.65126,24.7218],[89.65165,24.72161]],[[89.65692,24.70925],[89.65712,24.70924],[89.65713,24.70942],[89.65693,24.70943],[89.65692,24.70925]]]}},{"type":"Feature","properties":{"kind":"land","ha":7.6},"geometry":{"type":"Polygon","coordinates":[[[89.73532,24.69809],[89.73532,24.69791],[89.73551,24.6979],[89.7355,24.69718],[89.7357,24.69718],[89.73569,24.69682],[89.73589,24.69682],[89.73586,24.69573],[89.73606,24.69573],[89.73604,24.69483],[89.73624,24.69482],[89.73622,24.6941],[89.73642,24.6941],[89.73641,24.69374],[89.73602,24.69374],[89.73583,24.69411],[89.73543,24.69412],[89.73524,24.69448],[89.73504,24.69448],[89.73505,24.69466],[89.73485,24.69467],[89.73486,24.69485],[89.73466,24.69485],[89.73466,24.69503],[89.73446,24.69504],[89.73447,24.6954],[89.73408,24.69558],[89.73409,24.69613],[89.73449,24.69612],[89.7345,24.69648],[89.7339,24.69649],[89.7339,24.69631],[89.7337,24.69631],[89.73371,24.69667],[89.73332,24.69686],[89.73333,24.69722],[89.73313,24.69723],[89.73314,24.69759],[89.73333,24.69758],[89.73334,24.69776],[89.73413,24.69775],[89.73412,24.69757],[89.73432,24.69757],[89.73453,24.69792],[89.73492,24.69792],[89.73493,24.6981],[89.73532,24.69809]]]}},{"type":"Feature","properties":{"kind":"land","ha":7.0},"geometry":{"type":"Polygon","coordinates":[[[89.70072,24.69709],[89.70072,24.69673],[89.70012,24.69674],[89.69991,24.69602],[89.69952,24.69603],[89.69931,24.69567],[89.69911,24.69568],[89.69911,24.6955],[89.69832,24.69551],[89.69832,24.69533],[89.69792,24.69534],[89.69792,24.69516],[89.69772,24.69516],[89.69771,24.6948],[89.69751,24.6948],[89.69751,24.69444],[89.69711,24.69427],[89.6971,24.69409],[89.69691,24.69409],[89.69689,24.69355],[89.6967,24.69355],[89.69674,24.69536],[89.69693,24.69535],[89.69695,24.69608],[89.69735,24.69625],[89.69735,24.69643],[89.69775,24.69642],[89.69775,24.6966],[89.69815,24.6966],[89.69815,24.69678],[89.69874,24.69677],[89.69875,24.69695],[89.69894,24.69694],[89.69896,24.69766],[89.69936,24.69784],[89.69936,24.69802],[89.69976,24.69801],[89.69975,24.69783],[89.69995,24.69783],[89.69995,24.69801],[89.70015,24.698],[89.70037,24.69908],[89.70077,24.69908],[89.70076,24.6989],[89.70057,24.6989],[89.70055,24.698],[89.70035,24.698],[89.70033,24.69728],[89.70053,24.69728],[89.70053,24.69709],[89.70072,24.69709]],[[89.70033,24.6971],[89.70033,24.69692],[89.70052,24.69691],[89.70053,24.69709],[89.70033,24.6971]],[[89.69894,24.69658],[89.69933,24.69657],[89.69933,24.69639],[89.69952,24.69639],[89.69953,24.69657],[89.69973,24.69657],[89.69973,24.69693],[89.69914,24.69694],[89.69894,24.69658]]]}},{"type":"Feature","properties":{"kind":"land","ha":4.9},"geometry":{"type":"Polygon","coordinates":[[[89.64591,24.69283],[89.6461,24.69247],[89.64629,24.69247],[89.64629,24.69211],[89.64648,24.6921],[89.64647,24.69156],[89.64686,24.69137],[89.64665,24.69065],[89.64685,24.69065],[89.64684,24.69011],[89.64703,24.69011],[89.64703,24.68993],[89.64743,24.68992],[89.64722,24.68956],[89.64683,24.68957],[89.64682,24.68939],[89.64662,24.68939],[89.64662,24.68903],[89.64583,24.68923],[89.64564,24.68959],[89.64544,24.68959],[89.64545,24.68977],[89.64525,24.68978],[89.64525,24.68996],[89.64486,24.68996],[89.64486,24.69014],[89.64466,24.69015],[89.64468,24.69069],[89.64487,24.69069],[89.64488,24.69087],[89.64586,24.69085],[89.64586,24.69067],[89.64645,24.69066],[89.64646,24.69102],[89.64607,24.69121],[89.64608,24.69157],[89.64569,24.69175],[89.64569,24.69212],[89.6453,24.6923],[89.64531,24.69248],[89.64432,24.6925],[89.64432,24.69268],[89.64531,24.69266],[89.64531,24.69284],[89.64591,24.69283]],[[89.64584,24.68977],[89.64624,24.68976],[89.64624,24.68994],[89.64585,24.68995],[89.64584,24.68977]]]}},{"type":"Feature","properties":{"kind":"land","ha":6.5},"geometry":{"type":"Polygon","coordinates":[[[89.6386,24.69314],[89.63879,24.69278],[89.63919,24.69277],[89.63918,24.69259],[89.63938,24.69259],[89.63936,24.69169],[89.63975,24.6915],[89.63994,24.69077],[89.64033,24.69059],[89.64032,24.69041],[89.64052,24.6904],[89.64051,24.68968],[89.64031,24.68968],[89.6403,24.68932],[89.6399,24.68915],[89.6399,24.68897],[89.6397,24.68897],[89.6397,24.68879],[89.6391,24.6888],[89.63912,24.68952],[89.63892,24.68953],[89.63893,24.68989],[89.63913,24.68988],[89.63913,24.69025],[89.63874,24.69043],[89.63875,24.69061],[89.63855,24.69062],[89.63856,24.69098],[89.63875,24.69097],[89.63876,24.69115],[89.63915,24.69115],[89.63917,24.69169],[89.63877,24.6917],[89.63856,24.69134],[89.63837,24.69134],[89.63836,24.69116],[89.63777,24.69117],[89.63778,24.69153],[89.63758,24.69154],[89.63759,24.69208],[89.63799,24.69207],[89.638,24.69261],[89.6376,24.69262],[89.6376,24.69226],[89.6374,24.69226],[89.63741,24.69298],[89.63781,24.69298],[89.63781,24.69316],[89.6386,24.69314]],[[89.63971,24.68951],[89.64011,24.68951],[89.64011,24.68987],[89.63972,24.68987],[89.63971,24.68951]]]}},{"type":"Feature","properties":{"kind":"land","ha":17.2},"geometry":{"type":"Polygon","coordinates":[[[89.68433,24.69721],[89.68432,24.69702],[89.68472,24.69702],[89.68472,24.69684],[89.68412,24.69685],[89.68413,24.69703],[89.68334,24.69704],[89.68332,24.69632],[89.68352,24.69632],[89.68351,24.69596],[89.68371,24.69595],[89.6837,24.69541],[89.68409,24.69522],[89.68408,24.69486],[89.68447,24.69468],[89.68465,24.69395],[89.68504,24.69376],[89.68504,24.6934],[89.68543,24.69321],[89.68542,24.69303],[89.68562,24.69303],[89.68562,24.69285],[89.68582,24.69285],[89.68581,24.69267],[89.68601,24.69266],[89.686,24.6923],[89.68639,24.69211],[89.68639,24.69193],[89.68659,24.69193],[89.68658,24.69157],[89.68678,24.69157],[89.68677,24.69139],[89.68717,24.69138],[89.68736,24.69101],[89.68755,24.69101],[89.68755,24.69083],[89.68775,24.69083],[89.68774,24.69065],[89.68794,24.69064],[89.68794,24.69046],[89.68814,24.69046],[89.68813,24.69028],[89.68833,24.69027],[89.68832,24.69009],[89.68911,24.6899],[89.68911,24.68972],[89.6897,24.68971],[89.68952,24.69043],[89.68932,24.69044],[89.68933,24.6908],[89.68913,24.6908],[89.68915,24.69152],[89.68934,24.69152],[89.68933,24.69098],[89.68953,24.69098],[89.68952,24.69061],[89.68972,24.69061],[89.68975,24.69205],[89.68916,24.69206],[89.68916,24.69225],[89.68896,24.69225],[89.68898,24.69279],[89.68878,24.69279],[89.68879,24.69315],[89.68839,24.69334],[89.6884,24.69352],[89.6882,24.69353],[89.68821,24.69389],[89.68782,24.69407],[89.68783,24.69444],[89.68743,24.69462],[89.68744,24.6948],[89.68724,24.69481],[89.68724,24.69499],[89.68705,24.69499],[89.68705,24.69517],[89.68685,24.69517],[89.68686,24.69535],[89.68666,24.69536],[89.68666,24.69554],[89.68647,24.69554],[89.68647,24.69572],[89.68627,24.69573],[89.68628,24.69591],[89.68588,24.69591],[89.68569,24.69628],[89.68648,24.69608],[89.68667,24.69572],[89.68686,24.69572],[89.68686,24.69554],[89.68706,24.69553],[89.68705,24.69535],[89.68725,24.69535],[89.68725,24.69517],[89.68745,24.69516],[89.68744,24.69498],[89.68803,24.69497],[89.68822,24.69461],[89.68842,24.6946],[89.68842,24.69442],[89.68862,24.69442],[89.68861,24.69424],[89.68881,24.69424],[89.68881,24.69406],[89.689,24.69405],[89.689,24.69387],[89.6892,24.69387],[89.68918,24.69333],[89.68958,24.69314],[89.68956,24.6926],[89.68976,24.6926],[89.68975,24.69223],[89.69014,24.69205],[89.69014,24.69169],[89.69033,24.69168],[89.69032,24.69078],[89.69051,24.69078],[89.6905,24.69024],[89.69089,24.69005],[89.69089,24.68987],[89.69109,24.68986],[89.69108,24.68968],[89.69128,24.68968],[89.69126,24.68896],[89.69087,24.68897],[89.69066,24.68825],[89.69046,24.68825],[89.69045,24.68789],[89.69065,24.68789],[89.69064,24.68771],[89.69104,24.6877],[89.69123,24.68733],[89.69143,24.68733],[89.69142,24.68715],[89.69162,24.68715],[89.69162,24.68733],[89.69202,24.68732],[89.69181,24.6866],[89.692,24.6866],[89.692,24.68642],[89.69239,24.68641],[89.69238,24.68587],[89.69199,24.68588],[89.6918,24.68624],[89.6916,24.68624],[89.6916,24.68643],[89.69141,24.68643],[89.69141,24.68661],[89.69121,24.68661],[89.69122,24.68679],[89.69102,24.6868],[89.69102,24.68698],[89.69083,24.68698],[89.69083,24.68716],[89.69063,24.68716],[89.69064,24.68735],[89.69044,24.68735],[89.69044,24.68753],[89.69025,24.68753],[89.69025,24.68771],[89.69005,24.68772],[89.69009,24.68934],[89.68949,24.68935],[89.68949,24.68899],[89.68929,24.68899],[89.68929,24.68881],[89.68869,24.68882],[89.6885,24.68919],[89.68811,24.6892],[89.68792,24.68956],[89.68772,24.68956],[89.68772,24.68974],[89.68753,24.68975],[89.68753,24.68993],[89.68733,24.68993],[89.68734,24.69011],[89.68714,24.69012],[89.68714,24.6903],[89.68695,24.6903],[89.68695,24.69048],[89.68675,24.69048],[89.68676,24.69066],[89.68656,24.69067],[89.68656,24.69085],[89.68637,24.69085],[89.68637,24.69121],[89.68598,24.6914],[89.68599,24.69176],[89.6856,24.69195],[89.68561,24.69231],[89.68522,24.6925],[89.68522,24.69268],[89.68502,24.69268],[89.68484,24.69341],[89.68464,24.69341],[89.68465,24.69377],[89.68426,24.69396],[89.68426,24.69414],[89.68407,24.69414],[89.68407,24.6945],[89.68368,24.69469],[89.68369,24.69487],[89.68349,24.69487],[89.68349,24.69505],[89.68329,24.69506],[89.6833,24.69524],[89.6831,24.69524],[89.68311,24.6956],[89.68291,24.69561],[89.68292,24.69615],[89.68273,24.69615],[89.68273,24.69651],[89.68254,24.69652],[89.68255,24.69706],[89.68274,24.69705],[89.68275,24.69723],[89.68433,24.69721]]]}},{"type":"Feature","properties":{"kind":"land","ha":3.9},"geometry":{"type":"Polygon","coordinates":[[[89.65033,24.68698],[89.65052,24.68662],[89.65071,24.68661],[89.65071,24.68625],[89.6511,24.68606],[89.65109,24.68588],[89.65129,24.68588],[89.65128,24.68552],[89.65148,24.68552],[89.65148,24.68533],[89.65167,24.68533],[89.65167,24.68497],[89.65186,24.68497],[89.65185,24.68425],[89.65205,24.68424],[89.65204,24.68388],[89.65224,24.68388],[89.65223,24.68334],[89.65242,24.68333],[89.65241,24.68279],[89.65261,24.68279],[89.6526,24.68261],[89.65221,24.68261],[89.65221,24.68279],[89.65202,24.6828],[89.65204,24.6837],[89.65164,24.68389],[89.65165,24.68407],[89.65106,24.68408],[89.65126,24.68444],[89.65087,24.68462],[89.65087,24.6848],[89.65008,24.68464],[89.64989,24.685],[89.64969,24.68501],[89.6497,24.68519],[89.6495,24.68519],[89.64951,24.68555],[89.6497,24.68555],[89.64971,24.68573],[89.6501,24.68572],[89.6501,24.68554],[89.6503,24.68554],[89.65029,24.68518],[89.65068,24.68499],[89.6505,24.68571],[89.6503,24.68572],[89.65032,24.68644],[89.64992,24.68663],[89.64993,24.68699],[89.65033,24.68698]]]}},{"type":"Feature","properties":{"kind":"land","ha":29.3},"geometry":{"type":"Polygon","coordinates":[[[89.74453,24.69449],[89.74452,24.69413],[89.74472,24.69413],[89.74471,24.69377],[89.74491,24.69376],[89.7449,24.6934],[89.7451,24.6934],[89.74509,24.69304],[89.74529,24.69303],[89.74528,24.69267],[89.74548,24.69267],[89.74546,24.69213],[89.74527,24.69213],[89.74525,24.69123],[89.74544,24.69123],[89.74543,24.69068],[89.74582,24.6905],[89.74582,24.69014],[89.74601,24.69013],[89.746,24.68977],[89.7462,24.68977],[89.74619,24.68941],[89.74639,24.6894],[89.74638,24.68904],[89.74658,24.68904],[89.74657,24.68868],[89.74696,24.68849],[89.74696,24.68813],[89.74735,24.68812],[89.74735,24.68794],[89.74755,24.68794],[89.74756,24.68848],[89.74775,24.68848],[89.74794,24.68811],[89.74775,24.68812],[89.74774,24.68775],[89.74814,24.68793],[89.74833,24.68756],[89.74852,24.68756],[89.74852,24.68738],[89.74872,24.68738],[89.74871,24.68719],[89.74891,24.68719],[89.74891,24.68701],[89.7491,24.68701],[89.7491,24.68683],[89.7493,24.68682],[89.74929,24.68646],[89.74949,24.68646],[89.74948,24.68592],[89.74967,24.68591],[89.74967,24.68555],[89.75006,24.68537],[89.75004,24.68482],[89.74965,24.68465],[89.74963,24.68411],[89.74983,24.68411],[89.74983,24.68393],[89.75023,24.6841],[89.75023,24.68428],[89.75043,24.68428],[89.75043,24.68446],[89.75102,24.68445],[89.75082,24.68409],[89.75062,24.68409],[89.75062,24.68391],[89.75042,24.68391],[89.75042,24.68373],[89.75022,24.68374],[89.75021,24.68356],[89.75061,24.68355],[89.75061,24.68337],[89.7512,24.68336],[89.75119,24.68318],[89.75139,24.68317],[89.75138,24.68281],[89.75099,24.68282],[89.75078,24.68246],[89.75098,24.68246],[89.75098,24.68228],[89.75137,24.68227],[89.75137,24.68209],[89.75176,24.68209],[89.75176,24.6819],[89.75295,24.68206],[89.75295,24.68224],[89.75394,24.68223],[89.75393,24.68205],[89.75492,24.68203],[89.75492,24.68185],[89.7561,24.68183],[89.7561,24.68164],[89.75669,24.68163],[89.75669,24.68145],[89.75708,24.68145],[89.75727,24.68108],[89.75767,24.68107],[89.75766,24.68089],[89.75806,24.68089],[89.75825,24.68052],[89.75844,24.68052],[89.75844,24.68016],[89.75765,24.68017],[89.75764,24.67999],[89.75725,24.68],[89.75725,24.68018],[89.75686,24.68019],[89.75686,24.68037],[89.75647,24.68037],[89.75628,24.68074],[89.75588,24.68075],[89.75569,24.68111],[89.75549,24.68111],[89.7555,24.68129],[89.75491,24.68131],[89.7549,24.68113],[89.75411,24.68114],[89.7541,24.68078],[89.75351,24.68079],[89.75352,24.68097],[89.75312,24.68098],[89.75312,24.68116],[89.75273,24.68117],[89.75273,24.68135],[89.75194,24.68136],[89.75195,24.68154],[89.75155,24.68155],[89.75156,24.68173],[89.75038,24.68193],[89.75038,24.68211],[89.74999,24.68212],[89.74998,24.68194],[89.74978,24.68194],[89.74978,24.68158],[89.75017,24.68139],[89.75016,24.68121],[89.75036,24.68121],[89.75054,24.68048],[89.74995,24.68049],[89.74995,24.68031],[89.74975,24.68032],[89.74956,24.68068],[89.74936,24.68069],[89.74937,24.68087],[89.74917,24.68087],[89.74916,24.68069],[89.74877,24.6807],[89.74878,24.68142],[89.74918,24.68123],[89.7492,24.68213],[89.74959,24.68231],[89.74961,24.68303],[89.74941,24.68303],[89.74942,24.68321],[89.74902,24.68322],[89.74903,24.68358],[89.74863,24.68359],[89.74864,24.68377],[89.74844,24.68377],[89.74846,24.68467],[89.74826,24.68468],[89.74828,24.68522],[89.74808,24.68522],[89.7481,24.68612],[89.74731,24.68614],[89.74732,24.6865],[89.74692,24.68669],[89.74693,24.68687],[89.74653,24.68687],[89.74634,24.68724],[89.74615,24.68724],[89.74615,24.68742],[89.74595,24.68743],[89.74577,24.68815],[89.74557,24.68815],[89.74559,24.6887],[89.74598,24.68869],[89.74599,24.68905],[89.7456,24.68924],[89.74539,24.68888],[89.7452,24.68888],[89.7452,24.68906],[89.745,24.68907],[89.74502,24.68979],[89.74463,24.68998],[89.74463,24.69016],[89.74443,24.69016],[89.74444,24.69034],[89.74424,24.69035],[89.74424,24.69053],[89.74405,24.69053],[89.74405,24.69071],[89.74346,24.69072],[89.74347,24.69108],[89.74327,24.69108],[89.74328,24.69163],[89.74348,24.69162],[89.74348,24.6918],[89.74368,24.6918],[89.74367,24.69162],[89.74407,24.69161],[89.74406,24.69125],[89.74386,24.69125],[89.74386,24.69107],[89.74406,24.69107],[89.74405,24.69089],[89.74445,24.69088],[89.74465,24.69124],[89.74485,24.69124],[89.74486,24.6916],[89.74506,24.69159],[89.74487,24.69196],[89.74467,24.69196],[89.74468,24.69232],[89.74448,24.69233],[89.7445,24.69305],[89.7441,24.69306],[89.74391,24.69342],[89.74371,24.69342],[89.74372,24.69378],[89.74412,24.69396],[89.74412,24.69414],[89.74432,24.69413],[89.74433,24.69449],[89.74453,24.69449]],[[89.74791,24.68667],[89.74811,24.68666],[89.74811,24.68648],[89.7485,24.68666],[89.74832,24.68702],[89.74792,24.68703],[89.74791,24.68667]]]}},{"type":"Feature","properties":{"kind":"land","ha":7.4},"geometry":{"type":"Polygon","coordinates":[[[89.69756,24.68758],[89.69754,24.68686],[89.69774,24.68686],[89.69771,24.68559],[89.69791,24.68559],[89.69789,24.68469],[89.69809,24.68468],[89.69807,24.68414],[89.69847,24.68396],[89.69865,24.68323],[89.69885,24.68323],[89.69884,24.68287],[89.69903,24.68286],[89.69903,24.6825],[89.69922,24.6825],[89.6992,24.68142],[89.6994,24.68141],[89.69939,24.68105],[89.69959,24.68105],[89.69976,24.67996],[89.69996,24.67996],[89.69995,24.67942],[89.70015,24.67941],[89.70014,24.67905],[89.70034,24.67905],[89.70032,24.67851],[89.70052,24.6785],[89.70052,24.67832],[89.69992,24.67833],[89.69992,24.67815],[89.69933,24.67816],[89.69915,24.67925],[89.69896,24.67925],[89.69896,24.67961],[89.69877,24.67962],[89.69879,24.68052],[89.69859,24.68052],[89.6986,24.68088],[89.6984,24.68089],[89.69841,24.68143],[89.69821,24.68143],[89.69806,24.6836],[89.69787,24.68361],[89.69788,24.68433],[89.69768,24.68433],[89.6977,24.68487],[89.6975,24.68488],[89.69753,24.68632],[89.69733,24.68632],[89.69736,24.68759],[89.69756,24.68758]]]}},{"type":"Feature","properties":{"kind":"land","ha":10.6},"geometry":{"type":"Polygon","coordinates":[[[89.68894,24.68196],[89.68893,24.6816],[89.68913,24.6816],[89.68913,24.68142],[89.68952,24.68141],[89.68951,24.68069],[89.68931,24.68069],[89.6893,24.68033],[89.6895,24.68033],[89.68949,24.67997],[89.68969,24.67996],[89.68968,24.67978],[89.68949,24.67978],[89.68947,24.67888],[89.68966,24.67888],[89.68966,24.6787],[89.69006,24.67869],[89.69005,24.67851],[89.69045,24.6785],[89.69044,24.67814],[89.68945,24.67816],[89.68945,24.67798],[89.68925,24.67798],[89.68924,24.67762],[89.68963,24.67744],[89.68963,24.67726],[89.69022,24.67724],[89.69023,24.67743],[89.69062,24.67742],[89.69081,24.67705],[89.69101,24.67705],[89.691,24.67687],[89.6912,24.67687],[89.6912,24.67669],[89.6914,24.67668],[89.69119,24.67632],[89.69099,24.67633],[89.69099,24.67615],[89.69079,24.67615],[89.69079,24.67597],[89.69059,24.67597],[89.69058,24.67561],[89.69038,24.67562],[89.69037,24.67508],[89.69018,24.67508],[89.69017,24.67472],[89.68997,24.67472],[89.68996,24.67418],[89.68976,24.67418],[89.68975,24.67382],[89.68936,24.67401],[89.68918,24.67474],[89.68898,24.67474],[89.68899,24.6751],[89.68879,24.6751],[89.6888,24.67565],[89.68861,24.67565],[89.68862,24.67601],[89.68842,24.67601],[89.68843,24.67674],[89.68863,24.67673],[89.68868,24.67908],[89.68888,24.67907],[89.68888,24.67925],[89.68868,24.67926],[89.68869,24.67962],[89.6885,24.67962],[89.6885,24.6798],[89.6887,24.6798],[89.68871,24.68034],[89.68891,24.68034],[89.68892,24.68124],[89.68873,24.68124],[89.68874,24.68196],[89.68894,24.68196]]]}},{"type":"Feature","properties":{"kind":"land","ha":53.5},"geometry":{"type":"Polygon","coordinates":[[[89.68088,24.69293],[89.68087,24.69275],[89.68127,24.69275],[89.68146,24.69238],[89.68166,24.69238],[89.68165,24.6922],[89.68185,24.6922],[89.68185,24.69202],[89.68204,24.69201],[89.68204,24.69183],[89.68224,24.69183],[89.68223,24.69165],[89.68243,24.69164],[89.68242,24.69128],[89.68281,24.6911],[89.68281,24.69091],[89.68301,24.69091],[89.683,24.69055],[89.6832,24.69055],[89.68319,24.69037],[89.68339,24.69036],[89.68357,24.68964],[89.68396,24.68945],[89.68415,24.68872],[89.68454,24.68854],[89.68453,24.68836],[89.68493,24.68835],[89.68512,24.68799],[89.68532,24.68798],[89.68531,24.6878],[89.68551,24.6878],[89.68551,24.68762],[89.6857,24.68761],[89.6857,24.68743],[89.68609,24.68743],[89.68628,24.68706],[89.68648,24.68706],[89.68648,24.68688],[89.68668,24.68687],[89.68667,24.68651],[89.68706,24.68633],[89.68705,24.68615],[89.68725,24.68614],[89.68725,24.68596],[89.68745,24.68596],[89.68744,24.68578],[89.68764,24.68577],[89.68763,24.68541],[89.68802,24.68523],[89.68802,24.68487],[89.68841,24.68468],[89.6884,24.6845],[89.6886,24.68449],[89.68859,24.68413],[89.68879,24.68413],[89.68896,24.68268],[89.68876,24.68269],[89.68875,24.68251],[89.68895,24.6825],[89.68895,24.68232],[89.68855,24.68233],[89.68856,24.68287],[89.68837,24.68287],[89.68838,24.68323],[89.68798,24.68342],[89.6878,24.68415],[89.68741,24.68433],[89.68742,24.6847],[89.68703,24.68488],[89.68703,24.68506],[89.68683,24.68507],[89.68684,24.68525],[89.68644,24.68525],[89.68625,24.68562],[89.68586,24.68563],[89.68567,24.68599],[89.68547,24.68599],[89.68547,24.68617],[89.68528,24.68618],[89.68528,24.68636],[89.68508,24.68636],[89.68509,24.68654],[89.68489,24.68655],[89.68489,24.68673],[89.6845,24.68673],[89.68431,24.6871],[89.68411,24.6871],[89.68412,24.68728],[89.68392,24.68729],[89.68392,24.68747],[89.68333,24.68748],[89.68314,24.68784],[89.68294,24.68784],[89.68295,24.6882],[89.68256,24.68839],[89.68257,24.68875],[89.68237,24.68876],[89.68237,24.68894],[89.68139,24.68895],[89.68139,24.68914],[89.68099,24.68914],[89.68079,24.68878],[89.68099,24.68878],[89.68095,24.68716],[89.68115,24.68715],[89.68112,24.68589],[89.68093,24.68589],[89.68088,24.68391],[89.68048,24.68374],[89.68048,24.68338],[89.68028,24.68338],[89.68027,24.68284],[89.68007,24.68284],[89.68006,24.68248],[89.67986,24.68248],[89.67985,24.68158],[89.67965,24.68159],[89.67964,24.68122],[89.67944,24.68123],[89.67943,24.68087],[89.67924,24.68087],[89.67922,24.68015],[89.67902,24.68015],[89.67902,24.67979],[89.67882,24.6798],[89.67881,24.67925],[89.67861,24.67926],[89.67859,24.67817],[89.67839,24.67818],[89.67837,24.67728],[89.67817,24.67728],[89.67815,24.67602],[89.67795,24.67602],[89.67793,24.6753],[89.67774,24.6753],[89.67772,24.67476],[89.67753,24.67476],[89.67752,24.6744],[89.67732,24.67441],[89.6773,24.67332],[89.6769,24.67315],[89.6769,24.67297],[89.6767,24.67297],[89.67668,24.67225],[89.67649,24.67226],[89.67647,24.67171],[89.67628,24.67172],[89.6763,24.67262],[89.6761,24.67262],[89.67611,24.67298],[89.67591,24.67299],[89.67614,24.67443],[89.67594,24.67443],[89.67595,24.67479],[89.67575,24.6748],[89.67575,24.67498],[89.67536,24.67498],[89.67535,24.6748],[89.67476,24.67481],[89.67477,24.67517],[89.67457,24.67518],[89.67458,24.67572],[89.67498,24.67589],[89.67499,24.67607],[89.67518,24.67607],[89.67519,24.67625],[89.67539,24.67625],[89.67539,24.67643],[89.67559,24.67642],[89.6758,24.67714],[89.676,24.67714],[89.67622,24.67822],[89.67641,24.67821],[89.67643,24.67894],[89.67663,24.67893],[89.67664,24.67947],[89.67684,24.67947],[89.67685,24.68001],[89.67705,24.68001],[89.67706,24.68073],[89.67726,24.68073],[89.67727,24.68109],[89.67746,24.68108],[89.67747,24.68144],[89.67787,24.68162],[89.67787,24.6818],[89.67807,24.68179],[89.67828,24.68251],[89.67868,24.68269],[89.6787,24.68323],[89.67889,24.68322],[89.6789,24.68358],[89.6791,24.68358],[89.67911,24.68412],[89.67931,24.68412],[89.67931,24.68448],[89.67951,24.68448],[89.67952,24.68484],[89.67972,24.68483],[89.67972,24.68519],[89.67992,24.68519],[89.67994,24.68609],[89.68014,24.68609],[89.68016,24.68717],[89.68036,24.68717],[89.68038,24.68789],[89.68018,24.68789],[89.68019,24.68862],[89.68,24.68862],[89.68006,24.69151],[89.68025,24.6915],[89.68028,24.69277],[89.68068,24.69276],[89.68068,24.69294],[89.68088,24.69293]]]}},{"type":"Feature","properties":{"kind":"land","ha":4.0},"geometry":{"type":"Polygon","coordinates":[[[89.70636,24.67443],[89.70636,24.67425],[89.70655,24.67424],[89.70655,24.67388],[89.70615,24.67371],[89.70614,24.67353],[89.70595,24.67353],[89.70594,24.67335],[89.70574,24.67336],[89.70574,24.67318],[89.70554,24.67318],[89.70553,24.67264],[89.70573,24.67263],[89.7057,24.67137],[89.7055,24.67137],[89.7055,24.67101],[89.7051,24.67102],[89.70511,24.67138],[89.70491,24.67139],[89.70493,24.67211],[89.70473,24.67211],[89.70474,24.67247],[89.70454,24.67247],[89.70456,24.67356],[89.70476,24.67355],[89.70477,24.6741],[89.70497,24.67409],[89.70497,24.67427],[89.70537,24.67426],[89.70537,24.67445],[89.70636,24.67443]]]}},{"type":"Feature","properties":{"kind":"land","ha":39.1},"geometry":{"type":"Polygon","coordinates":[[[89.75533,24.67354],[89.75532,24.673],[89.75551,24.67299],[89.7555,24.67245],[89.7551,24.67228],[89.75507,24.67065],[89.75487,24.67066],[89.75485,24.66976],[89.75505,24.66975],[89.75504,24.66939],[89.75543,24.6692],[89.75543,24.66902],[89.75582,24.66902],[89.75603,24.66937],[89.75682,24.66936],[89.75681,24.66918],[89.75701,24.66917],[89.757,24.66863],[89.7572,24.66863],[89.75719,24.66827],[89.75798,24.66825],[89.75798,24.66843],[89.75818,24.66843],[89.75819,24.66915],[89.75879,24.66914],[89.75878,24.66896],[89.75918,24.66895],[89.75918,24.66913],[89.75938,24.66913],[89.75939,24.66949],[89.75978,24.66948],[89.75999,24.66984],[89.76018,24.66984],[89.75996,24.66876],[89.76016,24.66876],[89.76015,24.66839],[89.76035,24.66839],[89.76034,24.66785],[89.76054,24.66785],[89.76052,24.66712],[89.76032,24.66713],[89.76031,24.66677],[89.75992,24.66677],[89.75973,24.66714],[89.75934,24.66715],[89.75934,24.66733],[89.75875,24.66734],[89.75856,24.6677],[89.75836,24.66771],[89.75835,24.66734],[89.75855,24.66734],[89.75854,24.66698],[89.75815,24.66717],[89.75815,24.66735],[89.75796,24.66735],[89.75796,24.66753],[89.75737,24.66754],[89.75737,24.66772],[89.75718,24.66773],[89.75717,24.66737],[89.75658,24.66738],[89.75658,24.66756],[89.75618,24.66756],[89.75618,24.6672],[89.75637,24.6672],[89.75636,24.66666],[89.75675,24.66647],[89.75675,24.66629],[89.75655,24.66629],[89.75654,24.66557],[89.75614,24.66558],[89.75614,24.66576],[89.75555,24.66577],[89.75555,24.66559],[89.75535,24.66559],[89.75532,24.66397],[89.75512,24.66397],[89.75511,24.66379],[89.75472,24.6638],[89.75451,24.66344],[89.75432,24.66345],[89.75431,24.66309],[89.75391,24.66291],[89.7539,24.66255],[89.7537,24.66256],[89.75351,24.66292],[89.75332,24.66292],[89.75332,24.6631],[89.75312,24.66311],[89.75313,24.66347],[89.75274,24.66366],[89.75274,24.66384],[89.75255,24.66384],[89.75255,24.6642],[89.75216,24.66439],[89.75217,24.66457],[89.75197,24.66457],[89.75197,24.66475],[89.75178,24.66476],[89.75179,24.66512],[89.75159,24.66512],[89.75159,24.6653],[89.75199,24.6653],[89.75198,24.66511],[89.75257,24.6651],[89.75257,24.66492],[89.75297,24.66492],[89.75296,24.66474],[89.75316,24.66473],[89.75316,24.66491],[89.75336,24.66491],[89.75337,24.66527],[89.75278,24.66528],[89.75278,24.66546],[89.75258,24.66546],[89.7526,24.66637],[89.75241,24.66637],[89.75241,24.66673],[89.75222,24.66674],[89.75222,24.66692],[89.75182,24.66674],[89.75182,24.66656],[89.75142,24.66657],[89.75143,24.66675],[89.75123,24.66675],[89.75124,24.66729],[89.75104,24.6673],[89.75105,24.66748],[89.75124,24.66747],[89.75125,24.66784],[89.75145,24.66783],[89.75146,24.66819],[89.75225,24.66818],[89.75225,24.66836],[89.75245,24.66836],[89.75248,24.66962],[89.75228,24.66962],[89.75229,24.66998],[89.75268,24.66998],[89.75289,24.67033],[89.75308,24.67033],[89.75309,24.67069],[89.75349,24.67086],[89.7535,24.67104],[89.75369,24.67104],[89.7537,24.67122],[89.75389,24.67122],[89.7539,24.6714],[89.7541,24.67139],[89.7541,24.67157],[89.7543,24.67157],[89.75431,24.67229],[89.75451,24.67229],[89.75452,24.67265],[89.75472,24.67265],[89.75472,24.67283],[89.75492,24.67282],[89.75493,24.67354],[89.75533,24.67354]],[[89.75242,24.66709],[89.75262,24.66709],[89.75263,24.66745],[89.75243,24.66745],[89.75242,24.66709]]]}},{"type":"Feature","properties":{"kind":"land","ha":29.3},"geometry":{"type":"Polygon","coordinates":[[[89.7013,24.67777],[89.70128,24.67723],[89.70148,24.67722],[89.70147,24.67686],[89.70167,24.67686],[89.70166,24.6765],[89.70205,24.67631],[89.70205,24.67613],[89.70225,24.67613],[89.70223,24.67522],[89.70262,24.67504],[89.70241,24.67432],[89.70221,24.67432],[89.70216,24.67216],[89.70236,24.67215],[89.70234,24.67107],[89.70253,24.67107],[89.70251,24.67016],[89.70271,24.67016],[89.7027,24.6698],[89.70251,24.6698],[89.70249,24.66908],[89.70229,24.66909],[89.70227,24.668],[89.70247,24.668],[89.70263,24.66655],[89.70283,24.66655],[89.70282,24.66601],[89.70302,24.666],[89.703,24.66528],[89.7032,24.66528],[89.70318,24.66456],[89.70338,24.66455],[89.70337,24.66401],[89.70357,24.66401],[89.70356,24.66347],[89.70375,24.66346],[89.70374,24.66292],[89.70394,24.66292],[89.70393,24.66238],[89.70412,24.66237],[89.70412,24.66201],[89.70431,24.66201],[89.7043,24.66147],[89.7041,24.66147],[89.70411,24.66183],[89.70391,24.66184],[89.70392,24.6622],[89.70373,24.6622],[89.70373,24.66256],[89.70334,24.66275],[89.70316,24.66347],[89.70277,24.66366],[89.70278,24.66402],[89.70258,24.66403],[89.7026,24.66475],[89.7024,24.66475],[89.70241,24.66511],[89.70221,24.66512],[89.70222,24.66548],[89.70202,24.66548],[89.70203,24.66584],[89.70183,24.66585],[89.70184,24.66621],[89.70164,24.66621],[89.70165,24.66657],[89.70145,24.66657],[89.70146,24.66694],[89.70126,24.66694],[89.70127,24.6673],[89.70107,24.6673],[89.70109,24.66839],[89.7009,24.66839],[89.70091,24.66893],[89.70071,24.66893],[89.70055,24.67074],[89.70035,24.67075],[89.70037,24.67129],[89.70017,24.67129],[89.70018,24.67201],[89.69999,24.67202],[89.70001,24.67292],[89.69981,24.67292],[89.69982,24.67364],[89.69963,24.67365],[89.69964,24.67419],[89.69944,24.67419],[89.69946,24.67491],[89.69965,24.67491],[89.69966,24.67527],[89.69946,24.67527],[89.6995,24.6769],[89.6997,24.67689],[89.6997,24.67725],[89.7001,24.67725],[89.7001,24.67743],[89.7007,24.67742],[89.7007,24.6776],[89.70109,24.67759],[89.7011,24.67777],[89.7013,24.67777]]]}},{"type":"Feature","properties":{"kind":"land","ha":12.4},"geometry":{"type":"Polygon","coordinates":[[[89.67341,24.66708],[89.67341,24.6669],[89.6738,24.66689],[89.6738,24.66671],[89.67459,24.66669],[89.67458,24.66651],[89.67498,24.66651],[89.67498,24.66633],[89.67517,24.66632],[89.67496,24.6656],[89.67457,24.66561],[89.67456,24.66525],[89.67495,24.66524],[89.67495,24.66488],[89.67455,24.66471],[89.67454,24.66435],[89.67474,24.66434],[89.67473,24.66416],[89.67532,24.66415],[89.67533,24.66433],[89.67553,24.66433],[89.67553,24.66451],[89.67533,24.66451],[89.67535,24.66524],[89.67555,24.66523],[89.67553,24.66469],[89.67592,24.6645],[89.67611,24.66378],[89.6763,24.66378],[89.67629,24.66323],[89.67649,24.66323],[89.67647,24.66233],[89.67667,24.66233],[89.67666,24.66196],[89.67686,24.66196],[89.67684,24.66124],[89.67704,24.66124],[89.67703,24.66069],[89.67663,24.6607],[89.67644,24.66107],[89.67625,24.66107],[89.67625,24.66125],[89.67586,24.66126],[89.67585,24.6609],[89.67546,24.66108],[89.67546,24.66144],[89.67527,24.66145],[89.67528,24.66199],[89.67508,24.66199],[89.67509,24.66235],[89.67469,24.66236],[89.6747,24.66272],[89.6745,24.66272],[89.67452,24.66345],[89.67432,24.66345],[89.67433,24.66363],[89.67393,24.66364],[89.67393,24.66346],[89.67353,24.66346],[89.67353,24.66328],[89.67333,24.66329],[89.67334,24.66383],[89.67354,24.66382],[89.67355,24.66419],[89.67335,24.66419],[89.67336,24.66455],[89.67316,24.66455],[89.67317,24.66491],[89.67297,24.66492],[89.67299,24.66564],[89.67259,24.66565],[89.6726,24.66601],[89.6724,24.66601],[89.67242,24.66673],[89.67261,24.66673],[89.67263,24.66727],[89.67341,24.66708]],[[89.67339,24.66617],[89.67319,24.66618],[89.67318,24.66546],[89.67397,24.66526],[89.67398,24.6658],[89.67378,24.66581],[89.67379,24.66617],[89.6734,24.66635],[89.67339,24.66617]],[[89.67529,24.66253],[89.67568,24.66252],[89.6757,24.66306],[89.6753,24.66307],[89.67529,24.66253]],[[89.6749,24.66272],[89.6751,24.66271],[89.6751,24.66289],[89.6749,24.6629],[89.6749,24.66272]]]}},{"type":"Feature","properties":{"kind":"land","ha":13.6},"geometry":{"type":"Polygon","coordinates":[[[89.6892,24.66625],[89.68918,24.66553],[89.68898,24.66553],[89.68898,24.66517],[89.68917,24.66517],[89.68915,24.66427],[89.68896,24.66427],[89.68894,24.66337],[89.68874,24.66337],[89.68869,24.66121],[89.68829,24.66103],[89.68826,24.65941],[89.68806,24.65941],[89.68805,24.65887],[89.68785,24.65888],[89.68784,24.65833],[89.68764,24.65834],[89.68763,24.6578],[89.68743,24.6578],[89.68742,24.65708],[89.68722,24.65708],[89.6872,24.656],[89.687,24.656],[89.68699,24.65564],[89.68738,24.65546],[89.68738,24.65527],[89.68758,24.65527],[89.68754,24.65365],[89.68735,24.65365],[89.68734,24.65329],[89.68714,24.65329],[89.68713,24.65275],[89.68693,24.65276],[89.68692,24.65239],[89.68673,24.6524],[89.68672,24.65204],[89.68652,24.65204],[89.68651,24.65168],[89.68611,24.65151],[89.68617,24.65385],[89.68636,24.65385],[89.68639,24.65493],[89.68619,24.65494],[89.6862,24.65566],[89.6864,24.65565],[89.68641,24.65619],[89.68661,24.65619],[89.68662,24.65673],[89.68682,24.65673],[89.68683,24.65745],[89.68703,24.65745],[89.68705,24.65835],[89.68725,24.65835],[89.68726,24.65889],[89.68746,24.65888],[89.68755,24.66339],[89.68775,24.66339],[89.68776,24.66393],[89.68816,24.66411],[89.68817,24.66429],[89.68836,24.66428],[89.68837,24.66464],[89.68857,24.66464],[89.68858,24.66518],[89.68878,24.66518],[89.68879,24.6659],[89.68899,24.6659],[89.689,24.66626],[89.6892,24.66625]]]}},{"type":"Feature","properties":{"kind":"land","ha":5.7},"geometry":{"type":"Polygon","coordinates":[[[89.70843,24.65129],[89.70842,24.65111],[89.70862,24.6511],[89.70858,24.64912],[89.70838,24.64912],[89.70837,24.64858],[89.70817,24.64858],[89.70816,24.64822],[89.70797,24.64823],[89.70796,24.64805],[89.70717,24.64806],[89.70718,24.64824],[89.70678,24.64825],[89.70679,24.64861],[89.70659,24.64861],[89.7066,24.64879],[89.7064,24.6488],[89.70641,24.64916],[89.70621,24.64916],[89.70622,24.6497],[89.70583,24.64989],[89.70584,24.65025],[89.70564,24.65025],[89.70564,24.65043],[89.70643,24.65024],[89.70643,24.65006],[89.70682,24.65005],[89.70681,24.64969],[89.7072,24.6495],[89.70722,24.65004],[89.70741,24.65004],[89.70742,24.6504],[89.70762,24.6504],[89.70763,24.65076],[89.70782,24.65076],[89.70783,24.65112],[89.70803,24.65111],[89.70803,24.65129],[89.70843,24.65129]]]}},{"type":"Feature","properties":{"kind":"land","ha":6.8},"geometry":{"type":"Polygon","coordinates":[[[89.7722,24.6503],[89.77239,24.64994],[89.77258,24.64994],[89.77259,24.65012],[89.77338,24.6501],[89.77338,24.65028],[89.77377,24.65009],[89.77376,24.64955],[89.77356,24.64956],[89.77355,24.64883],[89.77315,24.64866],[89.77314,24.64848],[89.77334,24.64848],[89.77333,24.64812],[89.77393,24.64811],[89.77411,24.64774],[89.77431,24.64774],[89.77431,24.64756],[89.77451,24.64755],[89.77449,24.64665],[89.77389,24.64666],[89.7739,24.64702],[89.7741,24.64702],[89.7741,24.6472],[89.77391,24.6472],[89.77391,24.64738],[89.77351,24.64721],[89.77351,24.64703],[89.77331,24.64703],[89.77312,24.6474],[89.77292,24.6474],[89.77293,24.64758],[89.77253,24.64759],[89.77234,24.64795],[89.77214,24.64796],[89.77215,24.64814],[89.77195,24.64814],[89.77196,24.64832],[89.77176,24.64833],[89.77177,24.64869],[89.77137,24.64887],[89.77138,24.64906],[89.77098,24.64906],[89.77099,24.64924],[89.77079,24.64925],[89.7708,24.64979],[89.77159,24.64977],[89.7716,24.64995],[89.77179,24.64995],[89.7718,24.65031],[89.7722,24.6503]]]}},{"type":"Feature","properties":{"kind":"land","ha":35.4},"geometry":{"type":"Polygon","coordinates":[[[89.75737,24.64967],[89.75718,24.65004],[89.75698,24.65004],[89.75699,24.65022],[89.75679,24.65023],[89.7568,24.65059],[89.75641,24.65077],[89.75641,24.65096],[89.75621,24.65096],[89.75622,24.65114],[89.75602,24.65114],[89.75602,24.65132],[89.75563,24.65133],[89.75544,24.65169],[89.75524,24.6517],[89.75525,24.65188],[89.75505,24.65188],[89.75505,24.65206],[89.75486,24.65207],[89.75486,24.65225],[89.75447,24.65225],[89.75447,24.65243],[89.75427,24.65244],[89.7541,24.65352],[89.7545,24.6537],[89.7545,24.65388],[89.7543,24.65388],[89.75431,24.65424],[89.75392,24.65425],[89.7539,24.65371],[89.75371,24.65371],[89.75371,24.65389],[89.75351,24.6539],[89.75352,24.65426],[89.75313,24.65426],[89.75294,24.65463],[89.75274,24.65463],[89.75275,24.65499],[89.75255,24.655],[89.75256,24.65554],[89.75217,24.65555],[89.75217,24.65573],[89.75257,24.65572],[89.75257,24.65608],[89.75277,24.65608],[89.75278,24.65662],[89.75239,24.65662],[89.75238,24.65644],[89.75219,24.65645],[89.75218,24.65591],[89.75198,24.65591],[89.75198,24.65609],[89.75178,24.65609],[89.75179,24.65645],[89.7514,24.65664],[89.75141,24.65682],[89.75121,24.65683],[89.75122,24.65737],[89.75083,24.65756],[89.75065,24.65828],[89.75026,24.65847],[89.75026,24.65883],[89.75007,24.65883],[89.75008,24.65937],[89.74969,24.65956],[89.7497,24.65992],[89.74931,24.66011],[89.74912,24.66084],[89.74893,24.66084],[89.74894,24.66138],[89.74855,24.66157],[89.74837,24.66229],[89.74817,24.6623],[89.74818,24.66284],[89.74779,24.66303],[89.74761,24.66375],[89.74741,24.66375],[89.74742,24.66412],[89.74722,24.66412],[89.74723,24.66466],[89.74703,24.66466],[89.74704,24.66502],[89.74685,24.66503],[89.74685,24.66539],[89.74646,24.66558],[89.74628,24.6663],[89.74589,24.66649],[89.7459,24.66685],[89.74551,24.66704],[89.74532,24.66776],[89.74493,24.66795],[89.74475,24.66868],[89.74455,24.66868],[89.74456,24.66904],[89.74437,24.66904],[89.74437,24.66941],[89.74418,24.66941],[89.74418,24.66977],[89.74457,24.66958],[89.74457,24.6694],[89.74477,24.6694],[89.74495,24.66867],[89.74515,24.66867],[89.74514,24.66831],[89.74534,24.6683],[89.74533,24.66794],[89.74572,24.66776],[89.74572,24.66758],[89.74591,24.66757],[89.74591,24.66739],[89.74611,24.66739],[89.74629,24.66666],[89.74668,24.66648],[89.74686,24.66575],[89.74725,24.66556],[89.74743,24.66484],[89.74763,24.66483],[89.74762,24.66447],[89.74782,24.66447],[89.74781,24.66411],[89.7482,24.66392],[89.7482,24.66374],[89.7484,24.66374],[89.74839,24.66338],[89.74878,24.66319],[89.74878,24.66301],[89.74897,24.663],[89.74916,24.66228],[89.74955,24.66209],[89.74954,24.66173],[89.74974,24.66173],[89.74973,24.66155],[89.74993,24.66154],[89.74992,24.66118],[89.75031,24.66099],[89.7503,24.66063],[89.75069,24.66045],[89.75068,24.6599],[89.75107,24.65972],[89.75107,24.65936],[89.75146,24.65917],[89.75145,24.65899],[89.75165,24.65898],[89.75165,24.6588],[89.75184,24.6588],[89.75184,24.65862],[89.75204,24.65862],[89.75203,24.65826],[89.75242,24.65807],[89.75242,24.65789],[89.75261,24.65788],[89.7528,24.65716],[89.75299,24.65715],[89.75298,24.65679],[89.75338,24.65661],[89.75337,24.65643],[89.75377,24.65642],[89.75396,24.65605],[89.75415,24.65605],[89.75415,24.65587],[89.75454,24.65586],[89.75454,24.65568],[89.75474,24.65568],[89.75473,24.65532],[89.75512,24.65513],[89.75512,24.65495],[89.75531,24.65495],[89.75531,24.65477],[89.75551,24.65476],[89.7555,24.65458],[89.7557,24.65458],[89.7557,24.6544],[89.75589,24.65439],[89.75589,24.65421],[89.75609,24.65421],[89.75608,24.65385],[89.75647,24.65366],[89.75646,24.6533],[89.75685,24.65311],[89.75685,24.65275],[89.75704,24.65275],[89.75704,24.65257],[89.75743,24.65256],[89.75743,24.65238],[89.75763,24.65238],[89.75762,24.65202],[89.75801,24.65183],[89.75801,24.65165],[89.7582,24.65164],[89.7582,24.65146],[89.7584,24.65146],[89.75839,24.6511],[89.75878,24.65091],[89.75877,24.65055],[89.75897,24.65055],[89.75896,24.65019],[89.75935,24.65],[89.75935,24.64982],[89.75955,24.64981],[89.75954,24.64963],[89.75974,24.64963],[89.75974,24.64945],[89.75993,24.64945],[89.75993,24.64927],[89.76013,24.64926],[89.76011,24.64872],[89.76031,24.64872],[89.7603,24.64836],[89.7605,24.64835],[89.76049,24.64799],[89.76088,24.6478],[89.76088,24.64744],[89.76127,24.64744],[89.76128,24.64762],[89.76147,24.64761],[89.76145,24.64671],[89.76184,24.64652],[89.76184,24.64616],[89.76145,24.64635],[89.76145,24.64653],[89.76125,24.64653],[89.76126,24.64671],[89.76106,24.64672],[89.76106,24.6469],[89.76086,24.6469],[89.76087,24.64708],[89.76067,24.64709],[89.76068,24.64727],[89.76048,24.64727],[89.76048,24.64745],[89.7597,24.64765],[89.7597,24.64783],[89.75911,24.64784],[89.75911,24.64802],[89.75891,24.64802],[89.75893,24.64856],[89.75854,24.64875],[89.75854,24.64893],[89.75834,24.64893],[89.75835,24.64911],[89.75815,24.64912],[89.75815,24.6493],[89.75796,24.6493],[89.75796,24.64948],[89.75776,24.64949],[89.75777,24.64967],[89.75737,24.64967]],[[89.75796,24.64966],[89.75797,24.64984],[89.75777,24.64985],[89.75777,24.64967],[89.75796,24.64966]],[[89.75124,24.65827],[89.75104,24.65827],[89.75103,24.65773],[89.75143,24.65772],[89.75143,24.65809],[89.75163,24.65808],[89.75163,24.65826],[89.75124,24.65845],[89.75124,24.65827]],[[89.7516,24.65682],[89.7518,24.65682],[89.75181,24.65718],[89.75201,24.65717],[89.75201,24.65735],[89.75161,24.65736],[89.7516,24.65682]],[[89.75239,24.6568],[89.75259,24.6568],[89.75259,24.65698],[89.7524,24.65699],[89.75239,24.6568]],[[89.75355,24.6557],[89.75336,24.6557],[89.75335,24.65534],[89.75374,24.65534],[89.75395,24.65569],[89.75356,24.65588],[89.75355,24.6557]],[[89.75566,24.65277],[89.75606,24.65277],[89.75606,24.65313],[89.75567,24.65313],[89.75566,24.65277]],[[89.7576,24.65111],[89.7578,24.65111],[89.7578,24.65129],[89.7576,24.65129],[89.7576,24.65111]],[[89.75738,24.65003],[89.75777,24.65003],[89.75778,24.65039],[89.75739,24.6504],[89.75738,24.65003]]]}},{"type":"Feature","properties":{"kind":"land","ha":8.9},"geometry":{"type":"Polygon","coordinates":[[[89.68325,24.64668],[89.68323,24.64596],[89.68303,24.64597],[89.68303,24.64561],[89.68342,24.64578],[89.68343,24.64596],[89.68382,24.64595],[89.68379,24.64451],[89.68399,24.64451],[89.68396,24.64324],[89.68377,24.64325],[89.68376,24.64307],[89.68337,24.64307],[89.68318,24.64344],[89.68298,24.64344],[89.68298,24.64362],[89.68279,24.64362],[89.68279,24.6438],[89.68259,24.64381],[89.6826,24.64399],[89.6824,24.64399],[89.6824,24.64417],[89.68201,24.64418],[89.682,24.644],[89.68121,24.64401],[89.68121,24.64383],[89.68082,24.64384],[89.68081,24.64366],[89.68022,24.64367],[89.68023,24.64403],[89.68003,24.64403],[89.68003,24.64385],[89.67963,24.64386],[89.67965,24.64476],[89.67985,24.64476],[89.67985,24.64494],[89.67965,24.64494],[89.67967,24.64585],[89.67948,24.64585],[89.67949,24.64639],[89.67988,24.6462],[89.67987,24.64584],[89.68007,24.64584],[89.68003,24.64421],[89.68043,24.64421],[89.68044,24.64457],[89.68063,24.64457],[89.68065,24.64547],[89.68085,24.64546],[89.68085,24.64564],[89.68066,24.64565],[89.68066,24.64601],[89.68047,24.64601],[89.68047,24.64619],[89.68067,24.64619],[89.68067,24.64637],[89.68107,24.64636],[89.68106,24.64618],[89.68126,24.64618],[89.68124,24.6451],[89.68144,24.64509],[89.68143,24.64473],[89.68222,24.64472],[89.68222,24.64508],[89.68242,24.64507],[89.68243,24.64526],[89.68204,24.64544],[89.68204,24.64562],[89.68224,24.64562],[89.68224,24.64598],[89.68244,24.64598],[89.68245,24.64616],[89.68264,24.64615],[89.68265,24.6467],[89.68325,24.64668]]]}},{"type":"Feature","properties":{"kind":"land","ha":22.5},"geometry":{"type":"Polygon","coordinates":[[[89.67482,24.64954],[89.67481,24.64936],[89.67521,24.64936],[89.6752,24.64917],[89.6756,24.64917],[89.67559,24.64881],[89.67579,24.6488],[89.67576,24.64772],[89.67537,24.64791],[89.67517,24.64755],[89.67497,24.64755],[89.67497,24.64737],[89.67477,24.64738],[89.67476,24.64684],[89.67515,24.64665],[89.67514,24.64647],[89.67554,24.64646],[89.67554,24.64628],[89.67573,24.64628],[89.67575,24.64718],[89.67556,24.64718],[89.67556,24.64736],[89.67596,24.64754],[89.67595,24.64736],[89.67635,24.64735],[89.67635,24.64753],[89.67655,24.64753],[89.67638,24.64861],[89.67677,24.64879],[89.67678,24.64897],[89.67717,24.64896],[89.67717,24.64878],[89.67737,24.64878],[89.67736,24.64841],[89.67696,24.64842],[89.67696,24.64824],[89.67676,24.64824],[89.67695,24.64788],[89.67715,24.64788],[89.67714,24.64734],[89.67734,24.64733],[89.67732,24.64679],[89.67713,24.64679],[89.67712,24.64643],[89.67732,24.64643],[89.6773,24.64571],[89.6771,24.64571],[89.6771,24.64535],[89.67769,24.64534],[89.6777,24.64606],[89.6779,24.64606],[89.6779,24.64624],[89.6785,24.64623],[89.67847,24.64515],[89.67828,24.64515],[89.67825,24.64407],[89.67806,24.64407],[89.67804,24.64353],[89.67824,24.64352],[89.67822,24.64262],[89.67921,24.64261],[89.6792,24.64206],[89.679,24.64207],[89.67898,24.64117],[89.67859,24.64117],[89.6786,24.64171],[89.6784,24.64172],[89.6784,24.6419],[89.67781,24.64191],[89.67782,24.64209],[89.67742,24.6421],[89.67743,24.64228],[89.67703,24.64228],[89.67684,24.64265],[89.67664,24.64265],[89.67665,24.64283],[89.67645,24.64283],[89.67645,24.64302],[89.67626,24.64302],[89.67626,24.6432],[89.67606,24.6432],[89.67607,24.64338],[89.67587,24.64339],[89.67588,24.64375],[89.67549,24.64393],[89.67549,24.6443],[89.67471,24.64467],[89.67472,24.64503],[89.67452,24.64504],[89.67454,24.64612],[89.67474,24.64611],[89.67475,24.64629],[89.67455,24.6463],[89.67455,24.64648],[89.67436,24.64648],[89.67434,24.64576],[89.67395,24.64595],[89.67395,24.64613],[89.67376,24.64613],[89.67376,24.64631],[89.67356,24.64632],[89.67357,24.64668],[89.67337,24.64668],[89.67338,24.64704],[89.67318,24.64704],[89.67319,24.64741],[89.67299,24.64741],[89.673,24.64759],[89.67319,24.64759],[89.67321,24.64813],[89.6736,24.6483],[89.67362,24.6492],[89.67402,24.64938],[89.67403,24.64956],[89.67482,24.64954]],[[89.67611,24.64537],[89.6765,24.64518],[89.67649,24.64464],[89.67609,24.64447],[89.67609,24.64429],[89.67648,24.6441],[89.67647,24.64392],[89.67687,24.64391],[89.67671,24.64572],[89.67593,24.64609],[89.67611,24.64537]]]}},{"type":"Feature","properties":{"kind":"land","ha":6.2},"geometry":{"type":"Polygon","coordinates":[[[89.70443,24.64901],[89.70442,24.64865],[89.70462,24.64865],[89.70479,24.64756],[89.70499,24.64756],[89.70497,24.64666],[89.70517,24.64665],[89.70516,24.64629],[89.70536,24.64629],[89.70535,24.64611],[89.70555,24.6461],[89.70554,24.64574],[89.70574,24.64574],[89.70572,24.64502],[89.70592,24.64501],[89.7059,24.64411],[89.7061,24.64411],[89.70609,24.64357],[89.70629,24.64356],[89.70627,24.64266],[89.70646,24.64266],[89.70643,24.64121],[89.70663,24.64121],[89.70662,24.64085],[89.70682,24.64085],[89.7068,24.63976],[89.70699,24.63976],[89.70699,24.63958],[89.70738,24.63957],[89.70757,24.63921],[89.70777,24.63921],[89.70777,24.63902],[89.70797,24.63902],[89.70795,24.6383],[89.70736,24.63831],[89.70736,24.63849],[89.70716,24.63849],[89.70717,24.63885],[89.70697,24.63886],[89.70698,24.63904],[89.70718,24.63904],[89.70718,24.6394],[89.70679,24.6394],[89.7066,24.63977],[89.7064,24.63977],[89.70641,24.64031],[89.70622,24.64032],[89.70624,24.64122],[89.70604,24.64122],[89.70605,24.64176],[89.70585,24.64177],[89.70569,24.64321],[89.70549,24.64322],[89.70533,24.64503],[89.70513,24.64503],[89.70514,24.64557],[89.70495,24.64557],[89.70496,24.6463],[89.70477,24.6463],[89.70478,24.64702],[89.70458,24.64702],[89.70459,24.64757],[89.7044,24.64757],[89.70441,24.64811],[89.70421,24.64811],[89.70423,24.64902],[89.70443,24.64901]]]}},{"type":"Feature","properties":{"kind":"land","ha":4.0},"geometry":{"type":"Polygon","coordinates":[[[89.68295,24.642],[89.68294,24.64164],[89.68314,24.64163],[89.68313,24.64109],[89.68332,24.64109],[89.68331,24.64019],[89.6837,24.64],[89.68368,24.6391],[89.68348,24.6391],[89.68347,24.63874],[89.68327,24.63874],[89.68327,24.63838],[89.68287,24.63839],[89.68288,24.63875],[89.68268,24.63875],[89.68269,24.63893],[89.68229,24.63894],[89.68232,24.64038],[89.68212,24.64039],[89.68214,24.64093],[89.68233,24.64092],[89.68235,24.64183],[89.68255,24.64182],[89.68256,24.64218],[89.68295,24.642]]]}},{"type":"Feature","properties":{"kind":"land","ha":4.8},"geometry":{"type":"Polygon","coordinates":[[[89.78769,24.63666],[89.78786,24.63521],[89.78746,24.63522],[89.78746,24.63486],[89.78785,24.63467],[89.78784,24.63449],[89.78824,24.63448],[89.78843,24.63412],[89.78862,24.63412],[89.78861,24.63339],[89.789,24.63321],[89.78899,24.63303],[89.78919,24.63302],[89.78918,24.63266],[89.78859,24.63267],[89.7886,24.63303],[89.7884,24.63304],[89.78841,24.63322],[89.78722,24.63324],[89.78723,24.63342],[89.78683,24.63343],[89.78686,24.63469],[89.78706,24.63469],[89.78708,24.63577],[89.78669,24.63596],[89.78651,24.63668],[89.78769,24.63666]]]}},{"type":"Feature","properties":{"kind":"land","ha":23.9},"geometry":{"type":"Polygon","coordinates":[[[89.71065,24.65359],[89.71063,24.65287],[89.71083,24.65287],[89.71082,24.65251],[89.71102,24.6525],[89.71101,24.65178],[89.7112,24.65178],[89.71119,24.65124],[89.71158,24.65105],[89.71176,24.65032],[89.71196,24.65032],[89.71195,24.6496],[89.71214,24.6496],[89.71213,24.64905],[89.71233,24.64905],[89.71232,24.64851],[89.71251,24.64851],[89.7125,24.64778],[89.71289,24.6476],[89.71307,24.64687],[89.71327,24.64687],[89.71326,24.64651],[89.71346,24.6465],[89.71345,24.64614],[89.71365,24.64614],[89.71364,24.64578],[89.71384,24.64577],[89.71383,24.64541],[89.71403,24.64541],[89.714,24.64415],[89.7142,24.64414],[89.71419,24.6436],[89.71438,24.6436],[89.71436,24.64252],[89.71456,24.64251],[89.71454,24.64179],[89.71474,24.64179],[89.71473,24.64125],[89.71493,24.64124],[89.71491,24.6407],[89.71511,24.6407],[89.71508,24.63943],[89.71528,24.63943],[89.71525,24.63781],[89.71544,24.6378],[89.71542,24.63654],[89.71561,24.63654],[89.71558,24.63491],[89.71578,24.63491],[89.71576,24.63437],[89.71596,24.63436],[89.71595,24.63382],[89.71615,24.63382],[89.71613,24.63292],[89.71632,24.63291],[89.7163,24.63183],[89.7165,24.63183],[89.71648,24.63093],[89.71668,24.63092],[89.71666,24.63002],[89.71685,24.63002],[89.71684,24.62947],[89.71704,24.62947],[89.71703,24.62893],[89.71683,24.62893],[89.71684,24.62929],[89.71664,24.6293],[89.71665,24.62966],[89.71645,24.62966],[89.71646,24.63002],[89.71626,24.63003],[89.71627,24.63039],[89.71588,24.63039],[89.71588,24.63076],[89.71569,24.63076],[89.71589,24.63112],[89.71609,24.63111],[89.71611,24.6322],[89.71591,24.6322],[89.71592,24.63256],[89.71572,24.63256],[89.71573,24.63274],[89.71553,24.63275],[89.71555,24.63365],[89.71535,24.63365],[89.71536,24.63401],[89.71516,24.63402],[89.71518,24.63474],[89.71498,24.63474],[89.71499,24.63528],[89.7148,24.63529],[89.71463,24.63673],[89.71443,24.63674],[89.71445,24.63764],[89.71425,24.63764],[89.71427,24.63855],[89.71408,24.63855],[89.71409,24.63927],[89.7139,24.63928],[89.71391,24.64],[89.71371,24.64],[89.71374,24.64144],[89.71355,24.64145],[89.71356,24.64199],[89.71336,24.64199],[89.71337,24.64235],[89.71317,24.64236],[89.71319,24.64308],[89.71299,24.64308],[89.713,24.64344],[89.7128,24.64345],[89.71281,24.64381],[89.71261,24.64381],[89.71264,24.64507],[89.71244,24.64508],[89.71244,24.64526],[89.71264,24.64525],[89.71265,24.64543],[89.71245,24.64544],[89.71247,24.64634],[89.71227,24.64634],[89.71228,24.64689],[89.71208,24.64689],[89.71209,24.64725],[89.7119,24.64725],[89.71173,24.6487],[89.71153,24.6487],[89.71154,24.64924],[89.71135,24.64925],[89.71136,24.64979],[89.71116,24.64979],[89.71118,24.65052],[89.71098,24.65052],[89.71099,24.65088],[89.71079,24.65088],[89.7108,24.6516],[89.71061,24.65161],[89.71061,24.65197],[89.71042,24.65197],[89.71043,24.65269],[89.71024,24.6527],[89.71026,24.65378],[89.71065,24.65359]],[[89.71283,24.64471],[89.71303,24.64471],[89.71303,24.64489],[89.71283,24.64489],[89.71283,24.64471]],[[89.71465,24.63764],[89.71485,24.63763],[89.71485,24.63781],[89.71465,24.63782],[89.71465,24.63764]]]}},{"type":"Feature","properties":{"kind":"land","ha":3.4},"geometry":{"type":"Polygon","coordinates":[[[89.67268,24.63279],[89.67267,24.63243],[89.67287,24.63243],[89.67286,24.63189],[89.67266,24.63189],[89.67265,24.63153],[89.67305,24.6317],[89.67305,24.63152],[89.67325,24.63152],[89.67324,24.63116],[89.67344,24.63116],[89.67342,24.63061],[89.67382,24.63043],[89.67381,24.63025],[89.67401,24.63024],[89.67401,24.63006],[89.67322,24.63008],[89.67321,24.6299],[89.67301,24.6299],[89.673,24.62936],[89.67261,24.62937],[89.67242,24.62973],[89.67222,24.62973],[89.67222,24.62991],[89.67203,24.62992],[89.67204,24.63046],[89.67224,24.63046],[89.67226,24.63172],[89.67246,24.63171],[89.67247,24.63226],[89.67227,24.63226],[89.67229,24.63298],[89.67268,24.63279]]]}},{"type":"Feature","properties":{"kind":"land","ha":26.4},"geometry":{"type":"Polygon","coordinates":[[[89.77193,24.63822],[89.77211,24.63749],[89.77231,24.63749],[89.7723,24.63713],[89.7725,24.63712],[89.77249,24.63676],[89.77269,24.63676],[89.77268,24.6364],[89.77288,24.63639],[89.77287,24.63603],[89.77307,24.63603],[89.77305,24.63531],[89.77325,24.6353],[89.77324,24.63494],[89.77344,24.63494],[89.77342,24.6344],[89.77362,24.63439],[89.77361,24.63403],[89.77381,24.63403],[89.7738,24.63349],[89.774,24.63348],[89.77398,24.63276],[89.77418,24.63276],[89.77417,24.6324],[89.77437,24.63239],[89.77436,24.63203],[89.77475,24.63185],[89.77474,24.63149],[89.77494,24.63148],[89.77491,24.63022],[89.77471,24.63022],[89.77472,24.6304],[89.77432,24.63041],[89.77433,24.63059],[89.77374,24.6306],[89.77353,24.63024],[89.77392,24.63006],[89.77392,24.62988],[89.77352,24.62988],[89.77351,24.62952],[89.77391,24.62934],[89.7739,24.62915],[89.7741,24.62915],[89.77409,24.62897],[89.77429,24.62897],[89.77428,24.62861],[89.77467,24.62842],[89.77467,24.62806],[89.77506,24.62787],[89.77505,24.62769],[89.77525,24.62769],[89.77525,24.62751],[89.77564,24.6275],[89.77563,24.62714],[89.77484,24.62715],[89.77485,24.62751],[89.77446,24.6277],[89.77447,24.62788],[89.77427,24.62788],[89.77427,24.62806],[89.77407,24.62807],[89.77389,24.62879],[89.7735,24.62898],[89.77332,24.62971],[89.77254,24.63008],[89.77255,24.63044],[89.77216,24.63063],[89.77216,24.63081],[89.77196,24.63081],[89.77197,24.63118],[89.77177,24.63118],[89.77178,24.63136],[89.77119,24.63137],[89.7712,24.63209],[89.77081,24.63228],[89.77082,24.63246],[89.77062,24.63246],[89.77044,24.63355],[89.77005,24.63374],[89.77007,24.63446],[89.76968,24.63465],[89.76969,24.63519],[89.76949,24.63519],[89.7695,24.63555],[89.7693,24.63556],[89.76931,24.63592],[89.7701,24.6359],[89.7701,24.63572],[89.77069,24.63571],[89.77069,24.63553],[89.77088,24.63553],[89.7709,24.63625],[89.7707,24.63625],[89.77071,24.63661],[89.77051,24.63662],[89.77052,24.63698],[89.77072,24.63697],[89.77072,24.63715],[89.77151,24.63714],[89.77151,24.63732],[89.77171,24.63732],[89.77172,24.6375],[89.77152,24.6375],[89.77153,24.63786],[89.77133,24.63787],[89.77134,24.63823],[89.77193,24.63822]],[[89.77008,24.63482],[89.76988,24.63482],[89.76988,24.63464],[89.77047,24.63463],[89.77048,24.63517],[89.77009,24.63536],[89.77008,24.63482]],[[89.77163,24.63353],[89.77183,24.63352],[89.77183,24.63389],[89.77164,24.63389],[89.77163,24.63353]]]}},{"type":"Feature","properties":{"kind":"land","ha":4.6},"geometry":{"type":"Polygon","coordinates":[[[89.77758,24.62566],[89.77757,24.62548],[89.77836,24.62546],[89.77836,24.62528],[89.77895,24.62527],[89.77914,24.62491],[89.77855,24.62492],[89.77854,24.62456],[89.77874,24.62455],[89.77873,24.62437],[89.77913,24.62437],[89.77932,24.624],[89.77971,24.62417],[89.77971,24.62399],[89.78011,24.62399],[89.7801,24.62363],[89.78029,24.62362],[89.78029,24.62344],[89.78069,24.62343],[89.78088,24.62307],[89.78107,24.62307],[89.78107,24.62289],[89.78127,24.62288],[89.78126,24.62252],[89.78146,24.62252],[89.78145,24.62216],[89.78164,24.62215],[89.78164,24.62197],[89.78125,24.62198],[89.78106,24.62234],[89.78086,24.62235],[89.78086,24.62253],[89.78067,24.62253],[89.78067,24.62271],[89.78047,24.62272],[89.78048,24.6229],[89.78028,24.6229],[89.78028,24.62308],[89.78009,24.62308],[89.78009,24.62326],[89.7793,24.62346],[89.77931,24.62364],[89.77891,24.62347],[89.77891,24.62329],[89.77871,24.62329],[89.77852,24.62365],[89.77773,24.62385],[89.77755,24.62457],[89.77735,24.62458],[89.77757,24.6253],[89.77718,24.62548],[89.77718,24.62585],[89.77758,24.62566]]]}},{"type":"Feature","properties":{"kind":"land","ha":4.0},"geometry":{"type":"Polygon","coordinates":[[[89.79594,24.62586],[89.79612,24.62513],[89.79651,24.62495],[89.79651,24.62458],[89.7967,24.62458],[89.79668,24.62368],[89.79688,24.62368],[89.79687,24.62331],[89.79707,24.62331],[89.79705,24.62259],[89.79745,24.62258],[89.79744,24.62222],[89.79783,24.62203],[89.79783,24.62185],[89.79822,24.62185],[89.79821,24.62148],[89.79782,24.62149],[89.79763,24.62186],[89.79585,24.62189],[89.79586,24.62207],[89.79566,24.62207],[89.79567,24.62243],[89.79547,24.62244],[89.79548,24.62262],[89.79627,24.62278],[89.79647,24.62314],[89.79628,24.62314],[89.79629,24.62387],[89.7961,24.62387],[89.7961,24.62423],[89.79591,24.62423],[89.79592,24.62496],[89.79573,24.62496],[89.79574,24.62568],[89.79554,24.62569],[89.79555,24.62587],[89.79594,24.62586]]]}},{"type":"Feature","properties":{"kind":"land","ha":27.5},"geometry":{"type":"Polygon","coordinates":[[[89.7909,24.63877],[89.79089,24.63859],[89.79109,24.63858],[89.79109,24.6384],[89.79129,24.6384],[89.79128,24.63822],[89.79168,24.63821],[89.79187,24.63785],[89.79206,24.63784],[89.79206,24.63766],[89.79245,24.63766],[89.79264,24.63729],[89.79284,24.63729],[89.79284,24.63711],[89.79303,24.6371],[89.79303,24.63674],[89.79342,24.63655],[89.79341,24.63637],[89.79361,24.63637],[89.79361,24.63619],[89.7938,24.63619],[89.7938,24.63601],[89.794,24.636],[89.79399,24.63564],[89.79438,24.63545],[89.79437,24.63509],[89.79476,24.6349],[89.79475,24.63454],[89.79495,24.63454],[89.79495,24.63436],[89.79534,24.63435],[89.79552,24.63363],[89.79572,24.63362],[89.79571,24.63326],[89.79591,24.63326],[89.7959,24.63272],[89.7961,24.63271],[89.79609,24.63235],[89.79628,24.63235],[89.79628,24.63199],[89.79667,24.6318],[89.79685,24.63108],[89.79724,24.63089],[89.79723,24.63053],[89.79743,24.63052],[89.79742,24.63034],[89.79762,24.63034],[89.7978,24.62961],[89.79819,24.62943],[89.79819,24.62925],[89.79839,24.62924],[89.79838,24.62888],[89.79877,24.62869],[89.79877,24.62851],[89.79896,24.62851],[89.79896,24.62833],[89.79916,24.62833],[89.79915,24.62796],[89.79954,24.62778],[89.79953,24.62742],[89.79992,24.62723],[89.79992,24.62705],[89.80012,24.62704],[89.80011,24.62686],[89.80031,24.62686],[89.8003,24.6265],[89.80069,24.62631],[89.80069,24.62613],[89.80089,24.62613],[89.80107,24.6254],[89.80146,24.62521],[89.80145,24.62503],[89.80165,24.62503],[89.80164,24.62467],[89.80203,24.62448],[89.80203,24.6243],[89.80242,24.62429],[89.80243,24.62447],[89.80302,24.62446],[89.80301,24.62392],[89.80321,24.62392],[89.8032,24.62374],[89.803,24.62374],[89.80299,24.6232],[89.80319,24.6232],[89.80318,24.62284],[89.80338,24.62283],[89.80337,24.62265],[89.80258,24.62231],[89.80256,24.62158],[89.80276,24.62158],[89.80274,24.62068],[89.80234,24.62069],[89.80215,24.62105],[89.80196,24.62105],[89.80196,24.62123],[89.80176,24.62124],[89.80177,24.6216],[89.80138,24.62179],[89.80139,24.62215],[89.80119,24.62215],[89.80121,24.62287],[89.80101,24.62288],[89.80102,24.62324],[89.80082,24.62324],[89.80083,24.6236],[89.80063,24.62361],[89.80064,24.62397],[89.80044,24.62397],[89.80045,24.62451],[89.80026,24.62451],[89.80027,24.62506],[89.80007,24.62506],[89.80008,24.62542],[89.79988,24.62542],[89.79989,24.62578],[89.7995,24.62597],[89.7995,24.62615],[89.79931,24.62616],[89.79931,24.62634],[89.79911,24.62634],[89.79912,24.6267],[89.79873,24.62689],[89.79874,24.62725],[89.79835,24.62744],[89.79835,24.62762],[89.79815,24.62762],[89.79816,24.6278],[89.79796,24.62781],[89.79797,24.62817],[89.79719,24.62854],[89.7972,24.6289],[89.7968,24.62909],[89.79662,24.62982],[89.79643,24.62982],[89.79643,24.63018],[89.79604,24.63037],[89.79586,24.63109],[89.79566,24.6311],[89.79567,24.63146],[89.79548,24.63146],[89.79548,24.63182],[89.79509,24.63201],[89.79491,24.63274],[89.79452,24.63292],[89.79452,24.6331],[89.79433,24.63311],[89.79433,24.63329],[89.79334,24.63331],[89.79337,24.63439],[89.79357,24.63439],[89.79357,24.63457],[89.79337,24.63457],[89.79339,24.63529],[89.793,24.63548],[89.793,24.63566],[89.7928,24.63566],[89.79281,24.63584],[89.79261,24.63585],[89.79262,24.63603],[89.79242,24.63603],[89.79224,24.63676],[89.79204,24.63676],[89.79205,24.63712],[89.79166,24.63731],[89.79166,24.63749],[89.79146,24.63749],[89.79147,24.63767],[89.79127,24.63768],[89.79127,24.63786],[89.79108,24.63786],[89.79108,24.63804],[89.79088,24.63805],[89.79089,24.63823],[89.79069,24.63823],[89.79051,24.63895],[89.7909,24.63877]]]}},{"type":"Feature","properties":{"kind":"land","ha":42.1},"geometry":{"type":"Polygon","coordinates":[[[89.694,24.64144],[89.69397,24.64036],[89.69378,24.64036],[89.69374,24.63874],[89.69394,24.63873],[89.69392,24.63801],[89.69373,24.63801],[89.69371,24.63729],[89.69351,24.6373],[89.6935,24.63675],[89.6933,24.63676],[89.69326,24.63495],[89.69307,24.63496],[89.69306,24.6346],[89.69286,24.6346],[89.69285,24.63406],[89.69265,24.63406],[89.69263,24.63298],[89.69243,24.63298],[89.69242,24.63226],[89.69222,24.63226],[89.69221,24.63172],[89.69201,24.63173],[89.69199,24.63064],[89.69179,24.63065],[89.69177,24.62975],[89.69157,24.62975],[89.69157,24.62939],[89.69137,24.62939],[89.69136,24.62903],[89.69116,24.62903],[89.69116,24.62867],[89.69076,24.6285],[89.69075,24.62814],[89.69035,24.62797],[89.69034,24.62761],[89.68994,24.62743],[89.68994,24.62725],[89.68974,24.62725],[89.68973,24.62689],[89.68954,24.6269],[89.68932,24.62582],[89.68912,24.62582],[89.6891,24.6251],[89.68891,24.6251],[89.6889,24.62474],[89.6887,24.62475],[89.68868,24.62384],[89.68848,24.62385],[89.68848,24.62349],[89.68828,24.62349],[89.68826,24.62259],[89.68806,24.62259],[89.68808,24.62331],[89.68788,24.62332],[89.68789,24.62386],[89.6877,24.62386],[89.68773,24.62567],[89.68754,24.62567],[89.68754,24.62603],[89.68735,24.62603],[89.68737,24.62694],[89.68717,24.62694],[89.68718,24.62748],[89.68698,24.62748],[89.68721,24.62892],[89.68741,24.62892],[89.68742,24.62946],[89.68762,24.62946],[89.68763,24.63],[89.68783,24.63],[89.68783,24.63036],[89.68823,24.63053],[89.68825,24.63125],[89.68845,24.63125],[89.68846,24.63179],[89.68865,24.63179],[89.68866,24.63215],[89.68886,24.63214],[89.68886,24.63232],[89.68926,24.63232],[89.68927,24.63268],[89.68946,24.63267],[89.68947,24.63286],[89.69006,24.63284],[89.69006,24.63303],[89.69026,24.63302],[89.69028,24.63374],[89.69068,24.63392],[89.69068,24.6341],[89.69088,24.63409],[89.69089,24.63463],[89.69109,24.63463],[89.69109,24.63499],[89.69129,24.63499],[89.6913,24.63535],[89.6917,24.63552],[89.69193,24.63696],[89.69212,24.63696],[89.69213,24.6375],[89.69253,24.63767],[89.69255,24.6384],[89.69275,24.63839],[89.69276,24.63893],[89.69295,24.63893],[89.69297,24.63965],[89.69337,24.63982],[89.69337,24.64001],[89.69357,24.64],[89.69359,24.64108],[89.69379,24.64108],[89.6938,24.64144],[89.694,24.64144]],[[89.68798,24.62801],[89.68838,24.628],[89.68838,24.62836],[89.68799,24.62837],[89.68798,24.62801]],[[89.68792,24.62494],[89.68811,24.62494],[89.68812,24.62512],[89.68792,24.62512],[89.68792,24.62494]]]}},{"type":"Feature","properties":{"kind":"land","ha":7.7},"geometry":{"type":"Polygon","coordinates":[[[89.71239,24.62432],[89.71238,24.62414],[89.71258,24.62414],[89.71258,24.62396],[89.71238,24.62396],[89.71236,24.62324],[89.71256,24.62323],[89.71255,24.62287],[89.71215,24.6227],[89.71215,24.62234],[89.71254,24.62233],[89.71255,24.62251],[89.71314,24.6225],[89.71313,24.62214],[89.71333,24.62214],[89.71332,24.62178],[89.71292,24.6216],[89.71292,24.62142],[89.71213,24.62162],[89.71211,24.62072],[89.7125,24.62053],[89.71248,24.61963],[89.71268,24.61962],[89.71268,24.61944],[89.71426,24.61941],[89.71424,24.61869],[89.71344,24.61835],[89.71342,24.61744],[89.71303,24.61745],[89.71302,24.61727],[89.71243,24.61728],[89.71265,24.618],[89.71245,24.618],[89.71246,24.61854],[89.71207,24.61873],[89.71207,24.61891],[89.71188,24.61892],[89.71188,24.61928],[89.71169,24.61928],[89.7117,24.61982],[89.71131,24.62001],[89.7113,24.61983],[89.71111,24.61983],[89.71111,24.62001],[89.71091,24.62002],[89.71112,24.62037],[89.71131,24.62037],[89.71132,24.62055],[89.71152,24.62055],[89.71152,24.62073],[89.71172,24.62072],[89.71173,24.62144],[89.71193,24.62144],[89.712,24.62451],[89.71239,24.62432]]]}},{"type":"Feature","properties":{"kind":"land","ha":8.5},"geometry":{"type":"Polygon","coordinates":[[[89.80433,24.62137],[89.80433,24.62119],[89.80472,24.62118],[89.80472,24.621],[89.80492,24.621],[89.8051,24.62027],[89.80549,24.62009],[89.80548,24.61972],[89.80568,24.61972],[89.80567,24.61918],[89.80586,24.61918],[89.80586,24.61882],[89.80605,24.61881],[89.80604,24.61809],[89.80623,24.61809],[89.80618,24.61574],[89.80638,24.61574],[89.80636,24.61483],[89.80597,24.61502],[89.80579,24.61575],[89.8054,24.61594],[89.80522,24.61666],[89.80482,24.61685],[89.80483,24.61721],[89.80464,24.61721],[89.80466,24.61812],[89.80446,24.61812],[89.80447,24.61866],[89.80427,24.61866],[89.80428,24.61921],[89.80389,24.61939],[89.8039,24.61957],[89.8037,24.61958],[89.8037,24.61976],[89.8039,24.61975],[89.80391,24.62011],[89.80411,24.62011],[89.80412,24.62065],[89.80432,24.62065],[89.80432,24.62083],[89.80412,24.62083],[89.80413,24.62119],[89.80393,24.6212],[89.80394,24.62156],[89.80433,24.62137]]]}},{"type":"Feature","properties":{"kind":"land","ha":5.7},"geometry":{"type":"Polygon","coordinates":[[[89.68741,24.61954],[89.68739,24.61881],[89.68719,24.61882],[89.68719,24.61864],[89.68739,24.61863],[89.68738,24.61845],[89.68778,24.61845],[89.68799,24.61916],[89.68819,24.61916],[89.68817,24.61844],[89.68797,24.61844],[89.68794,24.61664],[89.68813,24.61663],[89.68811,24.61573],[89.68831,24.61573],[89.6883,24.61537],[89.6885,24.61536],[89.68849,24.61464],[89.68868,24.61464],[89.68868,24.61428],[89.68828,24.61429],[89.68828,24.61447],[89.68809,24.61447],[89.68791,24.61556],[89.68772,24.61556],[89.68772,24.61592],[89.68753,24.61592],[89.68753,24.61628],[89.68734,24.61629],[89.68736,24.61737],[89.68776,24.61754],[89.68776,24.61772],[89.68756,24.61773],[89.68757,24.61791],[89.68717,24.61791],[89.68717,24.61755],[89.68697,24.61756],[89.68697,24.61774],[89.68599,24.61776],[89.68598,24.61758],[89.68578,24.61758],[89.6858,24.6183],[89.6856,24.6183],[89.68561,24.61885],[89.68601,24.61902],[89.68602,24.6192],[89.68621,24.6192],[89.68622,24.61938],[89.68681,24.61937],[89.68681,24.61955],[89.68741,24.61954]]]}},{"type":"Feature","properties":{"kind":"land","ha":6.7},"geometry":{"type":"Polygon","coordinates":[[[89.66507,24.61831],[89.66485,24.61759],[89.66525,24.6174],[89.66524,24.61722],[89.66544,24.61722],[89.66544,24.61704],[89.66563,24.61703],[89.66562,24.61649],[89.66582,24.61649],[89.66581,24.61613],[89.66601,24.61613],[89.666,24.61595],[89.66561,24.61595],[89.66561,24.61613],[89.66542,24.61614],[89.66543,24.61668],[89.66484,24.61669],[89.66481,24.61561],[89.66462,24.61561],[89.66458,24.61417],[89.66419,24.61399],[89.66418,24.61381],[89.66398,24.61381],[89.66398,24.61363],[89.66378,24.61364],[89.66359,24.614],[89.6634,24.61401],[89.6634,24.61437],[89.66321,24.61437],[89.66321,24.61473],[89.66341,24.61473],[89.66342,24.61527],[89.66323,24.61527],[89.66325,24.61617],[89.66344,24.61617],[89.66345,24.61653],[89.66365,24.61653],[89.66366,24.61707],[89.66386,24.61707],[89.66387,24.61761],[89.66407,24.6176],[89.66407,24.61796],[89.66447,24.61814],[89.66448,24.61832],[89.66507,24.61831]]]}},{"type":"Feature","properties":{"kind":"land","ha":30.6},"geometry":{"type":"Polygon","coordinates":[[[89.79792,24.61698],[89.79791,24.6168],[89.79851,24.61679],[89.7985,24.61661],[89.7987,24.6166],[89.79869,24.61624],[89.79889,24.61624],[89.79888,24.6157],[89.79927,24.61551],[89.79926,24.61515],[89.79965,24.61514],[89.79984,24.61478],[89.80004,24.61477],[89.80004,24.61459],[89.80023,24.61459],[89.80022,24.61423],[89.80062,24.61422],[89.80062,24.6144],[89.80043,24.6144],[89.80045,24.61549],[89.80065,24.61548],[89.80066,24.61584],[89.80105,24.61566],[89.80081,24.61386],[89.80101,24.61385],[89.80098,24.61277],[89.80118,24.61277],[89.80117,24.61222],[89.80097,24.61223],[89.80096,24.61169],[89.80116,24.61168],[89.80114,24.61114],[89.80153,24.61095],[89.80153,24.61077],[89.80173,24.61077],[89.80172,24.61023],[89.80152,24.61023],[89.8015,24.60951],[89.80072,24.60989],[89.80073,24.61025],[89.80053,24.61025],[89.80054,24.61061],[89.80034,24.61062],[89.80035,24.61098],[89.80015,24.61098],[89.80016,24.61116],[89.79976,24.61099],[89.79975,24.61081],[89.79956,24.61081],[89.79955,24.61063],[89.79916,24.61082],[89.79917,24.611],[89.79897,24.611],[89.79897,24.61118],[89.79838,24.61119],[89.79838,24.61101],[89.79798,24.61102],[89.79779,24.61138],[89.7976,24.61139],[89.7976,24.61157],[89.7974,24.61157],[89.79722,24.6123],[89.79683,24.61249],[89.79683,24.61267],[89.79664,24.61267],[89.79664,24.61285],[89.79586,24.61305],[89.79586,24.61323],[89.79566,24.61323],[89.79567,24.61359],[89.79528,24.6136],[89.79528,24.61378],[89.79488,24.61379],[89.79489,24.61397],[89.79469,24.61397],[89.7947,24.61415],[89.79489,24.61415],[89.7949,24.61451],[89.7947,24.61451],[89.79471,24.61487],[89.79432,24.61506],[89.79432,24.61524],[89.79413,24.61524],[89.79413,24.61542],[89.79393,24.61543],[89.79394,24.61561],[89.79374,24.61561],[89.79375,24.61615],[89.79395,24.61615],[89.79395,24.61633],[89.79435,24.61632],[89.79455,24.61668],[89.79495,24.61667],[89.79494,24.61649],[89.79514,24.61649],[89.79513,24.61595],[89.79533,24.61594],[89.79532,24.61576],[89.79572,24.61576],[89.79571,24.61557],[89.79631,24.61556],[89.79651,24.61592],[89.79671,24.61592],[89.79672,24.61628],[89.79691,24.61627],[89.79692,24.61645],[89.79731,24.61645],[89.79733,24.61699],[89.79792,24.61698]],[[89.79787,24.61481],[89.79865,24.61462],[89.79866,24.61498],[89.79846,24.61498],[89.79847,24.61516],[89.79788,24.61517],[89.79787,24.61481]]]}},{"type":"Feature","properties":{"kind":"land","ha":11.4},"geometry":{"type":"Polygon","coordinates":[[[89.78278,24.61979],[89.78277,24.61942],[89.78297,24.61942],[89.78296,24.61924],[89.78316,24.61924],[89.78315,24.61888],[89.78354,24.61869],[89.78354,24.61851],[89.78374,24.6185],[89.78373,24.61832],[89.78393,24.61832],[89.78392,24.61814],[89.78412,24.61814],[89.78412,24.61796],[89.78432,24.61795],[89.78431,24.61759],[89.7847,24.6174],[89.78469,24.61722],[89.78489,24.61722],[89.78489,24.61704],[89.78509,24.61704],[89.78508,24.61667],[89.78527,24.61667],[89.78526,24.61613],[89.78604,24.61575],[89.78603,24.61521],[89.78642,24.61503],[89.78642,24.61484],[89.78662,24.61484],[89.78661,24.61466],[89.78681,24.61466],[89.78699,24.61393],[89.78719,24.61393],[89.78718,24.61357],[89.78757,24.61338],[89.78757,24.6132],[89.78776,24.6132],[89.78776,24.61302],[89.78796,24.61301],[89.78795,24.61265],[89.78815,24.61265],[89.78813,24.61174],[89.78832,24.61174],[89.78831,24.6112],[89.7887,24.61101],[89.7887,24.61083],[89.7889,24.61083],[89.78889,24.61065],[89.78869,24.61065],[89.78869,24.61029],[89.78888,24.61029],[89.78888,24.60993],[89.78927,24.60974],[89.78927,24.60992],[89.78947,24.60992],[89.78948,24.61028],[89.78987,24.61045],[89.78985,24.60919],[89.78965,24.60919],[89.78964,24.60883],[89.78944,24.60883],[89.78943,24.60829],[89.78904,24.60848],[89.78905,24.60884],[89.78866,24.60903],[89.78867,24.60939],[89.78847,24.60939],[89.7883,24.61048],[89.7881,24.61048],[89.78811,24.61084],[89.78791,24.61085],[89.78792,24.61121],[89.78772,24.61121],[89.78773,24.61157],[89.78734,24.61176],[89.78734,24.61194],[89.78714,24.61194],[89.78715,24.6123],[89.78695,24.61231],[89.78696,24.61249],[89.78676,24.61249],[89.78678,24.61321],[89.78639,24.6134],[89.78639,24.61358],[89.78619,24.61359],[89.7862,24.61377],[89.786,24.61377],[89.78601,24.61413],[89.78581,24.61413],[89.78581,24.61431],[89.78503,24.61451],[89.78484,24.61487],[89.78464,24.61488],[89.78465,24.61506],[89.78445,24.61506],[89.78447,24.61596],[89.78467,24.61596],[89.78467,24.61632],[89.78428,24.61651],[89.7843,24.61705],[89.7841,24.61705],[89.78411,24.61741],[89.78391,24.61742],[89.78392,24.61778],[89.78353,24.61797],[89.78353,24.61815],[89.78333,24.61815],[89.78334,24.61851],[89.78295,24.6187],[89.78296,24.61906],[89.78257,24.61925],[89.78258,24.61979],[89.78278,24.61979]]]}},{"type":"Feature","properties":{"kind":"land","ha":10.4},"geometry":{"type":"Polygon","coordinates":[[[89.68967,24.61444],[89.68966,24.61408],[89.69005,24.61389],[89.69004,24.61371],[89.69024,24.61371],[89.69024,24.61353],[89.69044,24.61352],[89.69043,24.61334],[89.69063,24.61334],[89.69063,24.61316],[89.69082,24.61316],[89.69082,24.61298],[89.69121,24.61297],[89.69122,24.61333],[89.69083,24.61352],[89.69083,24.6137],[89.69201,24.6135],[89.69195,24.61061],[89.69215,24.61061],[89.69214,24.61024],[89.69234,24.61024],[89.69233,24.60988],[89.69253,24.60988],[89.69252,24.60952],[89.69213,24.6097],[89.69213,24.60988],[89.69174,24.60989],[89.69174,24.61007],[89.69135,24.61008],[89.69135,24.61026],[89.69076,24.61027],[89.69057,24.61063],[89.69037,24.61064],[89.69038,24.61082],[89.69018,24.61082],[89.69018,24.611],[89.68999,24.61101],[89.68999,24.61119],[89.68979,24.61119],[89.6898,24.61137],[89.6894,24.61138],[89.68941,24.61156],[89.68921,24.61156],[89.68922,24.6121],[89.68902,24.61211],[89.68903,24.61247],[89.68883,24.61247],[89.68885,24.61319],[89.68865,24.6132],[89.68866,24.61374],[89.68926,24.61373],[89.68927,24.61427],[89.68946,24.61426],[89.68947,24.61444],[89.68967,24.61444]]]}},{"type":"Feature","properties":{"kind":"land","ha":6.4},"geometry":{"type":"Polygon","coordinates":[[[89.69856,24.615],[89.69856,24.61482],[89.69876,24.61482],[89.69875,24.61446],[89.69895,24.61445],[89.69893,24.61373],[89.69814,24.61375],[89.69814,24.61357],[89.69853,24.61338],[89.69871,24.61265],[89.69891,24.61265],[89.6989,24.61229],[89.69929,24.6121],[89.69926,24.61084],[89.69946,24.61084],[89.69945,24.61047],[89.69984,24.61029],[89.69984,24.60993],[89.70023,24.60974],[89.70022,24.60956],[89.70042,24.60956],[89.70042,24.60937],[89.70061,24.60937],[89.70061,24.60901],[89.701,24.60882],[89.70099,24.60864],[89.70119,24.60864],[89.70119,24.60846],[89.70158,24.60845],[89.70158,24.60827],[89.70098,24.60828],[89.70098,24.6081],[89.70078,24.6081],[89.70077,24.60756],[89.70038,24.60775],[89.70039,24.60793],[89.70019,24.60793],[89.70019,24.60812],[89.69999,24.60812],[89.7,24.60848],[89.6998,24.60848],[89.69982,24.60902],[89.69962,24.60903],[89.69963,24.60957],[89.69943,24.60957],[89.69944,24.61011],[89.69925,24.61012],[89.69926,24.61048],[89.69906,24.61048],[89.69906,24.61066],[89.69867,24.61067],[89.69866,24.61049],[89.69847,24.61049],[89.69849,24.61139],[89.69829,24.6114],[89.6983,24.61176],[89.6981,24.61176],[89.6981,24.61194],[89.6983,24.61194],[89.69832,24.61302],[89.69793,24.61321],[89.69797,24.61501],[89.69856,24.615]]]}},{"type":"Feature","properties":{"kind":"land","ha":4.7},"geometry":{"type":"Polygon","coordinates":[[[89.73006,24.61064],[89.73005,24.61046],[89.73025,24.61046],[89.73024,24.6101],[89.73084,24.61009],[89.73083,24.60991],[89.73103,24.6099],[89.73102,24.60954],[89.73141,24.60936],[89.7314,24.609],[89.7316,24.60899],[89.73159,24.60845],[89.73179,24.60845],[89.73177,24.60754],[89.73197,24.60754],[89.73196,24.60718],[89.73176,24.60718],[89.73176,24.607],[89.73215,24.60682],[89.73214,24.60646],[89.73234,24.60645],[89.73232,24.60591],[89.73252,24.60591],[89.73232,24.60555],[89.73212,24.60555],[89.73213,24.60591],[89.73174,24.6061],[89.73174,24.60628],[89.73135,24.60629],[89.73116,24.60665],[89.73096,24.60666],[89.73096,24.60684],[89.73116,24.60683],[89.73117,24.60719],[89.73097,24.6072],[89.73098,24.60774],[89.73079,24.60774],[89.7308,24.60828],[89.7306,24.60829],[89.73061,24.60883],[89.73081,24.60883],[89.73081,24.60901],[89.73003,24.60938],[89.73004,24.60992],[89.72985,24.60993],[89.72986,24.61047],[89.72966,24.61047],[89.72966,24.61065],[89.73006,24.61064]]]}},{"type":"Feature","properties":{"kind":"land","ha":3.2},"geometry":{"type":"Polygon","coordinates":[[[89.73783,24.60473],[89.73782,24.60455],[89.73763,24.60455],[89.73762,24.60419],[89.73742,24.60419],[89.73742,24.60401],[89.73702,24.60402],[89.73682,24.60366],[89.73662,24.60367],[89.73662,24.60349],[89.73602,24.6035],[89.73602,24.60332],[89.73424,24.60335],[89.73425,24.60353],[89.73385,24.60354],[89.73386,24.60372],[89.73366,24.60372],[89.73366,24.6039],[89.73287,24.60391],[89.73288,24.6041],[89.73505,24.60406],[89.73504,24.60388],[89.73564,24.60386],[89.73564,24.60405],[89.73603,24.60404],[89.73604,24.60422],[89.73643,24.60421],[89.73664,24.60457],[89.73703,24.60456],[89.73704,24.60474],[89.73783,24.60473]]]}},{"type":"Feature","properties":{"kind":"land","ha":12.2},"geometry":{"type":"Polygon","coordinates":[[[89.71109,24.61929],[89.71109,24.61893],[89.71089,24.61893],[89.71088,24.61857],[89.71068,24.61858],[89.71067,24.61803],[89.71087,24.61803],[89.71084,24.61677],[89.71064,24.61677],[89.71064,24.61641],[89.71044,24.61641],[89.7104,24.61461],[89.71,24.61444],[89.71,24.61426],[89.7098,24.61426],[89.70979,24.61354],[89.70959,24.61354],[89.70958,24.613],[89.70938,24.613],[89.70937,24.61264],[89.70917,24.61265],[89.70915,24.61156],[89.70895,24.61157],[89.70893,24.61067],[89.70874,24.61067],[89.70872,24.60977],[89.70852,24.60977],[89.70851,24.60923],[89.70831,24.60923],[89.70829,24.60851],[89.7081,24.60851],[89.70809,24.60815],[89.70789,24.60816],[89.70788,24.60762],[89.70768,24.60762],[89.70768,24.60726],[89.70728,24.60709],[89.70727,24.60672],[89.70707,24.60673],[89.70706,24.60619],[89.70686,24.60619],[89.70686,24.60583],[89.70666,24.60583],[89.70665,24.60547],[89.70645,24.60548],[89.70644,24.60511],[89.70625,24.60512],[89.70624,24.60476],[89.70584,24.60458],[89.70583,24.60422],[89.70544,24.60423],[89.70543,24.60369],[89.70503,24.60352],[89.70502,24.60334],[89.70483,24.60334],[89.70482,24.60316],[89.70463,24.60316],[89.70462,24.60298],[89.70423,24.60299],[89.70424,24.60371],[89.70444,24.60371],[89.70445,24.60425],[89.70425,24.60425],[89.70426,24.60443],[89.70466,24.60461],[89.70466,24.60479],[89.70486,24.60478],[89.70486,24.60496],[89.70506,24.60496],[89.70507,24.60532],[89.70547,24.60549],[89.70547,24.60585],[89.70587,24.60603],[89.70588,24.60621],[89.70607,24.6062],[89.70629,24.60692],[89.70648,24.60692],[89.70649,24.60728],[89.70689,24.60745],[89.70689,24.60763],[89.70709,24.60763],[89.7071,24.60799],[89.7073,24.60799],[89.7073,24.60817],[89.7075,24.60816],[89.70751,24.60871],[89.70771,24.6087],[89.70771,24.60906],[89.70791,24.60906],[89.70792,24.60942],[89.70812,24.60942],[89.70812,24.60978],[89.70832,24.60977],[89.70833,24.61032],[89.70853,24.61031],[89.70855,24.61121],[89.70875,24.61121],[89.70876,24.61193],[89.70896,24.61193],[89.70898,24.61283],[89.70918,24.61283],[89.70919,24.61337],[89.70939,24.61336],[89.70941,24.61427],[89.70921,24.61427],[89.70922,24.61499],[89.70942,24.61499],[89.70943,24.61553],[89.70963,24.61553],[89.70964,24.61589],[89.70984,24.61588],[89.71006,24.61696],[89.71025,24.61696],[89.71028,24.61822],[89.71048,24.61822],[89.71049,24.61876],[89.71069,24.61876],[89.7107,24.61912],[89.71089,24.61911],[89.7109,24.61929],[89.71109,24.61929]]]}},{"type":"Feature","properties":{"kind":"land","ha":3.2},"geometry":{"type":"Polygon","coordinates":[[[89.69503,24.60694],[89.69503,24.60658],[89.69542,24.60658],[89.69561,24.60621],[89.69581,24.60621],[89.6958,24.60603],[89.696,24.60602],[89.696,24.60584],[89.69619,24.60584],[89.69619,24.60548],[89.69638,24.60548],[89.69637,24.60493],[89.69657,24.60493],[89.69655,24.60403],[89.69675,24.60403],[89.69674,24.60366],[89.69694,24.60366],[89.69693,24.60312],[89.69712,24.60312],[89.69712,24.60276],[89.69731,24.60275],[89.6973,24.60239],[89.69691,24.60258],[89.69673,24.6033],[89.69634,24.60349],[89.69616,24.60422],[89.69577,24.6044],[89.69559,24.60513],[89.6952,24.60532],[89.69521,24.60586],[89.69501,24.60586],[89.69502,24.60622],[89.69482,24.60623],[89.69483,24.60677],[89.69463,24.60677],[89.69464,24.60713],[89.69503,24.60694]]]}},{"type":"Feature","properties":{"kind":"land","ha":50.6},"geometry":{"type":"Polygon","coordinates":[[[89.71298,24.60626],[89.71318,24.60626],[89.71319,24.60644],[89.71299,24.60644],[89.713,24.60716],[89.7132,24.60716],[89.71323,24.60842],[89.71343,24.60842],[89.71343,24.60878],[89.71363,24.60878],[89.71364,24.60914],[89.71404,24.60931],[89.71425,24.61003],[89.71465,24.6102],[89.71486,24.61092],[89.71506,24.61092],[89.71507,24.61128],[89.71547,24.61145],[89.71547,24.61181],[89.71567,24.61181],[89.71567,24.61199],[89.71587,24.61198],[89.71588,24.61235],[89.71628,24.61252],[89.71629,24.61288],[89.71669,24.61305],[89.71669,24.61341],[89.71709,24.61359],[89.7171,24.61377],[89.71729,24.61376],[89.71751,24.61448],[89.7179,24.61447],[89.71811,24.61483],[89.7183,24.61483],[89.71831,24.61501],[89.7185,24.61501],[89.71849,24.61428],[89.71829,24.61429],[89.71829,24.61411],[89.71848,24.6141],[89.71848,24.61374],[89.71887,24.61374],[89.71886,24.61337],[89.71925,24.61319],[89.71925,24.61301],[89.71945,24.613],[89.71944,24.61282],[89.71964,24.61282],[89.71964,24.61264],[89.71983,24.61263],[89.71983,24.61245],[89.72003,24.61245],[89.72002,24.61227],[89.72022,24.61227],[89.72022,24.61209],[89.72042,24.61208],[89.72041,24.6119],[89.72061,24.6119],[89.7206,24.61172],[89.7208,24.61171],[89.7208,24.61153],[89.721,24.61153],[89.72099,24.61117],[89.72138,24.61098],[89.72137,24.6108],[89.72177,24.61079],[89.72177,24.61061],[89.72117,24.61062],[89.72118,24.61081],[89.72019,24.61082],[89.72,24.61119],[89.7198,24.61119],[89.71981,24.61137],[89.71961,24.61138],[89.71961,24.61156],[89.71942,24.61156],[89.71942,24.61174],[89.71883,24.61175],[89.71882,24.61139],[89.71862,24.61139],[89.71861,24.61085],[89.71841,24.61086],[89.7184,24.61031],[89.71821,24.61032],[89.71819,24.60978],[89.7178,24.6096],[89.71779,24.60942],[89.71759,24.60943],[89.71738,24.60871],[89.71718,24.60871],[89.71718,24.60835],[89.71698,24.60835],[89.71697,24.60799],[89.71677,24.608],[89.71677,24.60764],[89.71657,24.60764],[89.71656,24.60728],[89.71636,24.60728],[89.71635,24.60674],[89.71615,24.60674],[89.71614,24.60602],[89.71594,24.60603],[89.71592,24.60512],[89.71572,24.60513],[89.7157,24.60405],[89.7155,24.60405],[89.71548,24.60297],[89.71528,24.60297],[89.71527,24.60261],[89.71508,24.60261],[89.71507,24.60243],[89.71488,24.60244],[89.71466,24.60172],[89.71426,24.60154],[89.71426,24.60136],[89.71387,24.60155],[89.71387,24.60173],[89.71368,24.60174],[89.71368,24.60192],[89.71328,24.60174],[89.71327,24.60138],[89.71366,24.60119],[89.71366,24.60101],[89.71406,24.60101],[89.71404,24.60047],[89.71385,24.60047],[89.71383,24.59993],[89.71305,24.59994],[89.71286,24.60031],[89.71266,24.60031],[89.71266,24.60049],[89.71247,24.60049],[89.71247,24.60067],[89.71227,24.60068],[89.71228,24.60086],[89.71168,24.60087],[89.71168,24.60069],[89.71148,24.60069],[89.71149,24.60087],[89.71129,24.60088],[89.71112,24.60196],[89.71151,24.60214],[89.71152,24.6025],[89.71172,24.60249],[89.71172,24.60267],[89.71212,24.60267],[89.71232,24.60302],[89.71252,24.60302],[89.71252,24.6032],[89.71292,24.60319],[89.71293,24.60391],[89.71274,24.60392],[89.71274,24.60428],[89.71294,24.60428],[89.71296,24.605],[89.71276,24.605],[89.71278,24.60572],[89.71297,24.60572],[89.71298,24.60626]],[[89.71297,24.60554],[89.71317,24.60554],[89.71317,24.60572],[89.71297,24.60572],[89.71297,24.60554]],[[89.71522,24.60911],[89.71542,24.6091],[89.71542,24.60947],[89.71503,24.60947],[89.71522,24.60911]],[[89.715,24.60839],[89.7154,24.60856],[89.71541,24.60874],[89.71501,24.60875],[89.715,24.60839]],[[89.71538,24.60766],[89.71558,24.60766],[89.71559,24.60784],[89.71539,24.60784],[89.71538,24.60766]],[[89.71596,24.60711],[89.71616,24.60711],[89.71617,24.60729],[89.71597,24.60729],[89.71596,24.60711]]]}},{"type":"Feature","properties":{"kind":"land","ha":3.1},"geometry":{"type":"Polygon","coordinates":[[[89.80975,24.59889],[89.80975,24.59871],[89.81074,24.59869],[89.81093,24.59833],[89.81112,24.59832],[89.81112,24.59814],[89.81132,24.59814],[89.81131,24.59796],[89.81151,24.59795],[89.81151,24.59777],[89.8119,24.59777],[89.8119,24.59759],[89.81209,24.59758],[89.81209,24.5974],[89.81169,24.59723],[89.81169,24.59705],[89.81149,24.59705],[89.81149,24.59723],[89.8107,24.59725],[89.81071,24.59743],[89.80952,24.59745],[89.80936,24.5989],[89.80975,24.59889]]]}},{"type":"Feature","properties":{"kind":"land","ha":4.7},"geometry":{"type":"Polygon","coordinates":[[[89.70738,24.60257],[89.70736,24.60167],[89.70716,24.60167],[89.70715,24.60131],[89.70735,24.60131],[89.70733,24.60023],[89.70752,24.60022],[89.70752,24.59986],[89.70771,24.59986],[89.70771,24.59968],[89.70791,24.59967],[89.70789,24.59895],[89.7073,24.59896],[89.7073,24.59914],[89.70651,24.59916],[89.70651,24.59898],[89.70572,24.59899],[89.70571,24.59863],[89.70552,24.59863],[89.70554,24.59954],[89.70573,24.59953],[89.70574,24.59989],[89.70594,24.59989],[89.70595,24.60043],[89.70615,24.60043],[89.70615,24.60079],[89.70635,24.60078],[89.70636,24.60115],[89.70656,24.60114],[89.70656,24.6015],[89.70696,24.60168],[89.70697,24.60222],[89.70717,24.60221],[89.70718,24.60257],[89.70738,24.60257]]]}},{"type":"Feature","properties":{"kind":"land","ha":3.2},"geometry":{"type":"Polygon","coordinates":[[[89.71006,24.59891],[89.71025,24.59855],[89.71045,24.59854],[89.71045,24.59836],[89.71064,24.59836],[89.71064,24.59818],[89.71084,24.59818],[89.71083,24.598],[89.71123,24.59799],[89.71122,24.59781],[89.71142,24.59781],[89.71141,24.59744],[89.71181,24.59744],[89.7118,24.59726],[89.712,24.59725],[89.71199,24.59689],[89.71219,24.59689],[89.71218,24.59635],[89.71296,24.59597],[89.71295,24.59561],[89.71275,24.59562],[89.71275,24.59543],[89.71236,24.59544],[89.71236,24.59562],[89.71216,24.59563],[89.71217,24.59599],[89.71178,24.59617],[89.71179,24.59654],[89.7114,24.59672],[89.7114,24.5969],[89.7112,24.59691],[89.71121,24.59709],[89.71101,24.59709],[89.71101,24.59727],[89.71082,24.59727],[89.71082,24.59746],[89.71062,24.59746],[89.71063,24.59764],[89.71003,24.59765],[89.70985,24.59801],[89.70965,24.59802],[89.70966,24.59838],[89.70946,24.59838],[89.70947,24.59892],[89.71006,24.59891]]]}},{"type":"Feature","properties":{"kind":"land","ha":5.2},"geometry":{"type":"Polygon","coordinates":[[[89.81345,24.59665],[89.81345,24.59647],[89.81365,24.59647],[89.81382,24.59538],[89.81402,24.59538],[89.814,24.59448],[89.8142,24.59447],[89.81418,24.59393],[89.81438,24.59393],[89.81437,24.59357],[89.81417,24.59357],[89.81417,24.59339],[89.81378,24.5934],[89.81378,24.59376],[89.81359,24.59376],[89.8136,24.59412],[89.81379,24.59412],[89.8138,24.5943],[89.8136,24.5943],[89.81361,24.59467],[89.81282,24.59486],[89.81301,24.5945],[89.81321,24.59449],[89.8132,24.59395],[89.81339,24.59395],[89.81339,24.59377],[89.81319,24.59377],[89.81319,24.59359],[89.81279,24.5936],[89.8128,24.59378],[89.8124,24.59379],[89.81241,24.59397],[89.81221,24.59397],[89.81222,24.59433],[89.81182,24.59434],[89.81183,24.5947],[89.81163,24.5947],[89.81165,24.59542],[89.81204,24.59542],[89.81204,24.59524],[89.81224,24.59523],[89.81224,24.59541],[89.81244,24.59541],[89.81245,24.59595],[89.81265,24.59595],[89.81266,24.59631],[89.81305,24.5963],[89.81306,24.59666],[89.81345,24.59665]]]}},{"type":"Feature","properties":{"kind":"land","ha":6.5},"geometry":{"type":"Polygon","coordinates":[[[89.71476,24.5972],[89.71495,24.59684],[89.71535,24.59683],[89.71513,24.59611],[89.71533,24.59611],[89.71532,24.59557],[89.71452,24.59522],[89.71452,24.59486],[89.71491,24.59467],[89.7149,24.59449],[89.71549,24.59448],[89.7157,24.59484],[89.7159,24.59484],[89.71594,24.59664],[89.71613,24.59664],[89.71628,24.59411],[89.71647,24.5941],[89.71647,24.59374],[89.71666,24.59374],[89.71665,24.59302],[89.71645,24.59302],[89.71645,24.5932],[89.71606,24.59321],[89.71587,24.59357],[89.71547,24.59358],[89.71548,24.59376],[89.71508,24.59377],[89.71509,24.59413],[89.7147,24.59432],[89.7147,24.5945],[89.71451,24.5945],[89.71451,24.59468],[89.71412,24.59469],[89.71393,24.59505],[89.71373,24.59506],[89.71374,24.59542],[89.71315,24.59543],[89.71315,24.59579],[89.71335,24.59578],[89.71336,24.59633],[89.71356,24.59632],[89.71357,24.59668],[89.71397,24.59686],[89.71397,24.59704],[89.71436,24.59703],[89.71437,24.59721],[89.71476,24.5972]]]}},{"type":"Feature","properties":{"kind":"land","ha":25.2},"geometry":{"type":"Polygon","coordinates":[[[89.80169,24.60012],[89.80168,24.59994],[89.80247,24.59993],[89.80247,24.59975],[89.80207,24.59975],[89.80185,24.59867],[89.80205,24.59867],[89.80204,24.59831],[89.80224,24.59831],[89.80224,24.59813],[89.80263,24.59812],[89.80222,24.5974],[89.80242,24.5974],[89.8024,24.59668],[89.8026,24.59668],[89.80259,24.59631],[89.80239,24.59632],[89.80238,24.59596],[89.80219,24.59596],[89.80218,24.59578],[89.80199,24.59578],[89.80197,24.59506],[89.80157,24.59507],[89.80139,24.59543],[89.8006,24.59545],[89.80059,24.59527],[89.8004,24.59527],[89.80037,24.59419],[89.80057,24.59419],[89.80056,24.59383],[89.80095,24.59382],[89.80075,24.59346],[89.80114,24.59327],[89.80113,24.59273],[89.80093,24.59274],[89.80092,24.59238],[89.80073,24.59238],[89.80072,24.5922],[89.79993,24.59221],[89.79991,24.59113],[89.79951,24.59096],[89.79933,24.59168],[89.79894,24.59187],[89.79894,24.59205],[89.79874,24.59205],[89.79877,24.59314],[89.79897,24.59313],[89.79897,24.59331],[89.79976,24.5933],[89.79977,24.59384],[89.79957,24.59384],[89.79958,24.59402],[89.79899,24.59404],[89.79898,24.59386],[89.79859,24.59386],[89.79858,24.59368],[89.79819,24.59369],[89.79819,24.59387],[89.798,24.59387],[89.79799,24.59369],[89.79779,24.5937],[89.79779,24.59334],[89.79759,24.59334],[89.7976,24.59388],[89.79721,24.59407],[89.79721,24.59389],[89.79701,24.59389],[89.797,24.59335],[89.79719,24.59335],[89.79719,24.59299],[89.79679,24.59299],[89.79682,24.59426],[89.79662,24.59426],[89.79663,24.59462],[89.79643,24.59462],[89.79644,24.5948],[89.79663,24.5948],[89.79666,24.59588],[89.79686,24.59588],[89.79687,24.5966],[89.79707,24.5966],[89.79708,24.59696],[89.79727,24.59696],[89.79728,24.59732],[89.79768,24.59731],[89.79787,24.59694],[89.79806,24.59694],[89.79806,24.59676],[89.79826,24.59676],[89.79825,24.59658],[89.79845,24.59657],[89.79845,24.59639],[89.79943,24.59637],[89.79944,24.59655],[89.79963,24.59655],[89.79965,24.59727],[89.79985,24.59727],[89.79985,24.59745],[89.80044,24.59744],[89.80045,24.59762],[89.80064,24.59761],[89.80067,24.5987],[89.80087,24.59869],[89.80087,24.59905],[89.80107,24.59905],[89.80108,24.59941],[89.80128,24.59941],[89.80129,24.59995],[89.80149,24.59995],[89.80149,24.60013],[89.80169,24.60012]],[[89.7992,24.59493],[89.7994,24.59493],[89.7994,24.59511],[89.79921,24.59511],[89.7992,24.59493]],[[89.79762,24.5946],[89.79801,24.5946],[89.79802,24.59496],[89.79762,24.59496],[89.79762,24.5946]]]}},{"type":"Feature","properties":{"kind":"land","ha":7.6},"geometry":{"type":"Polygon","coordinates":[[[89.80944,24.59348],[89.80962,24.59312],[89.80982,24.59311],[89.80981,24.59239],[89.8102,24.5922],[89.81019,24.59202],[89.81039,24.59202],[89.81039,24.59184],[89.81117,24.59182],[89.81117,24.59164],[89.81157,24.59164],[89.81175,24.59127],[89.81195,24.59127],[89.81174,24.59055],[89.81134,24.59038],[89.81133,24.59002],[89.81113,24.59002],[89.81113,24.58984],[89.81093,24.58984],[89.81094,24.59002],[89.80995,24.59004],[89.80997,24.59076],[89.80977,24.59077],[89.80978,24.59113],[89.80919,24.59114],[89.80898,24.59078],[89.80878,24.59078],[89.80878,24.5906],[89.80838,24.59061],[89.80839,24.59097],[89.8082,24.59098],[89.80822,24.59224],[89.80842,24.59224],[89.80843,24.5926],[89.80883,24.59277],[89.80883,24.59295],[89.80903,24.59295],[89.80904,24.59331],[89.80884,24.59331],[89.80884,24.59349],[89.80944,24.59348]]]}},{"type":"Feature","properties":{"kind":"land","ha":3.7},"geometry":{"type":"Polygon","coordinates":[[[89.79794,24.59153],[89.79794,24.59135],[89.79814,24.59134],[89.79812,24.59062],[89.79851,24.59043],[89.7985,24.58989],[89.7987,24.58989],[89.79868,24.58917],[89.7973,24.58919],[89.79731,24.58973],[89.79751,24.58973],[89.79752,24.59009],[89.79732,24.5901],[89.79732,24.59028],[89.79693,24.59028],[89.79693,24.59046],[89.79654,24.59047],[89.79633,24.59011],[89.79614,24.59012],[89.79613,24.58994],[89.79574,24.59013],[89.79574,24.59031],[89.79614,24.5903],[89.79634,24.59066],[89.79654,24.59065],[89.79655,24.59083],[89.79674,24.59083],[89.79675,24.59101],[89.79694,24.59101],[89.79695,24.59119],[89.79715,24.59118],[89.79715,24.59154],[89.79794,24.59153]]]}},{"type":"Feature","properties":{"kind":"land","ha":5.2},"geometry":{"type":"Polygon","coordinates":[[[89.68532,24.59593],[89.68532,24.59575],[89.68591,24.59574],[89.68591,24.59556],[89.6863,24.59555],[89.68649,24.59518],[89.68669,24.59518],[89.68668,24.595],[89.68708,24.59499],[89.68727,24.59463],[89.68747,24.59463],[89.68746,24.59444],[89.68766,24.59444],[89.68765,24.59408],[89.68804,24.59389],[89.68803,24.59353],[89.68842,24.59334],[89.68842,24.59298],[89.68901,24.59297],[89.6892,24.59261],[89.68959,24.5926],[89.68959,24.59242],[89.68979,24.59242],[89.68957,24.59134],[89.68976,24.59133],[89.68976,24.59097],[89.69015,24.59079],[89.69014,24.59061],[89.69034,24.5906],[89.69033,24.59024],[89.68994,24.59043],[89.68995,24.59061],[89.68975,24.59061],[89.68975,24.59079],[89.68955,24.5908],[89.68937,24.59152],[89.68898,24.59171],[89.68899,24.59189],[89.68879,24.59189],[89.68879,24.59207],[89.6886,24.59208],[89.6886,24.59226],[89.6884,24.59226],[89.68841,24.59244],[89.68821,24.59245],[89.68822,24.59281],[89.68783,24.59299],[89.68783,24.59317],[89.68763,24.59318],[89.68764,24.59354],[89.68725,24.59373],[89.68725,24.59391],[89.68706,24.59391],[89.68706,24.59409],[89.68686,24.59409],[89.68687,24.59427],[89.68667,24.59428],[89.68667,24.59446],[89.68647,24.59446],[89.68648,24.59464],[89.68628,24.59465],[89.68628,24.59483],[89.68609,24.59483],[89.68609,24.59501],[89.68589,24.59501],[89.6859,24.59519],[89.68452,24.59522],[89.68451,24.59504],[89.68412,24.59505],[89.68432,24.5954],[89.68452,24.5954],[89.68452,24.59558],[89.68472,24.59558],[89.68473,24.59576],[89.68492,24.59575],[89.68493,24.59593],[89.68532,24.59593]]]}},{"type":"Feature","properties":{"kind":"land","ha":4.8},"geometry":{"type":"Polygon","coordinates":[[[89.81493,24.59193],[89.81492,24.59157],[89.81512,24.59157],[89.8151,24.59103],[89.8153,24.59102],[89.81529,24.5903],[89.81548,24.5903],[89.81546,24.5894],[89.81566,24.58939],[89.81564,24.58867],[89.81545,24.58867],[89.81544,24.58849],[89.81564,24.58849],[89.81561,24.58723],[89.81541,24.58723],[89.81543,24.58777],[89.81523,24.58778],[89.81524,24.58832],[89.81465,24.58833],[89.81465,24.58815],[89.81445,24.58815],[89.81446,24.58869],[89.81466,24.58869],[89.81466,24.58887],[89.81446,24.58887],[89.81448,24.58941],[89.81428,24.58942],[89.8143,24.59032],[89.8145,24.59032],[89.81451,24.59086],[89.81431,24.59086],[89.81432,24.59122],[89.81393,24.59123],[89.81393,24.59141],[89.81353,24.59142],[89.81354,24.5916],[89.81334,24.5916],[89.81335,24.59178],[89.81413,24.59177],[89.81414,24.59195],[89.81493,24.59193]],[[89.81489,24.59031],[89.81509,24.59031],[89.81509,24.59049],[89.8149,24.59049],[89.81489,24.59031]]]}},{"type":"Feature","properties":{"kind":"land","ha":19.6},"geometry":{"type":"Polygon","coordinates":[[[89.70263,24.6023],[89.70281,24.60157],[89.70301,24.60157],[89.70299,24.6003],[89.70279,24.60031],[89.70278,24.59995],[89.70298,24.59994],[89.70296,24.59904],[89.70316,24.59904],[89.70315,24.59868],[89.70334,24.59867],[89.70334,24.59831],[89.70353,24.59831],[89.7035,24.5965],[89.70369,24.5965],[89.70368,24.59578],[89.70387,24.59578],[89.70387,24.59541],[89.70406,24.59541],[89.70405,24.59487],[89.70425,24.59487],[89.70424,24.5945],[89.70444,24.5945],[89.70443,24.59396],[89.70463,24.59396],[89.70462,24.5936],[89.70501,24.59341],[89.705,24.59323],[89.7052,24.59322],[89.70538,24.5925],[89.70558,24.5925],[89.70557,24.59213],[89.70577,24.59213],[89.70576,24.59177],[89.70596,24.59177],[89.70595,24.59141],[89.70634,24.59122],[89.70634,24.59104],[89.70654,24.59103],[89.70653,24.59085],[89.70673,24.59085],[89.70672,24.59031],[89.70692,24.59031],[89.70691,24.58994],[89.70711,24.58994],[89.70709,24.58904],[89.7067,24.58923],[89.7067,24.58941],[89.7065,24.58941],[89.70651,24.58977],[89.70612,24.58996],[89.70613,24.59032],[89.70574,24.59051],[89.70555,24.59123],[89.70516,24.59142],[89.70498,24.59215],[89.70478,24.59215],[89.70479,24.59251],[89.7044,24.5927],[89.70441,24.59306],[89.70421,24.59306],[89.70422,24.59324],[89.70402,24.59325],[89.70403,24.59361],[89.70363,24.59379],[89.70364,24.59415],[89.70325,24.59434],[89.70326,24.5947],[89.70287,24.59489],[89.70288,24.59525],[89.70249,24.59544],[89.70249,24.59562],[89.70229,24.59562],[89.7023,24.5958],[89.7021,24.59581],[89.70192,24.59653],[89.70153,24.59672],[89.70153,24.59708],[89.70114,24.59727],[89.70115,24.59745],[89.70095,24.59745],[89.70096,24.59781],[89.70057,24.598],[89.70057,24.59836],[89.70018,24.59855],[89.70019,24.59873],[89.69999,24.59873],[89.69999,24.59891],[89.6998,24.59892],[89.6998,24.5991],[89.6996,24.5991],[89.69961,24.59928],[89.69941,24.59928],[89.69942,24.59965],[89.69903,24.59983],[89.69903,24.60001],[89.69883,24.60002],[89.69884,24.60038],[89.69845,24.60057],[89.69845,24.60075],[89.69826,24.60075],[89.69826,24.60093],[89.69806,24.60093],[89.69807,24.60129],[89.69768,24.60148],[89.69769,24.60184],[89.6973,24.60203],[89.6973,24.60239],[89.6975,24.60239],[89.69769,24.60202],[89.69789,24.60202],[89.69789,24.60184],[89.69808,24.60184],[89.69807,24.60147],[89.69847,24.60129],[89.69846,24.60093],[89.69885,24.60074],[89.69884,24.60056],[89.69904,24.60055],[89.69904,24.60037],[89.69924,24.60037],[89.69923,24.60019],[89.69943,24.60019],[89.69943,24.60001],[89.69962,24.6],[89.69962,24.59982],[89.69982,24.59982],[89.69981,24.59946],[89.7002,24.59927],[89.7002,24.59909],[89.70039,24.59909],[89.70039,24.59891],[89.70059,24.5989],[89.70058,24.59872],[89.70078,24.59872],[89.70078,24.59854],[89.70097,24.59853],[89.70097,24.59835],[89.70136,24.59835],[89.70137,24.59853],[89.70156,24.59852],[89.70157,24.59888],[89.70177,24.59888],[89.70178,24.59942],[89.70198,24.59942],[89.70202,24.6014],[89.70222,24.6014],[89.70224,24.60248],[89.70263,24.6023]]]}},{"type":"Feature","properties":{"kind":"land","ha":3.7},"geometry":{"type":"Polygon","coordinates":[[[89.67617,24.59284],[89.67616,24.59194],[89.67635,24.59194],[89.67634,24.59139],[89.67614,24.5914],[89.67612,24.5905],[89.67632,24.59049],[89.67631,24.59013],[89.67612,24.59013],[89.67611,24.58977],[89.67591,24.58978],[89.6759,24.58942],[89.67531,24.58943],[89.67533,24.59033],[89.67553,24.59033],[89.67553,24.59051],[89.67534,24.59051],[89.67534,24.59069],[89.67554,24.59069],[89.67554,24.59105],[89.67535,24.59105],[89.67535,24.59141],[89.67496,24.59142],[89.67496,24.5916],[89.67477,24.5916],[89.67478,24.59214],[89.67498,24.59214],[89.67498,24.5925],[89.67518,24.5925],[89.67518,24.59268],[89.67558,24.59267],[89.67558,24.59285],[89.67578,24.59285],[89.67578,24.59303],[89.67617,24.59284]]]}},{"type":"Feature","properties":{"kind":"land","ha":4.7},"geometry":{"type":"Polygon","coordinates":[[[89.73434,24.58963],[89.73453,24.58926],[89.73473,24.58926],[89.73472,24.5889],[89.73511,24.58871],[89.7351,24.58835],[89.7353,24.58835],[89.73546,24.5869],[89.73527,24.5869],[89.73526,24.58672],[89.73487,24.58673],[89.73468,24.5871],[89.73448,24.5871],[89.73449,24.58728],[89.73429,24.58728],[89.7343,24.58764],[89.7341,24.58765],[89.73411,24.58819],[89.73312,24.58821],[89.73293,24.58857],[89.73274,24.58858],[89.73275,24.58894],[89.73255,24.58894],[89.73275,24.5893],[89.73295,24.58929],[89.73295,24.58947],[89.73374,24.58946],[89.73375,24.58964],[89.73434,24.58963]]]}},{"type":"Feature","properties":{"kind":"land","ha":3.2},"geometry":{"type":"Polygon","coordinates":[[[89.81442,24.58671],[89.8144,24.58617],[89.8146,24.58616],[89.8146,24.58598],[89.8144,24.58599],[89.81439,24.58545],[89.81459,24.58544],[89.81458,24.58508],[89.81477,24.58508],[89.81475,24.584],[89.81455,24.584],[89.81456,24.58418],[89.81416,24.58419],[89.81416,24.58401],[89.81396,24.58401],[89.81377,24.58437],[89.81357,24.58438],[89.81358,24.58456],[89.81338,24.58456],[89.81339,24.58474],[89.81319,24.58475],[89.81319,24.58493],[89.81339,24.58492],[89.81342,24.58619],[89.81361,24.58618],[89.81362,24.58654],[89.81402,24.58672],[89.81403,24.5869],[89.81442,24.58671]]]}},{"type":"Feature","properties":{"kind":"land","ha":4.3},"geometry":{"type":"Polygon","coordinates":[[[89.68283,24.5902],[89.68278,24.58767],[89.68258,24.58767],[89.68249,24.58334],[89.68268,24.58334],[89.68267,24.58262],[89.68247,24.58262],[89.68248,24.58316],[89.68229,24.58317],[89.6823,24.58407],[89.68211,24.58407],[89.68212,24.58479],[89.68193,24.5848],[89.68194,24.5857],[89.68155,24.58571],[89.68157,24.58643],[89.68196,24.58624],[89.682,24.58822],[89.6822,24.58822],[89.68222,24.58912],[89.68241,24.58912],[89.68242,24.58966],[89.68262,24.58966],[89.68263,24.5902],[89.68283,24.5902]]]}},{"type":"Feature","properties":{"kind":"land","ha":17.6},"geometry":{"type":"Polygon","coordinates":[[[89.67482,24.59395],[89.6746,24.59323],[89.6748,24.59323],[89.67479,24.59268],[89.67439,24.59269],[89.67439,24.59233],[89.67399,24.59216],[89.67397,24.59144],[89.67357,24.59126],[89.67357,24.59108],[89.67337,24.59109],[89.67337,24.59091],[89.67357,24.5909],[89.67356,24.59036],[89.67336,24.59036],[89.67335,24.59],[89.67315,24.59001],[89.67315,24.58965],[89.67295,24.58965],[89.67292,24.58839],[89.67272,24.58839],[89.67272,24.58803],[89.67232,24.58786],[89.67231,24.58767],[89.67212,24.58768],[89.67211,24.5875],[89.67192,24.5875],[89.6719,24.58696],[89.6721,24.58696],[89.67208,24.58587],[89.67188,24.58588],[89.67187,24.58552],[89.67148,24.58552],[89.67148,24.58534],[89.67069,24.58536],[89.67069,24.58572],[89.6703,24.58573],[89.67009,24.58537],[89.67029,24.58536],[89.67028,24.58482],[89.66988,24.58465],[89.66987,24.58429],[89.66968,24.58429],[89.66967,24.58411],[89.66948,24.58412],[89.66946,24.58321],[89.66906,24.58304],[89.66905,24.58286],[89.66846,24.58287],[89.66849,24.58413],[89.66889,24.58431],[89.6691,24.58502],[89.6693,24.58502],[89.6693,24.58538],[89.6697,24.58556],[89.66971,24.58574],[89.6699,24.58573],[89.66991,24.58591],[89.67011,24.58591],[89.66992,24.58627],[89.66972,24.58628],[89.66973,24.58664],[89.67012,24.58681],[89.67013,24.58699],[89.67033,24.58699],[89.67033,24.58717],[89.67053,24.58717],[89.67053,24.58735],[89.67073,24.58734],[89.67095,24.58842],[89.67115,24.58842],[89.67116,24.58896],[89.67135,24.58896],[89.67137,24.5895],[89.67156,24.58949],[89.67157,24.59003],[89.67177,24.59003],[89.67178,24.59057],[89.67218,24.59075],[89.67219,24.59093],[89.67298,24.59091],[89.67279,24.59128],[89.67259,24.59128],[89.6726,24.59182],[89.6728,24.59182],[89.6728,24.59218],[89.673,24.59218],[89.67301,24.59272],[89.67321,24.59271],[89.67322,24.59325],[89.67342,24.59325],[89.67343,24.59361],[89.67383,24.59379],[89.67383,24.59397],[89.67482,24.59395]]]}},{"type":"Feature","properties":{"kind":"land","ha":5.8},"geometry":{"type":"Polygon","coordinates":[[[89.72224,24.58678],[89.72243,24.58642],[89.72262,24.58641],[89.72262,24.58623],[89.72301,24.58622],[89.72301,24.58604],[89.72321,24.58604],[89.7232,24.58568],[89.72359,24.58549],[89.72359,24.58531],[89.72378,24.58531],[89.72378,24.58495],[89.72417,24.58476],[89.72416,24.58458],[89.72436,24.58458],[89.72436,24.5844],[89.72455,24.58439],[89.72455,24.58421],[89.72475,24.58421],[89.72472,24.58294],[89.72512,24.58312],[89.72512,24.5833],[89.72532,24.58329],[89.72531,24.58275],[89.72551,24.58275],[89.72547,24.58113],[89.72567,24.58112],[89.72565,24.58022],[89.72585,24.58022],[89.72583,24.5795],[89.72563,24.5795],[89.72564,24.57986],[89.72544,24.57986],[89.72545,24.58022],[89.72506,24.58041],[89.72507,24.58095],[89.72487,24.58096],[89.72491,24.5824],[89.72471,24.5824],[89.72472,24.58276],[89.72452,24.58277],[89.72451,24.58241],[89.72431,24.58241],[89.72433,24.58295],[89.72393,24.58314],[89.72394,24.5835],[89.72374,24.5835],[89.72376,24.58405],[89.72337,24.58423],[89.72318,24.58496],[89.72299,24.58496],[89.72299,24.58532],[89.7228,24.58533],[89.72281,24.58569],[89.72241,24.58587],[89.72242,24.58605],[89.72222,24.58606],[89.72223,24.58642],[89.72184,24.58661],[89.72184,24.58679],[89.72224,24.58678]]]}},{"type":"Feature","properties":{"kind":"land","ha":70.1},"geometry":{"type":"Polygon","coordinates":[[[89.66026,24.59637],[89.66024,24.59547],[89.66044,24.59547],[89.66036,24.59186],[89.66056,24.59185],[89.66054,24.59113],[89.66074,24.59113],[89.66073,24.59077],[89.66093,24.59076],[89.66088,24.5886],[89.66108,24.5886],[89.66108,24.58842],[89.66088,24.58842],[89.66087,24.58806],[89.66068,24.58806],[89.66067,24.58788],[89.66047,24.58788],[89.66026,24.58717],[89.66046,24.58716],[89.66046,24.58698],[89.66124,24.58697],[89.66124,24.58679],[89.66144,24.58678],[89.66143,24.58624],[89.66103,24.58625],[89.66102,24.58589],[89.66083,24.58589],[89.66082,24.58553],[89.66121,24.58534],[89.66121,24.58516],[89.6614,24.58516],[89.66118,24.58408],[89.6604,24.58428],[89.66019,24.58356],[89.65999,24.58356],[89.66016,24.58248],[89.66055,24.58229],[89.66054,24.58175],[89.66015,24.58175],[89.66014,24.58157],[89.65995,24.58158],[89.65993,24.58104],[89.66013,24.58103],[89.6601,24.57959],[89.65971,24.57978],[89.65973,24.5805],[89.65953,24.5805],[89.65956,24.58176],[89.65936,24.58177],[89.65938,24.58267],[89.65957,24.58267],[89.65959,24.58339],[89.65979,24.58338],[89.65984,24.58591],[89.65964,24.58591],[89.65966,24.58682],[89.65986,24.58681],[89.65989,24.58844],[89.66009,24.58843],[89.6601,24.58879],[89.6599,24.5888],[89.65991,24.58916],[89.66011,24.58915],[89.66012,24.5897],[89.65973,24.58988],[89.65975,24.59079],[89.65896,24.59098],[89.65877,24.59134],[89.65857,24.59135],[89.65858,24.59153],[89.65838,24.59153],[89.65838,24.59171],[89.65819,24.59172],[89.65819,24.5919],[89.65799,24.5919],[89.658,24.59208],[89.6578,24.59208],[89.6578,24.59226],[89.65761,24.59227],[89.65761,24.59245],[89.65741,24.59245],[89.65742,24.59263],[89.65722,24.59264],[89.65704,24.59336],[89.65684,24.59336],[89.65667,24.59445],[89.65647,24.59445],[89.65648,24.59499],[89.65628,24.595],[89.65629,24.59554],[89.6561,24.59554],[89.65612,24.59663],[89.65592,24.59663],[89.65599,24.5997],[89.65579,24.5997],[89.6558,24.60024],[89.6556,24.60024],[89.65562,24.60115],[89.65542,24.60115],[89.65543,24.60133],[89.65563,24.60133],[89.65567,24.60349],[89.65547,24.6035],[89.65551,24.60512],[89.65571,24.60512],[89.65572,24.60566],[89.65552,24.60566],[89.65555,24.60711],[89.65614,24.60709],[89.65615,24.60727],[89.65634,24.60727],[89.65636,24.60781],[89.65616,24.60782],[89.65619,24.60944],[89.65639,24.60944],[89.6564,24.60998],[89.6566,24.60997],[89.65662,24.61088],[89.65681,24.61087],[89.65683,24.61178],[89.65664,24.61178],[89.65665,24.6125],[89.65685,24.6125],[89.65686,24.61304],[89.65706,24.61303],[89.65707,24.6134],[89.65726,24.61339],[89.65727,24.61375],[89.65747,24.61375],[89.65748,24.61429],[89.65768,24.61429],[89.65768,24.61465],[89.65788,24.61464],[89.65785,24.61302],[89.65765,24.61302],[89.65763,24.61212],[89.65783,24.61212],[89.65782,24.61158],[89.65801,24.61157],[89.65799,24.61031],[89.65779,24.61031],[89.65777,24.60941],[89.65757,24.60942],[89.65755,24.60815],[89.65735,24.60816],[89.65733,24.60707],[89.65713,24.60708],[89.6571,24.60581],[89.6573,24.60581],[89.65729,24.60527],[89.65749,24.60527],[89.65747,24.60472],[89.65767,24.60472],[89.65783,24.60291],[89.65803,24.60291],[89.658,24.60165],[89.6582,24.60164],[89.65818,24.60056],[89.65837,24.60056],[89.65836,24.60002],[89.65856,24.60001],[89.65855,24.59965],[89.65875,24.59965],[89.65874,24.59929],[89.65894,24.59928],[89.65893,24.59874],[89.65912,24.59874],[89.65912,24.59838],[89.65931,24.59837],[89.65931,24.59801],[89.6595,24.59801],[89.6595,24.59765],[89.65969,24.59765],[89.65968,24.5971],[89.65988,24.5971],[89.65987,24.59674],[89.66007,24.59674],[89.66006,24.59638],[89.66026,24.59637]],[[89.65986,24.59638],[89.65986,24.5962],[89.66006,24.5962],[89.66006,24.59638],[89.65986,24.59638]],[[89.65608,24.60403],[89.65628,24.60402],[89.65628,24.6042],[89.65608,24.60421],[89.65608,24.60403]],[[89.65737,24.59985],[89.65777,24.59985],[89.65777,24.60003],[89.65738,24.60003],[89.65737,24.59985]],[[89.65811,24.59731],[89.65771,24.59732],[89.65771,24.59714],[89.65731,24.59715],[89.6573,24.5966],[89.6577,24.5966],[89.65789,24.59623],[89.65828,24.59623],[89.65829,24.59659],[89.65789,24.59659],[89.6579,24.59677],[89.6577,24.59678],[89.65771,24.59696],[89.6581,24.59695],[89.6581,24.59713],[89.6585,24.59713],[89.65831,24.59749],[89.65811,24.59749],[89.65811,24.59731]],[[89.65862,24.59351],[89.65842,24.59352],[89.65841,24.59316],[89.65822,24.59316],[89.65821,24.5928],[89.6586,24.59279],[89.65862,24.59333],[89.65881,24.59333],[89.65882,24.59369],[89.65862,24.59369],[89.65862,24.59351]]]}},{"type":"Feature","properties":{"kind":"land","ha":4.4},"geometry":{"type":"Polygon","coordinates":[[[89.70394,24.58025],[89.70392,24.57953],[89.70372,24.57953],[89.7037,24.57863],[89.70351,24.57863],[89.7035,24.57827],[89.7037,24.57827],[89.70368,24.57755],[89.70407,24.57736],[89.70407,24.57718],[89.70446,24.57717],[89.70446,24.57699],[89.70505,24.57698],[89.70485,24.57662],[89.70465,24.57663],[89.70464,24.57645],[89.70445,24.57645],[89.70444,24.57627],[89.70425,24.57627],[89.70422,24.57519],[89.70383,24.57538],[89.70384,24.57574],[89.70345,24.57593],[89.70345,24.57611],[89.70306,24.57612],[89.70307,24.57648],[89.70267,24.57648],[89.70248,24.57685],[89.70228,24.57685],[89.70229,24.57721],[89.70249,24.57721],[89.70249,24.57739],[89.70328,24.57719],[89.70331,24.57882],[89.70312,24.57882],[89.70314,24.5799],[89.70354,24.58008],[89.70354,24.58026],[89.70394,24.58025]],[[89.70366,24.57665],[89.70386,24.57664],[89.70385,24.57646],[89.70425,24.57645],[89.70426,24.57682],[89.70406,24.57682],[89.70406,24.577],[89.70367,24.57701],[89.70366,24.57665]]]}},{"type":"Feature","properties":{"kind":"land","ha":4.5},"geometry":{"type":"Polygon","coordinates":[[[89.80392,24.57626],[89.80391,24.57589],[89.8043,24.57571],[89.8043,24.57553],[89.80449,24.57552],[89.80449,24.57534],[89.80489,24.57552],[89.80489,24.57534],[89.80508,24.57533],[89.80509,24.57569],[89.80529,24.57569],[89.80528,24.57533],[89.80548,24.57532],[89.80549,24.57605],[89.80588,24.57586],[89.80587,24.57532],[89.80607,24.57531],[89.80606,24.57495],[89.80626,24.57495],[89.80625,24.57459],[89.80585,24.57441],[89.80585,24.57423],[89.80565,24.57424],[89.80563,24.57352],[89.80544,24.57352],[89.80543,24.57334],[89.80524,24.57334],[89.80527,24.57497],[89.80429,24.57499],[89.80428,24.57481],[89.80408,24.57481],[89.80409,24.57517],[89.8039,24.57517],[89.8039,24.57535],[89.8041,24.57535],[89.8041,24.57553],[89.8039,24.57553],[89.80391,24.57571],[89.80351,24.57572],[89.8035,24.575],[89.8031,24.57483],[89.80309,24.57465],[89.8027,24.57465],[89.8027,24.57483],[89.80231,24.57484],[89.80231,24.57502],[89.80212,24.57503],[89.80212,24.57539],[89.80252,24.57556],[89.80253,24.57592],[89.80273,24.57592],[89.80273,24.5761],[89.80332,24.57609],[89.80353,24.57644],[89.80392,24.57626]]]}},{"type":"Feature","properties":{"kind":"land","ha":7.7},"geometry":{"type":"Polygon","coordinates":[[[89.81122,24.5763],[89.81122,24.57612],[89.81161,24.57611],[89.81161,24.57593],[89.812,24.57592],[89.812,24.57574],[89.8122,24.57574],[89.81219,24.57538],[89.81239,24.57538],[89.81238,24.5752],[89.81219,24.5752],[89.81218,24.57502],[89.81258,24.57501],[89.81257,24.57483],[89.81277,24.57483],[89.81276,24.57429],[89.81256,24.57429],[89.81255,24.57393],[89.81295,24.57392],[89.81314,24.57356],[89.81333,24.57355],[89.81332,24.57319],[89.81371,24.573],[89.81371,24.57282],[89.81391,24.57282],[89.8139,24.57264],[89.81351,24.57265],[89.81351,24.57283],[89.81272,24.57284],[89.81254,24.57321],[89.81234,24.57321],[89.81234,24.57339],[89.81214,24.57339],[89.81215,24.57358],[89.81136,24.57377],[89.81137,24.57395],[89.81097,24.57396],[89.81098,24.57432],[89.81059,24.57433],[89.8104,24.57469],[89.81,24.57452],[89.80999,24.57416],[89.8096,24.57434],[89.8096,24.57453],[89.80941,24.57453],[89.80923,24.57525],[89.80962,24.57543],[89.80963,24.57561],[89.80983,24.5756],[89.80983,24.57578],[89.81003,24.57578],[89.81003,24.57596],[89.81023,24.57596],[89.81023,24.57614],[89.81063,24.57613],[89.81063,24.57631],[89.81122,24.5763]]]}},{"type":"Feature","properties":{"kind":"land","ha":3.4},"geometry":{"type":"Polygon","coordinates":[[[89.81355,24.57463],[89.81355,24.57445],[89.81454,24.57443],[89.81452,24.57389],[89.81491,24.5737],[89.81493,24.57461],[89.81513,24.5746],[89.81532,24.57424],[89.81552,24.57423],[89.81551,24.57405],[89.81571,24.57405],[89.81589,24.57332],[89.81609,24.57332],[89.81608,24.57296],[89.81628,24.57296],[89.81627,24.5726],[89.81666,24.57241],[89.81666,24.57223],[89.81567,24.57225],[89.81549,24.57297],[89.8151,24.57316],[89.8151,24.57334],[89.81372,24.57337],[89.81373,24.57355],[89.81353,24.57355],[89.81355,24.57427],[89.81335,24.57427],[89.81336,24.57464],[89.81355,24.57463]]]}},{"type":"Feature","properties":{"kind":"land","ha":6.5},"geometry":{"type":"Polygon","coordinates":[[[89.81993,24.58624],[89.81992,24.58588],[89.82012,24.58588],[89.82029,24.58443],[89.82048,24.58443],[89.82026,24.58335],[89.82066,24.58334],[89.82063,24.58226],[89.82083,24.58226],[89.82079,24.58063],[89.82099,24.58063],[89.82096,24.57937],[89.82116,24.57936],[89.82105,24.57467],[89.82125,24.57467],[89.82124,24.57395],[89.82104,24.57395],[89.82103,24.57377],[89.82123,24.57377],[89.82122,24.57304],[89.82102,24.57305],[89.82099,24.57179],[89.82079,24.57179],[89.82083,24.57359],[89.82064,24.5736],[89.82066,24.5745],[89.82085,24.5745],[89.82087,24.57522],[89.82067,24.57522],[89.82076,24.57901],[89.82056,24.57901],[89.8206,24.58064],[89.8204,24.58064],[89.82043,24.5819],[89.82023,24.58191],[89.82025,24.58299],[89.82006,24.58299],[89.82008,24.5839],[89.81988,24.5839],[89.8199,24.5848],[89.8197,24.5848],[89.81973,24.58589],[89.81953,24.58589],[89.81954,24.58643],[89.81993,24.58624]]]}},{"type":"Feature","properties":{"kind":"land","ha":38.0},"geometry":{"type":"Polygon","coordinates":[[[89.79403,24.58438],[89.79401,24.58348],[89.79362,24.58349],[89.79361,24.58313],[89.79381,24.58312],[89.7938,24.58294],[89.7942,24.58293],[89.7942,24.58311],[89.7944,24.58311],[89.79438,24.58203],[89.79457,24.58202],[89.79457,24.58166],[89.79476,24.58166],[89.79476,24.58148],[89.79496,24.58148],[89.79495,24.5813],[89.79475,24.5813],[89.79475,24.58094],[89.79455,24.58094],[89.79453,24.58022],[89.79473,24.58022],[89.79471,24.57913],[89.79431,24.57896],[89.79432,24.57968],[89.79413,24.57969],[89.79413,24.58005],[89.79433,24.58004],[89.79434,24.5804],[89.79375,24.58042],[89.79374,24.58024],[89.79394,24.58023],[89.79393,24.57987],[89.79374,24.57987],[89.79373,24.57969],[89.79353,24.5797],[89.79355,24.58042],[89.79236,24.58026],[89.79237,24.58044],[89.79276,24.58043],[89.79277,24.58079],[89.79297,24.58079],[89.79297,24.58097],[89.79258,24.58116],[89.7924,24.58188],[89.79201,24.58207],[89.79201,24.58225],[89.79162,24.58226],[89.79161,24.58208],[89.79142,24.58208],[89.79139,24.58082],[89.79119,24.58082],[89.79119,24.58064],[89.79138,24.58064],[89.79138,24.58046],[89.79178,24.58045],[89.79177,24.58027],[89.79137,24.5801],[89.79136,24.57956],[89.79116,24.57956],[89.79116,24.5792],[89.79135,24.5792],[89.79135,24.57902],[89.79194,24.57901],[89.79194,24.57919],[89.79234,24.57918],[89.79234,24.57936],[89.79254,24.57936],[89.79254,24.57954],[89.79333,24.57952],[89.79333,24.57916],[89.79273,24.57917],[89.79272,24.57845],[89.79252,24.57845],[89.79251,24.57791],[89.79231,24.57792],[89.79229,24.57683],[89.79248,24.57683],[89.79248,24.57665],[89.79288,24.57664],[89.79288,24.577],[89.79308,24.577],[89.79308,24.57718],[89.79348,24.57717],[89.79348,24.57735],[89.79368,24.57735],[89.79368,24.57753],[89.79329,24.57754],[89.7933,24.5779],[89.79349,24.57789],[89.7935,24.57825],[89.7937,24.57825],[89.79369,24.57771],[89.79408,24.57752],[89.79405,24.57608],[89.79385,24.57608],[89.79384,24.57572],[89.79404,24.57572],[89.79403,24.57536],[89.79442,24.57517],[89.79442,24.57499],[89.79461,24.57498],[89.79461,24.5748],[89.79501,24.5748],[89.795,24.57444],[89.79519,24.57443],[89.79519,24.57425],[89.79558,24.57424],[89.7956,24.57479],[89.7954,24.57479],[89.79542,24.57587],[89.79582,24.57586],[89.796,24.57514],[89.79659,24.57513],[89.79656,24.57387],[89.79676,24.57386],[89.79675,24.5735],[89.79695,24.5735],[89.79694,24.57314],[89.79714,24.57313],[89.79731,24.57205],[89.79712,24.57205],[89.7971,24.57151],[89.79631,24.57116],[89.7963,24.5708],[89.7959,24.57063],[89.7959,24.57045],[89.79511,24.57046],[89.79511,24.57064],[89.79472,24.57065],[89.79472,24.57083],[89.79452,24.57084],[89.79453,24.57138],[89.79394,24.57139],[89.79395,24.57157],[89.79335,24.57158],[89.79336,24.57176],[89.79316,24.57176],[89.79317,24.5723],[89.79357,24.57248],[89.7936,24.57392],[89.79321,24.57411],[89.79324,24.57537],[89.79285,24.57556],[89.79286,24.57574],[89.79266,24.57574],[89.79266,24.57592],[89.79207,24.57593],[89.79207,24.57575],[89.79167,24.57576],[89.79148,24.57613],[89.79128,24.57613],[89.7913,24.57685],[89.7911,24.57685],[89.79112,24.5774],[89.79092,24.5774],[89.79093,24.57794],[89.79073,24.57794],[89.79074,24.57831],[89.79054,24.57831],[89.79056,24.57903],[89.79036,24.57903],[89.79037,24.5794],[89.79057,24.57939],[89.79076,24.57903],[89.79095,24.57902],[89.79097,24.57975],[89.79018,24.57958],[89.79018,24.57976],[89.78998,24.57976],[89.78999,24.58012],[89.78979,24.58013],[89.78981,24.58103],[89.79021,24.5812],[89.79022,24.58174],[89.79062,24.58192],[89.79063,24.5821],[89.79082,24.58209],[89.79083,24.58227],[89.79162,24.58244],[89.79184,24.58316],[89.79203,24.58315],[89.79204,24.58352],[89.79244,24.58369],[89.79244,24.58387],[89.79284,24.58386],[89.79283,24.58332],[89.79342,24.58331],[89.79344,24.58421],[89.79364,24.58421],[89.79364,24.58439],[89.79403,24.58438]],[[89.79537,24.57353],[89.79557,24.57352],[89.79554,24.57244],[89.79594,24.57243],[89.79597,24.5737],[89.79577,24.5737],[89.79577,24.57388],[89.79538,24.57389],[89.79537,24.57353]]]}},{"type":"Feature","properties":{"kind":"land","ha":6.6},"geometry":{"type":"Polygon","coordinates":[[[89.67111,24.57723],[89.6711,24.57687],[89.6713,24.57686],[89.67128,24.57632],[89.67089,24.57615],[89.67088,24.57597],[89.67068,24.57597],[89.67068,24.57579],[89.67088,24.57579],[89.67086,24.57507],[89.67046,24.57489],[89.67045,24.57417],[89.67065,24.57417],[89.67064,24.57399],[89.67163,24.57397],[89.67162,24.57379],[89.67143,24.57379],[89.67142,24.57325],[89.67102,24.57308],[89.67101,24.57272],[89.67081,24.57272],[89.6708,24.57236],[89.67061,24.57236],[89.6706,24.572],[89.6704,24.57201],[89.67041,24.57219],[89.67021,24.57219],[89.67022,24.57273],[89.67002,24.57273],[89.67003,24.57309],[89.66964,24.57328],[89.66964,24.57346],[89.66945,24.57347],[89.66945,24.57383],[89.66926,24.57383],[89.66927,24.57437],[89.66947,24.57437],[89.66948,24.57509],[89.66928,24.57509],[89.66929,24.57527],[89.66969,24.57545],[89.66969,24.57563],[89.66989,24.57562],[89.6699,24.57635],[89.6703,24.57652],[89.6703,24.5767],[89.6705,24.5767],[89.67051,24.57724],[89.67071,24.57723],[89.67071,24.57741],[89.67111,24.57723]]]}},{"type":"Feature","properties":{"kind":"land","ha":11.6},"geometry":{"type":"Polygon","coordinates":[[[89.78792,24.58467],[89.78791,24.58413],[89.78771,24.58414],[89.78768,24.58287],[89.78749,24.58288],[89.78747,24.58198],[89.78766,24.58197],[89.78766,24.58161],[89.78785,24.58161],[89.78785,24.58125],[89.78824,24.58106],[89.78822,24.58052],[89.78842,24.58051],[89.78822,24.58016],[89.78841,24.58015],[89.78841,24.57997],[89.78821,24.57998],[89.78821,24.5798],[89.78841,24.57979],[89.7884,24.57943],[89.78859,24.57943],[89.78856,24.57798],[89.78876,24.57798],[89.78875,24.57744],[89.78895,24.57744],[89.78893,24.57653],[89.78912,24.57653],[89.78911,24.57617],[89.78931,24.57617],[89.7893,24.57562],[89.7895,24.57562],[89.78948,24.57472],[89.78967,24.57472],[89.78966,24.57399],[89.78986,24.57399],[89.78984,24.57327],[89.79004,24.57326],[89.79003,24.5729],[89.79023,24.5729],[89.79022,24.57272],[89.79042,24.57272],[89.79041,24.57218],[89.7906,24.57217],[89.79058,24.57109],[89.79078,24.57109],[89.79076,24.57018],[89.79096,24.57018],[89.79094,24.56964],[89.79055,24.56983],[89.79057,24.57073],[89.79038,24.57073],[89.79039,24.57127],[89.79019,24.57128],[89.79021,24.572],[89.78982,24.57219],[89.78982,24.57255],[89.78943,24.57273],[89.78944,24.5731],[89.78924,24.5731],[89.78926,24.57382],[89.78906,24.57382],[89.78907,24.57437],[89.78888,24.57437],[89.78889,24.57473],[89.78869,24.57473],[89.7887,24.57546],[89.78851,24.57546],[89.78852,24.576],[89.78832,24.576],[89.78834,24.57673],[89.78814,24.57673],[89.78815,24.57709],[89.78795,24.57709],[89.78797,24.57782],[89.78777,24.57782],[89.78778,24.57836],[89.78758,24.57836],[89.7876,24.57927],[89.78741,24.57927],[89.78742,24.57999],[89.78723,24.58],[89.78725,24.58108],[89.78705,24.58108],[89.7871,24.58325],[89.7869,24.58325],[89.78691,24.58343],[89.7871,24.58343],[89.78712,24.58397],[89.78731,24.58396],[89.78732,24.58433],[89.78772,24.5845],[89.78772,24.58468],[89.78792,24.58467]]]}},{"type":"Feature","properties":{"kind":"land","ha":4.6},"geometry":{"type":"Polygon","coordinates":[[[89.72387,24.57123],[89.72387,24.57105],[89.72426,24.57104],[89.72426,24.57086],[89.72446,24.57086],[89.72445,24.5705],[89.72465,24.57049],[89.72463,24.56959],[89.72483,24.56959],[89.72481,24.56904],[89.72501,24.56904],[89.725,24.56868],[89.72481,24.56868],[89.72481,24.56886],[89.72442,24.56887],[89.72441,24.56869],[89.72402,24.5687],[89.72401,24.56852],[89.72362,24.56871],[89.72362,24.56852],[89.72303,24.56854],[89.72284,24.5689],[89.72343,24.56889],[89.72325,24.56961],[89.72246,24.56963],[89.72246,24.56981],[89.72226,24.56981],[89.72227,24.57017],[89.72188,24.57036],[89.72209,24.57072],[89.72268,24.57071],[89.72267,24.57053],[89.72307,24.57052],[89.72307,24.5707],[89.72327,24.5707],[89.72328,24.57106],[89.72367,24.57105],[89.72368,24.57123],[89.72387,24.57123]],[[89.72326,24.57016],[89.72346,24.57015],[89.72345,24.56997],[89.72424,24.56996],[89.72424,24.56978],[89.72443,24.56977],[89.72444,24.57013],[89.72405,24.57014],[89.72386,24.57051],[89.72346,24.57051],[89.72326,24.57016]]]}},{"type":"Feature","properties":{"kind":"land","ha":10.6},"geometry":{"type":"Polygon","coordinates":[[[89.67714,24.57315],[89.67713,24.57279],[89.67693,24.57279],[89.67692,24.57225],[89.67672,24.57225],[89.67672,24.57207],[89.67692,24.57207],[89.67691,24.57171],[89.67731,24.57188],[89.67732,24.57242],[89.67772,24.5726],[89.67772,24.57278],[89.67792,24.57277],[89.67791,24.57223],[89.6781,24.57223],[89.6781,24.57205],[89.67869,24.57204],[89.6789,24.5724],[89.67929,24.57239],[89.67928,24.57185],[89.67888,24.57167],[89.67888,24.57149],[89.67868,24.5715],[89.67868,24.57132],[89.67848,24.57132],[89.67848,24.57114],[89.67809,24.57133],[89.67808,24.57115],[89.67749,24.57116],[89.67749,24.57134],[89.6771,24.57134],[89.6771,24.57153],[89.67691,24.57153],[89.6767,24.57117],[89.6765,24.57117],[89.6765,24.57099],[89.6763,24.571],[89.6763,24.57082],[89.6761,24.57082],[89.67609,24.57046],[89.6757,24.57029],[89.67569,24.56993],[89.67549,24.56993],[89.67548,24.56957],[89.67529,24.56957],[89.67528,24.56921],[89.67508,24.56921],[89.67508,24.56903],[89.67448,24.56904],[89.67449,24.56922],[89.67409,24.56923],[89.6741,24.56941],[89.6739,24.56942],[89.6739,24.5696],[89.67351,24.5696],[89.67332,24.56997],[89.67312,24.56997],[89.67313,24.57033],[89.67352,24.57033],[89.67373,24.57068],[89.67393,24.57068],[89.67394,24.5714],[89.67434,24.57157],[89.67455,24.57229],[89.67495,24.57247],[89.67496,24.57265],[89.67535,24.57264],[89.67534,24.57228],[89.67554,24.57227],[89.67554,24.57209],[89.67573,24.57209],[89.67574,24.57227],[89.67633,24.57226],[89.67653,24.57262],[89.67673,24.57261],[89.67674,24.57298],[89.67694,24.57297],[89.67694,24.57315],[89.67714,24.57315]],[[89.67572,24.57137],[89.67592,24.57137],[89.67592,24.57173],[89.67573,24.57173],[89.67572,24.57137]],[[89.67469,24.5694],[89.67508,24.56939],[89.67509,24.56958],[89.67469,24.56958],[89.67469,24.5694]]]}},{"type":"Feature","properties":{"kind":"land","ha":3.0},"geometry":{"type":"Polygon","coordinates":[[[89.66446,24.57121],[89.66445,24.57049],[89.66425,24.57049],[89.66423,24.56959],[89.66443,24.56958],[89.66442,24.56922],[89.66462,24.56922],[89.66462,24.56904],[89.66501,24.56903],[89.6652,24.56867],[89.6654,24.56866],[89.66539,24.56848],[89.66559,24.56848],[89.66558,24.56776],[89.66538,24.56776],[89.66537,24.56722],[89.66517,24.56722],[89.66517,24.56704],[89.66497,24.56705],[89.66498,24.56741],[89.66478,24.56741],[89.66479,24.56795],[89.6644,24.56796],[89.6644,24.56832],[89.66401,24.56851],[89.66402,24.56869],[89.66382,24.56869],[89.66382,24.56887],[89.66363,24.56888],[89.66384,24.56959],[89.66404,24.56959],[89.66406,24.57085],[89.66426,24.57085],[89.66427,24.57121],[89.66446,24.57121]]]}},{"type":"Feature","properties":{"kind":"land","ha":9.4},"geometry":{"type":"Polygon","coordinates":[[[89.68005,24.57075],[89.68004,24.57057],[89.68024,24.57057],[89.68023,24.57021],[89.68062,24.57002],[89.68062,24.56984],[89.68082,24.56983],[89.68081,24.56947],[89.68159,24.56928],[89.68157,24.56802],[89.68117,24.56784],[89.68117,24.56766],[89.68077,24.56767],[89.68077,24.56785],[89.68038,24.56786],[89.68038,24.56804],[89.67999,24.56804],[89.67999,24.56786],[89.67979,24.56787],[89.67978,24.56751],[89.67998,24.5675],[89.67997,24.56696],[89.67958,24.56715],[89.67958,24.56733],[89.67938,24.56733],[89.67918,24.56698],[89.67878,24.56698],[89.67858,24.56663],[89.67838,24.56663],[89.67838,24.56645],[89.67818,24.56645],[89.67819,24.56699],[89.6778,24.567],[89.6778,24.56718],[89.67701,24.56719],[89.67702,24.56774],[89.67742,24.56791],[89.67742,24.56809],[89.67782,24.56808],[89.67783,24.56844],[89.67823,24.56862],[89.67823,24.5688],[89.67862,24.56879],[89.67881,24.56843],[89.67901,24.56842],[89.67901,24.56824],[89.6792,24.56824],[89.67941,24.5686],[89.67961,24.56859],[89.67961,24.56877],[89.67981,24.56877],[89.67983,24.56967],[89.67943,24.56968],[89.67924,24.57004],[89.67905,24.57005],[89.67905,24.57023],[89.67885,24.57023],[89.67886,24.57059],[89.67866,24.57059],[89.67867,24.57078],[89.68005,24.57075]]]}},{"type":"Feature","properties":{"kind":"land","ha":3.2},"geometry":{"type":"Polygon","coordinates":[[[89.80123,24.56187],[89.80123,24.56169],[89.80162,24.56168],[89.80162,24.5615],[89.80201,24.56149],[89.802,24.56113],[89.80181,24.56113],[89.8018,24.56077],[89.8014,24.5606],[89.8014,24.56042],[89.8012,24.56042],[89.80119,24.55988],[89.80099,24.55989],[89.80098,24.55952],[89.80078,24.55953],[89.80078,24.55935],[89.80058,24.55935],[89.80057,24.55899],[89.80018,24.55882],[89.79999,24.55954],[89.7998,24.55955],[89.79981,24.56009],[89.8006,24.56007],[89.8006,24.56025],[89.8008,24.56025],[89.80081,24.56061],[89.80061,24.56061],[89.80062,24.56116],[89.80043,24.56116],[89.80044,24.5617],[89.80063,24.5617],[89.80064,24.56188],[89.80123,24.56187]]]}},{"type":"Feature","properties":{"kind":"land","ha":4.4},"geometry":{"type":"Polygon","coordinates":[[[89.70277,24.56258],[89.70275,24.56186],[89.70354,24.56185],[89.70353,24.56113],[89.70333,24.56113],[89.70332,24.56059],[89.70351,24.56058],[89.70351,24.5604],[89.70331,24.56041],[89.70331,24.56023],[89.70291,24.56023],[89.70293,24.56096],[89.70313,24.56095],[89.70313,24.56131],[89.70274,24.56114],[89.70274,24.56132],[89.70254,24.56132],[89.70254,24.56114],[89.70214,24.56115],[89.70214,24.56097],[89.70194,24.56097],[89.70194,24.56061],[89.70213,24.56061],[89.70211,24.55971],[89.70192,24.55971],[89.7019,24.55917],[89.70131,24.55918],[89.70129,24.55828],[89.7011,24.55828],[89.70111,24.55882],[89.70091,24.55883],[89.70092,24.55919],[89.70072,24.55919],[89.70073,24.55973],[89.70054,24.55974],[89.70054,24.55992],[89.70074,24.55991],[89.70074,24.56009],[89.70113,24.56009],[89.70113,24.5599],[89.70153,24.5599],[89.70154,24.56044],[89.70134,24.56044],[89.70134,24.56062],[89.70154,24.56062],[89.70155,24.56098],[89.70175,24.56098],[89.70175,24.56116],[89.70155,24.56116],[89.70156,24.56152],[89.70196,24.56169],[89.70197,24.56206],[89.70236,24.56205],[89.70238,24.56277],[89.70277,24.56258]]]}},{"type":"Feature","properties":{"kind":"land","ha":6.6},"geometry":{"type":"Polygon","coordinates":[[[89.73061,24.56334],[89.73061,24.56316],[89.7308,24.56316],[89.7308,24.5628],[89.73099,24.5628],[89.73098,24.56207],[89.73118,24.56207],[89.73117,24.56189],[89.73157,24.56188],[89.73156,24.5617],[89.73196,24.5617],[89.73195,24.56151],[89.73235,24.56151],[89.73254,24.56114],[89.73273,24.56114],[89.73273,24.56096],[89.73293,24.56096],[89.73292,24.56078],[89.73312,24.56077],[89.73311,24.56041],[89.73331,24.56041],[89.73331,24.56023],[89.7337,24.56022],[89.73389,24.55986],[89.73409,24.55985],[89.73427,24.55913],[89.73447,24.55912],[89.73446,24.55876],[89.73466,24.55876],[89.73465,24.55858],[89.73505,24.55857],[89.73524,24.55821],[89.73543,24.5582],[89.73543,24.55802],[89.73563,24.55802],[89.73561,24.55748],[89.73601,24.55747],[89.73601,24.55729],[89.7362,24.55729],[89.73619,24.55693],[89.73639,24.55692],[89.73639,24.55674],[89.7354,24.55676],[89.73521,24.55712],[89.73502,24.55713],[89.73502,24.55749],[89.73463,24.55768],[89.73464,24.55786],[89.73444,24.55786],[89.73444,24.55804],[89.73425,24.55804],[89.73425,24.55822],[89.73346,24.55824],[89.73327,24.5586],[89.73307,24.55861],[89.73308,24.55897],[89.73348,24.55896],[89.73349,24.5595],[89.7331,24.55969],[89.7331,24.55987],[89.73271,24.55988],[89.73271,24.56006],[89.73251,24.56006],[89.73253,24.5606],[89.73213,24.56079],[89.73214,24.56097],[89.73194,24.56097],[89.73195,24.56115],[89.73175,24.56116],[89.73175,24.56134],[89.73155,24.56134],[89.73156,24.56152],[89.73136,24.56153],[89.73136,24.56171],[89.73097,24.56171],[89.73078,24.56208],[89.73058,24.56208],[89.73059,24.56226],[89.73039,24.56227],[89.7304,24.56281],[89.7302,24.56281],[89.73022,24.56353],[89.73061,24.56334]]]}},{"type":"Feature","properties":{"kind":"land","ha":10.2},"geometry":{"type":"Polygon","coordinates":[[[89.68955,24.563],[89.68975,24.563],[89.68975,24.56318],[89.69074,24.56316],[89.69073,24.56262],[89.68994,24.56245],[89.69013,24.56209],[89.69032,24.56208],[89.69032,24.5619],[89.69091,24.56189],[89.69092,24.56225],[89.69072,24.56226],[89.69073,24.56244],[89.69112,24.56261],[89.69112,24.56243],[89.69132,24.56243],[89.69131,24.56189],[89.69249,24.56186],[89.69249,24.56205],[89.69269,24.56204],[89.69288,24.56168],[89.69446,24.56165],[89.69445,24.56147],[89.69406,24.5613],[89.69405,24.56111],[89.69346,24.56113],[89.69346,24.56094],[89.69227,24.56097],[89.69207,24.56061],[89.69187,24.56061],[89.69186,24.56007],[89.69166,24.56007],[89.69167,24.56025],[89.69147,24.56026],[89.69148,24.5608],[89.69128,24.5608],[89.69129,24.56116],[89.6909,24.56135],[89.6909,24.56153],[89.69071,24.56154],[89.69071,24.56172],[89.69051,24.56172],[89.69051,24.56154],[89.69031,24.56154],[89.6903,24.561],[89.69069,24.56081],[89.69068,24.56045],[89.69049,24.56046],[89.69048,24.56028],[89.69009,24.56028],[89.69007,24.55956],[89.69046,24.55937],[89.69045,24.55883],[89.69025,24.55884],[89.69025,24.55848],[89.69005,24.55848],[89.69003,24.55758],[89.69023,24.55757],[89.69022,24.55721],[89.68963,24.55722],[89.68962,24.55704],[89.68883,24.55706],[89.68884,24.55742],[89.68864,24.55742],[89.68865,24.5576],[89.68905,24.55777],[89.68905,24.55795],[89.68925,24.55795],[89.68926,24.55831],[89.68945,24.55831],[89.68946,24.55885],[89.68907,24.55904],[89.68908,24.5594],[89.68928,24.55939],[89.68928,24.55958],[89.68889,24.55976],[89.6889,24.55994],[89.68929,24.56012],[89.6893,24.5603],[89.6895,24.56029],[89.68971,24.56101],[89.68991,24.56101],[89.68991,24.56119],[89.68971,24.56119],[89.68972,24.56155],[89.68992,24.56155],[89.68992,24.56173],[89.68972,24.56173],[89.68973,24.56209],[89.68934,24.56228],[89.68934,24.56246],[89.68915,24.56247],[89.68915,24.56265],[89.68955,24.56264],[89.68955,24.563]],[[89.68954,24.56246],[89.68974,24.56246],[89.68974,24.56264],[89.68955,24.56264],[89.68954,24.56246]]]}},{"type":"Feature","properties":{"kind":"land","ha":3.9},"geometry":{"type":"Polygon","coordinates":[[[89.82541,24.55762],[89.8254,24.55726],[89.8256,24.55726],[89.82559,24.5569],[89.82598,24.55671],[89.82597,24.55617],[89.82617,24.55617],[89.82616,24.55581],[89.82635,24.5558],[89.82634,24.55508],[89.82673,24.55489],[89.82652,24.55454],[89.82613,24.55454],[89.82612,24.55418],[89.82592,24.55419],[89.82592,24.55401],[89.82572,24.55401],[89.82573,24.55437],[89.82593,24.55437],[89.82594,24.55473],[89.82555,24.55491],[89.82555,24.5551],[89.82516,24.5551],[89.82516,24.55528],[89.82496,24.55529],[89.82478,24.55601],[89.82458,24.55602],[89.82479,24.55637],[89.82499,24.55637],[89.82499,24.55673],[89.8248,24.55673],[89.8248,24.55691],[89.82441,24.55692],[89.82441,24.55728],[89.82461,24.55728],[89.82462,24.55746],[89.82521,24.55745],[89.82521,24.55763],[89.82541,24.55762]]]}},{"type":"Feature","properties":{"kind":"land","ha":22.7},"geometry":{"type":"Polygon","coordinates":[[[89.75634,24.55764],[89.75634,24.55782],[89.75654,24.55782],[89.75653,24.55746],[89.75692,24.55727],[89.75691,24.55673],[89.7575,24.55672],[89.7575,24.55654],[89.75829,24.55652],[89.75829,24.5567],[89.75869,24.5567],[89.75868,24.55633],[89.75848,24.55634],[89.75847,24.5558],[89.75867,24.55579],[89.75866,24.55561],[89.75906,24.55561],[89.75907,24.55597],[89.75966,24.55596],[89.75985,24.55559],[89.76004,24.55559],[89.76003,24.55505],[89.75865,24.55507],[89.75864,24.55453],[89.75824,24.55436],[89.75824,24.55418],[89.75804,24.55418],[89.75804,24.55436],[89.75568,24.5544],[89.75549,24.55477],[89.75529,24.55477],[89.75529,24.55495],[89.7551,24.55496],[89.7551,24.55514],[89.75471,24.55514],[89.75471,24.55532],[89.75451,24.55533],[89.75452,24.55551],[89.75393,24.55552],[89.75393,24.5557],[89.75373,24.5557],[89.75375,24.55643],[89.75355,24.55643],[89.75355,24.55661],[89.75316,24.55662],[89.75316,24.55644],[89.75296,24.55644],[89.75296,24.55662],[89.75277,24.55662],[89.75277,24.55698],[89.75258,24.55699],[89.7526,24.55789],[89.75279,24.55789],[89.7528,24.55807],[89.7526,24.55807],[89.7526,24.55825],[89.7528,24.55825],[89.75281,24.55861],[89.75261,24.55861],[89.75262,24.55897],[89.75242,24.55898],[89.75243,24.55916],[89.75203,24.55916],[89.75184,24.55953],[89.75164,24.55953],[89.75166,24.56025],[89.75146,24.56026],[89.75148,24.56116],[89.75187,24.56097],[89.75188,24.56115],[89.75247,24.56114],[89.75247,24.56096],[89.75207,24.56097],[89.75206,24.56061],[89.75226,24.5606],[89.75225,24.56024],[89.75245,24.56024],[89.75244,24.5597],[89.75283,24.55969],[89.75282,24.55933],[89.75322,24.55914],[89.75321,24.55878],[89.7534,24.55878],[89.7534,24.5586],[89.7538,24.55859],[89.7538,24.55877],[89.754,24.55877],[89.754,24.55913],[89.7544,24.5593],[89.75441,24.55948],[89.7546,24.55948],[89.7546,24.5593],[89.7548,24.55929],[89.75479,24.55893],[89.75538,24.55892],[89.75537,24.55856],[89.75498,24.55857],[89.75517,24.5582],[89.75596,24.55819],[89.75596,24.55837],[89.75636,24.55836],[89.75635,24.558],[89.75595,24.55783],[89.75595,24.55765],[89.75634,24.55764]],[[89.75575,24.55765],[89.75574,24.55747],[89.75594,24.55747],[89.75595,24.55765],[89.75575,24.55765]],[[89.75377,24.55733],[89.75436,24.55732],[89.75417,24.55768],[89.75397,24.55768],[89.75398,24.55786],[89.75378,24.55787],[89.75377,24.55733]]]}},{"type":"Feature","properties":{"kind":"land","ha":10.8},"geometry":{"type":"Polygon","coordinates":[[[89.69688,24.56413],[89.69686,24.56341],[89.69667,24.56341],[89.69666,24.56305],[89.69646,24.56306],[89.69624,24.56198],[89.69604,24.56198],[89.69602,24.5609],[89.69582,24.5609],[89.69581,24.56036],[89.69561,24.56036],[89.69561,24.56],[89.69541,24.56001],[89.69541,24.55983],[89.69521,24.55983],[89.69518,24.55857],[89.69498,24.55857],[89.69498,24.55839],[89.69459,24.5584],[89.69438,24.55804],[89.69418,24.55804],[89.69418,24.55768],[89.69398,24.55769],[89.69396,24.55696],[89.69356,24.55679],[89.69356,24.55661],[89.69297,24.55662],[89.69297,24.55644],[89.69316,24.55644],[89.69315,24.5559],[89.69295,24.5559],[89.69294,24.55536],[89.69274,24.55536],[89.69275,24.55554],[89.69255,24.55555],[89.69256,24.55591],[89.69236,24.55591],[89.69239,24.55699],[89.69278,24.55681],[89.69279,24.55735],[89.69298,24.55734],[89.69299,24.55752],[89.69279,24.55753],[89.6928,24.55807],[89.6932,24.55806],[89.69321,24.5586],[89.69361,24.55878],[89.69382,24.55949],[89.69402,24.55949],[89.69403,24.56003],[89.69443,24.56021],[89.69443,24.56057],[89.69483,24.56074],[89.69505,24.56146],[89.69524,24.56145],[89.69488,24.5629],[89.69567,24.56289],[89.69568,24.56325],[89.69608,24.56342],[89.69608,24.56379],[89.69628,24.56378],[89.69629,24.56414],[89.69688,24.56413]]]}},{"type":"Feature","properties":{"kind":"land","ha":7.9},"geometry":{"type":"Polygon","coordinates":[[[89.7122,24.56981],[89.71219,24.56963],[89.71259,24.56963],[89.71258,24.56927],[89.71238,24.56927],[89.71238,24.56891],[89.71198,24.56892],[89.71199,24.56946],[89.7114,24.56947],[89.7112,24.56911],[89.711,24.56911],[89.71099,24.56875],[89.71079,24.56876],[89.71078,24.56821],[89.71059,24.56822],[89.71058,24.56786],[89.71038,24.56786],[89.71037,24.56732],[89.71017,24.56732],[89.71015,24.56624],[89.70995,24.56624],[89.70994,24.56552],[89.70974,24.56553],[89.70972,24.56462],[89.70952,24.56463],[89.70951,24.56409],[89.70931,24.56409],[89.7093,24.56355],[89.7091,24.56355],[89.7091,24.56319],[89.7089,24.56319],[89.70888,24.56229],[89.70868,24.5623],[89.70867,24.56194],[89.70848,24.56194],[89.70846,24.56122],[89.70826,24.56122],[89.70825,24.56068],[89.70806,24.56068],[89.70804,24.56014],[89.70785,24.56015],[89.70783,24.5596],[89.70764,24.55961],[89.70761,24.55852],[89.70742,24.55853],[89.70739,24.55727],[89.70759,24.55726],[89.70757,24.55654],[89.70737,24.55654],[89.70736,24.55582],[89.70756,24.55582],[89.70755,24.55546],[89.70735,24.55546],[89.70734,24.5551],[89.70715,24.5551],[89.70716,24.55565],[89.70696,24.55565],[89.70698,24.55655],[89.70718,24.55655],[89.70719,24.55709],[89.70699,24.55709],[89.707,24.55763],[89.7066,24.55746],[89.70661,24.55782],[89.70681,24.55782],[89.70682,24.55818],[89.70701,24.55817],[89.70703,24.55872],[89.70722,24.55871],[89.70725,24.5598],[89.70744,24.55979],[89.70746,24.56069],[89.70766,24.56069],[89.70767,24.56105],[89.70787,24.56105],[89.70788,24.56177],[89.70808,24.56177],[89.70809,24.56213],[89.70828,24.56212],[89.70829,24.56266],[89.70849,24.56266],[89.7085,24.56302],[89.7087,24.56302],[89.70871,24.56356],[89.70891,24.56356],[89.70893,24.56464],[89.70913,24.56463],[89.70913,24.565],[89.70933,24.56499],[89.70956,24.56643],[89.70976,24.56643],[89.70977,24.56715],[89.70997,24.56715],[89.70999,24.56787],[89.71018,24.56786],[89.71019,24.56823],[89.71039,24.56822],[89.7104,24.56858],[89.71059,24.56858],[89.7106,24.56894],[89.7108,24.56894],[89.71081,24.5693],[89.7112,24.56947],[89.71121,24.56965],[89.7116,24.56964],[89.71161,24.56982],[89.7122,24.56981]]]}},{"type":"Feature","properties":{"kind":"land","ha":4.8},"geometry":{"type":"Polygon","coordinates":[[[89.76013,24.55938],[89.76012,24.5592],[89.76052,24.55919],[89.76051,24.55865],[89.76031,24.55865],[89.7603,24.55847],[89.76109,24.55828],[89.76109,24.5581],[89.76188,24.55826],[89.76187,24.55772],[89.76206,24.55772],[89.76206,24.55736],[89.76225,24.55735],[89.76223,24.55627],[89.76243,24.55627],[89.76241,24.55536],[89.7626,24.55536],[89.76256,24.5532],[89.76217,24.55338],[89.76221,24.55555],[89.76202,24.55555],[89.76203,24.55609],[89.76183,24.5561],[89.76184,24.55646],[89.76145,24.55665],[89.76145,24.55683],[89.76126,24.55683],[89.76128,24.55773],[89.76049,24.55775],[89.76049,24.55793],[89.7601,24.55793],[89.75991,24.5583],[89.75971,24.5583],[89.75971,24.55848],[89.75952,24.55849],[89.75952,24.55867],[89.75932,24.55867],[89.75933,24.55903],[89.75913,24.55903],[89.75934,24.55939],[89.76013,24.55938]]]}},{"type":"Feature","properties":{"kind":"land","ha":5.9},"geometry":{"type":"Polygon","coordinates":[[[89.82003,24.55538],[89.82021,24.55465],[89.8208,24.55464],[89.82081,24.55482],[89.8212,24.55482],[89.82141,24.55517],[89.8216,24.55517],[89.82161,24.55535],[89.82181,24.55535],[89.8218,24.55517],[89.8222,24.55516],[89.8222,24.55552],[89.8226,24.55551],[89.82279,24.55515],[89.82299,24.55514],[89.82298,24.55496],[89.82318,24.55496],[89.82317,24.55478],[89.82337,24.55478],[89.82337,24.55459],[89.82356,24.55459],[89.82356,24.55441],[89.8212,24.55464],[89.82119,24.55445],[89.821,24.55446],[89.82078,24.55374],[89.82059,24.55374],[89.82058,24.55338],[89.82038,24.55339],[89.82037,24.55285],[89.82017,24.55285],[89.82015,24.55195],[89.81995,24.55195],[89.81994,24.55141],[89.81974,24.55141],[89.81974,24.55105],[89.81954,24.55106],[89.81953,24.55052],[89.81913,24.55052],[89.81915,24.55142],[89.81935,24.55142],[89.81936,24.55178],[89.81956,24.55178],[89.81958,24.55286],[89.81938,24.55286],[89.81939,24.55341],[89.81959,24.5534],[89.81964,24.55557],[89.82003,24.55538]]]}},{"type":"Feature","properties":{"kind":"land","ha":3.0},"geometry":{"type":"Polygon","coordinates":[[[89.76365,24.55787],[89.76364,24.55751],[89.76384,24.5575],[89.76382,24.55678],[89.76402,24.55678],[89.76399,24.5557],[89.76419,24.55569],[89.76415,24.55389],[89.76435,24.55388],[89.76434,24.5537],[89.76415,24.55371],[89.76411,24.5519],[89.76391,24.55191],[89.76388,24.55064],[89.76369,24.55065],[89.7638,24.5557],[89.7636,24.5557],[89.76361,24.55642],[89.76342,24.55643],[89.76343,24.55697],[89.76363,24.55697],[89.76363,24.55715],[89.76324,24.55715],[89.76325,24.55769],[89.76345,24.55769],[89.76345,24.55787],[89.76365,24.55787]]]}},{"type":"Feature","properties":{"kind":"land","ha":3.0},"geometry":{"type":"Polygon","coordinates":[[[89.78573,24.5479],[89.78572,24.54753],[89.78592,24.54753],[89.7859,24.54699],[89.7855,24.54682],[89.7855,24.54664],[89.78491,24.54665],[89.78491,24.54647],[89.78431,24.54648],[89.78431,24.5463],[89.78391,24.5463],[89.78391,24.54612],[89.78312,24.54614],[89.78333,24.5465],[89.78352,24.54649],[89.78353,24.54667],[89.78373,24.54667],[89.78373,24.54703],[89.78413,24.5472],[89.78414,24.54756],[89.78454,24.54774],[89.78454,24.54792],[89.78573,24.5479]]]}},{"type":"Feature","properties":{"kind":"land","ha":16.2},"geometry":{"type":"Polygon","coordinates":[[[89.70715,24.5551],[89.70711,24.55348],[89.70691,24.55348],[89.70689,24.5524],[89.70709,24.5524],[89.70706,24.55095],[89.70725,24.55095],[89.70723,24.55005],[89.70743,24.55004],[89.70742,24.5495],[89.70762,24.5495],[89.70761,24.54896],[89.7078,24.54896],[89.70779,24.54841],[89.70818,24.54823],[89.70817,24.54768],[89.70856,24.5475],[89.70856,24.54732],[89.70875,24.54731],[89.70875,24.54713],[89.70895,24.54713],[89.70894,24.54677],[89.70914,24.54677],[89.70913,24.5464],[89.70893,24.54641],[89.70874,24.54677],[89.70855,24.54678],[89.70854,24.54641],[89.70834,24.54642],[89.70833,24.54588],[89.70754,24.54607],[89.70755,24.54625],[89.70715,24.54626],[89.70696,24.54662],[89.70677,24.54663],[89.70658,24.54735],[89.70619,24.54754],[89.7062,24.5479],[89.706,24.5479],[89.70602,24.54845],[89.70582,24.54845],[89.70583,24.54917],[89.70564,24.54917],[89.70564,24.54954],[89.70545,24.54954],[89.70546,24.5499],[89.70506,24.54991],[89.70507,24.55027],[89.70468,24.55046],[89.70468,24.55064],[89.70429,24.55064],[89.7043,24.55136],[89.7047,24.55154],[89.7047,24.55172],[89.7051,24.55171],[89.7051,24.55189],[89.70549,24.5517],[89.70549,24.55152],[89.70588,24.55152],[89.70607,24.55115],[89.70627,24.55115],[89.70628,24.55151],[89.70608,24.55151],[89.70609,24.55169],[89.70648,24.55169],[89.70667,24.55132],[89.70687,24.55132],[89.70688,24.55204],[89.70649,24.55223],[89.7065,24.55241],[89.7063,24.55241],[89.70631,24.55313],[89.70572,24.55314],[89.70573,24.55332],[89.70553,24.55333],[89.70554,24.55387],[89.70574,24.55387],[89.70574,24.55405],[89.70614,24.55404],[89.70614,24.5544],[89.70674,24.55439],[89.70675,24.55493],[89.70694,24.55493],[89.70695,24.55511],[89.70715,24.5551]]]}},{"type":"Feature","properties":{"kind":"land","ha":13.8},"geometry":{"type":"Polygon","coordinates":[[[89.812,24.54921],[89.81196,24.54759],[89.81216,24.54758],[89.81215,24.54704],[89.81156,24.54705],[89.81155,24.54669],[89.81194,24.54651],[89.81194,24.54669],[89.81214,24.54668],[89.81214,24.5465],[89.81233,24.5465],[89.81229,24.54451],[89.81209,24.54452],[89.81208,24.5438],[89.81188,24.5438],[89.81187,24.54344],[89.81147,24.54327],[89.81126,24.54255],[89.81086,24.54237],[89.81085,24.54201],[89.81124,24.54183],[89.81123,24.5411],[89.81083,24.54093],[89.81082,24.54075],[89.81043,24.54076],[89.81043,24.54058],[89.81003,24.54059],[89.80983,24.54023],[89.80963,24.54023],[89.80962,24.54005],[89.80943,24.54006],[89.80944,24.5406],[89.80924,24.5406],[89.80926,24.5415],[89.80946,24.5415],[89.80947,24.54186],[89.80967,24.54186],[89.80969,24.54276],[89.80988,24.54275],[89.80989,24.5433],[89.81029,24.54347],[89.8103,24.54401],[89.81011,24.54401],[89.81013,24.54492],[89.81033,24.54491],[89.81034,24.54563],[89.81054,24.54563],[89.81055,24.54635],[89.81075,24.54635],[89.81076,24.54689],[89.81096,24.54689],[89.81097,24.54725],[89.81117,24.54724],[89.81117,24.54742],[89.81137,24.54742],[89.81138,24.54796],[89.81158,24.54796],[89.81158,24.54814],[89.81138,24.54814],[89.8114,24.54886],[89.8118,24.54904],[89.8118,24.54922],[89.812,24.54921]]]}},{"type":"Feature","properties":{"kind":"land","ha":49.2},"geometry":{"type":"Polygon","coordinates":[[[89.68512,24.55857],[89.68531,24.5582],[89.6855,24.5582],[89.6855,24.55784],[89.68569,24.55783],[89.68569,24.55765],[89.68647,24.55746],[89.68647,24.55728],[89.68687,24.55727],[89.68705,24.55691],[89.68725,24.5569],[89.68725,24.55672],[89.68764,24.55672],[89.68783,24.55635],[89.68803,24.55635],[89.68803,24.55617],[89.68822,24.55616],[89.68822,24.55598],[89.68842,24.55598],[89.68841,24.5558],[89.68881,24.55579],[89.6888,24.55543],[89.68919,24.55543],[89.68938,24.55506],[89.68978,24.55505],[89.68977,24.55487],[89.68997,24.55487],[89.68995,24.55397],[89.68975,24.55397],[89.68976,24.55433],[89.68957,24.55434],[89.68957,24.55452],[89.68917,24.55452],[89.68918,24.5547],[89.68859,24.55471],[89.6884,24.55508],[89.6882,24.55508],[89.6882,24.55526],[89.68801,24.55527],[89.68801,24.55545],[89.68781,24.55545],[89.68782,24.55563],[89.68762,24.55563],[89.68762,24.55581],[89.68743,24.55582],[89.68743,24.556],[89.68723,24.556],[89.68724,24.55618],[89.68704,24.55619],[89.68705,24.55655],[89.68666,24.55673],[89.68666,24.55691],[89.68627,24.55692],[89.68608,24.55729],[89.68588,24.55729],[89.68588,24.55747],[89.68529,24.55748],[89.68509,24.55712],[89.68489,24.55713],[89.68488,24.55677],[89.68468,24.55677],[89.68468,24.55641],[89.68487,24.55641],[89.68486,24.55586],[89.68506,24.55586],[89.68505,24.5555],[89.68525,24.5555],[89.68524,24.55495],[89.68563,24.55477],[89.68562,24.55459],[89.68582,24.55458],[89.68582,24.5544],[89.68601,24.5544],[89.6862,24.55367],[89.68639,24.55367],[89.68639,24.55331],[89.68658,24.55331],[89.68658,24.55295],[89.68697,24.55276],[89.68696,24.5524],[89.68716,24.55239],[89.68715,24.55221],[89.68735,24.55221],[89.68734,24.55185],[89.68754,24.55184],[89.68752,24.55112],[89.68772,24.55112],[89.68771,24.55058],[89.68791,24.55057],[89.6879,24.55021],[89.6881,24.55021],[89.68808,24.54967],[89.68848,24.54948],[89.68866,24.54876],[89.68885,24.54875],[89.68885,24.54839],[89.68904,24.54839],[89.68904,24.54803],[89.68923,24.54802],[89.68923,24.54766],[89.68962,24.54748],[89.68961,24.5473],[89.68981,24.54729],[89.6898,24.54693],[89.69,24.54693],[89.68999,24.54639],[89.69038,24.5462],[89.69037,24.54602],[89.69057,24.54601],[89.69057,24.54583],[89.69077,24.54583],[89.69076,24.54565],[89.69096,24.54565],[89.69095,24.54529],[89.69134,24.5451],[89.69134,24.54492],[89.69154,24.54491],[89.69153,24.54473],[89.69173,24.54473],[89.69172,24.54455],[89.69192,24.54455],[89.69192,24.54437],[89.69212,24.54436],[89.69211,24.54418],[89.69251,24.54418],[89.6927,24.54381],[89.69289,24.54381],[89.69289,24.54363],[89.69309,24.54362],[89.69308,24.54326],[89.69347,24.54307],[89.69347,24.54289],[89.69366,24.54289],[89.69366,24.54271],[89.69386,24.54271],[89.69385,24.54253],[89.69405,24.54252],[89.69405,24.54234],[89.69424,24.54234],[89.69424,24.54216],[89.69444,24.54216],[89.69443,24.54179],[89.69482,24.54161],[89.69481,24.54125],[89.69501,24.54124],[89.695,24.5407],[89.6946,24.54071],[89.69442,24.54143],[89.69403,24.54144],[89.69403,24.5418],[89.69364,24.54199],[89.69364,24.54163],[89.69383,24.54162],[89.69381,24.54072],[89.69401,24.54072],[89.694,24.54036],[89.69381,24.54036],[89.69362,24.54073],[89.69322,24.54073],[89.69303,24.5411],[89.69283,24.5411],[89.69284,24.54128],[89.69264,24.54128],[89.69265,24.54147],[89.69245,24.54147],[89.69245,24.54165],[89.69225,24.54165],[89.69226,24.54183],[89.69186,24.54184],[89.69167,24.5422],[89.69148,24.54221],[89.69148,24.54239],[89.69128,24.54239],[89.69129,24.54275],[89.6909,24.54294],[89.6909,24.54312],[89.69071,24.54312],[89.69071,24.5433],[89.69051,24.54331],[89.69052,24.54367],[89.69013,24.54386],[89.69013,24.54404],[89.68994,24.54404],[89.68994,24.54422],[89.68974,24.54422],[89.68975,24.5444],[89.68955,24.54441],[89.68955,24.54459],[89.68936,24.54459],[89.68936,24.54477],[89.68916,24.54478],[89.68917,24.54514],[89.68878,24.54532],[89.68878,24.54551],[89.68859,24.54551],[89.6886,24.54587],[89.6882,24.54606],[89.68802,24.54678],[89.68783,24.54679],[89.68783,24.54715],[89.68764,24.54715],[89.68764,24.54751],[89.68725,24.5477],[89.68726,24.54806],[89.68687,24.54825],[89.68687,24.54843],[89.68668,24.54843],[89.68649,24.54916],[89.6861,24.54934],[89.68611,24.5497],[89.68572,24.54989],[89.68573,24.55025],[89.68553,24.55026],[89.68554,24.5508],[89.68535,24.5508],[89.68535,24.55116],[89.68516,24.55117],[89.68516,24.55153],[89.68497,24.55153],[89.68497,24.55189],[89.68478,24.55189],[89.68478,24.55226],[89.68459,24.55226],[89.6846,24.55262],[89.6844,24.55262],[89.68441,24.55298],[89.68421,24.55299],[89.68422,24.55335],[89.68383,24.55354],[89.68364,24.55426],[89.68345,24.55426],[89.68345,24.55463],[89.68326,24.55463],[89.68326,24.55499],[89.68287,24.55518],[89.68269,24.5559],[89.68249,24.55591],[89.68251,24.55681],[89.68232,24.55681],[89.68232,24.55717],[89.68252,24.55717],[89.68253,24.55771],[89.68293,24.55788],[89.68293,24.55806],[89.68313,24.55806],[89.68314,24.55824],[89.68333,24.55824],[89.68334,24.55842],[89.68373,24.55841],[89.68374,24.55859],[89.68512,24.55857]]]}},{"type":"Feature","properties":{"kind":"land","ha":12.4},"geometry":{"type":"Polygon","coordinates":[[[89.73696,24.55583],[89.73695,24.55547],[89.73715,24.55546],[89.73714,24.55492],[89.73734,24.55492],[89.73732,24.5542],[89.73752,24.55419],[89.73747,24.55221],[89.73767,24.55221],[89.73764,24.55076],[89.73744,24.55077],[89.7374,24.54878],[89.7372,24.54878],[89.73716,24.54698],[89.73697,24.54698],[89.73695,24.54626],[89.73675,24.54627],[89.73674,24.54572],[89.73654,24.54573],[89.73654,24.54537],[89.73634,24.54537],[89.73633,24.54483],[89.73613,24.54483],[89.73612,24.54429],[89.73592,24.5443],[89.73591,24.54393],[89.73572,24.54394],[89.73571,24.54358],[89.73531,24.5434],[89.7353,24.54304],[89.7349,24.54287],[89.7349,24.54251],[89.7347,24.54251],[89.73469,24.54197],[89.73449,24.54198],[89.73447,24.54125],[89.73428,24.54126],[89.73427,24.5409],[89.73407,24.5409],[89.73406,24.54054],[89.73387,24.54054],[89.73386,24.54018],[89.73366,24.54019],[89.73365,24.53946],[89.73345,24.53947],[89.73347,24.54037],[89.73367,24.54037],[89.73368,24.54091],[89.73387,24.5409],[89.73388,24.54126],[89.73408,24.54126],[89.7341,24.54216],[89.7343,24.54216],[89.73431,24.5427],[89.7345,24.5427],[89.73451,24.54306],[89.73491,24.54323],[89.73492,24.54341],[89.73511,24.54341],[89.73512,24.54377],[89.73532,24.54377],[89.73554,24.54484],[89.73574,24.54484],[89.73575,24.54538],[89.73594,24.54538],[89.73597,24.54646],[89.73617,24.54646],[89.7362,24.5479],[89.73639,24.5479],[89.73645,24.55042],[89.73665,24.55042],[89.73667,24.55168],[89.73687,24.55168],[89.73673,24.55421],[89.73653,24.55421],[89.73655,24.55529],[89.73675,24.55529],[89.73676,24.55583],[89.73696,24.55583]]]}},{"type":"Feature","properties":{"kind":"land","ha":4.7},"geometry":{"type":"Polygon","coordinates":[[[89.69459,24.54035],[89.69478,24.53998],[89.69538,24.53997],[89.69537,24.53979],[89.69596,24.53978],[89.69596,24.53942],[89.69635,24.53923],[89.69634,24.53905],[89.69654,24.53905],[89.69654,24.53887],[89.69673,24.53887],[89.69673,24.53868],[89.69693,24.53868],[89.69711,24.53796],[89.6975,24.53777],[89.6975,24.53759],[89.69769,24.53758],[89.69787,24.53686],[89.69827,24.53667],[89.69826,24.53649],[89.69846,24.53649],[89.69845,24.53631],[89.69865,24.5363],[89.69865,24.53612],[89.69885,24.53612],[89.69884,24.53594],[89.69904,24.53594],[89.69903,24.53557],[89.69825,24.53577],[89.69806,24.53613],[89.69786,24.53614],[89.69786,24.53632],[89.69747,24.53632],[89.69748,24.53687],[89.69728,24.53687],[89.69729,24.53723],[89.6969,24.53742],[89.6969,24.5376],[89.69671,24.5376],[89.69671,24.53778],[89.69651,24.53779],[89.69652,24.53815],[89.69613,24.53833],[89.69613,24.53851],[89.69574,24.53852],[89.69555,24.53889],[89.69516,24.53889],[89.69497,24.53926],[89.69477,24.53926],[89.69477,24.53944],[89.69458,24.53945],[89.69458,24.53963],[89.69438,24.53963],[89.69439,24.53981],[89.69419,24.53981],[89.6942,24.54017],[89.694,24.54018],[89.694,24.54036],[89.69459,24.54035]]]}},{"type":"Feature","properties":{"kind":"land","ha":7.2},"geometry":{"type":"Polygon","coordinates":[[[89.70286,24.53912],[89.70285,24.53894],[89.70325,24.53893],[89.70324,24.53875],[89.70383,24.53874],[89.70383,24.53838],[89.70363,24.53838],[89.70361,24.53766],[89.704,24.53747],[89.704,24.53711],[89.70419,24.53711],[89.70418,24.53657],[89.70438,24.53656],[89.70436,24.53548],[89.70455,24.53548],[89.70454,24.53475],[89.70474,24.53475],[89.70473,24.53439],[89.70493,24.53439],[89.70491,24.53384],[89.70452,24.53367],[89.70451,24.53331],[89.70431,24.53331],[89.70431,24.53313],[89.70332,24.53315],[89.70332,24.53333],[89.70352,24.53333],[89.70354,24.53405],[89.70394,24.53422],[89.70394,24.5344],[89.70414,24.5344],[89.70414,24.53458],[89.70394,24.53458],[89.70377,24.53567],[89.70357,24.53567],[89.70358,24.53603],[89.70338,24.53604],[89.70339,24.5364],[89.70319,24.5364],[89.7032,24.53676],[89.703,24.53677],[89.70301,24.53731],[89.70262,24.5375],[89.70263,24.53786],[89.70224,24.53804],[89.70224,24.53822],[89.70205,24.53823],[89.70206,24.53859],[89.70186,24.53859],[89.70187,24.53895],[89.70167,24.53896],[89.70167,24.53914],[89.70286,24.53912]]]}},{"type":"Feature","properties":{"kind":"land","ha":11.4},"geometry":{"type":"Polygon","coordinates":[[[89.683,24.54254],[89.68299,24.54218],[89.68319,24.54218],[89.68318,24.54199],[89.68338,24.54199],[89.68337,24.54163],[89.68377,24.54144],[89.68376,24.54126],[89.68396,24.54126],[89.68395,24.54108],[89.68415,24.54108],[89.68414,24.54071],[89.68453,24.54053],[89.68453,24.54017],[89.68492,24.53998],[89.6851,24.53925],[89.68549,24.53907],[89.68549,24.53889],[89.68568,24.53888],[89.68566,24.53762],[89.68644,24.53724],[89.68643,24.5367],[89.68682,24.53652],[89.68681,24.53633],[89.68701,24.53633],[89.68701,24.53615],[89.6872,24.53615],[89.6872,24.53579],[89.68739,24.53578],[89.68739,24.5356],[89.68759,24.5356],[89.68757,24.53488],[89.68777,24.53487],[89.68777,24.53469],[89.68816,24.53469],[89.68815,24.53433],[89.68854,24.53414],[89.68854,24.53396],[89.68874,24.53395],[89.68873,24.53377],[89.68893,24.53377],[89.68893,24.53359],[89.68912,24.53359],[89.6891,24.5325],[89.6893,24.5325],[89.68928,24.53178],[89.68908,24.53178],[89.6891,24.53232],[89.68871,24.53251],[89.68871,24.53287],[89.68832,24.53306],[89.68814,24.53378],[89.68775,24.53397],[89.68775,24.53415],[89.68756,24.53416],[89.68756,24.53434],[89.68736,24.53434],[89.68737,24.53452],[89.68717,24.53452],[89.68718,24.53488],[89.68679,24.53507],[89.68679,24.53525],[89.6864,24.53526],[89.6864,24.53544],[89.6862,24.53544],[89.68621,24.53562],[89.6864,24.53562],[89.68641,24.53598],[89.68602,24.53599],[89.68601,24.53563],[89.68581,24.53563],[89.68582,24.53581],[89.68542,24.53582],[89.68542,24.53564],[89.68502,24.53564],[89.68502,24.53546],[89.68462,24.53547],[89.68442,24.53511],[89.68403,24.53512],[89.68403,24.5353],[89.68423,24.5353],[89.68424,24.53584],[89.68384,24.53585],[89.68385,24.53603],[89.68425,24.5362],[89.68425,24.53656],[89.68464,24.53637],[89.68465,24.53655],[89.68504,24.53655],[89.68504,24.53637],[89.68524,24.53636],[89.68524,24.53654],[89.68544,24.53654],[89.68544,24.5369],[89.68564,24.5369],[89.68565,24.53726],[89.68545,24.53726],[89.68546,24.53744],[89.68486,24.53745],[89.68486,24.53727],[89.68466,24.53728],[89.6845,24.53908],[89.68431,24.53909],[89.68431,24.53945],[89.68412,24.53945],[89.68413,24.53981],[89.68393,24.53982],[89.68394,24.54018],[89.68374,24.54018],[89.68375,24.54054],[89.68355,24.54054],[89.68356,24.54091],[89.68336,24.54091],[89.68337,24.54127],[89.68317,24.54127],[89.68318,24.54163],[89.68298,24.54164],[89.68299,24.542],[89.68279,24.542],[89.6828,24.54254],[89.683,24.54254]]]}},{"type":"Feature","properties":{"kind":"land","ha":3.2},"geometry":{"type":"Polygon","coordinates":[[[89.70509,24.53294],[89.70506,24.5315],[89.70545,24.53149],[89.70547,24.53203],[89.70586,24.53202],[89.70565,24.5313],[89.70585,24.5313],[89.70584,24.53094],[89.70544,24.53077],[89.70544,24.53059],[89.70524,24.53059],[89.70524,24.53077],[89.70426,24.53079],[89.70407,24.53115],[89.70387,24.53116],[89.70388,24.53152],[89.70368,24.53152],[89.70369,24.53206],[89.70409,24.53224],[89.70409,24.53242],[89.70429,24.53241],[89.70429,24.53259],[89.70449,24.53259],[89.7045,24.53277],[89.70489,24.53276],[89.70489,24.53294],[89.70509,24.53294]]]}},{"type":"Feature","properties":{"kind":"land","ha":3.1},"geometry":{"type":"Polygon","coordinates":[[[89.8327,24.53096],[89.83267,24.52951],[89.83228,24.5297],[89.83228,24.52988],[89.83189,24.52971],[89.83225,24.52826],[89.83166,24.52827],[89.83185,24.5279],[89.83224,24.5279],[89.83222,24.52717],[89.83183,24.52736],[89.83184,24.52754],[89.83164,24.52755],[89.83165,24.52791],[89.83126,24.5281],[89.83126,24.52828],[89.83106,24.52828],[89.83107,24.52864],[89.83147,24.52881],[89.83148,24.52899],[89.83167,24.52899],[89.83168,24.52935],[89.83148,24.52935],[89.83151,24.53044],[89.8317,24.53043],[89.83171,24.53079],[89.83211,24.53079],[89.83211,24.53097],[89.8327,24.53096]]]}},{"type":"Feature","properties":{"kind":"land","ha":32.2},"geometry":{"type":"Polygon","coordinates":[[[89.81295,24.53891],[89.81315,24.5389],[89.81314,24.53854],[89.81353,24.53835],[89.81353,24.53817],[89.81392,24.53817],[89.81389,24.53672],[89.81409,24.53672],[89.81408,24.53618],[89.81427,24.53617],[89.81426,24.53563],[89.81446,24.53563],[89.81445,24.53527],[89.81465,24.53526],[89.81463,24.53436],[89.81502,24.53418],[89.81501,24.53399],[89.81521,24.53399],[89.8152,24.53363],[89.81559,24.53344],[89.81559,24.53308],[89.81598,24.53289],[89.81596,24.53235],[89.81635,24.53216],[89.81635,24.53198],[89.81655,24.53198],[89.81654,24.5318],[89.81674,24.5318],[89.81673,24.53144],[89.81693,24.53143],[89.81692,24.53089],[89.81712,24.53089],[89.81711,24.53053],[89.8175,24.53034],[89.81749,24.53016],[89.81769,24.53015],[89.81768,24.52979],[89.81807,24.52961],[89.81807,24.52924],[89.81846,24.52906],[89.81845,24.5287],[89.81884,24.52851],[89.81883,24.52833],[89.81903,24.52832],[89.81902,24.52796],[89.81922,24.52796],[89.81922,24.52778],[89.81941,24.52778],[89.8194,24.52705],[89.81959,24.52705],[89.81959,24.52669],[89.81899,24.5267],[89.81901,24.52742],[89.81881,24.52743],[89.81883,24.52797],[89.81844,24.52816],[89.81844,24.52852],[89.81805,24.5287],[89.81806,24.52888],[89.81786,24.52889],[89.81787,24.52925],[89.81748,24.52944],[89.81748,24.52962],[89.81728,24.52962],[89.81729,24.5298],[89.81709,24.5298],[89.8171,24.52999],[89.8169,24.52999],[89.8169,24.53017],[89.8167,24.53017],[89.81671,24.53035],[89.81651,24.53036],[89.81652,24.53054],[89.81632,24.53054],[89.81632,24.53072],[89.81613,24.53073],[89.81613,24.53091],[89.81593,24.53091],[89.81594,24.53127],[89.81555,24.53128],[89.81555,24.53146],[89.81535,24.53146],[89.81536,24.53182],[89.81497,24.53201],[89.81498,24.53237],[89.81459,24.53256],[89.8146,24.53292],[89.8142,24.53293],[89.81401,24.53329],[89.81381,24.5333],[89.81382,24.53348],[89.81323,24.53349],[89.81323,24.53367],[89.81303,24.53367],[89.81304,24.53403],[89.81265,24.53422],[89.81266,24.5344],[89.81246,24.5344],[89.81246,24.53458],[89.81227,24.53459],[89.81227,24.53495],[89.81188,24.53514],[89.81189,24.53532],[89.81169,24.53532],[89.8117,24.53568],[89.8115,24.53568],[89.81151,24.53605],[89.81112,24.53623],[89.81112,24.53641],[89.81092,24.53642],[89.81093,24.5366],[89.81073,24.5366],[89.81055,24.53733],[89.81035,24.53733],[89.81036,24.53769],[89.80977,24.5377],[89.80956,24.53735],[89.80897,24.53736],[89.80899,24.53808],[89.80919,24.53807],[89.8092,24.53862],[89.8094,24.53861],[89.8094,24.53897],[89.8096,24.53897],[89.80961,24.53933],[89.81001,24.5395],[89.81001,24.53968],[89.81021,24.53968],[89.81021,24.53986],[89.81061,24.53985],[89.81081,24.54021],[89.81101,24.54021],[89.81101,24.54039],[89.81121,24.54038],[89.81121,24.54056],[89.81141,24.54056],[89.81142,24.54074],[89.81161,24.54074],[89.81162,24.54092],[89.81181,24.54091],[89.81182,24.54109],[89.81202,24.54109],[89.81202,24.54145],[89.81222,24.54145],[89.81223,24.54163],[89.81262,24.54162],[89.81262,24.54144],[89.81281,24.54144],[89.8128,24.54108],[89.8132,24.54089],[89.81319,24.54071],[89.81339,24.5407],[89.81338,24.54052],[89.81358,24.54052],[89.81355,24.53908],[89.81316,24.53926],[89.81316,24.53944],[89.81297,24.53945],[89.81295,24.53891]],[[89.81297,24.53963],[89.81277,24.53963],[89.81278,24.53981],[89.81238,24.53982],[89.81237,24.53928],[89.81217,24.53928],[89.81217,24.5391],[89.81237,24.5391],[89.81236,24.53892],[89.81276,24.53891],[89.81277,24.53945],[89.81297,24.53945],[89.81297,24.53963]],[[89.81239,24.54018],[89.81259,24.54018],[89.8126,24.54054],[89.8124,24.54054],[89.81239,24.54018]],[[89.81233,24.53729],[89.81252,24.53729],[89.81253,24.53765],[89.81233,24.53765],[89.81233,24.53729]]]}},{"type":"Feature","properties":{"kind":"land","ha":15.3},"geometry":{"type":"Polygon","coordinates":[[[89.77761,24.52891],[89.77741,24.52892],[89.77739,24.52783],[89.77759,24.52783],[89.77757,24.52711],[89.77777,24.52711],[89.77776,24.52674],[89.77796,24.52674],[89.77795,24.52656],[89.77776,24.52656],[89.77775,24.52602],[89.77736,24.52621],[89.77738,24.52711],[89.77718,24.52712],[89.77719,24.52766],[89.77699,24.52766],[89.777,24.5282],[89.77661,24.52839],[89.77643,24.52912],[89.77624,24.52912],[89.77624,24.52948],[89.77605,24.52948],[89.77605,24.52984],[89.77586,24.52985],[89.77586,24.53021],[89.77547,24.5304],[89.77548,24.53058],[89.77528,24.53058],[89.77529,24.53076],[89.77509,24.53076],[89.7751,24.53113],[89.7749,24.53113],[89.77491,24.53167],[89.77452,24.53186],[89.77452,24.53204],[89.77433,24.53204],[89.77444,24.53727],[89.77484,24.53727],[89.77482,24.53673],[89.77502,24.53672],[89.77499,24.5351],[89.77518,24.53509],[89.77514,24.53329],[89.77534,24.53329],[89.77533,24.53275],[89.77553,24.53274],[89.77552,24.53256],[89.77631,24.53255],[89.77629,24.53164],[89.77649,24.53164],[89.77649,24.53182],[89.77669,24.53182],[89.7767,24.53218],[89.7765,24.53218],[89.77651,24.53272],[89.7773,24.53253],[89.7773,24.53271],[89.7777,24.5327],[89.77769,24.53252],[89.77789,24.53252],[89.77788,24.53216],[89.77808,24.53215],[89.77807,24.53161],[89.77846,24.53142],[89.77845,24.53124],[89.77865,24.53124],[89.77843,24.53016],[89.77803,24.52999],[89.77782,24.52927],[89.77762,24.52927],[89.77761,24.52891]],[[89.77763,24.52981],[89.77783,24.52981],[89.77783,24.52999],[89.77764,24.53],[89.77764,24.53036],[89.77646,24.53056],[89.77664,24.52947],[89.77703,24.52928],[89.77702,24.52892],[89.77722,24.52892],[89.77742,24.52928],[89.77762,24.52927],[89.77763,24.52981]]]}},{"type":"Feature","properties":{"kind":"land","ha":23.3},"geometry":{"type":"Polygon","coordinates":[[[89.72961,24.52636],[89.72962,24.52672],[89.72923,24.52673],[89.72924,24.52727],[89.72944,24.52727],[89.72943,24.52709],[89.72983,24.52708],[89.72983,24.52744],[89.72944,24.52763],[89.72946,24.52835],[89.72907,24.52854],[89.72908,24.52908],[89.72888,24.52908],[89.72889,24.52944],[89.7285,24.52963],[89.72852,24.53035],[89.72832,24.53035],[89.72832,24.53054],[89.72793,24.53054],[89.72792,24.53],[89.72811,24.53],[89.72811,24.52964],[89.72771,24.52946],[89.7277,24.52928],[89.72751,24.52929],[89.7275,24.52911],[89.7273,24.52911],[89.7273,24.52893],[89.7271,24.52893],[89.7271,24.52875],[89.7269,24.52876],[89.7269,24.52858],[89.72611,24.52841],[89.7259,24.52805],[89.7257,24.52806],[89.7257,24.52788],[89.72491,24.52771],[89.7249,24.52753],[89.72451,24.52754],[89.7243,24.52718],[89.72411,24.52718],[89.72409,24.52646],[89.72448,24.52627],[89.72448,24.52609],[89.72467,24.52609],[89.72467,24.52573],[89.72486,24.52572],[89.72485,24.52518],[89.72465,24.52519],[89.72465,24.52501],[89.72426,24.52501],[89.72425,24.52483],[89.72366,24.52484],[89.72347,24.52521],[89.72327,24.52521],[89.7233,24.52647],[89.7235,24.52647],[89.72354,24.52846],[89.72394,24.52863],[89.72396,24.52935],[89.72415,24.52935],[89.72416,24.52971],[89.72436,24.5297],[89.72436,24.52988],[89.72476,24.52988],[89.72475,24.5297],[89.72456,24.5297],[89.72455,24.52934],[89.72435,24.52934],[89.72434,24.52898],[89.72415,24.52899],[89.72414,24.52881],[89.72434,24.5288],[89.72433,24.52844],[89.72453,24.52844],[89.72473,24.52879],[89.72493,24.52879],[89.72493,24.52897],[89.72513,24.52897],[89.72514,24.52915],[89.72533,24.52915],[89.72534,24.52933],[89.72553,24.52932],[89.72554,24.5295],[89.72633,24.52949],[89.72653,24.52985],[89.72673,24.52984],[89.72673,24.53002],[89.72693,24.53002],[89.72694,24.53056],[89.72734,24.53073],[89.72735,24.53109],[89.72774,24.53109],[89.72795,24.53144],[89.72814,24.53144],[89.72815,24.53162],[89.72894,24.53161],[89.72894,24.53179],[89.72934,24.53178],[89.72934,24.53214],[89.72954,24.53214],[89.72953,24.5316],[89.72973,24.53159],[89.72972,24.53123],[89.72992,24.53123],[89.72991,24.53087],[89.7303,24.53068],[89.73029,24.53032],[89.73049,24.53032],[89.73048,24.52977],[89.73067,24.52977],[89.73067,24.52941],[89.73086,24.52941],[89.73086,24.52923],[89.73125,24.52922],[89.73143,24.52849],[89.73163,24.52849],[89.73162,24.52813],[89.73182,24.52813],[89.73181,24.5274],[89.73161,24.52741],[89.7316,24.52723],[89.73121,24.52723],[89.73121,24.52705],[89.73101,24.52706],[89.731,24.5267],[89.7308,24.5267],[89.7308,24.52652],[89.731,24.52652],[89.73099,24.52615],[89.73119,24.52615],[89.73117,24.52543],[89.73097,24.52543],[89.73098,24.52561],[89.73058,24.52562],[89.73058,24.52544],[89.73038,24.52544],[89.73037,24.5249],[89.72998,24.52509],[89.72998,24.52527],[89.72979,24.52527],[89.73,24.52599],[89.7298,24.526],[89.72981,24.52636],[89.72961,24.52636]],[[89.73027,24.52924],[89.73026,24.52888],[89.73104,24.52868],[89.73105,24.52904],[89.73085,24.52905],[89.73086,24.52923],[89.73027,24.52924]],[[89.7302,24.52617],[89.73002,24.52689],[89.72982,24.5269],[89.72981,24.52636],[89.7302,24.52617]],[[89.72932,24.53124],[89.72952,24.53124],[89.72952,24.53142],[89.72933,24.53142],[89.72932,24.53124]],[[89.73064,24.52815],[89.73084,24.52814],[89.73084,24.52832],[89.73064,24.52833],[89.73064,24.52815]]]}},{"type":"Feature","properties":{"kind":"land","ha":6.6},"geometry":{"type":"Polygon","coordinates":[[[89.72117,24.52814],[89.72115,24.52724],[89.72095,24.52724],[89.72094,24.52652],[89.72113,24.52651],[89.72112,24.52597],[89.72092,24.52598],[89.72091,24.52525],[89.72071,24.52526],[89.7207,24.52472],[89.7205,24.52472],[89.72049,24.52436],[89.7201,24.52419],[89.72009,24.52382],[89.71989,24.52383],[89.71988,24.52329],[89.71948,24.52329],[89.7195,24.52384],[89.7193,24.52384],[89.71937,24.52691],[89.71976,24.52708],[89.71977,24.52726],[89.71996,24.52726],[89.71997,24.52762],[89.72037,24.52779],[89.72037,24.52797],[89.72057,24.52797],[89.72058,24.52815],[89.72117,24.52814]]]}},{"type":"Feature","properties":{"kind":"land","ha":20.1},"geometry":{"type":"Polygon","coordinates":[[[89.82485,24.52406],[89.82485,24.52388],[89.82544,24.52387],[89.82544,24.52369],[89.82583,24.52368],[89.82602,24.52332],[89.82622,24.52332],[89.82621,24.52314],[89.82641,24.52313],[89.82641,24.52295],[89.8266,24.52295],[89.8266,24.52259],[89.82699,24.5224],[89.82698,24.52222],[89.82738,24.52221],[89.82737,24.52185],[89.82776,24.52166],[89.82776,24.52148],[89.82795,24.52148],[89.82794,24.52112],[89.82814,24.52111],[89.82813,24.52039],[89.82832,24.52039],[89.82831,24.52003],[89.82851,24.52002],[89.8285,24.51966],[89.8287,24.51966],[89.8287,24.51948],[89.82929,24.51947],[89.82948,24.5191],[89.82968,24.5191],[89.82967,24.51892],[89.82987,24.51892],[89.82986,24.51874],[89.83006,24.51873],[89.83006,24.51855],[89.83025,24.51855],[89.83025,24.51837],[89.83045,24.51836],[89.83044,24.51818],[89.83064,24.51818],[89.83063,24.51782],[89.83083,24.51782],[89.83082,24.51745],[89.83102,24.51745],[89.83102,24.51727],[89.83062,24.51728],[89.83043,24.51764],[89.83023,24.51765],[89.83003,24.51729],[89.82983,24.51729],[89.82983,24.51711],[89.83003,24.51711],[89.83001,24.51657],[89.82982,24.51657],[89.82963,24.51694],[89.82943,24.51694],[89.82943,24.51712],[89.82924,24.51712],[89.82924,24.5173],[89.82904,24.51731],[89.82905,24.51749],[89.82885,24.51749],[89.82885,24.51767],[89.82866,24.51768],[89.82866,24.51804],[89.82827,24.51822],[89.82828,24.5184],[89.82808,24.51841],[89.82809,24.51859],[89.82789,24.51859],[89.82789,24.51877],[89.8277,24.51878],[89.8277,24.51896],[89.8275,24.51896],[89.82751,24.51914],[89.82731,24.51915],[89.82731,24.51933],[89.82712,24.51933],[89.82712,24.51951],[89.82692,24.51951],[89.82693,24.51969],[89.82673,24.5197],[89.82673,24.51988],[89.82654,24.51988],[89.82654,24.52006],[89.82634,24.52007],[89.82635,24.52025],[89.82615,24.52025],[89.82616,24.52079],[89.82537,24.52081],[89.82538,24.52099],[89.82518,24.52099],[89.82519,24.52135],[89.8248,24.52154],[89.8248,24.52172],[89.82441,24.52173],[89.82422,24.52209],[89.82402,24.52209],[89.82403,24.52227],[89.82383,24.52228],[89.82383,24.52246],[89.82363,24.52246],[89.82364,24.52264],[89.82344,24.52265],[89.82345,24.52283],[89.82305,24.52283],[89.82306,24.52301],[89.82266,24.52302],[89.82266,24.5232],[89.82227,24.52321],[89.82227,24.52339],[89.82188,24.5234],[89.82188,24.52358],[89.82169,24.52358],[89.82189,24.52394],[89.82248,24.52393],[89.82249,24.52411],[89.82485,24.52406]]]}},{"type":"Feature","properties":{"kind":"land","ha":12.6},"geometry":{"type":"Polygon","coordinates":[[[89.69275,24.52775],[89.69274,24.5272],[89.69313,24.52702],[89.69312,24.52684],[89.69332,24.52683],[89.69331,24.52629],[89.69351,24.52629],[89.6935,24.52593],[89.69369,24.52592],[89.69369,24.52556],[89.69388,24.52556],[89.69387,24.52502],[89.69426,24.52483],[89.69426,24.52447],[89.69445,24.52447],[89.69445,24.5241],[89.69366,24.52412],[89.69365,24.52376],[89.69385,24.52375],[89.69384,24.52339],[89.69423,24.52339],[89.69421,24.5223],[89.69441,24.5223],[89.6944,24.52194],[89.69479,24.52193],[89.69479,24.52157],[89.69498,24.52157],[89.69497,24.52103],[89.69517,24.52102],[89.69516,24.52084],[89.69595,24.52065],[89.69595,24.52047],[89.69614,24.52046],[89.69615,24.52064],[89.69674,24.52063],[89.69673,24.52027],[89.69633,24.5201],[89.69632,24.51974],[89.69652,24.51974],[89.69651,24.51901],[89.69573,24.51939],[89.69572,24.51903],[89.69591,24.51902],[89.6959,24.51848],[89.69551,24.51867],[89.69533,24.5194],[89.69494,24.51958],[89.69495,24.51994],[89.69456,24.52013],[89.69456,24.52031],[89.69436,24.52032],[89.69437,24.5205],[89.69417,24.5205],[89.69418,24.52086],[89.69398,24.52086],[89.69399,24.52104],[89.69379,24.52105],[89.6938,24.52159],[89.6936,24.52159],[89.69361,24.52195],[89.69341,24.52196],[89.69342,24.5225],[89.69323,24.5225],[89.69323,24.52286],[89.69304,24.52287],[89.69305,24.52341],[89.69285,24.52341],[89.69286,24.52377],[89.69266,24.52378],[89.69267,24.52432],[89.69248,24.52432],[89.6925,24.5254],[89.6923,24.52541],[89.69231,24.52595],[89.69212,24.52595],[89.69213,24.52667],[89.69194,24.52668],[89.69194,24.52704],[89.69175,24.52704],[89.69175,24.5274],[89.69156,24.52741],[89.69156,24.52759],[89.69195,24.52758],[89.69214,24.52721],[89.69234,24.52721],[89.69234,24.52703],[89.69253,24.52703],[89.69255,24.52775],[89.69275,24.52775]]]}},{"type":"Feature","properties":{"kind":"land","ha":7.9},"geometry":{"type":"Polygon","coordinates":[[[89.75537,24.52228],[89.75536,24.52192],[89.75556,24.52192],[89.75556,24.52174],[89.75575,24.52173],[89.75593,24.52101],[89.75613,24.521],[89.75612,24.52028],[89.75631,24.52028],[89.7563,24.51992],[89.7565,24.51991],[89.7565,24.51973],[89.7561,24.51974],[89.75611,24.51992],[89.75591,24.51993],[89.75571,24.51957],[89.75551,24.51957],[89.7555,24.51939],[89.75531,24.51939],[89.7553,24.51921],[89.75569,24.51903],[89.75569,24.51885],[89.75648,24.51883],[89.75649,24.51955],[89.75669,24.51955],[89.75668,24.51883],[89.75687,24.51882],[89.75687,24.51864],[89.75667,24.51865],[89.75666,24.51829],[89.75686,24.51828],[89.75685,24.51774],[89.75705,24.51774],[89.75704,24.51756],[89.75763,24.51755],[89.75763,24.51719],[89.75664,24.5172],[89.75665,24.51775],[89.75587,24.51794],[89.75566,24.51758],[89.75605,24.5174],[89.75605,24.51722],[89.75585,24.51722],[89.75584,24.51686],[89.75565,24.51686],[89.75563,24.51596],[89.75503,24.51597],[89.75502,24.51525],[89.75462,24.51508],[89.75462,24.51526],[89.75443,24.51526],[89.75444,24.51562],[89.75483,24.51579],[89.75487,24.51724],[89.75447,24.51724],[89.75428,24.51761],[89.75448,24.51761],[89.75449,24.51797],[89.75468,24.51796],[89.75469,24.51814],[89.75488,24.51814],[89.75489,24.5185],[89.75509,24.5185],[89.7551,24.51904],[89.7549,24.51904],[89.75492,24.51976],[89.75512,24.51976],[89.75517,24.52229],[89.75537,24.52228]],[[89.75533,24.5203],[89.75572,24.52011],[89.75572,24.52029],[89.75592,24.52029],[89.75593,24.52065],[89.75573,24.52065],[89.75573,24.52083],[89.75534,24.52084],[89.75533,24.5203]]]}},{"type":"Feature","properties":{"kind":"land","ha":53.0},"geometry":{"type":"Polygon","coordinates":[[[89.77217,24.5236],[89.77218,24.52396],[89.77198,24.52396],[89.77198,24.52414],[89.77179,24.52415],[89.7716,24.52487],[89.77121,24.52506],[89.77122,24.52524],[89.77102,24.52524],[89.77102,24.52542],[89.77083,24.52543],[89.77083,24.52561],[89.77063,24.52561],[89.77064,24.52579],[89.77044,24.5258],[89.77044,24.52598],[89.77025,24.52598],[89.77045,24.52634],[89.77006,24.52652],[89.77006,24.52634],[89.76986,24.52635],[89.76987,24.52671],[89.76948,24.5269],[89.76948,24.52708],[89.76929,24.52708],[89.76929,24.52726],[89.76909,24.52726],[89.76891,24.52799],[89.76852,24.52818],[89.76873,24.52853],[89.76833,24.52872],[89.76835,24.52944],[89.76815,24.52945],[89.76817,24.52999],[89.76797,24.52999],[89.76799,24.53089],[89.76819,24.53089],[89.76822,24.53233],[89.76841,24.53233],[89.76842,24.53269],[89.76882,24.53268],[89.76882,24.53287],[89.76843,24.53305],[89.76845,24.53395],[89.76806,24.53396],[89.76807,24.5345],[89.76905,24.53449],[89.76906,24.53467],[89.76925,24.53466],[89.76948,24.5361],[89.76968,24.5361],[89.76969,24.53664],[89.77009,24.53681],[89.7701,24.53717],[89.7703,24.53717],[89.77031,24.53789],[89.77071,24.53806],[89.77071,24.53788],[89.7711,24.53788],[89.77111,24.53824],[89.7717,24.53823],[89.77191,24.53858],[89.7721,24.53858],[89.77209,24.53804],[89.77189,24.53804],[89.77188,24.53732],[89.77168,24.53732],[89.77166,24.53642],[89.77146,24.53643],[89.77145,24.5357],[89.77125,24.53571],[89.77124,24.53517],[89.77104,24.53517],[89.77103,24.53445],[89.77122,24.53445],[89.77119,24.53282],[89.77099,24.53283],[89.77099,24.53264],[89.7698,24.53267],[89.7698,24.53249],[89.76921,24.5325],[89.7692,24.53232],[89.76881,24.53232],[89.7686,24.53197],[89.76841,24.53197],[89.7684,24.53179],[89.7686,24.53179],[89.7686,24.53161],[89.76958,24.53159],[89.76959,24.53177],[89.76998,24.53176],[89.76998,24.53194],[89.77077,24.53193],[89.77078,24.53211],[89.77097,24.5321],[89.77116,24.53174],[89.77136,24.53174],[89.77136,24.53155],[89.77155,24.53155],[89.77155,24.53119],[89.77194,24.531],[89.77193,24.53082],[89.77213,24.53082],[89.77211,24.52992],[89.77231,24.52991],[89.77229,24.52919],[89.77249,24.52919],[89.77248,24.52865],[89.77267,24.52864],[89.77267,24.52846],[89.77188,24.52866],[89.77188,24.52848],[89.77208,24.52847],[89.77207,24.52811],[89.77246,24.52792],[89.77246,24.52774],[89.77265,24.52774],[89.77265,24.52738],[89.77304,24.52719],[89.77303,24.52701],[89.77323,24.52701],[89.77341,24.52628],[89.77361,24.52628],[89.77359,24.52556],[89.77379,24.52555],[89.77378,24.52501],[89.77397,24.52501],[89.77396,24.52429],[89.77416,24.52428],[89.77414,24.52374],[89.77434,24.52374],[89.77433,24.5232],[89.77453,24.52319],[89.77451,24.52247],[89.77471,24.52247],[89.77469,24.52175],[89.77489,24.52174],[89.77488,24.52138],[89.77508,24.52138],[89.77506,24.52048],[89.77526,24.52047],[89.77525,24.52011],[89.77545,24.52011],[89.77543,24.51957],[89.77563,24.51956],[89.77562,24.5192],[89.77582,24.5192],[89.7758,24.51848],[89.77619,24.51829],[89.77619,24.51811],[89.77658,24.5181],[89.77658,24.51792],[89.77678,24.51792],[89.77677,24.51756],[89.77697,24.51755],[89.77713,24.51611],[89.77733,24.5161],[89.77732,24.51556],[89.77752,24.51556],[89.77751,24.5152],[89.7777,24.51519],[89.77768,24.51393],[89.77787,24.51393],[89.77787,24.51357],[89.77806,24.51356],[89.77806,24.51338],[89.77826,24.51338],[89.77825,24.51302],[89.77786,24.51321],[89.77786,24.51339],[89.77766,24.51339],[89.77767,24.51375],[89.77748,24.51375],[89.77749,24.51448],[89.77729,24.51448],[89.77731,24.51502],[89.77711,24.51502],[89.77712,24.51539],[89.77692,24.51539],[89.77675,24.51647],[89.77655,24.51648],[89.77656,24.51684],[89.77636,24.51684],[89.77637,24.5172],[89.77598,24.51739],[89.77598,24.51757],[89.77578,24.51758],[89.77579,24.51776],[89.77559,24.51776],[89.77559,24.51794],[89.7754,24.51794],[89.77541,24.5183],[89.77521,24.51831],[89.77522,24.51885],[89.77502,24.51885],[89.77504,24.51939],[89.77464,24.51958],[89.77446,24.52031],[89.77427,24.52031],[89.77427,24.52067],[89.77408,24.52068],[89.77408,24.52104],[89.77369,24.52122],[89.77351,24.52195],[89.77312,24.52214],[89.77294,24.52286],[89.77274,24.52287],[89.77275,24.52323],[89.77236,24.52341],[89.77237,24.52359],[89.77217,24.5236]],[[89.77315,24.52358],[89.77296,24.52394],[89.77237,24.52396],[89.77237,24.52359],[89.77315,24.52358]],[[89.76952,24.52888],[89.76991,24.52869],[89.77012,24.52905],[89.76992,24.52905],[89.76993,24.52942],[89.76953,24.52942],[89.76952,24.52888]],[[89.7691,24.52763],[89.7693,24.52762],[89.76931,24.52798],[89.76911,24.52799],[89.7691,24.52763]],[[89.77028,24.5276],[89.77068,24.5276],[89.77069,24.52796],[89.77029,24.52796],[89.77028,24.5276]],[[89.77186,24.52739],[89.77225,24.52739],[89.77226,24.52775],[89.77186,24.52776],[89.77186,24.52739]],[[89.77047,24.52706],[89.77067,24.52706],[89.77067,24.52742],[89.77048,24.52742],[89.77047,24.52706]],[[89.77105,24.52669],[89.77066,24.52669],[89.77065,24.52651],[89.77085,24.52651],[89.77084,24.52615],[89.77124,24.52614],[89.77124,24.52632],[89.77144,24.52632],[89.77145,24.52668],[89.77125,24.52668],[89.77126,24.52704],[89.77106,24.52705],[89.77105,24.52669]]]}},{"type":"Feature","properties":{"kind":"land","ha":18.0},"geometry":{"type":"Polygon","coordinates":[[[89.73023,24.51823],[89.73022,24.51787],[89.73042,24.51786],[89.7304,24.51714],[89.7306,24.51714],[89.7306,24.5175],[89.7308,24.51749],[89.73099,24.51713],[89.73119,24.51713],[89.73118,24.51695],[89.73138,24.51694],[89.73137,24.5164],[89.73157,24.5164],[89.73154,24.51531],[89.73174,24.51531],[89.73176,24.51603],[89.73215,24.51603],[89.73234,24.51566],[89.73254,24.51566],[89.73253,24.51548],[89.73273,24.51547],[89.73274,24.51565],[89.73313,24.51565],[89.73312,24.51511],[89.73292,24.51511],[89.73291,24.51457],[89.73311,24.51456],[89.73309,24.51366],[89.73289,24.51367],[89.73287,24.51276],[89.73326,24.51276],[89.73325,24.51222],[89.73286,24.5124],[89.73287,24.51258],[89.73208,24.5126],[89.73208,24.51278],[89.73228,24.51277],[89.73229,24.51332],[89.73269,24.51349],[89.73251,24.51458],[89.73271,24.51457],[89.73272,24.51493],[89.73233,24.51494],[89.73212,24.51458],[89.73113,24.5146],[89.73113,24.51442],[89.73093,24.51442],[89.73111,24.51334],[89.73091,24.51334],[89.73088,24.51208],[89.73068,24.51208],[89.73067,24.51154],[89.73028,24.51155],[89.73007,24.51119],[89.72988,24.51119],[89.72987,24.51101],[89.72968,24.51102],[89.72967,24.51084],[89.72928,24.51084],[89.72927,24.51066],[89.72888,24.51067],[89.72888,24.51049],[89.72868,24.51049],[89.72869,24.51085],[89.72888,24.51085],[89.72889,24.51103],[89.72849,24.51104],[89.72829,24.51068],[89.72789,24.51069],[89.7279,24.51087],[89.7277,24.51087],[89.72772,24.51159],[89.72791,24.51159],[89.72792,24.51195],[89.72812,24.51195],[89.72813,24.51231],[89.72852,24.51248],[89.72853,24.51284],[89.72873,24.51284],[89.72875,24.51392],[89.72895,24.51392],[89.72896,24.51428],[89.72915,24.51428],[89.72919,24.5159],[89.72939,24.5159],[89.7294,24.51662],[89.7296,24.51661],[89.72961,24.51734],[89.72942,24.51734],[89.72943,24.51788],[89.73002,24.51787],[89.73003,24.51823],[89.73023,24.51823]],[[89.72958,24.51553],[89.72977,24.51553],[89.72973,24.51372],[89.73012,24.51354],[89.73013,24.51372],[89.73033,24.51371],[89.73033,24.51407],[89.73053,24.51407],[89.73055,24.51479],[89.73035,24.5148],[89.73037,24.5157],[89.73017,24.5157],[89.73018,24.51588],[89.72978,24.51589],[89.72958,24.51553]],[[89.7289,24.51157],[89.72949,24.51156],[89.7295,24.5121],[89.7293,24.51211],[89.72931,24.51229],[89.72891,24.51229],[89.7289,24.51157]]]}},{"type":"Feature","properties":{"kind":"land","ha":4.4},"geometry":{"type":"Polygon","coordinates":[[[89.83284,24.51056],[89.83283,24.51038],[89.83362,24.51036],[89.83362,24.51018],[89.83381,24.51018],[89.83381,24.50982],[89.8342,24.50963],[89.83419,24.50945],[89.83379,24.50928],[89.83361,24.50964],[89.83282,24.50984],[89.83281,24.5093],[89.8332,24.50929],[89.8332,24.50893],[89.83379,24.50892],[89.83377,24.50837],[89.83298,24.50803],[89.83297,24.50749],[89.83218,24.5075],[89.83218,24.50768],[89.83179,24.50769],[89.8318,24.50823],[89.8322,24.5084],[89.83221,24.50895],[89.83201,24.50895],[89.83203,24.50985],[89.83223,24.50985],[89.83224,24.51021],[89.83264,24.51038],[89.83264,24.51056],[89.83284,24.51056]]]}},{"type":"Feature","properties":{"kind":"land","ha":4.6},"geometry":{"type":"Polygon","coordinates":[[[89.83793,24.50884],[89.83812,24.50847],[89.83871,24.50846],[89.8387,24.5081],[89.8389,24.5081],[89.83888,24.50738],[89.83927,24.50719],[89.83926,24.50683],[89.83965,24.50664],[89.83965,24.50646],[89.84004,24.50645],[89.84002,24.50519],[89.83982,24.50519],[89.83979,24.50411],[89.8396,24.50411],[89.83959,24.50393],[89.839,24.50394],[89.83901,24.50449],[89.83921,24.50448],[89.83923,24.5052],[89.83942,24.5052],[89.83944,24.50574],[89.83924,24.50575],[89.83925,24.50611],[89.83885,24.50611],[89.83886,24.50629],[89.83866,24.5063],[89.83867,24.50666],[89.83847,24.50666],[89.83847,24.50684],[89.83808,24.50685],[89.83808,24.50703],[89.83789,24.50703],[89.83791,24.50794],[89.83771,24.50794],[89.83772,24.50848],[89.83752,24.50848],[89.83753,24.50885],[89.83793,24.50884]],[[89.8383,24.50793],[89.8385,24.50793],[89.83851,24.50829],[89.83811,24.50829],[89.8383,24.50793]]]}},{"type":"Feature","properties":{"kind":"land","ha":20.6},"geometry":{"type":"Polygon","coordinates":[[[89.72283,24.52305],[89.72282,24.52251],[89.72262,24.52252],[89.72261,24.52197],[89.72242,24.52198],[89.72241,24.52162],[89.72221,24.52162],[89.72219,24.5209],[89.722,24.5209],[89.72195,24.51856],[89.72175,24.51856],[89.7217,24.5164],[89.72151,24.5164],[89.7215,24.51622],[89.7217,24.51621],[89.72164,24.51333],[89.72183,24.51332],[89.72182,24.51278],[89.72202,24.51278],[89.72201,24.51224],[89.72221,24.51223],[89.72219,24.51133],[89.72238,24.51133],[89.72238,24.51097],[89.72277,24.51078],[89.72277,24.51114],[89.72317,24.51131],[89.72318,24.5115],[89.72357,24.51131],[89.72356,24.51113],[89.72376,24.51112],[89.72393,24.51004],[89.72374,24.51004],[89.72373,24.50968],[89.72353,24.50968],[89.72353,24.5095],[89.72372,24.5095],[89.72372,24.50914],[89.72391,24.50914],[89.72391,24.50877],[89.7241,24.50877],[89.72409,24.50805],[89.72448,24.50786],[89.72447,24.5075],[89.72467,24.5075],[89.72465,24.50678],[89.72505,24.50677],[89.72525,24.50713],[89.72545,24.50712],[89.72544,24.50676],[89.72504,24.50659],[89.72503,24.50623],[89.72464,24.50605],[89.72462,24.50533],[89.72442,24.50534],[89.72441,24.50479],[89.72461,24.50479],[89.7246,24.50443],[89.72421,24.50444],[89.72422,24.50516],[89.72403,24.50516],[89.72403,24.50552],[89.72384,24.50553],[89.72386,24.50643],[89.72366,24.50643],[89.72367,24.50715],[89.72348,24.50716],[89.72348,24.50752],[89.72329,24.50752],[89.7233,24.50806],[89.7231,24.50807],[89.72311,24.50843],[89.72291,24.50843],[89.72292,24.50897],[89.72273,24.50898],[89.72273,24.50934],[89.72254,24.50934],[89.72255,24.5097],[89.72235,24.50971],[89.72236,24.51025],[89.72216,24.51025],[89.72217,24.51061],[89.72197,24.51061],[89.72181,24.51206],[89.72161,24.51207],[89.72162,24.51261],[89.72142,24.51261],[89.72144,24.51333],[89.72124,24.51334],[89.72126,24.51406],[89.72106,24.51406],[89.72107,24.5146],[89.72088,24.51461],[89.72088,24.51497],[89.72069,24.51497],[89.7207,24.51569],[89.7205,24.51569],[89.72053,24.51678],[89.72033,24.51678],[89.7204,24.52003],[89.7206,24.52003],[89.72061,24.52039],[89.7208,24.52038],[89.72081,24.52074],[89.72101,24.52074],[89.72102,24.5211],[89.72141,24.52127],[89.72142,24.52145],[89.72161,24.52145],[89.72162,24.52163],[89.72182,24.52163],[89.72182,24.52181],[89.72202,24.5218],[89.72202,24.52217],[89.72222,24.52216],[89.72223,24.52252],[89.72243,24.52252],[89.72243,24.52288],[89.72263,24.52288],[89.72264,24.52306],[89.72283,24.52305]]]}},{"type":"Feature","properties":{"kind":"land","ha":6.2},"geometry":{"type":"Polygon","coordinates":[[[89.75751,24.4939],[89.75751,24.49372],[89.75909,24.49388],[89.75909,24.4937],[89.75948,24.49369],[89.75967,24.49332],[89.75987,24.49332],[89.75986,24.49314],[89.76006,24.49314],[89.76024,24.49241],[89.76063,24.49222],[89.76063,24.49204],[89.76102,24.49204],[89.76102,24.49186],[89.76121,24.49185],[89.76121,24.49149],[89.7614,24.49149],[89.7614,24.49131],[89.7612,24.49131],[89.7612,24.49113],[89.76061,24.49114],[89.76042,24.49151],[89.76022,24.49151],[89.76002,24.49115],[89.75982,24.49116],[89.75963,24.49152],[89.75943,24.49152],[89.75944,24.4917],[89.75884,24.49171],[89.75885,24.49189],[89.75845,24.4919],[89.75827,24.49227],[89.75807,24.49227],[89.75808,24.49263],[89.75788,24.49263],[89.75789,24.49318],[89.7575,24.49318],[89.75731,24.49355],[89.75711,24.49355],[89.75731,24.49391],[89.75751,24.4939]]]}},{"type":"Feature","properties":{"kind":"land","ha":34.1},"geometry":{"type":"Polygon","coordinates":[[[89.77724,24.50293],[89.77726,24.50383],[89.77766,24.504],[89.77767,24.50455],[89.77786,24.50454],[89.77787,24.5049],[89.77807,24.5049],[89.77809,24.5058],[89.77829,24.5058],[89.77825,24.50399],[89.77844,24.50399],[89.77843,24.50345],[89.77863,24.50344],[89.77859,24.50164],[89.77879,24.50164],[89.77878,24.50128],[89.77898,24.50127],[89.77897,24.50109],[89.77917,24.50109],[89.77911,24.49838],[89.7795,24.49819],[89.77929,24.49748],[89.77968,24.49729],[89.77967,24.49711],[89.78007,24.4971],[89.78006,24.49674],[89.77986,24.49674],[89.77985,24.4962],[89.77946,24.49621],[89.77945,24.49603],[89.77886,24.49604],[89.77886,24.49586],[89.77866,24.49586],[89.77865,24.4955],[89.77846,24.49551],[89.77845,24.49533],[89.77786,24.49534],[89.77786,24.49552],[89.77747,24.49552],[89.77746,24.49516],[89.77726,24.49517],[89.77725,24.49463],[89.77706,24.49463],[89.77705,24.49427],[89.77724,24.49426],[89.77724,24.49408],[89.77704,24.49409],[89.77704,24.49373],[89.77684,24.49373],[89.77683,24.49319],[89.77663,24.49319],[89.77662,24.49265],[89.77681,24.49265],[89.77681,24.49247],[89.77661,24.49247],[89.7766,24.49193],[89.7762,24.49176],[89.7762,24.49158],[89.776,24.49158],[89.776,24.4914],[89.7758,24.4914],[89.7758,24.49122],[89.7756,24.49123],[89.77559,24.49087],[89.7748,24.49088],[89.77482,24.49142],[89.77462,24.49143],[89.77465,24.49269],[89.77504,24.49286],[89.77506,24.49376],[89.77526,24.49376],[89.77528,24.49484],[89.77568,24.49484],[89.77568,24.49502],[89.77588,24.49501],[89.77589,24.49555],[89.77609,24.49555],[89.77611,24.49663],[89.77631,24.49663],[89.77633,24.49735],[89.77613,24.49735],[89.77614,24.49771],[89.77594,24.49772],[89.77598,24.4997],[89.77579,24.49971],[89.77579,24.49989],[89.77599,24.49988],[89.776,24.50061],[89.7762,24.5006],[89.77621,24.50096],[89.77661,24.50114],[89.77665,24.5033],[89.77705,24.50329],[89.77704,24.50293],[89.77724,24.50293]],[[89.77684,24.50294],[89.77684,24.50276],[89.77704,24.50275],[89.77704,24.50293],[89.77684,24.50294]],[[89.7768,24.50077],[89.77699,24.50077],[89.777,24.50095],[89.7768,24.50095],[89.7768,24.50077]],[[89.77732,24.49787],[89.77733,24.49805],[89.77713,24.49806],[89.77713,24.49824],[89.77694,24.49824],[89.77695,24.4986],[89.77655,24.49879],[89.77656,24.49897],[89.77636,24.49897],[89.77635,24.49861],[89.77655,24.49861],[89.77654,24.49789],[89.77673,24.49788],[89.77672,24.49752],[89.77692,24.49752],[89.77691,24.49716],[89.7773,24.49697],[89.77771,24.49769],[89.77732,24.49787]],[[89.77811,24.49786],[89.77812,24.49804],[89.77772,24.49805],[89.77771,24.49769],[89.77811,24.49786]],[[89.77829,24.49713],[89.77869,24.49713],[89.7787,24.49749],[89.7783,24.49749],[89.77829,24.49713]],[[89.77584,24.49339],[89.77604,24.49338],[89.77605,24.49356],[89.77585,24.49357],[89.77584,24.49339]]]}},{"type":"Feature","properties":{"kind":"land","ha":16.1},"geometry":{"type":"Polygon","coordinates":[[[89.6974,24.50528],[89.69739,24.50492],[89.69778,24.50473],[89.69778,24.50455],[89.69797,24.50455],[89.69796,24.50401],[89.69835,24.50382],[89.69835,24.50364],[89.69855,24.50363],[89.69872,24.50255],[89.69892,24.50255],[89.69891,24.50218],[89.69911,24.50218],[89.6991,24.50182],[89.6993,24.50182],[89.69926,24.50037],[89.69946,24.50037],[89.69945,24.49965],[89.69964,24.49964],[89.69964,24.49928],[89.69983,24.49928],[89.69983,24.49892],[89.70022,24.49873],[89.70021,24.49837],[89.70041,24.49837],[89.70039,24.49783],[89.70059,24.49782],[89.70057,24.49692],[89.70077,24.49692],[89.70076,24.49656],[89.70096,24.49655],[89.70095,24.49601],[89.70114,24.49601],[89.70113,24.49547],[89.70133,24.49546],[89.70132,24.4951],[89.70152,24.4951],[89.70151,24.49474],[89.70171,24.49473],[89.7017,24.49419],[89.70189,24.49419],[89.70189,24.49383],[89.70208,24.49382],[89.70208,24.49346],[89.70227,24.49346],[89.70244,24.49201],[89.70264,24.49201],[89.70263,24.49165],[89.70283,24.49165],[89.70281,24.4911],[89.70301,24.4911],[89.70301,24.49092],[89.70261,24.49093],[89.70262,24.49129],[89.70223,24.49129],[89.70221,24.49057],[89.70241,24.49057],[89.7024,24.49021],[89.70201,24.4904],[89.70201,24.49058],[89.70182,24.49058],[89.70183,24.49112],[89.70144,24.49131],[89.70145,24.49167],[89.70125,24.49167],[89.70126,24.49221],[89.70106,24.49222],[89.70108,24.49294],[89.70088,24.49294],[89.7009,24.49385],[89.7007,24.49385],[89.70071,24.49421],[89.70012,24.49422],[89.70013,24.49458],[89.70053,24.49475],[89.70055,24.49584],[89.70035,24.49584],[89.70036,24.49638],[89.69997,24.49657],[89.69998,24.49693],[89.69978,24.49693],[89.69981,24.49802],[89.69942,24.4982],[89.69942,24.49857],[89.69923,24.49857],[89.69924,24.49911],[89.69904,24.49911],[89.69905,24.49947],[89.69885,24.49948],[89.69886,24.50002],[89.69867,24.50002],[89.69867,24.50038],[89.69848,24.50039],[89.69848,24.50075],[89.69809,24.50094],[89.6981,24.5013],[89.6979,24.5013],[89.69792,24.50184],[89.69772,24.50184],[89.69773,24.50257],[89.69754,24.50257],[89.69755,24.50329],[89.69735,24.5033],[89.69737,24.50402],[89.69717,24.50402],[89.69718,24.50438],[89.69698,24.50438],[89.697,24.50511],[89.6972,24.5051],[89.6972,24.50528],[89.6974,24.50528]]]}},{"type":"Feature","properties":{"kind":"land","ha":47.4},"geometry":{"type":"Polygon","coordinates":[[[89.84226,24.50858],[89.84227,24.50894],[89.84207,24.50894],[89.8421,24.51002],[89.8419,24.51003],[89.84192,24.51111],[89.84212,24.51111],[89.84214,24.51183],[89.84233,24.51182],[89.84234,24.512],[89.84273,24.512],[89.84272,24.51146],[89.84292,24.51145],[89.84291,24.51109],[89.84311,24.51109],[89.8431,24.51073],[89.8433,24.51072],[89.84328,24.51018],[89.84348,24.51018],[89.84347,24.50982],[89.84367,24.50981],[89.84366,24.50927],[89.84385,24.50927],[89.84385,24.50891],[89.84404,24.5089],[89.84404,24.50854],[89.84423,24.50854],[89.84422,24.508],[89.84442,24.50799],[89.84441,24.50763],[89.84421,24.50764],[89.84421,24.50746],[89.84322,24.50748],[89.84322,24.50729],[89.84302,24.5073],[89.84301,24.50694],[89.84341,24.50693],[89.84361,24.50729],[89.84401,24.50728],[89.844,24.5071],[89.84459,24.50709],[89.84458,24.50655],[89.84419,24.50655],[89.84419,24.50673],[89.8436,24.50675],[89.84379,24.50638],[89.84359,24.50639],[89.84359,24.5062],[89.84398,24.50602],[89.84398,24.5062],[89.84457,24.50619],[89.84455,24.50528],[89.84475,24.50528],[89.84473,24.50456],[89.84454,24.50456],[89.84453,24.50402],[89.84393,24.50403],[89.84392,24.50349],[89.84432,24.50348],[89.84427,24.5015],[89.84407,24.5015],[89.84407,24.50114],[89.84387,24.50115],[89.84385,24.50042],[89.84366,24.50043],[89.84364,24.49971],[89.84344,24.49971],[89.84343,24.49917],[89.84303,24.499],[89.84282,24.49828],[89.84262,24.49828],[89.84261,24.49774],[89.84241,24.49774],[89.8424,24.49738],[89.84221,24.49739],[89.8422,24.49703],[89.842,24.49703],[89.84199,24.49667],[89.8418,24.49667],[89.84179,24.49631],[89.84159,24.49632],[89.84158,24.49595],[89.84139,24.49596],[89.84138,24.4956],[89.84098,24.49542],[89.84097,24.49506],[89.84077,24.49507],[89.84079,24.49561],[89.84059,24.49561],[89.84059,24.49579],[89.84,24.4958],[89.84,24.49562],[89.8398,24.49563],[89.83979,24.49509],[89.83999,24.49508],[89.83998,24.49472],[89.84037,24.49471],[89.84037,24.49453],[89.83997,24.49454],[89.83976,24.49382],[89.83956,24.49383],[89.83956,24.49365],[89.83877,24.49366],[89.83876,24.4933],[89.83896,24.4933],[89.83895,24.49312],[89.83856,24.49294],[89.83855,24.49276],[89.83836,24.49277],[89.83835,24.49259],[89.83815,24.49259],[89.83815,24.49241],[89.83795,24.49241],[89.83795,24.49223],[89.83755,24.49224],[89.83735,24.49188],[89.83715,24.49189],[89.83714,24.49153],[89.83675,24.49153],[89.83675,24.49135],[89.83655,24.49136],[89.83654,24.491],[89.83614,24.49082],[89.83614,24.49064],[89.83594,24.49065],[89.83594,24.49047],[89.83574,24.49047],[89.83574,24.49029],[89.83554,24.49029],[89.83553,24.48993],[89.83533,24.48994],[89.83533,24.48976],[89.83493,24.48976],[89.83473,24.48941],[89.83453,24.48941],[89.83453,24.48923],[89.83433,24.48923],[89.83432,24.48887],[89.83392,24.4887],[89.83392,24.48852],[89.83353,24.48853],[89.83332,24.48817],[89.83312,24.48817],[89.83312,24.48799],[89.83292,24.488],[89.83292,24.48782],[89.83272,24.48782],[89.83272,24.48764],[89.83252,24.48764],[89.83273,24.48836],[89.83293,24.48836],[89.83294,24.4889],[89.83314,24.48889],[89.83315,24.48925],[89.83335,24.48925],[89.83335,24.48961],[89.83355,24.48961],[89.83356,24.48997],[89.83376,24.48997],[89.83376,24.49033],[89.83416,24.4905],[89.83438,24.49122],[89.83477,24.49139],[89.83499,24.49211],[89.83518,24.4921],[89.83519,24.49247],[89.83559,24.49264],[89.8356,24.49282],[89.83579,24.49282],[89.8358,24.493],[89.83599,24.49299],[89.836,24.49335],[89.8364,24.49353],[89.8364,24.49371],[89.8366,24.4937],[89.83661,24.49388],[89.8368,24.49388],[89.83681,24.49406],[89.837,24.49406],[89.83701,24.49424],[89.8372,24.49423],[89.83721,24.49441],[89.83741,24.49441],[89.83741,24.49459],[89.83761,24.49459],[89.83761,24.49477],[89.83781,24.49476],[89.83782,24.49512],[89.83821,24.4953],[89.83822,24.49548],[89.83842,24.49547],[89.83842,24.49565],[89.83862,24.49565],[89.83862,24.49583],[89.83882,24.49583],[89.83882,24.49601],[89.83902,24.496],[89.83902,24.49618],[89.83922,24.49618],[89.83923,24.49654],[89.83963,24.49671],[89.83963,24.49689],[89.83983,24.49689],[89.83984,24.49725],[89.84003,24.49725],[89.84004,24.49761],[89.84044,24.49778],[89.84045,24.49814],[89.84085,24.49832],[89.84085,24.4985],[89.84105,24.49849],[89.84106,24.49885],[89.84125,24.49885],[89.84147,24.49993],[89.84167,24.49992],[89.84168,24.50047],[89.84188,24.50046],[89.8419,24.50118],[89.84209,24.50118],[89.84211,24.50172],[89.8423,24.50172],[89.84231,24.50208],[89.84251,24.50207],[89.84254,24.50352],[89.84274,24.50351],[89.84276,24.5046],[89.84296,24.50459],[89.84299,24.50586],[89.84279,24.50586],[89.84281,24.50676],[89.84261,24.50676],[89.84263,24.50749],[89.84243,24.50749],[89.84246,24.50857],[89.84226,24.50858]],[[89.84285,24.50857],[89.84286,24.50893],[89.84306,24.50892],[89.84306,24.5091],[89.84267,24.50929],[89.84267,24.50911],[89.84247,24.50911],[89.84246,24.50857],[89.84285,24.50857]],[[89.84248,24.50947],[89.84228,24.50948],[89.84227,24.50912],[89.84247,24.50911],[89.84248,24.50947]],[[89.8421,24.51038],[89.8423,24.51038],[89.84231,24.51056],[89.84211,24.51056],[89.8421,24.51038]],[[89.84229,24.50984],[89.84268,24.50983],[89.84269,24.51019],[89.8423,24.5102],[89.84229,24.50984]],[[89.84416,24.50529],[89.84436,24.50529],[89.84436,24.50565],[89.84397,24.50566],[89.84416,24.50529]],[[89.84375,24.50458],[89.84414,24.50457],[89.84415,24.50475],[89.84375,24.50476],[89.84375,24.50458]],[[89.83981,24.49599],[89.8402,24.49598],[89.84021,24.49652],[89.83982,24.49653],[89.83981,24.49599]],[[89.8386,24.49493],[89.8384,24.49493],[89.83838,24.49403],[89.83858,24.49403],[89.83858,24.49385],[89.83897,24.49384],[89.839,24.49492],[89.83861,24.49511],[89.8386,24.49493]],[[89.83939,24.49473],[89.83978,24.49473],[89.83978,24.49491],[89.83939,24.49491],[89.83939,24.49473]],[[89.83759,24.49368],[89.83798,24.49368],[89.83799,24.49404],[89.83759,24.49404],[89.83759,24.49368]],[[89.83757,24.49296],[89.83796,24.49295],[89.83798,24.4935],[89.83758,24.4935],[89.83757,24.49296]]]}},{"type":"Feature","properties":{"kind":"land","ha":9.7},"geometry":{"type":"Polygon","coordinates":[[[89.71352,24.49362],[89.71352,24.49344],[89.71371,24.49344],[89.71368,24.49181],[89.71407,24.49162],[89.71423,24.49018],[89.71443,24.49017],[89.71442,24.48981],[89.71462,24.48981],[89.7146,24.48891],[89.7148,24.4889],[89.71479,24.48854],[89.71499,24.48854],[89.71497,24.48746],[89.71516,24.48745],[89.71515,24.48673],[89.71476,24.48692],[89.71476,24.4871],[89.71437,24.48711],[89.71437,24.48729],[89.71398,24.48729],[89.71397,24.48711],[89.71299,24.48713],[89.71299,24.48731],[89.7126,24.48732],[89.7128,24.48768],[89.713,24.48767],[89.71301,24.48821],[89.71262,24.4884],[89.71263,24.48894],[89.71322,24.48893],[89.71323,24.48911],[89.71342,24.48911],[89.71343,24.48965],[89.71324,24.48965],[89.71325,24.49038],[89.71286,24.49056],[89.71287,24.49092],[89.71267,24.49093],[89.71268,24.49111],[89.71287,24.4911],[89.7129,24.49255],[89.7131,24.49254],[89.71313,24.49363],[89.71352,24.49362]]]}},{"type":"Feature","properties":{"kind":"land","ha":79.4},"geometry":{"type":"Polygon","coordinates":[[[89.7051,24.50568],[89.7051,24.5055],[89.70569,24.50549],[89.70568,24.50531],[89.70608,24.5053],[89.70607,24.50512],[89.70647,24.50512],[89.70666,24.50475],[89.70705,24.50475],[89.70705,24.50457],[89.70724,24.50456],[89.70724,24.5042],[89.70743,24.5042],[89.70742,24.50366],[89.70841,24.50364],[89.7084,24.50346],[89.7088,24.50345],[89.7088,24.50327],[89.70919,24.50326],[89.70938,24.5029],[89.70977,24.50289],[89.70977,24.50271],[89.71056,24.5027],[89.71055,24.50252],[89.71075,24.50251],[89.71074,24.50215],[89.71094,24.50215],[89.71093,24.50179],[89.71132,24.5016],[89.71132,24.50142],[89.71152,24.50142],[89.71151,24.50106],[89.71171,24.50105],[89.71169,24.50033],[89.71189,24.50033],[89.71188,24.49997],[89.71227,24.49978],[89.71227,24.4996],[89.71246,24.49959],[89.71245,24.49869],[89.71205,24.49852],[89.71204,24.49834],[89.71185,24.49834],[89.71184,24.49798],[89.71144,24.49799],[89.71144,24.49763],[89.71124,24.49763],[89.71123,24.49709],[89.71103,24.49709],[89.71101,24.49637],[89.71121,24.49637],[89.7112,24.49583],[89.711,24.49583],[89.71099,24.49511],[89.71118,24.49511],[89.71119,24.49529],[89.71198,24.49527],[89.71195,24.49419],[89.71234,24.494],[89.71234,24.49364],[89.71214,24.49364],[89.71214,24.49346],[89.71154,24.49347],[89.71154,24.49329],[89.71036,24.49332],[89.71035,24.49295],[89.71015,24.49296],[89.71015,24.49278],[89.71035,24.49277],[89.71033,24.49223],[89.70994,24.49206],[89.70992,24.49152],[89.71031,24.49133],[89.7103,24.49079],[89.7105,24.49079],[89.71049,24.49042],[89.71069,24.49042],[89.71068,24.49006],[89.71088,24.49006],[89.71086,24.48933],[89.71125,24.48915],[89.71125,24.48897],[89.71145,24.48896],[89.71143,24.48824],[89.71182,24.48805],[89.71181,24.48769],[89.71221,24.48769],[89.7122,24.48733],[89.712,24.48733],[89.71199,24.48679],[89.71238,24.4866],[89.71238,24.48642],[89.71198,24.48643],[89.71199,24.48661],[89.7114,24.48662],[89.7114,24.4868],[89.71101,24.48681],[89.71101,24.48699],[89.71081,24.48699],[89.71082,24.48717],[89.71141,24.48716],[89.71124,24.48861],[89.71065,24.48862],[89.71067,24.48952],[89.71008,24.48953],[89.71007,24.48917],[89.70968,24.48918],[89.70969,24.48972],[89.70949,24.48972],[89.7095,24.49026],[89.7097,24.49026],[89.70972,24.49098],[89.70952,24.49098],[89.70953,24.49134],[89.70972,24.49134],[89.70973,24.49152],[89.70953,24.49152],[89.70957,24.49333],[89.70977,24.49333],[89.70978,24.49387],[89.70958,24.49387],[89.70962,24.49586],[89.70982,24.49585],[89.70983,24.49621],[89.71042,24.4962],[89.71043,24.49692],[89.71004,24.49711],[89.71005,24.49729],[89.70985,24.4973],[89.70986,24.49766],[89.70966,24.49766],[89.70967,24.49784],[89.70927,24.49785],[89.70927,24.49767],[89.70907,24.49767],[89.70906,24.49731],[89.70886,24.49731],[89.70885,24.49677],[89.70866,24.49678],[89.70865,24.49659],[89.70826,24.4966],[89.70825,24.49624],[89.70786,24.49625],[89.70786,24.49643],[89.70727,24.49644],[89.70726,24.49626],[89.70707,24.49626],[89.70704,24.495],[89.70724,24.495],[89.70721,24.49391],[89.70741,24.49391],[89.70741,24.49373],[89.70721,24.49373],[89.70721,24.49355],[89.70681,24.49356],[89.70681,24.49338],[89.70641,24.49339],[89.70642,24.49375],[89.70622,24.49375],[89.70623,24.49393],[89.70583,24.49394],[89.70584,24.49412],[89.70564,24.49412],[89.70565,24.49466],[89.70605,24.49484],[89.70607,24.49592],[89.70588,24.49592],[89.70589,24.49664],[89.7053,24.49665],[89.7053,24.49647],[89.7051,24.49648],[89.7051,24.49666],[89.70491,24.49666],[89.70491,24.49702],[89.70472,24.49703],[89.70472,24.49739],[89.70433,24.49757],[89.70434,24.49794],[89.70414,24.49794],[89.70415,24.49812],[89.70435,24.49812],[89.70436,24.49866],[89.70455,24.49865],[89.70457,24.4992],[89.70437,24.4992],[89.70438,24.49956],[89.70418,24.49956],[89.70418,24.49974],[89.70378,24.49957],[89.70379,24.49975],[89.70359,24.49975],[89.7036,24.5003],[89.70341,24.5003],[89.70343,24.50138],[89.70323,24.50138],[89.70327,24.50337],[89.70308,24.50337],[89.7031,24.50446],[89.7029,24.50446],[89.70291,24.505],[89.70272,24.505],[89.70273,24.50537],[89.70292,24.50536],[89.70293,24.50554],[89.7047,24.50551],[89.7047,24.50569],[89.7051,24.50568]],[[89.70543,24.50279],[89.70523,24.50279],[89.70522,24.50225],[89.70503,24.50226],[89.70502,24.50207],[89.7064,24.50205],[89.7064,24.50187],[89.70679,24.50186],[89.70698,24.5015],[89.70718,24.50149],[89.70718,24.50131],[89.70757,24.50131],[89.70757,24.50113],[89.70776,24.50112],[89.70776,24.50076],[89.70795,24.50076],[89.70795,24.50058],[89.70834,24.50057],[89.70835,24.50075],[89.70854,24.50075],[89.70855,24.50111],[89.70816,24.5013],[89.70817,24.50148],[89.70797,24.50148],[89.70797,24.50166],[89.70777,24.50166],[89.70778,24.50184],[89.70758,24.50185],[89.70759,24.50203],[89.70739,24.50203],[89.70739,24.50221],[89.7068,24.50222],[89.7068,24.5024],[89.70641,24.50241],[89.70641,24.50259],[89.70622,24.50259],[89.70622,24.50296],[89.70544,24.50297],[89.70543,24.50279]],[[89.7081,24.49823],[89.70829,24.49823],[89.70829,24.49805],[89.70868,24.49804],[89.70869,24.49858],[89.7083,24.49859],[89.7081,24.49823]]]}},{"type":"Feature","properties":{"kind":"land","ha":17.4},"geometry":{"type":"Polygon","coordinates":[[[89.7863,24.50222],[89.78626,24.5006],[89.78606,24.5006],[89.78604,24.49952],[89.78584,24.49952],[89.78583,24.49898],[89.78563,24.49898],[89.78562,24.49862],[89.78543,24.49863],[89.78517,24.4961],[89.78498,24.49611],[89.78496,24.49539],[89.78476,24.49539],[89.78475,24.49467],[89.78455,24.49467],[89.78454,24.49413],[89.78434,24.49413],[89.78432,24.49323],[89.78393,24.49324],[89.78393,24.49342],[89.78373,24.49342],[89.78373,24.49306],[89.78333,24.49307],[89.78333,24.49289],[89.78372,24.49288],[89.78372,24.4927],[89.78392,24.4927],[89.78391,24.49234],[89.78332,24.49235],[89.78331,24.49199],[89.78311,24.49199],[89.78313,24.49271],[89.78273,24.49272],[89.78273,24.49236],[89.78292,24.49236],[89.78292,24.49217],[89.78272,24.49218],[89.78271,24.49164],[89.78291,24.49163],[89.7829,24.49145],[89.78271,24.49146],[89.7827,24.4911],[89.7825,24.4911],[89.78251,24.49164],[89.78232,24.49164],[89.7823,24.49092],[89.78171,24.49093],[89.7819,24.49057],[89.7817,24.49057],[89.78169,24.49021],[89.7813,24.49022],[89.78129,24.48986],[89.78168,24.48985],[89.78189,24.49021],[89.78209,24.4902],[89.78209,24.49057],[89.78229,24.49056],[89.78229,24.49038],[89.78268,24.49037],[89.78268,24.49019],[89.78248,24.4902],[89.78247,24.48984],[89.78228,24.48984],[89.78227,24.48948],[89.78207,24.48948],[89.78206,24.48912],[89.78166,24.48895],[89.78145,24.48823],[89.78125,24.48823],[89.78125,24.48787],[89.78105,24.48788],[89.78104,24.48752],[89.78064,24.48734],[89.78043,24.48663],[89.78003,24.48645],[89.77982,24.48573],[89.77942,24.48556],[89.77942,24.48538],[89.77922,24.48538],[89.77901,24.48467],[89.77861,24.48449],[89.77839,24.48378],[89.7782,24.48378],[89.77843,24.48522],[89.77882,24.48539],[89.77905,24.48647],[89.77944,24.48664],[89.77966,24.48772],[89.77986,24.48772],[89.77987,24.48808],[89.78007,24.48808],[89.78008,24.4888],[89.78028,24.48879],[89.78029,24.48934],[89.78049,24.48933],[89.7805,24.48969],[89.78069,24.48969],[89.7807,24.49005],[89.7809,24.49005],[89.78091,24.49041],[89.7811,24.4904],[89.78111,24.49076],[89.78131,24.49076],[89.78132,24.4913],[89.78172,24.49148],[89.78193,24.49219],[89.78233,24.49237],[89.78254,24.49308],[89.78274,24.49308],[89.78275,24.49344],[89.78295,24.49344],[89.78295,24.4938],[89.78315,24.4938],[89.78316,24.49416],[89.78336,24.49415],[89.78336,24.49451],[89.78356,24.49451],[89.78357,24.49487],[89.78377,24.49487],[89.78399,24.49595],[89.78418,24.49594],[89.78419,24.4963],[89.78439,24.4963],[89.7844,24.49666],[89.7846,24.49666],[89.78461,24.4972],[89.7848,24.49719],[89.78481,24.49755],[89.78501,24.49755],[89.78502,24.49809],[89.78522,24.49809],[89.78523,24.49881],[89.78543,24.49881],[89.78546,24.49989],[89.78565,24.49989],[89.78566,24.50043],[89.78586,24.50042],[89.78589,24.50151],[89.78608,24.5015],[89.7861,24.50222],[89.7863,24.50222]]]}},{"type":"Feature","properties":{"kind":"land","ha":6.0},"geometry":{"type":"Polygon","coordinates":[[[89.8284,24.4796],[89.82838,24.47906],[89.82918,24.4794],[89.82937,24.47904],[89.82957,24.47903],[89.82956,24.47885],[89.82976,24.47885],[89.82976,24.47903],[89.83016,24.47902],[89.83016,24.4792],[89.83056,24.4792],[89.83055,24.47902],[89.83036,24.47902],[89.83034,24.4783],[89.83014,24.4783],[89.83013,24.47776],[89.82973,24.47759],[89.82972,24.47723],[89.82953,24.47723],[89.82951,24.47633],[89.82931,24.47633],[89.8293,24.47615],[89.82891,24.47634],[89.82892,24.47652],[89.82872,24.47652],[89.82873,24.4767],[89.82853,24.47671],[89.82855,24.47761],[89.82835,24.47761],[89.82836,24.47797],[89.82797,24.47798],[89.82795,24.47726],[89.82755,24.47727],[89.82756,24.47763],[89.82737,24.47763],[89.82738,24.47817],[89.82778,24.47835],[89.8278,24.47943],[89.828,24.47942],[89.828,24.47961],[89.8284,24.4796]],[[89.82817,24.47834],[89.82837,24.47833],[89.82838,24.4787],[89.82857,24.47869],[89.82858,24.47887],[89.82818,24.47888],[89.82817,24.47834]],[[89.82876,24.47833],[89.82896,24.47832],[89.82897,24.47868],[89.82877,24.47869],[89.82876,24.47833]]]}},{"type":"Feature","properties":{"kind":"land","ha":10.0},"geometry":{"type":"Polygon","coordinates":[[[89.77776,24.48198],[89.77776,24.48162],[89.77795,24.48162],[89.77794,24.48126],[89.77814,24.48125],[89.77812,24.48017],[89.77792,24.48017],[89.77791,24.47981],[89.7789,24.47979],[89.77889,24.47961],[89.77968,24.4796],[89.77968,24.47942],[89.77929,24.47943],[89.77928,24.47907],[89.77947,24.47906],[89.77947,24.47888],[89.77986,24.47887],[89.77987,24.47906],[89.78007,24.47905],[89.78007,24.47941],[89.77988,24.47942],[89.77988,24.4796],[89.78047,24.47959],[89.78048,24.47977],[89.78126,24.47939],[89.78124,24.47867],[89.78144,24.47867],[89.78143,24.4783],[89.78123,24.47831],[89.78123,24.47813],[89.78083,24.47813],[89.78062,24.47742],[89.78042,24.47742],[89.7804,24.47634],[89.78001,24.47635],[89.78002,24.47707],[89.77963,24.47707],[89.77963,24.47725],[89.77923,24.47708],[89.77923,24.4769],[89.77903,24.4769],[89.77904,24.47745],[89.77924,24.47744],[89.77926,24.47834],[89.77906,24.47835],[89.77907,24.47853],[89.77867,24.47836],[89.77867,24.47817],[89.77768,24.47819],[89.77767,24.47765],[89.77747,24.47766],[89.77746,24.47729],[89.77707,24.4773],[89.77708,24.47766],[89.77688,24.47767],[89.77691,24.47911],[89.77711,24.47911],[89.77712,24.47983],[89.77752,24.47982],[89.77755,24.48108],[89.77735,24.48109],[89.77736,24.48145],[89.77755,24.48144],[89.77757,24.48199],[89.77776,24.48198]],[[89.77828,24.47872],[89.77848,24.47872],[89.77849,24.47908],[89.77809,24.47909],[89.77828,24.47872]],[[89.77985,24.47815],[89.77965,24.47816],[89.77964,24.4778],[89.77945,24.4778],[89.77944,24.47762],[89.77984,24.47761],[89.77984,24.47779],[89.78024,24.47778],[89.78024,24.47797],[89.78044,24.47796],[89.78045,24.4785],[89.78005,24.47851],[89.77985,24.47815]]]}},{"type":"Feature","properties":{"kind":"land","ha":60.6},"geometry":{"type":"Polygon","coordinates":[[[89.72601,24.50567],[89.726,24.50513],[89.7258,24.50513],[89.72577,24.50351],[89.72596,24.5035],[89.72595,24.50278],[89.72614,24.50278],[89.72613,24.50224],[89.72633,24.50223],[89.72629,24.50061],[89.72649,24.50061],[89.72647,24.49952],[89.72667,24.49952],[89.72666,24.49916],[89.72685,24.49915],[89.72683,24.49807],[89.72703,24.49807],[89.72701,24.49735],[89.72721,24.49734],[89.72719,24.49626],[89.72738,24.49626],[89.72737,24.49572],[89.72757,24.49571],[89.72755,24.49499],[89.72775,24.49499],[89.72774,24.49427],[89.72793,24.49426],[89.72792,24.49372],[89.72812,24.49372],[89.7281,24.493],[89.7283,24.49299],[89.72828,24.49209],[89.72848,24.49209],[89.72845,24.491],[89.72865,24.491],[89.72863,24.4901],[89.72883,24.49009],[89.72882,24.48955],[89.72901,24.48955],[89.72898,24.48811],[89.72918,24.4881],[89.72917,24.48774],[89.72937,24.48774],[89.72935,24.48702],[89.72955,24.48701],[89.72953,24.48611],[89.72973,24.48611],[89.72972,24.48575],[89.72992,24.48574],[89.7299,24.48502],[89.7301,24.48502],[89.73009,24.48466],[89.7297,24.48484],[89.72971,24.48502],[89.72951,24.48503],[89.72952,24.48557],[89.72913,24.48576],[89.72895,24.48648],[89.72875,24.48649],[89.72876,24.48685],[89.72856,24.48685],[89.72857,24.48739],[89.72838,24.48739],[89.72838,24.48776],[89.72819,24.48776],[89.72819,24.48812],[89.728,24.48812],[89.72801,24.48867],[89.72762,24.48885],[89.72762,24.48903],[89.72723,24.48904],[89.72723,24.48922],[89.72683,24.48905],[89.72683,24.48869],[89.72702,24.48868],[89.727,24.48778],[89.7272,24.48778],[89.72719,24.48706],[89.72738,24.48705],[89.72737,24.48651],[89.72757,24.48651],[89.72756,24.48597],[89.72775,24.48596],[89.72774,24.48542],[89.72794,24.48542],[89.72793,24.48488],[89.72812,24.48487],[89.72811,24.48433],[89.72831,24.48433],[89.7283,24.48379],[89.7285,24.48378],[89.72849,24.48342],[89.72868,24.48342],[89.72867,24.48288],[89.72887,24.48287],[89.72885,24.48215],[89.72905,24.48215],[89.72904,24.48161],[89.72924,24.4816],[89.72923,24.48142],[89.72982,24.48141],[89.72983,24.48159],[89.73022,24.48159],[89.73041,24.48122],[89.73061,24.48122],[89.7306,24.48068],[89.7308,24.48067],[89.73077,24.47959],[89.73097,24.47959],[89.73095,24.4785],[89.73114,24.4785],[89.73113,24.47778],[89.73132,24.47778],[89.73131,24.47723],[89.73151,24.47723],[89.7315,24.47669],[89.7317,24.47669],[89.73168,24.47578],[89.73187,24.47578],[89.73187,24.47542],[89.73206,24.47542],[89.73224,24.47433],[89.73204,24.47433],[89.73205,24.47469],[89.73185,24.4747],[89.73186,24.47506],[89.73166,24.47506],[89.73167,24.47542],[89.73147,24.47543],[89.73148,24.47579],[89.73128,24.47579],[89.73129,24.47615],[89.7309,24.47634],[89.73072,24.47706],[89.73052,24.47707],[89.73053,24.47743],[89.73033,24.47743],[89.73034,24.47779],[89.73014,24.4778],[89.73015,24.47816],[89.72995,24.47816],[89.72996,24.47852],[89.72976,24.47853],[89.72977,24.47889],[89.72957,24.47889],[89.72958,24.47925],[89.72938,24.47925],[89.7294,24.4798],[89.7292,24.4798],[89.72921,24.48016],[89.72901,24.48016],[89.72902,24.4807],[89.72882,24.48071],[89.72883,24.48107],[89.72863,24.48107],[89.72846,24.48216],[89.72826,24.48216],[89.72828,24.4827],[89.72808,24.48271],[89.72809,24.48325],[89.72789,24.48325],[89.7279,24.48379],[89.72771,24.4838],[89.72772,24.48452],[89.72753,24.48452],[89.72753,24.48488],[89.72734,24.48489],[89.72735,24.48543],[89.72715,24.48543],[89.72716,24.48579],[89.72736,24.48579],[89.72736,24.48597],[89.72697,24.48598],[89.72679,24.48706],[89.72659,24.48707],[89.7266,24.48743],[89.7264,24.48743],[89.72642,24.48797],[89.72681,24.48796],[89.72682,24.48833],[89.72642,24.48833],[89.72642,24.48815],[89.72622,24.48816],[89.72624,24.48888],[89.72604,24.48888],[89.72605,24.48942],[89.72586,24.48943],[89.72587,24.48997],[89.72567,24.48997],[89.72569,24.49087],[89.72549,24.49088],[89.72554,24.49286],[89.72534,24.49286],[89.72535,24.49323],[89.72515,24.49323],[89.72516,24.49377],[89.72496,24.49377],[89.72498,24.49468],[89.72479,24.49468],[89.72481,24.49576],[89.72461,24.49577],[89.72465,24.49739],[89.72445,24.49739],[89.72447,24.4983],[89.72427,24.4983],[89.72432,24.50064],[89.72413,24.50065],[89.72417,24.50263],[89.72437,24.50263],[89.72438,24.50335],[89.72458,24.50335],[89.7246,24.50443],[89.725,24.5046],[89.725,24.50478],[89.7252,24.50478],[89.7252,24.50496],[89.7254,24.50496],[89.72541,24.50514],[89.7256,24.50513],[89.72561,24.50531],[89.7258,24.50531],[89.72581,24.50567],[89.72601,24.50567]],[[89.72578,24.4952],[89.72637,24.49519],[89.72619,24.49556],[89.72579,24.49556],[89.72578,24.4952]],[[89.72661,24.48761],[89.7268,24.4876],[89.72681,24.48778],[89.72661,24.48779],[89.72661,24.48761]]]}},{"type":"Feature","properties":{"kind":"land","ha":22.0},"geometry":{"type":"Polygon","coordinates":[[[89.81602,24.48163],[89.81599,24.48055],[89.81638,24.48036],[89.81638,24.48018],[89.81658,24.48018],[89.81657,24.48],[89.81677,24.48],[89.81676,24.47945],[89.81695,24.47945],[89.81694,24.47873],[89.81714,24.47873],[89.81711,24.47746],[89.8173,24.47746],[89.81713,24.46952],[89.81732,24.46952],[89.81731,24.4688],[89.81711,24.4688],[89.81708,24.46736],[89.81728,24.46735],[89.81726,24.46681],[89.81707,24.46681],[89.81706,24.46645],[89.81726,24.46645],[89.81722,24.46465],[89.81702,24.46465],[89.81695,24.46158],[89.81715,24.46158],[89.81713,24.46068],[89.81693,24.46068],[89.81692,24.46032],[89.81673,24.46032],[89.81675,24.46122],[89.81655,24.46123],[89.81656,24.46159],[89.81636,24.46159],[89.81638,24.46231],[89.81618,24.46232],[89.81625,24.46539],[89.81605,24.46539],[89.81605,24.46557],[89.81625,24.46557],[89.81625,24.46575],[89.81606,24.46575],[89.81607,24.46647],[89.81588,24.46648],[89.81588,24.46684],[89.81608,24.46683],[89.81609,24.46701],[89.81589,24.46702],[89.81596,24.47026],[89.81616,24.47026],[89.81621,24.47279],[89.81641,24.47278],[89.81649,24.47621],[89.81629,24.47621],[89.81631,24.4773],[89.81612,24.4773],[89.81613,24.47802],[89.81594,24.47803],[89.81594,24.47839],[89.81575,24.47839],[89.81576,24.47875],[89.81556,24.47875],[89.81559,24.4802],[89.81579,24.48019],[89.8158,24.48074],[89.8156,24.48074],[89.81561,24.48092],[89.8158,24.48092],[89.81582,24.48164],[89.81602,24.48163]]]}},{"type":"Feature","properties":{"kind":"land","ha":6.4},"geometry":{"type":"Polygon","coordinates":[[[89.73738,24.46593],[89.73737,24.46539],[89.73776,24.4652],[89.73775,24.46502],[89.73795,24.46502],[89.73795,24.46484],[89.73814,24.46484],[89.73814,24.46466],[89.73834,24.46465],[89.73852,24.46393],[89.73891,24.46374],[89.7389,24.46338],[89.73929,24.46319],[89.73929,24.46301],[89.73948,24.46301],[89.73948,24.46283],[89.73968,24.46282],[89.73967,24.46246],[89.74006,24.46227],[89.74006,24.46209],[89.74025,24.46209],[89.74025,24.46191],[89.74045,24.46191],[89.74044,24.46155],[89.74064,24.46154],[89.74063,24.46136],[89.74103,24.46135],[89.74102,24.46117],[89.74181,24.46116],[89.74181,24.46098],[89.74279,24.46096],[89.7428,24.46114],[89.74299,24.46114],[89.74318,24.46077],[89.74338,24.46077],[89.74337,24.46041],[89.74318,24.46041],[89.74316,24.45987],[89.74376,24.45986],[89.74376,24.46004],[89.74396,24.46004],[89.74396,24.4604],[89.74436,24.46057],[89.74436,24.46039],[89.74475,24.46038],[89.74474,24.45984],[89.74454,24.45985],[89.74454,24.45967],[89.74415,24.45967],[89.74414,24.45949],[89.74335,24.45951],[89.74336,24.45969],[89.74277,24.4597],[89.74277,24.45988],[89.74257,24.45988],[89.74258,24.46024],[89.7414,24.46026],[89.74141,24.46063],[89.74121,24.46063],[89.74121,24.46081],[89.74043,24.461],[89.74024,24.46137],[89.74004,24.46137],[89.74005,24.46155],[89.73985,24.46156],[89.73985,24.46174],[89.73965,24.46174],[89.73966,24.46192],[89.73946,24.46192],[89.73947,24.4621],[89.73927,24.46211],[89.73927,24.46229],[89.73908,24.46229],[89.73908,24.46265],[89.73869,24.46284],[89.7387,24.4632],[89.7385,24.46321],[89.73851,24.46357],[89.73812,24.46375],[89.73812,24.46393],[89.73793,24.46394],[89.73793,24.46412],[89.73773,24.46412],[89.73775,24.46466],[89.73755,24.46467],[89.73756,24.46503],[89.73736,24.46503],[89.73736,24.46521],[89.73717,24.46522],[89.73718,24.46576],[89.73698,24.46576],[89.73699,24.46612],[89.73738,24.46593]]]}},{"type":"Feature","properties":{"kind":"land","ha":4.7},"geometry":{"type":"Polygon","coordinates":[[[89.82162,24.45897],[89.8216,24.45807],[89.8218,24.45806],[89.82179,24.4577],[89.82199,24.4577],[89.82196,24.45625],[89.82216,24.45625],[89.82215,24.45589],[89.82234,24.45589],[89.82252,24.4548],[89.82271,24.4548],[89.82269,24.45389],[89.82289,24.45389],[89.82288,24.45317],[89.82268,24.45317],[89.82267,24.45299],[89.82228,24.453],[89.8221,24.45372],[89.8219,24.45373],[89.82193,24.45499],[89.82173,24.455],[89.82174,24.45536],[89.82154,24.45536],[89.82155,24.45572],[89.82136,24.45572],[89.82137,24.45627],[89.82117,24.45627],[89.82123,24.45879],[89.82142,24.45879],[89.82143,24.45897],[89.82162,24.45897]]]}},{"type":"Feature","properties":{"kind":"land","ha":4.8},"geometry":{"type":"Polygon","coordinates":[[[89.75097,24.45612],[89.75097,24.45594],[89.75156,24.45593],[89.75175,24.45556],[89.75194,24.45556],[89.75194,24.45538],[89.75214,24.45538],[89.75213,24.4552],[89.75272,24.45519],[89.75291,24.45482],[89.75331,24.45481],[89.7535,24.45445],[89.75369,24.45445],[89.75369,24.45427],[89.75389,24.45426],[89.75388,24.45408],[89.75408,24.45408],[89.75408,24.4539],[89.75427,24.45389],[89.75427,24.45371],[89.75447,24.45371],[89.75446,24.45353],[89.75486,24.45352],[89.75483,24.45226],[89.75463,24.45226],[89.75463,24.45208],[89.75404,24.45209],[89.75405,24.45245],[89.75365,24.45264],[89.75366,24.45282],[89.75346,24.45283],[89.75347,24.45337],[89.75308,24.45355],[89.75309,24.45373],[89.75289,24.45374],[89.75289,24.45392],[89.7527,24.45392],[89.7527,24.45428],[89.75231,24.45447],[89.75232,24.45465],[89.75192,24.45466],[89.75193,24.45484],[89.75173,24.45484],[89.75174,24.4552],[89.75154,24.45521],[89.75155,24.45539],[89.75095,24.4554],[89.75077,24.45612],[89.75097,24.45612]]]}},{"type":"Feature","properties":{"kind":"land","ha":9.9},"geometry":{"type":"Polygon","coordinates":[[[89.74978,24.4556],[89.74996,24.45524],[89.75016,24.45523],[89.75015,24.45487],[89.75035,24.45487],[89.75035,24.45469],[89.75074,24.45468],[89.75093,24.45432],[89.75113,24.45431],[89.75112,24.45413],[89.75132,24.45413],[89.75131,24.45359],[89.75151,24.45358],[89.7515,24.4534],[89.7519,24.4534],[89.75209,24.45303],[89.75228,24.45303],[89.75228,24.45267],[89.75208,24.45267],[89.75207,24.45249],[89.75227,24.45249],[89.75227,24.45231],[89.75266,24.4523],[89.75266,24.45212],[89.75305,24.45211],[89.75324,24.45175],[89.75206,24.45177],[89.75206,24.45195],[89.75127,24.45196],[89.75128,24.45214],[89.75088,24.45215],[89.75089,24.45233],[89.75049,24.45234],[89.7503,24.4527],[89.74971,24.45271],[89.74971,24.45253],[89.74872,24.45255],[89.74894,24.45327],[89.74913,24.45327],[89.74915,24.45381],[89.74836,24.45382],[89.74836,24.45418],[89.74817,24.45419],[89.74819,24.45509],[89.74838,24.45508],[89.74839,24.45526],[89.74878,24.45526],[89.74899,24.45561],[89.74978,24.4556]]]}},{"type":"Feature","properties":{"kind":"land","ha":3.3},"geometry":{"type":"Polygon","coordinates":[[[89.72164,24.44943],[89.72183,24.44907],[89.72242,24.44906],[89.72242,24.44888],[89.72262,24.44887],[89.72262,24.44905],[89.72282,24.44905],[89.72281,24.44887],[89.7234,24.44886],[89.7234,24.44868],[89.72399,24.44867],[89.72401,24.44939],[89.7242,24.44938],[89.7242,24.4492],[89.72459,24.4492],[89.72459,24.44902],[89.72479,24.44901],[89.72479,24.44919],[89.72519,24.44919],[89.72518,24.44883],[89.72498,24.44883],[89.72498,24.44865],[89.72557,24.44864],[89.72558,24.44918],[89.72676,24.44916],[89.72676,24.44898],[89.72636,24.44898],[89.72636,24.44862],[89.72577,24.44863],[89.72576,24.44845],[89.72537,24.44846],[89.72536,24.44828],[89.72458,24.4483],[89.72458,24.44848],[89.72399,24.44849],[89.72398,24.44831],[89.72339,24.44832],[89.7234,24.4485],[89.7232,24.4485],[89.7232,24.44832],[89.72241,24.44833],[89.72241,24.44851],[89.72221,24.44852],[89.72222,24.44888],[89.72143,24.44889],[89.72144,24.44907],[89.72085,24.44908],[89.72066,24.44945],[89.72164,24.44943]]]}},{"type":"Feature","properties":{"kind":"land","ha":3.5},"geometry":{"type":"Polygon","coordinates":[[[89.7408,24.45071],[89.74079,24.45035],[89.74099,24.45034],[89.74095,24.4489],[89.74135,24.44907],[89.74134,24.44853],[89.74095,24.44854],[89.74092,24.44728],[89.74072,24.44728],[89.74071,24.44674],[89.74091,24.44674],[89.7409,24.44656],[89.74071,24.44656],[89.7407,24.44638],[89.74031,24.44639],[89.74012,24.44675],[89.73992,24.44675],[89.73993,24.44712],[89.73954,24.44712],[89.73954,24.44748],[89.73994,24.44766],[89.73995,24.44784],[89.74014,24.44783],[89.74015,24.44819],[89.74035,24.44819],[89.74036,24.44891],[89.74056,24.44891],[89.74058,24.44981],[89.74038,24.44981],[89.74039,24.45036],[89.7402,24.45036],[89.7402,24.45072],[89.7408,24.45071]]]}},{"type":"Feature","properties":{"kind":"land","ha":3.8},"geometry":{"type":"Polygon","coordinates":[[[89.72123,24.44872],[89.72142,24.44835],[89.72162,24.44835],[89.72161,24.44799],[89.72141,24.44799],[89.72141,24.44781],[89.7218,24.4478],[89.7218,24.44762],[89.72219,24.44762],[89.7222,24.4478],[89.72338,24.44778],[89.72337,24.44741],[89.72298,24.44724],[89.72297,24.44688],[89.72454,24.44685],[89.72454,24.44667],[89.72493,24.44666],[89.72493,24.44648],[89.72453,24.44631],[89.72453,24.44595],[89.72433,24.44595],[89.72433,24.44613],[89.72374,24.44614],[89.72374,24.44632],[89.72296,24.44634],[89.72295,24.44598],[89.72236,24.44599],[89.72256,24.44635],[89.72276,24.44634],[89.72277,24.44706],[89.72258,24.44707],[89.72258,24.44725],[89.7214,24.44727],[89.72121,24.44763],[89.72101,24.44764],[89.72102,24.44782],[89.72082,24.44782],[89.72083,24.44818],[89.72043,24.44819],[89.72044,24.44837],[89.72024,24.44837],[89.72044,24.44873],[89.72123,24.44872]]]}},{"type":"Feature","properties":{"kind":"land","ha":28.1},"geometry":{"type":"Polygon","coordinates":[[[89.76187,24.47686],[89.76186,24.47614],[89.76166,24.47614],[89.76165,24.47578],[89.76146,24.47578],[89.76144,24.47524],[89.76125,24.47525],[89.76122,24.47398],[89.76102,24.47399],[89.76097,24.47146],[89.76077,24.47146],[89.76073,24.46966],[89.76093,24.46966],[89.76092,24.4693],[89.76072,24.4693],[89.76067,24.46695],[89.76047,24.46696],[89.76042,24.46443],[89.76022,24.46443],[89.7602,24.46353],[89.76001,24.46354],[89.75999,24.46281],[89.75979,24.46282],[89.75978,24.4621],[89.75958,24.4621],[89.75956,24.46102],[89.75975,24.46101],[89.75975,24.46083],[89.75955,24.46084],[89.75953,24.45975],[89.75933,24.45976],[89.75932,24.4594],[89.75952,24.45939],[89.75951,24.45903],[89.75971,24.45903],[89.75971,24.45885],[89.7599,24.45884],[89.75988,24.45794],[89.76008,24.45794],[89.76007,24.4574],[89.76027,24.45739],[89.76023,24.45577],[89.76043,24.45577],[89.76042,24.45523],[89.76061,24.45522],[89.7606,24.45486],[89.7608,24.45486],[89.76098,24.45377],[89.76117,24.45377],[89.76114,24.45214],[89.76133,24.45214],[89.76131,24.45124],[89.76151,24.45123],[89.7615,24.45069],[89.7617,24.45069],[89.76167,24.44961],[89.76187,24.4496],[89.76185,24.4487],[89.76165,24.44871],[89.76165,24.44834],[89.76125,24.44817],[89.76124,24.44799],[89.76105,24.44799],[89.76104,24.44781],[89.76085,24.44782],[89.76084,24.44746],[89.76123,24.44727],[89.76121,24.44655],[89.76023,24.44657],[89.76022,24.44638],[89.76003,24.44639],[89.76,24.44531],[89.7598,24.44531],[89.75979,24.44441],[89.75959,24.44441],[89.75958,24.44405],[89.75919,24.44406],[89.75898,24.4437],[89.75878,24.4437],[89.75878,24.44352],[89.75858,24.44353],[89.75861,24.44461],[89.75822,24.4448],[89.75822,24.44498],[89.75802,24.44498],[89.75803,24.44534],[89.75842,24.44515],[89.75845,24.44642],[89.75865,24.44641],[89.75865,24.44677],[89.75826,24.44696],[89.75827,24.44714],[89.75807,24.44715],[89.75807,24.44733],[89.75768,24.44733],[89.75768,24.44751],[89.7567,24.44753],[89.75651,24.4479],[89.75631,24.4479],[89.75632,24.44844],[89.75652,24.44844],[89.75653,24.44862],[89.75751,24.4486],[89.7577,24.44824],[89.7579,24.44823],[89.75789,24.44805],[89.75848,24.44804],[89.75848,24.44786],[89.75887,24.44785],[89.75887,24.44767],[89.75907,24.44767],[89.75906,24.44749],[89.75946,24.44748],[89.75966,24.44784],[89.76006,24.44783],[89.76007,24.44855],[89.75968,24.44874],[89.75989,24.4491],[89.75969,24.4491],[89.7597,24.44946],[89.76009,24.44928],[89.76008,24.44909],[89.76028,24.44909],[89.76028,24.44891],[89.76047,24.44891],[89.76047,24.44873],[89.76126,24.44871],[89.76128,24.44961],[89.76108,24.44962],[89.76111,24.4507],[89.76091,24.4507],[89.76092,24.45125],[89.76072,24.45125],[89.76074,24.45197],[89.76054,24.45197],[89.76055,24.45252],[89.76036,24.45252],[89.76038,24.4536],[89.76018,24.45361],[89.76019,24.45397],[89.75999,24.45397],[89.76001,24.45487],[89.75982,24.45488],[89.75984,24.45596],[89.75964,24.45596],[89.75969,24.45795],[89.75949,24.45795],[89.7595,24.45867],[89.75931,24.45868],[89.75932,24.45922],[89.75912,24.45922],[89.75914,24.46012],[89.75934,24.46012],[89.75935,24.46048],[89.75915,24.46048],[89.75916,24.46102],[89.75936,24.46102],[89.75942,24.46373],[89.75961,24.46372],[89.75962,24.46408],[89.75982,24.46408],[89.75986,24.46589],[89.76006,24.46588],[89.76013,24.46931],[89.75993,24.46931],[89.75996,24.47058],[89.76016,24.47057],[89.76018,24.47147],[89.76038,24.47147],[89.76039,24.47201],[89.76058,24.47201],[89.76061,24.47327],[89.76081,24.47327],[89.76083,24.47435],[89.76103,24.47435],[89.76106,24.47561],[89.76125,24.47561],[89.76127,24.47615],[89.76146,24.47614],[89.76147,24.4765],[89.76167,24.4765],[89.76168,24.47686],[89.76187,24.47686]],[[89.75691,24.44807],[89.7571,24.44807],[89.75711,24.44843],[89.75692,24.44843],[89.75691,24.44807]],[[89.76025,24.44765],[89.76064,24.44764],[89.76046,24.448],[89.76026,24.44801],[89.76025,24.44765]]]}},{"type":"Feature","properties":{"kind":"land","ha":6.2},"geometry":{"type":"Polygon","coordinates":[[[89.76552,24.44502],[89.76551,24.44484],[89.76591,24.44484],[89.7659,24.44466],[89.7663,24.44465],[89.76649,24.44428],[89.76708,24.44427],[89.76707,24.44409],[89.76747,24.44409],[89.76766,24.44372],[89.76805,24.44371],[89.76805,24.44353],[89.76864,24.44352],[89.76863,24.44334],[89.76903,24.44334],[89.76902,24.44316],[89.76962,24.44314],[89.76961,24.44296],[89.77001,24.44296],[89.77,24.44278],[89.7704,24.44277],[89.77059,24.4424],[89.77137,24.44221],[89.77137,24.44203],[89.77373,24.44199],[89.77373,24.44181],[89.77432,24.44179],[89.77431,24.44161],[89.77471,24.44161],[89.7747,24.44143],[89.77569,24.44141],[89.77569,24.44123],[89.77608,24.44122],[89.77608,24.44104],[89.77509,24.44106],[89.77509,24.44124],[89.77431,24.44125],[89.77431,24.44143],[89.77411,24.44144],[89.77411,24.44126],[89.77253,24.44129],[89.77254,24.44147],[89.77175,24.44148],[89.77175,24.44166],[89.77136,24.44167],[89.77136,24.44185],[89.77077,24.44186],[89.77077,24.44204],[89.77018,24.44205],[89.77019,24.44223],[89.76979,24.44224],[89.7698,24.44242],[89.7694,24.44243],[89.76921,24.44279],[89.76882,24.4428],[89.76882,24.44298],[89.76823,24.44299],[89.76804,24.44335],[89.76745,24.44336],[89.76726,24.44373],[89.76667,24.44374],[89.76668,24.44392],[89.76628,24.44393],[89.76629,24.44411],[89.76589,24.44412],[89.7657,24.44448],[89.76452,24.4445],[89.76472,24.44486],[89.76492,24.44485],[89.76493,24.44504],[89.76552,24.44502]]]}},{"type":"Feature","properties":{"kind":"land","ha":10.3},"geometry":{"type":"Polygon","coordinates":[[[89.76452,24.4445],[89.76451,24.44414],[89.76431,24.44414],[89.76431,24.44378],[89.76411,24.44379],[89.7641,24.44343],[89.7639,24.44343],[89.7639,24.44307],[89.7637,24.44307],[89.76369,24.44271],[89.76349,24.44272],[89.76347,24.44181],[89.76328,24.44182],[89.76327,24.44128],[89.76307,24.44128],[89.76306,24.44074],[89.76286,24.44074],[89.76285,24.44038],[89.76265,24.44038],[89.76264,24.43984],[89.76245,24.43985],[89.76244,24.43949],[89.76224,24.43949],[89.76224,24.43931],[89.76204,24.43931],[89.76203,24.43895],[89.76184,24.43895],[89.76182,24.43841],[89.76163,24.43842],[89.76162,24.43806],[89.76123,24.43824],[89.76122,24.43806],[89.76103,24.43807],[89.76104,24.43843],[89.76084,24.43843],[89.76085,24.43897],[89.76065,24.43898],[89.7607,24.44096],[89.76089,24.44096],[89.7609,24.4415],[89.7613,24.44167],[89.76131,24.44203],[89.76171,24.44221],[89.76171,24.44239],[89.76191,24.44238],[89.76191,24.44256],[89.76211,24.44256],[89.76211,24.44274],[89.76231,24.44274],[89.76232,24.44292],[89.76251,24.44291],[89.76252,24.44309],[89.76291,24.44309],[89.76312,24.44344],[89.76331,24.44344],[89.76332,24.44362],[89.76371,24.44361],[89.76392,24.44397],[89.76411,24.44397],[89.76412,24.44433],[89.76432,24.44432],[89.76432,24.4445],[89.76452,24.4445]]]}},{"type":"Feature","properties":{"kind":"land","ha":4.9},"geometry":{"type":"Polygon","coordinates":[[[89.72578,24.43997],[89.72576,24.43943],[89.72537,24.43944],[89.72536,24.43908],[89.72575,24.43889],[89.72576,24.43907],[89.72595,24.43906],[89.72595,24.4387],[89.72555,24.43853],[89.72554,24.43835],[89.72593,24.43816],[89.72614,24.43852],[89.72634,24.43852],[89.72634,24.43888],[89.72654,24.43887],[89.72653,24.43833],[89.72692,24.43833],[89.72692,24.43796],[89.72652,24.43779],[89.72651,24.43761],[89.72612,24.43762],[89.7261,24.43672],[89.72551,24.43673],[89.72552,24.43727],[89.72532,24.43727],[89.72533,24.43763],[89.72513,24.43764],[89.72514,24.438],[89.72475,24.43818],[89.72476,24.43854],[89.72437,24.43855],[89.72416,24.43819],[89.72396,24.4382],[89.72396,24.43802],[89.72357,24.43821],[89.72357,24.43839],[89.72338,24.43839],[89.72338,24.43857],[89.72377,24.43856],[89.72378,24.43892],[89.72418,24.43892],[89.72438,24.43927],[89.72458,24.43927],[89.72459,24.43963],[89.72498,24.4398],[89.72499,24.43998],[89.72538,24.43998],[89.72539,24.44016],[89.72578,24.43997]]]}},{"type":"Feature","properties":{"kind":"land","ha":3.4},"geometry":{"type":"Polygon","coordinates":[[[89.7303,24.43953],[89.7303,24.43935],[89.7305,24.43934],[89.73049,24.43898],[89.73068,24.43898],[89.73067,24.43826],[89.73087,24.43825],[89.73086,24.43789],[89.73106,24.43789],[89.73104,24.43735],[89.73124,24.43734],[89.73123,24.43698],[89.73143,24.43698],[89.73142,24.43662],[89.73162,24.43662],[89.73161,24.43607],[89.73141,24.43608],[89.73141,24.4359],[89.73082,24.43591],[89.73063,24.43627],[89.73043,24.43628],[89.73044,24.43664],[89.73024,24.43664],[89.73026,24.43754],[89.73006,24.43755],[89.73009,24.43863],[89.72989,24.43863],[89.72991,24.43953],[89.7303,24.43953]]]}},{"type":"Feature","properties":{"kind":"land","ha":4.3},"geometry":{"type":"Polygon","coordinates":[[[89.72277,24.4375],[89.72276,24.43732],[89.72335,24.43731],[89.72334,24.43677],[89.72354,24.43676],[89.72353,24.4364],[89.72333,24.4364],[89.72333,24.43622],[89.72294,24.43623],[89.72293,24.43587],[89.72313,24.43587],[89.72311,24.43533],[89.72232,24.43516],[89.72232,24.43498],[89.72173,24.43499],[89.72173,24.43517],[89.72134,24.43518],[89.72134,24.43536],[89.72114,24.43536],[89.72115,24.43572],[89.72174,24.43571],[89.72155,24.43608],[89.72136,24.43608],[89.72137,24.4368],[89.72157,24.4368],[89.72157,24.43698],[89.72197,24.43697],[89.72197,24.43733],[89.72237,24.4375],[89.72238,24.43769],[89.72277,24.4375]],[[89.72215,24.43625],[89.72274,24.43623],[89.72274,24.43642],[89.72215,24.43643],[89.72215,24.43625]]]}},{"type":"Feature","properties":{"kind":"land","ha":6.1},"geometry":{"type":"Polygon","coordinates":[[[89.79932,24.44007],[89.79932,24.43989],[89.79991,24.43988],[89.7999,24.4397],[89.8003,24.43969],[89.80029,24.43951],[89.80069,24.4395],[89.80088,24.43914],[89.80107,24.43914],[89.80107,24.43895],[89.80127,24.43895],[89.80126,24.43877],[89.80166,24.43876],[89.80185,24.4384],[89.80224,24.43839],[89.80243,24.43803],[89.80282,24.43802],[89.80301,24.43766],[89.80321,24.43765],[89.80321,24.43747],[89.8034,24.43747],[89.8034,24.43729],[89.8036,24.43728],[89.80359,24.43692],[89.80378,24.43692],[89.80377,24.43638],[89.80397,24.43637],[89.80395,24.43565],[89.80415,24.43565],[89.80413,24.43457],[89.80393,24.43457],[89.80388,24.43241],[89.80368,24.43241],[89.80365,24.43078],[89.80404,24.43078],[89.80426,24.4315],[89.80445,24.43149],[89.80446,24.43185],[89.80466,24.43185],[89.80467,24.43221],[89.80506,24.43238],[89.80505,24.43184],[89.80486,24.43185],[89.80485,24.43148],[89.80465,24.43149],[89.80464,24.43113],[89.80424,24.43095],[89.80424,24.43059],[89.80384,24.43042],[89.80383,24.43024],[89.80344,24.43043],[89.80351,24.43331],[89.8037,24.43331],[89.80373,24.43439],[89.80353,24.4344],[89.80356,24.43584],[89.80337,24.43584],[89.80338,24.43657],[89.80319,24.43657],[89.80319,24.43693],[89.8028,24.43712],[89.80281,24.4373],[89.80261,24.4373],[89.80261,24.43748],[89.80242,24.43749],[89.80242,24.43767],[89.80222,24.43767],[89.80223,24.43785],[89.80203,24.43785],[89.80203,24.43803],[89.80164,24.43804],[89.80145,24.43841],[89.80125,24.43841],[89.80126,24.43859],[89.80106,24.43859],[89.80107,24.43877],[89.80067,24.43878],[89.80048,24.43915],[89.7997,24.43934],[89.7997,24.43952],[89.79931,24.43953],[89.79931,24.43971],[89.79892,24.43972],[89.79873,24.44008],[89.79932,24.44007]]]}},{"type":"Feature","properties":{"kind":"land","ha":33.9},"geometry":{"type":"Polygon","coordinates":[[[89.72869,24.44696],[89.72888,24.44659],[89.72907,24.44659],[89.72907,24.44641],[89.72946,24.4464],[89.72965,24.44604],[89.72985,24.44603],[89.72984,24.44567],[89.73004,24.44567],[89.73003,24.44531],[89.73042,24.44512],[89.73042,24.44494],[89.73062,24.44494],[89.73061,24.44458],[89.7308,24.44457],[89.73079,24.44403],[89.73099,24.44403],[89.73098,24.44367],[89.73118,24.44366],[89.73117,24.4433],[89.73137,24.4433],[89.73136,24.44276],[89.73155,24.44275],[89.73154,24.44221],[89.73174,24.44221],[89.73173,24.44185],[89.73193,24.44184],[89.73192,24.44148],[89.73212,24.44148],[89.73211,24.44112],[89.73231,24.44112],[89.73248,24.44003],[89.73287,24.43984],[89.73286,24.43948],[89.73306,24.43948],[89.73305,24.43876],[89.73324,24.43875],[89.73323,24.43839],[89.73343,24.43839],[89.73342,24.43803],[89.73362,24.43802],[89.73361,24.43766],[89.73381,24.43766],[89.7338,24.4373],[89.734,24.4373],[89.73399,24.43693],[89.73419,24.43693],[89.73418,24.43657],[89.73438,24.43657],[89.73437,24.43621],[89.73476,24.43602],[89.73475,24.43566],[89.73514,24.43547],[89.73514,24.43529],[89.73534,24.43529],[89.73533,24.43492],[89.73572,24.43474],[89.73572,24.43456],[89.73591,24.43455],[89.73591,24.43437],[89.73611,24.43437],[89.7361,24.43401],[89.73649,24.43382],[89.73667,24.4331],[89.73687,24.43309],[89.73686,24.43273],[89.73706,24.43273],[89.73705,24.43237],[89.73744,24.43218],[89.73743,24.432],[89.73763,24.43199],[89.73781,24.43127],[89.7382,24.43108],[89.7382,24.4309],[89.7384,24.4309],[89.73858,24.43017],[89.73877,24.43017],[89.73877,24.42981],[89.73916,24.42962],[89.73915,24.42926],[89.73954,24.42907],[89.73954,24.42889],[89.73973,24.42889],[89.73972,24.42853],[89.74012,24.42834],[89.7403,24.42761],[89.74049,24.42761],[89.74049,24.42725],[89.74068,24.42725],[89.74067,24.42671],[89.74087,24.4267],[89.74086,24.42634],[89.74106,24.42634],[89.74105,24.42598],[89.74144,24.42579],[89.74144,24.42561],[89.74163,24.4256],[89.74181,24.42488],[89.74201,24.42488],[89.742,24.42452],[89.74239,24.42433],[89.74239,24.42397],[89.74258,24.42396],[89.74258,24.4236],[89.74297,24.42341],[89.74296,24.42323],[89.74316,24.42323],[89.74315,24.42269],[89.74354,24.4225],[89.74353,24.42232],[89.74393,24.42231],[89.74392,24.42177],[89.74411,24.42177],[89.74409,24.42087],[89.74448,24.42068],[89.74448,24.4205],[89.74468,24.4205],[89.74467,24.42032],[89.74487,24.42031],[89.74487,24.42013],[89.74506,24.42013],[89.74506,24.41995],[89.74526,24.41994],[89.74524,24.4194],[89.74544,24.4194],[89.74543,24.41904],[89.74563,24.41903],[89.74562,24.41849],[89.74582,24.41849],[89.7458,24.41777],[89.74619,24.41758],[89.74599,24.41722],[89.74579,24.41723],[89.74578,24.41705],[89.74559,24.41705],[89.74561,24.41795],[89.74541,24.41796],[89.74542,24.41832],[89.74522,24.41832],[89.74505,24.41941],[89.74466,24.41959],[89.74466,24.41977],[89.74446,24.41978],[89.74447,24.41996],[89.74427,24.41996],[89.74427,24.42014],[89.74408,24.42015],[89.74408,24.42033],[89.74388,24.42033],[89.74389,24.42051],[89.74369,24.42051],[89.74371,24.42124],[89.74332,24.42142],[89.74332,24.4216],[89.74312,24.42161],[89.74313,24.42197],[89.74293,24.42197],[89.74294,24.42215],[89.74274,24.42216],[89.74276,24.42288],[89.74237,24.42306],[89.74237,24.42343],[89.74198,24.42361],[89.74199,24.42379],[89.74179,24.4238],[89.7418,24.42434],[89.74141,24.42453],[89.74123,24.42525],[89.74103,24.42525],[89.74104,24.42562],[89.74084,24.42562],[89.74085,24.4258],[89.74045,24.42581],[89.74046,24.42617],[89.73987,24.42618],[89.73989,24.4269],[89.73969,24.4269],[89.7397,24.42726],[89.7395,24.42727],[89.73951,24.42763],[89.73931,24.42763],[89.73932,24.42817],[89.73913,24.42818],[89.73913,24.42854],[89.73874,24.42873],[89.73875,24.42891],[89.73855,24.42891],[89.73855,24.42909],[89.73836,24.42909],[89.73836,24.42927],[89.73816,24.42928],[89.73817,24.42946],[89.73797,24.42946],[89.73797,24.42964],[89.73778,24.42965],[89.73778,24.42983],[89.73758,24.42983],[89.73759,24.43001],[89.73739,24.43001],[89.7374,24.43019],[89.7372,24.4302],[89.7372,24.43038],[89.737,24.43038],[89.73701,24.43056],[89.73681,24.43057],[89.73663,24.43129],[89.73643,24.43129],[89.73644,24.43166],[89.73624,24.43166],[89.73625,24.43202],[89.73605,24.43202],[89.73606,24.43238],[89.73567,24.43257],[89.73568,24.43275],[89.73548,24.43276],[89.7353,24.43348],[89.7351,24.43348],[89.73511,24.43385],[89.73472,24.43403],[89.73472,24.43421],[89.73452,24.43422],[89.73453,24.4344],[89.73433,24.4344],[89.73434,24.43476],[89.73395,24.43495],[89.73395,24.43513],[89.73356,24.43514],[89.73356,24.43532],[89.73337,24.43532],[89.73338,24.43586],[89.73318,24.43587],[89.73319,24.43623],[89.73299,24.43623],[89.733,24.43677],[89.73281,24.43678],[89.73281,24.43714],[89.73262,24.43714],[89.73262,24.4375],[89.73223,24.43769],[89.73224,24.43787],[89.73204,24.43787],[89.73206,24.43859],[89.73186,24.4386],[89.73187,24.43896],[89.73167,24.43896],[89.73169,24.43968],[89.7313,24.43987],[89.73111,24.4406],[89.73092,24.4406],[89.73095,24.44222],[89.73075,24.44223],[89.73077,24.44295],[89.73057,24.44295],[89.73058,24.44331],[89.73019,24.4435],[89.73019,24.44368],[89.73,24.44368],[89.73,24.44387],[89.7298,24.44387],[89.72981,24.44405],[89.72961,24.44405],[89.72961,24.44423],[89.72902,24.44424],[89.72903,24.4446],[89.72923,24.4446],[89.72924,24.44532],[89.72905,24.44533],[89.72906,24.44587],[89.72867,24.44606],[89.72867,24.44624],[89.72847,24.44624],[89.72848,24.4466],[89.72809,24.44679],[89.7281,24.44697],[89.72869,24.44696]]]}},{"type":"Feature","properties":{"kind":"land","ha":6.1},"geometry":{"type":"Polygon","coordinates":[[[89.81689,24.42332],[89.81686,24.42206],[89.81666,24.42206],[89.81666,24.4217],[89.81646,24.4217],[89.81644,24.42098],[89.81625,24.42098],[89.81624,24.42062],[89.81604,24.42063],[89.81602,24.41973],[89.81582,24.41973],[89.81581,24.41937],[89.81562,24.41937],[89.81561,24.41901],[89.81541,24.41901],[89.8154,24.41847],[89.8152,24.41848],[89.8152,24.41812],[89.815,24.41812],[89.81499,24.41776],[89.81479,24.41776],[89.81479,24.4174],[89.81459,24.41741],[89.81458,24.41705],[89.81418,24.41687],[89.81417,24.41651],[89.81398,24.41651],[89.81397,24.41615],[89.81357,24.41598],[89.81357,24.4158],[89.81337,24.4158],[89.81337,24.41562],[89.81317,24.41563],[89.81319,24.41635],[89.81338,24.41635],[89.81339,24.41689],[89.81359,24.41688],[89.8136,24.41742],[89.8138,24.41742],[89.81381,24.41778],[89.81401,24.41778],[89.81401,24.41814],[89.81441,24.41831],[89.81462,24.41903],[89.81502,24.4192],[89.81505,24.42029],[89.81524,24.42028],[89.81525,24.42064],[89.81545,24.42064],[89.81546,24.421],[89.81586,24.42117],[89.81586,24.42135],[89.81606,24.42135],[89.81606,24.42171],[89.81626,24.42171],[89.81628,24.42243],[89.81647,24.42242],[89.81649,24.42297],[89.81668,24.42296],[89.81669,24.42332],[89.81689,24.42332]]]}},{"type":"Feature","properties":{"kind":"land","ha":4.8},"geometry":{"type":"Polygon","coordinates":[[[89.79633,24.42063],[89.79631,24.41991],[89.79651,24.41991],[89.7965,24.41973],[89.7969,24.41972],[89.79709,24.41935],[89.79689,24.41936],[89.79688,24.419],[89.79648,24.41882],[89.79648,24.41864],[89.79628,24.41865],[89.79628,24.41847],[89.79608,24.41847],[89.79608,24.41829],[89.79588,24.41829],[89.79587,24.41775],[89.79567,24.41776],[89.79565,24.41685],[89.79546,24.41686],[89.79545,24.41668],[89.79486,24.41669],[89.79484,24.41579],[89.79445,24.41579],[89.79426,24.41616],[89.79445,24.41615],[89.79447,24.41688],[89.79467,24.41687],[89.79469,24.41796],[89.79489,24.41795],[89.7949,24.41849],[89.7951,24.41849],[89.79511,24.41885],[89.7953,24.41885],[89.79531,24.41921],[89.79551,24.4192],[89.79551,24.41938],[89.79591,24.41938],[89.79592,24.41992],[89.79572,24.41992],[89.79572,24.4201],[89.79592,24.4201],[89.79593,24.42064],[89.79633,24.42063]]]}},{"type":"Feature","properties":{"kind":"land","ha":5.9},"geometry":{"type":"Polygon","coordinates":[[[89.77427,24.42158],[89.77426,24.42122],[89.77446,24.42122],[89.77446,24.42104],[89.77465,24.42103],[89.77483,24.42031],[89.77503,24.4203],[89.77502,24.41994],[89.77541,24.41975],[89.77541,24.41957],[89.77561,24.41957],[89.7756,24.41939],[89.7758,24.41939],[89.7758,24.41921],[89.77599,24.4192],[89.77599,24.41902],[89.77619,24.41902],[89.77618,24.41884],[89.77638,24.41883],[89.77637,24.41847],[89.77676,24.41829],[89.77675,24.41792],[89.77695,24.41792],[89.77694,24.41756],[89.77733,24.41737],[89.77733,24.41719],[89.77753,24.41719],[89.77752,24.41701],[89.77772,24.417],[89.77771,24.41682],[89.77791,24.41682],[89.7779,24.41646],[89.77829,24.41627],[89.77829,24.41591],[89.77868,24.41572],[89.77867,24.41554],[89.77887,24.41554],[89.77886,24.41536],[89.77906,24.41536],[89.77905,24.41499],[89.77944,24.41481],[89.77944,24.41463],[89.77964,24.41462],[89.77963,24.41426],[89.78002,24.41407],[89.78001,24.41371],[89.7804,24.41353],[89.7804,24.41335],[89.78059,24.41334],[89.78059,24.41316],[89.78079,24.41316],[89.78078,24.41298],[89.78098,24.41297],[89.78098,24.41279],[89.78117,24.41279],[89.78117,24.41261],[89.78137,24.41261],[89.78136,24.41243],[89.78156,24.41242],[89.78156,24.41224],[89.78175,24.41224],[89.78175,24.41206],[89.78195,24.41205],[89.78194,24.41187],[89.78214,24.41187],[89.78214,24.41169],[89.78233,24.41169],[89.78233,24.4115],[89.78253,24.4115],[89.78252,24.41132],[89.78272,24.41132],[89.78271,24.41114],[89.78291,24.41113],[89.78291,24.41095],[89.78251,24.41096],[89.78232,24.41132],[89.78213,24.41133],[89.78213,24.41151],[89.78174,24.41152],[89.78155,24.41188],[89.78135,24.41188],[89.78136,24.41206],[89.78116,24.41207],[89.78116,24.41225],[89.78077,24.41226],[89.78077,24.41244],[89.78057,24.41244],[89.78058,24.4128],[89.78019,24.41299],[89.7802,24.41317],[89.78,24.41317],[89.78,24.41335],[89.77981,24.41336],[89.77981,24.41354],[89.77961,24.41354],[89.77962,24.4139],[89.77923,24.41409],[89.77924,24.41445],[89.77885,24.41464],[89.77885,24.41482],[89.77866,24.41482],[89.77847,24.41555],[89.77808,24.41573],[89.77809,24.41591],[89.77789,24.41592],[89.7779,24.41628],[89.77751,24.41647],[89.77751,24.41665],[89.77732,24.41665],[89.77732,24.41701],[89.77693,24.4172],[89.77694,24.41738],[89.77674,24.41738],[89.77674,24.41756],[89.77655,24.41757],[89.77655,24.41775],[89.77635,24.41775],[89.77636,24.41811],[89.77597,24.4183],[89.77598,24.41866],[89.77559,24.41885],[89.77559,24.41903],[89.7754,24.41903],[89.7754,24.41921],[89.7752,24.41922],[89.77521,24.4194],[89.77501,24.4194],[89.77501,24.41958],[89.77482,24.41958],[89.77464,24.42031],[89.77444,24.42031],[89.77445,24.42067],[89.77425,24.42068],[89.77426,24.42104],[89.77387,24.42123],[89.77388,24.42177],[89.77427,24.42158]]]}},{"type":"Feature","properties":{"kind":"land","ha":6.2},"geometry":{"type":"Polygon","coordinates":[[[89.78936,24.40867],[89.78936,24.40849],[89.78975,24.40848],[89.78975,24.4083],[89.79034,24.40829],[89.79034,24.40811],[89.79073,24.4081],[89.79073,24.40792],[89.79112,24.40791],[89.79091,24.4072],[89.79071,24.4072],[89.7907,24.40684],[89.7905,24.40684],[89.7905,24.40648],[89.7901,24.40631],[89.79009,24.40613],[89.79029,24.40612],[89.79028,24.4054],[89.79008,24.40541],[89.79008,24.40559],[89.78969,24.40559],[89.7895,24.40596],[89.7893,24.40596],[89.78931,24.40632],[89.78892,24.40651],[89.78892,24.40669],[89.78873,24.40669],[89.78873,24.40687],[89.78853,24.40688],[89.78854,24.40706],[89.78834,24.40706],[89.78835,24.40724],[89.78815,24.40725],[89.78815,24.40743],[89.78776,24.40743],[89.78777,24.40798],[89.78856,24.40796],[89.78877,24.40868],[89.78936,24.40867]]]}},{"type":"Feature","properties":{"kind":"land","ha":4.8},"geometry":{"type":"Polygon","coordinates":[[[89.7583,24.40346],[89.75849,24.4031],[89.75889,24.40309],[89.75888,24.40291],[89.75908,24.40291],[89.75908,24.40273],[89.75947,24.40272],[89.75985,24.40199],[89.76024,24.40198],[89.76024,24.4018],[89.76043,24.4018],[89.76062,24.40107],[89.76081,24.40107],[89.76081,24.40071],[89.7612,24.40052],[89.76119,24.40034],[89.76139,24.40034],[89.76138,24.40016],[89.76158,24.40015],[89.76158,24.39997],[89.76177,24.39997],[89.76177,24.39979],[89.76118,24.3998],[89.76099,24.40016],[89.76079,24.40017],[89.7608,24.40035],[89.7606,24.40035],[89.7606,24.40053],[89.76041,24.40054],[89.76041,24.40072],[89.76021,24.40072],[89.76022,24.4009],[89.76002,24.4009],[89.76003,24.40126],[89.75964,24.40145],[89.75965,24.40181],[89.75926,24.402],[89.75926,24.40218],[89.75906,24.40218],[89.75907,24.40236],[89.75867,24.40237],[89.75848,24.40274],[89.75789,24.40275],[89.75789,24.40257],[89.75769,24.40257],[89.75768,24.40221],[89.75749,24.40221],[89.75748,24.40185],[89.75768,24.40185],[89.75763,24.39986],[89.75744,24.39987],[89.75743,24.39951],[89.75723,24.39951],[89.75723,24.39933],[89.75683,24.39934],[89.75704,24.39969],[89.75724,24.39969],[89.75724,24.40005],[89.75744,24.40005],[89.75745,24.40041],[89.75706,24.4006],[89.75706,24.40078],[89.75686,24.40078],[89.75687,24.40096],[89.75707,24.40096],[89.75708,24.40168],[89.75728,24.40168],[89.75729,24.4024],[89.75749,24.40239],[89.75751,24.4033],[89.75771,24.40329],[89.75771,24.40347],[89.7583,24.40346]]]}},{"type":"Feature","properties":{"kind":"land","ha":5.6},"geometry":{"type":"Polygon","coordinates":[[[89.79935,24.39693],[89.79954,24.39657],[89.79974,24.39656],[89.79973,24.39602],[89.79992,24.39602],[89.7999,24.39512],[89.8001,24.39511],[89.80008,24.39421],[89.80028,24.39421],[89.80027,24.39385],[89.80047,24.39384],[89.80046,24.3933],[89.80065,24.3933],[89.80064,24.39276],[89.80084,24.39275],[89.80083,24.39239],[89.80103,24.39239],[89.80101,24.39167],[89.80121,24.39166],[89.8012,24.39112],[89.80139,24.39112],[89.80138,24.3904],[89.80118,24.3904],[89.80119,24.39076],[89.80099,24.39076],[89.801,24.39113],[89.80061,24.39131],[89.80061,24.39149],[89.80042,24.3915],[89.80044,24.3924],[89.80024,24.3924],[89.80025,24.39294],[89.80005,24.39295],[89.80006,24.39331],[89.79967,24.3935],[89.79968,24.39368],[89.79948,24.39368],[89.79948,24.39386],[89.79909,24.39387],[89.7991,24.39423],[89.7989,24.39423],[89.79891,24.39459],[89.7991,24.39459],[89.79913,24.39567],[89.79874,24.39586],[89.79875,24.39622],[89.79855,24.39622],[89.79875,24.39658],[89.79856,24.39659],[89.79856,24.39695],[89.79935,24.39693]]]}},{"type":"Feature","properties":{"kind":"land","ha":3.2},"geometry":{"type":"Polygon","coordinates":[[[89.75358,24.39452],[89.75356,24.39362],[89.75336,24.39362],[89.75333,24.39218],[89.75352,24.39218],[89.7535,24.39091],[89.75369,24.39091],[89.75367,24.39001],[89.75387,24.39],[89.75386,24.38964],[89.75367,24.38965],[89.75366,24.38947],[89.75347,24.38947],[89.75347,24.38965],[89.75308,24.38966],[89.75308,24.38984],[89.75269,24.38985],[89.75271,24.39093],[89.75291,24.39092],[89.75292,24.39165],[89.75272,24.39165],[89.75273,24.39183],[89.75293,24.39183],[89.75293,24.39219],[89.75274,24.39219],[89.75274,24.39255],[89.75294,24.39255],[89.75295,24.39309],[89.75315,24.39309],[89.75338,24.39453],[89.75358,24.39452]]]}},{"type":"Feature","properties":{"kind":"land","ha":5.9},"geometry":{"type":"Polygon","coordinates":[[[89.75687,24.39176],[89.75687,24.39194],[89.75746,24.39193],[89.75746,24.39174],[89.75765,24.39174],[89.75765,24.39138],[89.75784,24.39138],[89.75781,24.38993],[89.75801,24.38993],[89.758,24.38957],[89.7582,24.38957],[89.75819,24.38902],[89.75838,24.38902],[89.75836,24.38812],[89.75797,24.38813],[89.75797,24.38831],[89.75778,24.38831],[89.75778,24.38867],[89.75739,24.38886],[89.7574,24.38904],[89.7572,24.38904],[89.7572,24.38922],[89.75681,24.38923],[89.75662,24.38959],[89.75623,24.3896],[89.75623,24.38978],[89.75603,24.38979],[89.75604,24.39015],[89.75585,24.39015],[89.75586,24.39087],[89.75626,24.39104],[89.75627,24.39159],[89.75647,24.39158],[89.75648,24.39194],[89.75687,24.39176]]]}},{"type":"Feature","properties":{"kind":"land","ha":19.0},"geometry":{"type":"Polygon","coordinates":[[[89.7678,24.39589],[89.76779,24.39553],[89.76818,24.39534],[89.76817,24.39516],[89.76837,24.39516],[89.76836,24.39479],[89.76935,24.39478],[89.76934,24.3946],[89.76954,24.39459],[89.76955,24.39477],[89.76994,24.39477],[89.76994,24.39495],[89.77034,24.39494],[89.7703,24.39313],[89.77049,24.39313],[89.77049,24.39277],[89.77068,24.39277],[89.77068,24.39259],[89.77088,24.39258],[89.77086,24.39186],[89.77066,24.39186],[89.77066,24.3915],[89.77046,24.39151],[89.77046,24.39169],[89.77007,24.39169],[89.77007,24.39188],[89.76968,24.39188],[89.76949,24.39225],[89.7687,24.39226],[89.76869,24.3919],[89.7685,24.3919],[89.76849,24.39172],[89.7681,24.39173],[89.76809,24.39137],[89.76829,24.39137],[89.76828,24.39101],[89.76848,24.391],[89.76847,24.39082],[89.76867,24.39082],[89.76866,24.39028],[89.76787,24.39029],[89.76787,24.39047],[89.76768,24.39048],[89.76769,24.3912],[89.7673,24.3912],[89.76729,24.39084],[89.76709,24.39085],[89.76709,24.39067],[89.76571,24.39069],[89.76571,24.39051],[89.76551,24.39051],[89.7655,24.39015],[89.7657,24.39015],[89.76568,24.38943],[89.76607,24.38924],[89.76607,24.38888],[89.76567,24.38889],[89.76547,24.38853],[89.76527,24.38853],[89.76527,24.38835],[89.76507,24.38836],[89.76507,24.38818],[89.76487,24.38818],[89.76486,24.38782],[89.76427,24.38783],[89.76447,24.38819],[89.76467,24.38818],[89.76469,24.38891],[89.76449,24.38891],[89.76449,24.38909],[89.76469,24.38909],[89.76473,24.39071],[89.76512,24.39088],[89.76515,24.39215],[89.76555,24.39232],[89.76555,24.3925],[89.76496,24.39251],[89.76497,24.39305],[89.76517,24.39305],[89.76518,24.39323],[89.76498,24.39323],[89.76499,24.39359],[89.76538,24.39377],[89.76539,24.39413],[89.765,24.39413],[89.765,24.39431],[89.76579,24.3943],[89.76579,24.39412],[89.76618,24.39411],[89.76618,24.39393],[89.76637,24.39393],[89.76637,24.39375],[89.76696,24.39374],[89.76715,24.39337],[89.76735,24.39337],[89.76733,24.39283],[89.76793,24.39282],[89.76793,24.393],[89.76832,24.39299],[89.76832,24.39281],[89.76852,24.39281],[89.76872,24.39316],[89.76892,24.39316],[89.76892,24.39334],[89.76873,24.39334],[89.76873,24.3937],[89.76854,24.39371],[89.76854,24.39389],[89.76815,24.3939],[89.76797,24.39462],[89.76757,24.39481],[89.7676,24.39589],[89.7678,24.39589]],[[89.76731,24.39175],[89.76751,24.39174],[89.76752,24.39246],[89.76733,24.39247],[89.76733,24.39265],[89.76615,24.39285],[89.76615,24.39267],[89.76575,24.39268],[89.76574,24.39195],[89.76594,24.39195],[89.76593,24.39177],[89.76553,24.3916],[89.76553,24.39142],[89.76573,24.39141],[89.76572,24.39123],[89.76612,24.39141],[89.76613,24.39177],[89.76633,24.39176],[89.76633,24.39212],[89.76653,24.39212],[89.76653,24.3923],[89.76673,24.3923],[89.76672,24.39194],[89.76692,24.39193],[89.76691,24.39157],[89.76731,24.39156],[89.76731,24.39175]],[[89.7673,24.39138],[89.7675,24.39138],[89.7675,24.39156],[89.76731,24.39156],[89.7673,24.39138]]]}},{"type":"Feature","properties":{"kind":"land","ha":4.6},"geometry":{"type":"Polygon","coordinates":[[[89.75403,24.3882],[89.75422,24.38783],[89.75442,24.38783],[89.7544,24.38693],[89.75479,24.38674],[89.75478,24.38656],[89.75498,24.38656],[89.75516,24.38583],[89.75555,24.38564],[89.75555,24.38546],[89.75574,24.38546],[89.75592,24.38437],[89.75631,24.38418],[89.75649,24.38346],[89.75669,24.38346],[89.75667,24.38291],[89.75628,24.3831],[89.7561,24.38383],[89.75571,24.38401],[89.75572,24.38438],[89.75533,24.38456],[89.75533,24.38474],[89.75474,24.38475],[89.75475,24.38494],[89.75455,24.38494],[89.75457,24.38584],[89.75437,24.38584],[89.75438,24.38621],[89.75418,24.38621],[89.75419,24.38657],[89.7538,24.38676],[89.75381,24.38694],[89.75361,24.38694],[89.75362,24.38748],[89.75323,24.38749],[89.75302,24.38713],[89.75282,24.38714],[89.75282,24.38696],[89.75243,24.38696],[89.75263,24.38732],[89.75283,24.38732],[89.75283,24.3875],[89.75303,24.38749],[89.75303,24.38767],[89.75323,24.38767],[89.75323,24.38785],[89.75343,24.38785],[89.75343,24.38803],[89.75363,24.38802],[89.75364,24.3882],[89.75403,24.3882]]]}},{"type":"Feature","properties":{"kind":"land","ha":5.2},"geometry":{"type":"Polygon","coordinates":[[[89.75874,24.378],[89.75873,24.37782],[89.75893,24.37782],[89.75891,24.37692],[89.75911,24.37691],[89.7591,24.37655],[89.75929,24.37655],[89.75929,24.37637],[89.75969,24.37654],[89.7597,24.3769],[89.75989,24.3769],[89.7599,24.37708],[89.76009,24.37708],[89.76007,24.37617],[89.75988,24.37618],[89.75987,24.376],[89.76007,24.37599],[89.76005,24.37509],[89.75985,24.3751],[89.75983,24.37401],[89.75963,24.37402],[89.75963,24.37366],[89.75923,24.37366],[89.75921,24.37276],[89.75902,24.37276],[89.75902,24.37312],[89.75883,24.37313],[89.75883,24.37331],[89.75863,24.37331],[89.75864,24.37367],[89.75844,24.37368],[89.75845,24.37404],[89.75904,24.37403],[89.75904,24.37385],[89.75943,24.37384],[89.75945,24.37456],[89.75925,24.37456],[89.75926,24.37493],[89.75887,24.37511],[89.75887,24.37529],[89.75868,24.3753],[89.75868,24.37548],[89.75829,24.37548],[89.75831,24.37639],[89.75811,24.37639],[89.75812,24.37675],[89.75851,24.37692],[89.75853,24.37765],[89.75833,24.37765],[89.75834,24.37801],[89.75874,24.378]]]}},{"type":"Feature","properties":{"kind":"land","ha":6.8},"geometry":{"type":"Polygon","coordinates":[[[89.77575,24.38094],[89.77573,24.3804],[89.77593,24.3804],[89.77592,24.38004],[89.77612,24.38003],[89.77611,24.37967],[89.77631,24.37967],[89.77629,24.37895],[89.77668,24.37876],[89.77668,24.37858],[89.77727,24.37857],[89.77727,24.37839],[89.77746,24.37838],[89.77746,24.37802],[89.77765,24.37802],[89.77764,24.37748],[89.77784,24.37747],[89.77783,24.37693],[89.77802,24.37693],[89.77801,24.37639],[89.7784,24.3762],[89.7784,24.37602],[89.77859,24.37602],[89.77859,24.37566],[89.77878,24.37565],[89.77896,24.37457],[89.77915,24.37456],[89.77914,24.37402],[89.77934,24.37402],[89.77933,24.37366],[89.77953,24.37365],[89.77951,24.37293],[89.77971,24.37293],[89.7797,24.37257],[89.7799,24.37256],[89.77989,24.3722],[89.78009,24.3722],[89.78007,24.3713],[89.77987,24.3713],[89.77986,24.37094],[89.77947,24.37113],[89.77948,24.37149],[89.77968,24.37148],[89.7797,24.37239],[89.7793,24.37239],[89.77932,24.37293],[89.77912,24.37294],[89.77913,24.3733],[89.77893,24.3733],[89.77894,24.37366],[89.77874,24.37367],[89.77875,24.37421],[89.77856,24.37421],[89.77857,24.37475],[89.77818,24.37494],[89.77819,24.3753],[89.77799,24.37531],[89.77799,24.37549],[89.7778,24.37549],[89.77781,24.37603],[89.77761,24.37603],[89.77762,24.37658],[89.77742,24.37658],[89.77743,24.37694],[89.77724,24.37694],[89.77724,24.3773],[89.77685,24.37749],[89.77686,24.37767],[89.77666,24.37768],[89.77666,24.37786],[89.77647,24.37786],[89.77648,24.37822],[89.77609,24.37841],[89.77609,24.37859],[89.77589,24.37859],[89.7759,24.37895],[89.7757,24.37896],[89.77572,24.3795],[89.77552,24.3795],[89.77553,24.38004],[89.77514,24.38023],[89.77515,24.38059],[89.77555,24.38076],[89.77555,24.38095],[89.77575,24.38094]]]}},{"type":"Feature","properties":{"kind":"land","ha":7.9},"geometry":{"type":"Polygon","coordinates":[[[89.76573,24.37354],[89.76573,24.37336],[89.76612,24.37336],[89.76611,24.37282],[89.7665,24.37281],[89.7665,24.37263],[89.76709,24.37262],[89.76728,24.37225],[89.76748,24.37225],[89.76747,24.37207],[89.76787,24.37206],[89.76786,24.37188],[89.76806,24.37188],[89.76824,24.37115],[89.76844,24.37115],[89.76843,24.37079],[89.76863,24.37078],[89.76862,24.37042],[89.76882,24.37042],[89.76881,24.37006],[89.76901,24.37005],[89.76899,24.36951],[89.7688,24.36952],[89.76879,24.36916],[89.76859,24.36916],[89.76859,24.36898],[89.76721,24.369],[89.76721,24.36918],[89.76702,24.36919],[89.76703,24.36991],[89.76743,24.37008],[89.76744,24.37062],[89.76725,24.37063],[89.76725,24.37099],[89.76706,24.37099],[89.76706,24.37135],[89.76667,24.37154],[89.76667,24.37136],[89.76647,24.37136],[89.76628,24.37173],[89.76589,24.37174],[89.7659,24.3721],[89.76551,24.37228],[89.76551,24.37246],[89.76531,24.37247],[89.76532,24.37265],[89.76512,24.37265],[89.76513,24.37283],[89.76493,24.37284],[89.76493,24.37302],[89.76474,24.37302],[89.76475,24.37356],[89.76573,24.37354]]]}},{"type":"Feature","properties":{"kind":"land","ha":4.2},"geometry":{"type":"Polygon","coordinates":[[[89.77959,24.35849],[89.77958,24.35813],[89.77997,24.35794],[89.77997,24.35776],[89.78017,24.35776],[89.78016,24.35758],[89.78036,24.35757],[89.78036,24.35739],[89.78055,24.35739],[89.78055,24.35721],[89.78075,24.3572],[89.78074,24.35702],[89.78173,24.35701],[89.78172,24.35665],[89.78132,24.35647],[89.78131,24.35593],[89.78072,24.35594],[89.78051,24.35558],[89.78032,24.35559],[89.7803,24.35487],[89.7801,24.35487],[89.78009,24.35433],[89.77989,24.35433],[89.77991,24.35505],[89.77971,24.35506],[89.77973,24.35578],[89.77993,24.35578],[89.77993,24.35596],[89.77973,24.35596],[89.77975,24.35668],[89.77955,24.35669],[89.77957,24.35741],[89.77937,24.35741],[89.77938,24.35777],[89.77918,24.35778],[89.77919,24.35796],[89.77938,24.35795],[89.77939,24.35849],[89.77959,24.35849]]]}},{"type":"Feature","properties":{"kind":"land","ha":8.5},"geometry":{"type":"Polygon","coordinates":[[[89.75554,24.35767],[89.75553,24.3573],[89.75572,24.3573],[89.7557,24.35622],[89.7559,24.35621],[89.75588,24.35549],[89.75608,24.35549],[89.75606,24.35477],[89.75626,24.35476],[89.75624,24.35368],[89.75643,24.35368],[89.75642,24.35314],[89.75662,24.35313],[89.7566,24.35241],[89.7568,24.35241],[89.75679,24.35205],[89.75699,24.35204],[89.75698,24.35168],[89.75718,24.35168],[89.75717,24.35132],[89.75737,24.35131],[89.75736,24.35077],[89.75755,24.35077],[89.75753,24.34987],[89.75792,24.34968],[89.75792,24.3495],[89.75812,24.3495],[89.75811,24.34914],[89.75831,24.34913],[89.75809,24.34841],[89.7577,24.34824],[89.75769,24.34806],[89.75749,24.34806],[89.75751,24.3486],[89.75671,24.34844],[89.7569,24.34807],[89.7571,24.34807],[89.7569,24.34771],[89.7565,24.34772],[89.75653,24.3488],[89.75633,24.34881],[89.75633,24.34899],[89.75614,24.34899],[89.75613,24.34881],[89.75574,24.34882],[89.75573,24.34864],[89.75534,24.34864],[89.75534,24.34882],[89.75554,24.34882],[89.75555,24.34936],[89.75635,24.34971],[89.75636,24.35043],[89.75617,24.35043],[89.7562,24.35206],[89.7564,24.35205],[89.7564,24.35223],[89.75621,24.35224],[89.75621,24.35242],[89.75641,24.35242],[89.75642,24.35296],[89.75603,24.35314],[89.75604,24.35387],[89.75585,24.35387],[89.75587,24.35477],[89.75567,24.35478],[89.7557,24.35604],[89.7555,24.35604],[89.75552,24.35712],[89.75533,24.35713],[89.75534,24.35767],[89.75554,24.35767]]]}},{"type":"Feature","properties":{"kind":"land","ha":16.1},"geometry":{"type":"Polygon","coordinates":[[[89.78271,24.35681],[89.7829,24.35644],[89.78309,24.35644],[89.78307,24.35536],[89.78327,24.35535],[89.78325,24.35445],[89.78344,24.35445],[89.78344,24.35409],[89.78324,24.35409],[89.78322,24.35337],[89.78303,24.35337],[89.78301,24.35283],[89.78321,24.35283],[89.7832,24.35247],[89.78301,24.35247],[89.78299,24.35193],[89.7828,24.35193],[89.78279,24.35139],[89.78239,24.35122],[89.78238,24.35104],[89.78219,24.35104],[89.78215,24.3496],[89.78235,24.34959],[89.78233,24.34869],[89.78214,24.3487],[89.78211,24.34761],[89.78171,24.34744],[89.7817,24.3469],[89.7815,24.3469],[89.7815,24.34654],[89.7813,24.34655],[89.78129,24.34618],[89.78089,24.34601],[89.78089,24.34583],[89.78069,24.34583],[89.78072,24.3471],[89.78052,24.3471],[89.78056,24.34854],[89.78115,24.34853],[89.78115,24.34871],[89.78135,24.34871],[89.78137,24.34961],[89.78117,24.34962],[89.78118,24.35016],[89.78079,24.35016],[89.78077,24.34944],[89.78058,24.34945],[89.78061,24.35107],[89.78041,24.35107],[89.78042,24.35125],[89.78101,24.35124],[89.781,24.35088],[89.7812,24.35088],[89.78121,24.3516],[89.78102,24.3516],[89.78104,24.35269],[89.78144,24.35286],[89.78145,24.35322],[89.78223,24.35321],[89.78224,24.35357],[89.78204,24.35357],[89.78206,24.35447],[89.78187,24.35448],[89.78188,24.3552],[89.78169,24.3552],[89.78171,24.3561],[89.7819,24.3561],[89.78191,24.35664],[89.78211,24.35664],[89.78212,24.35682],[89.78271,24.35681]]]}},{"type":"Feature","properties":{"kind":"land","ha":7.1},"geometry":{"type":"Polygon","coordinates":[[[89.77807,24.34318],[89.77807,24.34281],[89.77846,24.34263],[89.77845,24.34245],[89.77885,24.34244],[89.77883,24.3419],[89.77922,24.34171],[89.77922,24.34153],[89.77981,24.34152],[89.77982,24.3417],[89.78001,24.3417],[89.78,24.34097],[89.7796,24.3408],[89.77961,24.34116],[89.77902,24.34117],[89.77901,24.34099],[89.77803,24.34101],[89.77782,24.34065],[89.77763,24.34066],[89.77762,24.34048],[89.77742,24.34048],[89.77742,24.34012],[89.77702,24.33995],[89.77701,24.3394],[89.77622,24.33942],[89.77629,24.34249],[89.7759,24.34267],[89.7759,24.34285],[89.77668,24.34266],[89.77669,24.34284],[89.77688,24.34284],[89.77687,24.34229],[89.77648,24.34212],[89.77647,24.34176],[89.77686,24.34157],[89.77685,24.34139],[89.77705,24.34139],[89.77726,24.34175],[89.77745,24.34174],[89.77746,24.34192],[89.77726,24.34193],[89.77727,24.34247],[89.77747,24.34246],[89.77748,24.34283],[89.77787,24.343],[89.77788,24.34318],[89.77807,24.34318]],[[89.77825,24.34209],[89.77844,24.34209],[89.77845,24.34227],[89.77825,24.34227],[89.77825,24.34209]]]}},{"type":"Feature","properties":{"kind":"land","ha":3.2},"geometry":{"type":"Polygon","coordinates":[[[89.77898,24.33937],[89.77894,24.33774],[89.77874,24.33775],[89.77874,24.33739],[89.77834,24.33721],[89.77833,24.33703],[89.77814,24.33704],[89.77792,24.33632],[89.77773,24.33632],[89.77772,24.33596],[89.77732,24.33579],[89.77734,24.33651],[89.77714,24.33651],[89.77714,24.33669],[89.77734,24.33669],[89.77736,24.33741],[89.77755,24.33741],[89.77756,24.33777],[89.77776,24.33777],[89.77777,24.33813],[89.77796,24.33812],[89.77797,24.33848],[89.77817,24.33848],[89.77818,24.33884],[89.77837,24.33884],[89.77838,24.3392],[89.77858,24.33919],[89.77858,24.33938],[89.77898,24.33937]]]}},{"type":"Feature","properties":{"kind":"land","ha":4.1},"geometry":{"type":"Polygon","coordinates":[[[89.76203,24.33896],[89.76202,24.33878],[89.76222,24.33877],[89.76221,24.33841],[89.7626,24.33822],[89.7626,24.33804],[89.76279,24.33804],[89.76279,24.33786],[89.76299,24.33786],[89.76317,24.33713],[89.76356,24.33694],[89.76355,24.33676],[89.76375,24.33676],[89.76375,24.33658],[89.76394,24.33657],[89.76394,24.33639],[89.76414,24.33639],[89.76413,24.33621],[89.76433,24.33621],[89.76451,24.33548],[89.7649,24.33529],[89.76489,24.33493],[89.76528,24.33475],[89.76528,24.33456],[89.76548,24.33456],[89.76566,24.33384],[89.76546,24.33384],[89.76545,24.33348],[89.76526,24.33348],[89.76526,24.33384],[89.76487,24.33403],[89.76488,24.33421],[89.76468,24.33421],[89.76469,24.33458],[89.7643,24.33476],[89.7643,24.33494],[89.76411,24.33495],[89.76411,24.33513],[89.76391,24.33513],[89.76392,24.33549],[89.76353,24.33568],[89.76354,24.33604],[89.76315,24.33623],[89.76297,24.33695],[89.76258,24.33714],[89.7624,24.33787],[89.76201,24.33805],[89.76182,24.33878],[89.76163,24.33878],[89.76164,24.33914],[89.76203,24.33896]]]}},{"type":"Feature","properties":{"kind":"land","ha":9.3},"geometry":{"type":"Polygon","coordinates":[[[89.81143,24.34617],[89.81162,24.34581],[89.81143,24.34581],[89.81139,24.34419],[89.81119,24.34419],[89.81115,24.34238],[89.81096,24.34239],[89.81113,24.3413],[89.81093,24.34131],[89.81091,24.34004],[89.81071,24.34005],[89.81061,24.33554],[89.81041,24.33554],[89.81038,24.3341],[89.81018,24.3341],[89.81017,24.33374],[89.80998,24.33374],[89.80996,24.33284],[89.81035,24.33265],[89.81034,24.33211],[89.81014,24.33212],[89.81013,24.33175],[89.80993,24.33176],[89.80994,24.33194],[89.80974,24.33194],[89.80977,24.33302],[89.80957,24.33303],[89.80958,24.33339],[89.80977,24.33339],[89.8098,24.33447],[89.80999,24.33446],[89.8101,24.33916],[89.81029,24.33915],[89.8103,24.33933],[89.8101,24.33934],[89.81015,24.34168],[89.81035,24.34168],[89.81038,24.34294],[89.81058,24.34294],[89.81061,24.34456],[89.81081,24.34456],[89.81083,24.34546],[89.81102,24.34546],[89.81104,24.34618],[89.81143,24.34617]]]}},{"type":"Feature","properties":{"kind":"land","ha":4.0},"geometry":{"type":"Polygon","coordinates":[[[89.80365,24.32357],[89.80364,24.32321],[89.80344,24.32321],[89.80343,24.32267],[89.80303,24.3225],[89.80302,24.32214],[89.80283,24.32214],[89.80282,24.32178],[89.80262,24.32179],[89.80261,24.32124],[89.80222,24.32143],[89.80223,24.32161],[89.80203,24.32162],[89.80202,24.32144],[89.80163,24.32144],[89.80143,24.32109],[89.80123,24.32109],[89.80123,24.32091],[89.80103,24.32091],[89.80102,24.32073],[89.80043,24.32074],[89.80043,24.32056],[89.80023,24.32057],[89.80024,24.32093],[89.80064,24.3211],[89.80065,24.32146],[89.80084,24.32146],[89.80085,24.32182],[89.80125,24.32199],[89.80125,24.32217],[89.80145,24.32217],[89.80145,24.32235],[89.80165,24.32235],[89.80165,24.32253],[89.80185,24.32252],[89.80186,24.3227],[89.80205,24.3227],[89.80206,24.32288],[89.80225,24.32288],[89.80226,24.32306],[89.80245,24.32305],[89.80246,24.32341],[89.80345,24.3234],[89.80345,24.32358],[89.80365,24.32357]]]}},{"type":"Feature","properties":{"kind":"land","ha":3.4},"geometry":{"type":"Polygon","coordinates":[[[89.8111,24.32217],[89.8111,24.32199],[89.81129,24.32199],[89.81128,24.32126],[89.81187,24.32125],[89.81187,24.32107],[89.81206,24.32107],[89.81205,24.32035],[89.81244,24.32034],[89.81263,24.31998],[89.81283,24.31997],[89.81281,24.31925],[89.81203,24.31945],[89.81184,24.31981],[89.81164,24.31981],[89.81165,24.32018],[89.81145,24.32018],[89.81146,24.32036],[89.81067,24.32037],[89.81067,24.32055],[89.81048,24.32056],[89.8105,24.32164],[89.8103,24.32164],[89.81031,24.32182],[89.8107,24.322],[89.81071,24.32218],[89.8111,24.32217]]]}},{"type":"Feature","properties":{"kind":"land","ha":4.8},"geometry":{"type":"Polygon","coordinates":[[[89.81268,24.3225],[89.81268,24.32232],[89.81288,24.32232],[89.81287,24.32196],[89.81326,24.32177],[89.81325,24.32141],[89.81345,24.32141],[89.81344,24.32122],[89.81424,24.32139],[89.81423,24.32121],[89.81443,24.32121],[89.81442,24.32085],[89.81383,24.32086],[89.81383,24.32068],[89.81363,24.32068],[89.81382,24.32032],[89.81402,24.32031],[89.81401,24.32013],[89.8144,24.32012],[89.81441,24.32048],[89.81461,24.32048],[89.8146,24.32012],[89.81539,24.32011],[89.81539,24.31993],[89.81558,24.31992],[89.81576,24.3192],[89.81596,24.31919],[89.81594,24.31811],[89.81613,24.31811],[89.81612,24.31757],[89.81573,24.31757],[89.81573,24.31775],[89.81553,24.31776],[89.81554,24.31812],[89.81515,24.31831],[89.81516,24.31849],[89.81476,24.31849],[89.81478,24.31921],[89.81439,24.3194],[89.81439,24.31958],[89.8142,24.31959],[89.8142,24.31977],[89.814,24.31977],[89.81401,24.31995],[89.81381,24.31995],[89.81381,24.32013],[89.81342,24.32014],[89.81344,24.32104],[89.81324,24.32105],[89.81325,24.32123],[89.81266,24.32124],[89.81266,24.32142],[89.81246,24.32142],[89.81229,24.32251],[89.81268,24.3225]]]}},{"type":"Feature","properties":{"kind":"land","ha":5.6},"geometry":{"type":"Polygon","coordinates":[[[89.78398,24.28874],[89.78396,24.28802],[89.78435,24.28783],[89.78435,24.28765],[89.78474,24.28764],[89.78475,24.288],[89.78534,24.28799],[89.78534,24.28781],[89.78553,24.28781],[89.78552,24.28727],[89.78591,24.28708],[89.78591,24.2869],[89.7861,24.28689],[89.7861,24.28671],[89.78571,24.28672],[89.7855,24.28636],[89.7853,24.28637],[89.7853,24.28619],[89.7851,24.28619],[89.7851,24.28601],[89.7849,24.28601],[89.78489,24.28565],[89.7847,24.28566],[89.78469,24.28548],[89.7841,24.28549],[89.78391,24.28585],[89.78372,24.28585],[89.78372,24.28622],[89.78412,24.28639],[89.78414,24.28729],[89.78355,24.2873],[89.78355,24.28712],[89.78335,24.28712],[89.78352,24.28604],[89.78333,24.28604],[89.78332,24.28568],[89.78293,24.28569],[89.78293,24.28587],[89.78273,24.28587],[89.78276,24.28695],[89.78315,24.28713],[89.78317,24.28767],[89.78356,24.28784],[89.78357,24.28802],[89.78376,24.28802],[89.78378,24.28874],[89.78398,24.28874]]]}},{"type":"Feature","properties":{"kind":"land","ha":9.2},"geometry":{"type":"Polygon","coordinates":[[[89.76132,24.27904],[89.76133,24.2794],[89.76172,24.27958],[89.76173,24.27976],[89.76212,24.27975],[89.76212,24.27993],[89.76232,24.27993],[89.76233,24.28047],[89.76253,24.28047],[89.76253,24.28028],[89.76292,24.28028],[89.76292,24.2801],[89.76311,24.28009],[89.76312,24.28027],[89.76351,24.28027],[89.76351,24.28045],[89.76371,24.28044],[89.76371,24.28026],[89.76449,24.28025],[89.76468,24.27988],[89.76488,24.27988],[89.76488,24.2797],[89.76507,24.2797],[89.76507,24.27952],[89.76487,24.27952],[89.76486,24.27916],[89.76447,24.27899],[89.76446,24.27881],[89.76427,24.27881],[89.76426,24.27863],[89.76407,24.27863],[89.76407,24.27881],[89.76368,24.27882],[89.76367,24.27864],[89.76348,24.27864],[89.76347,24.27828],[89.76327,24.27829],[89.76326,24.27774],[89.76286,24.27757],[89.76286,24.27739],[89.76266,24.27739],[89.76266,24.27721],[89.76246,24.27722],[89.76246,24.27704],[89.76206,24.27704],[89.76206,24.27686],[89.76088,24.27689],[89.7609,24.27797],[89.7611,24.27796],[89.76111,24.27833],[89.7615,24.2785],[89.76151,24.27868],[89.7617,24.27868],[89.76171,24.27904],[89.76132,24.27904]],[[89.76191,24.27903],[89.76192,24.27939],[89.76172,24.2794],[89.76171,24.27904],[89.76191,24.27903]]]}},{"type":"Feature","properties":{"kind":"land","ha":5.3},"geometry":{"type":"Polygon","coordinates":[[[89.76017,24.28069],[89.76014,24.27925],[89.75994,24.27925],[89.75994,24.27889],[89.75974,24.27889],[89.75971,24.27763],[89.75991,24.27762],[89.7599,24.27744],[89.75971,24.27745],[89.7597,24.27709],[89.7595,24.27709],[89.75949,24.27655],[89.75909,24.27638],[89.75909,24.2762],[89.7583,24.27603],[89.7583,24.27621],[89.7585,24.27621],[89.75851,24.27675],[89.75831,24.27675],[89.75832,24.27693],[89.75852,24.27693],[89.75852,24.27729],[89.75872,24.27729],[89.75875,24.27855],[89.75894,24.27854],[89.75899,24.28071],[89.76017,24.28069]]]}},{"type":"Feature","properties":{"kind":"land","ha":8.3},"geometry":{"type":"Polygon","coordinates":[[[89.75984,24.26535],[89.75984,24.26517],[89.76003,24.26517],[89.76002,24.26445],[89.75962,24.26427],[89.7596,24.26355],[89.75921,24.26338],[89.7592,24.26302],[89.7588,24.26284],[89.75876,24.26086],[89.75836,24.26069],[89.75836,24.26051],[89.75816,24.26051],[89.75816,24.26033],[89.75757,24.26034],[89.75758,24.26106],[89.75739,24.26106],[89.75744,24.26377],[89.75764,24.26377],[89.75765,24.26431],[89.75785,24.26431],[89.75785,24.26449],[89.75825,24.26448],[89.75845,24.26484],[89.75884,24.26483],[89.75885,24.26501],[89.75905,24.26501],[89.75905,24.26537],[89.75984,24.26535]]]}},{"type":"Feature","properties":{"kind":"land","ha":47.2},"geometry":{"type":"Polygon","coordinates":[[[89.75897,24.30688],[89.75895,24.30616],[89.75875,24.30616],[89.75873,24.3049],[89.75853,24.30491],[89.75852,24.30454],[89.75832,24.30455],[89.75831,24.30383],[89.75811,24.30383],[89.75811,24.30365],[89.75831,24.30365],[89.75828,24.30256],[89.75809,24.30257],[89.75804,24.30058],[89.75785,24.30059],[89.75783,24.30004],[89.75764,24.30005],[89.75763,24.29969],[89.75743,24.29969],[89.75742,24.29915],[89.75722,24.29915],[89.75721,24.29843],[89.75701,24.29843],[89.75698,24.29717],[89.75679,24.29718],[89.75678,24.29681],[89.75658,24.29682],[89.75635,24.29502],[89.75615,24.29502],[89.75613,24.29412],[89.75593,24.29412],[89.7559,24.29268],[89.7557,24.29268],[89.7557,24.29232],[89.7555,24.29233],[89.75548,24.2916],[89.75529,24.29161],[89.75504,24.28945],[89.75485,24.28945],[89.75484,24.28891],[89.75464,24.28891],[89.75462,24.28801],[89.75442,24.28801],[89.75441,24.28765],[89.75422,24.28766],[89.75421,24.28711],[89.75401,24.28712],[89.75399,24.2864],[89.75419,24.28639],[89.75417,24.28531],[89.75397,24.28531],[89.75393,24.28351],[89.75353,24.28334],[89.75352,24.28261],[89.75391,24.28243],[89.7539,24.28207],[89.7537,24.28207],[89.75366,24.28027],[89.75347,24.28027],[89.75339,24.27684],[89.7532,24.27684],[89.75317,24.2754],[89.75297,24.2754],[89.75295,24.27468],[89.75315,24.27468],[89.75313,24.27378],[89.75293,24.27378],[89.75292,24.27324],[89.75273,24.27324],[89.75272,24.27288],[89.75252,24.27289],[89.75251,24.27216],[89.7527,24.27216],[89.75267,24.2709],[89.75248,24.2709],[89.75247,24.27054],[89.75227,24.27054],[89.75226,24.27],[89.75207,24.27001],[89.75182,24.26784],[89.75162,24.26785],[89.75159,24.26604],[89.75139,24.26605],[89.75137,24.26514],[89.75117,24.26515],[89.75115,24.26407],[89.75095,24.26407],[89.75089,24.261],[89.75069,24.26101],[89.75066,24.25974],[89.75047,24.25975],[89.75045,24.25902],[89.75025,24.25903],[89.75024,24.25849],[89.75004,24.25849],[89.75003,24.25777],[89.74963,24.2576],[89.74962,24.25723],[89.74943,24.25724],[89.74941,24.25652],[89.74902,24.25652],[89.74881,24.25617],[89.74862,24.25617],[89.74861,24.25599],[89.74842,24.25599],[89.74841,24.25563],[89.74821,24.25564],[89.7482,24.25527],[89.74801,24.25528],[89.748,24.25492],[89.7478,24.25492],[89.7478,24.25474],[89.74741,24.25475],[89.7472,24.25439],[89.747,24.25439],[89.747,24.25403],[89.74719,24.25403],[89.7472,24.25421],[89.74759,24.2542],[89.74759,24.25402],[89.74778,24.25402],[89.74776,24.25312],[89.74697,24.25277],[89.74698,24.25313],[89.74678,24.25313],[89.74678,24.25331],[89.74639,24.25314],[89.74638,24.25296],[89.74619,24.25296],[89.74619,24.25333],[89.74639,24.25332],[89.7464,24.25368],[89.74659,24.25368],[89.74661,24.25422],[89.7468,24.25422],[89.74681,24.25458],[89.74701,24.25457],[89.74702,24.25493],[89.74721,24.25493],[89.74722,24.25529],[89.74742,24.25529],[89.74742,24.25565],[89.74762,24.25565],[89.74763,24.25601],[89.74803,24.25618],[89.74803,24.25654],[89.74843,24.25671],[89.74844,24.25708],[89.74864,24.25707],[89.74886,24.25815],[89.74905,24.25815],[89.74906,24.25851],[89.74926,24.2585],[89.74927,24.25905],[89.74947,24.25904],[89.74949,24.25994],[89.74968,24.25994],[89.74972,24.26156],[89.75011,24.26174],[89.75015,24.26318],[89.75034,24.26318],[89.7504,24.2657],[89.75059,24.2657],[89.75061,24.2666],[89.75081,24.2666],[89.75082,24.26714],[89.75102,24.26714],[89.75105,24.2684],[89.75124,24.2684],[89.75126,24.26912],[89.75146,24.26911],[89.75147,24.26966],[89.75166,24.26965],[89.75169,24.27091],[89.75189,24.27091],[89.75189,24.27109],[89.75169,24.2711],[89.7517,24.27146],[89.75151,24.27146],[89.75153,24.27236],[89.75192,24.27254],[89.75193,24.2729],[89.75213,24.27289],[89.75214,24.27325],[89.75194,24.27326],[89.75196,24.27434],[89.75216,24.27434],[89.75221,24.2765],[89.7524,24.2765],[89.75246,24.2792],[89.75266,24.2792],[89.7527,24.281],[89.75289,24.281],[89.75291,24.2819],[89.75272,24.28191],[89.75274,24.28317],[89.75255,24.28317],[89.75255,24.28353],[89.75275,24.28353],[89.75276,24.28389],[89.75316,24.28406],[89.75316,24.28425],[89.75336,24.28424],[89.7534,24.28641],[89.7536,24.2864],[89.75363,24.28767],[89.75382,24.28766],[89.75383,24.28802],[89.75403,24.28802],[89.75404,24.28856],[89.75424,24.28856],[89.75426,24.28964],[89.75446,24.28964],[89.75449,24.29126],[89.75469,24.29126],[89.75471,24.29216],[89.75491,24.29216],[89.75493,24.29306],[89.75512,24.29305],[89.75515,24.29414],[89.75534,24.29413],[89.75536,24.29485],[89.75555,24.29485],[89.75557,24.29539],[89.75576,24.29539],[89.75578,24.29593],[89.75597,24.29593],[89.75599,24.29683],[89.75619,24.29683],[89.75622,24.29845],[89.75603,24.29845],[89.75604,24.29899],[89.75624,24.29899],[89.75624,24.29917],[89.75663,24.29916],[89.75665,24.29989],[89.75685,24.29988],[89.75685,24.30024],[89.75705,24.30024],[89.75706,24.3006],[89.75725,24.3006],[89.75726,24.30096],[89.75746,24.30095],[89.75747,24.30168],[89.75767,24.30167],[89.75768,24.30221],[89.75788,24.30221],[89.7579,24.30329],[89.75771,24.3033],[89.75772,24.30402],[89.75792,24.30401],[89.75793,24.30456],[89.75813,24.30455],[89.75814,24.30491],[89.75833,24.30491],[89.75835,24.30563],[89.75855,24.30563],[89.75856,24.30653],[89.75876,24.30653],[89.75877,24.30689],[89.75897,24.30688]]]}},{"type":"Feature","properties":{"kind":"land","ha":7.6},"geometry":{"type":"Polygon","coordinates":[[[89.7665,24.25476],[89.76649,24.25422],[89.76609,24.25405],[89.76609,24.25387],[89.76688,24.25385],[89.76688,24.25421],[89.76767,24.2542],[89.76746,24.25348],[89.76707,24.25349],[89.76706,24.25331],[89.76686,24.25331],[89.76686,24.25313],[89.76706,24.25313],[89.76704,24.25241],[89.76684,24.25241],[89.76683,24.25187],[89.76703,24.25186],[89.76701,24.25114],[89.76662,24.25115],[89.76662,24.25133],[89.76643,24.25133],[89.76644,24.25169],[89.76624,24.2517],[89.76624,24.25188],[89.76585,24.25189],[89.76566,24.25225],[89.76546,24.25225],[89.76547,24.25243],[89.76507,24.25244],[89.76507,24.25226],[89.76487,24.25226],[89.76487,24.2519],[89.76447,24.25173],[89.76446,24.25137],[89.76426,24.25137],[89.76425,24.25065],[89.76366,24.25066],[89.76366,24.25084],[89.76327,24.25085],[89.76306,24.25049],[89.76267,24.2505],[89.76267,24.25032],[89.76208,24.25033],[89.76208,24.25069],[89.76228,24.25069],[89.76228,24.25087],[89.76347,24.25103],[89.76347,24.25121],[89.76328,24.25121],[89.76329,24.25193],[89.76349,24.25193],[89.76349,24.25211],[89.76408,24.2521],[89.76409,24.25246],[89.76448,24.25245],[89.76469,24.25281],[89.76508,24.2528],[89.76509,24.25316],[89.76529,24.25316],[89.76529,24.25334],[89.76568,24.25333],[89.76569,24.25351],[89.76588,24.25351],[89.7659,24.25441],[89.7663,24.25459],[89.76631,24.25477],[89.7665,24.25476]]]}},{"type":"Feature","properties":{"kind":"land","ha":14.3},"geometry":{"type":"Polygon","coordinates":[[[89.76397,24.24705],[89.76397,24.24687],[89.76417,24.24686],[89.76416,24.24668],[89.76456,24.24667],[89.76455,24.24649],[89.76475,24.24649],[89.76474,24.24613],[89.76513,24.24594],[89.76512,24.2454],[89.76532,24.2454],[89.7653,24.24468],[89.7651,24.24468],[89.7651,24.2445],[89.7653,24.2445],[89.76529,24.24413],[89.76509,24.24414],[89.76508,24.2436],[89.76528,24.24359],[89.76527,24.24323],[89.76507,24.24324],[89.76506,24.24288],[89.76447,24.24289],[89.76448,24.24307],[89.76408,24.24307],[89.76409,24.24343],[89.76389,24.24344],[89.76389,24.24326],[89.76291,24.24328],[89.7629,24.24291],[89.7627,24.24292],[89.76269,24.2422],[89.76249,24.2422],[89.76249,24.24202],[89.7619,24.24203],[89.7619,24.24221],[89.7617,24.24221],[89.76171,24.24276],[89.76191,24.24275],[89.76192,24.24311],[89.76212,24.24311],[89.76212,24.24329],[89.76192,24.24329],[89.76193,24.24365],[89.76154,24.24384],[89.76155,24.24402],[89.76115,24.24403],[89.76116,24.24439],[89.76096,24.24439],[89.76097,24.24494],[89.76137,24.24511],[89.76138,24.24529],[89.76157,24.24529],[89.76157,24.2451],[89.76196,24.2451],[89.76197,24.24564],[89.76178,24.24564],[89.76178,24.246],[89.76238,24.24599],[89.76237,24.24581],[89.76257,24.24581],[89.76257,24.24599],[89.76297,24.24598],[89.76317,24.24634],[89.76337,24.24634],[89.76338,24.24706],[89.76358,24.24705],[89.76358,24.24723],[89.76397,24.24705]]]}},{"type":"Feature","properties":{"kind":"land","ha":8.0},"geometry":{"type":"Polygon","coordinates":[[[89.76658,24.24032],[89.76658,24.23996],[89.76697,24.23977],[89.76696,24.23959],[89.76716,24.23959],[89.76714,24.23887],[89.76734,24.23886],[89.76734,24.23868],[89.76773,24.23868],[89.76771,24.23777],[89.76731,24.2376],[89.76731,24.23742],[89.76711,24.23742],[89.7669,24.2367],[89.7667,24.23671],[89.7667,24.23653],[89.7663,24.23654],[89.7663,24.23635],[89.7661,24.23636],[89.76611,24.23654],[89.76571,24.23655],[89.76553,24.23691],[89.76533,24.23691],[89.76532,24.23673],[89.76493,24.23674],[89.76493,24.23692],[89.76474,24.23692],[89.76476,24.23801],[89.76437,24.23801],[89.76437,24.23819],[89.76418,24.2382],[89.76418,24.23856],[89.76458,24.23873],[89.76459,24.23909],[89.76478,24.23909],[89.76479,24.23927],[89.76558,24.23926],[89.76559,24.23998],[89.76599,24.24015],[89.76599,24.24033],[89.76619,24.24033],[89.76619,24.24051],[89.76658,24.24032]],[[89.76614,24.2378],[89.76652,24.23761],[89.76652,24.23743],[89.76691,24.23743],[89.76712,24.23778],[89.76751,24.23778],[89.76752,24.23814],[89.76732,24.23814],[89.76733,24.23832],[89.76654,24.23834],[89.76655,24.2387],[89.76616,24.23888],[89.76614,24.2378]],[[89.76573,24.23727],[89.76553,24.23727],[89.76572,24.23691],[89.76592,24.2369],[89.76593,24.23726],[89.76612,24.23726],[89.76613,24.23762],[89.76593,24.23762],[89.76573,24.23727]]]}},{"type":"Feature","properties":{"kind":"land","ha":3.0},"geometry":{"type":"Polygon","coordinates":[[[89.75272,24.23624],[89.75269,24.23498],[89.75289,24.23497],[89.75288,24.23461],[89.75307,24.23461],[89.75305,24.23371],[89.75266,24.23353],[89.75265,24.23317],[89.75245,24.23318],[89.75244,24.23264],[89.75224,24.23264],[89.75243,24.23191],[89.75223,24.23192],[89.75222,24.23156],[89.75202,24.23156],[89.75201,24.23102],[89.75162,24.23103],[89.75163,24.23157],[89.75183,24.23156],[89.75185,24.23265],[89.75205,24.23264],[89.75208,24.23409],[89.75228,24.23408],[89.7523,24.23535],[89.7525,24.23534],[89.7525,24.23552],[89.75231,24.23553],[89.75232,24.23607],[89.75252,24.23606],[89.75252,24.23624],[89.75272,24.23624]]]}},{"type":"Feature","properties":{"kind":"land","ha":77.3},"geometry":{"type":"Polygon","coordinates":[[[89.78314,24.25933],[89.7831,24.25753],[89.7833,24.25752],[89.78324,24.255],[89.78344,24.25499],[89.78341,24.25355],[89.78321,24.25355],[89.78319,24.25247],[89.78338,24.25247],[89.7833,24.24886],[89.7835,24.24886],[89.78344,24.24597],[89.78324,24.24597],[89.78322,24.24489],[89.78341,24.24489],[89.78338,24.24344],[89.78319,24.24345],[89.78316,24.24218],[89.78296,24.24219],[89.78295,24.24165],[89.78275,24.24165],[89.7827,24.2393],[89.78231,24.23931],[89.7823,24.23895],[89.7821,24.23895],[89.78211,24.23932],[89.78172,24.23932],[89.78171,24.23878],[89.78151,24.23878],[89.7815,24.23842],[89.7819,24.23842],[89.78189,24.23824],[89.78209,24.23823],[89.7821,24.23859],[89.78249,24.23859],[89.78229,24.23823],[89.78248,24.23823],[89.78248,24.23805],[89.78208,24.23805],[89.78208,24.23787],[89.78228,24.23787],[89.78225,24.23679],[89.78186,24.23697],[89.78186,24.23661],[89.78205,24.23661],[89.78205,24.23643],[89.78165,24.23626],[89.78163,24.23517],[89.78123,24.235],[89.78122,24.23464],[89.78103,24.23464],[89.78101,24.2341],[89.78121,24.2341],[89.7812,24.23374],[89.78101,24.23374],[89.78099,24.23302],[89.78079,24.23302],[89.78078,24.23248],[89.78059,24.23248],[89.78057,24.23176],[89.78037,24.23177],[89.78036,24.23122],[89.78016,24.23123],[89.78015,24.23033],[89.77995,24.23033],[89.77991,24.22871],[89.77972,24.22871],[89.77968,24.22691],[89.77948,24.22691],[89.77947,24.22637],[89.77967,24.22636],[89.77966,24.226],[89.77946,24.22601],[89.77941,24.22384],[89.77961,24.22384],[89.77958,24.22221],[89.77938,24.22222],[89.77939,24.22294],[89.7792,24.22294],[89.77921,24.2233],[89.77901,24.22331],[89.77903,24.22421],[89.77883,24.22421],[89.77886,24.22548],[89.77866,24.22548],[89.77867,24.22584],[89.77847,24.22584],[89.77848,24.22602],[89.77867,24.22602],[89.77868,24.22638],[89.77849,24.22639],[89.7785,24.22729],[89.77831,24.22729],[89.77833,24.22819],[89.77813,24.2282],[89.77821,24.23163],[89.7784,24.23162],[89.77844,24.23343],[89.77864,24.23342],[89.77866,24.2345],[89.77886,24.2345],[89.77888,24.23558],[89.77908,24.23558],[89.7791,24.23666],[89.7793,24.23666],[89.77932,24.23756],[89.77952,24.23756],[89.77955,24.23936],[89.77975,24.23936],[89.77977,24.24026],[89.77997,24.24026],[89.78002,24.2426],[89.78022,24.2426],[89.78027,24.24531],[89.78047,24.2453],[89.78049,24.24602],[89.78068,24.24602],[89.7807,24.24674],[89.7809,24.24674],[89.78091,24.24746],[89.78111,24.24746],[89.78134,24.24926],[89.78154,24.24925],[89.7816,24.25178],[89.78179,24.25178],[89.78184,24.25394],[89.78204,24.25394],[89.78204,24.2543],[89.78224,24.25429],[89.78227,24.25574],[89.78247,24.25573],[89.78252,24.2579],[89.78271,24.2579],[89.78274,24.25916],[89.78294,24.25915],[89.78294,24.25934],[89.78314,24.25933]],[[89.78258,24.25158],[89.78277,24.25158],[89.78278,24.25194],[89.78258,24.25194],[89.78258,24.25158]],[[89.78199,24.24293],[89.7818,24.24293],[89.78179,24.24257],[89.78159,24.24257],[89.78158,24.24221],[89.78139,24.24222],[89.78158,24.24185],[89.78197,24.24184],[89.78198,24.24239],[89.78218,24.24238],[89.78219,24.24274],[89.78238,24.24274],[89.78219,24.2431],[89.782,24.24311],[89.78199,24.24293]],[[89.78256,24.24201],[89.78276,24.24201],[89.78277,24.24219],[89.78257,24.24219],[89.78256,24.24201]],[[89.78129,24.23771],[89.78168,24.2377],[89.78169,24.23806],[89.7813,24.23807],[89.78129,24.23771]],[[89.78168,24.23734],[89.78207,24.23733],[89.78208,24.23769],[89.78188,24.2377],[89.78168,24.23734]]]}},{"type":"Feature","properties":{"kind":"land","ha":6.0},"geometry":{"type":"Polygon","coordinates":[[[89.7377,24.22424],[89.73768,24.2237],[89.73749,24.2237],[89.73747,24.2228],[89.73707,24.22262],[89.73707,24.22244],[89.73687,24.22245],[89.73687,24.22227],[89.73667,24.22227],[89.73667,24.22209],[89.73647,24.22209],[89.73646,24.22191],[89.73666,24.22191],[89.73666,24.22173],[89.73705,24.22172],[89.73706,24.2219],[89.73745,24.2219],[89.73744,24.22135],[89.73724,24.22136],[89.73724,24.22118],[89.73645,24.22119],[89.73645,24.22137],[89.73626,24.22137],[89.73625,24.22119],[89.73547,24.22121],[89.73547,24.22139],[89.73527,24.22139],[89.73528,24.22193],[89.73548,24.22193],[89.73548,24.22211],[89.7347,24.22231],[89.73452,24.22303],[89.7355,24.22301],[89.73571,24.22337],[89.73591,24.22337],[89.73591,24.22355],[89.73611,24.22354],[89.73611,24.22372],[89.73631,24.22372],[89.73631,24.2239],[89.73651,24.2239],[89.73651,24.22408],[89.7369,24.22407],[89.73691,24.22425],[89.7377,24.22424]],[[89.73688,24.22299],[89.73727,24.22298],[89.73728,24.22334],[89.73689,24.22335],[89.73688,24.22299]]]}},{"type":"Feature","properties":{"kind":"land","ha":35.3},"geometry":{"type":"Polygon","coordinates":[[[89.74223,24.23372],[89.7422,24.23228],[89.74239,24.23228],[89.74238,24.23137],[89.74257,24.23137],[89.74255,24.23047],[89.74236,24.23047],[89.74235,24.23011],[89.74255,24.23011],[89.74253,24.2292],[89.74213,24.22903],[89.74211,24.22795],[89.74171,24.22777],[89.7417,24.22741],[89.7413,24.22724],[89.7413,24.22706],[89.7411,24.22706],[89.74109,24.2267],[89.7409,24.22671],[89.74089,24.22635],[89.74069,24.22635],[89.74069,24.22599],[89.74049,24.22599],[89.74048,24.22581],[89.74029,24.22581],[89.7403,24.22618],[89.74049,24.22617],[89.7405,24.22653],[89.7407,24.22653],[89.7407,24.22689],[89.7409,24.22689],[89.74091,24.22725],[89.74111,24.22724],[89.74111,24.22761],[89.74131,24.2276],[89.74132,24.22814],[89.74152,24.22814],[89.74154,24.22922],[89.74174,24.22922],[89.74177,24.23048],[89.74157,24.23048],[89.74159,24.23139],[89.74139,24.23139],[89.74141,24.23247],[89.74082,24.23248],[89.74082,24.2323],[89.74003,24.23232],[89.74003,24.23214],[89.73924,24.23215],[89.73924,24.23197],[89.73885,24.23198],[89.73884,24.2318],[89.73825,24.23181],[89.73825,24.23163],[89.73785,24.23163],[89.73785,24.23145],[89.73746,24.23146],[89.73725,24.2311],[89.73666,24.23111],[89.73666,24.23093],[89.73626,24.23094],[89.73606,24.23058],[89.73586,24.23059],[89.73586,24.23041],[89.73507,24.23024],[89.73486,24.22988],[89.73447,24.22989],[89.73427,24.22953],[89.73407,24.22954],[89.73407,24.22936],[89.73387,24.22936],[89.73386,24.22918],[89.73367,24.22918],[89.73366,24.229],[89.73327,24.22901],[89.73307,24.22865],[89.73287,24.22866],[89.73287,24.22848],[89.73208,24.22849],[89.73207,24.22831],[89.73109,24.22833],[89.73089,24.22797],[89.7303,24.22798],[89.73029,24.2278],[89.7299,24.22781],[89.72989,24.22763],[89.7295,24.22763],[89.7293,24.22728],[89.7289,24.22728],[89.7287,24.22693],[89.72791,24.22676],[89.7277,24.2264],[89.72731,24.22641],[89.72731,24.22623],[89.72711,24.22623],[89.72711,24.22605],[89.72671,24.22606],[89.72651,24.2257],[89.72631,24.22571],[89.72631,24.22552],[89.72611,24.22553],[89.72611,24.22535],[89.72591,24.22535],[89.72591,24.22517],[89.72571,24.22517],[89.72571,24.22499],[89.72531,24.225],[89.7253,24.22464],[89.72511,24.22464],[89.7251,24.22446],[89.72431,24.2243],[89.72411,24.22394],[89.72391,24.22394],[89.72391,24.22376],[89.72371,24.22377],[89.72371,24.22359],[89.72292,24.22342],[89.72271,24.22306],[89.72251,24.22307],[89.72251,24.22289],[89.72212,24.22289],[89.72211,24.22253],[89.72191,24.22253],[89.72191,24.22235],[89.72152,24.22236],[89.72131,24.222],[89.72111,24.22201],[89.72111,24.22183],[89.72091,24.22183],[89.72091,24.22165],[89.72071,24.22165],[89.72071,24.22147],[89.72051,24.22148],[89.72051,24.22112],[89.72011,24.22112],[89.72011,24.22094],[89.71991,24.22095],[89.7199,24.22059],[89.71951,24.22041],[89.7195,24.22023],[89.71931,24.22023],[89.7193,24.22005],[89.7191,24.22006],[89.7191,24.21988],[89.7189,24.21988],[89.7189,24.2197],[89.7187,24.2197],[89.7187,24.21952],[89.7185,24.21953],[89.7185,24.21935],[89.7183,24.21935],[89.7183,24.21917],[89.7181,24.21917],[89.71811,24.21953],[89.71851,24.21971],[89.71851,24.21989],[89.71871,24.21988],[89.71872,24.22061],[89.71892,24.2206],[89.71893,24.22096],[89.71932,24.22114],[89.71933,24.22132],[89.71953,24.22131],[89.71953,24.22167],[89.71993,24.22185],[89.71994,24.22221],[89.72034,24.22238],[89.72034,24.22256],[89.72054,24.22256],[89.72054,24.22292],[89.72094,24.22309],[89.72094,24.22327],[89.72134,24.22327],[89.72134,24.22345],[89.72193,24.22344],[89.72194,24.22362],[89.72233,24.22361],[89.72233,24.22379],[89.72273,24.22378],[89.72293,24.22414],[89.72332,24.22413],[89.72353,24.22449],[89.72373,24.22449],[89.72373,24.22467],[89.72412,24.22466],[89.72433,24.22502],[89.72452,24.22502],[89.72453,24.2252],[89.72473,24.22519],[89.72473,24.22537],[89.72493,24.22537],[89.72493,24.22573],[89.72533,24.2259],[89.72533,24.22608],[89.72553,24.22608],[89.72554,24.22626],[89.72573,24.22626],[89.72574,24.22644],[89.72593,24.22643],[89.72594,24.22661],[89.72613,24.22661],[89.72614,24.22679],[89.72633,24.22679],[89.72634,24.22697],[89.72653,24.22696],[89.72654,24.22715],[89.72673,24.22714],[89.72674,24.22732],[89.72694,24.22732],[89.72694,24.2275],[89.72714,24.2275],[89.72714,24.22768],[89.72753,24.22767],[89.72774,24.22803],[89.72853,24.22819],[89.72853,24.22837],[89.72912,24.22836],[89.72933,24.22872],[89.73012,24.22889],[89.73012,24.22907],[89.73052,24.22906],[89.73052,24.22924],[89.73131,24.22923],[89.73131,24.22941],[89.7317,24.2294],[89.73191,24.22976],[89.7327,24.22992],[89.7329,24.23028],[89.7331,24.23028],[89.7331,24.23046],[89.7339,24.23062],[89.7339,24.2308],[89.73429,24.2308],[89.7343,24.23098],[89.73469,24.23097],[89.73469,24.23115],[89.73509,24.23114],[89.73509,24.23132],[89.73548,24.23132],[89.73549,24.2315],[89.73588,24.23149],[89.73589,24.23167],[89.73628,24.23166],[89.73628,24.23184],[89.73668,24.23184],[89.73668,24.23202],[89.73707,24.23201],[89.73728,24.23237],[89.73807,24.23253],[89.73807,24.23271],[89.73847,24.23271],[89.73847,24.23289],[89.73906,24.23288],[89.73907,24.23306],[89.73985,24.23304],[89.73986,24.23322],[89.74025,24.23322],[89.74025,24.2334],[89.74045,24.23339],[89.74045,24.23357],[89.74104,24.23356],[89.74105,24.23374],[89.74223,24.23372]]]}},{"type":"Feature","properties":{"kind":"land","ha":12.0},"geometry":{"type":"Polygon","coordinates":[[[89.74077,24.22075],[89.74076,24.22039],[89.74037,24.22022],[89.74036,24.22004],[89.74016,24.22004],[89.74016,24.21968],[89.73976,24.21951],[89.73976,24.21933],[89.73956,24.21933],[89.73955,24.21915],[89.73936,24.21915],[89.73935,24.21897],[89.73916,24.21898],[89.73915,24.2188],[89.73896,24.2188],[89.73895,24.21862],[89.73876,24.21862],[89.73875,24.21844],[89.73856,24.21845],[89.73855,24.21827],[89.73836,24.21827],[89.73835,24.21809],[89.73815,24.21809],[89.73815,24.21791],[89.73795,24.21791],[89.73795,24.21773],[89.73775,24.21774],[89.73775,24.21756],[89.73755,24.21756],[89.73755,24.21738],[89.73735,24.21738],[89.73735,24.2172],[89.73715,24.21721],[89.73715,24.21703],[89.73675,24.21703],[89.73655,24.21668],[89.73616,24.21668],[89.73595,24.21633],[89.73576,24.21633],[89.73575,24.21615],[89.73536,24.21616],[89.73515,24.2158],[89.73496,24.2158],[89.73495,24.21562],[89.73397,24.21564],[89.73378,24.216],[89.73358,24.21601],[89.73359,24.21619],[89.73339,24.21619],[89.73337,24.21547],[89.73318,24.21547],[89.73318,24.21565],[89.73299,24.21566],[89.73299,24.21602],[89.73319,24.21601],[89.7332,24.21638],[89.733,24.21638],[89.733,24.21656],[89.73261,24.21657],[89.73261,24.21639],[89.73241,24.21639],[89.7324,24.21603],[89.73201,24.21604],[89.73182,24.2164],[89.73084,24.21642],[89.73084,24.2166],[89.72966,24.21662],[89.72966,24.2168],[89.72868,24.21682],[89.72868,24.21664],[89.7275,24.21666],[89.7275,24.21684],[89.72652,24.21686],[89.72652,24.21704],[89.7275,24.21702],[89.72751,24.2172],[89.72869,24.21718],[89.72869,24.21736],[89.72968,24.21734],[89.72968,24.21752],[89.73007,24.21751],[89.73008,24.2177],[89.73224,24.21766],[89.73224,24.21748],[89.73322,24.21746],[89.7336,24.21673],[89.73439,24.21672],[89.73438,24.21654],[89.73497,24.21652],[89.73498,24.21689],[89.73518,24.21688],[89.73518,24.21706],[89.73538,24.21706],[89.73537,24.21688],[89.73577,24.21687],[89.73577,24.21705],[89.73636,24.21704],[89.73637,24.2174],[89.73657,24.2174],[89.73657,24.21758],[89.73736,24.21775],[89.73736,24.21793],[89.73756,24.21792],[89.73757,24.21828],[89.73796,24.21828],[89.73817,24.21863],[89.73856,24.21863],[89.73876,24.21898],[89.73896,24.21898],[89.73897,24.21934],[89.73937,24.21951],[89.73937,24.21969],[89.73957,24.21969],[89.73957,24.21987],[89.73977,24.21987],[89.73977,24.22005],[89.73997,24.22004],[89.73997,24.22023],[89.74017,24.22022],[89.74017,24.2204],[89.74037,24.2204],[89.74037,24.22058],[89.74057,24.22058],[89.74057,24.22076],[89.74077,24.22075]]]}},{"type":"Feature","properties":{"kind":"land","ha":3.2},"geometry":{"type":"Polygon","coordinates":[[[89.73336,24.21493],[89.73355,24.21456],[89.73395,24.21456],[89.73393,24.21402],[89.73374,24.21402],[89.73373,24.21366],[89.73353,24.21366],[89.73352,24.21294],[89.73332,24.21294],[89.73331,24.21258],[89.73292,24.21241],[89.7329,24.21187],[89.73271,24.21187],[89.73252,24.21224],[89.73232,24.21224],[89.73233,24.21278],[89.73273,24.21277],[89.73275,24.21386],[89.73315,24.21403],[89.73316,24.21439],[89.73296,24.21439],[89.73295,24.21421],[89.73256,24.21422],[89.73236,24.21386],[89.73196,24.21387],[89.73196,24.21351],[89.73176,24.21351],[89.73177,24.21405],[89.73217,24.21423],[89.73217,24.21441],[89.73237,24.21441],[89.73238,24.21477],[89.73297,24.21476],[89.73297,24.21494],[89.73336,24.21493]]]}},{"type":"Feature","properties":{"kind":"land","ha":4.7},"geometry":{"type":"Polygon","coordinates":[[[89.78309,24.20284],[89.78309,24.20266],[89.78348,24.20265],[89.78348,24.20247],[89.78387,24.20246],[89.78387,24.20228],[89.78406,24.20228],[89.78405,24.20192],[89.78444,24.20173],[89.78443,24.20119],[89.78463,24.20118],[89.78462,24.20082],[89.78482,24.20082],[89.78481,24.20046],[89.78501,24.20046],[89.785,24.20009],[89.7852,24.20009],[89.78519,24.19991],[89.78559,24.1999],[89.78557,24.19936],[89.78596,24.19917],[89.78596,24.19899],[89.78616,24.19899],[89.78615,24.19863],[89.78576,24.19882],[89.78576,24.199],[89.78557,24.199],[89.78557,24.19918],[89.78537,24.19919],[89.78538,24.19937],[89.78498,24.19937],[89.78499,24.19955],[89.78479,24.19956],[89.7848,24.19992],[89.78441,24.20011],[89.78423,24.20083],[89.78403,24.20083],[89.78405,24.20156],[89.78365,24.20156],[89.78366,24.20174],[89.78346,24.20175],[89.78346,24.20157],[89.78326,24.20157],[89.78325,24.20121],[89.78286,24.20122],[89.78286,24.2014],[89.78247,24.2014],[89.78228,24.20177],[89.78208,24.20177],[89.78209,24.20195],[89.78169,24.20196],[89.7817,24.20214],[89.7815,24.20214],[89.78151,24.2025],[89.7819,24.2025],[89.78191,24.20268],[89.7825,24.20267],[89.7825,24.20285],[89.78309,24.20284]]]}},{"type":"Feature","properties":{"kind":"land","ha":40.4},"geometry":{"type":"Polygon","coordinates":[[[89.70206,24.21459],[89.70206,24.2144],[89.70186,24.21441],[89.70185,24.21387],[89.70165,24.21387],[89.70165,24.21351],[89.70145,24.21351],[89.70144,24.21315],[89.70124,24.21316],[89.70123,24.21225],[89.70103,24.21226],[89.70102,24.2119],[89.70082,24.2119],[89.70061,24.21082],[89.70041,24.21082],[89.7004,24.21046],[89.7002,24.21047],[89.70018,24.20938],[89.69998,24.20939],[89.69997,24.20885],[89.69978,24.20885],[89.69974,24.20723],[89.69955,24.20723],[89.69952,24.20597],[89.69932,24.20597],[89.69931,24.20525],[89.69911,24.20525],[89.69908,24.20381],[89.69888,24.20381],[89.69886,24.20255],[89.69866,24.20255],[89.69864,24.20183],[89.69845,24.20183],[89.69844,24.20129],[89.69824,24.2013],[89.69823,24.20075],[89.69803,24.20076],[89.69802,24.20022],[89.69782,24.20022],[89.69781,24.19968],[89.69762,24.19968],[89.69761,24.19932],[89.69721,24.19915],[89.69721,24.19897],[89.69701,24.19897],[89.697,24.19861],[89.69661,24.19844],[89.6966,24.19808],[89.6962,24.1979],[89.6962,24.19772],[89.696,24.19773],[89.69601,24.19827],[89.69621,24.19826],[89.69623,24.19935],[89.69643,24.19934],[89.69644,24.20006],[89.69664,24.20006],[89.69667,24.20132],[89.69647,24.20133],[89.69647,24.20151],[89.69667,24.2015],[89.69673,24.20457],[89.69693,24.20457],[89.69697,24.20637],[89.69717,24.20637],[89.69718,24.20709],[89.69738,24.20709],[89.69739,24.20763],[89.69719,24.20763],[89.69721,24.20835],[89.6974,24.20835],[89.69741,24.20871],[89.69761,24.20871],[89.69763,24.20979],[89.69783,24.20979],[89.69784,24.21033],[89.69804,24.21032],[89.69805,24.21105],[89.69825,24.21104],[89.69826,24.21158],[89.69846,24.21158],[89.69847,24.21212],[89.69886,24.2123],[89.69887,24.21266],[89.69907,24.21265],[89.69908,24.21337],[89.69928,24.21337],[89.69929,24.21373],[89.69969,24.21391],[89.69969,24.21409],[89.69989,24.21408],[89.69989,24.21426],[89.70009,24.21426],[89.70009,24.21462],[89.70029,24.21462],[89.7003,24.21516],[89.7007,24.21533],[89.7007,24.21551],[89.7009,24.21551],[89.70091,24.21587],[89.7013,24.21568],[89.70129,24.21532],[89.70188,24.21531],[89.70169,24.21567],[89.70189,24.21567],[89.7019,24.21603],[89.7015,24.21586],[89.70131,24.21622],[89.7017,24.21622],[89.70171,24.21658],[89.70211,24.21675],[89.70211,24.21693],[89.70231,24.21693],[89.70231,24.21711],[89.70271,24.2171],[89.70272,24.21764],[89.70291,24.21764],[89.70292,24.21782],[89.70272,24.21782],[89.70272,24.218],[89.70292,24.218],[89.70293,24.21818],[89.70332,24.21817],[89.70313,24.21854],[89.70411,24.21852],[89.70411,24.21816],[89.70371,24.21799],[89.7037,24.21762],[89.7035,24.21763],[89.7035,24.21745],[89.7033,24.21745],[89.70329,24.21691],[89.7031,24.21691],[89.70309,24.21655],[89.70289,24.21656],[89.70288,24.21601],[89.70268,24.21602],[89.70268,24.21566],[89.70228,24.21548],[89.70227,24.2153],[89.70208,24.21531],[89.70207,24.21477],[89.70167,24.21477],[89.70167,24.21459],[89.70206,24.21459]],[[89.70147,24.2146],[89.70127,24.21424],[89.70166,24.21423],[89.70167,24.21459],[89.70147,24.2146]],[[89.70049,24.21461],[89.70088,24.21461],[89.70089,24.21497],[89.7005,24.21497],[89.70049,24.21461]],[[89.70067,24.21389],[89.70087,24.21388],[89.70087,24.21406],[89.70067,24.21407],[89.70067,24.21389]],[[89.69967,24.21318],[89.69968,24.21372],[89.69949,24.21373],[89.69947,24.21283],[89.69966,24.21282],[89.69967,24.213],[89.70006,24.213],[89.70007,24.21336],[89.69967,24.21318]],[[89.70026,24.21335],[89.70027,24.21353],[89.70007,24.21354],[89.70007,24.21336],[89.70026,24.21335]],[[89.69964,24.21192],[89.69984,24.21192],[89.69984,24.2121],[89.69965,24.2121],[89.69964,24.21192]],[[89.69865,24.21122],[89.69884,24.21121],[89.69885,24.21175],[89.69866,24.21176],[89.69865,24.21122]],[[89.69963,24.21138],[89.69983,24.21138],[89.69983,24.21156],[89.69964,24.21156],[89.69963,24.21138]],[[89.69942,24.21084],[89.69962,24.21084],[89.69963,24.2112],[89.69943,24.2112],[89.69942,24.21084]],[[89.69903,24.21085],[89.69923,24.21084],[89.69923,24.21103],[89.69904,24.21103],[89.69903,24.21085]],[[89.69823,24.20996],[89.69842,24.20996],[89.69843,24.21032],[89.69823,24.21032],[89.69823,24.20996]],[[89.69882,24.20995],[89.69901,24.20995],[89.69902,24.21013],[89.69882,24.21013],[89.69882,24.20995]],[[89.6984,24.20869],[89.69879,24.20869],[89.6988,24.20905],[89.6984,24.20905],[89.6984,24.20869]],[[89.69878,24.20815],[89.69877,24.20796],[89.69897,24.20796],[89.69898,24.20832],[89.69858,24.20833],[89.69858,24.20815],[89.69878,24.20815]],[[89.69819,24.20816],[89.69818,24.20798],[89.69858,24.20797],[89.69858,24.20815],[89.69819,24.20816]],[[89.69855,24.20671],[89.69835,24.20671],[89.69835,24.20635],[89.69874,24.20652],[89.69875,24.2067],[89.69914,24.20669],[89.69915,24.20706],[89.69875,24.20706],[89.69855,24.20671]],[[89.69776,24.20654],[89.69815,24.20653],[89.69816,24.20689],[89.69777,24.2069],[89.69776,24.20654]],[[89.6985,24.20418],[89.69869,24.20418],[89.6987,24.20436],[89.6985,24.20436],[89.6985,24.20418]],[[89.6981,24.20401],[89.6979,24.20401],[89.6979,24.20383],[89.6981,24.20383],[89.6981,24.20401]],[[89.69808,24.2031],[89.69847,24.2031],[89.69849,24.20364],[89.6981,24.20383],[89.69808,24.2031]],[[89.69788,24.20311],[89.69788,24.20275],[89.69807,24.20274],[89.69808,24.2031],[89.69788,24.20311]],[[89.69806,24.20202],[89.69825,24.20202],[89.69827,24.20274],[89.69807,24.20274],[89.69806,24.20202]],[[89.69749,24.20293],[89.69768,24.20293],[89.6977,24.20347],[89.6975,24.20347],[89.69749,24.20293]],[[89.69729,24.20276],[89.69689,24.20276],[89.69689,24.2024],[89.69728,24.2024],[89.69729,24.20276]],[[89.69727,24.20203],[89.69766,24.20203],[89.69768,24.20257],[89.69748,24.20257],[89.69748,24.20239],[89.69728,24.2024],[89.69727,24.20203]],[[89.69688,24.20204],[89.69707,24.20204],[89.69708,24.20222],[89.69688,24.20222],[89.69688,24.20204]]]}},{"type":"Feature","properties":{"kind":"land","ha":10.6},"geometry":{"type":"Polygon","coordinates":[[[89.71169,24.20431],[89.71168,24.20413],[89.71188,24.20412],[89.71187,24.20358],[89.71167,24.20358],[89.71165,24.20268],[89.71185,24.20268],[89.71183,24.20196],[89.71203,24.20195],[89.71202,24.20159],[89.71222,24.20159],[89.71221,24.20123],[89.7126,24.20104],[89.71259,24.20068],[89.71279,24.20068],[89.71278,24.20013],[89.71317,24.19995],[89.71315,24.19923],[89.71296,24.19923],[89.71296,24.19959],[89.71277,24.19959],[89.71275,24.19905],[89.71216,24.19906],[89.71216,24.19888],[89.71196,24.19889],[89.71213,24.19744],[89.71193,24.19744],[89.71194,24.19762],[89.71154,24.19763],[89.71155,24.19781],[89.71056,24.19783],[89.71055,24.19711],[89.71035,24.19711],[89.71016,24.19747],[89.70997,24.19748],[89.70997,24.19766],[89.70977,24.19766],[89.70978,24.19802],[89.70958,24.19803],[89.70959,24.19821],[89.709,24.19822],[89.70899,24.19804],[89.7086,24.19804],[89.70861,24.1984],[89.70822,24.19859],[89.70822,24.19877],[89.70803,24.19878],[89.70803,24.19896],[89.70783,24.19896],[89.70784,24.19914],[89.70764,24.19914],[89.70765,24.1995],[89.70745,24.19951],[89.70746,24.19969],[89.70726,24.19969],[89.70727,24.20023],[89.70786,24.20022],[89.70805,24.19986],[89.70825,24.19985],[89.70824,24.19967],[89.70844,24.19967],[89.70843,24.19931],[89.70902,24.1993],[89.70902,24.19912],[89.70882,24.19912],[89.70881,24.19876],[89.70901,24.19876],[89.70901,24.19858],[89.7094,24.19857],[89.7094,24.19839],[89.70979,24.19838],[89.7098,24.19874],[89.71019,24.19874],[89.71019,24.19892],[89.71039,24.19891],[89.7104,24.19927],[89.71001,24.19946],[89.71021,24.19982],[89.71159,24.19979],[89.71159,24.19961],[89.71178,24.19961],[89.71183,24.20178],[89.71163,24.20178],[89.71164,24.20232],[89.71145,24.20232],[89.71148,24.20395],[89.71128,24.20395],[89.7113,24.20449],[89.71169,24.20431]]]}},{"type":"Feature","properties":{"kind":"land","ha":12.9},"geometry":{"type":"Polygon","coordinates":[[[89.76395,24.20048],[89.76394,24.20012],[89.76434,24.20011],[89.76433,24.19975],[89.76413,24.19975],[89.76411,24.19885],[89.76451,24.19884],[89.76449,24.1983],[89.7643,24.19831],[89.76428,24.19758],[89.76448,24.19758],[89.76446,24.19686],[89.76466,24.19686],[89.76463,24.19541],[89.76443,24.19542],[89.76442,24.19469],[89.76402,24.1947],[89.76403,24.19488],[89.76383,24.19488],[89.76362,24.19417],[89.76342,24.19417],[89.76341,24.19363],[89.76282,24.19364],[89.76282,24.19382],[89.76302,24.19382],[89.76304,24.1949],[89.76265,24.19509],[89.76266,24.19545],[89.76247,24.19545],[89.76247,24.19563],[89.76208,24.19564],[89.76208,24.196],[89.76228,24.196],[89.7623,24.19672],[89.7621,24.19672],[89.76211,24.19744],[89.76231,24.19744],[89.76232,24.19762],[89.76193,24.19781],[89.76172,24.19745],[89.76113,24.19746],[89.76113,24.19764],[89.76094,24.19764],[89.76098,24.19945],[89.76137,24.19926],[89.76136,24.19908],[89.76176,24.19907],[89.76175,24.19871],[89.76194,24.19871],[89.76194,24.19835],[89.76213,24.19834],[89.76213,24.19816],[89.76311,24.19815],[89.76311,24.19797],[89.76331,24.19796],[89.7633,24.19778],[89.76311,24.19779],[89.76309,24.19724],[89.76329,24.19724],[89.76329,24.19742],[89.76349,24.19742],[89.76351,24.1985],[89.76332,24.1985],[89.76336,24.20049],[89.76395,24.20048]]]}},{"type":"Feature","properties":{"kind":"land","ha":8.7},"geometry":{"type":"Polygon","coordinates":[[[89.72127,24.20161],[89.72126,24.20125],[89.72107,24.20125],[89.72106,24.20107],[89.72126,24.20107],[89.72124,24.20034],[89.72085,24.20017],[89.72084,24.19999],[89.72065,24.19999],[89.72043,24.19892],[89.72023,24.19892],[89.72022,24.19856],[89.72003,24.19856],[89.72001,24.19766],[89.71981,24.19766],[89.7198,24.1973],[89.71961,24.19731],[89.7196,24.19694],[89.7194,24.19695],[89.71939,24.19659],[89.7192,24.19659],[89.71918,24.19569],[89.71898,24.19569],[89.71897,24.19515],[89.71877,24.19515],[89.71877,24.19479],[89.71857,24.1948],[89.71856,24.19444],[89.71836,24.19444],[89.71836,24.19426],[89.71816,24.19426],[89.71817,24.19462],[89.71719,24.19464],[89.7172,24.195],[89.7168,24.19501],[89.71681,24.19537],[89.71701,24.19537],[89.71701,24.19573],[89.71721,24.19572],[89.71722,24.19608],[89.71762,24.19626],[89.71783,24.19698],[89.71822,24.19715],[89.71823,24.19751],[89.71863,24.19768],[89.71864,24.19804],[89.71903,24.19822],[89.71904,24.1984],[89.71924,24.19839],[89.71924,24.19876],[89.71964,24.19893],[89.71964,24.19911],[89.71984,24.19911],[89.71985,24.19947],[89.72005,24.19946],[89.72005,24.19964],[89.72025,24.19964],[89.72006,24.2],[89.72025,24.2],[89.72026,24.20036],[89.72065,24.20036],[89.72066,24.20054],[89.72085,24.20053],[89.72087,24.20143],[89.72107,24.20143],[89.72107,24.20161],[89.72127,24.20161]],[[89.71943,24.19821],[89.71923,24.19821],[89.71922,24.19785],[89.71961,24.19767],[89.71962,24.19785],[89.71981,24.19784],[89.71983,24.19838],[89.71943,24.19839],[89.71943,24.19821]]]}},{"type":"Feature","properties":{"kind":"land","ha":4.1},"geometry":{"type":"Polygon","coordinates":[[[89.78336,24.18803],[89.78336,24.18785],[89.78355,24.18785],[89.78354,24.18749],[89.78393,24.1873],[89.78393,24.18712],[89.78413,24.18711],[89.78412,24.18693],[89.78452,24.18693],[89.78451,24.18675],[89.78471,24.18674],[89.78468,24.18548],[89.78389,24.18549],[89.78389,24.18531],[89.78369,24.18532],[89.78351,24.18568],[89.78331,24.18569],[89.78331,24.18587],[89.78312,24.18587],[89.78312,24.18605],[89.78292,24.18605],[89.78293,24.18659],[89.78255,24.18678],[89.78257,24.18786],[89.78277,24.18786],[89.78277,24.18804],[89.78336,24.18803]]]}},{"type":"Feature","properties":{"kind":"land","ha":6.5},"geometry":{"type":"Polygon","coordinates":[[[89.70022,24.19278],[89.70021,24.19224],[89.7006,24.19205],[89.70059,24.19151],[89.70079,24.1915],[89.70078,24.19114],[89.70098,24.19114],[89.70095,24.1897],[89.70075,24.1897],[89.70074,24.18916],[89.70094,24.18915],[89.70093,24.18879],[89.70112,24.18879],[89.70111,24.18825],[89.70092,24.18825],[89.70092,24.18861],[89.70073,24.18862],[89.70074,24.18898],[89.70054,24.18898],[89.70055,24.18934],[89.70016,24.18953],[89.70016,24.18989],[89.69997,24.18989],[89.69998,24.19043],[89.69978,24.19044],[89.69979,24.19062],[89.6992,24.19063],[89.69918,24.19009],[89.69899,24.19009],[89.69896,24.18901],[89.69877,24.18901],[89.69875,24.18793],[89.69855,24.18793],[89.69853,24.18721],[89.69834,24.18721],[89.69833,24.18685],[89.69813,24.18686],[89.69816,24.18794],[89.69835,24.18794],[89.69836,24.18848],[89.69817,24.18848],[89.69818,24.1892],[89.69838,24.1892],[89.69839,24.18956],[89.69858,24.18956],[89.6988,24.19064],[89.699,24.19063],[89.69901,24.19099],[89.6992,24.19099],[89.69922,24.19171],[89.69942,24.19171],[89.69943,24.19225],[89.69962,24.19225],[89.69963,24.19261],[89.69983,24.1926],[89.69983,24.19278],[89.70022,24.19278]]]}},{"type":"Feature","properties":{"kind":"land","ha":3.4},"geometry":{"type":"Polygon","coordinates":[[[89.69876,24.17944],[89.69876,24.17908],[89.69895,24.17908],[89.69894,24.17854],[89.69914,24.17854],[89.69913,24.17799],[89.69893,24.178],[89.69891,24.1771],[89.69832,24.17711],[89.69812,24.17675],[89.69792,24.17675],[89.69792,24.17693],[89.69773,24.17694],[89.69773,24.1773],[89.69754,24.1773],[89.69756,24.1782],[89.69775,24.1782],[89.69778,24.17928],[89.69856,24.17927],[89.69857,24.17945],[89.69876,24.17944]]]}},{"type":"Feature","properties":{"kind":"land","ha":27.2},"geometry":{"type":"Polygon","coordinates":[[[89.75558,24.20478],[89.75557,24.20424],[89.75577,24.20424],[89.7557,24.20099],[89.75589,24.20098],[89.75584,24.19846],[89.75604,24.19846],[89.756,24.19701],[89.7562,24.19701],[89.75619,24.19629],[89.75638,24.19628],[89.75654,24.19448],[89.75674,24.19447],[89.75673,24.19393],[89.75692,24.19393],[89.75691,24.19339],[89.75711,24.19338],[89.7571,24.19302],[89.7573,24.19302],[89.75729,24.19266],[89.75749,24.19265],[89.75747,24.19193],[89.75767,24.19193],[89.75765,24.19139],[89.75785,24.19138],[89.75784,24.19084],[89.75804,24.19084],[89.75803,24.19048],[89.75823,24.19047],[89.7582,24.18939],[89.7584,24.18939],[89.7584,24.18921],[89.7582,24.18921],[89.75819,24.18903],[89.75839,24.18903],[89.75838,24.18867],[89.75858,24.18866],[89.75857,24.18812],[89.75877,24.18812],[89.75876,24.18776],[89.75895,24.18775],[89.75895,24.18739],[89.75914,24.18739],[89.75914,24.18703],[89.75933,24.18702],[89.75932,24.18666],[89.75971,24.18648],[89.75989,24.18575],[89.76009,24.18575],[89.76008,24.18539],[89.76028,24.18538],[89.76027,24.18484],[89.76066,24.18465],[89.76084,24.18393],[89.76104,24.18392],[89.76103,24.18356],[89.76142,24.18338],[89.7616,24.18265],[89.76199,24.18246],[89.76217,24.18174],[89.76237,24.18173],[89.76236,24.18137],[89.76256,24.18137],[89.76255,24.18101],[89.76294,24.18082],[89.76293,24.18046],[89.76313,24.18046],[89.76311,24.17992],[89.76331,24.17991],[89.7633,24.17937],[89.76369,24.17918],[89.76368,24.179],[89.76388,24.179],[89.76387,24.17864],[89.76407,24.17864],[89.76404,24.17701],[89.76423,24.17701],[89.76423,24.17683],[89.76403,24.17683],[89.76402,24.17647],[89.76422,24.17647],[89.7642,24.17538],[89.764,24.17539],[89.76402,24.17611],[89.76382,24.17611],[89.76385,24.17738],[89.76365,24.17738],[89.76366,24.17774],[89.76346,24.17774],[89.76346,24.17792],[89.76327,24.17793],[89.76309,24.17865],[89.76289,24.17866],[89.7629,24.17902],[89.7627,24.17902],[89.76271,24.17956],[89.76252,24.17957],[89.76252,24.17993],[89.76213,24.18011],[89.76214,24.18048],[89.76195,24.18048],[89.76195,24.18066],[89.76175,24.18066],[89.76176,24.18102],[89.76137,24.18121],[89.76138,24.18157],[89.76099,24.18176],[89.76099,24.18194],[89.7608,24.18194],[89.7608,24.18212],[89.7606,24.18213],[89.76061,24.18231],[89.76041,24.18231],[89.76041,24.18249],[89.76022,24.1825],[89.76022,24.18268],[89.76003,24.18268],[89.76003,24.18304],[89.75984,24.18304],[89.75985,24.18359],[89.75965,24.18359],[89.75966,24.18395],[89.75946,24.18395],[89.75947,24.18449],[89.75908,24.18468],[89.7589,24.18541],[89.75871,24.18541],[89.75871,24.18577],[89.75833,24.18596],[89.75814,24.18668],[89.75775,24.18687],[89.75776,24.18723],[89.75757,24.18724],[89.75759,24.18832],[89.75739,24.18832],[89.7574,24.18868],[89.7572,24.18869],[89.75723,24.18977],[89.75703,24.18977],[89.75705,24.19068],[89.75685,24.19068],[89.75687,24.19158],[89.75668,24.19158],[89.75669,24.19213],[89.75649,24.19213],[89.7565,24.19249],[89.7563,24.19249],[89.75631,24.19285],[89.75611,24.19286],[89.75612,24.19322],[89.75592,24.19322],[89.75594,24.19413],[89.75575,24.19413],[89.75579,24.19611],[89.75559,24.19612],[89.75561,24.19702],[89.75541,24.19702],[89.75548,24.19991],[89.75528,24.19991],[89.75529,24.20045],[89.75549,24.20045],[89.75557,24.20406],[89.75537,24.20406],[89.75538,24.20478],[89.75558,24.20478]]]}},{"type":"Feature","properties":{"kind":"land","ha":7.7},"geometry":{"type":"Polygon","coordinates":[[[89.79781,24.17405],[89.79781,24.17387],[89.79859,24.17385],[89.79878,24.17349],[89.79898,24.17349],[89.79915,24.1724],[89.79955,24.17257],[89.79956,24.17293],[89.79975,24.17293],[89.79977,24.17347],[89.80016,24.17346],[89.80054,24.17273],[89.80093,24.17273],[89.80112,24.17236],[89.80132,24.17236],[89.8013,24.17182],[89.8015,24.17181],[89.80147,24.17019],[89.80088,24.1702],[89.80069,24.17057],[89.80049,24.17057],[89.80049,24.17075],[89.8003,24.17075],[89.8003,24.17093],[89.79991,24.17094],[89.79972,24.17131],[89.79952,24.17131],[89.79953,24.17149],[89.79874,24.17168],[89.79876,24.17223],[89.79895,24.17222],[89.79896,24.1724],[89.79817,24.17242],[89.79798,24.17278],[89.79778,24.17279],[89.79779,24.17297],[89.79759,24.17297],[89.7976,24.17333],[89.7974,24.17333],[89.79741,24.17388],[89.79761,24.17387],[89.79761,24.17405],[89.79781,24.17405]]]}},{"type":"Feature","properties":{"kind":"land","ha":50.8},"geometry":{"type":"Polygon","coordinates":[[[89.80845,24.17457],[89.80864,24.17457],[89.80865,24.17493],[89.80885,24.17493],[89.80885,24.17511],[89.80866,24.17511],[89.80866,24.17547],[89.80827,24.17548],[89.80828,24.17584],[89.80769,24.17585],[89.80768,24.17549],[89.80709,24.1755],[89.80708,24.17514],[89.80689,24.17514],[89.8069,24.17569],[89.8067,24.17569],[89.8067,24.17587],[89.8069,24.17587],[89.80691,24.17623],[89.80652,24.17623],[89.80653,24.17678],[89.80633,24.17678],[89.80634,24.17714],[89.80614,24.17714],[89.80615,24.17769],[89.80596,24.17769],[89.80597,24.17805],[89.80577,24.17805],[89.8056,24.17914],[89.8054,24.17914],[89.80541,24.17968],[89.80521,24.17969],[89.80522,24.18005],[89.80503,24.18005],[89.80503,24.18041],[89.80484,24.18042],[89.80484,24.18078],[89.80465,24.18078],[89.80466,24.18114],[89.80446,24.18115],[89.80447,24.18151],[89.80427,24.18151],[89.80428,24.18205],[89.80389,24.18224],[89.8039,24.18242],[89.8037,24.18242],[89.80371,24.18278],[89.80332,24.18297],[89.80332,24.18315],[89.80313,24.18316],[89.80313,24.18334],[89.80293,24.18334],[89.80294,24.18352],[89.80274,24.18352],[89.80274,24.1837],[89.80255,24.18371],[89.80255,24.18389],[89.80236,24.18389],[89.80236,24.18407],[89.80216,24.18408],[89.80217,24.18426],[89.80197,24.18426],[89.80198,24.18462],[89.80159,24.18481],[89.80159,24.18499],[89.8014,24.18499],[89.8014,24.18517],[89.8012,24.18518],[89.80121,24.18536],[89.80101,24.18536],[89.80101,24.18554],[89.80082,24.18554],[89.80082,24.18573],[89.80062,24.18573],[89.80063,24.18609],[89.80024,24.18628],[89.80025,24.18646],[89.80005,24.18646],[89.80006,24.18682],[89.79967,24.18701],[89.79967,24.18719],[89.79948,24.18719],[89.79929,24.18792],[89.79891,24.18811],[89.79891,24.18829],[89.79871,24.18829],[89.79872,24.18847],[89.79852,24.18848],[89.79852,24.18866],[89.79833,24.18866],[89.79833,24.18884],[89.79813,24.18884],[89.79814,24.18902],[89.79794,24.18903],[89.79795,24.18921],[89.79775,24.18921],[89.79775,24.18939],[89.79736,24.1894],[89.79717,24.18976],[89.79697,24.18977],[89.79698,24.19013],[89.79659,24.19032],[89.7966,24.1905],[89.7964,24.1905],[89.7964,24.19068],[89.79581,24.19069],[89.79582,24.19087],[89.79562,24.19087],[89.79563,24.19124],[89.79524,24.19142],[89.79524,24.1916],[89.79505,24.19161],[89.79505,24.19179],[89.79485,24.19179],[89.79486,24.19197],[89.79466,24.19198],[89.79466,24.19216],[89.79447,24.19216],[89.79447,24.19234],[89.79428,24.19234],[89.79428,24.19252],[89.79408,24.19253],[89.79409,24.19271],[89.79369,24.19272],[89.7935,24.19308],[89.79331,24.19308],[89.79331,24.19326],[89.79312,24.19327],[89.79312,24.19345],[89.79292,24.19345],[89.79293,24.19363],[89.79273,24.19364],[89.79273,24.19382],[89.79254,24.19382],[89.79254,24.194],[89.79234,24.194],[89.79235,24.19436],[89.79196,24.19455],[89.79197,24.19491],[89.79177,24.19492],[89.79178,24.19528],[89.79139,24.19546],[89.7914,24.19565],[89.7912,24.19565],[89.7912,24.19583],[89.79101,24.19583],[89.79083,24.19656],[89.79063,24.19656],[89.79064,24.19692],[89.79025,24.19711],[89.79007,24.19784],[89.78968,24.19802],[89.78968,24.1982],[89.78929,24.19821],[89.78929,24.19839],[89.78909,24.19839],[89.78911,24.19894],[89.78891,24.19894],[89.78892,24.1993],[89.78872,24.1993],[89.78872,24.19948],[89.78853,24.19949],[89.78854,24.19985],[89.78834,24.19985],[89.78835,24.20039],[89.78815,24.2004],[89.78816,24.20076],[89.78797,24.20076],[89.78797,24.20112],[89.78758,24.20131],[89.7874,24.20204],[89.78701,24.20222],[89.78702,24.2024],[89.78682,24.20241],[89.78683,24.20277],[89.78644,24.20296],[89.78645,24.20332],[89.78664,24.20331],[89.78665,24.20349],[89.78704,24.20349],[89.78703,24.20295],[89.78723,24.20294],[89.78722,24.20258],[89.78741,24.20258],[89.78741,24.20222],[89.7878,24.20203],[89.78798,24.2013],[89.78817,24.2013],[89.78817,24.20094],[89.78836,24.20094],[89.78835,24.20057],[89.78874,24.20039],[89.78874,24.20003],[89.78893,24.20002],[89.78893,24.19984],[89.78913,24.19984],[89.78912,24.19948],[89.78951,24.19929],[89.78969,24.19856],[89.78989,24.19856],[89.78988,24.1982],[89.79027,24.19801],[89.79026,24.19765],[89.79065,24.19746],[89.79064,24.19728],[89.79084,24.19728],[89.79083,24.19692],[89.79103,24.19692],[89.79103,24.19674],[89.79122,24.19673],[89.79121,24.19619],[89.7916,24.196],[89.7916,24.19582],[89.79179,24.19582],[89.79179,24.19564],[89.79199,24.19563],[89.79198,24.19545],[89.79218,24.19545],[89.79217,24.19509],[89.79256,24.1949],[89.79255,24.19454],[89.79294,24.19435],[89.79294,24.19417],[89.79313,24.19417],[89.79313,24.19381],[89.79352,24.19362],[89.79351,24.19344],[89.79371,24.19344],[89.79371,24.19326],[89.7939,24.19325],[89.7939,24.19307],[89.79409,24.19307],[89.79409,24.19289],[89.79429,24.19288],[89.79428,24.1927],[89.79468,24.1927],[89.79487,24.19233],[89.79506,24.19233],[89.79506,24.19215],[89.79526,24.19215],[89.79525,24.19196],[89.79545,24.19196],[89.79544,24.19178],[89.79564,24.19178],[89.79564,24.1916],[89.79603,24.19159],[89.79622,24.19122],[89.79661,24.19122],[89.79661,24.19104],[89.797,24.19103],[89.7968,24.19067],[89.79699,24.19067],[89.79699,24.19049],[89.79738,24.19048],[89.79757,24.19012],[89.79777,24.19011],[89.79776,24.18993],[89.79816,24.18993],[89.79835,24.18956],[89.79854,24.18956],[89.79854,24.18938],[89.79874,24.18937],[89.79873,24.18919],[89.79893,24.18919],[89.79893,24.18901],[89.79912,24.18901],[89.79912,24.18883],[89.79951,24.18882],[89.7997,24.18845],[89.7999,24.18845],[89.79989,24.18827],[89.80029,24.18826],[89.80028,24.18808],[89.80048,24.18808],[89.80047,24.18772],[89.80086,24.18771],[89.80086,24.18735],[89.80105,24.18735],[89.80105,24.18717],[89.80144,24.18716],[89.80163,24.18679],[89.80183,24.18679],[89.80182,24.18661],[89.80202,24.18661],[89.80201,24.18624],[89.8024,24.18606],[89.8024,24.18588],[89.8026,24.18587],[89.80259,24.18551],[89.80298,24.18551],[89.80317,24.18514],[89.80337,24.18514],[89.80336,24.18496],[89.80356,24.18495],[89.80355,24.18477],[89.80375,24.18477],[89.80375,24.18459],[89.80394,24.18458],[89.80394,24.1844],[89.80414,24.1844],[89.80413,24.18422],[89.80433,24.18422],[89.80433,24.18404],[89.80452,24.18403],[89.80452,24.18385],[89.80491,24.18385],[89.8049,24.1833],[89.80529,24.1833],[89.80548,24.18293],[89.80568,24.18293],[89.80568,24.18275],[89.80587,24.18274],[89.80586,24.18238],[89.80625,24.1822],[89.80625,24.18202],[89.80645,24.18201],[89.80644,24.18183],[89.80664,24.18183],[89.80663,24.18129],[89.80722,24.18128],[89.80721,24.18091],[89.8076,24.18073],[89.80778,24.18],[89.80817,24.17981],[89.80815,24.17891],[89.80854,24.17872],[89.80853,24.17836],[89.80833,24.17837],[89.80833,24.17819],[89.80872,24.17818],[89.80872,24.178],[89.80892,24.178],[89.80891,24.17763],[89.80871,24.17764],[89.80871,24.17746],[89.8089,24.17745],[89.80889,24.17673],[89.80908,24.17673],[89.80907,24.17619],[89.80927,24.17618],[89.80925,24.17546],[89.80945,24.17546],[89.80944,24.1751],[89.80964,24.17509],[89.80963,24.17473],[89.80923,24.17456],[89.80923,24.17438],[89.80962,24.17437],[89.80962,24.17401],[89.80922,24.17402],[89.80921,24.17366],[89.80961,24.17365],[89.80961,24.17383],[89.80981,24.17383],[89.80978,24.17256],[89.80958,24.17257],[89.80959,24.17275],[89.80919,24.17276],[89.80919,24.1724],[89.80958,24.17239],[89.80958,24.17221],[89.80977,24.1722],[89.80976,24.17166],[89.80956,24.17167],[89.80954,24.1704],[89.80973,24.1704],[89.80973,24.17022],[89.80953,24.17022],[89.80952,24.16986],[89.80972,24.16986],[89.80971,24.16932],[89.80951,24.16932],[89.8095,24.16878],[89.8093,24.16878],[89.8093,24.16842],[89.8091,24.16843],[89.8091,24.16825],[89.8089,24.16825],[89.80892,24.16915],[89.80872,24.16915],[89.80873,24.16952],[89.80853,24.16952],[89.80854,24.1697],[89.80913,24.16969],[89.80914,24.17023],[89.80835,24.17006],[89.80838,24.17151],[89.80818,24.17151],[89.80819,24.17187],[89.80839,24.17187],[89.80839,24.17205],[89.808,24.17224],[89.80822,24.17295],[89.80782,24.17296],[89.80765,24.17405],[89.80745,24.17405],[89.80746,24.17459],[89.80727,24.1746],[89.80728,24.17496],[89.80787,24.17495],[89.80805,24.17458],[89.80825,24.17458],[89.80825,24.1744],[89.80844,24.17439],[89.80845,24.17457]],[[89.80844,24.17421],[89.80864,24.17421],[89.80864,24.17439],[89.80844,24.17439],[89.80844,24.17421]],[[89.80805,24.17422],[89.80823,24.17386],[89.80804,24.17386],[89.80803,24.1735],[89.80842,24.17349],[89.80861,24.17313],[89.80881,24.17312],[89.80881,24.1733],[89.80901,24.1733],[89.80902,24.17366],[89.80882,24.17367],[89.80882,24.17385],[89.80843,24.17385],[89.80844,24.17421],[89.80805,24.17422]],[[89.80431,24.18313],[89.8045,24.18313],[89.80451,24.18331],[89.80431,24.18331],[89.80431,24.18313]],[[89.8041,24.1826],[89.80429,24.18259],[89.80429,24.18241],[89.80488,24.1824],[89.80469,24.18277],[89.80391,24.18296],[89.8041,24.1826]],[[89.80544,24.18113],[89.80564,24.18112],[89.80564,24.18094],[89.80603,24.18112],[89.80604,24.1813],[89.80623,24.18129],[89.80624,24.18165],[89.80545,24.18167],[89.80544,24.18113]],[[89.80485,24.18096],[89.80544,24.18095],[89.80525,24.18131],[89.80505,24.18132],[89.80485,24.18096]],[[89.80621,24.18021],[89.8066,24.1802],[89.80661,24.18056],[89.80622,24.18057],[89.80621,24.18021]],[[89.80858,24.1715],[89.80897,24.1715],[89.80898,24.17186],[89.80878,24.17186],[89.80858,24.1715]]]}},{"type":"Feature","properties":{"kind":"land","ha":6.8},"geometry":{"type":"Polygon","coordinates":[[[89.79163,24.17037],[89.79182,24.17001],[89.79202,24.17],[89.79201,24.16982],[89.79221,24.16982],[89.79221,24.16964],[89.7926,24.16963],[89.7926,24.16945],[89.79279,24.16945],[89.79279,24.16909],[89.79298,24.16908],[89.79298,24.1689],[89.79337,24.1689],[89.79337,24.16908],[89.79396,24.16906],[89.79397,24.16925],[89.79436,24.16924],[89.79455,24.16887],[89.79475,24.16887],[89.79474,24.16869],[89.79514,24.16868],[89.79513,24.1685],[89.79533,24.1685],[89.79532,24.16814],[89.79513,24.16814],[89.79512,24.16796],[89.79453,24.16797],[89.79454,24.16815],[89.79395,24.16816],[89.79395,24.16834],[89.79356,24.16835],[89.79356,24.16853],[89.79317,24.16854],[89.79317,24.16872],[89.79258,24.16873],[89.79258,24.16891],[89.7918,24.16892],[89.7918,24.1691],[89.79082,24.16912],[89.79061,24.16877],[89.78845,24.1688],[89.78846,24.16917],[89.78866,24.16916],[89.78866,24.16934],[89.78905,24.16934],[89.78906,24.1697],[89.78926,24.16969],[89.78926,24.16987],[89.79024,24.16986],[89.79025,24.17004],[89.79064,24.17003],[89.79065,24.17021],[89.79084,24.17021],[89.79085,24.17039],[89.79163,24.17037]]]}},{"type":"Feature","properties":{"kind":"land","ha":39.0},"geometry":{"type":"Polygon","coordinates":[[[89.71367,24.18658],[89.71358,24.18243],[89.71339,24.18243],[89.71336,24.18117],[89.71316,24.18117],[89.71315,24.18045],[89.71335,24.18045],[89.71334,24.18009],[89.71314,24.18009],[89.71313,24.17937],[89.71332,24.17937],[89.71327,24.17684],[89.71347,24.17684],[89.71345,24.17612],[89.71365,24.17611],[89.71364,24.17557],[89.71383,24.17557],[89.71382,24.17485],[89.71362,24.17485],[89.71361,24.17449],[89.71342,24.17449],[89.71341,24.17431],[89.71322,24.17431],[89.7132,24.17359],[89.71359,24.17359],[89.7138,24.17394],[89.71399,24.17394],[89.714,24.17412],[89.71419,24.17412],[89.7142,24.1743],[89.7144,24.17429],[89.71438,24.17357],[89.71458,24.17357],[89.71455,24.17212],[89.71474,24.17212],[89.71464,24.16743],[89.71445,24.16743],[89.7144,24.16527],[89.7142,24.16527],[89.71419,24.16455],[89.71399,24.16455],[89.71397,24.16365],[89.71378,24.16365],[89.71377,24.16311],[89.71357,24.16312],[89.71355,24.16221],[89.71335,24.16222],[89.71334,24.16168],[89.71314,24.16168],[89.71311,24.16024],[89.71292,24.16024],[89.71294,24.16132],[89.71274,24.16133],[89.71276,24.16205],[89.71256,24.16205],[89.71258,24.16277],[89.7114,24.16279],[89.71121,24.16316],[89.71101,24.16316],[89.71103,24.16406],[89.71083,24.16407],[89.71087,24.16587],[89.71107,24.16587],[89.71108,24.16623],[89.71127,24.16623],[89.71128,24.16641],[89.71167,24.1664],[89.71167,24.16658],[89.71187,24.16658],[89.71188,24.16694],[89.71208,24.16693],[89.7121,24.1682],[89.7123,24.16819],[89.71238,24.17216],[89.71219,24.17217],[89.7122,24.17271],[89.71239,24.1727],[89.7124,24.17307],[89.71221,24.17307],[89.71222,24.17397],[89.71242,24.17397],[89.71244,24.17505],[89.71264,24.17505],[89.71268,24.17685],[89.71288,24.17685],[89.71288,24.17721],[89.71269,24.17721],[89.71282,24.18335],[89.71301,24.18334],[89.71303,24.18407],[89.71322,24.18406],[89.71325,24.18514],[89.71344,24.18514],[89.71347,24.18658],[89.71367,24.18658]],[[89.71246,24.16657],[89.71266,24.16656],[89.71266,24.16674],[89.71247,24.16675],[89.71246,24.16657]],[[89.71225,24.16603],[89.71206,24.16603],[89.71205,24.16585],[89.71186,24.16585],[89.71185,24.16567],[89.71166,24.16568],[89.71164,24.16514],[89.71203,24.16495],[89.71203,24.16459],[89.71222,24.16458],[89.71221,24.16404],[89.71241,24.16404],[89.7124,24.16368],[89.7126,24.16368],[89.71259,24.16313],[89.71278,24.16313],[89.71299,24.16349],[89.71318,24.16348],[89.71319,24.16403],[89.71339,24.16402],[89.7134,24.16438],[89.7132,24.16439],[89.71321,24.16493],[89.71341,24.16492],[89.71343,24.16565],[89.71323,24.16565],[89.71324,24.16601],[89.71304,24.16601],[89.71304,24.16619],[89.71265,24.1662],[89.71265,24.16638],[89.71246,24.16639],[89.71225,24.16603]],[[89.71296,24.16223],[89.71316,24.16222],[89.71316,24.1624],[89.71296,24.16241],[89.71296,24.16223]]]}},{"type":"Feature","properties":{"kind":"land","ha":8.3},"geometry":{"type":"Polygon","coordinates":[[[89.70016,24.16155],[89.70015,24.16101],[89.70054,24.16082],[89.70053,24.16064],[89.69974,24.16029],[89.69973,24.15975],[89.69934,24.15994],[89.69933,24.15958],[89.69953,24.15958],[89.69952,24.1594],[89.69912,24.15922],[89.69912,24.15904],[89.69873,24.15905],[89.69874,24.15941],[89.69835,24.1596],[89.69834,24.15942],[89.69815,24.15942],[89.69813,24.15888],[89.69833,24.15887],[89.69833,24.15869],[89.69872,24.15869],[89.69891,24.15832],[89.70009,24.15848],[89.70009,24.15812],[89.69989,24.15813],[89.69989,24.15794],[89.69949,24.15795],[89.69949,24.15777],[89.69909,24.15778],[89.69909,24.15742],[89.69889,24.15742],[89.69888,24.15688],[89.6977,24.1569],[89.69749,24.15654],[89.6971,24.15655],[89.69711,24.15709],[89.69692,24.15709],[89.69694,24.15836],[89.69714,24.15835],[89.69715,24.1589],[89.69755,24.15907],[89.69756,24.15979],[89.69776,24.15979],[89.69777,24.16015],[89.69796,24.16014],[89.69797,24.16051],[89.69836,24.1605],[89.69836,24.16032],[89.69816,24.16032],[89.69815,24.15978],[89.69874,24.15977],[89.69875,24.15995],[89.69894,24.15995],[89.69895,24.16031],[89.69915,24.1603],[89.69916,24.16067],[89.69935,24.16066],[89.69936,24.1612],[89.69976,24.16138],[89.69976,24.16156],[89.70016,24.16155]],[[89.6991,24.15796],[89.6993,24.15796],[89.6993,24.15814],[89.6991,24.15814],[89.6991,24.15796]]]}},{"type":"Feature","properties":{"kind":"land","ha":10.0},"geometry":{"type":"Polygon","coordinates":[[[89.7649,24.16256],[89.7649,24.16237],[89.7651,24.16237],[89.76508,24.16165],[89.76468,24.16148],[89.76468,24.16112],[89.76448,24.16112],[89.76448,24.16094],[89.76428,24.16094],[89.76426,24.16022],[89.76407,24.16022],[89.76405,24.15932],[89.76385,24.15933],[89.76384,24.15896],[89.76404,24.15896],[89.76403,24.15842],[89.76422,24.15842],[89.76422,24.15824],[89.76462,24.15841],[89.76462,24.15859],[89.76482,24.15859],[89.76482,24.15877],[89.76522,24.15876],[89.7652,24.15804],[89.76559,24.15785],[89.76559,24.15767],[89.76578,24.15767],[89.76577,24.15731],[89.76597,24.1573],[89.76597,24.15712],[89.76616,24.15712],[89.76613,24.15567],[89.76594,24.15568],[89.76593,24.15532],[89.76573,24.15532],[89.76572,24.15478],[89.76552,24.15478],[89.76552,24.1546],[89.76493,24.15461],[89.76493,24.15443],[89.76453,24.15444],[89.76454,24.1548],[89.76494,24.15497],[89.76495,24.15533],[89.76514,24.15533],[89.76515,24.15551],[89.76534,24.15551],[89.76536,24.15623],[89.76418,24.15643],[89.7642,24.15715],[89.76439,24.15715],[89.7644,24.15733],[89.7642,24.15733],[89.76421,24.15751],[89.76381,24.15752],[89.76381,24.15734],[89.76361,24.15734],[89.76362,24.15752],[89.76322,24.15753],[89.76324,24.15825],[89.76343,24.15825],[89.76344,24.15843],[89.76324,24.15843],[89.76329,24.1606],[89.76348,24.1606],[89.76349,24.16096],[89.76408,24.16095],[89.7643,24.16202],[89.76411,24.16203],[89.76411,24.16239],[89.76451,24.16238],[89.76451,24.16256],[89.7649,24.16256]]]}},{"type":"Feature","properties":{"kind":"land","ha":3.6},"geometry":{"type":"Polygon","coordinates":[[[89.68674,24.15962],[89.68674,24.15944],[89.68634,24.15927],[89.68633,24.15891],[89.68613,24.15891],[89.68613,24.15873],[89.68554,24.15874],[89.68553,24.15838],[89.68573,24.15838],[89.68572,24.15783],[89.68532,24.15766],[89.68532,24.15748],[89.68571,24.15729],[89.6857,24.15711],[89.6859,24.15711],[89.6859,24.15693],[89.68609,24.15692],[89.68607,24.15584],[89.68587,24.15585],[89.68587,24.15567],[89.68548,24.15567],[89.6855,24.15657],[89.6853,24.15658],[89.6853,24.15676],[89.68471,24.15677],[89.68471,24.15659],[89.68432,24.15659],[89.68433,24.15732],[89.68472,24.15731],[89.68473,24.15749],[89.68492,24.15749],[89.68494,24.15803],[89.68435,24.15804],[89.68435,24.15822],[89.68475,24.15839],[89.68475,24.15857],[89.68514,24.15857],[89.68535,24.15892],[89.68554,24.15892],[89.68555,24.1591],[89.68594,24.15909],[89.68615,24.15945],[89.68634,24.15945],[89.68635,24.15963],[89.68674,24.15962]]]}},{"type":"Feature","properties":{"kind":"land","ha":9.3},"geometry":{"type":"Polygon","coordinates":[[[89.75948,24.15724],[89.75946,24.15652],[89.75986,24.15651],[89.76004,24.15615],[89.76024,24.15614],[89.76023,24.1556],[89.76043,24.1556],[89.76042,24.15524],[89.76081,24.15523],[89.76099,24.15414],[89.76079,24.15415],[89.76077,24.15324],[89.76097,24.15324],[89.76096,24.15306],[89.76136,24.15305],[89.76154,24.15269],[89.76174,24.15269],[89.76174,24.1525],[89.76154,24.15251],[89.76152,24.15143],[89.76132,24.15143],[89.76131,24.15107],[89.76092,24.15126],[89.76093,24.15144],[89.76053,24.15144],[89.76033,24.15109],[89.75974,24.1511],[89.75975,24.15146],[89.75955,24.15146],[89.75955,24.15164],[89.75975,24.15164],[89.75976,24.152],[89.75996,24.152],[89.75996,24.15218],[89.76016,24.15217],[89.76017,24.15271],[89.75978,24.1529],[89.75982,24.15471],[89.76001,24.1547],[89.76002,24.15488],[89.75963,24.15507],[89.75963,24.15525],[89.75924,24.15526],[89.75905,24.15562],[89.75787,24.15582],[89.75789,24.15655],[89.75809,24.15654],[89.75809,24.1569],[89.75848,24.15672],[89.75869,24.15707],[89.75908,24.15707],[89.75908,24.15725],[89.75948,24.15724]],[[89.76015,24.15181],[89.76034,24.15181],[89.76035,24.15199],[89.76015,24.15199],[89.76015,24.15181]]]}},{"type":"Feature","properties":{"kind":"land","ha":16.4},"geometry":{"type":"Polygon","coordinates":[[[89.7517,24.15233],[89.7519,24.15232],[89.7519,24.15268],[89.7523,24.15286],[89.75231,24.1534],[89.75251,24.15339],[89.75253,24.1543],[89.75273,24.15429],[89.75274,24.15501],[89.75294,24.15501],[89.75295,24.15555],[89.75315,24.15555],[89.75315,24.15591],[89.75335,24.15591],[89.75336,24.15627],[89.75356,24.15626],[89.75356,24.15662],[89.75376,24.15662],[89.75377,24.15698],[89.75396,24.15698],[89.75397,24.15734],[89.75417,24.15733],[89.75418,24.1577],[89.75437,24.15769],[89.75438,24.15805],[89.75458,24.15805],[89.75459,24.15859],[89.75479,24.15859],[89.75479,24.15895],[89.75499,24.15894],[89.755,24.15931],[89.7554,24.15948],[89.7554,24.15966],[89.7556,24.15966],[89.75581,24.16037],[89.756,24.16037],[89.75601,24.16073],[89.75621,24.16073],[89.75622,24.16109],[89.75661,24.16126],[89.75662,24.16144],[89.75681,24.16144],[89.75682,24.1618],[89.75702,24.1618],[89.75703,24.16216],[89.75722,24.16215],[89.75721,24.16161],[89.75701,24.16162],[89.75701,24.16125],[89.75681,24.16126],[89.7568,24.16072],[89.7566,24.16072],[89.75659,24.16018],[89.75639,24.16018],[89.75639,24.15982],[89.75619,24.15983],[89.75618,24.15946],[89.75598,24.15947],[89.75597,24.15857],[89.75577,24.15857],[89.75576,24.15821],[89.75556,24.15821],[89.75555,24.15731],[89.75535,24.15731],[89.75534,24.15695],[89.75514,24.15696],[89.75513,24.15641],[89.75494,24.15642],[89.75491,24.15534],[89.75472,24.15534],[89.7547,24.15462],[89.7545,24.15462],[89.7545,24.15426],[89.7543,24.15426],[89.75428,24.15354],[89.75409,24.15355],[89.75406,24.15228],[89.75386,24.15229],[89.75385,24.15174],[89.75366,24.15175],[89.75364,24.15121],[89.75345,24.15121],[89.75344,24.15103],[89.75305,24.15104],[89.75286,24.1514],[89.75188,24.15142],[89.75187,24.15124],[89.75148,24.15125],[89.7515,24.15197],[89.75169,24.15196],[89.7517,24.15233]],[[89.75169,24.15178],[89.75189,24.15178],[89.75189,24.15196],[89.75169,24.15196],[89.75169,24.15178]],[[89.75457,24.15787],[89.75477,24.15787],[89.75477,24.15768],[89.75516,24.15768],[89.75517,24.15822],[89.75478,24.15823],[89.75457,24.15787]]]}},{"type":"Feature","properties":{"kind":"land","ha":3.6},"geometry":{"type":"Polygon","coordinates":[[[89.6837,24.15534],[89.68368,24.15462],[89.68329,24.15445],[89.68328,24.15427],[89.68309,24.15427],[89.68328,24.15391],[89.68367,24.1539],[89.68366,24.15372],[89.68386,24.15371],[89.68385,24.15335],[89.68346,24.15336],[89.68346,24.15318],[89.68326,24.15318],[89.68325,24.15264],[89.68364,24.15246],[89.68363,24.15191],[89.68323,24.15192],[89.68323,24.15174],[89.68244,24.15175],[89.68246,24.15248],[89.68266,24.15247],[89.68266,24.15283],[89.68286,24.15283],[89.68287,24.15319],[89.68326,24.15336],[89.68307,24.15373],[89.68288,24.15373],[89.68288,24.15391],[89.68269,24.15392],[89.68269,24.1541],[89.68249,24.1541],[89.6825,24.15446],[89.6821,24.15429],[89.68231,24.15501],[89.68271,24.15518],[89.68272,24.15536],[89.6837,24.15534]]]}},{"type":"Feature","properties":{"kind":"land","ha":24.2},"geometry":{"type":"Polygon","coordinates":[[[89.71018,24.16119],[89.71037,24.16083],[89.71057,24.16082],[89.71056,24.16046],[89.71076,24.16046],[89.71074,24.15938],[89.71093,24.15937],[89.71093,24.15919],[89.71152,24.15918],[89.71152,24.15936],[89.71172,24.15936],[89.71173,24.15972],[89.71153,24.15972],[89.71154,24.16026],[89.71233,24.16025],[89.71232,24.16007],[89.71272,24.16006],[89.71271,24.1597],[89.71291,24.1597],[89.7129,24.15952],[89.71271,24.15952],[89.7127,24.15916],[89.7125,24.15916],[89.7125,24.15898],[89.7123,24.15899],[89.7123,24.15917],[89.71191,24.15918],[89.7119,24.15863],[89.7117,24.15864],[89.7117,24.15846],[89.71092,24.15865],[89.71091,24.15847],[89.71111,24.15847],[89.71109,24.15775],[89.71129,24.15774],[89.71128,24.15738],[89.71089,24.15739],[89.71089,24.15721],[89.7103,24.15722],[89.71029,24.15686],[89.70989,24.15668],[89.70989,24.1565],[89.7091,24.15634],[89.70909,24.15616],[89.7087,24.15616],[89.7085,24.15581],[89.7083,24.15581],[89.7083,24.15563],[89.7081,24.15563],[89.7081,24.15545],[89.7079,24.15546],[89.70789,24.15528],[89.7077,24.15528],[89.70749,24.15456],[89.70729,24.15456],[89.70728,24.1542],[89.70709,24.15421],[89.70708,24.15385],[89.70688,24.15385],[89.70687,24.15331],[89.70667,24.15331],[89.70668,24.15367],[89.70628,24.1535],[89.70628,24.15314],[89.70667,24.15313],[89.70667,24.15295],[89.70647,24.15295],[89.70646,24.15259],[89.70606,24.15242],[89.70585,24.1517],[89.70566,24.15171],[89.70565,24.15134],[89.70525,24.15135],[89.70524,24.15081],[89.70505,24.15081],[89.70504,24.15045],[89.70465,24.15046],[89.70466,24.15118],[89.70486,24.15118],[89.70489,24.1528],[89.70529,24.15298],[89.7053,24.15334],[89.70549,24.15333],[89.7055,24.15387],[89.7057,24.15387],[89.70571,24.15423],[89.70591,24.15423],[89.70591,24.15459],[89.70611,24.15459],[89.70612,24.15513],[89.70652,24.1553],[89.70653,24.15602],[89.70673,24.15602],[89.70674,24.15656],[89.70694,24.15656],[89.70695,24.15692],[89.70714,24.15691],[89.70715,24.15727],[89.70755,24.15745],[89.70755,24.15763],[89.70775,24.15762],[89.70776,24.15817],[89.70816,24.15834],[89.70816,24.1587],[89.70836,24.1587],[89.70838,24.1596],[89.70858,24.1596],[89.70858,24.15996],[89.70878,24.15995],[89.70879,24.16049],[89.70899,24.16049],[89.709,24.16085],[89.70939,24.16103],[89.7094,24.16121],[89.71018,24.16119]],[[89.70671,24.15512],[89.70651,24.15512],[89.70651,24.15476],[89.7069,24.15457],[89.70691,24.15529],[89.70671,24.1553],[89.70671,24.15512]]]}},{"type":"Feature","properties":{"kind":"land","ha":3.9},"geometry":{"type":"Polygon","coordinates":[[[89.78723,24.14897],[89.78723,24.14861],[89.78742,24.14861],[89.7874,24.14771],[89.7876,24.1477],[89.78758,24.14662],[89.78777,24.14662],[89.78776,24.14626],[89.78757,24.14626],[89.78755,24.14536],[89.78677,24.14573],[89.78679,24.14663],[89.7864,24.14664],[89.78621,24.14737],[89.78602,24.14737],[89.78602,24.14755],[89.78622,24.14755],[89.78623,24.14791],[89.78642,24.1479],[89.78643,24.14845],[89.78663,24.14844],[89.78664,24.1488],[89.78684,24.1488],[89.78684,24.14898],[89.78723,24.14897]]]}},{"type":"Feature","properties":{"kind":"land","ha":3.4},"geometry":{"type":"Polygon","coordinates":[[[89.71542,24.14828],[89.71542,24.1481],[89.71601,24.14809],[89.71599,24.14755],[89.71619,24.14755],[89.71617,24.14646],[89.71656,24.14628],[89.71674,24.14555],[89.71693,24.14555],[89.71693,24.14519],[89.71712,24.14518],[89.71712,24.14482],[89.71731,24.14482],[89.71731,24.14446],[89.71652,24.14465],[89.71653,24.14519],[89.71614,24.1452],[89.71595,24.14557],[89.71576,24.14557],[89.71576,24.14575],[89.71537,24.14576],[89.71538,24.14648],[89.71558,24.14647],[89.71559,24.14702],[89.71539,24.14702],[89.7154,24.14756],[89.71521,24.14756],[89.71522,24.14829],[89.71542,24.14828]]]}},{"type":"Feature","properties":{"kind":"land","ha":26.1},"geometry":{"type":"Polygon","coordinates":[[[89.77334,24.1615],[89.77353,24.16114],[89.77373,24.16113],[89.77372,24.16095],[89.77392,24.16095],[89.77392,24.16077],[89.77411,24.16076],[89.7741,24.1604],[89.77449,24.16022],[89.77447,24.15931],[89.77467,24.15931],[89.77466,24.15895],[89.77486,24.15895],[89.77484,24.15822],[89.77445,24.15841],[89.77446,24.15859],[89.77406,24.1586],[89.77388,24.15896],[89.77329,24.15897],[89.77325,24.15753],[89.77306,24.15753],[89.77305,24.15735],[89.77325,24.15735],[89.77324,24.15681],[89.77304,24.15681],[89.77303,24.15627],[89.77283,24.15627],[89.77282,24.15573],[89.77263,24.15574],[89.77258,24.15375],[89.77239,24.15376],[89.77235,24.15195],[89.77254,24.15195],[89.77251,24.15032],[89.77231,24.15033],[89.7723,24.14979],[89.7721,24.14979],[89.7721,24.14943],[89.7719,24.14943],[89.77189,24.14889],[89.77169,24.14889],[89.77168,24.14817],[89.77148,24.14818],[89.77147,24.14764],[89.77127,24.14764],[89.77126,24.1471],[89.77106,24.1471],[89.77105,24.14674],[89.77086,24.14674],[89.77085,24.14638],[89.77065,24.14639],[89.77065,24.14603],[89.77025,24.14585],[89.77003,24.14477],[89.76983,24.14478],[89.76982,24.14424],[89.76962,24.14424],[89.76962,24.14388],[89.76942,24.14388],[89.76919,24.14244],[89.769,24.14245],[89.76898,24.1419],[89.76879,24.14191],[89.7688,24.14263],[89.769,24.14263],[89.76903,24.14389],[89.76922,24.14389],[89.76924,24.14479],[89.76944,24.14478],[89.76945,24.14514],[89.76964,24.14514],[89.76966,24.14568],[89.77005,24.14586],[89.77006,24.14622],[89.77026,24.14621],[89.77027,24.14675],[89.77067,24.14693],[89.77069,24.14801],[89.77089,24.14801],[89.77092,24.14945],[89.77072,24.14945],[89.77073,24.14981],[89.77053,24.14982],[89.77054,24.15],[89.77014,24.15001],[89.77015,24.15019],[89.76936,24.1502],[89.76936,24.15002],[89.76916,24.15002],[89.76918,24.15093],[89.76937,24.15092],[89.76938,24.15128],[89.76958,24.15128],[89.76959,24.15182],[89.76979,24.15182],[89.7698,24.15254],[89.7702,24.15271],[89.77041,24.15343],[89.77061,24.15343],[89.77062,24.15379],[89.77081,24.15378],[89.77082,24.15414],[89.77102,24.15414],[89.77103,24.15468],[89.77123,24.15468],[89.77123,24.15504],[89.77163,24.15521],[89.77164,24.15557],[89.77204,24.15575],[89.77204,24.15593],[89.77224,24.15592],[89.77224,24.1561],[89.77244,24.1561],[89.77266,24.15718],[89.77285,24.15718],[89.77287,24.1579],[89.77307,24.15789],[89.77307,24.15826],[89.77288,24.15826],[89.77289,24.15862],[89.77269,24.15862],[89.77272,24.15989],[89.77252,24.15989],[89.77252,24.16007],[89.77272,24.16007],[89.77275,24.16133],[89.77294,24.16133],[89.77295,24.16151],[89.77334,24.1615]]]}},{"type":"Feature","properties":{"kind":"land","ha":16.0},"geometry":{"type":"Polygon","coordinates":[[[89.75297,24.14725],[89.75317,24.14724],[89.75314,24.14616],[89.75295,24.14617],[89.75293,24.14544],[89.75273,24.14545],[89.7527,24.14382],[89.7525,24.14383],[89.75246,24.14184],[89.75226,24.14185],[89.75223,24.1404],[89.75204,24.14041],[89.75202,24.13986],[89.75222,24.13986],[89.75221,24.1395],[89.75202,24.1395],[89.752,24.13896],[89.75181,24.13897],[89.7518,24.13879],[89.75161,24.13879],[89.75162,24.13933],[89.75182,24.13933],[89.75184,24.14041],[89.75164,24.14041],[89.75166,24.14113],[89.75185,24.14113],[89.75186,24.14131],[89.75166,24.14132],[89.75169,24.14276],[89.7515,24.14276],[89.75152,24.14366],[89.75132,24.14367],[89.75133,24.14403],[89.75152,24.14403],[89.75154,24.14493],[89.75135,24.14493],[89.75138,24.14674],[89.75119,24.14674],[89.7512,24.14728],[89.751,24.14728],[89.75103,24.14837],[89.75083,24.14837],[89.75084,24.14873],[89.75064,24.14873],[89.75063,24.14819],[89.75043,24.1482],[89.75044,24.14856],[89.75005,24.14874],[89.75007,24.14947],[89.75026,24.14946],[89.75027,24.14982],[89.75067,24.15],[89.75067,24.15018],[89.75087,24.15017],[89.75087,24.15035],[89.75107,24.15035],[89.75106,24.14981],[89.75125,24.14981],[89.75125,24.14945],[89.75144,24.14944],[89.75143,24.1489],[89.75182,24.14889],[89.75182,24.14871],[89.75202,24.14871],[89.75222,24.14907],[89.75242,24.14906],[89.75242,24.14924],[89.75262,24.14924],[89.75262,24.14942],[89.75282,24.14942],[89.75284,24.15032],[89.75343,24.15031],[89.75342,24.14995],[89.75322,24.14995],[89.75321,24.14923],[89.7534,24.14923],[89.75339,24.1485],[89.75319,24.14851],[89.75317,24.14761],[89.75298,24.14761],[89.75297,24.14725]],[[89.75298,24.14779],[89.75259,24.14798],[89.75259,24.1478],[89.75239,24.1478],[89.75238,24.14744],[89.75277,24.14725],[89.75278,24.14761],[89.75298,24.14761],[89.75298,24.14779]]]}},{"type":"Feature","properties":{"kind":"land","ha":6.8},"geometry":{"type":"Polygon","coordinates":[[[89.70544,24.1416],[89.70543,24.14088],[89.70523,24.14088],[89.70522,24.14034],[89.70482,24.14017],[89.70481,24.13963],[89.70461,24.13963],[89.70461,24.13927],[89.70441,24.13927],[89.7044,24.13873],[89.7042,24.13873],[89.70421,24.13891],[89.70381,24.13892],[89.70361,24.13856],[89.70341,24.13857],[89.70341,24.13839],[89.7038,24.13838],[89.7038,24.13856],[89.7042,24.13855],[89.70419,24.13837],[89.704,24.13838],[89.70399,24.13802],[89.7032,24.13767],[89.70339,24.1373],[89.70299,24.13731],[89.70299,24.13713],[89.70279,24.13713],[89.70258,24.13642],[89.70218,24.13624],[89.70218,24.13606],[89.70179,24.13607],[89.70158,24.13571],[89.70138,24.13572],[89.70138,24.13554],[89.70118,24.13554],[89.70118,24.13536],[89.70059,24.13537],[89.7006,24.13573],[89.70079,24.13573],[89.70081,24.13627],[89.70042,24.13645],[89.70042,24.13664],[89.70082,24.13681],[89.70082,24.13699],[89.70102,24.13699],[89.70102,24.13717],[89.70122,24.13716],[89.70122,24.13734],[89.70162,24.13734],[89.70182,24.13769],[89.70202,24.13769],[89.70202,24.13787],[89.70241,24.13786],[89.70262,24.13822],[89.70281,24.13822],[89.70282,24.1384],[89.70301,24.13839],[89.70302,24.13857],[89.70322,24.13857],[89.70322,24.13875],[89.70342,24.13875],[89.70342,24.13893],[89.70362,24.13893],[89.70362,24.13929],[89.70402,24.13946],[89.70402,24.13964],[89.70422,24.13964],[89.70422,24.13982],[89.70442,24.13981],[89.70463,24.14053],[89.70483,24.14053],[89.70484,24.14089],[89.70523,24.14106],[89.70525,24.1416],[89.70544,24.1416]]]}},{"type":"Feature","properties":{"kind":"land","ha":8.7},"geometry":{"type":"Polygon","coordinates":[[[89.7966,24.13635],[89.79659,24.13617],[89.79679,24.13616],[89.79678,24.1358],[89.79638,24.13563],[89.79638,24.13545],[89.79677,24.13544],[89.79677,24.13526],[89.79697,24.13526],[89.79696,24.13508],[89.79677,24.13508],[89.79676,24.13472],[89.79656,24.13472],[89.79654,24.13364],[89.79693,24.13363],[89.79693,24.13381],[89.79713,24.13381],[89.79734,24.13453],[89.79754,24.13452],[89.79755,24.13489],[89.79795,24.13506],[89.79795,24.13542],[89.79815,24.13542],[89.79816,24.13578],[89.79835,24.13577],[89.79836,24.13595],[89.79875,24.13595],[89.79875,24.13577],[89.79894,24.13576],[89.79892,24.13468],[89.79912,24.13468],[89.7991,24.13395],[89.79831,24.13379],[89.79811,24.13343],[89.79791,24.13343],[89.79791,24.13325],[89.79771,24.13326],[89.79771,24.13308],[89.79751,24.13308],[89.79751,24.1329],[89.79672,24.13291],[89.79631,24.1322],[89.79592,24.13221],[89.79592,24.13257],[89.79573,24.13257],[89.79573,24.13275],[89.79593,24.13275],[89.79593,24.13293],[89.79633,24.13292],[89.79634,24.13346],[89.79594,24.13347],[89.79594,24.13311],[89.79574,24.13311],[89.79555,24.13348],[89.79535,24.13348],[89.79539,24.13511],[89.79559,24.1351],[89.7956,24.13564],[89.79579,24.13564],[89.7958,24.136],[89.7962,24.13617],[89.7962,24.13635],[89.7966,24.13635]]]}},{"type":"Feature","properties":{"kind":"land","ha":3.6},"geometry":{"type":"Polygon","coordinates":[[[89.71612,24.13509],[89.71631,24.13473],[89.71651,24.13473],[89.71651,24.13454],[89.7169,24.13454],[89.71709,24.13417],[89.71728,24.13417],[89.71728,24.13399],[89.71748,24.13399],[89.71747,24.13381],[89.71767,24.1338],[89.71767,24.13362],[89.71786,24.13362],[89.71786,24.13344],[89.71806,24.13343],[89.71805,24.13325],[89.71883,24.13306],[89.71902,24.13269],[89.71922,24.13269],[89.71922,24.13251],[89.71961,24.1325],[89.7198,24.13214],[89.71999,24.13214],[89.71999,24.13196],[89.72038,24.13195],[89.72037,24.13141],[89.72018,24.13141],[89.72018,24.13159],[89.71979,24.1316],[89.71979,24.13178],[89.7194,24.13179],[89.7194,24.13197],[89.71901,24.13197],[89.71901,24.13215],[89.71862,24.13216],[89.71862,24.13234],[89.71843,24.13234],[89.71844,24.13289],[89.71824,24.13289],[89.71824,24.13307],[89.71805,24.13307],[89.71804,24.13271],[89.71765,24.13272],[89.71746,24.13308],[89.71726,24.13309],[89.71727,24.13327],[89.71707,24.13327],[89.71707,24.13345],[89.71688,24.13345],[89.71688,24.13364],[89.71668,24.13364],[89.71669,24.13382],[89.71649,24.13382],[89.71649,24.134],[89.7163,24.13401],[89.7163,24.13419],[89.7161,24.13419],[89.71611,24.13455],[89.71572,24.13474],[89.71573,24.1351],[89.71612,24.13509]]]}},{"type":"Feature","properties":{"kind":"land","ha":6.7},"geometry":{"type":"Polygon","coordinates":[[[89.7575,24.13832],[89.75747,24.13688],[89.75727,24.13688],[89.75724,24.13544],[89.75744,24.13543],[89.75742,24.13453],[89.75761,24.13453],[89.7576,24.13399],[89.7578,24.13398],[89.75778,24.13326],[89.75798,24.13326],[89.75797,24.13272],[89.75816,24.13271],[89.75815,24.13217],[89.75835,24.13217],[89.75834,24.13163],[89.75853,24.13162],[89.75851,24.13036],[89.7587,24.13036],[89.75869,24.12982],[89.75791,24.12983],[89.75792,24.13037],[89.75753,24.13056],[89.75735,24.13128],[89.75715,24.13129],[89.75718,24.13273],[89.75698,24.13274],[89.757,24.13346],[89.7568,24.13346],[89.75683,24.1349],[89.75703,24.1349],[89.75704,24.13508],[89.75684,24.13508],[89.75685,24.13545],[89.75665,24.13545],[89.75666,24.13581],[89.75685,24.13581],[89.75686,24.13617],[89.75706,24.13616],[89.75708,24.13707],[89.75727,24.13706],[89.7573,24.13833],[89.7575,24.13832]]]}},{"type":"Feature","properties":{"kind":"land","ha":55.2},"geometry":{"type":"Polygon","coordinates":[[[89.70368,24.1512],[89.70386,24.15047],[89.70406,24.15047],[89.70404,24.14957],[89.70384,24.14957],[89.70384,24.14939],[89.70344,24.1494],[89.70344,24.14922],[89.70305,24.14922],[89.70284,24.14887],[89.70264,24.14887],[89.70264,24.14851],[89.70224,24.14852],[89.70204,24.14816],[89.70184,24.14816],[89.70184,24.14798],[89.70164,24.14799],[89.70164,24.14781],[89.70144,24.14781],[89.70144,24.14763],[89.70124,24.14763],[89.70124,24.14745],[89.70104,24.14745],[89.70104,24.14727],[89.70084,24.14728],[89.70084,24.1471],[89.70064,24.1471],[89.70064,24.14692],[89.70044,24.14692],[89.70044,24.14674],[89.70024,24.14675],[89.70024,24.14657],[89.70004,24.14657],[89.70004,24.14639],[89.69984,24.14639],[89.69984,24.14621],[89.69964,24.14622],[89.69963,24.14604],[89.69944,24.14604],[89.69943,24.14586],[89.69924,24.14586],[89.69923,24.1455],[89.69883,24.14533],[89.69883,24.14515],[89.69844,24.14515],[89.69844,24.14552],[89.69825,24.14552],[89.69826,24.14606],[89.69787,24.14625],[89.69788,24.14661],[89.69749,24.1468],[89.69749,24.14698],[89.6969,24.14699],[89.6967,24.14663],[89.6965,24.14663],[89.69648,24.14591],[89.69668,24.14591],[89.69667,24.14537],[89.69687,24.14536],[89.69686,24.14482],[89.69725,24.14481],[89.69744,24.14445],[89.69763,24.14445],[89.69763,24.14427],[89.69783,24.14426],[89.69762,24.14391],[89.69703,24.14392],[89.69703,24.14373],[89.69664,24.14374],[89.69663,24.14356],[89.69624,24.14357],[89.69623,24.14339],[89.69584,24.14339],[89.69564,24.14304],[89.69544,24.14304],[89.69544,24.14286],[89.69465,24.14269],[89.69444,24.14234],[89.69385,24.14235],[89.69385,24.14217],[89.69346,24.14217],[89.69345,24.14199],[89.69306,24.142],[89.69305,24.14182],[89.69266,24.14183],[89.69266,24.14165],[89.69226,24.14165],[89.69226,24.14147],[89.69187,24.14148],[89.69166,24.14112],[89.69087,24.14096],[89.69087,24.14078],[89.69048,24.14078],[89.69047,24.1406],[89.69008,24.14061],[89.69007,24.14043],[89.68968,24.14044],[89.68948,24.14008],[89.68928,24.14008],[89.68928,24.1399],[89.68888,24.13991],[89.68868,24.13955],[89.68848,24.13955],[89.68848,24.13937],[89.68809,24.13938],[89.68788,24.13902],[89.68749,24.13903],[89.68728,24.13867],[89.68709,24.13868],[89.68708,24.1385],[89.68689,24.1385],[89.68688,24.13832],[89.68649,24.13833],[89.68629,24.13797],[89.68609,24.13797],[89.68609,24.13779],[89.68589,24.13779],[89.68589,24.13761],[89.68549,24.13762],[89.68529,24.13726],[89.68489,24.13727],[89.68469,24.13691],[89.68449,24.13692],[89.68449,24.13674],[89.68429,24.13674],[89.68429,24.13656],[89.6839,24.13657],[89.68369,24.13621],[89.6835,24.13621],[89.68349,24.13603],[89.6833,24.13603],[89.68329,24.13585],[89.68309,24.13586],[89.68309,24.13568],[89.6827,24.13568],[89.68249,24.13533],[89.6823,24.13533],[89.68229,24.13515],[89.6821,24.13515],[89.68209,24.13497],[89.6819,24.13498],[89.68189,24.1348],[89.6817,24.1348],[89.68169,24.13462],[89.6815,24.13462],[89.68149,24.13444],[89.6813,24.13445],[89.68129,24.13426],[89.68109,24.13427],[89.68109,24.13391],[89.68069,24.13373],[89.68069,24.13355],[89.68049,24.13356],[89.68049,24.13338],[89.68029,24.13338],[89.68029,24.1332],[89.68009,24.1332],[89.68009,24.13302],[89.67989,24.13303],[89.67988,24.13285],[89.67969,24.13285],[89.67968,24.13267],[89.67949,24.13267],[89.67948,24.13231],[89.67908,24.13214],[89.67908,24.13196],[89.67888,24.13196],[89.67888,24.13178],[89.67868,24.13178],[89.67847,24.13107],[89.67807,24.13089],[89.67786,24.13017],[89.67767,24.13018],[89.67768,24.13072],[89.67787,24.13071],[89.67788,24.13108],[89.67808,24.13107],[89.67809,24.13143],[89.67848,24.13161],[89.67849,24.13197],[89.67869,24.13196],[89.6787,24.13251],[89.67909,24.13268],[89.6791,24.13286],[89.6793,24.13286],[89.6793,24.13322],[89.6797,24.13339],[89.6797,24.13357],[89.6799,24.13357],[89.67991,24.13393],[89.6803,24.1341],[89.68031,24.13446],[89.68071,24.13464],[89.68071,24.13482],[89.68091,24.13481],[89.68091,24.13499],[89.68111,24.13499],[89.68111,24.13517],[89.68131,24.13517],[89.68131,24.13535],[89.68151,24.13534],[89.68151,24.13552],[89.68171,24.13552],[89.68171,24.1357],[89.68191,24.1357],[89.68192,24.13588],[89.68211,24.13588],[89.68212,24.13606],[89.68231,24.13605],[89.68232,24.13623],[89.68271,24.13623],[89.68291,24.13658],[89.68311,24.13658],[89.68311,24.13676],[89.68331,24.13676],[89.68331,24.13694],[89.68351,24.13693],[89.68351,24.13711],[89.68371,24.13711],[89.68372,24.13747],[89.68412,24.13764],[89.68412,24.13783],[89.68451,24.13782],[89.68472,24.13818],[89.68511,24.13817],[89.68531,24.13853],[89.68551,24.13852],[89.68551,24.1387],[89.68571,24.1387],[89.68572,24.13888],[89.68591,24.13888],[89.68592,24.13906],[89.68611,24.13905],[89.68612,24.13923],[89.68631,24.13923],[89.68632,24.13941],[89.68651,24.13941],[89.68652,24.13959],[89.68691,24.13958],[89.68711,24.13994],[89.68731,24.13994],[89.68731,24.14012],[89.68751,24.14011],[89.68752,24.14029],[89.68771,24.14029],[89.68772,24.14047],[89.68791,24.14047],[89.68792,24.14065],[89.68811,24.14064],[89.68812,24.14082],[89.68891,24.14099],[89.68911,24.14135],[89.68931,24.14134],[89.68931,24.14152],[89.68951,24.14152],[89.68952,24.14188],[89.68991,24.14206],[89.68992,24.14224],[89.69011,24.14223],[89.69012,24.14241],[89.69051,24.14241],[89.69071,24.14276],[89.69091,24.14276],[89.69091,24.14294],[89.69111,24.14294],[89.69111,24.14312],[89.69131,24.14311],[89.69132,24.14329],[89.69151,24.14329],[89.69152,24.14347],[89.69191,24.14346],[89.69211,24.14382],[89.69231,24.14382],[89.69231,24.144],[89.69251,24.144],[89.69251,24.14418],[89.69271,24.14417],[89.69271,24.14435],[89.69291,24.14435],[89.69291,24.14453],[89.69311,24.14453],[89.69312,24.14471],[89.69331,24.1447],[89.69332,24.14488],[89.69351,24.14488],[89.69352,24.14506],[89.69371,24.14506],[89.69372,24.14524],[89.69391,24.14523],[89.69392,24.14541],[89.69431,24.14541],[89.69451,24.14577],[89.69471,24.14576],[89.69471,24.14594],[89.69491,24.14594],[89.69492,24.14612],[89.69511,24.14612],[89.69512,24.1463],[89.69531,24.14629],[89.69532,24.14647],[89.69571,24.14647],[89.69571,24.14665],[89.6963,24.14664],[89.69651,24.14699],[89.6967,24.14699],[89.69671,24.14717],[89.6969,24.14717],[89.69691,24.14735],[89.6971,24.14734],[89.69711,24.14752],[89.69731,24.14752],[89.69731,24.1477],[89.69751,24.1477],[89.69751,24.14788],[89.69771,24.14787],[89.69771,24.14806],[89.69791,24.14805],[89.69791,24.14823],[89.69811,24.14823],[89.69811,24.14841],[89.69831,24.14841],[89.69831,24.14859],[89.69851,24.14858],[89.69852,24.14894],[89.69891,24.14912],[89.69892,24.1493],[89.69911,24.14929],[89.69912,24.14947],[89.69931,24.14947],[89.69932,24.14965],[89.69971,24.14964],[89.69971,24.14982],[89.7005,24.14981],[89.7005,24.14999],[89.70109,24.14998],[89.7013,24.15034],[89.70189,24.15033],[89.70189,24.15051],[89.70248,24.1505],[89.70269,24.15086],[89.70288,24.15085],[89.70289,24.15103],[89.70308,24.15103],[89.70309,24.15121],[89.70368,24.1512]]]}},{"type":"Feature","properties":{"kind":"land","ha":6.9},"geometry":{"type":"Polygon","coordinates":[[[89.76579,24.13962],[89.76578,24.13925],[89.76637,24.13924],[89.76636,24.13888],[89.76597,24.13889],[89.76596,24.13853],[89.76576,24.13853],[89.76574,24.13763],[89.76555,24.13763],[89.76554,24.13709],[89.76534,24.1371],[89.76533,24.13656],[89.76513,24.13656],[89.76512,24.13584],[89.76492,24.13584],[89.7649,24.13476],[89.7647,24.13476],[89.76468,24.13386],[89.76448,24.13386],[89.76447,24.13332],[89.76427,24.13333],[89.76426,24.13278],[89.76407,24.13279],[89.76405,24.13225],[89.76386,24.13225],[89.76385,24.13189],[89.76365,24.13189],[89.76365,24.13153],[89.76345,24.13154],[89.76344,24.13117],[89.76304,24.131],[89.76299,24.12848],[89.76259,24.1283],[89.76262,24.12938],[89.76281,24.12938],[89.76283,24.1301],[89.76263,24.13011],[89.76264,24.13029],[89.76283,24.13028],[89.76285,24.13119],[89.76305,24.13118],[89.76306,24.13172],[89.76326,24.13172],[89.76327,24.13226],[89.76347,24.13226],[89.76348,24.13316],[89.76368,24.13316],[89.7637,24.13388],[89.76389,24.13387],[89.76391,24.13478],[89.76411,24.13477],[89.76412,24.13513],[89.76431,24.13513],[89.76433,24.13567],[89.76452,24.13567],[89.76454,24.13657],[89.76474,24.13657],[89.76475,24.13693],[89.76494,24.13692],[89.76496,24.13765],[89.76515,24.13764],[89.76517,24.13854],[89.76537,24.13854],[89.76539,24.13962],[89.76579,24.13962]]]}},{"type":"Feature","properties":{"kind":"land","ha":4.3},"geometry":{"type":"Polygon","coordinates":[[[89.76748,24.13616],[89.76747,24.13543],[89.76727,24.13544],[89.76726,24.1349],[89.76706,24.1349],[89.76705,24.13418],[89.76685,24.13418],[89.76684,24.13364],[89.76664,24.13364],[89.76663,24.1331],[89.76643,24.13311],[89.76642,24.13256],[89.76623,24.13257],[89.76619,24.13094],[89.76599,24.13095],[89.76589,24.12626],[89.76609,24.12625],[89.76608,24.12571],[89.76627,24.12571],[89.76626,24.12517],[89.76607,24.12517],[89.76607,24.12535],[89.76587,24.12535],[89.76589,24.12608],[89.76569,24.12608],[89.76572,24.12752],[89.76553,24.12753],[89.76555,24.12879],[89.76575,24.12879],[89.76583,24.13258],[89.76603,24.13257],[89.76605,24.13347],[89.76624,24.13347],[89.76626,24.13419],[89.76646,24.13419],[89.76647,24.13473],[89.76667,24.13473],[89.76667,24.13509],[89.76687,24.13508],[89.76688,24.13544],[89.76707,24.13544],[89.76709,24.13598],[89.76728,24.13598],[89.76729,24.13616],[89.76748,24.13616]]]}},{"type":"Feature","properties":{"kind":"land","ha":3.6},"geometry":{"type":"Polygon","coordinates":[[[89.74171,24.12687],[89.7419,24.12651],[89.74151,24.12634],[89.7415,24.12616],[89.74131,24.12616],[89.7413,24.12598],[89.74071,24.12599],[89.74071,24.12563],[89.74031,24.12545],[89.7403,24.12527],[89.73971,24.12528],[89.73971,24.1251],[89.73932,24.12511],[89.73931,24.12493],[89.73892,24.12494],[89.73892,24.12512],[89.73873,24.12512],[89.73873,24.1253],[89.73893,24.1253],[89.73895,24.12638],[89.73915,24.12638],[89.73915,24.12656],[89.73954,24.12655],[89.73955,24.12673],[89.74132,24.1267],[89.74132,24.12688],[89.74171,24.12687]],[[89.73932,24.12547],[89.73952,24.12547],[89.73953,24.12583],[89.73933,24.12583],[89.73932,24.12547]]]}},{"type":"Feature","properties":{"kind":"land","ha":10.1},"geometry":{"type":"Polygon","coordinates":[[[89.77658,24.12913],[89.77637,24.12877],[89.77676,24.12859],[89.77674,24.12786],[89.77655,24.12787],[89.77653,24.12697],[89.77633,24.12697],[89.77632,24.12661],[89.77593,24.12644],[89.77592,24.12626],[89.77573,24.12626],[89.77572,24.12608],[89.77553,24.12608],[89.77529,24.12428],[89.77549,24.12428],[89.77548,24.12392],[89.77568,24.12391],[89.77567,24.12373],[89.77587,24.12373],[89.77585,24.12265],[89.77565,24.12265],[89.77564,24.12247],[89.77525,24.12248],[89.77528,24.12356],[89.77469,24.12357],[89.7745,24.12393],[89.7743,24.12394],[89.7743,24.12412],[89.77411,24.12412],[89.77412,24.12466],[89.77392,24.12467],[89.77394,24.12539],[89.77413,24.12539],[89.77417,24.12701],[89.77437,24.12701],[89.77437,24.12737],[89.77457,24.12736],[89.77458,24.1279],[89.77498,24.12808],[89.77498,24.12826],[89.77518,24.12825],[89.77518,24.12843],[89.77558,24.12843],[89.77578,24.12878],[89.77598,24.12878],[89.77598,24.12896],[89.77618,24.12896],[89.77618,24.12914],[89.77658,24.12913]]]}},{"type":"Feature","properties":{"kind":"land","ha":4.8},"geometry":{"type":"Polygon","coordinates":[[[89.75364,24.12359],[89.75364,24.12341],[89.75383,24.12341],[89.75382,24.12286],[89.75402,24.12286],[89.75401,24.12232],[89.7542,24.12232],[89.7542,24.12214],[89.75499,24.12212],[89.75498,24.12194],[89.75538,24.12193],[89.75557,24.12157],[89.75576,24.12157],[89.75576,24.12139],[89.75595,24.12138],[89.75594,24.12084],[89.75555,24.12103],[89.75556,24.12139],[89.75517,24.1214],[89.75517,24.12158],[89.75458,24.12159],[89.75458,24.12141],[89.75438,24.12141],[89.75437,24.12087],[89.75417,24.12087],[89.75417,24.12069],[89.75338,24.12071],[89.75339,24.12089],[89.75319,24.12089],[89.75301,24.12162],[89.75321,24.12161],[89.75321,24.12179],[89.75282,24.12198],[89.75282,24.12216],[89.75263,24.12216],[89.75264,24.12253],[89.75244,24.12253],[89.75244,24.12271],[89.75264,24.12271],[89.75265,24.12325],[89.75304,24.12324],[89.75325,24.1236],[89.75364,24.12359]],[[89.7538,24.12196],[89.754,24.12196],[89.754,24.12214],[89.75381,24.12214],[89.7538,24.12196]]]}},{"type":"Feature","properties":{"kind":"land","ha":4.3},"geometry":{"type":"Polygon","coordinates":[[[89.7271,24.12407],[89.72709,24.12371],[89.7269,24.12371],[89.72689,24.12353],[89.72709,24.12353],[89.72707,24.1228],[89.72688,24.12281],[89.72686,24.12209],[89.72725,24.1219],[89.72723,24.121],[89.72684,24.12082],[89.72683,24.12064],[89.72664,24.12065],[89.72663,24.12028],[89.72623,24.12011],[89.72623,24.11993],[89.72603,24.11993],[89.72603,24.11975],[89.72583,24.11976],[89.72583,24.11958],[89.72563,24.11958],[89.72564,24.11994],[89.72544,24.11994],[89.72545,24.12049],[89.72565,24.12048],[89.72566,24.12102],[89.72586,24.12102],[89.72587,24.12156],[89.72567,24.12157],[89.72568,24.12175],[89.72587,24.12174],[89.72588,24.12228],[89.72628,24.12246],[89.72628,24.12264],[89.72648,24.12263],[89.7265,24.12336],[89.72669,24.12335],[89.7267,24.12389],[89.7269,24.12389],[89.7269,24.12407],[89.7271,24.12407]]]}},{"type":"Feature","properties":{"kind":"land","ha":3.0},"geometry":{"type":"Polygon","coordinates":[[[89.72842,24.12134],[89.72841,24.12079],[89.72821,24.1208],[89.7282,24.12044],[89.72801,24.12044],[89.728,24.12008],[89.7278,24.12008],[89.7278,24.11972],[89.7276,24.11973],[89.72759,24.11936],[89.72739,24.11937],[89.72739,24.11901],[89.72699,24.11883],[89.72699,24.11865],[89.72679,24.11866],[89.72679,24.11848],[89.72659,24.11848],[89.72659,24.1183],[89.72639,24.1183],[89.72639,24.11812],[89.72619,24.11813],[89.72618,24.11795],[89.72599,24.11795],[89.72598,24.11777],[89.72579,24.11777],[89.72578,24.11759],[89.72559,24.1176],[89.72558,24.11742],[89.72519,24.11742],[89.72499,24.11706],[89.72459,24.11707],[89.72459,24.11689],[89.7242,24.1169],[89.7242,24.11726],[89.7246,24.11743],[89.7246,24.11761],[89.7248,24.11761],[89.7248,24.11779],[89.7252,24.11778],[89.7254,24.11814],[89.7256,24.11814],[89.7256,24.11832],[89.7258,24.11831],[89.7258,24.11849],[89.726,24.11849],[89.726,24.11867],[89.7262,24.11867],[89.7262,24.11885],[89.7266,24.11884],[89.7266,24.1192],[89.727,24.11938],[89.72701,24.11956],[89.7272,24.11955],[89.72721,24.11991],[89.72761,24.12009],[89.72761,24.12045],[89.72801,24.12062],[89.72822,24.12134],[89.72842,24.12134]]]}},{"type":"Feature","properties":{"kind":"land","ha":35.9},"geometry":{"type":"Polygon","coordinates":[[[89.77056,24.12383],[89.77055,24.12346],[89.77075,24.12346],[89.77075,24.12328],[89.77055,24.12328],[89.77054,24.12292],[89.77133,24.12291],[89.77132,24.12273],[89.77172,24.1229],[89.77172,24.12308],[89.77192,24.12308],[89.77193,24.12326],[89.77212,24.12326],[89.77213,24.12344],[89.77291,24.12324],[89.7731,24.12288],[89.77329,24.12287],[89.77329,24.12269],[89.77349,24.12269],[89.77348,24.12251],[89.77368,24.12251],[89.77367,24.12214],[89.77308,24.12216],[89.77308,24.12197],[89.77347,24.12197],[89.77366,24.1216],[89.77386,24.1216],[89.77365,24.12124],[89.77346,24.12125],[89.77343,24.12016],[89.77363,24.12016],[89.77362,24.1198],[89.77401,24.11979],[89.7742,24.11943],[89.7744,24.11942],[89.7744,24.11924],[89.77459,24.11924],[89.77459,24.11906],[89.77478,24.11906],[89.77478,24.11869],[89.77458,24.1187],[89.77457,24.11816],[89.77417,24.11798],[89.77416,24.11744],[89.77396,24.11745],[89.77395,24.1169],[89.77434,24.1169],[89.77434,24.11654],[89.77394,24.11636],[89.77394,24.11618],[89.77315,24.1162],[89.77315,24.11602],[89.77275,24.11602],[89.77255,24.11567],[89.77235,24.11567],[89.77235,24.11549],[89.77176,24.1155],[89.77175,24.11496],[89.77135,24.11497],[89.77136,24.11533],[89.77156,24.11532],[89.77156,24.1155],[89.77097,24.11552],[89.77098,24.1157],[89.77078,24.1157],[89.7708,24.1166],[89.7706,24.1166],[89.77063,24.11787],[89.77024,24.11806],[89.77024,24.11824],[89.76965,24.11825],[89.76947,24.11897],[89.76928,24.11898],[89.76928,24.11934],[89.76968,24.11951],[89.76968,24.11969],[89.76988,24.11969],[89.77009,24.1204],[89.77029,24.1204],[89.77031,24.1213],[89.76992,24.12131],[89.76992,24.12149],[89.76933,24.1215],[89.76913,24.12114],[89.76893,24.12115],[89.76893,24.12097],[89.76873,24.12097],[89.76854,24.12134],[89.76834,24.12134],[89.76835,24.1217],[89.76815,24.1217],[89.76816,24.12206],[89.76797,24.12207],[89.76797,24.12243],[89.76817,24.12242],[89.76819,24.12315],[89.76838,24.12314],[89.76838,24.12296],[89.76897,24.12295],[89.76897,24.12313],[89.76917,24.12313],[89.76918,24.12349],[89.76957,24.12366],[89.76958,24.12384],[89.77056,24.12383]]]}},{"type":"Feature","properties":{"kind":"land","ha":12.8},"geometry":{"type":"Polygon","coordinates":[[[89.75826,24.11863],[89.75825,24.11845],[89.75845,24.11845],[89.75844,24.11827],[89.75864,24.11827],[89.75864,24.11808],[89.75923,24.11807],[89.75922,24.11789],[89.75962,24.11789],[89.75999,24.11716],[89.76039,24.11715],[89.76038,24.11697],[89.76058,24.11697],[89.76058,24.11715],[89.76078,24.11714],[89.76077,24.11678],[89.76097,24.11678],[89.76097,24.1166],[89.76156,24.11659],[89.76153,24.11551],[89.76134,24.11551],[89.76133,24.11515],[89.76113,24.11515],[89.76112,24.11479],[89.76093,24.11479],[89.76091,24.11425],[89.76072,24.11426],[89.76068,24.11227],[89.76087,24.11227],[89.76086,24.11173],[89.76047,24.11173],[89.76046,24.11155],[89.76027,24.11156],[89.76026,24.11102],[89.76065,24.11101],[89.76085,24.11137],[89.76105,24.11136],[89.76106,24.1119],[89.76145,24.1119],[89.76145,24.11154],[89.76184,24.11135],[89.76183,24.11117],[89.76203,24.11116],[89.76202,24.1108],[89.76222,24.1108],[89.76221,24.11044],[89.76201,24.11044],[89.76201,24.11026],[89.76162,24.11027],[89.76161,24.11009],[89.76024,24.11011],[89.76023,24.10993],[89.75964,24.10994],[89.75965,24.11012],[89.75906,24.11014],[89.75906,24.11032],[89.75886,24.11032],[89.75888,24.11086],[89.75907,24.11086],[89.75908,24.11122],[89.75928,24.11121],[89.75928,24.11158],[89.75968,24.11175],[89.75969,24.11193],[89.75988,24.11193],[89.75989,24.11229],[89.76009,24.11228],[89.7601,24.11282],[89.7599,24.11283],[89.7599,24.11301],[89.75971,24.11301],[89.7597,24.11283],[89.75931,24.11284],[89.75932,24.11302],[89.75971,24.11319],[89.75972,24.11337],[89.75991,24.11337],[89.75992,24.11355],[89.76011,24.11355],[89.76033,24.11426],[89.76052,24.11426],[89.76053,24.1148],[89.76034,24.11481],[89.76035,24.11535],[89.76015,24.11535],[89.76016,24.11571],[89.75996,24.11571],[89.75997,24.11608],[89.75958,24.11626],[89.75959,24.11662],[89.7592,24.11681],[89.7592,24.11699],[89.75901,24.117],[89.75901,24.11718],[89.75881,24.11718],[89.75882,24.11736],[89.75862,24.11736],[89.75863,24.11754],[89.75843,24.11755],[89.75843,24.11773],[89.75824,24.11773],[89.75824,24.11791],[89.75804,24.11792],[89.75805,24.11828],[89.75785,24.11828],[89.75786,24.11846],[89.75766,24.11846],[89.75787,24.11882],[89.75826,24.11863]]]}},{"type":"Feature","properties":{"kind":"land","ha":8.0},"geometry":{"type":"Polygon","coordinates":[[[89.75125,24.11298],[89.75125,24.1128],[89.75203,24.11279],[89.75203,24.11261],[89.75183,24.11261],[89.75183,24.11243],[89.75144,24.11244],[89.75123,24.11208],[89.75104,24.11208],[89.75103,24.1119],[89.75084,24.11191],[89.75083,24.11173],[89.75044,24.11173],[89.75023,24.11138],[89.75004,24.11138],[89.75003,24.1112],[89.74964,24.11121],[89.74964,24.11103],[89.74905,24.11104],[89.74904,24.11086],[89.74786,24.11088],[89.74786,24.1107],[89.74707,24.11071],[89.74707,24.11053],[89.74668,24.11054],[89.74667,24.11036],[89.74628,24.11037],[89.74628,24.11019],[89.74608,24.11019],[89.74607,24.10965],[89.74587,24.10965],[89.74586,24.10911],[89.74508,24.1093],[89.74508,24.10948],[89.74547,24.10948],[89.74548,24.10966],[89.74567,24.10965],[89.74568,24.10983],[89.74509,24.10985],[89.74509,24.11003],[89.74549,24.1102],[89.74549,24.11038],[89.74589,24.11037],[89.74589,24.11073],[89.74629,24.11073],[89.74629,24.11091],[89.74649,24.1109],[89.7465,24.11126],[89.74611,24.11145],[89.7459,24.11109],[89.74571,24.1111],[89.7457,24.11092],[89.74472,24.11094],[89.74472,24.11112],[89.74512,24.11111],[89.74512,24.11129],[89.74571,24.11128],[89.74591,24.11164],[89.74631,24.11163],[89.74631,24.11181],[89.7467,24.11162],[89.7467,24.1118],[89.7471,24.11179],[89.7471,24.11198],[89.7473,24.11197],[89.7473,24.11215],[89.74769,24.11215],[89.74769,24.11196],[89.74729,24.11179],[89.74729,24.11161],[89.74709,24.11161],[89.74728,24.11125],[89.74846,24.11141],[89.74867,24.11177],[89.74887,24.11176],[89.74887,24.11212],[89.74868,24.11213],[89.74868,24.11231],[89.74927,24.1123],[89.74947,24.11265],[89.75026,24.11264],[89.75027,24.113],[89.75125,24.11298]]]}},{"type":"Feature","properties":{"kind":"land","ha":7.7},"geometry":{"type":"Polygon","coordinates":[[[89.7277,24.11539],[89.7277,24.11503],[89.7275,24.11503],[89.72749,24.11467],[89.72709,24.1145],[89.72709,24.11432],[89.72689,24.11432],[89.72689,24.11414],[89.72669,24.11415],[89.72669,24.11397],[89.72649,24.11397],[89.72647,24.11307],[89.72568,24.11272],[89.72567,24.11236],[89.72528,24.11237],[89.72528,24.11219],[89.72567,24.11218],[89.72564,24.11092],[89.72545,24.11092],[89.72543,24.11002],[89.72523,24.11002],[89.72523,24.10984],[89.72483,24.10985],[89.72484,24.11021],[89.72464,24.11021],[89.72465,24.11039],[89.72425,24.1104],[89.72425,24.11022],[89.72405,24.11022],[89.72405,24.10986],[89.72385,24.10986],[89.72384,24.10932],[89.72404,24.10932],[89.72403,24.10896],[89.72304,24.10898],[89.72305,24.10916],[89.72285,24.10916],[89.72286,24.10952],[89.72306,24.10952],[89.72306,24.10988],[89.72326,24.10988],[89.72328,24.1106],[89.72308,24.1106],[89.72308,24.11078],[89.72348,24.11095],[89.72349,24.11132],[89.72368,24.11131],[89.72369,24.11149],[89.72388,24.11149],[89.72389,24.11185],[89.72507,24.11183],[89.7251,24.11309],[89.72549,24.11308],[89.7255,24.11327],[89.72589,24.11326],[89.72589,24.11344],[89.72609,24.11343],[89.7261,24.11416],[89.7263,24.11415],[89.72631,24.11451],[89.72671,24.11469],[89.72671,24.11487],[89.72691,24.11486],[89.72691,24.11504],[89.72711,24.11504],[89.72711,24.11522],[89.72731,24.11522],[89.72731,24.1154],[89.7277,24.11539]]]}},{"type":"Feature","properties":{"kind":"land","ha":11.8},"geometry":{"type":"Polygon","coordinates":[[[89.74472,24.11094],[89.74471,24.11075],[89.74432,24.11058],[89.74431,24.1104],[89.74412,24.1104],[89.74391,24.10969],[89.7441,24.10968],[89.74411,24.10986],[89.74489,24.10985],[89.74469,24.10949],[89.7437,24.10951],[89.7437,24.10933],[89.74331,24.10934],[89.7433,24.10916],[89.74311,24.10916],[89.74311,24.10934],[89.74252,24.10935],[89.74252,24.10917],[89.74193,24.10918],[89.74193,24.10936],[89.74173,24.10936],[89.74173,24.10918],[89.74134,24.10919],[89.74133,24.10883],[89.74094,24.10884],[89.74093,24.10866],[89.74015,24.10867],[89.74014,24.10849],[89.73955,24.1085],[89.73955,24.10832],[89.73837,24.10834],[89.73837,24.10816],[89.73778,24.10817],[89.73777,24.10799],[89.73679,24.10801],[89.73679,24.10783],[89.7358,24.10785],[89.7358,24.10767],[89.73423,24.10769],[89.73422,24.10751],[89.73383,24.10752],[89.73383,24.10734],[89.73363,24.10734],[89.73363,24.10716],[89.73323,24.10717],[89.73323,24.10699],[89.73264,24.107],[89.73263,24.10682],[89.73185,24.10683],[89.73184,24.10665],[89.73047,24.10668],[89.73047,24.1065],[89.7287,24.10653],[89.7287,24.10671],[89.72831,24.10672],[89.72831,24.1069],[89.7287,24.10689],[89.72871,24.10707],[89.72969,24.10705],[89.72969,24.10723],[89.73127,24.10721],[89.73127,24.10739],[89.73186,24.10738],[89.73186,24.10756],[89.73265,24.10754],[89.73265,24.10772],[89.73324,24.10771],[89.73325,24.10789],[89.73384,24.10788],[89.73404,24.10824],[89.73463,24.10823],[89.73464,24.10841],[89.73562,24.10839],[89.73562,24.10857],[89.73798,24.10853],[89.73798,24.10871],[89.73936,24.10868],[89.73936,24.10887],[89.73976,24.10886],[89.73976,24.10904],[89.74074,24.10902],[89.74075,24.1092],[89.74114,24.10919],[89.74135,24.10955],[89.74154,24.10955],[89.74155,24.10973],[89.74174,24.10973],[89.74175,24.10991],[89.74214,24.1099],[89.74234,24.11026],[89.74274,24.11025],[89.74274,24.11043],[89.74353,24.11042],[89.74353,24.1106],[89.74392,24.11059],[89.74393,24.11077],[89.74432,24.11076],[89.74433,24.11094],[89.74472,24.11094]],[[89.73403,24.10788],[89.73423,24.10787],[89.73423,24.10805],[89.73404,24.10806],[89.73403,24.10788]]]}},{"type":"Feature","properties":{"kind":"land","ha":3.8},"geometry":{"type":"Polygon","coordinates":[[[89.67535,24.11325],[89.67532,24.11199],[89.67552,24.11198],[89.6755,24.11126],[89.6757,24.11126],[89.67568,24.11036],[89.67588,24.11035],[89.67586,24.10963],[89.67547,24.10964],[89.67546,24.10928],[89.67566,24.10927],[89.67564,24.10837],[89.67524,24.1082],[89.67524,24.10802],[89.67504,24.10802],[89.67503,24.1073],[89.67483,24.1073],[89.67483,24.10748],[89.67464,24.10749],[89.67465,24.10803],[89.67484,24.10802],[89.67486,24.10856],[89.67466,24.10857],[89.67468,24.10947],[89.67448,24.10947],[89.67449,24.10983],[89.67488,24.10983],[89.67489,24.11019],[89.67509,24.11019],[89.6751,24.11073],[89.67529,24.11072],[89.67531,24.11126],[89.67511,24.11127],[89.67512,24.11199],[89.67493,24.11199],[89.67493,24.11235],[89.67513,24.11235],[89.67515,24.11325],[89.67535,24.11325]]]}},{"type":"Feature","properties":{"kind":"land","ha":9.1},"geometry":{"type":"Polygon","coordinates":[[[89.7214,24.11496],[89.72138,24.11406],[89.72119,24.11406],[89.72115,24.11226],[89.72134,24.11226],[89.72133,24.11135],[89.72113,24.11136],[89.72112,24.111],[89.72132,24.11099],[89.72128,24.10937],[89.72109,24.10937],[89.72106,24.10829],[89.72067,24.10812],[89.72065,24.10721],[89.72045,24.10722],[89.72044,24.10668],[89.72024,24.10668],[89.72024,24.10632],[89.72004,24.10632],[89.72003,24.10596],[89.71963,24.10579],[89.71965,24.10633],[89.71984,24.10633],[89.71993,24.1103],[89.72012,24.11029],[89.71996,24.11174],[89.72015,24.11174],[89.72016,24.1121],[89.72036,24.11209],[89.72037,24.11263],[89.72017,24.11264],[89.72019,24.11354],[89.72059,24.11371],[89.7208,24.11443],[89.7212,24.11461],[89.72121,24.11497],[89.7214,24.11496]],[[89.72033,24.11083],[89.72092,24.11082],[89.72093,24.11118],[89.72034,24.11119],[89.72033,24.11083]]]}},{"type":"Feature","properties":{"kind":"land","ha":5.1},"geometry":{"type":"Polygon","coordinates":[[[89.78514,24.10695],[89.78511,24.10533],[89.7853,24.10533],[89.7853,24.10497],[89.78568,24.10478],[89.78568,24.1046],[89.78588,24.10459],[89.78587,24.10441],[89.78607,24.10441],[89.78607,24.10423],[89.78626,24.10423],[89.78626,24.10405],[89.78646,24.10404],[89.78645,24.10386],[89.78665,24.10386],[89.78664,24.10368],[89.78684,24.10367],[89.78684,24.10349],[89.78703,24.10349],[89.78703,24.10331],[89.78723,24.10331],[89.78722,24.10313],[89.78742,24.10312],[89.7876,24.1024],[89.7878,24.10239],[89.78779,24.10203],[89.78799,24.10203],[89.78797,24.10149],[89.78817,24.10148],[89.78815,24.10058],[89.78835,24.10058],[89.78834,24.10022],[89.78854,24.10021],[89.78852,24.09967],[89.78872,24.09967],[89.7889,24.09894],[89.7891,24.09894],[89.78909,24.09858],[89.78948,24.09839],[89.78948,24.09821],[89.78869,24.09823],[89.7887,24.09877],[89.7885,24.09877],[89.78852,24.09949],[89.78832,24.0995],[89.78833,24.09986],[89.78813,24.09986],[89.78814,24.10004],[89.78794,24.10004],[89.78795,24.10059],[89.78776,24.10059],[89.78777,24.10113],[89.78757,24.10113],[89.78758,24.10149],[89.78738,24.1015],[89.78739,24.10186],[89.787,24.10205],[89.78701,24.10223],[89.78681,24.10223],[89.78663,24.10296],[89.78643,24.10296],[89.78644,24.1035],[89.78625,24.1035],[89.78625,24.10368],[89.78586,24.10369],[89.78567,24.10406],[89.78547,24.10406],[89.78548,24.10424],[89.78528,24.10424],[89.78529,24.1046],[89.78509,24.10461],[89.7851,24.10515],[89.78491,24.10515],[89.78492,24.10588],[89.78473,24.10588],[89.78474,24.1066],[89.78494,24.1066],[89.78495,24.10696],[89.78514,24.10695]]]}},{"type":"Feature","properties":{"kind":"land","ha":11.2},"geometry":{"type":"Polygon","coordinates":[[[89.74561,24.09738],[89.74522,24.09739],[89.74521,24.09721],[89.74462,24.09722],[89.74463,24.0974],[89.74404,24.09741],[89.74404,24.09759],[89.74345,24.0976],[89.74345,24.09742],[89.74325,24.09742],[89.74323,24.0967],[89.74304,24.09671],[89.74303,24.09653],[89.74264,24.09653],[89.74285,24.09725],[89.74266,24.09725],[89.74266,24.09743],[89.74187,24.09745],[89.74188,24.09781],[89.74149,24.09782],[89.74149,24.098],[89.7413,24.098],[89.7413,24.09836],[89.74189,24.09835],[89.74189,24.09799],[89.74228,24.09798],[89.74229,24.09852],[89.74268,24.09852],[89.7425,24.09924],[89.74309,24.09923],[89.7431,24.09941],[89.74349,24.0994],[89.74369,24.09976],[89.74389,24.09976],[89.74411,24.10084],[89.74372,24.10103],[89.74372,24.10121],[89.74353,24.10121],[89.74353,24.10139],[89.74333,24.10139],[89.74335,24.10212],[89.74374,24.10193],[89.74373,24.10157],[89.74432,24.10156],[89.74433,24.10174],[89.74472,24.10173],[89.74471,24.10137],[89.74491,24.10137],[89.74489,24.10046],[89.74469,24.10047],[89.74469,24.10029],[89.74508,24.1001],[89.74507,24.09992],[89.74547,24.09991],[89.74546,24.09973],[89.74625,24.09972],[89.74644,24.09935],[89.74604,24.09918],[89.74604,24.099],[89.74584,24.099],[89.74584,24.09882],[89.74564,24.09882],[89.74561,24.09738]],[[89.74565,24.09919],[89.74525,24.09919],[89.74544,24.09883],[89.74564,24.09882],[89.74565,24.09919]],[[89.74448,24.09957],[89.74428,24.09957],[89.74426,24.09885],[89.74466,24.09884],[89.74466,24.0992],[89.74506,24.09938],[89.74507,24.09974],[89.74468,24.09993],[89.74448,24.09957]]]}},{"type":"Feature","properties":{"kind":"land","ha":3.1},"geometry":{"type":"Polygon","coordinates":[[[89.74065,24.09512],[89.74063,24.09458],[89.74024,24.09441],[89.74002,24.09369],[89.73963,24.09352],[89.73962,24.09334],[89.73943,24.09334],[89.73942,24.09316],[89.73903,24.09317],[89.73883,24.09281],[89.73804,24.09264],[89.73803,24.09246],[89.73764,24.09247],[89.73744,24.09211],[89.73724,24.09212],[89.73723,24.09194],[89.73644,24.09177],[89.73644,24.09159],[89.73605,24.0916],[89.73604,24.09142],[89.73565,24.09142],[89.73565,24.09124],[89.73447,24.09126],[89.73447,24.09144],[89.73526,24.09143],[89.73526,24.09161],[89.73565,24.0916],[89.73566,24.09178],[89.73625,24.09177],[89.73645,24.09213],[89.73685,24.09212],[89.73685,24.0923],[89.73705,24.0923],[89.73705,24.09248],[89.73784,24.09265],[89.73804,24.093],[89.73844,24.093],[89.73864,24.09335],[89.73884,24.09335],[89.73884,24.09353],[89.73904,24.09353],[89.73905,24.09389],[89.73944,24.09406],[89.73945,24.09424],[89.73964,24.09424],[89.73965,24.09442],[89.73984,24.09442],[89.73985,24.0946],[89.74004,24.09459],[89.74005,24.09477],[89.74024,24.09477],[89.74025,24.09495],[89.74044,24.09495],[89.74045,24.09513],[89.74065,24.09512]]]}},{"type":"Feature","properties":{"kind":"land","ha":7.6},"geometry":{"type":"Polygon","coordinates":[[[89.75694,24.09393],[89.75693,24.09339],[89.75653,24.09321],[89.75653,24.09303],[89.75633,24.09304],[89.75631,24.09213],[89.7567,24.09195],[89.7567,24.09177],[89.75591,24.09178],[89.75591,24.09196],[89.75552,24.09197],[89.75552,24.09179],[89.75532,24.09179],[89.75531,24.09143],[89.75472,24.09144],[89.75472,24.09126],[89.75433,24.09127],[89.75414,24.09163],[89.75374,24.09164],[89.75374,24.09146],[89.75295,24.09147],[89.75275,24.09112],[89.75255,24.09112],[89.75255,24.09094],[89.75235,24.09094],[89.75235,24.09076],[89.75156,24.0906],[89.75136,24.09024],[89.75116,24.09024],[89.75115,24.09006],[89.75096,24.09006],[89.75097,24.09043],[89.75136,24.0906],[89.75138,24.09132],[89.75157,24.09132],[89.75158,24.09168],[89.75198,24.09185],[89.75198,24.09203],[89.75317,24.09219],[89.75317,24.09237],[89.75356,24.09236],[89.75357,24.09254],[89.75416,24.09253],[89.75415,24.09235],[89.75435,24.09235],[89.75476,24.09307],[89.75515,24.09306],[89.75536,24.09342],[89.75575,24.09341],[89.75575,24.09359],[89.75634,24.09358],[89.75655,24.09394],[89.75694,24.09393]],[[89.75395,24.09182],[89.75414,24.09181],[89.75415,24.09217],[89.75395,24.09218],[89.75395,24.09182]]]}},{"type":"Feature","properties":{"kind":"land","ha":3.5},"geometry":{"type":"Polygon","coordinates":[[[89.71248,24.09274],[89.71247,24.09238],[89.71267,24.09237],[89.71266,24.09201],[89.71246,24.09202],[89.71246,24.09184],[89.71265,24.09183],[89.71265,24.09165],[89.71304,24.09165],[89.71325,24.092],[89.71344,24.092],[89.71345,24.09218],[89.71384,24.09217],[89.71383,24.09145],[89.71343,24.09128],[89.71343,24.0911],[89.71264,24.09111],[89.71264,24.09093],[89.71244,24.09093],[89.71243,24.09057],[89.71203,24.0904],[89.71202,24.08986],[89.71222,24.08985],[89.71222,24.08967],[89.71182,24.08968],[89.71182,24.0895],[89.71162,24.0895],[89.71143,24.08987],[89.71163,24.08987],[89.71164,24.09023],[89.71183,24.09022],[89.71186,24.09149],[89.71147,24.09167],[89.71149,24.0924],[89.71188,24.09239],[89.71208,24.09275],[89.71248,24.09274]]]}},{"type":"Feature","properties":{"kind":"land","ha":24.7},"geometry":{"type":"Polygon","coordinates":[[[89.78734,24.09969],[89.78734,24.09951],[89.78754,24.09951],[89.78753,24.09897],[89.78772,24.09897],[89.78771,24.09842],[89.78732,24.09861],[89.78712,24.09825],[89.78653,24.09826],[89.78652,24.09808],[89.78633,24.09809],[89.78631,24.09755],[89.78612,24.09755],[89.78603,24.0934],[89.78563,24.09323],[89.78562,24.09287],[89.78523,24.09287],[89.78503,24.09252],[89.78483,24.09252],[89.78482,24.09198],[89.78501,24.09197],[89.78481,24.09162],[89.78501,24.09161],[89.78498,24.09053],[89.78518,24.09053],[89.78517,24.09017],[89.78537,24.09016],[89.78534,24.0889],[89.78554,24.0889],[89.78551,24.08781],[89.78571,24.08781],[89.7857,24.08745],[89.78551,24.08745],[89.78549,24.08673],[89.78569,24.08673],[89.78568,24.08619],[89.78587,24.08618],[89.78586,24.08582],[89.78606,24.08582],[89.78605,24.08528],[89.78546,24.08529],[89.78547,24.08583],[89.78528,24.08583],[89.7853,24.08692],[89.78491,24.0871],[89.78491,24.08728],[89.78472,24.08729],[89.78454,24.08801],[89.78434,24.08802],[89.78435,24.08856],[89.78415,24.08856],[89.78416,24.08892],[89.78397,24.08893],[89.78399,24.09001],[89.78379,24.09001],[89.78382,24.09127],[89.78343,24.09128],[89.78342,24.09074],[89.78302,24.09075],[89.78284,24.09147],[89.78264,24.09148],[89.78267,24.09274],[89.78248,24.09274],[89.7825,24.09383],[89.7829,24.094],[89.7829,24.09418],[89.7831,24.09418],[89.7831,24.09454],[89.7833,24.09453],[89.78333,24.09598],[89.78373,24.09615],[89.78373,24.09633],[89.78393,24.09633],[89.78394,24.09687],[89.78434,24.09704],[89.78434,24.09722],[89.78454,24.09722],[89.78455,24.09758],[89.78474,24.09758],[89.78475,24.09776],[89.78553,24.09774],[89.78576,24.09918],[89.78596,24.09918],[89.78596,24.09954],[89.78616,24.09954],[89.78617,24.09972],[89.78734,24.09969]],[[89.78533,24.09738],[89.78552,24.09738],[89.78553,24.09756],[89.78533,24.09756],[89.78533,24.09738]],[[89.78492,24.09685],[89.78473,24.09685],[89.78472,24.09631],[89.78452,24.09632],[89.78451,24.09577],[89.7849,24.09577],[89.78489,24.09541],[89.78528,24.09522],[89.7853,24.0963],[89.7855,24.0963],[89.78552,24.0972],[89.78493,24.09721],[89.78492,24.09685]],[[89.78389,24.09434],[89.78369,24.09435],[89.78368,24.09398],[89.78349,24.09399],[89.78347,24.09309],[89.78327,24.09309],[89.78325,24.09237],[89.78306,24.09237],[89.78325,24.09201],[89.78344,24.092],[89.78344,24.09182],[89.78384,24.092],[89.78384,24.09218],[89.78404,24.09217],[89.78405,24.09271],[89.78424,24.09271],[89.78425,24.09307],[89.78445,24.09307],[89.78446,24.09379],[89.78466,24.09379],[89.78466,24.09397],[89.78447,24.09397],[89.78448,24.09433],[89.78428,24.09433],[89.78429,24.09488],[89.7839,24.09488],[89.78389,24.09434]]]}},{"type":"Feature","properties":{"kind":"land","ha":3.1},"geometry":{"type":"Polygon","coordinates":[[[89.71201,24.08932],[89.71198,24.08787],[89.71218,24.08787],[89.71216,24.08697],[89.71176,24.08679],[89.71175,24.08643],[89.71156,24.08644],[89.71154,24.08572],[89.71135,24.08572],[89.71134,24.08554],[89.71095,24.08555],[89.71096,24.08609],[89.71116,24.08608],[89.71116,24.08644],[89.71097,24.08645],[89.71098,24.08717],[89.71079,24.08717],[89.71079,24.08753],[89.71158,24.08752],[89.7116,24.08824],[89.71101,24.08825],[89.71101,24.08843],[89.71121,24.08843],[89.71122,24.08897],[89.71141,24.08897],[89.71142,24.08933],[89.71201,24.08932]]]}},{"type":"Feature","properties":{"kind":"land","ha":6.0},"geometry":{"type":"Polygon","coordinates":[[[89.79069,24.09079],[89.79069,24.09061],[89.79088,24.0906],[89.79088,24.09024],[89.79107,24.09024],[89.79106,24.08952],[89.79165,24.08951],[89.79183,24.08914],[89.79203,24.08914],[89.79203,24.08896],[89.79222,24.08896],[89.79222,24.08877],[89.79242,24.08877],[89.79241,24.08841],[89.7928,24.08822],[89.79279,24.08786],[89.79299,24.08786],[89.79297,24.08732],[89.79336,24.08713],[89.79336,24.08677],[89.79355,24.08677],[89.79354,24.08604],[89.79334,24.08605],[89.79333,24.08551],[89.79353,24.0855],[89.79352,24.08532],[89.79333,24.08533],[89.79329,24.0837],[89.79309,24.0837],[89.79306,24.08226],[89.79287,24.08227],[89.79294,24.08587],[89.79275,24.08588],[89.79276,24.0866],[89.79237,24.08679],[89.79238,24.08715],[89.79218,24.08715],[89.79219,24.08733],[89.79199,24.08734],[89.79181,24.08806],[89.79161,24.08806],[89.79162,24.08842],[89.79123,24.08861],[89.79124,24.08879],[89.79104,24.0888],[89.79104,24.08898],[89.79085,24.08898],[89.79086,24.08934],[89.79066,24.08934],[89.79067,24.08989],[89.79047,24.08989],[89.79049,24.09043],[89.79029,24.09043],[89.7903,24.0908],[89.79069,24.09079]]]}},{"type":"Feature","properties":{"kind":"land","ha":26.6},"geometry":{"type":"Polygon","coordinates":[[[89.69036,24.08844],[89.69036,24.08826],[89.69252,24.08822],[89.69252,24.08804],[89.69409,24.08801],[89.69409,24.08783],[89.69468,24.08782],[89.69467,24.08764],[89.69566,24.08762],[89.69565,24.08744],[89.69644,24.08743],[89.69643,24.08725],[89.69722,24.08723],[89.69722,24.08705],[89.69781,24.08704],[89.6978,24.08686],[89.6982,24.08685],[89.69819,24.08667],[89.69859,24.08667],[89.69858,24.08649],[89.69897,24.08648],[89.69916,24.08611],[89.69956,24.08611],[89.69975,24.08574],[89.70034,24.08573],[89.70033,24.08555],[89.70072,24.08555],[89.70072,24.08537],[89.70033,24.08537],[89.70032,24.08501],[89.70052,24.08501],[89.70051,24.08483],[89.70091,24.08482],[89.7009,24.08446],[89.70129,24.08427],[89.70128,24.08373],[89.6997,24.08376],[89.69971,24.08394],[89.69931,24.08395],[89.69932,24.08431],[89.69893,24.08431],[89.69893,24.08413],[89.69912,24.08413],[89.69911,24.08377],[89.69892,24.08377],[89.69891,24.08359],[89.69832,24.0836],[89.69833,24.08378],[89.69774,24.08379],[89.69774,24.08397],[89.69735,24.08398],[89.69735,24.08416],[89.69676,24.08417],[89.69657,24.08454],[89.69579,24.08473],[89.6958,24.08491],[89.6954,24.08492],[89.69521,24.08528],[89.69482,24.08529],[89.69482,24.08547],[89.69404,24.08548],[89.69404,24.08566],[89.69365,24.08567],[89.69365,24.08585],[89.69326,24.08586],[89.69326,24.08604],[89.69287,24.08605],[89.69287,24.08623],[89.69268,24.08623],[89.69269,24.08659],[89.6919,24.08678],[89.69191,24.08697],[89.69151,24.08697],[89.69152,24.08715],[89.69112,24.08716],[89.69113,24.08734],[89.69073,24.08735],[89.69055,24.08771],[89.68976,24.08791],[89.68977,24.08809],[89.68918,24.0881],[89.68899,24.08846],[89.68879,24.08846],[89.6888,24.08864],[89.69036,24.08844]]]}},{"type":"Feature","properties":{"kind":"land","ha":8.4},"geometry":{"type":"Polygon","coordinates":[[[89.76334,24.08966],[89.76333,24.08948],[89.76294,24.08931],[89.76293,24.08913],[89.76274,24.08913],[89.76273,24.08895],[89.76254,24.08895],[89.76253,24.08877],[89.76233,24.08878],[89.76233,24.0886],[89.76213,24.0886],[89.76213,24.08842],[89.76193,24.08842],[89.76193,24.08824],[89.76173,24.08825],[89.76173,24.08807],[89.76153,24.08807],[89.76153,24.08789],[89.76133,24.08789],[89.76132,24.08753],[89.76093,24.08736],[89.76092,24.08718],[89.76013,24.08701],[89.76013,24.08683],[89.75974,24.08684],[89.75953,24.08648],[89.75934,24.08648],[89.75933,24.0863],[89.75914,24.08631],[89.75913,24.08613],[89.75835,24.08614],[89.75834,24.08596],[89.75815,24.08596],[89.75815,24.08633],[89.75776,24.08633],[89.75774,24.08543],[89.75754,24.08543],[89.75754,24.08507],[89.75734,24.08508],[89.75733,24.08472],[89.75694,24.08454],[89.75693,24.08436],[89.75673,24.08437],[89.75673,24.08418],[89.75653,24.08419],[89.75653,24.08401],[89.75614,24.08401],[89.75593,24.08366],[89.75574,24.08366],[89.75573,24.08348],[89.75554,24.08348],[89.75553,24.0833],[89.75534,24.08331],[89.75533,24.08313],[89.75494,24.08313],[89.75473,24.08278],[89.75454,24.08278],[89.75453,24.0826],[89.75434,24.0826],[89.75435,24.08296],[89.75474,24.08314],[89.75475,24.08332],[89.75494,24.08331],[89.75495,24.08368],[89.75515,24.08367],[89.75515,24.08403],[89.75555,24.08421],[89.75556,24.08439],[89.75575,24.08438],[89.75596,24.0851],[89.75636,24.08527],[89.75637,24.08545],[89.75656,24.08545],[89.75657,24.08563],[89.75676,24.08563],[89.75677,24.08581],[89.75696,24.08581],[89.75697,24.08599],[89.75736,24.08598],[89.75736,24.08616],[89.75756,24.08616],[89.75757,24.08652],[89.75796,24.08651],[89.75816,24.08687],[89.75856,24.08686],[89.75876,24.08722],[89.75916,24.08721],[89.75936,24.08757],[89.75956,24.08756],[89.75956,24.08774],[89.75995,24.08774],[89.76016,24.08809],[89.76035,24.08809],[89.76036,24.08827],[89.76095,24.08826],[89.76095,24.08844],[89.76134,24.08843],[89.76155,24.08879],[89.76214,24.08878],[89.76234,24.08914],[89.76254,24.08913],[89.76254,24.08931],[89.76274,24.08931],[89.76274,24.08949],[89.76294,24.08949],[89.76294,24.08967],[89.76334,24.08966]],[[89.75994,24.0872],[89.76014,24.08719],[89.76014,24.08737],[89.75995,24.08738],[89.75994,24.0872]],[[89.75835,24.08632],[89.75855,24.08632],[89.75855,24.0865],[89.75835,24.0865],[89.75835,24.08632]],[[89.75715,24.08526],[89.75734,24.08526],[89.75735,24.08544],[89.75715,24.08544],[89.75715,24.08526]]]}},{"type":"Feature","properties":{"kind":"land","ha":3.6},"geometry":{"type":"Polygon","coordinates":[[[89.69436,24.08187],[89.69435,24.08169],[89.69514,24.08167],[89.69513,24.08149],[89.69572,24.08148],[89.69572,24.0813],[89.69611,24.0813],[89.6963,24.08093],[89.6965,24.08093],[89.6965,24.08075],[89.69669,24.08074],[89.69669,24.08056],[89.69688,24.08056],[89.69688,24.08038],[89.69708,24.08038],[89.69707,24.0802],[89.69668,24.0802],[89.69649,24.08057],[89.69571,24.08076],[89.69571,24.08094],[89.69532,24.08095],[89.69532,24.08077],[89.69276,24.08081],[89.69276,24.08099],[89.69237,24.081],[89.69238,24.08118],[89.69198,24.08119],[89.69199,24.08137],[89.69277,24.08135],[89.69278,24.08153],[89.69356,24.08152],[89.69357,24.0817],[89.69416,24.08169],[89.69416,24.08187],[89.69436,24.08187]]]}},{"type":"Feature","properties":{"kind":"land","ha":19.8},"geometry":{"type":"Polygon","coordinates":[[[89.71962,24.08629],[89.7196,24.08575],[89.71921,24.08558],[89.7192,24.0854],[89.71901,24.0854],[89.719,24.08522],[89.71881,24.08523],[89.71859,24.08451],[89.7182,24.08433],[89.71819,24.08397],[89.71779,24.0838],[89.71779,24.08362],[89.71759,24.08362],[89.71759,24.08344],[89.71739,24.08345],[89.71739,24.08326],[89.71719,24.08327],[89.71719,24.08309],[89.71699,24.08309],[89.71699,24.08291],[89.71679,24.08291],[89.71679,24.08273],[89.71659,24.08274],[89.71659,24.08256],[89.71639,24.08256],[89.71638,24.0822],[89.71599,24.08203],[89.71598,24.08167],[89.71558,24.08149],[89.71558,24.08131],[89.71538,24.08131],[89.71538,24.08113],[89.71518,24.08114],[89.71517,24.08078],[89.71478,24.0806],[89.71477,24.08042],[89.71458,24.08043],[89.71457,24.08007],[89.71378,24.0799],[89.71377,24.07954],[89.71337,24.07937],[89.71337,24.07918],[89.71317,24.07919],[89.71317,24.07901],[89.71238,24.07902],[89.7124,24.07956],[89.7122,24.07957],[89.71222,24.08065],[89.71203,24.08065],[89.71205,24.08192],[89.71225,24.08191],[89.71226,24.08245],[89.71206,24.08246],[89.71207,24.08264],[89.71286,24.0828],[89.71306,24.08316],[89.71385,24.08315],[89.71385,24.08333],[89.71444,24.08332],[89.71444,24.0835],[89.71484,24.08349],[89.71504,24.08385],[89.71583,24.08401],[89.71584,24.0842],[89.71623,24.08419],[89.71643,24.08455],[89.71683,24.08454],[89.71683,24.08472],[89.71703,24.08472],[89.71703,24.0849],[89.71742,24.08489],[89.71763,24.08525],[89.71802,24.08524],[89.71822,24.0856],[89.71862,24.08559],[89.71882,24.08595],[89.71922,24.08594],[89.71942,24.0863],[89.71962,24.08629]],[[89.71303,24.0819],[89.71284,24.0819],[89.71283,24.08154],[89.71323,24.08171],[89.71324,24.08208],[89.71304,24.08208],[89.71303,24.0819]]]}},{"type":"Feature","properties":{"kind":"land","ha":3.9},"geometry":{"type":"Polygon","coordinates":[[[89.7217,24.08247],[89.72188,24.08174],[89.72148,24.08157],[89.72147,24.08121],[89.72167,24.0812],[89.72166,24.08066],[89.72146,24.08067],[89.72146,24.08048],[89.72107,24.08049],[89.72105,24.07995],[89.72144,24.07976],[89.72143,24.07922],[89.72124,24.07923],[89.72123,24.07886],[89.72083,24.07869],[89.72083,24.07851],[89.72063,24.07851],[89.72064,24.07887],[89.72044,24.07888],[89.72046,24.07978],[89.72066,24.07978],[89.72068,24.08068],[89.71989,24.08051],[89.71989,24.08087],[89.72029,24.08105],[89.7203,24.08123],[89.72049,24.08122],[89.7205,24.08177],[89.7209,24.08194],[89.7209,24.08212],[89.7211,24.08212],[89.7211,24.0823],[89.7213,24.08229],[89.7213,24.08247],[89.7217,24.08247]]]}},{"type":"Feature","properties":{"kind":"land","ha":3.8},"geometry":{"type":"Polygon","coordinates":[[[89.79426,24.08332],[89.79426,24.08296],[89.79465,24.08295],[89.79445,24.0826],[89.79425,24.0826],[89.79425,24.08242],[89.79483,24.08241],[89.7948,24.08097],[89.79461,24.08097],[89.79453,24.07754],[89.79473,24.07754],[89.79472,24.077],[89.79452,24.077],[89.79453,24.07736],[89.79433,24.07736],[89.79435,24.07827],[89.79416,24.07827],[89.79417,24.07899],[89.79397,24.079],[89.794,24.08026],[89.79381,24.08026],[89.79383,24.08153],[89.79403,24.08152],[89.79407,24.08333],[89.79426,24.08332]],[[89.79401,24.08062],[89.79421,24.08062],[89.79421,24.0808],[89.79401,24.0808],[89.79401,24.08062]]]}},{"type":"Feature","properties":{"kind":"land","ha":4.5},"geometry":{"type":"Polygon","coordinates":[[[89.78982,24.07799],[89.78982,24.07781],[89.79002,24.0778],[89.79001,24.07744],[89.79021,24.07744],[89.79019,24.0769],[89.79058,24.07671],[89.79057,24.07635],[89.79077,24.07635],[89.79077,24.07617],[89.79116,24.07616],[89.79117,24.07652],[89.79136,24.07652],[89.79138,24.07724],[89.79178,24.07741],[89.79178,24.07759],[89.79198,24.07759],[89.79197,24.07723],[89.79177,24.07723],[89.79176,24.07651],[89.79156,24.07651],[89.79152,24.07453],[89.79171,24.07452],[89.79171,24.07416],[89.79131,24.07417],[89.79113,24.07454],[89.79093,24.07454],[89.79093,24.07472],[89.79074,24.07472],[89.79074,24.0749],[89.79054,24.07491],[89.79036,24.07563],[89.79017,24.07564],[89.79017,24.07582],[89.78978,24.07582],[89.78959,24.07619],[89.78939,24.07619],[89.7894,24.07655],[89.78979,24.07655],[89.7898,24.07709],[89.78942,24.07727],[89.78943,24.078],[89.78982,24.07799]]]}},{"type":"Feature","properties":{"kind":"land","ha":3.8},"geometry":{"type":"Polygon","coordinates":[[[89.67503,24.07914],[89.67503,24.07896],[89.67522,24.07895],[89.67522,24.07877],[89.67542,24.07877],[89.67541,24.07841],[89.67561,24.07841],[89.67559,24.07786],[89.6754,24.07787],[89.67539,24.07769],[89.6752,24.07769],[89.67521,24.07805],[89.67482,24.07824],[89.67482,24.07842],[89.67403,24.07843],[89.67403,24.07825],[89.67285,24.07827],[89.67285,24.07809],[89.67206,24.07811],[89.67186,24.07775],[89.67146,24.07776],[89.67126,24.0774],[89.67106,24.0774],[89.67106,24.07722],[89.67086,24.07723],[89.67086,24.07705],[89.67066,24.07705],[89.67066,24.07687],[89.67046,24.07687],[89.67045,24.07651],[89.67006,24.07634],[89.67005,24.07616],[89.66986,24.07616],[89.66987,24.07688],[89.67027,24.07706],[89.67027,24.07724],[89.67047,24.07723],[89.67048,24.07759],[89.67087,24.07777],[89.67088,24.07795],[89.67107,24.07794],[89.67108,24.07812],[89.67186,24.07811],[89.67187,24.07829],[89.67246,24.07828],[89.67246,24.07846],[89.67285,24.07845],[89.67286,24.07863],[89.67364,24.07862],[89.67385,24.07898],[89.67404,24.07898],[89.67405,24.07916],[89.67464,24.07915],[89.67464,24.07933],[89.67503,24.07914]]]}},{"type":"Feature","properties":{"kind":"land","ha":37.3},"geometry":{"type":"Polygon","coordinates":[[[89.76421,24.08441],[89.76428,24.08802],[89.76409,24.08802],[89.76413,24.08983],[89.76354,24.08984],[89.76353,24.08966],[89.76334,24.08966],[89.76334,24.09002],[89.76354,24.09002],[89.76354,24.0902],[89.76394,24.09019],[89.76394,24.09037],[89.76433,24.09036],[89.76434,24.09073],[89.76454,24.09072],[89.76455,24.09108],[89.76474,24.09108],[89.76475,24.09126],[89.76553,24.09125],[89.76574,24.0916],[89.76593,24.0916],[89.76594,24.09178],[89.76613,24.09178],[89.76614,24.09196],[89.76653,24.09195],[89.76654,24.09213],[89.76673,24.09213],[89.76671,24.09122],[89.7671,24.09104],[89.76709,24.09068],[89.76729,24.09067],[89.76728,24.09013],[89.76689,24.09014],[89.76682,24.08725],[89.76721,24.08706],[89.76718,24.08544],[89.76698,24.08544],[89.76698,24.08526],[89.76717,24.08526],[89.76712,24.08273],[89.76732,24.08273],[89.7673,24.08183],[89.7669,24.08165],[89.7669,24.08147],[89.7667,24.08148],[89.76669,24.08112],[89.76708,24.08093],[89.76707,24.08021],[89.76667,24.08003],[89.76667,24.07985],[89.76647,24.07986],[89.76644,24.07859],[89.76624,24.0786],[89.76623,24.07788],[89.76603,24.07788],[89.76603,24.07752],[89.76583,24.07752],[89.76581,24.0768],[89.76601,24.0768],[89.76599,24.07571],[89.76618,24.07571],[89.76617,24.07499],[89.76597,24.07499],[89.76596,24.07445],[89.76616,24.07445],[89.76615,24.07427],[89.76596,24.07427],[89.76595,24.07409],[89.76517,24.0741],[89.76517,24.07429],[89.76497,24.07429],[89.76497,24.07393],[89.76536,24.07392],[89.76535,24.07356],[89.76515,24.07356],[89.76516,24.07374],[89.76476,24.07375],[89.76478,24.07447],[89.76498,24.07447],[89.76498,24.07465],[89.76537,24.07464],[89.7652,24.07573],[89.7654,24.07573],[89.76542,24.07663],[89.76561,24.07662],[89.76562,24.07716],[89.76524,24.07735],[89.76524,24.07753],[89.76564,24.07771],[89.76566,24.07879],[89.76546,24.07879],[89.76548,24.07951],[89.76509,24.0797],[89.76512,24.08096],[89.76492,24.08097],[89.76493,24.08151],[89.76552,24.0815],[89.76553,24.08186],[89.76533,24.08186],[89.76534,24.08222],[89.76495,24.08223],[89.76494,24.08205],[89.76475,24.08205],[89.76477,24.08296],[89.76496,24.08295],[89.76497,24.08313],[89.76536,24.08313],[89.76537,24.08349],[89.76498,24.08367],[89.76497,24.08349],[89.76478,24.0835],[89.76478,24.08368],[89.76458,24.08368],[89.76459,24.08404],[89.7644,24.08405],[89.7644,24.08441],[89.76421,24.08441]],[[89.76479,24.08422],[89.765,24.08458],[89.76461,24.08476],[89.7644,24.08441],[89.76479,24.08422]],[[89.76585,24.08745],[89.76624,24.08744],[89.76624,24.08762],[89.76585,24.08763],[89.76585,24.08745]],[[89.76442,24.08495],[89.76461,24.08494],[89.76462,24.08513],[89.76442,24.08513],[89.76442,24.08495]],[[89.76657,24.08455],[89.76637,24.08455],[89.76637,24.08419],[89.76676,24.08436],[89.76677,24.08473],[89.76657,24.08473],[89.76657,24.08455]],[[89.76617,24.08419],[89.76597,24.0842],[89.76597,24.08402],[89.76616,24.08401],[89.76617,24.08419]],[[89.76616,24.08383],[89.76655,24.08383],[89.76656,24.08401],[89.76616,24.08401],[89.76616,24.08383]],[[89.76535,24.08259],[89.76574,24.08258],[89.76574,24.08276],[89.76594,24.08275],[89.76594,24.08294],[89.76555,24.08294],[89.76535,24.08259]],[[89.76573,24.08204],[89.76612,24.08203],[89.76613,24.08239],[89.76574,24.0824],[89.76573,24.08204]],[[89.76571,24.08113],[89.76591,24.08113],[89.76591,24.08131],[89.76571,24.08131],[89.76571,24.08113]],[[89.76569,24.08041],[89.76609,24.08041],[89.76609,24.08077],[89.7657,24.08077],[89.76569,24.08041]]]}},{"type":"Feature","properties":{"kind":"land","ha":7.1},"geometry":{"type":"Polygon","coordinates":[[[89.76957,24.07764],[89.76956,24.07745],[89.76976,24.07745],[89.76994,24.07673],[89.77014,24.07672],[89.77013,24.07636],[89.77052,24.07617],[89.77051,24.07599],[89.77071,24.07599],[89.77071,24.07581],[89.7709,24.07581],[89.7709,24.07544],[89.76991,24.07546],[89.76971,24.07511],[89.76951,24.07511],[89.7693,24.07439],[89.7691,24.07439],[89.7691,24.07403],[89.7687,24.07386],[89.76869,24.0735],[89.76889,24.0735],[89.76888,24.07332],[89.76928,24.07331],[89.76927,24.07313],[89.76848,24.07296],[89.76848,24.07278],[89.76789,24.07279],[89.76769,24.07243],[89.76729,24.07244],[89.7671,24.07281],[89.76691,24.07281],[89.76691,24.07299],[89.76671,24.07299],[89.76672,24.07317],[89.76691,24.07317],[89.76692,24.07335],[89.76731,24.07334],[89.76752,24.0737],[89.76771,24.0737],[89.76772,24.07406],[89.76752,24.07406],[89.76753,24.07424],[89.76713,24.07425],[89.76714,24.07443],[89.76754,24.0746],[89.76754,24.07478],[89.76774,24.07478],[89.76773,24.07442],[89.76812,24.07441],[89.76833,24.07477],[89.76852,24.07477],[89.76853,24.07513],[89.76873,24.07512],[89.76873,24.07548],[89.76913,24.07566],[89.76914,24.0762],[89.76934,24.0762],[89.76935,24.07692],[89.76916,24.07692],[89.76918,24.07782],[89.76957,24.07764]]]}},{"type":"Feature","properties":{"kind":"land","ha":3.7},"geometry":{"type":"Polygon","coordinates":[[[89.67611,24.07443],[89.6761,24.07388],[89.6759,24.07389],[89.6759,24.07353],[89.67629,24.0737],[89.67629,24.07352],[89.67649,24.07352],[89.67648,24.07298],[89.67628,24.07298],[89.67628,24.0728],[89.67687,24.07279],[89.67685,24.07225],[89.67666,24.07225],[89.67665,24.07189],[89.67704,24.0717],[89.67704,24.07152],[89.67723,24.07152],[89.67722,24.07098],[89.67702,24.07098],[89.67703,24.07134],[89.67684,24.07134],[89.67684,24.07153],[89.67645,24.07153],[89.67645,24.07171],[89.67625,24.07172],[89.67625,24.07154],[89.67566,24.07155],[89.67566,24.07173],[89.67527,24.07173],[89.67527,24.07191],[89.67508,24.07192],[89.67509,24.07246],[89.67549,24.07263],[89.67549,24.07281],[89.67569,24.07281],[89.6757,24.07335],[89.67531,24.07354],[89.67532,24.07426],[89.67572,24.07443],[89.67572,24.07461],[89.67611,24.07443]]]}},{"type":"Feature","properties":{"kind":"land","ha":4.9},"geometry":{"type":"Polygon","coordinates":[[[89.7736,24.07323],[89.77359,24.07269],[89.77398,24.07268],[89.77417,24.07232],[89.77456,24.07231],[89.77475,24.07195],[89.77495,24.07194],[89.77494,24.07176],[89.77514,24.07176],[89.77532,24.07103],[89.77552,24.07103],[89.77551,24.07085],[89.77591,24.07084],[89.7761,24.07048],[89.77629,24.07047],[89.77629,24.07029],[89.77649,24.07029],[89.77648,24.07011],[89.77668,24.07011],[89.77667,24.06993],[89.77687,24.06992],[89.77687,24.06974],[89.77706,24.06974],[89.77706,24.06956],[89.77726,24.06955],[89.77725,24.06919],[89.77745,24.06919],[89.77743,24.06865],[89.77763,24.06864],[89.77762,24.06828],[89.77723,24.06847],[89.77724,24.06865],[89.77704,24.06865],[89.77704,24.06884],[89.77685,24.06884],[89.77686,24.0692],[89.77647,24.06939],[89.77647,24.06957],[89.77627,24.06957],[89.77628,24.06975],[89.77608,24.06976],[89.77608,24.06994],[89.77589,24.06994],[89.7759,24.0703],[89.77551,24.07049],[89.77551,24.07067],[89.77512,24.07068],[89.77493,24.07104],[89.77473,24.07104],[89.77474,24.07122],[89.77454,24.07123],[89.77454,24.07141],[89.77435,24.07141],[89.77435,24.07159],[89.77396,24.0716],[89.77396,24.07178],[89.77278,24.0718],[89.77279,24.07198],[89.77239,24.07199],[89.7724,24.07217],[89.77259,24.07217],[89.77261,24.07307],[89.7732,24.07306],[89.77321,24.07324],[89.7736,24.07323]]]}},{"type":"Feature","properties":{"kind":"land","ha":16.8},"geometry":{"type":"Polygon","coordinates":[[[89.70496,24.07175],[89.70495,24.07139],[89.70515,24.07139],[89.70513,24.07067],[89.70533,24.07066],[89.70531,24.06976],[89.70511,24.06976],[89.70509,24.06886],[89.7049,24.06887],[89.70487,24.06742],[89.70467,24.06743],[89.70466,24.06688],[89.70446,24.06689],[89.70448,24.06779],[89.70408,24.06762],[89.70408,24.06726],[89.70427,24.06725],[89.70425,24.06599],[89.70444,24.06599],[89.70443,24.06526],[89.70423,24.06527],[89.70422,24.06491],[89.70442,24.0649],[89.70441,24.06454],[89.70422,24.06455],[89.70421,24.06418],[89.70401,24.06419],[89.70399,24.06311],[89.70419,24.0631],[89.70417,24.06238],[89.70338,24.06239],[89.7032,24.06276],[89.703,24.06276],[89.703,24.06294],[89.70281,24.06295],[89.70283,24.06421],[89.70323,24.06438],[89.70323,24.06456],[89.70304,24.06457],[89.70304,24.06493],[89.70324,24.06492],[89.70325,24.06528],[89.70345,24.06528],[89.70345,24.06564],[89.70326,24.06565],[89.70332,24.06871],[89.70312,24.06872],[89.70315,24.06998],[89.70295,24.06998],[89.70301,24.07251],[89.7032,24.07251],[89.70321,24.07287],[89.7036,24.07268],[89.7036,24.0725],[89.70438,24.07248],[89.70438,24.07212],[89.70476,24.07194],[89.70476,24.07176],[89.70496,24.07175]],[[89.70456,24.07176],[89.70456,24.0714],[89.70475,24.07139],[89.70476,24.07176],[89.70456,24.07176]],[[89.70473,24.07049],[89.70493,24.07049],[89.70494,24.07103],[89.70475,24.07103],[89.70473,24.07049]],[[89.70434,24.07032],[89.70453,24.07032],[89.70454,24.07068],[89.70434,24.07068],[89.70434,24.07032]]]}},{"type":"Feature","properties":{"kind":"land","ha":8.0},"geometry":{"type":"Polygon","coordinates":[[[89.73024,24.06805],[89.73024,24.06787],[89.73004,24.06788],[89.73003,24.06752],[89.72963,24.06734],[89.72963,24.06716],[89.72943,24.06717],[89.72943,24.0668],[89.72903,24.06663],[89.72902,24.06627],[89.72863,24.0661],[89.72862,24.06592],[89.72843,24.06592],[89.72842,24.06556],[89.72822,24.06556],[89.72821,24.06484],[89.72801,24.06484],[89.728,24.06448],[89.72781,24.06449],[89.72779,24.06395],[89.7276,24.06395],[89.72759,24.06359],[89.72739,24.06359],[89.72739,24.06341],[89.72719,24.06342],[89.72719,24.06305],[89.72679,24.06288],[89.72678,24.06252],[89.72639,24.06253],[89.72618,24.06217],[89.72559,24.06218],[89.72559,24.062],[89.72539,24.062],[89.72539,24.06164],[89.72519,24.06165],[89.72519,24.06147],[89.72479,24.06147],[89.72459,24.06111],[89.72439,24.06112],[89.72439,24.06094],[89.72419,24.06094],[89.72418,24.06058],[89.72379,24.06041],[89.72378,24.06023],[89.72359,24.06023],[89.72358,24.05987],[89.72318,24.0597],[89.72318,24.05952],[89.72298,24.05952],[89.72298,24.05934],[89.72278,24.05934],[89.72279,24.0597],[89.72319,24.05988],[89.72319,24.06024],[89.72339,24.06023],[89.7234,24.06077],[89.7238,24.06095],[89.7238,24.06113],[89.724,24.06113],[89.72401,24.06149],[89.7244,24.06166],[89.72441,24.06202],[89.72461,24.06202],[89.72461,24.0622],[89.725,24.06219],[89.72521,24.06255],[89.72541,24.06254],[89.72541,24.06272],[89.72561,24.06272],[89.72561,24.0629],[89.72581,24.0629],[89.72581,24.06308],[89.72601,24.06308],[89.72601,24.06344],[89.72641,24.06361],[89.72641,24.06379],[89.72661,24.06379],[89.72662,24.06415],[89.72741,24.06431],[89.72742,24.06486],[89.72762,24.06485],[89.72762,24.06521],[89.72723,24.0654],[89.72724,24.06576],[89.72764,24.06593],[89.72785,24.06665],[89.72824,24.06665],[89.72845,24.067],[89.72904,24.06699],[89.72924,24.06735],[89.72944,24.06735],[89.72944,24.06753],[89.72964,24.06752],[89.72964,24.0677],[89.72984,24.0677],[89.72985,24.06806],[89.73024,24.06805]]]}},{"type":"Feature","properties":{"kind":"land","ha":3.5},"geometry":{"type":"Polygon","coordinates":[[[89.74854,24.05942],[89.74853,24.05924],[89.74912,24.05923],[89.74912,24.05941],[89.75011,24.05939],[89.75011,24.05957],[89.75109,24.05956],[89.75109,24.0592],[89.75128,24.05919],[89.75128,24.05901],[89.75089,24.05902],[89.75088,24.05884],[89.7499,24.05886],[89.7499,24.05868],[89.7495,24.05868],[89.7495,24.0585],[89.74793,24.05853],[89.74792,24.05835],[89.74773,24.05835],[89.74773,24.05853],[89.74734,24.05854],[89.74716,24.05927],[89.74735,24.05926],[89.74736,24.05944],[89.74775,24.05944],[89.74775,24.05962],[89.74854,24.05942]]]}},{"type":"Feature","properties":{"kind":"land","ha":7.8},"geometry":{"type":"Polygon","coordinates":[[[89.67844,24.06337],[89.67862,24.06265],[89.67901,24.06246],[89.679,24.06192],[89.6788,24.06192],[89.67878,24.06084],[89.67838,24.06067],[89.67838,24.06049],[89.67818,24.06049],[89.67818,24.06031],[89.67779,24.06032],[89.67778,24.05996],[89.67738,24.05978],[89.67738,24.0596],[89.67718,24.05961],[89.67718,24.05979],[89.6764,24.0598],[89.67639,24.05944],[89.67619,24.05944],[89.67641,24.06052],[89.67622,24.06052],[89.67622,24.06089],[89.67603,24.06089],[89.67605,24.06197],[89.67625,24.06197],[89.67625,24.06233],[89.67665,24.06232],[89.67665,24.0625],[89.67685,24.0625],[89.67685,24.06268],[89.67724,24.06249],[89.67726,24.06321],[89.67745,24.06321],[89.67744,24.06267],[89.67764,24.06267],[89.67765,24.06303],[89.67804,24.06302],[89.67805,24.06338],[89.67844,24.06337]],[[89.67723,24.06177],[89.67742,24.06177],[89.67741,24.06123],[89.6778,24.06122],[89.67781,24.06158],[89.67801,24.06158],[89.67801,24.06176],[89.67782,24.06176],[89.67782,24.06212],[89.67743,24.06213],[89.67723,24.06177]]]}},{"type":"Feature","properties":{"kind":"land","ha":9.5},"geometry":{"type":"Polygon","coordinates":[[[89.65971,24.06081],[89.6597,24.06009],[89.65989,24.06009],[89.65989,24.05991],[89.66107,24.06007],[89.66127,24.06042],[89.66167,24.06042],[89.66166,24.06024],[89.66147,24.06024],[89.66146,24.05988],[89.66284,24.05986],[89.66283,24.05968],[89.66323,24.05967],[89.66321,24.05913],[89.66242,24.05878],[89.66221,24.05806],[89.65985,24.05828],[89.65985,24.0581],[89.65887,24.05812],[89.65868,24.05848],[89.65848,24.05849],[89.6585,24.05921],[89.6583,24.05921],[89.65831,24.05975],[89.65812,24.05976],[89.65812,24.05994],[89.65852,24.06011],[89.65851,24.05975],[89.65871,24.05975],[89.65932,24.06082],[89.65971,24.06081]]]}},{"type":"Feature","properties":{"kind":"land","ha":26.5},"geometry":{"type":"Polygon","coordinates":[[[89.71794,24.06286],[89.71793,24.0625],[89.71813,24.06249],[89.71813,24.06267],[89.71892,24.06266],[89.71891,24.0623],[89.71872,24.0623],[89.71871,24.06212],[89.71812,24.06213],[89.71792,24.06178],[89.71831,24.06159],[89.7183,24.06105],[89.71849,24.06104],[89.71847,24.05996],[89.71867,24.05996],[89.71866,24.0596],[89.71886,24.05959],[89.71885,24.05923],[89.71904,24.05923],[89.71904,24.05887],[89.71923,24.05886],[89.71923,24.0585],[89.72002,24.05867],[89.72022,24.05903],[89.72081,24.05902],[89.72081,24.05884],[89.72061,24.05884],[89.7206,24.0583],[89.7204,24.0583],[89.72039,24.05776],[89.72019,24.05776],[89.72018,24.05722],[89.72057,24.05722],[89.72056,24.05667],[89.72017,24.0565],[89.72016,24.05632],[89.71997,24.05632],[89.71996,24.05614],[89.71977,24.05615],[89.71976,24.05597],[89.71957,24.05597],[89.71956,24.05561],[89.71936,24.05561],[89.71936,24.05543],[89.71896,24.05544],[89.71878,24.0558],[89.71858,24.05581],[89.71858,24.05599],[89.71839,24.05599],[89.71839,24.05617],[89.718,24.05618],[89.71799,24.05582],[89.71779,24.05582],[89.71761,24.05655],[89.71742,24.05655],[89.71762,24.05691],[89.71723,24.05709],[89.71723,24.05727],[89.71684,24.0571],[89.71683,24.05692],[89.71664,24.05692],[89.71663,24.05674],[89.71644,24.05675],[89.71643,24.05657],[89.71624,24.05657],[89.71624,24.05693],[89.71586,24.05712],[89.71586,24.05748],[89.71567,24.05748],[89.71568,24.0582],[89.71548,24.05821],[89.7155,24.05875],[89.7153,24.05875],[89.71531,24.05947],[89.71512,24.05948],[89.71517,24.06182],[89.71615,24.06181],[89.71635,24.06216],[89.71655,24.06216],[89.71655,24.06234],[89.71675,24.06234],[89.71676,24.06252],[89.71695,24.06251],[89.71696,24.06269],[89.71715,24.06269],[89.71716,24.06287],[89.71735,24.06287],[89.71734,24.06251],[89.71754,24.0625],[89.71755,24.06305],[89.71794,24.06286]],[[89.71842,24.05761],[89.71862,24.05761],[89.71863,24.05815],[89.71843,24.05816],[89.71842,24.05761]]]}},{"type":"Feature","properties":{"kind":"land","ha":37.9},"geometry":{"type":"Polygon","coordinates":[[[89.68711,24.08308],[89.6871,24.0829],[89.68769,24.08289],[89.68769,24.08271],[89.68828,24.0827],[89.68827,24.08252],[89.68867,24.08251],[89.68866,24.08233],[89.68906,24.08232],[89.68905,24.08214],[89.69101,24.08193],[89.69101,24.08175],[89.6916,24.08174],[89.6916,24.08156],[89.69199,24.08155],[89.69199,24.08137],[89.6914,24.08138],[89.6914,24.08156],[89.69081,24.08157],[89.69081,24.08175],[89.68708,24.08182],[89.68688,24.08146],[89.68668,24.08146],[89.68663,24.07912],[89.68683,24.07911],[89.6868,24.07785],[89.687,24.07785],[89.68698,24.07694],[89.68717,24.07694],[89.68716,24.07622],[89.68736,24.07621],[89.68735,24.07567],[89.68754,24.07567],[89.68753,24.07513],[89.68773,24.07512],[89.68771,24.0744],[89.68791,24.0744],[89.6879,24.07386],[89.68809,24.07385],[89.68808,24.07331],[89.68828,24.07331],[89.68826,24.07241],[89.68846,24.0724],[89.68845,24.07186],[89.68864,24.07186],[89.68862,24.07078],[89.68882,24.07077],[89.68879,24.06951],[89.68899,24.06951],[89.68897,24.0686],[89.68916,24.0686],[89.68914,24.0677],[89.68934,24.0677],[89.68933,24.06715],[89.68953,24.06715],[89.68951,24.06625],[89.6897,24.06625],[89.68969,24.06552],[89.68989,24.06552],[89.68987,24.06462],[89.69006,24.06461],[89.69004,24.06371],[89.69024,24.06371],[89.69023,24.06299],[89.69042,24.06298],[89.69039,24.06136],[89.69059,24.06136],[89.69053,24.05865],[89.69073,24.05865],[89.6907,24.05738],[89.69031,24.05757],[89.69031,24.05775],[89.69012,24.05775],[89.69011,24.05721],[89.6903,24.05721],[89.69028,24.05631],[89.69048,24.0563],[89.69048,24.05612],[89.69087,24.0563],[89.69088,24.05648],[89.69107,24.05647],[89.69104,24.05485],[89.69084,24.05485],[89.69085,24.05503],[89.69006,24.05505],[89.69006,24.05523],[89.68967,24.05523],[89.68969,24.05596],[89.68949,24.05596],[89.68953,24.05776],[89.68933,24.05777],[89.68935,24.05885],[89.68916,24.05885],[89.6892,24.06102],[89.68901,24.06102],[89.68905,24.06319],[89.68885,24.06319],[89.68887,24.06409],[89.68868,24.0641],[89.68868,24.06446],[89.68849,24.06446],[89.68851,24.06536],[89.68831,24.06537],[89.68832,24.06609],[89.68813,24.06609],[89.68815,24.06717],[89.68795,24.06718],[89.68798,24.06844],[89.68778,24.06845],[89.68783,24.07061],[89.68803,24.07061],[89.68804,24.07133],[89.68824,24.07133],[89.68825,24.07169],[89.68785,24.07169],[89.68784,24.07115],[89.68725,24.07116],[89.68727,24.07224],[89.68708,24.07225],[89.68712,24.07441],[89.68693,24.07442],[89.68694,24.07496],[89.68674,24.07496],[89.68676,24.07586],[89.68656,24.07587],[89.68657,24.07641],[89.68638,24.07641],[89.68639,24.07695],[89.68619,24.07696],[89.6862,24.0775],[89.68601,24.0775],[89.68602,24.07804],[89.68582,24.07805],[89.6859,24.08166],[89.68609,24.08165],[89.6861,24.08219],[89.68591,24.0822],[89.68592,24.08292],[89.68612,24.08292],[89.68612,24.0831],[89.68711,24.08308]],[[89.68611,24.08255],[89.68631,24.08255],[89.68631,24.08273],[89.68612,24.08273],[89.68611,24.08255]],[[89.68767,24.0726],[89.68787,24.0726],[89.68787,24.07278],[89.68768,24.07278],[89.68767,24.0726]]]}},{"type":"Feature","properties":{"kind":"land","ha":8.5},"geometry":{"type":"Polygon","coordinates":[[[89.66257,24.05661],[89.66237,24.05625],[89.66217,24.05626],[89.66217,24.05608],[89.66236,24.05607],[89.66236,24.05571],[89.66275,24.05571],[89.66295,24.05606],[89.66374,24.05605],[89.66374,24.05587],[89.66413,24.05586],[89.66413,24.05568],[89.66432,24.05568],[89.66432,24.0555],[89.66471,24.05549],[89.66471,24.05531],[89.6653,24.0553],[89.66531,24.05584],[89.6655,24.05584],[89.6655,24.05548],[89.66589,24.05529],[89.66588,24.05493],[89.66568,24.05493],[89.66568,24.05475],[89.66529,24.05476],[89.66528,24.05458],[89.6643,24.0546],[89.6641,24.05424],[89.6639,24.05424],[89.6639,24.05406],[89.6637,24.05406],[89.6637,24.05388],[89.6635,24.05389],[89.6635,24.05371],[89.6631,24.05371],[89.6631,24.05353],[89.66192,24.05337],[89.66194,24.05446],[89.66213,24.05445],[89.66214,24.05463],[89.66194,24.05464],[89.66195,24.05518],[89.66176,24.05518],[89.66176,24.05536],[89.66117,24.05537],[89.66117,24.05555],[89.66098,24.05556],[89.66097,24.05538],[89.66058,24.05538],[89.66058,24.05556],[89.66,24.05557],[89.66,24.05575],[89.66079,24.05592],[89.66079,24.0561],[89.66119,24.05609],[89.66119,24.05627],[89.66158,24.05627],[89.66159,24.05645],[89.66218,24.05644],[89.66218,24.05662],[89.66257,24.05661]],[[89.66138,24.05591],[89.66177,24.0559],[89.66178,24.05608],[89.66138,24.05609],[89.66138,24.05591]],[[89.66252,24.05427],[89.66213,24.05427],[89.66213,24.05409],[89.66272,24.05408],[89.66272,24.05426],[89.66292,24.05426],[89.66292,24.05462],[89.66273,24.05462],[89.66252,24.05427]]]}},{"type":"Feature","properties":{"kind":"land","ha":8.7},"geometry":{"type":"Polygon","coordinates":[[[89.70513,24.06146],[89.70531,24.06037],[89.7055,24.06037],[89.70549,24.05983],[89.70569,24.05983],[89.70568,24.05928],[89.70588,24.05928],[89.70586,24.05874],[89.70606,24.05874],[89.70605,24.05819],[89.70625,24.05819],[89.70624,24.05783],[89.70643,24.05783],[89.70642,24.05729],[89.70662,24.05728],[89.7066,24.05638],[89.7068,24.05638],[89.70679,24.05584],[89.70698,24.05583],[89.70697,24.05529],[89.70717,24.05529],[89.70732,24.05312],[89.70712,24.05312],[89.70711,24.05258],[89.70731,24.05258],[89.70728,24.05113],[89.70747,24.05113],[89.70745,24.05005],[89.70725,24.05005],[89.70727,24.05059],[89.70668,24.0506],[89.7067,24.05169],[89.7065,24.05169],[89.70652,24.05241],[89.70691,24.0524],[89.70692,24.05294],[89.70652,24.05277],[89.70654,24.05331],[89.70634,24.05332],[89.70617,24.05476],[89.70598,24.05477],[89.70601,24.05639],[89.70581,24.05639],[89.70583,24.05694],[89.70563,24.05694],[89.70566,24.05838],[89.70546,24.05839],[89.70547,24.05893],[89.70528,24.05893],[89.7053,24.06001],[89.7051,24.06002],[89.70511,24.06038],[89.70492,24.06038],[89.70492,24.06074],[89.70473,24.06075],[89.70473,24.06111],[89.70454,24.06111],[89.70474,24.06147],[89.70513,24.06146]],[[89.70656,24.0544],[89.70676,24.05439],[89.70676,24.05457],[89.70656,24.05458],[89.70656,24.0544]]]}},{"type":"Feature","properties":{"kind":"land","ha":4.9},"geometry":{"type":"Polygon","coordinates":[[[89.66467,24.05369],[89.66467,24.05351],[89.66447,24.05351],[89.66447,24.05333],[89.66408,24.05334],[89.66387,24.05298],[89.66309,24.05299],[89.66288,24.05263],[89.66249,24.05264],[89.66229,24.05228],[89.66209,24.05229],[89.66209,24.05211],[89.66189,24.05211],[89.66189,24.05193],[89.66169,24.05193],[89.66169,24.05175],[89.66129,24.05176],[89.66129,24.05158],[89.6607,24.05159],[89.66069,24.05105],[89.66088,24.05104],[89.66088,24.05068],[89.66048,24.05069],[89.66028,24.05033],[89.65989,24.05034],[89.65968,24.04998],[89.65929,24.04999],[89.65909,24.04963],[89.6585,24.04964],[89.6585,24.04982],[89.6583,24.04983],[89.65831,24.05001],[89.6585,24.05],[89.65851,24.05036],[89.65891,24.05054],[89.65891,24.05072],[89.65931,24.05071],[89.65951,24.05107],[89.65971,24.05107],[89.65971,24.05125],[89.65991,24.05124],[89.65991,24.05142],[89.66011,24.05142],[89.66011,24.0516],[89.66031,24.0516],[89.66031,24.05178],[89.6607,24.05177],[89.66091,24.05213],[89.6611,24.05212],[89.66111,24.0523],[89.6613,24.0523],[89.66131,24.05248],[89.6621,24.05265],[89.6623,24.05301],[89.66269,24.053],[89.6629,24.05336],[89.66329,24.05335],[89.66329,24.05353],[89.66408,24.05352],[89.66408,24.0537],[89.66467,24.05369]]]}},{"type":"Feature","properties":{"kind":"land","ha":11.9},"geometry":{"type":"Polygon","coordinates":[[[89.69062,24.05377],[89.6904,24.05269],[89.69099,24.05268],[89.69118,24.05232],[89.69138,24.05232],[89.69138,24.05214],[89.69098,24.05196],[89.69098,24.05214],[89.69059,24.05215],[89.69059,24.05233],[89.6904,24.05233],[89.69039,24.05215],[89.69,24.05216],[89.69,24.05198],[89.6896,24.05199],[89.6896,24.05163],[89.6894,24.05163],[89.68939,24.05127],[89.6892,24.05127],[89.68919,24.05109],[89.689,24.05109],[89.68901,24.05164],[89.68861,24.05146],[89.6886,24.05092],[89.68899,24.05091],[89.68899,24.05073],[89.68859,24.05056],[89.68859,24.05074],[89.6884,24.05074],[89.68839,24.0502],[89.68819,24.05021],[89.68818,24.04985],[89.68779,24.04967],[89.68778,24.04949],[89.68759,24.04949],[89.68758,24.04931],[89.68739,24.04932],[89.68738,24.04914],[89.68719,24.04914],[89.68718,24.04896],[89.68699,24.04896],[89.68698,24.04878],[89.68678,24.04879],[89.68678,24.04861],[89.68658,24.04861],[89.68658,24.04843],[89.68638,24.04843],[89.68617,24.04771],[89.68598,24.04772],[89.68597,24.04718],[89.68577,24.04718],[89.68581,24.04935],[89.68601,24.04934],[89.68602,24.0497],[89.68621,24.0497],[89.68623,24.05042],[89.68643,24.05042],[89.68643,24.05078],[89.68683,24.05095],[89.68683,24.05113],[89.68703,24.05113],[89.68704,24.05149],[89.68743,24.05166],[89.68744,24.05202],[89.68784,24.0522],[89.68785,24.05256],[89.68824,24.05273],[89.68825,24.05309],[89.68904,24.05326],[89.68904,24.05344],[89.69003,24.05342],[89.69023,24.05378],[89.69062,24.05377]],[[89.68781,24.05093],[89.68801,24.05093],[89.68801,24.05111],[89.68782,24.05112],[89.68781,24.05093]]]}},{"type":"Feature","properties":{"kind":"land","ha":5.0},"geometry":{"type":"Polygon","coordinates":[[[89.7815,24.04764],[89.7815,24.04746],[89.78189,24.04745],[89.78189,24.04727],[89.78208,24.04726],[89.78208,24.04708],[89.78247,24.04708],[89.78246,24.04654],[89.78226,24.04654],[89.78226,24.04618],[89.78206,24.04618],[89.78205,24.04582],[89.78166,24.04583],[89.78167,24.04619],[89.78147,24.04619],[89.78148,24.04655],[89.78167,24.04655],[89.78169,24.04709],[89.7811,24.0471],[89.78088,24.04638],[89.7801,24.04658],[89.7801,24.0464],[89.7799,24.0464],[89.77989,24.04604],[89.7797,24.04604],[89.77968,24.04532],[89.77949,24.04533],[89.77947,24.04478],[89.77928,24.04479],[89.77927,24.04443],[89.77907,24.04443],[89.77906,24.04371],[89.77886,24.04371],[89.77885,24.04335],[89.77826,24.04336],[89.7783,24.04481],[89.77849,24.0448],[89.7785,24.04516],[89.77889,24.04516],[89.7791,24.04587],[89.7795,24.04605],[89.77951,24.04623],[89.7797,24.04622],[89.77991,24.04694],[89.78011,24.04694],[89.78012,24.0473],[89.78091,24.04747],[89.78091,24.04765],[89.7815,24.04764]]]}},{"type":"Feature","properties":{"kind":"land","ha":28.8},"geometry":{"type":"Polygon","coordinates":[[[89.6815,24.04996],[89.6815,24.04978],[89.68169,24.04978],[89.68169,24.04942],[89.68228,24.04941],[89.68226,24.04869],[89.68265,24.04868],[89.68262,24.04724],[89.68282,24.04723],[89.68281,24.04669],[89.68301,24.04669],[89.68298,24.0456],[89.6822,24.0458],[89.68221,24.04598],[89.68024,24.04601],[89.68024,24.04583],[89.67925,24.04585],[89.67925,24.04567],[89.67886,24.04568],[89.67885,24.0455],[89.67728,24.04552],[89.67708,24.04517],[89.67629,24.045],[89.67628,24.04482],[89.6757,24.04483],[89.67571,24.04555],[89.67551,24.04555],[89.67552,24.04574],[89.67512,24.04574],[89.67516,24.04737],[89.67555,24.04754],[89.67557,24.04808],[89.67576,24.04808],[89.67577,24.04844],[89.67616,24.04843],[89.67637,24.04879],[89.67676,24.04878],[89.67676,24.04896],[89.67834,24.04894],[89.67854,24.04929],[89.67874,24.04929],[89.67874,24.04947],[89.67913,24.04946],[89.67914,24.04964],[89.68012,24.04963],[89.68012,24.04981],[89.68071,24.0498],[89.68072,24.04998],[89.6815,24.04996]],[[89.6805,24.0489],[89.68089,24.04889],[89.6809,24.04943],[89.68051,24.04944],[89.6805,24.0489]],[[89.68109,24.04925],[89.68129,24.04924],[89.68129,24.04942],[89.6811,24.04943],[89.68109,24.04925]],[[89.6799,24.04873],[89.6803,24.04872],[89.6803,24.0489],[89.67991,24.04891],[89.6799,24.04873]],[[89.68108,24.04853],[89.68108,24.04871],[89.68089,24.04871],[89.68088,24.04853],[89.68108,24.04853]],[[89.68049,24.04854],[89.68029,24.04818],[89.68088,24.04817],[89.68088,24.04853],[89.68049,24.04854]],[[89.67948,24.04747],[89.68007,24.04746],[89.68008,24.04782],[89.67989,24.04782],[89.6799,24.04837],[89.6795,24.04837],[89.67948,24.04747]],[[89.67792,24.04768],[89.67831,24.04785],[89.67832,24.04803],[89.67792,24.04804],[89.67792,24.04768]],[[89.67967,24.04693],[89.68026,24.04692],[89.68027,24.04728],[89.67968,24.04729],[89.67967,24.04693]],[[89.67789,24.0466],[89.67809,24.04659],[89.6781,24.04695],[89.6779,24.04696],[89.67789,24.0466]],[[89.67947,24.04657],[89.67986,24.04656],[89.67986,24.04674],[89.67947,24.04675],[89.67947,24.04657]]]}},{"type":"Feature","properties":{"kind":"land","ha":5.1},"geometry":{"type":"Polygon","coordinates":[[[89.69528,24.05062],[89.69546,24.05026],[89.69586,24.05025],[89.69585,24.04989],[89.69545,24.04972],[89.69544,24.04918],[89.69525,24.04918],[89.69523,24.04846],[89.69503,24.04846],[89.69502,24.04792],[89.69483,24.04792],[89.69481,24.04702],[89.69461,24.04702],[89.6946,24.04648],[89.6942,24.04631],[89.6942,24.04613],[89.694,24.04613],[89.69399,24.04559],[89.69379,24.04559],[89.69379,24.04523],[89.69359,24.04524],[89.69359,24.04506],[89.69339,24.04506],[89.69338,24.04452],[89.69318,24.04452],[89.69321,24.04579],[89.69341,24.04578],[89.69342,24.0465],[89.69362,24.0465],[89.69362,24.04686],[89.69382,24.04686],[89.69383,24.0474],[89.69403,24.0474],[89.69404,24.04794],[89.69424,24.04793],[89.69425,24.04848],[89.69444,24.04847],[89.69447,24.04955],[89.69466,24.04955],[89.69467,24.04991],[89.69506,24.0499],[89.69507,24.05009],[89.69487,24.05009],[89.69488,24.05063],[89.69528,24.05062]]]}},{"type":"Feature","properties":{"kind":"land","ha":15.7},"geometry":{"type":"Polygon","coordinates":[[[89.6738,24.04829],[89.6738,24.04811],[89.67399,24.04811],[89.67399,24.04775],[89.67379,24.04775],[89.67377,24.04667],[89.67396,24.04666],[89.67395,24.04612],[89.67415,24.04612],[89.67414,24.04576],[89.67434,24.04576],[89.67432,24.04485],[89.67412,24.04486],[89.67411,24.04432],[89.6745,24.04413],[89.6745,24.04395],[89.6743,24.04395],[89.6743,24.04377],[89.6741,24.04377],[89.67411,24.04414],[89.67352,24.04415],[89.67353,24.04451],[89.67314,24.04469],[89.67314,24.04487],[89.67294,24.04488],[89.67295,24.04506],[89.67275,24.04506],[89.67276,24.04542],[89.67237,24.04543],[89.67237,24.04561],[89.67119,24.04563],[89.67119,24.04581],[89.6708,24.04582],[89.67081,24.046],[89.67041,24.046],[89.67022,24.04637],[89.66944,24.04656],[89.66925,24.04693],[89.66847,24.04712],[89.66847,24.0473],[89.66808,24.04731],[89.66808,24.04749],[89.66632,24.04752],[89.66632,24.0477],[89.6673,24.04768],[89.66731,24.04786],[89.6677,24.04786],[89.6677,24.04804],[89.66967,24.048],[89.66966,24.04782],[89.67006,24.04782],[89.67006,24.048],[89.67104,24.04798],[89.67105,24.04816],[89.67262,24.04813],[89.67262,24.04831],[89.6738,24.04829]],[[89.67317,24.04632],[89.67337,24.04631],[89.67337,24.04649],[89.67317,24.0465],[89.67317,24.04632]]]}},{"type":"Feature","properties":{"kind":"land","ha":6.4},"geometry":{"type":"Polygon","coordinates":[[[89.7347,24.04649],[89.73469,24.04631],[89.73489,24.04631],[89.73489,24.04613],[89.73508,24.04613],[89.73487,24.04541],[89.73507,24.0454],[89.73506,24.04522],[89.73487,24.04523],[89.73486,24.04487],[89.73466,24.04487],[89.73466,24.04469],[89.73446,24.04469],[89.73444,24.04379],[89.73464,24.04379],[89.73457,24.04072],[89.73438,24.04072],[89.73439,24.04108],[89.73419,24.04109],[89.7342,24.04181],[89.7344,24.04181],[89.73441,24.04199],[89.73402,24.04217],[89.73402,24.04235],[89.73382,24.04236],[89.73383,24.04254],[89.73304,24.04255],[89.73303,24.04219],[89.73284,24.04219],[89.73286,24.04346],[89.73326,24.04363],[89.73326,24.04381],[89.73346,24.04381],[89.73347,24.04417],[89.73367,24.04417],[89.73367,24.04435],[89.73347,24.04435],[89.73348,24.04471],[89.73368,24.04471],[89.7337,24.04561],[89.73389,24.04561],[89.7339,24.04615],[89.7341,24.04614],[89.73411,24.0465],[89.7343,24.0465],[89.73431,24.04668],[89.7347,24.04649]],[[89.73383,24.0429],[89.73423,24.04289],[89.73423,24.04307],[89.73384,24.04308],[89.73383,24.0429]]]}},{"type":"Feature","properties":{"kind":"land","ha":4.2},"geometry":{"type":"Polygon","coordinates":[[[89.68373,24.04379],[89.68372,24.04343],[89.68392,24.04342],[89.68391,24.0427],[89.6841,24.0427],[89.6841,24.04234],[89.68448,24.04215],[89.68448,24.04197],[89.68468,24.04196],[89.68467,24.0416],[89.68506,24.04142],[89.68506,24.04124],[89.68525,24.04123],[89.68524,24.04087],[89.68563,24.04068],[89.68563,24.04032],[89.68582,24.04032],[89.686,24.03923],[89.68619,24.03923],[89.68618,24.03869],[89.68579,24.03888],[89.68561,24.0396],[89.68541,24.0396],[89.68542,24.03997],[89.68523,24.03997],[89.68523,24.04033],[89.68504,24.04033],[89.68504,24.04051],[89.68465,24.04052],[89.68465,24.0407],[89.68426,24.04071],[89.68407,24.04107],[89.68387,24.04108],[89.68388,24.04126],[89.68368,24.04126],[89.6835,24.04199],[89.6833,24.04199],[89.68333,24.04325],[89.68352,24.04325],[89.68354,24.04379],[89.68373,24.04379]]]}},{"type":"Feature","properties":{"kind":"land","ha":10.1},"geometry":{"type":"Polygon","coordinates":[[[89.73682,24.03526],[89.73701,24.0349],[89.73779,24.03471],[89.73778,24.03453],[89.73818,24.03452],[89.73817,24.03434],[89.73857,24.03433],[89.73856,24.03415],[89.73994,24.03413],[89.73993,24.03395],[89.74072,24.03393],[89.74091,24.03357],[89.74111,24.03356],[89.7411,24.03338],[89.7413,24.03338],[89.74129,24.03302],[89.74168,24.03283],[89.74167,24.03247],[89.74187,24.03247],[89.74185,24.03174],[89.74224,24.03156],[89.74224,24.03138],[89.74243,24.03137],[89.74243,24.03119],[89.74263,24.03119],[89.74262,24.03065],[89.74242,24.03065],[89.74241,24.03029],[89.74202,24.0303],[89.74183,24.03066],[89.74163,24.03067],[89.74164,24.03085],[89.74144,24.03085],[89.74144,24.03103],[89.74125,24.03103],[89.74125,24.03121],[89.74106,24.03122],[89.74106,24.0314],[89.74086,24.0314],[89.74087,24.03158],[89.74067,24.03159],[89.74067,24.03177],[89.74048,24.03177],[89.74048,24.03195],[89.74029,24.03195],[89.74029,24.03213],[89.74009,24.03214],[89.74009,24.03196],[89.7397,24.03196],[89.7397,24.03214],[89.73931,24.03215],[89.73931,24.03233],[89.73911,24.03234],[89.73912,24.03252],[89.73873,24.03252],[89.73854,24.03289],[89.73834,24.03289],[89.73834,24.03307],[89.73815,24.03307],[89.73815,24.03326],[89.73795,24.03326],[89.73796,24.03344],[89.73776,24.03344],[89.73777,24.0338],[89.73738,24.03399],[89.73738,24.03417],[89.73719,24.03417],[89.7372,24.03454],[89.73681,24.03472],[89.73681,24.0349],[89.73661,24.03491],[89.73662,24.03509],[89.73642,24.03509],[89.73642,24.03527],[89.73682,24.03526]]]}},{"type":"Feature","properties":{"kind":"land","ha":12.6},"geometry":{"type":"Polygon","coordinates":[[[89.67152,24.03299],[89.67151,24.03245],[89.67111,24.03227],[89.67111,24.03209],[89.67091,24.0321],[89.67091,24.03192],[89.6713,24.03191],[89.6715,24.03227],[89.6717,24.03226],[89.67171,24.03262],[89.6719,24.03262],[89.67189,24.0319],[89.67209,24.0319],[89.67207,24.03135],[89.67168,24.03118],[89.67147,24.03046],[89.67127,24.03047],[89.67127,24.03029],[89.67087,24.03029],[89.67067,24.02993],[89.67047,24.02994],[89.67047,24.02976],[89.67027,24.02976],[89.67027,24.02958],[89.67007,24.02958],[89.67007,24.0294],[89.66987,24.02941],[89.66987,24.02923],[89.66967,24.02923],[89.66967,24.02905],[89.66947,24.02905],[89.66947,24.02887],[89.66927,24.02888],[89.66926,24.02852],[89.66888,24.0287],[89.66888,24.02888],[89.66849,24.02889],[89.66847,24.02835],[89.66887,24.02834],[89.66886,24.02798],[89.66768,24.028],[89.66748,24.02764],[89.66728,24.02765],[89.66728,24.02747],[89.66708,24.02747],[89.66707,24.02711],[89.66668,24.02694],[89.66667,24.02657],[89.66627,24.0264],[89.66627,24.02622],[89.66607,24.02622],[89.66607,24.02604],[89.66548,24.02605],[89.66548,24.02587],[89.66508,24.02588],[89.66508,24.0257],[89.66449,24.02571],[89.6645,24.02607],[89.6643,24.02607],[89.66431,24.02662],[89.66471,24.02679],[89.66471,24.02697],[89.66511,24.02696],[89.66511,24.02714],[89.6655,24.02714],[89.66571,24.02749],[89.6661,24.02749],[89.6661,24.02767],[89.66669,24.02766],[89.6669,24.02801],[89.66709,24.02801],[89.6671,24.02837],[89.6669,24.02838],[89.66691,24.02856],[89.6671,24.02855],[89.66711,24.02891],[89.66751,24.02909],[89.66751,24.02927],[89.66771,24.02926],[89.66771,24.02944],[89.66791,24.02944],[89.66791,24.02962],[89.66811,24.02962],[89.66811,24.0298],[89.66831,24.0298],[89.66831,24.02998],[89.6687,24.02997],[89.66889,24.0296],[89.66909,24.0296],[89.66909,24.02942],[89.66948,24.02941],[89.66948,24.02959],[89.66968,24.02959],[89.66969,24.02995],[89.67008,24.03013],[89.67009,24.03031],[89.67028,24.0303],[89.6703,24.03102],[89.66951,24.03104],[89.66951,24.03086],[89.66931,24.03086],[89.66931,24.0305],[89.66891,24.03033],[89.66892,24.03105],[89.66912,24.03104],[89.66912,24.03123],[89.66952,24.03122],[89.66952,24.03158],[89.66992,24.03157],[89.66992,24.03193],[89.67012,24.03193],[89.67012,24.03211],[89.67052,24.0321],[89.67072,24.03246],[89.67111,24.03245],[89.67112,24.03263],[89.67131,24.03263],[89.67132,24.03299],[89.67152,24.03299]]]}},{"type":"Feature","properties":{"kind":"land","ha":53.3},"geometry":{"type":"Polygon","coordinates":[[[89.795,24.05371],[89.79503,24.05533],[89.79523,24.05533],[89.79521,24.05443],[89.79541,24.05442],[89.7954,24.05424],[89.7956,24.05424],[89.79559,24.05388],[89.79579,24.05387],[89.79578,24.05333],[89.79597,24.05333],[89.79596,24.05279],[89.79616,24.05278],[89.79615,24.0526],[89.79596,24.05261],[89.79594,24.0517],[89.79613,24.0517],[89.79611,24.05062],[89.79631,24.05061],[89.7961,24.05026],[89.7963,24.05025],[89.79629,24.04971],[89.79648,24.04971],[89.79645,24.04827],[89.79665,24.04826],[89.79664,24.04772],[89.79624,24.04773],[89.79624,24.04737],[89.79683,24.04736],[89.79679,24.04555],[89.79659,24.04556],[89.79658,24.04519],[89.79678,24.04519],[89.79673,24.04303],[89.79654,24.04303],[89.79653,24.04267],[89.79633,24.04267],[89.79631,24.04159],[89.79611,24.04159],[89.7961,24.04123],[89.79571,24.04124],[89.79571,24.04106],[89.79551,24.04106],[89.79551,24.04088],[89.7959,24.04088],[89.7959,24.04106],[89.7961,24.04105],[89.79609,24.04051],[89.79589,24.04051],[89.79588,24.03979],[89.79568,24.0398],[89.79567,24.03925],[89.79547,24.03926],[89.79546,24.0389],[89.79527,24.0389],[89.79526,24.03854],[89.79506,24.03854],[89.79506,24.03818],[89.79486,24.03819],[89.79485,24.03765],[89.79465,24.03765],[89.79464,24.03729],[89.79445,24.03729],[89.79444,24.03693],[89.79424,24.03693],[89.79423,24.03657],[89.79384,24.0364],[89.79383,24.03622],[89.79364,24.03622],[89.79343,24.03551],[89.79323,24.03551],[89.79322,24.03497],[89.79282,24.03479],[89.79281,24.03443],[89.79262,24.03444],[89.79261,24.03408],[89.79221,24.0339],[89.79221,24.03372],[89.79201,24.03373],[89.792,24.03337],[89.79181,24.03337],[89.7918,24.03319],[89.79161,24.03319],[89.79139,24.03247],[89.791,24.0323],[89.79099,24.03212],[89.7908,24.03212],[89.79079,24.03194],[89.7906,24.03195],[89.79059,24.03177],[89.7904,24.03177],[89.79039,24.03159],[89.7902,24.03159],[89.79019,24.03141],[89.79,24.03142],[89.78999,24.03106],[89.78959,24.03088],[89.78959,24.0307],[89.78939,24.03071],[89.78938,24.03034],[89.78899,24.03017],[89.78898,24.02999],[89.78879,24.02999],[89.78878,24.02963],[89.78838,24.02946],[89.78837,24.0291],[89.78798,24.02893],[89.78797,24.02857],[89.78757,24.02839],[89.78756,24.02803],[89.78717,24.02786],[89.78696,24.02714],[89.78656,24.02697],[89.78635,24.02625],[89.78615,24.02625],[89.78614,24.02589],[89.78575,24.02572],[89.78593,24.02535],[89.78574,24.02536],[89.78573,24.025],[89.78553,24.025],[89.78553,24.02482],[89.78533,24.02482],[89.78533,24.02446],[89.78513,24.02447],[89.78512,24.02392],[89.78492,24.02393],[89.78491,24.02357],[89.78472,24.02357],[89.78471,24.02303],[89.78451,24.02303],[89.78452,24.02339],[89.78432,24.0234],[89.78433,24.02394],[89.78453,24.02393],[89.78456,24.0252],[89.78475,24.02519],[89.78478,24.02628],[89.78497,24.02627],[89.78498,24.02681],[89.78518,24.02681],[89.78519,24.02735],[89.78539,24.02735],[89.7854,24.02771],[89.78559,24.02771],[89.7856,24.02825],[89.7858,24.02824],[89.78581,24.0286],[89.786,24.0286],[89.78601,24.02896],[89.78621,24.02896],[89.78622,24.0295],[89.78642,24.0295],[89.78642,24.02986],[89.78662,24.02985],[89.78662,24.03003],[89.78682,24.03003],[89.78683,24.03057],[89.78723,24.03074],[89.78724,24.03111],[89.78743,24.0311],[89.78744,24.03128],[89.78763,24.03128],[89.78764,24.03164],[89.78804,24.03181],[89.78805,24.03217],[89.78844,24.03235],[89.78866,24.03307],[89.78905,24.03324],[89.78906,24.0336],[89.78946,24.03377],[89.78967,24.03449],[89.79007,24.03466],[89.79007,24.03503],[89.79047,24.0352],[89.79047,24.03538],[89.79067,24.03538],[89.79067,24.03556],[89.79087,24.03555],[89.79088,24.03591],[89.79108,24.03591],[89.79108,24.03609],[89.79128,24.03609],[89.79129,24.03663],[89.79168,24.0368],[89.7919,24.03752],[89.79229,24.03769],[89.7923,24.03787],[89.79249,24.03787],[89.7925,24.03805],[89.79269,24.03805],[89.79291,24.03876],[89.7931,24.03876],[89.79311,24.03912],[89.79351,24.03929],[89.79351,24.03966],[89.79371,24.03965],[89.79393,24.04073],[89.79413,24.04073],[89.79414,24.04109],[89.79433,24.04108],[89.79434,24.04145],[89.79454,24.04144],[89.79454,24.0418],[89.79474,24.0418],[89.79496,24.04288],[89.79516,24.04287],[89.79518,24.04378],[89.79537,24.04377],[89.79538,24.04431],[89.79558,24.04431],[89.7956,24.04539],[89.7958,24.04539],[89.79582,24.04647],[89.79602,24.04647],[89.79605,24.04773],[89.79585,24.04774],[89.79592,24.05098],[89.79573,24.05099],[89.79575,24.05207],[89.79555,24.05207],[89.79557,24.05279],[89.79537,24.0528],[89.79538,24.05334],[89.79519,24.05334],[89.7952,24.0537],[89.795,24.05371]],[[89.79521,24.05424],[89.7952,24.05406],[89.7954,24.05406],[89.7954,24.05424],[89.79521,24.05424]],[[89.79539,24.0537],[89.7954,24.05388],[89.7952,24.05388],[89.7952,24.0537],[89.79539,24.0537]],[[89.79493,24.04161],[89.79533,24.04161],[89.79533,24.04179],[89.79494,24.0418],[89.79493,24.04161]],[[89.79529,24.04016],[89.79569,24.04016],[89.7957,24.04052],[89.7953,24.04053],[89.79529,24.04016]],[[89.79489,24.03963],[89.7943,24.03964],[89.7943,24.03946],[89.79449,24.03946],[89.79449,24.0391],[89.79528,24.03926],[89.79528,24.03944],[89.79508,24.03945],[89.79509,24.03981],[89.79489,24.03981],[89.79489,24.03963]],[[89.79348,24.03821],[89.79368,24.03821],[89.79367,24.03785],[89.79387,24.03784],[89.79388,24.03857],[89.79369,24.03857],[89.7937,24.03893],[89.7935,24.03893],[89.79348,24.03821]],[[89.79386,24.0373],[89.79425,24.0373],[89.79426,24.03766],[89.79386,24.03766],[89.79386,24.0373]],[[89.79085,24.03465],[89.79066,24.03465],[89.79065,24.03429],[89.79104,24.03429],[89.79104,24.03447],[89.79124,24.03446],[89.79125,24.03482],[89.79086,24.03483],[89.79085,24.03465]],[[89.78965,24.03341],[89.78945,24.03341],[89.78944,24.03305],[89.78984,24.03322],[89.78985,24.03359],[89.78965,24.03359],[89.78965,24.03341]],[[89.78659,24.02823],[89.78678,24.02823],[89.7868,24.02895],[89.78641,24.02895],[89.78659,24.02823]],[[89.78514,24.02519],[89.78554,24.02518],[89.78535,24.02554],[89.78515,24.02555],[89.78514,24.02519]]]}},{"type":"Feature","properties":{"kind":"land","ha":5.3},"geometry":{"type":"Polygon","coordinates":[[[89.7332,24.02233],[89.7332,24.02215],[89.7334,24.02215],[89.73339,24.02179],[89.73378,24.0216],[89.73377,24.02124],[89.73416,24.02105],[89.73415,24.02069],[89.73435,24.02069],[89.73433,24.01997],[89.73414,24.01997],[89.73413,24.01961],[89.73432,24.01961],[89.73432,24.01942],[89.73471,24.01942],[89.73472,24.0196],[89.73491,24.01959],[89.7349,24.01905],[89.73529,24.01887],[89.73508,24.01815],[89.73488,24.01815],[89.73488,24.01779],[89.73468,24.01779],[89.73469,24.01815],[89.73429,24.01816],[89.73431,24.0187],[89.73392,24.01889],[89.73374,24.01962],[89.73354,24.01962],[89.73355,24.01998],[89.73316,24.02017],[89.73316,24.02035],[89.73296,24.02035],[89.73297,24.02053],[89.73277,24.02054],[89.73278,24.02072],[89.73258,24.02072],[89.73259,24.02108],[89.73239,24.02108],[89.73239,24.02126],[89.7322,24.02127],[89.73221,24.02163],[89.7326,24.0218],[89.73261,24.02198],[89.73241,24.02199],[89.73242,24.02235],[89.7332,24.02233]]]}},{"type":"Feature","properties":{"kind":"land","ha":5.5},"geometry":{"type":"Polygon","coordinates":[[[89.77205,24.01947],[89.77205,24.01929],[89.77244,24.01928],[89.77243,24.01892],[89.77263,24.01892],[89.77262,24.01856],[89.77223,24.01838],[89.77221,24.01784],[89.77202,24.01784],[89.77201,24.0173],[89.77239,24.01712],[89.77239,24.01675],[89.7714,24.01677],[89.7714,24.01659],[89.77101,24.0166],[89.771,24.01642],[89.77061,24.01643],[89.77061,24.01625],[89.77002,24.01626],[89.77001,24.01608],[89.76923,24.01609],[89.76923,24.01627],[89.76982,24.01626],[89.76983,24.01644],[89.77002,24.01644],[89.77004,24.01716],[89.77043,24.01715],[89.77044,24.01751],[89.77024,24.01752],[89.77025,24.01806],[89.77065,24.01823],[89.77065,24.01841],[89.77124,24.0184],[89.77125,24.01876],[89.77145,24.01876],[89.77146,24.01948],[89.77205,24.01947]]]}},{"type":"Feature","properties":{"kind":"land","ha":4.3},"geometry":{"type":"Polygon","coordinates":[[[89.77403,24.02015],[89.77402,24.01961],[89.77422,24.01961],[89.7742,24.01907],[89.7744,24.01906],[89.7744,24.01888],[89.77479,24.01906],[89.7748,24.01924],[89.77499,24.01923],[89.775,24.01941],[89.77539,24.01941],[89.77538,24.01905],[89.77499,24.01887],[89.77498,24.01869],[89.77479,24.0187],[89.77477,24.01816],[89.77438,24.01816],[89.77438,24.01798],[89.77418,24.01799],[89.77417,24.01726],[89.77377,24.01709],[89.77376,24.01655],[89.77356,24.01655],[89.77356,24.01637],[89.77316,24.01638],[89.77296,24.01602],[89.77276,24.01603],[89.77276,24.01566],[89.77217,24.01568],[89.77217,24.01586],[89.77197,24.01586],[89.77199,24.0164],[89.77238,24.01657],[89.77239,24.01675],[89.77278,24.01675],[89.77278,24.01693],[89.77298,24.01692],[89.77319,24.01764],[89.77359,24.01782],[89.77359,24.018],[89.77379,24.01799],[89.77383,24.0198],[89.77363,24.0198],[89.77363,24.01998],[89.77383,24.01998],[89.77384,24.02016],[89.77403,24.02015]]]}},{"type":"Feature","properties":{"kind":"land","ha":3.2},"geometry":{"type":"Polygon","coordinates":[[[89.66397,24.01958],[89.66396,24.01904],[89.66376,24.01904],[89.66376,24.01886],[89.66396,24.01886],[89.66394,24.01832],[89.66375,24.01832],[89.66373,24.0176],[89.66354,24.0176],[89.66353,24.01724],[89.66333,24.01725],[89.66333,24.01707],[89.66294,24.01707],[89.66275,24.01744],[89.66255,24.01744],[89.66276,24.01816],[89.66237,24.01835],[89.66238,24.01889],[89.66297,24.01888],[89.66319,24.01996],[89.66397,24.01958]]]}},{"type":"Feature","properties":{"kind":"land","ha":3.9},"geometry":{"type":"Polygon","coordinates":[[[89.73938,24.01699],[89.73937,24.01663],[89.73957,24.01662],[89.73956,24.01626],[89.73976,24.01626],[89.73975,24.0159],[89.73994,24.01589],[89.73994,24.01553],[89.74013,24.01553],[89.74013,24.01535],[89.73993,24.01535],[89.73993,24.01517],[89.73914,24.01519],[89.73914,24.01501],[89.73816,24.01502],[89.73816,24.0152],[89.73777,24.01521],[89.73777,24.01539],[89.73738,24.0154],[89.73718,24.01504],[89.73698,24.01504],[89.73699,24.01541],[89.73679,24.01541],[89.73679,24.01559],[89.73699,24.01559],[89.73699,24.01577],[89.73739,24.01576],[89.73739,24.01594],[89.73778,24.01593],[89.73779,24.01629],[89.73858,24.01628],[89.73899,24.01699],[89.73938,24.01699]]]}},{"type":"Feature","properties":{"kind":"land","ha":47.2},"geometry":{"type":"Polygon","coordinates":[[[89.70775,24.03614],[89.70755,24.03615],[89.70755,24.03597],[89.70774,24.03596],[89.70773,24.03524],[89.70734,24.03525],[89.70754,24.0356],[89.70715,24.03561],[89.70714,24.03507],[89.70674,24.03508],[89.70654,24.03472],[89.70634,24.03472],[89.70634,24.03454],[89.70614,24.03455],[89.70614,24.03437],[89.70594,24.03437],[89.70594,24.03419],[89.70574,24.03419],[89.70574,24.03401],[89.70554,24.03402],[89.70554,24.03384],[89.70534,24.03384],[89.70533,24.03312],[89.70493,24.03294],[89.70493,24.03276],[89.70453,24.03277],[89.70433,24.03241],[89.70413,24.03242],[89.70412,24.03206],[89.70393,24.03206],[89.70394,24.03242],[89.70374,24.03242],[89.70354,24.03207],[89.70334,24.03207],[89.70334,24.03189],[89.70314,24.03189],[89.70314,24.03171],[89.70274,24.03172],[89.70274,24.03154],[89.70235,24.03154],[89.70234,24.03136],[89.70215,24.03137],[89.70214,24.03101],[89.70174,24.03083],[89.70174,24.03065],[89.70154,24.03066],[89.70153,24.0303],[89.70212,24.03029],[89.70233,24.03064],[89.70252,24.03064],[89.70253,24.03082],[89.70272,24.03082],[89.70272,24.03046],[89.70232,24.03028],[89.70211,24.02956],[89.70171,24.02939],[89.7017,24.02903],[89.70131,24.02886],[89.7013,24.02868],[89.70111,24.02868],[89.7011,24.0285],[89.70091,24.0285],[89.7009,24.02832],[89.70051,24.02833],[89.70031,24.02797],[89.70011,24.02797],[89.70011,24.02779],[89.69991,24.0278],[89.6999,24.02744],[89.6995,24.02726],[89.6995,24.02708],[89.6993,24.02709],[89.6993,24.02672],[89.6991,24.02673],[89.6991,24.02655],[89.6989,24.02655],[89.69867,24.02511],[89.69848,24.02511],[89.69847,24.02457],[89.69827,24.02458],[89.69824,24.02295],[89.69804,24.02296],[89.69801,24.02169],[89.69782,24.0217],[89.6978,24.02116],[89.69761,24.02116],[89.69759,24.02044],[89.6974,24.02044],[89.69739,24.0199],[89.69719,24.0199],[89.69718,24.01954],[89.69698,24.01955],[89.69698,24.01918],[89.69678,24.01919],[89.69677,24.01883],[89.69658,24.01883],[89.69657,24.01847],[89.69637,24.01847],[89.69636,24.01775],[89.69616,24.01775],[89.69615,24.01739],[89.69596,24.0174],[89.69595,24.01686],[89.69575,24.01686],[89.69573,24.01614],[89.69554,24.01614],[89.69553,24.0156],[89.69533,24.0156],[89.69532,24.01506],[89.69512,24.01507],[89.69515,24.01651],[89.69535,24.01651],[89.69537,24.01741],[89.69556,24.0174],[89.69558,24.01813],[89.69578,24.01812],[89.69579,24.01902],[89.69599,24.01902],[89.696,24.01956],[89.6962,24.01956],[89.69643,24.021],[89.69662,24.021],[89.69663,24.02136],[89.69683,24.02135],[89.69683,24.02171],[89.69703,24.02171],[89.69704,24.02207],[89.69723,24.02207],[89.69724,24.02243],[89.69744,24.02243],[89.69746,24.02333],[89.69765,24.02332],[89.69767,24.02405],[89.69786,24.02404],[89.69789,24.02513],[89.69808,24.02512],[89.6981,24.02584],[89.6983,24.02584],[89.69831,24.02638],[89.6985,24.02638],[89.69852,24.0271],[89.69892,24.02727],[89.69892,24.02745],[89.69912,24.02745],[89.69912,24.02763],[89.69932,24.02763],[89.69932,24.02781],[89.69952,24.0278],[89.69952,24.02798],[89.69972,24.02798],[89.69972,24.02816],[89.69992,24.02816],[89.69992,24.02852],[89.70032,24.02869],[89.70032,24.02887],[89.70052,24.02887],[89.70053,24.02923],[89.70014,24.02924],[89.69993,24.02888],[89.69954,24.02889],[89.69933,24.02853],[89.69914,24.02853],[89.69913,24.02817],[89.69873,24.028],[89.69873,24.02764],[89.69833,24.02764],[89.69834,24.02782],[89.69814,24.02783],[89.69815,24.02837],[89.69854,24.02836],[89.69856,24.02927],[89.69896,24.02944],[89.69896,24.02962],[89.69916,24.02962],[89.69916,24.0298],[89.69936,24.02979],[89.69936,24.02997],[89.70015,24.02996],[89.70035,24.03032],[89.70094,24.03031],[89.70115,24.03066],[89.70134,24.03066],[89.70135,24.03084],[89.70154,24.03084],[89.70155,24.03102],[89.70174,24.03101],[89.70175,24.03119],[89.70195,24.03119],[89.70195,24.03155],[89.70235,24.03173],[89.70235,24.03191],[89.70255,24.0319],[89.70276,24.03262],[89.70296,24.03262],[89.70297,24.03298],[89.70336,24.03315],[89.70337,24.03351],[89.70357,24.03351],[89.70357,24.03387],[89.70397,24.03404],[89.70397,24.03422],[89.70417,24.03422],[89.70417,24.0344],[89.70457,24.03439],[89.70457,24.03475],[89.70497,24.03493],[89.70498,24.03529],[89.70538,24.03546],[89.70538,24.03564],[89.70558,24.03564],[89.70558,24.03582],[89.70578,24.03582],[89.70577,24.03546],[89.70557,24.03546],[89.70556,24.03492],[89.70536,24.03492],[89.70536,24.03456],[89.70516,24.03456],[89.70515,24.0342],[89.70496,24.03421],[89.70495,24.03385],[89.70515,24.03384],[89.70535,24.0342],[89.70555,24.0342],[89.70555,24.03438],[89.70575,24.03437],[89.70575,24.03473],[89.70615,24.03491],[89.70615,24.03509],[89.70635,24.03508],[89.70636,24.03563],[89.70656,24.03562],[89.70657,24.03598],[89.70676,24.03598],[89.70698,24.03706],[89.70718,24.03706],[89.7072,24.03796],[89.70739,24.03795],[89.70752,24.04391],[89.70732,24.04391],[89.70733,24.04445],[89.70753,24.04445],[89.70754,24.04517],[89.70774,24.04517],[89.70773,24.04445],[89.70792,24.04444],[89.70791,24.04372],[89.7081,24.04372],[89.70808,24.04282],[89.70828,24.04281],[89.70827,24.04227],[89.70847,24.04227],[89.70845,24.04137],[89.70864,24.04136],[89.70864,24.041],[89.70883,24.041],[89.70863,24.04064],[89.70843,24.04064],[89.70843,24.04046],[89.70863,24.04046],[89.70862,24.0401],[89.70901,24.04027],[89.70899,24.03919],[89.70919,24.03919],[89.70918,24.03882],[89.70938,24.03882],[89.70936,24.03792],[89.70955,24.03792],[89.70955,24.03755],[89.70974,24.03755],[89.70974,24.03719],[89.70993,24.03719],[89.70992,24.03647],[89.71011,24.03646],[89.71009,24.03538],[89.71029,24.03538],[89.71027,24.03465],[89.71047,24.03465],[89.71044,24.03339],[89.71064,24.03338],[89.71062,24.03248],[89.71082,24.03248],[89.71072,24.02779],[89.71032,24.02761],[89.71032,24.02743],[89.71012,24.02744],[89.71011,24.02689],[89.70991,24.0269],[89.70992,24.02726],[89.70972,24.02726],[89.70974,24.02816],[89.70994,24.02816],[89.70995,24.02852],[89.70975,24.02853],[89.70977,24.02925],[89.70957,24.02925],[89.70958,24.02979],[89.70938,24.0298],[89.7094,24.0307],[89.70921,24.0307],[89.70922,24.03142],[89.70903,24.03143],[89.70904,24.03197],[89.70923,24.03196],[89.70924,24.03233],[89.70904,24.03233],[89.70905,24.03269],[89.70925,24.03269],[89.70926,24.03305],[89.70945,24.03304],[89.70946,24.0334],[89.71025,24.03339],[89.71026,24.03393],[89.71006,24.03394],[89.71008,24.03466],[89.70988,24.03466],[89.70987,24.0343],[89.70968,24.0343],[89.70966,24.03376],[89.70947,24.03377],[89.70948,24.03449],[89.70968,24.03448],[89.70968,24.03466],[89.70909,24.03467],[89.70908,24.03413],[89.70889,24.03414],[89.70889,24.0345],[89.7087,24.0345],[89.7087,24.03468],[89.70831,24.03469],[89.70831,24.03487],[89.70811,24.03487],[89.70811,24.03469],[89.70791,24.0347],[89.70793,24.03524],[89.70812,24.03523],[89.70812,24.03505],[89.7089,24.03504],[89.7089,24.03486],[89.70969,24.03484],[89.7097,24.03557],[89.70931,24.03575],[89.70932,24.03593],[89.70892,24.03594],[89.70913,24.0363],[89.70893,24.0363],[89.70893,24.03648],[89.70854,24.03649],[89.70853,24.03613],[89.70873,24.03613],[89.70872,24.03558],[89.70813,24.03559],[89.70813,24.03577],[89.70833,24.03577],[89.70834,24.03613],[89.70795,24.03632],[89.70795,24.0365],[89.70776,24.0365],[89.70775,24.03614]],[[89.70923,24.0316],[89.70942,24.0316],[89.70942,24.03142],[89.70981,24.03141],[89.71,24.03105],[89.71059,24.03104],[89.7106,24.0314],[89.7102,24.03141],[89.71002,24.03177],[89.70962,24.03178],[89.70963,24.03196],[89.70923,24.03196],[89.70923,24.0316]],[[89.70983,24.03232],[89.70983,24.03213],[89.71022,24.03213],[89.71043,24.03285],[89.70965,24.03304],[89.70924,24.03233],[89.70983,24.03232]],[[89.70776,24.03668],[89.70756,24.03669],[89.70756,24.03651],[89.70776,24.0365],[89.70776,24.03668]],[[89.70804,24.04065],[89.70824,24.04065],[89.70824,24.04083],[89.70804,24.04083],[89.70804,24.04065]],[[89.70761,24.03903],[89.70801,24.03903],[89.70802,24.03957],[89.70762,24.03957],[89.70761,24.03903]],[[89.70799,24.0383],[89.70838,24.0383],[89.70839,24.03866],[89.708,24.03867],[89.70799,24.0383]],[[89.70739,24.03759],[89.70798,24.03758],[89.70798,24.03776],[89.70739,24.03777],[89.70739,24.03759]],[[89.70796,24.03686],[89.70816,24.03686],[89.70817,24.0374],[89.70797,24.0374],[89.70796,24.03686]],[[89.70895,24.03702],[89.70875,24.03703],[89.70874,24.03667],[89.70933,24.03666],[89.70932,24.0363],[89.70972,24.03629],[89.70972,24.03665],[89.70934,24.03684],[89.70934,24.0372],[89.70895,24.0372],[89.70895,24.03702]],[[89.70494,24.03348],[89.70494,24.03367],[89.70475,24.03367],[89.70474,24.03349],[89.70494,24.03348]],[[89.70455,24.03349],[89.70454,24.03331],[89.70474,24.03331],[89.70474,24.03349],[89.70455,24.03349]],[[89.71021,24.03159],[89.7104,24.03158],[89.71041,24.03194],[89.71022,24.03195],[89.71021,24.03159]]]}},{"type":"Feature","properties":{"kind":"land","ha":6.5},"geometry":{"type":"Polygon","coordinates":[[[89.75665,24.01614],[89.75664,24.01559],[89.75684,24.01559],[89.75683,24.01523],[89.75703,24.01523],[89.75702,24.01505],[89.75781,24.01503],[89.75781,24.01521],[89.75821,24.01521],[89.75839,24.01484],[89.75859,24.01484],[89.75858,24.01448],[89.75897,24.01429],[89.75895,24.01339],[89.75856,24.01321],[89.75855,24.01303],[89.75836,24.01304],[89.75835,24.01268],[89.75756,24.01269],[89.75757,24.01287],[89.75737,24.01287],[89.75738,24.0136],[89.757,24.01378],[89.757,24.01396],[89.75641,24.01397],[89.75641,24.01415],[89.75582,24.01417],[89.75581,24.01362],[89.75542,24.01363],[89.75563,24.01435],[89.75583,24.01435],[89.75585,24.01543],[89.75625,24.0156],[89.75626,24.01596],[89.75645,24.01596],[89.75646,24.01614],[89.75665,24.01614]]]}},{"type":"Feature","properties":{"kind":"land","ha":37.2},"geometry":{"type":"Polygon","coordinates":[[[89.74702,24.02533],[89.74703,24.0257],[89.74782,24.02568],[89.74781,24.0255],[89.74801,24.0255],[89.748,24.02514],[89.7482,24.02513],[89.74816,24.02333],[89.74796,24.02333],[89.74794,24.02243],[89.74775,24.02243],[89.74771,24.02063],[89.74791,24.02063],[89.74789,24.0199],[89.74809,24.0199],[89.74808,24.01954],[89.74828,24.01954],[89.74827,24.01917],[89.74866,24.01899],[89.74865,24.01863],[89.74904,24.01844],[89.74903,24.01826],[89.74923,24.01826],[89.74922,24.01771],[89.74942,24.01771],[89.74941,24.01735],[89.7498,24.01716],[89.74998,24.01644],[89.75017,24.01643],[89.75016,24.01571],[89.75036,24.01571],[89.75035,24.01535],[89.75054,24.01534],[89.75052,24.01426],[89.75072,24.01426],[89.75071,24.0139],[89.75091,24.01389],[89.7509,24.01353],[89.7511,24.01353],[89.75108,24.01263],[89.75127,24.01262],[89.75126,24.01208],[89.75146,24.01208],[89.75145,24.01172],[89.75165,24.01171],[89.75163,24.01117],[89.75203,24.01117],[89.75202,24.01098],[89.75183,24.01099],[89.75182,24.01045],[89.75162,24.01045],[89.75162,24.01027],[89.75122,24.01028],[89.75123,24.01046],[89.75103,24.01046],[89.75104,24.01082],[89.75084,24.01083],[89.75067,24.01191],[89.75047,24.01192],[89.75049,24.01282],[89.75029,24.01282],[89.7503,24.01318],[89.75011,24.01319],[89.75011,24.01337],[89.74991,24.01337],[89.74973,24.01409],[89.74954,24.0141],[89.74936,24.01518],[89.74917,24.01519],[89.74917,24.01555],[89.74898,24.01555],[89.74899,24.01627],[89.7488,24.01628],[89.74881,24.01682],[89.74861,24.01682],[89.74862,24.01718],[89.74842,24.01719],[89.74843,24.01755],[89.74823,24.01755],[89.74824,24.01791],[89.74785,24.0181],[89.74786,24.01828],[89.74766,24.01828],[89.74748,24.01901],[89.74728,24.01901],[89.74729,24.01937],[89.74709,24.01938],[89.7471,24.01974],[89.7469,24.01974],[89.74691,24.0201],[89.74672,24.02011],[89.74672,24.02047],[89.74653,24.02047],[89.74653,24.02083],[89.74634,24.02083],[89.74635,24.0212],[89.74615,24.0212],[89.74616,24.02192],[89.74597,24.02192],[89.74598,24.02228],[89.74578,24.02229],[89.74561,24.02337],[89.74541,24.02338],[89.74542,24.02392],[89.74562,24.02392],[89.74562,24.0241],[89.74542,24.0241],[89.74544,24.02482],[89.74524,24.02482],[89.74526,24.02537],[89.74506,24.02537],[89.74507,24.02573],[89.74468,24.02592],[89.74468,24.0261],[89.74448,24.0261],[89.74449,24.02646],[89.7441,24.02665],[89.74411,24.02683],[89.74391,24.02683],[89.74373,24.02756],[89.74334,24.02775],[89.74334,24.02793],[89.74315,24.02793],[89.74316,24.02829],[89.74277,24.02848],[89.74278,24.0292],[89.74259,24.0292],[89.7426,24.02975],[89.74299,24.02956],[89.74298,24.02938],[89.74318,24.02937],[89.74317,24.02919],[89.74337,24.02919],[89.74337,24.02901],[89.74356,24.02901],[89.74356,24.02865],[89.74375,24.02864],[89.74375,24.02846],[89.74414,24.02845],[89.74416,24.02918],[89.74435,24.02917],[89.74435,24.02899],[89.74514,24.02898],[89.74514,24.02934],[89.74534,24.02934],[89.74534,24.02952],[89.74613,24.0295],[89.74612,24.02914],[89.74651,24.02895],[89.74651,24.02877],[89.7467,24.02877],[89.7467,24.02841],[89.74689,24.02841],[89.74688,24.02804],[89.74669,24.02805],[89.7465,24.02841],[89.74611,24.02842],[89.7461,24.02824],[89.74591,24.02824],[89.7459,24.02788],[89.74629,24.02769],[89.74628,24.02751],[89.74648,24.02751],[89.74648,24.02733],[89.74667,24.02733],[89.74667,24.02715],[89.74687,24.02714],[89.74687,24.02732],[89.74726,24.02732],[89.74726,24.02714],[89.74745,24.02713],[89.74744,24.02641],[89.74764,24.02641],[89.74763,24.02605],[89.74684,24.02606],[89.74683,24.02552],[89.74663,24.02552],[89.74663,24.02534],[89.74702,24.02533]],[[89.74643,24.02535],[89.74643,24.02516],[89.74663,24.02516],[89.74663,24.02534],[89.74643,24.02535]]]}},{"type":"Feature","properties":{"kind":"land","ha":24.3},"geometry":{"type":"Polygon","coordinates":[[[89.7605,24.01246],[89.76051,24.01264],[89.7609,24.01263],[89.76068,24.01155],[89.76049,24.01155],[89.76048,24.01119],[89.76028,24.0112],[89.76025,24.00993],[89.76006,24.00994],[89.76005,24.0094],[89.75965,24.00922],[89.75965,24.00904],[89.75925,24.00905],[89.75904,24.00833],[89.75864,24.00816],[89.75864,24.0078],[89.75844,24.0078],[89.75844,24.00762],[89.75824,24.00762],[89.75823,24.00708],[89.75803,24.00709],[89.75802,24.00673],[89.75783,24.00673],[89.75782,24.00655],[89.75743,24.00656],[89.75723,24.0062],[89.75703,24.0062],[89.75703,24.00602],[89.75683,24.00602],[89.75683,24.00584],[89.75663,24.00585],[89.75663,24.00567],[89.75643,24.00567],[89.75642,24.00531],[89.75603,24.00532],[89.75604,24.00568],[89.75584,24.00568],[89.75588,24.00731],[89.75627,24.00748],[89.75628,24.00766],[89.75667,24.00765],[89.75667,24.00783],[89.75687,24.00783],[89.75689,24.00873],[89.75708,24.00873],[89.75709,24.00909],[89.75729,24.00909],[89.75729,24.00927],[89.75808,24.00925],[89.75809,24.00961],[89.75848,24.00979],[89.75849,24.01033],[89.7579,24.01034],[89.7579,24.01016],[89.75751,24.01016],[89.7575,24.00998],[89.75731,24.00999],[89.7573,24.00981],[89.75651,24.00964],[89.75631,24.00928],[89.75611,24.00929],[89.75611,24.00893],[89.75571,24.00893],[89.75571,24.00875],[89.75551,24.00876],[89.75532,24.00912],[89.75513,24.00912],[89.75513,24.0093],[89.75474,24.00931],[89.75475,24.00967],[89.75455,24.00968],[89.75458,24.01094],[89.75477,24.01094],[89.75478,24.0113],[89.75518,24.01147],[89.75518,24.01165],[89.75538,24.01165],[89.75538,24.01183],[89.75558,24.01182],[89.75558,24.012],[89.75578,24.012],[89.75578,24.01218],[89.75598,24.01218],[89.75598,24.01236],[89.75618,24.01235],[89.75619,24.01271],[89.75658,24.01289],[89.75659,24.01307],[89.75698,24.01306],[89.75696,24.01216],[89.75676,24.01216],[89.75675,24.01162],[89.75656,24.01163],[89.75655,24.01144],[89.75694,24.01126],[89.75694,24.01108],[89.75733,24.01107],[89.75733,24.01089],[89.75752,24.01089],[89.75774,24.0116],[89.75793,24.0116],[89.75794,24.01196],[89.75814,24.01196],[89.75814,24.01232],[89.75834,24.01232],[89.75834,24.0125],[89.75933,24.01248],[89.75953,24.01284],[89.75973,24.01283],[89.75973,24.01301],[89.75993,24.01301],[89.75993,24.01319],[89.76032,24.013],[89.76032,24.01282],[89.76012,24.01282],[89.76011,24.01246],[89.7605,24.01246]],[[89.75992,24.01247],[89.75991,24.01229],[89.76011,24.01228],[89.76011,24.01246],[89.75992,24.01247]],[[89.75971,24.01229],[89.7597,24.01157],[89.7599,24.01157],[89.75991,24.01229],[89.75971,24.01229]],[[89.75891,24.01122],[89.75871,24.01123],[89.75871,24.01105],[89.75851,24.01105],[89.7585,24.01051],[89.75889,24.0105],[89.75909,24.01086],[89.75929,24.01085],[89.7593,24.01103],[89.75949,24.01103],[89.7595,24.01157],[89.75911,24.01158],[89.75891,24.01122]]]}},{"type":"Feature","properties":{"kind":"land","ha":8.9},"geometry":{"type":"Polygon","coordinates":[[[89.69498,24.00821],[89.69495,24.00695],[89.69476,24.00695],[89.69475,24.00659],[89.69495,24.00658],[89.69494,24.00622],[89.69513,24.00622],[89.69513,24.00586],[89.69493,24.00586],[89.69492,24.0055],[89.69453,24.00569],[89.69456,24.00677],[89.69397,24.00678],[89.69396,24.0066],[89.69377,24.00661],[89.69376,24.00624],[89.69356,24.00625],[89.69355,24.00571],[89.69336,24.00571],[89.69331,24.00354],[89.69311,24.00355],[89.69311,24.00319],[89.69291,24.00319],[89.69291,24.00301],[89.69271,24.00301],[89.69271,24.00319],[89.69252,24.0032],[89.69252,24.00356],[89.69233,24.00356],[89.69234,24.00428],[89.69215,24.00429],[89.69215,24.00447],[89.69176,24.00447],[89.69175,24.00429],[89.69156,24.0043],[89.69157,24.00502],[89.69177,24.00502],[89.69179,24.00592],[89.69159,24.00592],[89.6916,24.0061],[89.69179,24.0061],[89.69181,24.00682],[89.6924,24.00681],[89.69239,24.00663],[89.69259,24.00663],[89.69279,24.00698],[89.69319,24.00698],[89.69319,24.00716],[89.69339,24.00715],[89.69339,24.00751],[89.69359,24.00751],[89.6936,24.00787],[89.69379,24.00787],[89.6938,24.00805],[89.69458,24.00803],[89.69459,24.00822],[89.69498,24.00821]]]}},{"type":"Feature","properties":{"kind":"land","ha":7.7},"geometry":{"type":"Polygon","coordinates":[[[89.71004,24.00469],[89.71003,24.00415],[89.71022,24.00415],[89.71022,24.00397],[89.71061,24.00396],[89.71061,24.00378],[89.7108,24.00378],[89.71081,24.00396],[89.7114,24.00395],[89.71159,24.00358],[89.71178,24.00358],[89.71176,24.00268],[89.71157,24.00268],[89.71156,24.00214],[89.71136,24.00214],[89.71135,24.0016],[89.71115,24.00161],[89.71114,24.00106],[89.71094,24.00107],[89.71094,24.00089],[89.71055,24.00089],[89.71055,24.00125],[89.71075,24.00125],[89.71075,24.00143],[89.71056,24.00144],[89.71057,24.00216],[89.70998,24.00217],[89.70998,24.00199],[89.70978,24.00199],[89.70978,24.00163],[89.70958,24.00163],[89.7094,24.00236],[89.70901,24.00237],[89.709,24.00218],[89.70841,24.0022],[89.70842,24.00238],[89.70822,24.00238],[89.70823,24.00274],[89.70842,24.00274],[89.70844,24.00328],[89.70883,24.00345],[89.70884,24.00381],[89.70924,24.00399],[89.70924,24.00417],[89.70944,24.00416],[89.70944,24.00434],[89.70964,24.00434],[89.70964,24.00452],[89.70984,24.00452],[89.70984,24.0047],[89.71004,24.00469]]]}},{"type":"Feature","properties":{"kind":"land","ha":8.3},"geometry":{"type":"Polygon","coordinates":[[[89.68811,24.00851],[89.6881,24.00797],[89.6879,24.00797],[89.68789,24.00743],[89.68769,24.00743],[89.68767,24.00653],[89.68748,24.00654],[89.68739,24.0022],[89.68719,24.00221],[89.68716,24.00058],[89.68735,24.00058],[89.6873,23.99805],[89.6875,23.99805],[89.68748,23.99715],[89.68768,23.99714],[89.68767,23.99678],[89.68786,23.99678],[89.68786,23.9966],[89.68806,23.9966],[89.68803,23.99515],[89.68783,23.99516],[89.68785,23.99606],[89.68746,23.99625],[89.68746,23.99643],[89.68727,23.99643],[89.68727,23.99661],[89.68708,23.99661],[89.68689,23.99734],[89.6867,23.99734],[89.68671,23.99788],[89.68651,23.99789],[89.68653,23.99879],[89.68633,23.99879],[89.6866,24.00204],[89.68679,24.00203],[89.68683,24.00384],[89.68703,24.00384],[89.68709,24.00654],[89.68728,24.00654],[89.68729,24.0069],[89.68749,24.0069],[89.6875,24.00762],[89.6877,24.00761],[89.68771,24.00816],[89.6879,24.00815],[89.68791,24.00851],[89.68811,24.00851]]]}},{"type":"Feature","properties":{"kind":"land","ha":3.1},"geometry":{"type":"Polygon","coordinates":[[[89.74602,23.99683],[89.74602,23.99665],[89.74641,23.99664],[89.74641,23.99646],[89.74661,23.99646],[89.7466,23.9961],[89.7464,23.9961],[89.74638,23.99502],[89.74618,23.99502],[89.74617,23.9943],[89.74597,23.99431],[89.74596,23.99377],[89.74557,23.99377],[89.74557,23.99413],[89.74538,23.99414],[89.74539,23.99486],[89.7452,23.99486],[89.74521,23.99558],[89.74541,23.99558],[89.74544,23.99684],[89.74602,23.99683]]]}},{"type":"Feature","properties":{"kind":"settlement","ha":4.7},"geometry":{"type":"Polygon","coordinates":[[[89.77254,23.99654],[89.77254,23.99636],[89.77352,23.99634],[89.77352,23.99616],[89.77371,23.99615],[89.77371,23.99579],[89.77292,23.99599],[89.77292,23.99563],[89.77233,23.99564],[89.77232,23.9951],[89.77192,23.9951],[89.77193,23.99528],[89.77173,23.99529],[89.77172,23.99493],[89.77251,23.99491],[89.7725,23.99455],[89.7727,23.99455],[89.77249,23.99419],[89.7723,23.99419],[89.77229,23.99383],[89.7719,23.99384],[89.7719,23.99402],[89.77131,23.99403],[89.77132,23.99457],[89.77113,23.99458],[89.77092,23.99422],[89.77112,23.99421],[89.7711,23.99349],[89.77071,23.99332],[89.77071,23.9935],[89.77051,23.9935],[89.77051,23.99332],[89.77012,23.99333],[89.77011,23.99315],[89.76992,23.99315],[89.76973,23.99352],[89.76992,23.99351],[89.76993,23.99369],[89.77052,23.99368],[89.77052,23.99386],[89.77013,23.99387],[89.77014,23.99423],[89.77033,23.99423],[89.77034,23.99441],[89.77073,23.9944],[89.77074,23.99476],[89.77133,23.99475],[89.77114,23.99512],[89.77094,23.99512],[89.77096,23.99584],[89.77135,23.99584],[89.77134,23.99547],[89.77173,23.99547],[89.77194,23.99582],[89.77233,23.99582],[89.77233,23.996],[89.77194,23.996],[89.77195,23.99637],[89.77215,23.99636],[89.77215,23.99654],[89.77254,23.99654]]]}},{"type":"Feature","properties":{"kind":"land","ha":8.4},"geometry":{"type":"Polygon","coordinates":[[[89.72604,23.99954],[89.72622,23.99881],[89.72661,23.99862],[89.72679,23.9979],[89.72699,23.99789],[89.72698,23.99753],[89.72737,23.99735],[89.72737,23.99717],[89.72756,23.99716],[89.72756,23.99698],[89.72775,23.99698],[89.72775,23.9968],[89.72795,23.99679],[89.72794,23.99661],[89.72814,23.99661],[89.72814,23.99643],[89.72833,23.99643],[89.72832,23.99589],[89.72871,23.99588],[89.72871,23.9957],[89.7295,23.99568],[89.72968,23.99532],[89.72988,23.99532],[89.72988,23.99514],[89.73007,23.99513],[89.73007,23.99495],[89.73027,23.99495],[89.73026,23.99477],[89.73046,23.99476],[89.73046,23.99458],[89.73065,23.99458],[89.73064,23.99422],[89.73084,23.99422],[89.73084,23.99404],[89.73123,23.99403],[89.73123,23.99385],[89.73142,23.99384],[89.73141,23.99348],[89.73161,23.99348],[89.73161,23.9933],[89.73141,23.9933],[89.7314,23.99294],[89.73121,23.99295],[89.73119,23.9924],[89.731,23.99241],[89.73099,23.99223],[89.7306,23.99223],[89.73041,23.9926],[89.73022,23.9926],[89.73022,23.99278],[89.73002,23.99279],[89.73003,23.99297],[89.72983,23.99297],[89.72984,23.99315],[89.72944,23.99316],[89.72925,23.99352],[89.72906,23.99353],[89.72906,23.99371],[89.72886,23.99371],[89.72887,23.99407],[89.72868,23.99407],[89.72869,23.99462],[89.7283,23.9948],[89.72831,23.99516],[89.72811,23.99517],[89.72812,23.99571],[89.72792,23.99571],[89.72793,23.99607],[89.72774,23.99608],[89.72774,23.99644],[89.72735,23.99662],[89.72736,23.9968],[89.72716,23.99681],[89.72717,23.99717],[89.72678,23.99736],[89.72679,23.99772],[89.7264,23.9979],[89.72622,23.99863],[89.72602,23.99863],[89.72603,23.99899],[89.72583,23.999],[89.72584,23.99936],[89.72564,23.99936],[89.72565,23.99972],[89.72604,23.99954]],[[89.72985,23.99387],[89.73024,23.99387],[89.73025,23.99423],[89.72986,23.99423],[89.72985,23.99387]]]}},{"type":"Feature","properties":{"kind":"land","ha":4.8},"geometry":{"type":"Polygon","coordinates":[[[89.72356,23.9938],[89.72356,23.99362],[89.72434,23.99361],[89.72434,23.99343],[89.72473,23.99342],[89.72494,23.99378],[89.72553,23.99377],[89.72571,23.99304],[89.7259,23.99304],[89.72589,23.9925],[89.7255,23.99251],[89.7253,23.99215],[89.7251,23.99215],[89.7251,23.99197],[89.72352,23.992],[89.72334,23.99236],[89.72314,23.99237],[89.72314,23.99255],[89.72295,23.99255],[89.72295,23.99273],[89.72275,23.99274],[89.72276,23.99292],[89.72295,23.99291],[89.72297,23.99381],[89.72356,23.9938]]]}},{"type":"Feature","properties":{"kind":"land","ha":16.2},"geometry":{"type":"Polygon","coordinates":[[[89.72069,23.99746],[89.72069,23.99728],[89.72088,23.99728],[89.72087,23.99674],[89.72126,23.99655],[89.72144,23.99583],[89.72164,23.99582],[89.72162,23.99492],[89.72182,23.99492],[89.72181,23.99474],[89.7224,23.99473],[89.72241,23.99509],[89.72261,23.99508],[89.7226,23.99454],[89.7224,23.99455],[89.72239,23.99437],[89.72259,23.99436],[89.72258,23.99382],[89.72238,23.99382],[89.72237,23.9931],[89.72256,23.9931],[89.72256,23.99274],[89.72217,23.99293],[89.72196,23.99257],[89.72177,23.99257],[89.72176,23.99239],[89.72157,23.9924],[89.72156,23.99221],[89.72039,23.99224],[89.72039,23.99242],[89.71803,23.99246],[89.71802,23.99192],[89.71724,23.99193],[89.71724,23.99211],[89.71704,23.99211],[89.71705,23.99248],[89.71725,23.99247],[89.71725,23.99283],[89.71706,23.99284],[89.71706,23.99302],[89.71667,23.99302],[89.71667,23.9932],[89.71589,23.99322],[89.71588,23.99286],[89.71529,23.99287],[89.71529,23.99305],[89.7149,23.99305],[89.71471,23.99342],[89.71452,23.99342],[89.71452,23.9936],[89.71432,23.99361],[89.71433,23.99379],[89.71413,23.99379],[89.71414,23.99415],[89.71394,23.99415],[89.71395,23.9947],[89.71454,23.99469],[89.71473,23.99432],[89.71493,23.99432],[89.71492,23.99414],[89.71532,23.99413],[89.71531,23.99395],[89.7159,23.99394],[89.7159,23.99376],[89.71786,23.99372],[89.71787,23.9939],[89.71846,23.99389],[89.71864,23.99353],[89.71943,23.99352],[89.71943,23.9937],[89.71983,23.99369],[89.71983,23.99387],[89.72003,23.99387],[89.72003,23.99423],[89.72043,23.99422],[89.72043,23.9944],[89.72063,23.9944],[89.72064,23.99494],[89.72084,23.99494],[89.72084,23.9953],[89.72065,23.9953],[89.72067,23.99656],[89.72048,23.99657],[89.72049,23.99711],[89.72029,23.99711],[89.7203,23.99747],[89.72069,23.99746]]]}},{"type":"Feature","properties":{"kind":"land","ha":5.5},"geometry":{"type":"Polygon","coordinates":[[[89.75889,23.99191],[89.75888,23.99137],[89.75848,23.99119],[89.75847,23.99083],[89.75807,23.99066],[89.75807,23.99048],[89.75787,23.99048],[89.75787,23.99012],[89.75767,23.99013],[89.75767,23.98994],[89.75708,23.98996],[89.75687,23.9896],[89.75668,23.9896],[89.75646,23.98888],[89.75607,23.98871],[89.75606,23.98853],[89.75587,23.98853],[89.75586,23.98817],[89.75566,23.98818],[89.75566,23.98781],[89.75507,23.98783],[89.75506,23.98764],[89.75467,23.98765],[89.75467,23.98747],[89.75447,23.98748],[89.75446,23.98711],[89.75407,23.98712],[89.75408,23.98748],[89.75447,23.98766],[89.75448,23.98784],[89.75467,23.98783],[89.75468,23.98801],[89.75487,23.98801],[89.75488,23.98837],[89.75528,23.98854],[89.75528,23.98872],[89.75548,23.98872],[89.7553,23.98945],[89.75589,23.98944],[89.75588,23.98925],[89.75608,23.98925],[89.75608,23.98943],[89.75628,23.98943],[89.75629,23.98979],[89.75609,23.98979],[89.7561,23.98997],[89.7557,23.98998],[89.75571,23.99034],[89.75611,23.99051],[89.75611,23.99069],[89.75631,23.99069],[89.75631,23.99105],[89.75651,23.99105],[89.75651,23.99123],[89.7571,23.99122],[89.7571,23.99086],[89.75729,23.99085],[89.7573,23.99103],[89.75769,23.99103],[89.75789,23.99138],[89.75809,23.99138],[89.7581,23.99174],[89.75849,23.99192],[89.7585,23.9921],[89.75889,23.99191]],[[89.7563,23.99015],[89.75708,23.99014],[89.75709,23.9905],[89.7563,23.99051],[89.7563,23.99015]]]}},{"type":"Feature","properties":{"kind":"land","ha":12.2},"geometry":{"type":"Polygon","coordinates":[[[89.70991,23.99856],[89.7099,23.9982],[89.7101,23.99819],[89.71009,23.99783],[89.71029,23.99783],[89.71046,23.99674],[89.71066,23.99674],[89.71065,23.99638],[89.71084,23.99638],[89.71084,23.99601],[89.71103,23.99601],[89.71121,23.99493],[89.7114,23.99492],[89.7114,23.99456],[89.71159,23.99456],[89.71159,23.9942],[89.71178,23.99419],[89.71177,23.99383],[89.71197,23.99383],[89.71196,23.99347],[89.71216,23.99346],[89.71215,23.9931],[89.71254,23.99292],[89.71254,23.99274],[89.71273,23.99273],[89.71273,23.99255],[89.71293,23.99255],[89.71292,23.99219],[89.71331,23.992],[89.7133,23.99182],[89.7135,23.99182],[89.7135,23.99164],[89.71369,23.99163],[89.71369,23.99145],[89.71389,23.99145],[89.71388,23.99127],[89.71408,23.99126],[89.71407,23.99108],[89.71447,23.99108],[89.71446,23.9909],[89.71466,23.99089],[89.71465,23.99053],[89.71504,23.99034],[89.71504,23.99016],[89.71523,23.99016],[89.71523,23.98998],[89.71543,23.98998],[89.71542,23.9898],[89.71562,23.98979],[89.71561,23.98943],[89.716,23.98924],[89.71599,23.98888],[89.71619,23.98888],[89.71618,23.98852],[89.71657,23.98833],[89.71657,23.98815],[89.71676,23.98815],[89.71676,23.98797],[89.71696,23.98796],[89.71695,23.98778],[89.71715,23.98778],[89.71713,23.98688],[89.71752,23.98669],[89.71751,23.98651],[89.71771,23.98651],[89.71771,23.98633],[89.7179,23.98632],[89.71808,23.9856],[89.7177,23.98578],[89.7177,23.98597],[89.7175,23.98597],[89.71751,23.98615],[89.71731,23.98615],[89.71731,23.98633],[89.71712,23.98634],[89.71712,23.98652],[89.71693,23.98652],[89.71693,23.9867],[89.71673,23.9867],[89.71674,23.98689],[89.71654,23.98689],[89.71655,23.98725],[89.71616,23.98744],[89.71616,23.98762],[89.71597,23.98762],[89.71597,23.9878],[89.71577,23.9878],[89.71578,23.98799],[89.71558,23.98799],[89.71558,23.98817],[89.71539,23.98817],[89.7154,23.98853],[89.71501,23.98872],[89.71501,23.9889],[89.71481,23.9889],[89.71482,23.98909],[89.71462,23.98909],[89.71463,23.98927],[89.71423,23.98928],[89.71424,23.98964],[89.71385,23.98964],[89.71366,23.99001],[89.71346,23.99001],[89.71347,23.99019],[89.71327,23.9902],[89.71328,23.99056],[89.71288,23.99056],[89.7127,23.99093],[89.7125,23.99093],[89.7125,23.99111],[89.71231,23.99112],[89.71213,23.99184],[89.71193,23.99184],[89.71194,23.9922],[89.71174,23.99221],[89.71175,23.99257],[89.71155,23.99257],[89.71155,23.99275],[89.71195,23.99275],[89.71195,23.99293],[89.71156,23.99311],[89.71157,23.99366],[89.71138,23.99366],[89.71138,23.99402],[89.711,23.99421],[89.71101,23.99493],[89.71081,23.99493],[89.71083,23.99547],[89.71063,23.99548],[89.71064,23.99584],[89.71044,23.99584],[89.71027,23.99693],[89.71007,23.99693],[89.71008,23.99747],[89.70989,23.99748],[89.70989,23.99784],[89.7097,23.99784],[89.70971,23.99856],[89.70991,23.99856]],[[89.71194,23.99239],[89.71214,23.99238],[89.71214,23.99256],[89.71194,23.99257],[89.71194,23.99239]]]}},{"type":"Feature","properties":{"kind":"land","ha":3.8},"geometry":{"type":"Polygon","coordinates":[[[89.75294,23.98949],[89.75293,23.98877],[89.75332,23.98876],[89.75332,23.98894],[89.75391,23.98893],[89.75371,23.98857],[89.75351,23.98858],[89.7535,23.98785],[89.75369,23.98785],[89.75365,23.98605],[89.75346,23.98605],[89.75343,23.98461],[89.75303,23.98461],[89.75306,23.98606],[89.75287,23.98606],[89.75289,23.98714],[89.7527,23.98715],[89.7527,23.98751],[89.75251,23.98751],[89.75254,23.98895],[89.75273,23.98895],[89.75274,23.98949],[89.75294,23.98949]]]}},{"type":"Feature","properties":{"kind":"land","ha":33.5},"geometry":{"type":"Polygon","coordinates":[[[89.76968,23.99135],[89.76948,23.99136],[89.76948,23.99118],[89.76909,23.99118],[89.76888,23.99083],[89.76869,23.99083],[89.76848,23.99011],[89.76808,23.98994],[89.76807,23.98976],[89.76788,23.98976],[89.76787,23.98958],[89.76768,23.98958],[89.76747,23.98887],[89.76727,23.98887],[89.76726,23.98851],[89.76687,23.98833],[89.76686,23.98815],[89.76667,23.98816],[89.76666,23.98798],[89.76647,23.98798],[89.76646,23.98762],[89.76626,23.98762],[89.76626,23.98744],[89.76586,23.98745],[89.76586,23.98709],[89.76546,23.98692],[89.76546,23.98674],[89.76526,23.98674],[89.76526,23.98692],[89.76487,23.98693],[89.76488,23.98729],[89.76468,23.98729],[89.76469,23.98747],[89.76429,23.98748],[89.76428,23.98694],[89.76448,23.98693],[89.76447,23.98657],[89.76506,23.98656],[89.76506,23.98638],[89.76466,23.98621],[89.76466,23.98603],[89.76446,23.98603],[89.76446,23.98585],[89.76426,23.98585],[89.76425,23.98567],[89.76406,23.98568],[89.76405,23.9855],[89.76347,23.98551],[89.76345,23.98497],[89.76306,23.98497],[89.76286,23.98462],[89.76266,23.98462],[89.76266,23.98444],[89.76246,23.98444],[89.76246,23.98426],[89.76226,23.98427],[89.76225,23.98391],[89.76186,23.98373],[89.76185,23.98355],[89.76166,23.98356],[89.76165,23.98337],[89.76146,23.98338],[89.76145,23.9832],[89.76126,23.9832],[89.76125,23.98284],[89.76085,23.98267],[89.76085,23.98249],[89.76065,23.98249],[89.76064,23.98213],[89.76045,23.98213],[89.76044,23.98195],[89.76025,23.98196],[89.76024,23.9816],[89.75984,23.98142],[89.75984,23.98124],[89.75964,23.98124],[89.75964,23.98106],[89.75944,23.98107],[89.75944,23.98089],[89.75924,23.98089],[89.75924,23.98071],[89.75904,23.98071],[89.75905,23.98108],[89.75945,23.98125],[89.75946,23.98179],[89.75985,23.98196],[89.75986,23.98232],[89.76026,23.9825],[89.76026,23.98268],[89.76046,23.98267],[89.76067,23.98339],[89.76107,23.98357],[89.76107,23.98393],[89.76127,23.98392],[89.76128,23.98446],[89.76148,23.98446],[89.76149,23.98482],[89.76168,23.98482],[89.76169,23.985],[89.76188,23.985],[89.76209,23.98571],[89.76229,23.98571],[89.7623,23.98607],[89.7625,23.98607],[89.7625,23.98643],[89.7629,23.9866],[89.7629,23.98678],[89.7631,23.98678],[89.76331,23.9875],[89.76371,23.98767],[89.76372,23.98803],[89.76391,23.98803],[89.76392,23.98821],[89.76411,23.9882],[89.76412,23.98856],[89.76452,23.98874],[89.76452,23.98892],[89.76472,23.98892],[89.76493,23.98963],[89.76533,23.98981],[89.76533,23.98999],[89.76553,23.98998],[89.76553,23.99016],[89.76573,23.99016],[89.76573,23.99052],[89.76613,23.99069],[89.76614,23.99106],[89.76653,23.99123],[89.76654,23.99141],[89.76673,23.99141],[89.76674,23.99159],[89.76694,23.99158],[89.76694,23.99176],[89.76714,23.99176],[89.76714,23.99194],[89.76734,23.99194],[89.76734,23.9923],[89.76774,23.99247],[89.76774,23.99265],[89.76794,23.99265],[89.76794,23.99283],[89.76814,23.99282],[89.76814,23.993],[89.76834,23.993],[89.76835,23.99336],[89.76875,23.99354],[89.76875,23.99372],[89.76895,23.99371],[89.76895,23.99389],[89.76915,23.99389],[89.76915,23.99425],[89.76955,23.99442],[89.76956,23.99478],[89.76995,23.99496],[89.76996,23.99514],[89.77015,23.99513],[89.77016,23.99532],[89.77035,23.99531],[89.77036,23.99549],[89.77056,23.99549],[89.77056,23.99585],[89.77096,23.99602],[89.77096,23.9962],[89.77116,23.9962],[89.77116,23.99638],[89.77136,23.99638],[89.77136,23.99656],[89.77156,23.99655],[89.77156,23.99673],[89.77176,23.99673],[89.77176,23.99691],[89.77196,23.99691],[89.77196,23.99709],[89.77216,23.99708],[89.77217,23.99726],[89.77236,23.99726],[89.77237,23.99744],[89.77256,23.99744],[89.77257,23.99762],[89.77296,23.99761],[89.77296,23.99779],[89.77316,23.99779],[89.77317,23.99815],[89.77356,23.99832],[89.77357,23.9985],[89.77376,23.9985],[89.77377,23.99868],[89.77396,23.99868],[89.77397,23.99886],[89.77416,23.99885],[89.77415,23.99831],[89.77396,23.99831],[89.77395,23.99813],[89.77415,23.99813],[89.77414,23.99759],[89.77433,23.99759],[89.77433,23.99741],[89.77413,23.99741],[89.77413,23.99705],[89.77393,23.99705],[89.77392,23.99651],[89.77372,23.99651],[89.77371,23.99615],[89.77352,23.99616],[89.77352,23.99634],[89.77254,23.99636],[89.77254,23.99654],[89.77215,23.99654],[89.77215,23.99636],[89.77195,23.99637],[89.77194,23.996],[89.77233,23.996],[89.77233,23.99582],[89.77194,23.99582],[89.77173,23.99547],[89.77134,23.99547],[89.77135,23.99584],[89.77096,23.99584],[89.77094,23.99512],[89.77133,23.99493],[89.77133,23.99475],[89.77074,23.99476],[89.77073,23.9944],[89.77034,23.99441],[89.77033,23.99423],[89.77014,23.99423],[89.77013,23.99387],[89.77052,23.99386],[89.77052,23.99368],[89.76993,23.99369],[89.76992,23.99351],[89.76973,23.99352],[89.76992,23.99315],[89.77011,23.99315],[89.7701,23.99261],[89.7703,23.9926],[89.77029,23.99242],[89.7699,23.99243],[89.7699,23.99225],[89.77009,23.99225],[89.77008,23.99171],[89.76968,23.99153],[89.76968,23.99135]],[[89.77394,23.99741],[89.77374,23.99742],[89.77373,23.99706],[89.77393,23.99705],[89.77394,23.99741]],[[89.77354,23.99706],[89.77353,23.9967],[89.77372,23.99669],[89.77373,23.99706],[89.77354,23.99706]],[[89.76994,23.99406],[89.76974,23.99406],[89.76973,23.9937],[89.76993,23.99369],[89.76994,23.99406]],[[89.76969,23.99171],[89.76949,23.99172],[89.76949,23.99154],[89.76968,23.99153],[89.76969,23.99171]],[[89.77314,23.99671],[89.77333,23.9967],[89.77334,23.99688],[89.77314,23.99689],[89.77314,23.99671]],[[89.76892,23.99263],[89.76912,23.99263],[89.76912,23.99281],[89.76893,23.99281],[89.76892,23.99263]],[[89.76469,23.98765],[89.76508,23.98765],[89.76509,23.98819],[89.7647,23.98819],[89.76469,23.98765]],[[89.7641,23.98784],[89.7643,23.98784],[89.7643,23.98802],[89.76411,23.98802],[89.7641,23.98784]],[[89.7637,23.98713],[89.76389,23.98712],[89.7639,23.98749],[89.7637,23.98749],[89.7637,23.98713]],[[89.76228,23.98535],[89.76248,23.98535],[89.76248,23.98516],[89.76228,23.98517],[89.76228,23.98499],[89.76266,23.9848],[89.76267,23.98516],[89.76287,23.98516],[89.76288,23.9857],[89.76249,23.98571],[89.76228,23.98535]]]}},{"type":"Feature","properties":{"kind":"land","ha":12.1},"geometry":{"type":"Polygon","coordinates":[[[89.73218,23.99275],[89.73218,23.99239],[89.73237,23.99238],[89.73237,23.99202],[89.73256,23.99202],[89.73255,23.99166],[89.73294,23.99147],[89.73294,23.99111],[89.73332,23.99092],[89.73351,23.9902],[89.7337,23.99019],[89.73369,23.98983],[89.73389,23.98983],[89.73406,23.98874],[89.73445,23.98856],[89.73445,23.98838],[89.73465,23.98837],[89.73464,23.98801],[89.73503,23.98782],[89.73502,23.98746],[89.73522,23.98746],[89.73521,23.9871],[89.7356,23.98691],[89.73559,23.98655],[89.73598,23.98636],[89.73598,23.98618],[89.73617,23.98618],[89.73616,23.98582],[89.73655,23.98563],[89.73655,23.98527],[89.73693,23.98508],[89.73693,23.98472],[89.73732,23.98453],[89.73731,23.98417],[89.7377,23.98398],[89.73769,23.98362],[89.73808,23.98344],[89.73807,23.98326],[89.73827,23.98325],[89.73827,23.98307],[89.73846,23.98307],[89.73846,23.98289],[89.73866,23.98288],[89.73884,23.98216],[89.73923,23.98197],[89.73922,23.98179],[89.73942,23.98179],[89.73941,23.98161],[89.73981,23.9816],[89.74,23.98124],[89.74039,23.98123],[89.74039,23.98105],[89.74058,23.98105],[89.74058,23.98086],[89.74038,23.98087],[89.74037,23.98051],[89.74076,23.98032],[89.74075,23.97978],[89.74095,23.97978],[89.74094,23.97959],[89.74134,23.97959],[89.74133,23.97923],[89.74054,23.97924],[89.74055,23.9796],[89.74016,23.97979],[89.74017,23.98033],[89.73978,23.98052],[89.73979,23.9807],[89.7392,23.98071],[89.73921,23.98125],[89.73882,23.98144],[89.73883,23.98162],[89.73863,23.98162],[89.73863,23.9818],[89.73844,23.98181],[89.73844,23.98199],[89.73824,23.98199],[89.73825,23.98217],[89.73805,23.98217],[89.73806,23.98235],[89.73786,23.98236],[89.73787,23.98272],[89.73748,23.98291],[89.73748,23.98309],[89.73729,23.98309],[89.73729,23.98345],[89.7371,23.98345],[89.7371,23.98363],[89.7369,23.98364],[89.73691,23.984],[89.73652,23.98419],[89.73653,23.98437],[89.73633,23.98437],[89.73634,23.98473],[89.73614,23.98473],[89.73614,23.98492],[89.73595,23.98492],[89.73577,23.98564],[89.73538,23.98583],[89.73538,23.98601],[89.73519,23.98602],[89.735,23.98674],[89.73481,23.98674],[89.73482,23.98711],[89.73443,23.98729],[89.73425,23.98802],[89.73405,23.98802],[89.73406,23.98838],[89.73367,23.98857],[89.73367,23.98875],[89.73348,23.98875],[89.73329,23.98948],[89.73291,23.98967],[89.73291,23.98985],[89.73271,23.98985],[89.73272,23.99003],[89.73252,23.99003],[89.73252,23.99021],[89.73233,23.99022],[89.73233,23.9904],[89.73214,23.9904],[89.73214,23.99076],[89.73195,23.99077],[89.73196,23.99131],[89.73176,23.99131],[89.73177,23.99185],[89.73197,23.99185],[89.73199,23.99275],[89.73218,23.99275]]]}},{"type":"Feature","properties":{"kind":"land","ha":5.1},"geometry":{"type":"Polygon","coordinates":[[[89.67137,23.98786],[89.67136,23.98714],[89.67116,23.98714],[89.67108,23.98336],[89.67128,23.98335],[89.67125,23.98173],[89.67144,23.98172],[89.67141,23.98028],[89.67161,23.98028],[89.67158,23.97865],[89.67177,23.97865],[89.67176,23.97829],[89.67196,23.97829],[89.67194,23.9772],[89.67155,23.97721],[89.67155,23.97739],[89.67135,23.97739],[89.67138,23.97884],[89.67119,23.97884],[89.67121,23.97992],[89.67101,23.97993],[89.67104,23.98137],[89.67085,23.98137],[89.67088,23.98318],[89.67069,23.98318],[89.67077,23.98733],[89.67097,23.98733],[89.67098,23.98787],[89.67137,23.98786]]]}},{"type":"Feature","properties":{"kind":"land","ha":21.7},"geometry":{"type":"Polygon","coordinates":[[[89.72802,23.98163],[89.72801,23.98091],[89.7282,23.98091],[89.7282,23.98072],[89.72859,23.98072],[89.72859,23.9809],[89.72918,23.98089],[89.72939,23.98125],[89.72978,23.98124],[89.72978,23.98142],[89.73136,23.98139],[89.73135,23.98121],[89.73233,23.98119],[89.73233,23.98101],[89.73292,23.981],[89.73292,23.98118],[89.73312,23.98118],[89.73331,23.98081],[89.7335,23.98081],[89.73349,23.98027],[89.7333,23.98027],[89.73329,23.97991],[89.73349,23.97991],[89.73347,23.97901],[89.73386,23.97882],[89.73385,23.97864],[89.73405,23.97863],[89.73404,23.97827],[89.73384,23.97828],[89.73383,23.97756],[89.73422,23.97737],[89.73419,23.97629],[89.734,23.97629],[89.73399,23.97611],[89.73164,23.97615],[89.73165,23.97651],[89.73145,23.97652],[89.73146,23.97724],[89.73186,23.97741],[89.73187,23.97777],[89.73206,23.97777],[89.73207,23.97795],[89.73187,23.97795],[89.73189,23.97867],[89.73208,23.97867],[89.7321,23.97939],[89.7319,23.9794],[89.73191,23.97958],[89.73151,23.97958],[89.73132,23.97995],[89.73093,23.97977],[89.73092,23.97959],[89.73073,23.9796],[89.73072,23.97906],[89.73091,23.97905],[89.73091,23.97869],[89.73071,23.97869],[89.73069,23.97779],[89.73049,23.9778],[89.7305,23.97816],[89.7303,23.97816],[89.73031,23.97852],[89.72992,23.97871],[89.72993,23.97889],[89.72973,23.97889],[89.72973,23.97907],[89.72954,23.97908],[89.72954,23.97926],[89.72915,23.97926],[89.72915,23.97944],[89.72876,23.97945],[89.72876,23.97927],[89.72856,23.97927],[89.72855,23.97891],[89.72875,23.97891],[89.72875,23.97873],[89.72776,23.97875],[89.72757,23.97911],[89.72738,23.97911],[89.72738,23.9793],[89.72719,23.9793],[89.72719,23.97948],[89.72699,23.97948],[89.727,23.97966],[89.7268,23.97967],[89.72681,23.98003],[89.727,23.98002],[89.72701,23.9802],[89.7274,23.9802],[89.72741,23.98056],[89.72761,23.98055],[89.72762,23.9811],[89.72781,23.98109],[89.72782,23.98127],[89.72762,23.98128],[89.72763,23.98164],[89.72802,23.98163]],[[89.73113,23.98013],[89.73152,23.97994],[89.73153,23.9803],[89.73114,23.98049],[89.73113,23.98013]],[[89.73229,23.97903],[89.73268,23.97902],[89.73249,23.97938],[89.7323,23.97939],[89.73229,23.97903]]]}},{"type":"Feature","properties":{"kind":"land","ha":5.6},"geometry":{"type":"Polygon","coordinates":[[[89.68497,23.98022],[89.68496,23.98004],[89.68477,23.98005],[89.68476,23.97951],[89.68436,23.97933],[89.68436,23.97915],[89.68416,23.97916],[89.68416,23.97897],[89.68396,23.97898],[89.68395,23.9788],[89.68376,23.9788],[89.68374,23.97808],[89.68355,23.97808],[89.68354,23.9779],[89.68374,23.9779],[89.68373,23.97754],[89.68413,23.97753],[89.68392,23.97717],[89.68372,23.97718],[89.68372,23.977],[89.68038,23.97706],[89.68059,23.97741],[89.68078,23.97741],[89.68079,23.97759],[89.68098,23.97759],[89.68099,23.97777],[89.68118,23.97776],[89.68119,23.97794],[89.68138,23.97794],[89.68139,23.97812],[89.68158,23.97812],[89.68159,23.9783],[89.68178,23.97829],[89.68178,23.97811],[89.68217,23.97811],[89.68218,23.97829],[89.68257,23.97828],[89.68257,23.97846],[89.68297,23.97845],[89.68318,23.97917],[89.68337,23.97917],[89.68338,23.97935],[89.68377,23.97934],[89.68397,23.9797],[89.68417,23.9797],[89.68417,23.97988],[89.68437,23.97987],[89.68437,23.98005],[89.68457,23.98005],[89.68457,23.98023],[89.68497,23.98022]]]}}]}