{"type":"FeatureCollection","features":[{"type":"Feature","properties":{"kind":"land","ha":27.2},"geometry":{"type":"Polygon","coordinates":[[[89.62261,24.81599],[89.62259,24.8149],[89.62239,24.81491],[89.62236,24.81364],[89.62256,24.81364],[89.62254,24.81274],[89.62274,24.81273],[89.62289,24.81057],[89.62309,24.81056],[89.62308,24.8102],[89.62328,24.8102],[89.62327,24.80966],[89.62347,24.80965],[89.62345,24.80893],[89.62365,24.80893],[89.62363,24.80821],[89.62383,24.8082],[89.62382,24.80766],[89.62402,24.80766],[89.62401,24.80712],[89.6242,24.80711],[89.62419,24.80657],[89.62439,24.80657],[89.62438,24.80621],[89.62458,24.8062],[89.62456,24.80512],[89.62475,24.80512],[89.62474,24.80422],[89.62493,24.80421],[89.62492,24.80349],[89.62512,24.80349],[89.6251,24.80295],[89.6253,24.80294],[89.62529,24.80258],[89.62549,24.80258],[89.62548,24.80204],[89.62568,24.80203],[89.62566,24.80131],[89.62586,24.80131],[89.62585,24.80077],[89.62605,24.80076],[89.62604,24.80022],[89.62623,24.80022],[89.62622,24.79968],[89.62583,24.79986],[89.626,24.79878],[89.62581,24.79878],[89.6258,24.7986],[89.62561,24.7986],[89.62561,24.79879],[89.62502,24.7988],[89.62502,24.79898],[89.62482,24.79898],[89.62483,24.79952],[89.62464,24.79952],[89.62465,24.80025],[89.62426,24.80043],[89.62427,24.80079],[89.62407,24.8008],[89.62409,24.80152],[89.62389,24.80152],[89.62391,24.80243],[89.62371,24.80243],[89.62372,24.80315],[89.62353,24.80315],[89.62354,24.80388],[89.62334,24.80388],[89.62336,24.8046],[89.62316,24.8046],[89.62317,24.80515],[89.62298,24.80515],[89.62299,24.80587],[89.62279,24.80587],[89.6228,24.80642],[89.62261,24.80642],[89.62262,24.80696],[89.62242,24.80696],[89.62226,24.80877],[89.62206,24.80878],[89.62209,24.80986],[89.62189,24.80986],[89.6219,24.81058],[89.62171,24.81059],[89.62156,24.81312],[89.62136,24.81312],[89.62139,24.81438],[89.62119,24.81439],[89.6212,24.81475],[89.6214,24.81474],[89.6214,24.81492],[89.6212,24.81493],[89.62122,24.81565],[89.62102,24.81565],[89.62103,24.81601],[89.62261,24.81599]],[[89.62487,24.80133],[89.62507,24.80132],[89.62507,24.8015],[89.62488,24.80151],[89.62487,24.80133]]]}},{"type":"Feature","properties":{"kind":"land","ha":6.6},"geometry":{"type":"Polygon","coordinates":[[[89.61082,24.80067],[89.6108,24.79995],[89.61061,24.79995],[89.6106,24.79959],[89.6104,24.79959],[89.61039,24.79923],[89.61,24.79924],[89.60999,24.79906],[89.61019,24.79906],[89.61016,24.79779],[89.60977,24.79762],[89.60976,24.79726],[89.60936,24.79726],[89.60936,24.79708],[89.60916,24.79709],[89.60878,24.79782],[89.60839,24.79782],[89.6082,24.79819],[89.608,24.79819],[89.608,24.79837],[89.6078,24.79837],[89.60781,24.79856],[89.60761,24.79856],[89.60762,24.79892],[89.60742,24.79892],[89.60743,24.79946],[89.60723,24.79947],[89.60725,24.80001],[89.60804,24.80018],[89.60803,24.79981],[89.60744,24.79983],[89.60744,24.79964],[89.60862,24.79944],[89.60861,24.79926],[89.60881,24.79926],[89.60882,24.7998],[89.60942,24.79979],[89.60961,24.79943],[89.61001,24.7996],[89.61,24.79942],[89.6102,24.79942],[89.61021,24.79996],[89.61001,24.79996],[89.61003,24.80068],[89.61082,24.80067]]]}},{"type":"Feature","properties":{"kind":"land","ha":3.3},"geometry":{"type":"Polygon","coordinates":[[[89.60792,24.7944],[89.60791,24.79404],[89.60771,24.79404],[89.60771,24.79386],[89.6081,24.79368],[89.60808,24.79259],[89.60768,24.79242],[89.60749,24.79278],[89.60729,24.79279],[89.6073,24.79297],[89.6071,24.79297],[89.60709,24.79279],[89.6067,24.7928],[89.6067,24.79262],[89.60689,24.79261],[89.60688,24.79207],[89.60668,24.79208],[89.60668,24.7919],[89.60589,24.79191],[89.6059,24.79263],[89.6063,24.79281],[89.60631,24.79299],[89.60651,24.79298],[89.60651,24.79334],[89.60671,24.79334],[89.60672,24.79388],[89.60692,24.79388],[89.60693,24.79424],[89.60712,24.79424],[89.60713,24.79442],[89.60792,24.7944]]]}},{"type":"Feature","properties":{"kind":"land","ha":9.1},"geometry":{"type":"Polygon","coordinates":[[[89.63211,24.78838],[89.63231,24.78838],[89.63231,24.7882],[89.6329,24.78819],[89.63309,24.78782],[89.63368,24.78781],[89.63387,24.78745],[89.63407,24.78745],[89.63407,24.78726],[89.63426,24.78726],[89.63426,24.78708],[89.63446,24.78708],[89.63445,24.7869],[89.63465,24.78689],[89.63465,24.78671],[89.63485,24.78671],[89.63483,24.78617],[89.63503,24.78616],[89.63503,24.78598],[89.63542,24.78598],[89.63542,24.7858],[89.63601,24.78579],[89.63601,24.78561],[89.6364,24.7856],[89.63659,24.78523],[89.63739,24.7854],[89.63738,24.78486],[89.63757,24.78486],[89.63757,24.78468],[89.63678,24.78487],[89.63679,24.78505],[89.6358,24.78507],[89.6358,24.78525],[89.63561,24.78525],[89.63539,24.78453],[89.6346,24.78455],[89.63459,24.78419],[89.6344,24.78419],[89.63421,24.78492],[89.63461,24.78473],[89.63461,24.78509],[89.63422,24.78528],[89.63423,24.78546],[89.63403,24.78546],[89.63402,24.7851],[89.63363,24.78511],[89.63344,24.78547],[89.63304,24.78548],[89.63285,24.78584],[89.63265,24.78585],[89.63266,24.78603],[89.63246,24.78603],[89.63246,24.78621],[89.63226,24.78621],[89.63227,24.78639],[89.63148,24.78659],[89.6315,24.78731],[89.6319,24.78748],[89.6319,24.78766],[89.6321,24.78766],[89.63211,24.78838]],[[89.63209,24.7873],[89.63248,24.78711],[89.63248,24.78693],[89.63268,24.78693],[89.63267,24.78675],[89.63287,24.78674],[89.63289,24.78765],[89.6321,24.78766],[89.63209,24.7873]],[[89.63345,24.78637],[89.63385,24.78637],[89.63386,24.78673],[89.63346,24.78673],[89.63345,24.78637]]]}},{"type":"Feature","properties":{"kind":"land","ha":19.6},"geometry":{"type":"Polygon","coordinates":[[[89.63008,24.78571],[89.63008,24.78553],[89.63047,24.78552],[89.63047,24.78534],[89.63086,24.78534],[89.63086,24.78516],[89.63125,24.78515],[89.63125,24.78497],[89.63165,24.78496],[89.63222,24.78387],[89.63281,24.78386],[89.633,24.78349],[89.63339,24.78349],[89.63358,24.78312],[89.63378,24.78312],[89.63378,24.78294],[89.63398,24.78293],[89.63397,24.78275],[89.63417,24.78275],[89.63417,24.78257],[89.63456,24.78256],[89.63456,24.78238],[89.63515,24.78237],[89.63534,24.78201],[89.63554,24.782],[89.63553,24.78182],[89.63573,24.78182],[89.63573,24.78164],[89.63612,24.78163],[89.63613,24.78181],[89.63632,24.78181],[89.63634,24.78271],[89.63615,24.78272],[89.63615,24.78308],[89.63635,24.78307],[89.63635,24.78325],[89.63556,24.78327],[89.63559,24.78435],[89.63598,24.78416],[89.63597,24.78398],[89.63637,24.78398],[89.63637,24.78379],[89.63676,24.78379],[89.63675,24.78343],[89.63715,24.78324],[89.63714,24.78288],[89.63674,24.78289],[89.63674,24.78271],[89.63753,24.78251],[89.63752,24.78233],[89.63792,24.78232],[89.63791,24.78196],[89.63811,24.78196],[89.63809,24.78106],[89.63789,24.78106],[89.63788,24.7807],[89.63768,24.7807],[89.63768,24.78052],[89.63788,24.78052],[89.63787,24.78016],[89.63807,24.78015],[89.63806,24.77979],[89.63826,24.77979],[89.63825,24.77943],[89.63864,24.77924],[89.63864,24.77906],[89.63884,24.77906],[89.63883,24.77888],[89.63903,24.77887],[89.63903,24.77869],[89.63922,24.77869],[89.63922,24.77851],[89.63942,24.77851],[89.63941,24.77815],[89.63902,24.77833],[89.63902,24.77851],[89.63863,24.77852],[89.63844,24.77888],[89.63824,24.77889],[89.63824,24.77907],[89.63785,24.77908],[89.63766,24.77944],[89.63726,24.77945],[89.63707,24.77981],[89.63648,24.77982],[89.63629,24.78019],[89.63589,24.78019],[89.6359,24.78037],[89.63531,24.78038],[89.63531,24.78056],[89.63491,24.78057],[89.63492,24.78075],[89.63472,24.78076],[89.63472,24.78094],[89.63433,24.78094],[89.63434,24.7813],[89.63394,24.78149],[89.63395,24.78167],[89.63336,24.78168],[89.63317,24.78205],[89.63297,24.78205],[89.63297,24.78223],[89.63218,24.78242],[89.63219,24.7826],[89.63179,24.78261],[89.6316,24.78298],[89.63141,24.78298],[89.63141,24.78334],[89.63102,24.78353],[89.63103,24.78371],[89.63083,24.78371],[89.63083,24.78389],[89.63063,24.7839],[89.63064,24.78408],[89.63044,24.78408],[89.63045,24.78444],[89.62966,24.78463],[89.62947,24.785],[89.62927,24.785],[89.62928,24.78518],[89.62908,24.78519],[89.62909,24.78573],[89.62929,24.78572],[89.62929,24.7859],[89.63008,24.78571]]]}},{"type":"Feature","properties":{"kind":"land","ha":12.6},"geometry":{"type":"Polygon","coordinates":[[[89.6353,24.78959],[89.63549,24.78923],[89.63569,24.78922],[89.63569,24.78904],[89.63588,24.78904],[89.63588,24.78886],[89.63608,24.78885],[89.63607,24.78867],[89.63627,24.78867],[89.63627,24.78849],[89.63647,24.78849],[89.63646,24.78831],[89.63686,24.7883],[89.63705,24.78793],[89.63724,24.78793],[89.63724,24.78775],[89.63744,24.78775],[89.63743,24.78757],[89.63763,24.78756],[89.63763,24.78738],[89.63783,24.78738],[89.63782,24.7872],[89.63822,24.78719],[89.63841,24.78683],[89.6388,24.78682],[89.63899,24.78646],[89.63919,24.78645],[89.63919,24.78627],[89.63958,24.78627],[89.63977,24.7859],[89.63997,24.7859],[89.63997,24.78572],[89.64016,24.78571],[89.64016,24.78553],[89.64036,24.78553],[89.64035,24.78535],[89.64055,24.78535],[89.64055,24.78517],[89.64074,24.78516],[89.64074,24.78498],[89.64094,24.78498],[89.64093,24.7848],[89.64113,24.78479],[89.64113,24.78461],[89.64133,24.78461],[89.64132,24.78443],[89.64152,24.78443],[89.64152,24.78425],[89.64171,24.78424],[89.64171,24.78406],[89.64191,24.78406],[89.6419,24.78388],[89.6423,24.78387],[89.64229,24.78351],[89.64268,24.78332],[89.64268,24.78314],[89.64288,24.78314],[89.64287,24.78296],[89.64307,24.78295],[89.64307,24.78277],[89.64326,24.78277],[89.64326,24.78259],[89.64346,24.78259],[89.64345,24.78223],[89.64384,24.78204],[89.64384,24.78186],[89.64404,24.78185],[89.64403,24.78167],[89.64423,24.78167],[89.64423,24.78149],[89.64442,24.78149],[89.64442,24.78131],[89.64462,24.7813],[89.64461,24.78112],[89.64481,24.78112],[89.64481,24.78094],[89.645,24.78093],[89.645,24.78075],[89.6452,24.78075],[89.64519,24.78057],[89.64539,24.78057],[89.64539,24.78039],[89.64559,24.78038],[89.64558,24.78002],[89.64597,24.77983],[89.64596,24.77947],[89.64635,24.77929],[89.64635,24.77911],[89.64655,24.7791],[89.64654,24.77892],[89.64674,24.77892],[89.64674,24.77874],[89.64713,24.77873],[89.64713,24.77837],[89.64752,24.77818],[89.64751,24.778],[89.64771,24.778],[89.6477,24.77764],[89.6481,24.77763],[89.64809,24.77745],[89.64829,24.77745],[89.64847,24.77672],[89.64887,24.77653],[89.64886,24.77635],[89.64906,24.77635],[89.64905,24.77599],[89.64944,24.7758],[89.64944,24.77562],[89.64964,24.77562],[89.64963,24.77544],[89.64983,24.77543],[89.64982,24.77507],[89.65021,24.77489],[89.65021,24.77453],[89.6506,24.77434],[89.65059,24.77416],[89.65079,24.77415],[89.65097,24.77343],[89.65058,24.77362],[89.65059,24.7738],[89.65039,24.7738],[89.65039,24.77398],[89.6502,24.77398],[89.6502,24.77416],[89.65,24.77417],[89.65001,24.77435],[89.64981,24.77435],[89.64981,24.77453],[89.64961,24.77454],[89.64962,24.77472],[89.64942,24.77472],[89.64943,24.77508],[89.64904,24.77527],[89.64904,24.77545],[89.64884,24.77545],[89.64885,24.77581],[89.64865,24.77582],[89.64866,24.77618],[89.64827,24.77636],[89.64827,24.77655],[89.64807,24.77655],[89.64808,24.77673],[89.64788,24.77673],[89.64789,24.77709],[89.6475,24.77728],[89.6475,24.77746],[89.6473,24.77746],[89.64731,24.77783],[89.64711,24.77783],[89.64712,24.77801],[89.64672,24.77802],[89.64673,24.7782],[89.64653,24.7782],[89.64654,24.77856],[89.64614,24.77875],[89.64615,24.77893],[89.64595,24.77893],[89.64595,24.77911],[89.64556,24.77912],[89.64557,24.77948],[89.64518,24.77967],[89.64518,24.77985],[89.64498,24.77985],[89.64499,24.78021],[89.6446,24.7804],[89.6446,24.78058],[89.6444,24.78058],[89.64441,24.78076],[89.64421,24.78077],[89.64421,24.78095],[89.64402,24.78095],[89.64402,24.78113],[89.64363,24.78114],[89.64344,24.7815],[89.64324,24.78151],[89.64324,24.78169],[89.64304,24.78169],[89.64286,24.78242],[89.64247,24.7826],[89.64247,24.78278],[89.64208,24.78279],[89.64189,24.78316],[89.64169,24.78316],[89.64169,24.78334],[89.6415,24.78334],[89.6415,24.78352],[89.6413,24.78353],[89.64131,24.78389],[89.64092,24.78408],[89.64092,24.78426],[89.64053,24.78426],[89.64054,24.78462],[89.64014,24.78481],[89.64015,24.78499],[89.63975,24.785],[89.63956,24.78536],[89.63936,24.78537],[89.63937,24.78555],[89.63917,24.78555],[89.63917,24.78573],[89.63898,24.78573],[89.63898,24.78591],[89.63878,24.78592],[89.63879,24.7861],[89.63859,24.7861],[89.63859,24.78628],[89.6384,24.78629],[89.6384,24.78647],[89.6382,24.78647],[89.63821,24.78665],[89.63781,24.78666],[89.63762,24.78702],[89.63742,24.78703],[89.63743,24.78739],[89.63704,24.78757],[89.63704,24.78775],[89.63665,24.78776],[89.63646,24.78813],[89.63626,24.78813],[89.63626,24.78831],[89.63607,24.78831],[89.63607,24.78849],[89.63587,24.7885],[89.63588,24.78868],[89.63568,24.78868],[89.63568,24.78886],[89.63548,24.78886],[89.63549,24.78904],[89.63529,24.78905],[89.63529,24.78923],[89.6351,24.78923],[89.6351,24.78941],[89.6349,24.78942],[89.63491,24.7896],[89.6353,24.78959]]]}},{"type":"Feature","properties":{"kind":"land","ha":13.5},"geometry":{"type":"Polygon","coordinates":[[[89.64577,24.77027],[89.64576,24.77009],[89.64616,24.77008],[89.64635,24.76972],[89.64655,24.76972],[89.64654,24.76954],[89.64674,24.76953],[89.64674,24.76935],[89.64693,24.76935],[89.64693,24.76899],[89.64712,24.76898],[89.64712,24.7688],[89.64752,24.7688],[89.64771,24.76843],[89.6481,24.76843],[89.6481,24.76825],[89.64869,24.76823],[89.64868,24.76787],[89.64888,24.76787],[89.64886,24.76697],[89.64846,24.76698],[89.64845,24.76643],[89.64826,24.76644],[89.64825,24.76626],[89.64845,24.76625],[89.64845,24.76607],[89.64805,24.76608],[89.64806,24.76662],[89.64727,24.76664],[89.64728,24.76718],[89.64709,24.76718],[89.64709,24.76736],[89.64689,24.76736],[89.64689,24.76718],[89.64629,24.76719],[89.6463,24.76737],[89.6459,24.76738],[89.6457,24.76702],[89.6455,24.76703],[89.6455,24.76685],[89.6451,24.76685],[89.6451,24.76667],[89.6449,24.76668],[89.64472,24.7674],[89.64433,24.76759],[89.64433,24.76795],[89.64394,24.76814],[89.64395,24.76832],[89.64375,24.76832],[89.64376,24.76868],[89.64337,24.76887],[89.64337,24.76905],[89.64317,24.76905],[89.64318,24.76923],[89.64298,24.76924],[89.64298,24.76942],[89.64278,24.76942],[89.6428,24.76996],[89.64299,24.76996],[89.64299,24.76978],[89.64358,24.76977],[89.64377,24.7694],[89.64436,24.76939],[89.64437,24.76957],[89.64417,24.76958],[89.64418,24.77012],[89.64517,24.7701],[89.64517,24.77028],[89.64577,24.77027]],[[89.64492,24.76776],[89.64532,24.76775],[89.64532,24.76793],[89.64552,24.76793],[89.64553,24.76829],[89.64493,24.7683],[89.64492,24.76776]]]}},{"type":"Feature","properties":{"kind":"land","ha":6.8},"geometry":{"type":"Polygon","coordinates":[[[89.65446,24.77012],[89.65446,24.76994],[89.65466,24.76993],[89.65465,24.76975],[89.65485,24.76975],[89.65484,24.76939],[89.65524,24.76938],[89.65543,24.76902],[89.65562,24.76901],[89.65562,24.76883],[89.65582,24.76883],[89.65581,24.76865],[89.65601,24.76865],[89.656,24.76829],[89.6564,24.7681],[89.65639,24.76792],[89.65659,24.76791],[89.65659,24.76773],[89.65678,24.76773],[89.65678,24.76737],[89.65697,24.76737],[89.65697,24.76719],[89.65717,24.76718],[89.65716,24.76682],[89.65755,24.76663],[89.65755,24.76645],[89.65774,24.76645],[89.65774,24.76609],[89.65813,24.7659],[89.65812,24.76572],[89.65832,24.76572],[89.65831,24.76536],[89.65871,24.76517],[89.6587,24.76499],[89.6589,24.76499],[89.6589,24.7648],[89.65909,24.7648],[89.65909,24.76462],[89.65929,24.76462],[89.65928,24.76444],[89.65948,24.76443],[89.65947,24.76407],[89.65986,24.76388],[89.65986,24.7637],[89.66006,24.7637],[89.66005,24.76352],[89.66025,24.76352],[89.66025,24.76334],[89.65985,24.76334],[89.65966,24.76371],[89.65947,24.76371],[89.65947,24.76389],[89.65907,24.7639],[89.65908,24.76408],[89.65849,24.76409],[89.6583,24.76445],[89.6579,24.76446],[89.6579,24.76464],[89.65751,24.76465],[89.65752,24.76501],[89.65713,24.7652],[89.65694,24.76592],[89.65675,24.76593],[89.65675,24.76629],[89.65656,24.76629],[89.65656,24.76665],[89.65617,24.76684],[89.65618,24.7672],[89.65598,24.7672],[89.65599,24.76738],[89.65579,24.76739],[89.65561,24.76811],[89.65521,24.7683],[89.65503,24.76902],[89.65464,24.76921],[89.65465,24.76957],[89.65426,24.76976],[89.65426,24.76994],[89.65406,24.76994],[89.65407,24.77031],[89.65446,24.77012]]]}},{"type":"Feature","properties":{"kind":"land","ha":5.3},"geometry":{"type":"Polygon","coordinates":[[[89.64844,24.76571],[89.64863,24.76535],[89.64902,24.76534],[89.64902,24.76498],[89.64921,24.76498],[89.64921,24.7648],[89.65,24.7646],[89.64999,24.76424],[89.65019,24.76424],[89.65017,24.7637],[89.65096,24.76368],[89.65096,24.7635],[89.65116,24.7635],[89.65115,24.76314],[89.65075,24.76296],[89.65075,24.76278],[89.65035,24.76279],[89.65036,24.76297],[89.64976,24.76298],[89.64976,24.7628],[89.64956,24.7628],[89.64957,24.76298],[89.64917,24.76299],[89.64918,24.76353],[89.64938,24.76353],[89.6494,24.76425],[89.649,24.76426],[89.64899,24.76372],[89.64879,24.76372],[89.64879,24.76354],[89.64819,24.76355],[89.648,24.76391],[89.64781,24.76392],[89.64781,24.76428],[89.64762,24.76428],[89.64762,24.76464],[89.64782,24.76464],[89.64783,24.76518],[89.64764,24.76518],[89.64764,24.76537],[89.64784,24.76536],[89.64785,24.76572],[89.64844,24.76571]]]}},{"type":"Feature","properties":{"kind":"land","ha":12.2},"geometry":{"type":"Polygon","coordinates":[[[89.65262,24.76708],[89.65261,24.76672],[89.65281,24.76672],[89.65259,24.76564],[89.65239,24.76564],[89.65237,24.76492],[89.65277,24.76473],[89.65276,24.76455],[89.65296,24.76455],[89.65295,24.76419],[89.65334,24.764],[89.65334,24.76382],[89.65354,24.76382],[89.65355,24.76418],[89.65335,24.76418],[89.65335,24.76436],[89.65414,24.76435],[89.65415,24.76471],[89.65376,24.7649],[89.65376,24.76508],[89.65356,24.76508],[89.65358,24.7658],[89.65378,24.7658],[89.65378,24.76598],[89.65418,24.76597],[89.65437,24.76561],[89.65456,24.7656],[89.65453,24.76416],[89.65473,24.76416],[89.65472,24.7638],[89.65492,24.76379],[89.65491,24.76325],[89.65511,24.76325],[89.6551,24.76289],[89.6549,24.76289],[89.65486,24.76109],[89.65447,24.76127],[89.65448,24.76145],[89.65428,24.76146],[89.65429,24.762],[89.65409,24.762],[89.6541,24.76236],[89.65331,24.76238],[89.65332,24.76274],[89.65312,24.76274],[89.65313,24.76328],[89.65293,24.76329],[89.65294,24.76365],[89.65176,24.76367],[89.65157,24.76403],[89.65137,24.76404],[89.65138,24.7644],[89.65098,24.76458],[89.65099,24.76494],[89.6506,24.76513],[89.65062,24.76585],[89.64943,24.76587],[89.64944,24.76624],[89.64924,24.76624],[89.64925,24.7666],[89.64945,24.7666],[89.64944,24.76642],[89.65023,24.7664],[89.65023,24.76622],[89.65062,24.76621],[89.65063,24.7664],[89.65162,24.76638],[89.65161,24.76602],[89.65181,24.76601],[89.6518,24.76583],[89.6522,24.76583],[89.6524,24.76618],[89.6522,24.76619],[89.65221,24.76637],[89.65181,24.76637],[89.65182,24.76692],[89.65202,24.76691],[89.65203,24.76709],[89.65262,24.76708]]]}},{"type":"Feature","properties":{"kind":"land","ha":3.1},"geometry":{"type":"Polygon","coordinates":[[[89.65483,24.75964],[89.65483,24.75946],[89.65503,24.75946],[89.65502,24.7591],[89.65522,24.75909],[89.6552,24.75855],[89.6556,24.75837],[89.65559,24.75818],[89.65599,24.75818],[89.65598,24.75782],[89.65578,24.75782],[89.65578,24.75764],[89.65479,24.75766],[89.65459,24.7573],[89.65419,24.75731],[89.65422,24.75893],[89.65383,24.75912],[89.65384,24.7593],[89.65364,24.7593],[89.65384,24.75966],[89.65483,24.75964]]]}},{"type":"Feature","properties":{"kind":"land","ha":21.6},"geometry":{"type":"Polygon","coordinates":[[[89.66473,24.76019],[89.66492,24.75982],[89.66512,24.75982],[89.66511,24.75964],[89.66531,24.75964],[89.66531,24.75946],[89.6657,24.75945],[89.66571,24.75981],[89.6663,24.7598],[89.66649,24.75944],[89.66689,24.75943],[89.66688,24.75925],[89.66708,24.75924],[89.66708,24.75906],[89.66668,24.75907],[89.66668,24.75925],[89.66609,24.75926],[89.66609,24.75908],[89.66589,24.75908],[89.66608,24.75872],[89.66628,24.75872],[89.66627,24.75854],[89.66647,24.75853],[89.66647,24.75835],[89.66706,24.75834],[89.66706,24.75852],[89.66746,24.75852],[89.66746,24.75833],[89.66785,24.75833],[89.66804,24.75796],[89.66824,24.75796],[89.66823,24.75778],[89.66883,24.75777],[89.66882,24.75759],[89.66942,24.75758],[89.66942,24.75776],[89.66962,24.75775],[89.66964,24.75884],[89.66925,24.75884],[89.66925,24.75902],[89.66866,24.75904],[89.66866,24.75922],[89.66965,24.7592],[89.66964,24.75902],[89.67024,24.75901],[89.67043,24.75864],[89.67063,24.75864],[89.67062,24.75828],[89.67121,24.75827],[89.6714,24.7579],[89.6718,24.7579],[89.67178,24.75736],[89.67119,24.75737],[89.67119,24.75719],[89.67099,24.75719],[89.67099,24.75701],[89.67118,24.757],[89.67117,24.75646],[89.67196,24.75645],[89.67196,24.75627],[89.67235,24.75626],[89.67235,24.75608],[89.67274,24.75607],[89.67274,24.75589],[89.67175,24.75591],[89.67176,24.75609],[89.66958,24.75613],[89.66958,24.75595],[89.66879,24.75596],[89.66879,24.75615],[89.6684,24.75615],[89.6684,24.75633],[89.66801,24.75634],[89.66801,24.75652],[89.66761,24.75653],[89.66742,24.75689],[89.66703,24.7569],[89.66703,24.75708],[89.66644,24.75709],[89.66643,24.75655],[89.66663,24.75654],[89.66662,24.75636],[89.66761,24.75635],[89.6676,24.75599],[89.66721,24.75599],[89.66721,24.75617],[89.66622,24.75619],[89.66623,24.75637],[89.66544,24.75639],[89.66544,24.75657],[89.66445,24.75658],[89.66446,24.75676],[89.66406,24.75677],[89.66407,24.75695],[89.66347,24.75696],[89.66328,24.75733],[89.66309,24.75733],[89.66309,24.75769],[89.6629,24.75769],[89.6629,24.75787],[89.6625,24.75788],[89.66251,24.75824],[89.66409,24.75821],[89.6641,24.75839],[89.66429,24.75839],[89.66431,24.75893],[89.66411,24.75894],[89.66411,24.75912],[89.66312,24.75913],[89.66314,24.75968],[89.66353,24.75985],[89.66353,24.75967],[89.66393,24.75966],[89.66413,24.76002],[89.66433,24.76002],[89.66433,24.7602],[89.66473,24.76019]],[[89.66447,24.75749],[89.66467,24.75748],[89.66467,24.7573],[89.66506,24.75729],[89.66525,24.75693],[89.66565,24.7571],[89.66566,24.75746],[89.66527,24.75765],[89.66527,24.75783],[89.66507,24.75784],[89.66508,24.75802],[89.66448,24.75803],[89.66447,24.75749]]]}},{"type":"Feature","properties":{"kind":"land","ha":73.6},"geometry":{"type":"Polygon","coordinates":[[[89.62209,24.79109],[89.62208,24.79072],[89.62287,24.79053],[89.62306,24.79017],[89.62325,24.79016],[89.62325,24.78998],[89.62345,24.78998],[89.62344,24.7898],[89.62423,24.7896],[89.62442,24.78924],[89.62462,24.78924],[89.62441,24.78888],[89.62421,24.78888],[89.62421,24.7887],[89.62401,24.78871],[89.62401,24.78834],[89.62361,24.78817],[89.62339,24.78709],[89.62319,24.7871],[89.62318,24.78673],[89.62298,24.78674],[89.62298,24.78638],[89.62278,24.78638],[89.62276,24.78566],[89.62257,24.78566],[89.62255,24.78512],[89.62236,24.78512],[89.62213,24.78368],[89.62193,24.78369],[89.62188,24.78116],[89.62149,24.78135],[89.62148,24.78099],[89.62128,24.78099],[89.62128,24.78081],[89.62147,24.78081],[89.62147,24.78045],[89.62127,24.78045],[89.62123,24.77865],[89.62162,24.77846],[89.62162,24.77828],[89.62182,24.77827],[89.62181,24.77773],[89.62161,24.77774],[89.62157,24.77611],[89.62138,24.77612],[89.62136,24.77539],[89.62156,24.77539],[89.62155,24.77521],[89.62136,24.77521],[89.62132,24.77359],[89.62172,24.77376],[89.62173,24.77394],[89.62212,24.77394],[89.62212,24.77376],[89.62231,24.77375],[89.62231,24.77339],[89.6227,24.7732],[89.62269,24.77302],[89.6225,24.77303],[89.62246,24.7714],[89.62266,24.7714],[89.62265,24.77086],[89.62225,24.77069],[89.62224,24.77014],[89.62263,24.77014],[89.62263,24.76996],[89.62283,24.76995],[89.62282,24.76941],[89.62321,24.76922],[89.6232,24.76886],[89.6234,24.76886],[89.62339,24.76868],[89.6232,24.76868],[89.62319,24.76832],[89.62358,24.76814],[89.62358,24.76795],[89.62377,24.76795],[89.62376,24.76741],[89.62396,24.76741],[89.62395,24.76668],[89.62414,24.76668],[89.62412,24.76542],[89.62431,24.76541],[89.62431,24.76505],[89.62391,24.76488],[89.6239,24.7647],[89.62371,24.7647],[89.6237,24.76452],[89.6239,24.76452],[89.6239,24.76434],[89.62429,24.76433],[89.6243,24.76469],[89.6245,24.76469],[89.62447,24.76361],[89.62467,24.7636],[89.62466,24.76324],[89.62526,24.76323],[89.62526,24.76341],[89.62546,24.76341],[89.62548,24.76431],[89.62528,24.76431],[89.62531,24.76576],[89.6257,24.76575],[89.62589,24.76539],[89.62609,24.76538],[89.62609,24.7652],[89.62629,24.7652],[89.62628,24.76502],[89.62648,24.76502],[89.62648,24.76484],[89.62667,24.76483],[89.62667,24.76465],[89.62687,24.76465],[89.62686,24.76429],[89.62726,24.76446],[89.62726,24.76428],[89.62765,24.76427],[89.62765,24.76409],[89.62784,24.76409],[89.62803,24.76336],[89.62842,24.76318],[89.62841,24.76282],[89.62881,24.76281],[89.629,24.76244],[89.62919,24.76244],[89.62919,24.76208],[89.62938,24.76208],[89.62937,24.76136],[89.62976,24.76135],[89.62995,24.76098],[89.63015,24.76098],[89.63015,24.7608],[89.63034,24.7608],[89.63034,24.76044],[89.63073,24.76025],[89.63072,24.76007],[89.63092,24.76006],[89.63092,24.75988],[89.63112,24.75988],[89.63111,24.7597],[89.6319,24.75951],[89.63209,24.75914],[89.63229,24.75914],[89.63228,24.75878],[89.63307,24.75858],[89.63306,24.75822],[89.63326,24.75822],[89.63325,24.75804],[89.63384,24.75803],[89.63403,24.75766],[89.63423,24.75766],[89.63423,24.75748],[89.63443,24.75748],[89.63442,24.7573],[89.63462,24.75729],[89.63462,24.75711],[89.63481,24.75711],[89.63481,24.75693],[89.63501,24.75692],[89.635,24.75674],[89.6352,24.75674],[89.635,24.75638],[89.63421,24.7564],[89.63421,24.75676],[89.63402,24.75676],[89.63402,24.75694],[89.63362,24.75695],[89.63363,24.75713],[89.63304,24.75714],[89.63285,24.7575],[89.63265,24.75751],[89.63266,24.75787],[89.63246,24.75787],[89.63246,24.75805],[89.63207,24.75806],[89.63188,24.75842],[89.63168,24.75843],[89.63168,24.75861],[89.63148,24.75861],[89.63149,24.75879],[89.63109,24.7588],[89.6309,24.75916],[89.63071,24.75917],[89.63071,24.75935],[89.63051,24.75935],[89.63052,24.75953],[89.63032,24.75953],[89.63032,24.75971],[89.63012,24.75972],[89.63013,24.7599],[89.62993,24.7599],[89.62993,24.76008],[89.62974,24.76009],[89.62974,24.76027],[89.62954,24.76027],[89.62955,24.76063],[89.62876,24.76064],[89.62876,24.76046],[89.62856,24.76047],[89.62856,24.76065],[89.62837,24.76065],[89.62837,24.76101],[89.62877,24.761],[89.62877,24.76119],[89.62818,24.7612],[89.62819,24.76156],[89.62799,24.76156],[89.62799,24.76174],[89.62759,24.76157],[89.62758,24.76103],[89.62778,24.76102],[89.62778,24.76084],[89.62758,24.76085],[89.62757,24.76048],[89.62737,24.76049],[89.62737,24.76013],[89.62756,24.76012],[89.62756,24.75994],[89.62716,24.75995],[89.62717,24.76031],[89.62697,24.76031],[89.62699,24.76086],[89.62659,24.76086],[89.62659,24.76104],[89.6264,24.76105],[89.62639,24.76087],[89.6258,24.76088],[89.62581,24.76124],[89.6264,24.76123],[89.62641,24.76159],[89.62563,24.76196],[89.62544,24.76269],[89.62505,24.76269],[89.62505,24.76287],[89.62426,24.76289],[89.62426,24.76271],[89.62406,24.76271],[89.62388,24.76344],[89.62348,24.76344],[89.62349,24.76362],[89.62329,24.76363],[89.6233,24.76417],[89.62291,24.76436],[89.62292,24.76472],[89.62252,24.7649],[89.62253,24.76509],[89.62233,24.76509],[89.62234,24.76545],[89.62214,24.76545],[89.62235,24.76617],[89.62176,24.76618],[89.62177,24.76672],[89.62157,24.76673],[89.62158,24.76709],[89.62178,24.76708],[89.62178,24.76726],[89.62159,24.76727],[89.62159,24.76763],[89.6212,24.76782],[89.62121,24.768],[89.62101,24.768],[89.62101,24.76818],[89.62062,24.76819],[89.62062,24.76855],[89.62003,24.76856],[89.62004,24.76892],[89.61984,24.76892],[89.61986,24.77001],[89.61967,24.77001],[89.61967,24.77037],[89.61987,24.77037],[89.6199,24.77163],[89.6197,24.77163],[89.61971,24.77199],[89.61951,24.772],[89.61951,24.77218],[89.62011,24.77217],[89.62011,24.77235],[89.61972,24.77254],[89.61973,24.7729],[89.61953,24.7729],[89.61953,24.77308],[89.61993,24.77307],[89.61994,24.77343],[89.62013,24.77343],[89.62014,24.77397],[89.62054,24.77415],[89.62055,24.77469],[89.62075,24.77468],[89.62059,24.77649],[89.62079,24.77649],[89.62082,24.77775],[89.62062,24.77775],[89.62063,24.77848],[89.62083,24.77847],[89.62084,24.77865],[89.62064,24.77866],[89.62065,24.77938],[89.62046,24.77938],[89.62051,24.78209],[89.62032,24.78209],[89.62033,24.78281],[89.62053,24.78281],[89.62055,24.78389],[89.62035,24.7839],[89.62041,24.7866],[89.62061,24.7866],[89.62065,24.7884],[89.62084,24.7884],[89.62085,24.78894],[89.62105,24.78894],[89.62107,24.78966],[89.62127,24.78966],[89.62127,24.79002],[89.62147,24.79001],[89.62148,24.79037],[89.62168,24.79037],[89.62169,24.79091],[89.62188,24.79091],[89.62189,24.79109],[89.62209,24.79109]],[[89.62072,24.78263],[89.62092,24.78262],[89.62092,24.7828],[89.62073,24.78281],[89.62072,24.78263]],[[89.62071,24.78208],[89.62091,24.78208],[89.62092,24.78244],[89.62052,24.78245],[89.62071,24.78208]],[[89.62109,24.77215],[89.6209,24.77215],[89.62089,24.77179],[89.62069,24.7718],[89.62068,24.77144],[89.62049,24.77144],[89.62048,24.77108],[89.62028,24.77108],[89.62027,24.77054],[89.62007,24.77054],[89.62005,24.76946],[89.62025,24.76946],[89.62024,24.76928],[89.62084,24.76927],[89.62084,24.76945],[89.62064,24.76945],[89.62065,24.76999],[89.62085,24.76999],[89.62086,24.77035],[89.62106,24.77035],[89.62107,24.77089],[89.62147,24.77106],[89.6213,24.77251],[89.6215,24.7725],[89.62151,24.77286],[89.62111,24.77287],[89.62109,24.77215]],[[89.62063,24.76873],[89.62102,24.76872],[89.62103,24.7689],[89.62063,24.76891],[89.62063,24.76873]],[[89.62313,24.76544],[89.62333,24.76543],[89.62333,24.76579],[89.62314,24.7658],[89.62313,24.76544]],[[89.62684,24.7632],[89.62704,24.7632],[89.62703,24.76284],[89.62683,24.76284],[89.62683,24.76266],[89.62722,24.76248],[89.62721,24.7623],[89.62741,24.76229],[89.62741,24.76211],[89.62761,24.76211],[89.6276,24.76193],[89.628,24.76192],[89.628,24.7621],[89.6282,24.7621],[89.62821,24.76246],[89.62781,24.76265],[89.62782,24.76283],[89.62762,24.76283],[89.62763,24.76319],[89.62743,24.76319],[89.62744,24.76356],[89.62724,24.76356],[89.62724,24.76374],[89.62685,24.76375],[89.62684,24.7632]],[[89.62839,24.76173],[89.62859,24.76173],[89.62859,24.76191],[89.62839,24.76191],[89.62839,24.76173]]]}},{"type":"Feature","properties":{"kind":"land","ha":48.0},"geometry":{"type":"Polygon","coordinates":[[[89.61059,24.77089],[89.61059,24.77071],[89.61098,24.7707],[89.61098,24.77052],[89.61118,24.77052],[89.61117,24.77016],[89.61156,24.76997],[89.61154,24.76889],[89.61173,24.76888],[89.61172,24.76798],[89.61191,24.76798],[89.61189,24.76672],[89.61208,24.76671],[89.61207,24.76581],[89.61226,24.76581],[89.61224,24.7649],[89.61244,24.7649],[89.61242,24.764],[89.61262,24.76399],[89.61261,24.76327],[89.6128,24.76327],[89.61278,24.76237],[89.61298,24.76236],[89.61297,24.76164],[89.61336,24.76145],[89.61334,24.76055],[89.61354,24.76055],[89.61352,24.75983],[89.61372,24.75982],[89.6137,24.7591],[89.6139,24.7591],[89.61389,24.75874],[89.61409,24.75873],[89.61408,24.75837],[89.61448,24.75819],[89.61447,24.75783],[89.61486,24.75764],[89.61485,24.75728],[89.61505,24.75727],[89.61503,24.75619],[89.61522,24.75619],[89.61522,24.75583],[89.61541,24.75582],[89.61541,24.75546],[89.6156,24.75546],[89.6156,24.7551],[89.61579,24.75509],[89.61579,24.75473],[89.61598,24.75473],[89.61616,24.75364],[89.61636,24.75364],[89.61635,24.75328],[89.61655,24.75328],[89.61672,24.75219],[89.61692,24.75219],[89.6169,24.75147],[89.6171,24.75146],[89.61709,24.75092],[89.61729,24.75092],[89.61728,24.75038],[89.61747,24.75037],[89.61747,24.75001],[89.61766,24.75001],[89.61766,24.74983],[89.61727,24.74983],[89.61726,24.74965],[89.61706,24.74966],[89.61706,24.74948],[89.61667,24.74948],[89.61667,24.74966],[89.61647,24.74967],[89.61648,24.75003],[89.61609,24.75022],[89.61609,24.7504],[89.61589,24.7504],[89.6159,24.75076],[89.61551,24.75095],[89.61551,24.75113],[89.61532,24.75113],[89.61532,24.75149],[89.61493,24.75168],[89.61494,24.75186],[89.61454,24.75187],[89.61435,24.75223],[89.61415,24.75224],[89.61397,24.75296],[89.61377,24.75296],[89.61378,24.75332],[89.61358,24.75333],[89.61359,24.75369],[89.61339,24.75369],[89.6134,24.75405],[89.61301,24.75424],[89.61302,24.75478],[89.61282,24.75479],[89.61283,24.75515],[89.61244,24.75533],[89.61245,24.75588],[89.61206,24.75606],[89.61207,24.75642],[89.61187,24.75643],[89.61187,24.75661],[89.61168,24.75661],[89.61171,24.75805],[89.61151,24.75806],[89.61152,24.7586],[89.61132,24.7586],[89.61135,24.76005],[89.61115,24.76005],[89.61117,24.76077],[89.61097,24.76077],[89.61101,24.76258],[89.61081,24.76258],[89.61088,24.76565],[89.61068,24.76565],[89.6107,24.76656],[89.61089,24.76655],[89.61091,24.76745],[89.61111,24.76745],[89.61112,24.76799],[89.61093,24.768],[89.61093,24.76836],[89.61054,24.76854],[89.61055,24.76872],[89.61035,24.76873],[89.61035,24.76909],[89.61016,24.76909],[89.6102,24.77108],[89.61059,24.77089]]]}},{"type":"Feature","properties":{"kind":"land","ha":26.2},"geometry":{"type":"Polygon","coordinates":[[[89.63946,24.75269],[89.63946,24.75251],[89.64045,24.7525],[89.64044,24.75232],[89.64104,24.75231],[89.64103,24.75212],[89.64024,24.75214],[89.64025,24.75232],[89.63886,24.75234],[89.63885,24.75162],[89.63944,24.75161],[89.63945,24.75179],[89.63984,24.75178],[89.64003,24.75142],[89.63983,24.75142],[89.63983,24.75124],[89.63904,24.75126],[89.63904,24.75108],[89.63824,24.75109],[89.63824,24.75091],[89.63864,24.7509],[89.63863,24.75072],[89.63982,24.7507],[89.63981,24.75052],[89.6406,24.75051],[89.64061,24.75069],[89.641,24.75068],[89.641,24.7505],[89.64199,24.75048],[89.64198,24.7503],[89.64238,24.7503],[89.64258,24.75065],[89.64416,24.75063],[89.64437,24.75098],[89.64516,24.75097],[89.64516,24.75079],[89.64575,24.75078],[89.64594,24.75041],[89.64614,24.75041],[89.64593,24.75005],[89.64573,24.75006],[89.64573,24.74988],[89.64514,24.74989],[89.64513,24.74971],[89.64494,24.74971],[89.64493,24.74935],[89.64473,24.74935],[89.64473,24.74917],[89.64492,24.74917],[89.64491,24.74827],[89.64471,24.74827],[89.6447,24.74809],[89.64431,24.7481],[89.64429,24.74719],[89.64389,24.74702],[89.64389,24.74684],[89.64329,24.74685],[89.64329,24.74667],[89.6425,24.74668],[89.64231,24.74705],[89.64132,24.74707],[89.64133,24.74725],[89.64113,24.74725],[89.64114,24.74761],[89.64074,24.74762],[89.64074,24.7478],[89.64055,24.7478],[89.64075,24.74816],[89.64273,24.74812],[89.64293,24.74848],[89.64353,24.74847],[89.64373,24.74883],[89.64353,24.74883],[89.64354,24.74919],[89.64374,24.74919],[89.64374,24.74937],[89.64355,24.74937],[89.64355,24.74955],[89.64276,24.74957],[89.64294,24.74884],[89.64235,24.74885],[89.64234,24.74867],[89.64136,24.74869],[89.64117,24.74905],[89.64157,24.74923],[89.64157,24.74941],[89.64177,24.7494],[89.64178,24.74995],[89.64119,24.74996],[89.64118,24.7496],[89.64098,24.7496],[89.64098,24.74942],[89.63999,24.74944],[89.64018,24.74907],[89.64038,24.74907],[89.64037,24.74889],[89.64097,24.74888],[89.64096,24.7487],[89.64057,24.7487],[89.64056,24.74852],[89.63997,24.74853],[89.63997,24.74835],[89.63957,24.74836],[89.63957,24.74818],[89.63897,24.74819],[89.63878,24.74855],[89.63839,24.74856],[89.6382,24.74893],[89.638,24.74893],[89.63801,24.74911],[89.63741,24.74912],[89.63742,24.7493],[89.63702,24.74931],[89.63683,24.74967],[89.63644,24.74968],[89.63643,24.7495],[89.63623,24.7495],[89.63622,24.74896],[89.63583,24.74897],[89.63582,24.74879],[89.63563,24.74879],[89.63564,24.74951],[89.63604,24.74969],[89.63604,24.74987],[89.63624,24.74986],[89.63625,24.75022],[89.63684,24.75021],[89.63685,24.75039],[89.63724,24.75039],[89.63726,24.75129],[89.63746,24.75129],[89.63746,24.75147],[89.63786,24.75146],[89.63806,24.75182],[89.63826,24.75181],[89.63827,24.75235],[89.63867,24.75253],[89.63867,24.75271],[89.63946,24.75269]]]}},{"type":"Feature","properties":{"kind":"land","ha":37.5},"geometry":{"type":"Polygon","coordinates":[[[89.66261,24.75355],[89.66261,24.75337],[89.663,24.75336],[89.663,24.75318],[89.66398,24.75316],[89.66398,24.75298],[89.66497,24.75296],[89.66497,24.75278],[89.66576,24.75277],[89.66575,24.75259],[89.66615,24.75258],[89.66614,24.7524],[89.66654,24.75239],[89.66653,24.75221],[89.66713,24.7522],[89.66712,24.75202],[89.66752,24.75202],[89.66751,24.75184],[89.66791,24.75183],[89.66791,24.75165],[89.6683,24.75164],[89.6683,24.75146],[89.66869,24.75145],[89.66869,24.75127],[89.66908,24.75127],[89.66908,24.75109],[89.66947,24.75108],[89.66966,24.75071],[89.66986,24.75071],[89.66985,24.75035],[89.67005,24.75035],[89.67005,24.75017],[89.67143,24.75014],[89.67143,24.74996],[89.67182,24.74995],[89.67182,24.74977],[89.67202,24.74977],[89.67201,24.74959],[89.6728,24.7494],[89.6728,24.74921],[89.67319,24.74921],[89.67319,24.74903],[89.67437,24.74883],[89.67436,24.74865],[89.67535,24.74863],[89.67535,24.74845],[89.67594,24.74844],[89.67594,24.74826],[89.67672,24.74806],[89.67672,24.74788],[89.67712,24.74787],[89.67711,24.74769],[89.67751,24.74769],[89.6777,24.74732],[89.67789,24.74732],[89.67787,24.74642],[89.67807,24.74641],[89.67807,24.74623],[89.67846,24.74623],[89.67847,24.74641],[89.67866,24.7464],[89.67867,24.74658],[89.67847,24.74659],[89.67849,24.74731],[89.67908,24.7473],[89.67908,24.74712],[89.67947,24.74711],[89.67947,24.74693],[89.67966,24.74693],[89.67966,24.74675],[89.68085,24.74672],[89.68084,24.74654],[89.68143,24.74653],[89.68143,24.74617],[89.68162,24.74617],[89.68162,24.74599],[89.68202,24.74616],[89.68202,24.74634],[89.68262,24.74633],[89.68261,24.74615],[89.6834,24.74614],[89.6834,24.74596],[89.6836,24.74595],[89.68358,24.74541],[89.68378,24.74541],[89.68378,24.74523],[89.68417,24.74522],[89.68436,24.74486],[89.68456,24.74485],[89.68455,24.74449],[89.68494,24.7443],[89.68494,24.74412],[89.68534,24.7443],[89.68534,24.74448],[89.68594,24.74447],[89.68594,24.74465],[89.68634,24.74464],[89.68653,24.74428],[89.68692,24.74427],[89.68692,24.74409],[89.68711,24.74408],[89.68711,24.7439],[89.68751,24.7439],[89.68769,24.74353],[89.68789,24.74353],[89.68789,24.74335],[89.68809,24.74335],[89.68808,24.74317],[89.68828,24.74316],[89.68828,24.74298],[89.68768,24.74299],[89.68769,24.74317],[89.6865,24.74319],[89.6865,24.74301],[89.6861,24.74302],[89.6861,24.74284],[89.68511,24.74286],[89.68511,24.74304],[89.68472,24.74304],[89.68472,24.74323],[89.68433,24.74323],[89.68433,24.74341],[89.68394,24.74342],[89.68394,24.7436],[89.68355,24.74361],[89.68355,24.74379],[89.68315,24.74379],[89.68296,24.74416],[89.68257,24.74417],[89.68238,24.74453],[89.68218,24.74453],[89.68219,24.74471],[89.68199,24.74472],[89.68199,24.7449],[89.68179,24.7449],[89.6818,24.74508],[89.67982,24.74512],[89.67983,24.7453],[89.67923,24.74531],[89.67904,24.74567],[89.67885,24.74568],[89.67885,24.74604],[89.67787,24.74606],[89.67787,24.74624],[89.67748,24.74624],[89.67748,24.74642],[89.67708,24.74643],[89.67709,24.74661],[89.6761,24.74663],[89.6761,24.74681],[89.67571,24.74682],[89.67571,24.747],[89.67492,24.74701],[89.67493,24.74719],[89.67433,24.7472],[89.67434,24.74738],[89.67394,24.74739],[89.67395,24.74757],[89.67335,24.74758],[89.67336,24.74776],[89.67296,24.74777],[89.67297,24.74795],[89.67257,24.74796],[89.67257,24.74814],[89.67218,24.74814],[89.67199,24.74851],[89.6712,24.7487],[89.67101,24.74907],[89.67062,24.74907],[89.67043,24.74944],[89.67003,24.74944],[89.66984,24.74981],[89.66925,24.74982],[89.66906,24.75018],[89.66827,24.75038],[89.66828,24.75056],[89.66788,24.75057],[89.66789,24.75075],[89.66729,24.75076],[89.6673,24.75094],[89.66631,24.75095],[89.66631,24.75114],[89.66592,24.75114],[89.66592,24.75132],[89.66474,24.75152],[89.66474,24.7517],[89.66435,24.75171],[89.66435,24.75189],[89.66416,24.7519],[89.66416,24.75208],[89.66376,24.75208],[89.66357,24.75245],[89.66338,24.75245],[89.66338,24.75263],[89.66318,24.75263],[89.66319,24.75282],[89.66279,24.75282],[89.6628,24.753],[89.66201,24.75302],[89.66201,24.7532],[89.66161,24.7532],[89.66162,24.75338],[89.66142,24.75339],[89.66142,24.75357],[89.66261,24.75355]]]}},{"type":"Feature","properties":{"kind":"land","ha":4.1},"geometry":{"type":"Polygon","coordinates":[[[89.64805,24.74749],[89.64804,24.74695],[89.64824,24.74694],[89.64822,24.74622],[89.64782,24.74605],[89.64782,24.74587],[89.64762,24.74587],[89.64761,24.74533],[89.64781,24.74533],[89.6478,24.74497],[89.64819,24.74478],[89.64819,24.7446],[89.64839,24.74459],[89.64838,24.74441],[89.64858,24.74441],[89.64875,24.74332],[89.64816,24.74333],[89.64816,24.74315],[89.64796,24.74316],[89.64795,24.7428],[89.64736,24.74281],[89.64736,24.74299],[89.64677,24.743],[89.64658,24.74336],[89.64678,24.74336],[89.64678,24.74354],[89.64737,24.74353],[89.64739,24.74407],[89.64758,24.74407],[89.6476,24.74479],[89.64721,24.74498],[89.64723,24.74624],[89.64743,24.74624],[89.64744,24.7466],[89.64764,24.74659],[89.64764,24.74677],[89.64784,24.74677],[89.64785,24.74749],[89.64805,24.74749]]]}},{"type":"Feature","properties":{"kind":"land","ha":4.6},"geometry":{"type":"Polygon","coordinates":[[[89.69478,24.74214],[89.69478,24.74196],[89.69497,24.74196],[89.69497,24.7416],[89.69536,24.74159],[89.69537,24.74177],[89.69596,24.74176],[89.69595,24.74158],[89.69674,24.74157],[89.69693,24.7412],[89.69713,24.7412],[89.69712,24.74066],[89.69633,24.74085],[89.69613,24.74049],[89.69593,24.7405],[89.69593,24.74032],[89.69612,24.74031],[89.69612,24.73995],[89.69552,24.73996],[89.69533,24.74033],[89.69514,24.74033],[89.69514,24.74051],[89.69494,24.74051],[89.69474,24.74016],[89.69434,24.74016],[89.69414,24.73981],[89.69394,24.73981],[89.69395,24.74035],[89.69415,24.74035],[89.69416,24.74107],[89.69436,24.74107],[89.69437,24.74125],[89.69417,24.74125],[89.69419,24.74215],[89.69478,24.74214]]]}},{"type":"Feature","properties":{"kind":"land","ha":14.6},"geometry":{"type":"Polygon","coordinates":[[[89.69981,24.737],[89.7,24.73663],[89.7002,24.73663],[89.70019,24.73645],[89.70039,24.73645],[89.70038,24.73627],[89.70137,24.73625],[89.70138,24.73643],[89.70177,24.73642],[89.70177,24.73624],[89.70216,24.73623],[89.70215,24.73587],[89.70235,24.73587],[89.70235,24.73569],[89.70255,24.73568],[89.70255,24.73587],[89.70314,24.73585],[89.70314,24.73567],[89.70334,24.73567],[89.70331,24.73459],[89.70351,24.73458],[89.70349,24.73386],[89.7031,24.73405],[89.70311,24.73423],[89.70291,24.73423],[89.7029,24.73387],[89.70329,24.73369],[89.70329,24.73333],[89.70289,24.73333],[89.7027,24.7337],[89.7025,24.7337],[89.70251,24.73388],[89.70093,24.73409],[89.70092,24.73373],[89.70131,24.73354],[89.7011,24.73282],[89.70051,24.73283],[89.70051,24.73301],[89.70012,24.73302],[89.70012,24.7332],[89.69992,24.73321],[89.69993,24.73339],[89.69953,24.73339],[89.69934,24.73376],[89.69914,24.73376],[89.69915,24.73412],[89.69896,24.73413],[89.69896,24.73449],[89.69857,24.73467],[89.69858,24.73503],[89.69819,24.73522],[89.6982,24.73576],[89.6986,24.73594],[89.69861,24.73666],[89.69901,24.73683],[89.69902,24.73701],[89.69981,24.737]],[[89.69879,24.73557],[89.69899,24.73557],[89.69899,24.73575],[89.69879,24.73575],[89.69879,24.73557]],[[89.70116,24.73535],[89.70135,24.73535],[89.70136,24.73571],[89.70097,24.73571],[89.70116,24.73535]],[[89.69975,24.73411],[89.70014,24.7341],[89.70014,24.73392],[89.70033,24.73392],[89.70034,24.73428],[89.69975,24.73429],[89.69975,24.73411]],[[89.70054,24.7341],[89.70073,24.73409],[89.70074,24.73427],[89.70054,24.73428],[89.70054,24.7341]]]}},{"type":"Feature","properties":{"kind":"land","ha":12.3},"geometry":{"type":"Polygon","coordinates":[[[89.61862,24.74855],[89.61862,24.74819],[89.61901,24.748],[89.619,24.74782],[89.6192,24.74782],[89.6192,24.74763],[89.61939,24.74763],[89.61939,24.74745],[89.61959,24.74745],[89.61958,24.74691],[89.61977,24.7469],[89.61977,24.74654],[89.61996,24.74654],[89.62014,24.74545],[89.62034,24.74545],[89.62032,24.74473],[89.62052,24.74472],[89.62051,24.74418],[89.62071,24.74418],[89.62069,24.74346],[89.62089,24.74345],[89.62087,24.74273],[89.62107,24.74273],[89.62106,24.74219],[89.62126,24.74218],[89.62124,24.74146],[89.62144,24.74146],[89.62142,24.74074],[89.62162,24.74073],[89.62161,24.74037],[89.62181,24.74037],[89.62178,24.73874],[89.62197,24.73874],[89.62196,24.7382],[89.62216,24.7382],[89.62211,24.73585],[89.62231,24.73585],[89.62227,24.73404],[89.62207,24.73405],[89.62209,24.73477],[89.62189,24.73477],[89.62192,24.73603],[89.62172,24.73604],[89.62174,24.73676],[89.62154,24.73676],[89.62156,24.73767],[89.62136,24.73767],[89.62137,24.73821],[89.62117,24.73821],[89.62118,24.73876],[89.62099,24.73876],[89.62102,24.74038],[89.62082,24.74039],[89.62083,24.74075],[89.62063,24.74075],[89.62064,24.74093],[89.62044,24.74093],[89.62027,24.74238],[89.62007,24.74238],[89.62008,24.74275],[89.61988,24.74275],[89.61993,24.74491],[89.61973,24.74492],[89.61974,24.74528],[89.61954,24.74528],[89.61955,24.74546],[89.61935,24.74547],[89.61936,24.74583],[89.61916,24.74583],[89.61916,24.74601],[89.61877,24.74602],[89.61877,24.7462],[89.61857,24.7462],[89.61858,24.74656],[89.61838,24.74657],[89.61839,24.74711],[89.6182,24.74711],[89.6182,24.74747],[89.61801,24.74747],[89.61802,24.74802],[89.61842,24.74819],[89.61843,24.74855],[89.61862,24.74855]]]}},{"type":"Feature","properties":{"kind":"land","ha":31.6},"geometry":{"type":"Polygon","coordinates":[[[89.69808,24.74858],[89.69827,24.74822],[89.69847,24.74821],[89.69846,24.74803],[89.69886,24.74803],[89.69905,24.74766],[89.69945,24.74765],[89.69963,24.74729],[89.69983,24.74729],[89.69983,24.74711],[89.70003,24.7471],[89.70002,24.74692],[89.70022,24.74692],[89.70022,24.74674],[89.70041,24.74673],[89.70041,24.74655],[89.70061,24.74655],[89.7006,24.74637],[89.70139,24.74617],[89.70158,24.74581],[89.70178,24.74581],[89.70177,24.74563],[89.70197,24.74562],[89.70197,24.74544],[89.70216,24.74544],[89.70216,24.74526],[89.70295,24.74506],[89.70294,24.74488],[89.70334,24.74488],[89.70353,24.74451],[89.70392,24.7445],[89.70411,24.74414],[89.70431,24.74414],[89.70431,24.74396],[89.7047,24.74395],[89.70489,24.74358],[89.70509,24.74358],[89.70508,24.7434],[89.70528,24.7434],[89.70528,24.74322],[89.70548,24.74321],[89.70547,24.74303],[89.70567,24.74303],[89.70567,24.74285],[89.70586,24.74284],[89.70586,24.74266],[89.70606,24.74266],[89.70605,24.74248],[89.70625,24.74248],[89.70624,24.74212],[89.70664,24.74211],[89.70683,24.74174],[89.70703,24.74174],[89.70702,24.74156],[89.70722,24.74156],[89.70722,24.74138],[89.70741,24.74137],[89.70741,24.74119],[89.70761,24.74119],[89.7076,24.74101],[89.7078,24.741],[89.7078,24.74082],[89.70799,24.74082],[89.70799,24.74064],[89.70819,24.74064],[89.70818,24.74046],[89.70838,24.74045],[89.70838,24.74027],[89.70857,24.74027],[89.70857,24.74009],[89.70877,24.74008],[89.70876,24.7399],[89.70896,24.7399],[89.70895,24.73954],[89.70935,24.73935],[89.70934,24.73917],[89.70954,24.73917],[89.70953,24.73899],[89.70973,24.73898],[89.70972,24.73862],[89.71012,24.73844],[89.71011,24.73808],[89.71031,24.73807],[89.7103,24.73789],[89.7105,24.73789],[89.71068,24.73716],[89.71088,24.73716],[89.71087,24.7368],[89.71107,24.73679],[89.71106,24.73643],[89.71126,24.73643],[89.71142,24.73498],[89.71162,24.73498],[89.71161,24.73426],[89.7118,24.73425],[89.7118,24.73407],[89.71081,24.73409],[89.71081,24.73391],[89.71041,24.73392],[89.7104,24.7332],[89.7106,24.73319],[89.71059,24.73301],[89.71118,24.733],[89.71118,24.73264],[89.71157,24.73245],[89.71156,24.73227],[89.71196,24.73227],[89.71195,24.73191],[89.71215,24.7319],[89.71214,24.73154],[89.71234,24.73154],[89.71233,24.73136],[89.71155,24.73155],[89.71155,24.73173],[89.71096,24.73174],[89.71077,24.73211],[89.71057,24.73211],[89.71058,24.73247],[89.71038,24.73247],[89.71039,24.73302],[89.7102,24.73302],[89.7102,24.73338],[89.71001,24.73338],[89.71001,24.73375],[89.70982,24.73375],[89.70982,24.73411],[89.70963,24.73411],[89.70963,24.73447],[89.70944,24.73448],[89.70944,24.73484],[89.70925,24.73484],[89.70907,24.73593],[89.70888,24.73593],[89.70888,24.73629],[89.70869,24.7363],[89.70869,24.73666],[89.7085,24.73666],[89.7085,24.73702],[89.70811,24.73721],[89.70812,24.73739],[89.70792,24.73739],[89.70792,24.73757],[89.70773,24.73758],[89.70773,24.73794],[89.70754,24.73794],[89.70754,24.73812],[89.70714,24.73813],[89.70696,24.73885],[89.70677,24.73886],[89.70677,24.73922],[89.70638,24.73941],[89.7062,24.74013],[89.706,24.74013],[89.70601,24.7405],[89.70581,24.7405],[89.70582,24.74086],[89.70543,24.74105],[89.70543,24.74123],[89.70524,24.74123],[89.70505,24.74196],[89.70486,24.74196],[89.70486,24.74232],[89.70447,24.74251],[89.70448,24.74287],[89.70409,24.74306],[89.70409,24.74324],[89.7039,24.74324],[89.7039,24.74342],[89.7037,24.74343],[89.70371,24.74361],[89.70351,24.74361],[89.70351,24.74379],[89.70331,24.74379],[89.70332,24.74397],[89.70312,24.74398],[89.70312,24.74416],[89.70293,24.74416],[89.70293,24.74434],[89.70254,24.74435],[89.70235,24.74471],[89.70195,24.74472],[89.70176,24.74508],[89.70137,24.74509],[89.70118,24.74546],[89.70098,24.74546],[89.70098,24.74564],[89.70079,24.74564],[89.70079,24.74582],[89.70059,24.74583],[89.7006,24.74601],[89.7002,24.74602],[89.70001,24.74638],[89.69981,24.74638],[89.69982,24.74674],[89.69962,24.74675],[89.69963,24.74693],[89.69923,24.74694],[89.69904,24.7473],[89.69884,24.7473],[89.69885,24.74748],[89.69845,24.74749],[89.69826,24.74786],[89.69807,24.74786],[89.69807,24.74804],[89.69787,24.74804],[89.69788,24.74822],[89.69768,24.74823],[89.69768,24.74841],[89.69748,24.74841],[89.69749,24.74859],[89.69808,24.74858]]]}},{"type":"Feature","properties":{"kind":"land","ha":8.9},"geometry":{"type":"Polygon","coordinates":[[[89.69424,24.73529],[89.69423,24.73475],[89.69462,24.73456],[89.6946,24.73366],[89.69479,24.73366],[89.69479,24.7333],[89.69518,24.73311],[89.69517,24.73293],[89.69537,24.73293],[89.69537,24.73275],[89.69557,24.73274],[89.69556,24.73256],[89.69596,24.73255],[89.69595,24.73237],[89.69655,24.73236],[89.69674,24.732],[89.69693,24.732],[89.69693,24.73163],[89.69732,24.73145],[89.69731,24.73127],[89.69771,24.73126],[89.6979,24.7309],[89.69809,24.73089],[89.69809,24.73071],[89.69849,24.7307],[89.69848,24.73052],[89.69907,24.73051],[89.69926,24.73015],[89.69946,24.73015],[89.69946,24.72996],[89.70005,24.72995],[89.70024,24.72959],[89.70083,24.72958],[89.70102,24.72921],[89.70162,24.7292],[89.70181,24.72884],[89.7022,24.72883],[89.70239,24.72847],[89.70259,24.72846],[89.70258,24.72828],[89.70337,24.72809],[89.70356,24.72772],[89.70237,24.72775],[89.70238,24.72793],[89.70198,24.72793],[89.70199,24.72811],[89.70179,24.72812],[89.70179,24.7283],[89.70101,24.72849],[89.70101,24.72867],[89.70042,24.72868],[89.70042,24.72886],[89.70003,24.72887],[89.70003,24.72905],[89.69964,24.72906],[89.69964,24.72924],[89.69944,24.72924],[89.69945,24.72978],[89.69926,24.72979],[89.69926,24.72997],[89.69887,24.72998],[89.69887,24.73016],[89.69828,24.73017],[89.69827,24.72999],[89.69808,24.72999],[89.69789,24.73035],[89.69769,24.73036],[89.69769,24.73054],[89.69749,24.73054],[89.6975,24.73072],[89.6973,24.73073],[89.69731,24.73109],[89.69711,24.73109],[89.69711,24.73127],[89.69672,24.73128],[89.69653,24.73164],[89.69633,24.73165],[89.69634,24.73183],[89.69574,24.73184],[89.69575,24.73202],[89.69535,24.73202],[89.69516,24.73239],[89.69497,24.73239],[89.69497,24.73257],[89.69477,24.73258],[89.69478,24.73276],[89.69458,24.73276],[89.69459,24.73312],[89.69419,24.73331],[89.6942,24.73349],[89.694,24.73349],[89.694,24.73367],[89.69381,24.73368],[89.69381,24.73386],[89.69361,24.73386],[89.69362,24.73422],[89.69323,24.73441],[89.69325,24.73513],[89.69344,24.73513],[89.69345,24.73567],[89.69424,24.73529]]]}},{"type":"Feature","properties":{"kind":"land","ha":6.5},"geometry":{"type":"Polygon","coordinates":[[[89.68102,24.72723],[89.68102,24.72705],[89.68141,24.72704],[89.68141,24.72686],[89.67943,24.72689],[89.67943,24.72671],[89.67884,24.72672],[89.67883,24.72654],[89.67725,24.72639],[89.67724,24.72585],[89.67763,24.72566],[89.67762,24.7253],[89.67801,24.72512],[89.67801,24.72493],[89.6782,24.72493],[89.6782,24.72475],[89.6784,24.72475],[89.67839,24.72457],[89.67859,24.72456],[89.67858,24.7242],[89.67898,24.7242],[89.67917,24.72383],[89.67937,24.72383],[89.67936,24.72365],[89.67877,24.72366],[89.67877,24.72348],[89.67837,24.72348],[89.67818,24.72385],[89.67798,24.72385],[89.67799,24.72403],[89.67779,24.72404],[89.67779,24.72422],[89.6776,24.72422],[89.6776,24.7244],[89.6774,24.7244],[89.67722,24.72513],[89.67702,24.72513],[89.67703,24.72549],[89.67664,24.72568],[89.67664,24.72586],[89.67645,24.72587],[89.67645,24.72605],[89.67625,24.72605],[89.67626,24.72623],[89.67606,24.72623],[89.67606,24.72641],[89.67586,24.72642],[89.67587,24.7266],[89.67567,24.7266],[89.67568,24.72696],[89.67627,24.72695],[89.67628,24.72713],[89.67805,24.7271],[89.67806,24.72728],[89.68102,24.72723]]]}},{"type":"Feature","properties":{"kind":"land","ha":12.3},"geometry":{"type":"Polygon","coordinates":[[[89.6788,24.71572],[89.67881,24.71644],[89.67862,24.71644],[89.67863,24.71734],[89.67844,24.71735],[89.67845,24.71789],[89.67825,24.71789],[89.67827,24.71861],[89.67807,24.71862],[89.67809,24.71952],[89.67829,24.71951],[89.6783,24.72024],[89.6781,24.72024],[89.67813,24.7215],[89.67833,24.7215],[89.67834,24.72186],[89.67853,24.72186],[89.67854,24.72222],[89.67972,24.72202],[89.67973,24.7222],[89.67992,24.72219],[89.67985,24.71895],[89.68005,24.71894],[89.67999,24.71605],[89.67979,24.71606],[89.67975,24.71407],[89.67955,24.71408],[89.67956,24.71444],[89.67936,24.71444],[89.67937,24.7148],[89.67917,24.71481],[89.67918,24.71535],[89.67899,24.71535],[89.679,24.71571],[89.6788,24.71572]],[[89.67919,24.71571],[89.6792,24.71589],[89.679,24.71589],[89.679,24.71571],[89.67919,24.71571]]]}},{"type":"Feature","properties":{"kind":"land","ha":32.8},"geometry":{"type":"Polygon","coordinates":[[[89.69344,24.72574],[89.69343,24.72556],[89.69363,24.72556],[89.69363,24.72538],[89.69383,24.72537],[89.69382,24.72519],[89.69402,24.72519],[89.69401,24.72483],[89.69421,24.72482],[89.69421,24.72464],[89.6944,24.72464],[89.6944,24.72446],[89.6942,24.72446],[89.69419,24.7241],[89.69458,24.72392],[89.69457,24.72337],[89.69477,24.72337],[89.69476,24.72301],[89.69515,24.72282],[89.69515,24.72264],[89.69535,24.72264],[89.69534,24.7221],[89.69553,24.72209],[89.69553,24.72173],[89.69572,24.72173],[89.69572,24.72137],[89.69591,24.72136],[89.69589,24.72046],[89.69609,24.72046],[89.69606,24.71902],[89.69586,24.71902],[89.69583,24.71758],[89.69563,24.71758],[89.69562,24.71704],[89.69542,24.71704],[89.69542,24.71668],[89.69522,24.71668],[89.69521,24.71632],[89.69501,24.71633],[89.695,24.71579],[89.6948,24.71579],[89.69477,24.71398],[89.69457,24.71399],[89.69455,24.71309],[89.69416,24.71327],[89.69419,24.71454],[89.69399,24.71454],[89.694,24.7149],[89.6938,24.7149],[89.69381,24.71563],[89.69362,24.71563],[89.69364,24.71653],[89.69344,24.71654],[89.69345,24.71708],[89.69325,24.71708],[89.69328,24.71816],[89.69308,24.71817],[89.69312,24.72015],[89.69352,24.72032],[89.69353,24.72069],[89.69333,24.72069],[89.69334,24.72123],[89.69314,24.72123],[89.69315,24.72141],[89.69275,24.72142],[89.69276,24.72196],[89.69257,24.72197],[89.69259,24.72287],[89.69239,24.72287],[89.69239,24.72305],[89.69259,24.72305],[89.6926,24.72359],[89.6922,24.72342],[89.69203,24.7245],[89.69183,24.72451],[89.69185,24.72523],[89.69165,24.72523],[89.69166,24.72559],[89.69146,24.7256],[89.69147,24.72614],[89.69127,24.72614],[89.69128,24.7265],[89.69108,24.72651],[89.69109,24.72687],[89.6907,24.72705],[89.6907,24.72723],[89.69051,24.72724],[89.69051,24.72742],[89.69031,24.72742],[89.69032,24.72778],[89.68993,24.72797],[89.68993,24.72815],[89.68974,24.72815],[89.68974,24.72833],[89.68954,24.72834],[89.68955,24.72852],[89.68935,24.72852],[89.68935,24.7287],[89.68915,24.72871],[89.68916,24.72889],[89.68896,24.72889],[89.68896,24.72907],[89.68877,24.72907],[89.68877,24.72925],[89.68857,24.72926],[89.68858,24.72944],[89.68936,24.72924],[89.68955,24.72888],[89.68995,24.72887],[89.69014,24.72851],[89.69034,24.7285],[89.69033,24.72832],[89.69053,24.72832],[89.69053,24.72814],[89.69092,24.72813],[89.69111,24.72777],[89.69151,24.72776],[89.6917,24.7274],[89.69189,24.72739],[89.69189,24.72721],[89.69209,24.72721],[89.69208,24.72703],[89.69228,24.72703],[89.69228,24.72684],[89.69247,24.72684],[89.69247,24.72666],[89.69267,24.72666],[89.69266,24.72648],[89.69286,24.72647],[89.69286,24.72629],[89.69306,24.72629],[89.69305,24.72593],[89.69344,24.72574]],[[89.69226,24.72594],[89.69225,24.72558],[89.69265,24.72576],[89.69264,24.72539],[89.69284,24.72539],[89.69283,24.72503],[89.69303,24.72503],[89.69302,24.72485],[89.69342,24.72484],[89.69343,24.72538],[89.69304,24.72557],[89.69305,24.72593],[89.69226,24.72594]],[[89.6936,24.72429],[89.694,24.72429],[89.69401,24.72465],[89.69361,24.72465],[89.6936,24.72429]],[[89.69339,24.72358],[89.69359,24.72357],[89.69359,24.72339],[89.69398,24.72338],[89.69399,24.72375],[89.69379,24.72375],[89.69379,24.72393],[89.6934,24.72394],[89.69339,24.72358]]]}},{"type":"Feature","properties":{"kind":"land","ha":27.6},"geometry":{"type":"Polygon","coordinates":[[[89.71424,24.71905],[89.71443,24.71868],[89.71522,24.71849],[89.71541,24.71812],[89.7158,24.71812],[89.7158,24.71794],[89.71639,24.71793],[89.71639,24.71775],[89.71678,24.71774],[89.71678,24.71756],[89.71717,24.71755],[89.71736,24.71719],[89.71756,24.71718],[89.71756,24.717],[89.71775,24.717],[89.71775,24.71682],[89.71795,24.71682],[89.71794,24.71645],[89.71833,24.71645],[89.71834,24.71663],[89.71854,24.71662],[89.71853,24.71644],[89.71912,24.71643],[89.71912,24.71625],[89.71971,24.71624],[89.71971,24.71606],[89.7203,24.71605],[89.7203,24.71587],[89.72089,24.71586],[89.72089,24.71568],[89.72148,24.71567],[89.72147,24.71549],[89.72187,24.71548],[89.72187,24.7153],[89.72246,24.71529],[89.72245,24.71511],[89.72285,24.7151],[89.72285,24.71492],[89.72324,24.71491],[89.72324,24.71473],[89.72383,24.71472],[89.72382,24.71454],[89.72442,24.71453],[89.72441,24.71435],[89.7254,24.71433],[89.7254,24.71415],[89.72579,24.71415],[89.72598,24.71378],[89.72618,24.71378],[89.72618,24.7136],[89.72657,24.71359],[89.72657,24.71341],[89.72716,24.7134],[89.72716,24.71322],[89.72755,24.71321],[89.72754,24.71285],[89.72793,24.71266],[89.72793,24.71248],[89.72813,24.71248],[89.72812,24.7123],[89.72832,24.71229],[89.72831,24.71193],[89.7287,24.71175],[89.7287,24.71157],[89.7289,24.71156],[89.72889,24.71138],[89.7285,24.71139],[89.7285,24.71157],[89.72712,24.71159],[89.72712,24.71178],[89.72574,24.7118],[89.72575,24.71198],[89.72515,24.71199],[89.72516,24.71217],[89.72437,24.71219],[89.72437,24.71237],[89.72378,24.71238],[89.72378,24.71256],[89.72299,24.71257],[89.723,24.71275],[89.7226,24.71276],[89.7226,24.71294],[89.72221,24.71295],[89.72221,24.71313],[89.72182,24.71314],[89.72182,24.71332],[89.72143,24.71332],[89.72143,24.7135],[89.72104,24.71351],[89.72104,24.71369],[89.72065,24.7137],[89.72065,24.71388],[89.72025,24.71389],[89.72026,24.71407],[89.71967,24.71408],[89.71967,24.71426],[89.71927,24.71426],[89.71908,24.71463],[89.71889,24.71463],[89.71889,24.71481],[89.71869,24.71482],[89.7187,24.715],[89.7183,24.715],[89.71811,24.71537],[89.71792,24.71537],[89.71792,24.71555],[89.71752,24.71556],[89.71733,24.71592],[89.71714,24.71593],[89.71714,24.71611],[89.71694,24.71611],[89.71695,24.71629],[89.71675,24.7163],[89.71675,24.71648],[89.71636,24.71648],[89.71617,24.71685],[89.71597,24.71685],[89.71598,24.71703],[89.71558,24.71704],[89.71539,24.7174],[89.71519,24.71741],[89.7152,24.71777],[89.715,24.71777],[89.71501,24.71795],[89.71422,24.71815],[89.71403,24.71851],[89.71383,24.71851],[89.71384,24.71869],[89.71364,24.7187],[89.71364,24.71888],[89.71345,24.71888],[89.71345,24.71924],[89.71424,24.71905]]]}},{"type":"Feature","properties":{"kind":"land","ha":5.5},"geometry":{"type":"Polygon","coordinates":[[[89.64666,24.71935],[89.64665,24.71881],[89.64704,24.71863],[89.64704,24.71845],[89.64724,24.71844],[89.64723,24.71826],[89.64763,24.71825],[89.64762,24.71789],[89.64782,24.71789],[89.64779,24.71645],[89.64799,24.71644],[89.64797,24.71572],[89.64817,24.71572],[89.64816,24.71518],[89.64835,24.71517],[89.64834,24.71463],[89.64854,24.71463],[89.64853,24.71391],[89.64872,24.7139],[89.6487,24.713],[89.6489,24.713],[89.64889,24.71246],[89.64869,24.71246],[89.6487,24.71282],[89.6485,24.71282],[89.64851,24.71337],[89.64832,24.71337],[89.64832,24.71373],[89.64793,24.71392],[89.64775,24.71464],[89.64755,24.71465],[89.64756,24.71501],[89.64736,24.71501],[89.64737,24.71537],[89.64717,24.71537],[89.64719,24.7161],[89.64699,24.7161],[89.64701,24.717],[89.64681,24.71701],[89.64683,24.71773],[89.64663,24.71773],[89.64664,24.71809],[89.64644,24.71809],[89.64645,24.71846],[89.64625,24.71846],[89.64627,24.71936],[89.64666,24.71935]]]}},{"type":"Feature","properties":{"kind":"land","ha":7.5},"geometry":{"type":"Polygon","coordinates":[[[89.62858,24.70487],[89.62857,24.70469],[89.62877,24.70469],[89.62876,24.70433],[89.62896,24.70432],[89.62894,24.7036],[89.62934,24.70341],[89.62933,24.70305],[89.62972,24.70287],[89.62972,24.70269],[89.62991,24.70268],[89.6299,24.70214],[89.6301,24.70214],[89.63008,24.70105],[89.63047,24.70105],[89.63046,24.70069],[89.63086,24.70086],[89.63086,24.70068],[89.63106,24.70068],[89.63104,24.69977],[89.63064,24.6996],[89.63063,24.69942],[89.63024,24.69961],[89.63025,24.69979],[89.63005,24.69979],[89.63006,24.70033],[89.62967,24.70052],[89.62949,24.70125],[89.6287,24.70126],[89.62851,24.70162],[89.62831,24.70163],[89.62831,24.70181],[89.62812,24.70181],[89.62814,24.70289],[89.62775,24.70308],[89.62776,24.70344],[89.62795,24.70344],[89.62777,24.70416],[89.62797,24.70416],[89.62798,24.70488],[89.62858,24.70487]]]}},{"type":"Feature","properties":{"kind":"land","ha":38.3},"geometry":{"type":"Polygon","coordinates":[[[89.73825,24.71446],[89.73826,24.71482],[89.73806,24.71482],[89.73807,24.71519],[89.73767,24.71537],[89.73768,24.71573],[89.73749,24.71574],[89.73749,24.7161],[89.7371,24.71629],[89.73711,24.71665],[89.73672,24.71683],[89.73672,24.71702],[89.73653,24.71702],[89.73653,24.7172],[89.73633,24.7172],[89.73634,24.71738],[89.73614,24.71739],[89.73615,24.71775],[89.73575,24.71794],[89.73576,24.7183],[89.73616,24.71829],[89.73615,24.71811],[89.73635,24.7181],[89.73634,24.71774],[89.73673,24.71756],[89.73673,24.71738],[89.73693,24.71737],[89.73692,24.71719],[89.73712,24.71719],[89.73712,24.71701],[89.73732,24.717],[89.73731,24.71682],[89.73751,24.71682],[89.7375,24.71646],[89.7377,24.71646],[89.73769,24.71628],[89.73789,24.71627],[89.73788,24.71591],[89.73828,24.71572],[89.73827,24.71554],[89.73847,24.71554],[89.73846,24.71536],[89.73866,24.71536],[89.73866,24.71517],[89.73886,24.71517],[89.73885,24.71481],[89.73905,24.71481],[89.73904,24.71463],[89.73884,24.71463],[89.73884,24.71427],[89.73943,24.71426],[89.73942,24.71408],[89.73962,24.71407],[89.73961,24.71371],[89.74001,24.71353],[89.74,24.71335],[89.7402,24.71334],[89.7402,24.71316],[89.74039,24.71316],[89.74039,24.71298],[89.74059,24.71297],[89.74058,24.71261],[89.74097,24.71243],[89.74097,24.71224],[89.74116,24.71224],[89.74116,24.71206],[89.74136,24.71206],[89.74135,24.71188],[89.74155,24.71187],[89.74155,24.71169],[89.74174,24.71169],[89.74174,24.71133],[89.74193,24.71132],[89.74193,24.71114],[89.74153,24.71115],[89.74152,24.71061],[89.74192,24.7106],[89.74193,24.71096],[89.74212,24.71096],[89.74211,24.7106],[89.74251,24.71041],[89.7425,24.71023],[89.7423,24.71023],[89.7423,24.70987],[89.74269,24.70969],[89.74269,24.70987],[89.74289,24.70986],[89.74288,24.70932],[89.74327,24.70931],[89.74345,24.70859],[89.74365,24.70859],[89.74364,24.70822],[89.74285,24.70824],[89.74285,24.70788],[89.74265,24.70788],[89.74264,24.70734],[89.74283,24.70734],[89.74283,24.70716],[89.74342,24.70715],[89.74343,24.70733],[89.74362,24.70732],[89.74363,24.70768],[89.74403,24.70768],[89.74402,24.70732],[89.74422,24.70731],[89.7442,24.70641],[89.74439,24.70641],[89.74438,24.70587],[89.74458,24.70586],[89.74457,24.70532],[89.74477,24.70532],[89.74475,24.70478],[89.74495,24.70477],[89.74494,24.70441],[89.74514,24.70441],[89.74513,24.70405],[89.74533,24.70404],[89.74532,24.7035],[89.74552,24.7035],[89.7455,24.70278],[89.7457,24.70277],[89.74568,24.70205],[89.74588,24.70205],[89.74587,24.70151],[89.74606,24.7015],[89.74605,24.70096],[89.74625,24.70096],[89.74624,24.70042],[89.74644,24.70041],[89.74642,24.69969],[89.74662,24.69969],[89.74659,24.6986],[89.7464,24.69861],[89.7464,24.69897],[89.74621,24.69897],[89.74621,24.69933],[89.74602,24.69934],[89.74601,24.69916],[89.74582,24.69916],[89.7458,24.69862],[89.746,24.69862],[89.746,24.69844],[89.74639,24.69843],[89.74638,24.69807],[89.74658,24.69806],[89.74649,24.69409],[89.7459,24.69411],[89.74591,24.69447],[89.74552,24.69447],[89.74554,24.69574],[89.74535,24.69574],[89.74537,24.69682],[89.74517,24.69683],[89.7452,24.69791],[89.745,24.69791],[89.74501,24.69827],[89.74481,24.69828],[89.74482,24.699],[89.74463,24.699],[89.74465,24.6999],[89.74445,24.69991],[89.74446,24.70027],[89.74426,24.70027],[89.74409,24.70136],[89.74389,24.70136],[89.7439,24.7019],[89.7437,24.70191],[89.74371,24.70227],[89.74351,24.70227],[89.74335,24.70372],[89.74315,24.70372],[89.74317,24.70444],[89.74297,24.70445],[89.74298,24.70481],[89.74278,24.70481],[89.74279,24.70535],[89.74259,24.70536],[89.74261,24.70608],[89.74241,24.70608],[89.74242,24.70662],[89.74203,24.70681],[89.74204,24.70717],[89.74184,24.70717],[89.74167,24.70826],[89.74147,24.70826],[89.74148,24.70863],[89.74128,24.70863],[89.74129,24.70899],[89.74109,24.70899],[89.7411,24.70935],[89.7409,24.70936],[89.74091,24.7099],[89.74072,24.7099],[89.74072,24.71026],[89.74053,24.71027],[89.74053,24.71063],[89.74034,24.71063],[89.74035,24.71099],[89.73995,24.71118],[89.73996,24.71154],[89.73976,24.71154],[89.73977,24.71173],[89.73957,24.71173],[89.73958,24.71209],[89.73938,24.71209],[89.73939,24.71263],[89.739,24.71282],[89.73901,24.71336],[89.73882,24.71337],[89.73882,24.71355],[89.73902,24.71354],[89.73902,24.71372],[89.73863,24.71373],[89.73845,24.71446],[89.73825,24.71446]],[[89.74135,24.7117],[89.74134,24.71152],[89.74154,24.71151],[89.74155,24.71169],[89.74135,24.7117]],[[89.7441,24.70208],[89.7441,24.7019],[89.74449,24.70189],[89.74449,24.70171],[89.74469,24.70171],[89.74469,24.70189],[89.74489,24.70188],[89.7447,24.70225],[89.7449,24.70225],[89.7449,24.70261],[89.74471,24.70261],[89.7447,24.70243],[89.74431,24.70244],[89.74431,24.70262],[89.74392,24.70262],[89.74371,24.70227],[89.7441,24.70208]],[[89.73864,24.71445],[89.73865,24.71463],[89.73845,24.71464],[89.73845,24.71446],[89.73864,24.71445]],[[89.73978,24.71209],[89.74017,24.71208],[89.74018,24.71262],[89.73979,24.71263],[89.73978,24.71209]],[[89.74205,24.70771],[89.74245,24.70789],[89.74245,24.70807],[89.74206,24.70807],[89.74205,24.70771]],[[89.74204,24.70735],[89.74224,24.70735],[89.74225,24.70753],[89.74205,24.70753],[89.74204,24.70735]],[[89.74528,24.7017],[89.74508,24.7017],[89.74508,24.70152],[89.74527,24.70152],[89.74528,24.7017]],[[89.74527,24.70116],[89.74546,24.70115],[89.74547,24.70151],[89.74527,24.70152],[89.74527,24.70116]],[[89.74564,24.70025],[89.74584,24.70024],[89.74584,24.70042],[89.74565,24.70043],[89.74564,24.70025]],[[89.74594,24.69573],[89.74633,24.69554],[89.74634,24.69608],[89.74595,24.69609],[89.74594,24.69573]]]}},{"type":"Feature","properties":{"kind":"land","ha":4.1},"geometry":{"type":"Polygon","coordinates":[[[89.68081,24.69907],[89.6808,24.69871],[89.68061,24.69872],[89.68058,24.69763],[89.68018,24.69746],[89.68017,24.69692],[89.68037,24.69691],[89.68037,24.69673],[89.68076,24.69673],[89.68075,24.69637],[89.68095,24.69636],[89.68093,24.69528],[89.68113,24.69528],[89.68111,24.69456],[89.68131,24.69455],[89.6813,24.69419],[89.68091,24.69438],[89.68091,24.69456],[89.68072,24.69456],[89.68072,24.69474],[89.68052,24.69475],[89.68053,24.69511],[89.68033,24.69511],[89.68034,24.69547],[89.68054,24.69547],[89.68056,24.69637],[89.68036,24.69637],[89.68036,24.69655],[89.67977,24.69656],[89.67958,24.69693],[89.67919,24.69694],[89.67919,24.69712],[89.67899,24.69712],[89.67901,24.69784],[89.67921,24.69784],[89.67921,24.69802],[89.6798,24.69801],[89.67982,24.69873],[89.68022,24.6989],[89.68022,24.69908],[89.68042,24.69908],[89.68042,24.69926],[89.68081,24.69907]]]}},{"type":"Feature","properties":{"kind":"land","ha":23.5},"geometry":{"type":"Polygon","coordinates":[[[89.68869,24.70687],[89.68868,24.70651],[89.68887,24.70651],[89.68887,24.70633],[89.68907,24.70633],[89.68908,24.70687],[89.68948,24.70704],[89.68947,24.70668],[89.68967,24.70668],[89.68966,24.70613],[89.68985,24.70613],[89.68985,24.70577],[89.68965,24.70577],[89.68964,24.70523],[89.68944,24.70524],[89.68943,24.70488],[89.68924,24.70488],[89.68922,24.70416],[89.68942,24.70415],[89.68941,24.70379],[89.68961,24.70379],[89.6896,24.70343],[89.6898,24.70342],[89.68996,24.70198],[89.69016,24.70197],[89.69014,24.70089],[89.69033,24.70089],[89.69031,24.69963],[89.69051,24.69962],[89.69045,24.69728],[89.69026,24.69728],[89.69025,24.6971],[89.69045,24.6971],[89.69043,24.69619],[89.69063,24.69619],[89.69061,24.69529],[89.69081,24.69528],[89.6908,24.69492],[89.691,24.69492],[89.69099,24.69456],[89.69119,24.69456],[89.69118,24.69419],[89.69138,24.69419],[89.69137,24.69383],[89.69157,24.69383],[89.69156,24.69347],[89.69176,24.69346],[89.69193,24.69238],[89.69213,24.69237],[89.69212,24.69201],[89.69232,24.69201],[89.69231,24.69165],[89.69251,24.69164],[89.6925,24.69128],[89.69289,24.6911],[89.69288,24.69073],[89.69327,24.69055],[89.69327,24.69037],[89.69347,24.69036],[89.69346,24.69018],[89.69386,24.69018],[89.69405,24.68981],[89.69425,24.68981],[89.69424,24.68963],[89.69444,24.68962],[89.69444,24.68944],[89.69463,24.68944],[89.69463,24.68926],[89.69483,24.68926],[89.69482,24.68908],[89.69502,24.68907],[89.69501,24.68871],[89.6954,24.68852],[89.6954,24.68816],[89.69559,24.68816],[89.69558,24.68762],[89.69578,24.68761],[89.69577,24.68725],[89.69597,24.68725],[89.69595,24.68653],[89.69576,24.68653],[89.69576,24.68689],[89.69537,24.68708],[89.69538,24.68726],[89.69518,24.68726],[89.69518,24.68744],[89.69498,24.68745],[89.69499,24.68763],[89.69479,24.68763],[89.6948,24.68799],[89.69441,24.68818],[89.69442,24.68854],[89.69422,24.68854],[89.69423,24.68891],[89.69384,24.68909],[89.69384,24.68927],[89.69364,24.68928],[89.69365,24.68964],[89.69326,24.68983],[89.69326,24.69001],[89.69306,24.69001],[89.69307,24.69019],[89.69287,24.69019],[89.69287,24.69037],[89.69268,24.69038],[89.69269,24.69074],[89.69249,24.69074],[89.69249,24.69092],[89.69229,24.69093],[89.69211,24.69165],[89.69191,24.69165],[89.69192,24.69202],[89.69172,24.69202],[89.69173,24.69238],[89.69154,24.69238],[89.69155,24.69292],[89.69135,24.69293],[89.69136,24.69329],[89.69116,24.69329],[89.69117,24.69365],[89.69078,24.69384],[89.69079,24.69438],[89.69059,24.69439],[89.6906,24.69475],[89.6904,24.69475],[89.69042,24.69547],[89.69022,24.69548],[89.69023,24.69584],[89.69003,24.69584],[89.69004,24.6962],[89.68984,24.6962],[89.68985,24.69693],[89.68966,24.69693],[89.68967,24.69747],[89.68947,24.69747],[89.68948,24.69783],[89.68928,24.69784],[89.6893,24.69856],[89.6891,24.69856],[89.68911,24.69911],[89.68891,24.69911],[89.68893,24.69965],[89.68873,24.69965],[89.68874,24.70001],[89.68854,24.70002],[89.68854,24.7002],[89.68834,24.7002],[89.68835,24.70056],[89.68815,24.70057],[89.68817,24.70111],[89.68797,24.70111],[89.68804,24.70436],[89.68824,24.70436],[89.68829,24.70706],[89.68869,24.70687]]]}},{"type":"Feature","properties":{"kind":"land","ha":12.1},"geometry":{"type":"Polygon","coordinates":[[[89.65361,24.70226],[89.6538,24.70154],[89.65399,24.70154],[89.65399,24.70117],[89.65418,24.70117],[89.65417,24.70063],[89.65437,24.70063],[89.65435,24.69972],[89.65455,24.69972],[89.65454,24.69936],[89.65493,24.69917],[89.65493,24.69899],[89.65513,24.69899],[89.65531,24.69826],[89.6557,24.69808],[89.65569,24.6979],[89.65589,24.69789],[89.65589,24.69771],[89.65609,24.69771],[89.65608,24.69753],[89.65628,24.69752],[89.65627,24.69716],[89.65647,24.69716],[89.65646,24.69662],[89.65666,24.69661],[89.65665,24.69625],[89.65704,24.69607],[89.65704,24.69589],[89.65723,24.69588],[89.65723,24.69552],[89.65762,24.69533],[89.65761,24.69515],[89.65781,24.69515],[89.6578,24.69479],[89.65819,24.6946],[89.65819,24.69442],[89.65839,24.69442],[89.65838,24.69424],[89.65858,24.69423],[89.65857,24.69369],[89.65877,24.69369],[89.65876,24.69333],[89.65915,24.69314],[89.65933,24.69242],[89.65972,24.69223],[89.65971,24.69169],[89.6601,24.6915],[89.6601,24.69132],[89.6603,24.69132],[89.66028,24.69059],[89.66048,24.69059],[89.66047,24.69023],[89.66086,24.69004],[89.66086,24.68986],[89.66106,24.68986],[89.66105,24.68968],[89.66164,24.68967],[89.66164,24.68949],[89.66144,24.68949],[89.66143,24.68895],[89.66163,24.68895],[89.66163,24.68877],[89.66202,24.68876],[89.66201,24.68804],[89.66181,24.68804],[89.6618,24.6875],[89.66199,24.6875],[89.66199,24.68713],[89.66218,24.68713],[89.66216,24.68605],[89.66196,24.68605],[89.66197,24.68659],[89.66178,24.6866],[89.66178,24.68696],[89.66159,24.68696],[89.6616,24.68768],[89.66141,24.68769],[89.66142,24.68823],[89.66122,24.68823],[89.66123,24.68859],[89.66103,24.6886],[89.66104,24.68896],[89.66065,24.68914],[89.66065,24.68932],[89.66045,24.68933],[89.66046,24.68951],[89.66026,24.68951],[89.66026,24.68969],[89.66006,24.6897],[89.66007,24.68988],[89.65948,24.68989],[89.65947,24.68971],[89.65927,24.68971],[89.65928,24.68989],[89.65908,24.68989],[89.65909,24.69043],[89.65929,24.69043],[89.65929,24.69061],[89.65969,24.6906],[89.6597,24.69133],[89.65931,24.69151],[89.65932,24.69206],[89.65893,24.69224],[89.65894,24.6926],[89.65855,24.69279],[89.65855,24.69297],[89.65836,24.69297],[89.65817,24.6937],[89.65798,24.6937],[89.65798,24.69406],[89.65759,24.69425],[89.6576,24.69461],[89.6574,24.69462],[89.65741,24.69498],[89.65702,24.69516],[89.65702,24.69534],[89.65683,24.69535],[89.65683,24.69553],[89.65663,24.69553],[89.65664,24.69571],[89.65644,24.69572],[89.65626,24.69644],[89.65587,24.69663],[89.65587,24.69681],[89.65567,24.69681],[89.65568,24.69699],[89.65548,24.697],[89.65549,24.69736],[89.65509,24.69755],[89.6551,24.69791],[89.6549,24.69791],[89.65491,24.69827],[89.65452,24.69846],[89.65453,24.69864],[89.65433,24.69864],[89.65434,24.699],[89.65414,24.69901],[89.65414,24.69919],[89.65394,24.69919],[89.65396,24.69973],[89.65376,24.69973],[89.65377,24.7001],[89.65357,24.7001],[89.65358,24.70082],[89.65339,24.70082],[89.6534,24.70137],[89.6532,24.70137],[89.65322,24.70227],[89.65361,24.70226]]]}},{"type":"Feature","properties":{"kind":"land","ha":6.3},"geometry":{"type":"Polygon","coordinates":[[[89.68846,24.68738],[89.68846,24.68702],[89.68865,24.68702],[89.68865,24.68684],[89.68885,24.68684],[89.68884,24.68647],[89.68904,24.68647],[89.68903,24.68629],[89.68943,24.68628],[89.68942,24.6861],[89.68962,24.6861],[89.68942,24.68574],[89.68922,24.68575],[89.68922,24.68557],[89.68961,24.68538],[89.6896,24.6852],[89.6902,24.68519],[89.69018,24.68447],[89.68978,24.68447],[89.68978,24.68429],[89.68958,24.6843],[89.68958,24.68412],[89.68978,24.68411],[89.68977,24.68357],[89.68878,24.68359],[89.68878,24.68377],[89.68858,24.68377],[89.6886,24.68449],[89.68782,24.68487],[89.68764,24.68559],[89.68744,24.6856],[89.68746,24.68668],[89.68826,24.68703],[89.68827,24.68739],[89.68846,24.68738]]]}},{"type":"Feature","properties":{"kind":"land","ha":3.9},"geometry":{"type":"Polygon","coordinates":[[[89.69338,24.68621],[89.69337,24.68603],[89.69357,24.68603],[89.69357,24.68585],[89.69377,24.68585],[89.69376,24.68566],[89.69396,24.68566],[89.69395,24.6853],[89.69434,24.68511],[89.69433,24.68475],[89.69473,24.68456],[89.69472,24.6842],[89.69511,24.68402],[89.6951,24.68366],[89.6953,24.68365],[89.69528,24.68293],[89.69548,24.68293],[89.69547,24.68257],[89.69567,24.68256],[89.69584,24.68148],[89.69604,24.68147],[89.69603,24.68093],[89.69623,24.68093],[89.69621,24.68003],[89.69641,24.68002],[89.69637,24.6784],[89.69617,24.6784],[89.6962,24.67948],[89.69581,24.67967],[89.69564,24.68112],[89.69544,24.68112],[89.69545,24.68148],[89.69525,24.68149],[89.69527,24.68221],[89.69507,24.68221],[89.69509,24.68293],[89.69489,24.68294],[89.6949,24.68348],[89.6947,24.68348],[89.69471,24.68384],[89.69451,24.68385],[89.69452,24.68403],[89.69432,24.68403],[89.69414,24.68476],[89.69375,24.68494],[89.69356,24.68567],[89.69317,24.68586],[89.69318,24.68604],[89.69298,24.68604],[89.69299,24.6864],[89.69338,24.68621]]]}},{"type":"Feature","properties":{"kind":"land","ha":73.2},"geometry":{"type":"Polygon","coordinates":[[[89.64398,24.72301],[89.64397,24.72265],[89.64436,24.72246],[89.64435,24.7221],[89.64474,24.72192],[89.64474,24.72173],[89.64494,24.72173],[89.64493,24.72155],[89.64513,24.72155],[89.64513,24.72137],[89.64473,24.72137],[89.64474,24.72155],[89.64434,24.72156],[89.64411,24.72012],[89.64391,24.72012],[89.64389,24.71886],[89.64409,24.71886],[89.64403,24.71615],[89.64363,24.71616],[89.64363,24.71598],[89.64343,24.71598],[89.64343,24.7158],[89.64422,24.71579],[89.64421,24.71543],[89.64401,24.71543],[89.644,24.71489],[89.6442,24.71489],[89.64415,24.71272],[89.64376,24.71273],[89.64377,24.71309],[89.64337,24.71309],[89.64336,24.71273],[89.64317,24.71274],[89.64336,24.71237],[89.64355,24.71237],[89.64355,24.71201],[89.64394,24.712],[89.64395,24.71236],[89.64415,24.71236],[89.64412,24.71128],[89.64393,24.71128],[89.64391,24.71074],[89.64372,24.71074],[89.64371,24.71038],[89.64391,24.71038],[89.6439,24.7102],[89.6437,24.7102],[89.64367,24.7084],[89.64347,24.7084],[89.64346,24.70804],[89.64366,24.70804],[89.64364,24.70713],[89.64384,24.70713],[89.64383,24.70677],[89.64324,24.70678],[89.64323,24.70642],[89.64382,24.70641],[89.64379,24.70478],[89.64399,24.70478],[89.64398,24.70442],[89.64418,24.70442],[89.64411,24.70153],[89.64431,24.70153],[89.64428,24.70008],[89.64448,24.70008],[89.64446,24.69936],[89.64466,24.69935],[89.64465,24.69881],[89.64485,24.69881],[89.64484,24.69827],[89.64503,24.69826],[89.64502,24.69772],[89.64522,24.69772],[89.64521,24.69736],[89.64541,24.69736],[89.6454,24.69681],[89.6456,24.69681],[89.64559,24.69645],[89.64579,24.69645],[89.64578,24.69609],[89.64598,24.69608],[89.64597,24.69572],[89.64617,24.69572],[89.64616,24.69536],[89.64635,24.69535],[89.64634,24.69445],[89.64653,24.69445],[89.64653,24.69409],[89.64672,24.69408],[89.64671,24.69336],[89.64691,24.69336],[89.64688,24.69228],[89.64708,24.69227],[89.64707,24.69173],[89.64746,24.69154],[89.64763,24.69046],[89.64783,24.69045],[89.64782,24.68991],[89.64821,24.68972],[89.6482,24.68918],[89.64859,24.689],[89.64859,24.68882],[89.64879,24.68881],[89.64897,24.68809],[89.64936,24.6879],[89.64935,24.68772],[89.64955,24.68772],[89.64954,24.68717],[89.64993,24.68699],[89.64992,24.68663],[89.65012,24.68662],[89.65012,24.68644],[89.65032,24.68644],[89.65031,24.68608],[89.6507,24.68589],[89.6507,24.68571],[89.65089,24.68571],[89.65088,24.68535],[89.65128,24.68516],[89.65146,24.68443],[89.65166,24.68443],[89.65165,24.68407],[89.65185,24.68406],[89.65183,24.68352],[89.65203,24.68352],[89.65202,24.68316],[89.65222,24.68316],[89.65221,24.68279],[89.6526,24.68261],[89.6526,24.68243],[89.6528,24.68242],[89.65298,24.6817],[89.65318,24.68169],[89.65317,24.68133],[89.65337,24.68133],[89.65336,24.68097],[89.65375,24.68078],[89.65374,24.68042],[89.65394,24.68042],[89.65394,24.68024],[89.65414,24.68023],[89.65413,24.67987],[89.65432,24.67987],[89.65432,24.67969],[89.65392,24.67952],[89.65391,24.67915],[89.65431,24.67915],[89.6545,24.67878],[89.6547,24.67878],[89.65469,24.67842],[89.65489,24.67842],[89.65488,24.67824],[89.65528,24.67823],[89.65527,24.67805],[89.65587,24.67804],[89.65586,24.67768],[89.65625,24.67749],[89.65625,24.67731],[89.65644,24.6773],[89.65644,24.67712],[89.65664,24.67712],[89.65663,24.67676],[89.65702,24.67675],[89.65721,24.67639],[89.65741,24.67639],[89.65759,24.67566],[89.65779,24.67566],[89.65778,24.6753],[89.65818,24.67529],[89.65837,24.67492],[89.65857,24.67492],[89.65856,24.67474],[89.65896,24.67473],[89.65915,24.67437],[89.65934,24.67437],[89.65934,24.674],[89.65973,24.67382],[89.65972,24.67364],[89.65992,24.67363],[89.65992,24.67345],[89.66012,24.67345],[89.66011,24.67309],[89.6605,24.6729],[89.66049,24.67272],[89.66069,24.67272],[89.66069,24.67254],[89.66089,24.67253],[89.66088,24.67235],[89.66108,24.67235],[89.66107,24.67199],[89.66127,24.67198],[89.66127,24.6718],[89.66146,24.6718],[89.66126,24.67144],[89.66106,24.67145],[89.66122,24.66964],[89.66082,24.66965],[89.66063,24.67001],[89.66044,24.67001],[89.66044,24.67037],[89.66025,24.67038],[89.66026,24.67074],[89.66006,24.67074],[89.66006,24.67092],[89.65967,24.67093],[89.65948,24.67129],[89.65928,24.6713],[89.65929,24.67166],[89.6589,24.67185],[89.6589,24.67221],[89.65851,24.67239],[89.65852,24.67276],[89.65832,24.67276],[89.65833,24.67312],[89.65794,24.67331],[89.65794,24.67349],[89.65775,24.67349],[89.65775,24.67367],[89.65755,24.67368],[89.65756,24.67404],[89.65717,24.67422],[89.65717,24.6744],[89.65697,24.67441],[89.65698,24.67459],[89.65678,24.67459],[89.65679,24.67495],[89.6564,24.67514],[89.6564,24.67532],[89.6562,24.67532],[89.65621,24.6755],[89.65601,24.67551],[89.65601,24.67569],[89.65582,24.67569],[89.65582,24.67587],[89.65562,24.67588],[89.65563,24.67624],[89.65524,24.67642],[89.65525,24.67678],[89.65486,24.67697],[89.65486,24.67715],[89.65466,24.67716],[89.65467,24.67734],[89.65447,24.67734],[89.65447,24.67752],[89.65428,24.67752],[89.65428,24.6777],[89.65408,24.67771],[89.65409,24.67807],[89.6537,24.67826],[89.65371,24.67862],[89.65331,24.6788],[89.65332,24.67917],[89.65293,24.67935],[89.65294,24.67971],[89.65255,24.6799],[89.65255,24.68008],[89.65235,24.68008],[89.65217,24.68081],[89.65178,24.681],[89.65179,24.68136],[89.6514,24.68155],[89.6514,24.68173],[89.6512,24.68173],[89.65121,24.68209],[89.65082,24.68228],[89.65083,24.68264],[89.65044,24.68283],[89.65044,24.68301],[89.65024,24.68301],[89.65025,24.68319],[89.65005,24.68319],[89.65005,24.68337],[89.64986,24.68338],[89.64967,24.6841],[89.64928,24.68429],[89.64929,24.68465],[89.64909,24.68465],[89.6491,24.68502],[89.64871,24.6852],[89.64872,24.68556],[89.64852,24.68557],[89.64853,24.68629],[89.64834,24.68629],[89.64835,24.68683],[89.64815,24.68684],[89.64816,24.68738],[89.64796,24.68738],[89.64798,24.68828],[89.64779,24.68829],[89.6478,24.68883],[89.6476,24.68883],[89.64762,24.68992],[89.64743,24.68992],[89.64744,24.69064],[89.64724,24.69064],[89.64725,24.69119],[89.64706,24.69119],[89.64706,24.69155],[89.64687,24.69155],[89.64687,24.69191],[89.64668,24.69192],[89.64669,24.69228],[89.64649,24.69228],[89.6465,24.69264],[89.6463,24.69265],[89.64612,24.69373],[89.64593,24.69374],[89.64613,24.69409],[89.64574,24.69428],[89.64575,24.69482],[89.64555,24.69483],[89.64557,24.69573],[89.64538,24.69573],[89.64538,24.69609],[89.64519,24.6961],[89.64519,24.69646],[89.645,24.69646],[89.645,24.69682],[89.64481,24.69682],[89.64481,24.69719],[89.64462,24.69719],[89.64462,24.69755],[89.64443,24.69755],[89.64444,24.69809],[89.64424,24.6981],[89.64425,24.69846],[89.64405,24.69846],[89.64407,24.69936],[89.64387,24.69937],[89.64389,24.70009],[89.64369,24.70009],[89.6437,24.70063],[89.6435,24.70064],[89.64353,24.70172],[89.64333,24.70172],[89.64334,24.70208],[89.64314,24.70209],[89.64317,24.70353],[89.64297,24.70354],[89.64298,24.7039],[89.64278,24.7039],[89.64279,24.70444],[89.6426,24.70444],[89.64262,24.70571],[89.64242,24.70571],[89.64255,24.71167],[89.64275,24.71166],[89.64276,24.7122],[89.64256,24.71221],[89.64257,24.71275],[89.64277,24.71274],[89.64279,24.71383],[89.6426,24.71383],[89.64261,24.71437],[89.6428,24.71437],[89.64288,24.7178],[89.64307,24.71779],[89.64313,24.72032],[89.64293,24.72032],[89.64297,24.72213],[89.64277,24.72213],[89.64279,24.72303],[89.64319,24.72303],[89.64319,24.72321],[89.64398,24.72301]],[[89.64321,24.71472],[89.6436,24.71472],[89.64361,24.7149],[89.64321,24.7149],[89.64321,24.71472]],[[89.64272,24.71022],[89.64291,24.71021],[89.64292,24.71058],[89.64272,24.71058],[89.64272,24.71022]],[[89.64269,24.70896],[89.64289,24.70895],[89.6429,24.70931],[89.6427,24.70932],[89.64269,24.70896]],[[89.6428,24.7048],[89.643,24.7048],[89.64301,24.70516],[89.64281,24.70516],[89.6428,24.7048]],[[89.64575,24.695],[89.64595,24.695],[89.64596,24.69518],[89.64576,24.69518],[89.64575,24.695]]]}},{"type":"Feature","properties":{"kind":"land","ha":20.6},"geometry":{"type":"Polygon","coordinates":[[[89.70413,24.68097],[89.7043,24.67988],[89.7045,24.67988],[89.70449,24.67952],[89.70469,24.67951],[89.70468,24.67915],[89.70488,24.67915],[89.70487,24.67879],[89.70507,24.67878],[89.70506,24.67824],[89.70526,24.67824],[89.70525,24.67788],[89.70545,24.67787],[89.70543,24.67733],[89.70563,24.67733],[89.70562,24.67697],[89.70582,24.67696],[89.70581,24.6766],[89.70601,24.6766],[89.706,24.67588],[89.70619,24.67587],[89.70617,24.67461],[89.70636,24.67461],[89.70632,24.67244],[89.70651,24.67244],[89.70645,24.66955],[89.70625,24.66956],[89.70622,24.66775],[89.70602,24.66776],[89.70601,24.66721],[89.70581,24.66722],[89.7058,24.66686],[89.7056,24.66686],[89.7056,24.6665],[89.7052,24.66633],[89.70519,24.66615],[89.705,24.66615],[89.70499,24.66579],[89.70479,24.66579],[89.70479,24.66561],[89.70419,24.66562],[89.70422,24.66689],[89.70442,24.66688],[89.70444,24.66796],[89.70464,24.66796],[89.70466,24.66868],[89.70485,24.66868],[89.70486,24.66904],[89.70506,24.66904],[89.70507,24.66976],[89.70527,24.66975],[89.70527,24.66993],[89.70508,24.66994],[89.7051,24.6712],[89.7053,24.6712],[89.70532,24.67192],[89.70512,24.67192],[89.70514,24.67301],[89.70495,24.67301],[89.70495,24.67319],[89.70515,24.67319],[89.70515,24.67337],[89.70495,24.67337],[89.70498,24.67445],[89.70478,24.67446],[89.7048,24.67518],[89.7046,24.67518],[89.70462,24.67608],[89.70442,24.67609],[89.70443,24.67645],[89.70423,24.67645],[89.70428,24.67898],[89.70409,24.67898],[89.70411,24.68024],[89.70392,24.68025],[89.70393,24.68097],[89.70413,24.68097]]]}},{"type":"Feature","properties":{"kind":"land","ha":3.4},"geometry":{"type":"Polygon","coordinates":[[[89.69583,24.67173],[89.69581,24.67083],[89.69601,24.67082],[89.69598,24.66956],[89.69618,24.66956],[89.69613,24.66739],[89.69633,24.66739],[89.69632,24.66667],[89.69651,24.66666],[89.69649,24.66576],[89.6963,24.66576],[89.69629,24.66558],[89.69649,24.66558],[89.69647,24.66486],[89.69608,24.66487],[89.6961,24.66595],[89.69591,24.66595],[89.69592,24.66667],[89.69572,24.66668],[89.69574,24.66758],[89.69594,24.66758],[89.69594,24.66776],[89.69575,24.66776],[89.69576,24.6683],[89.69556,24.6683],[89.69563,24.67173],[89.69583,24.67173]]]}},{"type":"Feature","properties":{"kind":"land","ha":12.1},"geometry":{"type":"Polygon","coordinates":[[[89.66972,24.67942],[89.66971,24.67869],[89.66991,24.67869],[89.66984,24.6758],[89.66965,24.67581],[89.66962,24.67472],[89.66982,24.67472],[89.66981,24.67436],[89.67021,24.67435],[89.67018,24.67309],[89.66998,24.67309],[89.66997,24.67255],[89.66978,24.67256],[89.66977,24.67219],[89.66957,24.6722],[89.66954,24.67094],[89.66935,24.67094],[89.66932,24.66986],[89.66913,24.66986],[89.6691,24.66878],[89.6689,24.66878],[89.66889,24.66806],[89.66869,24.66806],[89.66867,24.66716],[89.66848,24.66716],[89.66845,24.66608],[89.66825,24.66608],[89.66822,24.66428],[89.66802,24.66428],[89.66799,24.66284],[89.66819,24.66284],[89.66815,24.66121],[89.66835,24.66121],[89.66833,24.66049],[89.66853,24.66048],[89.66852,24.65994],[89.66872,24.65994],[89.66871,24.65958],[89.66851,24.65958],[89.66832,24.65995],[89.66812,24.65995],[89.66813,24.66031],[89.66774,24.6605],[89.66774,24.66068],[89.66755,24.66068],[89.66756,24.6614],[89.66737,24.66141],[89.66743,24.66429],[89.66723,24.6643],[89.66723,24.66448],[89.66743,24.66447],[89.66747,24.66628],[89.66767,24.66628],[89.66768,24.66682],[89.66788,24.66681],[89.66789,24.66735],[89.66808,24.66735],[89.66809,24.66771],[89.66829,24.66771],[89.6683,24.66843],[89.6685,24.66843],[89.66851,24.66897],[89.66871,24.66896],[89.66895,24.67113],[89.66915,24.67112],[89.66918,24.67221],[89.66937,24.6722],[89.66939,24.67292],[89.66959,24.67292],[89.66959,24.67328],[89.66979,24.67328],[89.66961,24.674],[89.66941,24.67401],[89.66945,24.67563],[89.66925,24.67563],[89.66929,24.67744],[89.66948,24.67743],[89.6695,24.67798],[89.66969,24.67797],[89.6697,24.67833],[89.6695,24.67834],[89.66952,24.67906],[89.66932,24.67906],[89.66933,24.6796],[89.66972,24.67942]]]}},{"type":"Feature","properties":{"kind":"land","ha":4.2},"geometry":{"type":"Polygon","coordinates":[[[89.70386,24.65913],[89.70385,24.65895],[89.70405,24.65895],[89.70404,24.65841],[89.70424,24.6584],[89.70423,24.65822],[89.70383,24.65805],[89.70383,24.65787],[89.70363,24.65787],[89.70363,24.65769],[89.70323,24.6577],[89.70323,24.65752],[89.70244,24.65753],[89.70223,24.65681],[89.70203,24.65682],[89.70203,24.65664],[89.70163,24.65664],[89.70162,24.65628],[89.70122,24.65611],[89.70122,24.65593],[89.70083,24.65594],[89.70083,24.65612],[89.70103,24.65611],[89.70104,24.65665],[89.70124,24.65665],[89.70124,24.65701],[89.70164,24.65718],[89.70165,24.65773],[89.70185,24.65772],[89.70186,24.65808],[89.70206,24.65808],[89.70207,24.65862],[89.70246,24.65861],[89.70247,24.65879],[89.70306,24.65878],[89.70326,24.65914],[89.70386,24.65913]]]}},{"type":"Feature","properties":{"kind":"land","ha":8.2},"geometry":{"type":"Polygon","coordinates":[[[89.74534,24.65928],[89.74533,24.65892],[89.74553,24.65892],[89.74552,24.65855],[89.74591,24.65837],[89.74591,24.65819],[89.7461,24.65818],[89.74628,24.65746],[89.74648,24.65745],[89.74647,24.65709],[89.74686,24.65691],[89.74686,24.65655],[89.74725,24.65636],[89.74724,24.65618],[89.74744,24.65617],[89.74744,24.65599],[89.74763,24.65599],[89.74763,24.65581],[89.74783,24.65581],[89.74782,24.65544],[89.74821,24.65526],[89.74821,24.65508],[89.7484,24.65507],[89.7484,24.65471],[89.74879,24.65452],[89.74878,24.65434],[89.74898,24.65434],[89.74898,24.65416],[89.74917,24.65416],[89.74917,24.65398],[89.74937,24.65397],[89.74936,24.65379],[89.74956,24.65379],[89.74955,24.65343],[89.74994,24.65324],[89.74994,24.65306],[89.75014,24.65306],[89.75013,24.65288],[89.75033,24.65287],[89.75033,24.65269],[89.75052,24.65269],[89.75052,24.65233],[89.75091,24.65214],[89.7509,24.65196],[89.7513,24.65195],[89.75148,24.65123],[89.75187,24.65104],[89.75187,24.65086],[89.75206,24.65085],[89.75205,24.65031],[89.75225,24.65031],[89.75224,24.64995],[89.75244,24.64995],[89.75244,24.64976],[89.75283,24.64976],[89.75281,24.64886],[89.75301,24.64885],[89.753,24.64849],[89.7532,24.64849],[89.75319,24.64813],[89.7528,24.64831],[89.7528,24.64849],[89.75261,24.6485],[89.75261,24.64868],[89.75241,24.64868],[89.75242,24.64886],[89.75222,24.64887],[89.75223,24.64923],[89.75184,24.64941],[89.75184,24.6496],[89.75164,24.6496],[89.75146,24.65032],[89.75107,24.65051],[89.75108,24.65087],[89.75088,24.65088],[89.75088,24.65106],[89.75069,24.65106],[89.75069,24.65142],[89.7503,24.65143],[89.75031,24.65179],[89.74992,24.65198],[89.74992,24.65216],[89.74972,24.65216],[89.74954,24.65289],[89.74915,24.65307],[89.74915,24.65325],[89.74896,24.65326],[89.74897,24.65362],[89.74857,24.65381],[89.74858,24.65399],[89.74838,24.65399],[89.74838,24.65417],[89.74819,24.65417],[89.74819,24.65435],[89.74799,24.65436],[89.748,24.65454],[89.7478,24.65454],[89.74762,24.65527],[89.74723,24.65546],[89.74723,24.65564],[89.74703,24.65564],[89.74685,24.65636],[89.74646,24.65655],[89.74647,24.65691],[89.74627,24.65692],[89.74628,24.65728],[89.74589,24.65747],[89.7459,24.65783],[89.7457,24.65783],[89.7457,24.65801],[89.74551,24.65801],[89.74532,24.65874],[89.74513,24.65874],[89.74514,24.65928],[89.74534,24.65928]]]}},{"type":"Feature","properties":{"kind":"land","ha":3.8},"geometry":{"type":"Polygon","coordinates":[[[89.71629,24.6497],[89.71648,24.64934],[89.71668,24.64933],[89.71668,24.64915],[89.71687,24.64915],[89.71687,24.64897],[89.71726,24.64896],[89.71726,24.64878],[89.71746,24.64878],[89.71745,24.64824],[89.71784,24.64805],[89.71783,24.64787],[89.71803,24.64786],[89.71821,24.64714],[89.71841,24.64714],[89.7184,24.64677],[89.7186,24.64677],[89.71859,24.64641],[89.7182,24.6466],[89.7182,24.64678],[89.71742,24.64679],[89.71723,24.64716],[89.71683,24.64716],[89.71682,24.64662],[89.71643,24.64681],[89.71644,24.64753],[89.71684,24.64771],[89.71665,24.64807],[89.71685,24.64807],[89.71685,24.64825],[89.71646,24.64843],[89.71647,24.64861],[89.71627,24.64862],[89.71627,24.6488],[89.71608,24.6488],[89.71608,24.64898],[89.71588,24.64899],[89.7159,24.64971],[89.71629,24.6497]]]}},{"type":"Feature","properties":{"kind":"land","ha":6.6},"geometry":{"type":"Polygon","coordinates":[[[89.71288,24.64724],[89.71288,24.64705],[89.71327,24.64705],[89.71327,24.64669],[89.71425,24.64667],[89.71425,24.64649],[89.71464,24.64648],[89.71464,24.6463],[89.71484,24.6463],[89.71483,24.64594],[89.71522,24.64575],[89.71522,24.64557],[89.71561,24.64556],[89.7156,24.64484],[89.71579,24.64484],[89.71579,24.64466],[89.71619,24.64483],[89.7162,24.64519],[89.71639,24.64519],[89.71638,24.64446],[89.71657,24.64446],[89.71657,24.64428],[89.71756,24.64426],[89.71775,24.6439],[89.71794,24.64389],[89.71794,24.64353],[89.71833,24.64335],[89.71832,24.64299],[89.71812,24.64299],[89.71813,24.64317],[89.71753,24.64318],[89.71754,24.64336],[89.71714,24.64337],[89.71715,24.64355],[89.71695,24.64355],[89.71695,24.64337],[89.71635,24.64338],[89.71636,24.64356],[89.71596,24.64357],[89.71577,24.64393],[89.71558,24.64394],[89.71559,24.64448],[89.7152,24.64467],[89.7152,24.64485],[89.715,24.64485],[89.71501,24.64503],[89.71481,24.64503],[89.71481,24.64521],[89.71462,24.64522],[89.71462,24.6454],[89.71423,24.64541],[89.71423,24.64559],[89.71443,24.64558],[89.71443,24.64594],[89.71404,24.64595],[89.71403,24.64559],[89.71324,24.6456],[89.71322,24.6447],[89.71303,24.64471],[89.71303,24.64489],[89.71283,24.64489],[89.71285,24.64579],[89.71265,24.6458],[89.71267,24.64634],[89.71286,24.64633],[89.71287,24.64669],[89.71248,24.6467],[89.71248,24.64688],[89.71268,24.64688],[89.71268,24.64724],[89.71288,24.64724]]]}},{"type":"Feature","properties":{"kind":"land","ha":7.7},"geometry":{"type":"Polygon","coordinates":[[[89.76525,24.64881],[89.76544,24.64844],[89.76564,24.64844],[89.76563,24.64826],[89.76583,24.64826],[89.76583,24.64807],[89.76603,24.64807],[89.76602,24.64789],[89.76622,24.64789],[89.76621,24.64771],[89.76641,24.6477],[89.76641,24.64752],[89.76661,24.64752],[89.7666,24.64734],[89.7668,24.64733],[89.76679,24.64715],[89.76699,24.64715],[89.76699,24.64697],[89.76719,24.64697],[89.76718,24.64679],[89.76738,24.64678],[89.76738,24.6466],[89.76757,24.6466],[89.76757,24.64642],[89.76777,24.64641],[89.76776,24.64623],[89.76796,24.64623],[89.76796,24.64605],[89.76815,24.64605],[89.76815,24.64587],[89.76835,24.64586],[89.76834,24.64568],[89.76854,24.64568],[89.76853,24.64532],[89.76873,24.64531],[89.76873,24.64513],[89.76912,24.64513],[89.76912,24.64495],[89.76951,24.64494],[89.76951,24.64476],[89.7697,24.64475],[89.76968,24.64385],[89.76988,24.64385],[89.76987,24.64349],[89.77007,24.64348],[89.77006,24.64312],[89.76987,24.64313],[89.76985,24.64259],[89.77005,24.64258],[89.77004,24.64222],[89.77024,24.64222],[89.77023,24.64186],[89.77043,24.64185],[89.77042,24.64131],[89.77003,24.6415],[89.77003,24.64168],[89.76983,24.64168],[89.76985,24.64222],[89.76945,24.64241],[89.76946,24.64259],[89.76926,24.6426],[89.76927,24.64278],[89.76907,24.64278],[89.76907,24.64296],[89.76887,24.64296],[89.76888,24.64333],[89.76849,24.64351],[89.7685,24.64387],[89.76811,24.64406],[89.76812,24.64442],[89.76773,24.64461],[89.76773,24.64479],[89.76753,24.64479],[89.76735,24.64552],[89.76696,24.64571],[89.76697,24.64607],[89.76677,24.64607],[89.76678,24.64661],[89.76639,24.6468],[89.7664,24.64716],[89.7662,24.64717],[89.76621,24.64735],[89.76601,24.64735],[89.76602,24.64771],[89.76563,24.6479],[89.76563,24.64808],[89.76543,24.64808],[89.76544,24.64826],[89.76524,24.64827],[89.76524,24.64845],[89.76505,24.64845],[89.76505,24.64863],[89.76485,24.64863],[89.76486,24.64881],[89.76525,24.64881]]]}},{"type":"Feature","properties":{"kind":"land","ha":5.5},"geometry":{"type":"Polygon","coordinates":[[[89.75624,24.6432],[89.75624,24.64302],[89.75643,24.64301],[89.75643,24.64283],[89.75663,24.64283],[89.75662,24.64265],[89.75702,24.64264],[89.75701,24.64246],[89.75721,24.64246],[89.7572,24.6421],[89.7576,24.64209],[89.75779,24.64172],[89.75799,24.64172],[89.75798,24.64154],[89.75818,24.64154],[89.75818,24.64136],[89.75837,24.64135],[89.75837,24.64117],[89.75857,24.64117],[89.75856,24.64099],[89.75876,24.64098],[89.75876,24.6408],[89.75895,24.6408],[89.75894,24.64026],[89.75934,24.64025],[89.75933,24.64007],[89.75992,24.64006],[89.76011,24.6397],[89.76031,24.63969],[89.76031,24.63951],[89.7605,24.63951],[89.7605,24.63933],[89.7607,24.63932],[89.76069,24.63914],[89.76089,24.63914],[89.76088,24.63878],[89.76108,24.63878],[89.76108,24.6386],[89.76068,24.6386],[89.76049,24.63897],[89.7601,24.63897],[89.7601,24.63916],[89.75931,24.63917],[89.75932,24.63935],[89.75892,24.63936],[89.75893,24.63954],[89.75853,24.63955],[89.75853,24.63973],[89.75814,24.63973],[89.75814,24.63991],[89.75795,24.63992],[89.75795,24.64028],[89.75756,24.64047],[89.75757,24.64065],[89.75737,24.64065],[89.75719,24.64137],[89.7568,24.64156],[89.75681,24.64228],[89.75642,24.64229],[89.75642,24.64247],[89.75623,24.64248],[89.75623,24.64284],[89.75584,24.64302],[89.75585,24.64338],[89.75624,24.6432]]]}},{"type":"Feature","properties":{"kind":"land","ha":26.6},"geometry":{"type":"Polygon","coordinates":[[[89.69355,24.65751],[89.69355,24.65733],[89.69374,24.65733],[89.69371,24.65588],[89.69391,24.65588],[89.69384,24.65263],[89.69364,24.65264],[89.69361,24.65101],[89.69341,24.65102],[89.6934,24.65065],[89.69321,24.65066],[89.69319,24.64994],[89.69299,24.64994],[89.69298,24.6494],[89.69278,24.6494],[89.69277,24.64886],[89.69258,24.64886],[89.69256,24.64796],[89.69236,24.64797],[89.69233,24.64652],[89.69213,24.64653],[89.6921,24.64508],[89.6923,24.64508],[89.69229,24.64472],[89.69268,24.64471],[89.69268,24.64435],[89.69228,24.64418],[89.69227,24.644],[89.69208,24.644],[89.69207,24.64382],[89.69187,24.64382],[89.69186,24.64328],[89.69146,24.64311],[89.69145,24.64257],[89.69126,24.64257],[89.69125,24.64221],[89.69105,24.64221],[89.69104,24.64185],[89.69085,24.64186],[89.69084,24.64149],[89.69064,24.6415],[89.69063,24.64114],[89.69023,24.64096],[89.69022,24.64042],[89.69002,24.64043],[89.69002,24.64007],[89.68982,24.64007],[89.68981,24.63971],[89.68961,24.63971],[89.68963,24.64025],[89.68943,24.64026],[89.68944,24.64062],[89.68924,24.64062],[89.68925,24.64098],[89.68944,24.64098],[89.68946,24.64152],[89.68965,24.64152],[89.68966,24.64188],[89.68986,24.64187],[89.68987,24.6426],[89.69007,24.64259],[89.69008,24.64313],[89.69028,24.64313],[89.69029,24.64349],[89.69068,24.6433],[89.69069,24.64366],[89.69109,24.64384],[89.69115,24.6469],[89.69135,24.6469],[89.69137,24.64798],[89.69157,24.64798],[89.69158,24.6487],[89.69178,24.6487],[89.6918,24.6496],[89.692,24.6496],[89.69201,24.65032],[89.69182,24.65032],[89.69188,24.65339],[89.69208,24.65339],[89.69212,24.65519],[89.69232,24.65519],[89.69233,24.65591],[89.69213,24.65591],[89.69214,24.65609],[89.69155,24.6561],[89.69155,24.65628],[89.69096,24.65629],[89.69096,24.65647],[89.69116,24.65647],[89.69116,24.65665],[89.69195,24.65664],[89.69196,24.65682],[89.69235,24.65681],[89.69256,24.65717],[89.69275,24.65716],[89.69276,24.65734],[89.69296,24.65734],[89.69296,24.65752],[89.69355,24.65751]]]}},{"type":"Feature","properties":{"kind":"land","ha":4.4},"geometry":{"type":"Polygon","coordinates":[[[89.69849,24.6484],[89.69848,24.64786],[89.69808,24.64768],[89.69787,24.64696],[89.69767,24.64697],[89.69766,24.64661],[89.69746,24.64661],[89.69745,24.64607],[89.69726,24.64607],[89.69725,24.64571],[89.69705,24.64572],[89.69704,24.64517],[89.69664,24.645],[89.69643,24.64428],[89.69623,24.64429],[89.69601,24.64321],[89.69581,24.64321],[89.6958,24.64267],[89.6956,24.64267],[89.69559,24.64213],[89.69539,24.64214],[89.69539,24.64177],[89.69519,24.64178],[89.69518,24.64142],[89.69498,24.64142],[89.69497,24.64088],[89.69477,24.64088],[89.69477,24.64052],[89.69457,24.64053],[89.69456,24.63998],[89.69436,24.63999],[89.69435,24.63963],[89.69415,24.63963],[89.69414,24.63909],[89.69395,24.63909],[89.69392,24.63801],[89.69373,24.63801],[89.69376,24.63946],[89.69395,24.63945],[89.69396,24.63981],[89.69416,24.63981],[89.69417,24.64053],[89.69437,24.64053],[89.69438,24.64107],[89.69458,24.64107],[89.69459,24.64143],[89.69479,24.64142],[89.6948,24.64197],[89.69499,24.64196],[89.695,24.64232],[89.6952,24.64232],[89.69521,24.64268],[89.69541,24.64268],[89.69563,24.64376],[89.69582,24.64375],[89.69583,24.64429],[89.69603,24.64429],[89.69604,24.64465],[89.69624,24.64465],[89.69625,24.64501],[89.69644,24.645],[89.69645,24.64537],[89.69665,24.64536],[89.69666,24.6459],[89.69686,24.6459],[89.69686,24.64626],[89.69706,24.64626],[89.69707,24.64644],[89.69726,24.64643],[89.69727,24.64679],[89.69747,24.64679],[89.69748,24.64733],[89.69768,24.64733],[89.69769,24.64769],[89.69808,24.64786],[89.69809,24.64804],[89.69829,24.64804],[89.69829,24.6484],[89.69849,24.6484]]]}},{"type":"Feature","properties":{"kind":"land","ha":4.2},"geometry":{"type":"Polygon","coordinates":[[[89.79647,24.6318],[89.79647,24.63162],[89.79686,24.63162],[89.79704,24.63089],[89.79783,24.6307],[89.79783,24.63088],[89.79803,24.63087],[89.79803,24.63069],[89.79842,24.63069],[89.79861,24.63032],[89.79881,24.63032],[89.7988,24.62996],[89.79821,24.62997],[89.79819,24.62943],[89.7978,24.62961],[89.79782,24.63034],[89.79703,24.63035],[89.79703,24.63053],[89.79605,24.63055],[89.79604,24.63037],[89.79565,24.63038],[89.79565,24.63056],[89.79526,24.63056],[89.79526,24.63074],[89.79487,24.63075],[89.79487,24.63093],[89.79448,24.63094],[89.79448,24.63112],[89.79468,24.63112],[89.79469,24.63148],[89.79449,24.63148],[89.79449,24.63166],[89.79627,24.63163],[89.79627,24.63181],[89.79647,24.6318]]]}},{"type":"Feature","properties":{"kind":"land","ha":3.3},"geometry":{"type":"Polygon","coordinates":[[[89.66209,24.63623],[89.66208,24.63569],[89.66228,24.63569],[89.66226,24.63514],[89.66207,24.63515],[89.66204,24.63407],[89.66224,24.63406],[89.66223,24.6337],[89.66184,24.63353],[89.66183,24.63317],[89.66203,24.63316],[89.66201,24.63262],[89.66182,24.63263],[89.66181,24.63226],[89.66161,24.63227],[89.6616,24.63155],[89.66199,24.63136],[89.66198,24.63082],[89.66158,24.63064],[89.66157,24.63046],[89.66138,24.63047],[89.66136,24.62993],[89.66117,24.62993],[89.66119,24.63119],[89.6608,24.63138],[89.66081,24.63174],[89.66101,24.63174],[89.66102,24.6321],[89.66121,24.63209],[89.66122,24.63246],[89.66142,24.63245],[89.66143,24.63299],[89.66163,24.63299],[89.66163,24.63317],[89.66143,24.63317],[89.66145,24.6339],[89.66165,24.63389],[89.66166,24.63461],[89.66186,24.63461],[89.66189,24.63623],[89.66209,24.63623]]]}},{"type":"Feature","properties":{"kind":"land","ha":4.7},"geometry":{"type":"Polygon","coordinates":[[[89.78125,24.631],[89.78144,24.63064],[89.78164,24.63064],[89.78163,24.63046],[89.78183,24.63045],[89.78182,24.63027],[89.78202,24.63027],[89.78202,24.63009],[89.78222,24.63008],[89.78221,24.6299],[89.78261,24.6299],[89.7828,24.62953],[89.78299,24.62953],[89.78298,24.62917],[89.7822,24.62936],[89.78219,24.629],[89.78199,24.62901],[89.78218,24.62864],[89.78238,24.62864],[89.78238,24.62846],[89.78257,24.62845],[89.78257,24.62827],[89.78277,24.62827],[89.78276,24.62791],[89.78217,24.62792],[89.78216,24.62756],[89.78177,24.62775],[89.78177,24.62793],[89.78118,24.62794],[89.78097,24.62758],[89.78078,24.62758],[89.78077,24.6274],[89.78058,24.62741],[89.78079,24.62812],[89.78059,24.62813],[89.7806,24.62849],[89.78159,24.62847],[89.7816,24.62901],[89.7814,24.62902],[89.78142,24.62974],[89.78103,24.62993],[89.78103,24.63011],[89.78044,24.63012],[89.78044,24.6303],[89.78025,24.6303],[89.78026,24.63084],[89.78085,24.63083],[89.78085,24.63101],[89.78125,24.631]]]}},{"type":"Feature","properties":{"kind":"land","ha":5.5},"geometry":{"type":"Polygon","coordinates":[[[89.71983,24.6305],[89.71982,24.62996],[89.72021,24.62978],[89.7202,24.62959],[89.71981,24.6296],[89.7198,24.62942],[89.7202,24.62941],[89.71999,24.62906],[89.7198,24.62906],[89.71979,24.62888],[89.72019,24.62887],[89.72018,24.62869],[89.71999,24.6287],[89.71997,24.62815],[89.72057,24.62814],[89.72057,24.6285],[89.72077,24.6285],[89.72075,24.6276],[89.72114,24.62741],[89.72113,24.62705],[89.72094,24.62705],[89.72093,24.62687],[89.72113,24.62687],[89.72112,24.62651],[89.72093,24.62651],[89.72093,24.62669],[89.72053,24.6267],[89.72053,24.62634],[89.72013,24.62617],[89.72012,24.62599],[89.71894,24.62619],[89.71894,24.62601],[89.71854,24.62601],[89.71855,24.6262],[89.71835,24.6262],[89.71836,24.62674],[89.71856,24.62674],[89.71856,24.62692],[89.71896,24.62691],[89.71896,24.62673],[89.71955,24.62672],[89.71957,24.62762],[89.71937,24.62762],[89.71937,24.6278],[89.71957,24.6278],[89.71957,24.62798],[89.71938,24.62799],[89.71939,24.62853],[89.71919,24.62853],[89.7192,24.62871],[89.71959,24.6287],[89.71961,24.62942],[89.71921,24.62943],[89.71922,24.62961],[89.71902,24.62962],[89.71903,24.62998],[89.71942,24.62997],[89.71942,24.63015],[89.71962,24.63015],[89.71963,24.63051],[89.71983,24.6305]]]}},{"type":"Feature","properties":{"kind":"land","ha":18.2},"geometry":{"type":"Polygon","coordinates":[[[89.77284,24.62574],[89.77266,24.62647],[89.77227,24.62666],[89.77209,24.62738],[89.77169,24.62757],[89.7717,24.62793],[89.77151,24.62794],[89.77151,24.6283],[89.77112,24.62848],[89.77113,24.62866],[89.77093,24.62867],[89.77075,24.62939],[89.77055,24.6294],[89.77056,24.62994],[89.77095,24.62975],[89.77094,24.62939],[89.77134,24.6292],[89.77133,24.62902],[89.77173,24.62901],[89.77172,24.62865],[89.77192,24.62865],[89.77191,24.62847],[89.77231,24.62846],[89.7725,24.6281],[89.77269,24.62809],[89.77269,24.62791],[89.77308,24.62791],[89.77327,24.62754],[89.77347,24.62754],[89.77346,24.62718],[89.77385,24.62699],[89.77385,24.62681],[89.77405,24.62681],[89.77404,24.62663],[89.77424,24.62662],[89.77424,24.62644],[89.77443,24.62644],[89.77443,24.62626],[89.77463,24.62625],[89.77462,24.62607],[89.77502,24.62607],[89.77521,24.6257],[89.7754,24.6257],[89.7754,24.62552],[89.7756,24.62551],[89.77559,24.62533],[89.77599,24.62533],[89.77618,24.62496],[89.77638,24.62496],[89.77637,24.62478],[89.77677,24.62477],[89.77676,24.62459],[89.77696,24.62459],[89.77696,24.62441],[89.77735,24.6244],[89.77754,24.62403],[89.77774,24.62403],[89.77773,24.62385],[89.77793,24.62385],[89.77793,24.62367],[89.77812,24.62366],[89.77812,24.62348],[89.77832,24.62348],[89.77831,24.62312],[89.7787,24.62311],[89.7787,24.62293],[89.77929,24.62292],[89.77929,24.62274],[89.77968,24.62273],[89.77968,24.62255],[89.77988,24.62255],[89.77987,24.62219],[89.78026,24.62218],[89.78027,24.62236],[89.78046,24.62236],[89.78046,24.62217],[89.78086,24.62217],[89.78085,24.62199],[89.78125,24.62198],[89.78144,24.62162],[89.78183,24.62161],[89.78183,24.62143],[89.78202,24.62142],[89.78202,24.62124],[89.7828,24.62105],[89.78299,24.62068],[89.78221,24.62088],[89.78221,24.62106],[89.78182,24.62107],[89.78182,24.62125],[89.78143,24.62125],[89.78124,24.62162],[89.78084,24.62163],[89.78084,24.62145],[89.78064,24.62145],[89.78063,24.62109],[89.78044,24.62109],[89.78006,24.62182],[89.77888,24.62202],[89.77888,24.6222],[89.77829,24.62221],[89.77829,24.6224],[89.77691,24.62242],[89.77692,24.6226],[89.77632,24.62261],[89.77633,24.62279],[89.77593,24.6228],[89.77594,24.62298],[89.77554,24.62299],[89.77535,24.62335],[89.77516,24.62336],[89.77516,24.62354],[89.77496,24.62354],[89.77497,24.62372],[89.77477,24.62372],[89.77477,24.6239],[89.77458,24.62391],[89.77458,24.62409],[89.77438,24.62409],[89.77439,24.62427],[89.77419,24.62428],[89.77419,24.62446],[89.774,24.62446],[89.774,24.62482],[89.77381,24.62482],[89.77381,24.62501],[89.77342,24.62501],[89.77342,24.62537],[89.77303,24.62556],[89.77304,24.62574],[89.77284,24.62574]],[[89.77323,24.62574],[89.77324,24.62592],[89.77304,24.62592],[89.77304,24.62574],[89.77323,24.62574]],[[89.77343,24.62573],[89.77363,24.62573],[89.77404,24.62644],[89.77384,24.62645],[89.77385,24.62663],[89.77345,24.62664],[89.77343,24.62573]],[[89.77362,24.62537],[89.77382,24.62537],[89.77382,24.62555],[89.77362,24.62555],[89.77362,24.62537]]]}},{"type":"Feature","properties":{"kind":"land","ha":5.7},"geometry":{"type":"Polygon","coordinates":[[[89.68133,24.62163],[89.68133,24.62145],[89.68152,24.62145],[89.68151,24.62108],[89.68191,24.62108],[89.6819,24.62072],[89.6815,24.62054],[89.68149,24.62],[89.68169,24.62],[89.68168,24.61964],[89.68188,24.61963],[89.68187,24.61945],[89.68207,24.61945],[89.68204,24.61801],[89.68224,24.618],[89.68223,24.61746],[89.68242,24.61746],[89.68241,24.61674],[89.6832,24.6169],[89.68319,24.61654],[89.6828,24.61655],[89.6826,24.61619],[89.6824,24.6162],[89.68239,24.61601],[89.6822,24.61602],[89.68222,24.6171],[89.68202,24.6171],[89.68203,24.61765],[89.68184,24.61765],[89.68184,24.61783],[89.68145,24.61784],[89.68145,24.61802],[89.68105,24.61802],[89.68087,24.61839],[89.68067,24.61839],[89.68068,24.61875],[89.68028,24.61894],[89.68049,24.6193],[89.68069,24.61929],[89.68068,24.61911],[89.68108,24.61911],[89.68107,24.61893],[89.68167,24.61892],[89.68167,24.6191],[89.68147,24.6191],[89.68148,24.61946],[89.68109,24.61947],[89.6811,24.62001],[89.68071,24.6202],[89.68071,24.62038],[89.68032,24.62038],[89.68032,24.62056],[89.67973,24.62057],[89.67973,24.62094],[89.68013,24.62093],[89.68013,24.62111],[89.68033,24.62111],[89.68034,24.62147],[89.68014,24.62147],[89.68014,24.62165],[89.68133,24.62163]]]}},{"type":"Feature","properties":{"kind":"land","ha":11.6},"geometry":{"type":"Polygon","coordinates":[[[89.69521,24.62427],[89.6952,24.62391],[89.6954,24.6239],[89.69539,24.62354],[89.69559,24.62354],[89.69558,24.62318],[89.69578,24.62318],[89.69577,24.62281],[89.69597,24.62281],[89.69595,24.62227],[89.69635,24.62208],[89.69634,24.62172],[89.69653,24.62172],[89.69653,24.62154],[89.69673,24.62153],[89.69672,24.62117],[89.69711,24.62099],[89.69711,24.62081],[89.69731,24.6208],[89.6973,24.62062],[89.6975,24.62062],[89.69768,24.61989],[89.69807,24.61971],[89.69806,24.61934],[89.69845,24.61916],[89.69864,24.61843],[89.69883,24.61843],[89.69883,24.61807],[89.69922,24.61788],[89.69921,24.61752],[89.69941,24.61752],[89.6994,24.61733],[89.6996,24.61733],[89.69959,24.61697],[89.69979,24.61697],[89.69978,24.61643],[89.70017,24.61624],[89.70035,24.61551],[89.70055,24.61551],[89.70054,24.61515],[89.70074,24.61514],[89.70073,24.61478],[89.70112,24.6146],[89.70111,24.61406],[89.70131,24.61405],[89.7013,24.61369],[89.7015,24.61369],[89.70148,24.61315],[89.70168,24.61314],[89.70167,24.61278],[89.70187,24.61278],[89.70186,24.61242],[89.70225,24.61223],[89.70225,24.61187],[89.70244,24.61187],[89.70243,24.61114],[89.70263,24.61114],[89.70262,24.61078],[89.70282,24.61078],[89.70281,24.61041],[89.70301,24.61041],[89.70299,24.60969],[89.70319,24.60969],[89.70318,24.60914],[89.70278,24.60933],[89.70279,24.60951],[89.70239,24.60952],[89.7024,24.6097],[89.7022,24.6097],[89.70223,24.61115],[89.70203,24.61115],[89.70204,24.61151],[89.70184,24.61151],[89.70185,24.61188],[89.70165,24.61188],[89.70166,24.61224],[89.70146,24.61224],[89.70148,24.61279],[89.70128,24.61279],[89.70129,24.61315],[89.70109,24.61315],[89.7011,24.61351],[89.7009,24.61352],[89.70091,24.61388],[89.70071,24.61388],[89.70072,24.61424],[89.70052,24.61425],[89.70053,24.61461],[89.70033,24.61461],[89.70034,24.61497],[89.69995,24.61516],[89.69995,24.61534],[89.69975,24.61534],[89.69976,24.61552],[89.69956,24.61553],[89.69938,24.61625],[89.69898,24.61626],[89.69899,24.61644],[89.69879,24.61644],[89.6988,24.61698],[89.69841,24.61717],[89.69842,24.61771],[89.69823,24.61772],[89.69823,24.61808],[89.69784,24.61827],[89.69785,24.61845],[89.69765,24.61845],[89.69766,24.61881],[89.69727,24.619],[89.69727,24.61936],[89.69708,24.61936],[89.69708,24.61972],[89.69669,24.61991],[89.6967,24.62027],[89.6965,24.62027],[89.69651,24.62064],[89.69612,24.62082],[89.69594,24.62155],[89.69574,24.62155],[89.69575,24.62191],[89.69555,24.62192],[89.69556,24.62228],[89.69536,24.62228],[89.69537,24.62282],[89.69518,24.62283],[89.69501,24.62427],[89.69521,24.62427]]]}},{"type":"Feature","properties":{"kind":"land","ha":9.3},"geometry":{"type":"Polygon","coordinates":[[[89.71842,24.61122],[89.71841,24.61086],[89.71881,24.61067],[89.71898,24.60958],[89.71918,24.60958],[89.71917,24.60922],[89.71937,24.60921],[89.71935,24.60849],[89.71974,24.6083],[89.71974,24.60812],[89.71993,24.60812],[89.71993,24.60794],[89.72033,24.60793],[89.72052,24.60757],[89.72091,24.60756],[89.72091,24.60738],[89.72071,24.60738],[89.72069,24.60666],[89.72109,24.60666],[89.72108,24.60648],[89.72128,24.60647],[89.72127,24.60575],[89.72146,24.60575],[89.72145,24.60539],[89.72126,24.60539],[89.72125,24.60503],[89.72086,24.60504],[89.72086,24.60522],[89.72027,24.60523],[89.72006,24.60487],[89.71986,24.60487],[89.71986,24.60469],[89.71947,24.60488],[89.71947,24.60506],[89.71967,24.60506],[89.71968,24.60542],[89.71948,24.60542],[89.71949,24.6056],[89.71909,24.60561],[89.7191,24.60597],[89.7189,24.60597],[89.71892,24.60688],[89.71853,24.60706],[89.71854,24.60742],[89.71873,24.60742],[89.71875,24.60814],[89.71895,24.60814],[89.71895,24.60832],[89.71856,24.60833],[89.71855,24.60815],[89.71836,24.60815],[89.71834,24.60761],[89.71815,24.60761],[89.71815,24.60797],[89.71796,24.60798],[89.71816,24.60833],[89.71836,24.60833],[89.71836,24.60851],[89.71856,24.60851],[89.71856,24.60869],[89.71896,24.60868],[89.71897,24.60904],[89.71877,24.60904],[89.71878,24.6094],[89.71858,24.60941],[89.71859,24.60977],[89.71839,24.60977],[89.7184,24.61013],[89.7182,24.61014],[89.71821,24.6105],[89.71782,24.61069],[89.71782,24.61087],[89.71762,24.61087],[89.71783,24.61123],[89.71842,24.61122]]]}},{"type":"Feature","properties":{"kind":"land","ha":5.4},"geometry":{"type":"Polygon","coordinates":[[[89.66195,24.60158],[89.66194,24.60104],[89.66213,24.60103],[89.66213,24.60067],[89.66232,24.60067],[89.66232,24.60049],[89.66291,24.60048],[89.66292,24.60066],[89.66311,24.60065],[89.66311,24.60047],[89.66331,24.60047],[89.6633,24.60011],[89.6635,24.60011],[89.66349,24.59956],[89.66368,24.59956],[89.66367,24.59902],[89.66387,24.59902],[89.66366,24.59866],[89.66327,24.59885],[89.66328,24.59903],[89.66288,24.59903],[89.66268,24.59868],[89.66189,24.59869],[89.6619,24.59923],[89.6617,24.59923],[89.66171,24.59942],[89.66111,24.59943],[89.66111,24.59925],[89.66032,24.59926],[89.66032,24.59944],[89.66013,24.59944],[89.66013,24.5998],[89.66053,24.5998],[89.66053,24.59962],[89.66072,24.59961],[89.66093,24.59997],[89.66112,24.59997],[89.66113,24.60033],[89.66133,24.60032],[89.66135,24.60105],[89.66154,24.60104],[89.66155,24.6014],[89.66175,24.6014],[89.66175,24.60158],[89.66195,24.60158]]]}},{"type":"Feature","properties":{"kind":"land","ha":12.0},"geometry":{"type":"Polygon","coordinates":[[[89.70488,24.60568],[89.70487,24.60532],[89.70507,24.60532],[89.70506,24.60496],[89.70526,24.60496],[89.70525,24.60441],[89.70544,24.60441],[89.70543,24.60405],[89.70563,24.60405],[89.70562,24.60369],[89.70582,24.60368],[89.70581,24.60332],[89.70601,24.60332],[89.70599,24.60223],[89.70619,24.60223],[89.70618,24.60187],[89.70637,24.60187],[89.70637,24.60169],[89.70657,24.60168],[89.70675,24.60096],[89.70695,24.60095],[89.70694,24.60059],[89.70714,24.60059],[89.70713,24.60005],[89.70732,24.60004],[89.70731,24.59968],[89.70751,24.59968],[89.7075,24.59932],[89.7077,24.59932],[89.70769,24.59896],[89.70808,24.59877],[89.70808,24.59841],[89.70827,24.5984],[89.70807,24.59805],[89.70846,24.59804],[89.70865,24.59767],[89.70885,24.59767],[89.70884,24.59713],[89.70904,24.59713],[89.70902,24.59658],[89.70922,24.59658],[89.70921,24.59622],[89.70961,24.59603],[89.7096,24.59585],[89.7098,24.59585],[89.70979,24.59567],[89.70999,24.59566],[89.70998,24.5953],[89.71038,24.59512],[89.71037,24.59494],[89.71057,24.59493],[89.71056,24.59475],[89.70938,24.59477],[89.70938,24.59459],[89.70898,24.5946],[89.70898,24.59442],[89.70819,24.59443],[89.70822,24.59588],[89.70802,24.59588],[89.70803,24.59624],[89.70783,24.59625],[89.70784,24.59661],[89.70764,24.59661],[89.70765,24.59697],[89.70745,24.59697],[89.70746,24.59734],[89.70726,24.59734],[89.70709,24.59842],[89.70689,24.59843],[89.70691,24.59915],[89.70671,24.59915],[89.70672,24.59951],[89.70652,24.59952],[89.70653,24.59988],[89.70633,24.59988],[89.70634,24.60042],[89.70615,24.60043],[89.70615,24.60079],[89.70596,24.60079],[89.70578,24.60188],[89.70559,24.60188],[89.7056,24.60242],[89.7054,24.60243],[89.70541,24.60297],[89.70521,24.60297],[89.70524,24.60423],[89.70504,24.60424],[89.70506,24.60478],[89.70486,24.60478],[89.70487,24.60514],[89.70467,24.60515],[89.70468,24.60569],[89.70488,24.60568]]]}},{"type":"Feature","properties":{"kind":"land","ha":12.6},"geometry":{"type":"Polygon","coordinates":[[[89.65322,24.59975],[89.65321,24.59902],[89.6538,24.59901],[89.65381,24.59955],[89.6542,24.59937],[89.6542,24.59919],[89.6544,24.59918],[89.65438,24.59864],[89.65399,24.59865],[89.65399,24.59847],[89.65379,24.59847],[89.65378,24.59811],[89.65398,24.59811],[89.65397,24.59793],[89.65378,24.59793],[89.65377,24.59739],[89.65416,24.59738],[89.65416,24.5972],[89.65435,24.5972],[89.65437,24.59774],[89.65456,24.59774],[89.65454,24.59683],[89.65474,24.59683],[89.65474,24.59665],[89.65513,24.59664],[89.65513,24.59646],[89.65552,24.59646],[89.65571,24.59609],[89.65591,24.59609],[89.6559,24.59573],[89.65629,24.59554],[89.65628,24.59482],[89.65608,24.59482],[89.65608,24.59464],[89.65627,24.59464],[89.65627,24.59446],[89.65706,24.59444],[89.65706,24.59426],[89.65725,24.59426],[89.65744,24.59353],[89.65763,24.59353],[89.65762,24.59299],[89.65782,24.59299],[89.6578,24.59226],[89.65761,24.59227],[89.65761,24.59263],[89.65742,24.59263],[89.65743,24.59317],[89.65723,24.59318],[89.65724,24.59354],[89.65704,24.59354],[89.65704,24.59372],[89.65665,24.59373],[89.65646,24.59409],[89.65626,24.5941],[89.65627,24.59428],[89.65587,24.59428],[89.65566,24.59357],[89.65546,24.59357],[89.65546,24.59339],[89.65566,24.59338],[89.65564,24.59284],[89.65545,24.59285],[89.65544,24.59267],[89.65505,24.59267],[89.65505,24.59285],[89.65485,24.59286],[89.65487,24.5934],[89.65506,24.5934],[89.65507,24.59376],[89.65527,24.59375],[89.65528,24.59411],[89.65508,24.59412],[89.65508,24.5943],[89.65548,24.59429],[89.65548,24.59447],[89.6541,24.5945],[89.65391,24.59486],[89.65371,24.59486],[89.65372,24.59504],[89.65332,24.59505],[89.65333,24.59523],[89.65313,24.59523],[89.65314,24.5956],[89.65294,24.5956],[89.65295,24.59614],[89.65275,24.59614],[89.65277,24.59687],[89.65257,24.59687],[89.65258,24.59741],[89.65278,24.59741],[89.65279,24.59777],[89.65319,24.59794],[89.65319,24.59812],[89.65339,24.59812],[89.6534,24.59866],[89.653,24.59867],[89.653,24.59849],[89.6528,24.59849],[89.65281,24.59867],[89.65261,24.59867],[89.65262,24.59921],[89.65282,24.59921],[89.65282,24.59957],[89.65302,24.59957],[89.65303,24.59975],[89.65322,24.59975]],[[89.65393,24.59576],[89.65373,24.59577],[89.65373,24.59558],[89.65353,24.59559],[89.65372,24.59522],[89.65411,24.59522],[89.65432,24.59557],[89.65452,24.59557],[89.65452,24.59593],[89.65413,24.59612],[89.65393,24.59576]]]}},{"type":"Feature","properties":{"kind":"land","ha":4.6},"geometry":{"type":"Polygon","coordinates":[[[89.72221,24.58552],[89.72221,24.58534],[89.7224,24.58533],[89.72239,24.58479],[89.72279,24.58497],[89.72279,24.58515],[89.72319,24.58514],[89.72338,24.58477],[89.72357,24.58477],[89.72357,24.58441],[89.72317,24.58424],[89.72316,24.58406],[89.72277,24.58406],[89.72277,24.58388],[89.72237,24.58389],[89.72237,24.58371],[89.72197,24.58372],[89.72197,24.58354],[89.72157,24.58354],[89.72157,24.58336],[89.72118,24.58337],[89.72099,24.58373],[89.72059,24.58374],[89.7206,24.5841],[89.72021,24.58411],[89.72021,24.58429],[89.72001,24.58429],[89.72002,24.58447],[89.72041,24.58447],[89.72041,24.58429],[89.7206,24.58428],[89.72061,24.58446],[89.7208,24.58446],[89.72082,24.58518],[89.72122,24.58535],[89.72122,24.58553],[89.72221,24.58552]],[[89.7218,24.58498],[89.7222,24.58498],[89.72201,24.58534],[89.72161,24.58535],[89.7218,24.58498]]]}},{"type":"Feature","properties":{"kind":"land","ha":4.6},"geometry":{"type":"Polygon","coordinates":[[[89.68453,24.58637],[89.68452,24.58619],[89.68413,24.5862],[89.68412,24.58602],[89.68333,24.58603],[89.68333,24.58585],[89.68274,24.58586],[89.68273,24.58568],[89.68234,24.58569],[89.68234,24.58551],[89.68214,24.58551],[89.68213,24.58533],[89.68016,24.58537],[89.68016,24.58519],[89.67937,24.5852],[89.67936,24.58502],[89.67877,24.58503],[89.67877,24.58485],[89.67818,24.58486],[89.67817,24.58468],[89.67738,24.58452],[89.67717,24.58416],[89.67638,24.58399],[89.67618,24.58364],[89.67598,24.58364],[89.67599,24.584],[89.67639,24.58417],[89.67639,24.58435],[89.67659,24.58435],[89.67659,24.58453],[89.67679,24.58453],[89.67679,24.58471],[89.67699,24.5847],[89.67699,24.58488],[89.67719,24.58488],[89.67719,24.58506],[89.67799,24.58523],[89.67799,24.58541],[89.67839,24.5854],[89.67839,24.58558],[89.67898,24.58557],[89.67898,24.58575],[89.68175,24.5857],[89.68174,24.58552],[89.68194,24.58552],[89.68195,24.58588],[89.68215,24.58588],[89.68215,24.58606],[89.68294,24.58622],[89.68295,24.5864],[89.68453,24.58637]]]}},{"type":"Feature","properties":{"kind":"land","ha":3.4},"geometry":{"type":"Polygon","coordinates":[[[89.66494,24.58438],[89.66494,24.5842],[89.66513,24.58419],[89.66512,24.58365],[89.66493,24.58365],[89.66491,24.58275],[89.66471,24.58276],[89.6647,24.58221],[89.6645,24.58222],[89.66449,24.58186],[89.66429,24.58186],[89.66429,24.5815],[89.66389,24.58133],[89.66389,24.58115],[89.66349,24.58115],[89.6635,24.58151],[89.6633,24.58152],[89.66332,24.58242],[89.66372,24.58259],[89.66373,24.58295],[89.66392,24.58295],[89.66394,24.58385],[89.66414,24.58385],[89.66415,24.58439],[89.66494,24.58438]],[[89.6637,24.58187],[89.66409,24.58168],[89.66391,24.58241],[89.66371,24.58241],[89.6637,24.58187]]]}},{"type":"Feature","properties":{"kind":"land","ha":9.5},"geometry":{"type":"Polygon","coordinates":[[[89.6861,24.58617],[89.6861,24.58599],[89.68649,24.58598],[89.68668,24.58561],[89.68688,24.58561],[89.68687,24.58543],[89.68707,24.58543],[89.68707,24.58525],[89.68726,24.58524],[89.68745,24.58452],[89.68764,24.58451],[89.68761,24.58289],[89.68741,24.58289],[89.6874,24.58217],[89.6872,24.58218],[89.68719,24.58181],[89.68699,24.58182],[89.68699,24.58164],[89.68719,24.58163],[89.68718,24.58109],[89.68698,24.5811],[89.68696,24.58037],[89.68677,24.58038],[89.68675,24.57984],[89.68636,24.57966],[89.68635,24.57948],[89.68576,24.57949],[89.68579,24.58094],[89.68599,24.58093],[89.686,24.58129],[89.6858,24.5813],[89.68583,24.58292],[89.68603,24.58292],[89.68607,24.5849],[89.68588,24.58491],[89.6859,24.58599],[89.6855,24.586],[89.68551,24.58618],[89.6861,24.58617]]]}},{"type":"Feature","properties":{"kind":"land","ha":4.2},"geometry":{"type":"Polygon","coordinates":[[[89.69116,24.58265],[89.69115,24.5821],[89.69134,24.5821],[89.69134,24.58174],[89.69153,24.58174],[89.69133,24.58138],[89.69093,24.58139],[89.69093,24.58103],[89.69112,24.58102],[89.69112,24.58084],[89.69211,24.58082],[89.69209,24.5801],[89.69169,24.57993],[89.69169,24.57975],[89.69149,24.57975],[89.69149,24.57957],[89.69168,24.57957],[89.69167,24.57885],[89.69127,24.57885],[89.69108,24.57922],[89.69089,24.57922],[89.69091,24.58048],[89.69052,24.58049],[89.69053,24.58103],[89.69033,24.58104],[89.69034,24.5814],[89.69014,24.5814],[89.69015,24.58176],[89.68995,24.58177],[89.68997,24.58231],[89.69016,24.5823],[89.69017,24.58248],[89.68997,24.58249],[89.68997,24.58267],[89.69057,24.58266],[89.69056,24.58248],[89.69076,24.58247],[89.69077,24.58283],[89.69116,24.58265]]]}},{"type":"Feature","properties":{"kind":"land","ha":38.6},"geometry":{"type":"Polygon","coordinates":[[[89.71247,24.59165],[89.71246,24.59129],[89.71266,24.59128],[89.71265,24.59092],[89.71285,24.59092],[89.71284,24.59038],[89.71323,24.59019],[89.7134,24.58911],[89.7136,24.5891],[89.71359,24.58856],[89.71379,24.58856],[89.71378,24.5882],[89.71398,24.58819],[89.71396,24.58747],[89.71416,24.58747],[89.7141,24.58494],[89.7143,24.58494],[89.71428,24.58386],[89.71448,24.58385],[89.71442,24.58151],[89.71423,24.58151],[89.71422,24.58133],[89.71442,24.58133],[89.71441,24.5806],[89.71421,24.58061],[89.71419,24.57971],[89.71399,24.57971],[89.71396,24.57827],[89.71376,24.57827],[89.71375,24.57755],[89.71355,24.57755],[89.71354,24.57701],[89.71334,24.57701],[89.71333,24.57647],[89.71313,24.57648],[89.71312,24.57593],[89.71292,24.57594],[89.71291,24.57522],[89.7131,24.57521],[89.71309,24.57431],[89.71289,24.57431],[89.7129,24.57486],[89.7127,24.57486],[89.71271,24.5754],[89.71252,24.5754],[89.71236,24.57721],[89.71216,24.57722],[89.71217,24.57758],[89.71197,24.57758],[89.71181,24.57903],[89.71161,24.57903],[89.71162,24.57975],[89.71143,24.57976],[89.71143,24.58012],[89.71183,24.58029],[89.71184,24.58047],[89.71144,24.58048],[89.71145,24.58084],[89.71125,24.58084],[89.71127,24.58174],[89.71107,24.58175],[89.71108,24.58211],[89.71128,24.5821],[89.71133,24.58445],[89.71113,24.58445],[89.71117,24.58608],[89.71136,24.58607],[89.71138,24.58698],[89.71158,24.58697],[89.71159,24.58751],[89.71179,24.58751],[89.7118,24.58787],[89.7122,24.58804],[89.7122,24.58822],[89.71141,24.58824],[89.71142,24.5886],[89.71103,24.58879],[89.71108,24.59095],[89.71127,24.59095],[89.71128,24.59131],[89.71148,24.59131],[89.71148,24.59149],[89.71227,24.59147],[89.71227,24.59165],[89.71247,24.59165]],[[89.71192,24.58444],[89.71212,24.58444],[89.71211,24.58407],[89.7127,24.58406],[89.71271,24.58461],[89.71252,24.58461],[89.71252,24.58479],[89.71213,24.5848],[89.71192,24.58444]],[[89.71152,24.58391],[89.71171,24.5839],[89.71172,24.58408],[89.71152,24.58409],[89.71152,24.58391]],[[89.7127,24.5837],[89.7125,24.58371],[89.71249,24.58335],[89.71229,24.58335],[89.71229,24.58299],[89.71209,24.58299],[89.71208,24.58263],[89.71228,24.58263],[89.71226,24.58191],[89.71206,24.58191],[89.71203,24.58029],[89.71223,24.58028],[89.71221,24.57956],[89.71261,24.57973],[89.71262,24.58028],[89.71282,24.58027],[89.71286,24.58226],[89.71306,24.58225],[89.71307,24.58261],[89.71287,24.58262],[89.71288,24.58316],[89.71308,24.58315],[89.71308,24.58334],[89.71288,24.58334],[89.7129,24.58388],[89.7127,24.58388],[89.7127,24.5837]],[[89.71147,24.58174],[89.71167,24.58174],[89.71167,24.5821],[89.71148,24.5821],[89.71147,24.58174]],[[89.71219,24.57848],[89.71239,24.57847],[89.71239,24.57865],[89.71259,24.57865],[89.71259,24.57901],[89.7122,24.57902],[89.71219,24.57848]]]}},{"type":"Feature","properties":{"kind":"land","ha":7.9},"geometry":{"type":"Polygon","coordinates":[[[89.69306,24.57936],[89.69305,24.57864],[89.69324,24.57864],[89.69323,24.57828],[89.69363,24.57809],[89.69362,24.57791],[89.69342,24.57791],[89.69341,24.57737],[89.69322,24.57737],[89.69319,24.57629],[89.69339,24.57629],[89.69338,24.57593],[89.69358,24.57592],[89.69357,24.57556],[89.69377,24.57556],[89.69377,24.57538],[89.69357,24.57538],[89.69355,24.57466],[89.69375,24.57466],[89.69373,24.57376],[89.69353,24.57376],[89.69353,24.57358],[89.69313,24.57359],[89.69313,24.57341],[89.69274,24.57341],[89.69273,24.57323],[89.69214,24.57324],[89.69235,24.57396],[89.69196,24.57415],[89.69197,24.57451],[89.69237,24.57468],[89.69238,24.5754],[89.69199,24.57559],[89.692,24.57595],[89.6918,24.57596],[89.69181,24.57614],[89.69161,24.57614],[89.69162,24.5765],[89.69182,24.5765],[89.69182,24.57686],[89.69222,24.57703],[89.69223,24.57721],[89.69262,24.5772],[89.69282,24.57756],[89.69322,24.57756],[89.69303,24.57792],[89.69244,24.57793],[89.69244,24.57811],[89.69205,24.57812],[89.69205,24.5783],[89.69185,24.5783],[89.69206,24.57866],[89.69226,24.57866],[89.69226,24.57884],[89.69246,24.57883],[89.69246,24.57901],[89.69266,24.57901],[89.69266,24.57919],[89.69286,24.57919],[89.69286,24.57937],[89.69306,24.57936]]]}},{"type":"Feature","properties":{"kind":"land","ha":4.2},"geometry":{"type":"Polygon","coordinates":[[[89.80797,24.57221],[89.80797,24.57203],[89.80836,24.57202],[89.80836,24.57184],[89.80856,24.57184],[89.80855,24.5713],[89.80835,24.5713],[89.80834,24.57094],[89.80794,24.57077],[89.80794,24.57059],[89.80774,24.57059],[89.80774,24.57041],[89.80754,24.57041],[89.80753,24.57023],[89.80734,24.57024],[89.80733,24.57006],[89.80714,24.57006],[89.80692,24.56934],[89.80673,24.56934],[89.80672,24.56898],[89.80593,24.569],[89.80615,24.57008],[89.80635,24.57007],[89.80636,24.57062],[89.80656,24.57061],[89.80656,24.57079],[89.80636,24.5708],[89.80637,24.57116],[89.80657,24.57115],[89.80658,24.57187],[89.80698,24.57187],[89.80697,24.57151],[89.80717,24.5715],[89.80716,24.57132],[89.80776,24.57131],[89.80777,24.57185],[89.80738,24.57204],[89.80738,24.57222],[89.80797,24.57221]]]}},{"type":"Feature","properties":{"kind":"land","ha":10.1},"geometry":{"type":"Polygon","coordinates":[[[89.68999,24.574],[89.68998,24.57382],[89.69038,24.57382],[89.69037,24.57363],[89.69156,24.57379],[89.69155,24.57343],[89.69175,24.57343],[89.69175,24.57325],[89.69155,24.57325],[89.69153,24.57253],[89.69173,24.57253],[89.69172,24.57217],[89.69133,24.57217],[89.69133,24.57235],[89.69035,24.57237],[89.69034,24.57201],[89.68994,24.57202],[89.68975,24.57238],[89.68956,24.57239],[89.68935,24.57203],[89.68915,24.57203],[89.68915,24.57185],[89.68895,24.57186],[89.6891,24.56933],[89.68929,24.56932],[89.68929,24.56896],[89.68909,24.56896],[89.68908,24.56878],[89.68988,24.56895],[89.68986,24.56805],[89.68907,24.56806],[89.68908,24.5686],[89.68869,24.56861],[89.68868,24.56843],[89.68848,24.56843],[89.68848,24.56807],[89.68867,24.56807],[89.68866,24.56735],[89.68807,24.56736],[89.6881,24.5688],[89.6879,24.56881],[89.6879,24.56899],[89.6883,24.56898],[89.6883,24.56916],[89.6885,24.56916],[89.68852,24.57006],[89.68832,24.57006],[89.68833,24.5706],[89.68814,24.57061],[89.68815,24.57115],[89.68795,24.57115],[89.68797,24.57223],[89.68817,24.57223],[89.68818,24.57259],[89.68838,24.57259],[89.68838,24.57277],[89.68858,24.57276],[89.68879,24.57348],[89.68899,24.57348],[89.68899,24.57366],[89.68978,24.57365],[89.68979,24.57401],[89.68999,24.574]]]}},{"type":"Feature","properties":{"kind":"land","ha":3.2},"geometry":{"type":"Polygon","coordinates":[[[89.71595,24.56993],[89.71594,24.56957],[89.71633,24.56938],[89.71633,24.5692],[89.71653,24.56919],[89.71652,24.56901],[89.71672,24.56901],[89.71671,24.56829],[89.7171,24.5681],[89.71709,24.56792],[89.71729,24.56792],[89.71729,24.56774],[89.71748,24.56773],[89.71748,24.56755],[89.71807,24.56754],[89.71807,24.56736],[89.71826,24.56736],[89.71825,24.56682],[89.71864,24.56663],[89.71864,24.56627],[89.71883,24.56626],[89.71883,24.56608],[89.71843,24.56609],[89.71824,24.56646],[89.71805,24.56646],[89.71805,24.56664],[89.71785,24.56664],[89.71786,24.56682],[89.71766,24.56683],[89.71767,24.56719],[89.71727,24.5672],[89.71727,24.56683],[89.71707,24.56684],[89.71706,24.56666],[89.71667,24.56685],[89.71668,24.56721],[89.71648,24.56721],[89.7165,24.56793],[89.7163,24.56793],[89.71631,24.56848],[89.71612,24.56848],[89.71613,24.56884],[89.71593,24.56884],[89.71594,24.56921],[89.71574,24.56921],[89.71575,24.56957],[89.71555,24.56957],[89.71556,24.57011],[89.71595,24.56993]]]}},{"type":"Feature","properties":{"kind":"land","ha":12.9},"geometry":{"type":"Polygon","coordinates":[[[89.80976,24.57272],[89.80976,24.57254],[89.81015,24.57253],[89.81015,24.57235],[89.81035,24.57235],[89.81034,24.57217],[89.81074,24.57216],[89.81073,24.57198],[89.81093,24.57197],[89.81111,24.57125],[89.8115,24.57106],[89.81149,24.5707],[89.81169,24.5707],[89.81169,24.57052],[89.81188,24.57051],[89.81187,24.57015],[89.81227,24.56996],[89.81226,24.56978],[89.81246,24.56978],[89.81264,24.56905],[89.81284,24.56905],[89.81283,24.56869],[89.81322,24.5685],[89.81322,24.56832],[89.81341,24.56832],[89.81341,24.56814],[89.81361,24.56813],[89.8136,24.56795],[89.8138,24.56795],[89.8138,24.56777],[89.81399,24.56777],[89.81417,24.56704],[89.81437,24.56704],[89.81436,24.56668],[89.81475,24.56649],[89.81475,24.56631],[89.81495,24.5663],[89.81513,24.56558],[89.81533,24.56557],[89.81532,24.56521],[89.81571,24.56503],[89.8157,24.56448],[89.81589,24.56448],[89.81588,24.56394],[89.81608,24.56394],[89.81607,24.56358],[89.81568,24.56376],[89.81568,24.56394],[89.81549,24.56395],[89.81549,24.56431],[89.8151,24.5645],[89.81511,24.56468],[89.81491,24.56468],[89.81491,24.56486],[89.81472,24.56486],[89.81472,24.56504],[89.81452,24.56505],[89.81453,24.56523],[89.81433,24.56523],[89.81433,24.56541],[89.81414,24.56542],[89.81414,24.5656],[89.81394,24.5656],[89.81395,24.56578],[89.81375,24.56578],[89.81375,24.56596],[89.81356,24.56597],[89.81356,24.56615],[89.81336,24.56615],[89.81337,24.56633],[89.81317,24.56634],[89.81318,24.56652],[89.81298,24.56652],[89.81298,24.5667],[89.81278,24.5667],[89.81279,24.56689],[89.81259,24.56689],[89.8126,24.56725],[89.81221,24.56744],[89.81221,24.56762],[89.81202,24.56762],[89.81203,24.56816],[89.81164,24.56835],[89.81146,24.56908],[89.81126,24.56908],[89.81127,24.56962],[89.81088,24.56981],[89.81089,24.57017],[89.81069,24.57017],[89.8107,24.57071],[89.81031,24.5709],[89.81032,24.57108],[89.81012,24.57109],[89.81012,24.57127],[89.80993,24.57127],[89.80993,24.57163],[89.80954,24.57182],[89.80955,24.572],[89.80915,24.57201],[89.80916,24.57219],[89.80837,24.5722],[89.80837,24.57238],[89.80817,24.57239],[89.80818,24.57257],[89.80857,24.57256],[89.80858,24.57274],[89.80976,24.57272]]]}},{"type":"Feature","properties":{"kind":"land","ha":5.2},"geometry":{"type":"Polygon","coordinates":[[[89.7032,24.56456],[89.7032,24.56438],[89.7034,24.56438],[89.70338,24.56365],[89.70318,24.56366],[89.70317,24.56312],[89.70337,24.56311],[89.70337,24.56293],[89.70416,24.56292],[89.70416,24.5631],[89.70475,24.56309],[89.70474,24.56237],[89.70434,24.56237],[89.70434,24.56219],[89.70335,24.56221],[89.70335,24.56203],[89.70315,24.56203],[89.70314,24.56167],[89.70354,24.56167],[89.70353,24.56113],[89.70293,24.56114],[89.70295,24.56186],[89.70275,24.56186],[89.70275,24.56168],[89.70216,24.56169],[89.70216,24.56187],[89.70177,24.56188],[89.7018,24.56332],[89.70219,24.5635],[89.7022,24.56368],[89.70259,24.56367],[89.7026,24.56385],[89.70279,24.56385],[89.70281,24.56457],[89.7032,24.56456]]]}},{"type":"Feature","properties":{"kind":"land","ha":3.6},"geometry":{"type":"Polygon","coordinates":[[[89.67768,24.56141],[89.67767,24.56087],[89.67786,24.56086],[89.67786,24.5605],[89.67825,24.56031],[89.67824,24.55995],[89.67844,24.55995],[89.67842,24.55905],[89.67802,24.55887],[89.67801,24.55869],[89.67762,24.5587],[89.67761,24.55834],[89.67702,24.55835],[89.67683,24.55871],[89.67644,24.55872],[89.67644,24.5589],[89.67624,24.55891],[89.67625,24.55909],[89.67565,24.5591],[89.67566,24.55928],[89.67546,24.55928],[89.67547,24.55946],[89.67645,24.55944],[89.67664,24.55908],[89.67704,24.55907],[89.67703,24.55889],[89.67743,24.55888],[89.67743,24.55906],[89.67763,24.55906],[89.67764,24.55942],[89.67724,24.55961],[89.67725,24.55979],[89.67705,24.55979],[89.67729,24.56159],[89.67768,24.56141]]]}},{"type":"Feature","properties":{"kind":"land","ha":6.0},"geometry":{"type":"Polygon","coordinates":[[[89.82569,24.56141],[89.82569,24.56123],[89.82588,24.56123],[89.82607,24.5605],[89.82626,24.5605],[89.82625,24.56014],[89.82665,24.55995],[89.82664,24.55959],[89.82683,24.55958],[89.82683,24.5594],[89.82703,24.5594],[89.82721,24.55867],[89.82741,24.55867],[89.8274,24.55831],[89.82759,24.55831],[89.82758,24.55776],[89.82778,24.55776],[89.82777,24.55722],[89.82797,24.55722],[89.82794,24.55631],[89.82814,24.55631],[89.82807,24.55288],[89.82826,24.55288],[89.82822,24.55107],[89.82802,24.55108],[89.82806,24.5527],[89.82786,24.55271],[89.82788,24.55361],[89.82769,24.55361],[89.8277,24.55415],[89.8275,24.55416],[89.82754,24.55578],[89.82734,24.55578],[89.82736,24.55651],[89.82716,24.55651],[89.82717,24.55705],[89.82697,24.55705],[89.82699,24.55778],[89.82679,24.55778],[89.82681,24.55832],[89.82661,24.55832],[89.82662,24.55887],[89.82642,24.55887],[89.82643,24.55923],[89.82623,24.55923],[89.82625,24.55977],[89.82605,24.55978],[89.82606,24.56014],[89.82586,24.56014],[89.82587,24.5605],[89.82567,24.56051],[89.82568,24.56087],[89.82548,24.56087],[89.82549,24.56123],[89.82529,24.56124],[89.8253,24.5616],[89.82569,24.56141]]]}},{"type":"Feature","properties":{"kind":"land","ha":10.6},"geometry":{"type":"Polygon","coordinates":[[[89.68877,24.55417],[89.68873,24.55218],[89.68893,24.55218],[89.68891,24.55128],[89.68911,24.55128],[89.6891,24.55091],[89.68929,24.55091],[89.68929,24.55055],[89.68948,24.55055],[89.68947,24.55001],[89.68986,24.54982],[89.68984,24.54892],[89.69004,24.54891],[89.69003,24.54819],[89.68963,24.54802],[89.68962,24.54784],[89.68943,24.54784],[89.68942,24.54748],[89.68922,24.54748],[89.68921,24.54712],[89.68902,24.54713],[89.68901,24.54676],[89.68881,24.54677],[89.68881,24.54659],[89.68802,24.5466],[89.68803,24.54696],[89.68764,24.54715],[89.68745,24.54788],[89.68726,24.54788],[89.68726,24.54824],[89.68766,24.54805],[89.68765,24.54787],[89.68785,24.54787],[89.68786,24.54841],[89.68766,24.54841],[89.68771,24.5504],[89.6879,24.55039],[89.68791,24.55076],[89.68811,24.55075],[89.68813,24.55165],[89.68853,24.55183],[89.68854,24.55237],[89.68834,24.55237],[89.68836,24.55327],[89.68856,24.55327],[89.68857,24.55381],[89.68837,24.55382],[89.68837,24.554],[89.68857,24.55399],[89.68858,24.55417],[89.68877,24.55417]]]}},{"type":"Feature","properties":{"kind":"land","ha":8.1},"geometry":{"type":"Polygon","coordinates":[[[89.71046,24.54421],[89.71046,24.54385],[89.71065,24.54385],[89.71064,24.54313],[89.71142,24.54293],[89.71161,24.54257],[89.71201,24.54256],[89.71201,24.54274],[89.71221,24.54274],[89.71219,24.54202],[89.712,24.54202],[89.71198,24.54148],[89.71159,24.54131],[89.71158,24.54095],[89.71138,24.54095],[89.71137,24.54041],[89.71117,24.54041],[89.71116,24.53987],[89.71096,24.53987],[89.71095,24.53951],[89.70957,24.53954],[89.70958,24.53972],[89.70938,24.53972],[89.7094,24.54044],[89.7092,24.54045],[89.70921,24.54081],[89.7094,24.5408],[89.70941,24.54116],[89.70981,24.54134],[89.70981,24.54152],[89.71001,24.54151],[89.70983,24.54224],[89.71003,24.54224],[89.71003,24.5426],[89.71043,24.54259],[89.71044,24.54313],[89.71005,24.54332],[89.71007,24.54404],[89.70967,24.54423],[89.70968,24.54441],[89.71046,24.54421]],[[89.71101,24.54222],[89.71121,24.54222],[89.71121,24.5424],[89.71102,24.5424],[89.71101,24.54222]]]}},{"type":"Feature","properties":{"kind":"land","ha":4.3},"geometry":{"type":"Polygon","coordinates":[[[89.70487,24.54125],[89.70486,24.5407],[89.70525,24.54052],[89.70525,24.54034],[89.70545,24.54033],[89.70544,24.53979],[89.70524,24.5398],[89.70523,24.53925],[89.70503,24.53926],[89.70502,24.53872],[89.70482,24.53872],[89.70481,24.538],[89.70441,24.53783],[89.7044,24.53746],[89.7042,24.53747],[89.70439,24.5371],[89.70399,24.53693],[89.70401,24.53765],[89.70381,24.53766],[89.70386,24.53982],[89.70405,24.53982],[89.70407,24.54054],[89.70447,24.54071],[89.70448,24.54107],[89.70467,24.54107],[89.70468,24.54125],[89.70487,24.54125]]]}},{"type":"Feature","properties":{"kind":"land","ha":43.5},"geometry":{"type":"Polygon","coordinates":[[[89.72094,24.55395],[89.72093,24.55359],[89.72112,24.55359],[89.7213,24.5525],[89.7215,24.5525],[89.72129,24.55214],[89.72168,24.55195],[89.72166,24.55105],[89.72186,24.55105],[89.72185,24.55051],[89.72204,24.5505],[89.72204,24.55014],[89.72223,24.55014],[89.72223,24.54996],[89.72243,24.54995],[89.72241,24.54923],[89.72261,24.54923],[89.7226,24.54887],[89.7228,24.54887],[89.72279,24.5485],[89.72318,24.54832],[89.72317,24.54796],[89.72337,24.54795],[89.72354,24.54687],[89.72374,24.54686],[89.72373,24.54632],[89.72393,24.54632],[89.72392,24.54596],[89.72412,24.54595],[89.72411,24.54541],[89.7243,24.54541],[89.72429,24.54469],[89.72448,24.54468],[89.72448,24.54432],[89.72467,24.54432],[89.72466,24.5436],[89.72446,24.5436],[89.72446,24.54378],[89.72407,24.54379],[89.72406,24.54343],[89.72445,24.54324],[89.72443,24.54198],[89.72482,24.54197],[89.72482,24.54179],[89.72462,24.54179],[89.72461,24.54125],[89.72441,24.54126],[89.7244,24.54089],[89.7246,24.54089],[89.72458,24.54017],[89.72478,24.54017],[89.72477,24.53944],[89.72457,24.53945],[89.72455,24.53873],[89.72436,24.53873],[89.72433,24.53765],[89.72413,24.53765],[89.72412,24.53693],[89.72392,24.53693],[89.72388,24.53513],[89.72369,24.53513],[89.72364,24.53315],[89.72345,24.53315],[89.72346,24.53369],[89.72326,24.5337],[89.72327,24.53406],[89.72307,24.53406],[89.7231,24.5355],[89.7229,24.53551],[89.72292,24.53623],[89.72272,24.53623],[89.72275,24.53731],[89.72255,24.53732],[89.72257,24.53822],[89.72237,24.53822],[89.72238,24.5384],[89.72257,24.5384],[89.72258,24.53876],[89.72238,24.53876],[89.72239,24.53913],[89.72219,24.53913],[89.7222,24.53931],[89.722,24.53931],[89.72202,24.54003],[89.72182,24.54004],[89.72184,24.54094],[89.72164,24.54094],[89.72167,24.54239],[89.72147,24.54239],[89.72149,24.54329],[89.7213,24.5433],[89.72131,24.54402],[89.72112,24.54402],[89.72115,24.54565],[89.72095,24.54565],[89.72097,24.54655],[89.72078,24.54656],[89.72085,24.55016],[89.72066,24.55017],[89.72067,24.55089],[89.72087,24.55089],[89.72087,24.55107],[89.72068,24.55107],[89.72069,24.55161],[89.72049,24.55161],[89.7205,24.55216],[89.7207,24.55215],[89.72074,24.55396],[89.72094,24.55395]],[[89.72121,24.54853],[89.72141,24.54853],[89.72141,24.54835],[89.7218,24.54834],[89.7218,24.54852],[89.722,24.54852],[89.72201,24.54888],[89.72181,24.54888],[89.72182,24.54906],[89.72122,24.54907],[89.72121,24.54853]],[[89.72138,24.54709],[89.72158,24.54708],[89.72158,24.54726],[89.72138,24.54727],[89.72138,24.54709]],[[89.72349,24.54416],[89.72368,24.54416],[89.72368,24.54398],[89.72407,24.54397],[89.72389,24.54469],[89.7235,24.5447],[89.72349,24.54416]]]}},{"type":"Feature","properties":{"kind":"land","ha":7.4},"geometry":{"type":"Polygon","coordinates":[[[89.703,24.53659],[89.70298,24.53568],[89.70318,24.53568],[89.70317,24.53532],[89.70356,24.53513],[89.70356,24.53495],[89.70474,24.53511],[89.70495,24.53547],[89.70534,24.53546],[89.70534,24.53528],[89.70514,24.53528],[89.70513,24.53492],[89.70474,24.53475],[89.70472,24.53403],[89.70452,24.53403],[89.70452,24.53367],[89.70432,24.53368],[89.70426,24.53079],[89.70445,24.53078],[89.70444,24.53024],[89.70464,24.53024],[89.70463,24.52988],[89.70483,24.52988],[89.70482,24.52951],[89.70502,24.52951],[89.70501,24.52933],[89.70442,24.52934],[89.70423,24.52971],[89.70384,24.52971],[89.70384,24.52989],[89.70364,24.5299],[89.70385,24.53025],[89.70405,24.53025],[89.70405,24.53061],[89.70386,24.53061],[89.70387,24.53116],[89.70407,24.53115],[89.70407,24.53151],[89.70388,24.53152],[89.70388,24.53188],[89.70349,24.53207],[89.7035,24.53225],[89.7033,24.53225],[89.70313,24.53334],[89.70293,24.53334],[89.70294,24.53406],[89.70275,24.53406],[89.70277,24.53533],[89.70258,24.53533],[89.70259,24.53569],[89.70278,24.53569],[89.7028,24.53659],[89.703,24.53659]]]}},{"type":"Feature","properties":{"kind":"land","ha":8.2},"geometry":{"type":"Polygon","coordinates":[[[89.70983,24.53303],[89.70981,24.53213],[89.70961,24.53214],[89.7096,24.53178],[89.70941,24.53178],[89.7094,24.53124],[89.70959,24.53123],[89.70957,24.53033],[89.70977,24.53033],[89.70976,24.52979],[89.70996,24.52978],[89.70995,24.52942],[89.71015,24.52942],[89.71013,24.5287],[89.71033,24.52869],[89.71031,24.52779],[89.71051,24.52779],[89.71049,24.52725],[89.71069,24.52724],[89.71068,24.52652],[89.71087,24.52652],[89.71086,24.52598],[89.71106,24.52597],[89.71105,24.52543],[89.71124,24.52543],[89.71121,24.52398],[89.71102,24.52399],[89.71097,24.52182],[89.71058,24.52201],[89.71061,24.52363],[89.71022,24.52382],[89.71023,24.52418],[89.71003,24.52419],[89.71006,24.52527],[89.70986,24.52527],[89.70989,24.5269],[89.7097,24.5269],[89.70972,24.52798],[89.70952,24.52799],[89.70955,24.52925],[89.70935,24.52925],[89.70937,24.53015],[89.70918,24.53016],[89.70922,24.53214],[89.70942,24.53214],[89.70942,24.5325],[89.70962,24.5325],[89.70963,24.53304],[89.70983,24.53303]]]}},{"type":"Feature","properties":{"kind":"land","ha":5.3},"geometry":{"type":"Polygon","coordinates":[[[89.72452,24.52808],[89.7245,24.52736],[89.7247,24.52735],[89.72469,24.52681],[89.72449,24.52681],[89.72446,24.52519],[89.72465,24.52519],[89.72463,24.5241],[89.72443,24.52411],[89.72441,24.52302],[89.72421,24.52303],[89.7244,24.52266],[89.72421,24.52267],[89.72415,24.52014],[89.72395,24.52015],[89.72397,24.52105],[89.72378,24.52105],[89.72382,24.52286],[89.72362,24.52286],[89.72365,24.52412],[89.72384,24.52412],[89.72386,24.52484],[89.72366,24.52484],[89.7237,24.52683],[89.7239,24.52682],[89.72391,24.52719],[89.72411,24.52718],[89.72412,24.5279],[89.72432,24.5279],[89.72432,24.52808],[89.72452,24.52808]]]}},{"type":"Feature","properties":{"kind":"land","ha":3.2},"geometry":{"type":"Polygon","coordinates":[[[89.8125,24.51834],[89.81249,24.51816],[89.81269,24.51816],[89.81268,24.51779],[89.81248,24.5178],[89.81247,24.51744],[89.81228,24.51744],[89.81227,24.5169],[89.81207,24.5169],[89.81206,24.51672],[89.81246,24.51672],[89.81245,24.51653],[89.81265,24.51653],[89.81264,24.51581],[89.81244,24.51581],[89.81243,24.51563],[89.81263,24.51563],[89.81262,24.51491],[89.81222,24.51491],[89.81223,24.5151],[89.81203,24.5151],[89.81204,24.51582],[89.81145,24.51583],[89.81145,24.51565],[89.81125,24.51565],[89.81126,24.51584],[89.81106,24.51584],[89.81126,24.5162],[89.81146,24.51619],[89.81146,24.51637],[89.81127,24.51638],[89.81127,24.51656],[89.81088,24.51656],[89.81108,24.51692],[89.81148,24.51691],[89.81148,24.51709],[89.81168,24.51709],[89.81189,24.51781],[89.81209,24.51781],[89.8121,24.51835],[89.8125,24.51834]]]}},{"type":"Feature","properties":{"kind":"land","ha":8.4},"geometry":{"type":"Polygon","coordinates":[[[89.70723,24.52225],[89.70742,24.52189],[89.70762,24.52188],[89.70761,24.5217],[89.70801,24.5217],[89.708,24.52152],[89.7082,24.52151],[89.70819,24.52115],[89.70918,24.52113],[89.70918,24.52131],[89.70958,24.52131],[89.70936,24.52059],[89.70897,24.5206],[89.70897,24.52042],[89.70877,24.52042],[89.70877,24.5206],[89.70818,24.52061],[89.70818,24.52079],[89.70779,24.52062],[89.70776,24.51917],[89.70815,24.51899],[89.70814,24.51881],[89.70854,24.5188],[89.70853,24.51862],[89.70834,24.51862],[89.70833,24.51826],[89.70813,24.51826],[89.70812,24.5179],[89.70793,24.51791],[89.70792,24.51755],[89.70772,24.51755],[89.70789,24.51646],[89.70809,24.51646],[89.70808,24.51592],[89.70828,24.51592],[89.70827,24.51573],[89.70808,24.51574],[89.70807,24.51538],[89.70787,24.51538],[89.70788,24.51574],[89.70749,24.51593],[89.70749,24.51611],[89.7073,24.51611],[89.70711,24.51684],[89.70672,24.51685],[89.70694,24.51792],[89.70714,24.51792],[89.70717,24.51936],[89.70678,24.51955],[89.70678,24.51991],[89.70659,24.51992],[89.70659,24.5201],[89.70679,24.52009],[89.7068,24.52045],[89.7066,24.52046],[89.70661,24.52118],[89.70681,24.52118],[89.70682,24.52136],[89.70662,24.52136],[89.70663,24.52208],[89.70683,24.52208],[89.70684,24.52226],[89.70723,24.52225]]]}},{"type":"Feature","properties":{"kind":"land","ha":18.9},"geometry":{"type":"Polygon","coordinates":[[[89.68774,24.5244],[89.68774,24.52404],[89.68793,24.52404],[89.68793,24.52368],[89.68812,24.52368],[89.68811,24.52332],[89.68831,24.52331],[89.6883,24.52295],[89.6885,24.52295],[89.68849,24.52259],[89.68869,24.52258],[89.68868,24.52222],[89.68888,24.52222],[89.68887,24.52186],[89.68926,24.52167],[89.68926,24.52149],[89.68946,24.52149],[89.68945,24.52131],[89.68965,24.5213],[89.68965,24.52112],[89.68984,24.52112],[89.68984,24.52094],[89.69004,24.52093],[89.69003,24.52075],[89.69023,24.52075],[89.69023,24.52057],[89.69042,24.52057],[89.69042,24.52039],[89.69062,24.52038],[89.69061,24.52002],[89.691,24.51983],[89.691,24.51965],[89.69119,24.51965],[89.69119,24.51947],[89.69139,24.51947],[89.69138,24.51929],[89.69178,24.51928],[89.69177,24.51892],[89.69216,24.51873],[89.69216,24.51855],[89.69235,24.51855],[89.69235,24.51819],[89.69274,24.518],[89.69273,24.51764],[89.69312,24.51745],[89.6933,24.51672],[89.6935,24.51672],[89.69349,24.51618],[89.69368,24.51618],[89.69367,24.51564],[89.69387,24.51563],[89.69386,24.51527],[89.69406,24.51527],[89.69406,24.51509],[89.69425,24.51508],[89.69443,24.51436],[89.69463,24.51435],[89.69462,24.51399],[89.69482,24.51399],[89.6948,24.51291],[89.695,24.5129],[89.69499,24.51254],[89.69518,24.51254],[89.69516,24.51146],[89.69477,24.51164],[89.69478,24.51201],[89.69458,24.51201],[89.69459,24.51255],[89.6944,24.51255],[89.6944,24.51291],[89.69401,24.5131],[89.69402,24.51328],[89.69382,24.51329],[89.69364,24.51401],[89.69344,24.51401],[89.69345,24.51438],[89.69306,24.51456],[89.69306,24.51474],[89.69286,24.51475],[89.69287,24.51493],[89.69267,24.51493],[89.69268,24.51529],[89.69229,24.51548],[89.69229,24.51566],[89.69209,24.51566],[89.6921,24.51584],[89.6919,24.51585],[89.69191,24.51603],[89.69171,24.51603],[89.69171,24.51621],[89.69151,24.51622],[89.69152,24.51658],[89.69113,24.51676],[89.69114,24.51712],[89.69075,24.51731],[89.69075,24.51749],[89.69056,24.5175],[89.69056,24.51768],[89.69036,24.51768],[89.69018,24.5184],[89.68998,24.51841],[89.68999,24.51877],[89.6896,24.51896],[89.68942,24.51968],[89.68922,24.51969],[89.68923,24.52005],[89.68884,24.52023],[89.68885,24.52059],[89.68865,24.5206],[89.68865,24.52078],[89.68846,24.52078],[89.68827,24.52151],[89.68808,24.52151],[89.6881,24.52241],[89.6879,24.52242],[89.68791,24.52314],[89.68772,24.52314],[89.68773,24.52386],[89.68753,24.52387],[89.68755,24.52441],[89.68774,24.5244]]]}},{"type":"Feature","properties":{"kind":"land","ha":46.0},"geometry":{"type":"Polygon","coordinates":[[[89.69969,24.5112],[89.69969,24.51101],[89.70028,24.511],[89.70028,24.51082],[89.70067,24.51082],[89.70067,24.51064],[89.70106,24.51063],[89.70125,24.51026],[89.70145,24.51026],[89.70145,24.51008],[89.70184,24.51007],[89.70203,24.50971],[89.70223,24.50971],[89.70222,24.50953],[89.70242,24.50952],[89.70242,24.50934],[89.70261,24.50934],[89.70261,24.50916],[89.703,24.50915],[89.70319,24.50879],[89.70339,24.50878],[89.70339,24.5086],[89.70378,24.5086],[89.70378,24.50841],[89.70397,24.50841],[89.70397,24.50805],[89.70436,24.50804],[89.70455,24.50768],[89.70475,24.50768],[89.70474,24.50749],[89.70514,24.50749],[89.70533,24.50712],[89.70552,24.50712],[89.70552,24.50694],[89.70591,24.50693],[89.7061,24.50657],[89.7063,24.50656],[89.7063,24.50638],[89.70649,24.50638],[89.70649,24.50602],[89.70688,24.50583],[89.70687,24.50565],[89.70707,24.50565],[89.70725,24.50492],[89.70745,24.50492],[89.70744,24.50456],[89.70764,24.50455],[89.70763,24.50401],[89.70782,24.50401],[89.70781,24.50329],[89.7082,24.5031],[89.7082,24.50292],[89.70839,24.50292],[89.7084,24.5031],[89.70899,24.50309],[89.70897,24.50218],[89.70936,24.50218],[89.70937,24.50236],[89.70996,24.50235],[89.71015,24.50198],[89.71054,24.50198],[89.71073,24.50161],[89.71093,24.50161],[89.71093,24.50143],[89.71112,24.50142],[89.71112,24.50124],[89.71132,24.50124],[89.71131,24.50106],[89.71151,24.50106],[89.71151,24.50088],[89.7117,24.50087],[89.7117,24.50069],[89.7119,24.50069],[89.71189,24.50051],[89.71209,24.5005],[89.71208,24.50014],[89.71247,24.49996],[89.71247,24.49978],[89.71267,24.49977],[89.71266,24.49941],[89.71286,24.49941],[89.71284,24.49887],[89.71245,24.49887],[89.71244,24.49851],[89.71303,24.4985],[89.71303,24.49814],[89.71322,24.49814],[89.71322,24.49796],[89.71361,24.49795],[89.7138,24.49759],[89.714,24.49758],[89.71399,24.49704],[89.71418,24.49704],[89.71418,24.49668],[89.71457,24.49649],[89.71456,24.49595],[89.71475,24.49594],[89.71473,24.49468],[89.71434,24.49487],[89.71415,24.49559],[89.71376,24.49578],[89.71377,24.49614],[89.71357,24.49615],[89.71358,24.49633],[89.71318,24.49633],[89.71299,24.4967],[89.7128,24.4967],[89.7128,24.49688],[89.7126,24.49688],[89.71261,24.49707],[89.71241,24.49707],[89.71241,24.49725],[89.71222,24.49725],[89.71223,24.49779],[89.71184,24.49798],[89.71184,24.49816],[89.71164,24.49817],[89.71165,24.49835],[89.71145,24.49835],[89.71146,24.49853],[89.71106,24.49854],[89.71106,24.49872],[89.71087,24.49872],[89.71088,24.49908],[89.71068,24.49909],[89.71068,24.49927],[89.7099,24.49946],[89.7099,24.49964],[89.7097,24.49964],[89.70971,24.50001],[89.70932,24.50019],[89.70933,24.50037],[89.70893,24.50038],[89.70893,24.50056],[89.70874,24.50056],[89.70875,24.50093],[89.70835,24.50111],[89.70836,24.50147],[89.70817,24.50148],[89.70817,24.50166],[89.70777,24.50166],[89.70759,24.50203],[89.70739,24.50203],[89.70739,24.50221],[89.70719,24.50222],[89.70701,24.50294],[89.70662,24.50313],[89.70663,24.50331],[89.70643,24.50331],[89.70643,24.50349],[89.70604,24.5035],[89.70585,24.50387],[89.70545,24.50387],[89.70546,24.50405],[89.70526,24.50406],[89.70527,24.50442],[89.70487,24.50442],[89.70469,24.50479],[89.70449,24.50479],[89.7045,24.50515],[89.70411,24.50534],[89.70411,24.50552],[89.70391,24.50552],[89.70392,24.50589],[89.70353,24.50607],[89.70353,24.50625],[89.70294,24.50626],[89.70295,24.50644],[89.70255,24.50645],[89.70255,24.50663],[89.70216,24.50664],[89.70197,24.507],[89.70158,24.50701],[89.70158,24.50719],[89.70138,24.50719],[89.70139,24.50755],[89.70119,24.50756],[89.7012,24.50792],[89.70081,24.50793],[89.70062,24.50829],[89.70003,24.5083],[89.70001,24.5074],[89.7002,24.5074],[89.7002,24.50703],[89.70039,24.50703],[89.70036,24.50559],[89.70056,24.50558],[89.70055,24.50504],[89.70075,24.50504],[89.70074,24.50468],[89.70035,24.50487],[89.70035,24.50505],[89.70015,24.50505],[89.70016,24.50541],[89.69996,24.50541],[89.69998,24.50596],[89.69978,24.50596],[89.6998,24.50704],[89.6996,24.50705],[89.69962,24.50759],[89.69923,24.50777],[89.69923,24.50814],[89.69904,24.50814],[89.69904,24.50832],[89.69924,24.50832],[89.69927,24.50976],[89.69907,24.50976],[89.69908,24.51012],[89.69888,24.51013],[89.6989,24.51103],[89.6991,24.51103],[89.6991,24.51121],[89.69969,24.5112]],[[89.69964,24.50849],[89.69983,24.50849],[89.69984,24.50867],[89.69964,24.50867],[89.69964,24.50849]],[[89.70973,24.50073],[89.70953,24.50073],[89.70952,24.50037],[89.70972,24.50037],[89.70972,24.50019],[89.71011,24.50018],[89.71012,24.50072],[89.70973,24.50091],[89.70973,24.50073]]]}},{"type":"Feature","properties":{"kind":"land","ha":3.2},"geometry":{"type":"Polygon","coordinates":[[[89.78958,24.49909],[89.78957,24.49873],[89.78977,24.49873],[89.78976,24.49837],[89.78996,24.49836],[89.78995,24.49782],[89.79014,24.49782],[89.79014,24.49746],[89.79033,24.49745],[89.79032,24.49673],[89.79051,24.49673],[89.79045,24.49402],[89.79026,24.49402],[89.79024,24.49312],[89.79004,24.49313],[89.79002,24.4924],[89.78983,24.49241],[89.78981,24.49169],[89.78961,24.49169],[89.78964,24.49295],[89.78984,24.49295],[89.78988,24.49475],[89.79008,24.49475],[89.7901,24.49601],[89.78991,24.49602],[89.78994,24.49746],[89.78974,24.49746],[89.78976,24.49819],[89.78956,24.49819],[89.78957,24.49855],[89.78937,24.49855],[89.78938,24.49909],[89.78958,24.49909]]]}},{"type":"Feature","properties":{"kind":"land","ha":5.6},"geometry":{"type":"Polygon","coordinates":[[[89.73373,24.49795],[89.73373,24.49777],[89.73393,24.49776],[89.73392,24.4974],[89.73431,24.49721],[89.7343,24.49703],[89.7345,24.49703],[89.7345,24.49685],[89.7347,24.49685],[89.73469,24.49667],[89.73489,24.49666],[89.73488,24.49648],[89.73508,24.49648],[89.73507,24.49594],[89.73546,24.49575],[89.73546,24.49557],[89.73565,24.49557],[89.73565,24.49539],[89.73585,24.49538],[89.73584,24.4952],[89.73604,24.4952],[89.73603,24.49466],[89.73642,24.49465],[89.73642,24.49447],[89.73662,24.49447],[89.73661,24.4941],[89.737,24.49392],[89.73699,24.49374],[89.73719,24.49373],[89.73718,24.49337],[89.73757,24.49318],[89.73757,24.493],[89.73777,24.493],[89.73776,24.49282],[89.73796,24.49282],[89.73796,24.49264],[89.73815,24.49263],[89.73815,24.49227],[89.73776,24.49246],[89.73776,24.49264],[89.73756,24.49264],[89.73757,24.49282],[89.73717,24.49283],[89.73718,24.49301],[89.73639,24.49303],[89.73639,24.49321],[89.736,24.49321],[89.736,24.49339],[89.7358,24.4934],[89.73581,24.49376],[89.73542,24.49395],[89.73543,24.49413],[89.73523,24.49413],[89.73524,24.49449],[89.73504,24.49449],[89.73504,24.49467],[89.73485,24.49468],[89.73487,24.49558],[89.73467,24.49558],[89.73468,24.49594],[89.73429,24.49613],[89.73429,24.49649],[89.7341,24.4965],[89.7341,24.49668],[89.7339,24.49668],[89.73391,24.49704],[89.73352,24.49705],[89.73352,24.49741],[89.73333,24.49741],[89.73334,24.49795],[89.73373,24.49795]]]}},{"type":"Feature","properties":{"kind":"land","ha":9.4},"geometry":{"type":"Polygon","coordinates":[[[89.69847,24.50003],[89.69846,24.49948],[89.69865,24.49948],[89.69863,24.49858],[89.69903,24.49839],[89.69921,24.49767],[89.6994,24.49766],[89.69938,24.49676],[89.69958,24.49676],[89.69957,24.49604],[89.69976,24.49603],[89.69975,24.49549],[89.69995,24.49549],[89.69993,24.49459],[89.70013,24.49458],[89.70012,24.49404],[89.70031,24.49404],[89.70031,24.49368],[89.7005,24.49367],[89.70049,24.49295],[89.70068,24.49295],[89.70067,24.49241],[89.70087,24.4924],[89.70086,24.49186],[89.70106,24.49186],[89.70105,24.4915],[89.70124,24.49149],[89.70123,24.49095],[89.70143,24.49095],[89.70142,24.49059],[89.70162,24.49058],[89.70161,24.49022],[89.702,24.49004],[89.702,24.48985],[89.7022,24.48985],[89.70219,24.48967],[89.70239,24.48967],[89.70239,24.48949],[89.70179,24.4895],[89.7016,24.48986],[89.70141,24.48987],[89.70141,24.49005],[89.70121,24.49005],[89.70122,24.49023],[89.70102,24.49023],[89.70102,24.49041],[89.70083,24.49042],[89.70083,24.4906],[89.70063,24.4906],[89.70064,24.49078],[89.70044,24.49079],[89.70044,24.49097],[89.70025,24.49097],[89.70025,24.49115],[89.70005,24.49115],[89.69987,24.49188],[89.69968,24.49188],[89.69969,24.49242],[89.69949,24.49243],[89.6995,24.49315],[89.69931,24.49315],[89.69932,24.49387],[89.69913,24.49388],[89.69916,24.4955],[89.69896,24.4955],[89.69898,24.49605],[89.69878,24.49605],[89.69879,24.49659],[89.69859,24.49659],[89.69863,24.49822],[89.69843,24.49822],[89.69845,24.49912],[89.69825,24.49913],[89.69827,24.49985],[89.69807,24.49985],[89.69808,24.50021],[89.69847,24.50003]]]}},{"type":"Feature","properties":{"kind":"land","ha":3.4},"geometry":{"type":"Polygon","coordinates":[[[89.71029,24.48086],[89.71028,24.48068],[89.71107,24.48067],[89.71108,24.48085],[89.71127,24.48084],[89.71127,24.48066],[89.71166,24.48066],[89.71185,24.48029],[89.71205,24.48029],[89.71204,24.47975],[89.71184,24.47975],[89.71183,24.47939],[89.71144,24.47922],[89.71162,24.47885],[89.71045,24.47905],[89.71026,24.47978],[89.70987,24.47997],[89.70988,24.48033],[89.70968,24.48033],[89.70989,24.48069],[89.71009,24.48068],[89.71009,24.48087],[89.71029,24.48086]]]}},{"type":"Feature","properties":{"kind":"land","ha":12.6},"geometry":{"type":"Polygon","coordinates":[[[89.71938,24.4816],[89.71937,24.48124],[89.71976,24.48123],[89.71995,24.48087],[89.72035,24.48086],[89.72055,24.48122],[89.72114,24.48121],[89.72113,24.48067],[89.72152,24.48048],[89.72151,24.48012],[89.72132,24.48012],[89.72131,24.47994],[89.72151,24.47994],[89.7215,24.47958],[89.72189,24.47939],[89.7219,24.47993],[89.7221,24.47993],[89.7221,24.47975],[89.72249,24.47974],[89.72249,24.47956],[89.72288,24.47955],[89.72307,24.47919],[89.72327,24.47918],[89.72326,24.47882],[89.72365,24.47864],[89.72364,24.47791],[89.72344,24.47792],[89.72342,24.47702],[89.72322,24.47702],[89.72324,24.47774],[89.72304,24.47774],[89.72305,24.47829],[89.72266,24.47829],[89.72265,24.47811],[89.72246,24.47812],[89.72248,24.47902],[89.72228,24.47902],[89.72228,24.4792],[89.72189,24.47921],[89.72168,24.47885],[89.72149,24.47886],[89.72146,24.47759],[89.72166,24.47759],[89.72166,24.47777],[89.72225,24.47776],[89.72226,24.47794],[89.72265,24.47793],[89.72264,24.47739],[89.72244,24.47739],[89.72243,24.47703],[89.72204,24.47686],[89.72202,24.47614],[89.72222,24.47613],[89.72221,24.47595],[89.7228,24.47594],[89.72279,24.4754],[89.7226,24.47541],[89.72258,24.47486],[89.72239,24.47487],[89.72238,24.47469],[89.72219,24.47469],[89.72219,24.47505],[89.7214,24.47507],[89.7214,24.47489],[89.72101,24.47489],[89.72101,24.47507],[89.72081,24.47508],[89.72082,24.47544],[89.72062,24.47544],[89.72045,24.47653],[89.72065,24.47652],[89.72066,24.47688],[89.72046,24.47689],[89.72047,24.47725],[89.72066,24.47725],[89.7207,24.47905],[89.7205,24.47905],[89.72051,24.47941],[89.72032,24.47942],[89.72032,24.4796],[89.72012,24.4796],[89.72013,24.47996],[89.71993,24.47997],[89.72015,24.48068],[89.71955,24.4807],[89.71936,24.48106],[89.71917,24.48106],[89.71917,24.48124],[89.71897,24.48125],[89.71898,24.48161],[89.71938,24.4816]]]}},{"type":"Feature","properties":{"kind":"land","ha":5.1},"geometry":{"type":"Polygon","coordinates":[[[89.82653,24.47566],[89.82653,24.47548],[89.82692,24.47547],[89.82692,24.47529],[89.82731,24.47529],[89.82731,24.47511],[89.82751,24.4751],[89.8275,24.47474],[89.82789,24.47455],[89.82788,24.47419],[89.82808,24.47419],[89.82805,24.47275],[89.82765,24.47275],[89.82766,24.47293],[89.82785,24.47293],[89.82786,24.47329],[89.82766,24.47329],[89.82767,24.47347],[89.82727,24.47348],[89.82728,24.47384],[89.82689,24.47403],[89.8269,24.47421],[89.8267,24.47421],[89.8267,24.4744],[89.8265,24.4744],[89.82651,24.47458],[89.82631,24.47458],[89.82632,24.47476],[89.82592,24.47477],[89.82593,24.47495],[89.82415,24.47498],[89.82416,24.47516],[89.82297,24.47519],[89.82318,24.47554],[89.82338,24.47554],[89.82338,24.47572],[89.82653,24.47566]]]}},{"type":"Feature","properties":{"kind":"land","ha":5.3},"geometry":{"type":"Polygon","coordinates":[[[89.71946,24.47618],[89.71945,24.47582],[89.71984,24.47564],[89.71984,24.47546],[89.72003,24.47545],[89.72003,24.47527],[89.72023,24.47527],[89.72022,24.47509],[89.72042,24.47508],[89.7204,24.474],[89.72059,24.474],[89.72059,24.47382],[89.72098,24.47381],[89.72098,24.47345],[89.72117,24.47345],[89.72114,24.47182],[89.72133,24.47182],[89.72132,24.4711],[89.72073,24.47111],[89.72074,24.47165],[89.72054,24.47165],[89.72055,24.47201],[89.72035,24.47202],[89.72036,24.47238],[89.72016,24.47238],[89.72018,24.4731],[89.71979,24.47329],[89.71979,24.47347],[89.7196,24.47347],[89.71961,24.4742],[89.71922,24.47438],[89.71923,24.47492],[89.71904,24.47493],[89.71904,24.47511],[89.71924,24.47511],[89.71924,24.47529],[89.71904,24.47529],[89.71906,24.47601],[89.71886,24.47601],[89.71887,24.4762],[89.71946,24.47618]]]}},{"type":"Feature","properties":{"kind":"land","ha":3.4},"geometry":{"type":"Polygon","coordinates":[[[89.73158,24.47127],[89.73157,24.47091],[89.73216,24.4709],[89.73217,24.47108],[89.73236,24.47108],[89.73254,24.47035],[89.73274,24.47035],[89.73273,24.46999],[89.73254,24.46999],[89.73252,24.46927],[89.73212,24.4691],[89.73212,24.46874],[89.73192,24.46874],[89.73191,24.4682],[89.73112,24.46821],[89.73112,24.46839],[89.73132,24.46839],[89.73133,24.46875],[89.73113,24.46875],[89.73113,24.46893],[89.73153,24.46911],[89.73154,24.46947],[89.73115,24.46948],[89.73114,24.46911],[89.73075,24.4693],[89.73095,24.46966],[89.73115,24.46966],[89.73116,24.4702],[89.73136,24.47019],[89.73138,24.47128],[89.73158,24.47127]],[[89.73155,24.47019],[89.73195,24.47036],[89.73196,24.47054],[89.73156,24.47055],[89.73155,24.47019]]]}},{"type":"Feature","properties":{"kind":"land","ha":12.3},"geometry":{"type":"Polygon","coordinates":[[[89.74924,24.47655],[89.74924,24.47637],[89.74944,24.47636],[89.74943,24.47618],[89.74963,24.47618],[89.74962,24.47582],[89.75001,24.47563],[89.75001,24.47545],[89.75021,24.47545],[89.7502,24.47527],[89.7504,24.47526],[89.7504,24.47508],[89.75059,24.47508],[89.75059,24.4749],[89.75079,24.47489],[89.75078,24.47453],[89.75117,24.47435],[89.75117,24.47417],[89.75156,24.47416],[89.75175,24.47379],[89.75195,24.47379],[89.75194,24.47361],[89.75214,24.47361],[89.75214,24.47343],[89.75233,24.47342],[89.75233,24.47324],[89.75253,24.47324],[89.75252,24.47306],[89.75272,24.47305],[89.75308,24.4716],[89.75347,24.47142],[89.75365,24.47069],[89.75404,24.4705],[89.75404,24.47014],[89.75443,24.46996],[89.75439,24.46851],[89.7542,24.46852],[89.75419,24.46797],[89.75399,24.46798],[89.75398,24.46744],[89.75358,24.46744],[89.75359,24.46762],[89.75339,24.46763],[89.75321,24.46835],[89.75301,24.46836],[89.75302,24.46872],[89.75282,24.46872],[89.75283,24.46908],[89.75263,24.46909],[89.75264,24.46945],[89.75225,24.46963],[89.75227,24.47072],[89.75208,24.47072],[89.75208,24.47108],[89.75189,24.47108],[89.75189,24.47145],[89.7517,24.47145],[89.75171,24.47199],[89.75151,24.47199],[89.75152,24.47235],[89.75132,24.47236],[89.75133,24.47272],[89.75113,24.47272],[89.75114,24.47308],[89.75094,24.47309],[89.75095,24.47345],[89.75076,24.47345],[89.75076,24.47381],[89.75057,24.47382],[89.75057,24.47418],[89.75038,24.47418],[89.75038,24.47454],[89.74999,24.47473],[89.74981,24.47545],[89.74942,24.47564],[89.74943,24.47582],[89.74923,24.47583],[89.74923,24.47601],[89.74904,24.47601],[89.74885,24.47674],[89.74924,24.47655]]]}},{"type":"Feature","properties":{"kind":"land","ha":5.5},"geometry":{"type":"Polygon","coordinates":[[[89.76979,24.46931],[89.76979,24.46913],[89.77038,24.46912],[89.77039,24.4693],[89.77078,24.46929],[89.77078,24.46911],[89.77097,24.46911],[89.77096,24.46857],[89.77116,24.46857],[89.77115,24.46802],[89.77095,24.46803],[89.77094,24.46767],[89.77054,24.46749],[89.77054,24.46731],[89.77034,24.46732],[89.77034,24.46714],[89.77014,24.46714],[89.77013,24.46678],[89.76994,24.46678],[89.76994,24.46714],[89.76975,24.46715],[89.76975,24.46751],[89.76956,24.46751],[89.76956,24.46769],[89.76897,24.4677],[89.76897,24.46788],[89.76858,24.46789],[89.76858,24.46807],[89.76819,24.4679],[89.76818,24.46772],[89.76739,24.46773],[89.7674,24.46791],[89.7672,24.46792],[89.76721,24.46828],[89.76761,24.46845],[89.76761,24.46881],[89.76801,24.4688],[89.768,24.46862],[89.7686,24.46861],[89.7686,24.46879],[89.76899,24.46879],[89.76899,24.46861],[89.76938,24.4686],[89.76939,24.46896],[89.769,24.46897],[89.769,24.46915],[89.76959,24.46914],[89.7696,24.46932],[89.76979,24.46931]]]}},{"type":"Feature","properties":{"kind":"land","ha":6.1},"geometry":{"type":"Polygon","coordinates":[[[89.83182,24.47412],[89.83182,24.47376],[89.83201,24.47375],[89.832,24.47339],[89.8322,24.47339],[89.83237,24.4723],[89.83257,24.4723],[89.83256,24.47176],[89.83276,24.47175],[89.83274,24.47121],[89.83294,24.47121],[89.83293,24.47049],[89.83312,24.47048],[89.83311,24.46994],[89.83331,24.46994],[89.8333,24.4694],[89.83349,24.46939],[89.83348,24.46885],[89.83368,24.46885],[89.83361,24.46596],[89.83342,24.46597],[89.8334,24.46543],[89.83321,24.46543],[89.83319,24.46453],[89.83299,24.46453],[89.83296,24.46345],[89.83277,24.46345],[89.83276,24.46309],[89.83236,24.46292],[89.83236,24.46274],[89.83216,24.46274],[89.83217,24.46328],[89.83257,24.46346],[89.83259,24.46418],[89.83278,24.46417],[89.83284,24.46688],[89.83304,24.46688],[89.83305,24.46724],[89.83285,24.46724],[89.83288,24.46832],[89.83307,24.46832],[89.83308,24.46868],[89.83288,24.46868],[89.83291,24.46977],[89.83271,24.46977],[89.83273,24.47049],[89.83253,24.4705],[89.83255,24.4714],[89.83235,24.4714],[89.83237,24.47194],[89.83217,24.47195],[89.83218,24.47249],[89.83198,24.47249],[89.83199,24.47285],[89.83179,24.47286],[89.83181,24.47358],[89.83161,24.47358],[89.83163,24.47412],[89.83182,24.47412]]]}},{"type":"Feature","properties":{"kind":"land","ha":11.9},"geometry":{"type":"Polygon","coordinates":[[[89.73614,24.45422],[89.73613,24.45368],[89.73652,24.45349],[89.73651,24.45331],[89.73671,24.45331],[89.73671,24.45313],[89.7369,24.45313],[89.73689,24.45259],[89.73709,24.45258],[89.73709,24.4524],[89.73689,24.4524],[89.73688,24.45186],[89.73707,24.45186],[89.73707,24.4515],[89.73687,24.4515],[89.73686,24.45096],[89.73666,24.45096],[89.73665,24.45042],[89.73685,24.45042],[89.73684,24.45024],[89.73665,24.45024],[89.73663,24.44952],[89.73643,24.44952],[89.73642,24.44898],[89.73622,24.44899],[89.73621,24.44845],[89.73581,24.44827],[89.73581,24.44791],[89.73561,24.44792],[89.73561,24.44773],[89.73541,24.44774],[89.7354,24.44738],[89.73501,24.44738],[89.7348,24.44703],[89.7346,24.44703],[89.73439,24.44631],[89.73419,24.44632],[89.7342,24.4465],[89.7338,24.4465],[89.73382,24.44723],[89.73402,24.44722],[89.73401,24.44704],[89.73441,24.44703],[89.73441,24.44722],[89.73461,24.44721],[89.73462,24.44757],[89.73501,24.44775],[89.73503,24.44847],[89.73483,24.44847],[89.73484,24.44883],[89.73524,24.44901],[89.73524,24.44919],[89.73544,24.44918],[89.73545,24.44954],[89.73525,24.44955],[89.73525,24.44973],[89.73486,24.44973],[89.73465,24.44938],[89.73426,24.44956],[89.73449,24.45064],[89.73468,24.45064],[89.73469,24.45118],[89.73489,24.45118],[89.7349,24.45154],[89.7351,24.45153],[89.73491,24.4519],[89.73471,24.4519],[89.73472,24.45244],[89.73552,24.45279],[89.73553,24.45315],[89.73572,24.45315],[89.73573,24.45369],[89.73593,24.45369],[89.73594,24.45423],[89.73614,24.45422]]]}},{"type":"Feature","properties":{"kind":"land","ha":35.2},"geometry":{"type":"Polygon","coordinates":[[[89.75675,24.45006],[89.75694,24.44969],[89.75714,24.44969],[89.75714,24.44951],[89.75792,24.4495],[89.75811,24.44913],[89.75831,24.44913],[89.75831,24.44895],[89.7585,24.44894],[89.75869,24.44822],[89.75908,24.44803],[89.75907,24.44785],[89.75927,24.44785],[89.75926,24.44767],[89.75946,24.44766],[89.75946,24.44748],[89.75965,24.44748],[89.75965,24.4473],[89.75985,24.44729],[89.76003,24.44657],[89.76023,24.44657],[89.76021,24.44602],[89.76061,24.44584],[89.76078,24.44475],[89.76098,24.44475],[89.76096,24.44421],[89.76116,24.4442],[89.76115,24.44384],[89.76135,24.44384],[89.76131,24.44221],[89.76151,24.44221],[89.7615,24.44167],[89.7617,24.44166],[89.76169,24.44112],[89.76188,24.44112],[89.76184,24.43914],[89.76204,24.43913],[89.76201,24.43805],[89.76221,24.43805],[89.7622,24.43768],[89.7624,24.43768],[89.76239,24.4375],[89.76259,24.4375],[89.76257,24.43641],[89.76296,24.43623],[89.76295,24.43605],[89.76315,24.43604],[89.76313,24.43514],[89.76333,24.43514],[89.76329,24.43333],[89.76309,24.43334],[89.76311,24.43406],[89.76291,24.43406],[89.76292,24.43442],[89.76272,24.43443],[89.76275,24.43569],[89.76255,24.43569],[89.76256,24.43623],[89.76237,24.43624],[89.76238,24.4366],[89.76218,24.4366],[89.76219,24.43696],[89.76199,24.43697],[89.76182,24.43841],[89.76163,24.43842],[89.76164,24.43914],[89.76144,24.43914],[89.76145,24.4395],[89.76126,24.43951],[89.76108,24.44059],[89.76069,24.44078],[89.7607,24.44096],[89.7605,24.44096],[89.7605,24.44115],[89.76031,24.44115],[89.76012,24.44187],[89.75973,24.44206],[89.75974,24.44224],[89.75954,24.44225],[89.75955,24.44261],[89.75916,24.44279],[89.75916,24.44297],[89.75897,24.44298],[89.75897,24.44334],[89.75858,24.44335],[89.75836,24.44227],[89.75816,24.44227],[89.75815,24.44173],[89.75776,24.44192],[89.75777,24.44228],[89.75817,24.44245],[89.75818,24.44299],[89.75837,24.44299],[89.75838,24.44317],[89.75799,24.44336],[89.758,24.4439],[89.7578,24.4439],[89.75781,24.44426],[89.75761,24.44427],[89.75762,24.44463],[89.75742,24.44463],[89.75743,24.44481],[89.75684,24.44482],[89.75683,24.44464],[89.75664,24.44465],[89.75663,24.44446],[89.75683,24.44446],[89.75681,24.44338],[89.757,24.44338],[89.757,24.44319],[89.75759,24.44318],[89.75759,24.443],[89.75739,24.44301],[89.75738,24.44265],[89.75718,24.44265],[89.75718,24.44229],[89.75698,24.44229],[89.75696,24.44157],[89.75677,24.44157],[89.75675,24.44103],[89.75714,24.44085],[89.75714,24.44067],[89.75753,24.44066],[89.75753,24.44048],[89.75733,24.44048],[89.75732,24.43976],[89.75712,24.43976],[89.75705,24.4367],[89.75686,24.4367],[89.75687,24.43742],[89.75668,24.43742],[89.75668,24.43761],[89.75688,24.4376],[89.75688,24.43796],[89.75669,24.43797],[89.75672,24.43923],[89.75652,24.43923],[89.75653,24.43995],[89.75634,24.43996],[89.75636,24.44086],[89.75616,24.44086],[89.7562,24.44267],[89.7564,24.44266],[89.7564,24.44284],[89.7562,24.44285],[89.75621,24.44321],[89.75601,24.44321],[89.75607,24.44592],[89.75587,24.44592],[89.75588,24.44628],[89.75608,24.44628],[89.75608,24.4461],[89.75647,24.44609],[89.75646,24.44555],[89.75666,24.44555],[89.75665,24.44537],[89.75705,24.44554],[89.75705,24.44572],[89.75725,24.44572],[89.75726,24.44608],[89.75706,24.44608],[89.75707,24.44662],[89.75688,24.44663],[89.75688,24.44699],[89.75649,24.44681],[89.75648,24.44663],[89.75609,24.44664],[89.75612,24.4479],[89.75592,24.44791],[89.75593,24.44863],[89.75613,24.44863],[89.75616,24.45007],[89.75675,24.45006]],[[89.75652,24.44844],[89.75632,24.44844],[89.75631,24.4479],[89.75651,24.4479],[89.75651,24.44772],[89.7569,24.44771],[89.75709,24.44734],[89.75748,24.44734],[89.75748,24.44716],[89.75768,24.44715],[89.75767,24.44679],[89.75806,24.4466],[89.75805,24.44642],[89.75825,24.44642],[89.75824,24.44606],[89.75844,24.44606],[89.75844,24.44588],[89.75883,24.44587],[89.75904,24.44623],[89.75923,24.44622],[89.75925,24.44676],[89.75905,24.44677],[89.75906,24.44713],[89.75886,24.44713],[89.75887,24.44749],[89.75847,24.4475],[89.75828,24.44786],[89.75809,24.44787],[89.75809,24.44805],[89.7577,24.44806],[89.7577,24.44824],[89.75731,24.44824],[89.75712,24.44861],[89.75653,24.44862],[89.75652,24.44844]]]}},{"type":"Feature","properties":{"kind":"land","ha":3.1},"geometry":{"type":"Polygon","coordinates":[[[89.76403,24.43097],[89.76402,24.43061],[89.76422,24.43061],[89.7642,24.42971],[89.76459,24.42952],[89.76455,24.4279],[89.76494,24.42771],[89.76494,24.42753],[89.76513,24.42752],[89.76512,24.42698],[89.76493,24.42699],[89.76491,24.42608],[89.76452,24.42627],[89.76452,24.42663],[89.76433,24.42664],[89.76433,24.42682],[89.76413,24.42682],[89.76416,24.42808],[89.76396,24.42809],[89.76399,24.42917],[89.76379,24.42917],[89.76383,24.43098],[89.76403,24.43097]]]}},{"type":"Feature","properties":{"kind":"land","ha":12.0},"geometry":{"type":"Polygon","coordinates":[[[89.76263,24.42125],[89.76262,24.42089],[89.76282,24.42089],[89.7628,24.41999],[89.763,24.41998],[89.76299,24.41944],[89.76318,24.41944],[89.76297,24.41872],[89.76277,24.41872],[89.76277,24.41854],[89.76297,24.41854],[89.76296,24.41818],[89.76276,24.41818],[89.76277,24.41836],[89.76237,24.41837],[89.7622,24.41945],[89.762,24.41946],[89.76201,24.41982],[89.76181,24.41982],[89.76182,24.42018],[89.76162,24.42019],[89.76163,24.42055],[89.76143,24.42055],[89.76144,24.42091],[89.76124,24.42092],[89.76125,24.42128],[89.76106,24.42128],[89.76106,24.42164],[89.76087,24.42164],[89.76087,24.42201],[89.76068,24.42201],[89.76069,24.42237],[89.76049,24.42237],[89.7605,24.42292],[89.7603,24.42292],[89.76031,24.42328],[89.76011,24.42328],[89.76012,24.42364],[89.75992,24.42365],[89.75993,24.42401],[89.75954,24.4242],[89.75936,24.42492],[89.75916,24.42492],[89.75917,24.42529],[89.75897,24.42529],[89.75898,24.42565],[89.75859,24.42584],[89.7586,24.4262],[89.7584,24.4262],[89.75841,24.42638],[89.75821,24.42639],[89.75822,24.42693],[89.75783,24.42712],[89.75765,24.42784],[89.75726,24.42803],[89.75726,24.42821],[89.75707,24.42821],[89.75707,24.42857],[89.75688,24.42858],[89.75689,24.42912],[89.75669,24.42912],[89.7567,24.42966],[89.7573,24.42965],[89.75729,24.42929],[89.75768,24.4291],[89.75767,24.42874],[89.75787,24.42874],[89.75785,24.42802],[89.75824,24.42783],[89.75842,24.4271],[89.75881,24.42692],[89.75881,24.42674],[89.75901,24.42673],[89.759,24.42655],[89.7594,24.42673],[89.75941,24.42709],[89.7598,24.4269],[89.75977,24.42582],[89.75997,24.42581],[89.75996,24.42509],[89.76015,24.42509],[89.76014,24.42455],[89.76034,24.42454],[89.76033,24.42418],[89.76072,24.42399],[89.76072,24.42381],[89.76091,24.42381],[89.76091,24.42363],[89.76111,24.42363],[89.7611,24.42327],[89.7613,24.42326],[89.76128,24.42272],[89.76167,24.42253],[89.76167,24.42217],[89.76206,24.42198],[89.76205,24.4218],[89.76225,24.4218],[89.76225,24.42162],[89.76244,24.42162],[89.76244,24.42126],[89.76263,24.42125]],[[89.76204,24.42126],[89.76203,24.4209],[89.76243,24.42089],[89.76244,24.42126],[89.76204,24.42126]]]}},{"type":"Feature","properties":{"kind":"land","ha":62.7},"geometry":{"type":"Polygon","coordinates":[[[89.77055,24.42255],[89.77055,24.42291],[89.77036,24.42292],[89.77018,24.424],[89.76999,24.42401],[89.77,24.42455],[89.7698,24.42455],[89.7698,24.42473],[89.77,24.42473],[89.77001,24.42509],[89.76981,24.42509],[89.76984,24.42617],[89.76964,24.42618],[89.76955,24.43123],[89.76936,24.43124],[89.76939,24.43286],[89.76919,24.43286],[89.76921,24.43377],[89.76941,24.43376],[89.76943,24.43485],[89.76924,24.43485],[89.76927,24.43611],[89.76907,24.43612],[89.7691,24.43738],[89.7689,24.43738],[89.76893,24.43901],[89.76874,24.43901],[89.76875,24.43973],[89.76856,24.43973],[89.76857,24.44028],[89.76837,24.44028],[89.76838,24.44064],[89.76818,24.44064],[89.76819,24.441],[89.76799,24.44101],[89.768,24.44137],[89.7678,24.44137],[89.76782,24.44209],[89.76762,24.4421],[89.76763,24.44264],[89.76744,24.44264],[89.76746,24.44373],[89.76726,24.44373],[89.76727,24.44409],[89.76707,24.44409],[89.76708,24.44445],[89.76688,24.44446],[89.7669,24.445],[89.76651,24.44519],[89.76632,24.44591],[89.76613,24.44592],[89.76614,24.44628],[89.76594,24.44628],[89.76595,24.44682],[89.76615,24.44682],[89.76614,24.44646],[89.76634,24.44645],[89.76633,24.44627],[89.76653,24.44627],[89.76652,24.44591],[89.76691,24.44572],[89.76709,24.445],[89.76748,24.44481],[89.76766,24.44408],[89.76806,24.4439],[89.76805,24.44353],[89.76824,24.44353],[89.76823,24.44299],[89.76843,24.44299],[89.76842,24.44262],[89.76862,24.44262],[89.76861,24.44226],[89.769,24.44207],[89.769,24.44189],[89.76919,24.44189],[89.76918,24.44135],[89.76938,24.44134],[89.76938,24.44116],[89.76898,24.44099],[89.76897,24.44081],[89.76878,24.44081],[89.76877,24.44063],[89.76897,24.44063],[89.76895,24.43991],[89.76935,24.4399],[89.76956,24.44062],[89.76976,24.44061],[89.76973,24.43935],[89.76993,24.43935],[89.76992,24.43899],[89.77012,24.43898],[89.77029,24.4379],[89.77049,24.43789],[89.77065,24.43645],[89.77085,24.43644],[89.77083,24.43572],[89.77103,24.43572],[89.77102,24.435],[89.77121,24.43499],[89.7712,24.43445],[89.7714,24.43445],[89.77138,24.43373],[89.77158,24.43372],[89.77155,24.43228],[89.77174,24.43228],[89.77172,24.43119],[89.77192,24.43119],[89.77191,24.43065],[89.7721,24.43064],[89.77209,24.4301],[89.77229,24.4301],[89.77228,24.42956],[89.77247,24.42955],[89.77245,24.42829],[89.77264,24.42829],[89.77263,24.42775],[89.77283,24.42774],[89.7728,24.4263],[89.77299,24.4263],[89.77298,24.42576],[89.77318,24.42575],[89.77314,24.42395],[89.77334,24.42394],[89.77332,24.42322],[89.77352,24.42322],[89.7735,24.4225],[89.7737,24.42249],[89.77366,24.42069],[89.77386,24.42069],[89.77383,24.4196],[89.77403,24.4196],[89.774,24.41834],[89.7742,24.41833],[89.77418,24.41761],[89.77438,24.41761],[89.77436,24.41689],[89.77397,24.41707],[89.77398,24.41725],[89.77378,24.41726],[89.77379,24.41762],[89.7734,24.41763],[89.77321,24.41835],[89.77282,24.41854],[89.77264,24.41926],[89.77245,24.41927],[89.77245,24.41963],[89.77226,24.41963],[89.77226,24.41999],[89.77207,24.42],[89.77207,24.42036],[89.77188,24.42036],[89.77189,24.42072],[89.77149,24.42073],[89.77131,24.42145],[89.77111,24.42146],[89.77112,24.42182],[89.77092,24.42182],[89.77093,24.42218],[89.77073,24.42219],[89.77074,24.42255],[89.77055,24.42255]],[[89.77094,24.42254],[89.77094,24.42272],[89.77075,24.42273],[89.77074,24.42255],[89.77094,24.42254]]]}},{"type":"Feature","properties":{"kind":"land","ha":11.5},"geometry":{"type":"Polygon","coordinates":[[[89.79538,24.41361],[89.79537,24.41307],[89.79577,24.41306],[89.79576,24.41288],[89.79635,24.41287],[89.79635,24.41269],[89.79871,24.41265],[89.79871,24.41247],[89.79831,24.41229],[89.79831,24.41211],[89.79811,24.41212],[89.79811,24.41194],[89.79771,24.41194],[89.79751,24.41159],[89.79711,24.41159],[89.79712,24.41177],[89.79337,24.41184],[89.79337,24.41166],[89.79298,24.41167],[89.79297,24.41149],[89.79258,24.4115],[89.79237,24.41114],[89.79218,24.41114],[89.79217,24.41096],[89.79198,24.41097],[89.79197,24.41061],[89.79157,24.41043],[89.79157,24.41025],[89.79137,24.41026],[89.79136,24.40971],[89.79116,24.40972],[89.79115,24.40936],[89.79095,24.40936],[89.79094,24.40864],[89.79074,24.40864],[89.79073,24.40792],[89.79053,24.40792],[89.79052,24.40756],[89.79032,24.40757],[89.79036,24.40901],[89.79055,24.40901],[89.79056,24.40955],[89.79076,24.40954],[89.79099,24.41098],[89.79119,24.41098],[89.7912,24.41152],[89.7914,24.41152],[89.79141,24.41206],[89.7916,24.41206],[89.79162,24.4126],[89.79181,24.41259],[89.79183,24.41313],[89.79222,24.41313],[89.79222,24.41295],[89.7932,24.41293],[89.79321,24.41311],[89.7936,24.4131],[89.7936,24.41292],[89.79399,24.41291],[89.79399,24.41273],[89.79477,24.41272],[89.79498,24.41308],[89.79518,24.41307],[89.79519,24.41361],[89.79538,24.41361]]]}},{"type":"Feature","properties":{"kind":"land","ha":23.6},"geometry":{"type":"Polygon","coordinates":[[[89.78573,24.41397],[89.78573,24.41379],[89.78553,24.41379],[89.78552,24.41343],[89.78572,24.41343],[89.78572,24.41325],[89.78611,24.41324],[89.78611,24.41306],[89.7867,24.41305],[89.7867,24.41323],[89.7869,24.41323],[89.78711,24.41394],[89.78692,24.41395],[89.78692,24.41413],[89.78731,24.41412],[89.78731,24.41376],[89.7875,24.41376],[89.7875,24.41358],[89.78809,24.41356],[89.78809,24.41338],[89.78907,24.41337],[89.78907,24.41319],[89.79005,24.41317],[89.79026,24.41352],[89.79045,24.41352],[89.79044,24.41298],[89.79025,24.41298],[89.79023,24.41244],[89.79004,24.41245],[89.79002,24.4119],[89.78983,24.41191],[89.78982,24.41155],[89.78962,24.41155],[89.78963,24.41209],[89.78944,24.4121],[89.78944,24.41228],[89.78668,24.41233],[89.78669,24.41251],[89.78629,24.41251],[89.78629,24.41233],[89.78255,24.4124],[89.78254,24.41222],[89.78136,24.41224],[89.78136,24.41206],[89.78116,24.41207],[89.78115,24.41171],[89.78233,24.4115],[89.78234,24.41187],[89.78273,24.41186],[89.78273,24.41204],[89.78293,24.41204],[89.78293,24.41185],[89.78332,24.41185],[89.78351,24.41148],[89.78371,24.41148],[89.7837,24.4113],[89.7839,24.4113],[89.78408,24.41057],[89.78329,24.41058],[89.78329,24.41022],[89.78348,24.41022],[89.78347,24.40968],[89.78367,24.40968],[89.78366,24.40931],[89.78326,24.40914],[89.78325,24.40878],[89.78345,24.40878],[89.78345,24.4086],[89.78384,24.40859],[89.78384,24.40841],[89.78423,24.4084],[89.78442,24.40804],[89.78462,24.40803],[89.78461,24.40785],[89.78481,24.40785],[89.78481,24.40767],[89.785,24.40767],[89.785,24.40748],[89.7852,24.40748],[89.78519,24.4073],[89.78539,24.4073],[89.78539,24.40712],[89.78558,24.40711],[89.78558,24.40675],[89.78597,24.40656],[89.78596,24.40638],[89.78557,24.40639],[89.78538,24.40676],[89.78498,24.40676],[89.78479,24.40713],[89.7844,24.40713],[89.78421,24.4075],[89.78401,24.4075],[89.78402,24.40786],[89.78383,24.40787],[89.78383,24.40823],[89.78344,24.40824],[89.78325,24.4086],[89.78305,24.4086],[89.78306,24.40896],[89.78267,24.40915],[89.78268,24.40933],[89.78248,24.40934],[89.78249,24.4097],[89.7821,24.40988],[89.7821,24.41007],[89.7819,24.41007],[89.78191,24.41025],[89.78171,24.41025],[89.78172,24.41061],[89.78132,24.41062],[89.78113,24.41099],[89.78094,24.41099],[89.78094,24.41117],[89.78074,24.41117],[89.78075,24.41135],[89.78055,24.41136],[89.78056,24.41154],[89.77977,24.41155],[89.77977,24.41173],[89.77957,24.41174],[89.77958,24.4121],[89.77919,24.41228],[89.7792,24.41246],[89.779,24.41247],[89.779,24.41265],[89.77881,24.41265],[89.77881,24.41283],[89.77861,24.41284],[89.77862,24.41302],[89.77842,24.41302],[89.77842,24.4132],[89.77823,24.4132],[89.77823,24.41339],[89.77862,24.41338],[89.77863,24.41374],[89.77922,24.41373],[89.77941,24.41336],[89.78335,24.41329],[89.78336,24.41347],[89.78513,24.41344],[89.78534,24.4138],[89.78514,24.4138],[89.78514,24.41398],[89.78534,24.41398],[89.78534,24.41416],[89.78573,24.41397]]]}},{"type":"Feature","properties":{"kind":"land","ha":16.8},"geometry":{"type":"Polygon","coordinates":[[[89.76892,24.41139],[89.76911,24.41103],[89.76931,24.41102],[89.7693,24.41084],[89.7695,24.41084],[89.76968,24.41011],[89.77007,24.40992],[89.77007,24.40956],[89.77026,24.40956],[89.77025,24.4092],[89.77064,24.40901],[89.77064,24.40865],[89.77083,24.40865],[89.77083,24.40847],[89.77103,24.40846],[89.77101,24.40756],[89.7714,24.40755],[89.77139,24.40719],[89.77099,24.40702],[89.77099,24.40684],[89.77079,24.40684],[89.77079,24.40648],[89.7696,24.4065],[89.76961,24.40668],[89.76902,24.4067],[89.76881,24.40634],[89.76861,24.40634],[89.7686,24.40544],[89.7684,24.40544],[89.76839,24.4049],[89.76799,24.40491],[89.768,24.40545],[89.76781,24.40545],[89.76783,24.40636],[89.76763,24.40636],[89.76764,24.40672],[89.76744,24.40672],[89.76745,24.40708],[89.76725,24.40709],[89.76726,24.40745],[89.76706,24.40745],[89.76707,24.40781],[89.76687,24.40782],[89.76688,24.40818],[89.76708,24.40817],[89.7671,24.40908],[89.7669,24.40908],[89.76693,24.41034],[89.76713,24.41034],[89.76713,24.4107],[89.76753,24.41087],[89.76754,24.41105],[89.76793,24.41105],[89.76794,24.41141],[89.76892,24.41139]],[[89.76864,24.4076],[89.76845,24.40761],[89.76844,24.40725],[89.76824,24.40725],[89.76823,24.40689],[89.76843,24.40689],[89.76843,24.40671],[89.76862,24.4067],[89.76863,24.40688],[89.76922,24.40687],[89.76922,24.40705],[89.77021,24.40703],[89.77041,24.40739],[89.77061,24.40739],[89.77061,24.40757],[89.77081,24.40756],[89.77081,24.40775],[89.76865,24.40779],[89.76864,24.4076]]]}},{"type":"Feature","properties":{"kind":"land","ha":8.1},"geometry":{"type":"Polygon","coordinates":[[[89.77314,24.4059],[89.77333,24.40553],[89.77352,24.40553],[89.77352,24.40517],[89.77391,24.40498],[89.7739,24.4048],[89.7741,24.4048],[89.77409,24.40426],[89.77369,24.40426],[89.77368,24.40354],[89.77388,24.40354],[89.77388,24.40372],[89.77427,24.40371],[89.77445,24.40299],[89.77406,24.40299],[89.77406,24.40317],[89.77347,24.40318],[89.77348,24.40336],[89.77308,24.40337],[89.77308,24.40319],[89.77229,24.40321],[89.77229,24.40303],[89.7715,24.40304],[89.7715,24.40322],[89.77131,24.40322],[89.77133,24.40413],[89.77113,24.40413],[89.77114,24.40449],[89.77075,24.40468],[89.77075,24.40486],[89.77055,24.40486],[89.77056,24.40504],[89.77036,24.40505],[89.77036,24.40523],[89.76977,24.40524],[89.76998,24.40559],[89.77077,24.40558],[89.77076,24.4054],[89.77116,24.40539],[89.77115,24.40521],[89.77155,24.4052],[89.77154,24.40484],[89.77193,24.40466],[89.77195,24.40574],[89.77215,24.40574],[89.77215,24.40592],[89.77314,24.4059]]]}},{"type":"Feature","properties":{"kind":"land","ha":11.0},"geometry":{"type":"Polygon","coordinates":[[[89.76547,24.40676],[89.76566,24.4064],[89.76586,24.40639],[89.76585,24.40621],[89.76605,24.40621],[89.76604,24.40585],[89.76624,24.40584],[89.76623,24.40566],[89.76604,24.40567],[89.76603,24.40531],[89.76623,24.4053],[89.76622,24.40494],[89.76642,24.40494],[89.76641,24.40458],[89.7668,24.40439],[89.76679,24.40421],[89.76699,24.40421],[89.76699,24.40402],[89.76718,24.40402],[89.76718,24.40384],[89.76738,24.40384],[89.76716,24.40312],[89.76736,24.40312],[89.76736,24.40294],[89.76618,24.40296],[89.76617,24.40278],[89.76381,24.40282],[89.7638,24.40264],[89.76282,24.40266],[89.76282,24.40284],[89.76302,24.40283],[89.76304,24.40356],[89.76323,24.40355],[89.76324,24.40373],[89.76363,24.40373],[89.76384,24.40408],[89.76403,24.40408],[89.76404,24.40426],[89.76423,24.40426],[89.76424,24.40462],[89.76444,24.40461],[89.76447,24.40624],[89.76467,24.40623],[89.76468,24.40659],[89.76507,24.40659],[89.76508,24.40677],[89.76547,24.40676]]]}},{"type":"Feature","properties":{"kind":"land","ha":3.7},"geometry":{"type":"Polygon","coordinates":[[[89.77379,24.39975],[89.77379,24.39957],[89.77458,24.39955],[89.77458,24.39973],[89.77478,24.39973],[89.77477,24.39955],[89.77536,24.39954],[89.77536,24.39936],[89.77575,24.39935],[89.77555,24.39899],[89.77535,24.399],[89.77535,24.39882],[89.77515,24.39882],[89.77515,24.39864],[89.77475,24.39865],[89.77475,24.39847],[89.77455,24.39847],[89.77453,24.39739],[89.77394,24.3974],[89.77395,24.39776],[89.77356,24.39795],[89.77356,24.39813],[89.77336,24.39813],[89.77337,24.39831],[89.77297,24.39832],[89.77298,24.39868],[89.77338,24.39885],[89.77339,24.39921],[89.77358,24.39921],[89.77359,24.39957],[89.7732,24.39958],[89.7732,24.39976],[89.77379,24.39975]]]}},{"type":"Feature","properties":{"kind":"land","ha":5.7},"geometry":{"type":"Polygon","coordinates":[[[89.77694,24.39951],[89.77694,24.39933],[89.77812,24.39931],[89.77812,24.39949],[89.77871,24.39948],[89.77871,24.39912],[89.77949,24.3991],[89.77968,24.39838],[89.78007,24.39819],[89.78006,24.39801],[89.77986,24.39801],[89.77986,24.39765],[89.77966,24.39766],[89.77965,24.3973],[89.77847,24.39732],[89.77847,24.39714],[89.77827,24.39714],[89.77808,24.3975],[89.77788,24.39751],[89.77789,24.39769],[89.77848,24.39768],[89.77849,24.39804],[89.77829,24.39804],[89.77829,24.39822],[89.77731,24.39824],[89.7773,24.39788],[89.7775,24.39788],[89.77749,24.3977],[89.7771,24.3977],[89.77711,24.39806],[89.77672,24.39825],[89.77672,24.39843],[89.77652,24.39844],[89.77653,24.39862],[89.77633,24.39862],[89.77633,24.3988],[89.77614,24.3988],[89.77614,24.39898],[89.77594,24.39899],[89.77595,24.39935],[89.77615,24.39934],[89.77615,24.39953],[89.77694,24.39951]],[[89.77693,24.39879],[89.77752,24.39878],[89.77752,24.39914],[89.77693,24.39915],[89.77693,24.39879]],[[89.77908,24.39839],[89.77948,24.39838],[89.77948,24.39856],[89.77909,24.39857],[89.77908,24.39839]]]}},{"type":"Feature","properties":{"kind":"land","ha":22.3},"geometry":{"type":"Polygon","coordinates":[[[89.76906,24.39947],[89.76904,24.39893],[89.76943,24.39875],[89.76943,24.39838],[89.76982,24.3982],[89.76981,24.39784],[89.7702,24.39765],[89.77019,24.39729],[89.77058,24.3971],[89.77058,24.39692],[89.77077,24.39692],[89.77079,24.39782],[89.77099,24.39781],[89.77081,24.39854],[89.77121,24.39871],[89.77121,24.39889],[89.77141,24.39889],[89.77142,24.39925],[89.77201,24.39924],[89.772,24.39906],[89.7722,24.39906],[89.77219,24.39833],[89.77297,24.39832],[89.77297,24.39796],[89.77336,24.39777],[89.77335,24.39759],[89.77375,24.39758],[89.77393,24.39722],[89.77413,24.39722],[89.77412,24.39649],[89.77431,24.39649],[89.7743,24.39613],[89.77411,24.39613],[89.7741,24.39559],[89.7739,24.3956],[89.77389,24.39523],[89.77369,24.39524],[89.77365,24.39343],[89.77346,24.39344],[89.77342,24.39181],[89.77303,24.392],[89.77285,24.39273],[89.77265,24.39273],[89.77266,24.39309],[89.77246,24.39309],[89.77247,24.39346],[89.77228,24.39346],[89.77228,24.39382],[89.77189,24.39401],[89.7719,24.39419],[89.7717,24.39419],[89.7717,24.39437],[89.77151,24.39438],[89.77152,24.39474],[89.77112,24.39474],[89.77113,24.39492],[89.77093,24.39493],[89.77094,24.39529],[89.77055,24.39548],[89.77055,24.39566],[89.77035,24.39566],[89.77036,24.39584],[89.77016,24.39584],[89.77016,24.39603],[89.76918,24.39604],[89.769,24.39677],[89.7688,24.39677],[89.76881,24.39713],[89.76861,24.39714],[89.76862,24.3975],[89.76842,24.3975],[89.76844,24.3984],[89.76824,24.39841],[89.76826,24.39913],[89.76846,24.39912],[89.76846,24.39931],[89.76826,24.39931],[89.76827,24.39949],[89.76906,24.39947]],[[89.77095,24.39601],[89.77115,24.39601],[89.77115,24.39619],[89.77135,24.39618],[89.77136,24.39654],[89.77096,24.39655],[89.77095,24.39601]]]}},{"type":"Feature","properties":{"kind":"land","ha":3.5},"geometry":{"type":"Polygon","coordinates":[[[89.75377,24.39434],[89.75376,24.39416],[89.75436,24.39415],[89.75435,24.39379],[89.75395,24.39361],[89.75395,24.39343],[89.75375,24.39344],[89.75374,24.39326],[89.75355,24.39326],[89.75352,24.39218],[89.75333,24.39218],[89.7533,24.39092],[89.7529,24.39074],[89.75291,24.39092],[89.75232,24.39094],[89.75231,24.39076],[89.75211,24.39076],[89.75212,24.39112],[89.75232,24.39112],[89.75233,24.39184],[89.75253,24.39183],[89.75254,24.39238],[89.75274,24.39237],[89.75275,24.39291],[89.75295,24.39291],[89.75296,24.39363],[89.75336,24.3938],[89.75317,24.39417],[89.75337,24.39417],[89.75338,24.39453],[89.75377,24.39434]]]}},{"type":"Feature","properties":{"kind":"land","ha":8.0},"geometry":{"type":"Polygon","coordinates":[[[89.75615,24.36776],[89.75614,24.36758],[89.75634,24.36758],[89.75633,24.36704],[89.75653,24.36703],[89.75652,24.36685],[89.75731,24.36684],[89.75752,24.3672],[89.75791,24.36719],[89.75789,24.36647],[89.7575,24.36647],[89.75729,24.36612],[89.75651,24.36613],[89.7565,24.36595],[89.75631,24.36595],[89.7563,24.36559],[89.7561,24.3656],[89.75607,24.36397],[89.75626,24.36397],[89.75624,24.36307],[89.75605,24.36307],[89.75604,24.36271],[89.75584,24.36271],[89.75583,24.36217],[89.75543,24.362],[89.75543,24.36182],[89.75464,24.36183],[89.75466,24.36255],[89.75485,24.36255],[89.75486,24.36309],[89.75467,24.3631],[89.75467,24.36328],[89.75428,24.36328],[89.75428,24.36346],[89.75468,24.36364],[89.75468,24.36382],[89.75488,24.36381],[89.75488,24.36399],[89.75508,24.36399],[89.7551,24.36507],[89.7553,24.36507],[89.75531,24.36561],[89.75551,24.36561],[89.75552,24.36597],[89.75572,24.36597],[89.75573,24.36687],[89.75534,24.36705],[89.75535,24.36742],[89.75575,24.36759],[89.75576,24.36795],[89.75615,24.36776]],[[89.75484,24.36201],[89.75504,24.36201],[89.75504,24.36219],[89.75485,24.36219],[89.75484,24.36201]]]}},{"type":"Feature","properties":{"kind":"land","ha":3.9},"geometry":{"type":"Polygon","coordinates":[[[89.75421,24.36004],[89.7542,24.35949],[89.754,24.3595],[89.75398,24.35878],[89.75359,24.35896],[89.75339,24.35861],[89.75319,24.35861],[89.75318,24.35825],[89.75358,24.35842],[89.75355,24.35698],[89.75335,24.35698],[89.75335,24.35662],[89.75315,24.35663],[89.75314,24.35626],[89.75294,24.35627],[89.75294,24.35591],[89.75254,24.35573],[89.75253,24.35519],[89.75233,24.3552],[89.75239,24.3579],[89.75258,24.3579],[89.75261,24.35916],[89.75281,24.35916],[89.75282,24.35952],[89.75301,24.35952],[89.75302,24.3597],[89.75341,24.35951],[89.75361,24.35987],[89.75401,24.35986],[89.75401,24.36004],[89.75421,24.36004]],[[89.75277,24.35735],[89.75257,24.35736],[89.75256,24.35664],[89.75295,24.35663],[89.75296,24.35681],[89.75315,24.35681],[89.75316,24.35717],[89.75336,24.35716],[89.75337,24.3577],[89.75297,24.35771],[89.75277,24.35735]]]}},{"type":"Feature","properties":{"kind":"land","ha":16.2},"geometry":{"type":"Polygon","coordinates":[[[89.77051,24.3666],[89.7705,24.36624],[89.77089,24.36605],[89.77089,24.36587],[89.77148,24.36586],[89.77147,24.3655],[89.77186,24.36531],[89.77185,24.36513],[89.77205,24.36513],[89.77205,24.36495],[89.77224,24.36494],[89.77243,24.36422],[89.77282,24.36403],[89.77281,24.36385],[89.77301,24.36384],[89.773,24.36366],[89.7734,24.36366],[89.77339,24.36348],[89.77359,24.36347],[89.77358,24.36311],[89.77397,24.36292],[89.77397,24.36274],[89.77417,24.36274],[89.77416,24.36256],[89.77436,24.36256],[89.77436,24.36238],[89.77475,24.36237],[89.77474,24.36201],[89.77513,24.36182],[89.77513,24.36164],[89.77532,24.36164],[89.77532,24.36146],[89.77552,24.36145],[89.77551,24.36127],[89.77571,24.36127],[89.77571,24.36109],[89.7759,24.36108],[89.7759,24.3609],[89.7761,24.3609],[89.77609,24.36072],[89.77629,24.36072],[89.77629,24.36054],[89.77648,24.36053],[89.77648,24.36035],[89.77668,24.36035],[89.77667,24.36017],[89.77687,24.36016],[89.77685,24.35944],[89.77705,24.35944],[89.77705,24.35926],[89.77744,24.35925],[89.77763,24.35889],[89.77783,24.35888],[89.77782,24.3587],[89.77802,24.3587],[89.77801,24.35834],[89.7784,24.35815],[89.7784,24.35797],[89.77859,24.35797],[89.77859,24.35761],[89.77878,24.3576],[89.77877,24.35706],[89.77897,24.35706],[89.77895,24.35634],[89.77876,24.35634],[89.77876,24.3567],[89.77857,24.3567],[89.77858,24.35724],[89.77819,24.35743],[89.77819,24.35761],[89.778,24.35762],[89.77781,24.35834],[89.77742,24.35853],[89.77743,24.35871],[89.77703,24.35872],[89.77685,24.35908],[89.77665,24.35908],[89.77665,24.35927],[89.77646,24.35927],[89.77646,24.35963],[89.77627,24.35963],[89.77627,24.35981],[89.77588,24.35982],[89.77569,24.36019],[89.77549,24.36019],[89.77549,24.36037],[89.7753,24.36037],[89.7753,24.36055],[89.7751,24.36056],[89.77511,24.36074],[89.77491,24.36074],[89.77492,24.36092],[89.77472,24.36093],[89.77454,24.36165],[89.77415,24.36184],[89.77415,24.36202],[89.77395,24.36202],[89.77396,24.3622],[89.77376,24.36221],[89.77377,24.36239],[89.77357,24.36239],[89.77357,24.36257],[89.77338,24.36257],[89.77338,24.36275],[89.77318,24.36276],[89.77319,24.36294],[89.77299,24.36294],[89.77299,24.36312],[89.7728,24.36313],[89.7728,24.36331],[89.7726,24.36331],[89.77261,24.36349],[89.77241,24.36349],[89.77241,24.36367],[89.77222,24.36368],[89.77222,24.36386],[89.77202,24.36386],[89.77203,24.36404],[89.77183,24.36405],[89.77183,24.36423],[89.77164,24.36423],[89.77164,24.36441],[89.77144,24.36441],[89.77145,24.36478],[89.77106,24.36496],[89.77107,24.36514],[89.77087,24.36515],[89.77087,24.36533],[89.77048,24.36533],[89.77046,24.36461],[89.77027,24.36462],[89.77026,24.36426],[89.77006,24.36426],[89.77005,24.36372],[89.76985,24.36372],[89.76985,24.36336],[89.76965,24.36336],[89.76943,24.36229],[89.76923,24.36229],[89.76922,24.36157],[89.76902,24.36157],[89.769,24.36067],[89.7688,24.36067],[89.76879,24.36013],[89.76859,24.36013],[89.76859,24.35977],[89.76839,24.35978],[89.76838,24.35942],[89.76858,24.35941],[89.76857,24.35923],[89.76838,24.35924],[89.76835,24.35815],[89.76816,24.35816],[89.76813,24.35689],[89.76793,24.3569],[89.76792,24.35618],[89.76772,24.35618],[89.76771,24.35564],[89.76751,24.35564],[89.76749,24.35492],[89.7673,24.35492],[89.7673,24.3551],[89.76691,24.35511],[89.7669,24.35493],[89.76671,24.35493],[89.76692,24.35565],[89.76712,24.35565],[89.76714,24.35673],[89.76734,24.35673],[89.76735,24.35745],[89.76755,24.35745],[89.76757,24.35817],[89.76776,24.35816],[89.76779,24.35943],[89.76799,24.35942],[89.768,24.35997],[89.7682,24.35996],[89.76822,24.36104],[89.76842,24.36104],[89.76842,24.3614],[89.76862,24.3614],[89.76864,24.36212],[89.76883,24.36212],[89.76885,24.36302],[89.76905,24.36301],[89.76906,24.36338],[89.76925,24.36337],[89.76927,24.36391],[89.76946,24.36391],[89.76947,24.36427],[89.76967,24.36427],[89.76968,24.36463],[89.76987,24.36462],[89.7699,24.36571],[89.77009,24.3657],[89.77011,24.3666],[89.77051,24.3666]]]}},{"type":"Feature","properties":{"kind":"land","ha":16.3},"geometry":{"type":"Polygon","coordinates":[[[89.81041,24.35341],[89.81041,24.35323],[89.8112,24.35321],[89.81119,24.35285],[89.81139,24.35285],[89.81137,24.35213],[89.81157,24.35212],[89.81156,24.35176],[89.81136,24.35177],[89.81136,24.35159],[89.81155,24.35158],[89.81155,24.35122],[89.81174,24.35122],[89.81172,24.35014],[89.81192,24.35013],[89.81189,24.34887],[89.81209,24.34887],[89.81207,24.34796],[89.81246,24.34778],[89.81245,24.34741],[89.81225,24.34742],[89.81224,24.34688],[89.81204,24.34688],[89.81202,24.3458],[89.81162,24.34581],[89.81163,24.34617],[89.81143,24.34617],[89.81145,24.34671],[89.81125,24.34671],[89.81127,24.34744],[89.81107,24.34744],[89.81108,24.3478],[89.81088,24.3478],[89.81089,24.34817],[89.81049,24.34817],[89.8103,24.34854],[89.81011,24.34854],[89.81011,24.34872],[89.80952,24.34873],[89.80952,24.34855],[89.80912,24.34856],[89.80914,24.3491],[89.80933,24.3491],[89.80936,24.35036],[89.80916,24.35036],[89.80919,24.35145],[89.80938,24.35144],[89.80939,24.35162],[89.80919,24.35163],[89.8092,24.35199],[89.809,24.35199],[89.80903,24.35325],[89.80923,24.35325],[89.80923,24.35343],[89.81041,24.35341]]]}},{"type":"Feature","properties":{"kind":"land","ha":4.6},"geometry":{"type":"Polygon","coordinates":[[[89.80253,24.34435],[89.80252,24.34381],[89.80271,24.3438],[89.8027,24.34326],[89.80191,24.34328],[89.80191,24.34292],[89.80171,24.34292],[89.8017,24.34238],[89.80189,24.34238],[89.80189,24.34201],[89.80169,24.34202],[89.80169,24.34184],[89.8009,24.34185],[89.80071,24.34222],[89.80051,24.34222],[89.80052,24.3424],[89.80032,24.3424],[89.80033,24.34277],[89.79993,24.34277],[89.79994,24.34295],[89.79915,24.34297],[89.79898,24.34405],[89.79917,24.34405],[89.79918,24.34423],[89.79957,24.34422],[89.79956,24.34386],[89.79995,24.34368],[89.79995,24.34349],[89.80074,24.34348],[89.80073,24.3433],[89.80113,24.34329],[89.80133,24.34365],[89.80173,24.34364],[89.80173,24.34382],[89.80212,24.34382],[89.80213,24.344],[89.80232,24.34399],[89.80233,24.34435],[89.80253,24.34435]]]}},{"type":"Feature","properties":{"kind":"land","ha":16.9},"geometry":{"type":"Polygon","coordinates":[[[89.76606,24.35224],[89.76625,24.35187],[89.76605,24.35188],[89.76604,24.35134],[89.76584,24.35134],[89.76583,24.3508],[89.76563,24.3508],[89.76562,24.35026],[89.76542,24.35027],[89.76542,24.3499],[89.76522,24.34991],[89.76499,24.34847],[89.76479,24.34847],[89.76479,24.34811],[89.76459,24.34811],[89.76437,24.34704],[89.76398,24.34722],[89.76398,24.3474],[89.76359,24.34741],[89.76357,24.34669],[89.76338,24.34669],[89.76336,24.34579],[89.76316,24.34579],[89.76311,24.34363],[89.76271,24.34346],[89.76271,24.3431],[89.76251,24.3431],[89.7625,24.34256],[89.7623,24.34256],[89.76227,24.34112],[89.76207,24.34112],[89.76206,24.34058],[89.76186,24.34058],[89.76182,24.3386],[89.76162,24.3386],[89.76159,24.33716],[89.7614,24.33716],[89.76135,24.335],[89.76115,24.335],[89.76114,24.33464],[89.76095,24.33464],[89.76093,24.3341],[89.76074,24.33411],[89.76072,24.33338],[89.76092,24.33338],[89.7609,24.3323],[89.7607,24.3323],[89.76071,24.33266],[89.76032,24.33285],[89.76033,24.33339],[89.76053,24.33339],[89.76055,24.33447],[89.76035,24.33447],[89.76036,24.33483],[89.76076,24.33501],[89.76081,24.33753],[89.76101,24.33753],[89.76103,24.33861],[89.76123,24.33861],[89.76126,24.34023],[89.76146,24.34023],[89.76147,24.34077],[89.76167,24.34077],[89.76171,24.34239],[89.7619,24.34239],[89.76191,24.34275],[89.76211,24.34274],[89.76213,24.34365],[89.76232,24.34364],[89.76234,24.34455],[89.76254,24.34454],[89.76256,24.34526],[89.76275,24.34526],[89.76278,24.34652],[89.76298,24.34652],[89.763,24.34742],[89.76319,24.34742],[89.76321,24.34814],[89.76341,24.34814],[89.76342,24.34886],[89.76362,24.34885],[89.76363,24.3494],[89.76383,24.34939],[89.76384,24.34993],[89.76404,24.34993],[89.76405,24.35047],[89.76425,24.35047],[89.76446,24.35119],[89.76465,24.35118],[89.76466,24.35154],[89.76486,24.35154],[89.76487,24.3519],[89.76527,24.35207],[89.76527,24.35225],[89.76606,24.35224]]]}},{"type":"Feature","properties":{"kind":"land","ha":3.6},"geometry":{"type":"Polygon","coordinates":[[[89.78948,24.33322],[89.78947,24.33286],[89.78967,24.33285],[89.78964,24.33141],[89.78983,24.33141],[89.78982,24.33069],[89.78962,24.33069],[89.78961,24.33015],[89.78981,24.33014],[89.78979,24.32942],[89.78959,24.32943],[89.78957,24.32816],[89.78976,24.32816],[89.78974,24.3269],[89.78993,24.32689],[89.78992,24.32653],[89.79012,24.32653],[89.79012,24.32635],[89.79031,24.32634],[89.79029,24.32526],[89.7899,24.32545],[89.7899,24.32563],[89.78971,24.32563],[89.78969,24.32491],[89.78949,24.32492],[89.78955,24.32726],[89.78935,24.32727],[89.7894,24.32943],[89.7892,24.32943],[89.78921,24.32997],[89.78941,24.32997],[89.78944,24.33123],[89.78924,24.33124],[89.78928,24.33322],[89.78948,24.33322]]]}},{"type":"Feature","properties":{"kind":"land","ha":5.8},"geometry":{"type":"Polygon","coordinates":[[[89.76124,24.32074],[89.76123,24.32038],[89.76162,24.32019],[89.76161,24.31983],[89.76181,24.31983],[89.7618,24.31929],[89.76219,24.3191],[89.76218,24.31892],[89.76298,24.31926],[89.76297,24.3189],[89.76317,24.3189],[89.76315,24.31818],[89.76335,24.31817],[89.76332,24.31691],[89.76312,24.31692],[89.76311,24.31619],[89.76252,24.3162],[89.76252,24.31638],[89.76232,24.31639],[89.76214,24.31711],[89.76175,24.3173],[89.76157,24.31803],[89.76137,24.31803],[89.76139,24.31857],[89.76119,24.31857],[89.7612,24.31894],[89.761,24.31894],[89.76101,24.31948],[89.76081,24.31948],[89.76083,24.32039],[89.76064,24.32039],[89.76084,24.32075],[89.76124,24.32074]],[[89.76236,24.31819],[89.76217,24.3182],[89.76215,24.31765],[89.76274,24.31764],[89.76276,24.31837],[89.76237,24.31855],[89.76236,24.31819]]]}},{"type":"Feature","properties":{"kind":"land","ha":4.5},"geometry":{"type":"Polygon","coordinates":[[[89.79113,24.31875],[89.79111,24.31785],[89.79092,24.31785],[89.79091,24.31767],[89.79111,24.31767],[89.7911,24.31749],[89.7915,24.31748],[89.79149,24.3173],[89.7913,24.3173],[89.79129,24.31694],[89.79109,24.31694],[89.79108,24.3164],[89.79128,24.3164],[89.79127,24.31622],[89.79167,24.31621],[89.79166,24.31585],[89.79146,24.31585],[89.79145,24.31549],[89.79106,24.31532],[89.79105,24.31514],[89.79066,24.31515],[89.79065,24.31479],[89.79026,24.31479],[89.79026,24.31497],[89.79006,24.31498],[89.79006,24.3148],[89.78967,24.3148],[89.78969,24.31571],[89.78988,24.3157],[89.7899,24.31624],[89.7897,24.31625],[89.7897,24.31643],[89.7899,24.31643],[89.78992,24.31715],[89.79031,24.31714],[89.79031,24.31732],[89.79051,24.31732],[89.79052,24.31786],[89.79092,24.31803],[89.79094,24.31875],[89.79113,24.31875]]]}},{"type":"Feature","properties":{"kind":"land","ha":8.6},"geometry":{"type":"Polygon","coordinates":[[[89.76833,24.31159],[89.76852,24.31158],[89.76851,24.31122],[89.76871,24.31122],[89.76851,24.31086],[89.76811,24.31087],[89.76811,24.31069],[89.76791,24.31069],[89.76772,24.31106],[89.76753,24.31106],[89.76753,24.31124],[89.76733,24.31124],[89.76715,24.31197],[89.76637,24.31234],[89.76639,24.31307],[89.76679,24.31324],[89.7668,24.31378],[89.76641,24.31397],[89.76641,24.31415],[89.76602,24.31415],[89.76602,24.31434],[89.76563,24.31434],[89.76544,24.31471],[89.76524,24.31471],[89.76525,24.31507],[89.76505,24.31508],[89.76506,24.31544],[89.76467,24.31562],[89.76467,24.3158],[89.76527,24.31579],[89.76547,24.31615],[89.76567,24.31615],[89.76565,24.31543],[89.76585,24.31542],[89.76584,24.31506],[89.76604,24.31506],[89.76603,24.3147],[89.76642,24.31451],[89.76642,24.31433],[89.76661,24.31432],[89.76661,24.31414],[89.7668,24.31414],[89.7668,24.31396],[89.767,24.31396],[89.76699,24.31378],[89.76739,24.31377],[89.7674,24.31449],[89.7678,24.31448],[89.76779,24.3143],[89.76897,24.31428],[89.76895,24.3132],[89.76915,24.3132],[89.76913,24.31247],[89.76873,24.3123],[89.76873,24.31212],[89.76853,24.31212],[89.76853,24.31194],[89.76814,24.31195],[89.76833,24.31159]],[[89.76795,24.31231],[89.76775,24.31232],[89.76776,24.31268],[89.76736,24.31269],[89.76736,24.31233],[89.76775,24.31214],[89.76774,24.31196],[89.76814,24.31195],[89.76795,24.31231]]]}},{"type":"Feature","properties":{"kind":"land","ha":4.4},"geometry":{"type":"Polygon","coordinates":[[[89.75958,24.30795],[89.75956,24.30687],[89.75975,24.30687],[89.75975,24.30669],[89.76014,24.30668],[89.76014,24.3065],[89.76053,24.30649],[89.76053,24.30631],[89.76073,24.30631],[89.7607,24.30523],[89.7609,24.30522],[89.7609,24.3054],[89.76149,24.30539],[89.76148,24.30485],[89.76187,24.30466],[89.76166,24.30395],[89.76087,24.30396],[89.76069,24.30469],[89.7603,24.30487],[89.76031,24.30505],[89.76011,24.30506],[89.76012,24.30542],[89.75973,24.30561],[89.75973,24.30579],[89.75953,24.30579],[89.75955,24.30633],[89.75916,24.30652],[89.75897,24.30724],[89.75858,24.30725],[89.75859,24.30779],[89.75899,24.30779],[89.75899,24.30797],[89.75958,24.30795]]]}},{"type":"Feature","properties":{"kind":"land","ha":53.9},"geometry":{"type":"Polygon","coordinates":[[[89.74975,24.30886],[89.74956,24.30922],[89.74937,24.30922],[89.74938,24.30976],[89.74918,24.30977],[89.74919,24.31013],[89.74899,24.31013],[89.749,24.31067],[89.74881,24.31068],[89.74881,24.31086],[89.74822,24.31087],[89.74823,24.31123],[89.74863,24.3114],[89.74866,24.31285],[89.74846,24.31285],[89.74849,24.31429],[89.74829,24.3143],[89.74831,24.3152],[89.74812,24.3152],[89.74813,24.31574],[89.74832,24.31574],[89.74834,24.31646],[89.74814,24.31647],[89.74815,24.31683],[89.74795,24.31683],[89.74798,24.31809],[89.74778,24.3181],[89.7478,24.31864],[89.7476,24.31864],[89.74762,24.31972],[89.74743,24.31973],[89.74747,24.32171],[89.74767,24.32171],[89.74767,24.32207],[89.74728,24.32208],[89.74728,24.32226],[89.74748,24.32225],[89.74748,24.32243],[89.74788,24.32243],[89.74789,24.32279],[89.74749,24.32279],[89.7475,24.32297],[89.7473,24.32298],[89.7475,24.32334],[89.74731,24.32334],[89.74731,24.3237],[89.74771,24.32387],[89.74772,24.32405],[89.74791,24.32405],[89.74792,24.32441],[89.74713,24.32425],[89.74713,24.32443],[89.74733,24.32442],[89.74735,24.32514],[89.74715,24.32515],[89.74717,24.32623],[89.74737,24.32623],[89.74738,24.32695],[89.74719,24.32695],[89.7472,24.32749],[89.7476,24.32767],[89.7476,24.32803],[89.7478,24.32802],[89.74782,24.32875],[89.74801,24.32874],[89.74803,24.32928],[89.74822,24.32928],[89.74823,24.32982],[89.74843,24.32982],[89.74846,24.33108],[89.74886,24.33125],[89.74886,24.33143],[89.74906,24.33143],[89.74906,24.33161],[89.74926,24.33161],[89.74927,24.33233],[89.74947,24.33233],[89.74947,24.33251],[89.74967,24.3325],[89.74965,24.3316],[89.74925,24.33143],[89.74923,24.33052],[89.74884,24.33035],[89.74883,24.33017],[89.74922,24.32998],[89.7492,24.3289],[89.749,24.3289],[89.74899,24.32836],[89.74919,24.32836],[89.74916,24.32728],[89.74897,24.32728],[89.74895,24.32638],[89.74915,24.32637],[89.74907,24.32295],[89.74927,24.32294],[89.7492,24.3197],[89.74939,24.31969],[89.74936,24.31807],[89.74956,24.31806],[89.74953,24.31662],[89.74972,24.31662],[89.74971,24.31608],[89.74951,24.31608],[89.74949,24.31482],[89.74968,24.31481],[89.74967,24.31409],[89.74986,24.31409],[89.74985,24.31355],[89.75005,24.31354],[89.75003,24.31282],[89.74984,24.31282],[89.74983,24.31264],[89.75003,24.31264],[89.75001,24.31192],[89.75021,24.31192],[89.7502,24.31137],[89.7504,24.31137],[89.75039,24.31083],[89.75058,24.31083],[89.75057,24.31028],[89.75077,24.31028],[89.75076,24.30974],[89.75095,24.30974],[89.75094,24.30919],[89.75114,24.30919],[89.75113,24.30883],[89.75133,24.30883],[89.75131,24.3081],[89.75151,24.3081],[89.7515,24.30774],[89.7517,24.30774],[89.75187,24.30665],[89.75207,24.30665],[89.75206,24.30611],[89.75225,24.3061],[89.75225,24.30574],[89.75244,24.30574],[89.75244,24.30556],[89.75263,24.30555],[89.75281,24.30447],[89.75301,24.30446],[89.753,24.3041],[89.75319,24.3041],[89.75319,24.30392],[89.75339,24.30392],[89.75357,24.30319],[89.75377,24.30319],[89.75376,24.30283],[89.75415,24.30264],[89.75414,24.30246],[89.75434,24.30245],[89.75434,24.30227],[89.75473,24.30227],[89.75474,24.30263],[89.75533,24.30262],[89.75532,24.30244],[89.75513,24.30244],[89.75511,24.30172],[89.75492,24.30172],[89.75491,24.30136],[89.75471,24.30136],[89.7547,24.30082],[89.7545,24.30083],[89.75449,24.30047],[89.7543,24.30047],[89.75429,24.30011],[89.75409,24.30011],[89.75408,24.29957],[89.75388,24.29957],[89.7539,24.30012],[89.75351,24.3003],[89.75351,24.30066],[89.75332,24.30067],[89.75333,24.30103],[89.75294,24.30122],[89.75294,24.3014],[89.75274,24.3014],[89.75275,24.30158],[89.75255,24.30158],[89.75255,24.30176],[89.75236,24.30177],[89.75237,24.30249],[89.75218,24.30249],[89.75218,24.30285],[89.75199,24.30286],[89.752,24.3034],[89.7518,24.3034],[89.75181,24.30376],[89.75161,24.30377],[89.75162,24.30431],[89.75143,24.30431],[89.75143,24.30467],[89.75124,24.30468],[89.75125,24.30504],[89.75105,24.30504],[89.75106,24.30558],[89.75086,24.30559],[89.75087,24.30595],[89.75067,24.30595],[89.75068,24.30613],[89.75048,24.30613],[89.7503,24.30686],[89.7501,24.30686],[89.75012,24.30777],[89.74993,24.30777],[89.74994,24.30849],[89.75014,24.30849],[89.75015,24.30885],[89.74975,24.30886]],[[89.75034,24.30884],[89.75035,24.30902],[89.75015,24.30903],[89.75015,24.30885],[89.75034,24.30884]],[[89.74813,24.32513],[89.74794,24.32513],[89.74793,24.32495],[89.74813,24.32495],[89.74813,24.32477],[89.74793,24.32477],[89.74792,24.32459],[89.74832,24.32458],[89.74833,24.32513],[89.74872,24.32512],[89.74873,24.3253],[89.74833,24.32531],[89.74834,24.32549],[89.74814,24.32549],[89.74813,24.32513]],[[89.74836,24.31754],[89.74895,24.31753],[89.74896,24.31771],[89.74837,24.31772],[89.74836,24.31754]],[[89.74915,24.31753],[89.74935,24.31753],[89.74935,24.31771],[89.74916,24.31771],[89.74915,24.31753]],[[89.74996,24.30939],[89.75035,24.30939],[89.75036,24.30957],[89.74996,24.30957],[89.74996,24.30939]],[[89.75033,24.30848],[89.75053,24.30848],[89.75054,24.30866],[89.75034,24.30866],[89.75033,24.30848]],[[89.75315,24.30211],[89.75335,24.30211],[89.75334,24.30193],[89.75374,24.30192],[89.75375,24.30247],[89.75316,24.30248],[89.75315,24.30211]],[[89.75275,24.30176],[89.75295,24.30176],[89.75295,24.30212],[89.75276,24.30212],[89.75275,24.30176]]]}},{"type":"Feature","properties":{"kind":"land","ha":8.4},"geometry":{"type":"Polygon","coordinates":[[[89.77378,24.29055],[89.77377,24.29037],[89.77436,24.29036],[89.77436,24.29018],[89.77495,24.29017],[89.77495,24.28999],[89.77554,24.28997],[89.77553,24.28979],[89.77573,24.28979],[89.77572,24.28925],[89.77591,24.28925],[89.77591,24.28907],[89.7771,24.28922],[89.77709,24.28904],[89.77669,24.28887],[89.77669,24.28869],[89.77649,24.28869],[89.77649,24.28851],[89.77629,24.28852],[89.77628,24.28816],[89.77609,24.28816],[89.77608,24.28798],[89.77569,24.28799],[89.77569,24.28781],[89.7747,24.28782],[89.7747,24.28764],[89.77273,24.28768],[89.77273,24.28786],[89.77234,24.28787],[89.77234,24.28805],[89.77254,24.28804],[89.77254,24.28822],[89.77294,24.28822],[89.77295,24.28876],[89.77315,24.28876],[89.77316,24.28948],[89.77336,24.28947],[89.77337,24.28983],[89.77356,24.28983],[89.77358,24.29055],[89.77378,24.29055]],[[89.77373,24.28856],[89.77393,24.28856],[89.77393,24.28874],[89.77374,24.28874],[89.77373,24.28856]]]}},{"type":"Feature","properties":{"kind":"land","ha":4.2},"geometry":{"type":"Polygon","coordinates":[[[89.76189,24.27813],[89.76188,24.27795],[89.76169,24.27795],[89.76168,24.27741],[89.76148,24.27742],[89.76147,24.27705],[89.76127,24.27706],[89.76127,24.27688],[89.76107,24.27688],[89.76106,24.27634],[89.76066,24.27617],[89.76065,24.27563],[89.76104,24.27544],[89.76102,24.27454],[89.76063,24.27436],[89.76062,24.27418],[89.76043,24.27419],[89.76042,24.27401],[89.75924,24.27403],[89.75923,24.27349],[89.75883,24.27331],[89.75884,24.27385],[89.75904,24.27385],[89.75905,24.27421],[89.75924,24.27421],[89.75925,24.27457],[89.75965,24.27456],[89.75985,24.27492],[89.76005,24.27491],[89.76005,24.2751],[89.75985,24.2751],[89.75987,24.27564],[89.76006,24.27564],[89.76007,24.276],[89.76027,24.27599],[89.76028,24.27635],[89.76047,24.27635],[89.76069,24.27743],[89.76109,24.2776],[89.76109,24.27778],[89.76129,24.27778],[89.76129,24.27796],[89.76149,24.27796],[89.7615,24.27814],[89.76189,24.27813]]]}},{"type":"Feature","properties":{"kind":"land","ha":8.6},"geometry":{"type":"Polygon","coordinates":[[[89.76362,24.27611],[89.76363,24.27665],[89.76324,24.27684],[89.76324,24.27702],[89.76344,24.27702],[89.76345,24.27756],[89.76365,24.27756],[89.76366,24.27792],[89.76405,24.27791],[89.76405,24.27773],[89.76483,24.27772],[89.76502,24.27735],[89.76522,24.27735],[89.76521,24.27699],[89.76501,24.27699],[89.765,24.27627],[89.7648,24.27627],[89.76479,24.27591],[89.7646,24.27592],[89.76498,24.27519],[89.76537,24.27518],[89.76537,24.275],[89.76556,24.275],[89.76556,24.27481],[89.76536,24.27482],[89.76535,24.27428],[89.76515,24.27428],[89.76515,24.2741],[89.76476,24.27411],[89.76475,24.27393],[89.76495,24.27392],[89.76493,24.2732],[89.76474,24.27321],[89.76473,24.27302],[89.76414,24.27304],[89.76415,24.27358],[89.76435,24.27357],[89.76437,24.27429],[89.76496,24.27428],[89.76496,24.27464],[89.76418,24.27502],[89.76418,24.27484],[89.76379,24.27485],[89.76358,24.27449],[89.76319,24.2745],[89.76298,24.27414],[89.76279,24.27414],[89.76278,24.27396],[89.76259,24.27397],[89.76258,24.27361],[89.76218,24.27343],[89.76218,24.27325],[89.76198,24.27326],[89.76198,24.27307],[89.76139,24.27309],[89.7614,24.27363],[89.7618,24.2738],[89.7618,24.27398],[89.76219,24.27397],[89.76221,24.27488],[89.76261,24.27505],[89.76262,24.27541],[89.76281,24.27541],[89.76282,24.27577],[89.76243,24.27577],[89.76244,24.27632],[89.76303,24.2763],[89.76303,24.27612],[89.76362,24.27611]],[[89.76283,24.27613],[89.76283,24.27595],[89.76302,24.27594],[89.76303,24.27612],[89.76283,24.27613]],[[89.76403,24.27719],[89.76384,24.27719],[89.76383,24.27665],[89.76442,24.27664],[89.76443,24.27736],[89.76404,24.27737],[89.76403,24.27719]],[[89.76361,24.27557],[89.76341,24.27558],[89.7634,24.27503],[89.76359,24.27503],[89.7636,24.27539],[89.764,24.27538],[89.76401,24.27593],[89.76381,24.27593],[89.76361,24.27557]]]}},{"type":"Feature","properties":{"kind":"land","ha":5.8},"geometry":{"type":"Polygon","coordinates":[[[89.74899,24.27367],[89.74898,24.27295],[89.74937,24.27276],[89.74936,24.27258],[89.74877,24.27259],[89.74876,24.27205],[89.74797,24.27188],[89.74797,24.2717],[89.74738,24.27172],[89.74737,24.27153],[89.74698,24.27154],[89.74697,24.27118],[89.74657,24.27101],[89.74657,24.27083],[89.74637,24.27083],[89.74637,24.27065],[89.74598,24.27066],[89.74577,24.2703],[89.74557,24.2703],[89.74557,24.27012],[89.74537,24.27013],[89.74537,24.26995],[89.74517,24.26995],[89.74516,24.26959],[89.74497,24.26959],[89.74498,24.27031],[89.74538,24.27049],[89.7454,24.27139],[89.7458,24.27156],[89.74581,24.27192],[89.7462,24.2721],[89.74621,24.27228],[89.7464,24.27227],[89.74641,24.27245],[89.7468,24.27245],[89.74701,24.2728],[89.74779,24.27279],[89.748,24.27315],[89.74819,24.27314],[89.7482,24.27332],[89.7484,24.27332],[89.7484,24.2735],[89.7486,24.2735],[89.7486,24.27368],[89.74899,24.27367]]]}},{"type":"Feature","properties":{"kind":"land","ha":5.2},"geometry":{"type":"Polygon","coordinates":[[[89.75775,24.26864],[89.75776,24.26918],[89.75815,24.26935],[89.75816,24.26953],[89.75875,24.26952],[89.75873,24.2688],[89.75913,24.26879],[89.75932,24.26843],[89.75951,24.26843],[89.75951,24.26807],[89.75931,24.26807],[89.7593,24.26789],[89.75891,24.2679],[89.7589,24.26754],[89.75871,24.26754],[89.75869,24.267],[89.7585,24.267],[89.75849,24.26682],[89.7581,24.26701],[89.75811,24.26719],[89.75791,24.26719],[89.75792,24.26737],[89.75772,24.26738],[89.75771,24.2672],[89.75673,24.26721],[89.75673,24.26703],[89.75516,24.26724],[89.75495,24.26688],[89.75475,24.26689],[89.75475,24.26671],[89.75455,24.26671],[89.75457,24.26725],[89.75536,24.26742],[89.75536,24.2676],[89.75575,24.26759],[89.75596,24.26795],[89.75616,24.26795],[89.75616,24.26813],[89.75655,24.26812],[89.75655,24.26776],[89.75674,24.26775],[89.75674,24.26757],[89.75714,24.26775],[89.75714,24.26793],[89.75734,24.26792],[89.75734,24.2681],[89.75754,24.2681],[89.75753,24.26774],[89.75773,24.26774],[89.75773,24.2681],[89.75793,24.26809],[89.75794,24.26864],[89.75775,24.26864]],[[89.75834,24.26863],[89.75834,24.26899],[89.75815,24.26899],[89.75794,24.26864],[89.75834,24.26863]]]}},{"type":"Feature","properties":{"kind":"land","ha":5.9},"geometry":{"type":"Polygon","coordinates":[[[89.75238,24.26621],[89.75237,24.26585],[89.75197,24.26568],[89.75197,24.26549],[89.75177,24.2655],[89.75177,24.26532],[89.75157,24.26532],[89.75156,24.26496],[89.75116,24.26479],[89.75116,24.26461],[89.75096,24.26461],[89.75096,24.26443],[89.75076,24.26443],[89.75076,24.26425],[89.75056,24.26426],[89.75056,24.26408],[89.75036,24.26408],[89.75036,24.2639],[89.74996,24.26391],[89.74976,24.26355],[89.74956,24.26355],[89.74956,24.26337],[89.74936,24.26338],[89.74936,24.2632],[89.74916,24.2632],[89.74916,24.26302],[89.74837,24.26285],[89.74836,24.26267],[89.74797,24.26268],[89.74776,24.26232],[89.74757,24.26233],[89.74756,24.26215],[89.74717,24.26215],[89.74717,24.26197],[89.74638,24.26199],[89.74637,24.26144],[89.74676,24.26126],[89.74675,24.2609],[89.74616,24.26091],[89.74618,24.26199],[89.74599,24.26199],[89.746,24.26253],[89.74639,24.26271],[89.74641,24.26325],[89.7468,24.26306],[89.747,24.26342],[89.7472,24.26342],[89.74721,24.26378],[89.7474,24.26377],[89.74738,24.26287],[89.74778,24.26286],[89.74798,24.26322],[89.74818,24.26322],[89.74818,24.2634],[89.74858,24.26339],[89.74878,24.26375],[89.74917,24.26374],[89.74938,24.2641],[89.74957,24.26409],[89.74958,24.26427],[89.74978,24.26427],[89.74978,24.26445],[89.74998,24.26445],[89.74998,24.26463],[89.75018,24.26462],[89.75018,24.26481],[89.75038,24.2648],[89.75038,24.26498],[89.75058,24.26498],[89.75058,24.26516],[89.75078,24.26516],[89.75078,24.26534],[89.75157,24.2655],[89.75158,24.26586],[89.75178,24.26586],[89.75178,24.26604],[89.75218,24.26603],[89.75218,24.26621],[89.75238,24.26621]]]}},{"type":"Feature","properties":{"kind":"land","ha":18.2},"geometry":{"type":"Polygon","coordinates":[[[89.75779,24.26178],[89.75779,24.26142],[89.75798,24.26141],[89.75797,24.26069],[89.75777,24.2607],[89.75775,24.25979],[89.75795,24.25979],[89.75794,24.25925],[89.75754,24.25926],[89.75754,24.25908],[89.75734,24.25908],[89.75735,24.25926],[89.75695,24.25927],[89.75696,24.25945],[89.75676,24.25945],[89.75656,24.25909],[89.75636,24.2591],[89.75635,24.25892],[89.75616,24.25892],[89.75615,24.25838],[89.75556,24.25839],[89.75554,24.25785],[89.75574,24.25785],[89.75572,24.25676],[89.75552,24.25677],[89.75551,24.25641],[89.75532,24.25641],[89.75531,24.25623],[89.75551,24.25623],[89.7555,24.25586],[89.75491,24.25588],[89.75491,24.25606],[89.75472,24.25606],[89.75473,24.2566],[89.75493,24.2566],[89.75495,24.25786],[89.75515,24.25786],[89.75515,24.25804],[89.75496,24.25804],[89.75496,24.25822],[89.75457,24.25823],[89.75438,24.25859],[89.75418,24.2586],[89.75419,24.25878],[89.75379,24.25878],[89.75379,24.2586],[89.7532,24.25861],[89.75301,24.25898],[89.75281,24.25898],[89.75282,24.25952],[89.75302,24.25952],[89.75302,24.2597],[89.75243,24.25971],[89.75243,24.25953],[89.75204,24.25954],[89.75203,24.25936],[89.75125,24.25937],[89.75125,24.25973],[89.75145,24.25973],[89.75147,24.26063],[89.75167,24.26063],[89.75167,24.26099],[89.75207,24.26116],[89.75208,24.26134],[89.75227,24.26134],[89.75228,24.26152],[89.75287,24.26151],[89.75286,24.26115],[89.75325,24.26096],[89.75324,24.26078],[89.75443,24.26076],[89.75442,24.26058],[89.75501,24.26057],[89.75502,24.26075],[89.75561,24.26074],[89.75561,24.26092],[89.75581,24.26091],[89.75581,24.26127],[89.75621,24.26145],[89.75622,24.26163],[89.75641,24.26162],[89.75642,24.2618],[89.75779,24.26178]]]}},{"type":"Feature","properties":{"kind":"land","ha":40.1},"geometry":{"type":"Polygon","coordinates":[[[89.74054,24.25577],[89.73995,24.25578],[89.73995,24.25596],[89.73975,24.25597],[89.73976,24.25651],[89.73957,24.25651],[89.73957,24.25669],[89.73918,24.2567],[89.73916,24.25598],[89.73877,24.25599],[89.73856,24.25563],[89.73837,24.25563],[89.73838,24.25599],[89.73818,24.256],[89.73819,24.25654],[89.73799,24.25654],[89.73801,24.25708],[89.73781,24.25709],[89.73782,24.25763],[89.73841,24.25762],[89.73841,24.2578],[89.73861,24.25779],[89.73882,24.25851],[89.73902,24.25851],[89.73884,24.25923],[89.73923,24.25923],[89.73944,24.25995],[89.73964,24.25994],[89.73965,24.26048],[89.73985,24.26048],[89.73986,24.26102],[89.74006,24.26102],[89.74007,24.26138],[89.74026,24.26137],[89.74027,24.26174],[89.73988,24.26192],[89.73988,24.2621],[89.73969,24.26211],[89.73972,24.26373],[89.74012,24.2639],[89.74012,24.26408],[89.74032,24.26408],[89.74032,24.26426],[89.74052,24.26426],[89.74053,24.26444],[89.74072,24.26443],[89.74073,24.26462],[89.74092,24.26461],[89.74093,24.26497],[89.74113,24.26497],[89.74112,24.26443],[89.74131,24.26442],[89.7413,24.26388],[89.7415,24.26388],[89.74149,24.2637],[89.74189,24.26387],[89.7419,24.26405],[89.74209,24.26405],[89.7421,24.26423],[89.74229,24.26423],[89.74229,24.26405],[89.74268,24.26404],[89.74289,24.2644],[89.74328,24.26439],[89.74328,24.26421],[89.74426,24.26419],[89.74445,24.26383],[89.74484,24.26382],[89.74483,24.26328],[89.74464,24.26328],[89.74463,24.2631],[89.74424,24.26311],[89.74403,24.26275],[89.74364,24.26276],[89.74363,24.2624],[89.74402,24.26221],[89.74403,24.26239],[89.74442,24.26238],[89.74442,24.26256],[89.74482,24.26256],[89.74482,24.26274],[89.74521,24.26273],[89.74521,24.26255],[89.74541,24.26255],[89.7454,24.262],[89.7452,24.26201],[89.74519,24.26183],[89.74441,24.26184],[89.7442,24.26148],[89.74381,24.26149],[89.7438,24.26113],[89.744,24.26113],[89.74399,24.26095],[89.74478,24.26093],[89.74477,24.26039],[89.74457,24.26039],[89.74457,24.26021],[89.74477,24.26021],[89.74476,24.25985],[89.74496,24.25985],[89.74495,24.25967],[89.74515,24.25966],[89.74513,24.25876],[89.74394,24.25824],[89.74395,24.25878],[89.74414,24.25878],[89.74416,24.25968],[89.74397,24.25968],[89.74396,24.25932],[89.74376,24.25933],[89.74376,24.25896],[89.74356,24.25897],[89.74357,24.25933],[89.74317,24.25934],[89.74297,24.25898],[89.74277,24.25898],[89.74276,24.25826],[89.74256,24.25826],[89.74255,24.2579],[89.74215,24.25773],[89.74214,24.25719],[89.74195,24.25719],[89.74193,24.25647],[89.74173,24.25647],[89.74173,24.25629],[89.74054,24.25613],[89.74054,24.25577]],[[89.74055,24.25632],[89.74035,24.25632],[89.74035,24.25614],[89.74054,24.25613],[89.74055,24.25632]],[[89.74036,24.25668],[89.74056,24.25668],[89.74056,24.25686],[89.74076,24.25685],[89.74077,24.25757],[89.74038,24.25776],[89.74038,24.25758],[89.74018,24.25759],[89.74017,24.25704],[89.74037,24.25704],[89.74036,24.25686],[89.74017,24.25686],[89.74015,24.25632],[89.74035,24.25632],[89.74036,24.25668]],[[89.74345,24.2633],[89.74385,24.2633],[89.74386,24.26366],[89.74346,24.26366],[89.74345,24.2633]],[[89.74147,24.2628],[89.74187,24.26279],[89.74168,24.26315],[89.74148,24.26316],[89.74147,24.2628]],[[89.74087,24.26209],[89.74126,24.26208],[89.74127,24.26226],[89.74087,24.26227],[89.74087,24.26209]],[[89.7428,24.26025],[89.7426,24.26025],[89.74258,24.25935],[89.74298,24.25934],[89.74298,24.25952],[89.74318,24.25952],[89.74319,24.26024],[89.7428,24.26043],[89.7428,24.26025]]]}},{"type":"Feature","properties":{"kind":"land","ha":3.0},"geometry":{"type":"Polygon","coordinates":[[[89.74229,24.25484],[89.74228,24.25448],[89.74267,24.25447],[89.74267,24.25429],[89.74287,24.25429],[89.74286,24.25393],[89.74306,24.25392],[89.74285,24.25357],[89.74265,24.25357],[89.74261,24.2514],[89.74281,24.2514],[89.7428,24.25104],[89.74241,24.25123],[89.74242,24.25159],[89.74222,24.25159],[89.74222,24.25177],[89.74163,24.25178],[89.74166,24.25287],[89.74185,24.25286],[89.74187,24.25376],[89.74207,24.25376],[89.74209,24.25484],[89.74229,24.25484]]]}},{"type":"Feature","properties":{"kind":"land","ha":3.1},"geometry":{"type":"Polygon","coordinates":[[[89.73227,24.25592],[89.73226,24.25538],[89.73186,24.25521],[89.73186,24.25503],[89.73166,24.25503],[89.73165,24.25467],[89.73146,24.25467],[89.73145,24.25413],[89.73125,24.25414],[89.73122,24.25287],[89.73102,24.25288],[89.731,24.25179],[89.7306,24.25162],[89.7306,24.25126],[89.7304,24.25126],[89.7304,24.25108],[89.7302,24.25109],[89.73021,24.25145],[89.7304,24.25144],[89.73041,24.25198],[89.73061,24.25198],[89.73062,24.25234],[89.73082,24.25234],[89.73083,24.25306],[89.73063,24.25306],[89.73064,24.25342],[89.73084,24.25342],[89.73086,24.25432],[89.73066,24.25433],[89.73068,24.25523],[89.73088,24.25523],[89.73089,24.25559],[89.73128,24.25558],[89.73128,24.25576],[89.73207,24.25575],[89.73207,24.25593],[89.73227,24.25592]]]}},{"type":"Feature","properties":{"kind":"land","ha":11.7},"geometry":{"type":"Polygon","coordinates":[[[89.74645,24.25603],[89.74644,24.25585],[89.74664,24.25584],[89.74662,24.25476],[89.74701,24.25457],[89.747,24.25439],[89.7472,24.25439],[89.7472,24.25457],[89.7476,24.25456],[89.7476,24.25474],[89.74839,24.25473],[89.74839,24.25455],[89.74858,24.25455],[89.74857,24.25418],[89.74896,24.254],[89.74896,24.25382],[89.74916,24.25381],[89.74915,24.25363],[89.74955,24.25363],[89.74974,24.25326],[89.75033,24.25325],[89.75031,24.25271],[89.75012,24.25271],[89.75011,24.25235],[89.74991,24.25236],[89.74991,24.25199],[89.7501,24.25199],[89.7501,24.25181],[89.75089,24.2518],[89.75086,24.25071],[89.75106,24.25071],[89.75105,24.25035],[89.75085,24.25035],[89.75085,24.24999],[89.75006,24.25001],[89.74987,24.25037],[89.74967,24.25037],[89.7497,24.25182],[89.74931,24.25201],[89.74932,24.25219],[89.74912,24.25219],[89.74913,24.25237],[89.74854,24.25238],[89.74853,24.2522],[89.74833,24.2522],[89.74812,24.25149],[89.74773,24.25149],[89.74773,24.25167],[89.74734,24.25168],[89.74734,24.25186],[89.74715,24.25186],[89.74716,24.25241],[89.74696,24.25241],[89.74698,24.25349],[89.74659,24.2535],[89.74659,24.25368],[89.7464,24.25368],[89.74641,24.25422],[89.74661,24.25422],[89.74661,24.25458],[89.74602,24.25459],[89.74605,24.25604],[89.74645,24.25603]]]}},{"type":"Feature","properties":{"kind":"land","ha":8.1},"geometry":{"type":"Polygon","coordinates":[[[89.76027,24.25812],[89.76026,24.25722],[89.76006,24.25723],[89.76005,24.25668],[89.76024,24.25668],[89.76022,24.25542],[89.76041,24.25541],[89.76038,24.25379],[89.76018,24.25379],[89.76016,24.25289],[89.75996,24.2529],[89.75995,24.25235],[89.75976,24.25236],[89.75974,24.25146],[89.75954,24.25146],[89.75953,24.2511],[89.75934,24.2511],[89.75933,24.25074],[89.75913,24.25074],[89.75912,24.25038],[89.75873,24.25021],[89.75851,24.24949],[89.75832,24.2495],[89.75831,24.24913],[89.75811,24.24914],[89.75793,24.24986],[89.75773,24.24987],[89.75775,24.25041],[89.75814,24.25058],[89.75815,24.25112],[89.75855,24.2513],[89.75856,24.25148],[89.75875,24.25147],[89.75876,24.25183],[89.75896,24.25183],[89.75899,24.25345],[89.75919,24.25345],[89.75921,24.25417],[89.7594,24.25417],[89.75942,24.25507],[89.75962,24.25507],[89.75965,24.25633],[89.75984,24.25633],[89.75985,24.25651],[89.75965,24.25651],[89.75967,24.25741],[89.75987,24.25741],[89.75987,24.25777],[89.76007,24.25777],[89.76008,24.25813],[89.76027,24.25812]]]}},{"type":"Feature","properties":{"kind":"land","ha":3.4},"geometry":{"type":"Polygon","coordinates":[[[89.75364,24.25157],[89.75363,24.25139],[89.75422,24.25137],[89.75423,24.25156],[89.75442,24.25155],[89.75442,24.25137],[89.75462,24.25137],[89.75459,24.25029],[89.75479,24.25028],[89.75477,24.24956],[89.75438,24.24939],[89.75437,24.24885],[89.75397,24.24885],[89.75398,24.24921],[89.75359,24.2494],[89.7536,24.24976],[89.7534,24.24977],[89.75342,24.25049],[89.75322,24.25049],[89.75323,24.25085],[89.75303,24.25086],[89.75303,24.25104],[89.75323,24.25103],[89.75324,24.25157],[89.75364,24.25157]]]}},{"type":"Feature","properties":{"kind":"land","ha":9.1},"geometry":{"type":"Polygon","coordinates":[[[89.76756,24.24897],[89.76775,24.24896],[89.76774,24.24824],[89.76754,24.24825],[89.76753,24.24788],[89.76734,24.24789],[89.76733,24.24753],[89.76694,24.24753],[89.76693,24.24717],[89.76732,24.24699],[89.76729,24.2459],[89.7671,24.24591],[89.76708,24.245],[89.76728,24.245],[89.76727,24.24482],[89.76687,24.24465],[89.76687,24.24447],[89.76667,24.24447],[89.76667,24.24429],[89.76647,24.24429],[89.76652,24.24628],[89.76671,24.24627],[89.76672,24.24682],[89.76653,24.24682],[89.76654,24.24754],[89.76615,24.24773],[89.76617,24.24845],[89.76637,24.24845],[89.7664,24.24989],[89.76659,24.24989],[89.7666,24.25025],[89.7668,24.25024],[89.76681,24.25061],[89.767,24.2506],[89.76681,24.25097],[89.76701,24.25096],[89.76702,24.2515],[89.76742,24.2515],[89.76741,24.25114],[89.7676,24.25113],[89.76759,24.25059],[89.7674,24.25059],[89.76739,24.25041],[89.76759,24.25041],[89.76759,24.25023],[89.76837,24.25022],[89.76838,24.2504],[89.76877,24.25039],[89.76878,24.25075],[89.76838,24.25076],[89.7682,24.25112],[89.768,24.25112],[89.76802,24.25221],[89.76842,24.2522],[89.7684,24.25166],[89.7686,24.25166],[89.76859,24.25129],[89.76879,24.25129],[89.76879,24.25111],[89.76918,24.2511],[89.76918,24.25128],[89.76938,24.25128],[89.7694,24.252],[89.76959,24.252],[89.7696,24.25236],[89.7698,24.25236],[89.76977,24.25127],[89.76958,24.25128],[89.76956,24.25055],[89.76936,24.25056],[89.76936,24.2502],[89.76916,24.2502],[89.76916,24.25002],[89.76876,24.25003],[89.76856,24.24967],[89.76777,24.24968],[89.76776,24.24932],[89.76757,24.24933],[89.76756,24.24897]],[[89.76758,24.25005],[89.76738,24.25005],[89.76718,24.2497],[89.76698,24.2497],[89.76716,24.24897],[89.76697,24.24898],[89.76696,24.24862],[89.76735,24.24861],[89.76737,24.24933],[89.76757,24.24933],[89.76758,24.25005]]]}},{"type":"Feature","properties":{"kind":"land","ha":5.3},"geometry":{"type":"Polygon","coordinates":[[[89.75296,24.24761],[89.75294,24.24652],[89.75313,24.24652],[89.75312,24.24598],[89.75332,24.24598],[89.75332,24.2458],[89.75312,24.2458],[89.7531,24.2449],[89.7533,24.24489],[89.75328,24.24435],[89.75348,24.24435],[89.75348,24.24417],[89.75328,24.24417],[89.75326,24.24309],[89.75267,24.2431],[89.75267,24.24328],[89.75188,24.24329],[89.75188,24.24311],[89.75129,24.24313],[89.75129,24.24331],[89.7511,24.24331],[89.7511,24.24367],[89.7519,24.24402],[89.75191,24.24474],[89.75172,24.24474],[89.75173,24.2451],[89.75212,24.24528],[89.75213,24.24546],[89.75232,24.24545],[89.75233,24.24581],[89.75273,24.24599],[89.75273,24.24617],[89.75293,24.24616],[89.75293,24.24634],[89.75254,24.24635],[89.75255,24.24671],[89.75235,24.24672],[89.75236,24.24726],[89.75276,24.24743],[89.75276,24.24761],[89.75296,24.24761]]]}},{"type":"Feature","properties":{"kind":"land","ha":3.4},"geometry":{"type":"Polygon","coordinates":[[[89.76634,24.22895],[89.76632,24.22805],[89.76612,24.22806],[89.76611,24.22769],[89.76592,24.2277],[89.7659,24.22716],[89.76571,24.22716],[89.76569,24.22644],[89.7655,24.22644],[89.76549,24.22608],[89.76529,24.22608],[89.76528,24.22572],[89.76489,24.22555],[89.76467,24.22483],[89.76428,24.22466],[89.76426,24.22412],[89.76387,24.22412],[89.76351,24.22558],[89.7639,24.22557],[89.76411,24.22593],[89.7643,24.22592],[89.76431,24.2261],[89.7645,24.2261],[89.76451,24.22628],[89.7647,24.22628],[89.76471,24.22646],[89.76491,24.22645],[89.76491,24.22663],[89.76511,24.22663],[89.76511,24.22681],[89.76531,24.22681],[89.76531,24.22717],[89.76571,24.22734],[89.76572,24.22788],[89.76592,24.22788],[89.76593,24.22824],[89.76612,24.22824],[89.76614,24.22896],[89.76634,24.22895]]]}},{"type":"Feature","properties":{"kind":"land","ha":71.0},"geometry":{"type":"Polygon","coordinates":[[[89.73297,24.24273],[89.73296,24.24201],[89.73315,24.24201],[89.73314,24.24147],[89.73334,24.24146],[89.73333,24.2411],[89.73314,24.24111],[89.73312,24.2402],[89.73272,24.24003],[89.73271,24.23949],[89.7333,24.23948],[89.73349,24.23911],[89.73368,24.23911],[89.73368,24.23893],[89.73329,24.23894],[89.73329,24.23912],[89.73231,24.23914],[89.7321,24.23878],[89.7319,24.23878],[89.7319,24.2386],[89.7317,24.2386],[89.73149,24.23789],[89.73109,24.23771],[89.73109,24.23753],[89.73089,24.23754],[89.73089,24.23718],[89.73049,24.237],[89.73048,24.23682],[89.73029,24.23682],[89.73008,24.23611],[89.72988,24.23611],[89.72987,24.23575],[89.72967,24.23575],[89.72967,24.23539],[89.72888,24.23523],[89.72867,24.23487],[89.72847,24.23487],[89.72866,24.23451],[89.72906,24.2345],[89.72905,24.23414],[89.72865,24.23397],[89.72864,24.23361],[89.72845,24.23361],[89.72844,24.23343],[89.72825,24.23343],[89.72803,24.23271],[89.72784,24.23272],[89.72783,24.23236],[89.72763,24.23236],[89.72763,24.23218],[89.72724,24.23219],[89.72723,24.23201],[89.72684,24.23201],[89.72663,24.23166],[89.72644,24.23166],[89.72643,24.23148],[89.72624,24.23148],[89.72623,24.2313],[89.72604,24.23131],[89.72603,24.23113],[89.72584,24.23113],[89.72583,24.23077],[89.72563,24.23077],[89.72563,24.23059],[89.72523,24.2306],[89.72523,24.23024],[89.72483,24.23006],[89.72482,24.2297],[89.72462,24.22971],[89.72462,24.22953],[89.72423,24.22953],[89.72402,24.22918],[89.72383,24.22918],[89.72382,24.229],[89.72343,24.22901],[89.72342,24.22883],[89.72323,24.22883],[89.72322,24.22847],[89.72282,24.22829],[89.72282,24.22811],[89.72243,24.22812],[89.72222,24.22776],[89.72202,24.22777],[89.72202,24.22759],[89.72182,24.22759],[89.72182,24.22741],[89.72162,24.22741],[89.72162,24.22723],[89.72142,24.22724],[89.72142,24.22706],[89.72122,24.22706],[89.72122,24.22688],[89.72102,24.22688],[89.72102,24.2267],[89.72082,24.22671],[89.72082,24.22653],[89.72062,24.22653],[89.72062,24.22635],[89.72042,24.22635],[89.72042,24.22617],[89.72022,24.22618],[89.72022,24.22599],[89.72002,24.226],[89.72001,24.22582],[89.71982,24.22582],[89.71981,24.22564],[89.71962,24.22564],[89.71941,24.22493],[89.71921,24.22493],[89.7192,24.22457],[89.719,24.22457],[89.719,24.22421],[89.7186,24.22404],[89.7186,24.22386],[89.7184,24.22386],[89.71839,24.2235],[89.71819,24.2235],[89.71819,24.22332],[89.71799,24.22333],[89.71778,24.22261],[89.71738,24.22244],[89.71738,24.22225],[89.71699,24.22226],[89.71701,24.22334],[89.71721,24.22334],[89.71722,24.22388],[89.71741,24.22388],[89.71743,24.22442],[89.71762,24.22442],[89.71763,24.22478],[89.71783,24.22477],[89.71783,24.22513],[89.71823,24.22531],[89.71844,24.22603],[89.71864,24.22602],[89.71865,24.22638],[89.71885,24.22638],[89.71885,24.22674],[89.71925,24.22691],[89.71946,24.22763],[89.71966,24.22763],[89.71967,24.22799],[89.71986,24.22799],[89.71987,24.22835],[89.72007,24.22834],[89.72008,24.2287],[89.72047,24.22888],[89.72048,24.22906],[89.72067,24.22906],[89.72089,24.22977],[89.72108,24.22977],[89.72109,24.23013],[89.72149,24.2303],[89.72149,24.23048],[89.72169,24.23048],[89.72169,24.23066],[89.72189,24.23066],[89.7219,24.23102],[89.72209,24.23102],[89.7221,24.2312],[89.72229,24.23119],[89.72251,24.23191],[89.7227,24.23191],[89.72271,24.23227],[89.72291,24.23226],[89.72292,24.23263],[89.72311,24.23262],[89.72312,24.23298],[89.72332,24.23298],[89.72332,24.23334],[89.72352,24.23334],[89.72353,24.2337],[89.72373,24.23369],[89.72373,24.23405],[89.72393,24.23405],[89.72394,24.23441],[89.72413,24.23441],[89.72415,24.23495],[89.72454,24.23512],[89.72455,24.23548],[89.72475,24.23548],[89.72476,24.23584],[89.72515,24.23601],[89.72516,24.23619],[89.72535,24.23619],[89.72536,24.23637],[89.72555,24.23637],[89.72556,24.23655],[89.72575,24.23655],[89.72576,24.23691],[89.72596,24.2369],[89.72596,24.23708],[89.72636,24.23708],[89.72656,24.23743],[89.72676,24.23743],[89.72676,24.23761],[89.72696,24.23761],[89.72697,24.23797],[89.72776,24.23813],[89.72796,24.23849],[89.72816,24.23849],[89.72816,24.23867],[89.72836,24.23866],[89.72836,24.23885],[89.72856,24.23884],[89.72856,24.23902],[89.72876,24.23902],[89.72876,24.2392],[89.72916,24.23919],[89.72936,24.23955],[89.72956,24.23955],[89.72956,24.23973],[89.72996,24.23972],[89.73016,24.24008],[89.73036,24.24007],[89.73036,24.24043],[89.73076,24.24043],[89.73076,24.24061],[89.73096,24.2406],[89.73097,24.24096],[89.73136,24.24114],[89.73137,24.2415],[89.73157,24.2415],[89.73157,24.24168],[89.73197,24.24167],[89.73218,24.24239],[89.73238,24.24238],[89.73238,24.24256],[89.73277,24.24256],[89.73278,24.24274],[89.73297,24.24273]]]}},{"type":"Feature","properties":{"kind":"land","ha":5.4},"geometry":{"type":"Polygon","coordinates":[[[89.77997,24.21318],[89.77994,24.21192],[89.77975,24.21192],[89.77973,24.21138],[89.77954,24.21139],[89.77952,24.21048],[89.77932,24.21049],[89.77931,24.20995],[89.77911,24.20995],[89.77911,24.20977],[89.77871,24.20978],[89.77872,24.20996],[89.77852,24.20996],[89.77853,24.21032],[89.77814,24.21051],[89.77814,24.21033],[89.77774,24.21033],[89.77772,24.20943],[89.77733,24.20944],[89.77737,24.21124],[89.77777,24.21142],[89.77777,24.2116],[89.77816,24.21159],[89.77837,24.21195],[89.77857,24.21194],[89.77857,24.21212],[89.77877,24.21212],[89.77877,24.2123],[89.77936,24.21229],[89.77938,24.21301],[89.77957,24.21301],[89.77958,24.21319],[89.77997,24.21318]]]}},{"type":"Feature","properties":{"kind":"land","ha":3.6},"geometry":{"type":"Polygon","coordinates":[[[89.71702,24.2145],[89.71701,24.21432],[89.71682,24.21432],[89.71681,24.21396],[89.71661,24.21397],[89.7166,24.21324],[89.71679,24.21324],[89.71679,24.21306],[89.71718,24.21305],[89.71718,24.21287],[89.71698,24.21288],[89.71698,24.2127],[89.71659,24.2127],[89.71638,24.21234],[89.71619,24.21235],[89.71618,24.21199],[89.71598,24.21199],[89.71598,24.21181],[89.71637,24.2118],[89.71637,24.21198],[89.71696,24.21197],[89.71696,24.21179],[89.71656,24.21162],[89.71656,24.21144],[89.71617,24.21145],[89.71616,24.21109],[89.71577,24.21109],[89.71576,24.21073],[89.71536,24.21056],[89.71538,24.21146],[89.71558,24.21146],[89.71558,24.21182],[89.71578,24.21181],[89.7158,24.2129],[89.716,24.21289],[89.716,24.21307],[89.71561,24.21326],[89.71562,24.21344],[89.71542,24.21344],[89.71543,24.21381],[89.71583,24.21398],[89.71583,24.21416],[89.71603,24.21416],[89.71603,24.21434],[89.71642,24.21433],[89.71643,24.21451],[89.71702,24.2145]]]}},{"type":"Feature","properties":{"kind":"land","ha":5.2},"geometry":{"type":"Polygon","coordinates":[[[89.77217,24.20737],[89.77216,24.20701],[89.77236,24.207],[89.77234,24.20628],[89.77254,24.20628],[89.77252,24.20538],[89.77272,24.20537],[89.77271,24.20501],[89.7731,24.20482],[89.77309,24.20464],[89.77329,24.20464],[89.77327,24.20392],[89.77347,24.20391],[89.77346,24.20337],[89.77385,24.20337],[89.77386,24.20355],[89.77464,24.20353],[89.77464,24.20335],[89.77484,24.20335],[89.77482,24.20245],[89.77442,24.20227],[89.77441,24.20191],[89.77422,24.20192],[89.77421,24.20174],[89.77382,24.20174],[89.77381,24.20156],[89.77342,24.20175],[89.77324,24.20247],[89.77305,24.20248],[89.77287,24.20356],[89.77268,24.20357],[89.77269,24.20411],[89.77249,24.20411],[89.77251,24.20502],[89.77231,24.20502],[89.77233,24.20574],[89.77213,24.20574],[89.77214,24.20629],[89.77195,24.20629],[89.77196,24.20683],[89.77176,24.20683],[89.77178,24.20756],[89.77217,24.20737]]]}},{"type":"Feature","properties":{"kind":"land","ha":6.1},"geometry":{"type":"Polygon","coordinates":[[[89.69718,24.20709],[89.69697,24.20637],[89.69717,24.20637],[89.69715,24.20565],[89.69735,24.20564],[89.69734,24.20528],[89.69714,24.20529],[89.69714,24.20493],[89.69694,24.20493],[89.69693,24.20457],[89.69732,24.20438],[89.69732,24.2042],[89.69751,24.2042],[89.69748,24.20275],[89.69729,24.20276],[89.69728,24.20258],[89.69669,24.20259],[89.69669,24.20241],[89.69649,24.20241],[89.6965,24.20259],[89.69551,24.20261],[89.69532,24.20297],[89.69552,24.20297],[89.69553,24.20333],[89.69572,24.20333],[89.69573,24.20351],[89.69553,24.20351],[89.69555,24.20423],[89.69574,24.20423],[89.69575,24.20477],[89.69595,24.20477],[89.69596,24.20513],[89.69616,24.20512],[89.69616,24.2053],[89.69636,24.2053],[89.69636,24.20566],[89.69656,24.20566],[89.69657,24.2062],[89.69677,24.2062],[89.69678,24.20692],[89.69698,24.20691],[89.69698,24.20709],[89.69718,24.20709]]]}},{"type":"Feature","properties":{"kind":"land","ha":3.6},"geometry":{"type":"Polygon","coordinates":[[[89.77698,24.20241],[89.77697,24.20205],[89.77717,24.20204],[89.77716,24.2015],[89.77696,24.2015],[89.77695,24.20114],[89.77676,24.20115],[89.77674,24.20061],[89.77655,24.20061],[89.77654,24.20025],[89.77614,24.20008],[89.77614,24.1999],[89.77594,24.1999],[89.77593,24.19936],[89.77573,24.19936],[89.77574,24.19954],[89.77554,24.19955],[89.77555,24.20009],[89.77575,24.20008],[89.77575,24.20026],[89.77556,24.20027],[89.77558,24.20135],[89.77538,24.20135],[89.77539,24.20171],[89.77579,24.20189],[89.7758,24.20225],[89.77599,24.20224],[89.776,24.20242],[89.77698,24.20241]]]}},{"type":"Feature","properties":{"kind":"land","ha":10.2},"geometry":{"type":"Polygon","coordinates":[[[89.70868,24.20165],[89.70867,24.20129],[89.70847,24.20129],[89.70846,24.20075],[89.70826,24.20076],[89.70825,24.20003],[89.70805,24.20004],[89.70803,24.19914],[89.70784,24.19914],[89.70783,24.19878],[89.70763,24.19878],[89.70763,24.19842],[89.70743,24.19842],[89.70742,24.19806],[89.70722,24.19807],[89.70721,24.19753],[89.70702,24.19753],[89.70701,24.19717],[89.70681,24.19717],[89.70659,24.19609],[89.7064,24.1961],[89.70638,24.19556],[89.70619,24.19556],[89.70618,24.19502],[89.70598,24.19502],[89.70597,24.19448],[89.70577,24.19448],[89.70576,24.19412],[89.70557,24.19413],[89.70556,24.19358],[89.70536,24.19359],[89.70535,24.19305],[89.70496,24.19323],[89.70496,24.19341],[89.70457,24.19342],[89.70436,24.1927],[89.70416,24.19271],[89.70415,24.19235],[89.70395,24.19235],[89.70372,24.19055],[89.70392,24.19054],[89.70391,24.19036],[89.7045,24.19035],[89.7045,24.19017],[89.7043,24.19018],[89.70429,24.18946],[89.70409,24.18946],[89.70409,24.18964],[89.7037,24.18965],[89.7035,24.18929],[89.7033,24.18929],[89.70329,24.18893],[89.7031,24.18893],[89.70313,24.19056],[89.70333,24.19056],[89.70335,24.19164],[89.70355,24.19163],[89.70356,24.19236],[89.70376,24.19235],[89.70377,24.19289],[89.70397,24.19289],[89.70398,24.19343],[89.70417,24.19343],[89.70418,24.19379],[89.70438,24.19379],[89.70439,24.19415],[89.70478,24.19432],[89.70479,24.19468],[89.70518,24.19467],[89.70518,24.19449],[89.70538,24.19449],[89.70558,24.19485],[89.70578,24.19484],[89.70579,24.19539],[89.7054,24.19539],[89.70539,24.19521],[89.7052,24.19522],[89.70542,24.19629],[89.70561,24.19629],[89.70562,24.19665],[89.70582,24.19665],[89.70582,24.19701],[89.70602,24.19701],[89.70603,24.19737],[89.70623,24.19736],[89.70623,24.19772],[89.70643,24.19772],[89.70644,24.19808],[89.70663,24.19808],[89.70664,24.19844],[89.70684,24.19844],[89.70685,24.19898],[89.70725,24.19915],[89.70725,24.19933],[89.70745,24.19933],[89.70746,24.19987],[89.70766,24.19986],[89.70766,24.20023],[89.70786,24.20022],[89.70787,24.20058],[89.70806,24.20058],[89.70808,24.20112],[89.70827,24.20112],[89.70828,24.20148],[89.70848,24.20147],[89.70848,24.20166],[89.70868,24.20165]]]}},{"type":"Feature","properties":{"kind":"land","ha":9.5},"geometry":{"type":"Polygon","coordinates":[[[89.76917,24.18721],[89.76917,24.18685],[89.76897,24.18685],[89.76894,24.18541],[89.76874,24.18541],[89.76872,24.18451],[89.76892,24.1845],[89.7689,24.18378],[89.76871,24.18379],[89.76872,24.18433],[89.76852,24.18433],[89.76853,24.18469],[89.76833,24.18469],[89.76834,24.18506],[89.76795,24.18524],[89.76795,24.18506],[89.76775,24.18507],[89.76774,24.18471],[89.76755,24.18471],[89.76752,24.18345],[89.76772,24.18344],[89.76771,24.18308],[89.76751,24.18309],[89.7675,24.18272],[89.76711,24.18273],[89.76692,24.1831],[89.76672,24.1831],[89.76673,24.18328],[89.76653,24.18328],[89.76654,24.18346],[89.76634,24.18347],[89.76616,24.18419],[89.76577,24.18438],[89.76559,24.18511],[89.7652,24.18529],[89.76521,24.18565],[89.76501,24.18566],[89.76502,24.18602],[89.76463,24.18621],[89.76463,24.18657],[89.76444,24.18657],[89.76445,24.18711],[89.76484,24.1871],[89.76503,24.18674],[89.76602,24.18672],[89.766,24.186],[89.7662,24.186],[89.76618,24.18546],[89.76696,24.18508],[89.76698,24.18598],[89.76718,24.18598],[89.76718,24.18616],[89.76758,24.18615],[89.76758,24.18633],[89.76797,24.18615],[89.76818,24.1865],[89.76837,24.1865],[89.76838,24.18668],[89.76857,24.18668],[89.76858,24.18686],[89.76877,24.18685],[89.76878,24.18703],[89.76897,24.18703],[89.76898,24.18721],[89.76917,24.18721]]]}},{"type":"Feature","properties":{"kind":"land","ha":12.6},"geometry":{"type":"Polygon","coordinates":[[[89.6931,24.18171],[89.69311,24.18207],[89.69292,24.18208],[89.69292,24.18244],[89.69253,24.18262],[89.69255,24.18317],[89.69294,24.18316],[89.69294,24.18334],[89.69314,24.18334],[89.69315,24.1837],[89.69393,24.18368],[89.69393,24.18332],[89.69432,24.18313],[89.6943,24.18259],[89.69469,24.18241],[89.69468,24.18186],[89.69488,24.18186],[89.69487,24.1815],[89.69566,24.18149],[89.69565,24.1813],[89.69644,24.18147],[89.69644,24.18129],[89.69762,24.18127],[89.69763,24.18145],[89.69782,24.18145],[89.69782,24.18127],[89.69801,24.18126],[89.69799,24.18],[89.69838,24.17981],[89.69837,24.17945],[89.69817,24.17946],[89.69817,24.17927],[89.69778,24.17928],[89.69757,24.17892],[89.69738,24.17893],[89.69737,24.17875],[89.69698,24.17875],[89.69697,24.17857],[89.69678,24.17858],[89.69679,24.17912],[89.69699,24.17912],[89.69699,24.17948],[89.69719,24.17947],[89.69721,24.18019],[89.6974,24.18019],[89.69741,24.18073],[89.69702,24.18074],[89.69702,24.18056],[89.69682,24.18056],[89.69681,24.1802],[89.69662,24.1802],[89.69661,24.17984],[89.69641,24.17985],[89.6964,24.17949],[89.69601,24.17931],[89.696,24.17913],[89.69482,24.17897],[89.69463,24.17934],[89.69443,24.17934],[89.69444,24.17988],[89.69425,24.17989],[89.69425,24.18025],[89.69387,24.18043],[89.69387,24.18061],[89.69367,24.18062],[89.69388,24.18098],[89.69447,24.18096],[89.69447,24.18115],[89.69427,24.18115],[89.69428,24.18133],[89.69388,24.18134],[89.69368,24.18098],[89.69348,24.18098],[89.6933,24.18171],[89.6931,24.18171]],[[89.6935,24.1817],[89.69349,24.18152],[89.69389,24.18152],[89.6939,24.18188],[89.69409,24.18187],[89.6941,24.18205],[89.6939,24.18206],[89.6939,24.18224],[89.69351,24.18225],[89.69351,24.18207],[89.69331,24.18207],[89.6933,24.18171],[89.6935,24.1817]]]}},{"type":"Feature","properties":{"kind":"land","ha":10.6},"geometry":{"type":"Polygon","coordinates":[[[89.7031,24.18893],[89.70307,24.18749],[89.70345,24.1873],[89.70344,24.18658],[89.70324,24.18659],[89.70323,24.18604],[89.70303,24.18605],[89.70302,24.18551],[89.70283,24.18551],[89.70272,24.18064],[89.70253,24.18064],[89.7025,24.17938],[89.7023,24.17938],[89.70226,24.1774],[89.70246,24.17739],[89.70245,24.17721],[89.70226,24.17722],[89.70224,24.17631],[89.70204,24.17632],[89.70198,24.17343],[89.70119,24.17345],[89.7012,24.17363],[89.7014,24.17362],[89.70141,24.17416],[89.70121,24.17417],[89.70122,24.17453],[89.70102,24.17453],[89.70102,24.17471],[89.70122,24.17471],[89.70123,24.17507],[89.70143,24.17507],[89.70146,24.17669],[89.70107,24.17688],[89.70109,24.1776],[89.70128,24.1776],[89.70129,24.17814],[89.70149,24.17813],[89.7015,24.17849],[89.70169,24.17849],[89.7017,24.17885],[89.7019,24.17885],[89.70191,24.17957],[89.70211,24.17957],[89.70212,24.17993],[89.70232,24.17992],[89.7024,24.18371],[89.7022,24.18372],[89.70223,24.18516],[89.70203,24.18516],[89.70205,24.18588],[89.70224,24.18588],[89.70226,24.1866],[89.70246,24.1866],[89.70246,24.18696],[89.70266,24.18696],[89.70267,24.1875],[89.70287,24.18749],[89.70287,24.18768],[89.70268,24.18768],[89.70269,24.18822],[89.70288,24.18822],[89.7029,24.18894],[89.7031,24.18893]]]}},{"type":"Feature","properties":{"kind":"land","ha":76.5},"geometry":{"type":"Polygon","coordinates":[[[89.7536,24.17666],[89.75364,24.17846],[89.75344,24.17847],[89.75345,24.17883],[89.75325,24.17883],[89.75327,24.17973],[89.75308,24.17974],[89.75308,24.17992],[89.75328,24.17991],[89.7533,24.18082],[89.75349,24.18081],[89.7535,24.18135],[89.75331,24.18136],[89.75331,24.18172],[89.75312,24.18172],[89.75312,24.1819],[89.75332,24.1819],[89.75335,24.18334],[89.75315,24.18335],[89.75316,24.18371],[89.75336,24.1837],[89.75336,24.18388],[89.75316,24.18389],[89.75318,24.18479],[89.7524,24.1848],[89.75239,24.18462],[89.7522,24.18463],[89.75221,24.18517],[89.75241,24.18516],[89.75241,24.18534],[89.753,24.18533],[89.75301,24.18569],[89.75261,24.1857],[89.75263,24.1866],[89.75224,24.18679],[89.75225,24.18715],[89.75323,24.18713],[89.75306,24.18822],[89.75286,24.18822],[89.75288,24.18895],[89.75308,24.18894],[89.75307,24.18858],[89.75327,24.18858],[89.75347,24.18894],[89.75367,24.18893],[89.75367,24.18929],[89.75328,24.1893],[89.75328,24.18912],[89.75308,24.18912],[89.7531,24.19021],[89.7533,24.1902],[89.75332,24.19092],[89.75312,24.19093],[89.75313,24.19165],[89.75333,24.19165],[89.75337,24.19327],[89.75356,24.19327],[89.75359,24.19435],[89.75339,24.19435],[89.75342,24.1958],[89.75362,24.19579],[89.75363,24.19633],[89.75343,24.19634],[89.75346,24.19778],[89.75327,24.19778],[89.75327,24.19814],[89.75308,24.19815],[89.7531,24.19905],[89.75329,24.19905],[89.75331,24.19977],[89.75351,24.19976],[89.75354,24.20139],[89.75334,24.20139],[89.75335,24.20175],[89.75355,24.20175],[89.75356,24.20211],[89.75375,24.20211],[89.75378,24.20337],[89.75398,24.20337],[89.75399,24.20391],[89.75419,24.2039],[89.7542,24.20463],[89.754,24.20463],[89.75401,24.20499],[89.75382,24.20499],[89.75382,24.20517],[89.75402,24.20517],[89.75402,24.20553],[89.75422,24.20553],[89.75423,24.20589],[89.75442,24.20589],[89.75449,24.20877],[89.75488,24.20858],[89.75485,24.20732],[89.75505,24.20732],[89.75503,24.20678],[89.75523,24.20677],[89.75522,24.20641],[89.75542,24.20641],[89.7554,24.20551],[89.7556,24.2055],[89.75559,24.20514],[89.75579,24.20514],[89.75577,24.20424],[89.75557,24.20424],[89.75556,24.2037],[89.75536,24.2037],[89.75534,24.2028],[89.75515,24.2028],[89.75512,24.20172],[89.75493,24.20172],[89.7549,24.20064],[89.75471,24.20065],[89.7547,24.20047],[89.7549,24.20046],[89.75485,24.19812],[89.75465,24.19812],[89.75464,24.19758],[89.75503,24.19739],[89.75503,24.19721],[89.75522,24.19721],[89.75522,24.19703],[89.75541,24.19702],[89.75538,24.1954],[89.75518,24.1954],[89.75518,24.19504],[89.75537,24.19504],[89.75531,24.19215],[89.75551,24.19215],[89.75546,24.18998],[89.75566,24.18998],[89.75564,24.18908],[89.75544,24.18908],[89.75542,24.188],[89.75483,24.18801],[89.75482,24.18783],[89.75443,24.18783],[89.75442,24.18747],[89.75501,24.18746],[89.75501,24.18728],[89.75521,24.18728],[89.7552,24.18692],[89.75539,24.18691],[89.75537,24.18583],[89.75557,24.18583],[89.75549,24.18222],[89.75529,24.18222],[89.75529,24.18186],[89.75509,24.18187],[89.75509,24.18169],[89.75528,24.18168],[89.75527,24.18132],[89.75547,24.18132],[89.75546,24.18078],[89.75566,24.18077],[89.75565,24.18041],[89.75584,24.18041],[89.75582,24.17933],[89.75602,24.17932],[89.75599,24.17824],[89.7558,24.17824],[89.75579,24.17788],[89.75559,24.17789],[89.75557,24.17662],[89.75576,24.17662],[89.75572,24.17445],[89.75552,24.17446],[89.75551,24.1741],[89.75511,24.17392],[89.75511,24.17374],[89.75491,24.17375],[89.7551,24.17338],[89.7553,24.17338],[89.7553,24.1732],[89.75549,24.17319],[89.75549,24.17283],[89.75568,24.17283],[89.75566,24.17175],[89.75586,24.17174],[89.75584,24.17102],[89.75564,24.17103],[89.75564,24.17067],[89.75544,24.17067],[89.75543,24.17049],[89.75524,24.17049],[89.7554,24.16905],[89.75521,24.16905],[89.75519,24.16833],[89.75499,24.16833],[89.75503,24.17013],[89.75484,24.17014],[89.75487,24.17176],[89.75468,24.17177],[89.75468,24.17213],[89.75449,24.17213],[89.75449,24.17231],[89.75429,24.17231],[89.75432,24.17376],[89.75413,24.17376],[89.75415,24.17484],[89.75395,24.17485],[89.75397,24.17539],[89.75377,24.17539],[89.7538,24.17666],[89.7536,24.17666]],[[89.75419,24.17665],[89.75419,24.17647],[89.75438,24.17646],[89.75439,24.17682],[89.75419,24.17683],[89.7542,24.17701],[89.7538,24.17702],[89.7538,24.17666],[89.75419,24.17665]],[[89.75373,24.20102],[89.75412,24.20102],[89.75413,24.2012],[89.75373,24.2012],[89.75373,24.20102]],[[89.75407,24.18947],[89.75427,24.18946],[89.75428,24.18982],[89.75408,24.18983],[89.75407,24.18947]],[[89.75283,24.1866],[89.75322,24.18641],[89.75342,24.18677],[89.75303,24.18696],[89.75283,24.1866]],[[89.75368,24.18063],[89.75388,24.18062],[89.75389,24.18081],[89.75369,24.18081],[89.75368,24.18063]],[[89.75465,24.17953],[89.75504,24.1797],[89.75505,24.17988],[89.75465,24.17989],[89.75465,24.17953]],[[89.75424,24.17917],[89.75444,24.17917],[89.75445,24.17953],[89.75425,24.17953],[89.75424,24.17917]],[[89.75484,24.17934],[89.75523,24.17934],[89.75524,24.17952],[89.75484,24.17952],[89.75484,24.17934]],[[89.75462,24.17826],[89.75501,24.17826],[89.75502,24.17862],[89.75463,24.17863],[89.75462,24.17826]],[[89.75461,24.17772],[89.7548,24.17772],[89.75481,24.1779],[89.75461,24.1779],[89.75461,24.17772]],[[89.75458,24.17646],[89.75497,24.17645],[89.75478,24.17682],[89.75459,24.17682],[89.75458,24.17646]],[[89.75416,24.1752],[89.75455,24.1752],[89.75456,24.17556],[89.75417,24.17575],[89.75416,24.1752]],[[89.75434,24.17466],[89.75454,24.17466],[89.75455,24.17502],[89.75435,24.17502],[89.75434,24.17466]]]}},{"type":"Feature","properties":{"kind":"land","ha":9.0},"geometry":{"type":"Polygon","coordinates":[[[89.70055,24.17075],[89.70054,24.17039],[89.70093,24.1702],[89.70093,24.17002],[89.70112,24.17002],[89.70112,24.16984],[89.70092,24.16984],[89.70091,24.1693],[89.70071,24.1693],[89.70068,24.16768],[89.70048,24.16768],[89.70037,24.16209],[89.70017,24.16209],[89.7002,24.16372],[89.70001,24.16372],[89.70002,24.16444],[89.69983,24.16444],[89.69984,24.16499],[89.69964,24.16499],[89.69965,24.16571],[89.69946,24.16571],[89.69948,24.16662],[89.69928,24.16662],[89.69929,24.16716],[89.6991,24.16716],[89.69912,24.16843],[89.69893,24.16843],[89.69894,24.16897],[89.69933,24.16915],[89.69934,24.16933],[89.69953,24.16932],[89.69955,24.17004],[89.69975,24.17004],[89.69975,24.1704],[89.69995,24.1704],[89.69995,24.17058],[89.70035,24.17057],[89.70035,24.17075],[89.70055,24.17075]]]}},{"type":"Feature","properties":{"kind":"land","ha":3.0},"geometry":{"type":"Polygon","coordinates":[[[89.75446,24.14343],[89.75465,24.14307],[89.75386,24.1429],[89.75386,24.14272],[89.75346,24.14273],[89.75326,24.14237],[89.75306,24.14237],[89.75306,24.14219],[89.75286,24.1422],[89.75286,24.14202],[89.75246,24.14202],[89.75226,24.14167],[89.75206,24.14167],[89.75206,24.14149],[89.75186,24.14149],[89.75186,24.14131],[89.75146,24.14132],[89.75146,24.14114],[89.75126,24.14114],[89.75126,24.14078],[89.75086,24.14061],[89.75086,24.14043],[89.75066,24.14043],[89.75065,24.14007],[89.75025,24.1399],[89.75025,24.13972],[89.75005,24.13972],[89.75005,24.13954],[89.74985,24.13954],[89.74985,24.13936],[89.74965,24.13937],[89.74986,24.14008],[89.75026,24.14026],[89.75027,24.14062],[89.75067,24.14079],[89.75067,24.14097],[89.75087,24.14097],[89.75087,24.14133],[89.75127,24.1415],[89.75128,24.14168],[89.75147,24.14168],[89.75148,24.14186],[89.75187,24.14185],[89.75207,24.14221],[89.75227,24.14221],[89.75227,24.14239],[89.75247,24.14238],[89.75247,24.14256],[89.75267,24.14256],[89.75268,24.14274],[89.75307,24.14273],[89.75327,24.14309],[89.75367,24.14308],[89.75387,24.14344],[89.75446,24.14343]]]}},{"type":"Feature","properties":{"kind":"land","ha":7.8},"geometry":{"type":"Polygon","coordinates":[[[89.76334,24.14471],[89.76333,24.14417],[89.76352,24.14417],[89.76352,24.14381],[89.76371,24.1438],[89.76371,24.14344],[89.76331,24.14345],[89.7633,24.14309],[89.76311,24.14309],[89.7631,24.14273],[89.7633,24.14273],[89.76329,24.14219],[89.76309,24.14219],[89.76308,24.14183],[89.76288,24.14183],[89.76287,24.14129],[89.76248,24.14112],[89.76247,24.14076],[89.76227,24.14076],[89.76226,24.1404],[89.76207,24.14041],[89.76206,24.14004],[89.76186,24.14005],[89.76184,24.13897],[89.76125,24.13898],[89.76127,24.14006],[89.76147,24.14005],[89.76148,24.14078],[89.76168,24.14077],[89.76149,24.14114],[89.7613,24.14114],[89.7613,24.1415],[89.7615,24.1415],[89.76154,24.14348],[89.76194,24.14366],[89.76196,24.14438],[89.76215,24.14437],[89.76216,24.14456],[89.76314,24.14454],[89.76314,24.14472],[89.76334,24.14471]]]}},{"type":"Feature","properties":{"kind":"land","ha":4.5},"geometry":{"type":"Polygon","coordinates":[[[89.7113,24.14908],[89.71129,24.14854],[89.7109,24.14836],[89.71086,24.14674],[89.71067,24.14674],[89.71066,24.14638],[89.71046,24.14639],[89.71042,24.14422],[89.71061,24.14422],[89.7106,24.14349],[89.71079,24.14349],[89.71078,24.14295],[89.71098,24.14295],[89.71097,24.1424],[89.71116,24.1424],[89.71116,24.14204],[89.71135,24.14204],[89.71135,24.14168],[89.71154,24.14167],[89.71153,24.14113],[89.71173,24.14113],[89.71172,24.14077],[89.71192,24.14076],[89.71191,24.1404],[89.71211,24.1404],[89.7121,24.14004],[89.71229,24.14003],[89.71229,24.13967],[89.7119,24.13986],[89.7119,24.14022],[89.71152,24.14041],[89.71152,24.14059],[89.71132,24.14059],[89.71133,24.14077],[89.71113,24.14078],[89.71095,24.1415],[89.71075,24.14151],[89.71076,24.14187],[89.71037,24.14205],[89.71022,24.14422],[89.71002,24.14423],[89.71028,24.14711],[89.71048,24.14711],[89.71049,24.14765],[89.71068,24.14764],[89.7107,24.14855],[89.7111,24.14872],[89.71111,24.14908],[89.7113,24.14908]]]}},{"type":"Feature","properties":{"kind":"land","ha":11.6},"geometry":{"type":"Polygon","coordinates":[[[89.78301,24.14454],[89.783,24.14436],[89.7832,24.14435],[89.78319,24.14381],[89.78338,24.14381],[89.78336,24.14291],[89.78317,24.14291],[89.78316,24.14273],[89.78336,24.14273],[89.78334,24.14182],[89.78354,24.14182],[89.78353,24.14146],[89.78392,24.14145],[89.78413,24.14181],[89.78452,24.1418],[89.78471,24.14144],[89.78491,24.14143],[89.7849,24.14125],[89.7851,24.14125],[89.78509,24.14107],[89.78529,24.14107],[89.78529,24.14089],[89.78588,24.14087],[89.78587,24.14069],[89.78627,24.14069],[89.78646,24.14032],[89.78665,24.14032],[89.78683,24.13959],[89.78703,24.13959],[89.78702,24.13923],[89.78722,24.13923],[89.78721,24.13886],[89.78741,24.13886],[89.7874,24.1385],[89.7876,24.1385],[89.78777,24.13741],[89.78797,24.13741],[89.78796,24.13705],[89.78815,24.13704],[89.78814,24.1365],[89.78795,24.1365],[89.78794,24.13632],[89.78814,24.13632],[89.78813,24.13578],[89.78832,24.13578],[89.78831,24.13505],[89.78811,24.13506],[89.78794,24.13614],[89.78774,24.13615],[89.78775,24.13669],[89.78756,24.13669],[89.78756,24.13705],[89.78737,24.13706],[89.78738,24.1376],[89.78718,24.1376],[89.78719,24.13796],[89.78699,24.13797],[89.78701,24.13851],[89.78681,24.13851],[89.78682,24.13887],[89.78643,24.13906],[89.78644,24.13942],[89.78605,24.13961],[89.78605,24.13979],[89.78585,24.13979],[89.78586,24.13997],[89.78566,24.13998],[89.78566,24.14016],[89.78527,24.14016],[89.78508,24.14053],[89.78489,24.14053],[89.78489,24.14089],[89.7847,24.1409],[89.7847,24.14108],[89.78431,24.14108],[89.7843,24.1409],[89.78411,24.14091],[89.78409,24.14019],[89.7839,24.14019],[89.78387,24.13911],[89.78368,24.13911],[89.78363,24.13713],[89.78383,24.13712],[89.78381,24.1364],[89.78401,24.1364],[89.78399,24.13531],[89.78418,24.13531],[89.78416,24.13423],[89.78396,24.13423],[89.7838,24.13568],[89.7836,24.13568],[89.78362,24.13658],[89.78342,24.13659],[89.78346,24.13821],[89.78326,24.13821],[89.7833,24.14002],[89.7831,24.14002],[89.78311,24.14038],[89.78292,24.14039],[89.78293,24.14111],[89.78274,24.14111],[89.78276,24.1422],[89.78256,24.1422],[89.78259,24.14328],[89.78239,24.14328],[89.78241,24.14437],[89.78261,24.14436],[89.78261,24.14454],[89.78301,24.14454]]]}},{"type":"Feature","properties":{"kind":"land","ha":4.3},"geometry":{"type":"Polygon","coordinates":[[[89.74322,24.14201],[89.7432,24.14129],[89.74301,24.14129],[89.743,24.14093],[89.7428,24.14093],[89.74279,24.14057],[89.7424,24.1404],[89.74218,24.13968],[89.74179,24.13951],[89.74178,24.13933],[89.74159,24.13933],[89.74158,24.13897],[89.74118,24.1388],[89.74117,24.13807],[89.74077,24.1379],[89.74076,24.13736],[89.74056,24.13736],[89.74055,24.137],[89.74036,24.13701],[89.74035,24.13683],[89.74016,24.13683],[89.73995,24.13611],[89.73975,24.13611],[89.73974,24.13575],[89.73954,24.13576],[89.73953,24.13522],[89.73934,24.13522],[89.73933,24.13486],[89.73893,24.13469],[89.73892,24.13432],[89.73873,24.13433],[89.73872,24.13379],[89.73832,24.13361],[89.73811,24.13289],[89.73771,24.13272],[89.73792,24.13344],[89.73812,24.13344],[89.73813,24.1338],[89.73832,24.13379],[89.73833,24.13415],[89.73853,24.13415],[89.73853,24.13451],[89.73873,24.13451],[89.73874,24.13487],[89.73894,24.13487],[89.73894,24.13523],[89.73914,24.13522],[89.73915,24.13558],[89.73934,24.13558],[89.73936,24.13612],[89.73975,24.13629],[89.73997,24.13737],[89.74037,24.13755],[89.74038,24.13809],[89.74078,24.13826],[89.74099,24.13898],[89.74119,24.13898],[89.74119,24.13934],[89.74139,24.13933],[89.7414,24.13969],[89.7416,24.13969],[89.7416,24.14005],[89.7418,24.14005],[89.74181,24.14041],[89.742,24.14041],[89.74201,24.14077],[89.7424,24.14076],[89.74241,24.14094],[89.74261,24.14094],[89.74261,24.1413],[89.74281,24.14129],[89.74282,24.14184],[89.74302,24.14183],[89.74302,24.14201],[89.74322,24.14201]]]}},{"type":"Feature","properties":{"kind":"land","ha":34.2},"geometry":{"type":"Polygon","coordinates":[[[89.78084,24.1444],[89.78083,24.14404],[89.78063,24.14404],[89.78062,24.1435],[89.78082,24.14349],[89.7808,24.14241],[89.78099,24.14241],[89.78098,24.14187],[89.78118,24.14186],[89.78114,24.14024],[89.78134,24.14024],[89.78131,24.13897],[89.78151,24.13897],[89.7815,24.13861],[89.7813,24.13861],[89.7813,24.13843],[89.7815,24.13843],[89.78148,24.13753],[89.78167,24.13752],[89.78166,24.1368],[89.78185,24.1368],[89.78184,24.13589],[89.78203,24.13589],[89.78201,24.13499],[89.78182,24.13499],[89.7818,24.13427],[89.782,24.13427],[89.78196,24.13264],[89.78216,24.13264],[89.78212,24.13065],[89.78231,24.13065],[89.78226,24.12813],[89.78245,24.12812],[89.78242,24.12668],[89.78223,24.12668],[89.78225,24.12776],[89.78205,24.12777],[89.7821,24.12993],[89.7819,24.12994],[89.78192,24.13084],[89.78173,24.13084],[89.78175,24.13193],[89.78155,24.13193],[89.78158,24.13319],[89.78138,24.1332],[89.78141,24.13446],[89.78121,24.13446],[89.78124,24.13554],[89.78104,24.13555],[89.78106,24.13645],[89.78086,24.13645],[89.7809,24.13826],[89.78071,24.13826],[89.78073,24.13952],[89.78034,24.13953],[89.78014,24.13917],[89.77994,24.13918],[89.77994,24.139],[89.77974,24.139],[89.77973,24.13864],[89.77933,24.13847],[89.77933,24.13811],[89.77893,24.13793],[89.77892,24.13757],[89.77872,24.13758],[89.77872,24.13721],[89.77832,24.13704],[89.77831,24.13668],[89.77791,24.13651],[89.77791,24.13633],[89.77771,24.13633],[89.7775,24.13561],[89.77731,24.13562],[89.7773,24.13526],[89.7771,24.13526],[89.77709,24.1349],[89.7769,24.1349],[89.77689,24.13454],[89.77669,24.13454],[89.77668,24.134],[89.77628,24.13383],[89.77628,24.13365],[89.77608,24.13365],[89.77608,24.13329],[89.77568,24.13312],[89.77567,24.13276],[89.77527,24.13258],[89.77527,24.1324],[89.77507,24.13241],[89.77507,24.13223],[89.77487,24.13223],[89.77486,24.13169],[89.77466,24.13169],[89.77466,24.13133],[89.77446,24.13134],[89.77445,24.13097],[89.77426,24.13098],[89.77425,24.13062],[89.77385,24.13044],[89.77385,24.13026],[89.77365,24.13027],[89.77365,24.13009],[89.77345,24.13009],[89.77345,24.12991],[89.77325,24.12991],[89.77324,24.12973],[89.77305,24.12974],[89.77304,24.12956],[89.77285,24.12956],[89.77284,24.12938],[89.77265,24.12938],[89.77264,24.1292],[89.77245,24.12921],[89.77244,24.12903],[89.77225,24.12903],[89.77246,24.12975],[89.77266,24.12974],[89.77266,24.1301],[89.77306,24.13028],[89.77306,24.13046],[89.77326,24.13046],[89.77347,24.13117],[89.77367,24.13117],[89.77368,24.13153],[89.77407,24.1317],[89.77429,24.13242],[89.77468,24.1326],[89.77469,24.13278],[89.77488,24.13277],[89.7751,24.13349],[89.77529,24.13349],[89.7753,24.13403],[89.7757,24.1342],[89.77572,24.13492],[89.77591,24.13492],[89.77592,24.13528],[89.77612,24.13528],[89.77613,24.13582],[89.77633,24.13581],[89.77633,24.13618],[89.77653,24.13617],[89.77655,24.13707],[89.77675,24.13707],[89.77675,24.13743],[89.77695,24.13743],[89.77696,24.13797],[89.77716,24.13797],[89.77718,24.13869],[89.77737,24.13868],[89.77738,24.13922],[89.77758,24.13922],[89.77759,24.13976],[89.77779,24.13976],[89.7778,24.14012],[89.77799,24.14012],[89.778,24.14048],[89.7782,24.14047],[89.77821,24.14083],[89.7784,24.14083],[89.77842,24.14173],[89.77862,24.14173],[89.77863,24.14209],[89.77882,24.14209],[89.77883,24.14245],[89.77903,24.14244],[89.77903,24.1428],[89.77923,24.1428],[89.77924,24.14316],[89.77964,24.14334],[89.77964,24.14352],[89.77984,24.14351],[89.77984,24.14369],[89.78004,24.14369],[89.78004,24.14387],[89.78024,24.14387],[89.78024,24.14405],[89.78044,24.14404],[89.78045,24.1444],[89.78084,24.1444]]]}},{"type":"Feature","properties":{"kind":"land","ha":5.0},"geometry":{"type":"Polygon","coordinates":[[[89.68635,24.13165],[89.68635,24.13147],[89.68733,24.13145],[89.68732,24.13109],[89.68713,24.13109],[89.68712,24.13091],[89.68732,24.13091],[89.6873,24.13019],[89.68691,24.13001],[89.68689,24.12929],[89.68649,24.12912],[89.68649,24.12894],[89.68629,24.12894],[89.68629,24.12876],[89.68609,24.12877],[89.68609,24.12858],[89.68511,24.1286],[89.6851,24.12842],[89.68491,24.12843],[89.68493,24.12951],[89.68533,24.12968],[89.68533,24.12986],[89.68553,24.12986],[89.68553,24.13022],[89.68573,24.13022],[89.68574,24.13076],[89.68594,24.13075],[89.68595,24.13129],[89.68615,24.13129],[89.68615,24.13165],[89.68635,24.13165]]]}},{"type":"Feature","properties":{"kind":"land","ha":9.0},"geometry":{"type":"Polygon","coordinates":[[[89.79441,24.13512],[89.79459,24.1344],[89.79478,24.13439],[89.79478,24.13403],[89.79517,24.13385],[89.79535,24.13312],[89.79554,24.13312],[89.79553,24.13258],[89.79573,24.13257],[89.79572,24.13221],[89.79592,24.13221],[89.79591,24.13185],[89.79611,24.13184],[89.79609,24.1313],[89.79629,24.1313],[89.79628,24.13094],[89.79648,24.13093],[89.79647,24.13039],[89.79666,24.13039],[89.79665,24.12985],[89.79685,24.12984],[89.79684,24.12948],[89.79704,24.12948],[89.79703,24.12912],[89.79723,24.12912],[89.79722,24.12875],[89.79741,24.12875],[89.79741,24.12839],[89.7976,24.12839],[89.79759,24.12784],[89.79779,24.12784],[89.79778,24.12766],[89.79759,24.12766],[89.79758,24.1273],[89.79778,24.1273],[89.79776,24.12676],[89.79737,24.12677],[89.79736,24.12641],[89.79717,24.12641],[89.79716,24.12605],[89.79755,24.12604],[89.79755,24.12586],[89.79735,24.12586],[89.79714,24.12515],[89.79674,24.12497],[89.79674,24.12479],[89.79654,24.1248],[89.79655,24.12516],[89.79695,24.12533],[89.79695,24.12551],[89.79675,24.12551],[89.79679,24.12696],[89.79659,24.12696],[89.7966,24.1275],[89.7964,24.12751],[89.79642,24.12805],[89.79622,24.12805],[89.79605,24.1295],[89.79586,24.1295],[89.79588,24.1304],[89.79568,24.13041],[89.79569,24.13095],[89.7955,24.13095],[89.79551,24.13167],[89.79532,24.13168],[89.79532,24.13204],[89.79513,24.13204],[89.79513,24.1324],[89.79494,24.13241],[89.79495,24.13295],[89.79475,24.13295],[89.79476,24.13331],[89.79456,24.13332],[89.79457,24.13368],[89.79438,24.13368],[89.79438,24.13404],[89.79419,24.13404],[89.7942,24.13459],[89.794,24.13459],[89.79402,24.13531],[89.79441,24.13512]]]}},{"type":"Feature","properties":{"kind":"land","ha":16.5},"geometry":{"type":"Polygon","coordinates":[[[89.7884,24.13018],[89.78839,24.13],[89.78859,24.13],[89.78858,24.12963],[89.78878,24.12963],[89.78876,24.12891],[89.78857,24.12891],[89.78856,24.12873],[89.78876,24.12873],[89.78875,24.12819],[89.78934,24.12818],[89.78953,24.12781],[89.78972,24.12781],[89.7899,24.12708],[89.7901,24.12708],[89.79011,24.12744],[89.79031,24.12744],[89.79032,24.12798],[89.79012,24.12798],[89.79013,24.12834],[89.78974,24.12853],[89.78974,24.12871],[89.78955,24.12871],[89.78937,24.12944],[89.78917,24.12944],[89.78919,24.13016],[89.78938,24.13016],[89.78938,24.12998],[89.78977,24.12997],[89.78977,24.12979],[89.79036,24.12978],[89.79055,24.12942],[89.79114,24.12941],[89.79132,24.12904],[89.79172,24.12904],[89.79171,24.12867],[89.79151,24.12868],[89.7915,24.12796],[89.7913,24.12796],[89.79129,24.12742],[89.79089,24.12725],[89.79089,24.12707],[89.79069,24.12707],[89.79069,24.12689],[89.79049,24.12689],[89.79048,24.12653],[89.79029,24.12653],[89.79027,24.12563],[89.79007,24.12564],[89.79006,24.12528],[89.78987,24.12528],[89.78986,24.1251],[89.78967,24.1251],[89.78965,24.12456],[89.78926,24.12439],[89.78925,24.12421],[89.78866,24.12422],[89.78847,24.12458],[89.78828,24.12459],[89.78828,24.12477],[89.78808,24.12477],[89.7879,24.1255],[89.7881,24.12549],[89.78811,24.12585],[89.78791,24.12586],[89.78792,24.12622],[89.78772,24.12622],[89.78775,24.1273],[89.78755,24.12731],[89.78755,24.12749],[89.78716,24.12749],[89.78716,24.12767],[89.78736,24.12767],[89.78737,24.12803],[89.78698,24.12822],[89.78719,24.12894],[89.78739,24.12893],[89.7874,24.12929],[89.78759,24.12929],[89.7876,24.12965],[89.7878,24.12965],[89.7878,24.13001],[89.788,24.13001],[89.78801,24.13037],[89.7884,24.13018]],[[89.7883,24.12549],[89.78849,24.12548],[89.78849,24.12512],[89.78888,24.12512],[89.7887,24.12584],[89.7885,24.12585],[89.7883,24.12549]]]}},{"type":"Feature","properties":{"kind":"land","ha":4.6},"geometry":{"type":"Polygon","coordinates":[[[89.69079,24.12742],[89.69078,24.12724],[89.69098,24.12724],[89.69096,24.12633],[89.69135,24.12633],[89.69134,24.1256],[89.69114,24.12561],[89.69111,24.12398],[89.69091,24.12399],[89.69091,24.12381],[89.69052,24.12399],[89.69053,24.12454],[89.69033,24.12454],[89.69034,24.12472],[89.68975,24.12473],[89.68977,24.12581],[89.68957,24.12582],[89.68958,24.12636],[89.68978,24.12635],[89.68979,24.12689],[89.68999,24.12689],[89.69,24.12725],[89.69019,24.12725],[89.6902,24.12743],[89.69079,24.12742]]]}},{"type":"Feature","properties":{"kind":"land","ha":8.2},"geometry":{"type":"Polygon","coordinates":[[[89.67874,24.12492],[89.67873,24.12456],[89.67912,24.12456],[89.67912,24.12438],[89.67951,24.12437],[89.67951,24.12419],[89.6797,24.12418],[89.6797,24.124],[89.6795,24.12401],[89.67949,24.1231],[89.68027,24.12309],[89.68026,24.12273],[89.67948,24.12274],[89.67946,24.12202],[89.67927,24.12203],[89.67926,24.12185],[89.67887,24.12185],[89.67887,24.12167],[89.67749,24.1217],[89.6775,24.12206],[89.6773,24.12206],[89.67732,24.12296],[89.67693,24.12297],[89.67671,24.12225],[89.67632,24.12226],[89.67633,24.12262],[89.67613,24.12262],[89.67614,24.1228],[89.67633,24.1228],[89.67634,24.12316],[89.67614,24.12316],[89.67615,24.1237],[89.67596,24.12371],[89.67596,24.12407],[89.67577,24.12407],[89.67578,24.12461],[89.67637,24.1246],[89.67637,24.12478],[89.67657,24.12478],[89.67655,24.12406],[89.67734,24.12405],[89.67755,24.1244],[89.67774,24.1244],[89.67775,24.12458],[89.67854,24.12475],[89.67854,24.12493],[89.67874,24.12492]],[[89.67813,24.12421],[89.67793,24.12422],[89.67793,24.12385],[89.67832,24.12367],[89.67831,24.12349],[89.67871,24.12348],[89.67871,24.12366],[89.67891,24.12366],[89.67892,24.1242],[89.67872,24.1242],[89.67873,24.12438],[89.67814,24.12439],[89.67813,24.12421]],[[89.6781,24.12259],[89.6779,24.12259],[89.67789,24.12223],[89.67809,24.12223],[89.67809,24.12205],[89.67868,24.12204],[89.67868,24.1224],[89.67888,24.12239],[89.67888,24.12257],[89.67869,24.12258],[89.67869,24.12276],[89.6781,24.12277],[89.6781,24.12259]]]}},{"type":"Feature","properties":{"kind":"land","ha":57.4},"geometry":{"type":"Polygon","coordinates":[[[89.70057,24.15306],[89.70054,24.15162],[89.70074,24.15161],[89.70073,24.15125],[89.70092,24.15125],[89.70091,24.15035],[89.7011,24.15034],[89.70109,24.14998],[89.7009,24.14998],[89.70088,24.1489],[89.70107,24.1489],[89.70104,24.14745],[89.70124,24.14745],[89.70122,24.14637],[89.70141,24.14637],[89.70138,24.14474],[89.70157,24.14474],[89.70155,24.14347],[89.70174,24.14347],[89.70173,24.14275],[89.70193,24.14275],[89.7019,24.1413],[89.7017,24.14131],[89.70169,24.14094],[89.70208,24.14094],[89.70186,24.1395],[89.70205,24.13949],[89.70201,24.13733],[89.70181,24.13733],[89.7018,24.13679],[89.7016,24.13679],[89.7016,24.13661],[89.70199,24.13661],[89.702,24.13697],[89.7022,24.13696],[89.70218,24.13606],[89.70238,24.13606],[89.70235,24.1348],[89.70255,24.13479],[89.70254,24.13461],[89.70235,24.13462],[89.70233,24.13371],[89.70252,24.13371],[89.70251,24.13299],[89.70231,24.13299],[89.70227,24.13101],[89.70247,24.131],[89.70246,24.13064],[89.70226,24.13065],[89.70226,24.13047],[89.70245,24.13046],[89.70245,24.1301],[89.70264,24.1301],[89.70264,24.12992],[89.70244,24.12992],[89.70243,24.12938],[89.70263,24.12938],[89.7026,24.12793],[89.70201,24.12794],[89.70201,24.12812],[89.70162,24.12813],[89.70161,24.12777],[89.702,24.12776],[89.702,24.1274],[89.70239,24.12739],[89.70239,24.12757],[89.70259,24.12757],[89.70258,24.12685],[89.70219,24.12704],[89.70217,24.1265],[89.70237,24.12649],[89.70236,24.12613],[89.70256,24.12613],[89.70256,24.12595],[89.70275,24.12594],[89.70275,24.12576],[89.70236,24.12577],[89.70235,24.12541],[89.70274,24.1254],[89.70273,24.12468],[89.70292,24.12468],[89.70291,24.12414],[89.70251,24.12396],[89.7025,24.12342],[89.7027,24.12342],[89.70268,24.1227],[89.70249,24.1227],[89.70244,24.12053],[89.70225,24.12054],[89.7022,24.11837],[89.702,24.11838],[89.702,24.11801],[89.7016,24.11802],[89.70161,24.1182],[89.70141,24.11821],[89.7014,24.11784],[89.7016,24.11784],[89.7016,24.11766],[89.70199,24.11783],[89.70198,24.11711],[89.70178,24.11712],[89.70176,24.11603],[89.70038,24.11606],[89.70021,24.11714],[89.69982,24.11733],[89.69982,24.11751],[89.69963,24.11752],[89.69964,24.11824],[89.69944,24.11824],[89.69946,24.11896],[89.69926,24.11897],[89.69927,24.11933],[89.69849,24.1197],[89.69853,24.12133],[89.69872,24.12132],[89.69873,24.12186],[89.69893,24.12186],[89.69894,24.1224],[89.69914,24.1224],[89.69915,24.12294],[89.69935,24.12294],[89.69935,24.1233],[89.69955,24.12329],[89.69956,24.12365],[89.69975,24.12365],[89.69977,24.12419],[89.69996,24.12419],[89.69999,24.12527],[89.70018,24.12527],[89.70022,24.12707],[89.70042,24.12707],[89.70047,24.12959],[89.70067,24.12959],[89.7007,24.13103],[89.70089,24.13103],[89.70091,24.13193],[89.70111,24.13193],[89.70113,24.13301],[89.70133,24.13301],[89.70134,24.13355],[89.70154,24.13355],[89.70154,24.13391],[89.70135,24.13391],[89.70137,24.13481],[89.70117,24.13482],[89.70118,24.13554],[89.70138,24.13554],[89.70139,24.13608],[89.7012,24.13608],[89.70126,24.13897],[89.70106,24.13897],[89.70107,24.13933],[89.70126,24.13933],[89.70133,24.1424],[89.70113,24.1424],[89.70117,24.1442],[89.70097,24.14421],[89.70099,24.14511],[89.7008,24.14511],[89.7008,24.14547],[89.701,24.14547],[89.70104,24.14727],[89.70084,24.14728],[89.70086,24.148],[89.70066,24.148],[89.70069,24.14945],[89.70049,24.14945],[89.70037,24.15306],[89.70057,24.15306]],[[89.70189,24.13192],[89.70209,24.13191],[89.7021,24.13209],[89.7019,24.1321],[89.70189,24.13192]],[[89.70166,24.1303],[89.70225,24.13028],[89.70206,24.13065],[89.70167,24.13066],[89.70166,24.1303]],[[89.70143,24.12867],[89.70163,24.12867],[89.70163,24.12885],[89.70144,24.12886],[89.70143,24.12867]],[[89.70179,24.12686],[89.70199,24.12686],[89.70199,24.12704],[89.70179,24.12704],[89.70179,24.12686]],[[89.70057,24.12526],[89.70038,24.12526],[89.70037,24.12472],[89.70076,24.12472],[89.70057,24.12508],[89.70077,24.12508],[89.70078,24.12544],[89.70058,24.12544],[89.70057,24.12526]],[[89.70175,24.12506],[89.70234,24.12505],[89.70215,24.12541],[89.70176,24.12542],[89.70175,24.12506]],[[89.70095,24.12435],[89.70115,24.12435],[89.70115,24.12453],[89.70095,24.12453],[89.70095,24.12435]],[[89.6997,24.12112],[89.7001,24.1213],[89.7001,24.12148],[89.69971,24.12149],[89.6997,24.12112]],[[89.70048,24.12075],[89.70028,24.12075],[89.70028,24.12057],[89.70048,24.12057],[89.70048,24.12075]],[[89.70045,24.11949],[89.70065,24.11948],[89.70065,24.1193],[89.70104,24.1193],[89.70105,24.12002],[89.70086,24.12002],[89.70087,24.12038],[89.70067,24.12039],[89.70067,24.12057],[89.70048,24.12057],[89.70045,24.11949]],[[89.69947,24.11932],[89.69986,24.11914],[89.69985,24.11896],[89.70005,24.11895],[89.70005,24.11877],[89.70024,24.11877],[89.70024,24.11859],[89.70043,24.11858],[89.70045,24.11931],[89.70025,24.11931],[89.70026,24.11949],[89.69986,24.1195],[89.69987,24.11968],[89.69947,24.11968],[89.69947,24.11932]],[[89.70163,24.11947],[89.70183,24.11946],[89.70183,24.11964],[89.70164,24.11965],[89.70163,24.11947]]]}},{"type":"Feature","properties":{"kind":"land","ha":10.8},"geometry":{"type":"Polygon","coordinates":[[[89.67743,24.11863],[89.67741,24.11809],[89.67761,24.11808],[89.6776,24.11754],[89.6774,24.11755],[89.6774,24.11718],[89.67759,24.11718],[89.67759,24.117],[89.67798,24.11717],[89.67799,24.11735],[89.67819,24.11735],[89.67819,24.11753],[89.67799,24.11754],[89.678,24.11808],[89.67859,24.11807],[89.67878,24.1177],[89.67898,24.1177],[89.67898,24.11752],[89.67878,24.11752],[89.67877,24.11698],[89.67857,24.11698],[89.67856,24.11662],[89.67817,24.11645],[89.67816,24.11591],[89.67796,24.11591],[89.67794,24.11519],[89.67775,24.11519],[89.67774,24.11483],[89.67833,24.11482],[89.67833,24.11464],[89.67813,24.11464],[89.67813,24.11446],[89.67773,24.11447],[89.67753,24.11411],[89.67674,24.11413],[89.67674,24.11395],[89.67654,24.11395],[89.67654,24.11413],[89.67615,24.11414],[89.67596,24.1145],[89.67577,24.11451],[89.67577,24.11469],[89.67557,24.11469],[89.67559,24.11541],[89.67578,24.11541],[89.67581,24.11667],[89.67601,24.11667],[89.67583,24.11775],[89.67603,24.11775],[89.67604,24.11811],[89.67643,24.1181],[89.67663,24.11846],[89.67683,24.11846],[89.67684,24.11864],[89.67703,24.11864],[89.67704,24.11882],[89.67743,24.11863]]]}},{"type":"Feature","properties":{"kind":"land","ha":5.0},"geometry":{"type":"Polygon","coordinates":[[[89.72646,24.11216],[89.72625,24.11181],[89.72605,24.11181],[89.72605,24.11163],[89.72585,24.11163],[89.72584,24.11091],[89.72623,24.11091],[89.72623,24.11072],[89.72583,24.11055],[89.72582,24.11019],[89.72503,24.11002],[89.72502,24.10948],[89.72522,24.10948],[89.7252,24.10876],[89.72501,24.10876],[89.725,24.10822],[89.7246,24.10823],[89.72439,24.10751],[89.724,24.10752],[89.724,24.10788],[89.72381,24.10788],[89.72385,24.10968],[89.72424,24.10986],[89.72425,24.11004],[89.72444,24.11003],[89.72445,24.11022],[89.72464,24.11021],[89.72465,24.11039],[89.72484,24.11039],[89.72486,24.11093],[89.72525,24.1111],[89.72526,24.11128],[89.72545,24.11128],[89.72547,24.11218],[89.72646,24.11216]]]}},{"type":"Feature","properties":{"kind":"land","ha":3.2},"geometry":{"type":"Polygon","coordinates":[[[89.7872,24.11125],[89.78718,24.11035],[89.78699,24.11035],[89.78697,24.10963],[89.78677,24.10963],[89.78674,24.10819],[89.78655,24.10819],[89.78653,24.10729],[89.78633,24.10729],[89.78632,24.10675],[89.78612,24.10676],[89.7861,24.10585],[89.7859,24.10586],[89.78583,24.10243],[89.78563,24.10243],[89.78562,24.10189],[89.78543,24.10189],[89.78544,24.10262],[89.78564,24.10261],[89.78567,24.10388],[89.78547,24.10388],[89.7855,24.10532],[89.7857,24.10532],[89.78572,24.10658],[89.78592,24.10658],[89.78593,24.10712],[89.78613,24.10712],[89.78616,24.10838],[89.78635,24.10838],[89.78637,24.1091],[89.78656,24.10909],[89.78658,24.11],[89.78678,24.10999],[89.78679,24.11053],[89.78699,24.11053],[89.78701,24.11125],[89.7872,24.11125]]]}},{"type":"Feature","properties":{"kind":"land","ha":90.7},"geometry":{"type":"Polygon","coordinates":[[[89.69591,24.10892],[89.69571,24.10892],[89.6957,24.10874],[89.69551,24.10874],[89.6955,24.10856],[89.69511,24.10857],[89.69491,24.10821],[89.69451,24.10822],[89.69431,24.10786],[89.69411,24.10787],[89.69411,24.10768],[89.69372,24.10769],[89.69351,24.10733],[89.69332,24.10734],[89.69331,24.10716],[89.69312,24.10716],[89.69311,24.10698],[89.69272,24.10699],[89.69271,24.10681],[89.69252,24.10681],[89.69251,24.10645],[89.69172,24.10628],[89.69172,24.1061],[89.69132,24.10611],[89.69112,24.10575],[89.69073,24.10576],[89.69072,24.10558],[89.69053,24.10558],[89.69052,24.1054],[89.69013,24.10541],[89.68992,24.10505],[89.68973,24.10505],[89.68972,24.10487],[89.68953,24.10488],[89.68952,24.1047],[89.68913,24.1047],[89.68893,24.10435],[89.68873,24.10435],[89.68872,24.10399],[89.68853,24.10399],[89.68852,24.10381],[89.68813,24.10382],[89.68793,24.10346],[89.68753,24.10347],[89.68733,24.10311],[89.68713,24.10311],[89.68713,24.10293],[89.68693,24.10294],[89.68693,24.10276],[89.68673,24.10276],[89.68673,24.10258],[89.68633,24.10259],[89.68613,24.10223],[89.68574,24.10224],[89.68553,24.10188],[89.68514,24.10189],[89.68494,24.10153],[89.68474,24.10153],[89.68473,24.10135],[89.68454,24.10135],[89.68453,24.10117],[89.68434,24.10118],[89.68433,24.101],[89.68394,24.101],[89.68393,24.10064],[89.68354,24.10047],[89.68353,24.10029],[89.68334,24.10029],[89.68333,24.10011],[89.68294,24.10012],[89.68274,24.09976],[89.68254,24.09977],[89.68253,24.09959],[89.68234,24.09959],[89.68233,24.09941],[89.68214,24.09941],[89.68213,24.09923],[89.68174,24.09924],[89.68174,24.09906],[89.68154,24.09906],[89.68153,24.0987],[89.68114,24.09853],[89.68113,24.09817],[89.68073,24.09799],[89.68072,24.09763],[89.68033,24.09746],[89.68032,24.09728],[89.68013,24.09728],[89.68012,24.0971],[89.67993,24.0971],[89.67992,24.09674],[89.67952,24.09657],[89.67952,24.09639],[89.67932,24.09639],[89.67932,24.09621],[89.67893,24.09622],[89.67892,24.09604],[89.67872,24.09604],[89.67869,24.09442],[89.67849,24.09442],[89.67851,24.09496],[89.67831,24.09497],[89.67834,24.09641],[89.67854,24.09641],[89.67856,24.09749],[89.67836,24.09749],[89.67838,24.09821],[89.67877,24.09839],[89.67878,24.09857],[89.67897,24.09856],[89.67919,24.09928],[89.67938,24.09928],[89.6794,24.10018],[89.6798,24.10036],[89.6798,24.10054],[89.68,24.10053],[89.68,24.10071],[89.6802,24.10071],[89.6802,24.10089],[89.6804,24.10089],[89.6804,24.10107],[89.6806,24.10106],[89.6806,24.10124],[89.6808,24.10124],[89.6808,24.10142],[89.681,24.10142],[89.68121,24.10214],[89.68161,24.10231],[89.68161,24.10249],[89.68181,24.10249],[89.68182,24.10285],[89.68221,24.10302],[89.68222,24.1032],[89.68241,24.1032],[89.68242,24.10338],[89.68261,24.10337],[89.68262,24.10355],[89.68281,24.10355],[89.68282,24.10373],[89.68361,24.1039],[89.68361,24.10408],[89.684,24.10407],[89.68401,24.10425],[89.6844,24.10425],[89.68441,24.10443],[89.6848,24.10442],[89.685,24.10478],[89.6854,24.10477],[89.68559,24.10441],[89.68598,24.1044],[89.68599,24.10494],[89.68579,24.10494],[89.6858,24.10512],[89.68619,24.1053],[89.6862,24.10548],[89.68639,24.10547],[89.6864,24.10565],[89.68679,24.10565],[89.687,24.10601],[89.68719,24.106],[89.6872,24.10618],[89.68739,24.10618],[89.6874,24.10636],[89.68779,24.10635],[89.68799,24.10671],[89.68819,24.10671],[89.68819,24.10689],[89.68839,24.10688],[89.68839,24.10706],[89.68879,24.10706],[89.68899,24.10741],[89.68919,24.10741],[89.68919,24.10759],[89.68958,24.10758],[89.68979,24.10794],[89.68999,24.10794],[89.68999,24.10812],[89.69038,24.10811],[89.69059,24.10847],[89.69078,24.10847],[89.69079,24.10865],[89.69098,24.10864],[89.69099,24.10882],[89.69118,24.10882],[89.69119,24.109],[89.69158,24.10899],[89.69178,24.10935],[89.69198,24.10935],[89.69199,24.10953],[89.69218,24.10952],[89.69219,24.1097],[89.69238,24.1097],[89.69239,24.10988],[89.69278,24.10987],[89.69298,24.11023],[89.69318,24.11023],[89.69318,24.11041],[89.69338,24.11041],[89.69338,24.11059],[89.69378,24.11058],[89.69398,24.11094],[89.69418,24.11093],[89.69418,24.11111],[89.69438,24.11111],[89.69439,24.11147],[89.69478,24.11164],[89.69479,24.11182],[89.69498,24.11182],[89.69499,24.11218],[89.69519,24.11218],[89.69519,24.11254],[89.69559,24.11271],[89.6956,24.11289],[89.69579,24.11289],[89.6958,24.11325],[89.6962,24.11342],[89.6962,24.11379],[89.6966,24.11396],[89.69661,24.11432],[89.69701,24.11449],[89.69701,24.11467],[89.69721,24.11467],[89.69721,24.11485],[89.6976,24.11484],[89.69761,24.11502],[89.69898,24.115],[89.69899,24.11518],[89.69938,24.11517],[89.69938,24.11535],[89.70115,24.11532],[89.70115,24.11496],[89.70016,24.11498],[89.70015,24.11462],[89.70054,24.11443],[89.70054,24.11425],[89.70074,24.11425],[89.70073,24.11407],[89.70093,24.11406],[89.70092,24.11352],[89.70131,24.11333],[89.7013,24.11297],[89.70169,24.11297],[89.70188,24.1126],[89.70228,24.11259],[89.70246,24.11223],[89.70266,24.11223],[89.70267,24.11277],[89.70307,24.11276],[89.70306,24.1124],[89.70345,24.11221],[89.70344,24.11185],[89.70383,24.11166],[89.70381,24.11076],[89.70401,24.11076],[89.70398,24.10968],[89.70418,24.10967],[89.70417,24.10913],[89.70437,24.10913],[89.70436,24.10877],[89.70475,24.10876],[89.70474,24.1084],[89.70494,24.1084],[89.70493,24.10785],[89.70513,24.10785],[89.70512,24.10749],[89.70551,24.1073],[89.70548,24.10622],[89.70587,24.10603],[89.70586,24.10513],[89.70566,24.10513],[89.70567,24.10549],[89.70547,24.1055],[89.70548,24.10604],[89.70509,24.10623],[89.7051,24.10659],[89.7049,24.10659],[89.70491,24.10695],[89.70471,24.10696],[89.70472,24.10732],[89.70452,24.10732],[89.70453,24.10768],[89.70434,24.10768],[89.70435,24.10859],[89.70416,24.10859],[89.70417,24.10895],[89.70397,24.10895],[89.70398,24.10932],[89.70378,24.10932],[89.7038,24.11004],[89.7036,24.11004],[89.70361,24.11041],[89.70341,24.11041],[89.70342,24.11077],[89.70303,24.11096],[89.70303,24.11114],[89.70283,24.11114],[89.70284,24.11132],[89.70245,24.11133],[89.70226,24.11169],[89.70206,24.1117],[89.70206,24.11188],[89.70187,24.11188],[89.70187,24.11206],[89.70109,24.11225],[89.70109,24.11244],[89.7009,24.11244],[89.7009,24.1128],[89.70071,24.1128],[89.7007,24.11262],[89.70051,24.11263],[89.7005,24.11227],[89.7001,24.11209],[89.7001,24.11191],[89.6999,24.11191],[89.6999,24.11173],[89.6997,24.11174],[89.69969,24.11138],[89.6993,24.1112],[89.69929,24.11102],[89.6987,24.11103],[89.6985,24.11068],[89.6983,24.11068],[89.6983,24.1105],[89.6981,24.1105],[89.6981,24.11032],[89.6979,24.11033],[89.6979,24.11015],[89.69711,24.10998],[89.6971,24.1098],[89.69671,24.1098],[89.69651,24.10945],[89.69631,24.10945],[89.69631,24.10927],[89.69611,24.10927],[89.69611,24.10909],[89.69591,24.1091],[89.69591,24.10892]],[[89.69592,24.10946],[89.69572,24.10946],[89.69571,24.1091],[89.69591,24.1091],[89.69592,24.10946]],[[89.69656,24.11215],[89.69695,24.11197],[89.69696,24.11251],[89.69677,24.11251],[89.69656,24.11215]],[[89.69652,24.11017],[89.69691,24.11016],[89.69693,24.11088],[89.69654,24.11089],[89.69652,24.11017]],[[89.69573,24.10982],[89.69612,24.10982],[89.69613,24.11018],[89.69574,24.11018],[89.69573,24.10982]],[[89.68698,24.10546],[89.68679,24.10547],[89.68678,24.10493],[89.68697,24.10492],[89.68697,24.10474],[89.68677,24.10475],[89.68677,24.10456],[89.68696,24.10456],[89.68696,24.10438],[89.68735,24.10437],[89.68735,24.10419],[89.68794,24.10418],[89.68795,24.10454],[89.68756,24.10473],[89.68756,24.10491],[89.68737,24.10492],[89.68738,24.10546],[89.68699,24.10564],[89.68698,24.10546]],[[89.68675,24.10348],[89.68694,24.10348],[89.68695,24.10366],[89.68675,24.10366],[89.68675,24.10348]],[[89.68635,24.10313],[89.68654,24.10312],[89.68655,24.10331],[89.68635,24.10331],[89.68635,24.10313]]]}},{"type":"Feature","properties":{"kind":"land","ha":7.3},"geometry":{"type":"Polygon","coordinates":[[[89.73796,24.09824],[89.73795,24.09788],[89.73775,24.09788],[89.73775,24.09752],[89.73755,24.09753],[89.73753,24.0968],[89.73734,24.09681],[89.73733,24.09627],[89.73713,24.09627],[89.73712,24.09591],[89.73693,24.09591],[89.73671,24.09483],[89.73651,24.09484],[89.7365,24.09448],[89.73631,24.09448],[89.73629,24.09394],[89.7359,24.09376],[89.73569,24.09305],[89.73529,24.09287],[89.73528,24.09251],[89.73488,24.09234],[89.73488,24.09216],[89.73468,24.09216],[89.73468,24.09198],[89.73448,24.09199],[89.73427,24.09127],[89.73407,24.09127],[89.73407,24.09091],[89.73387,24.09091],[89.73387,24.09073],[89.73347,24.09074],[89.73348,24.09092],[89.73367,24.09092],[89.73369,24.09146],[89.73388,24.09145],[89.73389,24.09182],[89.73429,24.09199],[89.73429,24.09217],[89.73449,24.09217],[89.7345,24.09289],[89.7347,24.09288],[89.73471,24.09343],[89.73491,24.09342],[89.73491,24.09378],[89.73511,24.09378],[89.73512,24.09432],[89.73532,24.09432],[89.73533,24.09504],[89.73553,24.09504],[89.73554,24.09558],[89.73574,24.09557],[89.73575,24.09593],[89.73594,24.09593],[89.73595,24.09629],[89.73635,24.09646],[89.73636,24.09701],[89.73676,24.09718],[89.73676,24.09754],[89.73696,24.09754],[89.73696,24.09772],[89.73736,24.09771],[89.73756,24.09807],[89.73776,24.09806],[89.73776,24.09824],[89.73796,24.09824]]]}},{"type":"Feature","properties":{"kind":"land","ha":3.0},"geometry":{"type":"Polygon","coordinates":[[[89.76672,24.09159],[89.76671,24.09104],[89.7671,24.09086],[89.76707,24.08959],[89.76746,24.08941],[89.76746,24.08923],[89.76765,24.08922],[89.76765,24.08886],[89.76784,24.08886],[89.76783,24.08814],[89.76802,24.08813],[89.768,24.08687],[89.7678,24.08687],[89.76777,24.08543],[89.76757,24.08543],[89.76761,24.08724],[89.76741,24.08724],[89.76742,24.0876],[89.76722,24.08761],[89.76724,24.08815],[89.76704,24.08815],[89.76706,24.08923],[89.76687,24.08924],[89.76688,24.08996],[89.76669,24.08996],[89.7667,24.0905],[89.7665,24.09051],[89.76652,24.09159],[89.76672,24.09159]]]}},{"type":"Feature","properties":{"kind":"land","ha":4.1},"geometry":{"type":"Polygon","coordinates":[[[89.67959,24.09043],[89.67958,24.08989],[89.67978,24.08989],[89.67977,24.08971],[89.68017,24.0897],[89.68016,24.08934],[89.68036,24.08933],[89.68033,24.08825],[89.68092,24.08824],[89.68092,24.08806],[89.68111,24.08806],[89.6813,24.08733],[89.68149,24.08733],[89.68148,24.08679],[89.68187,24.0866],[89.68186,24.08606],[89.68166,24.08606],[89.68165,24.08534],[89.68204,24.08515],[89.68203,24.08497],[89.68164,24.08498],[89.68164,24.08516],[89.68145,24.08516],[89.68146,24.08589],[89.68107,24.08607],[89.68108,24.08625],[89.68068,24.08626],[89.6807,24.08698],[89.68031,24.08717],[89.68032,24.08753],[89.68012,24.08753],[89.68012,24.08771],[89.67993,24.08772],[89.67995,24.0888],[89.67956,24.08899],[89.67957,24.08953],[89.67938,24.08953],[89.67939,24.09043],[89.67959,24.09043]]]}},{"type":"Feature","properties":{"kind":"land","ha":7.7},"geometry":{"type":"Polygon","coordinates":[[[89.70468,24.07735],[89.70462,24.07429],[89.70422,24.07411],[89.70422,24.07393],[89.70402,24.07394],[89.70401,24.07357],[89.70303,24.07359],[89.70304,24.07413],[89.70284,24.07414],[89.70285,24.0745],[89.70266,24.0745],[89.70266,24.07486],[89.70247,24.07487],[89.70249,24.07595],[89.70229,24.07595],[89.7023,24.07613],[89.70249,24.07613],[89.70251,24.07685],[89.70329,24.07684],[89.7035,24.07719],[89.70389,24.07719],[89.7039,24.07737],[89.70468,24.07735]]]}},{"type":"Feature","properties":{"kind":"land","ha":5.0},"geometry":{"type":"Polygon","coordinates":[[[89.76384,24.07629],[89.76383,24.07611],[89.76344,24.07594],[89.76322,24.07522],[89.76283,24.07523],[89.76283,24.07505],[89.76263,24.07505],[89.76242,24.07433],[89.76202,24.07416],[89.76201,24.0738],[89.76182,24.0738],[89.76181,24.07362],[89.76162,24.07363],[89.76161,24.07309],[89.7618,24.07308],[89.7618,24.0729],[89.7616,24.07291],[89.7616,24.07273],[89.76179,24.07272],[89.76179,24.07236],[89.76139,24.07219],[89.7614,24.07255],[89.76061,24.07256],[89.76065,24.07419],[89.76104,24.07436],[89.76105,24.0749],[89.76145,24.07507],[89.76145,24.07525],[89.76204,24.07524],[89.76205,24.07561],[89.76245,24.07578],[89.76245,24.07596],[89.76324,24.07594],[89.76344,24.0763],[89.76384,24.07629]]]}},{"type":"Feature","properties":{"kind":"land","ha":17.2},"geometry":{"type":"Polygon","coordinates":[[[89.78641,24.08383],[89.7864,24.08347],[89.7866,24.08346],[89.78659,24.08292],[89.78678,24.08292],[89.78678,24.08256],[89.78697,24.08255],[89.78695,24.08129],[89.78714,24.08129],[89.78714,24.08111],[89.78694,24.08111],[89.78693,24.08075],[89.78674,24.08075],[89.78673,24.08057],[89.78693,24.08057],[89.78692,24.08021],[89.78712,24.0802],[89.78711,24.07966],[89.7873,24.07966],[89.7873,24.0793],[89.78749,24.07929],[89.78766,24.07785],[89.78785,24.07784],[89.78785,24.07748],[89.78804,24.07748],[89.78804,24.07712],[89.78842,24.07693],[89.78842,24.07675],[89.78862,24.07675],[89.7888,24.07602],[89.78899,24.07602],[89.78899,24.07566],[89.78918,24.07565],[89.78918,24.07529],[89.78956,24.07511],[89.78955,24.0742],[89.78974,24.0742],[89.78971,24.07294],[89.78991,24.07293],[89.7899,24.07257],[89.7901,24.07257],[89.79009,24.07203],[89.78969,24.07185],[89.78968,24.07149],[89.78949,24.0715],[89.78951,24.0724],[89.78931,24.0724],[89.78932,24.07294],[89.78912,24.07295],[89.78914,24.07367],[89.78894,24.07367],[89.78896,24.07421],[89.78876,24.07422],[89.78877,24.07476],[89.78857,24.07476],[89.7886,24.07603],[89.78841,24.07603],[89.78842,24.07657],[89.78803,24.07676],[89.78803,24.07694],[89.78784,24.07694],[89.78784,24.07712],[89.78764,24.07713],[89.78765,24.07731],[89.78745,24.07731],[89.78745,24.07749],[89.78726,24.07749],[89.78726,24.07767],[89.78706,24.07768],[89.78707,24.07786],[89.78687,24.07786],[89.78688,24.07822],[89.78668,24.07823],[89.78669,24.07841],[89.78629,24.07841],[89.7863,24.07859],[89.7861,24.0786],[89.78611,24.07896],[89.78572,24.07915],[89.78554,24.07987],[89.78534,24.07988],[89.78535,24.08024],[89.78496,24.08042],[89.78478,24.08115],[89.78458,24.08115],[89.78459,24.08151],[89.7842,24.0817],[89.78421,24.08188],[89.78401,24.08189],[89.78383,24.08261],[89.78344,24.0828],[89.78345,24.08316],[89.78267,24.08353],[89.78267,24.08371],[89.78326,24.0837],[89.78326,24.08352],[89.78405,24.08351],[89.78423,24.08314],[89.78443,24.08314],[89.78443,24.08296],[89.78482,24.08295],[89.78482,24.08277],[89.78501,24.08277],[89.78522,24.08313],[89.78541,24.08312],[89.78542,24.0833],[89.78561,24.0833],[89.78562,24.08348],[89.78581,24.08348],[89.78582,24.08366],[89.78601,24.08365],[89.78602,24.08383],[89.78641,24.08383]],[[89.7846,24.08205],[89.785,24.08205],[89.785,24.08241],[89.78461,24.08242],[89.7846,24.08205]]]}},{"type":"Feature","properties":{"kind":"land","ha":3.6},"geometry":{"type":"Polygon","coordinates":[[[89.66439,24.06831],[89.66419,24.06832],[89.66419,24.06814],[89.66399,24.06814],[89.66399,24.06796],[89.66379,24.06796],[89.66379,24.06778],[89.66359,24.06779],[89.66358,24.06742],[89.66397,24.06724],[89.66397,24.06706],[89.66357,24.06688],[89.66357,24.0667],[89.66337,24.06671],[89.66337,24.06653],[89.66297,24.06653],[89.66298,24.06689],[89.66278,24.0669],[89.6628,24.06744],[89.6626,24.06744],[89.66261,24.06798],[89.66301,24.06816],[89.66301,24.06834],[89.66321,24.06833],[89.66321,24.06851],[89.66341,24.06851],[89.66362,24.06923],[89.66382,24.06923],[89.66382,24.06959],[89.66363,24.06959],[89.66365,24.07049],[89.66404,24.07049],[89.66402,24.0694],[89.66441,24.06922],[89.6644,24.06903],[89.66499,24.06902],[89.66499,24.06884],[89.66459,24.06867],[89.66459,24.06849],[89.66439,24.06849],[89.66439,24.06831]],[[89.66439,24.06867],[89.6642,24.06868],[89.66419,24.0685],[89.66439,24.06849],[89.66439,24.06867]]]}},{"type":"Feature","properties":{"kind":"land","ha":7.0},"geometry":{"type":"Polygon","coordinates":[[[89.68606,24.07064],[89.68625,24.07028],[89.68664,24.07027],[89.68683,24.06991],[89.68821,24.06988],[89.6882,24.0697],[89.6886,24.06969],[89.68859,24.06951],[89.68899,24.06951],[89.68917,24.06914],[89.68996,24.06895],[89.69015,24.06858],[89.69034,24.06858],[89.69034,24.0684],[89.69093,24.06839],[89.69092,24.06821],[89.69171,24.0682],[89.69171,24.06801],[89.6921,24.06801],[89.69209,24.06747],[89.6915,24.06748],[89.6915,24.06766],[89.69111,24.06766],[89.69111,24.06784],[89.69092,24.06785],[89.69092,24.06803],[89.69014,24.06822],[89.69014,24.0684],[89.68975,24.06841],[89.68975,24.06859],[89.68936,24.0686],[89.68936,24.06878],[89.68858,24.06879],[89.68858,24.06897],[89.68819,24.06898],[89.68819,24.06916],[89.68623,24.06937],[89.68603,24.06902],[89.68583,24.06902],[89.68581,24.06812],[89.6862,24.06793],[89.68619,24.06757],[89.68639,24.06757],[89.68638,24.06721],[89.68658,24.0672],[89.68657,24.06684],[89.68677,24.06684],[89.68676,24.06648],[89.68696,24.06647],[89.68695,24.06611],[89.68715,24.06611],[89.68714,24.06593],[89.68675,24.06576],[89.68675,24.06594],[89.68616,24.06595],[89.68638,24.06703],[89.68599,24.06721],[89.686,24.06757],[89.68561,24.06776],[89.68561,24.06812],[89.68542,24.06813],[89.68544,24.06939],[89.68525,24.06939],[89.68526,24.06993],[89.68546,24.06993],[89.68547,24.07047],[89.68566,24.07047],[89.68567,24.07065],[89.68606,24.07064]]]}},{"type":"Feature","properties":{"kind":"land","ha":9.9},"geometry":{"type":"Polygon","coordinates":[[[89.73734,24.06937],[89.73734,24.06919],[89.73773,24.06918],[89.73773,24.069],[89.73793,24.069],[89.73792,24.06864],[89.73831,24.06845],[89.7383,24.06827],[89.7385,24.06827],[89.73849,24.06791],[89.73869,24.0679],[89.73868,24.06736],[89.73887,24.06736],[89.73887,24.06718],[89.73867,24.06718],[89.73866,24.06664],[89.73827,24.06647],[89.73826,24.06629],[89.73807,24.06629],[89.73805,24.06575],[89.73786,24.06575],[89.73785,24.06539],[89.73745,24.06522],[89.73745,24.06504],[89.73725,24.06504],[89.73725,24.06486],[89.73705,24.06486],[89.73705,24.06468],[89.73685,24.06469],[89.73689,24.06649],[89.73669,24.06649],[89.7367,24.06686],[89.73651,24.06686],[89.73652,24.0674],[89.73632,24.0674],[89.73633,24.06776],[89.73594,24.06795],[89.73594,24.06813],[89.73575,24.06814],[89.73554,24.06778],[89.73535,24.06778],[89.73534,24.06742],[89.73494,24.06743],[89.73516,24.06851],[89.73497,24.06851],[89.73497,24.06869],[89.73536,24.06868],[89.73557,24.06904],[89.73577,24.06904],[89.73577,24.06922],[89.73636,24.06921],[89.73636,24.06939],[89.73734,24.06937]]]}},{"type":"Feature","properties":{"kind":"land","ha":8.0},"geometry":{"type":"Polygon","coordinates":[[[89.75025,24.07546],[89.75025,24.07528],[89.75005,24.07528],[89.75003,24.07438],[89.74984,24.07438],[89.74983,24.07402],[89.74963,24.07402],[89.74962,24.07348],[89.74942,24.07349],[89.74942,24.07313],[89.74922,24.07313],[89.74919,24.07187],[89.749,24.07187],[89.74899,24.07133],[89.74879,24.07133],[89.74877,24.07043],[89.74857,24.07043],[89.74857,24.07007],[89.74817,24.0699],[89.74816,24.06972],[89.74797,24.06972],[89.74796,24.06954],[89.74836,24.06953],[89.74835,24.06935],[89.74816,24.06936],[89.74815,24.06918],[89.74756,24.06919],[89.74756,24.06883],[89.74736,24.06883],[89.74735,24.06829],[89.74715,24.06829],[89.74711,24.06631],[89.74671,24.06613],[89.7467,24.06577],[89.74651,24.06578],[89.7465,24.0656],[89.74631,24.0656],[89.7463,24.06506],[89.7461,24.06506],[89.74607,24.0638],[89.74588,24.0638],[89.7457,24.06489],[89.7459,24.06489],[89.74593,24.06633],[89.74613,24.06633],[89.74614,24.06705],[89.74634,24.06704],[89.74635,24.06777],[89.74655,24.06776],[89.74656,24.06812],[89.74675,24.06812],[89.74677,24.06902],[89.74697,24.06902],[89.74698,24.06938],[89.74717,24.06937],[89.74718,24.06974],[89.74738,24.06973],[89.74739,24.07045],[89.74779,24.07063],[89.74779,24.07081],[89.74799,24.0708],[89.748,24.07098],[89.74819,24.07098],[89.7482,24.07116],[89.74839,24.07116],[89.7484,24.07134],[89.74859,24.07134],[89.7486,24.07152],[89.74879,24.07151],[89.74883,24.07314],[89.74902,24.07313],[89.74904,24.07385],[89.74924,24.07385],[89.74925,24.07457],[89.74965,24.07475],[89.74986,24.07546],[89.75025,24.07546]]]}},{"type":"Feature","properties":{"kind":"land","ha":8.2},"geometry":{"type":"Polygon","coordinates":[[[89.76369,24.06962],[89.76387,24.06889],[89.76348,24.06872],[89.76347,24.06854],[89.76308,24.06855],[89.76308,24.06837],[89.76288,24.06837],[89.76287,24.06801],[89.76248,24.06784],[89.76247,24.06766],[89.76228,24.06766],[89.76227,24.06748],[89.76207,24.06748],[89.76206,24.06694],[89.76226,24.06694],[89.76226,24.06676],[89.76285,24.06675],[89.76284,24.06639],[89.76244,24.06621],[89.76244,24.06603],[89.76204,24.06604],[89.76204,24.06568],[89.76164,24.0655],[89.76163,24.06514],[89.76123,24.06497],[89.76123,24.06461],[89.76083,24.06444],[89.76083,24.06426],[89.76063,24.06426],[89.76062,24.0639],[89.76022,24.06372],[89.76022,24.06354],[89.76002,24.06355],[89.76002,24.06337],[89.75982,24.06337],[89.75982,24.06319],[89.75962,24.06319],[89.75963,24.06337],[89.75943,24.06338],[89.75944,24.06374],[89.75964,24.06374],[89.75965,24.06446],[89.76005,24.06463],[89.76005,24.06481],[89.76025,24.06481],[89.76026,24.06517],[89.76045,24.06516],[89.76046,24.06571],[89.76066,24.0657],[89.76067,24.06624],[89.76048,24.06625],[89.76048,24.06661],[89.76088,24.06678],[89.76088,24.06696],[89.76108,24.06696],[89.76129,24.06768],[89.76169,24.06785],[89.76169,24.06803],[89.76189,24.06803],[89.7619,24.06839],[89.76209,24.06838],[89.7621,24.06856],[89.76249,24.06856],[89.7627,24.06928],[89.7631,24.06927],[89.7633,24.06963],[89.76369,24.06962]]]}},{"type":"Feature","properties":{"kind":"land","ha":8.8},"geometry":{"type":"Polygon","coordinates":[[[89.79047,24.07148],[89.79047,24.0713],[89.79066,24.07129],[89.79065,24.07093],[89.79085,24.07093],[89.79082,24.06967],[89.79102,24.06966],[89.791,24.06876],[89.7912,24.06876],[89.79118,24.06822],[89.79138,24.06821],[89.79135,24.06695],[89.79155,24.06695],[89.7915,24.06442],[89.7913,24.06442],[89.79126,24.0628],[89.79107,24.0628],[89.79104,24.06136],[89.79084,24.06136],[89.79084,24.06118],[89.79103,24.06118],[89.79103,24.061],[89.79083,24.061],[89.79082,24.06028],[89.79062,24.06029],[89.79066,24.06191],[89.79085,24.06191],[89.79088,24.06299],[89.79068,24.06299],[89.79073,24.06534],[89.79053,24.06534],[89.79058,24.06751],[89.79038,24.06751],[89.7904,24.06823],[89.7902,24.06823],[89.79022,24.06914],[89.79003,24.06914],[89.79006,24.07076],[89.78986,24.07077],[89.78987,24.07113],[89.78968,24.07113],[89.78968,24.07131],[89.79007,24.07131],[89.79008,24.07167],[89.79047,24.07148]]]}},{"type":"Feature","properties":{"kind":"land","ha":4.5},"geometry":{"type":"Polygon","coordinates":[[[89.77607,24.06019],[89.77606,24.05965],[89.77626,24.05964],[89.77625,24.05928],[89.77664,24.0591],[89.77663,24.05892],[89.77683,24.05891],[89.77683,24.05873],[89.77702,24.05873],[89.77702,24.05837],[89.77721,24.05836],[89.77721,24.05818],[89.77701,24.05819],[89.77699,24.0571],[89.77581,24.05731],[89.77562,24.05767],[89.77543,24.05767],[89.77544,24.05803],[89.77524,24.05804],[89.77524,24.05822],[89.77544,24.05821],[89.77545,24.05876],[89.77565,24.05875],[89.77566,24.05911],[89.77448,24.05932],[89.77449,24.05986],[89.77528,24.05984],[89.77527,24.05966],[89.77547,24.05966],[89.77567,24.06002],[89.77587,24.06001],[89.77588,24.06019],[89.77607,24.06019]]]}},{"type":"Feature","properties":{"kind":"land","ha":30.5},"geometry":{"type":"Polygon","coordinates":[[[89.7012,24.06117],[89.701,24.06117],[89.70097,24.05973],[89.70077,24.05973],[89.70077,24.05937],[89.70038,24.05956],[89.7004,24.06046],[89.70079,24.06063],[89.7008,24.06081],[89.70041,24.061],[89.70041,24.06118],[89.69982,24.06119],[89.6998,24.06029],[89.7,24.06029],[89.69995,24.05794],[89.70015,24.05794],[89.70013,24.0574],[89.69994,24.0574],[89.69994,24.05758],[89.69955,24.05759],[89.69958,24.05903],[89.69938,24.05903],[89.69947,24.06337],[89.69928,24.06337],[89.6993,24.06445],[89.6991,24.06445],[89.69912,24.06518],[89.69873,24.06536],[89.69873,24.06554],[89.69854,24.06555],[89.69854,24.06573],[89.69834,24.06573],[89.69835,24.06591],[89.69815,24.06592],[89.69797,24.06664],[89.69758,24.06683],[89.69758,24.06701],[89.69739,24.06701],[89.6974,24.06773],[89.6978,24.06773],[89.69798,24.06736],[89.69838,24.06736],[89.69837,24.06718],[89.69916,24.06716],[89.69935,24.0668],[89.70013,24.06678],[89.70032,24.06642],[89.70052,24.06642],[89.70051,24.06605],[89.7009,24.06587],[89.70091,24.06605],[89.7011,24.06604],[89.70111,24.06641],[89.70091,24.06641],[89.70094,24.06749],[89.70113,24.06749],[89.70114,24.06767],[89.70094,24.06767],[89.70094,24.06785],[89.69996,24.06787],[89.69977,24.06823],[89.69899,24.06825],[89.69899,24.06843],[89.6986,24.06844],[89.69859,24.06825],[89.69781,24.06827],[89.69781,24.06845],[89.69761,24.06845],[89.69762,24.06881],[89.69919,24.06879],[89.69919,24.06861],[89.70057,24.06858],[89.70075,24.06822],[89.70095,24.06821],[89.70095,24.06803],[89.70114,24.06803],[89.70114,24.06785],[89.70173,24.06784],[89.70192,24.06747],[89.70212,24.06747],[89.70211,24.06729],[89.70231,24.06729],[89.7023,24.06711],[89.7025,24.0671],[89.70249,24.06656],[89.70269,24.06656],[89.70268,24.0662],[89.70287,24.06619],[89.70305,24.06511],[89.70325,24.0651],[89.70324,24.06492],[89.70304,24.06493],[89.70303,24.06421],[89.70323,24.0642],[89.7032,24.06294],[89.703,24.06294],[89.703,24.06258],[89.70319,24.06258],[89.70319,24.0624],[89.70378,24.06239],[89.70375,24.06112],[89.70395,24.06112],[89.70394,24.06058],[89.70413,24.06058],[89.70411,24.05931],[89.70371,24.05932],[89.70373,24.06004],[89.70353,24.06004],[89.70355,24.06077],[89.70335,24.06077],[89.70336,24.06113],[89.70297,24.06132],[89.70297,24.0615],[89.70278,24.0615],[89.70278,24.06168],[89.702,24.06188],[89.702,24.06206],[89.70141,24.06207],[89.7014,24.06171],[89.70121,24.06171],[89.7012,24.06117]],[[89.70121,24.06189],[89.70102,24.06189],[89.70101,24.06171],[89.70121,24.06171],[89.70121,24.06189]],[[89.7017,24.06639],[89.7019,24.06639],[89.7019,24.06657],[89.7017,24.06658],[89.7017,24.06639]],[[89.70168,24.06567],[89.70208,24.06567],[89.70189,24.06603],[89.70169,24.06603],[89.70168,24.06567]],[[89.70128,24.06496],[89.70167,24.06477],[89.70168,24.06531],[89.70128,24.06532],[89.70128,24.06496]],[[89.70086,24.06388],[89.70106,24.06388],[89.70106,24.06406],[89.70126,24.06406],[89.70126,24.06442],[89.70087,24.06442],[89.70086,24.06388]],[[89.70125,24.06351],[89.70085,24.06352],[89.70085,24.06334],[89.70124,24.06315],[89.70144,24.06351],[89.70184,24.0635],[89.70183,24.06314],[89.70143,24.06315],[89.70123,24.06279],[89.70103,24.0628],[89.70102,24.06225],[89.70142,24.06225],[89.70162,24.06261],[89.70201,24.06242],[89.70202,24.06278],[89.70221,24.06278],[89.70223,24.06368],[89.70184,24.06387],[89.70185,24.06423],[89.70146,24.06423],[89.70125,24.06351]]]}},{"type":"Feature","properties":{"kind":"land","ha":14.6},"geometry":{"type":"Polygon","coordinates":[[[89.74663,24.06216],[89.74662,24.06198],[89.74643,24.06199],[89.74642,24.06163],[89.74662,24.06162],[89.74653,24.05765],[89.74634,24.05766],[89.74631,24.05657],[89.74651,24.05657],[89.7465,24.05621],[89.7463,24.05621],[89.74629,24.05531],[89.74648,24.05531],[89.74645,24.05368],[89.74605,24.05369],[89.74605,24.05351],[89.74585,24.05351],[89.74584,24.05279],[89.74564,24.0528],[89.74564,24.05262],[89.74505,24.05263],[89.74506,24.05299],[89.74466,24.05299],[89.74467,24.05354],[89.74448,24.05354],[89.74448,24.05372],[89.74409,24.05373],[89.74389,24.05337],[89.74369,24.05337],[89.74368,24.05319],[89.74349,24.0532],[89.74348,24.05302],[89.74309,24.05302],[89.74309,24.05284],[89.74289,24.05285],[89.7429,24.05321],[89.7431,24.0532],[89.74311,24.05374],[89.7433,24.05374],[89.74331,24.05428],[89.7441,24.05427],[89.7441,24.05445],[89.7443,24.05444],[89.74431,24.05481],[89.74392,24.05499],[89.74393,24.05571],[89.74413,24.05571],[89.74414,24.05607],[89.74434,24.05607],[89.74435,24.05679],[89.74455,24.05679],[89.74456,24.05715],[89.74475,24.05714],[89.74476,24.05751],[89.74496,24.0575],[89.74496,24.05768],[89.74535,24.05767],[89.74536,24.05786],[89.74555,24.05785],[89.74556,24.05803],[89.74536,24.05804],[89.74537,24.05858],[89.74557,24.05857],[89.74559,24.05966],[89.74579,24.05965],[89.7458,24.06001],[89.74599,24.06001],[89.746,24.06055],[89.7462,24.06055],[89.74621,24.06091],[89.7464,24.06091],[89.74641,24.06109],[89.74621,24.06109],[89.74624,24.06235],[89.74663,24.06216]],[[89.7451,24.05497],[89.7449,24.05498],[89.74489,24.05461],[89.7447,24.05462],[89.74469,24.05426],[89.74449,24.05426],[89.74449,24.0539],[89.74508,24.05389],[89.74529,24.05461],[89.74548,24.0546],[89.74549,24.05478],[89.74588,24.05478],[89.74589,24.05514],[89.7451,24.05515],[89.7451,24.05497]]]}},{"type":"Feature","properties":{"kind":"land","ha":63.0},"geometry":{"type":"Polygon","coordinates":[[[89.73546,24.06399],[89.73565,24.06362],[89.73585,24.06362],[89.73584,24.06308],[89.73505,24.06291],[89.73484,24.06256],[89.73464,24.06256],[89.73464,24.06238],[89.73444,24.06238],[89.73444,24.06202],[89.73463,24.06202],[89.73462,24.06148],[89.73482,24.06147],[89.73481,24.06111],[89.7352,24.06111],[89.7352,24.06093],[89.735,24.06093],[89.73496,24.05894],[89.73535,24.05876],[89.73535,24.05858],[89.73554,24.05857],[89.73553,24.05803],[89.73534,24.05803],[89.73533,24.05767],[89.73572,24.05749],[89.73571,24.05713],[89.7361,24.05694],[89.73609,24.05676],[89.73629,24.05675],[89.73649,24.05711],[89.73669,24.05711],[89.7367,24.05747],[89.7365,24.05747],[89.73651,24.05765],[89.73611,24.05766],[89.73612,24.05784],[89.73631,24.05784],[89.73632,24.0582],[89.73691,24.05819],[89.7371,24.05782],[89.73749,24.05782],[89.73748,24.05709],[89.73728,24.0571],[89.73727,24.05674],[89.73708,24.05674],[89.73707,24.05638],[89.73687,24.05638],[89.73687,24.05602],[89.73667,24.05603],[89.73684,24.05494],[89.73645,24.05477],[89.73623,24.05405],[89.73584,24.05387],[89.73583,24.05351],[89.73543,24.05334],[89.73543,24.05316],[89.73523,24.05316],[89.73522,24.05262],[89.73483,24.05263],[89.73482,24.05245],[89.73443,24.05264],[89.73445,24.05336],[89.73485,24.05353],[89.73485,24.05389],[89.73505,24.05389],[89.73505,24.05407],[89.73544,24.05388],[89.73546,24.0546],[89.73507,24.05461],[89.73506,24.05425],[89.73486,24.05425],[89.73487,24.05443],[89.73447,24.05444],[89.73427,24.05408],[89.73407,24.05409],[89.73406,24.05355],[89.73327,24.05356],[89.73327,24.05338],[89.73307,24.05338],[89.73308,24.05356],[89.73269,24.05357],[89.73269,24.05375],[89.7321,24.05376],[89.7321,24.05394],[89.73171,24.05395],[89.73171,24.05413],[89.73092,24.05396],[89.73092,24.05378],[89.73013,24.0538],[89.73013,24.05362],[89.72993,24.05362],[89.72992,24.05308],[89.73012,24.05307],[89.7301,24.05235],[89.7305,24.05235],[89.73049,24.05198],[89.7299,24.05199],[89.7299,24.05181],[89.7295,24.05182],[89.7295,24.05164],[89.72911,24.05165],[89.7291,24.05147],[89.72891,24.05147],[89.7289,24.05111],[89.72851,24.05112],[89.7283,24.05076],[89.72732,24.05078],[89.72733,24.0515],[89.72753,24.0515],[89.72753,24.05168],[89.72793,24.05167],[89.72793,24.05185],[89.72773,24.05185],[89.72775,24.05239],[89.72814,24.05257],[89.72815,24.05275],[89.72834,24.05274],[89.72835,24.05293],[89.72854,24.05292],[89.72855,24.0531],[89.72874,24.0531],[89.72875,24.05328],[89.72934,24.05327],[89.72934,24.05345],[89.72797,24.05347],[89.72798,24.05401],[89.72837,24.05419],[89.72838,24.05455],[89.72877,24.05454],[89.72878,24.05472],[89.72897,24.05472],[89.72898,24.05508],[89.72938,24.05525],[89.72938,24.05543],[89.72958,24.05543],[89.72958,24.05561],[89.72978,24.05561],[89.72961,24.05669],[89.73,24.05687],[89.73001,24.05705],[89.7304,24.05704],[89.73039,24.0565],[89.73078,24.05649],[89.73079,24.05667],[89.73098,24.05667],[89.73099,24.05703],[89.7306,24.05722],[89.7306,24.0574],[89.7308,24.05739],[89.73081,24.05775],[89.73061,24.05776],[89.73062,24.05794],[89.73081,24.05794],[89.73082,24.0583],[89.73102,24.05829],[89.73103,24.05883],[89.72965,24.05886],[89.72945,24.0585],[89.72925,24.0585],[89.72925,24.05832],[89.72885,24.05833],[89.72885,24.05815],[89.72865,24.05815],[89.72866,24.05833],[89.72807,24.05835],[89.72806,24.05798],[89.72786,24.05799],[89.72786,24.05781],[89.72747,24.05781],[89.72748,24.05854],[89.72788,24.05871],[89.72789,24.05907],[89.7275,24.05926],[89.7275,24.05944],[89.72731,24.05944],[89.72731,24.05962],[89.72751,24.05962],[89.72751,24.0598],[89.7281,24.05979],[89.7281,24.05997],[89.72889,24.05996],[89.72889,24.06014],[89.72929,24.06013],[89.72929,24.06031],[89.73008,24.06029],[89.73008,24.06048],[89.73087,24.06046],[89.73087,24.06064],[89.73146,24.06063],[89.73146,24.06081],[89.73166,24.06081],[89.73168,24.06171],[89.73187,24.06171],[89.73188,24.06189],[89.73247,24.06188],[89.73267,24.06223],[89.73307,24.06223],[89.73327,24.06258],[89.73347,24.06258],[89.73347,24.06276],[89.73406,24.06275],[89.73406,24.06293],[89.73446,24.06292],[89.73446,24.0631],[89.73485,24.0631],[89.73486,24.06364],[89.73506,24.06364],[89.73507,24.064],[89.73546,24.06399]],[[89.73383,24.06113],[89.73402,24.06113],[89.73403,24.06131],[89.73383,24.06131],[89.73383,24.06113]],[[89.73245,24.06097],[89.73206,24.06098],[89.73205,24.06062],[89.73185,24.06062],[89.73185,24.06044],[89.73145,24.06045],[89.73145,24.06027],[89.73125,24.06027],[89.73125,24.05991],[89.73144,24.05991],[89.73144,24.05973],[89.73223,24.05972],[89.73243,24.06007],[89.73263,24.06007],[89.73263,24.06043],[89.73283,24.06043],[89.73284,24.06097],[89.73245,24.06116],[89.73245,24.06097]],[[89.73372,24.05626],[89.73333,24.05609],[89.73312,24.05537],[89.73371,24.05536],[89.73372,24.0559],[89.73391,24.05589],[89.73392,24.05626],[89.73412,24.05625],[89.73413,24.05679],[89.73374,24.0568],[89.73372,24.05626]],[[89.73529,24.05569],[89.73509,24.05569],[89.73508,24.05533],[89.73528,24.05533],[89.73527,24.05515],[89.73567,24.05514],[89.73568,24.05568],[89.73587,24.05568],[89.73589,24.0564],[89.7355,24.05641],[89.73529,24.05569]],[[89.72912,24.05237],[89.72932,24.05237],[89.72932,24.05255],[89.72913,24.05255],[89.72912,24.05237]]]}},{"type":"Feature","properties":{"kind":"land","ha":8.6},"geometry":{"type":"Polygon","coordinates":[[[89.70086,24.05432],[89.70085,24.05377],[89.70124,24.05377],[89.70123,24.05359],[89.70182,24.05358],[89.70182,24.0534],[89.70202,24.05339],[89.70201,24.05303],[89.7024,24.05284],[89.70239,24.05266],[89.70181,24.05267],[89.7018,24.05249],[89.7016,24.0525],[89.70159,24.05178],[89.70179,24.05177],[89.70177,24.05087],[89.70157,24.05087],[89.70157,24.05105],[89.70059,24.05107],[89.7006,24.05125],[89.7004,24.05125],[89.7004,24.05107],[89.69981,24.05108],[89.69998,24.05],[89.69978,24.05],[89.69977,24.04946],[89.69958,24.04946],[89.69956,24.04874],[89.69936,24.04875],[89.69934,24.04748],[89.69914,24.04749],[89.69913,24.04676],[89.69893,24.04677],[89.69894,24.04731],[89.69874,24.04731],[89.69877,24.0484],[89.69896,24.04839],[89.69901,24.05074],[89.69921,24.05073],[89.69922,24.0511],[89.69902,24.0511],[89.69903,24.05146],[89.69942,24.05163],[89.69944,24.05235],[89.69964,24.05235],[89.69964,24.05271],[89.70042,24.05234],[89.70041,24.05162],[89.70021,24.05162],[89.70021,24.05144],[89.7006,24.05143],[89.70061,24.05179],[89.7008,24.05179],[89.70081,24.05215],[89.70101,24.05215],[89.70101,24.05233],[89.7014,24.05232],[89.70141,24.05268],[89.70082,24.05269],[89.70083,24.05287],[89.70063,24.05288],[89.70063,24.05269],[89.70043,24.0527],[89.70044,24.05324],[89.70005,24.05325],[89.70006,24.05361],[89.69986,24.05361],[89.69986,24.05379],[89.70026,24.05378],[89.70026,24.05396],[89.70046,24.05396],[89.70046,24.05432],[89.70086,24.05432]]]}},{"type":"Feature","properties":{"kind":"land","ha":3.5},"geometry":{"type":"Polygon","coordinates":[[[89.72055,24.04675],[89.72054,24.04602],[89.72073,24.04602],[89.72071,24.04476],[89.72051,24.04476],[89.7205,24.0444],[89.7207,24.0444],[89.72069,24.04386],[89.72088,24.04385],[89.72084,24.04169],[89.72103,24.04168],[89.72102,24.04096],[89.72082,24.04097],[89.72083,24.04133],[89.72063,24.04133],[89.72064,24.04169],[89.72044,24.04169],[89.72045,24.04205],[89.72026,24.04206],[89.72026,24.04242],[89.72007,24.04242],[89.72009,24.04332],[89.71989,24.04333],[89.7199,24.04369],[89.72009,24.04369],[89.72014,24.04603],[89.72034,24.04603],[89.72035,24.04675],[89.72055,24.04675]]]}},{"type":"Feature","properties":{"kind":"land","ha":21.7},"geometry":{"type":"Polygon","coordinates":[[[89.74656,24.04989],[89.74636,24.04953],[89.74616,24.04954],[89.74615,24.049],[89.74654,24.04899],[89.74653,24.04845],[89.74634,24.04845],[89.74633,24.04809],[89.74613,24.04809],[89.74612,24.04773],[89.74573,24.04756],[89.74572,24.04738],[89.74533,24.04739],[89.74513,24.04703],[89.74493,24.04703],[89.74493,24.04685],[89.74473,24.04686],[89.74473,24.04668],[89.74453,24.04668],[89.74453,24.0465],[89.74433,24.0465],[89.74432,24.04632],[89.74413,24.04633],[89.74392,24.04561],[89.74352,24.04543],[89.74352,24.04525],[89.74273,24.04527],[89.74292,24.0449],[89.74312,24.0449],[89.74311,24.04454],[89.74271,24.04436],[89.7425,24.04365],[89.7423,24.04365],[89.74229,24.04329],[89.7421,24.04329],[89.7421,24.04347],[89.74171,24.04348],[89.74171,24.04366],[89.74191,24.04366],[89.74192,24.04438],[89.74212,24.04438],[89.74193,24.04474],[89.74271,24.04455],[89.74272,24.04491],[89.74233,24.04509],[89.74233,24.04491],[89.74194,24.04492],[89.74194,24.04528],[89.74175,24.04528],[89.74176,24.04601],[89.74137,24.04601],[89.74137,24.04583],[89.74117,24.04584],[89.74116,24.04548],[89.74097,24.04548],[89.74095,24.04494],[89.74173,24.04456],[89.74172,24.0442],[89.74153,24.04421],[89.74151,24.04312],[89.7417,24.04312],[89.74169,24.04276],[89.7413,24.04259],[89.74129,24.0424],[89.7411,24.04241],[89.74109,24.04223],[89.7409,24.04223],[89.74089,24.04205],[89.7407,24.04205],[89.74048,24.04134],[89.74029,24.04134],[89.74028,24.04098],[89.74008,24.04098],[89.74008,24.0408],[89.73969,24.04081],[89.73948,24.04045],[89.73929,24.04046],[89.73929,24.04082],[89.7391,24.04082],[89.73911,24.04154],[89.73892,24.04154],[89.73892,24.04173],[89.73853,24.04173],[89.73852,24.04155],[89.73833,24.04156],[89.73834,24.04228],[89.73854,24.04227],[89.73855,24.04263],[89.73874,24.04263],[89.73875,24.04299],[89.73895,24.04299],[89.73895,24.04335],[89.73915,24.04335],[89.73916,24.04371],[89.73956,24.04388],[89.73977,24.0446],[89.73996,24.04459],[89.73997,24.04496],[89.74017,24.04495],[89.74018,24.04531],[89.74037,24.04531],[89.74038,24.04567],[89.74078,24.04584],[89.74078,24.04602],[89.74098,24.04602],[89.74098,24.0462],[89.74118,24.0462],[89.74119,24.04656],[89.74158,24.04655],[89.74178,24.04691],[89.74218,24.0469],[89.74238,24.04726],[89.74258,24.04726],[89.74258,24.04744],[89.74278,24.04743],[89.74278,24.04761],[89.74298,24.04761],[89.74298,24.04779],[89.74318,24.04779],[89.74318,24.04797],[89.74338,24.04796],[89.74338,24.04814],[89.74358,24.04814],[89.74358,24.04832],[89.74378,24.04832],[89.74378,24.0485],[89.74457,24.04866],[89.74458,24.04884],[89.74497,24.04884],[89.74497,24.04902],[89.74536,24.04901],[89.74557,24.04937],[89.74577,24.04936],[89.74577,24.04954],[89.74597,24.04954],[89.74597,24.04972],[89.74617,24.04972],[89.74617,24.0499],[89.74656,24.04989]],[[89.74555,24.04847],[89.74594,24.04846],[89.74595,24.04882],[89.74556,24.04883],[89.74555,24.04847]],[[89.74495,24.04812],[89.74535,24.04811],[89.74535,24.04829],[89.74496,24.0483],[89.74495,24.04812]],[[89.74554,24.0481],[89.74574,24.0481],[89.74574,24.04828],[89.74555,24.04829],[89.74554,24.0481]],[[89.74395,24.04741],[89.74435,24.0474],[89.74436,24.04777],[89.74397,24.04795],[89.74395,24.04741]],[[89.74316,24.04688],[89.74276,24.04689],[89.74275,24.04635],[89.74315,24.04634],[89.74316,24.04688]],[[89.74314,24.04616],[89.74334,24.04616],[89.74334,24.04634],[89.74315,24.04634],[89.74314,24.04616]],[[89.74335,24.04652],[89.74354,24.04652],[89.74355,24.04688],[89.74335,24.04688],[89.74335,24.04652]],[[89.74234,24.04545],[89.74254,24.04545],[89.74255,24.04581],[89.74215,24.04582],[89.74234,24.04545]],[[89.74073,24.04386],[89.74054,24.04386],[89.74073,24.0435],[89.74053,24.0435],[89.74052,24.04314],[89.74033,24.04314],[89.74031,24.0426],[89.74071,24.0426],[89.74071,24.04278],[89.74091,24.04277],[89.74072,24.04314],[89.74112,24.04331],[89.74093,24.04404],[89.74133,24.04421],[89.74134,24.04439],[89.74095,24.04458],[89.74073,24.04386]],[[89.73994,24.04333],[89.74013,24.04333],[89.74014,24.04369],[89.73994,24.04369],[89.73994,24.04333]],[[89.73993,24.04297],[89.74013,24.04297],[89.74013,24.04315],[89.73993,24.04315],[89.73993,24.04297]]]}},{"type":"Feature","properties":{"kind":"land","ha":6.4},"geometry":{"type":"Polygon","coordinates":[[[89.78982,24.03232],[89.78981,24.03178],[89.79,24.03178],[89.78997,24.03033],[89.78978,24.03034],[89.78977,24.02998],[89.78957,24.02998],[89.78957,24.0298],[89.78937,24.0298],[89.78931,24.0271],[89.78912,24.0271],[89.7891,24.02638],[89.7889,24.02638],[89.7889,24.0262],[89.78811,24.02622],[89.78811,24.02604],[89.78772,24.02604],[89.78773,24.02676],[89.78813,24.02676],[89.78813,24.02712],[89.78853,24.02711],[89.78852,24.02693],[89.78872,24.02693],[89.78873,24.02747],[89.78853,24.02747],[89.78854,24.02765],[89.78814,24.02748],[89.78814,24.0273],[89.78794,24.0273],[89.78797,24.02857],[89.78836,24.02838],[89.78835,24.0282],[89.78855,24.02819],[89.78856,24.02855],[89.78817,24.02874],[89.78817,24.02892],[89.78837,24.02892],[89.78838,24.02928],[89.78857,24.02928],[89.78858,24.02964],[89.78878,24.02963],[89.78879,24.02999],[89.78859,24.03],[89.78859,24.03018],[89.78899,24.03035],[89.78899,24.03017],[89.78938,24.03016],[89.78938,24.03034],[89.78919,24.03035],[89.78922,24.03197],[89.78942,24.03197],[89.78943,24.03251],[89.78982,24.03232]],[[89.78875,24.02819],[89.78894,24.02819],[89.78895,24.02855],[89.78875,24.02855],[89.78875,24.02819]]]}},{"type":"Feature","properties":{"kind":"land","ha":38.1},"geometry":{"type":"Polygon","coordinates":[[[89.71926,24.04135],[89.71925,24.04099],[89.71945,24.04099],[89.71944,24.04045],[89.71963,24.04044],[89.71962,24.04008],[89.72001,24.0399],[89.72001,24.03954],[89.7202,24.03953],[89.7202,24.03935],[89.72039,24.03935],[89.72057,24.03826],[89.72096,24.03807],[89.72095,24.03789],[89.72115,24.03789],[89.72133,24.03717],[89.72153,24.03716],[89.72151,24.03644],[89.72132,24.03644],[89.7213,24.0359],[89.72169,24.03571],[89.72169,24.03553],[89.72189,24.03553],[89.72188,24.03535],[89.72208,24.03535],[89.72206,24.03463],[89.72187,24.03463],[89.72186,24.03445],[89.72206,24.03444],[89.72205,24.03408],[89.72225,24.03408],[89.72223,24.03336],[89.72243,24.03336],[89.7224,24.03173],[89.7222,24.03173],[89.72219,24.03137],[89.72239,24.03137],[89.72238,24.03083],[89.72218,24.03083],[89.72217,24.03029],[89.72197,24.03029],[89.72201,24.03228],[89.72182,24.03228],[89.72183,24.033],[89.72164,24.03301],[89.72164,24.03337],[89.72145,24.03337],[89.72146,24.03391],[89.72107,24.0341],[89.72107,24.03428],[89.72088,24.03429],[89.72089,24.03465],[89.72069,24.03465],[89.7207,24.03501],[89.72109,24.03518],[89.7211,24.03554],[89.72071,24.03573],[89.72072,24.03591],[89.72052,24.03592],[89.72052,24.0361],[89.72013,24.03592],[89.72012,24.03574],[89.71993,24.03575],[89.71974,24.03647],[89.71994,24.03647],[89.71995,24.03701],[89.71956,24.03702],[89.71955,24.03666],[89.71936,24.03666],[89.71936,24.03702],[89.71897,24.03703],[89.71896,24.03649],[89.71876,24.03649],[89.71875,24.03577],[89.71855,24.03577],[89.71854,24.03523],[89.71913,24.03522],[89.71912,24.03468],[89.71872,24.03468],[89.71872,24.0345],[89.71852,24.03451],[89.71852,24.03433],[89.71872,24.03432],[89.71869,24.03324],[89.7185,24.03324],[89.71848,24.03234],[89.71828,24.03235],[89.71827,24.0318],[89.71807,24.03181],[89.71806,24.03109],[89.71786,24.03109],[89.71785,24.03055],[89.71765,24.03055],[89.71764,24.03001],[89.71745,24.03001],[89.71744,24.02947],[89.71724,24.02948],[89.71722,24.02857],[89.71702,24.02858],[89.717,24.02768],[89.71681,24.02768],[89.71679,24.02696],[89.7166,24.02696],[89.71658,24.02624],[89.71638,24.02624],[89.71638,24.02588],[89.71598,24.02589],[89.71598,24.02571],[89.71578,24.02571],[89.7158,24.02643],[89.7162,24.02661],[89.71622,24.02787],[89.71603,24.02787],[89.71604,24.02841],[89.71643,24.02859],[89.71644,24.02895],[89.71605,24.02914],[89.71606,24.02932],[89.71586,24.02932],[89.7159,24.03112],[89.7157,24.03113],[89.71574,24.03311],[89.71594,24.03311],[89.71595,24.03383],[89.71635,24.034],[89.71636,24.03437],[89.71656,24.03436],[89.71656,24.03454],[89.71695,24.03436],[89.71693,24.03363],[89.71713,24.03363],[89.71713,24.03345],[89.71752,24.03362],[89.71753,24.0338],[89.71772,24.0338],[89.71773,24.03416],[89.71793,24.03416],[89.71793,24.03452],[89.71774,24.03452],[89.71774,24.0347],[89.71735,24.03471],[89.71734,24.03453],[89.71715,24.03453],[89.71736,24.03525],[89.71697,24.03544],[89.71697,24.03562],[89.71678,24.03562],[89.71679,24.03634],[89.7166,24.03635],[89.71662,24.03725],[89.71681,24.03725],[89.71683,24.03797],[89.71702,24.03796],[89.71703,24.03832],[89.71743,24.0385],[89.71744,24.03886],[89.71763,24.03886],[89.71765,24.03958],[89.71784,24.03957],[89.71785,24.03993],[89.71805,24.03993],[89.71806,24.04029],[89.71845,24.04047],[89.71846,24.04083],[89.71886,24.041],[89.71886,24.04118],[89.71906,24.04118],[89.71906,24.04136],[89.71926,24.04135]],[[89.71762,24.03813],[89.71742,24.03814],[89.71739,24.03687],[89.71778,24.03669],[89.71799,24.03704],[89.71818,24.03704],[89.71819,24.03722],[89.71799,24.03722],[89.71801,24.03813],[89.71762,24.03831],[89.71762,24.03813]],[[89.71937,24.03756],[89.71957,24.03756],[89.71957,24.03774],[89.71938,24.03774],[89.71937,24.03756]],[[89.71711,24.03255],[89.71691,24.03255],[89.71688,24.03129],[89.71727,24.0311],[89.71729,24.032],[89.71749,24.032],[89.71749,24.03218],[89.7173,24.03218],[89.71731,24.03272],[89.71711,24.03273],[89.71711,24.03255]]]}},{"type":"Feature","properties":{"kind":"land","ha":21.6},"geometry":{"type":"Polygon","coordinates":[[[89.7367,24.03906],[89.7367,24.03888],[89.73689,24.03887],[89.73688,24.03833],[89.73708,24.03833],[89.73707,24.03797],[89.73746,24.03796],[89.73765,24.0376],[89.73746,24.0376],[89.73745,24.03724],[89.73725,24.03724],[89.73725,24.03706],[89.73686,24.03707],[89.73685,24.03689],[89.73646,24.0369],[89.73646,24.03672],[89.73626,24.03672],[89.73625,24.03636],[89.73605,24.03636],[89.73605,24.036],[89.73585,24.036],[89.73585,24.03582],[89.73565,24.03583],[89.73566,24.03637],[89.73547,24.03637],[89.73548,24.03691],[89.73509,24.0371],[89.73506,24.03602],[89.73487,24.03602],[89.73486,24.03566],[89.73525,24.03547],[89.73525,24.03529],[89.73544,24.03529],[89.73544,24.03511],[89.73504,24.03494],[89.73503,24.03457],[89.73484,24.03458],[89.73483,24.0344],[89.73464,24.0344],[89.73463,24.03404],[89.73423,24.03387],[89.73423,24.03351],[89.73383,24.03333],[89.73382,24.03297],[89.73362,24.03298],[89.73362,24.03279],[89.73323,24.0328],[89.73322,24.03226],[89.73282,24.03209],[89.73261,24.03137],[89.73241,24.03137],[89.7324,24.03083],[89.7322,24.03083],[89.7322,24.03047],[89.732,24.03048],[89.73199,24.03012],[89.7318,24.03012],[89.73158,24.02904],[89.73118,24.02887],[89.73097,24.02815],[89.73077,24.02815],[89.73076,24.02779],[89.73057,24.02779],[89.73056,24.02743],[89.73036,24.02744],[89.73036,24.02708],[89.73016,24.02708],[89.73015,24.02654],[89.72995,24.02654],[89.72994,24.02618],[89.72975,24.02619],[89.72953,24.02511],[89.72933,24.02511],[89.72932,24.02457],[89.72912,24.02457],[89.72911,24.02385],[89.72891,24.02385],[89.72895,24.02548],[89.72914,24.02547],[89.72915,24.02583],[89.72895,24.02584],[89.72897,24.02656],[89.72917,24.02656],[89.72917,24.02692],[89.72937,24.02691],[89.72939,24.028],[89.72959,24.02799],[89.7296,24.02853],[89.7298,24.02853],[89.7298,24.02889],[89.73,24.02889],[89.73001,24.02943],[89.73041,24.0296],[89.73062,24.03032],[89.73082,24.03032],[89.73082,24.03068],[89.73102,24.03067],[89.73103,24.03122],[89.73123,24.03121],[89.73124,24.03157],[89.73143,24.03157],[89.73144,24.03193],[89.73164,24.03193],[89.73164,24.03229],[89.73184,24.03228],[89.73185,24.03265],[89.73205,24.03264],[89.73205,24.033],[89.73245,24.03318],[89.73245,24.03336],[89.73265,24.03335],[89.73266,24.03389],[89.73286,24.03389],[89.73287,24.03425],[89.73306,24.03425],[89.73307,24.03461],[89.73347,24.03478],[89.73348,24.03532],[89.73367,24.03532],[89.73368,24.03568],[89.73408,24.03586],[89.73409,24.0364],[89.73449,24.03657],[89.73449,24.03693],[89.73489,24.0371],[89.7349,24.03728],[89.73509,24.03728],[89.7351,24.03746],[89.73529,24.03746],[89.73531,24.03818],[89.7357,24.03835],[89.73571,24.03871],[89.73611,24.03889],[89.73611,24.03907],[89.7367,24.03906]],[[89.73406,24.03513],[89.73387,24.03514],[89.73386,24.03478],[89.73425,24.03477],[89.73426,24.03495],[89.73445,24.03495],[89.73446,24.03549],[89.73427,24.03549],[89.73406,24.03513]]]}},{"type":"Feature","properties":{"kind":"land","ha":5.2},"geometry":{"type":"Polygon","coordinates":[[[89.8018,24.02308],[89.80181,24.02326],[89.80161,24.02326],[89.80161,24.02344],[89.80142,24.02345],[89.80143,24.02399],[89.80104,24.02418],[89.80104,24.02436],[89.80085,24.02436],[89.80088,24.0258],[89.80068,24.02581],[89.80069,24.02617],[89.80049,24.02617],[89.8005,24.02635],[89.8009,24.02652],[89.8009,24.0267],[89.80129,24.0267],[89.8013,24.02688],[89.80168,24.02669],[89.80168,24.02633],[89.80187,24.02633],[89.80167,24.02597],[89.80147,24.02597],[89.80147,24.02579],[89.80127,24.0258],[89.80126,24.02525],[89.80146,24.02525],[89.80145,24.02489],[89.80184,24.0247],[89.80183,24.02452],[89.80223,24.02451],[89.80222,24.02433],[89.80262,24.02451],[89.80261,24.02415],[89.80281,24.02414],[89.80279,24.02342],[89.80319,24.02341],[89.80317,24.02269],[89.80297,24.0227],[89.80297,24.02233],[89.80277,24.02234],[89.80276,24.0218],[89.80256,24.0218],[89.80256,24.02162],[89.80197,24.02163],[89.80198,24.02199],[89.80217,24.02199],[89.80219,24.02289],[89.8018,24.02308]],[[89.80239,24.02289],[89.80238,24.02271],[89.80278,24.0227],[89.80279,24.02324],[89.80259,24.02324],[89.8026,24.02342],[89.8022,24.02343],[89.80219,24.02289],[89.80239,24.02289]]]}},{"type":"Feature","properties":{"kind":"land","ha":6.3},"geometry":{"type":"Polygon","coordinates":[[[89.71578,24.02571],[89.71577,24.02517],[89.71656,24.02516],[89.71656,24.02534],[89.71676,24.02533],[89.71695,24.02497],[89.71714,24.02497],[89.71714,24.02478],[89.71734,24.02478],[89.71733,24.02442],[89.71753,24.02442],[89.7173,24.02298],[89.7169,24.0228],[89.71691,24.02298],[89.71671,24.02299],[89.71671,24.02281],[89.71651,24.02281],[89.7165,24.02227],[89.7163,24.02227],[89.71628,24.02137],[89.71609,24.02137],[89.71607,24.02083],[89.71588,24.02084],[89.71587,24.02029],[89.71567,24.0203],[89.71569,24.02138],[89.7155,24.02138],[89.71555,24.02409],[89.71595,24.02426],[89.71595,24.02444],[89.71576,24.02445],[89.71577,24.02499],[89.71557,24.02499],[89.71559,24.02571],[89.71578,24.02571]]]}},{"type":"Feature","properties":{"kind":"land","ha":3.2},"geometry":{"type":"Polygon","coordinates":[[[89.65493,24.01938],[89.65492,24.0192],[89.65532,24.01919],[89.6553,24.01865],[89.65569,24.01846],[89.65569,24.01828],[89.65549,24.01828],[89.65548,24.01756],[89.65567,24.01756],[89.65567,24.01738],[89.65606,24.01737],[89.65605,24.01683],[89.65586,24.01683],[89.65584,24.01611],[89.65604,24.01611],[89.65603,24.01557],[89.65622,24.01556],[89.65621,24.01484],[89.65582,24.01503],[89.65583,24.01539],[89.65563,24.01539],[89.65546,24.01648],[89.65526,24.01648],[89.65527,24.01703],[89.65507,24.01703],[89.65508,24.01739],[89.65489,24.01739],[89.65489,24.01775],[89.6547,24.01776],[89.65453,24.0192],[89.65473,24.0192],[89.65473,24.01938],[89.65493,24.01938]]]}},{"type":"Feature","properties":{"kind":"land","ha":5.0},"geometry":{"type":"Polygon","coordinates":[[[89.77433,24.01564],[89.77432,24.01528],[89.77392,24.0151],[89.77392,24.01492],[89.77372,24.01493],[89.77372,24.01474],[89.77352,24.01475],[89.77352,24.01457],[89.77332,24.01457],[89.77332,24.01439],[89.77312,24.01439],[89.77309,24.01313],[89.7727,24.01296],[89.77269,24.01278],[89.7723,24.01279],[89.77231,24.01315],[89.77192,24.01315],[89.77171,24.0128],[89.77152,24.0128],[89.77133,24.01316],[89.77113,24.01317],[89.77115,24.01389],[89.77154,24.01406],[89.77155,24.01424],[89.77174,24.01424],[89.77175,24.01442],[89.77194,24.01442],[89.77195,24.0146],[89.77214,24.01459],[89.77215,24.01477],[89.77234,24.01477],[89.77256,24.01549],[89.77334,24.01547],[89.77335,24.01565],[89.77393,24.01564],[89.77394,24.01582],[89.77433,24.01564]]]}},{"type":"Feature","properties":{"kind":"land","ha":3.1},"geometry":{"type":"Polygon","coordinates":[[[89.68627,24.01468],[89.68627,24.0145],[89.68587,24.01433],[89.68587,24.01414],[89.68567,24.01415],[89.68567,24.01397],[89.68547,24.01397],[89.68547,24.01379],[89.68527,24.01379],[89.68526,24.01307],[89.68486,24.0129],[89.68485,24.01236],[89.68504,24.01235],[89.68504,24.01199],[89.68484,24.012],[89.68483,24.01164],[89.68444,24.01164],[89.68425,24.01201],[89.68386,24.01201],[89.68386,24.01219],[89.68367,24.0122],[89.68367,24.01238],[89.68387,24.01237],[89.68388,24.01292],[89.68427,24.01273],[89.68427,24.01291],[89.68447,24.01291],[89.68447,24.01327],[89.68467,24.01326],[89.68449,24.01399],[89.68469,24.01399],[89.68469,24.01435],[89.68489,24.01434],[89.6849,24.0147],[89.68627,24.01468]]]}},{"type":"Feature","properties":{"kind":"land","ha":22.8},"geometry":{"type":"Polygon","coordinates":[[[89.7209,24.02616],[89.72087,24.02454],[89.72047,24.02436],[89.72043,24.02238],[89.72023,24.02238],[89.72022,24.02166],[89.72002,24.02166],[89.72001,24.0213],[89.71982,24.02131],[89.71981,24.02095],[89.72001,24.02094],[89.71994,24.0177],[89.71974,24.0177],[89.71968,24.01481],[89.71948,24.01482],[89.71943,24.01229],[89.71963,24.01229],[89.71962,24.01192],[89.71982,24.01192],[89.71978,24.00994],[89.71997,24.00993],[89.71996,24.00939],[89.71976,24.00939],[89.71975,24.00867],[89.71936,24.00868],[89.71937,24.00922],[89.71917,24.00922],[89.71917,24.00941],[89.71819,24.00942],[89.71818,24.00906],[89.7176,24.00907],[89.7176,24.00943],[89.71741,24.00944],[89.71742,24.01016],[89.71762,24.01016],[89.71762,24.01034],[89.71743,24.01034],[89.71748,24.01268],[89.71767,24.01268],[89.71768,24.01322],[89.71788,24.01322],[89.71791,24.01484],[89.7183,24.01466],[89.71831,24.01484],[89.7185,24.01483],[89.71831,24.0152],[89.71812,24.0152],[89.71813,24.01556],[89.71793,24.01556],[89.71794,24.01629],[89.71775,24.01629],[89.71775,24.01647],[89.71815,24.01664],[89.71815,24.01682],[89.71835,24.01682],[89.71834,24.01646],[89.71854,24.01646],[89.71853,24.01628],[89.71912,24.01627],[89.71914,24.01699],[89.71875,24.01717],[89.71875,24.01736],[89.71856,24.01736],[89.71876,24.01772],[89.71856,24.01772],[89.71857,24.0179],[89.71896,24.01789],[89.71897,24.01843],[89.71878,24.01844],[89.71878,24.01862],[89.71898,24.01861],[89.71899,24.01934],[89.71919,24.01933],[89.7192,24.01987],[89.71939,24.01987],[89.71943,24.02149],[89.71963,24.02149],[89.71964,24.02203],[89.71983,24.02203],[89.71984,24.02239],[89.72004,24.02239],[89.72008,24.02437],[89.72028,24.02437],[89.72029,24.02509],[89.72049,24.02509],[89.7205,24.02581],[89.7207,24.0258],[89.72071,24.02617],[89.7209,24.02616]]]}},{"type":"Feature","properties":{"kind":"land","ha":4.5},"geometry":{"type":"Polygon","coordinates":[[[89.75358,24.01023],[89.75356,24.00933],[89.75376,24.00933],[89.75375,24.00879],[89.75413,24.0086],[89.75414,24.00896],[89.75434,24.00896],[89.75452,24.00823],[89.75472,24.00823],[89.7547,24.00733],[89.75489,24.00732],[89.75488,24.00678],[89.75527,24.00659],[89.75527,24.00641],[89.75546,24.00641],[89.75526,24.00605],[89.75467,24.00606],[89.75448,24.00643],[89.75409,24.00644],[89.75409,24.00662],[89.7539,24.00662],[89.7539,24.00698],[89.75371,24.00698],[89.75371,24.00734],[89.75333,24.00753],[89.75333,24.00789],[89.75314,24.0079],[89.75317,24.00952],[89.75297,24.00952],[89.75298,24.0097],[89.75318,24.0097],[89.75319,24.01024],[89.75358,24.01023]]]}},{"type":"Feature","properties":{"kind":"land","ha":3.5},"geometry":{"type":"Polygon","coordinates":[[[89.77326,24.0023],[89.77325,24.00212],[89.77345,24.00211],[89.77344,24.00193],[89.77364,24.00193],[89.77365,24.00229],[89.77384,24.00229],[89.77385,24.00247],[89.77503,24.00245],[89.77502,24.00227],[89.77561,24.00226],[89.7756,24.00171],[89.7754,24.00172],[89.7754,24.00154],[89.77383,24.00157],[89.77383,24.00139],[89.77343,24.00139],[89.77343,24.00121],[89.77323,24.00122],[89.77323,24.00104],[89.77264,24.00105],[89.77264,24.00087],[89.77224,24.00087],[89.77245,24.00123],[89.77205,24.00124],[89.77206,24.0016],[89.77246,24.00177],[89.77246,24.00195],[89.77266,24.00195],[89.77267,24.00231],[89.77286,24.00231],[89.77287,24.00249],[89.77326,24.0023]]]}},{"type":"Feature","properties":{"kind":"land","ha":7.3},"geometry":{"type":"Polygon","coordinates":[[[89.66569,24.00782],[89.66568,24.00728],[89.66588,24.00727],[89.66586,24.00637],[89.66606,24.00637],[89.66604,24.00583],[89.66624,24.00582],[89.66641,24.00438],[89.6666,24.00437],[89.66659,24.00365],[89.66679,24.00365],[89.66677,24.00275],[89.66696,24.00274],[89.66695,24.0022],[89.66715,24.0022],[89.66715,24.00202],[89.66695,24.00202],[89.66692,24.00058],[89.66731,24.00039],[89.6673,24.00003],[89.66789,24.00002],[89.66789,23.99984],[89.66808,23.99983],[89.66808,23.99965],[89.66788,23.99966],[89.66785,23.99803],[89.66746,23.99822],[89.66728,23.99895],[89.66708,23.99895],[89.66709,23.99949],[89.6669,23.99949],[89.6669,23.99985],[89.66671,23.99986],[89.66673,24.00076],[89.66653,24.00076],[89.66654,24.0013],[89.66634,24.00131],[89.66636,24.00185],[89.66616,24.00185],[89.66618,24.00294],[89.66599,24.00294],[89.666,24.00366],[89.6658,24.00366],[89.66581,24.00403],[89.66561,24.00403],[89.66564,24.00511],[89.66544,24.00511],[89.66547,24.00656],[89.66527,24.00656],[89.6653,24.00764],[89.66549,24.00764],[89.6655,24.00782],[89.66569,24.00782]]]}},{"type":"Feature","properties":{"kind":"land","ha":4.8},"geometry":{"type":"Polygon","coordinates":[[[89.7337,23.99958],[89.7337,23.9994],[89.7339,23.9994],[89.73389,23.99922],[89.73409,23.99921],[89.73427,23.99849],[89.73447,23.99848],[89.73446,23.99812],[89.73466,23.99812],[89.73464,23.99722],[89.73483,23.99721],[89.73482,23.99667],[89.73502,23.99667],[89.73501,23.99613],[89.7352,23.99612],[89.73519,23.9954],[89.73538,23.9954],[89.73537,23.99486],[89.73557,23.99485],[89.73555,23.99377],[89.73574,23.99377],[89.73572,23.99287],[89.73592,23.99286],[89.7359,23.99214],[89.7361,23.99214],[89.73609,23.99178],[89.73629,23.99177],[89.73627,23.99105],[89.73667,23.99104],[89.73664,23.98996],[89.73645,23.98996],[89.73646,23.99032],[89.73626,23.99033],[89.73627,23.99087],[89.73607,23.99087],[89.73609,23.99141],[89.73589,23.99142],[89.7359,23.99178],[89.7357,23.99178],[89.73572,23.9925],[89.73552,23.99251],[89.73553,23.99305],[89.73533,23.99305],[89.73535,23.99359],[89.73515,23.9936],[89.73516,23.99414],[89.73496,23.99414],[89.73498,23.99486],[89.73478,23.99487],[89.73463,23.99668],[89.73443,23.99668],[89.73444,23.99722],[89.73424,23.99722],[89.73425,23.99758],[89.73406,23.99759],[89.73406,23.99795],[89.73387,23.99795],[89.73388,23.99849],[89.73368,23.9985],[89.73369,23.99886],[89.73349,23.99886],[89.7335,23.9994],[89.73331,23.99941],[89.73332,23.99977],[89.7337,23.99958]]]}},{"type":"Feature","properties":{"kind":"land","ha":3.7},"geometry":{"type":"Polygon","coordinates":[[[89.76217,23.98914],[89.76216,23.98896],[89.76177,23.98879],[89.76176,23.98861],[89.76157,23.98861],[89.76156,23.98843],[89.76117,23.98844],[89.76097,23.98808],[89.76077,23.98808],[89.76077,23.9879],[89.76057,23.98791],[89.76057,23.98773],[89.76017,23.98773],[89.75997,23.98738],[89.75977,23.98738],[89.75977,23.9872],[89.75957,23.9872],[89.75957,23.98702],[89.75937,23.98703],[89.75937,23.98685],[89.75917,23.98685],[89.75917,23.98667],[89.75936,23.98667],[89.75936,23.9863],[89.75896,23.98613],[89.75896,23.98595],[89.75876,23.98595],[89.75855,23.98524],[89.75835,23.98524],[89.75836,23.98578],[89.75758,23.98579],[89.75779,23.98651],[89.75818,23.98651],[89.75839,23.98686],[89.75858,23.98686],[89.75859,23.98722],[89.75898,23.98721],[89.75919,23.98757],[89.75938,23.98757],[89.75939,23.98775],[89.75958,23.98774],[89.75959,23.98792],[89.75998,23.98792],[89.76018,23.98827],[89.76038,23.98827],[89.76038,23.98845],[89.76117,23.98862],[89.76138,23.98898],[89.76177,23.98897],[89.76178,23.98915],[89.76217,23.98914]]]}},{"type":"Feature","properties":{"kind":"land","ha":3.5},"geometry":{"type":"Polygon","coordinates":[[[89.72674,23.98599],[89.72693,23.98562],[89.72712,23.98562],[89.72711,23.98526],[89.7275,23.98507],[89.7275,23.98489],[89.72789,23.98488],[89.72808,23.98452],[89.72847,23.98451],[89.72847,23.98433],[89.72867,23.98433],[89.72866,23.98379],[89.72885,23.98378],[89.72884,23.98306],[89.72864,23.98306],[89.72863,23.9827],[89.72804,23.98271],[89.72786,23.98344],[89.72747,23.98363],[89.72748,23.98381],[89.72728,23.98381],[89.72729,23.98435],[89.7269,23.98436],[89.72691,23.98472],[89.72671,23.98472],[89.72672,23.98526],[89.72653,23.98527],[89.72654,23.98581],[89.72634,23.98581],[89.72634,23.98599],[89.72674,23.98599]]]}},{"type":"Feature","properties":{"kind":"land","ha":12.1},"geometry":{"type":"Polygon","coordinates":[[[89.669,23.99675],[89.66896,23.99476],[89.66876,23.99477],[89.66875,23.99405],[89.66895,23.99404],[89.66892,23.99278],[89.66912,23.99278],[89.6691,23.99205],[89.6693,23.99205],[89.66928,23.99133],[89.66948,23.99133],[89.66945,23.99006],[89.66965,23.99006],[89.66963,23.98916],[89.66983,23.98915],[89.6698,23.98789],[89.67,23.98789],[89.66998,23.9868],[89.67017,23.9868],[89.67016,23.98626],[89.67036,23.98626],[89.67034,23.98553],[89.67054,23.98553],[89.67052,23.98481],[89.67072,23.98481],[89.6707,23.9839],[89.6709,23.9839],[89.67089,23.98354],[89.6705,23.98373],[89.6705,23.98391],[89.67031,23.98391],[89.67031,23.98409],[89.67012,23.98409],[89.67012,23.98445],[89.66973,23.98464],[89.66974,23.98482],[89.66954,23.98483],[89.66955,23.98519],[89.66935,23.98519],[89.66936,23.98537],[89.66916,23.98537],[89.66898,23.9861],[89.66878,23.9861],[89.66879,23.98646],[89.66859,23.98647],[89.6686,23.98683],[89.6684,23.98683],[89.66842,23.98737],[89.66822,23.98738],[89.66822,23.98756],[89.66842,23.98755],[89.66847,23.99026],[89.66867,23.99026],[89.66874,23.99369],[89.66855,23.99369],[89.66856,23.99459],[89.66837,23.99459],[89.66837,23.99477],[89.66857,23.99477],[89.66859,23.99567],[89.66878,23.99567],[89.6686,23.9964],[89.6688,23.99639],[89.66881,23.99675],[89.669,23.99675]]]}},{"type":"Feature","properties":{"kind":"land","ha":35.6},"geometry":{"type":"Polygon","coordinates":[[[89.70283,24.00789],[89.70283,24.00753],[89.70302,24.00753],[89.70301,24.00698],[89.70321,24.00698],[89.7032,24.00644],[89.70339,24.00644],[89.70338,24.00607],[89.70358,24.00607],[89.70375,24.00462],[89.70394,24.00462],[89.70393,24.00408],[89.70413,24.00408],[89.70411,24.00335],[89.70431,24.00335],[89.7043,24.00281],[89.7045,24.00281],[89.70448,24.00226],[89.70468,24.00226],[89.70467,24.00172],[89.70487,24.00172],[89.70485,24.00117],[89.70505,24.00117],[89.70504,24.00081],[89.70524,24.00081],[89.70522,24.00009],[89.70542,24.00008],[89.70541,23.99954],[89.70561,23.99954],[89.7056,23.99918],[89.70579,23.99917],[89.70579,23.99899],[89.70599,23.99899],[89.70598,23.99845],[89.70617,23.99844],[89.70616,23.99808],[89.70636,23.99808],[89.70635,23.99772],[89.70655,23.99772],[89.70654,23.99735],[89.70674,23.99735],[89.70673,23.99699],[89.70693,23.99699],[89.70692,23.99663],[89.70712,23.99662],[89.70711,23.99626],[89.70731,23.99626],[89.70729,23.99572],[89.70749,23.99571],[89.70748,23.99535],[89.70768,23.99535],[89.70767,23.99499],[89.70787,23.99498],[89.70786,23.99462],[89.70806,23.99462],[89.70805,23.99426],[89.70825,23.99426],[89.70824,23.99389],[89.70844,23.99389],[89.70843,23.99353],[89.70862,23.99353],[89.70862,23.99317],[89.70881,23.99316],[89.7088,23.99262],[89.709,23.99262],[89.70899,23.99226],[89.70919,23.99225],[89.70918,23.99189],[89.70938,23.99189],[89.70936,23.99135],[89.70956,23.99134],[89.70955,23.99098],[89.70975,23.99098],[89.70974,23.99044],[89.70993,23.99044],[89.70993,23.99007],[89.71012,23.99007],[89.71012,23.98971],[89.7105,23.98952],[89.71069,23.9888],[89.71108,23.98861],[89.71126,23.98788],[89.71145,23.98788],[89.71144,23.98734],[89.71164,23.98734],[89.71163,23.98698],[89.71183,23.98697],[89.71182,23.98643],[89.71201,23.98643],[89.712,23.98607],[89.7122,23.98606],[89.71219,23.98552],[89.71239,23.98552],[89.71237,23.9848],[89.71257,23.98479],[89.71256,23.98443],[89.71276,23.98443],[89.71275,23.98407],[89.71314,23.98388],[89.71331,23.98279],[89.71351,23.98279],[89.71348,23.98171],[89.71368,23.9817],[89.71365,23.98044],[89.71346,23.98044],[89.71345,23.98026],[89.71365,23.98026],[89.71364,23.97972],[89.71384,23.97972],[89.71383,23.97936],[89.71344,23.97954],[89.71344,23.97972],[89.71325,23.97973],[89.71327,23.98063],[89.71307,23.98063],[89.71308,23.98117],[89.71288,23.98118],[89.7129,23.9819],[89.7127,23.9819],[89.71271,23.98226],[89.71251,23.98227],[89.71252,23.98263],[89.71232,23.98263],[89.71233,23.98299],[89.71214,23.983],[89.71214,23.98336],[89.71175,23.98354],[89.71158,23.98463],[89.71119,23.98482],[89.71121,23.98572],[89.71082,23.98573],[89.71082,23.98591],[89.71063,23.98591],[89.71063,23.98627],[89.71044,23.98627],[89.71045,23.98682],[89.71006,23.987],[89.71006,23.98718],[89.70987,23.98719],[89.70969,23.98791],[89.70949,23.98792],[89.7095,23.98828],[89.70911,23.98846],[89.70912,23.98901],[89.70873,23.98919],[89.70874,23.98955],[89.70854,23.98956],[89.70854,23.98974],[89.70835,23.98974],[89.70838,23.99118],[89.70759,23.9912],[89.70761,23.99192],[89.70741,23.99192],[89.70742,23.99228],[89.70722,23.99229],[89.70723,23.99265],[89.70703,23.99265],[89.70704,23.99301],[89.70724,23.99301],[89.70724,23.99319],[89.70685,23.9932],[89.70685,23.99338],[89.70666,23.99338],[89.70667,23.9941],[89.70628,23.99429],[89.70611,23.99538],[89.70591,23.99538],[89.70592,23.99592],[89.70573,23.99592],[89.70574,23.99647],[89.70554,23.99647],[89.70555,23.99683],[89.70535,23.99683],[89.70536,23.99719],[89.70516,23.9972],[89.70518,23.99774],[89.70498,23.99774],[89.70499,23.9981],[89.70479,23.99811],[89.70481,23.99883],[89.70461,23.99883],[89.70462,23.99919],[89.70442,23.9992],[89.70443,23.99956],[89.70423,23.99956],[89.70425,24.00064],[89.70386,24.00083],[89.70387,24.00119],[89.70407,24.00119],[89.70426,24.00082],[89.70445,24.00082],[89.70445,24.00046],[89.70484,24.00045],[89.70485,24.00099],[89.70446,24.001],[89.70466,24.00136],[89.70447,24.00136],[89.70447,24.00172],[89.70408,24.00173],[89.70408,24.00191],[89.70428,24.00191],[89.70429,24.00227],[89.7039,24.00246],[89.70389,24.00227],[89.7037,24.00228],[89.7037,24.00246],[89.70351,24.00246],[89.70352,24.003],[89.70332,24.00301],[89.70334,24.00409],[89.70315,24.00409],[89.70316,24.00482],[89.70297,24.00482],[89.703,24.00626],[89.7028,24.00627],[89.70281,24.00681],[89.70261,24.00681],[89.70264,24.00789],[89.70283,24.00789]],[[89.70539,23.99846],[89.70578,23.99845],[89.70579,23.99881],[89.70539,23.99882],[89.70539,23.99846]],[[89.70537,23.99756],[89.70576,23.99755],[89.70577,23.99791],[89.70538,23.99792],[89.70537,23.99756]],[[89.70596,23.99755],[89.70615,23.99754],[89.70616,23.99772],[89.70596,23.99773],[89.70596,23.99755]],[[89.70651,23.99573],[89.7069,23.99572],[89.70691,23.99608],[89.70652,23.99609],[89.70651,23.99573]],[[89.70689,23.995],[89.70708,23.995],[89.70709,23.99518],[89.70689,23.99518],[89.70689,23.995]],[[89.70764,23.99354],[89.70804,23.99372],[89.70804,23.9939],[89.70765,23.99391],[89.70764,23.99354]],[[89.70783,23.99318],[89.70803,23.99318],[89.70803,23.99354],[89.70784,23.99354],[89.70783,23.99318]],[[89.7082,23.99227],[89.7084,23.99227],[89.70838,23.99137],[89.70858,23.99136],[89.7086,23.99262],[89.70841,23.99263],[89.7082,23.99227]],[[89.7078,23.99156],[89.70799,23.99155],[89.708,23.99191],[89.7078,23.99192],[89.7078,23.99156]],[[89.70989,23.98845],[89.71029,23.98844],[89.71029,23.9888],[89.7099,23.98881],[89.70989,23.98845]]]}},{"type":"Feature","properties":{"kind":"land","ha":16.5},"geometry":{"type":"Polygon","coordinates":[[[89.65704,23.99804],[89.65701,23.99642],[89.65721,23.99641],[89.6572,23.99605],[89.657,23.99606],[89.65699,23.99551],[89.65738,23.99533],[89.65738,23.99515],[89.65757,23.99514],[89.65756,23.99442],[89.65775,23.99442],[89.65774,23.99388],[89.65794,23.99387],[89.65793,23.99333],[89.65812,23.99333],[89.65811,23.99261],[89.65831,23.9926],[89.65829,23.9917],[89.65868,23.99151],[89.65867,23.99133],[89.65887,23.99133],[89.65887,23.99115],[89.65906,23.99115],[89.65905,23.9906],[89.65944,23.99042],[89.65961,23.98933],[89.65981,23.98933],[89.6598,23.98897],[89.66,23.98896],[89.65998,23.98824],[89.66018,23.98824],[89.66017,23.9877],[89.66037,23.98769],[89.66036,23.98715],[89.66016,23.98716],[89.66017,23.98752],[89.65997,23.98752],[89.65998,23.98806],[89.65959,23.98825],[89.6596,23.98861],[89.6594,23.98861],[89.65941,23.98915],[89.65902,23.98934],[89.65904,23.98988],[89.65865,23.99007],[89.65865,23.99043],[89.65846,23.99043],[89.65847,23.99098],[89.65808,23.99116],[89.65791,23.99225],[89.65771,23.99225],[89.65772,23.99261],[89.65752,23.99262],[89.65753,23.99316],[89.65733,23.99316],[89.65734,23.99352],[89.65715,23.99353],[89.65715,23.99371],[89.65695,23.99371],[89.65697,23.99461],[89.65678,23.99462],[89.65678,23.99498],[89.65659,23.99498],[89.65659,23.99534],[89.6558,23.99517],[89.6556,23.99482],[89.6554,23.99482],[89.6554,23.99446],[89.6552,23.99446],[89.65519,23.9941],[89.655,23.9941],[89.65499,23.99356],[89.65479,23.99357],[89.65476,23.9923],[89.65437,23.99231],[89.65434,23.99087],[89.65454,23.99086],[89.65452,23.99014],[89.65491,23.98995],[89.65491,23.98977],[89.6553,23.98977],[89.65524,23.9867],[89.65504,23.9867],[89.65501,23.98526],[89.65482,23.98526],[89.6548,23.98472],[89.65461,23.98472],[89.6546,23.98436],[89.6544,23.98437],[89.65439,23.98364],[89.65419,23.98365],[89.65419,23.98329],[89.65399,23.98329],[89.65398,23.98293],[89.65378,23.98293],[89.65378,23.98257],[89.65338,23.9824],[89.65337,23.98204],[89.65298,23.98186],[89.65297,23.9815],[89.65277,23.98151],[89.65276,23.98097],[89.65257,23.98097],[89.65255,23.98043],[89.65236,23.98043],[89.65235,23.98007],[89.65215,23.98007],[89.65217,23.9808],[89.65237,23.98079],[89.65238,23.98133],[89.65218,23.98134],[89.65217,23.98098],[89.65198,23.98098],[89.65197,23.9808],[89.65178,23.9808],[89.65178,23.98116],[89.65198,23.98116],[89.65199,23.98152],[89.65218,23.98152],[89.65219,23.9817],[89.65258,23.98151],[89.65258,23.98187],[89.65239,23.98187],[89.65239,23.98205],[89.65278,23.98205],[89.65299,23.98241],[89.65318,23.9824],[89.65319,23.98258],[89.65338,23.98258],[89.65339,23.98276],[89.65358,23.98276],[89.65359,23.98312],[89.65379,23.98311],[89.6538,23.98366],[89.654,23.98365],[89.654,23.98401],[89.6542,23.98401],[89.65421,23.98437],[89.65381,23.98438],[89.65382,23.98456],[89.65401,23.98455],[89.65402,23.98491],[89.65422,23.98491],[89.65423,23.98545],[89.65443,23.98545],[89.65443,23.98563],[89.65482,23.98562],[89.65483,23.98598],[89.65463,23.98599],[89.6547,23.98924],[89.6545,23.98924],[89.65452,23.98996],[89.65432,23.98996],[89.65433,23.99033],[89.65413,23.99033],[89.65414,23.99087],[89.65395,23.99087],[89.65399,23.99304],[89.65419,23.99304],[89.6542,23.9934],[89.65439,23.99339],[89.6544,23.99393],[89.6546,23.99393],[89.65461,23.99465],[89.65481,23.99465],[89.65482,23.99519],[89.65502,23.99519],[89.65501,23.99483],[89.65521,23.99482],[89.65541,23.99518],[89.65561,23.99518],[89.65562,23.99554],[89.65581,23.99553],[89.65582,23.9959],[89.65602,23.99589],[89.65602,23.99625],[89.65622,23.99625],[89.65644,23.99733],[89.65683,23.9975],[89.65685,23.99804],[89.65704,23.99804]],[[89.65489,23.98869],[89.65508,23.98869],[89.65509,23.98887],[89.65489,23.98887],[89.65489,23.98869]]]}}]}